episode_key,suite,task_id,task_name,state_id,eval_seed,task_success,gate_pass,complete,teacher_eligible,mechanism_eligible,abstain_reason,n_steps,n_valid_steps,teacher_label_valid,teacher_anchor_step,teacher_confidence,label_present_in_index,teacher_schema_valid,set,exclusion_category
libero_10/task_00/state_000/clean/attempt_01,libero_10,0,LIVING_ROOM_SCENE2_put_both_the_alphabet_soup_and_the_tomato_sauce_in_the_basket,0,0,True,True,True,False,False,multi_object_two_items,386,386,False,-1,0.0,True,False,NON_PRIMARY,SUPPLEMENTARY_EVENT
libero_10/task_00/state_001/clean/attempt_01,libero_10,0,LIVING_ROOM_SCENE2_put_both_the_alphabet_soup_and_the_tomato_sauce_in_the_basket,1,0,True,True,True,False,False,multi_object_two_items,261,261,False,-1,0.0,True,False,NON_PRIMARY,SUPPLEMENTARY_EVENT
libero_10/task_00/state_002/clean/attempt_01,libero_10,0,LIVING_ROOM_SCENE2_put_both_the_alphabet_soup_and_the_tomato_sauce_in_the_basket,2,0,True,True,True,False,False,multi_object_two_items,282,282,False,-1,0.0,True,False,NON_PRIMARY,SUPPLEMENTARY_EVENT
libero_10/task_00/state_003/clean/attempt_01,libero_10,0,LIVING_ROOM_SCENE2_put_both_the_alphabet_soup_and_the_tomato_sauce_in_the_basket,3,0,False,True,True,False,False,multi_object_two_items,400,400,False,-1,0.0,True,False,NON_PRIMARY,SUPPLEMENTARY_EVENT
libero_10/task_00/state_004/clean/attempt_01,libero_10,0,LIVING_ROOM_SCENE2_put_both_the_alphabet_soup_and_the_tomato_sauce_in_the_basket,4,0,False,True,True,False,False,multi_object_two_items,400,400,False,-1,0.0,True,False,NON_PRIMARY,SUPPLEMENTARY_EVENT
libero_10/task_00/state_005/clean/attempt_01,libero_10,0,LIVING_ROOM_SCENE2_put_both_the_alphabet_soup_and_the_tomato_sauce_in_the_basket,5,0,False,True,True,False,False,multi_object_two_items,400,400,False,-1,0.0,True,False,NON_PRIMARY,SUPPLEMENTARY_EVENT
libero_10/task_00/state_006/clean/attempt_01,libero_10,0,LIVING_ROOM_SCENE2_put_both_the_alphabet_soup_and_the_tomato_sauce_in_the_basket,6,0,False,True,True,False,False,multi_object_two_items,400,400,False,-1,0.0,True,False,NON_PRIMARY,SUPPLEMENTARY_EVENT
libero_10/task_00/state_007/clean/attempt_01,libero_10,0,LIVING_ROOM_SCENE2_put_both_the_alphabet_soup_and_the_tomato_sauce_in_the_basket,7,0,False,True,True,False,False,multi_object_two_items,400,400,False,-1,0.0,True,False,NON_PRIMARY,SUPPLEMENTARY_EVENT
libero_10/task_00/state_008/clean/attempt_01,libero_10,0,LIVING_ROOM_SCENE2_put_both_the_alphabet_soup_and_the_tomato_sauce_in_the_basket,8,0,False,True,True,False,False,multi_object_two_items,400,400,False,-1,0.0,True,False,NON_PRIMARY,SUPPLEMENTARY_EVENT
libero_10/task_00/state_009/clean/attempt_01,libero_10,0,LIVING_ROOM_SCENE2_put_both_the_alphabet_soup_and_the_tomato_sauce_in_the_basket,9,0,False,True,True,False,False,multi_object_two_items,400,400,False,-1,0.0,True,False,NON_PRIMARY,SUPPLEMENTARY_EVENT
libero_10/task_00/state_010/clean/attempt_01,libero_10,0,LIVING_ROOM_SCENE2_put_both_the_alphabet_soup_and_the_tomato_sauce_in_the_basket,10,0,True,True,True,False,False,multi_object_two_items,279,279,False,-1,0.0,True,False,NON_PRIMARY,SUPPLEMENTARY_EVENT
libero_10/task_00/state_011/clean/attempt_01,libero_10,0,LIVING_ROOM_SCENE2_put_both_the_alphabet_soup_and_the_tomato_sauce_in_the_basket,11,0,True,True,True,False,False,multi_object_two_items,280,280,False,-1,0.0,True,False,NON_PRIMARY,SUPPLEMENTARY_EVENT
libero_10/task_00/state_012/clean/attempt_01,libero_10,0,LIVING_ROOM_SCENE2_put_both_the_alphabet_soup_and_the_tomato_sauce_in_the_basket,12,0,False,True,True,False,False,multi_object_two_items,400,400,False,-1,0.0,True,False,NON_PRIMARY,SUPPLEMENTARY_EVENT
libero_10/task_00/state_013/clean/attempt_01,libero_10,0,LIVING_ROOM_SCENE2_put_both_the_alphabet_soup_and_the_tomato_sauce_in_the_basket,13,0,True,True,True,False,False,multi_object_two_items,311,311,False,-1,0.0,True,False,NON_PRIMARY,SUPPLEMENTARY_EVENT
libero_10/task_00/state_014/clean/attempt_01,libero_10,0,LIVING_ROOM_SCENE2_put_both_the_alphabet_soup_and_the_tomato_sauce_in_the_basket,14,0,True,True,True,False,False,multi_object_two_items,280,280,False,-1,0.0,True,False,NON_PRIMARY,SUPPLEMENTARY_EVENT
libero_10/task_00/state_015/clean/attempt_01,libero_10,0,LIVING_ROOM_SCENE2_put_both_the_alphabet_soup_and_the_tomato_sauce_in_the_basket,15,0,True,True,True,False,False,multi_object_two_items,260,260,False,-1,0.0,True,False,NON_PRIMARY,SUPPLEMENTARY_EVENT
libero_10/task_00/state_016/clean/attempt_01,libero_10,0,LIVING_ROOM_SCENE2_put_both_the_alphabet_soup_and_the_tomato_sauce_in_the_basket,16,0,False,True,True,False,False,multi_object_two_items,400,400,False,-1,0.0,True,False,NON_PRIMARY,SUPPLEMENTARY_EVENT
libero_10/task_00/state_017/clean/attempt_01,libero_10,0,LIVING_ROOM_SCENE2_put_both_the_alphabet_soup_and_the_tomato_sauce_in_the_basket,17,0,True,True,True,False,False,multi_object_two_items,277,277,False,-1,0.0,True,False,NON_PRIMARY,SUPPLEMENTARY_EVENT
libero_10/task_00/state_018/clean/attempt_01,libero_10,0,LIVING_ROOM_SCENE2_put_both_the_alphabet_soup_and_the_tomato_sauce_in_the_basket,18,0,False,True,True,False,False,multi_object_two_items,400,400,False,-1,0.0,True,False,NON_PRIMARY,SUPPLEMENTARY_EVENT
libero_10/task_00/state_019/clean/attempt_01,libero_10,0,LIVING_ROOM_SCENE2_put_both_the_alphabet_soup_and_the_tomato_sauce_in_the_basket,19,0,True,True,True,False,False,multi_object_two_items,333,333,False,-1,0.0,True,False,NON_PRIMARY,SUPPLEMENTARY_EVENT
libero_10/task_00/state_020/clean/attempt_01,libero_10,0,LIVING_ROOM_SCENE2_put_both_the_alphabet_soup_and_the_tomato_sauce_in_the_basket,20,0,False,True,True,False,False,multi_object_two_items,400,400,False,-1,0.0,True,False,NON_PRIMARY,SUPPLEMENTARY_EVENT
libero_10/task_00/state_021/clean/attempt_01,libero_10,0,LIVING_ROOM_SCENE2_put_both_the_alphabet_soup_and_the_tomato_sauce_in_the_basket,21,0,False,True,True,False,False,multi_object_two_items,400,400,False,-1,0.0,True,False,NON_PRIMARY,SUPPLEMENTARY_EVENT
libero_10/task_00/state_022/clean/attempt_01,libero_10,0,LIVING_ROOM_SCENE2_put_both_the_alphabet_soup_and_the_tomato_sauce_in_the_basket,22,0,False,True,True,False,False,multi_object_two_items,400,400,False,-1,0.0,True,False,NON_PRIMARY,SUPPLEMENTARY_EVENT
libero_10/task_00/state_023/clean/attempt_01,libero_10,0,LIVING_ROOM_SCENE2_put_both_the_alphabet_soup_and_the_tomato_sauce_in_the_basket,23,0,True,True,True,False,False,multi_object_two_items,322,322,False,-1,0.0,True,False,NON_PRIMARY,SUPPLEMENTARY_EVENT
libero_10/task_00/state_024/clean/attempt_01,libero_10,0,LIVING_ROOM_SCENE2_put_both_the_alphabet_soup_and_the_tomato_sauce_in_the_basket,24,0,False,True,True,False,False,multi_object_two_items,400,400,False,-1,0.0,True,False,NON_PRIMARY,SUPPLEMENTARY_EVENT
libero_10/task_00/state_025/clean/attempt_01,libero_10,0,LIVING_ROOM_SCENE2_put_both_the_alphabet_soup_and_the_tomato_sauce_in_the_basket,25,0,True,True,True,False,False,multi_object_two_items,253,253,False,-1,0.0,True,False,NON_PRIMARY,SUPPLEMENTARY_EVENT
libero_10/task_00/state_026/clean/attempt_01,libero_10,0,LIVING_ROOM_SCENE2_put_both_the_alphabet_soup_and_the_tomato_sauce_in_the_basket,26,0,True,True,True,False,False,multi_object_two_items,344,344,False,-1,0.0,True,False,NON_PRIMARY,SUPPLEMENTARY_EVENT
libero_10/task_00/state_027/clean/attempt_01,libero_10,0,LIVING_ROOM_SCENE2_put_both_the_alphabet_soup_and_the_tomato_sauce_in_the_basket,27,0,True,True,True,False,False,multi_object_two_items,281,281,False,-1,0.0,True,False,NON_PRIMARY,SUPPLEMENTARY_EVENT
libero_10/task_00/state_028/clean/attempt_01,libero_10,0,LIVING_ROOM_SCENE2_put_both_the_alphabet_soup_and_the_tomato_sauce_in_the_basket,28,0,False,True,True,False,False,multi_object_two_items,400,400,False,-1,0.0,True,False,NON_PRIMARY,SUPPLEMENTARY_EVENT
libero_10/task_00/state_029/clean/attempt_01,libero_10,0,LIVING_ROOM_SCENE2_put_both_the_alphabet_soup_and_the_tomato_sauce_in_the_basket,29,0,True,True,True,False,False,multi_object_two_items,254,254,False,-1,0.0,True,False,NON_PRIMARY,SUPPLEMENTARY_EVENT
libero_10/task_00/state_030/clean/attempt_01,libero_10,0,LIVING_ROOM_SCENE2_put_both_the_alphabet_soup_and_the_tomato_sauce_in_the_basket,30,0,False,True,True,False,False,multi_object_two_items,400,400,False,-1,0.0,True,False,NON_PRIMARY,SUPPLEMENTARY_EVENT
libero_10/task_00/state_031/clean/attempt_01,libero_10,0,LIVING_ROOM_SCENE2_put_both_the_alphabet_soup_and_the_tomato_sauce_in_the_basket,31,0,True,True,True,False,False,multi_object_two_items,277,277,False,-1,0.0,True,False,NON_PRIMARY,SUPPLEMENTARY_EVENT
libero_10/task_00/state_032/clean/attempt_01,libero_10,0,LIVING_ROOM_SCENE2_put_both_the_alphabet_soup_and_the_tomato_sauce_in_the_basket,32,0,False,True,True,False,False,multi_object_two_items,400,400,False,-1,0.0,True,False,NON_PRIMARY,SUPPLEMENTARY_EVENT
libero_10/task_00/state_033/clean/attempt_01,libero_10,0,LIVING_ROOM_SCENE2_put_both_the_alphabet_soup_and_the_tomato_sauce_in_the_basket,33,0,False,True,True,False,False,multi_object_two_items,400,400,False,-1,0.0,True,False,NON_PRIMARY,SUPPLEMENTARY_EVENT
libero_10/task_00/state_034/clean/attempt_01,libero_10,0,LIVING_ROOM_SCENE2_put_both_the_alphabet_soup_and_the_tomato_sauce_in_the_basket,34,0,False,True,True,False,False,multi_object_two_items,400,400,False,-1,0.0,True,False,NON_PRIMARY,SUPPLEMENTARY_EVENT
libero_10/task_00/state_035/clean/attempt_01,libero_10,0,LIVING_ROOM_SCENE2_put_both_the_alphabet_soup_and_the_tomato_sauce_in_the_basket,35,0,True,True,True,False,False,multi_object_two_items,292,292,False,-1,0.0,True,False,NON_PRIMARY,SUPPLEMENTARY_EVENT
libero_10/task_00/state_036/clean/attempt_01,libero_10,0,LIVING_ROOM_SCENE2_put_both_the_alphabet_soup_and_the_tomato_sauce_in_the_basket,36,0,False,True,True,False,False,multi_object_two_items,400,400,False,-1,0.0,True,False,NON_PRIMARY,SUPPLEMENTARY_EVENT
libero_10/task_00/state_037/clean/attempt_01,libero_10,0,LIVING_ROOM_SCENE2_put_both_the_alphabet_soup_and_the_tomato_sauce_in_the_basket,37,0,False,True,True,False,False,multi_object_two_items,400,400,False,-1,0.0,True,False,NON_PRIMARY,SUPPLEMENTARY_EVENT
libero_10/task_00/state_038/clean/attempt_01,libero_10,0,LIVING_ROOM_SCENE2_put_both_the_alphabet_soup_and_the_tomato_sauce_in_the_basket,38,0,False,True,True,False,False,multi_object_two_items,400,400,False,-1,0.0,True,False,NON_PRIMARY,SUPPLEMENTARY_EVENT
libero_10/task_00/state_039/clean/attempt_01,libero_10,0,LIVING_ROOM_SCENE2_put_both_the_alphabet_soup_and_the_tomato_sauce_in_the_basket,39,0,True,True,True,False,False,multi_object_two_items,347,347,False,-1,0.0,True,False,NON_PRIMARY,SUPPLEMENTARY_EVENT
libero_10/task_00/state_040/clean/attempt_01,libero_10,0,LIVING_ROOM_SCENE2_put_both_the_alphabet_soup_and_the_tomato_sauce_in_the_basket,40,0,True,True,True,False,False,multi_object_two_items,304,304,False,-1,0.0,True,False,NON_PRIMARY,SUPPLEMENTARY_EVENT
libero_10/task_00/state_041/clean/attempt_01,libero_10,0,LIVING_ROOM_SCENE2_put_both_the_alphabet_soup_and_the_tomato_sauce_in_the_basket,41,0,True,True,True,False,False,multi_object_two_items,267,267,False,-1,0.0,True,False,NON_PRIMARY,SUPPLEMENTARY_EVENT
libero_10/task_00/state_042/clean/attempt_01,libero_10,0,LIVING_ROOM_SCENE2_put_both_the_alphabet_soup_and_the_tomato_sauce_in_the_basket,42,0,False,True,True,False,False,multi_object_two_items,400,400,False,-1,0.0,True,False,NON_PRIMARY,SUPPLEMENTARY_EVENT
libero_10/task_00/state_043/clean/attempt_01,libero_10,0,LIVING_ROOM_SCENE2_put_both_the_alphabet_soup_and_the_tomato_sauce_in_the_basket,43,0,False,True,True,False,False,multi_object_two_items,400,400,False,-1,0.0,True,False,NON_PRIMARY,SUPPLEMENTARY_EVENT
libero_10/task_00/state_044/clean/attempt_01,libero_10,0,LIVING_ROOM_SCENE2_put_both_the_alphabet_soup_and_the_tomato_sauce_in_the_basket,44,0,True,True,True,False,False,multi_object_two_items,399,399,False,-1,0.0,True,False,NON_PRIMARY,SUPPLEMENTARY_EVENT
libero_10/task_00/state_045/clean/attempt_01,libero_10,0,LIVING_ROOM_SCENE2_put_both_the_alphabet_soup_and_the_tomato_sauce_in_the_basket,45,0,False,True,True,False,False,multi_object_two_items,400,400,False,-1,0.0,True,False,NON_PRIMARY,SUPPLEMENTARY_EVENT
libero_10/task_00/state_046/clean/attempt_01,libero_10,0,LIVING_ROOM_SCENE2_put_both_the_alphabet_soup_and_the_tomato_sauce_in_the_basket,46,0,True,True,True,False,False,multi_object_two_items,275,275,False,-1,0.0,True,False,NON_PRIMARY,SUPPLEMENTARY_EVENT
libero_10/task_00/state_047/clean/attempt_01,libero_10,0,LIVING_ROOM_SCENE2_put_both_the_alphabet_soup_and_the_tomato_sauce_in_the_basket,47,0,True,True,True,False,False,multi_object_two_items,289,289,False,-1,0.0,True,False,NON_PRIMARY,SUPPLEMENTARY_EVENT
libero_10/task_00/state_048/clean/attempt_01,libero_10,0,LIVING_ROOM_SCENE2_put_both_the_alphabet_soup_and_the_tomato_sauce_in_the_basket,48,0,True,True,True,False,False,multi_object_two_items,302,302,False,-1,0.0,True,False,NON_PRIMARY,SUPPLEMENTARY_EVENT
libero_10/task_00/state_049/clean/attempt_01,libero_10,0,LIVING_ROOM_SCENE2_put_both_the_alphabet_soup_and_the_tomato_sauce_in_the_basket,49,0,False,True,True,False,False,multi_object_two_items,400,400,False,-1,0.0,True,False,NON_PRIMARY,SUPPLEMENTARY_EVENT
libero_10/task_01/state_000/clean/attempt_01,libero_10,1,LIVING_ROOM_SCENE2_put_both_the_cream_cheese_box_and_the_butter_in_the_basket,0,0,True,True,True,False,False,multi_object_two_items,257,257,False,-1,0.0,True,False,NON_PRIMARY,SUPPLEMENTARY_EVENT
libero_10/task_01/state_001/clean/attempt_01,libero_10,1,LIVING_ROOM_SCENE2_put_both_the_cream_cheese_box_and_the_butter_in_the_basket,1,0,True,True,True,False,False,multi_object_two_items,288,288,False,-1,0.0,True,False,NON_PRIMARY,SUPPLEMENTARY_EVENT
libero_10/task_01/state_002/clean/attempt_01,libero_10,1,LIVING_ROOM_SCENE2_put_both_the_cream_cheese_box_and_the_butter_in_the_basket,2,0,True,True,True,False,False,multi_object_two_items,234,234,False,-1,0.0,True,False,NON_PRIMARY,SUPPLEMENTARY_EVENT
libero_10/task_01/state_003/clean/attempt_01,libero_10,1,LIVING_ROOM_SCENE2_put_both_the_cream_cheese_box_and_the_butter_in_the_basket,3,0,True,True,True,False,False,multi_object_two_items,292,292,False,-1,0.0,True,False,NON_PRIMARY,SUPPLEMENTARY_EVENT
libero_10/task_01/state_004/clean/attempt_01,libero_10,1,LIVING_ROOM_SCENE2_put_both_the_cream_cheese_box_and_the_butter_in_the_basket,4,0,False,True,True,False,False,multi_object_two_items,400,400,False,-1,0.0,True,False,NON_PRIMARY,SUPPLEMENTARY_EVENT
libero_10/task_01/state_005/clean/attempt_01,libero_10,1,LIVING_ROOM_SCENE2_put_both_the_cream_cheese_box_and_the_butter_in_the_basket,5,0,True,True,True,False,False,multi_object_two_items,346,346,False,-1,0.0,True,False,NON_PRIMARY,SUPPLEMENTARY_EVENT
libero_10/task_01/state_006/clean/attempt_01,libero_10,1,LIVING_ROOM_SCENE2_put_both_the_cream_cheese_box_and_the_butter_in_the_basket,6,0,True,True,True,False,False,multi_object_two_items,262,262,False,-1,0.0,True,False,NON_PRIMARY,SUPPLEMENTARY_EVENT
libero_10/task_01/state_007/clean/attempt_01,libero_10,1,LIVING_ROOM_SCENE2_put_both_the_cream_cheese_box_and_the_butter_in_the_basket,7,0,True,True,True,False,False,multi_object_two_items,275,275,False,-1,0.0,True,False,NON_PRIMARY,SUPPLEMENTARY_EVENT
libero_10/task_01/state_008/clean/attempt_01,libero_10,1,LIVING_ROOM_SCENE2_put_both_the_cream_cheese_box_and_the_butter_in_the_basket,8,0,True,True,True,False,False,multi_object_two_items,240,240,False,-1,0.0,True,False,NON_PRIMARY,SUPPLEMENTARY_EVENT
libero_10/task_01/state_009/clean/attempt_01,libero_10,1,LIVING_ROOM_SCENE2_put_both_the_cream_cheese_box_and_the_butter_in_the_basket,9,0,True,True,True,False,False,multi_object_two_items,253,253,False,-1,0.0,True,False,NON_PRIMARY,SUPPLEMENTARY_EVENT
libero_10/task_01/state_010/clean/attempt_01,libero_10,1,LIVING_ROOM_SCENE2_put_both_the_cream_cheese_box_and_the_butter_in_the_basket,10,0,True,True,True,False,False,multi_object_two_items,264,264,False,-1,0.0,True,False,NON_PRIMARY,SUPPLEMENTARY_EVENT
libero_10/task_01/state_011/clean/attempt_01,libero_10,1,LIVING_ROOM_SCENE2_put_both_the_cream_cheese_box_and_the_butter_in_the_basket,11,0,True,True,True,False,False,multi_object_two_items,242,242,False,-1,0.0,True,False,NON_PRIMARY,SUPPLEMENTARY_EVENT
libero_10/task_01/state_012/clean/attempt_01,libero_10,1,LIVING_ROOM_SCENE2_put_both_the_cream_cheese_box_and_the_butter_in_the_basket,12,0,True,True,True,False,False,multi_object_two_items,249,249,False,-1,0.0,True,False,NON_PRIMARY,SUPPLEMENTARY_EVENT
libero_10/task_01/state_013/clean/attempt_01,libero_10,1,LIVING_ROOM_SCENE2_put_both_the_cream_cheese_box_and_the_butter_in_the_basket,13,0,True,True,True,False,False,multi_object_two_items,292,292,False,-1,0.0,True,False,NON_PRIMARY,SUPPLEMENTARY_EVENT
libero_10/task_01/state_014/clean/attempt_01,libero_10,1,LIVING_ROOM_SCENE2_put_both_the_cream_cheese_box_and_the_butter_in_the_basket,14,0,True,True,True,False,False,multi_object_two_items,270,270,False,-1,0.0,True,False,NON_PRIMARY,SUPPLEMENTARY_EVENT
libero_10/task_01/state_015/clean/attempt_01,libero_10,1,LIVING_ROOM_SCENE2_put_both_the_cream_cheese_box_and_the_butter_in_the_basket,15,0,True,True,True,False,False,multi_object_two_items,262,262,False,-1,0.0,True,False,NON_PRIMARY,SUPPLEMENTARY_EVENT
libero_10/task_01/state_016/clean/attempt_01,libero_10,1,LIVING_ROOM_SCENE2_put_both_the_cream_cheese_box_and_the_butter_in_the_basket,16,0,True,True,True,False,False,multi_object_two_items,259,259,False,-1,0.0,True,False,NON_PRIMARY,SUPPLEMENTARY_EVENT
libero_10/task_01/state_017/clean/attempt_01,libero_10,1,LIVING_ROOM_SCENE2_put_both_the_cream_cheese_box_and_the_butter_in_the_basket,17,0,True,True,True,False,False,multi_object_two_items,261,261,False,-1,0.0,True,False,NON_PRIMARY,SUPPLEMENTARY_EVENT
libero_10/task_01/state_018/clean/attempt_01,libero_10,1,LIVING_ROOM_SCENE2_put_both_the_cream_cheese_box_and_the_butter_in_the_basket,18,0,True,True,True,False,False,multi_object_two_items,245,245,False,-1,0.0,True,False,NON_PRIMARY,SUPPLEMENTARY_EVENT
libero_10/task_01/state_019/clean/attempt_01,libero_10,1,LIVING_ROOM_SCENE2_put_both_the_cream_cheese_box_and_the_butter_in_the_basket,19,0,True,True,True,False,False,multi_object_two_items,245,245,False,-1,0.0,True,False,NON_PRIMARY,SUPPLEMENTARY_EVENT
libero_10/task_01/state_020/clean/attempt_01,libero_10,1,LIVING_ROOM_SCENE2_put_both_the_cream_cheese_box_and_the_butter_in_the_basket,20,0,False,True,True,False,False,multi_object_two_items,400,400,False,-1,0.0,True,False,NON_PRIMARY,SUPPLEMENTARY_EVENT
libero_10/task_01/state_021/clean/attempt_01,libero_10,1,LIVING_ROOM_SCENE2_put_both_the_cream_cheese_box_and_the_butter_in_the_basket,21,0,False,True,True,False,False,multi_object_two_items,400,400,False,-1,0.0,True,False,NON_PRIMARY,SUPPLEMENTARY_EVENT
libero_10/task_01/state_022/clean/attempt_01,libero_10,1,LIVING_ROOM_SCENE2_put_both_the_cream_cheese_box_and_the_butter_in_the_basket,22,0,True,True,True,False,False,multi_object_two_items,397,397,False,-1,0.0,True,False,NON_PRIMARY,SUPPLEMENTARY_EVENT
libero_10/task_01/state_023/clean/attempt_01,libero_10,1,LIVING_ROOM_SCENE2_put_both_the_cream_cheese_box_and_the_butter_in_the_basket,23,0,True,True,True,False,False,multi_object_two_items,227,227,False,-1,0.0,True,False,NON_PRIMARY,SUPPLEMENTARY_EVENT
libero_10/task_01/state_024/clean/attempt_01,libero_10,1,LIVING_ROOM_SCENE2_put_both_the_cream_cheese_box_and_the_butter_in_the_basket,24,0,True,True,True,False,False,multi_object_two_items,240,240,False,-1,0.0,True,False,NON_PRIMARY,SUPPLEMENTARY_EVENT
libero_10/task_01/state_025/clean/attempt_01,libero_10,1,LIVING_ROOM_SCENE2_put_both_the_cream_cheese_box_and_the_butter_in_the_basket,25,0,False,True,True,False,False,multi_object_two_items,400,400,False,-1,0.0,True,False,NON_PRIMARY,SUPPLEMENTARY_EVENT
libero_10/task_01/state_026/clean/attempt_01,libero_10,1,LIVING_ROOM_SCENE2_put_both_the_cream_cheese_box_and_the_butter_in_the_basket,26,0,True,True,True,False,False,multi_object_two_items,262,262,False,-1,0.0,True,False,NON_PRIMARY,SUPPLEMENTARY_EVENT
libero_10/task_01/state_027/clean/attempt_01,libero_10,1,LIVING_ROOM_SCENE2_put_both_the_cream_cheese_box_and_the_butter_in_the_basket,27,0,False,True,True,False,False,multi_object_two_items,400,400,False,-1,0.0,True,False,NON_PRIMARY,SUPPLEMENTARY_EVENT
libero_10/task_01/state_028/clean/attempt_01,libero_10,1,LIVING_ROOM_SCENE2_put_both_the_cream_cheese_box_and_the_butter_in_the_basket,28,0,True,True,True,False,False,multi_object_two_items,236,236,False,-1,0.0,True,False,NON_PRIMARY,SUPPLEMENTARY_EVENT
libero_10/task_01/state_029/clean/attempt_01,libero_10,1,LIVING_ROOM_SCENE2_put_both_the_cream_cheese_box_and_the_butter_in_the_basket,29,0,False,True,True,False,False,multi_object_two_items,400,400,False,-1,0.0,True,False,NON_PRIMARY,SUPPLEMENTARY_EVENT
libero_10/task_01/state_030/clean/attempt_01,libero_10,1,LIVING_ROOM_SCENE2_put_both_the_cream_cheese_box_and_the_butter_in_the_basket,30,0,False,True,True,False,False,multi_object_two_items,400,400,False,-1,0.0,True,False,NON_PRIMARY,SUPPLEMENTARY_EVENT
libero_10/task_01/state_031/clean/attempt_01,libero_10,1,LIVING_ROOM_SCENE2_put_both_the_cream_cheese_box_and_the_butter_in_the_basket,31,0,True,True,True,False,False,multi_object_two_items,257,257,False,-1,0.0,True,False,NON_PRIMARY,SUPPLEMENTARY_EVENT
libero_10/task_01/state_032/clean/attempt_01,libero_10,1,LIVING_ROOM_SCENE2_put_both_the_cream_cheese_box_and_the_butter_in_the_basket,32,0,False,True,True,False,False,multi_object_two_items,400,400,False,-1,0.0,True,False,NON_PRIMARY,SUPPLEMENTARY_EVENT
libero_10/task_01/state_033/clean/attempt_01,libero_10,1,LIVING_ROOM_SCENE2_put_both_the_cream_cheese_box_and_the_butter_in_the_basket,33,0,True,True,True,False,False,multi_object_two_items,284,284,False,-1,0.0,True,False,NON_PRIMARY,SUPPLEMENTARY_EVENT
libero_10/task_01/state_034/clean/attempt_01,libero_10,1,LIVING_ROOM_SCENE2_put_both_the_cream_cheese_box_and_the_butter_in_the_basket,34,0,False,True,True,False,False,multi_object_two_items,400,400,False,-1,0.0,True,False,NON_PRIMARY,SUPPLEMENTARY_EVENT
libero_10/task_01/state_035/clean/attempt_01,libero_10,1,LIVING_ROOM_SCENE2_put_both_the_cream_cheese_box_and_the_butter_in_the_basket,35,0,True,True,True,False,False,multi_object_two_items,244,244,False,-1,0.0,True,False,NON_PRIMARY,SUPPLEMENTARY_EVENT
libero_10/task_01/state_036/clean/attempt_01,libero_10,1,LIVING_ROOM_SCENE2_put_both_the_cream_cheese_box_and_the_butter_in_the_basket,36,0,False,True,True,False,False,multi_object_two_items,400,400,False,-1,0.0,True,False,NON_PRIMARY,SUPPLEMENTARY_EVENT
libero_10/task_01/state_037/clean/attempt_01,libero_10,1,LIVING_ROOM_SCENE2_put_both_the_cream_cheese_box_and_the_butter_in_the_basket,37,0,True,True,True,False,False,multi_object_two_items,256,256,False,-1,0.0,True,False,NON_PRIMARY,SUPPLEMENTARY_EVENT
libero_10/task_01/state_038/clean/attempt_01,libero_10,1,LIVING_ROOM_SCENE2_put_both_the_cream_cheese_box_and_the_butter_in_the_basket,38,0,False,True,True,False,False,multi_object_two_items,400,400,False,-1,0.0,True,False,NON_PRIMARY,SUPPLEMENTARY_EVENT
libero_10/task_01/state_039/clean/attempt_01,libero_10,1,LIVING_ROOM_SCENE2_put_both_the_cream_cheese_box_and_the_butter_in_the_basket,39,0,True,True,True,False,False,multi_object_two_items,341,341,False,-1,0.0,True,False,NON_PRIMARY,SUPPLEMENTARY_EVENT
libero_10/task_01/state_040/clean/attempt_01,libero_10,1,LIVING_ROOM_SCENE2_put_both_the_cream_cheese_box_and_the_butter_in_the_basket,40,0,True,True,True,False,False,multi_object_two_items,253,253,False,-1,0.0,True,False,NON_PRIMARY,SUPPLEMENTARY_EVENT
libero_10/task_01/state_041/clean/attempt_01,libero_10,1,LIVING_ROOM_SCENE2_put_both_the_cream_cheese_box_and_the_butter_in_the_basket,41,0,False,True,True,False,False,multi_object_two_items,400,400,False,-1,0.0,True,False,NON_PRIMARY,SUPPLEMENTARY_EVENT
libero_10/task_01/state_042/clean/attempt_01,libero_10,1,LIVING_ROOM_SCENE2_put_both_the_cream_cheese_box_and_the_butter_in_the_basket,42,0,True,True,True,False,False,multi_object_two_items,221,221,False,-1,0.0,True,False,NON_PRIMARY,SUPPLEMENTARY_EVENT
libero_10/task_01/state_043/clean/attempt_01,libero_10,1,LIVING_ROOM_SCENE2_put_both_the_cream_cheese_box_and_the_butter_in_the_basket,43,0,True,True,True,False,False,multi_object_two_items,261,261,False,-1,0.0,True,False,NON_PRIMARY,SUPPLEMENTARY_EVENT
libero_10/task_01/state_044/clean/attempt_01,libero_10,1,LIVING_ROOM_SCENE2_put_both_the_cream_cheese_box_and_the_butter_in_the_basket,44,0,True,True,True,False,False,multi_object_two_items,294,294,False,-1,0.0,True,False,NON_PRIMARY,SUPPLEMENTARY_EVENT
libero_10/task_01/state_045/clean/attempt_01,libero_10,1,LIVING_ROOM_SCENE2_put_both_the_cream_cheese_box_and_the_butter_in_the_basket,45,0,True,True,True,False,False,multi_object_two_items,295,295,False,-1,0.0,True,False,NON_PRIMARY,SUPPLEMENTARY_EVENT
libero_10/task_01/state_046/clean/attempt_01,libero_10,1,LIVING_ROOM_SCENE2_put_both_the_cream_cheese_box_and_the_butter_in_the_basket,46,0,True,True,True,False,False,multi_object_two_items,276,276,False,-1,0.0,True,False,NON_PRIMARY,SUPPLEMENTARY_EVENT
libero_10/task_01/state_047/clean/attempt_01,libero_10,1,LIVING_ROOM_SCENE2_put_both_the_cream_cheese_box_and_the_butter_in_the_basket,47,0,True,True,True,False,False,multi_object_two_items,288,288,False,-1,0.0,True,False,NON_PRIMARY,SUPPLEMENTARY_EVENT
libero_10/task_01/state_048/clean/attempt_01,libero_10,1,LIVING_ROOM_SCENE2_put_both_the_cream_cheese_box_and_the_butter_in_the_basket,48,0,False,True,True,False,False,multi_object_two_items,400,400,False,-1,0.0,True,False,NON_PRIMARY,SUPPLEMENTARY_EVENT
libero_10/task_01/state_049/clean/attempt_01,libero_10,1,LIVING_ROOM_SCENE2_put_both_the_cream_cheese_box_and_the_butter_in_the_basket,49,0,True,True,True,False,False,multi_object_two_items,339,339,False,-1,0.0,True,False,NON_PRIMARY,SUPPLEMENTARY_EVENT
libero_10/task_02/state_000/clean/attempt_01,libero_10,2,KITCHEN_SCENE3_turn_on_the_stove_and_put_the_moka_pot_on_it,0,0,True,True,True,False,False,multi_stage_turn_on_then_place,285,285,False,-1,0.0,True,False,NON_PRIMARY,SUPPLEMENTARY_EVENT
libero_10/task_02/state_001/clean/attempt_01,libero_10,2,KITCHEN_SCENE3_turn_on_the_stove_and_put_the_moka_pot_on_it,1,0,True,True,True,False,False,multi_stage_turn_on_then_place,250,250,False,-1,0.0,True,False,NON_PRIMARY,SUPPLEMENTARY_EVENT
libero_10/task_02/state_002/clean/attempt_01,libero_10,2,KITCHEN_SCENE3_turn_on_the_stove_and_put_the_moka_pot_on_it,2,0,True,True,True,False,False,multi_stage_turn_on_then_place,284,284,False,-1,0.0,True,False,NON_PRIMARY,SUPPLEMENTARY_EVENT
libero_10/task_02/state_003/clean/attempt_01,libero_10,2,KITCHEN_SCENE3_turn_on_the_stove_and_put_the_moka_pot_on_it,3,0,False,True,True,False,False,multi_stage_turn_on_then_place,400,400,False,-1,0.0,True,False,NON_PRIMARY,SUPPLEMENTARY_EVENT
libero_10/task_02/state_004/clean/attempt_01,libero_10,2,KITCHEN_SCENE3_turn_on_the_stove_and_put_the_moka_pot_on_it,4,0,True,True,True,False,False,multi_stage_turn_on_then_place,209,209,False,-1,0.0,True,False,NON_PRIMARY,SUPPLEMENTARY_EVENT
libero_10/task_02/state_005/clean/attempt_01,libero_10,2,KITCHEN_SCENE3_turn_on_the_stove_and_put_the_moka_pot_on_it,5,0,False,True,True,False,False,multi_stage_turn_on_then_place,400,400,False,-1,0.0,True,False,NON_PRIMARY,SUPPLEMENTARY_EVENT
libero_10/task_02/state_006/clean/attempt_01,libero_10,2,KITCHEN_SCENE3_turn_on_the_stove_and_put_the_moka_pot_on_it,6,0,True,True,True,False,False,multi_stage_turn_on_then_place,286,286,False,-1,0.0,True,False,NON_PRIMARY,SUPPLEMENTARY_EVENT
libero_10/task_02/state_007/clean/attempt_01,libero_10,2,KITCHEN_SCENE3_turn_on_the_stove_and_put_the_moka_pot_on_it,7,0,False,True,True,False,False,multi_stage_turn_on_then_place,400,400,False,-1,0.0,True,False,NON_PRIMARY,SUPPLEMENTARY_EVENT
libero_10/task_02/state_008/clean/attempt_01,libero_10,2,KITCHEN_SCENE3_turn_on_the_stove_and_put_the_moka_pot_on_it,8,0,True,True,True,False,False,multi_stage_turn_on_then_place,394,394,False,-1,0.0,True,False,NON_PRIMARY,SUPPLEMENTARY_EVENT
libero_10/task_02/state_009/clean/attempt_01,libero_10,2,KITCHEN_SCENE3_turn_on_the_stove_and_put_the_moka_pot_on_it,9,0,True,True,True,False,False,multi_stage_turn_on_then_place,300,300,False,-1,0.0,True,False,NON_PRIMARY,SUPPLEMENTARY_EVENT
libero_10/task_02/state_010/clean/attempt_01,libero_10,2,KITCHEN_SCENE3_turn_on_the_stove_and_put_the_moka_pot_on_it,10,0,False,True,True,False,False,multi_stage_turn_on_then_place,400,400,False,-1,0.0,True,False,NON_PRIMARY,SUPPLEMENTARY_EVENT
libero_10/task_02/state_011/clean/attempt_01,libero_10,2,KITCHEN_SCENE3_turn_on_the_stove_and_put_the_moka_pot_on_it,11,0,True,True,True,False,False,multi_stage_turn_on_then_place,387,387,False,-1,0.0,True,False,NON_PRIMARY,SUPPLEMENTARY_EVENT
libero_10/task_02/state_012/clean/attempt_01,libero_10,2,KITCHEN_SCENE3_turn_on_the_stove_and_put_the_moka_pot_on_it,12,0,True,True,True,False,False,multi_stage_turn_on_then_place,256,256,False,-1,0.0,True,False,NON_PRIMARY,SUPPLEMENTARY_EVENT
libero_10/task_02/state_013/clean/attempt_01,libero_10,2,KITCHEN_SCENE3_turn_on_the_stove_and_put_the_moka_pot_on_it,13,0,True,True,True,False,False,multi_stage_turn_on_then_place,302,302,False,-1,0.0,True,False,NON_PRIMARY,SUPPLEMENTARY_EVENT
libero_10/task_02/state_014/clean/attempt_01,libero_10,2,KITCHEN_SCENE3_turn_on_the_stove_and_put_the_moka_pot_on_it,14,0,True,True,True,False,False,multi_stage_turn_on_then_place,242,242,False,-1,0.0,True,False,NON_PRIMARY,SUPPLEMENTARY_EVENT
libero_10/task_02/state_015/clean/attempt_01,libero_10,2,KITCHEN_SCENE3_turn_on_the_stove_and_put_the_moka_pot_on_it,15,0,True,True,True,False,False,multi_stage_turn_on_then_place,209,209,False,-1,0.0,True,False,NON_PRIMARY,SUPPLEMENTARY_EVENT
libero_10/task_02/state_016/clean/attempt_01,libero_10,2,KITCHEN_SCENE3_turn_on_the_stove_and_put_the_moka_pot_on_it,16,0,False,True,True,False,False,multi_stage_turn_on_then_place,400,400,False,-1,0.0,True,False,NON_PRIMARY,SUPPLEMENTARY_EVENT
libero_10/task_02/state_017/clean/attempt_01,libero_10,2,KITCHEN_SCENE3_turn_on_the_stove_and_put_the_moka_pot_on_it,17,0,True,True,True,False,False,multi_stage_turn_on_then_place,390,390,False,-1,0.0,True,False,NON_PRIMARY,SUPPLEMENTARY_EVENT
libero_10/task_02/state_018/clean/attempt_01,libero_10,2,KITCHEN_SCENE3_turn_on_the_stove_and_put_the_moka_pot_on_it,18,0,True,True,True,False,False,multi_stage_turn_on_then_place,316,316,False,-1,0.0,True,False,NON_PRIMARY,SUPPLEMENTARY_EVENT
libero_10/task_02/state_019/clean/attempt_01,libero_10,2,KITCHEN_SCENE3_turn_on_the_stove_and_put_the_moka_pot_on_it,19,0,False,True,True,False,False,multi_stage_turn_on_then_place,400,400,False,-1,0.0,True,False,NON_PRIMARY,SUPPLEMENTARY_EVENT
libero_10/task_02/state_020/clean/attempt_01,libero_10,2,KITCHEN_SCENE3_turn_on_the_stove_and_put_the_moka_pot_on_it,20,0,True,True,True,False,False,multi_stage_turn_on_then_place,251,251,False,-1,0.0,True,False,NON_PRIMARY,SUPPLEMENTARY_EVENT
libero_10/task_02/state_021/clean/attempt_01,libero_10,2,KITCHEN_SCENE3_turn_on_the_stove_and_put_the_moka_pot_on_it,21,0,True,True,True,False,False,multi_stage_turn_on_then_place,263,263,False,-1,0.0,True,False,NON_PRIMARY,SUPPLEMENTARY_EVENT
libero_10/task_02/state_022/clean/attempt_01,libero_10,2,KITCHEN_SCENE3_turn_on_the_stove_and_put_the_moka_pot_on_it,22,0,True,True,True,False,False,multi_stage_turn_on_then_place,281,281,False,-1,0.0,True,False,NON_PRIMARY,SUPPLEMENTARY_EVENT
libero_10/task_02/state_023/clean/attempt_01,libero_10,2,KITCHEN_SCENE3_turn_on_the_stove_and_put_the_moka_pot_on_it,23,0,False,True,True,False,False,multi_stage_turn_on_then_place,400,400,False,-1,0.0,True,False,NON_PRIMARY,SUPPLEMENTARY_EVENT
libero_10/task_02/state_024/clean/attempt_01,libero_10,2,KITCHEN_SCENE3_turn_on_the_stove_and_put_the_moka_pot_on_it,24,0,False,True,True,False,False,multi_stage_turn_on_then_place,400,400,False,-1,0.0,True,False,NON_PRIMARY,SUPPLEMENTARY_EVENT
libero_10/task_02/state_025/clean/attempt_01,libero_10,2,KITCHEN_SCENE3_turn_on_the_stove_and_put_the_moka_pot_on_it,25,0,False,True,True,False,False,multi_stage_turn_on_then_place,400,400,False,-1,0.0,True,False,NON_PRIMARY,SUPPLEMENTARY_EVENT
libero_10/task_02/state_026/clean/attempt_01,libero_10,2,KITCHEN_SCENE3_turn_on_the_stove_and_put_the_moka_pot_on_it,26,0,True,True,True,False,False,multi_stage_turn_on_then_place,375,375,False,-1,0.0,True,False,NON_PRIMARY,SUPPLEMENTARY_EVENT
libero_10/task_02/state_027/clean/attempt_01,libero_10,2,KITCHEN_SCENE3_turn_on_the_stove_and_put_the_moka_pot_on_it,27,0,True,True,True,False,False,multi_stage_turn_on_then_place,298,298,False,-1,0.0,True,False,NON_PRIMARY,SUPPLEMENTARY_EVENT
libero_10/task_02/state_028/clean/attempt_01,libero_10,2,KITCHEN_SCENE3_turn_on_the_stove_and_put_the_moka_pot_on_it,28,0,True,True,True,False,False,multi_stage_turn_on_then_place,263,263,False,-1,0.0,True,False,NON_PRIMARY,SUPPLEMENTARY_EVENT
libero_10/task_02/state_029/clean/attempt_01,libero_10,2,KITCHEN_SCENE3_turn_on_the_stove_and_put_the_moka_pot_on_it,29,0,False,True,True,False,False,multi_stage_turn_on_then_place,400,400,False,-1,0.0,True,False,NON_PRIMARY,SUPPLEMENTARY_EVENT
libero_10/task_02/state_030/clean/attempt_01,libero_10,2,KITCHEN_SCENE3_turn_on_the_stove_and_put_the_moka_pot_on_it,30,0,False,True,True,False,False,multi_stage_turn_on_then_place,400,400,False,-1,0.0,True,False,NON_PRIMARY,SUPPLEMENTARY_EVENT
libero_10/task_02/state_031/clean/attempt_01,libero_10,2,KITCHEN_SCENE3_turn_on_the_stove_and_put_the_moka_pot_on_it,31,0,True,True,True,False,False,multi_stage_turn_on_then_place,254,254,False,-1,0.0,True,False,NON_PRIMARY,SUPPLEMENTARY_EVENT
libero_10/task_02/state_032/clean/attempt_01,libero_10,2,KITCHEN_SCENE3_turn_on_the_stove_and_put_the_moka_pot_on_it,32,0,False,True,True,False,False,multi_stage_turn_on_then_place,400,400,False,-1,0.0,True,False,NON_PRIMARY,SUPPLEMENTARY_EVENT
libero_10/task_02/state_033/clean/attempt_01,libero_10,2,KITCHEN_SCENE3_turn_on_the_stove_and_put_the_moka_pot_on_it,33,0,False,True,True,False,False,multi_stage_turn_on_then_place,400,400,False,-1,0.0,True,False,NON_PRIMARY,SUPPLEMENTARY_EVENT
libero_10/task_02/state_034/clean/attempt_01,libero_10,2,KITCHEN_SCENE3_turn_on_the_stove_and_put_the_moka_pot_on_it,34,0,False,True,True,False,False,multi_stage_turn_on_then_place,400,400,False,-1,0.0,True,False,NON_PRIMARY,SUPPLEMENTARY_EVENT
libero_10/task_02/state_035/clean/attempt_01,libero_10,2,KITCHEN_SCENE3_turn_on_the_stove_and_put_the_moka_pot_on_it,35,0,False,True,True,False,False,multi_stage_turn_on_then_place,400,400,False,-1,0.0,True,False,NON_PRIMARY,SUPPLEMENTARY_EVENT
libero_10/task_02/state_036/clean/attempt_01,libero_10,2,KITCHEN_SCENE3_turn_on_the_stove_and_put_the_moka_pot_on_it,36,0,False,True,True,False,False,multi_stage_turn_on_then_place,400,400,False,-1,0.0,True,False,NON_PRIMARY,SUPPLEMENTARY_EVENT
libero_10/task_02/state_037/clean/attempt_01,libero_10,2,KITCHEN_SCENE3_turn_on_the_stove_and_put_the_moka_pot_on_it,37,0,True,True,True,False,False,multi_stage_turn_on_then_place,275,275,False,-1,0.0,True,False,NON_PRIMARY,SUPPLEMENTARY_EVENT
libero_10/task_02/state_038/clean/attempt_01,libero_10,2,KITCHEN_SCENE3_turn_on_the_stove_and_put_the_moka_pot_on_it,38,0,False,True,True,False,False,multi_stage_turn_on_then_place,400,400,False,-1,0.0,True,False,NON_PRIMARY,SUPPLEMENTARY_EVENT
libero_10/task_02/state_039/clean/attempt_01,libero_10,2,KITCHEN_SCENE3_turn_on_the_stove_and_put_the_moka_pot_on_it,39,0,False,True,True,False,False,multi_stage_turn_on_then_place,400,400,False,-1,0.0,True,False,NON_PRIMARY,SUPPLEMENTARY_EVENT
libero_10/task_02/state_040/clean/attempt_01,libero_10,2,KITCHEN_SCENE3_turn_on_the_stove_and_put_the_moka_pot_on_it,40,0,True,True,True,False,False,multi_stage_turn_on_then_place,325,325,False,-1,0.0,True,False,NON_PRIMARY,SUPPLEMENTARY_EVENT
libero_10/task_02/state_041/clean/attempt_01,libero_10,2,KITCHEN_SCENE3_turn_on_the_stove_and_put_the_moka_pot_on_it,41,0,False,True,True,False,False,multi_stage_turn_on_then_place,400,400,False,-1,0.0,True,False,NON_PRIMARY,SUPPLEMENTARY_EVENT
libero_10/task_02/state_042/clean/attempt_01,libero_10,2,KITCHEN_SCENE3_turn_on_the_stove_and_put_the_moka_pot_on_it,42,0,True,True,True,False,False,multi_stage_turn_on_then_place,285,285,False,-1,0.0,True,False,NON_PRIMARY,SUPPLEMENTARY_EVENT
libero_10/task_02/state_043/clean/attempt_01,libero_10,2,KITCHEN_SCENE3_turn_on_the_stove_and_put_the_moka_pot_on_it,43,0,False,True,True,False,False,multi_stage_turn_on_then_place,400,400,False,-1,0.0,True,False,NON_PRIMARY,SUPPLEMENTARY_EVENT
libero_10/task_02/state_044/clean/attempt_01,libero_10,2,KITCHEN_SCENE3_turn_on_the_stove_and_put_the_moka_pot_on_it,44,0,False,True,True,False,False,multi_stage_turn_on_then_place,400,400,False,-1,0.0,True,False,NON_PRIMARY,SUPPLEMENTARY_EVENT
libero_10/task_02/state_045/clean/attempt_01,libero_10,2,KITCHEN_SCENE3_turn_on_the_stove_and_put_the_moka_pot_on_it,45,0,True,True,True,False,False,multi_stage_turn_on_then_place,237,237,False,-1,0.0,True,False,NON_PRIMARY,SUPPLEMENTARY_EVENT
libero_10/task_02/state_046/clean/attempt_01,libero_10,2,KITCHEN_SCENE3_turn_on_the_stove_and_put_the_moka_pot_on_it,46,0,True,True,True,False,False,multi_stage_turn_on_then_place,268,268,False,-1,0.0,True,False,NON_PRIMARY,SUPPLEMENTARY_EVENT
libero_10/task_02/state_047/clean/attempt_01,libero_10,2,KITCHEN_SCENE3_turn_on_the_stove_and_put_the_moka_pot_on_it,47,0,False,True,True,False,False,multi_stage_turn_on_then_place,400,400,False,-1,0.0,True,False,NON_PRIMARY,SUPPLEMENTARY_EVENT
libero_10/task_02/state_048/clean/attempt_01,libero_10,2,KITCHEN_SCENE3_turn_on_the_stove_and_put_the_moka_pot_on_it,48,0,False,True,True,False,False,multi_stage_turn_on_then_place,400,400,False,-1,0.0,True,False,NON_PRIMARY,SUPPLEMENTARY_EVENT
libero_10/task_02/state_049/clean/attempt_01,libero_10,2,KITCHEN_SCENE3_turn_on_the_stove_and_put_the_moka_pot_on_it,49,0,False,True,True,False,False,multi_stage_turn_on_then_place,400,400,False,-1,0.0,True,False,NON_PRIMARY,SUPPLEMENTARY_EVENT
libero_10/task_03/state_000/clean/attempt_01,libero_10,3,KITCHEN_SCENE4_put_the_black_bowl_in_the_bottom_drawer_of_the_cabinet_and_close_,0,0,False,True,True,False,False,multi_stage_place_then_close_drawer,400,400,False,-1,0.0,True,False,NON_PRIMARY,SUPPLEMENTARY_EVENT
libero_10/task_03/state_001/clean/attempt_01,libero_10,3,KITCHEN_SCENE4_put_the_black_bowl_in_the_bottom_drawer_of_the_cabinet_and_close_,1,0,False,True,True,False,False,multi_stage_place_then_close_drawer,400,400,False,-1,0.0,True,False,NON_PRIMARY,SUPPLEMENTARY_EVENT
libero_10/task_03/state_002/clean/attempt_01,libero_10,3,KITCHEN_SCENE4_put_the_black_bowl_in_the_bottom_drawer_of_the_cabinet_and_close_,2,0,True,True,True,False,False,multi_stage_place_then_close_drawer,232,232,False,-1,0.0,True,False,NON_PRIMARY,SUPPLEMENTARY_EVENT
libero_10/task_03/state_003/clean/attempt_01,libero_10,3,KITCHEN_SCENE4_put_the_black_bowl_in_the_bottom_drawer_of_the_cabinet_and_close_,3,0,False,True,True,False,False,multi_stage_place_then_close_drawer,400,400,False,-1,0.0,True,False,NON_PRIMARY,SUPPLEMENTARY_EVENT
libero_10/task_03/state_004/clean/attempt_01,libero_10,3,KITCHEN_SCENE4_put_the_black_bowl_in_the_bottom_drawer_of_the_cabinet_and_close_,4,0,True,True,True,False,False,multi_stage_place_then_close_drawer,391,391,False,-1,0.0,True,False,NON_PRIMARY,SUPPLEMENTARY_EVENT
libero_10/task_03/state_005/clean/attempt_01,libero_10,3,KITCHEN_SCENE4_put_the_black_bowl_in_the_bottom_drawer_of_the_cabinet_and_close_,5,0,True,True,True,False,False,multi_stage_place_then_close_drawer,246,246,False,-1,0.0,True,False,NON_PRIMARY,SUPPLEMENTARY_EVENT
libero_10/task_03/state_006/clean/attempt_01,libero_10,3,KITCHEN_SCENE4_put_the_black_bowl_in_the_bottom_drawer_of_the_cabinet_and_close_,6,0,False,True,True,False,False,multi_stage_place_then_close_drawer,400,400,False,-1,0.0,True,False,NON_PRIMARY,SUPPLEMENTARY_EVENT
libero_10/task_03/state_007/clean/attempt_01,libero_10,3,KITCHEN_SCENE4_put_the_black_bowl_in_the_bottom_drawer_of_the_cabinet_and_close_,7,0,False,True,True,False,False,multi_stage_place_then_close_drawer,400,400,False,-1,0.0,True,False,NON_PRIMARY,SUPPLEMENTARY_EVENT
libero_10/task_03/state_008/clean/attempt_01,libero_10,3,KITCHEN_SCENE4_put_the_black_bowl_in_the_bottom_drawer_of_the_cabinet_and_close_,8,0,True,True,True,False,False,multi_stage_place_then_close_drawer,316,316,False,-1,0.0,True,False,NON_PRIMARY,SUPPLEMENTARY_EVENT
libero_10/task_03/state_009/clean/attempt_01,libero_10,3,KITCHEN_SCENE4_put_the_black_bowl_in_the_bottom_drawer_of_the_cabinet_and_close_,9,0,True,True,True,False,False,multi_stage_place_then_close_drawer,302,302,False,-1,0.0,True,False,NON_PRIMARY,SUPPLEMENTARY_EVENT
libero_10/task_03/state_010/clean/attempt_01,libero_10,3,KITCHEN_SCENE4_put_the_black_bowl_in_the_bottom_drawer_of_the_cabinet_and_close_,10,0,True,True,True,False,False,multi_stage_place_then_close_drawer,322,322,False,-1,0.0,True,False,NON_PRIMARY,SUPPLEMENTARY_EVENT
libero_10/task_03/state_011/clean/attempt_01,libero_10,3,KITCHEN_SCENE4_put_the_black_bowl_in_the_bottom_drawer_of_the_cabinet_and_close_,11,0,True,True,True,False,False,multi_stage_place_then_close_drawer,243,243,False,-1,0.0,True,False,NON_PRIMARY,SUPPLEMENTARY_EVENT
libero_10/task_03/state_012/clean/attempt_01,libero_10,3,KITCHEN_SCENE4_put_the_black_bowl_in_the_bottom_drawer_of_the_cabinet_and_close_,12,0,False,True,True,False,False,multi_stage_place_then_close_drawer,400,400,False,-1,0.0,True,False,NON_PRIMARY,SUPPLEMENTARY_EVENT
libero_10/task_03/state_013/clean/attempt_01,libero_10,3,KITCHEN_SCENE4_put_the_black_bowl_in_the_bottom_drawer_of_the_cabinet_and_close_,13,0,True,True,True,False,False,multi_stage_place_then_close_drawer,283,283,False,-1,0.0,True,False,NON_PRIMARY,SUPPLEMENTARY_EVENT
libero_10/task_03/state_014/clean/attempt_01,libero_10,3,KITCHEN_SCENE4_put_the_black_bowl_in_the_bottom_drawer_of_the_cabinet_and_close_,14,0,False,True,True,False,False,multi_stage_place_then_close_drawer,400,400,False,-1,0.0,True,False,NON_PRIMARY,SUPPLEMENTARY_EVENT
libero_10/task_03/state_015/clean/attempt_01,libero_10,3,KITCHEN_SCENE4_put_the_black_bowl_in_the_bottom_drawer_of_the_cabinet_and_close_,15,0,False,True,True,False,False,multi_stage_place_then_close_drawer,400,400,False,-1,0.0,True,False,NON_PRIMARY,SUPPLEMENTARY_EVENT
libero_10/task_03/state_016/clean/attempt_01,libero_10,3,KITCHEN_SCENE4_put_the_black_bowl_in_the_bottom_drawer_of_the_cabinet_and_close_,16,0,False,True,True,False,False,multi_stage_place_then_close_drawer,400,400,False,-1,0.0,True,False,NON_PRIMARY,SUPPLEMENTARY_EVENT
libero_10/task_03/state_017/clean/attempt_01,libero_10,3,KITCHEN_SCENE4_put_the_black_bowl_in_the_bottom_drawer_of_the_cabinet_and_close_,17,0,True,True,True,False,False,multi_stage_place_then_close_drawer,250,250,False,-1,0.0,True,False,NON_PRIMARY,SUPPLEMENTARY_EVENT
libero_10/task_03/state_018/clean/attempt_01,libero_10,3,KITCHEN_SCENE4_put_the_black_bowl_in_the_bottom_drawer_of_the_cabinet_and_close_,18,0,False,True,True,False,False,multi_stage_place_then_close_drawer,400,400,False,-1,0.0,True,False,NON_PRIMARY,SUPPLEMENTARY_EVENT
libero_10/task_03/state_019/clean/attempt_01,libero_10,3,KITCHEN_SCENE4_put_the_black_bowl_in_the_bottom_drawer_of_the_cabinet_and_close_,19,0,True,True,True,False,False,multi_stage_place_then_close_drawer,357,357,False,-1,0.0,True,False,NON_PRIMARY,SUPPLEMENTARY_EVENT
libero_10/task_03/state_020/clean/attempt_01,libero_10,3,KITCHEN_SCENE4_put_the_black_bowl_in_the_bottom_drawer_of_the_cabinet_and_close_,20,0,True,True,True,False,False,multi_stage_place_then_close_drawer,232,232,False,-1,0.0,True,False,NON_PRIMARY,SUPPLEMENTARY_EVENT
libero_10/task_03/state_021/clean/attempt_01,libero_10,3,KITCHEN_SCENE4_put_the_black_bowl_in_the_bottom_drawer_of_the_cabinet_and_close_,21,0,True,True,True,False,False,multi_stage_place_then_close_drawer,232,232,False,-1,0.0,True,False,NON_PRIMARY,SUPPLEMENTARY_EVENT
libero_10/task_03/state_022/clean/attempt_01,libero_10,3,KITCHEN_SCENE4_put_the_black_bowl_in_the_bottom_drawer_of_the_cabinet_and_close_,22,0,False,True,True,False,False,multi_stage_place_then_close_drawer,400,400,False,-1,0.0,True,False,NON_PRIMARY,SUPPLEMENTARY_EVENT
libero_10/task_03/state_023/clean/attempt_01,libero_10,3,KITCHEN_SCENE4_put_the_black_bowl_in_the_bottom_drawer_of_the_cabinet_and_close_,23,0,False,True,True,False,False,multi_stage_place_then_close_drawer,400,400,False,-1,0.0,True,False,NON_PRIMARY,SUPPLEMENTARY_EVENT
libero_10/task_03/state_024/clean/attempt_01,libero_10,3,KITCHEN_SCENE4_put_the_black_bowl_in_the_bottom_drawer_of_the_cabinet_and_close_,24,0,True,True,True,False,False,multi_stage_place_then_close_drawer,203,203,False,-1,0.0,True,False,NON_PRIMARY,SUPPLEMENTARY_EVENT
libero_10/task_03/state_025/clean/attempt_01,libero_10,3,KITCHEN_SCENE4_put_the_black_bowl_in_the_bottom_drawer_of_the_cabinet_and_close_,25,0,False,True,True,False,False,multi_stage_place_then_close_drawer,400,400,False,-1,0.0,True,False,NON_PRIMARY,SUPPLEMENTARY_EVENT
libero_10/task_03/state_026/clean/attempt_01,libero_10,3,KITCHEN_SCENE4_put_the_black_bowl_in_the_bottom_drawer_of_the_cabinet_and_close_,26,0,False,True,True,False,False,multi_stage_place_then_close_drawer,400,400,False,-1,0.0,True,False,NON_PRIMARY,SUPPLEMENTARY_EVENT
libero_10/task_03/state_027/clean/attempt_01,libero_10,3,KITCHEN_SCENE4_put_the_black_bowl_in_the_bottom_drawer_of_the_cabinet_and_close_,27,0,False,True,True,False,False,multi_stage_place_then_close_drawer,400,400,False,-1,0.0,True,False,NON_PRIMARY,SUPPLEMENTARY_EVENT
libero_10/task_03/state_028/clean/attempt_01,libero_10,3,KITCHEN_SCENE4_put_the_black_bowl_in_the_bottom_drawer_of_the_cabinet_and_close_,28,0,False,True,True,False,False,multi_stage_place_then_close_drawer,400,400,False,-1,0.0,True,False,NON_PRIMARY,SUPPLEMENTARY_EVENT
libero_10/task_03/state_029/clean/attempt_01,libero_10,3,KITCHEN_SCENE4_put_the_black_bowl_in_the_bottom_drawer_of_the_cabinet_and_close_,29,0,False,True,True,False,False,multi_stage_place_then_close_drawer,400,400,False,-1,0.0,True,False,NON_PRIMARY,SUPPLEMENTARY_EVENT
libero_10/task_03/state_030/clean/attempt_01,libero_10,3,KITCHEN_SCENE4_put_the_black_bowl_in_the_bottom_drawer_of_the_cabinet_and_close_,30,0,False,True,True,False,False,multi_stage_place_then_close_drawer,400,400,False,-1,0.0,True,False,NON_PRIMARY,SUPPLEMENTARY_EVENT
libero_10/task_03/state_031/clean/attempt_01,libero_10,3,KITCHEN_SCENE4_put_the_black_bowl_in_the_bottom_drawer_of_the_cabinet_and_close_,31,0,False,True,True,False,False,multi_stage_place_then_close_drawer,400,400,False,-1,0.0,True,False,NON_PRIMARY,SUPPLEMENTARY_EVENT
libero_10/task_03/state_032/clean/attempt_01,libero_10,3,KITCHEN_SCENE4_put_the_black_bowl_in_the_bottom_drawer_of_the_cabinet_and_close_,32,0,True,True,True,False,False,multi_stage_place_then_close_drawer,230,230,False,-1,0.0,True,False,NON_PRIMARY,SUPPLEMENTARY_EVENT
libero_10/task_03/state_033/clean/attempt_01,libero_10,3,KITCHEN_SCENE4_put_the_black_bowl_in_the_bottom_drawer_of_the_cabinet_and_close_,33,0,False,True,True,False,False,multi_stage_place_then_close_drawer,400,400,False,-1,0.0,True,False,NON_PRIMARY,SUPPLEMENTARY_EVENT
libero_10/task_03/state_034/clean/attempt_01,libero_10,3,KITCHEN_SCENE4_put_the_black_bowl_in_the_bottom_drawer_of_the_cabinet_and_close_,34,0,False,True,True,False,False,multi_stage_place_then_close_drawer,400,400,False,-1,0.0,True,False,NON_PRIMARY,SUPPLEMENTARY_EVENT
libero_10/task_03/state_035/clean/attempt_01,libero_10,3,KITCHEN_SCENE4_put_the_black_bowl_in_the_bottom_drawer_of_the_cabinet_and_close_,35,0,False,True,True,False,False,multi_stage_place_then_close_drawer,400,400,False,-1,0.0,True,False,NON_PRIMARY,SUPPLEMENTARY_EVENT
libero_10/task_03/state_036/clean/attempt_01,libero_10,3,KITCHEN_SCENE4_put_the_black_bowl_in_the_bottom_drawer_of_the_cabinet_and_close_,36,0,False,True,True,False,False,multi_stage_place_then_close_drawer,400,400,False,-1,0.0,True,False,NON_PRIMARY,SUPPLEMENTARY_EVENT
libero_10/task_03/state_037/clean/attempt_01,libero_10,3,KITCHEN_SCENE4_put_the_black_bowl_in_the_bottom_drawer_of_the_cabinet_and_close_,37,0,False,True,True,False,False,multi_stage_place_then_close_drawer,400,400,False,-1,0.0,True,False,NON_PRIMARY,SUPPLEMENTARY_EVENT
libero_10/task_03/state_038/clean/attempt_01,libero_10,3,KITCHEN_SCENE4_put_the_black_bowl_in_the_bottom_drawer_of_the_cabinet_and_close_,38,0,False,True,True,False,False,multi_stage_place_then_close_drawer,400,400,False,-1,0.0,True,False,NON_PRIMARY,SUPPLEMENTARY_EVENT
libero_10/task_03/state_039/clean/attempt_01,libero_10,3,KITCHEN_SCENE4_put_the_black_bowl_in_the_bottom_drawer_of_the_cabinet_and_close_,39,0,True,True,True,False,False,multi_stage_place_then_close_drawer,251,251,False,-1,0.0,True,False,NON_PRIMARY,SUPPLEMENTARY_EVENT
libero_10/task_03/state_040/clean/attempt_01,libero_10,3,KITCHEN_SCENE4_put_the_black_bowl_in_the_bottom_drawer_of_the_cabinet_and_close_,40,0,True,True,True,False,False,multi_stage_place_then_close_drawer,284,284,False,-1,0.0,True,False,NON_PRIMARY,SUPPLEMENTARY_EVENT
libero_10/task_03/state_041/clean/attempt_01,libero_10,3,KITCHEN_SCENE4_put_the_black_bowl_in_the_bottom_drawer_of_the_cabinet_and_close_,41,0,True,True,True,False,False,multi_stage_place_then_close_drawer,222,222,False,-1,0.0,True,False,NON_PRIMARY,SUPPLEMENTARY_EVENT
libero_10/task_03/state_042/clean/attempt_01,libero_10,3,KITCHEN_SCENE4_put_the_black_bowl_in_the_bottom_drawer_of_the_cabinet_and_close_,42,0,True,True,True,False,False,multi_stage_place_then_close_drawer,319,319,False,-1,0.0,True,False,NON_PRIMARY,SUPPLEMENTARY_EVENT
libero_10/task_03/state_043/clean/attempt_01,libero_10,3,KITCHEN_SCENE4_put_the_black_bowl_in_the_bottom_drawer_of_the_cabinet_and_close_,43,0,False,True,True,False,False,multi_stage_place_then_close_drawer,400,400,False,-1,0.0,True,False,NON_PRIMARY,SUPPLEMENTARY_EVENT
libero_10/task_03/state_044/clean/attempt_01,libero_10,3,KITCHEN_SCENE4_put_the_black_bowl_in_the_bottom_drawer_of_the_cabinet_and_close_,44,0,True,True,True,False,False,multi_stage_place_then_close_drawer,234,234,False,-1,0.0,True,False,NON_PRIMARY,SUPPLEMENTARY_EVENT
libero_10/task_03/state_045/clean/attempt_01,libero_10,3,KITCHEN_SCENE4_put_the_black_bowl_in_the_bottom_drawer_of_the_cabinet_and_close_,45,0,False,True,True,False,False,multi_stage_place_then_close_drawer,400,400,False,-1,0.0,True,False,NON_PRIMARY,SUPPLEMENTARY_EVENT
libero_10/task_03/state_046/clean/attempt_01,libero_10,3,KITCHEN_SCENE4_put_the_black_bowl_in_the_bottom_drawer_of_the_cabinet_and_close_,46,0,False,True,True,False,False,multi_stage_place_then_close_drawer,400,400,False,-1,0.0,True,False,NON_PRIMARY,SUPPLEMENTARY_EVENT
libero_10/task_03/state_047/clean/attempt_01,libero_10,3,KITCHEN_SCENE4_put_the_black_bowl_in_the_bottom_drawer_of_the_cabinet_and_close_,47,0,False,True,True,False,False,multi_stage_place_then_close_drawer,400,400,False,-1,0.0,True,False,NON_PRIMARY,SUPPLEMENTARY_EVENT
libero_10/task_03/state_048/clean/attempt_01,libero_10,3,KITCHEN_SCENE4_put_the_black_bowl_in_the_bottom_drawer_of_the_cabinet_and_close_,48,0,True,True,True,False,False,multi_stage_place_then_close_drawer,210,210,False,-1,0.0,True,False,NON_PRIMARY,SUPPLEMENTARY_EVENT
libero_10/task_03/state_049/clean/attempt_01,libero_10,3,KITCHEN_SCENE4_put_the_black_bowl_in_the_bottom_drawer_of_the_cabinet_and_close_,49,0,False,True,True,False,False,multi_stage_place_then_close_drawer,400,400,False,-1,0.0,True,False,NON_PRIMARY,SUPPLEMENTARY_EVENT
libero_10/task_04/state_000/clean/attempt_01,libero_10,4,LIVING_ROOM_SCENE5_put_the_white_mug_on_the_left_plate_and_put_the_yellow_and_wh,0,0,True,True,True,False,False,multi_object_two_different_targets,230,230,False,-1,0.0,True,False,NON_PRIMARY,SUPPLEMENTARY_EVENT
libero_10/task_04/state_001/clean/attempt_01,libero_10,4,LIVING_ROOM_SCENE5_put_the_white_mug_on_the_left_plate_and_put_the_yellow_and_wh,1,0,False,True,True,False,False,multi_object_two_different_targets,400,400,False,-1,0.0,True,False,NON_PRIMARY,SUPPLEMENTARY_EVENT
libero_10/task_04/state_002/clean/attempt_01,libero_10,4,LIVING_ROOM_SCENE5_put_the_white_mug_on_the_left_plate_and_put_the_yellow_and_wh,2,0,True,True,True,False,False,multi_object_two_different_targets,248,248,False,-1,0.0,True,False,NON_PRIMARY,SUPPLEMENTARY_EVENT
libero_10/task_04/state_003/clean/attempt_01,libero_10,4,LIVING_ROOM_SCENE5_put_the_white_mug_on_the_left_plate_and_put_the_yellow_and_wh,3,0,True,True,True,False,False,multi_object_two_different_targets,295,295,False,-1,0.0,True,False,NON_PRIMARY,SUPPLEMENTARY_EVENT
libero_10/task_04/state_004/clean/attempt_01,libero_10,4,LIVING_ROOM_SCENE5_put_the_white_mug_on_the_left_plate_and_put_the_yellow_and_wh,4,0,True,True,True,False,False,multi_object_two_different_targets,236,236,False,-1,0.0,True,False,NON_PRIMARY,SUPPLEMENTARY_EVENT
libero_10/task_04/state_005/clean/attempt_01,libero_10,4,LIVING_ROOM_SCENE5_put_the_white_mug_on_the_left_plate_and_put_the_yellow_and_wh,5,0,False,True,True,False,False,multi_object_two_different_targets,400,400,False,-1,0.0,True,False,NON_PRIMARY,SUPPLEMENTARY_EVENT
libero_10/task_04/state_006/clean/attempt_01,libero_10,4,LIVING_ROOM_SCENE5_put_the_white_mug_on_the_left_plate_and_put_the_yellow_and_wh,6,0,False,True,True,False,False,multi_object_two_different_targets,400,400,False,-1,0.0,True,False,NON_PRIMARY,SUPPLEMENTARY_EVENT
libero_10/task_04/state_007/clean/attempt_01,libero_10,4,LIVING_ROOM_SCENE5_put_the_white_mug_on_the_left_plate_and_put_the_yellow_and_wh,7,0,False,True,True,False,False,multi_object_two_different_targets,400,400,False,-1,0.0,True,False,NON_PRIMARY,SUPPLEMENTARY_EVENT
libero_10/task_04/state_008/clean/attempt_01,libero_10,4,LIVING_ROOM_SCENE5_put_the_white_mug_on_the_left_plate_and_put_the_yellow_and_wh,8,0,True,True,True,False,False,multi_object_two_different_targets,228,228,False,-1,0.0,True,False,NON_PRIMARY,SUPPLEMENTARY_EVENT
libero_10/task_04/state_009/clean/attempt_01,libero_10,4,LIVING_ROOM_SCENE5_put_the_white_mug_on_the_left_plate_and_put_the_yellow_and_wh,9,0,False,True,True,False,False,multi_object_two_different_targets,400,400,False,-1,0.0,True,False,NON_PRIMARY,SUPPLEMENTARY_EVENT
libero_10/task_04/state_010/clean/attempt_01,libero_10,4,LIVING_ROOM_SCENE5_put_the_white_mug_on_the_left_plate_and_put_the_yellow_and_wh,10,0,True,True,True,False,False,multi_object_two_different_targets,258,258,False,-1,0.0,True,False,NON_PRIMARY,SUPPLEMENTARY_EVENT
libero_10/task_04/state_011/clean/attempt_01,libero_10,4,LIVING_ROOM_SCENE5_put_the_white_mug_on_the_left_plate_and_put_the_yellow_and_wh,11,0,True,True,True,False,False,multi_object_two_different_targets,242,242,False,-1,0.0,True,False,NON_PRIMARY,SUPPLEMENTARY_EVENT
libero_10/task_04/state_012/clean/attempt_01,libero_10,4,LIVING_ROOM_SCENE5_put_the_white_mug_on_the_left_plate_and_put_the_yellow_and_wh,12,0,False,True,True,False,False,multi_object_two_different_targets,400,400,False,-1,0.0,True,False,NON_PRIMARY,SUPPLEMENTARY_EVENT
libero_10/task_04/state_013/clean/attempt_01,libero_10,4,LIVING_ROOM_SCENE5_put_the_white_mug_on_the_left_plate_and_put_the_yellow_and_wh,13,0,False,True,True,False,False,multi_object_two_different_targets,400,400,False,-1,0.0,True,False,NON_PRIMARY,SUPPLEMENTARY_EVENT
libero_10/task_04/state_014/clean/attempt_01,libero_10,4,LIVING_ROOM_SCENE5_put_the_white_mug_on_the_left_plate_and_put_the_yellow_and_wh,14,0,True,True,True,False,False,multi_object_two_different_targets,236,236,False,-1,0.0,True,False,NON_PRIMARY,SUPPLEMENTARY_EVENT
libero_10/task_04/state_015/clean/attempt_01,libero_10,4,LIVING_ROOM_SCENE5_put_the_white_mug_on_the_left_plate_and_put_the_yellow_and_wh,15,0,False,True,True,False,False,multi_object_two_different_targets,400,400,False,-1,0.0,True,False,NON_PRIMARY,SUPPLEMENTARY_EVENT
libero_10/task_04/state_016/clean/attempt_01,libero_10,4,LIVING_ROOM_SCENE5_put_the_white_mug_on_the_left_plate_and_put_the_yellow_and_wh,16,0,False,True,True,False,False,multi_object_two_different_targets,400,400,False,-1,0.0,True,False,NON_PRIMARY,SUPPLEMENTARY_EVENT
libero_10/task_04/state_017/clean/attempt_01,libero_10,4,LIVING_ROOM_SCENE5_put_the_white_mug_on_the_left_plate_and_put_the_yellow_and_wh,17,0,True,True,True,False,False,multi_object_two_different_targets,273,273,False,-1,0.0,True,False,NON_PRIMARY,SUPPLEMENTARY_EVENT
libero_10/task_04/state_018/clean/attempt_01,libero_10,4,LIVING_ROOM_SCENE5_put_the_white_mug_on_the_left_plate_and_put_the_yellow_and_wh,18,0,False,True,True,False,False,multi_object_two_different_targets,400,400,False,-1,0.0,True,False,NON_PRIMARY,SUPPLEMENTARY_EVENT
libero_10/task_04/state_019/clean/attempt_01,libero_10,4,LIVING_ROOM_SCENE5_put_the_white_mug_on_the_left_plate_and_put_the_yellow_and_wh,19,0,False,True,True,False,False,multi_object_two_different_targets,400,400,False,-1,0.0,True,False,NON_PRIMARY,SUPPLEMENTARY_EVENT
libero_10/task_04/state_020/clean/attempt_01,libero_10,4,LIVING_ROOM_SCENE5_put_the_white_mug_on_the_left_plate_and_put_the_yellow_and_wh,20,0,False,True,True,False,False,multi_object_two_different_targets,400,400,False,-1,0.0,True,False,NON_PRIMARY,SUPPLEMENTARY_EVENT
libero_10/task_04/state_021/clean/attempt_01,libero_10,4,LIVING_ROOM_SCENE5_put_the_white_mug_on_the_left_plate_and_put_the_yellow_and_wh,21,0,False,True,True,False,False,multi_object_two_different_targets,400,400,False,-1,0.0,True,False,NON_PRIMARY,SUPPLEMENTARY_EVENT
libero_10/task_04/state_022/clean/attempt_01,libero_10,4,LIVING_ROOM_SCENE5_put_the_white_mug_on_the_left_plate_and_put_the_yellow_and_wh,22,0,True,True,True,False,False,multi_object_two_different_targets,244,244,False,-1,0.0,True,False,NON_PRIMARY,SUPPLEMENTARY_EVENT
libero_10/task_04/state_023/clean/attempt_01,libero_10,4,LIVING_ROOM_SCENE5_put_the_white_mug_on_the_left_plate_and_put_the_yellow_and_wh,23,0,False,True,True,False,False,multi_object_two_different_targets,400,400,False,-1,0.0,True,False,NON_PRIMARY,SUPPLEMENTARY_EVENT
libero_10/task_04/state_024/clean/attempt_01,libero_10,4,LIVING_ROOM_SCENE5_put_the_white_mug_on_the_left_plate_and_put_the_yellow_and_wh,24,0,False,True,True,False,False,multi_object_two_different_targets,400,400,False,-1,0.0,True,False,NON_PRIMARY,SUPPLEMENTARY_EVENT
libero_10/task_04/state_025/clean/attempt_01,libero_10,4,LIVING_ROOM_SCENE5_put_the_white_mug_on_the_left_plate_and_put_the_yellow_and_wh,25,0,False,True,True,False,False,multi_object_two_different_targets,400,400,False,-1,0.0,True,False,NON_PRIMARY,SUPPLEMENTARY_EVENT
libero_10/task_04/state_026/clean/attempt_01,libero_10,4,LIVING_ROOM_SCENE5_put_the_white_mug_on_the_left_plate_and_put_the_yellow_and_wh,26,0,False,True,True,False,False,multi_object_two_different_targets,400,400,False,-1,0.0,True,False,NON_PRIMARY,SUPPLEMENTARY_EVENT
libero_10/task_04/state_027/clean/attempt_01,libero_10,4,LIVING_ROOM_SCENE5_put_the_white_mug_on_the_left_plate_and_put_the_yellow_and_wh,27,0,False,True,True,False,False,multi_object_two_different_targets,400,400,False,-1,0.0,True,False,NON_PRIMARY,SUPPLEMENTARY_EVENT
libero_10/task_04/state_028/clean/attempt_01,libero_10,4,LIVING_ROOM_SCENE5_put_the_white_mug_on_the_left_plate_and_put_the_yellow_and_wh,28,0,True,True,True,False,False,multi_object_two_different_targets,236,236,False,-1,0.0,True,False,NON_PRIMARY,SUPPLEMENTARY_EVENT
libero_10/task_04/state_029/clean/attempt_01,libero_10,4,LIVING_ROOM_SCENE5_put_the_white_mug_on_the_left_plate_and_put_the_yellow_and_wh,29,0,False,True,True,False,False,multi_object_two_different_targets,400,400,False,-1,0.0,True,False,NON_PRIMARY,SUPPLEMENTARY_EVENT
libero_10/task_04/state_030/clean/attempt_01,libero_10,4,LIVING_ROOM_SCENE5_put_the_white_mug_on_the_left_plate_and_put_the_yellow_and_wh,30,0,True,True,True,False,False,multi_object_two_different_targets,355,355,False,-1,0.0,True,False,NON_PRIMARY,SUPPLEMENTARY_EVENT
libero_10/task_04/state_031/clean/attempt_01,libero_10,4,LIVING_ROOM_SCENE5_put_the_white_mug_on_the_left_plate_and_put_the_yellow_and_wh,31,0,True,True,True,False,False,multi_object_two_different_targets,340,340,False,-1,0.0,True,False,NON_PRIMARY,SUPPLEMENTARY_EVENT
libero_10/task_04/state_032/clean/attempt_01,libero_10,4,LIVING_ROOM_SCENE5_put_the_white_mug_on_the_left_plate_and_put_the_yellow_and_wh,32,0,True,True,True,False,False,multi_object_two_different_targets,204,204,False,-1,0.0,True,False,NON_PRIMARY,SUPPLEMENTARY_EVENT
libero_10/task_04/state_033/clean/attempt_01,libero_10,4,LIVING_ROOM_SCENE5_put_the_white_mug_on_the_left_plate_and_put_the_yellow_and_wh,33,0,False,True,True,False,False,multi_object_two_different_targets,400,400,False,-1,0.0,True,False,NON_PRIMARY,SUPPLEMENTARY_EVENT
libero_10/task_04/state_034/clean/attempt_01,libero_10,4,LIVING_ROOM_SCENE5_put_the_white_mug_on_the_left_plate_and_put_the_yellow_and_wh,34,0,False,True,True,False,False,multi_object_two_different_targets,400,400,False,-1,0.0,True,False,NON_PRIMARY,SUPPLEMENTARY_EVENT
libero_10/task_04/state_035/clean/attempt_01,libero_10,4,LIVING_ROOM_SCENE5_put_the_white_mug_on_the_left_plate_and_put_the_yellow_and_wh,35,0,False,True,True,False,False,multi_object_two_different_targets,400,400,False,-1,0.0,True,False,NON_PRIMARY,SUPPLEMENTARY_EVENT
libero_10/task_04/state_036/clean/attempt_01,libero_10,4,LIVING_ROOM_SCENE5_put_the_white_mug_on_the_left_plate_and_put_the_yellow_and_wh,36,0,False,True,True,False,False,multi_object_two_different_targets,400,400,False,-1,0.0,True,False,NON_PRIMARY,SUPPLEMENTARY_EVENT
libero_10/task_04/state_037/clean/attempt_01,libero_10,4,LIVING_ROOM_SCENE5_put_the_white_mug_on_the_left_plate_and_put_the_yellow_and_wh,37,0,False,True,True,False,False,multi_object_two_different_targets,400,400,False,-1,0.0,True,False,NON_PRIMARY,SUPPLEMENTARY_EVENT
libero_10/task_04/state_038/clean/attempt_01,libero_10,4,LIVING_ROOM_SCENE5_put_the_white_mug_on_the_left_plate_and_put_the_yellow_and_wh,38,0,False,True,True,False,False,multi_object_two_different_targets,400,400,False,-1,0.0,True,False,NON_PRIMARY,SUPPLEMENTARY_EVENT
libero_10/task_04/state_039/clean/attempt_01,libero_10,4,LIVING_ROOM_SCENE5_put_the_white_mug_on_the_left_plate_and_put_the_yellow_and_wh,39,0,False,True,True,False,False,multi_object_two_different_targets,400,400,False,-1,0.0,True,False,NON_PRIMARY,SUPPLEMENTARY_EVENT
libero_10/task_04/state_040/clean/attempt_01,libero_10,4,LIVING_ROOM_SCENE5_put_the_white_mug_on_the_left_plate_and_put_the_yellow_and_wh,40,0,False,True,True,False,False,multi_object_two_different_targets,400,400,False,-1,0.0,True,False,NON_PRIMARY,SUPPLEMENTARY_EVENT
libero_10/task_04/state_041/clean/attempt_01,libero_10,4,LIVING_ROOM_SCENE5_put_the_white_mug_on_the_left_plate_and_put_the_yellow_and_wh,41,0,False,True,True,False,False,multi_object_two_different_targets,400,400,False,-1,0.0,True,False,NON_PRIMARY,SUPPLEMENTARY_EVENT
libero_10/task_04/state_042/clean/attempt_01,libero_10,4,LIVING_ROOM_SCENE5_put_the_white_mug_on_the_left_plate_and_put_the_yellow_and_wh,42,0,False,True,True,False,False,multi_object_two_different_targets,400,400,False,-1,0.0,True,False,NON_PRIMARY,SUPPLEMENTARY_EVENT
libero_10/task_04/state_043/clean/attempt_01,libero_10,4,LIVING_ROOM_SCENE5_put_the_white_mug_on_the_left_plate_and_put_the_yellow_and_wh,43,0,False,True,True,False,False,multi_object_two_different_targets,400,400,False,-1,0.0,True,False,NON_PRIMARY,SUPPLEMENTARY_EVENT
libero_10/task_04/state_044/clean/attempt_01,libero_10,4,LIVING_ROOM_SCENE5_put_the_white_mug_on_the_left_plate_and_put_the_yellow_and_wh,44,0,False,True,True,False,False,multi_object_two_different_targets,400,400,False,-1,0.0,True,False,NON_PRIMARY,SUPPLEMENTARY_EVENT
libero_10/task_04/state_045/clean/attempt_01,libero_10,4,LIVING_ROOM_SCENE5_put_the_white_mug_on_the_left_plate_and_put_the_yellow_and_wh,45,0,True,True,True,False,False,multi_object_two_different_targets,217,217,False,-1,0.0,True,False,NON_PRIMARY,SUPPLEMENTARY_EVENT
libero_10/task_04/state_046/clean/attempt_01,libero_10,4,LIVING_ROOM_SCENE5_put_the_white_mug_on_the_left_plate_and_put_the_yellow_and_wh,46,0,False,True,True,False,False,multi_object_two_different_targets,400,400,False,-1,0.0,True,False,NON_PRIMARY,SUPPLEMENTARY_EVENT
libero_10/task_04/state_047/clean/attempt_01,libero_10,4,LIVING_ROOM_SCENE5_put_the_white_mug_on_the_left_plate_and_put_the_yellow_and_wh,47,0,True,True,True,False,False,multi_object_two_different_targets,229,229,False,-1,0.0,True,False,NON_PRIMARY,SUPPLEMENTARY_EVENT
libero_10/task_04/state_048/clean/attempt_01,libero_10,4,LIVING_ROOM_SCENE5_put_the_white_mug_on_the_left_plate_and_put_the_yellow_and_wh,48,0,True,True,True,False,False,multi_object_two_different_targets,216,216,False,-1,0.0,True,False,NON_PRIMARY,SUPPLEMENTARY_EVENT
libero_10/task_04/state_049/clean/attempt_01,libero_10,4,LIVING_ROOM_SCENE5_put_the_white_mug_on_the_left_plate_and_put_the_yellow_and_wh,49,0,False,True,True,False,False,multi_object_two_different_targets,400,400,False,-1,0.0,True,False,NON_PRIMARY,SUPPLEMENTARY_EVENT
libero_10/task_05/state_000/clean/attempt_01,libero_10,5,STUDY_SCENE1_pick_up_the_book_and_place_it_in_the_back_compartment_of_the_caddy,0,0,False,True,True,True,True,none,400,400,True,0,0.5,True,True,NON_PRIMARY,CLEAN_FAILURE_SAFETY
libero_10/task_05/state_001/clean/attempt_01,libero_10,5,STUDY_SCENE1_pick_up_the_book_and_place_it_in_the_back_compartment_of_the_caddy,1,0,True,True,True,True,True,none,164,164,True,0,0.5,True,True,PRIMARY,PRIMARY_ELIGIBLE
libero_10/task_05/state_002/clean/attempt_01,libero_10,5,STUDY_SCENE1_pick_up_the_book_and_place_it_in_the_back_compartment_of_the_caddy,2,0,False,True,True,True,True,none,400,400,True,0,0.5,True,True,NON_PRIMARY,CLEAN_FAILURE_SAFETY
libero_10/task_05/state_003/clean/attempt_01,libero_10,5,STUDY_SCENE1_pick_up_the_book_and_place_it_in_the_back_compartment_of_the_caddy,3,0,True,True,True,True,True,none,184,184,True,0,0.5,True,True,PRIMARY,PRIMARY_ELIGIBLE
libero_10/task_05/state_004/clean/attempt_01,libero_10,5,STUDY_SCENE1_pick_up_the_book_and_place_it_in_the_back_compartment_of_the_caddy,4,0,True,True,True,True,True,none,206,206,True,0,0.5,True,True,PRIMARY,PRIMARY_ELIGIBLE
libero_10/task_05/state_005/clean/attempt_01,libero_10,5,STUDY_SCENE1_pick_up_the_book_and_place_it_in_the_back_compartment_of_the_caddy,5,0,True,True,True,True,True,none,176,176,True,0,0.5,True,True,PRIMARY,PRIMARY_ELIGIBLE
libero_10/task_05/state_006/clean/attempt_01,libero_10,5,STUDY_SCENE1_pick_up_the_book_and_place_it_in_the_back_compartment_of_the_caddy,6,0,False,True,True,True,True,none,400,400,True,0,0.5,True,True,NON_PRIMARY,CLEAN_FAILURE_SAFETY
libero_10/task_05/state_007/clean/attempt_01,libero_10,5,STUDY_SCENE1_pick_up_the_book_and_place_it_in_the_back_compartment_of_the_caddy,7,0,True,True,True,True,True,none,181,181,True,0,0.5,True,True,PRIMARY,PRIMARY_ELIGIBLE
libero_10/task_05/state_008/clean/attempt_01,libero_10,5,STUDY_SCENE1_pick_up_the_book_and_place_it_in_the_back_compartment_of_the_caddy,8,0,False,True,True,True,True,none,400,400,True,0,0.5,True,True,NON_PRIMARY,CLEAN_FAILURE_SAFETY
libero_10/task_05/state_009/clean/attempt_01,libero_10,5,STUDY_SCENE1_pick_up_the_book_and_place_it_in_the_back_compartment_of_the_caddy,9,0,False,True,True,True,True,none,400,400,True,0,0.5,True,True,NON_PRIMARY,CLEAN_FAILURE_SAFETY
libero_10/task_05/state_010/clean/attempt_01,libero_10,5,STUDY_SCENE1_pick_up_the_book_and_place_it_in_the_back_compartment_of_the_caddy,10,0,True,True,True,True,True,none,175,175,True,0,0.5,True,True,PRIMARY,PRIMARY_ELIGIBLE
libero_10/task_05/state_011/clean/attempt_01,libero_10,5,STUDY_SCENE1_pick_up_the_book_and_place_it_in_the_back_compartment_of_the_caddy,11,0,True,True,True,True,True,none,179,179,True,0,0.5,True,True,PRIMARY,PRIMARY_ELIGIBLE
libero_10/task_05/state_012/clean/attempt_01,libero_10,5,STUDY_SCENE1_pick_up_the_book_and_place_it_in_the_back_compartment_of_the_caddy,12,0,False,True,True,True,True,none,400,400,True,0,0.5,True,True,NON_PRIMARY,CLEAN_FAILURE_SAFETY
libero_10/task_05/state_013/clean/attempt_01,libero_10,5,STUDY_SCENE1_pick_up_the_book_and_place_it_in_the_back_compartment_of_the_caddy,13,0,True,True,True,True,True,none,173,173,True,0,0.5,True,True,PRIMARY,PRIMARY_ELIGIBLE
libero_10/task_05/state_014/clean/attempt_01,libero_10,5,STUDY_SCENE1_pick_up_the_book_and_place_it_in_the_back_compartment_of_the_caddy,14,0,False,True,True,True,True,none,400,400,True,0,0.5,True,True,NON_PRIMARY,CLEAN_FAILURE_SAFETY
libero_10/task_05/state_015/clean/attempt_01,libero_10,5,STUDY_SCENE1_pick_up_the_book_and_place_it_in_the_back_compartment_of_the_caddy,15,0,True,True,True,True,True,none,198,198,True,0,0.5,True,True,PRIMARY,PRIMARY_ELIGIBLE
libero_10/task_05/state_016/clean/attempt_01,libero_10,5,STUDY_SCENE1_pick_up_the_book_and_place_it_in_the_back_compartment_of_the_caddy,16,0,False,True,True,True,True,none,400,400,True,0,0.5,True,True,NON_PRIMARY,CLEAN_FAILURE_SAFETY
libero_10/task_05/state_017/clean/attempt_01,libero_10,5,STUDY_SCENE1_pick_up_the_book_and_place_it_in_the_back_compartment_of_the_caddy,17,0,True,True,True,True,True,none,185,185,True,0,0.5,True,True,PRIMARY,PRIMARY_ELIGIBLE
libero_10/task_05/state_018/clean/attempt_01,libero_10,5,STUDY_SCENE1_pick_up_the_book_and_place_it_in_the_back_compartment_of_the_caddy,18,0,False,True,True,True,True,none,400,400,True,0,0.5,True,True,NON_PRIMARY,CLEAN_FAILURE_SAFETY
libero_10/task_05/state_019/clean/attempt_01,libero_10,5,STUDY_SCENE1_pick_up_the_book_and_place_it_in_the_back_compartment_of_the_caddy,19,0,False,True,True,True,True,none,400,400,True,0,0.5,True,True,NON_PRIMARY,CLEAN_FAILURE_SAFETY
libero_10/task_05/state_020/clean/attempt_01,libero_10,5,STUDY_SCENE1_pick_up_the_book_and_place_it_in_the_back_compartment_of_the_caddy,20,0,False,True,True,True,True,none,400,400,True,0,0.5,True,True,NON_PRIMARY,CLEAN_FAILURE_SAFETY
libero_10/task_05/state_021/clean/attempt_01,libero_10,5,STUDY_SCENE1_pick_up_the_book_and_place_it_in_the_back_compartment_of_the_caddy,21,0,True,True,True,True,True,none,289,289,True,0,0.5,True,True,PRIMARY,PRIMARY_ELIGIBLE
libero_10/task_05/state_022/clean/attempt_01,libero_10,5,STUDY_SCENE1_pick_up_the_book_and_place_it_in_the_back_compartment_of_the_caddy,22,0,True,True,True,True,True,none,151,151,True,0,0.5,True,True,PRIMARY,PRIMARY_ELIGIBLE
libero_10/task_05/state_023/clean/attempt_01,libero_10,5,STUDY_SCENE1_pick_up_the_book_and_place_it_in_the_back_compartment_of_the_caddy,23,0,True,True,True,True,True,none,213,213,True,0,0.5,True,True,PRIMARY,PRIMARY_ELIGIBLE
libero_10/task_05/state_024/clean/attempt_01,libero_10,5,STUDY_SCENE1_pick_up_the_book_and_place_it_in_the_back_compartment_of_the_caddy,24,0,True,True,True,True,True,none,182,182,True,0,0.5,True,True,PRIMARY,PRIMARY_ELIGIBLE
libero_10/task_05/state_025/clean/attempt_01,libero_10,5,STUDY_SCENE1_pick_up_the_book_and_place_it_in_the_back_compartment_of_the_caddy,25,0,False,True,True,True,True,none,400,400,True,0,0.5,True,True,NON_PRIMARY,CLEAN_FAILURE_SAFETY
libero_10/task_05/state_026/clean/attempt_01,libero_10,5,STUDY_SCENE1_pick_up_the_book_and_place_it_in_the_back_compartment_of_the_caddy,26,0,False,True,True,True,True,none,400,400,True,0,0.5,True,True,NON_PRIMARY,CLEAN_FAILURE_SAFETY
libero_10/task_05/state_027/clean/attempt_01,libero_10,5,STUDY_SCENE1_pick_up_the_book_and_place_it_in_the_back_compartment_of_the_caddy,27,0,True,True,True,True,True,none,230,230,True,0,0.5,True,True,PRIMARY,PRIMARY_ELIGIBLE
libero_10/task_05/state_028/clean/attempt_01,libero_10,5,STUDY_SCENE1_pick_up_the_book_and_place_it_in_the_back_compartment_of_the_caddy,28,0,False,True,True,True,True,none,400,400,True,0,0.5,True,True,NON_PRIMARY,CLEAN_FAILURE_SAFETY
libero_10/task_05/state_029/clean/attempt_01,libero_10,5,STUDY_SCENE1_pick_up_the_book_and_place_it_in_the_back_compartment_of_the_caddy,29,0,True,True,True,True,True,none,164,164,True,0,0.5,True,True,PRIMARY,PRIMARY_ELIGIBLE
libero_10/task_05/state_030/clean/attempt_01,libero_10,5,STUDY_SCENE1_pick_up_the_book_and_place_it_in_the_back_compartment_of_the_caddy,30,0,True,True,True,True,True,none,166,166,True,0,0.5,True,True,PRIMARY,PRIMARY_ELIGIBLE
libero_10/task_05/state_031/clean/attempt_01,libero_10,5,STUDY_SCENE1_pick_up_the_book_and_place_it_in_the_back_compartment_of_the_caddy,31,0,True,True,True,True,True,none,337,337,True,0,0.5,True,True,PRIMARY,PRIMARY_ELIGIBLE
libero_10/task_05/state_032/clean/attempt_01,libero_10,5,STUDY_SCENE1_pick_up_the_book_and_place_it_in_the_back_compartment_of_the_caddy,32,0,True,True,True,True,True,none,188,188,True,0,0.5,True,True,PRIMARY,PRIMARY_ELIGIBLE
libero_10/task_05/state_033/clean/attempt_01,libero_10,5,STUDY_SCENE1_pick_up_the_book_and_place_it_in_the_back_compartment_of_the_caddy,33,0,True,True,True,True,True,none,177,177,True,0,0.5,True,True,PRIMARY,PRIMARY_ELIGIBLE
libero_10/task_05/state_034/clean/attempt_01,libero_10,5,STUDY_SCENE1_pick_up_the_book_and_place_it_in_the_back_compartment_of_the_caddy,34,0,True,True,True,True,True,none,208,208,True,0,0.5,True,True,PRIMARY,PRIMARY_ELIGIBLE
libero_10/task_05/state_035/clean/attempt_01,libero_10,5,STUDY_SCENE1_pick_up_the_book_and_place_it_in_the_back_compartment_of_the_caddy,35,0,False,True,True,True,True,none,400,400,True,0,0.5,True,True,NON_PRIMARY,CLEAN_FAILURE_SAFETY
libero_10/task_05/state_036/clean/attempt_01,libero_10,5,STUDY_SCENE1_pick_up_the_book_and_place_it_in_the_back_compartment_of_the_caddy,36,0,False,True,True,True,True,none,400,400,True,0,0.5,True,True,NON_PRIMARY,CLEAN_FAILURE_SAFETY
libero_10/task_05/state_037/clean/attempt_01,libero_10,5,STUDY_SCENE1_pick_up_the_book_and_place_it_in_the_back_compartment_of_the_caddy,37,0,True,True,True,True,True,none,167,167,True,0,0.5,True,True,PRIMARY,PRIMARY_ELIGIBLE
libero_10/task_05/state_038/clean/attempt_01,libero_10,5,STUDY_SCENE1_pick_up_the_book_and_place_it_in_the_back_compartment_of_the_caddy,38,0,True,True,True,True,True,none,211,211,True,0,0.5,True,True,PRIMARY,PRIMARY_ELIGIBLE
libero_10/task_05/state_039/clean/attempt_01,libero_10,5,STUDY_SCENE1_pick_up_the_book_and_place_it_in_the_back_compartment_of_the_caddy,39,0,False,True,True,True,True,none,400,400,True,0,0.5,True,True,NON_PRIMARY,CLEAN_FAILURE_SAFETY
libero_10/task_05/state_040/clean/attempt_01,libero_10,5,STUDY_SCENE1_pick_up_the_book_and_place_it_in_the_back_compartment_of_the_caddy,40,0,False,True,True,True,True,none,400,400,True,0,0.5,True,True,NON_PRIMARY,CLEAN_FAILURE_SAFETY
libero_10/task_05/state_041/clean/attempt_01,libero_10,5,STUDY_SCENE1_pick_up_the_book_and_place_it_in_the_back_compartment_of_the_caddy,41,0,True,True,True,True,True,none,183,183,True,0,0.5,True,True,PRIMARY,PRIMARY_ELIGIBLE
libero_10/task_05/state_042/clean/attempt_01,libero_10,5,STUDY_SCENE1_pick_up_the_book_and_place_it_in_the_back_compartment_of_the_caddy,42,0,True,True,True,True,True,none,176,176,True,0,0.5,True,True,PRIMARY,PRIMARY_ELIGIBLE
libero_10/task_05/state_043/clean/attempt_01,libero_10,5,STUDY_SCENE1_pick_up_the_book_and_place_it_in_the_back_compartment_of_the_caddy,43,0,True,True,True,True,True,none,158,158,True,0,0.5,True,True,PRIMARY,PRIMARY_ELIGIBLE
libero_10/task_05/state_044/clean/attempt_01,libero_10,5,STUDY_SCENE1_pick_up_the_book_and_place_it_in_the_back_compartment_of_the_caddy,44,0,True,True,True,True,True,none,188,188,True,0,0.5,True,True,PRIMARY,PRIMARY_ELIGIBLE
libero_10/task_05/state_045/clean/attempt_01,libero_10,5,STUDY_SCENE1_pick_up_the_book_and_place_it_in_the_back_compartment_of_the_caddy,45,0,False,True,True,True,True,none,400,400,True,0,0.5,True,True,NON_PRIMARY,CLEAN_FAILURE_SAFETY
libero_10/task_05/state_046/clean/attempt_01,libero_10,5,STUDY_SCENE1_pick_up_the_book_and_place_it_in_the_back_compartment_of_the_caddy,46,0,True,True,True,True,True,none,239,239,True,0,0.5,True,True,PRIMARY,PRIMARY_ELIGIBLE
libero_10/task_05/state_047/clean/attempt_01,libero_10,5,STUDY_SCENE1_pick_up_the_book_and_place_it_in_the_back_compartment_of_the_caddy,47,0,True,True,True,True,True,none,144,144,True,0,0.5,True,True,PRIMARY,PRIMARY_ELIGIBLE
libero_10/task_05/state_048/clean/attempt_01,libero_10,5,STUDY_SCENE1_pick_up_the_book_and_place_it_in_the_back_compartment_of_the_caddy,48,0,True,True,True,True,True,none,205,205,True,0,0.5,True,True,PRIMARY,PRIMARY_ELIGIBLE
libero_10/task_05/state_049/clean/attempt_01,libero_10,5,STUDY_SCENE1_pick_up_the_book_and_place_it_in_the_back_compartment_of_the_caddy,49,0,True,True,True,True,True,none,262,262,True,0,0.5,True,True,PRIMARY,PRIMARY_ELIGIBLE
libero_10/task_06/state_000/clean/attempt_01,libero_10,6,LIVING_ROOM_SCENE6_put_the_white_mug_on_the_plate_and_put_the_chocolate_pudding_,0,0,True,True,True,False,False,multi_object_two_items_different_targets,237,237,False,-1,0.0,True,False,NON_PRIMARY,SUPPLEMENTARY_EVENT
libero_10/task_06/state_001/clean/attempt_01,libero_10,6,LIVING_ROOM_SCENE6_put_the_white_mug_on_the_plate_and_put_the_chocolate_pudding_,1,0,False,True,True,False,False,multi_object_two_items_different_targets,400,400,False,-1,0.0,True,False,NON_PRIMARY,SUPPLEMENTARY_EVENT
libero_10/task_06/state_002/clean/attempt_01,libero_10,6,LIVING_ROOM_SCENE6_put_the_white_mug_on_the_plate_and_put_the_chocolate_pudding_,2,0,True,True,True,False,False,multi_object_two_items_different_targets,215,215,False,-1,0.0,True,False,NON_PRIMARY,SUPPLEMENTARY_EVENT
libero_10/task_06/state_003/clean/attempt_01,libero_10,6,LIVING_ROOM_SCENE6_put_the_white_mug_on_the_plate_and_put_the_chocolate_pudding_,3,0,True,True,True,False,False,multi_object_two_items_different_targets,240,240,False,-1,0.0,True,False,NON_PRIMARY,SUPPLEMENTARY_EVENT
libero_10/task_06/state_004/clean/attempt_01,libero_10,6,LIVING_ROOM_SCENE6_put_the_white_mug_on_the_plate_and_put_the_chocolate_pudding_,4,0,True,True,True,False,False,multi_object_two_items_different_targets,210,210,False,-1,0.0,True,False,NON_PRIMARY,SUPPLEMENTARY_EVENT
libero_10/task_06/state_005/clean/attempt_01,libero_10,6,LIVING_ROOM_SCENE6_put_the_white_mug_on_the_plate_and_put_the_chocolate_pudding_,5,0,False,True,True,False,False,multi_object_two_items_different_targets,400,400,False,-1,0.0,True,False,NON_PRIMARY,SUPPLEMENTARY_EVENT
libero_10/task_06/state_006/clean/attempt_01,libero_10,6,LIVING_ROOM_SCENE6_put_the_white_mug_on_the_plate_and_put_the_chocolate_pudding_,6,0,True,True,True,False,False,multi_object_two_items_different_targets,273,273,False,-1,0.0,True,False,NON_PRIMARY,SUPPLEMENTARY_EVENT
libero_10/task_06/state_007/clean/attempt_01,libero_10,6,LIVING_ROOM_SCENE6_put_the_white_mug_on_the_plate_and_put_the_chocolate_pudding_,7,0,False,True,True,False,False,multi_object_two_items_different_targets,400,400,False,-1,0.0,True,False,NON_PRIMARY,SUPPLEMENTARY_EVENT
libero_10/task_06/state_008/clean/attempt_01,libero_10,6,LIVING_ROOM_SCENE6_put_the_white_mug_on_the_plate_and_put_the_chocolate_pudding_,8,0,True,True,True,False,False,multi_object_two_items_different_targets,317,317,False,-1,0.0,True,False,NON_PRIMARY,SUPPLEMENTARY_EVENT
libero_10/task_06/state_009/clean/attempt_01,libero_10,6,LIVING_ROOM_SCENE6_put_the_white_mug_on_the_plate_and_put_the_chocolate_pudding_,9,0,True,True,True,False,False,multi_object_two_items_different_targets,216,216,False,-1,0.0,True,False,NON_PRIMARY,SUPPLEMENTARY_EVENT
libero_10/task_06/state_010/clean/attempt_01,libero_10,6,LIVING_ROOM_SCENE6_put_the_white_mug_on_the_plate_and_put_the_chocolate_pudding_,10,0,False,True,True,False,False,multi_object_two_items_different_targets,400,400,False,-1,0.0,True,False,NON_PRIMARY,SUPPLEMENTARY_EVENT
libero_10/task_06/state_011/clean/attempt_01,libero_10,6,LIVING_ROOM_SCENE6_put_the_white_mug_on_the_plate_and_put_the_chocolate_pudding_,11,0,False,True,True,False,False,multi_object_two_items_different_targets,400,400,False,-1,0.0,True,False,NON_PRIMARY,SUPPLEMENTARY_EVENT
libero_10/task_06/state_012/clean/attempt_01,libero_10,6,LIVING_ROOM_SCENE6_put_the_white_mug_on_the_plate_and_put_the_chocolate_pudding_,12,0,True,True,True,False,False,multi_object_two_items_different_targets,290,290,False,-1,0.0,True,False,NON_PRIMARY,SUPPLEMENTARY_EVENT
libero_10/task_06/state_013/clean/attempt_01,libero_10,6,LIVING_ROOM_SCENE6_put_the_white_mug_on_the_plate_and_put_the_chocolate_pudding_,13,0,True,True,True,False,False,multi_object_two_items_different_targets,321,321,False,-1,0.0,True,False,NON_PRIMARY,SUPPLEMENTARY_EVENT
libero_10/task_06/state_014/clean/attempt_01,libero_10,6,LIVING_ROOM_SCENE6_put_the_white_mug_on_the_plate_and_put_the_chocolate_pudding_,14,0,False,True,True,False,False,multi_object_two_items_different_targets,400,400,False,-1,0.0,True,False,NON_PRIMARY,SUPPLEMENTARY_EVENT
libero_10/task_06/state_015/clean/attempt_01,libero_10,6,LIVING_ROOM_SCENE6_put_the_white_mug_on_the_plate_and_put_the_chocolate_pudding_,15,0,True,True,True,False,False,multi_object_two_items_different_targets,254,254,False,-1,0.0,True,False,NON_PRIMARY,SUPPLEMENTARY_EVENT
libero_10/task_06/state_016/clean/attempt_01,libero_10,6,LIVING_ROOM_SCENE6_put_the_white_mug_on_the_plate_and_put_the_chocolate_pudding_,16,0,False,True,True,False,False,multi_object_two_items_different_targets,400,400,False,-1,0.0,True,False,NON_PRIMARY,SUPPLEMENTARY_EVENT
libero_10/task_06/state_017/clean/attempt_01,libero_10,6,LIVING_ROOM_SCENE6_put_the_white_mug_on_the_plate_and_put_the_chocolate_pudding_,17,0,True,True,True,False,False,multi_object_two_items_different_targets,210,210,False,-1,0.0,True,False,NON_PRIMARY,SUPPLEMENTARY_EVENT
libero_10/task_06/state_018/clean/attempt_01,libero_10,6,LIVING_ROOM_SCENE6_put_the_white_mug_on_the_plate_and_put_the_chocolate_pudding_,18,0,True,True,True,False,False,multi_object_two_items_different_targets,236,236,False,-1,0.0,True,False,NON_PRIMARY,SUPPLEMENTARY_EVENT
libero_10/task_06/state_019/clean/attempt_01,libero_10,6,LIVING_ROOM_SCENE6_put_the_white_mug_on_the_plate_and_put_the_chocolate_pudding_,19,0,True,True,True,False,False,multi_object_two_items_different_targets,248,248,False,-1,0.0,True,False,NON_PRIMARY,SUPPLEMENTARY_EVENT
libero_10/task_06/state_020/clean/attempt_01,libero_10,6,LIVING_ROOM_SCENE6_put_the_white_mug_on_the_plate_and_put_the_chocolate_pudding_,20,0,False,True,True,False,False,multi_object_two_items_different_targets,400,400,False,-1,0.0,True,False,NON_PRIMARY,SUPPLEMENTARY_EVENT
libero_10/task_06/state_021/clean/attempt_01,libero_10,6,LIVING_ROOM_SCENE6_put_the_white_mug_on_the_plate_and_put_the_chocolate_pudding_,21,0,False,True,True,False,False,multi_object_two_items_different_targets,400,400,False,-1,0.0,True,False,NON_PRIMARY,SUPPLEMENTARY_EVENT
libero_10/task_06/state_022/clean/attempt_01,libero_10,6,LIVING_ROOM_SCENE6_put_the_white_mug_on_the_plate_and_put_the_chocolate_pudding_,22,0,True,True,True,False,False,multi_object_two_items_different_targets,195,195,False,-1,0.0,True,False,NON_PRIMARY,SUPPLEMENTARY_EVENT
libero_10/task_06/state_023/clean/attempt_01,libero_10,6,LIVING_ROOM_SCENE6_put_the_white_mug_on_the_plate_and_put_the_chocolate_pudding_,23,0,True,True,True,False,False,multi_object_two_items_different_targets,272,272,False,-1,0.0,True,False,NON_PRIMARY,SUPPLEMENTARY_EVENT
libero_10/task_06/state_024/clean/attempt_01,libero_10,6,LIVING_ROOM_SCENE6_put_the_white_mug_on_the_plate_and_put_the_chocolate_pudding_,24,0,True,True,True,False,False,multi_object_two_items_different_targets,223,223,False,-1,0.0,True,False,NON_PRIMARY,SUPPLEMENTARY_EVENT
libero_10/task_06/state_025/clean/attempt_01,libero_10,6,LIVING_ROOM_SCENE6_put_the_white_mug_on_the_plate_and_put_the_chocolate_pudding_,25,0,True,True,True,False,False,multi_object_two_items_different_targets,235,235,False,-1,0.0,True,False,NON_PRIMARY,SUPPLEMENTARY_EVENT
libero_10/task_06/state_026/clean/attempt_01,libero_10,6,LIVING_ROOM_SCENE6_put_the_white_mug_on_the_plate_and_put_the_chocolate_pudding_,26,0,False,True,True,False,False,multi_object_two_items_different_targets,400,400,False,-1,0.0,True,False,NON_PRIMARY,SUPPLEMENTARY_EVENT
libero_10/task_06/state_027/clean/attempt_01,libero_10,6,LIVING_ROOM_SCENE6_put_the_white_mug_on_the_plate_and_put_the_chocolate_pudding_,27,0,True,True,True,False,False,multi_object_two_items_different_targets,240,240,False,-1,0.0,True,False,NON_PRIMARY,SUPPLEMENTARY_EVENT
libero_10/task_06/state_028/clean/attempt_01,libero_10,6,LIVING_ROOM_SCENE6_put_the_white_mug_on_the_plate_and_put_the_chocolate_pudding_,28,0,True,True,True,False,False,multi_object_two_items_different_targets,224,224,False,-1,0.0,True,False,NON_PRIMARY,SUPPLEMENTARY_EVENT
libero_10/task_06/state_029/clean/attempt_01,libero_10,6,LIVING_ROOM_SCENE6_put_the_white_mug_on_the_plate_and_put_the_chocolate_pudding_,29,0,False,True,True,False,False,multi_object_two_items_different_targets,400,400,False,-1,0.0,True,False,NON_PRIMARY,SUPPLEMENTARY_EVENT
libero_10/task_06/state_030/clean/attempt_01,libero_10,6,LIVING_ROOM_SCENE6_put_the_white_mug_on_the_plate_and_put_the_chocolate_pudding_,30,0,True,True,True,False,False,multi_object_two_items_different_targets,292,292,False,-1,0.0,True,False,NON_PRIMARY,SUPPLEMENTARY_EVENT
libero_10/task_06/state_031/clean/attempt_01,libero_10,6,LIVING_ROOM_SCENE6_put_the_white_mug_on_the_plate_and_put_the_chocolate_pudding_,31,0,True,True,True,False,False,multi_object_two_items_different_targets,364,364,False,-1,0.0,True,False,NON_PRIMARY,SUPPLEMENTARY_EVENT
libero_10/task_06/state_032/clean/attempt_01,libero_10,6,LIVING_ROOM_SCENE6_put_the_white_mug_on_the_plate_and_put_the_chocolate_pudding_,32,0,False,True,True,False,False,multi_object_two_items_different_targets,400,400,False,-1,0.0,True,False,NON_PRIMARY,SUPPLEMENTARY_EVENT
libero_10/task_06/state_033/clean/attempt_01,libero_10,6,LIVING_ROOM_SCENE6_put_the_white_mug_on_the_plate_and_put_the_chocolate_pudding_,33,0,False,True,True,False,False,multi_object_two_items_different_targets,400,400,False,-1,0.0,True,False,NON_PRIMARY,SUPPLEMENTARY_EVENT
libero_10/task_06/state_034/clean/attempt_01,libero_10,6,LIVING_ROOM_SCENE6_put_the_white_mug_on_the_plate_and_put_the_chocolate_pudding_,34,0,False,True,True,False,False,multi_object_two_items_different_targets,400,400,False,-1,0.0,True,False,NON_PRIMARY,SUPPLEMENTARY_EVENT
libero_10/task_06/state_035/clean/attempt_01,libero_10,6,LIVING_ROOM_SCENE6_put_the_white_mug_on_the_plate_and_put_the_chocolate_pudding_,35,0,False,True,True,False,False,multi_object_two_items_different_targets,400,400,False,-1,0.0,True,False,NON_PRIMARY,SUPPLEMENTARY_EVENT
libero_10/task_06/state_036/clean/attempt_01,libero_10,6,LIVING_ROOM_SCENE6_put_the_white_mug_on_the_plate_and_put_the_chocolate_pudding_,36,0,False,True,True,False,False,multi_object_two_items_different_targets,400,400,False,-1,0.0,True,False,NON_PRIMARY,SUPPLEMENTARY_EVENT
libero_10/task_06/state_037/clean/attempt_01,libero_10,6,LIVING_ROOM_SCENE6_put_the_white_mug_on_the_plate_and_put_the_chocolate_pudding_,37,0,True,True,True,False,False,multi_object_two_items_different_targets,204,204,False,-1,0.0,True,False,NON_PRIMARY,SUPPLEMENTARY_EVENT
libero_10/task_06/state_038/clean/attempt_01,libero_10,6,LIVING_ROOM_SCENE6_put_the_white_mug_on_the_plate_and_put_the_chocolate_pudding_,38,0,False,True,True,False,False,multi_object_two_items_different_targets,400,400,False,-1,0.0,True,False,NON_PRIMARY,SUPPLEMENTARY_EVENT
libero_10/task_06/state_039/clean/attempt_01,libero_10,6,LIVING_ROOM_SCENE6_put_the_white_mug_on_the_plate_and_put_the_chocolate_pudding_,39,0,False,True,True,False,False,multi_object_two_items_different_targets,400,400,False,-1,0.0,True,False,NON_PRIMARY,SUPPLEMENTARY_EVENT
libero_10/task_06/state_040/clean/attempt_01,libero_10,6,LIVING_ROOM_SCENE6_put_the_white_mug_on_the_plate_and_put_the_chocolate_pudding_,40,0,True,True,True,False,False,multi_object_two_items_different_targets,228,228,False,-1,0.0,True,False,NON_PRIMARY,SUPPLEMENTARY_EVENT
libero_10/task_06/state_041/clean/attempt_01,libero_10,6,LIVING_ROOM_SCENE6_put_the_white_mug_on_the_plate_and_put_the_chocolate_pudding_,41,0,False,True,True,False,False,multi_object_two_items_different_targets,400,400,False,-1,0.0,True,False,NON_PRIMARY,SUPPLEMENTARY_EVENT
libero_10/task_06/state_042/clean/attempt_01,libero_10,6,LIVING_ROOM_SCENE6_put_the_white_mug_on_the_plate_and_put_the_chocolate_pudding_,42,0,True,True,True,False,False,multi_object_two_items_different_targets,316,316,False,-1,0.0,True,False,NON_PRIMARY,SUPPLEMENTARY_EVENT
libero_10/task_06/state_043/clean/attempt_01,libero_10,6,LIVING_ROOM_SCENE6_put_the_white_mug_on_the_plate_and_put_the_chocolate_pudding_,43,0,True,True,True,False,False,multi_object_two_items_different_targets,241,241,False,-1,0.0,True,False,NON_PRIMARY,SUPPLEMENTARY_EVENT
libero_10/task_06/state_044/clean/attempt_01,libero_10,6,LIVING_ROOM_SCENE6_put_the_white_mug_on_the_plate_and_put_the_chocolate_pudding_,44,0,False,True,True,False,False,multi_object_two_items_different_targets,400,400,False,-1,0.0,True,False,NON_PRIMARY,SUPPLEMENTARY_EVENT
libero_10/task_06/state_045/clean/attempt_01,libero_10,6,LIVING_ROOM_SCENE6_put_the_white_mug_on_the_plate_and_put_the_chocolate_pudding_,45,0,True,True,True,False,False,multi_object_two_items_different_targets,343,343,False,-1,0.0,True,False,NON_PRIMARY,SUPPLEMENTARY_EVENT
libero_10/task_06/state_046/clean/attempt_01,libero_10,6,LIVING_ROOM_SCENE6_put_the_white_mug_on_the_plate_and_put_the_chocolate_pudding_,46,0,True,True,True,False,False,multi_object_two_items_different_targets,300,300,False,-1,0.0,True,False,NON_PRIMARY,SUPPLEMENTARY_EVENT
libero_10/task_06/state_047/clean/attempt_01,libero_10,6,LIVING_ROOM_SCENE6_put_the_white_mug_on_the_plate_and_put_the_chocolate_pudding_,47,0,False,True,True,False,False,multi_object_two_items_different_targets,400,400,False,-1,0.0,True,False,NON_PRIMARY,SUPPLEMENTARY_EVENT
libero_10/task_06/state_048/clean/attempt_01,libero_10,6,LIVING_ROOM_SCENE6_put_the_white_mug_on_the_plate_and_put_the_chocolate_pudding_,48,0,False,True,True,False,False,multi_object_two_items_different_targets,400,400,False,-1,0.0,True,False,NON_PRIMARY,SUPPLEMENTARY_EVENT
libero_10/task_06/state_049/clean/attempt_01,libero_10,6,LIVING_ROOM_SCENE6_put_the_white_mug_on_the_plate_and_put_the_chocolate_pudding_,49,0,True,True,True,False,False,multi_object_two_items_different_targets,245,245,False,-1,0.0,True,False,NON_PRIMARY,SUPPLEMENTARY_EVENT
libero_10/task_07/state_000/clean/attempt_01,libero_10,7,LIVING_ROOM_SCENE1_put_both_the_alphabet_soup_and_the_cream_cheese_box_in_the_ba,0,0,True,True,True,False,False,multi_object_two_items,310,310,False,-1,0.0,True,False,NON_PRIMARY,SUPPLEMENTARY_EVENT
libero_10/task_07/state_001/clean/attempt_01,libero_10,7,LIVING_ROOM_SCENE1_put_both_the_alphabet_soup_and_the_cream_cheese_box_in_the_ba,1,0,False,True,True,False,False,multi_object_two_items,400,400,False,-1,0.0,True,False,NON_PRIMARY,SUPPLEMENTARY_EVENT
libero_10/task_07/state_002/clean/attempt_01,libero_10,7,LIVING_ROOM_SCENE1_put_both_the_alphabet_soup_and_the_cream_cheese_box_in_the_ba,2,0,True,True,True,False,False,multi_object_two_items,393,393,False,-1,0.0,True,False,NON_PRIMARY,SUPPLEMENTARY_EVENT
libero_10/task_07/state_003/clean/attempt_01,libero_10,7,LIVING_ROOM_SCENE1_put_both_the_alphabet_soup_and_the_cream_cheese_box_in_the_ba,3,0,True,True,True,False,False,multi_object_two_items,311,311,False,-1,0.0,True,False,NON_PRIMARY,SUPPLEMENTARY_EVENT
libero_10/task_07/state_004/clean/attempt_01,libero_10,7,LIVING_ROOM_SCENE1_put_both_the_alphabet_soup_and_the_cream_cheese_box_in_the_ba,4,0,False,True,True,False,False,multi_object_two_items,400,400,False,-1,0.0,True,False,NON_PRIMARY,SUPPLEMENTARY_EVENT
libero_10/task_07/state_005/clean/attempt_01,libero_10,7,LIVING_ROOM_SCENE1_put_both_the_alphabet_soup_and_the_cream_cheese_box_in_the_ba,5,0,False,True,True,False,False,multi_object_two_items,400,400,False,-1,0.0,True,False,NON_PRIMARY,SUPPLEMENTARY_EVENT
libero_10/task_07/state_006/clean/attempt_01,libero_10,7,LIVING_ROOM_SCENE1_put_both_the_alphabet_soup_and_the_cream_cheese_box_in_the_ba,6,0,True,True,True,False,False,multi_object_two_items,292,292,False,-1,0.0,True,False,NON_PRIMARY,SUPPLEMENTARY_EVENT
libero_10/task_07/state_007/clean/attempt_01,libero_10,7,LIVING_ROOM_SCENE1_put_both_the_alphabet_soup_and_the_cream_cheese_box_in_the_ba,7,0,True,True,True,False,False,multi_object_two_items,279,279,False,-1,0.0,True,False,NON_PRIMARY,SUPPLEMENTARY_EVENT
libero_10/task_07/state_008/clean/attempt_01,libero_10,7,LIVING_ROOM_SCENE1_put_both_the_alphabet_soup_and_the_cream_cheese_box_in_the_ba,8,0,False,True,True,False,False,multi_object_two_items,400,400,False,-1,0.0,True,False,NON_PRIMARY,SUPPLEMENTARY_EVENT
libero_10/task_07/state_009/clean/attempt_01,libero_10,7,LIVING_ROOM_SCENE1_put_both_the_alphabet_soup_and_the_cream_cheese_box_in_the_ba,9,0,True,True,True,False,False,multi_object_two_items,303,303,False,-1,0.0,True,False,NON_PRIMARY,SUPPLEMENTARY_EVENT
libero_10/task_07/state_010/clean/attempt_01,libero_10,7,LIVING_ROOM_SCENE1_put_both_the_alphabet_soup_and_the_cream_cheese_box_in_the_ba,10,0,True,True,True,False,False,multi_object_two_items,250,250,False,-1,0.0,True,False,NON_PRIMARY,SUPPLEMENTARY_EVENT
libero_10/task_07/state_011/clean/attempt_01,libero_10,7,LIVING_ROOM_SCENE1_put_both_the_alphabet_soup_and_the_cream_cheese_box_in_the_ba,11,0,False,True,True,False,False,multi_object_two_items,400,400,False,-1,0.0,True,False,NON_PRIMARY,SUPPLEMENTARY_EVENT
libero_10/task_07/state_012/clean/attempt_01,libero_10,7,LIVING_ROOM_SCENE1_put_both_the_alphabet_soup_and_the_cream_cheese_box_in_the_ba,12,0,True,True,True,False,False,multi_object_two_items,313,313,False,-1,0.0,True,False,NON_PRIMARY,SUPPLEMENTARY_EVENT
libero_10/task_07/state_013/clean/attempt_01,libero_10,7,LIVING_ROOM_SCENE1_put_both_the_alphabet_soup_and_the_cream_cheese_box_in_the_ba,13,0,False,True,True,False,False,multi_object_two_items,400,400,False,-1,0.0,True,False,NON_PRIMARY,SUPPLEMENTARY_EVENT
libero_10/task_07/state_014/clean/attempt_01,libero_10,7,LIVING_ROOM_SCENE1_put_both_the_alphabet_soup_and_the_cream_cheese_box_in_the_ba,14,0,False,True,True,False,False,multi_object_two_items,400,400,False,-1,0.0,True,False,NON_PRIMARY,SUPPLEMENTARY_EVENT
libero_10/task_07/state_015/clean/attempt_01,libero_10,7,LIVING_ROOM_SCENE1_put_both_the_alphabet_soup_and_the_cream_cheese_box_in_the_ba,15,0,True,True,True,False,False,multi_object_two_items,234,234,False,-1,0.0,True,False,NON_PRIMARY,SUPPLEMENTARY_EVENT
libero_10/task_07/state_016/clean/attempt_01,libero_10,7,LIVING_ROOM_SCENE1_put_both_the_alphabet_soup_and_the_cream_cheese_box_in_the_ba,16,0,False,True,True,False,False,multi_object_two_items,400,400,False,-1,0.0,True,False,NON_PRIMARY,SUPPLEMENTARY_EVENT
libero_10/task_07/state_017/clean/attempt_01,libero_10,7,LIVING_ROOM_SCENE1_put_both_the_alphabet_soup_and_the_cream_cheese_box_in_the_ba,17,0,False,True,True,False,False,multi_object_two_items,400,400,False,-1,0.0,True,False,NON_PRIMARY,SUPPLEMENTARY_EVENT
libero_10/task_07/state_018/clean/attempt_01,libero_10,7,LIVING_ROOM_SCENE1_put_both_the_alphabet_soup_and_the_cream_cheese_box_in_the_ba,18,0,True,True,True,False,False,multi_object_two_items,291,291,False,-1,0.0,True,False,NON_PRIMARY,SUPPLEMENTARY_EVENT
libero_10/task_07/state_019/clean/attempt_01,libero_10,7,LIVING_ROOM_SCENE1_put_both_the_alphabet_soup_and_the_cream_cheese_box_in_the_ba,19,0,True,True,True,False,False,multi_object_two_items,323,323,False,-1,0.0,True,False,NON_PRIMARY,SUPPLEMENTARY_EVENT
libero_10/task_07/state_020/clean/attempt_01,libero_10,7,LIVING_ROOM_SCENE1_put_both_the_alphabet_soup_and_the_cream_cheese_box_in_the_ba,20,0,False,True,True,False,False,multi_object_two_items,400,400,False,-1,0.0,True,False,NON_PRIMARY,SUPPLEMENTARY_EVENT
libero_10/task_07/state_021/clean/attempt_01,libero_10,7,LIVING_ROOM_SCENE1_put_both_the_alphabet_soup_and_the_cream_cheese_box_in_the_ba,21,0,True,True,True,False,False,multi_object_two_items,249,249,False,-1,0.0,True,False,NON_PRIMARY,SUPPLEMENTARY_EVENT
libero_10/task_07/state_022/clean/attempt_01,libero_10,7,LIVING_ROOM_SCENE1_put_both_the_alphabet_soup_and_the_cream_cheese_box_in_the_ba,22,0,True,True,True,False,False,multi_object_two_items,271,271,False,-1,0.0,True,False,NON_PRIMARY,SUPPLEMENTARY_EVENT
libero_10/task_07/state_023/clean/attempt_01,libero_10,7,LIVING_ROOM_SCENE1_put_both_the_alphabet_soup_and_the_cream_cheese_box_in_the_ba,23,0,False,True,True,False,False,multi_object_two_items,400,400,False,-1,0.0,True,False,NON_PRIMARY,SUPPLEMENTARY_EVENT
libero_10/task_07/state_024/clean/attempt_01,libero_10,7,LIVING_ROOM_SCENE1_put_both_the_alphabet_soup_and_the_cream_cheese_box_in_the_ba,24,0,True,True,True,False,False,multi_object_two_items,274,274,False,-1,0.0,True,False,NON_PRIMARY,SUPPLEMENTARY_EVENT
libero_10/task_07/state_025/clean/attempt_01,libero_10,7,LIVING_ROOM_SCENE1_put_both_the_alphabet_soup_and_the_cream_cheese_box_in_the_ba,25,0,True,True,True,False,False,multi_object_two_items,259,259,False,-1,0.0,True,False,NON_PRIMARY,SUPPLEMENTARY_EVENT
libero_10/task_07/state_026/clean/attempt_01,libero_10,7,LIVING_ROOM_SCENE1_put_both_the_alphabet_soup_and_the_cream_cheese_box_in_the_ba,26,0,True,True,True,False,False,multi_object_two_items,286,286,False,-1,0.0,True,False,NON_PRIMARY,SUPPLEMENTARY_EVENT
libero_10/task_07/state_027/clean/attempt_01,libero_10,7,LIVING_ROOM_SCENE1_put_both_the_alphabet_soup_and_the_cream_cheese_box_in_the_ba,27,0,False,True,True,False,False,multi_object_two_items,400,400,False,-1,0.0,True,False,NON_PRIMARY,SUPPLEMENTARY_EVENT
libero_10/task_07/state_028/clean/attempt_01,libero_10,7,LIVING_ROOM_SCENE1_put_both_the_alphabet_soup_and_the_cream_cheese_box_in_the_ba,28,0,True,True,True,False,False,multi_object_two_items,319,319,False,-1,0.0,True,False,NON_PRIMARY,SUPPLEMENTARY_EVENT
libero_10/task_07/state_029/clean/attempt_01,libero_10,7,LIVING_ROOM_SCENE1_put_both_the_alphabet_soup_and_the_cream_cheese_box_in_the_ba,29,0,False,True,True,False,False,multi_object_two_items,400,400,False,-1,0.0,True,False,NON_PRIMARY,SUPPLEMENTARY_EVENT
libero_10/task_07/state_030/clean/attempt_01,libero_10,7,LIVING_ROOM_SCENE1_put_both_the_alphabet_soup_and_the_cream_cheese_box_in_the_ba,30,0,False,True,True,False,False,multi_object_two_items,400,400,False,-1,0.0,True,False,NON_PRIMARY,SUPPLEMENTARY_EVENT
libero_10/task_07/state_031/clean/attempt_01,libero_10,7,LIVING_ROOM_SCENE1_put_both_the_alphabet_soup_and_the_cream_cheese_box_in_the_ba,31,0,False,True,True,False,False,multi_object_two_items,400,400,False,-1,0.0,True,False,NON_PRIMARY,SUPPLEMENTARY_EVENT
libero_10/task_07/state_032/clean/attempt_01,libero_10,7,LIVING_ROOM_SCENE1_put_both_the_alphabet_soup_and_the_cream_cheese_box_in_the_ba,32,0,False,True,True,False,False,multi_object_two_items,400,400,False,-1,0.0,True,False,NON_PRIMARY,SUPPLEMENTARY_EVENT
libero_10/task_07/state_033/clean/attempt_01,libero_10,7,LIVING_ROOM_SCENE1_put_both_the_alphabet_soup_and_the_cream_cheese_box_in_the_ba,33,0,False,True,True,False,False,multi_object_two_items,400,400,False,-1,0.0,True,False,NON_PRIMARY,SUPPLEMENTARY_EVENT
libero_10/task_07/state_034/clean/attempt_01,libero_10,7,LIVING_ROOM_SCENE1_put_both_the_alphabet_soup_and_the_cream_cheese_box_in_the_ba,34,0,False,True,True,False,False,multi_object_two_items,400,400,False,-1,0.0,True,False,NON_PRIMARY,SUPPLEMENTARY_EVENT
libero_10/task_07/state_035/clean/attempt_01,libero_10,7,LIVING_ROOM_SCENE1_put_both_the_alphabet_soup_and_the_cream_cheese_box_in_the_ba,35,0,True,True,True,False,False,multi_object_two_items,253,253,False,-1,0.0,True,False,NON_PRIMARY,SUPPLEMENTARY_EVENT
libero_10/task_07/state_036/clean/attempt_01,libero_10,7,LIVING_ROOM_SCENE1_put_both_the_alphabet_soup_and_the_cream_cheese_box_in_the_ba,36,0,True,True,True,False,False,multi_object_two_items,267,267,False,-1,0.0,True,False,NON_PRIMARY,SUPPLEMENTARY_EVENT
libero_10/task_07/state_037/clean/attempt_01,libero_10,7,LIVING_ROOM_SCENE1_put_both_the_alphabet_soup_and_the_cream_cheese_box_in_the_ba,37,0,True,True,True,False,False,multi_object_two_items,264,264,False,-1,0.0,True,False,NON_PRIMARY,SUPPLEMENTARY_EVENT
libero_10/task_07/state_038/clean/attempt_01,libero_10,7,LIVING_ROOM_SCENE1_put_both_the_alphabet_soup_and_the_cream_cheese_box_in_the_ba,38,0,False,True,True,False,False,multi_object_two_items,400,400,False,-1,0.0,True,False,NON_PRIMARY,SUPPLEMENTARY_EVENT
libero_10/task_07/state_039/clean/attempt_01,libero_10,7,LIVING_ROOM_SCENE1_put_both_the_alphabet_soup_and_the_cream_cheese_box_in_the_ba,39,0,False,True,True,False,False,multi_object_two_items,400,400,False,-1,0.0,True,False,NON_PRIMARY,SUPPLEMENTARY_EVENT
libero_10/task_07/state_040/clean/attempt_01,libero_10,7,LIVING_ROOM_SCENE1_put_both_the_alphabet_soup_and_the_cream_cheese_box_in_the_ba,40,0,True,True,True,False,False,multi_object_two_items,234,234,False,-1,0.0,True,False,NON_PRIMARY,SUPPLEMENTARY_EVENT
libero_10/task_07/state_041/clean/attempt_01,libero_10,7,LIVING_ROOM_SCENE1_put_both_the_alphabet_soup_and_the_cream_cheese_box_in_the_ba,41,0,True,True,True,False,False,multi_object_two_items,240,240,False,-1,0.0,True,False,NON_PRIMARY,SUPPLEMENTARY_EVENT
libero_10/task_07/state_042/clean/attempt_01,libero_10,7,LIVING_ROOM_SCENE1_put_both_the_alphabet_soup_and_the_cream_cheese_box_in_the_ba,42,0,True,True,True,False,False,multi_object_two_items,228,228,False,-1,0.0,True,False,NON_PRIMARY,SUPPLEMENTARY_EVENT
libero_10/task_07/state_043/clean/attempt_01,libero_10,7,LIVING_ROOM_SCENE1_put_both_the_alphabet_soup_and_the_cream_cheese_box_in_the_ba,43,0,False,True,True,False,False,multi_object_two_items,400,400,False,-1,0.0,True,False,NON_PRIMARY,SUPPLEMENTARY_EVENT
libero_10/task_07/state_044/clean/attempt_01,libero_10,7,LIVING_ROOM_SCENE1_put_both_the_alphabet_soup_and_the_cream_cheese_box_in_the_ba,44,0,True,True,True,False,False,multi_object_two_items,258,258,False,-1,0.0,True,False,NON_PRIMARY,SUPPLEMENTARY_EVENT
libero_10/task_07/state_045/clean/attempt_01,libero_10,7,LIVING_ROOM_SCENE1_put_both_the_alphabet_soup_and_the_cream_cheese_box_in_the_ba,45,0,True,True,True,False,False,multi_object_two_items,275,275,False,-1,0.0,True,False,NON_PRIMARY,SUPPLEMENTARY_EVENT
libero_10/task_07/state_046/clean/attempt_01,libero_10,7,LIVING_ROOM_SCENE1_put_both_the_alphabet_soup_and_the_cream_cheese_box_in_the_ba,46,0,True,True,True,False,False,multi_object_two_items,266,266,False,-1,0.0,True,False,NON_PRIMARY,SUPPLEMENTARY_EVENT
libero_10/task_07/state_047/clean/attempt_01,libero_10,7,LIVING_ROOM_SCENE1_put_both_the_alphabet_soup_and_the_cream_cheese_box_in_the_ba,47,0,False,True,True,False,False,multi_object_two_items,400,400,False,-1,0.0,True,False,NON_PRIMARY,SUPPLEMENTARY_EVENT
libero_10/task_07/state_048/clean/attempt_01,libero_10,7,LIVING_ROOM_SCENE1_put_both_the_alphabet_soup_and_the_cream_cheese_box_in_the_ba,48,0,True,True,True,False,False,multi_object_two_items,258,258,False,-1,0.0,True,False,NON_PRIMARY,SUPPLEMENTARY_EVENT
libero_10/task_07/state_049/clean/attempt_01,libero_10,7,LIVING_ROOM_SCENE1_put_both_the_alphabet_soup_and_the_cream_cheese_box_in_the_ba,49,0,True,True,True,False,False,multi_object_two_items,277,277,False,-1,0.0,True,False,NON_PRIMARY,SUPPLEMENTARY_EVENT
libero_10/task_08/state_000/clean/attempt_01,libero_10,8,KITCHEN_SCENE8_put_both_moka_pots_on_the_stove,0,0,False,True,True,False,False,multi_object_two_items,400,400,False,-1,0.0,True,False,NON_PRIMARY,SUPPLEMENTARY_EVENT
libero_10/task_08/state_001/clean/attempt_01,libero_10,8,KITCHEN_SCENE8_put_both_moka_pots_on_the_stove,1,0,False,True,True,False,False,multi_object_two_items,400,400,False,-1,0.0,True,False,NON_PRIMARY,SUPPLEMENTARY_EVENT
libero_10/task_08/state_002/clean/attempt_01,libero_10,8,KITCHEN_SCENE8_put_both_moka_pots_on_the_stove,2,0,True,True,True,False,False,multi_object_two_items,354,354,False,-1,0.0,True,False,NON_PRIMARY,SUPPLEMENTARY_EVENT
libero_10/task_08/state_003/clean/attempt_01,libero_10,8,KITCHEN_SCENE8_put_both_moka_pots_on_the_stove,3,0,False,True,True,False,False,multi_object_two_items,400,400,False,-1,0.0,True,False,NON_PRIMARY,SUPPLEMENTARY_EVENT
libero_10/task_08/state_004/clean/attempt_01,libero_10,8,KITCHEN_SCENE8_put_both_moka_pots_on_the_stove,4,0,False,True,True,False,False,multi_object_two_items,400,400,False,-1,0.0,True,False,NON_PRIMARY,SUPPLEMENTARY_EVENT
libero_10/task_08/state_005/clean/attempt_01,libero_10,8,KITCHEN_SCENE8_put_both_moka_pots_on_the_stove,5,0,False,True,True,False,False,multi_object_two_items,400,400,False,-1,0.0,True,False,NON_PRIMARY,SUPPLEMENTARY_EVENT
libero_10/task_08/state_006/clean/attempt_01,libero_10,8,KITCHEN_SCENE8_put_both_moka_pots_on_the_stove,6,0,False,True,True,False,False,multi_object_two_items,400,400,False,-1,0.0,True,False,NON_PRIMARY,SUPPLEMENTARY_EVENT
libero_10/task_08/state_007/clean/attempt_01,libero_10,8,KITCHEN_SCENE8_put_both_moka_pots_on_the_stove,7,0,False,True,True,False,False,multi_object_two_items,400,400,False,-1,0.0,True,False,NON_PRIMARY,SUPPLEMENTARY_EVENT
libero_10/task_08/state_008/clean/attempt_01,libero_10,8,KITCHEN_SCENE8_put_both_moka_pots_on_the_stove,8,0,False,True,True,False,False,multi_object_two_items,400,400,False,-1,0.0,True,False,NON_PRIMARY,SUPPLEMENTARY_EVENT
libero_10/task_08/state_009/clean/attempt_01,libero_10,8,KITCHEN_SCENE8_put_both_moka_pots_on_the_stove,9,0,False,True,True,False,False,multi_object_two_items,400,400,False,-1,0.0,True,False,NON_PRIMARY,SUPPLEMENTARY_EVENT
libero_10/task_08/state_010/clean/attempt_01,libero_10,8,KITCHEN_SCENE8_put_both_moka_pots_on_the_stove,10,0,False,True,True,False,False,multi_object_two_items,400,400,False,-1,0.0,True,False,NON_PRIMARY,SUPPLEMENTARY_EVENT
libero_10/task_08/state_011/clean/attempt_01,libero_10,8,KITCHEN_SCENE8_put_both_moka_pots_on_the_stove,11,0,False,True,True,False,False,multi_object_two_items,400,400,False,-1,0.0,True,False,NON_PRIMARY,SUPPLEMENTARY_EVENT
libero_10/task_08/state_012/clean/attempt_01,libero_10,8,KITCHEN_SCENE8_put_both_moka_pots_on_the_stove,12,0,False,True,True,False,False,multi_object_two_items,400,400,False,-1,0.0,True,False,NON_PRIMARY,SUPPLEMENTARY_EVENT
libero_10/task_08/state_013/clean/attempt_01,libero_10,8,KITCHEN_SCENE8_put_both_moka_pots_on_the_stove,13,0,False,True,True,False,False,multi_object_two_items,400,400,False,-1,0.0,True,False,NON_PRIMARY,SUPPLEMENTARY_EVENT
libero_10/task_08/state_014/clean/attempt_01,libero_10,8,KITCHEN_SCENE8_put_both_moka_pots_on_the_stove,14,0,True,True,True,False,False,multi_object_two_items,347,347,False,-1,0.0,True,False,NON_PRIMARY,SUPPLEMENTARY_EVENT
libero_10/task_08/state_015/clean/attempt_01,libero_10,8,KITCHEN_SCENE8_put_both_moka_pots_on_the_stove,15,0,False,True,True,False,False,multi_object_two_items,400,400,False,-1,0.0,True,False,NON_PRIMARY,SUPPLEMENTARY_EVENT
libero_10/task_08/state_016/clean/attempt_01,libero_10,8,KITCHEN_SCENE8_put_both_moka_pots_on_the_stove,16,0,False,True,True,False,False,multi_object_two_items,400,400,False,-1,0.0,True,False,NON_PRIMARY,SUPPLEMENTARY_EVENT
libero_10/task_08/state_017/clean/attempt_01,libero_10,8,KITCHEN_SCENE8_put_both_moka_pots_on_the_stove,17,0,False,True,True,False,False,multi_object_two_items,400,400,False,-1,0.0,True,False,NON_PRIMARY,SUPPLEMENTARY_EVENT
libero_10/task_08/state_018/clean/attempt_01,libero_10,8,KITCHEN_SCENE8_put_both_moka_pots_on_the_stove,18,0,False,True,True,False,False,multi_object_two_items,400,400,False,-1,0.0,True,False,NON_PRIMARY,SUPPLEMENTARY_EVENT
libero_10/task_08/state_019/clean/attempt_01,libero_10,8,KITCHEN_SCENE8_put_both_moka_pots_on_the_stove,19,0,False,True,True,False,False,multi_object_two_items,400,400,False,-1,0.0,True,False,NON_PRIMARY,SUPPLEMENTARY_EVENT
libero_10/task_08/state_020/clean/attempt_01,libero_10,8,KITCHEN_SCENE8_put_both_moka_pots_on_the_stove,20,0,False,True,True,False,False,multi_object_two_items,400,400,False,-1,0.0,True,False,NON_PRIMARY,SUPPLEMENTARY_EVENT
libero_10/task_08/state_021/clean/attempt_01,libero_10,8,KITCHEN_SCENE8_put_both_moka_pots_on_the_stove,21,0,False,True,True,False,False,multi_object_two_items,400,400,False,-1,0.0,True,False,NON_PRIMARY,SUPPLEMENTARY_EVENT
libero_10/task_08/state_022/clean/attempt_01,libero_10,8,KITCHEN_SCENE8_put_both_moka_pots_on_the_stove,22,0,False,True,True,False,False,multi_object_two_items,400,400,False,-1,0.0,True,False,NON_PRIMARY,SUPPLEMENTARY_EVENT
libero_10/task_08/state_023/clean/attempt_01,libero_10,8,KITCHEN_SCENE8_put_both_moka_pots_on_the_stove,23,0,False,True,True,False,False,multi_object_two_items,400,400,False,-1,0.0,True,False,NON_PRIMARY,SUPPLEMENTARY_EVENT
libero_10/task_08/state_024/clean/attempt_01,libero_10,8,KITCHEN_SCENE8_put_both_moka_pots_on_the_stove,24,0,False,True,True,False,False,multi_object_two_items,400,400,False,-1,0.0,True,False,NON_PRIMARY,SUPPLEMENTARY_EVENT
libero_10/task_08/state_025/clean/attempt_01,libero_10,8,KITCHEN_SCENE8_put_both_moka_pots_on_the_stove,25,0,False,True,True,False,False,multi_object_two_items,400,400,False,-1,0.0,True,False,NON_PRIMARY,SUPPLEMENTARY_EVENT
libero_10/task_08/state_026/clean/attempt_01,libero_10,8,KITCHEN_SCENE8_put_both_moka_pots_on_the_stove,26,0,False,True,True,False,False,multi_object_two_items,400,400,False,-1,0.0,True,False,NON_PRIMARY,SUPPLEMENTARY_EVENT
libero_10/task_08/state_027/clean/attempt_01,libero_10,8,KITCHEN_SCENE8_put_both_moka_pots_on_the_stove,27,0,False,True,True,False,False,multi_object_two_items,400,400,False,-1,0.0,True,False,NON_PRIMARY,SUPPLEMENTARY_EVENT
libero_10/task_08/state_028/clean/attempt_01,libero_10,8,KITCHEN_SCENE8_put_both_moka_pots_on_the_stove,28,0,False,True,True,False,False,multi_object_two_items,400,400,False,-1,0.0,True,False,NON_PRIMARY,SUPPLEMENTARY_EVENT
libero_10/task_08/state_029/clean/attempt_01,libero_10,8,KITCHEN_SCENE8_put_both_moka_pots_on_the_stove,29,0,False,True,True,False,False,multi_object_two_items,400,400,False,-1,0.0,True,False,NON_PRIMARY,SUPPLEMENTARY_EVENT
libero_10/task_08/state_030/clean/attempt_01,libero_10,8,KITCHEN_SCENE8_put_both_moka_pots_on_the_stove,30,0,False,True,True,False,False,multi_object_two_items,400,400,False,-1,0.0,True,False,NON_PRIMARY,SUPPLEMENTARY_EVENT
libero_10/task_08/state_031/clean/attempt_01,libero_10,8,KITCHEN_SCENE8_put_both_moka_pots_on_the_stove,31,0,False,True,True,False,False,multi_object_two_items,400,400,False,-1,0.0,True,False,NON_PRIMARY,SUPPLEMENTARY_EVENT
libero_10/task_08/state_032/clean/attempt_01,libero_10,8,KITCHEN_SCENE8_put_both_moka_pots_on_the_stove,32,0,False,True,True,False,False,multi_object_two_items,400,400,False,-1,0.0,True,False,NON_PRIMARY,SUPPLEMENTARY_EVENT
libero_10/task_08/state_033/clean/attempt_01,libero_10,8,KITCHEN_SCENE8_put_both_moka_pots_on_the_stove,33,0,False,True,True,False,False,multi_object_two_items,400,400,False,-1,0.0,True,False,NON_PRIMARY,SUPPLEMENTARY_EVENT
libero_10/task_08/state_034/clean/attempt_01,libero_10,8,KITCHEN_SCENE8_put_both_moka_pots_on_the_stove,34,0,False,True,True,False,False,multi_object_two_items,400,400,False,-1,0.0,True,False,NON_PRIMARY,SUPPLEMENTARY_EVENT
libero_10/task_08/state_035/clean/attempt_01,libero_10,8,KITCHEN_SCENE8_put_both_moka_pots_on_the_stove,35,0,False,True,True,False,False,multi_object_two_items,400,400,False,-1,0.0,True,False,NON_PRIMARY,SUPPLEMENTARY_EVENT
libero_10/task_08/state_036/clean/attempt_01,libero_10,8,KITCHEN_SCENE8_put_both_moka_pots_on_the_stove,36,0,False,True,True,False,False,multi_object_two_items,400,400,False,-1,0.0,True,False,NON_PRIMARY,SUPPLEMENTARY_EVENT
libero_10/task_08/state_037/clean/attempt_01,libero_10,8,KITCHEN_SCENE8_put_both_moka_pots_on_the_stove,37,0,False,True,True,False,False,multi_object_two_items,400,400,False,-1,0.0,True,False,NON_PRIMARY,SUPPLEMENTARY_EVENT
libero_10/task_08/state_038/clean/attempt_01,libero_10,8,KITCHEN_SCENE8_put_both_moka_pots_on_the_stove,38,0,False,True,True,False,False,multi_object_two_items,400,400,False,-1,0.0,True,False,NON_PRIMARY,SUPPLEMENTARY_EVENT
libero_10/task_08/state_039/clean/attempt_01,libero_10,8,KITCHEN_SCENE8_put_both_moka_pots_on_the_stove,39,0,False,True,True,False,False,multi_object_two_items,400,400,False,-1,0.0,True,False,NON_PRIMARY,SUPPLEMENTARY_EVENT
libero_10/task_08/state_040/clean/attempt_01,libero_10,8,KITCHEN_SCENE8_put_both_moka_pots_on_the_stove,40,0,False,True,True,False,False,multi_object_two_items,400,400,False,-1,0.0,True,False,NON_PRIMARY,SUPPLEMENTARY_EVENT
libero_10/task_08/state_041/clean/attempt_01,libero_10,8,KITCHEN_SCENE8_put_both_moka_pots_on_the_stove,41,0,False,True,True,False,False,multi_object_two_items,400,400,False,-1,0.0,True,False,NON_PRIMARY,SUPPLEMENTARY_EVENT
libero_10/task_08/state_042/clean/attempt_01,libero_10,8,KITCHEN_SCENE8_put_both_moka_pots_on_the_stove,42,0,False,True,True,False,False,multi_object_two_items,400,400,False,-1,0.0,True,False,NON_PRIMARY,SUPPLEMENTARY_EVENT
libero_10/task_08/state_043/clean/attempt_01,libero_10,8,KITCHEN_SCENE8_put_both_moka_pots_on_the_stove,43,0,False,True,True,False,False,multi_object_two_items,400,400,False,-1,0.0,True,False,NON_PRIMARY,SUPPLEMENTARY_EVENT
libero_10/task_08/state_044/clean/attempt_01,libero_10,8,KITCHEN_SCENE8_put_both_moka_pots_on_the_stove,44,0,False,True,True,False,False,multi_object_two_items,400,400,False,-1,0.0,True,False,NON_PRIMARY,SUPPLEMENTARY_EVENT
libero_10/task_08/state_045/clean/attempt_01,libero_10,8,KITCHEN_SCENE8_put_both_moka_pots_on_the_stove,45,0,False,True,True,False,False,multi_object_two_items,400,400,False,-1,0.0,True,False,NON_PRIMARY,SUPPLEMENTARY_EVENT
libero_10/task_08/state_046/clean/attempt_01,libero_10,8,KITCHEN_SCENE8_put_both_moka_pots_on_the_stove,46,0,False,True,True,False,False,multi_object_two_items,400,400,False,-1,0.0,True,False,NON_PRIMARY,SUPPLEMENTARY_EVENT
libero_10/task_08/state_047/clean/attempt_01,libero_10,8,KITCHEN_SCENE8_put_both_moka_pots_on_the_stove,47,0,False,True,True,False,False,multi_object_two_items,400,400,False,-1,0.0,True,False,NON_PRIMARY,SUPPLEMENTARY_EVENT
libero_10/task_08/state_048/clean/attempt_01,libero_10,8,KITCHEN_SCENE8_put_both_moka_pots_on_the_stove,48,0,False,True,True,False,False,multi_object_two_items,400,400,False,-1,0.0,True,False,NON_PRIMARY,SUPPLEMENTARY_EVENT
libero_10/task_08/state_049/clean/attempt_01,libero_10,8,KITCHEN_SCENE8_put_both_moka_pots_on_the_stove,49,0,False,True,True,False,False,multi_object_two_items,400,400,False,-1,0.0,True,False,NON_PRIMARY,SUPPLEMENTARY_EVENT
libero_10/task_09/state_000/clean/attempt_01,libero_10,9,KITCHEN_SCENE6_put_the_yellow_and_white_mug_in_the_microwave_and_close_it,0,0,False,True,True,False,False,multi_stage_place_then_close,400,400,False,-1,0.0,True,False,NON_PRIMARY,SUPPLEMENTARY_EVENT
libero_10/task_09/state_001/clean/attempt_01,libero_10,9,KITCHEN_SCENE6_put_the_yellow_and_white_mug_in_the_microwave_and_close_it,1,0,False,True,True,False,False,multi_stage_place_then_close,400,400,False,-1,0.0,True,False,NON_PRIMARY,SUPPLEMENTARY_EVENT
libero_10/task_09/state_002/clean/attempt_01,libero_10,9,KITCHEN_SCENE6_put_the_yellow_and_white_mug_in_the_microwave_and_close_it,2,0,True,True,True,False,False,multi_stage_place_then_close,279,279,False,-1,0.0,True,False,NON_PRIMARY,SUPPLEMENTARY_EVENT
libero_10/task_09/state_003/clean/attempt_01,libero_10,9,KITCHEN_SCENE6_put_the_yellow_and_white_mug_in_the_microwave_and_close_it,3,0,True,True,True,False,False,multi_stage_place_then_close,309,309,False,-1,0.0,True,False,NON_PRIMARY,SUPPLEMENTARY_EVENT
libero_10/task_09/state_004/clean/attempt_01,libero_10,9,KITCHEN_SCENE6_put_the_yellow_and_white_mug_in_the_microwave_and_close_it,4,0,True,True,True,False,False,multi_stage_place_then_close,345,345,False,-1,0.0,True,False,NON_PRIMARY,SUPPLEMENTARY_EVENT
libero_10/task_09/state_005/clean/attempt_01,libero_10,9,KITCHEN_SCENE6_put_the_yellow_and_white_mug_in_the_microwave_and_close_it,5,0,False,True,True,False,False,multi_stage_place_then_close,400,400,False,-1,0.0,True,False,NON_PRIMARY,SUPPLEMENTARY_EVENT
libero_10/task_09/state_006/clean/attempt_01,libero_10,9,KITCHEN_SCENE6_put_the_yellow_and_white_mug_in_the_microwave_and_close_it,6,0,True,True,True,False,False,multi_stage_place_then_close,265,265,False,-1,0.0,True,False,NON_PRIMARY,SUPPLEMENTARY_EVENT
libero_10/task_09/state_007/clean/attempt_01,libero_10,9,KITCHEN_SCENE6_put_the_yellow_and_white_mug_in_the_microwave_and_close_it,7,0,False,True,True,False,False,multi_stage_place_then_close,400,400,False,-1,0.0,True,False,NON_PRIMARY,SUPPLEMENTARY_EVENT
libero_10/task_09/state_008/clean/attempt_01,libero_10,9,KITCHEN_SCENE6_put_the_yellow_and_white_mug_in_the_microwave_and_close_it,8,0,False,True,True,False,False,multi_stage_place_then_close,400,400,False,-1,0.0,True,False,NON_PRIMARY,SUPPLEMENTARY_EVENT
libero_10/task_09/state_009/clean/attempt_01,libero_10,9,KITCHEN_SCENE6_put_the_yellow_and_white_mug_in_the_microwave_and_close_it,9,0,False,True,True,False,False,multi_stage_place_then_close,400,400,False,-1,0.0,True,False,NON_PRIMARY,SUPPLEMENTARY_EVENT
libero_10/task_09/state_010/clean/attempt_01,libero_10,9,KITCHEN_SCENE6_put_the_yellow_and_white_mug_in_the_microwave_and_close_it,10,0,True,True,True,False,False,multi_stage_place_then_close,276,276,False,-1,0.0,True,False,NON_PRIMARY,SUPPLEMENTARY_EVENT
libero_10/task_09/state_011/clean/attempt_01,libero_10,9,KITCHEN_SCENE6_put_the_yellow_and_white_mug_in_the_microwave_and_close_it,11,0,False,True,True,False,False,multi_stage_place_then_close,400,400,False,-1,0.0,True,False,NON_PRIMARY,SUPPLEMENTARY_EVENT
libero_10/task_09/state_012/clean/attempt_01,libero_10,9,KITCHEN_SCENE6_put_the_yellow_and_white_mug_in_the_microwave_and_close_it,12,0,False,True,True,False,False,multi_stage_place_then_close,400,400,False,-1,0.0,True,False,NON_PRIMARY,SUPPLEMENTARY_EVENT
libero_10/task_09/state_013/clean/attempt_01,libero_10,9,KITCHEN_SCENE6_put_the_yellow_and_white_mug_in_the_microwave_and_close_it,13,0,False,True,True,False,False,multi_stage_place_then_close,400,400,False,-1,0.0,True,False,NON_PRIMARY,SUPPLEMENTARY_EVENT
libero_10/task_09/state_014/clean/attempt_01,libero_10,9,KITCHEN_SCENE6_put_the_yellow_and_white_mug_in_the_microwave_and_close_it,14,0,False,True,True,False,False,multi_stage_place_then_close,400,400,False,-1,0.0,True,False,NON_PRIMARY,SUPPLEMENTARY_EVENT
libero_10/task_09/state_015/clean/attempt_01,libero_10,9,KITCHEN_SCENE6_put_the_yellow_and_white_mug_in_the_microwave_and_close_it,15,0,False,True,True,False,False,multi_stage_place_then_close,400,400,False,-1,0.0,True,False,NON_PRIMARY,SUPPLEMENTARY_EVENT
libero_10/task_09/state_016/clean/attempt_01,libero_10,9,KITCHEN_SCENE6_put_the_yellow_and_white_mug_in_the_microwave_and_close_it,16,0,False,True,True,False,False,multi_stage_place_then_close,400,400,False,-1,0.0,True,False,NON_PRIMARY,SUPPLEMENTARY_EVENT
libero_10/task_09/state_017/clean/attempt_01,libero_10,9,KITCHEN_SCENE6_put_the_yellow_and_white_mug_in_the_microwave_and_close_it,17,0,False,True,True,False,False,multi_stage_place_then_close,400,400,False,-1,0.0,True,False,NON_PRIMARY,SUPPLEMENTARY_EVENT
libero_10/task_09/state_018/clean/attempt_01,libero_10,9,KITCHEN_SCENE6_put_the_yellow_and_white_mug_in_the_microwave_and_close_it,18,0,True,True,True,False,False,multi_stage_place_then_close,353,353,False,-1,0.0,True,False,NON_PRIMARY,SUPPLEMENTARY_EVENT
libero_10/task_09/state_019/clean/attempt_01,libero_10,9,KITCHEN_SCENE6_put_the_yellow_and_white_mug_in_the_microwave_and_close_it,19,0,False,True,True,False,False,multi_stage_place_then_close,400,400,False,-1,0.0,True,False,NON_PRIMARY,SUPPLEMENTARY_EVENT
libero_10/task_09/state_020/clean/attempt_01,libero_10,9,KITCHEN_SCENE6_put_the_yellow_and_white_mug_in_the_microwave_and_close_it,20,0,True,True,True,False,False,multi_stage_place_then_close,331,331,False,-1,0.0,True,False,NON_PRIMARY,SUPPLEMENTARY_EVENT
libero_10/task_09/state_021/clean/attempt_01,libero_10,9,KITCHEN_SCENE6_put_the_yellow_and_white_mug_in_the_microwave_and_close_it,21,0,False,True,True,False,False,multi_stage_place_then_close,400,400,False,-1,0.0,True,False,NON_PRIMARY,SUPPLEMENTARY_EVENT
libero_10/task_09/state_022/clean/attempt_01,libero_10,9,KITCHEN_SCENE6_put_the_yellow_and_white_mug_in_the_microwave_and_close_it,22,0,False,True,True,False,False,multi_stage_place_then_close,400,400,False,-1,0.0,True,False,NON_PRIMARY,SUPPLEMENTARY_EVENT
libero_10/task_09/state_023/clean/attempt_01,libero_10,9,KITCHEN_SCENE6_put_the_yellow_and_white_mug_in_the_microwave_and_close_it,23,0,False,True,True,False,False,multi_stage_place_then_close,400,400,False,-1,0.0,True,False,NON_PRIMARY,SUPPLEMENTARY_EVENT
libero_10/task_09/state_024/clean/attempt_01,libero_10,9,KITCHEN_SCENE6_put_the_yellow_and_white_mug_in_the_microwave_and_close_it,24,0,False,True,True,False,False,multi_stage_place_then_close,400,400,False,-1,0.0,True,False,NON_PRIMARY,SUPPLEMENTARY_EVENT
libero_10/task_09/state_025/clean/attempt_01,libero_10,9,KITCHEN_SCENE6_put_the_yellow_and_white_mug_in_the_microwave_and_close_it,25,0,False,True,True,False,False,multi_stage_place_then_close,400,400,False,-1,0.0,True,False,NON_PRIMARY,SUPPLEMENTARY_EVENT
libero_10/task_09/state_026/clean/attempt_01,libero_10,9,KITCHEN_SCENE6_put_the_yellow_and_white_mug_in_the_microwave_and_close_it,26,0,False,True,True,False,False,multi_stage_place_then_close,400,400,False,-1,0.0,True,False,NON_PRIMARY,SUPPLEMENTARY_EVENT
libero_10/task_09/state_027/clean/attempt_01,libero_10,9,KITCHEN_SCENE6_put_the_yellow_and_white_mug_in_the_microwave_and_close_it,27,0,False,True,True,False,False,multi_stage_place_then_close,400,400,False,-1,0.0,True,False,NON_PRIMARY,SUPPLEMENTARY_EVENT
libero_10/task_09/state_028/clean/attempt_01,libero_10,9,KITCHEN_SCENE6_put_the_yellow_and_white_mug_in_the_microwave_and_close_it,28,0,False,True,True,False,False,multi_stage_place_then_close,400,400,False,-1,0.0,True,False,NON_PRIMARY,SUPPLEMENTARY_EVENT
libero_10/task_09/state_029/clean/attempt_01,libero_10,9,KITCHEN_SCENE6_put_the_yellow_and_white_mug_in_the_microwave_and_close_it,29,0,True,True,True,False,False,multi_stage_place_then_close,297,297,False,-1,0.0,True,False,NON_PRIMARY,SUPPLEMENTARY_EVENT
libero_10/task_09/state_030/clean/attempt_01,libero_10,9,KITCHEN_SCENE6_put_the_yellow_and_white_mug_in_the_microwave_and_close_it,30,0,False,True,True,False,False,multi_stage_place_then_close,400,400,False,-1,0.0,True,False,NON_PRIMARY,SUPPLEMENTARY_EVENT
libero_10/task_09/state_031/clean/attempt_01,libero_10,9,KITCHEN_SCENE6_put_the_yellow_and_white_mug_in_the_microwave_and_close_it,31,0,False,True,True,False,False,multi_stage_place_then_close,400,400,False,-1,0.0,True,False,NON_PRIMARY,SUPPLEMENTARY_EVENT
libero_10/task_09/state_032/clean/attempt_01,libero_10,9,KITCHEN_SCENE6_put_the_yellow_and_white_mug_in_the_microwave_and_close_it,32,0,True,True,True,False,False,multi_stage_place_then_close,264,264,False,-1,0.0,True,False,NON_PRIMARY,SUPPLEMENTARY_EVENT
libero_10/task_09/state_033/clean/attempt_01,libero_10,9,KITCHEN_SCENE6_put_the_yellow_and_white_mug_in_the_microwave_and_close_it,33,0,True,True,True,False,False,multi_stage_place_then_close,257,257,False,-1,0.0,True,False,NON_PRIMARY,SUPPLEMENTARY_EVENT
libero_10/task_09/state_034/clean/attempt_01,libero_10,9,KITCHEN_SCENE6_put_the_yellow_and_white_mug_in_the_microwave_and_close_it,34,0,True,True,True,False,False,multi_stage_place_then_close,354,354,False,-1,0.0,True,False,NON_PRIMARY,SUPPLEMENTARY_EVENT
libero_10/task_09/state_035/clean/attempt_01,libero_10,9,KITCHEN_SCENE6_put_the_yellow_and_white_mug_in_the_microwave_and_close_it,35,0,False,True,True,False,False,multi_stage_place_then_close,400,400,False,-1,0.0,True,False,NON_PRIMARY,SUPPLEMENTARY_EVENT
libero_10/task_09/state_036/clean/attempt_01,libero_10,9,KITCHEN_SCENE6_put_the_yellow_and_white_mug_in_the_microwave_and_close_it,36,0,False,True,True,False,False,multi_stage_place_then_close,400,400,False,-1,0.0,True,False,NON_PRIMARY,SUPPLEMENTARY_EVENT
libero_10/task_09/state_037/clean/attempt_01,libero_10,9,KITCHEN_SCENE6_put_the_yellow_and_white_mug_in_the_microwave_and_close_it,37,0,True,True,True,False,False,multi_stage_place_then_close,294,294,False,-1,0.0,True,False,NON_PRIMARY,SUPPLEMENTARY_EVENT
libero_10/task_09/state_038/clean/attempt_01,libero_10,9,KITCHEN_SCENE6_put_the_yellow_and_white_mug_in_the_microwave_and_close_it,38,0,False,True,True,False,False,multi_stage_place_then_close,400,400,False,-1,0.0,True,False,NON_PRIMARY,SUPPLEMENTARY_EVENT
libero_10/task_09/state_039/clean/attempt_01,libero_10,9,KITCHEN_SCENE6_put_the_yellow_and_white_mug_in_the_microwave_and_close_it,39,0,False,True,True,False,False,multi_stage_place_then_close,400,400,False,-1,0.0,True,False,NON_PRIMARY,SUPPLEMENTARY_EVENT
libero_10/task_09/state_040/clean/attempt_01,libero_10,9,KITCHEN_SCENE6_put_the_yellow_and_white_mug_in_the_microwave_and_close_it,40,0,True,True,True,False,False,multi_stage_place_then_close,248,248,False,-1,0.0,True,False,NON_PRIMARY,SUPPLEMENTARY_EVENT
libero_10/task_09/state_041/clean/attempt_01,libero_10,9,KITCHEN_SCENE6_put_the_yellow_and_white_mug_in_the_microwave_and_close_it,41,0,True,True,True,False,False,multi_stage_place_then_close,309,309,False,-1,0.0,True,False,NON_PRIMARY,SUPPLEMENTARY_EVENT
libero_10/task_09/state_042/clean/attempt_01,libero_10,9,KITCHEN_SCENE6_put_the_yellow_and_white_mug_in_the_microwave_and_close_it,42,0,False,True,True,False,False,multi_stage_place_then_close,400,400,False,-1,0.0,True,False,NON_PRIMARY,SUPPLEMENTARY_EVENT
libero_10/task_09/state_043/clean/attempt_01,libero_10,9,KITCHEN_SCENE6_put_the_yellow_and_white_mug_in_the_microwave_and_close_it,43,0,True,True,True,False,False,multi_stage_place_then_close,278,278,False,-1,0.0,True,False,NON_PRIMARY,SUPPLEMENTARY_EVENT
libero_10/task_09/state_044/clean/attempt_01,libero_10,9,KITCHEN_SCENE6_put_the_yellow_and_white_mug_in_the_microwave_and_close_it,44,0,False,True,True,False,False,multi_stage_place_then_close,400,400,False,-1,0.0,True,False,NON_PRIMARY,SUPPLEMENTARY_EVENT
libero_10/task_09/state_045/clean/attempt_01,libero_10,9,KITCHEN_SCENE6_put_the_yellow_and_white_mug_in_the_microwave_and_close_it,45,0,True,True,True,False,False,multi_stage_place_then_close,307,307,False,-1,0.0,True,False,NON_PRIMARY,SUPPLEMENTARY_EVENT
libero_10/task_09/state_046/clean/attempt_01,libero_10,9,KITCHEN_SCENE6_put_the_yellow_and_white_mug_in_the_microwave_and_close_it,46,0,False,True,True,False,False,multi_stage_place_then_close,400,400,False,-1,0.0,True,False,NON_PRIMARY,SUPPLEMENTARY_EVENT
libero_10/task_09/state_047/clean/attempt_01,libero_10,9,KITCHEN_SCENE6_put_the_yellow_and_white_mug_in_the_microwave_and_close_it,47,0,True,True,True,False,False,multi_stage_place_then_close,255,255,False,-1,0.0,True,False,NON_PRIMARY,SUPPLEMENTARY_EVENT
libero_10/task_09/state_048/clean/attempt_01,libero_10,9,KITCHEN_SCENE6_put_the_yellow_and_white_mug_in_the_microwave_and_close_it,48,0,True,True,True,False,False,multi_stage_place_then_close,364,364,False,-1,0.0,True,False,NON_PRIMARY,SUPPLEMENTARY_EVENT
libero_10/task_09/state_049/clean/attempt_01,libero_10,9,KITCHEN_SCENE6_put_the_yellow_and_white_mug_in_the_microwave_and_close_it,49,0,False,True,True,False,False,multi_stage_place_then_close,400,400,False,-1,0.0,True,False,NON_PRIMARY,SUPPLEMENTARY_EVENT
libero_goal/task_00/state_000/clean/attempt_01,libero_goal,0,open_the_middle_drawer_of_the_cabinet,0,0,False,True,True,False,False,articulated_task_no_pick_place,400,400,False,-1,0.0,True,False,NON_PRIMARY,SUPPLEMENTARY_EVENT
libero_goal/task_00/state_001/clean/attempt_01,libero_goal,0,open_the_middle_drawer_of_the_cabinet,1,0,False,True,True,False,False,articulated_task_no_pick_place,400,400,False,-1,0.0,True,False,NON_PRIMARY,SUPPLEMENTARY_EVENT
libero_goal/task_00/state_002/clean/attempt_01,libero_goal,0,open_the_middle_drawer_of_the_cabinet,2,0,True,True,True,False,False,articulated_task_no_pick_place,116,116,False,-1,0.0,True,False,NON_PRIMARY,SUPPLEMENTARY_EVENT
libero_goal/task_00/state_003/clean/attempt_01,libero_goal,0,open_the_middle_drawer_of_the_cabinet,3,0,False,True,True,False,False,articulated_task_no_pick_place,400,400,False,-1,0.0,True,False,NON_PRIMARY,SUPPLEMENTARY_EVENT
libero_goal/task_00/state_004/clean/attempt_01,libero_goal,0,open_the_middle_drawer_of_the_cabinet,4,0,True,True,True,False,False,articulated_task_no_pick_place,121,121,False,-1,0.0,True,False,NON_PRIMARY,SUPPLEMENTARY_EVENT
libero_goal/task_00/state_005/clean/attempt_01,libero_goal,0,open_the_middle_drawer_of_the_cabinet,5,0,True,True,True,False,False,articulated_task_no_pick_place,118,118,False,-1,0.0,True,False,NON_PRIMARY,SUPPLEMENTARY_EVENT
libero_goal/task_00/state_006/clean/attempt_01,libero_goal,0,open_the_middle_drawer_of_the_cabinet,6,0,False,True,True,False,False,articulated_task_no_pick_place,400,400,False,-1,0.0,True,False,NON_PRIMARY,SUPPLEMENTARY_EVENT
libero_goal/task_00/state_007/clean/attempt_01,libero_goal,0,open_the_middle_drawer_of_the_cabinet,7,0,True,True,True,False,False,articulated_task_no_pick_place,118,118,False,-1,0.0,True,False,NON_PRIMARY,SUPPLEMENTARY_EVENT
libero_goal/task_00/state_008/clean/attempt_01,libero_goal,0,open_the_middle_drawer_of_the_cabinet,8,0,True,True,True,False,False,articulated_task_no_pick_place,262,262,False,-1,0.0,True,False,NON_PRIMARY,SUPPLEMENTARY_EVENT
libero_goal/task_00/state_009/clean/attempt_01,libero_goal,0,open_the_middle_drawer_of_the_cabinet,9,0,False,True,True,False,False,articulated_task_no_pick_place,400,400,False,-1,0.0,True,False,NON_PRIMARY,SUPPLEMENTARY_EVENT
libero_goal/task_00/state_010/clean/attempt_01,libero_goal,0,open_the_middle_drawer_of_the_cabinet,10,0,True,True,True,False,False,articulated_task_no_pick_place,334,334,False,-1,0.0,True,False,NON_PRIMARY,SUPPLEMENTARY_EVENT
libero_goal/task_00/state_011/clean/attempt_01,libero_goal,0,open_the_middle_drawer_of_the_cabinet,11,0,False,True,True,False,False,articulated_task_no_pick_place,400,400,False,-1,0.0,True,False,NON_PRIMARY,SUPPLEMENTARY_EVENT
libero_goal/task_00/state_012/clean/attempt_01,libero_goal,0,open_the_middle_drawer_of_the_cabinet,12,0,True,True,True,False,False,articulated_task_no_pick_place,123,123,False,-1,0.0,True,False,NON_PRIMARY,SUPPLEMENTARY_EVENT
libero_goal/task_00/state_013/clean/attempt_01,libero_goal,0,open_the_middle_drawer_of_the_cabinet,13,0,True,True,True,False,False,articulated_task_no_pick_place,159,159,False,-1,0.0,True,False,NON_PRIMARY,SUPPLEMENTARY_EVENT
libero_goal/task_00/state_014/clean/attempt_01,libero_goal,0,open_the_middle_drawer_of_the_cabinet,14,0,True,True,True,False,False,articulated_task_no_pick_place,205,205,False,-1,0.0,True,False,NON_PRIMARY,SUPPLEMENTARY_EVENT
libero_goal/task_00/state_015/clean/attempt_01,libero_goal,0,open_the_middle_drawer_of_the_cabinet,15,0,True,True,True,False,False,articulated_task_no_pick_place,138,138,False,-1,0.0,True,False,NON_PRIMARY,SUPPLEMENTARY_EVENT
libero_goal/task_00/state_016/clean/attempt_01,libero_goal,0,open_the_middle_drawer_of_the_cabinet,16,0,True,True,True,False,False,articulated_task_no_pick_place,168,168,False,-1,0.0,True,False,NON_PRIMARY,SUPPLEMENTARY_EVENT
libero_goal/task_00/state_017/clean/attempt_01,libero_goal,0,open_the_middle_drawer_of_the_cabinet,17,0,True,True,True,False,False,articulated_task_no_pick_place,296,296,False,-1,0.0,True,False,NON_PRIMARY,SUPPLEMENTARY_EVENT
libero_goal/task_00/state_018/clean/attempt_01,libero_goal,0,open_the_middle_drawer_of_the_cabinet,18,0,False,True,True,False,False,articulated_task_no_pick_place,400,400,False,-1,0.0,True,False,NON_PRIMARY,SUPPLEMENTARY_EVENT
libero_goal/task_00/state_019/clean/attempt_01,libero_goal,0,open_the_middle_drawer_of_the_cabinet,19,0,True,True,True,False,False,articulated_task_no_pick_place,140,140,False,-1,0.0,True,False,NON_PRIMARY,SUPPLEMENTARY_EVENT
libero_goal/task_00/state_020/clean/attempt_01,libero_goal,0,open_the_middle_drawer_of_the_cabinet,20,0,False,True,True,False,False,articulated_task_no_pick_place,400,400,False,-1,0.0,True,False,NON_PRIMARY,SUPPLEMENTARY_EVENT
libero_goal/task_00/state_021/clean/attempt_01,libero_goal,0,open_the_middle_drawer_of_the_cabinet,21,0,True,True,True,False,False,articulated_task_no_pick_place,130,130,False,-1,0.0,True,False,NON_PRIMARY,SUPPLEMENTARY_EVENT
libero_goal/task_00/state_022/clean/attempt_01,libero_goal,0,open_the_middle_drawer_of_the_cabinet,22,0,False,True,True,False,False,articulated_task_no_pick_place,400,400,False,-1,0.0,True,False,NON_PRIMARY,SUPPLEMENTARY_EVENT
libero_goal/task_00/state_023/clean/attempt_01,libero_goal,0,open_the_middle_drawer_of_the_cabinet,23,0,False,True,True,False,False,articulated_task_no_pick_place,400,400,False,-1,0.0,True,False,NON_PRIMARY,SUPPLEMENTARY_EVENT
libero_goal/task_00/state_024/clean/attempt_01,libero_goal,0,open_the_middle_drawer_of_the_cabinet,24,0,True,True,True,False,False,articulated_task_no_pick_place,148,148,False,-1,0.0,True,False,NON_PRIMARY,SUPPLEMENTARY_EVENT
libero_goal/task_00/state_025/clean/attempt_01,libero_goal,0,open_the_middle_drawer_of_the_cabinet,25,0,False,True,True,False,False,articulated_task_no_pick_place,400,400,False,-1,0.0,True,False,NON_PRIMARY,SUPPLEMENTARY_EVENT
libero_goal/task_00/state_026/clean/attempt_01,libero_goal,0,open_the_middle_drawer_of_the_cabinet,26,0,True,True,True,False,False,articulated_task_no_pick_place,124,124,False,-1,0.0,True,False,NON_PRIMARY,SUPPLEMENTARY_EVENT
libero_goal/task_00/state_027/clean/attempt_01,libero_goal,0,open_the_middle_drawer_of_the_cabinet,27,0,True,True,True,False,False,articulated_task_no_pick_place,107,107,False,-1,0.0,True,False,NON_PRIMARY,SUPPLEMENTARY_EVENT
libero_goal/task_00/state_028/clean/attempt_01,libero_goal,0,open_the_middle_drawer_of_the_cabinet,28,0,False,True,True,False,False,articulated_task_no_pick_place,400,400,False,-1,0.0,True,False,NON_PRIMARY,SUPPLEMENTARY_EVENT
libero_goal/task_00/state_029/clean/attempt_01,libero_goal,0,open_the_middle_drawer_of_the_cabinet,29,0,True,True,True,False,False,articulated_task_no_pick_place,154,154,False,-1,0.0,True,False,NON_PRIMARY,SUPPLEMENTARY_EVENT
libero_goal/task_00/state_030/clean/attempt_01,libero_goal,0,open_the_middle_drawer_of_the_cabinet,30,0,True,True,True,False,False,articulated_task_no_pick_place,180,180,False,-1,0.0,True,False,NON_PRIMARY,SUPPLEMENTARY_EVENT
libero_goal/task_00/state_031/clean/attempt_01,libero_goal,0,open_the_middle_drawer_of_the_cabinet,31,0,False,True,True,False,False,articulated_task_no_pick_place,400,400,False,-1,0.0,True,False,NON_PRIMARY,SUPPLEMENTARY_EVENT
libero_goal/task_00/state_032/clean/attempt_01,libero_goal,0,open_the_middle_drawer_of_the_cabinet,32,0,True,True,True,False,False,articulated_task_no_pick_place,214,214,False,-1,0.0,True,False,NON_PRIMARY,SUPPLEMENTARY_EVENT
libero_goal/task_00/state_033/clean/attempt_01,libero_goal,0,open_the_middle_drawer_of_the_cabinet,33,0,True,True,True,False,False,articulated_task_no_pick_place,302,302,False,-1,0.0,True,False,NON_PRIMARY,SUPPLEMENTARY_EVENT
libero_goal/task_00/state_034/clean/attempt_01,libero_goal,0,open_the_middle_drawer_of_the_cabinet,34,0,True,True,True,False,False,articulated_task_no_pick_place,260,260,False,-1,0.0,True,False,NON_PRIMARY,SUPPLEMENTARY_EVENT
libero_goal/task_00/state_035/clean/attempt_01,libero_goal,0,open_the_middle_drawer_of_the_cabinet,35,0,False,True,True,False,False,articulated_task_no_pick_place,400,400,False,-1,0.0,True,False,NON_PRIMARY,SUPPLEMENTARY_EVENT
libero_goal/task_00/state_036/clean/attempt_01,libero_goal,0,open_the_middle_drawer_of_the_cabinet,36,0,False,True,True,False,False,articulated_task_no_pick_place,400,400,False,-1,0.0,True,False,NON_PRIMARY,SUPPLEMENTARY_EVENT
libero_goal/task_00/state_037/clean/attempt_01,libero_goal,0,open_the_middle_drawer_of_the_cabinet,37,0,True,True,True,False,False,articulated_task_no_pick_place,269,269,False,-1,0.0,True,False,NON_PRIMARY,SUPPLEMENTARY_EVENT
libero_goal/task_00/state_038/clean/attempt_01,libero_goal,0,open_the_middle_drawer_of_the_cabinet,38,0,True,True,True,False,False,articulated_task_no_pick_place,166,166,False,-1,0.0,True,False,NON_PRIMARY,SUPPLEMENTARY_EVENT
libero_goal/task_00/state_039/clean/attempt_01,libero_goal,0,open_the_middle_drawer_of_the_cabinet,39,0,False,True,True,False,False,articulated_task_no_pick_place,400,400,False,-1,0.0,True,False,NON_PRIMARY,SUPPLEMENTARY_EVENT
libero_goal/task_00/state_040/clean/attempt_01,libero_goal,0,open_the_middle_drawer_of_the_cabinet,40,0,False,True,True,False,False,articulated_task_no_pick_place,400,400,False,-1,0.0,True,False,NON_PRIMARY,SUPPLEMENTARY_EVENT
libero_goal/task_00/state_041/clean/attempt_01,libero_goal,0,open_the_middle_drawer_of_the_cabinet,41,0,True,True,True,False,False,articulated_task_no_pick_place,158,158,False,-1,0.0,True,False,NON_PRIMARY,SUPPLEMENTARY_EVENT
libero_goal/task_00/state_042/clean/attempt_01,libero_goal,0,open_the_middle_drawer_of_the_cabinet,42,0,True,True,True,False,False,articulated_task_no_pick_place,138,138,False,-1,0.0,True,False,NON_PRIMARY,SUPPLEMENTARY_EVENT
libero_goal/task_00/state_043/clean/attempt_01,libero_goal,0,open_the_middle_drawer_of_the_cabinet,43,0,False,True,True,False,False,articulated_task_no_pick_place,400,400,False,-1,0.0,True,False,NON_PRIMARY,SUPPLEMENTARY_EVENT
libero_goal/task_00/state_044/clean/attempt_01,libero_goal,0,open_the_middle_drawer_of_the_cabinet,44,0,True,True,True,False,False,articulated_task_no_pick_place,141,141,False,-1,0.0,True,False,NON_PRIMARY,SUPPLEMENTARY_EVENT
libero_goal/task_00/state_045/clean/attempt_01,libero_goal,0,open_the_middle_drawer_of_the_cabinet,45,0,True,True,True,False,False,articulated_task_no_pick_place,116,116,False,-1,0.0,True,False,NON_PRIMARY,SUPPLEMENTARY_EVENT
libero_goal/task_00/state_046/clean/attempt_01,libero_goal,0,open_the_middle_drawer_of_the_cabinet,46,0,True,True,True,False,False,articulated_task_no_pick_place,128,128,False,-1,0.0,True,False,NON_PRIMARY,SUPPLEMENTARY_EVENT
libero_goal/task_00/state_047/clean/attempt_01,libero_goal,0,open_the_middle_drawer_of_the_cabinet,47,0,True,True,True,False,False,articulated_task_no_pick_place,126,126,False,-1,0.0,True,False,NON_PRIMARY,SUPPLEMENTARY_EVENT
libero_goal/task_00/state_048/clean/attempt_01,libero_goal,0,open_the_middle_drawer_of_the_cabinet,48,0,True,True,True,False,False,articulated_task_no_pick_place,108,108,False,-1,0.0,True,False,NON_PRIMARY,SUPPLEMENTARY_EVENT
libero_goal/task_00/state_049/clean/attempt_01,libero_goal,0,open_the_middle_drawer_of_the_cabinet,49,0,True,True,True,False,False,articulated_task_no_pick_place,128,128,False,-1,0.0,True,False,NON_PRIMARY,SUPPLEMENTARY_EVENT
libero_goal/task_01/state_000/clean/attempt_01,libero_goal,1,put_the_bowl_on_the_stove,0,0,True,True,True,True,True,none,81,81,True,0,0.5,True,True,PRIMARY,PRIMARY_ELIGIBLE
libero_goal/task_01/state_001/clean/attempt_01,libero_goal,1,put_the_bowl_on_the_stove,1,0,True,True,True,True,True,none,87,87,True,0,0.5,True,True,PRIMARY,PRIMARY_ELIGIBLE
libero_goal/task_01/state_002/clean/attempt_01,libero_goal,1,put_the_bowl_on_the_stove,2,0,True,True,True,True,True,none,78,78,True,0,0.5,True,True,PRIMARY,PRIMARY_ELIGIBLE
libero_goal/task_01/state_003/clean/attempt_01,libero_goal,1,put_the_bowl_on_the_stove,3,0,True,True,True,True,True,none,85,85,True,0,0.5,True,True,PRIMARY,PRIMARY_ELIGIBLE
libero_goal/task_01/state_004/clean/attempt_01,libero_goal,1,put_the_bowl_on_the_stove,4,0,True,True,True,True,True,none,92,92,True,0,0.5,True,True,PRIMARY,PRIMARY_ELIGIBLE
libero_goal/task_01/state_005/clean/attempt_01,libero_goal,1,put_the_bowl_on_the_stove,5,0,True,True,True,True,True,none,91,91,True,0,0.5,True,True,PRIMARY,PRIMARY_ELIGIBLE
libero_goal/task_01/state_006/clean/attempt_01,libero_goal,1,put_the_bowl_on_the_stove,6,0,True,True,True,True,True,none,129,129,True,0,0.5,True,True,PRIMARY,PRIMARY_ELIGIBLE
libero_goal/task_01/state_007/clean/attempt_01,libero_goal,1,put_the_bowl_on_the_stove,7,0,False,True,True,True,True,none,400,400,True,0,0.5,True,True,NON_PRIMARY,CLEAN_FAILURE_SAFETY
libero_goal/task_01/state_008/clean/attempt_01,libero_goal,1,put_the_bowl_on_the_stove,8,0,True,True,True,True,True,none,83,83,True,0,0.5,True,True,PRIMARY,PRIMARY_ELIGIBLE
libero_goal/task_01/state_009/clean/attempt_01,libero_goal,1,put_the_bowl_on_the_stove,9,0,True,True,True,True,True,none,95,95,True,0,0.5,True,True,PRIMARY,PRIMARY_ELIGIBLE
libero_goal/task_01/state_010/clean/attempt_01,libero_goal,1,put_the_bowl_on_the_stove,10,0,True,True,True,True,True,none,80,80,True,0,0.5,True,True,PRIMARY,PRIMARY_ELIGIBLE
libero_goal/task_01/state_011/clean/attempt_01,libero_goal,1,put_the_bowl_on_the_stove,11,0,False,True,True,True,True,none,400,400,True,0,0.5,True,True,NON_PRIMARY,CLEAN_FAILURE_SAFETY
libero_goal/task_01/state_012/clean/attempt_01,libero_goal,1,put_the_bowl_on_the_stove,12,0,False,True,True,True,True,none,400,400,True,0,0.5,True,True,NON_PRIMARY,CLEAN_FAILURE_SAFETY
libero_goal/task_01/state_013/clean/attempt_01,libero_goal,1,put_the_bowl_on_the_stove,13,0,True,True,True,True,True,none,84,84,True,0,0.5,True,True,PRIMARY,PRIMARY_ELIGIBLE
libero_goal/task_01/state_014/clean/attempt_01,libero_goal,1,put_the_bowl_on_the_stove,14,0,True,True,True,True,True,none,86,86,True,0,0.5,True,True,PRIMARY,PRIMARY_ELIGIBLE
libero_goal/task_01/state_015/clean/attempt_01,libero_goal,1,put_the_bowl_on_the_stove,15,0,True,True,True,True,True,none,97,97,True,0,0.5,True,True,PRIMARY,PRIMARY_ELIGIBLE
libero_goal/task_01/state_016/clean/attempt_01,libero_goal,1,put_the_bowl_on_the_stove,16,0,True,True,True,True,True,none,86,86,True,0,0.5,True,True,PRIMARY,PRIMARY_ELIGIBLE
libero_goal/task_01/state_017/clean/attempt_01,libero_goal,1,put_the_bowl_on_the_stove,17,0,True,True,True,True,True,none,93,93,True,0,0.5,True,True,PRIMARY,PRIMARY_ELIGIBLE
libero_goal/task_01/state_018/clean/attempt_01,libero_goal,1,put_the_bowl_on_the_stove,18,0,False,True,True,True,True,none,400,400,True,0,0.5,True,True,NON_PRIMARY,CLEAN_FAILURE_SAFETY
libero_goal/task_01/state_019/clean/attempt_01,libero_goal,1,put_the_bowl_on_the_stove,19,0,True,True,True,True,True,none,74,74,True,0,0.5,True,True,PRIMARY,PRIMARY_ELIGIBLE
libero_goal/task_01/state_020/clean/attempt_01,libero_goal,1,put_the_bowl_on_the_stove,20,0,True,True,True,True,True,none,85,85,True,0,0.5,True,True,PRIMARY,PRIMARY_ELIGIBLE
libero_goal/task_01/state_021/clean/attempt_01,libero_goal,1,put_the_bowl_on_the_stove,21,0,True,True,True,True,True,none,89,89,True,0,0.5,True,True,PRIMARY,PRIMARY_ELIGIBLE
libero_goal/task_01/state_022/clean/attempt_01,libero_goal,1,put_the_bowl_on_the_stove,22,0,True,True,True,True,True,none,93,93,True,0,0.5,True,True,PRIMARY,PRIMARY_ELIGIBLE
libero_goal/task_01/state_023/clean/attempt_01,libero_goal,1,put_the_bowl_on_the_stove,23,0,True,True,True,True,True,none,84,84,True,0,0.5,True,True,PRIMARY,PRIMARY_ELIGIBLE
libero_goal/task_01/state_024/clean/attempt_01,libero_goal,1,put_the_bowl_on_the_stove,24,0,False,True,True,True,True,none,400,400,True,0,0.5,True,True,NON_PRIMARY,CLEAN_FAILURE_SAFETY
libero_goal/task_01/state_025/clean/attempt_01,libero_goal,1,put_the_bowl_on_the_stove,25,0,True,True,True,True,True,none,134,134,True,0,0.5,True,True,PRIMARY,PRIMARY_ELIGIBLE
libero_goal/task_01/state_026/clean/attempt_01,libero_goal,1,put_the_bowl_on_the_stove,26,0,True,True,True,True,True,none,99,99,True,0,0.5,True,True,PRIMARY,PRIMARY_ELIGIBLE
libero_goal/task_01/state_027/clean/attempt_01,libero_goal,1,put_the_bowl_on_the_stove,27,0,True,True,True,True,True,none,86,86,True,0,0.5,True,True,PRIMARY,PRIMARY_ELIGIBLE
libero_goal/task_01/state_028/clean/attempt_01,libero_goal,1,put_the_bowl_on_the_stove,28,0,True,True,True,True,True,none,93,93,True,0,0.5,True,True,PRIMARY,PRIMARY_ELIGIBLE
libero_goal/task_01/state_029/clean/attempt_01,libero_goal,1,put_the_bowl_on_the_stove,29,0,True,True,True,True,True,none,96,96,True,0,0.5,True,True,PRIMARY,PRIMARY_ELIGIBLE
libero_goal/task_01/state_030/clean/attempt_01,libero_goal,1,put_the_bowl_on_the_stove,30,0,True,True,True,True,True,none,88,88,True,0,0.5,True,True,PRIMARY,PRIMARY_ELIGIBLE
libero_goal/task_01/state_031/clean/attempt_01,libero_goal,1,put_the_bowl_on_the_stove,31,0,True,True,True,True,True,none,87,87,True,0,0.5,True,True,PRIMARY,PRIMARY_ELIGIBLE
libero_goal/task_01/state_032/clean/attempt_01,libero_goal,1,put_the_bowl_on_the_stove,32,0,True,True,True,True,True,none,127,127,True,0,0.5,True,True,PRIMARY,PRIMARY_ELIGIBLE
libero_goal/task_01/state_033/clean/attempt_01,libero_goal,1,put_the_bowl_on_the_stove,33,0,True,True,True,True,True,none,85,85,True,0,0.5,True,True,PRIMARY,PRIMARY_ELIGIBLE
libero_goal/task_01/state_034/clean/attempt_01,libero_goal,1,put_the_bowl_on_the_stove,34,0,True,True,True,True,True,none,77,77,True,0,0.5,True,True,PRIMARY,PRIMARY_ELIGIBLE
libero_goal/task_01/state_035/clean/attempt_01,libero_goal,1,put_the_bowl_on_the_stove,35,0,True,True,True,True,True,none,73,73,True,0,0.5,True,True,PRIMARY,PRIMARY_ELIGIBLE
libero_goal/task_01/state_036/clean/attempt_01,libero_goal,1,put_the_bowl_on_the_stove,36,0,True,True,True,True,True,none,85,85,True,0,0.5,True,True,PRIMARY,PRIMARY_ELIGIBLE
libero_goal/task_01/state_037/clean/attempt_01,libero_goal,1,put_the_bowl_on_the_stove,37,0,True,True,True,True,True,none,80,80,True,0,0.5,True,True,PRIMARY,PRIMARY_ELIGIBLE
libero_goal/task_01/state_038/clean/attempt_01,libero_goal,1,put_the_bowl_on_the_stove,38,0,True,True,True,True,True,none,94,94,True,0,0.5,True,True,PRIMARY,PRIMARY_ELIGIBLE
libero_goal/task_01/state_039/clean/attempt_01,libero_goal,1,put_the_bowl_on_the_stove,39,0,True,True,True,True,True,none,85,85,True,0,0.5,True,True,PRIMARY,PRIMARY_ELIGIBLE
libero_goal/task_01/state_040/clean/attempt_01,libero_goal,1,put_the_bowl_on_the_stove,40,0,True,True,True,True,True,none,117,117,True,0,0.5,True,True,PRIMARY,PRIMARY_ELIGIBLE
libero_goal/task_01/state_041/clean/attempt_01,libero_goal,1,put_the_bowl_on_the_stove,41,0,False,True,True,True,True,none,400,400,True,0,0.5,True,True,NON_PRIMARY,CLEAN_FAILURE_SAFETY
libero_goal/task_01/state_042/clean/attempt_01,libero_goal,1,put_the_bowl_on_the_stove,42,0,False,True,True,True,True,none,400,400,True,0,0.5,True,True,NON_PRIMARY,CLEAN_FAILURE_SAFETY
libero_goal/task_01/state_043/clean/attempt_01,libero_goal,1,put_the_bowl_on_the_stove,43,0,True,True,True,True,True,none,81,81,True,0,0.5,True,True,PRIMARY,PRIMARY_ELIGIBLE
libero_goal/task_01/state_044/clean/attempt_01,libero_goal,1,put_the_bowl_on_the_stove,44,0,True,True,True,True,True,none,96,96,True,0,0.5,True,True,PRIMARY,PRIMARY_ELIGIBLE
libero_goal/task_01/state_045/clean/attempt_01,libero_goal,1,put_the_bowl_on_the_stove,45,0,True,True,True,True,True,none,83,83,True,0,0.5,True,True,PRIMARY,PRIMARY_ELIGIBLE
libero_goal/task_01/state_046/clean/attempt_01,libero_goal,1,put_the_bowl_on_the_stove,46,0,True,True,True,True,True,none,88,88,True,0,0.5,True,True,PRIMARY,PRIMARY_ELIGIBLE
libero_goal/task_01/state_047/clean/attempt_01,libero_goal,1,put_the_bowl_on_the_stove,47,0,True,True,True,True,True,none,118,118,True,0,0.5,True,True,PRIMARY,PRIMARY_ELIGIBLE
libero_goal/task_01/state_048/clean/attempt_01,libero_goal,1,put_the_bowl_on_the_stove,48,0,True,True,True,True,True,none,82,82,True,0,0.5,True,True,PRIMARY,PRIMARY_ELIGIBLE
libero_goal/task_01/state_049/clean/attempt_01,libero_goal,1,put_the_bowl_on_the_stove,49,0,True,True,True,True,True,none,82,82,True,0,0.5,True,True,PRIMARY,PRIMARY_ELIGIBLE
libero_goal/task_02/state_000/clean/attempt_01,libero_goal,2,put_the_wine_bottle_on_top_of_the_cabinet,0,0,True,True,True,True,True,none,88,88,True,0,0.5,True,True,PRIMARY,PRIMARY_ELIGIBLE
libero_goal/task_02/state_001/clean/attempt_01,libero_goal,2,put_the_wine_bottle_on_top_of_the_cabinet,1,0,False,True,True,True,True,none,400,400,True,0,0.5,True,True,NON_PRIMARY,CLEAN_FAILURE_SAFETY
libero_goal/task_02/state_002/clean/attempt_01,libero_goal,2,put_the_wine_bottle_on_top_of_the_cabinet,2,0,True,True,True,True,True,none,103,103,True,0,0.5,True,True,PRIMARY,PRIMARY_ELIGIBLE
libero_goal/task_02/state_003/clean/attempt_01,libero_goal,2,put_the_wine_bottle_on_top_of_the_cabinet,3,0,True,True,True,True,True,none,288,288,True,0,0.5,True,True,PRIMARY,PRIMARY_ELIGIBLE
libero_goal/task_02/state_004/clean/attempt_01,libero_goal,2,put_the_wine_bottle_on_top_of_the_cabinet,4,0,True,True,True,True,True,none,83,83,True,0,0.5,True,True,PRIMARY,PRIMARY_ELIGIBLE
libero_goal/task_02/state_005/clean/attempt_01,libero_goal,2,put_the_wine_bottle_on_top_of_the_cabinet,5,0,False,True,True,True,True,none,400,400,True,0,0.5,True,True,NON_PRIMARY,CLEAN_FAILURE_SAFETY
libero_goal/task_02/state_006/clean/attempt_01,libero_goal,2,put_the_wine_bottle_on_top_of_the_cabinet,6,0,True,True,True,True,True,none,84,84,True,0,0.5,True,True,PRIMARY,PRIMARY_ELIGIBLE
libero_goal/task_02/state_007/clean/attempt_01,libero_goal,2,put_the_wine_bottle_on_top_of_the_cabinet,7,0,True,True,True,True,True,none,137,137,True,0,0.5,True,True,PRIMARY,PRIMARY_ELIGIBLE
libero_goal/task_02/state_008/clean/attempt_01,libero_goal,2,put_the_wine_bottle_on_top_of_the_cabinet,8,0,False,True,True,True,True,none,400,400,True,0,0.5,True,True,NON_PRIMARY,CLEAN_FAILURE_SAFETY
libero_goal/task_02/state_009/clean/attempt_01,libero_goal,2,put_the_wine_bottle_on_top_of_the_cabinet,9,0,True,True,True,True,True,none,88,88,True,0,0.5,True,True,PRIMARY,PRIMARY_ELIGIBLE
libero_goal/task_02/state_010/clean/attempt_01,libero_goal,2,put_the_wine_bottle_on_top_of_the_cabinet,10,0,True,True,True,True,True,none,76,76,True,0,0.5,True,True,PRIMARY,PRIMARY_ELIGIBLE
libero_goal/task_02/state_011/clean/attempt_01,libero_goal,2,put_the_wine_bottle_on_top_of_the_cabinet,11,0,True,True,True,True,True,none,85,85,True,0,0.5,True,True,PRIMARY,PRIMARY_ELIGIBLE
libero_goal/task_02/state_012/clean/attempt_01,libero_goal,2,put_the_wine_bottle_on_top_of_the_cabinet,12,0,True,True,True,True,True,none,102,102,True,0,0.5,True,True,PRIMARY,PRIMARY_ELIGIBLE
libero_goal/task_02/state_013/clean/attempt_01,libero_goal,2,put_the_wine_bottle_on_top_of_the_cabinet,13,0,True,True,True,True,True,none,147,147,True,0,0.5,True,True,PRIMARY,PRIMARY_ELIGIBLE
libero_goal/task_02/state_014/clean/attempt_01,libero_goal,2,put_the_wine_bottle_on_top_of_the_cabinet,14,0,False,True,True,True,True,none,400,400,True,0,0.5,True,True,NON_PRIMARY,CLEAN_FAILURE_SAFETY
libero_goal/task_02/state_015/clean/attempt_01,libero_goal,2,put_the_wine_bottle_on_top_of_the_cabinet,15,0,True,True,True,True,True,none,159,159,True,0,0.5,True,True,PRIMARY,PRIMARY_ELIGIBLE
libero_goal/task_02/state_016/clean/attempt_01,libero_goal,2,put_the_wine_bottle_on_top_of_the_cabinet,16,0,True,True,True,True,True,none,125,125,True,0,0.5,True,True,PRIMARY,PRIMARY_ELIGIBLE
libero_goal/task_02/state_017/clean/attempt_01,libero_goal,2,put_the_wine_bottle_on_top_of_the_cabinet,17,0,True,True,True,True,True,none,153,153,True,0,0.5,True,True,PRIMARY,PRIMARY_ELIGIBLE
libero_goal/task_02/state_018/clean/attempt_01,libero_goal,2,put_the_wine_bottle_on_top_of_the_cabinet,18,0,True,True,True,True,True,none,84,84,True,0,0.5,True,True,PRIMARY,PRIMARY_ELIGIBLE
libero_goal/task_02/state_019/clean/attempt_01,libero_goal,2,put_the_wine_bottle_on_top_of_the_cabinet,19,0,True,True,True,True,True,none,83,83,True,0,0.5,True,True,PRIMARY,PRIMARY_ELIGIBLE
libero_goal/task_02/state_020/clean/attempt_01,libero_goal,2,put_the_wine_bottle_on_top_of_the_cabinet,20,0,True,True,True,True,True,none,87,87,True,0,0.5,True,True,PRIMARY,PRIMARY_ELIGIBLE
libero_goal/task_02/state_021/clean/attempt_01,libero_goal,2,put_the_wine_bottle_on_top_of_the_cabinet,21,0,True,True,True,True,True,none,93,93,True,0,0.5,True,True,PRIMARY,PRIMARY_ELIGIBLE
libero_goal/task_02/state_022/clean/attempt_01,libero_goal,2,put_the_wine_bottle_on_top_of_the_cabinet,22,0,True,True,True,True,True,none,110,110,True,0,0.5,True,True,PRIMARY,PRIMARY_ELIGIBLE
libero_goal/task_02/state_023/clean/attempt_01,libero_goal,2,put_the_wine_bottle_on_top_of_the_cabinet,23,0,True,True,True,True,True,none,89,89,True,0,0.5,True,True,PRIMARY,PRIMARY_ELIGIBLE
libero_goal/task_02/state_024/clean/attempt_01,libero_goal,2,put_the_wine_bottle_on_top_of_the_cabinet,24,0,True,True,True,True,True,none,85,85,True,0,0.5,True,True,PRIMARY,PRIMARY_ELIGIBLE
libero_goal/task_02/state_025/clean/attempt_01,libero_goal,2,put_the_wine_bottle_on_top_of_the_cabinet,25,0,True,True,True,True,True,none,79,79,True,0,0.5,True,True,PRIMARY,PRIMARY_ELIGIBLE
libero_goal/task_02/state_026/clean/attempt_01,libero_goal,2,put_the_wine_bottle_on_top_of_the_cabinet,26,0,True,True,True,True,True,none,137,137,True,0,0.5,True,True,PRIMARY,PRIMARY_ELIGIBLE
libero_goal/task_02/state_027/clean/attempt_01,libero_goal,2,put_the_wine_bottle_on_top_of_the_cabinet,27,0,True,True,True,True,True,none,101,101,True,0,0.5,True,True,PRIMARY,PRIMARY_ELIGIBLE
libero_goal/task_02/state_028/clean/attempt_01,libero_goal,2,put_the_wine_bottle_on_top_of_the_cabinet,28,0,False,True,True,True,True,none,400,400,True,0,0.5,True,True,NON_PRIMARY,CLEAN_FAILURE_SAFETY
libero_goal/task_02/state_029/clean/attempt_01,libero_goal,2,put_the_wine_bottle_on_top_of_the_cabinet,29,0,True,True,True,True,True,none,88,88,True,0,0.5,True,True,PRIMARY,PRIMARY_ELIGIBLE
libero_goal/task_02/state_030/clean/attempt_01,libero_goal,2,put_the_wine_bottle_on_top_of_the_cabinet,30,0,False,True,True,True,True,none,400,400,True,0,0.5,True,True,NON_PRIMARY,CLEAN_FAILURE_SAFETY
libero_goal/task_02/state_031/clean/attempt_01,libero_goal,2,put_the_wine_bottle_on_top_of_the_cabinet,31,0,True,True,True,True,True,none,292,292,True,0,0.5,True,True,PRIMARY,PRIMARY_ELIGIBLE
libero_goal/task_02/state_032/clean/attempt_01,libero_goal,2,put_the_wine_bottle_on_top_of_the_cabinet,32,0,True,True,True,True,True,none,90,90,True,0,0.5,True,True,PRIMARY,PRIMARY_ELIGIBLE
libero_goal/task_02/state_033/clean/attempt_01,libero_goal,2,put_the_wine_bottle_on_top_of_the_cabinet,33,0,False,True,True,True,True,none,400,400,True,0,0.5,True,True,NON_PRIMARY,CLEAN_FAILURE_SAFETY
libero_goal/task_02/state_034/clean/attempt_01,libero_goal,2,put_the_wine_bottle_on_top_of_the_cabinet,34,0,False,True,True,True,True,none,400,400,True,0,0.5,True,True,NON_PRIMARY,CLEAN_FAILURE_SAFETY
libero_goal/task_02/state_035/clean/attempt_01,libero_goal,2,put_the_wine_bottle_on_top_of_the_cabinet,35,0,False,True,True,True,True,none,400,400,True,0,0.5,True,True,NON_PRIMARY,CLEAN_FAILURE_SAFETY
libero_goal/task_02/state_036/clean/attempt_01,libero_goal,2,put_the_wine_bottle_on_top_of_the_cabinet,36,0,True,True,True,True,True,none,103,103,True,0,0.5,True,True,PRIMARY,PRIMARY_ELIGIBLE
libero_goal/task_02/state_037/clean/attempt_01,libero_goal,2,put_the_wine_bottle_on_top_of_the_cabinet,37,0,True,True,True,True,True,none,105,105,True,0,0.5,True,True,PRIMARY,PRIMARY_ELIGIBLE
libero_goal/task_02/state_038/clean/attempt_01,libero_goal,2,put_the_wine_bottle_on_top_of_the_cabinet,38,0,True,True,True,True,True,none,84,84,True,0,0.5,True,True,PRIMARY,PRIMARY_ELIGIBLE
libero_goal/task_02/state_039/clean/attempt_01,libero_goal,2,put_the_wine_bottle_on_top_of_the_cabinet,39,0,True,True,True,True,True,none,253,253,True,0,0.5,True,True,PRIMARY,PRIMARY_ELIGIBLE
libero_goal/task_02/state_040/clean/attempt_01,libero_goal,2,put_the_wine_bottle_on_top_of_the_cabinet,40,0,True,True,True,True,True,none,111,111,True,0,0.5,True,True,PRIMARY,PRIMARY_ELIGIBLE
libero_goal/task_02/state_041/clean/attempt_01,libero_goal,2,put_the_wine_bottle_on_top_of_the_cabinet,41,0,True,True,True,True,True,none,106,106,True,0,0.5,True,True,PRIMARY,PRIMARY_ELIGIBLE
libero_goal/task_02/state_042/clean/attempt_01,libero_goal,2,put_the_wine_bottle_on_top_of_the_cabinet,42,0,True,True,True,True,True,none,127,127,True,0,0.5,True,True,PRIMARY,PRIMARY_ELIGIBLE
libero_goal/task_02/state_043/clean/attempt_01,libero_goal,2,put_the_wine_bottle_on_top_of_the_cabinet,43,0,True,True,True,True,True,none,112,112,True,0,0.5,True,True,PRIMARY,PRIMARY_ELIGIBLE
libero_goal/task_02/state_044/clean/attempt_01,libero_goal,2,put_the_wine_bottle_on_top_of_the_cabinet,44,0,True,True,True,True,True,none,73,73,True,0,0.5,True,True,PRIMARY,PRIMARY_ELIGIBLE
libero_goal/task_02/state_045/clean/attempt_01,libero_goal,2,put_the_wine_bottle_on_top_of_the_cabinet,45,0,True,True,True,True,True,none,187,187,True,0,0.5,True,True,PRIMARY,PRIMARY_ELIGIBLE
libero_goal/task_02/state_046/clean/attempt_01,libero_goal,2,put_the_wine_bottle_on_top_of_the_cabinet,46,0,True,True,True,True,True,none,93,93,True,0,0.5,True,True,PRIMARY,PRIMARY_ELIGIBLE
libero_goal/task_02/state_047/clean/attempt_01,libero_goal,2,put_the_wine_bottle_on_top_of_the_cabinet,47,0,True,True,True,True,True,none,99,99,True,0,0.5,True,True,PRIMARY,PRIMARY_ELIGIBLE
libero_goal/task_02/state_048/clean/attempt_01,libero_goal,2,put_the_wine_bottle_on_top_of_the_cabinet,48,0,True,True,True,True,True,none,116,116,True,0,0.5,True,True,PRIMARY,PRIMARY_ELIGIBLE
libero_goal/task_02/state_049/clean/attempt_01,libero_goal,2,put_the_wine_bottle_on_top_of_the_cabinet,49,0,False,True,True,True,True,none,400,400,True,0,0.5,True,True,NON_PRIMARY,CLEAN_FAILURE_SAFETY
libero_goal/task_03/state_000/clean/attempt_01,libero_goal,3,open_the_top_drawer_and_put_the_bowl_inside,0,0,True,True,True,False,False,multi_stage_open_drawer_then_place,165,165,False,-1,0.0,True,False,NON_PRIMARY,SUPPLEMENTARY_EVENT
libero_goal/task_03/state_001/clean/attempt_01,libero_goal,3,open_the_top_drawer_and_put_the_bowl_inside,1,0,False,True,True,False,False,multi_stage_open_drawer_then_place,400,400,False,-1,0.0,True,False,NON_PRIMARY,SUPPLEMENTARY_EVENT
libero_goal/task_03/state_002/clean/attempt_01,libero_goal,3,open_the_top_drawer_and_put_the_bowl_inside,2,0,False,True,True,False,False,multi_stage_open_drawer_then_place,400,400,False,-1,0.0,True,False,NON_PRIMARY,SUPPLEMENTARY_EVENT
libero_goal/task_03/state_003/clean/attempt_01,libero_goal,3,open_the_top_drawer_and_put_the_bowl_inside,3,0,True,True,True,False,False,multi_stage_open_drawer_then_place,190,190,False,-1,0.0,True,False,NON_PRIMARY,SUPPLEMENTARY_EVENT
libero_goal/task_03/state_004/clean/attempt_01,libero_goal,3,open_the_top_drawer_and_put_the_bowl_inside,4,0,False,True,True,False,False,multi_stage_open_drawer_then_place,400,400,False,-1,0.0,True,False,NON_PRIMARY,SUPPLEMENTARY_EVENT
libero_goal/task_03/state_005/clean/attempt_01,libero_goal,3,open_the_top_drawer_and_put_the_bowl_inside,5,0,False,True,True,False,False,multi_stage_open_drawer_then_place,400,400,False,-1,0.0,True,False,NON_PRIMARY,SUPPLEMENTARY_EVENT
libero_goal/task_03/state_006/clean/attempt_01,libero_goal,3,open_the_top_drawer_and_put_the_bowl_inside,6,0,False,True,True,False,False,multi_stage_open_drawer_then_place,400,400,False,-1,0.0,True,False,NON_PRIMARY,SUPPLEMENTARY_EVENT
libero_goal/task_03/state_007/clean/attempt_01,libero_goal,3,open_the_top_drawer_and_put_the_bowl_inside,7,0,False,True,True,False,False,multi_stage_open_drawer_then_place,400,400,False,-1,0.0,True,False,NON_PRIMARY,SUPPLEMENTARY_EVENT
libero_goal/task_03/state_008/clean/attempt_01,libero_goal,3,open_the_top_drawer_and_put_the_bowl_inside,8,0,True,True,True,False,False,multi_stage_open_drawer_then_place,202,202,False,-1,0.0,True,False,NON_PRIMARY,SUPPLEMENTARY_EVENT
libero_goal/task_03/state_009/clean/attempt_01,libero_goal,3,open_the_top_drawer_and_put_the_bowl_inside,9,0,True,True,True,False,False,multi_stage_open_drawer_then_place,206,206,False,-1,0.0,True,False,NON_PRIMARY,SUPPLEMENTARY_EVENT
libero_goal/task_03/state_010/clean/attempt_01,libero_goal,3,open_the_top_drawer_and_put_the_bowl_inside,10,0,True,True,True,False,False,multi_stage_open_drawer_then_place,180,180,False,-1,0.0,True,False,NON_PRIMARY,SUPPLEMENTARY_EVENT
libero_goal/task_03/state_011/clean/attempt_01,libero_goal,3,open_the_top_drawer_and_put_the_bowl_inside,11,0,True,True,True,False,False,multi_stage_open_drawer_then_place,191,191,False,-1,0.0,True,False,NON_PRIMARY,SUPPLEMENTARY_EVENT
libero_goal/task_03/state_012/clean/attempt_01,libero_goal,3,open_the_top_drawer_and_put_the_bowl_inside,12,0,True,True,True,False,False,multi_stage_open_drawer_then_place,191,191,False,-1,0.0,True,False,NON_PRIMARY,SUPPLEMENTARY_EVENT
libero_goal/task_03/state_013/clean/attempt_01,libero_goal,3,open_the_top_drawer_and_put_the_bowl_inside,13,0,False,True,True,False,False,multi_stage_open_drawer_then_place,400,400,False,-1,0.0,True,False,NON_PRIMARY,SUPPLEMENTARY_EVENT
libero_goal/task_03/state_014/clean/attempt_01,libero_goal,3,open_the_top_drawer_and_put_the_bowl_inside,14,0,True,True,True,False,False,multi_stage_open_drawer_then_place,145,145,False,-1,0.0,True,False,NON_PRIMARY,SUPPLEMENTARY_EVENT
libero_goal/task_03/state_015/clean/attempt_01,libero_goal,3,open_the_top_drawer_and_put_the_bowl_inside,15,0,True,True,True,False,False,multi_stage_open_drawer_then_place,220,220,False,-1,0.0,True,False,NON_PRIMARY,SUPPLEMENTARY_EVENT
libero_goal/task_03/state_016/clean/attempt_01,libero_goal,3,open_the_top_drawer_and_put_the_bowl_inside,16,0,False,True,True,False,False,multi_stage_open_drawer_then_place,400,400,False,-1,0.0,True,False,NON_PRIMARY,SUPPLEMENTARY_EVENT
libero_goal/task_03/state_017/clean/attempt_01,libero_goal,3,open_the_top_drawer_and_put_the_bowl_inside,17,0,True,True,True,False,False,multi_stage_open_drawer_then_place,174,174,False,-1,0.0,True,False,NON_PRIMARY,SUPPLEMENTARY_EVENT
libero_goal/task_03/state_018/clean/attempt_01,libero_goal,3,open_the_top_drawer_and_put_the_bowl_inside,18,0,True,True,True,False,False,multi_stage_open_drawer_then_place,167,167,False,-1,0.0,True,False,NON_PRIMARY,SUPPLEMENTARY_EVENT
libero_goal/task_03/state_019/clean/attempt_01,libero_goal,3,open_the_top_drawer_and_put_the_bowl_inside,19,0,True,True,True,False,False,multi_stage_open_drawer_then_place,181,181,False,-1,0.0,True,False,NON_PRIMARY,SUPPLEMENTARY_EVENT
libero_goal/task_03/state_020/clean/attempt_01,libero_goal,3,open_the_top_drawer_and_put_the_bowl_inside,20,0,False,True,True,False,False,multi_stage_open_drawer_then_place,400,400,False,-1,0.0,True,False,NON_PRIMARY,SUPPLEMENTARY_EVENT
libero_goal/task_03/state_021/clean/attempt_01,libero_goal,3,open_the_top_drawer_and_put_the_bowl_inside,21,0,True,True,True,False,False,multi_stage_open_drawer_then_place,185,185,False,-1,0.0,True,False,NON_PRIMARY,SUPPLEMENTARY_EVENT
libero_goal/task_03/state_022/clean/attempt_01,libero_goal,3,open_the_top_drawer_and_put_the_bowl_inside,22,0,False,True,True,False,False,multi_stage_open_drawer_then_place,400,400,False,-1,0.0,True,False,NON_PRIMARY,SUPPLEMENTARY_EVENT
libero_goal/task_03/state_023/clean/attempt_01,libero_goal,3,open_the_top_drawer_and_put_the_bowl_inside,23,0,True,True,True,False,False,multi_stage_open_drawer_then_place,149,149,False,-1,0.0,True,False,NON_PRIMARY,SUPPLEMENTARY_EVENT
libero_goal/task_03/state_024/clean/attempt_01,libero_goal,3,open_the_top_drawer_and_put_the_bowl_inside,24,0,True,True,True,False,False,multi_stage_open_drawer_then_place,164,164,False,-1,0.0,True,False,NON_PRIMARY,SUPPLEMENTARY_EVENT
libero_goal/task_03/state_025/clean/attempt_01,libero_goal,3,open_the_top_drawer_and_put_the_bowl_inside,25,0,True,True,True,False,False,multi_stage_open_drawer_then_place,219,219,False,-1,0.0,True,False,NON_PRIMARY,SUPPLEMENTARY_EVENT
libero_goal/task_03/state_026/clean/attempt_01,libero_goal,3,open_the_top_drawer_and_put_the_bowl_inside,26,0,False,True,True,False,False,multi_stage_open_drawer_then_place,400,400,False,-1,0.0,True,False,NON_PRIMARY,SUPPLEMENTARY_EVENT
libero_goal/task_03/state_027/clean/attempt_01,libero_goal,3,open_the_top_drawer_and_put_the_bowl_inside,27,0,True,True,True,False,False,multi_stage_open_drawer_then_place,158,158,False,-1,0.0,True,False,NON_PRIMARY,SUPPLEMENTARY_EVENT
libero_goal/task_03/state_028/clean/attempt_01,libero_goal,3,open_the_top_drawer_and_put_the_bowl_inside,28,0,False,True,True,False,False,multi_stage_open_drawer_then_place,400,400,False,-1,0.0,True,False,NON_PRIMARY,SUPPLEMENTARY_EVENT
libero_goal/task_03/state_029/clean/attempt_01,libero_goal,3,open_the_top_drawer_and_put_the_bowl_inside,29,0,False,True,True,False,False,multi_stage_open_drawer_then_place,400,400,False,-1,0.0,True,False,NON_PRIMARY,SUPPLEMENTARY_EVENT
libero_goal/task_03/state_030/clean/attempt_01,libero_goal,3,open_the_top_drawer_and_put_the_bowl_inside,30,0,False,True,True,False,False,multi_stage_open_drawer_then_place,400,400,False,-1,0.0,True,False,NON_PRIMARY,SUPPLEMENTARY_EVENT
libero_goal/task_03/state_031/clean/attempt_01,libero_goal,3,open_the_top_drawer_and_put_the_bowl_inside,31,0,False,True,True,False,False,multi_stage_open_drawer_then_place,400,400,False,-1,0.0,True,False,NON_PRIMARY,SUPPLEMENTARY_EVENT
libero_goal/task_03/state_032/clean/attempt_01,libero_goal,3,open_the_top_drawer_and_put_the_bowl_inside,32,0,False,True,True,False,False,multi_stage_open_drawer_then_place,400,400,False,-1,0.0,True,False,NON_PRIMARY,SUPPLEMENTARY_EVENT
libero_goal/task_03/state_033/clean/attempt_01,libero_goal,3,open_the_top_drawer_and_put_the_bowl_inside,33,0,True,True,True,False,False,multi_stage_open_drawer_then_place,238,238,False,-1,0.0,True,False,NON_PRIMARY,SUPPLEMENTARY_EVENT
libero_goal/task_03/state_034/clean/attempt_01,libero_goal,3,open_the_top_drawer_and_put_the_bowl_inside,34,0,True,True,True,False,False,multi_stage_open_drawer_then_place,169,169,False,-1,0.0,True,False,NON_PRIMARY,SUPPLEMENTARY_EVENT
libero_goal/task_03/state_035/clean/attempt_01,libero_goal,3,open_the_top_drawer_and_put_the_bowl_inside,35,0,True,True,True,False,False,multi_stage_open_drawer_then_place,228,228,False,-1,0.0,True,False,NON_PRIMARY,SUPPLEMENTARY_EVENT
libero_goal/task_03/state_036/clean/attempt_01,libero_goal,3,open_the_top_drawer_and_put_the_bowl_inside,36,0,True,True,True,False,False,multi_stage_open_drawer_then_place,221,221,False,-1,0.0,True,False,NON_PRIMARY,SUPPLEMENTARY_EVENT
libero_goal/task_03/state_037/clean/attempt_01,libero_goal,3,open_the_top_drawer_and_put_the_bowl_inside,37,0,True,True,True,False,False,multi_stage_open_drawer_then_place,151,151,False,-1,0.0,True,False,NON_PRIMARY,SUPPLEMENTARY_EVENT
libero_goal/task_03/state_038/clean/attempt_01,libero_goal,3,open_the_top_drawer_and_put_the_bowl_inside,38,0,True,True,True,False,False,multi_stage_open_drawer_then_place,176,176,False,-1,0.0,True,False,NON_PRIMARY,SUPPLEMENTARY_EVENT
libero_goal/task_03/state_039/clean/attempt_01,libero_goal,3,open_the_top_drawer_and_put_the_bowl_inside,39,0,False,True,True,False,False,multi_stage_open_drawer_then_place,400,400,False,-1,0.0,True,False,NON_PRIMARY,SUPPLEMENTARY_EVENT
libero_goal/task_03/state_040/clean/attempt_01,libero_goal,3,open_the_top_drawer_and_put_the_bowl_inside,40,0,False,True,True,False,False,multi_stage_open_drawer_then_place,400,400,False,-1,0.0,True,False,NON_PRIMARY,SUPPLEMENTARY_EVENT
libero_goal/task_03/state_041/clean/attempt_01,libero_goal,3,open_the_top_drawer_and_put_the_bowl_inside,41,0,True,True,True,False,False,multi_stage_open_drawer_then_place,207,207,False,-1,0.0,True,False,NON_PRIMARY,SUPPLEMENTARY_EVENT
libero_goal/task_03/state_042/clean/attempt_01,libero_goal,3,open_the_top_drawer_and_put_the_bowl_inside,42,0,True,True,True,False,False,multi_stage_open_drawer_then_place,173,173,False,-1,0.0,True,False,NON_PRIMARY,SUPPLEMENTARY_EVENT
libero_goal/task_03/state_043/clean/attempt_01,libero_goal,3,open_the_top_drawer_and_put_the_bowl_inside,43,0,False,True,True,False,False,multi_stage_open_drawer_then_place,400,400,False,-1,0.0,True,False,NON_PRIMARY,SUPPLEMENTARY_EVENT
libero_goal/task_03/state_044/clean/attempt_01,libero_goal,3,open_the_top_drawer_and_put_the_bowl_inside,44,0,True,True,True,False,False,multi_stage_open_drawer_then_place,162,162,False,-1,0.0,True,False,NON_PRIMARY,SUPPLEMENTARY_EVENT
libero_goal/task_03/state_045/clean/attempt_01,libero_goal,3,open_the_top_drawer_and_put_the_bowl_inside,45,0,True,True,True,False,False,multi_stage_open_drawer_then_place,265,265,False,-1,0.0,True,False,NON_PRIMARY,SUPPLEMENTARY_EVENT
libero_goal/task_03/state_046/clean/attempt_01,libero_goal,3,open_the_top_drawer_and_put_the_bowl_inside,46,0,False,True,True,False,False,multi_stage_open_drawer_then_place,400,400,False,-1,0.0,True,False,NON_PRIMARY,SUPPLEMENTARY_EVENT
libero_goal/task_03/state_047/clean/attempt_01,libero_goal,3,open_the_top_drawer_and_put_the_bowl_inside,47,0,True,True,True,False,False,multi_stage_open_drawer_then_place,197,197,False,-1,0.0,True,False,NON_PRIMARY,SUPPLEMENTARY_EVENT
libero_goal/task_03/state_048/clean/attempt_01,libero_goal,3,open_the_top_drawer_and_put_the_bowl_inside,48,0,True,True,True,False,False,multi_stage_open_drawer_then_place,174,174,False,-1,0.0,True,False,NON_PRIMARY,SUPPLEMENTARY_EVENT
libero_goal/task_03/state_049/clean/attempt_01,libero_goal,3,open_the_top_drawer_and_put_the_bowl_inside,49,0,True,True,True,False,False,multi_stage_open_drawer_then_place,173,173,False,-1,0.0,True,False,NON_PRIMARY,SUPPLEMENTARY_EVENT
libero_goal/task_04/state_000/clean/attempt_01,libero_goal,4,put_the_bowl_on_top_of_the_cabinet,0,0,False,True,True,True,True,none,400,400,True,0,0.5,True,True,NON_PRIMARY,CLEAN_FAILURE_SAFETY
libero_goal/task_04/state_001/clean/attempt_01,libero_goal,4,put_the_bowl_on_top_of_the_cabinet,1,0,True,True,True,True,True,none,94,94,True,0,0.5,True,True,PRIMARY,PRIMARY_ELIGIBLE
libero_goal/task_04/state_002/clean/attempt_01,libero_goal,4,put_the_bowl_on_top_of_the_cabinet,2,0,True,True,True,True,True,none,107,107,True,0,0.5,True,True,PRIMARY,PRIMARY_ELIGIBLE
libero_goal/task_04/state_003/clean/attempt_01,libero_goal,4,put_the_bowl_on_top_of_the_cabinet,3,0,True,True,True,True,True,none,96,96,True,0,0.5,True,True,PRIMARY,PRIMARY_ELIGIBLE
libero_goal/task_04/state_004/clean/attempt_01,libero_goal,4,put_the_bowl_on_top_of_the_cabinet,4,0,True,True,True,True,True,none,86,86,True,0,0.5,True,True,PRIMARY,PRIMARY_ELIGIBLE
libero_goal/task_04/state_005/clean/attempt_01,libero_goal,4,put_the_bowl_on_top_of_the_cabinet,5,0,True,True,True,True,True,none,81,81,True,0,0.5,True,True,PRIMARY,PRIMARY_ELIGIBLE
libero_goal/task_04/state_006/clean/attempt_01,libero_goal,4,put_the_bowl_on_top_of_the_cabinet,6,0,True,True,True,True,True,none,90,90,True,0,0.5,True,True,PRIMARY,PRIMARY_ELIGIBLE
libero_goal/task_04/state_007/clean/attempt_01,libero_goal,4,put_the_bowl_on_top_of_the_cabinet,7,0,True,True,True,True,True,none,89,89,True,0,0.5,True,True,PRIMARY,PRIMARY_ELIGIBLE
libero_goal/task_04/state_008/clean/attempt_01,libero_goal,4,put_the_bowl_on_top_of_the_cabinet,8,0,True,True,True,True,True,none,79,79,True,0,0.5,True,True,PRIMARY,PRIMARY_ELIGIBLE
libero_goal/task_04/state_009/clean/attempt_01,libero_goal,4,put_the_bowl_on_top_of_the_cabinet,9,0,True,True,True,True,True,none,83,83,True,0,0.5,True,True,PRIMARY,PRIMARY_ELIGIBLE
libero_goal/task_04/state_010/clean/attempt_01,libero_goal,4,put_the_bowl_on_top_of_the_cabinet,10,0,True,True,True,True,True,none,88,88,True,0,0.5,True,True,PRIMARY,PRIMARY_ELIGIBLE
libero_goal/task_04/state_011/clean/attempt_01,libero_goal,4,put_the_bowl_on_top_of_the_cabinet,11,0,True,True,True,True,True,none,85,85,True,0,0.5,True,True,PRIMARY,PRIMARY_ELIGIBLE
libero_goal/task_04/state_012/clean/attempt_01,libero_goal,4,put_the_bowl_on_top_of_the_cabinet,12,0,True,True,True,True,True,none,101,101,True,0,0.5,True,True,PRIMARY,PRIMARY_ELIGIBLE
libero_goal/task_04/state_013/clean/attempt_01,libero_goal,4,put_the_bowl_on_top_of_the_cabinet,13,0,True,True,True,True,True,none,84,84,True,0,0.5,True,True,PRIMARY,PRIMARY_ELIGIBLE
libero_goal/task_04/state_014/clean/attempt_01,libero_goal,4,put_the_bowl_on_top_of_the_cabinet,14,0,True,True,True,True,True,none,85,85,True,0,0.5,True,True,PRIMARY,PRIMARY_ELIGIBLE
libero_goal/task_04/state_015/clean/attempt_01,libero_goal,4,put_the_bowl_on_top_of_the_cabinet,15,0,True,True,True,True,True,none,81,81,True,0,0.5,True,True,PRIMARY,PRIMARY_ELIGIBLE
libero_goal/task_04/state_016/clean/attempt_01,libero_goal,4,put_the_bowl_on_top_of_the_cabinet,16,0,True,True,True,True,True,none,79,79,True,0,0.5,True,True,PRIMARY,PRIMARY_ELIGIBLE
libero_goal/task_04/state_017/clean/attempt_01,libero_goal,4,put_the_bowl_on_top_of_the_cabinet,17,0,True,True,True,True,True,none,113,113,True,0,0.5,True,True,PRIMARY,PRIMARY_ELIGIBLE
libero_goal/task_04/state_018/clean/attempt_01,libero_goal,4,put_the_bowl_on_top_of_the_cabinet,18,0,True,True,True,True,True,none,94,94,True,0,0.5,True,True,PRIMARY,PRIMARY_ELIGIBLE
libero_goal/task_04/state_019/clean/attempt_01,libero_goal,4,put_the_bowl_on_top_of_the_cabinet,19,0,True,True,True,True,True,none,85,85,True,0,0.5,True,True,PRIMARY,PRIMARY_ELIGIBLE
libero_goal/task_04/state_020/clean/attempt_01,libero_goal,4,put_the_bowl_on_top_of_the_cabinet,20,0,True,True,True,True,True,none,84,84,True,0,0.5,True,True,PRIMARY,PRIMARY_ELIGIBLE
libero_goal/task_04/state_021/clean/attempt_01,libero_goal,4,put_the_bowl_on_top_of_the_cabinet,21,0,True,True,True,True,True,none,110,110,True,0,0.5,True,True,PRIMARY,PRIMARY_ELIGIBLE
libero_goal/task_04/state_022/clean/attempt_01,libero_goal,4,put_the_bowl_on_top_of_the_cabinet,22,0,True,True,True,True,True,none,84,84,True,0,0.5,True,True,PRIMARY,PRIMARY_ELIGIBLE
libero_goal/task_04/state_023/clean/attempt_01,libero_goal,4,put_the_bowl_on_top_of_the_cabinet,23,0,True,True,True,True,True,none,80,80,True,0,0.5,True,True,PRIMARY,PRIMARY_ELIGIBLE
libero_goal/task_04/state_024/clean/attempt_01,libero_goal,4,put_the_bowl_on_top_of_the_cabinet,24,0,True,True,True,True,True,none,91,91,True,0,0.5,True,True,PRIMARY,PRIMARY_ELIGIBLE
libero_goal/task_04/state_025/clean/attempt_01,libero_goal,4,put_the_bowl_on_top_of_the_cabinet,25,0,True,True,True,True,True,none,147,147,True,0,0.5,True,True,PRIMARY,PRIMARY_ELIGIBLE
libero_goal/task_04/state_026/clean/attempt_01,libero_goal,4,put_the_bowl_on_top_of_the_cabinet,26,0,True,True,True,True,True,none,309,309,True,0,0.5,True,True,PRIMARY,PRIMARY_ELIGIBLE
libero_goal/task_04/state_027/clean/attempt_01,libero_goal,4,put_the_bowl_on_top_of_the_cabinet,27,0,True,True,True,True,True,none,95,95,True,0,0.5,True,True,PRIMARY,PRIMARY_ELIGIBLE
libero_goal/task_04/state_028/clean/attempt_01,libero_goal,4,put_the_bowl_on_top_of_the_cabinet,28,0,True,True,True,True,True,none,111,111,True,0,0.5,True,True,PRIMARY,PRIMARY_ELIGIBLE
libero_goal/task_04/state_029/clean/attempt_01,libero_goal,4,put_the_bowl_on_top_of_the_cabinet,29,0,True,True,True,True,True,none,93,93,True,0,0.5,True,True,PRIMARY,PRIMARY_ELIGIBLE
libero_goal/task_04/state_030/clean/attempt_01,libero_goal,4,put_the_bowl_on_top_of_the_cabinet,30,0,True,True,True,True,True,none,107,107,True,0,0.5,True,True,PRIMARY,PRIMARY_ELIGIBLE
libero_goal/task_04/state_031/clean/attempt_01,libero_goal,4,put_the_bowl_on_top_of_the_cabinet,31,0,True,True,True,True,True,none,93,93,True,0,0.5,True,True,PRIMARY,PRIMARY_ELIGIBLE
libero_goal/task_04/state_032/clean/attempt_01,libero_goal,4,put_the_bowl_on_top_of_the_cabinet,32,0,True,True,True,True,True,none,91,91,True,0,0.5,True,True,PRIMARY,PRIMARY_ELIGIBLE
libero_goal/task_04/state_033/clean/attempt_01,libero_goal,4,put_the_bowl_on_top_of_the_cabinet,33,0,True,True,True,True,True,none,79,79,True,0,0.5,True,True,PRIMARY,PRIMARY_ELIGIBLE
libero_goal/task_04/state_034/clean/attempt_01,libero_goal,4,put_the_bowl_on_top_of_the_cabinet,34,0,True,True,True,True,True,none,87,87,True,0,0.5,True,True,PRIMARY,PRIMARY_ELIGIBLE
libero_goal/task_04/state_035/clean/attempt_01,libero_goal,4,put_the_bowl_on_top_of_the_cabinet,35,0,True,True,True,True,True,none,108,108,True,0,0.5,True,True,PRIMARY,PRIMARY_ELIGIBLE
libero_goal/task_04/state_036/clean/attempt_01,libero_goal,4,put_the_bowl_on_top_of_the_cabinet,36,0,True,True,True,True,True,none,84,84,True,0,0.5,True,True,PRIMARY,PRIMARY_ELIGIBLE
libero_goal/task_04/state_037/clean/attempt_01,libero_goal,4,put_the_bowl_on_top_of_the_cabinet,37,0,True,True,True,True,True,none,84,84,True,0,0.5,True,True,PRIMARY,PRIMARY_ELIGIBLE
libero_goal/task_04/state_038/clean/attempt_01,libero_goal,4,put_the_bowl_on_top_of_the_cabinet,38,0,True,True,True,True,True,none,127,127,True,0,0.5,True,True,PRIMARY,PRIMARY_ELIGIBLE
libero_goal/task_04/state_039/clean/attempt_01,libero_goal,4,put_the_bowl_on_top_of_the_cabinet,39,0,True,True,True,True,True,none,156,156,True,0,0.5,True,True,PRIMARY,PRIMARY_ELIGIBLE
libero_goal/task_04/state_040/clean/attempt_01,libero_goal,4,put_the_bowl_on_top_of_the_cabinet,40,0,True,True,True,True,True,none,169,169,True,0,0.5,True,True,PRIMARY,PRIMARY_ELIGIBLE
libero_goal/task_04/state_041/clean/attempt_01,libero_goal,4,put_the_bowl_on_top_of_the_cabinet,41,0,True,True,True,True,True,none,80,80,True,0,0.5,True,True,PRIMARY,PRIMARY_ELIGIBLE
libero_goal/task_04/state_042/clean/attempt_01,libero_goal,4,put_the_bowl_on_top_of_the_cabinet,42,0,True,True,True,True,True,none,85,85,True,0,0.5,True,True,PRIMARY,PRIMARY_ELIGIBLE
libero_goal/task_04/state_043/clean/attempt_01,libero_goal,4,put_the_bowl_on_top_of_the_cabinet,43,0,True,True,True,True,True,none,94,94,True,0,0.5,True,True,PRIMARY,PRIMARY_ELIGIBLE
libero_goal/task_04/state_044/clean/attempt_01,libero_goal,4,put_the_bowl_on_top_of_the_cabinet,44,0,True,True,True,True,True,none,92,92,True,0,0.5,True,True,PRIMARY,PRIMARY_ELIGIBLE
libero_goal/task_04/state_045/clean/attempt_01,libero_goal,4,put_the_bowl_on_top_of_the_cabinet,45,0,True,True,True,True,True,none,87,87,True,0,0.5,True,True,PRIMARY,PRIMARY_ELIGIBLE
libero_goal/task_04/state_046/clean/attempt_01,libero_goal,4,put_the_bowl_on_top_of_the_cabinet,46,0,True,True,True,True,True,none,82,82,True,0,0.5,True,True,PRIMARY,PRIMARY_ELIGIBLE
libero_goal/task_04/state_047/clean/attempt_01,libero_goal,4,put_the_bowl_on_top_of_the_cabinet,47,0,True,True,True,True,True,none,144,144,True,0,0.5,True,True,PRIMARY,PRIMARY_ELIGIBLE
libero_goal/task_04/state_048/clean/attempt_01,libero_goal,4,put_the_bowl_on_top_of_the_cabinet,48,0,True,True,True,True,True,none,91,91,True,0,0.5,True,True,PRIMARY,PRIMARY_ELIGIBLE
libero_goal/task_04/state_049/clean/attempt_01,libero_goal,4,put_the_bowl_on_top_of_the_cabinet,49,0,True,True,True,True,True,none,103,103,True,0,0.5,True,True,PRIMARY,PRIMARY_ELIGIBLE
libero_goal/task_05/state_000/clean/attempt_01,libero_goal,5,push_the_plate_to_the_front_of_the_stove,0,0,True,True,True,False,False,push_task_not_pick_place,138,138,False,-1,0.0,True,False,NON_PRIMARY,SUPPLEMENTARY_EVENT
libero_goal/task_05/state_001/clean/attempt_01,libero_goal,5,push_the_plate_to_the_front_of_the_stove,1,0,False,True,True,False,False,push_task_not_pick_place,400,400,False,-1,0.0,True,False,NON_PRIMARY,SUPPLEMENTARY_EVENT
libero_goal/task_05/state_002/clean/attempt_01,libero_goal,5,push_the_plate_to_the_front_of_the_stove,2,0,True,True,True,False,False,push_task_not_pick_place,129,129,False,-1,0.0,True,False,NON_PRIMARY,SUPPLEMENTARY_EVENT
libero_goal/task_05/state_003/clean/attempt_01,libero_goal,5,push_the_plate_to_the_front_of_the_stove,3,0,True,True,True,False,False,push_task_not_pick_place,162,162,False,-1,0.0,True,False,NON_PRIMARY,SUPPLEMENTARY_EVENT
libero_goal/task_05/state_004/clean/attempt_01,libero_goal,5,push_the_plate_to_the_front_of_the_stove,4,0,False,True,True,False,False,push_task_not_pick_place,400,400,False,-1,0.0,True,False,NON_PRIMARY,SUPPLEMENTARY_EVENT
libero_goal/task_05/state_005/clean/attempt_01,libero_goal,5,push_the_plate_to_the_front_of_the_stove,5,0,False,True,True,False,False,push_task_not_pick_place,400,400,False,-1,0.0,True,False,NON_PRIMARY,SUPPLEMENTARY_EVENT
libero_goal/task_05/state_006/clean/attempt_01,libero_goal,5,push_the_plate_to_the_front_of_the_stove,6,0,True,True,True,False,False,push_task_not_pick_place,252,252,False,-1,0.0,True,False,NON_PRIMARY,SUPPLEMENTARY_EVENT
libero_goal/task_05/state_007/clean/attempt_01,libero_goal,5,push_the_plate_to_the_front_of_the_stove,7,0,True,True,True,False,False,push_task_not_pick_place,233,233,False,-1,0.0,True,False,NON_PRIMARY,SUPPLEMENTARY_EVENT
libero_goal/task_05/state_008/clean/attempt_01,libero_goal,5,push_the_plate_to_the_front_of_the_stove,8,0,False,True,True,False,False,push_task_not_pick_place,400,400,False,-1,0.0,True,False,NON_PRIMARY,SUPPLEMENTARY_EVENT
libero_goal/task_05/state_009/clean/attempt_01,libero_goal,5,push_the_plate_to_the_front_of_the_stove,9,0,False,True,True,False,False,push_task_not_pick_place,400,400,False,-1,0.0,True,False,NON_PRIMARY,SUPPLEMENTARY_EVENT
libero_goal/task_05/state_010/clean/attempt_01,libero_goal,5,push_the_plate_to_the_front_of_the_stove,10,0,True,True,True,False,False,push_task_not_pick_place,138,138,False,-1,0.0,True,False,NON_PRIMARY,SUPPLEMENTARY_EVENT
libero_goal/task_05/state_011/clean/attempt_01,libero_goal,5,push_the_plate_to_the_front_of_the_stove,11,0,False,True,True,False,False,push_task_not_pick_place,400,400,False,-1,0.0,True,False,NON_PRIMARY,SUPPLEMENTARY_EVENT
libero_goal/task_05/state_012/clean/attempt_01,libero_goal,5,push_the_plate_to_the_front_of_the_stove,12,0,True,True,True,False,False,push_task_not_pick_place,142,142,False,-1,0.0,True,False,NON_PRIMARY,SUPPLEMENTARY_EVENT
libero_goal/task_05/state_013/clean/attempt_01,libero_goal,5,push_the_plate_to_the_front_of_the_stove,13,0,True,True,True,False,False,push_task_not_pick_place,141,141,False,-1,0.0,True,False,NON_PRIMARY,SUPPLEMENTARY_EVENT
libero_goal/task_05/state_014/clean/attempt_01,libero_goal,5,push_the_plate_to_the_front_of_the_stove,14,0,True,True,True,False,False,push_task_not_pick_place,130,130,False,-1,0.0,True,False,NON_PRIMARY,SUPPLEMENTARY_EVENT
libero_goal/task_05/state_015/clean/attempt_01,libero_goal,5,push_the_plate_to_the_front_of_the_stove,15,0,False,True,True,False,False,push_task_not_pick_place,400,400,False,-1,0.0,True,False,NON_PRIMARY,SUPPLEMENTARY_EVENT
libero_goal/task_05/state_016/clean/attempt_01,libero_goal,5,push_the_plate_to_the_front_of_the_stove,16,0,False,True,True,False,False,push_task_not_pick_place,400,400,False,-1,0.0,True,False,NON_PRIMARY,SUPPLEMENTARY_EVENT
libero_goal/task_05/state_017/clean/attempt_01,libero_goal,5,push_the_plate_to_the_front_of_the_stove,17,0,True,True,True,False,False,push_task_not_pick_place,202,202,False,-1,0.0,True,False,NON_PRIMARY,SUPPLEMENTARY_EVENT
libero_goal/task_05/state_018/clean/attempt_01,libero_goal,5,push_the_plate_to_the_front_of_the_stove,18,0,True,True,True,False,False,push_task_not_pick_place,124,124,False,-1,0.0,True,False,NON_PRIMARY,SUPPLEMENTARY_EVENT
libero_goal/task_05/state_019/clean/attempt_01,libero_goal,5,push_the_plate_to_the_front_of_the_stove,19,0,True,True,True,False,False,push_task_not_pick_place,126,126,False,-1,0.0,True,False,NON_PRIMARY,SUPPLEMENTARY_EVENT
libero_goal/task_05/state_020/clean/attempt_01,libero_goal,5,push_the_plate_to_the_front_of_the_stove,20,0,True,True,True,False,False,push_task_not_pick_place,153,153,False,-1,0.0,True,False,NON_PRIMARY,SUPPLEMENTARY_EVENT
libero_goal/task_05/state_021/clean/attempt_01,libero_goal,5,push_the_plate_to_the_front_of_the_stove,21,0,True,True,True,False,False,push_task_not_pick_place,157,157,False,-1,0.0,True,False,NON_PRIMARY,SUPPLEMENTARY_EVENT
libero_goal/task_05/state_022/clean/attempt_01,libero_goal,5,push_the_plate_to_the_front_of_the_stove,22,0,True,True,True,False,False,push_task_not_pick_place,130,130,False,-1,0.0,True,False,NON_PRIMARY,SUPPLEMENTARY_EVENT
libero_goal/task_05/state_023/clean/attempt_01,libero_goal,5,push_the_plate_to_the_front_of_the_stove,23,0,True,True,True,False,False,push_task_not_pick_place,120,120,False,-1,0.0,True,False,NON_PRIMARY,SUPPLEMENTARY_EVENT
libero_goal/task_05/state_024/clean/attempt_01,libero_goal,5,push_the_plate_to_the_front_of_the_stove,24,0,True,True,True,False,False,push_task_not_pick_place,143,143,False,-1,0.0,True,False,NON_PRIMARY,SUPPLEMENTARY_EVENT
libero_goal/task_05/state_025/clean/attempt_01,libero_goal,5,push_the_plate_to_the_front_of_the_stove,25,0,True,True,True,False,False,push_task_not_pick_place,136,136,False,-1,0.0,True,False,NON_PRIMARY,SUPPLEMENTARY_EVENT
libero_goal/task_05/state_026/clean/attempt_01,libero_goal,5,push_the_plate_to_the_front_of_the_stove,26,0,False,True,True,False,False,push_task_not_pick_place,400,400,False,-1,0.0,True,False,NON_PRIMARY,SUPPLEMENTARY_EVENT
libero_goal/task_05/state_027/clean/attempt_01,libero_goal,5,push_the_plate_to_the_front_of_the_stove,27,0,True,True,True,False,False,push_task_not_pick_place,137,137,False,-1,0.0,True,False,NON_PRIMARY,SUPPLEMENTARY_EVENT
libero_goal/task_05/state_028/clean/attempt_01,libero_goal,5,push_the_plate_to_the_front_of_the_stove,28,0,True,True,True,False,False,push_task_not_pick_place,170,170,False,-1,0.0,True,False,NON_PRIMARY,SUPPLEMENTARY_EVENT
libero_goal/task_05/state_029/clean/attempt_01,libero_goal,5,push_the_plate_to_the_front_of_the_stove,29,0,True,True,True,False,False,push_task_not_pick_place,135,135,False,-1,0.0,True,False,NON_PRIMARY,SUPPLEMENTARY_EVENT
libero_goal/task_05/state_030/clean/attempt_01,libero_goal,5,push_the_plate_to_the_front_of_the_stove,30,0,True,True,True,False,False,push_task_not_pick_place,148,148,False,-1,0.0,True,False,NON_PRIMARY,SUPPLEMENTARY_EVENT
libero_goal/task_05/state_031/clean/attempt_01,libero_goal,5,push_the_plate_to_the_front_of_the_stove,31,0,True,True,True,False,False,push_task_not_pick_place,173,173,False,-1,0.0,True,False,NON_PRIMARY,SUPPLEMENTARY_EVENT
libero_goal/task_05/state_032/clean/attempt_01,libero_goal,5,push_the_plate_to_the_front_of_the_stove,32,0,True,True,True,False,False,push_task_not_pick_place,125,125,False,-1,0.0,True,False,NON_PRIMARY,SUPPLEMENTARY_EVENT
libero_goal/task_05/state_033/clean/attempt_01,libero_goal,5,push_the_plate_to_the_front_of_the_stove,33,0,True,True,True,False,False,push_task_not_pick_place,160,160,False,-1,0.0,True,False,NON_PRIMARY,SUPPLEMENTARY_EVENT
libero_goal/task_05/state_034/clean/attempt_01,libero_goal,5,push_the_plate_to_the_front_of_the_stove,34,0,True,True,True,False,False,push_task_not_pick_place,150,150,False,-1,0.0,True,False,NON_PRIMARY,SUPPLEMENTARY_EVENT
libero_goal/task_05/state_035/clean/attempt_01,libero_goal,5,push_the_plate_to_the_front_of_the_stove,35,0,True,True,True,False,False,push_task_not_pick_place,143,143,False,-1,0.0,True,False,NON_PRIMARY,SUPPLEMENTARY_EVENT
libero_goal/task_05/state_036/clean/attempt_01,libero_goal,5,push_the_plate_to_the_front_of_the_stove,36,0,True,True,True,False,False,push_task_not_pick_place,138,138,False,-1,0.0,True,False,NON_PRIMARY,SUPPLEMENTARY_EVENT
libero_goal/task_05/state_037/clean/attempt_01,libero_goal,5,push_the_plate_to_the_front_of_the_stove,37,0,True,True,True,False,False,push_task_not_pick_place,146,146,False,-1,0.0,True,False,NON_PRIMARY,SUPPLEMENTARY_EVENT
libero_goal/task_05/state_038/clean/attempt_01,libero_goal,5,push_the_plate_to_the_front_of_the_stove,38,0,True,True,True,False,False,push_task_not_pick_place,144,144,False,-1,0.0,True,False,NON_PRIMARY,SUPPLEMENTARY_EVENT
libero_goal/task_05/state_039/clean/attempt_01,libero_goal,5,push_the_plate_to_the_front_of_the_stove,39,0,True,True,True,False,False,push_task_not_pick_place,117,117,False,-1,0.0,True,False,NON_PRIMARY,SUPPLEMENTARY_EVENT
libero_goal/task_05/state_040/clean/attempt_01,libero_goal,5,push_the_plate_to_the_front_of_the_stove,40,0,True,True,True,False,False,push_task_not_pick_place,134,134,False,-1,0.0,True,False,NON_PRIMARY,SUPPLEMENTARY_EVENT
libero_goal/task_05/state_041/clean/attempt_01,libero_goal,5,push_the_plate_to_the_front_of_the_stove,41,0,True,True,True,False,False,push_task_not_pick_place,136,136,False,-1,0.0,True,False,NON_PRIMARY,SUPPLEMENTARY_EVENT
libero_goal/task_05/state_042/clean/attempt_01,libero_goal,5,push_the_plate_to_the_front_of_the_stove,42,0,True,True,True,False,False,push_task_not_pick_place,153,153,False,-1,0.0,True,False,NON_PRIMARY,SUPPLEMENTARY_EVENT
libero_goal/task_05/state_043/clean/attempt_01,libero_goal,5,push_the_plate_to_the_front_of_the_stove,43,0,False,True,True,False,False,push_task_not_pick_place,400,400,False,-1,0.0,True,False,NON_PRIMARY,SUPPLEMENTARY_EVENT
libero_goal/task_05/state_044/clean/attempt_01,libero_goal,5,push_the_plate_to_the_front_of_the_stove,44,0,False,True,True,False,False,push_task_not_pick_place,400,400,False,-1,0.0,True,False,NON_PRIMARY,SUPPLEMENTARY_EVENT
libero_goal/task_05/state_045/clean/attempt_01,libero_goal,5,push_the_plate_to_the_front_of_the_stove,45,0,True,True,True,False,False,push_task_not_pick_place,132,132,False,-1,0.0,True,False,NON_PRIMARY,SUPPLEMENTARY_EVENT
libero_goal/task_05/state_046/clean/attempt_01,libero_goal,5,push_the_plate_to_the_front_of_the_stove,46,0,True,True,True,False,False,push_task_not_pick_place,199,199,False,-1,0.0,True,False,NON_PRIMARY,SUPPLEMENTARY_EVENT
libero_goal/task_05/state_047/clean/attempt_01,libero_goal,5,push_the_plate_to_the_front_of_the_stove,47,0,True,True,True,False,False,push_task_not_pick_place,158,158,False,-1,0.0,True,False,NON_PRIMARY,SUPPLEMENTARY_EVENT
libero_goal/task_05/state_048/clean/attempt_01,libero_goal,5,push_the_plate_to_the_front_of_the_stove,48,0,False,True,True,False,False,push_task_not_pick_place,400,400,False,-1,0.0,True,False,NON_PRIMARY,SUPPLEMENTARY_EVENT
libero_goal/task_05/state_049/clean/attempt_01,libero_goal,5,push_the_plate_to_the_front_of_the_stove,49,0,True,True,True,False,False,push_task_not_pick_place,162,162,False,-1,0.0,True,False,NON_PRIMARY,SUPPLEMENTARY_EVENT
libero_goal/task_06/state_000/clean/attempt_01,libero_goal,6,put_the_cream_cheese_in_the_bowl,0,0,True,True,True,True,True,none,111,111,True,0,0.5,True,True,PRIMARY,PRIMARY_ELIGIBLE
libero_goal/task_06/state_001/clean/attempt_01,libero_goal,6,put_the_cream_cheese_in_the_bowl,1,0,False,True,True,True,True,none,400,400,True,0,0.5,True,True,NON_PRIMARY,CLEAN_FAILURE_SAFETY
libero_goal/task_06/state_002/clean/attempt_01,libero_goal,6,put_the_cream_cheese_in_the_bowl,2,0,False,True,True,True,True,none,400,400,True,0,0.5,True,True,NON_PRIMARY,CLEAN_FAILURE_SAFETY
libero_goal/task_06/state_003/clean/attempt_01,libero_goal,6,put_the_cream_cheese_in_the_bowl,3,0,True,True,True,True,True,none,95,95,True,0,0.5,True,True,PRIMARY,PRIMARY_ELIGIBLE
libero_goal/task_06/state_004/clean/attempt_01,libero_goal,6,put_the_cream_cheese_in_the_bowl,4,0,False,True,True,True,True,none,400,400,True,0,0.5,True,True,NON_PRIMARY,CLEAN_FAILURE_SAFETY
libero_goal/task_06/state_005/clean/attempt_01,libero_goal,6,put_the_cream_cheese_in_the_bowl,5,0,False,True,True,True,True,none,400,400,True,0,0.5,True,True,NON_PRIMARY,CLEAN_FAILURE_SAFETY
libero_goal/task_06/state_006/clean/attempt_01,libero_goal,6,put_the_cream_cheese_in_the_bowl,6,0,True,True,True,True,True,none,81,81,True,0,0.5,True,True,PRIMARY,PRIMARY_ELIGIBLE
libero_goal/task_06/state_007/clean/attempt_01,libero_goal,6,put_the_cream_cheese_in_the_bowl,7,0,True,True,True,True,True,none,94,94,True,0,0.5,True,True,PRIMARY,PRIMARY_ELIGIBLE
libero_goal/task_06/state_008/clean/attempt_01,libero_goal,6,put_the_cream_cheese_in_the_bowl,8,0,True,True,True,True,True,none,88,88,True,0,0.5,True,True,PRIMARY,PRIMARY_ELIGIBLE
libero_goal/task_06/state_009/clean/attempt_01,libero_goal,6,put_the_cream_cheese_in_the_bowl,9,0,True,True,True,True,True,none,93,93,True,0,0.5,True,True,PRIMARY,PRIMARY_ELIGIBLE
libero_goal/task_06/state_010/clean/attempt_01,libero_goal,6,put_the_cream_cheese_in_the_bowl,10,0,True,True,True,True,True,none,84,84,True,0,0.5,True,True,PRIMARY,PRIMARY_ELIGIBLE
libero_goal/task_06/state_011/clean/attempt_01,libero_goal,6,put_the_cream_cheese_in_the_bowl,11,0,False,True,True,True,True,none,400,400,True,0,0.5,True,True,NON_PRIMARY,CLEAN_FAILURE_SAFETY
libero_goal/task_06/state_012/clean/attempt_01,libero_goal,6,put_the_cream_cheese_in_the_bowl,12,0,True,True,True,True,True,none,126,126,True,0,0.5,True,True,PRIMARY,PRIMARY_ELIGIBLE
libero_goal/task_06/state_013/clean/attempt_01,libero_goal,6,put_the_cream_cheese_in_the_bowl,13,0,True,True,True,True,True,none,97,97,True,0,0.5,True,True,PRIMARY,PRIMARY_ELIGIBLE
libero_goal/task_06/state_014/clean/attempt_01,libero_goal,6,put_the_cream_cheese_in_the_bowl,14,0,False,True,True,True,True,none,400,400,True,0,0.5,True,True,NON_PRIMARY,CLEAN_FAILURE_SAFETY
libero_goal/task_06/state_015/clean/attempt_01,libero_goal,6,put_the_cream_cheese_in_the_bowl,15,0,True,True,True,True,True,none,91,91,True,0,0.5,True,True,PRIMARY,PRIMARY_ELIGIBLE
libero_goal/task_06/state_016/clean/attempt_01,libero_goal,6,put_the_cream_cheese_in_the_bowl,16,0,True,True,True,True,True,none,150,150,True,0,0.5,True,True,PRIMARY,PRIMARY_ELIGIBLE
libero_goal/task_06/state_017/clean/attempt_01,libero_goal,6,put_the_cream_cheese_in_the_bowl,17,0,False,True,True,True,True,none,400,400,True,0,0.5,True,True,NON_PRIMARY,CLEAN_FAILURE_SAFETY
libero_goal/task_06/state_018/clean/attempt_01,libero_goal,6,put_the_cream_cheese_in_the_bowl,18,0,True,True,True,True,True,none,85,85,True,0,0.5,True,True,PRIMARY,PRIMARY_ELIGIBLE
libero_goal/task_06/state_019/clean/attempt_01,libero_goal,6,put_the_cream_cheese_in_the_bowl,19,0,False,True,True,True,True,none,400,400,True,0,0.5,True,True,NON_PRIMARY,CLEAN_FAILURE_SAFETY
libero_goal/task_06/state_020/clean/attempt_01,libero_goal,6,put_the_cream_cheese_in_the_bowl,20,0,False,True,True,True,True,none,400,400,True,0,0.5,True,True,NON_PRIMARY,CLEAN_FAILURE_SAFETY
libero_goal/task_06/state_021/clean/attempt_01,libero_goal,6,put_the_cream_cheese_in_the_bowl,21,0,True,True,True,True,True,none,124,124,True,0,0.5,True,True,PRIMARY,PRIMARY_ELIGIBLE
libero_goal/task_06/state_022/clean/attempt_01,libero_goal,6,put_the_cream_cheese_in_the_bowl,22,0,True,True,True,True,True,none,119,119,True,0,0.5,True,True,PRIMARY,PRIMARY_ELIGIBLE
libero_goal/task_06/state_023/clean/attempt_01,libero_goal,6,put_the_cream_cheese_in_the_bowl,23,0,False,True,True,True,True,none,400,400,True,0,0.5,True,True,NON_PRIMARY,CLEAN_FAILURE_SAFETY
libero_goal/task_06/state_024/clean/attempt_01,libero_goal,6,put_the_cream_cheese_in_the_bowl,24,0,True,True,True,True,True,none,109,109,True,0,0.5,True,True,PRIMARY,PRIMARY_ELIGIBLE
libero_goal/task_06/state_025/clean/attempt_01,libero_goal,6,put_the_cream_cheese_in_the_bowl,25,0,True,True,True,True,True,none,104,104,True,0,0.5,True,True,PRIMARY,PRIMARY_ELIGIBLE
libero_goal/task_06/state_026/clean/attempt_01,libero_goal,6,put_the_cream_cheese_in_the_bowl,26,0,True,True,True,True,True,none,112,112,True,0,0.5,True,True,PRIMARY,PRIMARY_ELIGIBLE
libero_goal/task_06/state_027/clean/attempt_01,libero_goal,6,put_the_cream_cheese_in_the_bowl,27,0,True,True,True,True,True,none,98,98,True,0,0.5,True,True,PRIMARY,PRIMARY_ELIGIBLE
libero_goal/task_06/state_028/clean/attempt_01,libero_goal,6,put_the_cream_cheese_in_the_bowl,28,0,False,True,True,True,True,none,400,400,True,0,0.5,True,True,NON_PRIMARY,CLEAN_FAILURE_SAFETY
libero_goal/task_06/state_029/clean/attempt_01,libero_goal,6,put_the_cream_cheese_in_the_bowl,29,0,True,True,True,True,True,none,82,82,True,0,0.5,True,True,PRIMARY,PRIMARY_ELIGIBLE
libero_goal/task_06/state_030/clean/attempt_01,libero_goal,6,put_the_cream_cheese_in_the_bowl,30,0,True,True,True,True,True,none,91,91,True,0,0.5,True,True,PRIMARY,PRIMARY_ELIGIBLE
libero_goal/task_06/state_031/clean/attempt_01,libero_goal,6,put_the_cream_cheese_in_the_bowl,31,0,True,True,True,True,True,none,97,97,True,0,0.5,True,True,PRIMARY,PRIMARY_ELIGIBLE
libero_goal/task_06/state_032/clean/attempt_01,libero_goal,6,put_the_cream_cheese_in_the_bowl,32,0,True,True,True,True,True,none,84,84,True,0,0.5,True,True,PRIMARY,PRIMARY_ELIGIBLE
libero_goal/task_06/state_033/clean/attempt_01,libero_goal,6,put_the_cream_cheese_in_the_bowl,33,0,True,True,True,True,True,none,101,101,True,0,0.5,True,True,PRIMARY,PRIMARY_ELIGIBLE
libero_goal/task_06/state_034/clean/attempt_01,libero_goal,6,put_the_cream_cheese_in_the_bowl,34,0,False,True,True,True,True,none,400,400,True,0,0.5,True,True,NON_PRIMARY,CLEAN_FAILURE_SAFETY
libero_goal/task_06/state_035/clean/attempt_01,libero_goal,6,put_the_cream_cheese_in_the_bowl,35,0,True,True,True,True,True,none,111,111,True,0,0.5,True,True,PRIMARY,PRIMARY_ELIGIBLE
libero_goal/task_06/state_036/clean/attempt_01,libero_goal,6,put_the_cream_cheese_in_the_bowl,36,0,True,True,True,True,True,none,82,82,True,0,0.5,True,True,PRIMARY,PRIMARY_ELIGIBLE
libero_goal/task_06/state_037/clean/attempt_01,libero_goal,6,put_the_cream_cheese_in_the_bowl,37,0,True,True,True,True,True,none,116,116,True,0,0.5,True,True,PRIMARY,PRIMARY_ELIGIBLE
libero_goal/task_06/state_038/clean/attempt_01,libero_goal,6,put_the_cream_cheese_in_the_bowl,38,0,True,True,True,True,True,none,134,134,True,0,0.5,True,True,PRIMARY,PRIMARY_ELIGIBLE
libero_goal/task_06/state_039/clean/attempt_01,libero_goal,6,put_the_cream_cheese_in_the_bowl,39,0,True,True,True,True,True,none,116,116,True,0,0.5,True,True,PRIMARY,PRIMARY_ELIGIBLE
libero_goal/task_06/state_040/clean/attempt_01,libero_goal,6,put_the_cream_cheese_in_the_bowl,40,0,False,True,True,True,True,none,400,400,True,0,0.5,True,True,NON_PRIMARY,CLEAN_FAILURE_SAFETY
libero_goal/task_06/state_041/clean/attempt_01,libero_goal,6,put_the_cream_cheese_in_the_bowl,41,0,True,True,True,True,True,none,108,108,True,0,0.5,True,True,PRIMARY,PRIMARY_ELIGIBLE
libero_goal/task_06/state_042/clean/attempt_01,libero_goal,6,put_the_cream_cheese_in_the_bowl,42,0,True,True,True,True,True,none,89,89,True,0,0.5,True,True,PRIMARY,PRIMARY_ELIGIBLE
libero_goal/task_06/state_043/clean/attempt_01,libero_goal,6,put_the_cream_cheese_in_the_bowl,43,0,True,True,True,True,True,none,117,117,True,0,0.5,True,True,PRIMARY,PRIMARY_ELIGIBLE
libero_goal/task_06/state_044/clean/attempt_01,libero_goal,6,put_the_cream_cheese_in_the_bowl,44,0,True,True,True,True,True,none,123,123,True,0,0.5,True,True,PRIMARY,PRIMARY_ELIGIBLE
libero_goal/task_06/state_045/clean/attempt_01,libero_goal,6,put_the_cream_cheese_in_the_bowl,45,0,True,True,True,True,True,none,119,119,True,0,0.5,True,True,PRIMARY,PRIMARY_ELIGIBLE
libero_goal/task_06/state_046/clean/attempt_01,libero_goal,6,put_the_cream_cheese_in_the_bowl,46,0,False,True,True,True,True,none,400,400,True,0,0.5,True,True,NON_PRIMARY,CLEAN_FAILURE_SAFETY
libero_goal/task_06/state_047/clean/attempt_01,libero_goal,6,put_the_cream_cheese_in_the_bowl,47,0,False,True,True,True,True,none,400,400,True,0,0.5,True,True,NON_PRIMARY,CLEAN_FAILURE_SAFETY
libero_goal/task_06/state_048/clean/attempt_01,libero_goal,6,put_the_cream_cheese_in_the_bowl,48,0,True,True,True,True,True,none,92,92,True,0,0.5,True,True,PRIMARY,PRIMARY_ELIGIBLE
libero_goal/task_06/state_049/clean/attempt_01,libero_goal,6,put_the_cream_cheese_in_the_bowl,49,0,False,True,True,True,True,none,400,400,True,0,0.5,True,True,NON_PRIMARY,CLEAN_FAILURE_SAFETY
libero_goal/task_07/state_000/clean/attempt_01,libero_goal,7,turn_on_the_stove,0,0,True,True,True,False,False,articulated_task_no_pick_place,96,96,False,-1,0.0,True,False,NON_PRIMARY,SUPPLEMENTARY_EVENT
libero_goal/task_07/state_001/clean/attempt_01,libero_goal,7,turn_on_the_stove,1,0,True,True,True,False,False,articulated_task_no_pick_place,93,93,False,-1,0.0,True,False,NON_PRIMARY,SUPPLEMENTARY_EVENT
libero_goal/task_07/state_002/clean/attempt_01,libero_goal,7,turn_on_the_stove,2,0,True,True,True,False,False,articulated_task_no_pick_place,90,90,False,-1,0.0,True,False,NON_PRIMARY,SUPPLEMENTARY_EVENT
libero_goal/task_07/state_003/clean/attempt_01,libero_goal,7,turn_on_the_stove,3,0,True,True,True,False,False,articulated_task_no_pick_place,73,73,False,-1,0.0,True,False,NON_PRIMARY,SUPPLEMENTARY_EVENT
libero_goal/task_07/state_004/clean/attempt_01,libero_goal,7,turn_on_the_stove,4,0,True,True,True,False,False,articulated_task_no_pick_place,88,88,False,-1,0.0,True,False,NON_PRIMARY,SUPPLEMENTARY_EVENT
libero_goal/task_07/state_005/clean/attempt_01,libero_goal,7,turn_on_the_stove,5,0,True,True,True,False,False,articulated_task_no_pick_place,108,108,False,-1,0.0,True,False,NON_PRIMARY,SUPPLEMENTARY_EVENT
libero_goal/task_07/state_006/clean/attempt_01,libero_goal,7,turn_on_the_stove,6,0,True,True,True,False,False,articulated_task_no_pick_place,230,230,False,-1,0.0,True,False,NON_PRIMARY,SUPPLEMENTARY_EVENT
libero_goal/task_07/state_007/clean/attempt_01,libero_goal,7,turn_on_the_stove,7,0,True,True,True,False,False,articulated_task_no_pick_place,78,78,False,-1,0.0,True,False,NON_PRIMARY,SUPPLEMENTARY_EVENT
libero_goal/task_07/state_008/clean/attempt_01,libero_goal,7,turn_on_the_stove,8,0,True,True,True,False,False,articulated_task_no_pick_place,85,85,False,-1,0.0,True,False,NON_PRIMARY,SUPPLEMENTARY_EVENT
libero_goal/task_07/state_009/clean/attempt_01,libero_goal,7,turn_on_the_stove,9,0,True,True,True,False,False,articulated_task_no_pick_place,66,66,False,-1,0.0,True,False,NON_PRIMARY,SUPPLEMENTARY_EVENT
libero_goal/task_07/state_010/clean/attempt_01,libero_goal,7,turn_on_the_stove,10,0,True,True,True,False,False,articulated_task_no_pick_place,75,75,False,-1,0.0,True,False,NON_PRIMARY,SUPPLEMENTARY_EVENT
libero_goal/task_07/state_011/clean/attempt_01,libero_goal,7,turn_on_the_stove,11,0,True,True,True,False,False,articulated_task_no_pick_place,81,81,False,-1,0.0,True,False,NON_PRIMARY,SUPPLEMENTARY_EVENT
libero_goal/task_07/state_012/clean/attempt_01,libero_goal,7,turn_on_the_stove,12,0,True,True,True,False,False,articulated_task_no_pick_place,79,79,False,-1,0.0,True,False,NON_PRIMARY,SUPPLEMENTARY_EVENT
libero_goal/task_07/state_013/clean/attempt_01,libero_goal,7,turn_on_the_stove,13,0,True,True,True,False,False,articulated_task_no_pick_place,72,72,False,-1,0.0,True,False,NON_PRIMARY,SUPPLEMENTARY_EVENT
libero_goal/task_07/state_014/clean/attempt_01,libero_goal,7,turn_on_the_stove,14,0,True,True,True,False,False,articulated_task_no_pick_place,86,86,False,-1,0.0,True,False,NON_PRIMARY,SUPPLEMENTARY_EVENT
libero_goal/task_07/state_015/clean/attempt_01,libero_goal,7,turn_on_the_stove,15,0,True,True,True,False,False,articulated_task_no_pick_place,84,84,False,-1,0.0,True,False,NON_PRIMARY,SUPPLEMENTARY_EVENT
libero_goal/task_07/state_016/clean/attempt_01,libero_goal,7,turn_on_the_stove,16,0,True,True,True,False,False,articulated_task_no_pick_place,84,84,False,-1,0.0,True,False,NON_PRIMARY,SUPPLEMENTARY_EVENT
libero_goal/task_07/state_017/clean/attempt_01,libero_goal,7,turn_on_the_stove,17,0,True,True,True,False,False,articulated_task_no_pick_place,332,332,False,-1,0.0,True,False,NON_PRIMARY,SUPPLEMENTARY_EVENT
libero_goal/task_07/state_018/clean/attempt_01,libero_goal,7,turn_on_the_stove,18,0,True,True,True,False,False,articulated_task_no_pick_place,79,79,False,-1,0.0,True,False,NON_PRIMARY,SUPPLEMENTARY_EVENT
libero_goal/task_07/state_019/clean/attempt_01,libero_goal,7,turn_on_the_stove,19,0,True,True,True,False,False,articulated_task_no_pick_place,84,84,False,-1,0.0,True,False,NON_PRIMARY,SUPPLEMENTARY_EVENT
libero_goal/task_07/state_020/clean/attempt_01,libero_goal,7,turn_on_the_stove,20,0,True,True,True,False,False,articulated_task_no_pick_place,91,91,False,-1,0.0,True,False,NON_PRIMARY,SUPPLEMENTARY_EVENT
libero_goal/task_07/state_021/clean/attempt_01,libero_goal,7,turn_on_the_stove,21,0,True,True,True,False,False,articulated_task_no_pick_place,77,77,False,-1,0.0,True,False,NON_PRIMARY,SUPPLEMENTARY_EVENT
libero_goal/task_07/state_022/clean/attempt_01,libero_goal,7,turn_on_the_stove,22,0,True,True,True,False,False,articulated_task_no_pick_place,67,67,False,-1,0.0,True,False,NON_PRIMARY,SUPPLEMENTARY_EVENT
libero_goal/task_07/state_023/clean/attempt_01,libero_goal,7,turn_on_the_stove,23,0,True,True,True,False,False,articulated_task_no_pick_place,78,78,False,-1,0.0,True,False,NON_PRIMARY,SUPPLEMENTARY_EVENT
libero_goal/task_07/state_024/clean/attempt_01,libero_goal,7,turn_on_the_stove,24,0,True,True,True,False,False,articulated_task_no_pick_place,119,119,False,-1,0.0,True,False,NON_PRIMARY,SUPPLEMENTARY_EVENT
libero_goal/task_07/state_025/clean/attempt_01,libero_goal,7,turn_on_the_stove,25,0,True,True,True,False,False,articulated_task_no_pick_place,118,118,False,-1,0.0,True,False,NON_PRIMARY,SUPPLEMENTARY_EVENT
libero_goal/task_07/state_026/clean/attempt_01,libero_goal,7,turn_on_the_stove,26,0,True,True,True,False,False,articulated_task_no_pick_place,76,76,False,-1,0.0,True,False,NON_PRIMARY,SUPPLEMENTARY_EVENT
libero_goal/task_07/state_027/clean/attempt_01,libero_goal,7,turn_on_the_stove,27,0,True,True,True,False,False,articulated_task_no_pick_place,82,82,False,-1,0.0,True,False,NON_PRIMARY,SUPPLEMENTARY_EVENT
libero_goal/task_07/state_028/clean/attempt_01,libero_goal,7,turn_on_the_stove,28,0,True,True,True,False,False,articulated_task_no_pick_place,68,68,False,-1,0.0,True,False,NON_PRIMARY,SUPPLEMENTARY_EVENT
libero_goal/task_07/state_029/clean/attempt_01,libero_goal,7,turn_on_the_stove,29,0,True,True,True,False,False,articulated_task_no_pick_place,88,88,False,-1,0.0,True,False,NON_PRIMARY,SUPPLEMENTARY_EVENT
libero_goal/task_07/state_030/clean/attempt_01,libero_goal,7,turn_on_the_stove,30,0,True,True,True,False,False,articulated_task_no_pick_place,88,88,False,-1,0.0,True,False,NON_PRIMARY,SUPPLEMENTARY_EVENT
libero_goal/task_07/state_031/clean/attempt_01,libero_goal,7,turn_on_the_stove,31,0,True,True,True,False,False,articulated_task_no_pick_place,125,125,False,-1,0.0,True,False,NON_PRIMARY,SUPPLEMENTARY_EVENT
libero_goal/task_07/state_032/clean/attempt_01,libero_goal,7,turn_on_the_stove,32,0,True,True,True,False,False,articulated_task_no_pick_place,66,66,False,-1,0.0,True,False,NON_PRIMARY,SUPPLEMENTARY_EVENT
libero_goal/task_07/state_033/clean/attempt_01,libero_goal,7,turn_on_the_stove,33,0,True,True,True,False,False,articulated_task_no_pick_place,75,75,False,-1,0.0,True,False,NON_PRIMARY,SUPPLEMENTARY_EVENT
libero_goal/task_07/state_034/clean/attempt_01,libero_goal,7,turn_on_the_stove,34,0,True,True,True,False,False,articulated_task_no_pick_place,77,77,False,-1,0.0,True,False,NON_PRIMARY,SUPPLEMENTARY_EVENT
libero_goal/task_07/state_035/clean/attempt_01,libero_goal,7,turn_on_the_stove,35,0,True,True,True,False,False,articulated_task_no_pick_place,101,101,False,-1,0.0,True,False,NON_PRIMARY,SUPPLEMENTARY_EVENT
libero_goal/task_07/state_036/clean/attempt_01,libero_goal,7,turn_on_the_stove,36,0,True,True,True,False,False,articulated_task_no_pick_place,89,89,False,-1,0.0,True,False,NON_PRIMARY,SUPPLEMENTARY_EVENT
libero_goal/task_07/state_037/clean/attempt_01,libero_goal,7,turn_on_the_stove,37,0,True,True,True,False,False,articulated_task_no_pick_place,62,62,False,-1,0.0,True,False,NON_PRIMARY,SUPPLEMENTARY_EVENT
libero_goal/task_07/state_038/clean/attempt_01,libero_goal,7,turn_on_the_stove,38,0,True,True,True,False,False,articulated_task_no_pick_place,82,82,False,-1,0.0,True,False,NON_PRIMARY,SUPPLEMENTARY_EVENT
libero_goal/task_07/state_039/clean/attempt_01,libero_goal,7,turn_on_the_stove,39,0,True,True,True,False,False,articulated_task_no_pick_place,94,94,False,-1,0.0,True,False,NON_PRIMARY,SUPPLEMENTARY_EVENT
libero_goal/task_07/state_040/clean/attempt_01,libero_goal,7,turn_on_the_stove,40,0,True,True,True,False,False,articulated_task_no_pick_place,88,88,False,-1,0.0,True,False,NON_PRIMARY,SUPPLEMENTARY_EVENT
libero_goal/task_07/state_041/clean/attempt_01,libero_goal,7,turn_on_the_stove,41,0,False,True,True,False,False,articulated_task_no_pick_place,400,400,False,-1,0.0,True,False,NON_PRIMARY,SUPPLEMENTARY_EVENT
libero_goal/task_07/state_042/clean/attempt_01,libero_goal,7,turn_on_the_stove,42,0,True,True,True,False,False,articulated_task_no_pick_place,72,72,False,-1,0.0,True,False,NON_PRIMARY,SUPPLEMENTARY_EVENT
libero_goal/task_07/state_043/clean/attempt_01,libero_goal,7,turn_on_the_stove,43,0,True,True,True,False,False,articulated_task_no_pick_place,119,119,False,-1,0.0,True,False,NON_PRIMARY,SUPPLEMENTARY_EVENT
libero_goal/task_07/state_044/clean/attempt_01,libero_goal,7,turn_on_the_stove,44,0,True,True,True,False,False,articulated_task_no_pick_place,77,77,False,-1,0.0,True,False,NON_PRIMARY,SUPPLEMENTARY_EVENT
libero_goal/task_07/state_045/clean/attempt_01,libero_goal,7,turn_on_the_stove,45,0,True,True,True,False,False,articulated_task_no_pick_place,74,74,False,-1,0.0,True,False,NON_PRIMARY,SUPPLEMENTARY_EVENT
libero_goal/task_07/state_046/clean/attempt_01,libero_goal,7,turn_on_the_stove,46,0,True,True,True,False,False,articulated_task_no_pick_place,88,88,False,-1,0.0,True,False,NON_PRIMARY,SUPPLEMENTARY_EVENT
libero_goal/task_07/state_047/clean/attempt_01,libero_goal,7,turn_on_the_stove,47,0,True,True,True,False,False,articulated_task_no_pick_place,70,70,False,-1,0.0,True,False,NON_PRIMARY,SUPPLEMENTARY_EVENT
libero_goal/task_07/state_048/clean/attempt_01,libero_goal,7,turn_on_the_stove,48,0,True,True,True,False,False,articulated_task_no_pick_place,65,65,False,-1,0.0,True,False,NON_PRIMARY,SUPPLEMENTARY_EVENT
libero_goal/task_07/state_049/clean/attempt_01,libero_goal,7,turn_on_the_stove,49,0,True,True,True,False,False,articulated_task_no_pick_place,77,77,False,-1,0.0,True,False,NON_PRIMARY,SUPPLEMENTARY_EVENT
libero_goal/task_08/state_000/clean/attempt_01,libero_goal,8,put_the_bowl_on_the_plate,0,0,True,True,True,True,True,none,75,75,True,0,0.5,True,True,PRIMARY,PRIMARY_ELIGIBLE
libero_goal/task_08/state_001/clean/attempt_01,libero_goal,8,put_the_bowl_on_the_plate,1,0,True,True,True,True,True,none,92,92,True,0,0.5,True,True,PRIMARY,PRIMARY_ELIGIBLE
libero_goal/task_08/state_002/clean/attempt_01,libero_goal,8,put_the_bowl_on_the_plate,2,0,True,True,True,True,True,none,80,80,True,0,0.5,True,True,PRIMARY,PRIMARY_ELIGIBLE
libero_goal/task_08/state_003/clean/attempt_01,libero_goal,8,put_the_bowl_on_the_plate,3,0,True,True,True,True,True,none,68,68,True,0,0.5,True,True,PRIMARY,PRIMARY_ELIGIBLE
libero_goal/task_08/state_004/clean/attempt_01,libero_goal,8,put_the_bowl_on_the_plate,4,0,True,True,True,True,True,none,74,74,True,0,0.5,True,True,PRIMARY,PRIMARY_ELIGIBLE
libero_goal/task_08/state_005/clean/attempt_01,libero_goal,8,put_the_bowl_on_the_plate,5,0,True,True,True,True,True,none,83,83,True,0,0.5,True,True,PRIMARY,PRIMARY_ELIGIBLE
libero_goal/task_08/state_006/clean/attempt_01,libero_goal,8,put_the_bowl_on_the_plate,6,0,True,True,True,True,True,none,75,75,True,0,0.5,True,True,PRIMARY,PRIMARY_ELIGIBLE
libero_goal/task_08/state_007/clean/attempt_01,libero_goal,8,put_the_bowl_on_the_plate,7,0,True,True,True,True,True,none,123,123,True,0,0.5,True,True,PRIMARY,PRIMARY_ELIGIBLE
libero_goal/task_08/state_008/clean/attempt_01,libero_goal,8,put_the_bowl_on_the_plate,8,0,False,True,True,True,True,none,400,400,True,0,0.5,True,True,NON_PRIMARY,CLEAN_FAILURE_SAFETY
libero_goal/task_08/state_009/clean/attempt_01,libero_goal,8,put_the_bowl_on_the_plate,9,0,True,True,True,True,True,none,74,74,True,0,0.5,True,True,PRIMARY,PRIMARY_ELIGIBLE
libero_goal/task_08/state_010/clean/attempt_01,libero_goal,8,put_the_bowl_on_the_plate,10,0,True,True,True,True,True,none,65,65,True,0,0.5,True,True,PRIMARY,PRIMARY_ELIGIBLE
libero_goal/task_08/state_011/clean/attempt_01,libero_goal,8,put_the_bowl_on_the_plate,11,0,False,True,True,True,True,none,400,400,True,0,0.5,True,True,NON_PRIMARY,CLEAN_FAILURE_SAFETY
libero_goal/task_08/state_012/clean/attempt_01,libero_goal,8,put_the_bowl_on_the_plate,12,0,True,True,True,True,True,none,204,204,True,0,0.5,True,True,PRIMARY,PRIMARY_ELIGIBLE
libero_goal/task_08/state_013/clean/attempt_01,libero_goal,8,put_the_bowl_on_the_plate,13,0,True,True,True,True,True,none,76,76,True,0,0.5,True,True,PRIMARY,PRIMARY_ELIGIBLE
libero_goal/task_08/state_014/clean/attempt_01,libero_goal,8,put_the_bowl_on_the_plate,14,0,True,True,True,True,True,none,71,71,True,0,0.5,True,True,PRIMARY,PRIMARY_ELIGIBLE
libero_goal/task_08/state_015/clean/attempt_01,libero_goal,8,put_the_bowl_on_the_plate,15,0,True,True,True,True,True,none,75,75,True,0,0.5,True,True,PRIMARY,PRIMARY_ELIGIBLE
libero_goal/task_08/state_016/clean/attempt_01,libero_goal,8,put_the_bowl_on_the_plate,16,0,True,True,True,True,True,none,75,75,True,0,0.5,True,True,PRIMARY,PRIMARY_ELIGIBLE
libero_goal/task_08/state_017/clean/attempt_01,libero_goal,8,put_the_bowl_on_the_plate,17,0,True,True,True,True,True,none,79,79,True,0,0.5,True,True,PRIMARY,PRIMARY_ELIGIBLE
libero_goal/task_08/state_018/clean/attempt_01,libero_goal,8,put_the_bowl_on_the_plate,18,0,False,True,True,True,True,none,400,400,True,0,0.5,True,True,NON_PRIMARY,CLEAN_FAILURE_SAFETY
libero_goal/task_08/state_019/clean/attempt_01,libero_goal,8,put_the_bowl_on_the_plate,19,0,True,True,True,True,True,none,81,81,True,0,0.5,True,True,PRIMARY,PRIMARY_ELIGIBLE
libero_goal/task_08/state_020/clean/attempt_01,libero_goal,8,put_the_bowl_on_the_plate,20,0,True,True,True,True,True,none,76,76,True,0,0.5,True,True,PRIMARY,PRIMARY_ELIGIBLE
libero_goal/task_08/state_021/clean/attempt_01,libero_goal,8,put_the_bowl_on_the_plate,21,0,False,True,True,True,True,none,400,400,True,0,0.5,True,True,NON_PRIMARY,CLEAN_FAILURE_SAFETY
libero_goal/task_08/state_022/clean/attempt_01,libero_goal,8,put_the_bowl_on_the_plate,22,0,True,True,True,True,True,none,91,91,True,0,0.5,True,True,PRIMARY,PRIMARY_ELIGIBLE
libero_goal/task_08/state_023/clean/attempt_01,libero_goal,8,put_the_bowl_on_the_plate,23,0,True,True,True,True,True,none,102,102,True,0,0.5,True,True,PRIMARY,PRIMARY_ELIGIBLE
libero_goal/task_08/state_024/clean/attempt_01,libero_goal,8,put_the_bowl_on_the_plate,24,0,True,True,True,True,True,none,70,70,True,0,0.5,True,True,PRIMARY,PRIMARY_ELIGIBLE
libero_goal/task_08/state_025/clean/attempt_01,libero_goal,8,put_the_bowl_on_the_plate,25,0,True,True,True,True,True,none,77,77,True,0,0.5,True,True,PRIMARY,PRIMARY_ELIGIBLE
libero_goal/task_08/state_026/clean/attempt_01,libero_goal,8,put_the_bowl_on_the_plate,26,0,False,True,True,True,True,none,400,400,True,0,0.5,True,True,NON_PRIMARY,CLEAN_FAILURE_SAFETY
libero_goal/task_08/state_027/clean/attempt_01,libero_goal,8,put_the_bowl_on_the_plate,27,0,True,True,True,True,True,none,76,76,True,0,0.5,True,True,PRIMARY,PRIMARY_ELIGIBLE
libero_goal/task_08/state_028/clean/attempt_01,libero_goal,8,put_the_bowl_on_the_plate,28,0,False,True,True,True,True,none,400,400,True,0,0.5,True,True,NON_PRIMARY,CLEAN_FAILURE_SAFETY
libero_goal/task_08/state_029/clean/attempt_01,libero_goal,8,put_the_bowl_on_the_plate,29,0,True,True,True,True,True,none,93,93,True,0,0.5,True,True,PRIMARY,PRIMARY_ELIGIBLE
libero_goal/task_08/state_030/clean/attempt_01,libero_goal,8,put_the_bowl_on_the_plate,30,0,True,True,True,True,True,none,74,74,True,0,0.5,True,True,PRIMARY,PRIMARY_ELIGIBLE
libero_goal/task_08/state_031/clean/attempt_01,libero_goal,8,put_the_bowl_on_the_plate,31,0,True,True,True,True,True,none,70,70,True,0,0.5,True,True,PRIMARY,PRIMARY_ELIGIBLE
libero_goal/task_08/state_032/clean/attempt_01,libero_goal,8,put_the_bowl_on_the_plate,32,0,False,True,True,True,True,none,400,400,True,0,0.5,True,True,NON_PRIMARY,CLEAN_FAILURE_SAFETY
libero_goal/task_08/state_033/clean/attempt_01,libero_goal,8,put_the_bowl_on_the_plate,33,0,True,True,True,True,True,none,383,383,True,0,0.5,True,True,PRIMARY,PRIMARY_ELIGIBLE
libero_goal/task_08/state_034/clean/attempt_01,libero_goal,8,put_the_bowl_on_the_plate,34,0,False,True,True,True,True,none,400,400,True,0,0.5,True,True,NON_PRIMARY,CLEAN_FAILURE_SAFETY
libero_goal/task_08/state_035/clean/attempt_01,libero_goal,8,put_the_bowl_on_the_plate,35,0,True,True,True,True,True,none,68,68,True,0,0.5,True,True,PRIMARY,PRIMARY_ELIGIBLE
libero_goal/task_08/state_036/clean/attempt_01,libero_goal,8,put_the_bowl_on_the_plate,36,0,True,True,True,True,True,none,80,80,True,0,0.5,True,True,PRIMARY,PRIMARY_ELIGIBLE
libero_goal/task_08/state_037/clean/attempt_01,libero_goal,8,put_the_bowl_on_the_plate,37,0,True,True,True,True,True,none,78,78,True,0,0.5,True,True,PRIMARY,PRIMARY_ELIGIBLE
libero_goal/task_08/state_038/clean/attempt_01,libero_goal,8,put_the_bowl_on_the_plate,38,0,True,True,True,True,True,none,73,73,True,0,0.5,True,True,PRIMARY,PRIMARY_ELIGIBLE
libero_goal/task_08/state_039/clean/attempt_01,libero_goal,8,put_the_bowl_on_the_plate,39,0,True,True,True,True,True,none,230,230,True,0,0.5,True,True,PRIMARY,PRIMARY_ELIGIBLE
libero_goal/task_08/state_040/clean/attempt_01,libero_goal,8,put_the_bowl_on_the_plate,40,0,False,True,True,True,True,none,400,400,True,0,0.5,True,True,NON_PRIMARY,CLEAN_FAILURE_SAFETY
libero_goal/task_08/state_041/clean/attempt_01,libero_goal,8,put_the_bowl_on_the_plate,41,0,True,True,True,True,True,none,74,74,True,0,0.5,True,True,PRIMARY,PRIMARY_ELIGIBLE
libero_goal/task_08/state_042/clean/attempt_01,libero_goal,8,put_the_bowl_on_the_plate,42,0,True,True,True,True,True,none,82,82,True,0,0.5,True,True,PRIMARY,PRIMARY_ELIGIBLE
libero_goal/task_08/state_043/clean/attempt_01,libero_goal,8,put_the_bowl_on_the_plate,43,0,True,True,True,True,True,none,74,74,True,0,0.5,True,True,PRIMARY,PRIMARY_ELIGIBLE
libero_goal/task_08/state_044/clean/attempt_01,libero_goal,8,put_the_bowl_on_the_plate,44,0,False,True,True,True,True,none,400,400,True,0,0.5,True,True,NON_PRIMARY,CLEAN_FAILURE_SAFETY
libero_goal/task_08/state_045/clean/attempt_01,libero_goal,8,put_the_bowl_on_the_plate,45,0,True,True,True,True,True,none,93,93,True,0,0.5,True,True,PRIMARY,PRIMARY_ELIGIBLE
libero_goal/task_08/state_046/clean/attempt_01,libero_goal,8,put_the_bowl_on_the_plate,46,0,True,True,True,True,True,none,80,80,True,0,0.5,True,True,PRIMARY,PRIMARY_ELIGIBLE
libero_goal/task_08/state_047/clean/attempt_01,libero_goal,8,put_the_bowl_on_the_plate,47,0,True,True,True,True,True,none,101,101,True,0,0.5,True,True,PRIMARY,PRIMARY_ELIGIBLE
libero_goal/task_08/state_048/clean/attempt_01,libero_goal,8,put_the_bowl_on_the_plate,48,0,True,True,True,True,True,none,85,85,True,0,0.5,True,True,PRIMARY,PRIMARY_ELIGIBLE
libero_goal/task_08/state_049/clean/attempt_01,libero_goal,8,put_the_bowl_on_the_plate,49,0,True,True,True,True,True,none,90,90,True,0,0.5,True,True,PRIMARY,PRIMARY_ELIGIBLE
libero_goal/task_09/state_000/clean/attempt_01,libero_goal,9,put_the_wine_bottle_on_the_rack,0,0,False,True,True,True,True,none,400,400,True,0,0.5,True,True,NON_PRIMARY,CLEAN_FAILURE_SAFETY
libero_goal/task_09/state_001/clean/attempt_01,libero_goal,9,put_the_wine_bottle_on_the_rack,1,0,False,True,True,True,True,none,400,400,True,0,0.5,True,True,NON_PRIMARY,CLEAN_FAILURE_SAFETY
libero_goal/task_09/state_002/clean/attempt_01,libero_goal,9,put_the_wine_bottle_on_the_rack,2,0,False,True,True,True,True,none,400,400,True,0,0.5,True,True,NON_PRIMARY,CLEAN_FAILURE_SAFETY
libero_goal/task_09/state_003/clean/attempt_01,libero_goal,9,put_the_wine_bottle_on_the_rack,3,0,False,True,True,True,True,none,400,400,True,0,0.5,True,True,NON_PRIMARY,CLEAN_FAILURE_SAFETY
libero_goal/task_09/state_004/clean/attempt_01,libero_goal,9,put_the_wine_bottle_on_the_rack,4,0,False,True,True,True,True,none,400,400,True,0,0.5,True,True,NON_PRIMARY,CLEAN_FAILURE_SAFETY
libero_goal/task_09/state_005/clean/attempt_01,libero_goal,9,put_the_wine_bottle_on_the_rack,5,0,True,True,True,True,True,none,140,140,True,0,0.5,True,True,PRIMARY,PRIMARY_ELIGIBLE
libero_goal/task_09/state_006/clean/attempt_01,libero_goal,9,put_the_wine_bottle_on_the_rack,6,0,False,True,True,True,True,none,400,400,True,0,0.5,True,True,NON_PRIMARY,CLEAN_FAILURE_SAFETY
libero_goal/task_09/state_007/clean/attempt_01,libero_goal,9,put_the_wine_bottle_on_the_rack,7,0,False,True,True,True,True,none,400,400,True,0,0.5,True,True,NON_PRIMARY,CLEAN_FAILURE_SAFETY
libero_goal/task_09/state_008/clean/attempt_01,libero_goal,9,put_the_wine_bottle_on_the_rack,8,0,True,True,True,True,True,none,169,169,True,0,0.5,True,True,PRIMARY,PRIMARY_ELIGIBLE
libero_goal/task_09/state_009/clean/attempt_01,libero_goal,9,put_the_wine_bottle_on_the_rack,9,0,True,True,True,True,True,none,288,288,True,0,0.5,True,True,PRIMARY,PRIMARY_ELIGIBLE
libero_goal/task_09/state_010/clean/attempt_01,libero_goal,9,put_the_wine_bottle_on_the_rack,10,0,False,True,True,True,True,none,400,400,True,0,0.5,True,True,NON_PRIMARY,CLEAN_FAILURE_SAFETY
libero_goal/task_09/state_011/clean/attempt_01,libero_goal,9,put_the_wine_bottle_on_the_rack,11,0,False,True,True,True,True,none,400,400,True,0,0.5,True,True,NON_PRIMARY,CLEAN_FAILURE_SAFETY
libero_goal/task_09/state_012/clean/attempt_01,libero_goal,9,put_the_wine_bottle_on_the_rack,12,0,False,True,True,True,True,none,400,400,True,0,0.5,True,True,NON_PRIMARY,CLEAN_FAILURE_SAFETY
libero_goal/task_09/state_013/clean/attempt_01,libero_goal,9,put_the_wine_bottle_on_the_rack,13,0,True,True,True,True,True,none,208,208,True,0,0.5,True,True,PRIMARY,PRIMARY_ELIGIBLE
libero_goal/task_09/state_014/clean/attempt_01,libero_goal,9,put_the_wine_bottle_on_the_rack,14,0,True,True,True,True,True,none,136,136,True,0,0.5,True,True,PRIMARY,PRIMARY_ELIGIBLE
libero_goal/task_09/state_015/clean/attempt_01,libero_goal,9,put_the_wine_bottle_on_the_rack,15,0,False,True,True,True,True,none,400,400,True,0,0.5,True,True,NON_PRIMARY,CLEAN_FAILURE_SAFETY
libero_goal/task_09/state_016/clean/attempt_01,libero_goal,9,put_the_wine_bottle_on_the_rack,16,0,True,True,True,True,True,none,145,145,True,0,0.5,True,True,PRIMARY,PRIMARY_ELIGIBLE
libero_goal/task_09/state_017/clean/attempt_01,libero_goal,9,put_the_wine_bottle_on_the_rack,17,0,True,True,True,True,True,none,170,170,True,0,0.5,True,True,PRIMARY,PRIMARY_ELIGIBLE
libero_goal/task_09/state_018/clean/attempt_01,libero_goal,9,put_the_wine_bottle_on_the_rack,18,0,True,True,True,True,True,none,241,241,True,0,0.5,True,True,PRIMARY,PRIMARY_ELIGIBLE
libero_goal/task_09/state_019/clean/attempt_01,libero_goal,9,put_the_wine_bottle_on_the_rack,19,0,True,True,True,True,True,none,169,169,True,0,0.5,True,True,PRIMARY,PRIMARY_ELIGIBLE
libero_goal/task_09/state_020/clean/attempt_01,libero_goal,9,put_the_wine_bottle_on_the_rack,20,0,True,True,True,True,True,none,162,162,True,0,0.5,True,True,PRIMARY,PRIMARY_ELIGIBLE
libero_goal/task_09/state_021/clean/attempt_01,libero_goal,9,put_the_wine_bottle_on_the_rack,21,0,True,True,True,True,True,none,169,169,True,0,0.5,True,True,PRIMARY,PRIMARY_ELIGIBLE
libero_goal/task_09/state_022/clean/attempt_01,libero_goal,9,put_the_wine_bottle_on_the_rack,22,0,True,True,True,True,True,none,259,259,True,0,0.5,True,True,PRIMARY,PRIMARY_ELIGIBLE
libero_goal/task_09/state_023/clean/attempt_01,libero_goal,9,put_the_wine_bottle_on_the_rack,23,0,True,True,True,True,True,none,153,153,True,0,0.5,True,True,PRIMARY,PRIMARY_ELIGIBLE
libero_goal/task_09/state_024/clean/attempt_01,libero_goal,9,put_the_wine_bottle_on_the_rack,24,0,False,True,True,True,True,none,400,400,True,0,0.5,True,True,NON_PRIMARY,CLEAN_FAILURE_SAFETY
libero_goal/task_09/state_025/clean/attempt_01,libero_goal,9,put_the_wine_bottle_on_the_rack,25,0,True,True,True,True,True,none,140,140,True,0,0.5,True,True,PRIMARY,PRIMARY_ELIGIBLE
libero_goal/task_09/state_026/clean/attempt_01,libero_goal,9,put_the_wine_bottle_on_the_rack,26,0,False,True,True,True,True,none,400,400,True,0,0.5,True,True,NON_PRIMARY,CLEAN_FAILURE_SAFETY
libero_goal/task_09/state_027/clean/attempt_01,libero_goal,9,put_the_wine_bottle_on_the_rack,27,0,False,True,True,True,True,none,400,400,True,0,0.5,True,True,NON_PRIMARY,CLEAN_FAILURE_SAFETY
libero_goal/task_09/state_028/clean/attempt_01,libero_goal,9,put_the_wine_bottle_on_the_rack,28,0,True,True,True,True,True,none,160,160,True,0,0.5,True,True,PRIMARY,PRIMARY_ELIGIBLE
libero_goal/task_09/state_029/clean/attempt_01,libero_goal,9,put_the_wine_bottle_on_the_rack,29,0,True,True,True,True,True,none,251,251,True,0,0.5,True,True,PRIMARY,PRIMARY_ELIGIBLE
libero_goal/task_09/state_030/clean/attempt_01,libero_goal,9,put_the_wine_bottle_on_the_rack,30,0,True,True,True,True,True,none,199,199,True,0,0.5,True,True,PRIMARY,PRIMARY_ELIGIBLE
libero_goal/task_09/state_031/clean/attempt_01,libero_goal,9,put_the_wine_bottle_on_the_rack,31,0,True,True,True,True,True,none,138,138,True,0,0.5,True,True,PRIMARY,PRIMARY_ELIGIBLE
libero_goal/task_09/state_032/clean/attempt_01,libero_goal,9,put_the_wine_bottle_on_the_rack,32,0,True,True,True,True,True,none,136,136,True,0,0.5,True,True,PRIMARY,PRIMARY_ELIGIBLE
libero_goal/task_09/state_033/clean/attempt_01,libero_goal,9,put_the_wine_bottle_on_the_rack,33,0,True,True,True,True,True,none,139,139,True,0,0.5,True,True,PRIMARY,PRIMARY_ELIGIBLE
libero_goal/task_09/state_034/clean/attempt_01,libero_goal,9,put_the_wine_bottle_on_the_rack,34,0,True,True,True,True,True,none,126,126,True,0,0.5,True,True,PRIMARY,PRIMARY_ELIGIBLE
libero_goal/task_09/state_035/clean/attempt_01,libero_goal,9,put_the_wine_bottle_on_the_rack,35,0,False,True,True,True,True,none,400,400,True,0,0.5,True,True,NON_PRIMARY,CLEAN_FAILURE_SAFETY
libero_goal/task_09/state_036/clean/attempt_01,libero_goal,9,put_the_wine_bottle_on_the_rack,36,0,False,True,True,True,True,none,400,400,True,0,0.5,True,True,NON_PRIMARY,CLEAN_FAILURE_SAFETY
libero_goal/task_09/state_037/clean/attempt_01,libero_goal,9,put_the_wine_bottle_on_the_rack,37,0,False,True,True,True,True,none,400,400,True,0,0.5,True,True,NON_PRIMARY,CLEAN_FAILURE_SAFETY
libero_goal/task_09/state_038/clean/attempt_01,libero_goal,9,put_the_wine_bottle_on_the_rack,38,0,True,True,True,True,True,none,195,195,True,0,0.5,True,True,PRIMARY,PRIMARY_ELIGIBLE
libero_goal/task_09/state_039/clean/attempt_01,libero_goal,9,put_the_wine_bottle_on_the_rack,39,0,True,True,True,True,True,none,172,172,True,0,0.5,True,True,PRIMARY,PRIMARY_ELIGIBLE
libero_goal/task_09/state_040/clean/attempt_01,libero_goal,9,put_the_wine_bottle_on_the_rack,40,0,False,True,True,True,True,none,400,400,True,0,0.5,True,True,NON_PRIMARY,CLEAN_FAILURE_SAFETY
libero_goal/task_09/state_041/clean/attempt_01,libero_goal,9,put_the_wine_bottle_on_the_rack,41,0,False,True,True,True,True,none,400,400,True,0,0.5,True,True,NON_PRIMARY,CLEAN_FAILURE_SAFETY
libero_goal/task_09/state_042/clean/attempt_01,libero_goal,9,put_the_wine_bottle_on_the_rack,42,0,False,True,True,True,True,none,400,400,True,0,0.5,True,True,NON_PRIMARY,CLEAN_FAILURE_SAFETY
libero_goal/task_09/state_043/clean/attempt_01,libero_goal,9,put_the_wine_bottle_on_the_rack,43,0,True,True,True,True,True,none,144,144,True,0,0.5,True,True,PRIMARY,PRIMARY_ELIGIBLE
libero_goal/task_09/state_044/clean/attempt_01,libero_goal,9,put_the_wine_bottle_on_the_rack,44,0,False,True,True,True,True,none,400,400,True,0,0.5,True,True,NON_PRIMARY,CLEAN_FAILURE_SAFETY
libero_goal/task_09/state_045/clean/attempt_01,libero_goal,9,put_the_wine_bottle_on_the_rack,45,0,True,True,True,True,True,none,158,158,True,0,0.5,True,True,PRIMARY,PRIMARY_ELIGIBLE
libero_goal/task_09/state_046/clean/attempt_01,libero_goal,9,put_the_wine_bottle_on_the_rack,46,0,True,True,True,True,True,none,183,183,True,0,0.5,True,True,PRIMARY,PRIMARY_ELIGIBLE
libero_goal/task_09/state_047/clean/attempt_01,libero_goal,9,put_the_wine_bottle_on_the_rack,47,0,False,True,True,True,True,none,400,400,True,0,0.5,True,True,NON_PRIMARY,CLEAN_FAILURE_SAFETY
libero_goal/task_09/state_048/clean/attempt_01,libero_goal,9,put_the_wine_bottle_on_the_rack,48,0,True,True,True,True,True,none,160,160,True,0,0.5,True,True,PRIMARY,PRIMARY_ELIGIBLE
libero_goal/task_09/state_049/clean/attempt_01,libero_goal,9,put_the_wine_bottle_on_the_rack,49,0,True,True,True,True,True,none,123,123,True,0,0.5,True,True,PRIMARY,PRIMARY_ELIGIBLE
libero_object/task_00/state_000/clean/attempt_01,libero_object,0,pick_up_the_alphabet_soup_and_place_it_in_the_basket,0,0,True,True,True,True,True,none,175,109,True,0,0.5,True,True,PRIMARY,PRIMARY_ELIGIBLE
libero_object/task_00/state_001/clean/attempt_01,libero_object,0,pick_up_the_alphabet_soup_and_place_it_in_the_basket,1,1,True,True,True,True,True,none,175,91,True,0,0.5,True,True,PRIMARY,PRIMARY_ELIGIBLE
libero_object/task_00/state_002/clean/attempt_01,libero_object,0,pick_up_the_alphabet_soup_and_place_it_in_the_basket,2,2,True,True,True,True,True,none,157,79,True,0,0.5,True,True,PRIMARY,PRIMARY_ELIGIBLE
libero_object/task_00/state_003/clean/attempt_01,libero_object,0,pick_up_the_alphabet_soup_and_place_it_in_the_basket,3,3,False,True,True,True,True,none,400,400,True,0,0.5,True,True,NON_PRIMARY,CLEAN_FAILURE_SAFETY
libero_object/task_00/state_004/clean/attempt_01,libero_object,0,pick_up_the_alphabet_soup_and_place_it_in_the_basket,4,4,True,True,True,True,True,none,189,116,True,0,0.5,True,True,PRIMARY,PRIMARY_ELIGIBLE
libero_object/task_00/state_005/clean/attempt_01,libero_object,0,pick_up_the_alphabet_soup_and_place_it_in_the_basket,5,5,True,True,True,True,True,none,124,69,True,0,0.5,True,True,PRIMARY,PRIMARY_ELIGIBLE
libero_object/task_00/state_006/clean/attempt_01,libero_object,0,pick_up_the_alphabet_soup_and_place_it_in_the_basket,6,6,True,True,True,True,True,none,192,102,True,0,0.5,True,True,PRIMARY,PRIMARY_ELIGIBLE
libero_object/task_00/state_007/clean/attempt_01,libero_object,0,pick_up_the_alphabet_soup_and_place_it_in_the_basket,7,7,True,True,True,True,True,none,170,103,True,0,0.5,True,True,PRIMARY,PRIMARY_ELIGIBLE
libero_object/task_00/state_008/clean/attempt_01,libero_object,0,pick_up_the_alphabet_soup_and_place_it_in_the_basket,8,8,True,True,True,True,True,none,152,78,True,0,0.5,True,True,PRIMARY,PRIMARY_ELIGIBLE
libero_object/task_00/state_009/clean/attempt_01,libero_object,0,pick_up_the_alphabet_soup_and_place_it_in_the_basket,9,9,True,True,True,True,True,none,157,93,True,0,0.5,True,True,PRIMARY,PRIMARY_ELIGIBLE
libero_object/task_00/state_010/clean/attempt_01,libero_object,0,pick_up_the_alphabet_soup_and_place_it_in_the_basket,10,10,True,True,True,True,True,none,273,73,True,0,0.5,True,True,PRIMARY,PRIMARY_ELIGIBLE
libero_object/task_00/state_011/clean/attempt_01,libero_object,0,pick_up_the_alphabet_soup_and_place_it_in_the_basket,11,11,False,True,True,True,True,none,400,400,True,0,0.5,True,True,NON_PRIMARY,CLEAN_FAILURE_SAFETY
libero_object/task_00/state_012/clean/attempt_01,libero_object,0,pick_up_the_alphabet_soup_and_place_it_in_the_basket,12,12,True,True,True,True,True,none,270,172,True,0,0.5,True,True,PRIMARY,PRIMARY_ELIGIBLE
libero_object/task_00/state_013/clean/attempt_01,libero_object,0,pick_up_the_alphabet_soup_and_place_it_in_the_basket,13,13,True,True,True,True,True,none,160,96,True,0,0.5,True,True,PRIMARY,PRIMARY_ELIGIBLE
libero_object/task_00/state_014/clean/attempt_01,libero_object,0,pick_up_the_alphabet_soup_and_place_it_in_the_basket,14,14,False,True,True,True,True,none,400,400,True,0,0.5,True,True,NON_PRIMARY,CLEAN_FAILURE_SAFETY
libero_object/task_00/state_015/clean/attempt_01,libero_object,0,pick_up_the_alphabet_soup_and_place_it_in_the_basket,15,15,True,True,True,True,True,none,155,89,True,0,0.5,True,True,PRIMARY,PRIMARY_ELIGIBLE
libero_object/task_00/state_016/clean/attempt_01,libero_object,0,pick_up_the_alphabet_soup_and_place_it_in_the_basket,16,16,True,True,True,True,True,none,246,98,True,0,0.5,True,True,PRIMARY,PRIMARY_ELIGIBLE
libero_object/task_00/state_017/clean/attempt_01,libero_object,0,pick_up_the_alphabet_soup_and_place_it_in_the_basket,17,17,True,True,True,True,True,none,141,83,True,0,0.5,True,True,PRIMARY,PRIMARY_ELIGIBLE
libero_object/task_00/state_018/clean/attempt_01,libero_object,0,pick_up_the_alphabet_soup_and_place_it_in_the_basket,18,18,True,True,True,True,True,none,153,85,True,0,0.5,True,True,PRIMARY,PRIMARY_ELIGIBLE
libero_object/task_00/state_019/clean/attempt_01,libero_object,0,pick_up_the_alphabet_soup_and_place_it_in_the_basket,19,19,True,True,True,True,True,none,189,86,True,0,0.5,True,True,PRIMARY,PRIMARY_ELIGIBLE
libero_object/task_00/state_020/clean/attempt_01,libero_object,0,pick_up_the_alphabet_soup_and_place_it_in_the_basket,20,20,True,True,True,True,True,none,154,83,True,0,0.5,True,True,PRIMARY,PRIMARY_ELIGIBLE
libero_object/task_00/state_021/clean/attempt_01,libero_object,0,pick_up_the_alphabet_soup_and_place_it_in_the_basket,21,21,True,True,True,True,True,none,172,99,True,0,0.5,True,True,PRIMARY,PRIMARY_ELIGIBLE
libero_object/task_00/state_022/clean/attempt_01,libero_object,0,pick_up_the_alphabet_soup_and_place_it_in_the_basket,22,22,True,True,True,True,True,none,185,124,True,0,0.5,True,True,PRIMARY,PRIMARY_ELIGIBLE
libero_object/task_00/state_023/clean/attempt_01,libero_object,0,pick_up_the_alphabet_soup_and_place_it_in_the_basket,23,23,False,True,True,True,True,none,400,90,True,0,0.5,True,True,NON_PRIMARY,CLEAN_FAILURE_SAFETY
libero_object/task_00/state_024/clean/attempt_01,libero_object,0,pick_up_the_alphabet_soup_and_place_it_in_the_basket,24,24,True,True,True,True,True,none,151,82,True,0,0.5,True,True,PRIMARY,PRIMARY_ELIGIBLE
libero_object/task_00/state_025/clean/attempt_01,libero_object,0,pick_up_the_alphabet_soup_and_place_it_in_the_basket,25,25,True,True,True,True,True,none,183,78,True,0,0.5,True,True,PRIMARY,PRIMARY_ELIGIBLE
libero_object/task_00/state_026/clean/attempt_01,libero_object,0,pick_up_the_alphabet_soup_and_place_it_in_the_basket,26,26,True,True,True,True,True,none,135,70,True,0,0.5,True,True,PRIMARY,PRIMARY_ELIGIBLE
libero_object/task_00/state_027/clean/attempt_01,libero_object,0,pick_up_the_alphabet_soup_and_place_it_in_the_basket,27,27,True,True,True,True,True,none,154,77,True,0,0.5,True,True,PRIMARY,PRIMARY_ELIGIBLE
libero_object/task_00/state_028/clean/attempt_01,libero_object,0,pick_up_the_alphabet_soup_and_place_it_in_the_basket,28,28,True,True,True,True,True,none,203,154,True,0,0.5,True,True,PRIMARY,PRIMARY_ELIGIBLE
libero_object/task_00/state_029/clean/attempt_01,libero_object,0,pick_up_the_alphabet_soup_and_place_it_in_the_basket,29,29,True,True,True,True,True,none,161,94,True,0,0.5,True,True,PRIMARY,PRIMARY_ELIGIBLE
libero_object/task_00/state_030/clean/attempt_01,libero_object,0,pick_up_the_alphabet_soup_and_place_it_in_the_basket,30,30,True,True,True,True,True,none,138,70,True,0,0.5,True,True,PRIMARY,PRIMARY_ELIGIBLE
libero_object/task_00/state_031/clean/attempt_01,libero_object,0,pick_up_the_alphabet_soup_and_place_it_in_the_basket,31,31,True,True,True,True,True,none,150,77,True,0,0.5,True,True,PRIMARY,PRIMARY_ELIGIBLE
libero_object/task_00/state_032/clean/attempt_01,libero_object,0,pick_up_the_alphabet_soup_and_place_it_in_the_basket,32,32,False,True,True,True,True,none,400,257,True,0,0.5,True,True,NON_PRIMARY,CLEAN_FAILURE_SAFETY
libero_object/task_00/state_033/clean/attempt_01,libero_object,0,pick_up_the_alphabet_soup_and_place_it_in_the_basket,33,33,True,True,True,True,True,none,124,73,True,0,0.5,True,True,PRIMARY,PRIMARY_ELIGIBLE
libero_object/task_00/state_034/clean/attempt_01,libero_object,0,pick_up_the_alphabet_soup_and_place_it_in_the_basket,34,34,True,True,True,True,True,none,149,73,True,0,0.5,True,True,PRIMARY,PRIMARY_ELIGIBLE
libero_object/task_00/state_035/clean/attempt_01,libero_object,0,pick_up_the_alphabet_soup_and_place_it_in_the_basket,35,35,True,True,True,True,True,none,273,210,True,0,0.5,True,True,PRIMARY,PRIMARY_ELIGIBLE
libero_object/task_00/state_036/clean/attempt_01,libero_object,0,pick_up_the_alphabet_soup_and_place_it_in_the_basket,36,36,True,True,True,True,True,none,150,80,True,0,0.5,True,True,PRIMARY,PRIMARY_ELIGIBLE
libero_object/task_00/state_037/clean/attempt_01,libero_object,0,pick_up_the_alphabet_soup_and_place_it_in_the_basket,37,37,True,True,True,True,True,none,146,74,True,0,0.5,True,True,PRIMARY,PRIMARY_ELIGIBLE
libero_object/task_00/state_038/clean/attempt_01,libero_object,0,pick_up_the_alphabet_soup_and_place_it_in_the_basket,38,38,True,True,True,True,True,none,207,109,True,0,0.5,True,True,PRIMARY,PRIMARY_ELIGIBLE
libero_object/task_00/state_039/clean/attempt_01,libero_object,0,pick_up_the_alphabet_soup_and_place_it_in_the_basket,39,39,True,True,True,True,True,none,164,81,True,0,0.5,True,True,PRIMARY,PRIMARY_ELIGIBLE
libero_object/task_00/state_040/clean/attempt_01,libero_object,0,pick_up_the_alphabet_soup_and_place_it_in_the_basket,40,40,True,True,True,True,True,none,174,77,True,0,0.5,True,True,PRIMARY,PRIMARY_ELIGIBLE
libero_object/task_00/state_041/clean/attempt_01,libero_object,0,pick_up_the_alphabet_soup_and_place_it_in_the_basket,41,41,True,True,True,True,True,none,190,115,True,0,0.5,True,True,PRIMARY,PRIMARY_ELIGIBLE
libero_object/task_00/state_042/clean/attempt_01,libero_object,0,pick_up_the_alphabet_soup_and_place_it_in_the_basket,42,42,False,True,True,True,True,none,400,351,True,0,0.5,True,True,NON_PRIMARY,CLEAN_FAILURE_SAFETY
libero_object/task_00/state_043/clean/attempt_01,libero_object,0,pick_up_the_alphabet_soup_and_place_it_in_the_basket,43,43,False,True,True,True,True,none,400,400,True,0,0.5,True,True,NON_PRIMARY,CLEAN_FAILURE_SAFETY
libero_object/task_00/state_044/clean/attempt_01,libero_object,0,pick_up_the_alphabet_soup_and_place_it_in_the_basket,44,44,True,True,True,True,True,none,156,80,True,0,0.5,True,True,PRIMARY,PRIMARY_ELIGIBLE
libero_object/task_00/state_045/clean/attempt_01,libero_object,0,pick_up_the_alphabet_soup_and_place_it_in_the_basket,45,45,False,True,True,True,True,none,400,400,True,0,0.5,True,True,NON_PRIMARY,CLEAN_FAILURE_SAFETY
libero_object/task_00/state_046/clean/attempt_01,libero_object,0,pick_up_the_alphabet_soup_and_place_it_in_the_basket,46,46,True,True,True,True,True,none,186,107,True,0,0.5,True,True,PRIMARY,PRIMARY_ELIGIBLE
libero_object/task_00/state_047/clean/attempt_01,libero_object,0,pick_up_the_alphabet_soup_and_place_it_in_the_basket,47,47,False,True,True,True,True,none,400,76,True,0,0.5,True,True,NON_PRIMARY,CLEAN_FAILURE_SAFETY
libero_object/task_00/state_048/clean/attempt_01,libero_object,0,pick_up_the_alphabet_soup_and_place_it_in_the_basket,48,48,True,True,True,True,True,none,145,77,True,0,0.5,True,True,PRIMARY,PRIMARY_ELIGIBLE
libero_object/task_00/state_049/clean/attempt_01,libero_object,0,pick_up_the_alphabet_soup_and_place_it_in_the_basket,49,49,True,True,True,True,True,none,241,183,True,0,0.5,True,True,PRIMARY,PRIMARY_ELIGIBLE
libero_object/task_01/state_000/clean/attempt_01,libero_object,1,pick_up_the_cream_cheese_and_place_it_in_the_basket,0,1000,False,True,True,True,True,none,400,400,True,0,0.5,True,True,NON_PRIMARY,CLEAN_FAILURE_SAFETY
libero_object/task_01/state_001/clean/attempt_01,libero_object,1,pick_up_the_cream_cheese_and_place_it_in_the_basket,1,1001,True,True,True,True,True,none,134,134,True,0,0.5,True,True,PRIMARY,PRIMARY_ELIGIBLE
libero_object/task_01/state_002/clean/attempt_01,libero_object,1,pick_up_the_cream_cheese_and_place_it_in_the_basket,2,1002,False,True,True,True,True,none,400,400,True,0,0.5,True,True,NON_PRIMARY,CLEAN_FAILURE_SAFETY
libero_object/task_01/state_003/clean/attempt_01,libero_object,1,pick_up_the_cream_cheese_and_place_it_in_the_basket,3,1003,True,True,True,True,True,none,144,102,True,0,0.5,True,True,PRIMARY,PRIMARY_ELIGIBLE
libero_object/task_01/state_004/clean/attempt_01,libero_object,1,pick_up_the_cream_cheese_and_place_it_in_the_basket,4,1004,True,True,True,True,True,none,125,125,True,0,0.5,True,True,PRIMARY,PRIMARY_ELIGIBLE
libero_object/task_01/state_005/clean/attempt_01,libero_object,1,pick_up_the_cream_cheese_and_place_it_in_the_basket,5,1005,False,True,True,True,True,none,400,400,True,0,0.5,True,True,NON_PRIMARY,CLEAN_FAILURE_SAFETY
libero_object/task_01/state_006/clean/attempt_01,libero_object,1,pick_up_the_cream_cheese_and_place_it_in_the_basket,6,1006,True,True,True,True,True,none,123,77,True,0,0.5,True,True,PRIMARY,PRIMARY_ELIGIBLE
libero_object/task_01/state_007/clean/attempt_01,libero_object,1,pick_up_the_cream_cheese_and_place_it_in_the_basket,7,1007,True,True,True,True,True,none,136,81,True,0,0.5,True,True,PRIMARY,PRIMARY_ELIGIBLE
libero_object/task_01/state_008/clean/attempt_01,libero_object,1,pick_up_the_cream_cheese_and_place_it_in_the_basket,8,1008,False,True,True,True,True,none,400,400,True,0,0.5,True,True,NON_PRIMARY,CLEAN_FAILURE_SAFETY
libero_object/task_01/state_009/clean/attempt_01,libero_object,1,pick_up_the_cream_cheese_and_place_it_in_the_basket,9,1009,True,True,True,True,True,none,145,145,True,0,0.5,True,True,PRIMARY,PRIMARY_ELIGIBLE
libero_object/task_01/state_010/clean/attempt_01,libero_object,1,pick_up_the_cream_cheese_and_place_it_in_the_basket,10,1010,True,True,True,True,True,none,332,332,True,0,0.5,True,True,PRIMARY,PRIMARY_ELIGIBLE
libero_object/task_01/state_011/clean/attempt_01,libero_object,1,pick_up_the_cream_cheese_and_place_it_in_the_basket,11,1011,True,True,True,True,True,none,135,90,True,0,0.5,True,True,PRIMARY,PRIMARY_ELIGIBLE
libero_object/task_01/state_012/clean/attempt_01,libero_object,1,pick_up_the_cream_cheese_and_place_it_in_the_basket,12,1012,False,True,True,True,True,none,400,400,True,0,0.5,True,True,NON_PRIMARY,CLEAN_FAILURE_SAFETY
libero_object/task_01/state_013/clean/attempt_01,libero_object,1,pick_up_the_cream_cheese_and_place_it_in_the_basket,13,1013,True,True,True,True,True,none,127,127,True,0,0.5,True,True,PRIMARY,PRIMARY_ELIGIBLE
libero_object/task_01/state_014/clean/attempt_01,libero_object,1,pick_up_the_cream_cheese_and_place_it_in_the_basket,14,1014,False,True,True,True,True,none,400,400,True,0,0.5,True,True,NON_PRIMARY,CLEAN_FAILURE_SAFETY
libero_object/task_01/state_015/clean/attempt_01,libero_object,1,pick_up_the_cream_cheese_and_place_it_in_the_basket,15,1015,True,True,True,True,True,none,119,119,True,0,0.5,True,True,PRIMARY,PRIMARY_ELIGIBLE
libero_object/task_01/state_016/clean/attempt_01,libero_object,1,pick_up_the_cream_cheese_and_place_it_in_the_basket,16,1016,True,True,True,True,True,none,141,141,True,0,0.5,True,True,PRIMARY,PRIMARY_ELIGIBLE
libero_object/task_01/state_017/clean/attempt_01,libero_object,1,pick_up_the_cream_cheese_and_place_it_in_the_basket,17,1017,True,True,True,True,True,none,119,82,True,0,0.5,True,True,PRIMARY,PRIMARY_ELIGIBLE
libero_object/task_01/state_018/clean/attempt_01,libero_object,1,pick_up_the_cream_cheese_and_place_it_in_the_basket,18,1018,False,True,True,True,True,none,400,400,True,0,0.5,True,True,NON_PRIMARY,CLEAN_FAILURE_SAFETY
libero_object/task_01/state_019/clean/attempt_01,libero_object,1,pick_up_the_cream_cheese_and_place_it_in_the_basket,19,1019,True,True,True,True,True,none,133,133,True,0,0.5,True,True,PRIMARY,PRIMARY_ELIGIBLE
libero_object/task_01/state_020/clean/attempt_01,libero_object,1,pick_up_the_cream_cheese_and_place_it_in_the_basket,20,1020,False,True,True,True,True,none,400,400,True,0,0.5,True,True,NON_PRIMARY,CLEAN_FAILURE_SAFETY
libero_object/task_01/state_021/clean/attempt_01,libero_object,1,pick_up_the_cream_cheese_and_place_it_in_the_basket,21,1021,True,True,True,True,True,none,200,116,True,0,0.5,True,True,PRIMARY,PRIMARY_ELIGIBLE
libero_object/task_01/state_022/clean/attempt_01,libero_object,1,pick_up_the_cream_cheese_and_place_it_in_the_basket,22,1022,False,True,True,True,True,none,400,400,True,0,0.5,True,True,NON_PRIMARY,CLEAN_FAILURE_SAFETY
libero_object/task_01/state_023/clean/attempt_01,libero_object,1,pick_up_the_cream_cheese_and_place_it_in_the_basket,23,1023,False,True,True,True,True,none,400,400,True,0,0.5,True,True,NON_PRIMARY,CLEAN_FAILURE_SAFETY
libero_object/task_01/state_024/clean/attempt_01,libero_object,1,pick_up_the_cream_cheese_and_place_it_in_the_basket,24,1024,True,True,True,True,True,none,141,141,True,0,0.5,True,True,PRIMARY,PRIMARY_ELIGIBLE
libero_object/task_01/state_025/clean/attempt_01,libero_object,1,pick_up_the_cream_cheese_and_place_it_in_the_basket,25,1025,True,True,True,True,True,none,129,129,True,0,0.5,True,True,PRIMARY,PRIMARY_ELIGIBLE
libero_object/task_01/state_026/clean/attempt_01,libero_object,1,pick_up_the_cream_cheese_and_place_it_in_the_basket,26,1026,False,True,True,True,True,none,400,400,True,0,0.5,True,True,NON_PRIMARY,CLEAN_FAILURE_SAFETY
libero_object/task_01/state_027/clean/attempt_01,libero_object,1,pick_up_the_cream_cheese_and_place_it_in_the_basket,27,1027,False,True,True,True,True,none,400,400,True,0,0.5,True,True,NON_PRIMARY,CLEAN_FAILURE_SAFETY
libero_object/task_01/state_028/clean/attempt_01,libero_object,1,pick_up_the_cream_cheese_and_place_it_in_the_basket,28,1028,True,True,True,True,True,none,144,144,True,0,0.5,True,True,PRIMARY,PRIMARY_ELIGIBLE
libero_object/task_01/state_029/clean/attempt_01,libero_object,1,pick_up_the_cream_cheese_and_place_it_in_the_basket,29,1029,True,True,True,True,True,none,118,118,True,0,0.5,True,True,PRIMARY,PRIMARY_ELIGIBLE
libero_object/task_01/state_030/clean/attempt_01,libero_object,1,pick_up_the_cream_cheese_and_place_it_in_the_basket,30,1030,False,True,True,True,True,none,400,400,True,0,0.5,True,True,NON_PRIMARY,CLEAN_FAILURE_SAFETY
libero_object/task_01/state_031/clean/attempt_01,libero_object,1,pick_up_the_cream_cheese_and_place_it_in_the_basket,31,1031,True,True,True,True,True,none,135,135,True,0,0.5,True,True,PRIMARY,PRIMARY_ELIGIBLE
libero_object/task_01/state_032/clean/attempt_01,libero_object,1,pick_up_the_cream_cheese_and_place_it_in_the_basket,32,1032,True,True,True,True,True,none,138,138,True,0,0.5,True,True,PRIMARY,PRIMARY_ELIGIBLE
libero_object/task_01/state_033/clean/attempt_01,libero_object,1,pick_up_the_cream_cheese_and_place_it_in_the_basket,33,1033,True,True,True,True,True,none,199,128,True,0,0.5,True,True,PRIMARY,PRIMARY_ELIGIBLE
libero_object/task_01/state_034/clean/attempt_01,libero_object,1,pick_up_the_cream_cheese_and_place_it_in_the_basket,34,1034,True,True,True,True,True,none,162,162,True,0,0.5,True,True,PRIMARY,PRIMARY_ELIGIBLE
libero_object/task_01/state_035/clean/attempt_01,libero_object,1,pick_up_the_cream_cheese_and_place_it_in_the_basket,35,1035,True,True,True,True,True,none,116,71,True,0,0.5,True,True,PRIMARY,PRIMARY_ELIGIBLE
libero_object/task_01/state_036/clean/attempt_01,libero_object,1,pick_up_the_cream_cheese_and_place_it_in_the_basket,36,1036,True,True,True,True,True,none,127,89,True,0,0.5,True,True,PRIMARY,PRIMARY_ELIGIBLE
libero_object/task_01/state_037/clean/attempt_01,libero_object,1,pick_up_the_cream_cheese_and_place_it_in_the_basket,37,1037,True,True,True,True,True,none,122,122,True,0,0.5,True,True,PRIMARY,PRIMARY_ELIGIBLE
libero_object/task_01/state_038/clean/attempt_01,libero_object,1,pick_up_the_cream_cheese_and_place_it_in_the_basket,38,1038,True,True,True,True,True,none,136,136,True,0,0.5,True,True,PRIMARY,PRIMARY_ELIGIBLE
libero_object/task_01/state_039/clean/attempt_01,libero_object,1,pick_up_the_cream_cheese_and_place_it_in_the_basket,39,1039,True,True,True,True,True,none,144,98,True,0,0.5,True,True,PRIMARY,PRIMARY_ELIGIBLE
libero_object/task_01/state_040/clean/attempt_01,libero_object,1,pick_up_the_cream_cheese_and_place_it_in_the_basket,40,1040,False,True,True,True,True,none,400,400,True,0,0.5,True,True,NON_PRIMARY,CLEAN_FAILURE_SAFETY
libero_object/task_01/state_041/clean/attempt_01,libero_object,1,pick_up_the_cream_cheese_and_place_it_in_the_basket,41,1041,False,True,True,True,True,none,400,400,True,0,0.5,True,True,NON_PRIMARY,CLEAN_FAILURE_SAFETY
libero_object/task_01/state_042/clean/attempt_01,libero_object,1,pick_up_the_cream_cheese_and_place_it_in_the_basket,42,1042,True,True,True,True,True,none,156,109,True,0,0.5,True,True,PRIMARY,PRIMARY_ELIGIBLE
libero_object/task_01/state_043/clean/attempt_01,libero_object,1,pick_up_the_cream_cheese_and_place_it_in_the_basket,43,1043,False,True,True,True,True,none,400,74,True,0,0.5,True,True,NON_PRIMARY,CLEAN_FAILURE_SAFETY
libero_object/task_01/state_044/clean/attempt_01,libero_object,1,pick_up_the_cream_cheese_and_place_it_in_the_basket,44,1044,True,True,True,True,True,none,150,93,True,0,0.5,True,True,PRIMARY,PRIMARY_ELIGIBLE
libero_object/task_01/state_045/clean/attempt_01,libero_object,1,pick_up_the_cream_cheese_and_place_it_in_the_basket,45,1045,False,True,True,True,True,none,400,400,True,0,0.5,True,True,NON_PRIMARY,CLEAN_FAILURE_SAFETY
libero_object/task_01/state_046/clean/attempt_01,libero_object,1,pick_up_the_cream_cheese_and_place_it_in_the_basket,46,1046,True,True,True,True,True,none,127,127,True,0,0.5,True,True,PRIMARY,PRIMARY_ELIGIBLE
libero_object/task_01/state_047/clean/attempt_01,libero_object,1,pick_up_the_cream_cheese_and_place_it_in_the_basket,47,1047,True,True,True,True,True,none,130,71,True,0,0.5,True,True,PRIMARY,PRIMARY_ELIGIBLE
libero_object/task_01/state_048/clean/attempt_01,libero_object,1,pick_up_the_cream_cheese_and_place_it_in_the_basket,48,1048,True,True,True,True,True,none,174,174,True,0,0.5,True,True,PRIMARY,PRIMARY_ELIGIBLE
libero_object/task_01/state_049/clean/attempt_01,libero_object,1,pick_up_the_cream_cheese_and_place_it_in_the_basket,49,1049,True,True,True,True,True,none,181,131,True,0,0.5,True,True,PRIMARY,PRIMARY_ELIGIBLE
libero_object/task_02/state_000/clean/attempt_01,libero_object,2,pick_up_the_salad_dressing_and_place_it_in_the_basket,0,2000,True,True,True,True,True,none,122,75,True,0,0.5,True,True,PRIMARY,PRIMARY_ELIGIBLE
libero_object/task_02/state_001/clean/attempt_01,libero_object,2,pick_up_the_salad_dressing_and_place_it_in_the_basket,1,2001,True,True,True,True,True,none,140,85,True,0,0.5,True,True,PRIMARY,PRIMARY_ELIGIBLE
libero_object/task_02/state_002/clean/attempt_01,libero_object,2,pick_up_the_salad_dressing_and_place_it_in_the_basket,2,2002,True,True,True,True,True,none,137,99,True,0,0.5,True,True,PRIMARY,PRIMARY_ELIGIBLE
libero_object/task_02/state_003/clean/attempt_01,libero_object,2,pick_up_the_salad_dressing_and_place_it_in_the_basket,3,2003,True,True,True,True,True,none,135,89,True,0,0.5,True,True,PRIMARY,PRIMARY_ELIGIBLE
libero_object/task_02/state_004/clean/attempt_01,libero_object,2,pick_up_the_salad_dressing_and_place_it_in_the_basket,4,2004,True,True,True,True,True,none,117,76,True,0,0.5,True,True,PRIMARY,PRIMARY_ELIGIBLE
libero_object/task_02/state_005/clean/attempt_01,libero_object,2,pick_up_the_salad_dressing_and_place_it_in_the_basket,5,2005,True,True,True,True,True,none,216,169,True,0,0.5,True,True,PRIMARY,PRIMARY_ELIGIBLE
libero_object/task_02/state_006/clean/attempt_01,libero_object,2,pick_up_the_salad_dressing_and_place_it_in_the_basket,6,2006,True,True,True,True,True,none,235,186,True,0,0.5,True,True,PRIMARY,PRIMARY_ELIGIBLE
libero_object/task_02/state_007/clean/attempt_01,libero_object,2,pick_up_the_salad_dressing_and_place_it_in_the_basket,7,2007,True,True,True,True,True,none,116,74,True,0,0.5,True,True,PRIMARY,PRIMARY_ELIGIBLE
libero_object/task_02/state_008/clean/attempt_01,libero_object,2,pick_up_the_salad_dressing_and_place_it_in_the_basket,8,2008,True,True,True,True,True,none,120,74,True,0,0.5,True,True,PRIMARY,PRIMARY_ELIGIBLE
libero_object/task_02/state_009/clean/attempt_01,libero_object,2,pick_up_the_salad_dressing_and_place_it_in_the_basket,9,2009,True,True,True,True,True,none,146,101,True,0,0.5,True,True,PRIMARY,PRIMARY_ELIGIBLE
libero_object/task_02/state_010/clean/attempt_01,libero_object,2,pick_up_the_salad_dressing_and_place_it_in_the_basket,10,2010,True,True,True,True,True,none,111,72,True,0,0.5,True,True,PRIMARY,PRIMARY_ELIGIBLE
libero_object/task_02/state_011/clean/attempt_01,libero_object,2,pick_up_the_salad_dressing_and_place_it_in_the_basket,11,2011,True,True,True,True,True,none,125,75,True,0,0.5,True,True,PRIMARY,PRIMARY_ELIGIBLE
libero_object/task_02/state_012/clean/attempt_01,libero_object,2,pick_up_the_salad_dressing_and_place_it_in_the_basket,12,2012,True,True,True,True,True,none,118,79,True,0,0.5,True,True,PRIMARY,PRIMARY_ELIGIBLE
libero_object/task_02/state_013/clean/attempt_01,libero_object,2,pick_up_the_salad_dressing_and_place_it_in_the_basket,13,2013,True,True,True,True,True,none,117,69,True,0,0.5,True,True,PRIMARY,PRIMARY_ELIGIBLE
libero_object/task_02/state_014/clean/attempt_01,libero_object,2,pick_up_the_salad_dressing_and_place_it_in_the_basket,14,2014,True,True,True,True,True,none,154,105,True,0,0.5,True,True,PRIMARY,PRIMARY_ELIGIBLE
libero_object/task_02/state_015/clean/attempt_01,libero_object,2,pick_up_the_salad_dressing_and_place_it_in_the_basket,15,2015,True,True,True,True,True,none,209,161,True,0,0.5,True,True,PRIMARY,PRIMARY_ELIGIBLE
libero_object/task_02/state_016/clean/attempt_01,libero_object,2,pick_up_the_salad_dressing_and_place_it_in_the_basket,16,2016,True,True,True,True,True,none,118,76,True,0,0.5,True,True,PRIMARY,PRIMARY_ELIGIBLE
libero_object/task_02/state_017/clean/attempt_01,libero_object,2,pick_up_the_salad_dressing_and_place_it_in_the_basket,17,2017,True,True,True,True,True,none,118,74,True,0,0.5,True,True,PRIMARY,PRIMARY_ELIGIBLE
libero_object/task_02/state_018/clean/attempt_01,libero_object,2,pick_up_the_salad_dressing_and_place_it_in_the_basket,18,2018,True,True,True,True,True,none,159,115,True,0,0.5,True,True,PRIMARY,PRIMARY_ELIGIBLE
libero_object/task_02/state_019/clean/attempt_01,libero_object,2,pick_up_the_salad_dressing_and_place_it_in_the_basket,19,2019,True,True,True,True,True,none,132,86,True,0,0.5,True,True,PRIMARY,PRIMARY_ELIGIBLE
libero_object/task_02/state_020/clean/attempt_01,libero_object,2,pick_up_the_salad_dressing_and_place_it_in_the_basket,20,2020,True,True,True,True,True,none,114,66,True,0,0.5,True,True,PRIMARY,PRIMARY_ELIGIBLE
libero_object/task_02/state_021/clean/attempt_01,libero_object,2,pick_up_the_salad_dressing_and_place_it_in_the_basket,21,2021,True,True,True,True,True,none,191,120,True,0,0.5,True,True,PRIMARY,PRIMARY_ELIGIBLE
libero_object/task_02/state_022/clean/attempt_01,libero_object,2,pick_up_the_salad_dressing_and_place_it_in_the_basket,22,2022,True,True,True,True,True,none,116,68,True,0,0.5,True,True,PRIMARY,PRIMARY_ELIGIBLE
libero_object/task_02/state_023/clean/attempt_01,libero_object,2,pick_up_the_salad_dressing_and_place_it_in_the_basket,23,2023,True,True,True,True,True,none,129,83,True,0,0.5,True,True,PRIMARY,PRIMARY_ELIGIBLE
libero_object/task_02/state_024/clean/attempt_01,libero_object,2,pick_up_the_salad_dressing_and_place_it_in_the_basket,24,2024,True,True,True,True,True,none,184,140,True,0,0.5,True,True,PRIMARY,PRIMARY_ELIGIBLE
libero_object/task_02/state_025/clean/attempt_01,libero_object,2,pick_up_the_salad_dressing_and_place_it_in_the_basket,25,2025,True,True,True,True,True,none,178,87,True,0,0.5,True,True,PRIMARY,PRIMARY_ELIGIBLE
libero_object/task_02/state_026/clean/attempt_01,libero_object,2,pick_up_the_salad_dressing_and_place_it_in_the_basket,26,2026,True,True,True,True,True,none,136,88,True,0,0.5,True,True,PRIMARY,PRIMARY_ELIGIBLE
libero_object/task_02/state_027/clean/attempt_01,libero_object,2,pick_up_the_salad_dressing_and_place_it_in_the_basket,27,2027,True,True,True,True,True,none,127,83,True,0,0.5,True,True,PRIMARY,PRIMARY_ELIGIBLE
libero_object/task_02/state_028/clean/attempt_01,libero_object,2,pick_up_the_salad_dressing_and_place_it_in_the_basket,28,2028,True,True,True,True,True,none,375,299,True,0,0.5,True,True,PRIMARY,PRIMARY_ELIGIBLE
libero_object/task_02/state_029/clean/attempt_01,libero_object,2,pick_up_the_salad_dressing_and_place_it_in_the_basket,29,2029,False,True,True,True,True,none,400,400,True,0,0.5,True,True,NON_PRIMARY,CLEAN_FAILURE_SAFETY
libero_object/task_02/state_030/clean/attempt_01,libero_object,2,pick_up_the_salad_dressing_and_place_it_in_the_basket,30,2030,True,True,True,True,True,none,110,67,True,0,0.5,True,True,PRIMARY,PRIMARY_ELIGIBLE
libero_object/task_02/state_031/clean/attempt_01,libero_object,2,pick_up_the_salad_dressing_and_place_it_in_the_basket,31,2031,False,True,True,True,True,none,400,400,True,0,0.5,True,True,NON_PRIMARY,CLEAN_FAILURE_SAFETY
libero_object/task_02/state_032/clean/attempt_01,libero_object,2,pick_up_the_salad_dressing_and_place_it_in_the_basket,32,2032,True,True,True,True,True,none,225,171,True,0,0.5,True,True,PRIMARY,PRIMARY_ELIGIBLE
libero_object/task_02/state_033/clean/attempt_01,libero_object,2,pick_up_the_salad_dressing_and_place_it_in_the_basket,33,2033,True,True,True,True,True,none,126,80,True,0,0.5,True,True,PRIMARY,PRIMARY_ELIGIBLE
libero_object/task_02/state_034/clean/attempt_01,libero_object,2,pick_up_the_salad_dressing_and_place_it_in_the_basket,34,2034,True,True,True,True,True,none,188,134,True,0,0.5,True,True,PRIMARY,PRIMARY_ELIGIBLE
libero_object/task_02/state_035/clean/attempt_01,libero_object,2,pick_up_the_salad_dressing_and_place_it_in_the_basket,35,2035,True,True,True,True,True,none,212,163,True,0,0.5,True,True,PRIMARY,PRIMARY_ELIGIBLE
libero_object/task_02/state_036/clean/attempt_01,libero_object,2,pick_up_the_salad_dressing_and_place_it_in_the_basket,36,2036,True,True,True,True,True,none,125,81,True,0,0.5,True,True,PRIMARY,PRIMARY_ELIGIBLE
libero_object/task_02/state_037/clean/attempt_01,libero_object,2,pick_up_the_salad_dressing_and_place_it_in_the_basket,37,2037,True,True,True,True,True,none,155,107,True,0,0.5,True,True,PRIMARY,PRIMARY_ELIGIBLE
libero_object/task_02/state_038/clean/attempt_01,libero_object,2,pick_up_the_salad_dressing_and_place_it_in_the_basket,38,2038,True,True,True,True,True,none,151,106,True,0,0.5,True,True,PRIMARY,PRIMARY_ELIGIBLE
libero_object/task_02/state_039/clean/attempt_01,libero_object,2,pick_up_the_salad_dressing_and_place_it_in_the_basket,39,2039,False,True,True,True,True,none,400,84,True,0,0.5,True,True,NON_PRIMARY,CLEAN_FAILURE_SAFETY
libero_object/task_02/state_040/clean/attempt_01,libero_object,2,pick_up_the_salad_dressing_and_place_it_in_the_basket,40,2040,True,True,True,True,True,none,124,79,True,0,0.5,True,True,PRIMARY,PRIMARY_ELIGIBLE
libero_object/task_02/state_041/clean/attempt_01,libero_object,2,pick_up_the_salad_dressing_and_place_it_in_the_basket,41,2041,True,True,True,True,True,none,144,96,True,0,0.5,True,True,PRIMARY,PRIMARY_ELIGIBLE
libero_object/task_02/state_042/clean/attempt_01,libero_object,2,pick_up_the_salad_dressing_and_place_it_in_the_basket,42,2042,True,True,True,True,True,none,157,114,True,0,0.5,True,True,PRIMARY,PRIMARY_ELIGIBLE
libero_object/task_02/state_043/clean/attempt_01,libero_object,2,pick_up_the_salad_dressing_and_place_it_in_the_basket,43,2043,True,True,True,True,True,none,136,93,True,0,0.5,True,True,PRIMARY,PRIMARY_ELIGIBLE
libero_object/task_02/state_044/clean/attempt_01,libero_object,2,pick_up_the_salad_dressing_and_place_it_in_the_basket,44,2044,True,True,True,True,True,none,143,97,True,0,0.5,True,True,PRIMARY,PRIMARY_ELIGIBLE
libero_object/task_02/state_045/clean/attempt_01,libero_object,2,pick_up_the_salad_dressing_and_place_it_in_the_basket,45,2045,True,True,True,True,True,none,119,71,True,0,0.5,True,True,PRIMARY,PRIMARY_ELIGIBLE
libero_object/task_02/state_046/clean/attempt_01,libero_object,2,pick_up_the_salad_dressing_and_place_it_in_the_basket,46,2046,True,True,True,True,True,none,169,120,True,0,0.5,True,True,PRIMARY,PRIMARY_ELIGIBLE
libero_object/task_02/state_047/clean/attempt_01,libero_object,2,pick_up_the_salad_dressing_and_place_it_in_the_basket,47,2047,True,True,True,True,True,none,132,82,True,0,0.5,True,True,PRIMARY,PRIMARY_ELIGIBLE
libero_object/task_02/state_048/clean/attempt_01,libero_object,2,pick_up_the_salad_dressing_and_place_it_in_the_basket,48,2048,True,True,True,True,True,none,164,119,True,0,0.5,True,True,PRIMARY,PRIMARY_ELIGIBLE
libero_object/task_02/state_049/clean/attempt_01,libero_object,2,pick_up_the_salad_dressing_and_place_it_in_the_basket,49,2049,True,True,True,True,True,none,165,119,True,0,0.5,True,True,PRIMARY,PRIMARY_ELIGIBLE
libero_object/task_03/state_000/clean/attempt_01,libero_object,3,pick_up_the_bbq_sauce_and_place_it_in_the_basket,0,3000,True,True,True,True,True,none,134,78,True,0,0.5,True,True,PRIMARY,PRIMARY_ELIGIBLE
libero_object/task_03/state_001/clean/attempt_01,libero_object,3,pick_up_the_bbq_sauce_and_place_it_in_the_basket,1,3001,False,True,True,True,True,none,400,400,True,0,0.5,True,True,NON_PRIMARY,CLEAN_FAILURE_SAFETY
libero_object/task_03/state_002/clean/attempt_01,libero_object,3,pick_up_the_bbq_sauce_and_place_it_in_the_basket,2,3002,False,True,True,True,True,none,400,400,True,0,0.5,True,True,NON_PRIMARY,CLEAN_FAILURE_SAFETY
libero_object/task_03/state_003/clean/attempt_01,libero_object,3,pick_up_the_bbq_sauce_and_place_it_in_the_basket,3,3003,False,True,True,True,True,none,400,400,True,0,0.5,True,True,NON_PRIMARY,CLEAN_FAILURE_SAFETY
libero_object/task_03/state_004/clean/attempt_01,libero_object,3,pick_up_the_bbq_sauce_and_place_it_in_the_basket,4,3004,True,True,True,True,True,none,143,105,True,0,0.5,True,True,PRIMARY,PRIMARY_ELIGIBLE
libero_object/task_03/state_005/clean/attempt_01,libero_object,3,pick_up_the_bbq_sauce_and_place_it_in_the_basket,5,3005,False,True,True,True,True,none,400,400,True,0,0.5,True,True,NON_PRIMARY,CLEAN_FAILURE_SAFETY
libero_object/task_03/state_006/clean/attempt_01,libero_object,3,pick_up_the_bbq_sauce_and_place_it_in_the_basket,6,3006,False,True,True,True,True,none,400,400,True,0,0.5,True,True,NON_PRIMARY,CLEAN_FAILURE_SAFETY
libero_object/task_03/state_007/clean/attempt_01,libero_object,3,pick_up_the_bbq_sauce_and_place_it_in_the_basket,7,3007,False,True,True,True,True,none,400,400,True,0,0.5,True,True,NON_PRIMARY,CLEAN_FAILURE_SAFETY
libero_object/task_03/state_008/clean/attempt_01,libero_object,3,pick_up_the_bbq_sauce_and_place_it_in_the_basket,8,3008,False,True,True,True,True,none,400,400,True,0,0.5,True,True,NON_PRIMARY,CLEAN_FAILURE_SAFETY
libero_object/task_03/state_009/clean/attempt_01,libero_object,3,pick_up_the_bbq_sauce_and_place_it_in_the_basket,9,3009,True,True,True,True,True,none,191,140,True,0,0.5,True,True,PRIMARY,PRIMARY_ELIGIBLE
libero_object/task_03/state_010/clean/attempt_01,libero_object,3,pick_up_the_bbq_sauce_and_place_it_in_the_basket,10,3010,False,True,True,True,True,none,400,400,True,0,0.5,True,True,NON_PRIMARY,CLEAN_FAILURE_SAFETY
libero_object/task_03/state_011/clean/attempt_01,libero_object,3,pick_up_the_bbq_sauce_and_place_it_in_the_basket,11,3011,False,True,True,True,True,none,400,400,True,0,0.5,True,True,NON_PRIMARY,CLEAN_FAILURE_SAFETY
libero_object/task_03/state_012/clean/attempt_01,libero_object,3,pick_up_the_bbq_sauce_and_place_it_in_the_basket,12,3012,False,True,True,True,True,none,400,400,True,0,0.5,True,True,NON_PRIMARY,CLEAN_FAILURE_SAFETY
libero_object/task_03/state_013/clean/attempt_01,libero_object,3,pick_up_the_bbq_sauce_and_place_it_in_the_basket,13,3013,True,True,True,True,True,none,126,75,True,0,0.5,True,True,PRIMARY,PRIMARY_ELIGIBLE
libero_object/task_03/state_014/clean/attempt_01,libero_object,3,pick_up_the_bbq_sauce_and_place_it_in_the_basket,14,3014,True,True,True,True,True,none,116,76,True,0,0.5,True,True,PRIMARY,PRIMARY_ELIGIBLE
libero_object/task_03/state_015/clean/attempt_01,libero_object,3,pick_up_the_bbq_sauce_and_place_it_in_the_basket,15,3015,True,True,True,True,True,none,215,147,True,0,0.5,True,True,PRIMARY,PRIMARY_ELIGIBLE
libero_object/task_03/state_016/clean/attempt_01,libero_object,3,pick_up_the_bbq_sauce_and_place_it_in_the_basket,16,3016,False,True,True,True,True,none,400,400,True,0,0.5,True,True,NON_PRIMARY,CLEAN_FAILURE_SAFETY
libero_object/task_03/state_017/clean/attempt_01,libero_object,3,pick_up_the_bbq_sauce_and_place_it_in_the_basket,17,3017,False,True,True,True,True,none,400,400,True,0,0.5,True,True,NON_PRIMARY,CLEAN_FAILURE_SAFETY
libero_object/task_03/state_018/clean/attempt_01,libero_object,3,pick_up_the_bbq_sauce_and_place_it_in_the_basket,18,3018,True,True,True,True,True,none,132,85,True,0,0.5,True,True,PRIMARY,PRIMARY_ELIGIBLE
libero_object/task_03/state_019/clean/attempt_01,libero_object,3,pick_up_the_bbq_sauce_and_place_it_in_the_basket,19,3019,True,True,True,True,True,none,259,205,True,0,0.5,True,True,PRIMARY,PRIMARY_ELIGIBLE
libero_object/task_03/state_020/clean/attempt_01,libero_object,3,pick_up_the_bbq_sauce_and_place_it_in_the_basket,20,3020,False,True,True,True,True,none,400,400,True,0,0.5,True,True,NON_PRIMARY,CLEAN_FAILURE_SAFETY
libero_object/task_03/state_021/clean/attempt_01,libero_object,3,pick_up_the_bbq_sauce_and_place_it_in_the_basket,21,3021,False,True,True,True,True,none,400,400,True,0,0.5,True,True,NON_PRIMARY,CLEAN_FAILURE_SAFETY
libero_object/task_03/state_022/clean/attempt_01,libero_object,3,pick_up_the_bbq_sauce_and_place_it_in_the_basket,22,3022,True,True,True,True,True,none,201,143,True,0,0.5,True,True,PRIMARY,PRIMARY_ELIGIBLE
libero_object/task_03/state_023/clean/attempt_01,libero_object,3,pick_up_the_bbq_sauce_and_place_it_in_the_basket,23,3023,True,True,True,True,True,none,153,105,True,0,0.5,True,True,PRIMARY,PRIMARY_ELIGIBLE
libero_object/task_03/state_024/clean/attempt_01,libero_object,3,pick_up_the_bbq_sauce_and_place_it_in_the_basket,24,3024,True,True,True,True,True,none,133,88,True,0,0.5,True,True,PRIMARY,PRIMARY_ELIGIBLE
libero_object/task_03/state_025/clean/attempt_01,libero_object,3,pick_up_the_bbq_sauce_and_place_it_in_the_basket,25,3025,True,True,True,True,True,none,106,64,True,0,0.5,True,True,PRIMARY,PRIMARY_ELIGIBLE
libero_object/task_03/state_026/clean/attempt_01,libero_object,3,pick_up_the_bbq_sauce_and_place_it_in_the_basket,26,3026,False,True,True,True,True,none,400,400,True,0,0.5,True,True,NON_PRIMARY,CLEAN_FAILURE_SAFETY
libero_object/task_03/state_027/clean/attempt_01,libero_object,3,pick_up_the_bbq_sauce_and_place_it_in_the_basket,27,3027,True,True,True,True,True,none,262,214,True,0,0.5,True,True,PRIMARY,PRIMARY_ELIGIBLE
libero_object/task_03/state_028/clean/attempt_01,libero_object,3,pick_up_the_bbq_sauce_and_place_it_in_the_basket,28,3028,True,True,True,True,True,none,121,71,True,0,0.5,True,True,PRIMARY,PRIMARY_ELIGIBLE
libero_object/task_03/state_029/clean/attempt_01,libero_object,3,pick_up_the_bbq_sauce_and_place_it_in_the_basket,29,3029,True,True,True,True,True,none,131,83,True,0,0.5,True,True,PRIMARY,PRIMARY_ELIGIBLE
libero_object/task_03/state_030/clean/attempt_01,libero_object,3,pick_up_the_bbq_sauce_and_place_it_in_the_basket,30,3030,True,True,True,True,True,none,171,127,True,0,0.5,True,True,PRIMARY,PRIMARY_ELIGIBLE
libero_object/task_03/state_031/clean/attempt_01,libero_object,3,pick_up_the_bbq_sauce_and_place_it_in_the_basket,31,3031,False,True,True,True,True,none,400,400,True,0,0.5,True,True,NON_PRIMARY,CLEAN_FAILURE_SAFETY
libero_object/task_03/state_032/clean/attempt_01,libero_object,3,pick_up_the_bbq_sauce_and_place_it_in_the_basket,32,3032,True,True,True,True,True,none,136,136,True,0,0.5,True,True,PRIMARY,PRIMARY_ELIGIBLE
libero_object/task_03/state_033/clean/attempt_01,libero_object,3,pick_up_the_bbq_sauce_and_place_it_in_the_basket,33,3033,False,True,True,True,True,none,400,400,True,0,0.5,True,True,NON_PRIMARY,CLEAN_FAILURE_SAFETY
libero_object/task_03/state_034/clean/attempt_01,libero_object,3,pick_up_the_bbq_sauce_and_place_it_in_the_basket,34,3034,False,True,True,True,True,none,400,400,True,0,0.5,True,True,NON_PRIMARY,CLEAN_FAILURE_SAFETY
libero_object/task_03/state_035/clean/attempt_01,libero_object,3,pick_up_the_bbq_sauce_and_place_it_in_the_basket,35,3035,False,True,True,True,True,none,400,400,True,0,0.5,True,True,NON_PRIMARY,CLEAN_FAILURE_SAFETY
libero_object/task_03/state_036/clean/attempt_01,libero_object,3,pick_up_the_bbq_sauce_and_place_it_in_the_basket,36,3036,True,True,True,True,True,none,114,114,True,0,0.5,True,True,PRIMARY,PRIMARY_ELIGIBLE
libero_object/task_03/state_037/clean/attempt_01,libero_object,3,pick_up_the_bbq_sauce_and_place_it_in_the_basket,37,3037,True,True,True,True,True,none,132,76,True,0,0.5,True,True,PRIMARY,PRIMARY_ELIGIBLE
libero_object/task_03/state_038/clean/attempt_01,libero_object,3,pick_up_the_bbq_sauce_and_place_it_in_the_basket,38,3038,False,True,True,True,True,none,400,400,True,0,0.5,True,True,NON_PRIMARY,CLEAN_FAILURE_SAFETY
libero_object/task_03/state_039/clean/attempt_01,libero_object,3,pick_up_the_bbq_sauce_and_place_it_in_the_basket,39,3039,True,True,True,True,True,none,161,126,True,0,0.5,True,True,PRIMARY,PRIMARY_ELIGIBLE
libero_object/task_03/state_040/clean/attempt_01,libero_object,3,pick_up_the_bbq_sauce_and_place_it_in_the_basket,40,3040,True,True,True,True,True,none,125,82,True,0,0.5,True,True,PRIMARY,PRIMARY_ELIGIBLE
libero_object/task_03/state_041/clean/attempt_01,libero_object,3,pick_up_the_bbq_sauce_and_place_it_in_the_basket,41,3041,True,True,True,True,True,none,115,71,True,0,0.5,True,True,PRIMARY,PRIMARY_ELIGIBLE
libero_object/task_03/state_042/clean/attempt_01,libero_object,3,pick_up_the_bbq_sauce_and_place_it_in_the_basket,42,3042,True,True,True,True,True,none,121,73,True,0,0.5,True,True,PRIMARY,PRIMARY_ELIGIBLE
libero_object/task_03/state_043/clean/attempt_01,libero_object,3,pick_up_the_bbq_sauce_and_place_it_in_the_basket,43,3043,True,True,True,True,True,none,121,68,True,0,0.5,True,True,PRIMARY,PRIMARY_ELIGIBLE
libero_object/task_03/state_044/clean/attempt_01,libero_object,3,pick_up_the_bbq_sauce_and_place_it_in_the_basket,44,3044,True,True,True,True,True,none,376,376,True,0,0.5,True,True,PRIMARY,PRIMARY_ELIGIBLE
libero_object/task_03/state_045/clean/attempt_01,libero_object,3,pick_up_the_bbq_sauce_and_place_it_in_the_basket,45,3045,True,True,True,True,True,none,125,79,True,0,0.5,True,True,PRIMARY,PRIMARY_ELIGIBLE
libero_object/task_03/state_046/clean/attempt_01,libero_object,3,pick_up_the_bbq_sauce_and_place_it_in_the_basket,46,3046,False,True,True,True,True,none,400,400,True,0,0.5,True,True,NON_PRIMARY,CLEAN_FAILURE_SAFETY
libero_object/task_03/state_047/clean/attempt_01,libero_object,3,pick_up_the_bbq_sauce_and_place_it_in_the_basket,47,3047,False,True,True,True,True,none,400,400,True,0,0.5,True,True,NON_PRIMARY,CLEAN_FAILURE_SAFETY
libero_object/task_03/state_048/clean/attempt_01,libero_object,3,pick_up_the_bbq_sauce_and_place_it_in_the_basket,48,3048,True,True,True,True,True,none,348,292,True,0,0.5,True,True,PRIMARY,PRIMARY_ELIGIBLE
libero_object/task_03/state_049/clean/attempt_01,libero_object,3,pick_up_the_bbq_sauce_and_place_it_in_the_basket,49,3049,False,True,True,True,True,none,400,400,True,0,0.5,True,True,NON_PRIMARY,CLEAN_FAILURE_SAFETY
libero_object/task_04/state_000/clean/attempt_01,libero_object,4,pick_up_the_ketchup_and_place_it_in_the_basket,0,4000,True,True,True,True,True,none,157,92,True,0,0.5,True,True,PRIMARY,PRIMARY_ELIGIBLE
libero_object/task_04/state_001/clean/attempt_01,libero_object,4,pick_up_the_ketchup_and_place_it_in_the_basket,1,4001,True,True,True,True,True,none,147,87,True,0,0.5,True,True,PRIMARY,PRIMARY_ELIGIBLE
libero_object/task_04/state_002/clean/attempt_01,libero_object,4,pick_up_the_ketchup_and_place_it_in_the_basket,2,4002,True,True,True,True,True,none,147,85,True,0,0.5,True,True,PRIMARY,PRIMARY_ELIGIBLE
libero_object/task_04/state_003/clean/attempt_01,libero_object,4,pick_up_the_ketchup_and_place_it_in_the_basket,3,4003,True,True,True,True,True,none,199,127,True,0,0.5,True,True,PRIMARY,PRIMARY_ELIGIBLE
libero_object/task_04/state_004/clean/attempt_01,libero_object,4,pick_up_the_ketchup_and_place_it_in_the_basket,4,4004,True,True,True,True,True,none,145,79,True,0,0.5,True,True,PRIMARY,PRIMARY_ELIGIBLE
libero_object/task_04/state_005/clean/attempt_01,libero_object,4,pick_up_the_ketchup_and_place_it_in_the_basket,5,4005,True,True,True,True,True,none,138,79,True,0,0.5,True,True,PRIMARY,PRIMARY_ELIGIBLE
libero_object/task_04/state_006/clean/attempt_01,libero_object,4,pick_up_the_ketchup_and_place_it_in_the_basket,6,4006,True,True,True,True,True,none,131,73,True,0,0.5,True,True,PRIMARY,PRIMARY_ELIGIBLE
libero_object/task_04/state_007/clean/attempt_01,libero_object,4,pick_up_the_ketchup_and_place_it_in_the_basket,7,4007,True,True,True,True,True,none,161,87,True,0,0.5,True,True,PRIMARY,PRIMARY_ELIGIBLE
libero_object/task_04/state_008/clean/attempt_01,libero_object,4,pick_up_the_ketchup_and_place_it_in_the_basket,8,4008,True,True,True,True,True,none,140,77,True,0,0.5,True,True,PRIMARY,PRIMARY_ELIGIBLE
libero_object/task_04/state_009/clean/attempt_01,libero_object,4,pick_up_the_ketchup_and_place_it_in_the_basket,9,4009,True,True,True,True,True,none,137,83,True,0,0.5,True,True,PRIMARY,PRIMARY_ELIGIBLE
libero_object/task_04/state_010/clean/attempt_01,libero_object,4,pick_up_the_ketchup_and_place_it_in_the_basket,10,4010,True,True,True,True,True,none,153,88,True,0,0.5,True,True,PRIMARY,PRIMARY_ELIGIBLE
libero_object/task_04/state_011/clean/attempt_01,libero_object,4,pick_up_the_ketchup_and_place_it_in_the_basket,11,4011,True,True,True,True,True,none,128,72,True,0,0.5,True,True,PRIMARY,PRIMARY_ELIGIBLE
libero_object/task_04/state_012/clean/attempt_01,libero_object,4,pick_up_the_ketchup_and_place_it_in_the_basket,12,4012,True,True,True,True,True,none,350,132,True,0,0.5,True,True,PRIMARY,PRIMARY_ELIGIBLE
libero_object/task_04/state_013/clean/attempt_01,libero_object,4,pick_up_the_ketchup_and_place_it_in_the_basket,13,4013,True,True,True,True,True,none,328,259,True,0,0.5,True,True,PRIMARY,PRIMARY_ELIGIBLE
libero_object/task_04/state_014/clean/attempt_01,libero_object,4,pick_up_the_ketchup_and_place_it_in_the_basket,14,4014,True,True,True,True,True,none,139,83,True,0,0.5,True,True,PRIMARY,PRIMARY_ELIGIBLE
libero_object/task_04/state_015/clean/attempt_01,libero_object,4,pick_up_the_ketchup_and_place_it_in_the_basket,15,4015,True,True,True,True,True,none,137,79,True,0,0.5,True,True,PRIMARY,PRIMARY_ELIGIBLE
libero_object/task_04/state_016/clean/attempt_01,libero_object,4,pick_up_the_ketchup_and_place_it_in_the_basket,16,4016,True,True,True,True,True,none,158,83,True,0,0.5,True,True,PRIMARY,PRIMARY_ELIGIBLE
libero_object/task_04/state_017/clean/attempt_01,libero_object,4,pick_up_the_ketchup_and_place_it_in_the_basket,17,4017,True,True,True,True,True,none,144,84,True,0,0.5,True,True,PRIMARY,PRIMARY_ELIGIBLE
libero_object/task_04/state_018/clean/attempt_01,libero_object,4,pick_up_the_ketchup_and_place_it_in_the_basket,18,4018,True,True,True,True,True,none,156,86,True,0,0.5,True,True,PRIMARY,PRIMARY_ELIGIBLE
libero_object/task_04/state_019/clean/attempt_01,libero_object,4,pick_up_the_ketchup_and_place_it_in_the_basket,19,4019,False,True,True,True,True,none,400,400,True,0,0.5,True,True,NON_PRIMARY,CLEAN_FAILURE_SAFETY
libero_object/task_04/state_020/clean/attempt_01,libero_object,4,pick_up_the_ketchup_and_place_it_in_the_basket,20,4020,True,True,True,True,True,none,137,74,True,0,0.5,True,True,PRIMARY,PRIMARY_ELIGIBLE
libero_object/task_04/state_021/clean/attempt_01,libero_object,4,pick_up_the_ketchup_and_place_it_in_the_basket,21,4021,True,True,True,True,True,none,143,78,True,0,0.5,True,True,PRIMARY,PRIMARY_ELIGIBLE
libero_object/task_04/state_022/clean/attempt_01,libero_object,4,pick_up_the_ketchup_and_place_it_in_the_basket,22,4022,True,True,True,True,True,none,141,82,True,0,0.5,True,True,PRIMARY,PRIMARY_ELIGIBLE
libero_object/task_04/state_023/clean/attempt_01,libero_object,4,pick_up_the_ketchup_and_place_it_in_the_basket,23,4023,True,True,True,True,True,none,145,82,True,0,0.5,True,True,PRIMARY,PRIMARY_ELIGIBLE
libero_object/task_04/state_024/clean/attempt_01,libero_object,4,pick_up_the_ketchup_and_place_it_in_the_basket,24,4024,True,True,True,True,True,none,155,90,True,0,0.5,True,True,PRIMARY,PRIMARY_ELIGIBLE
libero_object/task_04/state_025/clean/attempt_01,libero_object,4,pick_up_the_ketchup_and_place_it_in_the_basket,25,4025,True,True,True,True,True,none,146,91,True,0,0.5,True,True,PRIMARY,PRIMARY_ELIGIBLE
libero_object/task_04/state_026/clean/attempt_01,libero_object,4,pick_up_the_ketchup_and_place_it_in_the_basket,26,4026,True,True,True,True,True,none,134,73,True,0,0.5,True,True,PRIMARY,PRIMARY_ELIGIBLE
libero_object/task_04/state_027/clean/attempt_01,libero_object,4,pick_up_the_ketchup_and_place_it_in_the_basket,27,4027,True,True,True,True,True,none,153,94,True,0,0.5,True,True,PRIMARY,PRIMARY_ELIGIBLE
libero_object/task_04/state_028/clean/attempt_01,libero_object,4,pick_up_the_ketchup_and_place_it_in_the_basket,28,4028,True,True,True,True,True,none,129,86,True,0,0.5,True,True,PRIMARY,PRIMARY_ELIGIBLE
libero_object/task_04/state_029/clean/attempt_01,libero_object,4,pick_up_the_ketchup_and_place_it_in_the_basket,29,4029,False,True,True,True,True,none,400,400,True,0,0.5,True,True,NON_PRIMARY,CLEAN_FAILURE_SAFETY
libero_object/task_04/state_030/clean/attempt_01,libero_object,4,pick_up_the_ketchup_and_place_it_in_the_basket,30,4030,True,True,True,True,True,none,154,92,True,0,0.5,True,True,PRIMARY,PRIMARY_ELIGIBLE
libero_object/task_04/state_031/clean/attempt_01,libero_object,4,pick_up_the_ketchup_and_place_it_in_the_basket,31,4031,True,True,True,True,True,none,144,85,True,0,0.5,True,True,PRIMARY,PRIMARY_ELIGIBLE
libero_object/task_04/state_032/clean/attempt_01,libero_object,4,pick_up_the_ketchup_and_place_it_in_the_basket,32,4032,True,True,True,True,True,none,145,80,True,0,0.5,True,True,PRIMARY,PRIMARY_ELIGIBLE
libero_object/task_04/state_033/clean/attempt_01,libero_object,4,pick_up_the_ketchup_and_place_it_in_the_basket,33,4033,True,True,True,True,True,none,146,85,True,0,0.5,True,True,PRIMARY,PRIMARY_ELIGIBLE
libero_object/task_04/state_034/clean/attempt_01,libero_object,4,pick_up_the_ketchup_and_place_it_in_the_basket,34,4034,True,True,True,True,True,none,176,87,True,0,0.5,True,True,PRIMARY,PRIMARY_ELIGIBLE
libero_object/task_04/state_035/clean/attempt_01,libero_object,4,pick_up_the_ketchup_and_place_it_in_the_basket,35,4035,True,True,True,True,True,none,122,78,True,0,0.5,True,True,PRIMARY,PRIMARY_ELIGIBLE
libero_object/task_04/state_036/clean/attempt_01,libero_object,4,pick_up_the_ketchup_and_place_it_in_the_basket,36,4036,True,True,True,True,True,none,141,80,True,0,0.5,True,True,PRIMARY,PRIMARY_ELIGIBLE
libero_object/task_04/state_037/clean/attempt_01,libero_object,4,pick_up_the_ketchup_and_place_it_in_the_basket,37,4037,True,True,True,True,True,none,144,83,True,0,0.5,True,True,PRIMARY,PRIMARY_ELIGIBLE
libero_object/task_04/state_038/clean/attempt_01,libero_object,4,pick_up_the_ketchup_and_place_it_in_the_basket,38,4038,True,True,True,True,True,none,167,81,True,0,0.5,True,True,PRIMARY,PRIMARY_ELIGIBLE
libero_object/task_04/state_039/clean/attempt_01,libero_object,4,pick_up_the_ketchup_and_place_it_in_the_basket,39,4039,True,True,True,True,True,none,157,82,True,0,0.5,True,True,PRIMARY,PRIMARY_ELIGIBLE
libero_object/task_04/state_040/clean/attempt_01,libero_object,4,pick_up_the_ketchup_and_place_it_in_the_basket,40,4040,True,True,True,True,True,none,127,72,True,0,0.5,True,True,PRIMARY,PRIMARY_ELIGIBLE
libero_object/task_04/state_041/clean/attempt_01,libero_object,4,pick_up_the_ketchup_and_place_it_in_the_basket,41,4041,True,True,True,True,True,none,157,99,True,0,0.5,True,True,PRIMARY,PRIMARY_ELIGIBLE
libero_object/task_04/state_042/clean/attempt_01,libero_object,4,pick_up_the_ketchup_and_place_it_in_the_basket,42,4042,True,True,True,True,True,none,147,82,True,0,0.5,True,True,PRIMARY,PRIMARY_ELIGIBLE
libero_object/task_04/state_043/clean/attempt_01,libero_object,4,pick_up_the_ketchup_and_place_it_in_the_basket,43,4043,True,True,True,True,True,none,136,76,True,0,0.5,True,True,PRIMARY,PRIMARY_ELIGIBLE
libero_object/task_04/state_044/clean/attempt_01,libero_object,4,pick_up_the_ketchup_and_place_it_in_the_basket,44,4044,True,True,True,True,True,none,153,87,True,0,0.5,True,True,PRIMARY,PRIMARY_ELIGIBLE
libero_object/task_04/state_045/clean/attempt_01,libero_object,4,pick_up_the_ketchup_and_place_it_in_the_basket,45,4045,True,True,True,True,True,none,124,70,True,0,0.5,True,True,PRIMARY,PRIMARY_ELIGIBLE
libero_object/task_04/state_046/clean/attempt_01,libero_object,4,pick_up_the_ketchup_and_place_it_in_the_basket,46,4046,True,True,True,True,True,none,162,97,True,0,0.5,True,True,PRIMARY,PRIMARY_ELIGIBLE
libero_object/task_04/state_047/clean/attempt_01,libero_object,4,pick_up_the_ketchup_and_place_it_in_the_basket,47,4047,True,True,True,True,True,none,161,88,True,0,0.5,True,True,PRIMARY,PRIMARY_ELIGIBLE
libero_object/task_04/state_048/clean/attempt_01,libero_object,4,pick_up_the_ketchup_and_place_it_in_the_basket,48,4048,True,True,True,True,True,none,115,64,True,0,0.5,True,True,PRIMARY,PRIMARY_ELIGIBLE
libero_object/task_04/state_049/clean/attempt_01,libero_object,4,pick_up_the_ketchup_and_place_it_in_the_basket,49,4049,True,True,True,True,True,none,150,80,True,0,0.5,True,True,PRIMARY,PRIMARY_ELIGIBLE
libero_object/task_05/state_000/clean/attempt_01,libero_object,5,pick_up_the_tomato_sauce_and_place_it_in_the_basket,0,5000,True,True,True,True,True,none,186,118,True,0,0.5,True,True,PRIMARY,PRIMARY_ELIGIBLE
libero_object/task_05/state_001/clean/attempt_01,libero_object,5,pick_up_the_tomato_sauce_and_place_it_in_the_basket,1,5001,True,True,True,True,True,none,228,228,True,0,0.5,True,True,PRIMARY,PRIMARY_ELIGIBLE
libero_object/task_05/state_002/clean/attempt_01,libero_object,5,pick_up_the_tomato_sauce_and_place_it_in_the_basket,2,5002,True,True,True,True,True,none,197,147,True,0,0.5,True,True,PRIMARY,PRIMARY_ELIGIBLE
libero_object/task_05/state_003/clean/attempt_01,libero_object,5,pick_up_the_tomato_sauce_and_place_it_in_the_basket,3,5003,True,True,True,True,True,none,158,91,True,0,0.5,True,True,PRIMARY,PRIMARY_ELIGIBLE
libero_object/task_05/state_004/clean/attempt_01,libero_object,5,pick_up_the_tomato_sauce_and_place_it_in_the_basket,4,5004,True,True,True,True,True,none,169,114,True,0,0.5,True,True,PRIMARY,PRIMARY_ELIGIBLE
libero_object/task_05/state_005/clean/attempt_01,libero_object,5,pick_up_the_tomato_sauce_and_place_it_in_the_basket,5,5005,True,True,True,True,True,none,149,101,True,0,0.5,True,True,PRIMARY,PRIMARY_ELIGIBLE
libero_object/task_05/state_006/clean/attempt_01,libero_object,5,pick_up_the_tomato_sauce_and_place_it_in_the_basket,6,5006,True,True,True,True,True,none,133,92,True,0,0.5,True,True,PRIMARY,PRIMARY_ELIGIBLE
libero_object/task_05/state_007/clean/attempt_01,libero_object,5,pick_up_the_tomato_sauce_and_place_it_in_the_basket,7,5007,True,True,True,True,True,none,181,104,True,0,0.5,True,True,PRIMARY,PRIMARY_ELIGIBLE
libero_object/task_05/state_008/clean/attempt_01,libero_object,5,pick_up_the_tomato_sauce_and_place_it_in_the_basket,8,5008,True,True,True,True,True,none,131,79,True,0,0.5,True,True,PRIMARY,PRIMARY_ELIGIBLE
libero_object/task_05/state_009/clean/attempt_01,libero_object,5,pick_up_the_tomato_sauce_and_place_it_in_the_basket,9,5009,False,True,True,True,True,none,400,371,True,0,0.5,True,True,NON_PRIMARY,CLEAN_FAILURE_SAFETY
libero_object/task_05/state_010/clean/attempt_01,libero_object,5,pick_up_the_tomato_sauce_and_place_it_in_the_basket,10,5010,True,True,True,True,True,none,131,77,True,0,0.5,True,True,PRIMARY,PRIMARY_ELIGIBLE
libero_object/task_05/state_011/clean/attempt_01,libero_object,5,pick_up_the_tomato_sauce_and_place_it_in_the_basket,11,5011,True,True,True,True,True,none,122,82,True,0,0.5,True,True,PRIMARY,PRIMARY_ELIGIBLE
libero_object/task_05/state_012/clean/attempt_01,libero_object,5,pick_up_the_tomato_sauce_and_place_it_in_the_basket,12,5012,False,True,True,True,True,none,400,400,True,0,0.5,True,True,NON_PRIMARY,CLEAN_FAILURE_SAFETY
libero_object/task_05/state_013/clean/attempt_01,libero_object,5,pick_up_the_tomato_sauce_and_place_it_in_the_basket,13,5013,False,True,True,True,True,none,400,400,True,0,0.5,True,True,NON_PRIMARY,CLEAN_FAILURE_SAFETY
libero_object/task_05/state_014/clean/attempt_01,libero_object,5,pick_up_the_tomato_sauce_and_place_it_in_the_basket,14,5014,False,True,True,True,True,none,400,400,True,0,0.5,True,True,NON_PRIMARY,CLEAN_FAILURE_SAFETY
libero_object/task_05/state_015/clean/attempt_01,libero_object,5,pick_up_the_tomato_sauce_and_place_it_in_the_basket,15,5015,False,True,True,True,True,none,400,400,True,0,0.5,True,True,NON_PRIMARY,CLEAN_FAILURE_SAFETY
libero_object/task_05/state_016/clean/attempt_01,libero_object,5,pick_up_the_tomato_sauce_and_place_it_in_the_basket,16,5016,True,True,True,True,True,none,185,135,True,0,0.5,True,True,PRIMARY,PRIMARY_ELIGIBLE
libero_object/task_05/state_017/clean/attempt_01,libero_object,5,pick_up_the_tomato_sauce_and_place_it_in_the_basket,17,5017,True,True,True,True,True,none,180,137,True,0,0.5,True,True,PRIMARY,PRIMARY_ELIGIBLE
libero_object/task_05/state_018/clean/attempt_01,libero_object,5,pick_up_the_tomato_sauce_and_place_it_in_the_basket,18,5018,True,True,True,True,True,none,149,99,True,0,0.5,True,True,PRIMARY,PRIMARY_ELIGIBLE
libero_object/task_05/state_019/clean/attempt_01,libero_object,5,pick_up_the_tomato_sauce_and_place_it_in_the_basket,19,5019,True,True,True,True,True,none,137,90,True,0,0.5,True,True,PRIMARY,PRIMARY_ELIGIBLE
libero_object/task_05/state_020/clean/attempt_01,libero_object,5,pick_up_the_tomato_sauce_and_place_it_in_the_basket,20,5020,False,True,True,True,True,none,400,400,True,0,0.5,True,True,NON_PRIMARY,CLEAN_FAILURE_SAFETY
libero_object/task_05/state_021/clean/attempt_01,libero_object,5,pick_up_the_tomato_sauce_and_place_it_in_the_basket,21,5021,False,True,True,True,True,none,400,400,True,0,0.5,True,True,NON_PRIMARY,CLEAN_FAILURE_SAFETY
libero_object/task_05/state_022/clean/attempt_01,libero_object,5,pick_up_the_tomato_sauce_and_place_it_in_the_basket,22,5022,True,True,True,True,True,none,137,89,True,0,0.5,True,True,PRIMARY,PRIMARY_ELIGIBLE
libero_object/task_05/state_023/clean/attempt_01,libero_object,5,pick_up_the_tomato_sauce_and_place_it_in_the_basket,23,5023,True,True,True,True,True,none,180,122,True,0,0.5,True,True,PRIMARY,PRIMARY_ELIGIBLE
libero_object/task_05/state_024/clean/attempt_01,libero_object,5,pick_up_the_tomato_sauce_and_place_it_in_the_basket,24,5024,True,True,True,True,True,none,233,164,True,0,0.5,True,True,PRIMARY,PRIMARY_ELIGIBLE
libero_object/task_05/state_025/clean/attempt_01,libero_object,5,pick_up_the_tomato_sauce_and_place_it_in_the_basket,25,5025,True,True,True,True,True,none,249,203,True,0,0.5,True,True,PRIMARY,PRIMARY_ELIGIBLE
libero_object/task_05/state_026/clean/attempt_01,libero_object,5,pick_up_the_tomato_sauce_and_place_it_in_the_basket,26,5026,True,True,True,True,True,none,164,113,True,0,0.5,True,True,PRIMARY,PRIMARY_ELIGIBLE
libero_object/task_05/state_027/clean/attempt_01,libero_object,5,pick_up_the_tomato_sauce_and_place_it_in_the_basket,27,5027,True,True,True,True,True,none,179,112,True,0,0.5,True,True,PRIMARY,PRIMARY_ELIGIBLE
libero_object/task_05/state_028/clean/attempt_01,libero_object,5,pick_up_the_tomato_sauce_and_place_it_in_the_basket,28,5028,True,True,True,True,True,none,127,87,True,0,0.5,True,True,PRIMARY,PRIMARY_ELIGIBLE
libero_object/task_05/state_029/clean/attempt_01,libero_object,5,pick_up_the_tomato_sauce_and_place_it_in_the_basket,29,5029,True,True,True,True,True,none,133,66,True,0,0.5,True,True,PRIMARY,PRIMARY_ELIGIBLE
libero_object/task_05/state_030/clean/attempt_01,libero_object,5,pick_up_the_tomato_sauce_and_place_it_in_the_basket,30,5030,True,True,True,True,True,none,170,124,True,0,0.5,True,True,PRIMARY,PRIMARY_ELIGIBLE
libero_object/task_05/state_031/clean/attempt_01,libero_object,5,pick_up_the_tomato_sauce_and_place_it_in_the_basket,31,5031,True,True,True,True,True,none,197,127,True,0,0.5,True,True,PRIMARY,PRIMARY_ELIGIBLE
libero_object/task_05/state_032/clean/attempt_01,libero_object,5,pick_up_the_tomato_sauce_and_place_it_in_the_basket,32,5032,True,True,True,True,True,none,159,108,True,0,0.5,True,True,PRIMARY,PRIMARY_ELIGIBLE
libero_object/task_05/state_033/clean/attempt_01,libero_object,5,pick_up_the_tomato_sauce_and_place_it_in_the_basket,33,5033,False,True,True,True,True,none,400,400,True,0,0.5,True,True,NON_PRIMARY,CLEAN_FAILURE_SAFETY
libero_object/task_05/state_034/clean/attempt_01,libero_object,5,pick_up_the_tomato_sauce_and_place_it_in_the_basket,34,5034,False,True,True,True,True,none,400,400,True,0,0.5,True,True,NON_PRIMARY,CLEAN_FAILURE_SAFETY
libero_object/task_05/state_035/clean/attempt_01,libero_object,5,pick_up_the_tomato_sauce_and_place_it_in_the_basket,35,5035,True,True,True,True,True,none,158,100,True,0,0.5,True,True,PRIMARY,PRIMARY_ELIGIBLE
libero_object/task_05/state_036/clean/attempt_01,libero_object,5,pick_up_the_tomato_sauce_and_place_it_in_the_basket,36,5036,True,True,True,True,True,none,183,183,True,0,0.5,True,True,PRIMARY,PRIMARY_ELIGIBLE
libero_object/task_05/state_037/clean/attempt_01,libero_object,5,pick_up_the_tomato_sauce_and_place_it_in_the_basket,37,5037,False,True,True,True,True,none,400,400,True,0,0.5,True,True,NON_PRIMARY,CLEAN_FAILURE_SAFETY
libero_object/task_05/state_038/clean/attempt_01,libero_object,5,pick_up_the_tomato_sauce_and_place_it_in_the_basket,38,5038,False,True,True,True,True,none,400,400,True,0,0.5,True,True,NON_PRIMARY,CLEAN_FAILURE_SAFETY
libero_object/task_05/state_039/clean/attempt_01,libero_object,5,pick_up_the_tomato_sauce_and_place_it_in_the_basket,39,5039,True,True,True,True,True,none,157,100,True,0,0.5,True,True,PRIMARY,PRIMARY_ELIGIBLE
libero_object/task_05/state_040/clean/attempt_01,libero_object,5,pick_up_the_tomato_sauce_and_place_it_in_the_basket,40,5040,False,True,True,True,True,none,400,400,True,0,0.5,True,True,NON_PRIMARY,CLEAN_FAILURE_SAFETY
libero_object/task_05/state_041/clean/attempt_01,libero_object,5,pick_up_the_tomato_sauce_and_place_it_in_the_basket,41,5041,True,True,True,True,True,none,138,95,True,0,0.5,True,True,PRIMARY,PRIMARY_ELIGIBLE
libero_object/task_05/state_042/clean/attempt_01,libero_object,5,pick_up_the_tomato_sauce_and_place_it_in_the_basket,42,5042,True,True,True,True,True,none,257,257,True,0,0.5,True,True,PRIMARY,PRIMARY_ELIGIBLE
libero_object/task_05/state_043/clean/attempt_01,libero_object,5,pick_up_the_tomato_sauce_and_place_it_in_the_basket,43,5043,True,True,True,True,True,none,218,149,True,0,0.5,True,True,PRIMARY,PRIMARY_ELIGIBLE
libero_object/task_05/state_044/clean/attempt_01,libero_object,5,pick_up_the_tomato_sauce_and_place_it_in_the_basket,44,5044,True,True,True,True,True,none,187,116,True,0,0.5,True,True,PRIMARY,PRIMARY_ELIGIBLE
libero_object/task_05/state_045/clean/attempt_01,libero_object,5,pick_up_the_tomato_sauce_and_place_it_in_the_basket,45,5045,True,True,True,True,True,none,284,216,True,0,0.5,True,True,PRIMARY,PRIMARY_ELIGIBLE
libero_object/task_05/state_046/clean/attempt_01,libero_object,5,pick_up_the_tomato_sauce_and_place_it_in_the_basket,46,5046,True,True,True,True,True,none,125,82,True,0,0.5,True,True,PRIMARY,PRIMARY_ELIGIBLE
libero_object/task_05/state_047/clean/attempt_01,libero_object,5,pick_up_the_tomato_sauce_and_place_it_in_the_basket,47,5047,True,True,True,True,True,none,189,111,True,0,0.5,True,True,PRIMARY,PRIMARY_ELIGIBLE
libero_object/task_05/state_048/clean/attempt_01,libero_object,5,pick_up_the_tomato_sauce_and_place_it_in_the_basket,48,5048,False,True,True,True,True,none,400,400,True,0,0.5,True,True,NON_PRIMARY,CLEAN_FAILURE_SAFETY
libero_object/task_05/state_049/clean/attempt_01,libero_object,5,pick_up_the_tomato_sauce_and_place_it_in_the_basket,49,5049,True,True,True,True,True,none,245,245,True,0,0.5,True,True,PRIMARY,PRIMARY_ELIGIBLE
libero_object/task_06/state_000/clean/attempt_01,libero_object,6,pick_up_the_butter_and_place_it_in_the_basket,0,6000,True,True,True,True,True,none,143,77,True,0,0.5,True,True,PRIMARY,PRIMARY_ELIGIBLE
libero_object/task_06/state_001/clean/attempt_01,libero_object,6,pick_up_the_butter_and_place_it_in_the_basket,1,6001,False,True,True,True,True,none,400,400,True,0,0.5,True,True,NON_PRIMARY,CLEAN_FAILURE_SAFETY
libero_object/task_06/state_002/clean/attempt_01,libero_object,6,pick_up_the_butter_and_place_it_in_the_basket,2,6002,True,True,True,True,True,none,149,83,True,0,0.5,True,True,PRIMARY,PRIMARY_ELIGIBLE
libero_object/task_06/state_003/clean/attempt_01,libero_object,6,pick_up_the_butter_and_place_it_in_the_basket,3,6003,False,True,True,True,True,none,400,77,True,0,0.5,True,True,NON_PRIMARY,CLEAN_FAILURE_SAFETY
libero_object/task_06/state_004/clean/attempt_01,libero_object,6,pick_up_the_butter_and_place_it_in_the_basket,4,6004,False,True,True,True,True,none,400,400,True,0,0.5,True,True,NON_PRIMARY,CLEAN_FAILURE_SAFETY
libero_object/task_06/state_005/clean/attempt_01,libero_object,6,pick_up_the_butter_and_place_it_in_the_basket,5,6005,True,True,True,True,True,none,154,87,True,0,0.5,True,True,PRIMARY,PRIMARY_ELIGIBLE
libero_object/task_06/state_006/clean/attempt_01,libero_object,6,pick_up_the_butter_and_place_it_in_the_basket,6,6006,True,True,True,True,True,none,156,84,True,0,0.5,True,True,PRIMARY,PRIMARY_ELIGIBLE
libero_object/task_06/state_007/clean/attempt_01,libero_object,6,pick_up_the_butter_and_place_it_in_the_basket,7,6007,True,True,True,True,True,none,148,77,True,0,0.5,True,True,PRIMARY,PRIMARY_ELIGIBLE
libero_object/task_06/state_008/clean/attempt_01,libero_object,6,pick_up_the_butter_and_place_it_in_the_basket,8,6008,True,True,True,True,True,none,155,88,True,0,0.5,True,True,PRIMARY,PRIMARY_ELIGIBLE
libero_object/task_06/state_009/clean/attempt_01,libero_object,6,pick_up_the_butter_and_place_it_in_the_basket,9,6009,True,True,True,True,True,none,146,82,True,0,0.5,True,True,PRIMARY,PRIMARY_ELIGIBLE
libero_object/task_06/state_010/clean/attempt_01,libero_object,6,pick_up_the_butter_and_place_it_in_the_basket,10,6010,True,True,True,True,True,none,160,97,True,0,0.5,True,True,PRIMARY,PRIMARY_ELIGIBLE
libero_object/task_06/state_011/clean/attempt_01,libero_object,6,pick_up_the_butter_and_place_it_in_the_basket,11,6011,True,True,True,True,True,none,156,88,True,0,0.5,True,True,PRIMARY,PRIMARY_ELIGIBLE
libero_object/task_06/state_012/clean/attempt_01,libero_object,6,pick_up_the_butter_and_place_it_in_the_basket,12,6012,False,True,True,True,True,none,400,400,True,0,0.5,True,True,NON_PRIMARY,CLEAN_FAILURE_SAFETY
libero_object/task_06/state_013/clean/attempt_01,libero_object,6,pick_up_the_butter_and_place_it_in_the_basket,13,6013,True,True,True,True,True,none,269,168,True,0,0.5,True,True,PRIMARY,PRIMARY_ELIGIBLE
libero_object/task_06/state_014/clean/attempt_01,libero_object,6,pick_up_the_butter_and_place_it_in_the_basket,14,6014,True,True,True,True,True,none,144,82,True,0,0.5,True,True,PRIMARY,PRIMARY_ELIGIBLE
libero_object/task_06/state_015/clean/attempt_01,libero_object,6,pick_up_the_butter_and_place_it_in_the_basket,15,6015,False,True,True,True,True,none,400,400,True,0,0.5,True,True,NON_PRIMARY,CLEAN_FAILURE_SAFETY
libero_object/task_06/state_016/clean/attempt_01,libero_object,6,pick_up_the_butter_and_place_it_in_the_basket,16,6016,False,True,True,True,True,none,400,236,True,0,0.5,True,True,NON_PRIMARY,CLEAN_FAILURE_SAFETY
libero_object/task_06/state_017/clean/attempt_01,libero_object,6,pick_up_the_butter_and_place_it_in_the_basket,17,6017,False,True,True,True,True,none,400,400,True,0,0.5,True,True,NON_PRIMARY,CLEAN_FAILURE_SAFETY
libero_object/task_06/state_018/clean/attempt_01,libero_object,6,pick_up_the_butter_and_place_it_in_the_basket,18,6018,True,True,True,True,True,none,140,76,True,0,0.5,True,True,PRIMARY,PRIMARY_ELIGIBLE
libero_object/task_06/state_019/clean/attempt_01,libero_object,6,pick_up_the_butter_and_place_it_in_the_basket,19,6019,False,True,True,True,True,none,400,400,True,0,0.5,True,True,NON_PRIMARY,CLEAN_FAILURE_SAFETY
libero_object/task_06/state_020/clean/attempt_01,libero_object,6,pick_up_the_butter_and_place_it_in_the_basket,20,6020,True,True,True,True,True,none,148,73,True,0,0.5,True,True,PRIMARY,PRIMARY_ELIGIBLE
libero_object/task_06/state_021/clean/attempt_01,libero_object,6,pick_up_the_butter_and_place_it_in_the_basket,21,6021,False,True,True,True,True,none,400,400,True,0,0.5,True,True,NON_PRIMARY,CLEAN_FAILURE_SAFETY
libero_object/task_06/state_022/clean/attempt_01,libero_object,6,pick_up_the_butter_and_place_it_in_the_basket,22,6022,True,True,True,True,True,none,149,77,True,0,0.5,True,True,PRIMARY,PRIMARY_ELIGIBLE
libero_object/task_06/state_023/clean/attempt_01,libero_object,6,pick_up_the_butter_and_place_it_in_the_basket,23,6023,False,True,True,True,True,none,400,400,True,0,0.5,True,True,NON_PRIMARY,CLEAN_FAILURE_SAFETY
libero_object/task_06/state_024/clean/attempt_01,libero_object,6,pick_up_the_butter_and_place_it_in_the_basket,24,6024,True,True,True,True,True,none,171,91,True,0,0.5,True,True,PRIMARY,PRIMARY_ELIGIBLE
libero_object/task_06/state_025/clean/attempt_01,libero_object,6,pick_up_the_butter_and_place_it_in_the_basket,25,6025,False,True,True,True,True,none,400,400,True,0,0.5,True,True,NON_PRIMARY,CLEAN_FAILURE_SAFETY
libero_object/task_06/state_026/clean/attempt_01,libero_object,6,pick_up_the_butter_and_place_it_in_the_basket,26,6026,True,True,True,True,True,none,167,84,True,0,0.5,True,True,PRIMARY,PRIMARY_ELIGIBLE
libero_object/task_06/state_027/clean/attempt_01,libero_object,6,pick_up_the_butter_and_place_it_in_the_basket,27,6027,True,True,True,True,True,none,147,85,True,0,0.5,True,True,PRIMARY,PRIMARY_ELIGIBLE
libero_object/task_06/state_028/clean/attempt_01,libero_object,6,pick_up_the_butter_and_place_it_in_the_basket,28,6028,False,True,True,True,True,none,400,338,True,0,0.5,True,True,NON_PRIMARY,CLEAN_FAILURE_SAFETY
libero_object/task_06/state_029/clean/attempt_01,libero_object,6,pick_up_the_butter_and_place_it_in_the_basket,29,6029,True,True,True,True,True,none,258,101,True,0,0.5,True,True,PRIMARY,PRIMARY_ELIGIBLE
libero_object/task_06/state_030/clean/attempt_01,libero_object,6,pick_up_the_butter_and_place_it_in_the_basket,30,6030,True,True,True,True,True,none,274,212,True,0,0.5,True,True,PRIMARY,PRIMARY_ELIGIBLE
libero_object/task_06/state_031/clean/attempt_01,libero_object,6,pick_up_the_butter_and_place_it_in_the_basket,31,6031,True,True,True,True,True,none,159,86,True,0,0.5,True,True,PRIMARY,PRIMARY_ELIGIBLE
libero_object/task_06/state_032/clean/attempt_01,libero_object,6,pick_up_the_butter_and_place_it_in_the_basket,32,6032,False,True,True,True,True,none,400,400,True,0,0.5,True,True,NON_PRIMARY,CLEAN_FAILURE_SAFETY
libero_object/task_06/state_033/clean/attempt_01,libero_object,6,pick_up_the_butter_and_place_it_in_the_basket,33,6033,True,True,True,True,True,none,142,71,True,0,0.5,True,True,PRIMARY,PRIMARY_ELIGIBLE
libero_object/task_06/state_034/clean/attempt_01,libero_object,6,pick_up_the_butter_and_place_it_in_the_basket,34,6034,True,True,True,True,True,none,153,76,True,0,0.5,True,True,PRIMARY,PRIMARY_ELIGIBLE
libero_object/task_06/state_035/clean/attempt_01,libero_object,6,pick_up_the_butter_and_place_it_in_the_basket,35,6035,False,True,True,True,True,none,400,400,True,0,0.5,True,True,NON_PRIMARY,CLEAN_FAILURE_SAFETY
libero_object/task_06/state_036/clean/attempt_01,libero_object,6,pick_up_the_butter_and_place_it_in_the_basket,36,6036,True,True,True,True,True,none,146,81,True,0,0.5,True,True,PRIMARY,PRIMARY_ELIGIBLE
libero_object/task_06/state_037/clean/attempt_01,libero_object,6,pick_up_the_butter_and_place_it_in_the_basket,37,6037,True,True,True,True,True,none,173,78,True,0,0.5,True,True,PRIMARY,PRIMARY_ELIGIBLE
libero_object/task_06/state_038/clean/attempt_01,libero_object,6,pick_up_the_butter_and_place_it_in_the_basket,38,6038,False,True,True,True,True,none,400,400,True,0,0.5,True,True,NON_PRIMARY,CLEAN_FAILURE_SAFETY
libero_object/task_06/state_039/clean/attempt_01,libero_object,6,pick_up_the_butter_and_place_it_in_the_basket,39,6039,False,True,True,True,True,none,400,400,True,0,0.5,True,True,NON_PRIMARY,CLEAN_FAILURE_SAFETY
libero_object/task_06/state_040/clean/attempt_01,libero_object,6,pick_up_the_butter_and_place_it_in_the_basket,40,6040,True,True,True,True,True,none,143,80,True,0,0.5,True,True,PRIMARY,PRIMARY_ELIGIBLE
libero_object/task_06/state_041/clean/attempt_01,libero_object,6,pick_up_the_butter_and_place_it_in_the_basket,41,6041,True,True,True,True,True,none,154,90,True,0,0.5,True,True,PRIMARY,PRIMARY_ELIGIBLE
libero_object/task_06/state_042/clean/attempt_01,libero_object,6,pick_up_the_butter_and_place_it_in_the_basket,42,6042,True,True,True,True,True,none,147,81,True,0,0.5,True,True,PRIMARY,PRIMARY_ELIGIBLE
libero_object/task_06/state_043/clean/attempt_01,libero_object,6,pick_up_the_butter_and_place_it_in_the_basket,43,6043,True,True,True,True,True,none,161,79,True,0,0.5,True,True,PRIMARY,PRIMARY_ELIGIBLE
libero_object/task_06/state_044/clean/attempt_01,libero_object,6,pick_up_the_butter_and_place_it_in_the_basket,44,6044,True,True,True,True,True,none,162,90,True,0,0.5,True,True,PRIMARY,PRIMARY_ELIGIBLE
libero_object/task_06/state_045/clean/attempt_01,libero_object,6,pick_up_the_butter_and_place_it_in_the_basket,45,6045,True,True,True,True,True,none,152,79,True,0,0.5,True,True,PRIMARY,PRIMARY_ELIGIBLE
libero_object/task_06/state_046/clean/attempt_01,libero_object,6,pick_up_the_butter_and_place_it_in_the_basket,46,6046,True,True,True,True,True,none,155,82,True,0,0.5,True,True,PRIMARY,PRIMARY_ELIGIBLE
libero_object/task_06/state_047/clean/attempt_01,libero_object,6,pick_up_the_butter_and_place_it_in_the_basket,47,6047,False,True,True,True,True,none,400,400,True,0,0.5,True,True,NON_PRIMARY,CLEAN_FAILURE_SAFETY
libero_object/task_06/state_048/clean/attempt_01,libero_object,6,pick_up_the_butter_and_place_it_in_the_basket,48,6048,True,True,True,True,True,none,163,102,True,0,0.5,True,True,PRIMARY,PRIMARY_ELIGIBLE
libero_object/task_06/state_049/clean/attempt_01,libero_object,6,pick_up_the_butter_and_place_it_in_the_basket,49,6049,True,True,True,True,True,none,161,88,True,0,0.5,True,True,PRIMARY,PRIMARY_ELIGIBLE
libero_object/task_07/state_000/clean/attempt_01,libero_object,7,pick_up_the_milk_and_place_it_in_the_basket,0,7000,True,True,True,True,True,none,156,85,True,0,0.5,True,True,PRIMARY,PRIMARY_ELIGIBLE
libero_object/task_07/state_001/clean/attempt_01,libero_object,7,pick_up_the_milk_and_place_it_in_the_basket,1,7001,True,True,True,True,True,none,132,71,True,0,0.5,True,True,PRIMARY,PRIMARY_ELIGIBLE
libero_object/task_07/state_002/clean/attempt_01,libero_object,7,pick_up_the_milk_and_place_it_in_the_basket,2,7002,True,True,True,True,True,none,201,84,True,0,0.5,True,True,PRIMARY,PRIMARY_ELIGIBLE
libero_object/task_07/state_003/clean/attempt_01,libero_object,7,pick_up_the_milk_and_place_it_in_the_basket,3,7003,True,True,True,True,True,none,138,77,True,0,0.5,True,True,PRIMARY,PRIMARY_ELIGIBLE
libero_object/task_07/state_004/clean/attempt_01,libero_object,7,pick_up_the_milk_and_place_it_in_the_basket,4,7004,True,True,True,True,True,none,126,73,True,0,0.5,True,True,PRIMARY,PRIMARY_ELIGIBLE
libero_object/task_07/state_005/clean/attempt_01,libero_object,7,pick_up_the_milk_and_place_it_in_the_basket,5,7005,True,True,True,True,True,none,137,85,True,0,0.5,True,True,PRIMARY,PRIMARY_ELIGIBLE
libero_object/task_07/state_006/clean/attempt_01,libero_object,7,pick_up_the_milk_and_place_it_in_the_basket,6,7006,True,True,True,True,True,none,159,89,True,0,0.5,True,True,PRIMARY,PRIMARY_ELIGIBLE
libero_object/task_07/state_007/clean/attempt_01,libero_object,7,pick_up_the_milk_and_place_it_in_the_basket,7,7007,True,True,True,True,True,none,151,91,True,0,0.5,True,True,PRIMARY,PRIMARY_ELIGIBLE
libero_object/task_07/state_008/clean/attempt_01,libero_object,7,pick_up_the_milk_and_place_it_in_the_basket,8,7008,True,True,True,True,True,none,181,99,True,0,0.5,True,True,PRIMARY,PRIMARY_ELIGIBLE
libero_object/task_07/state_009/clean/attempt_01,libero_object,7,pick_up_the_milk_and_place_it_in_the_basket,9,7009,True,True,True,True,True,none,133,70,True,0,0.5,True,True,PRIMARY,PRIMARY_ELIGIBLE
libero_object/task_07/state_010/clean/attempt_01,libero_object,7,pick_up_the_milk_and_place_it_in_the_basket,10,7010,False,True,True,True,True,none,400,400,True,0,0.5,True,True,NON_PRIMARY,CLEAN_FAILURE_SAFETY
libero_object/task_07/state_011/clean/attempt_01,libero_object,7,pick_up_the_milk_and_place_it_in_the_basket,11,7011,True,True,True,True,True,none,165,89,True,0,0.5,True,True,PRIMARY,PRIMARY_ELIGIBLE
libero_object/task_07/state_012/clean/attempt_01,libero_object,7,pick_up_the_milk_and_place_it_in_the_basket,12,7012,False,True,True,True,True,none,400,147,True,0,0.5,True,True,NON_PRIMARY,CLEAN_FAILURE_SAFETY
libero_object/task_07/state_013/clean/attempt_01,libero_object,7,pick_up_the_milk_and_place_it_in_the_basket,13,7013,False,True,True,True,True,none,400,400,True,0,0.5,True,True,NON_PRIMARY,CLEAN_FAILURE_SAFETY
libero_object/task_07/state_014/clean/attempt_01,libero_object,7,pick_up_the_milk_and_place_it_in_the_basket,14,7014,False,True,True,True,True,none,400,387,True,0,0.5,True,True,NON_PRIMARY,CLEAN_FAILURE_SAFETY
libero_object/task_07/state_015/clean/attempt_01,libero_object,7,pick_up_the_milk_and_place_it_in_the_basket,15,7015,True,True,True,True,True,none,123,66,True,0,0.5,True,True,PRIMARY,PRIMARY_ELIGIBLE
libero_object/task_07/state_016/clean/attempt_01,libero_object,7,pick_up_the_milk_and_place_it_in_the_basket,16,7016,False,True,True,True,True,none,400,400,True,0,0.5,True,True,NON_PRIMARY,CLEAN_FAILURE_SAFETY
libero_object/task_07/state_017/clean/attempt_01,libero_object,7,pick_up_the_milk_and_place_it_in_the_basket,17,7017,True,True,True,True,True,none,150,91,True,0,0.5,True,True,PRIMARY,PRIMARY_ELIGIBLE
libero_object/task_07/state_018/clean/attempt_01,libero_object,7,pick_up_the_milk_and_place_it_in_the_basket,18,7018,True,True,True,True,True,none,125,73,True,0,0.5,True,True,PRIMARY,PRIMARY_ELIGIBLE
libero_object/task_07/state_019/clean/attempt_01,libero_object,7,pick_up_the_milk_and_place_it_in_the_basket,19,7019,True,True,True,True,True,none,138,85,True,0,0.5,True,True,PRIMARY,PRIMARY_ELIGIBLE
libero_object/task_07/state_020/clean/attempt_01,libero_object,7,pick_up_the_milk_and_place_it_in_the_basket,20,7020,True,True,True,True,True,none,128,70,True,0,0.5,True,True,PRIMARY,PRIMARY_ELIGIBLE
libero_object/task_07/state_021/clean/attempt_01,libero_object,7,pick_up_the_milk_and_place_it_in_the_basket,21,7021,True,True,True,True,True,none,138,77,True,0,0.5,True,True,PRIMARY,PRIMARY_ELIGIBLE
libero_object/task_07/state_022/clean/attempt_01,libero_object,7,pick_up_the_milk_and_place_it_in_the_basket,22,7022,False,True,True,True,True,none,400,400,True,0,0.5,True,True,NON_PRIMARY,CLEAN_FAILURE_SAFETY
libero_object/task_07/state_023/clean/attempt_01,libero_object,7,pick_up_the_milk_and_place_it_in_the_basket,23,7023,False,True,True,True,True,none,400,400,True,0,0.5,True,True,NON_PRIMARY,CLEAN_FAILURE_SAFETY
libero_object/task_07/state_024/clean/attempt_01,libero_object,7,pick_up_the_milk_and_place_it_in_the_basket,24,7024,False,True,True,True,True,none,400,400,True,0,0.5,True,True,NON_PRIMARY,CLEAN_FAILURE_SAFETY
libero_object/task_07/state_025/clean/attempt_01,libero_object,7,pick_up_the_milk_and_place_it_in_the_basket,25,7025,True,True,True,True,True,none,144,85,True,0,0.5,True,True,PRIMARY,PRIMARY_ELIGIBLE
libero_object/task_07/state_026/clean/attempt_01,libero_object,7,pick_up_the_milk_and_place_it_in_the_basket,26,7026,True,True,True,True,True,none,142,77,True,0,0.5,True,True,PRIMARY,PRIMARY_ELIGIBLE
libero_object/task_07/state_027/clean/attempt_01,libero_object,7,pick_up_the_milk_and_place_it_in_the_basket,27,7027,True,True,True,True,True,none,145,76,True,0,0.5,True,True,PRIMARY,PRIMARY_ELIGIBLE
libero_object/task_07/state_028/clean/attempt_01,libero_object,7,pick_up_the_milk_and_place_it_in_the_basket,28,7028,True,True,True,True,True,none,131,79,True,0,0.5,True,True,PRIMARY,PRIMARY_ELIGIBLE
libero_object/task_07/state_029/clean/attempt_01,libero_object,7,pick_up_the_milk_and_place_it_in_the_basket,29,7029,True,True,True,True,True,none,159,99,True,0,0.5,True,True,PRIMARY,PRIMARY_ELIGIBLE
libero_object/task_07/state_030/clean/attempt_01,libero_object,7,pick_up_the_milk_and_place_it_in_the_basket,30,7030,True,True,True,True,True,none,134,78,True,0,0.5,True,True,PRIMARY,PRIMARY_ELIGIBLE
libero_object/task_07/state_031/clean/attempt_01,libero_object,7,pick_up_the_milk_and_place_it_in_the_basket,31,7031,False,True,True,True,True,none,400,292,True,0,0.5,True,True,NON_PRIMARY,CLEAN_FAILURE_SAFETY
libero_object/task_07/state_032/clean/attempt_01,libero_object,7,pick_up_the_milk_and_place_it_in_the_basket,32,7032,True,True,True,True,True,none,144,85,True,0,0.5,True,True,PRIMARY,PRIMARY_ELIGIBLE
libero_object/task_07/state_033/clean/attempt_01,libero_object,7,pick_up_the_milk_and_place_it_in_the_basket,33,7033,True,True,True,True,True,none,136,76,True,0,0.5,True,True,PRIMARY,PRIMARY_ELIGIBLE
libero_object/task_07/state_034/clean/attempt_01,libero_object,7,pick_up_the_milk_and_place_it_in_the_basket,34,7034,True,True,True,True,True,none,125,71,True,0,0.5,True,True,PRIMARY,PRIMARY_ELIGIBLE
libero_object/task_07/state_035/clean/attempt_01,libero_object,7,pick_up_the_milk_and_place_it_in_the_basket,35,7035,True,True,True,True,True,none,125,71,True,0,0.5,True,True,PRIMARY,PRIMARY_ELIGIBLE
libero_object/task_07/state_036/clean/attempt_01,libero_object,7,pick_up_the_milk_and_place_it_in_the_basket,36,7036,True,True,True,True,True,none,142,84,True,0,0.5,True,True,PRIMARY,PRIMARY_ELIGIBLE
libero_object/task_07/state_037/clean/attempt_01,libero_object,7,pick_up_the_milk_and_place_it_in_the_basket,37,7037,True,True,True,True,True,none,136,82,True,0,0.5,True,True,PRIMARY,PRIMARY_ELIGIBLE
libero_object/task_07/state_038/clean/attempt_01,libero_object,7,pick_up_the_milk_and_place_it_in_the_basket,38,7038,True,True,True,True,True,none,138,82,True,0,0.5,True,True,PRIMARY,PRIMARY_ELIGIBLE
libero_object/task_07/state_039/clean/attempt_01,libero_object,7,pick_up_the_milk_and_place_it_in_the_basket,39,7039,False,True,True,True,True,none,400,400,True,0,0.5,True,True,NON_PRIMARY,CLEAN_FAILURE_SAFETY
libero_object/task_07/state_040/clean/attempt_01,libero_object,7,pick_up_the_milk_and_place_it_in_the_basket,40,7040,True,True,True,True,True,none,132,76,True,0,0.5,True,True,PRIMARY,PRIMARY_ELIGIBLE
libero_object/task_07/state_041/clean/attempt_01,libero_object,7,pick_up_the_milk_and_place_it_in_the_basket,41,7041,False,True,True,True,True,none,400,400,True,0,0.5,True,True,NON_PRIMARY,CLEAN_FAILURE_SAFETY
libero_object/task_07/state_042/clean/attempt_01,libero_object,7,pick_up_the_milk_and_place_it_in_the_basket,42,7042,False,True,True,True,True,none,400,400,True,0,0.5,True,True,NON_PRIMARY,CLEAN_FAILURE_SAFETY
libero_object/task_07/state_043/clean/attempt_01,libero_object,7,pick_up_the_milk_and_place_it_in_the_basket,43,7043,False,True,True,True,True,none,400,400,True,0,0.5,True,True,NON_PRIMARY,CLEAN_FAILURE_SAFETY
libero_object/task_07/state_044/clean/attempt_01,libero_object,7,pick_up_the_milk_and_place_it_in_the_basket,44,7044,False,True,True,True,True,none,400,400,True,0,0.5,True,True,NON_PRIMARY,CLEAN_FAILURE_SAFETY
libero_object/task_07/state_045/clean/attempt_01,libero_object,7,pick_up_the_milk_and_place_it_in_the_basket,45,7045,True,True,True,True,True,none,129,73,True,0,0.5,True,True,PRIMARY,PRIMARY_ELIGIBLE
libero_object/task_07/state_046/clean/attempt_01,libero_object,7,pick_up_the_milk_and_place_it_in_the_basket,46,7046,True,True,True,True,True,none,149,75,True,0,0.5,True,True,PRIMARY,PRIMARY_ELIGIBLE
libero_object/task_07/state_047/clean/attempt_01,libero_object,7,pick_up_the_milk_and_place_it_in_the_basket,47,7047,True,True,True,True,True,none,132,76,True,0,0.5,True,True,PRIMARY,PRIMARY_ELIGIBLE
libero_object/task_07/state_048/clean/attempt_01,libero_object,7,pick_up_the_milk_and_place_it_in_the_basket,48,7048,True,True,True,True,True,none,123,65,True,0,0.5,True,True,PRIMARY,PRIMARY_ELIGIBLE
libero_object/task_07/state_049/clean/attempt_01,libero_object,7,pick_up_the_milk_and_place_it_in_the_basket,49,7049,True,True,True,True,True,none,137,76,True,0,0.5,True,True,PRIMARY,PRIMARY_ELIGIBLE
libero_object/task_08/state_000/clean/attempt_01,libero_object,8,pick_up_the_chocolate_pudding_and_place_it_in_the_basket,0,8000,True,True,True,True,True,none,155,82,True,0,0.5,True,True,PRIMARY,PRIMARY_ELIGIBLE
libero_object/task_08/state_001/clean/attempt_01,libero_object,8,pick_up_the_chocolate_pudding_and_place_it_in_the_basket,1,8001,True,True,True,True,True,none,170,88,True,0,0.5,True,True,PRIMARY,PRIMARY_ELIGIBLE
libero_object/task_08/state_002/clean/attempt_01,libero_object,8,pick_up_the_chocolate_pudding_and_place_it_in_the_basket,2,8002,False,True,True,True,True,none,400,400,True,0,0.5,True,True,NON_PRIMARY,CLEAN_FAILURE_SAFETY
libero_object/task_08/state_003/clean/attempt_01,libero_object,8,pick_up_the_chocolate_pudding_and_place_it_in_the_basket,3,8003,True,True,True,True,True,none,188,80,True,0,0.5,True,True,PRIMARY,PRIMARY_ELIGIBLE
libero_object/task_08/state_004/clean/attempt_01,libero_object,8,pick_up_the_chocolate_pudding_and_place_it_in_the_basket,4,8004,True,True,True,True,True,none,164,77,True,0,0.5,True,True,PRIMARY,PRIMARY_ELIGIBLE
libero_object/task_08/state_005/clean/attempt_01,libero_object,8,pick_up_the_chocolate_pudding_and_place_it_in_the_basket,5,8005,False,True,True,True,True,none,400,400,True,0,0.5,True,True,NON_PRIMARY,CLEAN_FAILURE_SAFETY
libero_object/task_08/state_006/clean/attempt_01,libero_object,8,pick_up_the_chocolate_pudding_and_place_it_in_the_basket,6,8006,True,True,True,True,True,none,152,82,True,0,0.5,True,True,PRIMARY,PRIMARY_ELIGIBLE
libero_object/task_08/state_007/clean/attempt_01,libero_object,8,pick_up_the_chocolate_pudding_and_place_it_in_the_basket,7,8007,False,True,True,True,True,none,400,400,True,0,0.5,True,True,NON_PRIMARY,CLEAN_FAILURE_SAFETY
libero_object/task_08/state_008/clean/attempt_01,libero_object,8,pick_up_the_chocolate_pudding_and_place_it_in_the_basket,8,8008,False,True,True,True,True,none,400,400,True,0,0.5,True,True,NON_PRIMARY,CLEAN_FAILURE_SAFETY
libero_object/task_08/state_009/clean/attempt_01,libero_object,8,pick_up_the_chocolate_pudding_and_place_it_in_the_basket,9,8009,True,True,True,True,True,none,226,140,True,0,0.5,True,True,PRIMARY,PRIMARY_ELIGIBLE
libero_object/task_08/state_010/clean/attempt_01,libero_object,8,pick_up_the_chocolate_pudding_and_place_it_in_the_basket,10,8010,False,True,True,True,True,none,400,400,True,0,0.5,True,True,NON_PRIMARY,CLEAN_FAILURE_SAFETY
libero_object/task_08/state_011/clean/attempt_01,libero_object,8,pick_up_the_chocolate_pudding_and_place_it_in_the_basket,11,8011,True,True,True,True,True,none,202,113,True,0,0.5,True,True,PRIMARY,PRIMARY_ELIGIBLE
libero_object/task_08/state_012/clean/attempt_01,libero_object,8,pick_up_the_chocolate_pudding_and_place_it_in_the_basket,12,8012,True,True,True,True,True,none,157,83,True,0,0.5,True,True,PRIMARY,PRIMARY_ELIGIBLE
libero_object/task_08/state_013/clean/attempt_01,libero_object,8,pick_up_the_chocolate_pudding_and_place_it_in_the_basket,13,8013,True,True,True,True,True,none,233,166,True,0,0.5,True,True,PRIMARY,PRIMARY_ELIGIBLE
libero_object/task_08/state_014/clean/attempt_01,libero_object,8,pick_up_the_chocolate_pudding_and_place_it_in_the_basket,14,8014,True,True,True,True,True,none,144,73,True,0,0.5,True,True,PRIMARY,PRIMARY_ELIGIBLE
libero_object/task_08/state_015/clean/attempt_01,libero_object,8,pick_up_the_chocolate_pudding_and_place_it_in_the_basket,15,8015,True,True,True,True,True,none,143,75,True,0,0.5,True,True,PRIMARY,PRIMARY_ELIGIBLE
libero_object/task_08/state_016/clean/attempt_01,libero_object,8,pick_up_the_chocolate_pudding_and_place_it_in_the_basket,16,8016,True,True,True,True,True,none,161,72,True,0,0.5,True,True,PRIMARY,PRIMARY_ELIGIBLE
libero_object/task_08/state_017/clean/attempt_01,libero_object,8,pick_up_the_chocolate_pudding_and_place_it_in_the_basket,17,8017,False,True,True,True,True,none,400,400,True,0,0.5,True,True,NON_PRIMARY,CLEAN_FAILURE_SAFETY
libero_object/task_08/state_018/clean/attempt_01,libero_object,8,pick_up_the_chocolate_pudding_and_place_it_in_the_basket,18,8018,True,True,True,True,True,none,177,68,True,0,0.5,True,True,PRIMARY,PRIMARY_ELIGIBLE
libero_object/task_08/state_019/clean/attempt_01,libero_object,8,pick_up_the_chocolate_pudding_and_place_it_in_the_basket,19,8019,False,True,True,True,True,none,400,400,True,0,0.5,True,True,NON_PRIMARY,CLEAN_FAILURE_SAFETY
libero_object/task_08/state_020/clean/attempt_01,libero_object,8,pick_up_the_chocolate_pudding_and_place_it_in_the_basket,20,8020,True,True,True,True,True,none,149,69,True,0,0.5,True,True,PRIMARY,PRIMARY_ELIGIBLE
libero_object/task_08/state_021/clean/attempt_01,libero_object,8,pick_up_the_chocolate_pudding_and_place_it_in_the_basket,21,8021,False,True,True,True,True,none,400,400,True,0,0.5,True,True,NON_PRIMARY,CLEAN_FAILURE_SAFETY
libero_object/task_08/state_022/clean/attempt_01,libero_object,8,pick_up_the_chocolate_pudding_and_place_it_in_the_basket,22,8022,False,True,True,True,True,none,400,400,True,0,0.5,True,True,NON_PRIMARY,CLEAN_FAILURE_SAFETY
libero_object/task_08/state_023/clean/attempt_01,libero_object,8,pick_up_the_chocolate_pudding_and_place_it_in_the_basket,23,8023,True,True,True,True,True,none,179,70,True,0,0.5,True,True,PRIMARY,PRIMARY_ELIGIBLE
libero_object/task_08/state_024/clean/attempt_01,libero_object,8,pick_up_the_chocolate_pudding_and_place_it_in_the_basket,24,8024,False,True,True,True,True,none,400,400,True,0,0.5,True,True,NON_PRIMARY,CLEAN_FAILURE_SAFETY
libero_object/task_08/state_025/clean/attempt_01,libero_object,8,pick_up_the_chocolate_pudding_and_place_it_in_the_basket,25,8025,True,True,True,True,True,none,152,81,True,0,0.5,True,True,PRIMARY,PRIMARY_ELIGIBLE
libero_object/task_08/state_026/clean/attempt_01,libero_object,8,pick_up_the_chocolate_pudding_and_place_it_in_the_basket,26,8026,False,True,True,True,True,none,400,113,True,0,0.5,True,True,NON_PRIMARY,CLEAN_FAILURE_SAFETY
libero_object/task_08/state_027/clean/attempt_01,libero_object,8,pick_up_the_chocolate_pudding_and_place_it_in_the_basket,27,8027,True,True,True,True,True,none,139,75,True,0,0.5,True,True,PRIMARY,PRIMARY_ELIGIBLE
libero_object/task_08/state_028/clean/attempt_01,libero_object,8,pick_up_the_chocolate_pudding_and_place_it_in_the_basket,28,8028,False,True,True,True,True,none,400,400,True,0,0.5,True,True,NON_PRIMARY,CLEAN_FAILURE_SAFETY
libero_object/task_08/state_029/clean/attempt_01,libero_object,8,pick_up_the_chocolate_pudding_and_place_it_in_the_basket,29,8029,False,True,True,True,True,none,400,400,True,0,0.5,True,True,NON_PRIMARY,CLEAN_FAILURE_SAFETY
libero_object/task_08/state_030/clean/attempt_01,libero_object,8,pick_up_the_chocolate_pudding_and_place_it_in_the_basket,30,8030,True,True,True,True,True,none,145,82,True,0,0.5,True,True,PRIMARY,PRIMARY_ELIGIBLE
libero_object/task_08/state_031/clean/attempt_01,libero_object,8,pick_up_the_chocolate_pudding_and_place_it_in_the_basket,31,8031,True,True,True,True,True,none,166,82,True,0,0.5,True,True,PRIMARY,PRIMARY_ELIGIBLE
libero_object/task_08/state_032/clean/attempt_01,libero_object,8,pick_up_the_chocolate_pudding_and_place_it_in_the_basket,32,8032,False,True,True,True,True,none,400,400,True,0,0.5,True,True,NON_PRIMARY,CLEAN_FAILURE_SAFETY
libero_object/task_08/state_033/clean/attempt_01,libero_object,8,pick_up_the_chocolate_pudding_and_place_it_in_the_basket,33,8033,True,True,True,True,True,none,162,84,True,0,0.5,True,True,PRIMARY,PRIMARY_ELIGIBLE
libero_object/task_08/state_034/clean/attempt_01,libero_object,8,pick_up_the_chocolate_pudding_and_place_it_in_the_basket,34,8034,False,True,True,True,True,none,400,400,True,0,0.5,True,True,NON_PRIMARY,CLEAN_FAILURE_SAFETY
libero_object/task_08/state_035/clean/attempt_01,libero_object,8,pick_up_the_chocolate_pudding_and_place_it_in_the_basket,35,8035,False,True,True,True,True,none,400,400,True,0,0.5,True,True,NON_PRIMARY,CLEAN_FAILURE_SAFETY
libero_object/task_08/state_036/clean/attempt_01,libero_object,8,pick_up_the_chocolate_pudding_and_place_it_in_the_basket,36,8036,True,True,True,True,True,none,215,93,True,0,0.5,True,True,PRIMARY,PRIMARY_ELIGIBLE
libero_object/task_08/state_037/clean/attempt_01,libero_object,8,pick_up_the_chocolate_pudding_and_place_it_in_the_basket,37,8037,False,True,True,True,True,none,400,400,True,0,0.5,True,True,NON_PRIMARY,CLEAN_FAILURE_SAFETY
libero_object/task_08/state_038/clean/attempt_01,libero_object,8,pick_up_the_chocolate_pudding_and_place_it_in_the_basket,38,8038,False,True,True,True,True,none,400,400,True,0,0.5,True,True,NON_PRIMARY,CLEAN_FAILURE_SAFETY
libero_object/task_08/state_039/clean/attempt_01,libero_object,8,pick_up_the_chocolate_pudding_and_place_it_in_the_basket,39,8039,False,True,True,True,True,none,400,400,True,0,0.5,True,True,NON_PRIMARY,CLEAN_FAILURE_SAFETY
libero_object/task_08/state_040/clean/attempt_01,libero_object,8,pick_up_the_chocolate_pudding_and_place_it_in_the_basket,40,8040,True,True,True,True,True,none,161,78,True,0,0.5,True,True,PRIMARY,PRIMARY_ELIGIBLE
libero_object/task_08/state_041/clean/attempt_01,libero_object,8,pick_up_the_chocolate_pudding_and_place_it_in_the_basket,41,8041,True,True,True,True,True,none,181,90,True,0,0.5,True,True,PRIMARY,PRIMARY_ELIGIBLE
libero_object/task_08/state_042/clean/attempt_01,libero_object,8,pick_up_the_chocolate_pudding_and_place_it_in_the_basket,42,8042,True,True,True,True,True,none,233,111,True,0,0.5,True,True,PRIMARY,PRIMARY_ELIGIBLE
libero_object/task_08/state_043/clean/attempt_01,libero_object,8,pick_up_the_chocolate_pudding_and_place_it_in_the_basket,43,8043,False,True,True,True,True,none,400,400,True,0,0.5,True,True,NON_PRIMARY,CLEAN_FAILURE_SAFETY
libero_object/task_08/state_044/clean/attempt_01,libero_object,8,pick_up_the_chocolate_pudding_and_place_it_in_the_basket,44,8044,False,True,True,True,True,none,400,400,True,0,0.5,True,True,NON_PRIMARY,CLEAN_FAILURE_SAFETY
libero_object/task_08/state_045/clean/attempt_01,libero_object,8,pick_up_the_chocolate_pudding_and_place_it_in_the_basket,45,8045,True,True,True,True,True,none,147,72,True,0,0.5,True,True,PRIMARY,PRIMARY_ELIGIBLE
libero_object/task_08/state_046/clean/attempt_01,libero_object,8,pick_up_the_chocolate_pudding_and_place_it_in_the_basket,46,8046,True,True,True,True,True,none,176,68,True,0,0.5,True,True,PRIMARY,PRIMARY_ELIGIBLE
libero_object/task_08/state_047/clean/attempt_01,libero_object,8,pick_up_the_chocolate_pudding_and_place_it_in_the_basket,47,8047,True,True,True,True,True,none,157,84,True,0,0.5,True,True,PRIMARY,PRIMARY_ELIGIBLE
libero_object/task_08/state_048/clean/attempt_01,libero_object,8,pick_up_the_chocolate_pudding_and_place_it_in_the_basket,48,8048,False,True,True,True,True,none,400,400,True,0,0.5,True,True,NON_PRIMARY,CLEAN_FAILURE_SAFETY
libero_object/task_08/state_049/clean/attempt_01,libero_object,8,pick_up_the_chocolate_pudding_and_place_it_in_the_basket,49,8049,True,True,True,True,True,none,169,78,True,0,0.5,True,True,PRIMARY,PRIMARY_ELIGIBLE
libero_object/task_09/state_000/clean/attempt_01,libero_object,9,pick_up_the_orange_juice_and_place_it_in_the_basket,0,9000,True,True,True,True,True,none,158,96,True,0,0.5,True,True,PRIMARY,PRIMARY_ELIGIBLE
libero_object/task_09/state_001/clean/attempt_01,libero_object,9,pick_up_the_orange_juice_and_place_it_in_the_basket,1,9001,False,True,True,True,True,none,400,400,True,0,0.5,True,True,NON_PRIMARY,CLEAN_FAILURE_SAFETY
libero_object/task_09/state_002/clean/attempt_01,libero_object,9,pick_up_the_orange_juice_and_place_it_in_the_basket,2,9002,True,True,True,True,True,none,134,74,True,0,0.5,True,True,PRIMARY,PRIMARY_ELIGIBLE
libero_object/task_09/state_003/clean/attempt_01,libero_object,9,pick_up_the_orange_juice_and_place_it_in_the_basket,3,9003,True,True,True,True,True,none,136,75,True,0,0.5,True,True,PRIMARY,PRIMARY_ELIGIBLE
libero_object/task_09/state_004/clean/attempt_01,libero_object,9,pick_up_the_orange_juice_and_place_it_in_the_basket,4,9004,True,True,True,True,True,none,140,77,True,0,0.5,True,True,PRIMARY,PRIMARY_ELIGIBLE
libero_object/task_09/state_005/clean/attempt_01,libero_object,9,pick_up_the_orange_juice_and_place_it_in_the_basket,5,9005,False,True,True,True,True,none,400,400,True,0,0.5,True,True,NON_PRIMARY,CLEAN_FAILURE_SAFETY
libero_object/task_09/state_006/clean/attempt_01,libero_object,9,pick_up_the_orange_juice_and_place_it_in_the_basket,6,9006,True,True,True,True,True,none,155,89,True,0,0.5,True,True,PRIMARY,PRIMARY_ELIGIBLE
libero_object/task_09/state_007/clean/attempt_01,libero_object,9,pick_up_the_orange_juice_and_place_it_in_the_basket,7,9007,False,True,True,True,True,none,400,400,True,0,0.5,True,True,NON_PRIMARY,CLEAN_FAILURE_SAFETY
libero_object/task_09/state_008/clean/attempt_01,libero_object,9,pick_up_the_orange_juice_and_place_it_in_the_basket,8,9008,True,True,True,True,True,none,130,76,True,0,0.5,True,True,PRIMARY,PRIMARY_ELIGIBLE
libero_object/task_09/state_009/clean/attempt_01,libero_object,9,pick_up_the_orange_juice_and_place_it_in_the_basket,9,9009,False,True,True,True,True,none,400,400,True,0,0.5,True,True,NON_PRIMARY,CLEAN_FAILURE_SAFETY
libero_object/task_09/state_010/clean/attempt_01,libero_object,9,pick_up_the_orange_juice_and_place_it_in_the_basket,10,9010,True,True,True,True,True,none,284,210,True,0,0.5,True,True,PRIMARY,PRIMARY_ELIGIBLE
libero_object/task_09/state_011/clean/attempt_01,libero_object,9,pick_up_the_orange_juice_and_place_it_in_the_basket,11,9011,True,True,True,True,True,none,226,165,True,0,0.5,True,True,PRIMARY,PRIMARY_ELIGIBLE
libero_object/task_09/state_012/clean/attempt_01,libero_object,9,pick_up_the_orange_juice_and_place_it_in_the_basket,12,9012,True,True,True,True,True,none,144,81,True,0,0.5,True,True,PRIMARY,PRIMARY_ELIGIBLE
libero_object/task_09/state_013/clean/attempt_01,libero_object,9,pick_up_the_orange_juice_and_place_it_in_the_basket,13,9013,True,True,True,True,True,none,147,77,True,0,0.5,True,True,PRIMARY,PRIMARY_ELIGIBLE
libero_object/task_09/state_014/clean/attempt_01,libero_object,9,pick_up_the_orange_juice_and_place_it_in_the_basket,14,9014,True,True,True,True,True,none,130,81,True,0,0.5,True,True,PRIMARY,PRIMARY_ELIGIBLE
libero_object/task_09/state_015/clean/attempt_01,libero_object,9,pick_up_the_orange_juice_and_place_it_in_the_basket,15,9015,False,True,True,True,True,none,400,400,True,0,0.5,True,True,NON_PRIMARY,CLEAN_FAILURE_SAFETY
libero_object/task_09/state_016/clean/attempt_01,libero_object,9,pick_up_the_orange_juice_and_place_it_in_the_basket,16,9016,True,True,True,True,True,none,131,82,True,0,0.5,True,True,PRIMARY,PRIMARY_ELIGIBLE
libero_object/task_09/state_017/clean/attempt_01,libero_object,9,pick_up_the_orange_juice_and_place_it_in_the_basket,17,9017,True,True,True,True,True,none,213,163,True,0,0.5,True,True,PRIMARY,PRIMARY_ELIGIBLE
libero_object/task_09/state_018/clean/attempt_01,libero_object,9,pick_up_the_orange_juice_and_place_it_in_the_basket,18,9018,False,True,True,True,True,none,400,400,True,0,0.5,True,True,NON_PRIMARY,CLEAN_FAILURE_SAFETY
libero_object/task_09/state_019/clean/attempt_01,libero_object,9,pick_up_the_orange_juice_and_place_it_in_the_basket,19,9019,False,True,True,True,True,none,400,400,True,0,0.5,True,True,NON_PRIMARY,CLEAN_FAILURE_SAFETY
libero_object/task_09/state_020/clean/attempt_01,libero_object,9,pick_up_the_orange_juice_and_place_it_in_the_basket,20,9020,False,True,True,True,True,none,400,400,True,0,0.5,True,True,NON_PRIMARY,CLEAN_FAILURE_SAFETY
libero_object/task_09/state_021/clean/attempt_01,libero_object,9,pick_up_the_orange_juice_and_place_it_in_the_basket,21,9021,True,True,True,True,True,none,113,68,True,0,0.5,True,True,PRIMARY,PRIMARY_ELIGIBLE
libero_object/task_09/state_022/clean/attempt_01,libero_object,9,pick_up_the_orange_juice_and_place_it_in_the_basket,22,9022,False,True,True,True,True,none,400,400,True,0,0.5,True,True,NON_PRIMARY,CLEAN_FAILURE_SAFETY
libero_object/task_09/state_023/clean/attempt_01,libero_object,9,pick_up_the_orange_juice_and_place_it_in_the_basket,23,9023,True,True,True,True,True,none,221,166,True,0,0.5,True,True,PRIMARY,PRIMARY_ELIGIBLE
libero_object/task_09/state_024/clean/attempt_01,libero_object,9,pick_up_the_orange_juice_and_place_it_in_the_basket,24,9024,True,True,True,True,True,none,119,72,True,0,0.5,True,True,PRIMARY,PRIMARY_ELIGIBLE
libero_object/task_09/state_025/clean/attempt_01,libero_object,9,pick_up_the_orange_juice_and_place_it_in_the_basket,25,9025,True,True,True,True,True,none,280,231,True,0,0.5,True,True,PRIMARY,PRIMARY_ELIGIBLE
libero_object/task_09/state_026/clean/attempt_01,libero_object,9,pick_up_the_orange_juice_and_place_it_in_the_basket,26,9026,True,True,True,True,True,none,132,86,True,0,0.5,True,True,PRIMARY,PRIMARY_ELIGIBLE
libero_object/task_09/state_027/clean/attempt_01,libero_object,9,pick_up_the_orange_juice_and_place_it_in_the_basket,27,9027,True,True,True,True,True,none,246,187,True,0,0.5,True,True,PRIMARY,PRIMARY_ELIGIBLE
libero_object/task_09/state_028/clean/attempt_01,libero_object,9,pick_up_the_orange_juice_and_place_it_in_the_basket,28,9028,True,True,True,True,True,none,119,72,True,0,0.5,True,True,PRIMARY,PRIMARY_ELIGIBLE
libero_object/task_09/state_029/clean/attempt_01,libero_object,9,pick_up_the_orange_juice_and_place_it_in_the_basket,29,9029,True,True,True,True,True,none,173,123,True,0,0.5,True,True,PRIMARY,PRIMARY_ELIGIBLE
libero_object/task_09/state_030/clean/attempt_01,libero_object,9,pick_up_the_orange_juice_and_place_it_in_the_basket,30,9030,False,True,True,True,True,none,400,400,True,0,0.5,True,True,NON_PRIMARY,CLEAN_FAILURE_SAFETY
libero_object/task_09/state_031/clean/attempt_01,libero_object,9,pick_up_the_orange_juice_and_place_it_in_the_basket,31,9031,True,True,True,True,True,none,265,213,True,0,0.5,True,True,PRIMARY,PRIMARY_ELIGIBLE
libero_object/task_09/state_032/clean/attempt_01,libero_object,9,pick_up_the_orange_juice_and_place_it_in_the_basket,32,9032,False,True,True,True,True,none,400,400,True,0,0.5,True,True,NON_PRIMARY,CLEAN_FAILURE_SAFETY
libero_object/task_09/state_033/clean/attempt_01,libero_object,9,pick_up_the_orange_juice_and_place_it_in_the_basket,33,9033,True,True,True,True,True,none,195,138,True,0,0.5,True,True,PRIMARY,PRIMARY_ELIGIBLE
libero_object/task_09/state_034/clean/attempt_01,libero_object,9,pick_up_the_orange_juice_and_place_it_in_the_basket,34,9034,True,True,True,True,True,none,130,91,True,0,0.5,True,True,PRIMARY,PRIMARY_ELIGIBLE
libero_object/task_09/state_035/clean/attempt_01,libero_object,9,pick_up_the_orange_juice_and_place_it_in_the_basket,35,9035,True,True,True,True,True,none,181,143,True,0,0.5,True,True,PRIMARY,PRIMARY_ELIGIBLE
libero_object/task_09/state_036/clean/attempt_01,libero_object,9,pick_up_the_orange_juice_and_place_it_in_the_basket,36,9036,True,True,True,True,True,none,171,76,True,0,0.5,True,True,PRIMARY,PRIMARY_ELIGIBLE
libero_object/task_09/state_037/clean/attempt_01,libero_object,9,pick_up_the_orange_juice_and_place_it_in_the_basket,37,9037,True,True,True,True,True,none,150,91,True,0,0.5,True,True,PRIMARY,PRIMARY_ELIGIBLE
libero_object/task_09/state_038/clean/attempt_01,libero_object,9,pick_up_the_orange_juice_and_place_it_in_the_basket,38,9038,True,True,True,True,True,none,130,71,True,0,0.5,True,True,PRIMARY,PRIMARY_ELIGIBLE
libero_object/task_09/state_039/clean/attempt_01,libero_object,9,pick_up_the_orange_juice_and_place_it_in_the_basket,39,9039,True,True,True,True,True,none,164,76,True,0,0.5,True,True,PRIMARY,PRIMARY_ELIGIBLE
libero_object/task_09/state_040/clean/attempt_01,libero_object,9,pick_up_the_orange_juice_and_place_it_in_the_basket,40,9040,True,True,True,True,True,none,132,85,True,0,0.5,True,True,PRIMARY,PRIMARY_ELIGIBLE
libero_object/task_09/state_041/clean/attempt_01,libero_object,9,pick_up_the_orange_juice_and_place_it_in_the_basket,41,9041,True,True,True,True,True,none,139,86,True,0,0.5,True,True,PRIMARY,PRIMARY_ELIGIBLE
libero_object/task_09/state_042/clean/attempt_01,libero_object,9,pick_up_the_orange_juice_and_place_it_in_the_basket,42,9042,False,True,True,True,True,none,400,400,True,0,0.5,True,True,NON_PRIMARY,CLEAN_FAILURE_SAFETY
libero_object/task_09/state_043/clean/attempt_01,libero_object,9,pick_up_the_orange_juice_and_place_it_in_the_basket,43,9043,True,True,True,True,True,none,143,93,True,0,0.5,True,True,PRIMARY,PRIMARY_ELIGIBLE
libero_object/task_09/state_044/clean/attempt_01,libero_object,9,pick_up_the_orange_juice_and_place_it_in_the_basket,44,9044,True,True,True,True,True,none,142,89,True,0,0.5,True,True,PRIMARY,PRIMARY_ELIGIBLE
libero_object/task_09/state_045/clean/attempt_01,libero_object,9,pick_up_the_orange_juice_and_place_it_in_the_basket,45,9045,True,True,True,True,True,none,117,71,True,0,0.5,True,True,PRIMARY,PRIMARY_ELIGIBLE
libero_object/task_09/state_046/clean/attempt_01,libero_object,9,pick_up_the_orange_juice_and_place_it_in_the_basket,46,9046,True,True,True,True,True,none,117,73,True,0,0.5,True,True,PRIMARY,PRIMARY_ELIGIBLE
libero_object/task_09/state_047/clean/attempt_01,libero_object,9,pick_up_the_orange_juice_and_place_it_in_the_basket,47,9047,True,True,True,True,True,none,125,75,True,0,0.5,True,True,PRIMARY,PRIMARY_ELIGIBLE
libero_object/task_09/state_048/clean/attempt_01,libero_object,9,pick_up_the_orange_juice_and_place_it_in_the_basket,48,9048,True,True,True,True,True,none,145,84,True,0,0.5,True,True,PRIMARY,PRIMARY_ELIGIBLE
libero_object/task_09/state_049/clean/attempt_01,libero_object,9,pick_up_the_orange_juice_and_place_it_in_the_basket,49,9049,False,True,True,True,True,none,400,317,True,0,0.5,True,True,NON_PRIMARY,CLEAN_FAILURE_SAFETY
libero_spatial/task_00/state_000/clean/attempt_01,libero_spatial,0,pick_up_the_black_bowl_between_the_plate_and_the_ramekin_and_place_it_on_the_pla,0,0,True,True,True,True,True,none,98,98,True,0,0.5,True,True,PRIMARY,PRIMARY_ELIGIBLE
libero_spatial/task_00/state_001/clean/attempt_01,libero_spatial,0,pick_up_the_black_bowl_between_the_plate_and_the_ramekin_and_place_it_on_the_pla,1,0,True,True,True,True,True,none,139,139,True,0,0.5,True,True,PRIMARY,PRIMARY_ELIGIBLE
libero_spatial/task_00/state_002/clean/attempt_01,libero_spatial,0,pick_up_the_black_bowl_between_the_plate_and_the_ramekin_and_place_it_on_the_pla,2,0,True,True,True,True,True,none,85,85,True,0,0.5,True,True,PRIMARY,PRIMARY_ELIGIBLE
libero_spatial/task_00/state_003/clean/attempt_01,libero_spatial,0,pick_up_the_black_bowl_between_the_plate_and_the_ramekin_and_place_it_on_the_pla,3,0,True,True,True,True,True,none,189,189,True,0,0.5,True,True,PRIMARY,PRIMARY_ELIGIBLE
libero_spatial/task_00/state_004/clean/attempt_01,libero_spatial,0,pick_up_the_black_bowl_between_the_plate_and_the_ramekin_and_place_it_on_the_pla,4,0,True,True,True,True,True,none,74,74,True,0,0.5,True,True,PRIMARY,PRIMARY_ELIGIBLE
libero_spatial/task_00/state_005/clean/attempt_01,libero_spatial,0,pick_up_the_black_bowl_between_the_plate_and_the_ramekin_and_place_it_on_the_pla,5,0,True,True,True,True,True,none,73,73,True,0,0.5,True,True,PRIMARY,PRIMARY_ELIGIBLE
libero_spatial/task_00/state_006/clean/attempt_01,libero_spatial,0,pick_up_the_black_bowl_between_the_plate_and_the_ramekin_and_place_it_on_the_pla,6,0,True,True,True,True,True,none,82,82,True,0,0.5,True,True,PRIMARY,PRIMARY_ELIGIBLE
libero_spatial/task_00/state_007/clean/attempt_01,libero_spatial,0,pick_up_the_black_bowl_between_the_plate_and_the_ramekin_and_place_it_on_the_pla,7,0,True,True,True,True,True,none,85,85,True,0,0.5,True,True,PRIMARY,PRIMARY_ELIGIBLE
libero_spatial/task_00/state_008/clean/attempt_01,libero_spatial,0,pick_up_the_black_bowl_between_the_plate_and_the_ramekin_and_place_it_on_the_pla,8,0,True,True,True,True,True,none,89,89,True,0,0.5,True,True,PRIMARY,PRIMARY_ELIGIBLE
libero_spatial/task_00/state_009/clean/attempt_01,libero_spatial,0,pick_up_the_black_bowl_between_the_plate_and_the_ramekin_and_place_it_on_the_pla,9,0,True,True,True,True,True,none,88,88,True,0,0.5,True,True,PRIMARY,PRIMARY_ELIGIBLE
libero_spatial/task_00/state_010/clean/attempt_01,libero_spatial,0,pick_up_the_black_bowl_between_the_plate_and_the_ramekin_and_place_it_on_the_pla,10,0,True,True,True,True,True,none,104,104,True,0,0.5,True,True,PRIMARY,PRIMARY_ELIGIBLE
libero_spatial/task_00/state_011/clean/attempt_01,libero_spatial,0,pick_up_the_black_bowl_between_the_plate_and_the_ramekin_and_place_it_on_the_pla,11,0,True,True,True,True,True,none,74,74,True,0,0.5,True,True,PRIMARY,PRIMARY_ELIGIBLE
libero_spatial/task_00/state_012/clean/attempt_01,libero_spatial,0,pick_up_the_black_bowl_between_the_plate_and_the_ramekin_and_place_it_on_the_pla,12,0,True,True,True,True,True,none,76,76,True,0,0.5,True,True,PRIMARY,PRIMARY_ELIGIBLE
libero_spatial/task_00/state_013/clean/attempt_01,libero_spatial,0,pick_up_the_black_bowl_between_the_plate_and_the_ramekin_and_place_it_on_the_pla,13,0,True,True,True,True,True,none,116,116,True,0,0.5,True,True,PRIMARY,PRIMARY_ELIGIBLE
libero_spatial/task_00/state_014/clean/attempt_01,libero_spatial,0,pick_up_the_black_bowl_between_the_plate_and_the_ramekin_and_place_it_on_the_pla,14,0,True,True,True,True,True,none,87,87,True,0,0.5,True,True,PRIMARY,PRIMARY_ELIGIBLE
libero_spatial/task_00/state_015/clean/attempt_01,libero_spatial,0,pick_up_the_black_bowl_between_the_plate_and_the_ramekin_and_place_it_on_the_pla,15,0,True,True,True,True,True,none,70,70,True,0,0.5,True,True,PRIMARY,PRIMARY_ELIGIBLE
libero_spatial/task_00/state_016/clean/attempt_01,libero_spatial,0,pick_up_the_black_bowl_between_the_plate_and_the_ramekin_and_place_it_on_the_pla,16,0,True,True,True,True,True,none,76,76,True,0,0.5,True,True,PRIMARY,PRIMARY_ELIGIBLE
libero_spatial/task_00/state_017/clean/attempt_01,libero_spatial,0,pick_up_the_black_bowl_between_the_plate_and_the_ramekin_and_place_it_on_the_pla,17,0,True,True,True,True,True,none,71,71,True,0,0.5,True,True,PRIMARY,PRIMARY_ELIGIBLE
libero_spatial/task_00/state_018/clean/attempt_01,libero_spatial,0,pick_up_the_black_bowl_between_the_plate_and_the_ramekin_and_place_it_on_the_pla,18,0,True,True,True,True,True,none,92,92,True,0,0.5,True,True,PRIMARY,PRIMARY_ELIGIBLE
libero_spatial/task_00/state_019/clean/attempt_01,libero_spatial,0,pick_up_the_black_bowl_between_the_plate_and_the_ramekin_and_place_it_on_the_pla,19,0,True,True,True,True,True,none,81,81,True,0,0.5,True,True,PRIMARY,PRIMARY_ELIGIBLE
libero_spatial/task_00/state_020/clean/attempt_01,libero_spatial,0,pick_up_the_black_bowl_between_the_plate_and_the_ramekin_and_place_it_on_the_pla,20,0,True,True,True,True,True,none,126,126,True,0,0.5,True,True,PRIMARY,PRIMARY_ELIGIBLE
libero_spatial/task_00/state_021/clean/attempt_01,libero_spatial,0,pick_up_the_black_bowl_between_the_plate_and_the_ramekin_and_place_it_on_the_pla,21,0,True,True,True,True,True,none,71,71,True,0,0.5,True,True,PRIMARY,PRIMARY_ELIGIBLE
libero_spatial/task_00/state_022/clean/attempt_01,libero_spatial,0,pick_up_the_black_bowl_between_the_plate_and_the_ramekin_and_place_it_on_the_pla,22,0,True,True,True,True,True,none,94,94,True,0,0.5,True,True,PRIMARY,PRIMARY_ELIGIBLE
libero_spatial/task_00/state_023/clean/attempt_01,libero_spatial,0,pick_up_the_black_bowl_between_the_plate_and_the_ramekin_and_place_it_on_the_pla,23,0,True,True,True,True,True,none,73,73,True,0,0.5,True,True,PRIMARY,PRIMARY_ELIGIBLE
libero_spatial/task_00/state_024/clean/attempt_01,libero_spatial,0,pick_up_the_black_bowl_between_the_plate_and_the_ramekin_and_place_it_on_the_pla,24,0,True,True,True,True,True,none,74,74,True,0,0.5,True,True,PRIMARY,PRIMARY_ELIGIBLE
libero_spatial/task_00/state_025/clean/attempt_01,libero_spatial,0,pick_up_the_black_bowl_between_the_plate_and_the_ramekin_and_place_it_on_the_pla,25,0,True,True,True,True,True,none,68,68,True,0,0.5,True,True,PRIMARY,PRIMARY_ELIGIBLE
libero_spatial/task_00/state_026/clean/attempt_01,libero_spatial,0,pick_up_the_black_bowl_between_the_plate_and_the_ramekin_and_place_it_on_the_pla,26,0,True,True,True,True,True,none,87,87,True,0,0.5,True,True,PRIMARY,PRIMARY_ELIGIBLE
libero_spatial/task_00/state_027/clean/attempt_01,libero_spatial,0,pick_up_the_black_bowl_between_the_plate_and_the_ramekin_and_place_it_on_the_pla,27,0,True,True,True,True,True,none,88,88,True,0,0.5,True,True,PRIMARY,PRIMARY_ELIGIBLE
libero_spatial/task_00/state_028/clean/attempt_01,libero_spatial,0,pick_up_the_black_bowl_between_the_plate_and_the_ramekin_and_place_it_on_the_pla,28,0,True,True,True,True,True,none,78,78,True,0,0.5,True,True,PRIMARY,PRIMARY_ELIGIBLE
libero_spatial/task_00/state_029/clean/attempt_01,libero_spatial,0,pick_up_the_black_bowl_between_the_plate_and_the_ramekin_and_place_it_on_the_pla,29,0,True,True,True,True,True,none,74,74,True,0,0.5,True,True,PRIMARY,PRIMARY_ELIGIBLE
libero_spatial/task_00/state_030/clean/attempt_01,libero_spatial,0,pick_up_the_black_bowl_between_the_plate_and_the_ramekin_and_place_it_on_the_pla,30,0,True,True,True,True,True,none,69,69,True,0,0.5,True,True,PRIMARY,PRIMARY_ELIGIBLE
libero_spatial/task_00/state_031/clean/attempt_01,libero_spatial,0,pick_up_the_black_bowl_between_the_plate_and_the_ramekin_and_place_it_on_the_pla,31,0,True,True,True,True,True,none,88,88,True,0,0.5,True,True,PRIMARY,PRIMARY_ELIGIBLE
libero_spatial/task_00/state_032/clean/attempt_01,libero_spatial,0,pick_up_the_black_bowl_between_the_plate_and_the_ramekin_and_place_it_on_the_pla,32,0,True,True,True,True,True,none,69,69,True,0,0.5,True,True,PRIMARY,PRIMARY_ELIGIBLE
libero_spatial/task_00/state_033/clean/attempt_01,libero_spatial,0,pick_up_the_black_bowl_between_the_plate_and_the_ramekin_and_place_it_on_the_pla,33,0,True,True,True,True,True,none,80,80,True,0,0.5,True,True,PRIMARY,PRIMARY_ELIGIBLE
libero_spatial/task_00/state_034/clean/attempt_01,libero_spatial,0,pick_up_the_black_bowl_between_the_plate_and_the_ramekin_and_place_it_on_the_pla,34,0,True,True,True,True,True,none,65,65,True,0,0.5,True,True,PRIMARY,PRIMARY_ELIGIBLE
libero_spatial/task_00/state_035/clean/attempt_01,libero_spatial,0,pick_up_the_black_bowl_between_the_plate_and_the_ramekin_and_place_it_on_the_pla,35,0,True,True,True,True,True,none,108,108,True,0,0.5,True,True,PRIMARY,PRIMARY_ELIGIBLE
libero_spatial/task_00/state_036/clean/attempt_01,libero_spatial,0,pick_up_the_black_bowl_between_the_plate_and_the_ramekin_and_place_it_on_the_pla,36,0,True,True,True,True,True,none,83,83,True,0,0.5,True,True,PRIMARY,PRIMARY_ELIGIBLE
libero_spatial/task_00/state_037/clean/attempt_01,libero_spatial,0,pick_up_the_black_bowl_between_the_plate_and_the_ramekin_and_place_it_on_the_pla,37,0,True,True,True,True,True,none,85,85,True,0,0.5,True,True,PRIMARY,PRIMARY_ELIGIBLE
libero_spatial/task_00/state_038/clean/attempt_01,libero_spatial,0,pick_up_the_black_bowl_between_the_plate_and_the_ramekin_and_place_it_on_the_pla,38,0,True,True,True,True,True,none,75,75,True,0,0.5,True,True,PRIMARY,PRIMARY_ELIGIBLE
libero_spatial/task_00/state_039/clean/attempt_01,libero_spatial,0,pick_up_the_black_bowl_between_the_plate_and_the_ramekin_and_place_it_on_the_pla,39,0,True,True,True,True,True,none,77,77,True,0,0.5,True,True,PRIMARY,PRIMARY_ELIGIBLE
libero_spatial/task_00/state_040/clean/attempt_01,libero_spatial,0,pick_up_the_black_bowl_between_the_plate_and_the_ramekin_and_place_it_on_the_pla,40,0,True,True,True,True,True,none,78,78,True,0,0.5,True,True,PRIMARY,PRIMARY_ELIGIBLE
libero_spatial/task_00/state_041/clean/attempt_01,libero_spatial,0,pick_up_the_black_bowl_between_the_plate_and_the_ramekin_and_place_it_on_the_pla,41,0,True,True,True,True,True,none,83,83,True,0,0.5,True,True,PRIMARY,PRIMARY_ELIGIBLE
libero_spatial/task_00/state_042/clean/attempt_01,libero_spatial,0,pick_up_the_black_bowl_between_the_plate_and_the_ramekin_and_place_it_on_the_pla,42,0,True,True,True,True,True,none,80,80,True,0,0.5,True,True,PRIMARY,PRIMARY_ELIGIBLE
libero_spatial/task_00/state_043/clean/attempt_01,libero_spatial,0,pick_up_the_black_bowl_between_the_plate_and_the_ramekin_and_place_it_on_the_pla,43,0,False,True,True,True,True,none,400,400,True,0,0.5,True,True,NON_PRIMARY,CLEAN_FAILURE_SAFETY
libero_spatial/task_00/state_044/clean/attempt_01,libero_spatial,0,pick_up_the_black_bowl_between_the_plate_and_the_ramekin_and_place_it_on_the_pla,44,0,True,True,True,True,True,none,71,71,True,0,0.5,True,True,PRIMARY,PRIMARY_ELIGIBLE
libero_spatial/task_00/state_045/clean/attempt_01,libero_spatial,0,pick_up_the_black_bowl_between_the_plate_and_the_ramekin_and_place_it_on_the_pla,45,0,True,True,True,True,True,none,72,72,True,0,0.5,True,True,PRIMARY,PRIMARY_ELIGIBLE
libero_spatial/task_00/state_046/clean/attempt_01,libero_spatial,0,pick_up_the_black_bowl_between_the_plate_and_the_ramekin_and_place_it_on_the_pla,46,0,True,True,True,True,True,none,83,83,True,0,0.5,True,True,PRIMARY,PRIMARY_ELIGIBLE
libero_spatial/task_00/state_047/clean/attempt_01,libero_spatial,0,pick_up_the_black_bowl_between_the_plate_and_the_ramekin_and_place_it_on_the_pla,47,0,True,True,True,True,True,none,76,76,True,0,0.5,True,True,PRIMARY,PRIMARY_ELIGIBLE
libero_spatial/task_00/state_048/clean/attempt_01,libero_spatial,0,pick_up_the_black_bowl_between_the_plate_and_the_ramekin_and_place_it_on_the_pla,48,0,True,True,True,True,True,none,89,89,True,0,0.5,True,True,PRIMARY,PRIMARY_ELIGIBLE
libero_spatial/task_00/state_049/clean/attempt_01,libero_spatial,0,pick_up_the_black_bowl_between_the_plate_and_the_ramekin_and_place_it_on_the_pla,49,0,True,True,True,True,True,none,70,70,True,0,0.5,True,True,PRIMARY,PRIMARY_ELIGIBLE
libero_spatial/task_01/state_000/clean/attempt_01,libero_spatial,1,pick_up_the_black_bowl_next_to_the_ramekin_and_place_it_on_the_plate,0,0,True,True,True,True,True,none,116,116,True,0,0.5,True,True,PRIMARY,PRIMARY_ELIGIBLE
libero_spatial/task_01/state_001/clean/attempt_01,libero_spatial,1,pick_up_the_black_bowl_next_to_the_ramekin_and_place_it_on_the_plate,1,0,True,True,True,True,True,none,100,100,True,0,0.5,True,True,PRIMARY,PRIMARY_ELIGIBLE
libero_spatial/task_01/state_002/clean/attempt_01,libero_spatial,1,pick_up_the_black_bowl_next_to_the_ramekin_and_place_it_on_the_plate,2,0,True,True,True,True,True,none,133,133,True,0,0.5,True,True,PRIMARY,PRIMARY_ELIGIBLE
libero_spatial/task_01/state_003/clean/attempt_01,libero_spatial,1,pick_up_the_black_bowl_next_to_the_ramekin_and_place_it_on_the_plate,3,0,True,True,True,True,True,none,169,169,True,0,0.5,True,True,PRIMARY,PRIMARY_ELIGIBLE
libero_spatial/task_01/state_004/clean/attempt_01,libero_spatial,1,pick_up_the_black_bowl_next_to_the_ramekin_and_place_it_on_the_plate,4,0,True,True,True,True,True,none,122,122,True,0,0.5,True,True,PRIMARY,PRIMARY_ELIGIBLE
libero_spatial/task_01/state_005/clean/attempt_01,libero_spatial,1,pick_up_the_black_bowl_next_to_the_ramekin_and_place_it_on_the_plate,5,0,True,True,True,True,True,none,105,105,True,0,0.5,True,True,PRIMARY,PRIMARY_ELIGIBLE
libero_spatial/task_01/state_006/clean/attempt_01,libero_spatial,1,pick_up_the_black_bowl_next_to_the_ramekin_and_place_it_on_the_plate,6,0,True,True,True,True,True,none,113,113,True,0,0.5,True,True,PRIMARY,PRIMARY_ELIGIBLE
libero_spatial/task_01/state_007/clean/attempt_01,libero_spatial,1,pick_up_the_black_bowl_next_to_the_ramekin_and_place_it_on_the_plate,7,0,True,True,True,True,True,none,126,126,True,0,0.5,True,True,PRIMARY,PRIMARY_ELIGIBLE
libero_spatial/task_01/state_008/clean/attempt_01,libero_spatial,1,pick_up_the_black_bowl_next_to_the_ramekin_and_place_it_on_the_plate,8,0,False,True,True,True,True,none,400,400,True,0,0.5,True,True,NON_PRIMARY,CLEAN_FAILURE_SAFETY
libero_spatial/task_01/state_009/clean/attempt_01,libero_spatial,1,pick_up_the_black_bowl_next_to_the_ramekin_and_place_it_on_the_plate,9,0,True,True,True,True,True,none,115,115,True,0,0.5,True,True,PRIMARY,PRIMARY_ELIGIBLE
libero_spatial/task_01/state_010/clean/attempt_01,libero_spatial,1,pick_up_the_black_bowl_next_to_the_ramekin_and_place_it_on_the_plate,10,0,True,True,True,True,True,none,131,131,True,0,0.5,True,True,PRIMARY,PRIMARY_ELIGIBLE
libero_spatial/task_01/state_011/clean/attempt_01,libero_spatial,1,pick_up_the_black_bowl_next_to_the_ramekin_and_place_it_on_the_plate,11,0,True,True,True,True,True,none,351,351,True,0,0.5,True,True,PRIMARY,PRIMARY_ELIGIBLE
libero_spatial/task_01/state_012/clean/attempt_01,libero_spatial,1,pick_up_the_black_bowl_next_to_the_ramekin_and_place_it_on_the_plate,12,0,True,True,True,True,True,none,133,133,True,0,0.5,True,True,PRIMARY,PRIMARY_ELIGIBLE
libero_spatial/task_01/state_013/clean/attempt_01,libero_spatial,1,pick_up_the_black_bowl_next_to_the_ramekin_and_place_it_on_the_plate,13,0,True,True,True,True,True,none,114,114,True,0,0.5,True,True,PRIMARY,PRIMARY_ELIGIBLE
libero_spatial/task_01/state_014/clean/attempt_01,libero_spatial,1,pick_up_the_black_bowl_next_to_the_ramekin_and_place_it_on_the_plate,14,0,True,True,True,True,True,none,112,112,True,0,0.5,True,True,PRIMARY,PRIMARY_ELIGIBLE
libero_spatial/task_01/state_015/clean/attempt_01,libero_spatial,1,pick_up_the_black_bowl_next_to_the_ramekin_and_place_it_on_the_plate,15,0,True,True,True,True,True,none,111,111,True,0,0.5,True,True,PRIMARY,PRIMARY_ELIGIBLE
libero_spatial/task_01/state_016/clean/attempt_01,libero_spatial,1,pick_up_the_black_bowl_next_to_the_ramekin_and_place_it_on_the_plate,16,0,True,True,True,True,True,none,110,110,True,0,0.5,True,True,PRIMARY,PRIMARY_ELIGIBLE
libero_spatial/task_01/state_017/clean/attempt_01,libero_spatial,1,pick_up_the_black_bowl_next_to_the_ramekin_and_place_it_on_the_plate,17,0,True,True,True,True,True,none,99,99,True,0,0.5,True,True,PRIMARY,PRIMARY_ELIGIBLE
libero_spatial/task_01/state_018/clean/attempt_01,libero_spatial,1,pick_up_the_black_bowl_next_to_the_ramekin_and_place_it_on_the_plate,18,0,True,True,True,True,True,none,113,113,True,0,0.5,True,True,PRIMARY,PRIMARY_ELIGIBLE
libero_spatial/task_01/state_019/clean/attempt_01,libero_spatial,1,pick_up_the_black_bowl_next_to_the_ramekin_and_place_it_on_the_plate,19,0,True,True,True,True,True,none,115,115,True,0,0.5,True,True,PRIMARY,PRIMARY_ELIGIBLE
libero_spatial/task_01/state_020/clean/attempt_01,libero_spatial,1,pick_up_the_black_bowl_next_to_the_ramekin_and_place_it_on_the_plate,20,0,True,True,True,True,True,none,115,115,True,0,0.5,True,True,PRIMARY,PRIMARY_ELIGIBLE
libero_spatial/task_01/state_021/clean/attempt_01,libero_spatial,1,pick_up_the_black_bowl_next_to_the_ramekin_and_place_it_on_the_plate,21,0,True,True,True,True,True,none,105,105,True,0,0.5,True,True,PRIMARY,PRIMARY_ELIGIBLE
libero_spatial/task_01/state_022/clean/attempt_01,libero_spatial,1,pick_up_the_black_bowl_next_to_the_ramekin_and_place_it_on_the_plate,22,0,True,True,True,True,True,none,121,121,True,0,0.5,True,True,PRIMARY,PRIMARY_ELIGIBLE
libero_spatial/task_01/state_023/clean/attempt_01,libero_spatial,1,pick_up_the_black_bowl_next_to_the_ramekin_and_place_it_on_the_plate,23,0,True,True,True,True,True,none,112,112,True,0,0.5,True,True,PRIMARY,PRIMARY_ELIGIBLE
libero_spatial/task_01/state_024/clean/attempt_01,libero_spatial,1,pick_up_the_black_bowl_next_to_the_ramekin_and_place_it_on_the_plate,24,0,True,True,True,True,True,none,114,114,True,0,0.5,True,True,PRIMARY,PRIMARY_ELIGIBLE
libero_spatial/task_01/state_025/clean/attempt_01,libero_spatial,1,pick_up_the_black_bowl_next_to_the_ramekin_and_place_it_on_the_plate,25,0,True,True,True,True,True,none,104,104,True,0,0.5,True,True,PRIMARY,PRIMARY_ELIGIBLE
libero_spatial/task_01/state_026/clean/attempt_01,libero_spatial,1,pick_up_the_black_bowl_next_to_the_ramekin_and_place_it_on_the_plate,26,0,True,True,True,True,True,none,111,111,True,0,0.5,True,True,PRIMARY,PRIMARY_ELIGIBLE
libero_spatial/task_01/state_027/clean/attempt_01,libero_spatial,1,pick_up_the_black_bowl_next_to_the_ramekin_and_place_it_on_the_plate,27,0,True,True,True,True,True,none,109,109,True,0,0.5,True,True,PRIMARY,PRIMARY_ELIGIBLE
libero_spatial/task_01/state_028/clean/attempt_01,libero_spatial,1,pick_up_the_black_bowl_next_to_the_ramekin_and_place_it_on_the_plate,28,0,True,True,True,True,True,none,110,110,True,0,0.5,True,True,PRIMARY,PRIMARY_ELIGIBLE
libero_spatial/task_01/state_029/clean/attempt_01,libero_spatial,1,pick_up_the_black_bowl_next_to_the_ramekin_and_place_it_on_the_plate,29,0,True,True,True,True,True,none,112,112,True,0,0.5,True,True,PRIMARY,PRIMARY_ELIGIBLE
libero_spatial/task_01/state_030/clean/attempt_01,libero_spatial,1,pick_up_the_black_bowl_next_to_the_ramekin_and_place_it_on_the_plate,30,0,True,True,True,True,True,none,112,112,True,0,0.5,True,True,PRIMARY,PRIMARY_ELIGIBLE
libero_spatial/task_01/state_031/clean/attempt_01,libero_spatial,1,pick_up_the_black_bowl_next_to_the_ramekin_and_place_it_on_the_plate,31,0,False,True,True,True,True,none,400,400,True,0,0.5,True,True,NON_PRIMARY,CLEAN_FAILURE_SAFETY
libero_spatial/task_01/state_032/clean/attempt_01,libero_spatial,1,pick_up_the_black_bowl_next_to_the_ramekin_and_place_it_on_the_plate,32,0,True,True,True,True,True,none,106,106,True,0,0.5,True,True,PRIMARY,PRIMARY_ELIGIBLE
libero_spatial/task_01/state_033/clean/attempt_01,libero_spatial,1,pick_up_the_black_bowl_next_to_the_ramekin_and_place_it_on_the_plate,33,0,True,True,True,True,True,none,108,108,True,0,0.5,True,True,PRIMARY,PRIMARY_ELIGIBLE
libero_spatial/task_01/state_034/clean/attempt_01,libero_spatial,1,pick_up_the_black_bowl_next_to_the_ramekin_and_place_it_on_the_plate,34,0,True,True,True,True,True,none,113,113,True,0,0.5,True,True,PRIMARY,PRIMARY_ELIGIBLE
libero_spatial/task_01/state_035/clean/attempt_01,libero_spatial,1,pick_up_the_black_bowl_next_to_the_ramekin_and_place_it_on_the_plate,35,0,True,True,True,True,True,none,119,119,True,0,0.5,True,True,PRIMARY,PRIMARY_ELIGIBLE
libero_spatial/task_01/state_036/clean/attempt_01,libero_spatial,1,pick_up_the_black_bowl_next_to_the_ramekin_and_place_it_on_the_plate,36,0,True,True,True,True,True,none,119,119,True,0,0.5,True,True,PRIMARY,PRIMARY_ELIGIBLE
libero_spatial/task_01/state_037/clean/attempt_01,libero_spatial,1,pick_up_the_black_bowl_next_to_the_ramekin_and_place_it_on_the_plate,37,0,True,True,True,True,True,none,158,158,True,0,0.5,True,True,PRIMARY,PRIMARY_ELIGIBLE
libero_spatial/task_01/state_038/clean/attempt_01,libero_spatial,1,pick_up_the_black_bowl_next_to_the_ramekin_and_place_it_on_the_plate,38,0,True,True,True,True,True,none,94,94,True,0,0.5,True,True,PRIMARY,PRIMARY_ELIGIBLE
libero_spatial/task_01/state_039/clean/attempt_01,libero_spatial,1,pick_up_the_black_bowl_next_to_the_ramekin_and_place_it_on_the_plate,39,0,True,True,True,True,True,none,106,106,True,0,0.5,True,True,PRIMARY,PRIMARY_ELIGIBLE
libero_spatial/task_01/state_040/clean/attempt_01,libero_spatial,1,pick_up_the_black_bowl_next_to_the_ramekin_and_place_it_on_the_plate,40,0,True,True,True,True,True,none,103,103,True,0,0.5,True,True,PRIMARY,PRIMARY_ELIGIBLE
libero_spatial/task_01/state_041/clean/attempt_01,libero_spatial,1,pick_up_the_black_bowl_next_to_the_ramekin_and_place_it_on_the_plate,41,0,True,True,True,True,True,none,103,103,True,0,0.5,True,True,PRIMARY,PRIMARY_ELIGIBLE
libero_spatial/task_01/state_042/clean/attempt_01,libero_spatial,1,pick_up_the_black_bowl_next_to_the_ramekin_and_place_it_on_the_plate,42,0,True,True,True,True,True,none,112,112,True,0,0.5,True,True,PRIMARY,PRIMARY_ELIGIBLE
libero_spatial/task_01/state_043/clean/attempt_01,libero_spatial,1,pick_up_the_black_bowl_next_to_the_ramekin_and_place_it_on_the_plate,43,0,True,True,True,True,True,none,120,120,True,0,0.5,True,True,PRIMARY,PRIMARY_ELIGIBLE
libero_spatial/task_01/state_044/clean/attempt_01,libero_spatial,1,pick_up_the_black_bowl_next_to_the_ramekin_and_place_it_on_the_plate,44,0,True,True,True,True,True,none,114,114,True,0,0.5,True,True,PRIMARY,PRIMARY_ELIGIBLE
libero_spatial/task_01/state_045/clean/attempt_01,libero_spatial,1,pick_up_the_black_bowl_next_to_the_ramekin_and_place_it_on_the_plate,45,0,True,True,True,True,True,none,122,122,True,0,0.5,True,True,PRIMARY,PRIMARY_ELIGIBLE
libero_spatial/task_01/state_046/clean/attempt_01,libero_spatial,1,pick_up_the_black_bowl_next_to_the_ramekin_and_place_it_on_the_plate,46,0,True,True,True,True,True,none,107,107,True,0,0.5,True,True,PRIMARY,PRIMARY_ELIGIBLE
libero_spatial/task_01/state_047/clean/attempt_01,libero_spatial,1,pick_up_the_black_bowl_next_to_the_ramekin_and_place_it_on_the_plate,47,0,False,True,True,True,True,none,400,400,True,0,0.5,True,True,NON_PRIMARY,CLEAN_FAILURE_SAFETY
libero_spatial/task_01/state_048/clean/attempt_01,libero_spatial,1,pick_up_the_black_bowl_next_to_the_ramekin_and_place_it_on_the_plate,48,0,True,True,True,True,True,none,113,113,True,0,0.5,True,True,PRIMARY,PRIMARY_ELIGIBLE
libero_spatial/task_01/state_049/clean/attempt_01,libero_spatial,1,pick_up_the_black_bowl_next_to_the_ramekin_and_place_it_on_the_plate,49,0,True,True,True,True,True,none,101,101,True,0,0.5,True,True,PRIMARY,PRIMARY_ELIGIBLE
libero_spatial/task_02/state_000/clean/attempt_01,libero_spatial,2,pick_up_the_black_bowl_from_table_center_and_place_it_on_the_plate,0,0,False,True,True,True,True,none,400,400,True,0,0.5,True,True,NON_PRIMARY,CLEAN_FAILURE_SAFETY
libero_spatial/task_02/state_001/clean/attempt_01,libero_spatial,2,pick_up_the_black_bowl_from_table_center_and_place_it_on_the_plate,1,0,True,True,True,True,True,none,105,105,True,0,0.5,True,True,PRIMARY,PRIMARY_ELIGIBLE
libero_spatial/task_02/state_002/clean/attempt_01,libero_spatial,2,pick_up_the_black_bowl_from_table_center_and_place_it_on_the_plate,2,0,True,True,True,True,True,none,93,93,True,0,0.5,True,True,PRIMARY,PRIMARY_ELIGIBLE
libero_spatial/task_02/state_003/clean/attempt_01,libero_spatial,2,pick_up_the_black_bowl_from_table_center_and_place_it_on_the_plate,3,0,True,True,True,True,True,none,86,86,True,0,0.5,True,True,PRIMARY,PRIMARY_ELIGIBLE
libero_spatial/task_02/state_004/clean/attempt_01,libero_spatial,2,pick_up_the_black_bowl_from_table_center_and_place_it_on_the_plate,4,0,True,True,True,True,True,none,137,137,True,0,0.5,True,True,PRIMARY,PRIMARY_ELIGIBLE
libero_spatial/task_02/state_005/clean/attempt_01,libero_spatial,2,pick_up_the_black_bowl_from_table_center_and_place_it_on_the_plate,5,0,False,True,True,True,True,none,400,400,True,0,0.5,True,True,NON_PRIMARY,CLEAN_FAILURE_SAFETY
libero_spatial/task_02/state_006/clean/attempt_01,libero_spatial,2,pick_up_the_black_bowl_from_table_center_and_place_it_on_the_plate,6,0,True,True,True,True,True,none,98,98,True,0,0.5,True,True,PRIMARY,PRIMARY_ELIGIBLE
libero_spatial/task_02/state_007/clean/attempt_01,libero_spatial,2,pick_up_the_black_bowl_from_table_center_and_place_it_on_the_plate,7,0,True,True,True,True,True,none,103,103,True,0,0.5,True,True,PRIMARY,PRIMARY_ELIGIBLE
libero_spatial/task_02/state_008/clean/attempt_01,libero_spatial,2,pick_up_the_black_bowl_from_table_center_and_place_it_on_the_plate,8,0,True,True,True,True,True,none,171,171,True,0,0.5,True,True,PRIMARY,PRIMARY_ELIGIBLE
libero_spatial/task_02/state_009/clean/attempt_01,libero_spatial,2,pick_up_the_black_bowl_from_table_center_and_place_it_on_the_plate,9,0,True,True,True,True,True,none,104,104,True,0,0.5,True,True,PRIMARY,PRIMARY_ELIGIBLE
libero_spatial/task_02/state_010/clean/attempt_01,libero_spatial,2,pick_up_the_black_bowl_from_table_center_and_place_it_on_the_plate,10,0,True,True,True,True,True,none,104,104,True,0,0.5,True,True,PRIMARY,PRIMARY_ELIGIBLE
libero_spatial/task_02/state_011/clean/attempt_01,libero_spatial,2,pick_up_the_black_bowl_from_table_center_and_place_it_on_the_plate,11,0,False,True,True,True,True,none,400,400,True,0,0.5,True,True,NON_PRIMARY,CLEAN_FAILURE_SAFETY
libero_spatial/task_02/state_012/clean/attempt_01,libero_spatial,2,pick_up_the_black_bowl_from_table_center_and_place_it_on_the_plate,12,0,True,True,True,True,True,none,107,107,True,0,0.5,True,True,PRIMARY,PRIMARY_ELIGIBLE
libero_spatial/task_02/state_013/clean/attempt_01,libero_spatial,2,pick_up_the_black_bowl_from_table_center_and_place_it_on_the_plate,13,0,True,True,True,True,True,none,111,111,True,0,0.5,True,True,PRIMARY,PRIMARY_ELIGIBLE
libero_spatial/task_02/state_014/clean/attempt_01,libero_spatial,2,pick_up_the_black_bowl_from_table_center_and_place_it_on_the_plate,14,0,True,True,True,True,True,none,92,92,True,0,0.5,True,True,PRIMARY,PRIMARY_ELIGIBLE
libero_spatial/task_02/state_015/clean/attempt_01,libero_spatial,2,pick_up_the_black_bowl_from_table_center_and_place_it_on_the_plate,15,0,True,True,True,True,True,none,99,99,True,0,0.5,True,True,PRIMARY,PRIMARY_ELIGIBLE
libero_spatial/task_02/state_016/clean/attempt_01,libero_spatial,2,pick_up_the_black_bowl_from_table_center_and_place_it_on_the_plate,16,0,True,True,True,True,True,none,89,89,True,0,0.5,True,True,PRIMARY,PRIMARY_ELIGIBLE
libero_spatial/task_02/state_017/clean/attempt_01,libero_spatial,2,pick_up_the_black_bowl_from_table_center_and_place_it_on_the_plate,17,0,True,True,True,True,True,none,126,126,True,0,0.5,True,True,PRIMARY,PRIMARY_ELIGIBLE
libero_spatial/task_02/state_018/clean/attempt_01,libero_spatial,2,pick_up_the_black_bowl_from_table_center_and_place_it_on_the_plate,18,0,True,True,True,True,True,none,100,100,True,0,0.5,True,True,PRIMARY,PRIMARY_ELIGIBLE
libero_spatial/task_02/state_019/clean/attempt_01,libero_spatial,2,pick_up_the_black_bowl_from_table_center_and_place_it_on_the_plate,19,0,True,True,True,True,True,none,100,100,True,0,0.5,True,True,PRIMARY,PRIMARY_ELIGIBLE
libero_spatial/task_02/state_020/clean/attempt_01,libero_spatial,2,pick_up_the_black_bowl_from_table_center_and_place_it_on_the_plate,20,0,True,True,True,True,True,none,109,109,True,0,0.5,True,True,PRIMARY,PRIMARY_ELIGIBLE
libero_spatial/task_02/state_021/clean/attempt_01,libero_spatial,2,pick_up_the_black_bowl_from_table_center_and_place_it_on_the_plate,21,0,False,True,True,True,True,none,400,400,True,0,0.5,True,True,NON_PRIMARY,CLEAN_FAILURE_SAFETY
libero_spatial/task_02/state_022/clean/attempt_01,libero_spatial,2,pick_up_the_black_bowl_from_table_center_and_place_it_on_the_plate,22,0,True,True,True,True,True,none,93,93,True,0,0.5,True,True,PRIMARY,PRIMARY_ELIGIBLE
libero_spatial/task_02/state_023/clean/attempt_01,libero_spatial,2,pick_up_the_black_bowl_from_table_center_and_place_it_on_the_plate,23,0,True,True,True,True,True,none,124,124,True,0,0.5,True,True,PRIMARY,PRIMARY_ELIGIBLE
libero_spatial/task_02/state_024/clean/attempt_01,libero_spatial,2,pick_up_the_black_bowl_from_table_center_and_place_it_on_the_plate,24,0,True,True,True,True,True,none,246,246,True,0,0.5,True,True,PRIMARY,PRIMARY_ELIGIBLE
libero_spatial/task_02/state_025/clean/attempt_01,libero_spatial,2,pick_up_the_black_bowl_from_table_center_and_place_it_on_the_plate,25,0,True,True,True,True,True,none,90,90,True,0,0.5,True,True,PRIMARY,PRIMARY_ELIGIBLE
libero_spatial/task_02/state_026/clean/attempt_01,libero_spatial,2,pick_up_the_black_bowl_from_table_center_and_place_it_on_the_plate,26,0,True,True,True,True,True,none,114,114,True,0,0.5,True,True,PRIMARY,PRIMARY_ELIGIBLE
libero_spatial/task_02/state_027/clean/attempt_01,libero_spatial,2,pick_up_the_black_bowl_from_table_center_and_place_it_on_the_plate,27,0,True,True,True,True,True,none,91,91,True,0,0.5,True,True,PRIMARY,PRIMARY_ELIGIBLE
libero_spatial/task_02/state_028/clean/attempt_01,libero_spatial,2,pick_up_the_black_bowl_from_table_center_and_place_it_on_the_plate,28,0,True,True,True,True,True,none,103,103,True,0,0.5,True,True,PRIMARY,PRIMARY_ELIGIBLE
libero_spatial/task_02/state_029/clean/attempt_01,libero_spatial,2,pick_up_the_black_bowl_from_table_center_and_place_it_on_the_plate,29,0,True,True,True,True,True,none,105,105,True,0,0.5,True,True,PRIMARY,PRIMARY_ELIGIBLE
libero_spatial/task_02/state_030/clean/attempt_01,libero_spatial,2,pick_up_the_black_bowl_from_table_center_and_place_it_on_the_plate,30,0,True,True,True,True,True,none,100,100,True,0,0.5,True,True,PRIMARY,PRIMARY_ELIGIBLE
libero_spatial/task_02/state_031/clean/attempt_01,libero_spatial,2,pick_up_the_black_bowl_from_table_center_and_place_it_on_the_plate,31,0,True,True,True,True,True,none,86,86,True,0,0.5,True,True,PRIMARY,PRIMARY_ELIGIBLE
libero_spatial/task_02/state_032/clean/attempt_01,libero_spatial,2,pick_up_the_black_bowl_from_table_center_and_place_it_on_the_plate,32,0,True,True,True,True,True,none,103,103,True,0,0.5,True,True,PRIMARY,PRIMARY_ELIGIBLE
libero_spatial/task_02/state_033/clean/attempt_01,libero_spatial,2,pick_up_the_black_bowl_from_table_center_and_place_it_on_the_plate,33,0,True,True,True,True,True,none,111,111,True,0,0.5,True,True,PRIMARY,PRIMARY_ELIGIBLE
libero_spatial/task_02/state_034/clean/attempt_01,libero_spatial,2,pick_up_the_black_bowl_from_table_center_and_place_it_on_the_plate,34,0,True,True,True,True,True,none,111,111,True,0,0.5,True,True,PRIMARY,PRIMARY_ELIGIBLE
libero_spatial/task_02/state_035/clean/attempt_01,libero_spatial,2,pick_up_the_black_bowl_from_table_center_and_place_it_on_the_plate,35,0,True,True,True,True,True,none,87,87,True,0,0.5,True,True,PRIMARY,PRIMARY_ELIGIBLE
libero_spatial/task_02/state_036/clean/attempt_01,libero_spatial,2,pick_up_the_black_bowl_from_table_center_and_place_it_on_the_plate,36,0,True,True,True,True,True,none,131,131,True,0,0.5,True,True,PRIMARY,PRIMARY_ELIGIBLE
libero_spatial/task_02/state_037/clean/attempt_01,libero_spatial,2,pick_up_the_black_bowl_from_table_center_and_place_it_on_the_plate,37,0,True,True,True,True,True,none,103,103,True,0,0.5,True,True,PRIMARY,PRIMARY_ELIGIBLE
libero_spatial/task_02/state_038/clean/attempt_01,libero_spatial,2,pick_up_the_black_bowl_from_table_center_and_place_it_on_the_plate,38,0,True,True,True,True,True,none,96,96,True,0,0.5,True,True,PRIMARY,PRIMARY_ELIGIBLE
libero_spatial/task_02/state_039/clean/attempt_01,libero_spatial,2,pick_up_the_black_bowl_from_table_center_and_place_it_on_the_plate,39,0,True,True,True,True,True,none,79,79,True,0,0.5,True,True,PRIMARY,PRIMARY_ELIGIBLE
libero_spatial/task_02/state_040/clean/attempt_01,libero_spatial,2,pick_up_the_black_bowl_from_table_center_and_place_it_on_the_plate,40,0,True,True,True,True,True,none,199,199,True,0,0.5,True,True,PRIMARY,PRIMARY_ELIGIBLE
libero_spatial/task_02/state_041/clean/attempt_01,libero_spatial,2,pick_up_the_black_bowl_from_table_center_and_place_it_on_the_plate,41,0,False,True,True,True,True,none,400,400,True,0,0.5,True,True,NON_PRIMARY,CLEAN_FAILURE_SAFETY
libero_spatial/task_02/state_042/clean/attempt_01,libero_spatial,2,pick_up_the_black_bowl_from_table_center_and_place_it_on_the_plate,42,0,True,True,True,True,True,none,149,149,True,0,0.5,True,True,PRIMARY,PRIMARY_ELIGIBLE
libero_spatial/task_02/state_043/clean/attempt_01,libero_spatial,2,pick_up_the_black_bowl_from_table_center_and_place_it_on_the_plate,43,0,True,True,True,True,True,none,95,95,True,0,0.5,True,True,PRIMARY,PRIMARY_ELIGIBLE
libero_spatial/task_02/state_044/clean/attempt_01,libero_spatial,2,pick_up_the_black_bowl_from_table_center_and_place_it_on_the_plate,44,0,True,True,True,True,True,none,97,97,True,0,0.5,True,True,PRIMARY,PRIMARY_ELIGIBLE
libero_spatial/task_02/state_045/clean/attempt_01,libero_spatial,2,pick_up_the_black_bowl_from_table_center_and_place_it_on_the_plate,45,0,True,True,True,True,True,none,208,208,True,0,0.5,True,True,PRIMARY,PRIMARY_ELIGIBLE
libero_spatial/task_02/state_046/clean/attempt_01,libero_spatial,2,pick_up_the_black_bowl_from_table_center_and_place_it_on_the_plate,46,0,True,True,True,True,True,none,88,88,True,0,0.5,True,True,PRIMARY,PRIMARY_ELIGIBLE
libero_spatial/task_02/state_047/clean/attempt_01,libero_spatial,2,pick_up_the_black_bowl_from_table_center_and_place_it_on_the_plate,47,0,True,True,True,True,True,none,104,104,True,0,0.5,True,True,PRIMARY,PRIMARY_ELIGIBLE
libero_spatial/task_02/state_048/clean/attempt_01,libero_spatial,2,pick_up_the_black_bowl_from_table_center_and_place_it_on_the_plate,48,0,True,True,True,True,True,none,100,100,True,0,0.5,True,True,PRIMARY,PRIMARY_ELIGIBLE
libero_spatial/task_02/state_049/clean/attempt_01,libero_spatial,2,pick_up_the_black_bowl_from_table_center_and_place_it_on_the_plate,49,0,True,True,True,True,True,none,101,101,True,0,0.5,True,True,PRIMARY,PRIMARY_ELIGIBLE
libero_spatial/task_03/state_000/clean/attempt_01,libero_spatial,3,pick_up_the_black_bowl_on_the_cookie_box_and_place_it_on_the_plate,0,0,True,True,True,True,True,none,84,84,True,0,0.5,True,True,PRIMARY,PRIMARY_ELIGIBLE
libero_spatial/task_03/state_001/clean/attempt_01,libero_spatial,3,pick_up_the_black_bowl_on_the_cookie_box_and_place_it_on_the_plate,1,0,False,True,True,True,True,none,400,400,True,0,0.5,True,True,NON_PRIMARY,CLEAN_FAILURE_SAFETY
libero_spatial/task_03/state_002/clean/attempt_01,libero_spatial,3,pick_up_the_black_bowl_on_the_cookie_box_and_place_it_on_the_plate,2,0,True,True,True,True,True,none,76,76,True,0,0.5,True,True,PRIMARY,PRIMARY_ELIGIBLE
libero_spatial/task_03/state_003/clean/attempt_01,libero_spatial,3,pick_up_the_black_bowl_on_the_cookie_box_and_place_it_on_the_plate,3,0,True,True,True,True,True,none,98,98,True,0,0.5,True,True,PRIMARY,PRIMARY_ELIGIBLE
libero_spatial/task_03/state_004/clean/attempt_01,libero_spatial,3,pick_up_the_black_bowl_on_the_cookie_box_and_place_it_on_the_plate,4,0,True,True,True,True,True,none,87,87,True,0,0.5,True,True,PRIMARY,PRIMARY_ELIGIBLE
libero_spatial/task_03/state_005/clean/attempt_01,libero_spatial,3,pick_up_the_black_bowl_on_the_cookie_box_and_place_it_on_the_plate,5,0,True,True,True,True,True,none,84,84,True,0,0.5,True,True,PRIMARY,PRIMARY_ELIGIBLE
libero_spatial/task_03/state_006/clean/attempt_01,libero_spatial,3,pick_up_the_black_bowl_on_the_cookie_box_and_place_it_on_the_plate,6,0,True,True,True,True,True,none,99,99,True,0,0.5,True,True,PRIMARY,PRIMARY_ELIGIBLE
libero_spatial/task_03/state_007/clean/attempt_01,libero_spatial,3,pick_up_the_black_bowl_on_the_cookie_box_and_place_it_on_the_plate,7,0,True,True,True,True,True,none,102,102,True,0,0.5,True,True,PRIMARY,PRIMARY_ELIGIBLE
libero_spatial/task_03/state_008/clean/attempt_01,libero_spatial,3,pick_up_the_black_bowl_on_the_cookie_box_and_place_it_on_the_plate,8,0,True,True,True,True,True,none,85,85,True,0,0.5,True,True,PRIMARY,PRIMARY_ELIGIBLE
libero_spatial/task_03/state_009/clean/attempt_01,libero_spatial,3,pick_up_the_black_bowl_on_the_cookie_box_and_place_it_on_the_plate,9,0,True,True,True,True,True,none,83,83,True,0,0.5,True,True,PRIMARY,PRIMARY_ELIGIBLE
libero_spatial/task_03/state_010/clean/attempt_01,libero_spatial,3,pick_up_the_black_bowl_on_the_cookie_box_and_place_it_on_the_plate,10,0,True,True,True,True,True,none,86,86,True,0,0.5,True,True,PRIMARY,PRIMARY_ELIGIBLE
libero_spatial/task_03/state_011/clean/attempt_01,libero_spatial,3,pick_up_the_black_bowl_on_the_cookie_box_and_place_it_on_the_plate,11,0,True,True,True,True,True,none,81,81,True,0,0.5,True,True,PRIMARY,PRIMARY_ELIGIBLE
libero_spatial/task_03/state_012/clean/attempt_01,libero_spatial,3,pick_up_the_black_bowl_on_the_cookie_box_and_place_it_on_the_plate,12,0,True,True,True,True,True,none,89,89,True,0,0.5,True,True,PRIMARY,PRIMARY_ELIGIBLE
libero_spatial/task_03/state_013/clean/attempt_01,libero_spatial,3,pick_up_the_black_bowl_on_the_cookie_box_and_place_it_on_the_plate,13,0,True,True,True,True,True,none,79,79,True,0,0.5,True,True,PRIMARY,PRIMARY_ELIGIBLE
libero_spatial/task_03/state_014/clean/attempt_01,libero_spatial,3,pick_up_the_black_bowl_on_the_cookie_box_and_place_it_on_the_plate,14,0,True,True,True,True,True,none,94,94,True,0,0.5,True,True,PRIMARY,PRIMARY_ELIGIBLE
libero_spatial/task_03/state_015/clean/attempt_01,libero_spatial,3,pick_up_the_black_bowl_on_the_cookie_box_and_place_it_on_the_plate,15,0,True,True,True,True,True,none,88,88,True,0,0.5,True,True,PRIMARY,PRIMARY_ELIGIBLE
libero_spatial/task_03/state_016/clean/attempt_01,libero_spatial,3,pick_up_the_black_bowl_on_the_cookie_box_and_place_it_on_the_plate,16,0,True,True,True,True,True,none,86,86,True,0,0.5,True,True,PRIMARY,PRIMARY_ELIGIBLE
libero_spatial/task_03/state_017/clean/attempt_01,libero_spatial,3,pick_up_the_black_bowl_on_the_cookie_box_and_place_it_on_the_plate,17,0,True,True,True,True,True,none,79,79,True,0,0.5,True,True,PRIMARY,PRIMARY_ELIGIBLE
libero_spatial/task_03/state_018/clean/attempt_01,libero_spatial,3,pick_up_the_black_bowl_on_the_cookie_box_and_place_it_on_the_plate,18,0,True,True,True,True,True,none,80,80,True,0,0.5,True,True,PRIMARY,PRIMARY_ELIGIBLE
libero_spatial/task_03/state_019/clean/attempt_01,libero_spatial,3,pick_up_the_black_bowl_on_the_cookie_box_and_place_it_on_the_plate,19,0,True,True,True,True,True,none,75,75,True,0,0.5,True,True,PRIMARY,PRIMARY_ELIGIBLE
libero_spatial/task_03/state_020/clean/attempt_01,libero_spatial,3,pick_up_the_black_bowl_on_the_cookie_box_and_place_it_on_the_plate,20,0,True,True,True,True,True,none,85,85,True,0,0.5,True,True,PRIMARY,PRIMARY_ELIGIBLE
libero_spatial/task_03/state_021/clean/attempt_01,libero_spatial,3,pick_up_the_black_bowl_on_the_cookie_box_and_place_it_on_the_plate,21,0,True,True,True,True,True,none,79,79,True,0,0.5,True,True,PRIMARY,PRIMARY_ELIGIBLE
libero_spatial/task_03/state_022/clean/attempt_01,libero_spatial,3,pick_up_the_black_bowl_on_the_cookie_box_and_place_it_on_the_plate,22,0,True,True,True,True,True,none,79,79,True,0,0.5,True,True,PRIMARY,PRIMARY_ELIGIBLE
libero_spatial/task_03/state_023/clean/attempt_01,libero_spatial,3,pick_up_the_black_bowl_on_the_cookie_box_and_place_it_on_the_plate,23,0,True,True,True,True,True,none,88,88,True,0,0.5,True,True,PRIMARY,PRIMARY_ELIGIBLE
libero_spatial/task_03/state_024/clean/attempt_01,libero_spatial,3,pick_up_the_black_bowl_on_the_cookie_box_and_place_it_on_the_plate,24,0,True,True,True,True,True,none,88,88,True,0,0.5,True,True,PRIMARY,PRIMARY_ELIGIBLE
libero_spatial/task_03/state_025/clean/attempt_01,libero_spatial,3,pick_up_the_black_bowl_on_the_cookie_box_and_place_it_on_the_plate,25,0,True,True,True,True,True,none,75,75,True,0,0.5,True,True,PRIMARY,PRIMARY_ELIGIBLE
libero_spatial/task_03/state_026/clean/attempt_01,libero_spatial,3,pick_up_the_black_bowl_on_the_cookie_box_and_place_it_on_the_plate,26,0,True,True,True,True,True,none,72,72,True,0,0.5,True,True,PRIMARY,PRIMARY_ELIGIBLE
libero_spatial/task_03/state_027/clean/attempt_01,libero_spatial,3,pick_up_the_black_bowl_on_the_cookie_box_and_place_it_on_the_plate,27,0,False,True,True,True,True,none,400,400,True,0,0.5,True,True,NON_PRIMARY,CLEAN_FAILURE_SAFETY
libero_spatial/task_03/state_028/clean/attempt_01,libero_spatial,3,pick_up_the_black_bowl_on_the_cookie_box_and_place_it_on_the_plate,28,0,True,True,True,True,True,none,89,89,True,0,0.5,True,True,PRIMARY,PRIMARY_ELIGIBLE
libero_spatial/task_03/state_029/clean/attempt_01,libero_spatial,3,pick_up_the_black_bowl_on_the_cookie_box_and_place_it_on_the_plate,29,0,True,True,True,True,True,none,86,86,True,0,0.5,True,True,PRIMARY,PRIMARY_ELIGIBLE
libero_spatial/task_03/state_030/clean/attempt_01,libero_spatial,3,pick_up_the_black_bowl_on_the_cookie_box_and_place_it_on_the_plate,30,0,True,True,True,True,True,none,94,94,True,0,0.5,True,True,PRIMARY,PRIMARY_ELIGIBLE
libero_spatial/task_03/state_031/clean/attempt_01,libero_spatial,3,pick_up_the_black_bowl_on_the_cookie_box_and_place_it_on_the_plate,31,0,True,True,True,True,True,none,82,82,True,0,0.5,True,True,PRIMARY,PRIMARY_ELIGIBLE
libero_spatial/task_03/state_032/clean/attempt_01,libero_spatial,3,pick_up_the_black_bowl_on_the_cookie_box_and_place_it_on_the_plate,32,0,True,True,True,True,True,none,76,76,True,0,0.5,True,True,PRIMARY,PRIMARY_ELIGIBLE
libero_spatial/task_03/state_033/clean/attempt_01,libero_spatial,3,pick_up_the_black_bowl_on_the_cookie_box_and_place_it_on_the_plate,33,0,True,True,True,True,True,none,77,77,True,0,0.5,True,True,PRIMARY,PRIMARY_ELIGIBLE
libero_spatial/task_03/state_034/clean/attempt_01,libero_spatial,3,pick_up_the_black_bowl_on_the_cookie_box_and_place_it_on_the_plate,34,0,True,True,True,True,True,none,97,97,True,0,0.5,True,True,PRIMARY,PRIMARY_ELIGIBLE
libero_spatial/task_03/state_035/clean/attempt_01,libero_spatial,3,pick_up_the_black_bowl_on_the_cookie_box_and_place_it_on_the_plate,35,0,True,True,True,True,True,none,90,90,True,0,0.5,True,True,PRIMARY,PRIMARY_ELIGIBLE
libero_spatial/task_03/state_036/clean/attempt_01,libero_spatial,3,pick_up_the_black_bowl_on_the_cookie_box_and_place_it_on_the_plate,36,0,True,True,True,True,True,none,90,90,True,0,0.5,True,True,PRIMARY,PRIMARY_ELIGIBLE
libero_spatial/task_03/state_037/clean/attempt_01,libero_spatial,3,pick_up_the_black_bowl_on_the_cookie_box_and_place_it_on_the_plate,37,0,True,True,True,True,True,none,95,95,True,0,0.5,True,True,PRIMARY,PRIMARY_ELIGIBLE
libero_spatial/task_03/state_038/clean/attempt_01,libero_spatial,3,pick_up_the_black_bowl_on_the_cookie_box_and_place_it_on_the_plate,38,0,True,True,True,True,True,none,124,124,True,0,0.5,True,True,PRIMARY,PRIMARY_ELIGIBLE
libero_spatial/task_03/state_039/clean/attempt_01,libero_spatial,3,pick_up_the_black_bowl_on_the_cookie_box_and_place_it_on_the_plate,39,0,True,True,True,True,True,none,79,79,True,0,0.5,True,True,PRIMARY,PRIMARY_ELIGIBLE
libero_spatial/task_03/state_040/clean/attempt_01,libero_spatial,3,pick_up_the_black_bowl_on_the_cookie_box_and_place_it_on_the_plate,40,0,True,True,True,True,True,none,81,81,True,0,0.5,True,True,PRIMARY,PRIMARY_ELIGIBLE
libero_spatial/task_03/state_041/clean/attempt_01,libero_spatial,3,pick_up_the_black_bowl_on_the_cookie_box_and_place_it_on_the_plate,41,0,True,True,True,True,True,none,78,78,True,0,0.5,True,True,PRIMARY,PRIMARY_ELIGIBLE
libero_spatial/task_03/state_042/clean/attempt_01,libero_spatial,3,pick_up_the_black_bowl_on_the_cookie_box_and_place_it_on_the_plate,42,0,True,True,True,True,True,none,97,97,True,0,0.5,True,True,PRIMARY,PRIMARY_ELIGIBLE
libero_spatial/task_03/state_043/clean/attempt_01,libero_spatial,3,pick_up_the_black_bowl_on_the_cookie_box_and_place_it_on_the_plate,43,0,True,True,True,True,True,none,80,80,True,0,0.5,True,True,PRIMARY,PRIMARY_ELIGIBLE
libero_spatial/task_03/state_044/clean/attempt_01,libero_spatial,3,pick_up_the_black_bowl_on_the_cookie_box_and_place_it_on_the_plate,44,0,True,True,True,True,True,none,82,82,True,0,0.5,True,True,PRIMARY,PRIMARY_ELIGIBLE
libero_spatial/task_03/state_045/clean/attempt_01,libero_spatial,3,pick_up_the_black_bowl_on_the_cookie_box_and_place_it_on_the_plate,45,0,True,True,True,True,True,none,89,89,True,0,0.5,True,True,PRIMARY,PRIMARY_ELIGIBLE
libero_spatial/task_03/state_046/clean/attempt_01,libero_spatial,3,pick_up_the_black_bowl_on_the_cookie_box_and_place_it_on_the_plate,46,0,True,True,True,True,True,none,105,105,True,0,0.5,True,True,PRIMARY,PRIMARY_ELIGIBLE
libero_spatial/task_03/state_047/clean/attempt_01,libero_spatial,3,pick_up_the_black_bowl_on_the_cookie_box_and_place_it_on_the_plate,47,0,True,True,True,True,True,none,148,148,True,0,0.5,True,True,PRIMARY,PRIMARY_ELIGIBLE
libero_spatial/task_03/state_048/clean/attempt_01,libero_spatial,3,pick_up_the_black_bowl_on_the_cookie_box_and_place_it_on_the_plate,48,0,True,True,True,True,True,none,86,86,True,0,0.5,True,True,PRIMARY,PRIMARY_ELIGIBLE
libero_spatial/task_03/state_049/clean/attempt_01,libero_spatial,3,pick_up_the_black_bowl_on_the_cookie_box_and_place_it_on_the_plate,49,0,True,True,True,True,True,none,80,80,True,0,0.5,True,True,PRIMARY,PRIMARY_ELIGIBLE
libero_spatial/task_04/state_000/clean/attempt_01,libero_spatial,4,pick_up_the_black_bowl_in_the_top_drawer_of_the_wooden_cabinet_and_place_it_on_t,0,0,True,True,True,True,True,none,138,138,True,0,0.5,True,True,PRIMARY,PRIMARY_ELIGIBLE
libero_spatial/task_04/state_001/clean/attempt_01,libero_spatial,4,pick_up_the_black_bowl_in_the_top_drawer_of_the_wooden_cabinet_and_place_it_on_t,1,0,False,True,True,True,True,none,400,400,True,0,0.5,True,True,NON_PRIMARY,CLEAN_FAILURE_SAFETY
libero_spatial/task_04/state_002/clean/attempt_01,libero_spatial,4,pick_up_the_black_bowl_in_the_top_drawer_of_the_wooden_cabinet_and_place_it_on_t,2,0,True,True,True,True,True,none,126,126,True,0,0.5,True,True,PRIMARY,PRIMARY_ELIGIBLE
libero_spatial/task_04/state_003/clean/attempt_01,libero_spatial,4,pick_up_the_black_bowl_in_the_top_drawer_of_the_wooden_cabinet_and_place_it_on_t,3,0,False,True,True,True,True,none,400,400,True,0,0.5,True,True,NON_PRIMARY,CLEAN_FAILURE_SAFETY
libero_spatial/task_04/state_004/clean/attempt_01,libero_spatial,4,pick_up_the_black_bowl_in_the_top_drawer_of_the_wooden_cabinet_and_place_it_on_t,4,0,True,True,True,True,True,none,147,147,True,0,0.5,True,True,PRIMARY,PRIMARY_ELIGIBLE
libero_spatial/task_04/state_005/clean/attempt_01,libero_spatial,4,pick_up_the_black_bowl_in_the_top_drawer_of_the_wooden_cabinet_and_place_it_on_t,5,0,False,True,True,True,True,none,400,400,True,0,0.5,True,True,NON_PRIMARY,CLEAN_FAILURE_SAFETY
libero_spatial/task_04/state_006/clean/attempt_01,libero_spatial,4,pick_up_the_black_bowl_in_the_top_drawer_of_the_wooden_cabinet_and_place_it_on_t,6,0,True,True,True,True,True,none,135,135,True,0,0.5,True,True,PRIMARY,PRIMARY_ELIGIBLE
libero_spatial/task_04/state_007/clean/attempt_01,libero_spatial,4,pick_up_the_black_bowl_in_the_top_drawer_of_the_wooden_cabinet_and_place_it_on_t,7,0,True,True,True,True,True,none,134,134,True,0,0.5,True,True,PRIMARY,PRIMARY_ELIGIBLE
libero_spatial/task_04/state_008/clean/attempt_01,libero_spatial,4,pick_up_the_black_bowl_in_the_top_drawer_of_the_wooden_cabinet_and_place_it_on_t,8,0,True,True,True,True,True,none,129,129,True,0,0.5,True,True,PRIMARY,PRIMARY_ELIGIBLE
libero_spatial/task_04/state_009/clean/attempt_01,libero_spatial,4,pick_up_the_black_bowl_in_the_top_drawer_of_the_wooden_cabinet_and_place_it_on_t,9,0,True,True,True,True,True,none,136,136,True,0,0.5,True,True,PRIMARY,PRIMARY_ELIGIBLE
libero_spatial/task_04/state_010/clean/attempt_01,libero_spatial,4,pick_up_the_black_bowl_in_the_top_drawer_of_the_wooden_cabinet_and_place_it_on_t,10,0,True,True,True,True,True,none,126,126,True,0,0.5,True,True,PRIMARY,PRIMARY_ELIGIBLE
libero_spatial/task_04/state_011/clean/attempt_01,libero_spatial,4,pick_up_the_black_bowl_in_the_top_drawer_of_the_wooden_cabinet_and_place_it_on_t,11,0,True,True,True,True,True,none,129,129,True,0,0.5,True,True,PRIMARY,PRIMARY_ELIGIBLE
libero_spatial/task_04/state_012/clean/attempt_01,libero_spatial,4,pick_up_the_black_bowl_in_the_top_drawer_of_the_wooden_cabinet_and_place_it_on_t,12,0,False,True,True,True,True,none,400,400,True,0,0.5,True,True,NON_PRIMARY,CLEAN_FAILURE_SAFETY
libero_spatial/task_04/state_013/clean/attempt_01,libero_spatial,4,pick_up_the_black_bowl_in_the_top_drawer_of_the_wooden_cabinet_and_place_it_on_t,13,0,False,True,True,True,True,none,400,400,True,0,0.5,True,True,NON_PRIMARY,CLEAN_FAILURE_SAFETY
libero_spatial/task_04/state_014/clean/attempt_01,libero_spatial,4,pick_up_the_black_bowl_in_the_top_drawer_of_the_wooden_cabinet_and_place_it_on_t,14,0,False,True,True,True,True,none,400,400,True,0,0.5,True,True,NON_PRIMARY,CLEAN_FAILURE_SAFETY
libero_spatial/task_04/state_015/clean/attempt_01,libero_spatial,4,pick_up_the_black_bowl_in_the_top_drawer_of_the_wooden_cabinet_and_place_it_on_t,15,0,True,True,True,True,True,none,126,126,True,0,0.5,True,True,PRIMARY,PRIMARY_ELIGIBLE
libero_spatial/task_04/state_016/clean/attempt_01,libero_spatial,4,pick_up_the_black_bowl_in_the_top_drawer_of_the_wooden_cabinet_and_place_it_on_t,16,0,True,True,True,True,True,none,116,116,True,0,0.5,True,True,PRIMARY,PRIMARY_ELIGIBLE
libero_spatial/task_04/state_017/clean/attempt_01,libero_spatial,4,pick_up_the_black_bowl_in_the_top_drawer_of_the_wooden_cabinet_and_place_it_on_t,17,0,True,True,True,True,True,none,205,205,True,0,0.5,True,True,PRIMARY,PRIMARY_ELIGIBLE
libero_spatial/task_04/state_018/clean/attempt_01,libero_spatial,4,pick_up_the_black_bowl_in_the_top_drawer_of_the_wooden_cabinet_and_place_it_on_t,18,0,True,True,True,True,True,none,129,129,True,0,0.5,True,True,PRIMARY,PRIMARY_ELIGIBLE
libero_spatial/task_04/state_019/clean/attempt_01,libero_spatial,4,pick_up_the_black_bowl_in_the_top_drawer_of_the_wooden_cabinet_and_place_it_on_t,19,0,True,True,True,True,True,none,133,133,True,0,0.5,True,True,PRIMARY,PRIMARY_ELIGIBLE
libero_spatial/task_04/state_020/clean/attempt_01,libero_spatial,4,pick_up_the_black_bowl_in_the_top_drawer_of_the_wooden_cabinet_and_place_it_on_t,20,0,False,True,True,True,True,none,400,400,True,0,0.5,True,True,NON_PRIMARY,CLEAN_FAILURE_SAFETY
libero_spatial/task_04/state_021/clean/attempt_01,libero_spatial,4,pick_up_the_black_bowl_in_the_top_drawer_of_the_wooden_cabinet_and_place_it_on_t,21,0,True,True,True,True,True,none,122,122,True,0,0.5,True,True,PRIMARY,PRIMARY_ELIGIBLE
libero_spatial/task_04/state_022/clean/attempt_01,libero_spatial,4,pick_up_the_black_bowl_in_the_top_drawer_of_the_wooden_cabinet_and_place_it_on_t,22,0,True,True,True,True,True,none,129,129,True,0,0.5,True,True,PRIMARY,PRIMARY_ELIGIBLE
libero_spatial/task_04/state_023/clean/attempt_01,libero_spatial,4,pick_up_the_black_bowl_in_the_top_drawer_of_the_wooden_cabinet_and_place_it_on_t,23,0,True,True,True,True,True,none,141,141,True,0,0.5,True,True,PRIMARY,PRIMARY_ELIGIBLE
libero_spatial/task_04/state_024/clean/attempt_01,libero_spatial,4,pick_up_the_black_bowl_in_the_top_drawer_of_the_wooden_cabinet_and_place_it_on_t,24,0,True,True,True,True,True,none,121,121,True,0,0.5,True,True,PRIMARY,PRIMARY_ELIGIBLE
libero_spatial/task_04/state_025/clean/attempt_01,libero_spatial,4,pick_up_the_black_bowl_in_the_top_drawer_of_the_wooden_cabinet_and_place_it_on_t,25,0,True,True,True,True,True,none,133,133,True,0,0.5,True,True,PRIMARY,PRIMARY_ELIGIBLE
libero_spatial/task_04/state_026/clean/attempt_01,libero_spatial,4,pick_up_the_black_bowl_in_the_top_drawer_of_the_wooden_cabinet_and_place_it_on_t,26,0,True,True,True,True,True,none,280,280,True,0,0.5,True,True,PRIMARY,PRIMARY_ELIGIBLE
libero_spatial/task_04/state_027/clean/attempt_01,libero_spatial,4,pick_up_the_black_bowl_in_the_top_drawer_of_the_wooden_cabinet_and_place_it_on_t,27,0,True,True,True,True,True,none,135,135,True,0,0.5,True,True,PRIMARY,PRIMARY_ELIGIBLE
libero_spatial/task_04/state_028/clean/attempt_01,libero_spatial,4,pick_up_the_black_bowl_in_the_top_drawer_of_the_wooden_cabinet_and_place_it_on_t,28,0,True,True,True,True,True,none,132,132,True,0,0.5,True,True,PRIMARY,PRIMARY_ELIGIBLE
libero_spatial/task_04/state_029/clean/attempt_01,libero_spatial,4,pick_up_the_black_bowl_in_the_top_drawer_of_the_wooden_cabinet_and_place_it_on_t,29,0,True,True,True,True,True,none,129,129,True,0,0.5,True,True,PRIMARY,PRIMARY_ELIGIBLE
libero_spatial/task_04/state_030/clean/attempt_01,libero_spatial,4,pick_up_the_black_bowl_in_the_top_drawer_of_the_wooden_cabinet_and_place_it_on_t,30,0,False,True,True,True,True,none,400,400,True,0,0.5,True,True,NON_PRIMARY,CLEAN_FAILURE_SAFETY
libero_spatial/task_04/state_031/clean/attempt_01,libero_spatial,4,pick_up_the_black_bowl_in_the_top_drawer_of_the_wooden_cabinet_and_place_it_on_t,31,0,True,True,True,True,True,none,135,135,True,0,0.5,True,True,PRIMARY,PRIMARY_ELIGIBLE
libero_spatial/task_04/state_032/clean/attempt_01,libero_spatial,4,pick_up_the_black_bowl_in_the_top_drawer_of_the_wooden_cabinet_and_place_it_on_t,32,0,True,True,True,True,True,none,128,128,True,0,0.5,True,True,PRIMARY,PRIMARY_ELIGIBLE
libero_spatial/task_04/state_033/clean/attempt_01,libero_spatial,4,pick_up_the_black_bowl_in_the_top_drawer_of_the_wooden_cabinet_and_place_it_on_t,33,0,True,True,True,True,True,none,133,133,True,0,0.5,True,True,PRIMARY,PRIMARY_ELIGIBLE
libero_spatial/task_04/state_034/clean/attempt_01,libero_spatial,4,pick_up_the_black_bowl_in_the_top_drawer_of_the_wooden_cabinet_and_place_it_on_t,34,0,False,True,True,True,True,none,400,400,True,0,0.5,True,True,NON_PRIMARY,CLEAN_FAILURE_SAFETY
libero_spatial/task_04/state_035/clean/attempt_01,libero_spatial,4,pick_up_the_black_bowl_in_the_top_drawer_of_the_wooden_cabinet_and_place_it_on_t,35,0,True,True,True,True,True,none,148,148,True,0,0.5,True,True,PRIMARY,PRIMARY_ELIGIBLE
libero_spatial/task_04/state_036/clean/attempt_01,libero_spatial,4,pick_up_the_black_bowl_in_the_top_drawer_of_the_wooden_cabinet_and_place_it_on_t,36,0,False,True,True,True,True,none,400,400,True,0,0.5,True,True,NON_PRIMARY,CLEAN_FAILURE_SAFETY
libero_spatial/task_04/state_037/clean/attempt_01,libero_spatial,4,pick_up_the_black_bowl_in_the_top_drawer_of_the_wooden_cabinet_and_place_it_on_t,37,0,True,True,True,True,True,none,122,122,True,0,0.5,True,True,PRIMARY,PRIMARY_ELIGIBLE
libero_spatial/task_04/state_038/clean/attempt_01,libero_spatial,4,pick_up_the_black_bowl_in_the_top_drawer_of_the_wooden_cabinet_and_place_it_on_t,38,0,True,True,True,True,True,none,117,117,True,0,0.5,True,True,PRIMARY,PRIMARY_ELIGIBLE
libero_spatial/task_04/state_039/clean/attempt_01,libero_spatial,4,pick_up_the_black_bowl_in_the_top_drawer_of_the_wooden_cabinet_and_place_it_on_t,39,0,True,True,True,True,True,none,137,137,True,0,0.5,True,True,PRIMARY,PRIMARY_ELIGIBLE
libero_spatial/task_04/state_040/clean/attempt_01,libero_spatial,4,pick_up_the_black_bowl_in_the_top_drawer_of_the_wooden_cabinet_and_place_it_on_t,40,0,True,True,True,True,True,none,113,113,True,0,0.5,True,True,PRIMARY,PRIMARY_ELIGIBLE
libero_spatial/task_04/state_041/clean/attempt_01,libero_spatial,4,pick_up_the_black_bowl_in_the_top_drawer_of_the_wooden_cabinet_and_place_it_on_t,41,0,True,True,True,True,True,none,129,129,True,0,0.5,True,True,PRIMARY,PRIMARY_ELIGIBLE
libero_spatial/task_04/state_042/clean/attempt_01,libero_spatial,4,pick_up_the_black_bowl_in_the_top_drawer_of_the_wooden_cabinet_and_place_it_on_t,42,0,True,True,True,True,True,none,117,117,True,0,0.5,True,True,PRIMARY,PRIMARY_ELIGIBLE
libero_spatial/task_04/state_043/clean/attempt_01,libero_spatial,4,pick_up_the_black_bowl_in_the_top_drawer_of_the_wooden_cabinet_and_place_it_on_t,43,0,True,True,True,True,True,none,128,128,True,0,0.5,True,True,PRIMARY,PRIMARY_ELIGIBLE
libero_spatial/task_04/state_044/clean/attempt_01,libero_spatial,4,pick_up_the_black_bowl_in_the_top_drawer_of_the_wooden_cabinet_and_place_it_on_t,44,0,True,True,True,True,True,none,128,128,True,0,0.5,True,True,PRIMARY,PRIMARY_ELIGIBLE
libero_spatial/task_04/state_045/clean/attempt_01,libero_spatial,4,pick_up_the_black_bowl_in_the_top_drawer_of_the_wooden_cabinet_and_place_it_on_t,45,0,True,True,True,True,True,none,115,115,True,0,0.5,True,True,PRIMARY,PRIMARY_ELIGIBLE
libero_spatial/task_04/state_046/clean/attempt_01,libero_spatial,4,pick_up_the_black_bowl_in_the_top_drawer_of_the_wooden_cabinet_and_place_it_on_t,46,0,True,True,True,True,True,none,114,114,True,0,0.5,True,True,PRIMARY,PRIMARY_ELIGIBLE
libero_spatial/task_04/state_047/clean/attempt_01,libero_spatial,4,pick_up_the_black_bowl_in_the_top_drawer_of_the_wooden_cabinet_and_place_it_on_t,47,0,True,True,True,True,True,none,116,116,True,0,0.5,True,True,PRIMARY,PRIMARY_ELIGIBLE
libero_spatial/task_04/state_048/clean/attempt_01,libero_spatial,4,pick_up_the_black_bowl_in_the_top_drawer_of_the_wooden_cabinet_and_place_it_on_t,48,0,True,True,True,True,True,none,126,126,True,0,0.5,True,True,PRIMARY,PRIMARY_ELIGIBLE
libero_spatial/task_04/state_049/clean/attempt_01,libero_spatial,4,pick_up_the_black_bowl_in_the_top_drawer_of_the_wooden_cabinet_and_place_it_on_t,49,0,True,True,True,True,True,none,108,108,True,0,0.5,True,True,PRIMARY,PRIMARY_ELIGIBLE
libero_spatial/task_05/state_000/clean/attempt_01,libero_spatial,5,pick_up_the_black_bowl_on_the_ramekin_and_place_it_on_the_plate,0,0,True,True,True,True,True,none,100,100,True,0,0.5,True,True,PRIMARY,PRIMARY_ELIGIBLE
libero_spatial/task_05/state_001/clean/attempt_01,libero_spatial,5,pick_up_the_black_bowl_on_the_ramekin_and_place_it_on_the_plate,1,0,False,True,True,True,True,none,400,400,True,0,0.5,True,True,NON_PRIMARY,CLEAN_FAILURE_SAFETY
libero_spatial/task_05/state_002/clean/attempt_01,libero_spatial,5,pick_up_the_black_bowl_on_the_ramekin_and_place_it_on_the_plate,2,0,True,True,True,True,True,none,88,88,True,0,0.5,True,True,PRIMARY,PRIMARY_ELIGIBLE
libero_spatial/task_05/state_003/clean/attempt_01,libero_spatial,5,pick_up_the_black_bowl_on_the_ramekin_and_place_it_on_the_plate,3,0,False,True,True,True,True,none,400,400,True,0,0.5,True,True,NON_PRIMARY,CLEAN_FAILURE_SAFETY
libero_spatial/task_05/state_004/clean/attempt_01,libero_spatial,5,pick_up_the_black_bowl_on_the_ramekin_and_place_it_on_the_plate,4,0,False,True,True,True,True,none,400,400,True,0,0.5,True,True,NON_PRIMARY,CLEAN_FAILURE_SAFETY
libero_spatial/task_05/state_005/clean/attempt_01,libero_spatial,5,pick_up_the_black_bowl_on_the_ramekin_and_place_it_on_the_plate,5,0,True,True,True,True,True,none,94,94,True,0,0.5,True,True,PRIMARY,PRIMARY_ELIGIBLE
libero_spatial/task_05/state_006/clean/attempt_01,libero_spatial,5,pick_up_the_black_bowl_on_the_ramekin_and_place_it_on_the_plate,6,0,True,True,True,True,True,none,94,94,True,0,0.5,True,True,PRIMARY,PRIMARY_ELIGIBLE
libero_spatial/task_05/state_007/clean/attempt_01,libero_spatial,5,pick_up_the_black_bowl_on_the_ramekin_and_place_it_on_the_plate,7,0,True,True,True,True,True,none,89,89,True,0,0.5,True,True,PRIMARY,PRIMARY_ELIGIBLE
libero_spatial/task_05/state_008/clean/attempt_01,libero_spatial,5,pick_up_the_black_bowl_on_the_ramekin_and_place_it_on_the_plate,8,0,False,True,True,True,True,none,400,400,True,0,0.5,True,True,NON_PRIMARY,CLEAN_FAILURE_SAFETY
libero_spatial/task_05/state_009/clean/attempt_01,libero_spatial,5,pick_up_the_black_bowl_on_the_ramekin_and_place_it_on_the_plate,9,0,False,True,True,True,True,none,400,400,True,0,0.5,True,True,NON_PRIMARY,CLEAN_FAILURE_SAFETY
libero_spatial/task_05/state_010/clean/attempt_01,libero_spatial,5,pick_up_the_black_bowl_on_the_ramekin_and_place_it_on_the_plate,10,0,True,True,True,True,True,none,94,94,True,0,0.5,True,True,PRIMARY,PRIMARY_ELIGIBLE
libero_spatial/task_05/state_011/clean/attempt_01,libero_spatial,5,pick_up_the_black_bowl_on_the_ramekin_and_place_it_on_the_plate,11,0,False,True,True,True,True,none,400,400,True,0,0.5,True,True,NON_PRIMARY,CLEAN_FAILURE_SAFETY
libero_spatial/task_05/state_012/clean/attempt_01,libero_spatial,5,pick_up_the_black_bowl_on_the_ramekin_and_place_it_on_the_plate,12,0,False,True,True,True,True,none,400,400,True,0,0.5,True,True,NON_PRIMARY,CLEAN_FAILURE_SAFETY
libero_spatial/task_05/state_013/clean/attempt_01,libero_spatial,5,pick_up_the_black_bowl_on_the_ramekin_and_place_it_on_the_plate,13,0,False,True,True,True,True,none,400,400,True,0,0.5,True,True,NON_PRIMARY,CLEAN_FAILURE_SAFETY
libero_spatial/task_05/state_014/clean/attempt_01,libero_spatial,5,pick_up_the_black_bowl_on_the_ramekin_and_place_it_on_the_plate,14,0,True,True,True,True,True,none,86,86,True,0,0.5,True,True,PRIMARY,PRIMARY_ELIGIBLE
libero_spatial/task_05/state_015/clean/attempt_01,libero_spatial,5,pick_up_the_black_bowl_on_the_ramekin_and_place_it_on_the_plate,15,0,False,True,True,True,True,none,400,400,True,0,0.5,True,True,NON_PRIMARY,CLEAN_FAILURE_SAFETY
libero_spatial/task_05/state_016/clean/attempt_01,libero_spatial,5,pick_up_the_black_bowl_on_the_ramekin_and_place_it_on_the_plate,16,0,True,True,True,True,True,none,94,94,True,0,0.5,True,True,PRIMARY,PRIMARY_ELIGIBLE
libero_spatial/task_05/state_017/clean/attempt_01,libero_spatial,5,pick_up_the_black_bowl_on_the_ramekin_and_place_it_on_the_plate,17,0,True,True,True,True,True,none,90,90,True,0,0.5,True,True,PRIMARY,PRIMARY_ELIGIBLE
libero_spatial/task_05/state_018/clean/attempt_01,libero_spatial,5,pick_up_the_black_bowl_on_the_ramekin_and_place_it_on_the_plate,18,0,False,True,True,True,True,none,400,400,True,0,0.5,True,True,NON_PRIMARY,CLEAN_FAILURE_SAFETY
libero_spatial/task_05/state_019/clean/attempt_01,libero_spatial,5,pick_up_the_black_bowl_on_the_ramekin_and_place_it_on_the_plate,19,0,False,True,True,True,True,none,400,400,True,0,0.5,True,True,NON_PRIMARY,CLEAN_FAILURE_SAFETY
libero_spatial/task_05/state_020/clean/attempt_01,libero_spatial,5,pick_up_the_black_bowl_on_the_ramekin_and_place_it_on_the_plate,20,0,False,True,True,True,True,none,400,400,True,0,0.5,True,True,NON_PRIMARY,CLEAN_FAILURE_SAFETY
libero_spatial/task_05/state_021/clean/attempt_01,libero_spatial,5,pick_up_the_black_bowl_on_the_ramekin_and_place_it_on_the_plate,21,0,True,True,True,True,True,none,89,89,True,0,0.5,True,True,PRIMARY,PRIMARY_ELIGIBLE
libero_spatial/task_05/state_022/clean/attempt_01,libero_spatial,5,pick_up_the_black_bowl_on_the_ramekin_and_place_it_on_the_plate,22,0,False,True,True,True,True,none,400,400,True,0,0.5,True,True,NON_PRIMARY,CLEAN_FAILURE_SAFETY
libero_spatial/task_05/state_023/clean/attempt_01,libero_spatial,5,pick_up_the_black_bowl_on_the_ramekin_and_place_it_on_the_plate,23,0,True,True,True,True,True,none,84,84,True,0,0.5,True,True,PRIMARY,PRIMARY_ELIGIBLE
libero_spatial/task_05/state_024/clean/attempt_01,libero_spatial,5,pick_up_the_black_bowl_on_the_ramekin_and_place_it_on_the_plate,24,0,True,True,True,True,True,none,125,125,True,0,0.5,True,True,PRIMARY,PRIMARY_ELIGIBLE
libero_spatial/task_05/state_025/clean/attempt_01,libero_spatial,5,pick_up_the_black_bowl_on_the_ramekin_and_place_it_on_the_plate,25,0,False,True,True,True,True,none,400,400,True,0,0.5,True,True,NON_PRIMARY,CLEAN_FAILURE_SAFETY
libero_spatial/task_05/state_026/clean/attempt_01,libero_spatial,5,pick_up_the_black_bowl_on_the_ramekin_and_place_it_on_the_plate,26,0,True,True,True,True,True,none,91,91,True,0,0.5,True,True,PRIMARY,PRIMARY_ELIGIBLE
libero_spatial/task_05/state_027/clean/attempt_01,libero_spatial,5,pick_up_the_black_bowl_on_the_ramekin_and_place_it_on_the_plate,27,0,False,True,True,True,True,none,400,400,True,0,0.5,True,True,NON_PRIMARY,CLEAN_FAILURE_SAFETY
libero_spatial/task_05/state_028/clean/attempt_01,libero_spatial,5,pick_up_the_black_bowl_on_the_ramekin_and_place_it_on_the_plate,28,0,False,True,True,True,True,none,400,400,True,0,0.5,True,True,NON_PRIMARY,CLEAN_FAILURE_SAFETY
libero_spatial/task_05/state_029/clean/attempt_01,libero_spatial,5,pick_up_the_black_bowl_on_the_ramekin_and_place_it_on_the_plate,29,0,False,True,True,True,True,none,400,400,True,0,0.5,True,True,NON_PRIMARY,CLEAN_FAILURE_SAFETY
libero_spatial/task_05/state_030/clean/attempt_01,libero_spatial,5,pick_up_the_black_bowl_on_the_ramekin_and_place_it_on_the_plate,30,0,False,True,True,True,True,none,400,400,True,0,0.5,True,True,NON_PRIMARY,CLEAN_FAILURE_SAFETY
libero_spatial/task_05/state_031/clean/attempt_01,libero_spatial,5,pick_up_the_black_bowl_on_the_ramekin_and_place_it_on_the_plate,31,0,True,True,True,True,True,none,90,90,True,0,0.5,True,True,PRIMARY,PRIMARY_ELIGIBLE
libero_spatial/task_05/state_032/clean/attempt_01,libero_spatial,5,pick_up_the_black_bowl_on_the_ramekin_and_place_it_on_the_plate,32,0,False,True,True,True,True,none,400,400,True,0,0.5,True,True,NON_PRIMARY,CLEAN_FAILURE_SAFETY
libero_spatial/task_05/state_033/clean/attempt_01,libero_spatial,5,pick_up_the_black_bowl_on_the_ramekin_and_place_it_on_the_plate,33,0,False,True,True,True,True,none,400,400,True,0,0.5,True,True,NON_PRIMARY,CLEAN_FAILURE_SAFETY
libero_spatial/task_05/state_034/clean/attempt_01,libero_spatial,5,pick_up_the_black_bowl_on_the_ramekin_and_place_it_on_the_plate,34,0,False,True,True,True,True,none,400,400,True,0,0.5,True,True,NON_PRIMARY,CLEAN_FAILURE_SAFETY
libero_spatial/task_05/state_035/clean/attempt_01,libero_spatial,5,pick_up_the_black_bowl_on_the_ramekin_and_place_it_on_the_plate,35,0,False,True,True,True,True,none,400,400,True,0,0.5,True,True,NON_PRIMARY,CLEAN_FAILURE_SAFETY
libero_spatial/task_05/state_036/clean/attempt_01,libero_spatial,5,pick_up_the_black_bowl_on_the_ramekin_and_place_it_on_the_plate,36,0,False,True,True,True,True,none,400,400,True,0,0.5,True,True,NON_PRIMARY,CLEAN_FAILURE_SAFETY
libero_spatial/task_05/state_037/clean/attempt_01,libero_spatial,5,pick_up_the_black_bowl_on_the_ramekin_and_place_it_on_the_plate,37,0,False,True,True,True,True,none,400,400,True,0,0.5,True,True,NON_PRIMARY,CLEAN_FAILURE_SAFETY
libero_spatial/task_05/state_038/clean/attempt_01,libero_spatial,5,pick_up_the_black_bowl_on_the_ramekin_and_place_it_on_the_plate,38,0,False,True,True,True,True,none,400,400,True,0,0.5,True,True,NON_PRIMARY,CLEAN_FAILURE_SAFETY
libero_spatial/task_05/state_039/clean/attempt_01,libero_spatial,5,pick_up_the_black_bowl_on_the_ramekin_and_place_it_on_the_plate,39,0,True,True,True,True,True,none,150,150,True,0,0.5,True,True,PRIMARY,PRIMARY_ELIGIBLE
libero_spatial/task_05/state_040/clean/attempt_01,libero_spatial,5,pick_up_the_black_bowl_on_the_ramekin_and_place_it_on_the_plate,40,0,False,True,True,True,True,none,400,400,True,0,0.5,True,True,NON_PRIMARY,CLEAN_FAILURE_SAFETY
libero_spatial/task_05/state_041/clean/attempt_01,libero_spatial,5,pick_up_the_black_bowl_on_the_ramekin_and_place_it_on_the_plate,41,0,True,True,True,True,True,none,105,105,True,0,0.5,True,True,PRIMARY,PRIMARY_ELIGIBLE
libero_spatial/task_05/state_042/clean/attempt_01,libero_spatial,5,pick_up_the_black_bowl_on_the_ramekin_and_place_it_on_the_plate,42,0,False,True,True,True,True,none,400,400,True,0,0.5,True,True,NON_PRIMARY,CLEAN_FAILURE_SAFETY
libero_spatial/task_05/state_043/clean/attempt_01,libero_spatial,5,pick_up_the_black_bowl_on_the_ramekin_and_place_it_on_the_plate,43,0,True,True,True,True,True,none,96,96,True,0,0.5,True,True,PRIMARY,PRIMARY_ELIGIBLE
libero_spatial/task_05/state_044/clean/attempt_01,libero_spatial,5,pick_up_the_black_bowl_on_the_ramekin_and_place_it_on_the_plate,44,0,False,True,True,True,True,none,400,400,True,0,0.5,True,True,NON_PRIMARY,CLEAN_FAILURE_SAFETY
libero_spatial/task_05/state_045/clean/attempt_01,libero_spatial,5,pick_up_the_black_bowl_on_the_ramekin_and_place_it_on_the_plate,45,0,False,True,True,True,True,none,400,400,True,0,0.5,True,True,NON_PRIMARY,CLEAN_FAILURE_SAFETY
libero_spatial/task_05/state_046/clean/attempt_01,libero_spatial,5,pick_up_the_black_bowl_on_the_ramekin_and_place_it_on_the_plate,46,0,True,True,True,True,True,none,88,88,True,0,0.5,True,True,PRIMARY,PRIMARY_ELIGIBLE
libero_spatial/task_05/state_047/clean/attempt_01,libero_spatial,5,pick_up_the_black_bowl_on_the_ramekin_and_place_it_on_the_plate,47,0,False,True,True,True,True,none,400,400,True,0,0.5,True,True,NON_PRIMARY,CLEAN_FAILURE_SAFETY
libero_spatial/task_05/state_048/clean/attempt_01,libero_spatial,5,pick_up_the_black_bowl_on_the_ramekin_and_place_it_on_the_plate,48,0,False,True,True,True,True,none,400,400,True,0,0.5,True,True,NON_PRIMARY,CLEAN_FAILURE_SAFETY
libero_spatial/task_05/state_049/clean/attempt_01,libero_spatial,5,pick_up_the_black_bowl_on_the_ramekin_and_place_it_on_the_plate,49,0,True,True,True,True,True,none,112,112,True,0,0.5,True,True,PRIMARY,PRIMARY_ELIGIBLE
libero_spatial/task_06/state_000/clean/attempt_01,libero_spatial,6,pick_up_the_black_bowl_next_to_the_cookie_box_and_place_it_on_the_plate,0,0,True,True,True,True,True,none,114,114,True,0,0.5,True,True,PRIMARY,PRIMARY_ELIGIBLE
libero_spatial/task_06/state_001/clean/attempt_01,libero_spatial,6,pick_up_the_black_bowl_next_to_the_cookie_box_and_place_it_on_the_plate,1,0,True,True,True,True,True,none,96,96,True,0,0.5,True,True,PRIMARY,PRIMARY_ELIGIBLE
libero_spatial/task_06/state_002/clean/attempt_01,libero_spatial,6,pick_up_the_black_bowl_next_to_the_cookie_box_and_place_it_on_the_plate,2,0,True,True,True,True,True,none,97,97,True,0,0.5,True,True,PRIMARY,PRIMARY_ELIGIBLE
libero_spatial/task_06/state_003/clean/attempt_01,libero_spatial,6,pick_up_the_black_bowl_next_to_the_cookie_box_and_place_it_on_the_plate,3,0,True,True,True,True,True,none,95,95,True,0,0.5,True,True,PRIMARY,PRIMARY_ELIGIBLE
libero_spatial/task_06/state_004/clean/attempt_01,libero_spatial,6,pick_up_the_black_bowl_next_to_the_cookie_box_and_place_it_on_the_plate,4,0,True,True,True,True,True,none,98,98,True,0,0.5,True,True,PRIMARY,PRIMARY_ELIGIBLE
libero_spatial/task_06/state_005/clean/attempt_01,libero_spatial,6,pick_up_the_black_bowl_next_to_the_cookie_box_and_place_it_on_the_plate,5,0,True,True,True,True,True,none,129,129,True,0,0.5,True,True,PRIMARY,PRIMARY_ELIGIBLE
libero_spatial/task_06/state_006/clean/attempt_01,libero_spatial,6,pick_up_the_black_bowl_next_to_the_cookie_box_and_place_it_on_the_plate,6,0,True,True,True,True,True,none,103,103,True,0,0.5,True,True,PRIMARY,PRIMARY_ELIGIBLE
libero_spatial/task_06/state_007/clean/attempt_01,libero_spatial,6,pick_up_the_black_bowl_next_to_the_cookie_box_and_place_it_on_the_plate,7,0,True,True,True,True,True,none,102,102,True,0,0.5,True,True,PRIMARY,PRIMARY_ELIGIBLE
libero_spatial/task_06/state_008/clean/attempt_01,libero_spatial,6,pick_up_the_black_bowl_next_to_the_cookie_box_and_place_it_on_the_plate,8,0,True,True,True,True,True,none,124,124,True,0,0.5,True,True,PRIMARY,PRIMARY_ELIGIBLE
libero_spatial/task_06/state_009/clean/attempt_01,libero_spatial,6,pick_up_the_black_bowl_next_to_the_cookie_box_and_place_it_on_the_plate,9,0,True,True,True,True,True,none,106,106,True,0,0.5,True,True,PRIMARY,PRIMARY_ELIGIBLE
libero_spatial/task_06/state_010/clean/attempt_01,libero_spatial,6,pick_up_the_black_bowl_next_to_the_cookie_box_and_place_it_on_the_plate,10,0,True,True,True,True,True,none,103,103,True,0,0.5,True,True,PRIMARY,PRIMARY_ELIGIBLE
libero_spatial/task_06/state_011/clean/attempt_01,libero_spatial,6,pick_up_the_black_bowl_next_to_the_cookie_box_and_place_it_on_the_plate,11,0,True,True,True,True,True,none,102,102,True,0,0.5,True,True,PRIMARY,PRIMARY_ELIGIBLE
libero_spatial/task_06/state_012/clean/attempt_01,libero_spatial,6,pick_up_the_black_bowl_next_to_the_cookie_box_and_place_it_on_the_plate,12,0,True,True,True,True,True,none,106,106,True,0,0.5,True,True,PRIMARY,PRIMARY_ELIGIBLE
libero_spatial/task_06/state_013/clean/attempt_01,libero_spatial,6,pick_up_the_black_bowl_next_to_the_cookie_box_and_place_it_on_the_plate,13,0,True,True,True,True,True,none,98,98,True,0,0.5,True,True,PRIMARY,PRIMARY_ELIGIBLE
libero_spatial/task_06/state_014/clean/attempt_01,libero_spatial,6,pick_up_the_black_bowl_next_to_the_cookie_box_and_place_it_on_the_plate,14,0,True,True,True,True,True,none,114,114,True,0,0.5,True,True,PRIMARY,PRIMARY_ELIGIBLE
libero_spatial/task_06/state_015/clean/attempt_01,libero_spatial,6,pick_up_the_black_bowl_next_to_the_cookie_box_and_place_it_on_the_plate,15,0,True,True,True,True,True,none,112,112,True,0,0.5,True,True,PRIMARY,PRIMARY_ELIGIBLE
libero_spatial/task_06/state_016/clean/attempt_01,libero_spatial,6,pick_up_the_black_bowl_next_to_the_cookie_box_and_place_it_on_the_plate,16,0,True,True,True,True,True,none,133,133,True,0,0.5,True,True,PRIMARY,PRIMARY_ELIGIBLE
libero_spatial/task_06/state_017/clean/attempt_01,libero_spatial,6,pick_up_the_black_bowl_next_to_the_cookie_box_and_place_it_on_the_plate,17,0,True,True,True,True,True,none,114,114,True,0,0.5,True,True,PRIMARY,PRIMARY_ELIGIBLE
libero_spatial/task_06/state_018/clean/attempt_01,libero_spatial,6,pick_up_the_black_bowl_next_to_the_cookie_box_and_place_it_on_the_plate,18,0,True,True,True,True,True,none,114,114,True,0,0.5,True,True,PRIMARY,PRIMARY_ELIGIBLE
libero_spatial/task_06/state_019/clean/attempt_01,libero_spatial,6,pick_up_the_black_bowl_next_to_the_cookie_box_and_place_it_on_the_plate,19,0,True,True,True,True,True,none,102,102,True,0,0.5,True,True,PRIMARY,PRIMARY_ELIGIBLE
libero_spatial/task_06/state_020/clean/attempt_01,libero_spatial,6,pick_up_the_black_bowl_next_to_the_cookie_box_and_place_it_on_the_plate,20,0,True,True,True,True,True,none,110,110,True,0,0.5,True,True,PRIMARY,PRIMARY_ELIGIBLE
libero_spatial/task_06/state_021/clean/attempt_01,libero_spatial,6,pick_up_the_black_bowl_next_to_the_cookie_box_and_place_it_on_the_plate,21,0,False,True,True,True,True,none,400,400,True,0,0.5,True,True,NON_PRIMARY,CLEAN_FAILURE_SAFETY
libero_spatial/task_06/state_022/clean/attempt_01,libero_spatial,6,pick_up_the_black_bowl_next_to_the_cookie_box_and_place_it_on_the_plate,22,0,True,True,True,True,True,none,96,96,True,0,0.5,True,True,PRIMARY,PRIMARY_ELIGIBLE
libero_spatial/task_06/state_023/clean/attempt_01,libero_spatial,6,pick_up_the_black_bowl_next_to_the_cookie_box_and_place_it_on_the_plate,23,0,False,True,True,True,True,none,400,400,True,0,0.5,True,True,NON_PRIMARY,CLEAN_FAILURE_SAFETY
libero_spatial/task_06/state_024/clean/attempt_01,libero_spatial,6,pick_up_the_black_bowl_next_to_the_cookie_box_and_place_it_on_the_plate,24,0,True,True,True,True,True,none,99,99,True,0,0.5,True,True,PRIMARY,PRIMARY_ELIGIBLE
libero_spatial/task_06/state_025/clean/attempt_01,libero_spatial,6,pick_up_the_black_bowl_next_to_the_cookie_box_and_place_it_on_the_plate,25,0,True,True,True,True,True,none,112,112,True,0,0.5,True,True,PRIMARY,PRIMARY_ELIGIBLE
libero_spatial/task_06/state_026/clean/attempt_01,libero_spatial,6,pick_up_the_black_bowl_next_to_the_cookie_box_and_place_it_on_the_plate,26,0,True,True,True,True,True,none,116,116,True,0,0.5,True,True,PRIMARY,PRIMARY_ELIGIBLE
libero_spatial/task_06/state_027/clean/attempt_01,libero_spatial,6,pick_up_the_black_bowl_next_to_the_cookie_box_and_place_it_on_the_plate,27,0,True,True,True,True,True,none,107,107,True,0,0.5,True,True,PRIMARY,PRIMARY_ELIGIBLE
libero_spatial/task_06/state_028/clean/attempt_01,libero_spatial,6,pick_up_the_black_bowl_next_to_the_cookie_box_and_place_it_on_the_plate,28,0,True,True,True,True,True,none,100,100,True,0,0.5,True,True,PRIMARY,PRIMARY_ELIGIBLE
libero_spatial/task_06/state_029/clean/attempt_01,libero_spatial,6,pick_up_the_black_bowl_next_to_the_cookie_box_and_place_it_on_the_plate,29,0,True,True,True,True,True,none,111,111,True,0,0.5,True,True,PRIMARY,PRIMARY_ELIGIBLE
libero_spatial/task_06/state_030/clean/attempt_01,libero_spatial,6,pick_up_the_black_bowl_next_to_the_cookie_box_and_place_it_on_the_plate,30,0,True,True,True,True,True,none,111,111,True,0,0.5,True,True,PRIMARY,PRIMARY_ELIGIBLE
libero_spatial/task_06/state_031/clean/attempt_01,libero_spatial,6,pick_up_the_black_bowl_next_to_the_cookie_box_and_place_it_on_the_plate,31,0,True,True,True,True,True,none,107,107,True,0,0.5,True,True,PRIMARY,PRIMARY_ELIGIBLE
libero_spatial/task_06/state_032/clean/attempt_01,libero_spatial,6,pick_up_the_black_bowl_next_to_the_cookie_box_and_place_it_on_the_plate,32,0,True,True,True,True,True,none,149,149,True,0,0.5,True,True,PRIMARY,PRIMARY_ELIGIBLE
libero_spatial/task_06/state_033/clean/attempt_01,libero_spatial,6,pick_up_the_black_bowl_next_to_the_cookie_box_and_place_it_on_the_plate,33,0,True,True,True,True,True,none,110,110,True,0,0.5,True,True,PRIMARY,PRIMARY_ELIGIBLE
libero_spatial/task_06/state_034/clean/attempt_01,libero_spatial,6,pick_up_the_black_bowl_next_to_the_cookie_box_and_place_it_on_the_plate,34,0,True,True,True,True,True,none,108,108,True,0,0.5,True,True,PRIMARY,PRIMARY_ELIGIBLE
libero_spatial/task_06/state_035/clean/attempt_01,libero_spatial,6,pick_up_the_black_bowl_next_to_the_cookie_box_and_place_it_on_the_plate,35,0,True,True,True,True,True,none,137,137,True,0,0.5,True,True,PRIMARY,PRIMARY_ELIGIBLE
libero_spatial/task_06/state_036/clean/attempt_01,libero_spatial,6,pick_up_the_black_bowl_next_to_the_cookie_box_and_place_it_on_the_plate,36,0,True,True,True,True,True,none,95,95,True,0,0.5,True,True,PRIMARY,PRIMARY_ELIGIBLE
libero_spatial/task_06/state_037/clean/attempt_01,libero_spatial,6,pick_up_the_black_bowl_next_to_the_cookie_box_and_place_it_on_the_plate,37,0,True,True,True,True,True,none,112,112,True,0,0.5,True,True,PRIMARY,PRIMARY_ELIGIBLE
libero_spatial/task_06/state_038/clean/attempt_01,libero_spatial,6,pick_up_the_black_bowl_next_to_the_cookie_box_and_place_it_on_the_plate,38,0,True,True,True,True,True,none,101,101,True,0,0.5,True,True,PRIMARY,PRIMARY_ELIGIBLE
libero_spatial/task_06/state_039/clean/attempt_01,libero_spatial,6,pick_up_the_black_bowl_next_to_the_cookie_box_and_place_it_on_the_plate,39,0,True,True,True,True,True,none,110,110,True,0,0.5,True,True,PRIMARY,PRIMARY_ELIGIBLE
libero_spatial/task_06/state_040/clean/attempt_01,libero_spatial,6,pick_up_the_black_bowl_next_to_the_cookie_box_and_place_it_on_the_plate,40,0,False,True,True,True,True,none,400,400,True,0,0.5,True,True,NON_PRIMARY,CLEAN_FAILURE_SAFETY
libero_spatial/task_06/state_041/clean/attempt_01,libero_spatial,6,pick_up_the_black_bowl_next_to_the_cookie_box_and_place_it_on_the_plate,41,0,True,True,True,True,True,none,126,126,True,0,0.5,True,True,PRIMARY,PRIMARY_ELIGIBLE
libero_spatial/task_06/state_042/clean/attempt_01,libero_spatial,6,pick_up_the_black_bowl_next_to_the_cookie_box_and_place_it_on_the_plate,42,0,True,True,True,True,True,none,111,111,True,0,0.5,True,True,PRIMARY,PRIMARY_ELIGIBLE
libero_spatial/task_06/state_043/clean/attempt_01,libero_spatial,6,pick_up_the_black_bowl_next_to_the_cookie_box_and_place_it_on_the_plate,43,0,False,True,True,True,True,none,400,400,True,0,0.5,True,True,NON_PRIMARY,CLEAN_FAILURE_SAFETY
libero_spatial/task_06/state_044/clean/attempt_01,libero_spatial,6,pick_up_the_black_bowl_next_to_the_cookie_box_and_place_it_on_the_plate,44,0,True,True,True,True,True,none,111,111,True,0,0.5,True,True,PRIMARY,PRIMARY_ELIGIBLE
libero_spatial/task_06/state_045/clean/attempt_01,libero_spatial,6,pick_up_the_black_bowl_next_to_the_cookie_box_and_place_it_on_the_plate,45,0,False,True,True,True,True,none,400,400,True,0,0.5,True,True,NON_PRIMARY,CLEAN_FAILURE_SAFETY
libero_spatial/task_06/state_046/clean/attempt_01,libero_spatial,6,pick_up_the_black_bowl_next_to_the_cookie_box_and_place_it_on_the_plate,46,0,True,True,True,True,True,none,131,131,True,0,0.5,True,True,PRIMARY,PRIMARY_ELIGIBLE
libero_spatial/task_06/state_047/clean/attempt_01,libero_spatial,6,pick_up_the_black_bowl_next_to_the_cookie_box_and_place_it_on_the_plate,47,0,True,True,True,True,True,none,128,128,True,0,0.5,True,True,PRIMARY,PRIMARY_ELIGIBLE
libero_spatial/task_06/state_048/clean/attempt_01,libero_spatial,6,pick_up_the_black_bowl_next_to_the_cookie_box_and_place_it_on_the_plate,48,0,True,True,True,True,True,none,109,109,True,0,0.5,True,True,PRIMARY,PRIMARY_ELIGIBLE
libero_spatial/task_06/state_049/clean/attempt_01,libero_spatial,6,pick_up_the_black_bowl_next_to_the_cookie_box_and_place_it_on_the_plate,49,0,True,True,True,True,True,none,101,101,True,0,0.5,True,True,PRIMARY,PRIMARY_ELIGIBLE
libero_spatial/task_07/state_000/clean/attempt_01,libero_spatial,7,pick_up_the_black_bowl_on_the_stove_and_place_it_on_the_plate,0,0,True,True,True,True,True,none,108,108,True,0,0.5,True,True,PRIMARY,PRIMARY_ELIGIBLE
libero_spatial/task_07/state_001/clean/attempt_01,libero_spatial,7,pick_up_the_black_bowl_on_the_stove_and_place_it_on_the_plate,1,0,True,True,True,True,True,none,103,103,True,0,0.5,True,True,PRIMARY,PRIMARY_ELIGIBLE
libero_spatial/task_07/state_002/clean/attempt_01,libero_spatial,7,pick_up_the_black_bowl_on_the_stove_and_place_it_on_the_plate,2,0,True,True,True,True,True,none,128,128,True,0,0.5,True,True,PRIMARY,PRIMARY_ELIGIBLE
libero_spatial/task_07/state_003/clean/attempt_01,libero_spatial,7,pick_up_the_black_bowl_on_the_stove_and_place_it_on_the_plate,3,0,False,True,True,True,True,none,400,400,True,0,0.5,True,True,NON_PRIMARY,CLEAN_FAILURE_SAFETY
libero_spatial/task_07/state_004/clean/attempt_01,libero_spatial,7,pick_up_the_black_bowl_on_the_stove_and_place_it_on_the_plate,4,0,True,True,True,True,True,none,120,120,True,0,0.5,True,True,PRIMARY,PRIMARY_ELIGIBLE
libero_spatial/task_07/state_005/clean/attempt_01,libero_spatial,7,pick_up_the_black_bowl_on_the_stove_and_place_it_on_the_plate,5,0,True,True,True,True,True,none,110,110,True,0,0.5,True,True,PRIMARY,PRIMARY_ELIGIBLE
libero_spatial/task_07/state_006/clean/attempt_01,libero_spatial,7,pick_up_the_black_bowl_on_the_stove_and_place_it_on_the_plate,6,0,True,True,True,True,True,none,125,125,True,0,0.5,True,True,PRIMARY,PRIMARY_ELIGIBLE
libero_spatial/task_07/state_007/clean/attempt_01,libero_spatial,7,pick_up_the_black_bowl_on_the_stove_and_place_it_on_the_plate,7,0,True,True,True,True,True,none,138,138,True,0,0.5,True,True,PRIMARY,PRIMARY_ELIGIBLE
libero_spatial/task_07/state_008/clean/attempt_01,libero_spatial,7,pick_up_the_black_bowl_on_the_stove_and_place_it_on_the_plate,8,0,True,True,True,True,True,none,125,125,True,0,0.5,True,True,PRIMARY,PRIMARY_ELIGIBLE
libero_spatial/task_07/state_009/clean/attempt_01,libero_spatial,7,pick_up_the_black_bowl_on_the_stove_and_place_it_on_the_plate,9,0,False,True,True,True,True,none,400,400,True,0,0.5,True,True,NON_PRIMARY,CLEAN_FAILURE_SAFETY
libero_spatial/task_07/state_010/clean/attempt_01,libero_spatial,7,pick_up_the_black_bowl_on_the_stove_and_place_it_on_the_plate,10,0,False,True,True,True,True,none,400,400,True,0,0.5,True,True,NON_PRIMARY,CLEAN_FAILURE_SAFETY
libero_spatial/task_07/state_011/clean/attempt_01,libero_spatial,7,pick_up_the_black_bowl_on_the_stove_and_place_it_on_the_plate,11,0,True,True,True,True,True,none,136,136,True,0,0.5,True,True,PRIMARY,PRIMARY_ELIGIBLE
libero_spatial/task_07/state_012/clean/attempt_01,libero_spatial,7,pick_up_the_black_bowl_on_the_stove_and_place_it_on_the_plate,12,0,True,True,True,True,True,none,96,96,True,0,0.5,True,True,PRIMARY,PRIMARY_ELIGIBLE
libero_spatial/task_07/state_013/clean/attempt_01,libero_spatial,7,pick_up_the_black_bowl_on_the_stove_and_place_it_on_the_plate,13,0,True,True,True,True,True,none,144,144,True,0,0.5,True,True,PRIMARY,PRIMARY_ELIGIBLE
libero_spatial/task_07/state_014/clean/attempt_01,libero_spatial,7,pick_up_the_black_bowl_on_the_stove_and_place_it_on_the_plate,14,0,True,True,True,True,True,none,122,122,True,0,0.5,True,True,PRIMARY,PRIMARY_ELIGIBLE
libero_spatial/task_07/state_015/clean/attempt_01,libero_spatial,7,pick_up_the_black_bowl_on_the_stove_and_place_it_on_the_plate,15,0,True,True,True,True,True,none,116,116,True,0,0.5,True,True,PRIMARY,PRIMARY_ELIGIBLE
libero_spatial/task_07/state_016/clean/attempt_01,libero_spatial,7,pick_up_the_black_bowl_on_the_stove_and_place_it_on_the_plate,16,0,True,True,True,True,True,none,119,119,True,0,0.5,True,True,PRIMARY,PRIMARY_ELIGIBLE
libero_spatial/task_07/state_017/clean/attempt_01,libero_spatial,7,pick_up_the_black_bowl_on_the_stove_and_place_it_on_the_plate,17,0,True,True,True,True,True,none,114,114,True,0,0.5,True,True,PRIMARY,PRIMARY_ELIGIBLE
libero_spatial/task_07/state_018/clean/attempt_01,libero_spatial,7,pick_up_the_black_bowl_on_the_stove_and_place_it_on_the_plate,18,0,True,True,True,True,True,none,134,134,True,0,0.5,True,True,PRIMARY,PRIMARY_ELIGIBLE
libero_spatial/task_07/state_019/clean/attempt_01,libero_spatial,7,pick_up_the_black_bowl_on_the_stove_and_place_it_on_the_plate,19,0,True,True,True,True,True,none,118,118,True,0,0.5,True,True,PRIMARY,PRIMARY_ELIGIBLE
libero_spatial/task_07/state_020/clean/attempt_01,libero_spatial,7,pick_up_the_black_bowl_on_the_stove_and_place_it_on_the_plate,20,0,True,True,True,True,True,none,134,134,True,0,0.5,True,True,PRIMARY,PRIMARY_ELIGIBLE
libero_spatial/task_07/state_021/clean/attempt_01,libero_spatial,7,pick_up_the_black_bowl_on_the_stove_and_place_it_on_the_plate,21,0,True,True,True,True,True,none,118,118,True,0,0.5,True,True,PRIMARY,PRIMARY_ELIGIBLE
libero_spatial/task_07/state_022/clean/attempt_01,libero_spatial,7,pick_up_the_black_bowl_on_the_stove_and_place_it_on_the_plate,22,0,True,True,True,True,True,none,115,115,True,0,0.5,True,True,PRIMARY,PRIMARY_ELIGIBLE
libero_spatial/task_07/state_023/clean/attempt_01,libero_spatial,7,pick_up_the_black_bowl_on_the_stove_and_place_it_on_the_plate,23,0,True,True,True,True,True,none,130,130,True,0,0.5,True,True,PRIMARY,PRIMARY_ELIGIBLE
libero_spatial/task_07/state_024/clean/attempt_01,libero_spatial,7,pick_up_the_black_bowl_on_the_stove_and_place_it_on_the_plate,24,0,True,True,True,True,True,none,117,117,True,0,0.5,True,True,PRIMARY,PRIMARY_ELIGIBLE
libero_spatial/task_07/state_025/clean/attempt_01,libero_spatial,7,pick_up_the_black_bowl_on_the_stove_and_place_it_on_the_plate,25,0,True,True,True,True,True,none,129,129,True,0,0.5,True,True,PRIMARY,PRIMARY_ELIGIBLE
libero_spatial/task_07/state_026/clean/attempt_01,libero_spatial,7,pick_up_the_black_bowl_on_the_stove_and_place_it_on_the_plate,26,0,True,True,True,True,True,none,116,116,True,0,0.5,True,True,PRIMARY,PRIMARY_ELIGIBLE
libero_spatial/task_07/state_027/clean/attempt_01,libero_spatial,7,pick_up_the_black_bowl_on_the_stove_and_place_it_on_the_plate,27,0,True,True,True,True,True,none,143,143,True,0,0.5,True,True,PRIMARY,PRIMARY_ELIGIBLE
libero_spatial/task_07/state_028/clean/attempt_01,libero_spatial,7,pick_up_the_black_bowl_on_the_stove_and_place_it_on_the_plate,28,0,True,True,True,True,True,none,124,124,True,0,0.5,True,True,PRIMARY,PRIMARY_ELIGIBLE
libero_spatial/task_07/state_029/clean/attempt_01,libero_spatial,7,pick_up_the_black_bowl_on_the_stove_and_place_it_on_the_plate,29,0,True,True,True,True,True,none,135,135,True,0,0.5,True,True,PRIMARY,PRIMARY_ELIGIBLE
libero_spatial/task_07/state_030/clean/attempt_01,libero_spatial,7,pick_up_the_black_bowl_on_the_stove_and_place_it_on_the_plate,30,0,True,True,True,True,True,none,106,106,True,0,0.5,True,True,PRIMARY,PRIMARY_ELIGIBLE
libero_spatial/task_07/state_031/clean/attempt_01,libero_spatial,7,pick_up_the_black_bowl_on_the_stove_and_place_it_on_the_plate,31,0,True,True,True,True,True,none,158,158,True,0,0.5,True,True,PRIMARY,PRIMARY_ELIGIBLE
libero_spatial/task_07/state_032/clean/attempt_01,libero_spatial,7,pick_up_the_black_bowl_on_the_stove_and_place_it_on_the_plate,32,0,True,True,True,True,True,none,134,134,True,0,0.5,True,True,PRIMARY,PRIMARY_ELIGIBLE
libero_spatial/task_07/state_033/clean/attempt_01,libero_spatial,7,pick_up_the_black_bowl_on_the_stove_and_place_it_on_the_plate,33,0,True,True,True,True,True,none,144,144,True,0,0.5,True,True,PRIMARY,PRIMARY_ELIGIBLE
libero_spatial/task_07/state_034/clean/attempt_01,libero_spatial,7,pick_up_the_black_bowl_on_the_stove_and_place_it_on_the_plate,34,0,True,True,True,True,True,none,122,122,True,0,0.5,True,True,PRIMARY,PRIMARY_ELIGIBLE
libero_spatial/task_07/state_035/clean/attempt_01,libero_spatial,7,pick_up_the_black_bowl_on_the_stove_and_place_it_on_the_plate,35,0,False,True,True,True,True,none,400,400,True,0,0.5,True,True,NON_PRIMARY,CLEAN_FAILURE_SAFETY
libero_spatial/task_07/state_036/clean/attempt_01,libero_spatial,7,pick_up_the_black_bowl_on_the_stove_and_place_it_on_the_plate,36,0,True,True,True,True,True,none,140,140,True,0,0.5,True,True,PRIMARY,PRIMARY_ELIGIBLE
libero_spatial/task_07/state_037/clean/attempt_01,libero_spatial,7,pick_up_the_black_bowl_on_the_stove_and_place_it_on_the_plate,37,0,False,True,True,True,True,none,400,400,True,0,0.5,True,True,NON_PRIMARY,CLEAN_FAILURE_SAFETY
libero_spatial/task_07/state_038/clean/attempt_01,libero_spatial,7,pick_up_the_black_bowl_on_the_stove_and_place_it_on_the_plate,38,0,True,True,True,True,True,none,123,123,True,0,0.5,True,True,PRIMARY,PRIMARY_ELIGIBLE
libero_spatial/task_07/state_039/clean/attempt_01,libero_spatial,7,pick_up_the_black_bowl_on_the_stove_and_place_it_on_the_plate,39,0,True,True,True,True,True,none,110,110,True,0,0.5,True,True,PRIMARY,PRIMARY_ELIGIBLE
libero_spatial/task_07/state_040/clean/attempt_01,libero_spatial,7,pick_up_the_black_bowl_on_the_stove_and_place_it_on_the_plate,40,0,True,True,True,True,True,none,134,134,True,0,0.5,True,True,PRIMARY,PRIMARY_ELIGIBLE
libero_spatial/task_07/state_041/clean/attempt_01,libero_spatial,7,pick_up_the_black_bowl_on_the_stove_and_place_it_on_the_plate,41,0,False,True,True,True,True,none,400,400,True,0,0.5,True,True,NON_PRIMARY,CLEAN_FAILURE_SAFETY
libero_spatial/task_07/state_042/clean/attempt_01,libero_spatial,7,pick_up_the_black_bowl_on_the_stove_and_place_it_on_the_plate,42,0,True,True,True,True,True,none,139,139,True,0,0.5,True,True,PRIMARY,PRIMARY_ELIGIBLE
libero_spatial/task_07/state_043/clean/attempt_01,libero_spatial,7,pick_up_the_black_bowl_on_the_stove_and_place_it_on_the_plate,43,0,True,True,True,True,True,none,115,115,True,0,0.5,True,True,PRIMARY,PRIMARY_ELIGIBLE
libero_spatial/task_07/state_044/clean/attempt_01,libero_spatial,7,pick_up_the_black_bowl_on_the_stove_and_place_it_on_the_plate,44,0,True,True,True,True,True,none,127,127,True,0,0.5,True,True,PRIMARY,PRIMARY_ELIGIBLE
libero_spatial/task_07/state_045/clean/attempt_01,libero_spatial,7,pick_up_the_black_bowl_on_the_stove_and_place_it_on_the_plate,45,0,True,True,True,True,True,none,115,115,True,0,0.5,True,True,PRIMARY,PRIMARY_ELIGIBLE
libero_spatial/task_07/state_046/clean/attempt_01,libero_spatial,7,pick_up_the_black_bowl_on_the_stove_and_place_it_on_the_plate,46,0,True,True,True,True,True,none,136,136,True,0,0.5,True,True,PRIMARY,PRIMARY_ELIGIBLE
libero_spatial/task_07/state_047/clean/attempt_01,libero_spatial,7,pick_up_the_black_bowl_on_the_stove_and_place_it_on_the_plate,47,0,True,True,True,True,True,none,121,121,True,0,0.5,True,True,PRIMARY,PRIMARY_ELIGIBLE
libero_spatial/task_07/state_048/clean/attempt_01,libero_spatial,7,pick_up_the_black_bowl_on_the_stove_and_place_it_on_the_plate,48,0,True,True,True,True,True,none,125,125,True,0,0.5,True,True,PRIMARY,PRIMARY_ELIGIBLE
libero_spatial/task_07/state_049/clean/attempt_01,libero_spatial,7,pick_up_the_black_bowl_on_the_stove_and_place_it_on_the_plate,49,0,False,True,True,True,True,none,400,400,True,0,0.5,True,True,NON_PRIMARY,CLEAN_FAILURE_SAFETY
libero_spatial/task_08/state_000/clean/attempt_01,libero_spatial,8,pick_up_the_black_bowl_next_to_the_plate_and_place_it_on_the_plate,0,0,True,True,True,True,True,none,107,107,True,0,0.5,True,True,PRIMARY,PRIMARY_ELIGIBLE
libero_spatial/task_08/state_001/clean/attempt_01,libero_spatial,8,pick_up_the_black_bowl_next_to_the_plate_and_place_it_on_the_plate,1,0,True,True,True,True,True,none,94,94,True,0,0.5,True,True,PRIMARY,PRIMARY_ELIGIBLE
libero_spatial/task_08/state_002/clean/attempt_01,libero_spatial,8,pick_up_the_black_bowl_next_to_the_plate_and_place_it_on_the_plate,2,0,False,True,True,True,True,none,400,400,True,0,0.5,True,True,NON_PRIMARY,CLEAN_FAILURE_SAFETY
libero_spatial/task_08/state_003/clean/attempt_01,libero_spatial,8,pick_up_the_black_bowl_next_to_the_plate_and_place_it_on_the_plate,3,0,True,True,True,True,True,none,107,107,True,0,0.5,True,True,PRIMARY,PRIMARY_ELIGIBLE
libero_spatial/task_08/state_004/clean/attempt_01,libero_spatial,8,pick_up_the_black_bowl_next_to_the_plate_and_place_it_on_the_plate,4,0,False,True,True,True,True,none,400,400,True,0,0.5,True,True,NON_PRIMARY,CLEAN_FAILURE_SAFETY
libero_spatial/task_08/state_005/clean/attempt_01,libero_spatial,8,pick_up_the_black_bowl_next_to_the_plate_and_place_it_on_the_plate,5,0,True,True,True,True,True,none,98,98,True,0,0.5,True,True,PRIMARY,PRIMARY_ELIGIBLE
libero_spatial/task_08/state_006/clean/attempt_01,libero_spatial,8,pick_up_the_black_bowl_next_to_the_plate_and_place_it_on_the_plate,6,0,True,True,True,True,True,none,84,84,True,0,0.5,True,True,PRIMARY,PRIMARY_ELIGIBLE
libero_spatial/task_08/state_007/clean/attempt_01,libero_spatial,8,pick_up_the_black_bowl_next_to_the_plate_and_place_it_on_the_plate,7,0,True,True,True,True,True,none,90,90,True,0,0.5,True,True,PRIMARY,PRIMARY_ELIGIBLE
libero_spatial/task_08/state_008/clean/attempt_01,libero_spatial,8,pick_up_the_black_bowl_next_to_the_plate_and_place_it_on_the_plate,8,0,True,True,True,True,True,none,130,130,True,0,0.5,True,True,PRIMARY,PRIMARY_ELIGIBLE
libero_spatial/task_08/state_009/clean/attempt_01,libero_spatial,8,pick_up_the_black_bowl_next_to_the_plate_and_place_it_on_the_plate,9,0,True,True,True,True,True,none,96,96,True,0,0.5,True,True,PRIMARY,PRIMARY_ELIGIBLE
libero_spatial/task_08/state_010/clean/attempt_01,libero_spatial,8,pick_up_the_black_bowl_next_to_the_plate_and_place_it_on_the_plate,10,0,True,True,True,True,True,none,95,95,True,0,0.5,True,True,PRIMARY,PRIMARY_ELIGIBLE
libero_spatial/task_08/state_011/clean/attempt_01,libero_spatial,8,pick_up_the_black_bowl_next_to_the_plate_and_place_it_on_the_plate,11,0,True,True,True,True,True,none,123,123,True,0,0.5,True,True,PRIMARY,PRIMARY_ELIGIBLE
libero_spatial/task_08/state_012/clean/attempt_01,libero_spatial,8,pick_up_the_black_bowl_next_to_the_plate_and_place_it_on_the_plate,12,0,True,True,True,True,True,none,100,100,True,0,0.5,True,True,PRIMARY,PRIMARY_ELIGIBLE
libero_spatial/task_08/state_013/clean/attempt_01,libero_spatial,8,pick_up_the_black_bowl_next_to_the_plate_and_place_it_on_the_plate,13,0,True,True,True,True,True,none,91,91,True,0,0.5,True,True,PRIMARY,PRIMARY_ELIGIBLE
libero_spatial/task_08/state_014/clean/attempt_01,libero_spatial,8,pick_up_the_black_bowl_next_to_the_plate_and_place_it_on_the_plate,14,0,True,True,True,True,True,none,89,89,True,0,0.5,True,True,PRIMARY,PRIMARY_ELIGIBLE
libero_spatial/task_08/state_015/clean/attempt_01,libero_spatial,8,pick_up_the_black_bowl_next_to_the_plate_and_place_it_on_the_plate,15,0,True,True,True,True,True,none,94,94,True,0,0.5,True,True,PRIMARY,PRIMARY_ELIGIBLE
libero_spatial/task_08/state_016/clean/attempt_01,libero_spatial,8,pick_up_the_black_bowl_next_to_the_plate_and_place_it_on_the_plate,16,0,True,True,True,True,True,none,167,167,True,0,0.5,True,True,PRIMARY,PRIMARY_ELIGIBLE
libero_spatial/task_08/state_017/clean/attempt_01,libero_spatial,8,pick_up_the_black_bowl_next_to_the_plate_and_place_it_on_the_plate,17,0,True,True,True,True,True,none,92,92,True,0,0.5,True,True,PRIMARY,PRIMARY_ELIGIBLE
libero_spatial/task_08/state_018/clean/attempt_01,libero_spatial,8,pick_up_the_black_bowl_next_to_the_plate_and_place_it_on_the_plate,18,0,True,True,True,True,True,none,102,102,True,0,0.5,True,True,PRIMARY,PRIMARY_ELIGIBLE
libero_spatial/task_08/state_019/clean/attempt_01,libero_spatial,8,pick_up_the_black_bowl_next_to_the_plate_and_place_it_on_the_plate,19,0,True,True,True,True,True,none,95,95,True,0,0.5,True,True,PRIMARY,PRIMARY_ELIGIBLE
libero_spatial/task_08/state_020/clean/attempt_01,libero_spatial,8,pick_up_the_black_bowl_next_to_the_plate_and_place_it_on_the_plate,20,0,True,True,True,True,True,none,97,97,True,0,0.5,True,True,PRIMARY,PRIMARY_ELIGIBLE
libero_spatial/task_08/state_021/clean/attempt_01,libero_spatial,8,pick_up_the_black_bowl_next_to_the_plate_and_place_it_on_the_plate,21,0,True,True,True,True,True,none,97,97,True,0,0.5,True,True,PRIMARY,PRIMARY_ELIGIBLE
libero_spatial/task_08/state_022/clean/attempt_01,libero_spatial,8,pick_up_the_black_bowl_next_to_the_plate_and_place_it_on_the_plate,22,0,True,True,True,True,True,none,93,93,True,0,0.5,True,True,PRIMARY,PRIMARY_ELIGIBLE
libero_spatial/task_08/state_023/clean/attempt_01,libero_spatial,8,pick_up_the_black_bowl_next_to_the_plate_and_place_it_on_the_plate,23,0,True,True,True,True,True,none,93,93,True,0,0.5,True,True,PRIMARY,PRIMARY_ELIGIBLE
libero_spatial/task_08/state_024/clean/attempt_01,libero_spatial,8,pick_up_the_black_bowl_next_to_the_plate_and_place_it_on_the_plate,24,0,True,True,True,True,True,none,93,93,True,0,0.5,True,True,PRIMARY,PRIMARY_ELIGIBLE
libero_spatial/task_08/state_025/clean/attempt_01,libero_spatial,8,pick_up_the_black_bowl_next_to_the_plate_and_place_it_on_the_plate,25,0,True,True,True,True,True,none,97,97,True,0,0.5,True,True,PRIMARY,PRIMARY_ELIGIBLE
libero_spatial/task_08/state_026/clean/attempt_01,libero_spatial,8,pick_up_the_black_bowl_next_to_the_plate_and_place_it_on_the_plate,26,0,True,True,True,True,True,none,97,97,True,0,0.5,True,True,PRIMARY,PRIMARY_ELIGIBLE
libero_spatial/task_08/state_027/clean/attempt_01,libero_spatial,8,pick_up_the_black_bowl_next_to_the_plate_and_place_it_on_the_plate,27,0,False,True,True,True,True,none,400,400,True,0,0.5,True,True,NON_PRIMARY,CLEAN_FAILURE_SAFETY
libero_spatial/task_08/state_028/clean/attempt_01,libero_spatial,8,pick_up_the_black_bowl_next_to_the_plate_and_place_it_on_the_plate,28,0,True,True,True,True,True,none,88,88,True,0,0.5,True,True,PRIMARY,PRIMARY_ELIGIBLE
libero_spatial/task_08/state_029/clean/attempt_01,libero_spatial,8,pick_up_the_black_bowl_next_to_the_plate_and_place_it_on_the_plate,29,0,False,True,True,True,True,none,400,400,True,0,0.5,True,True,NON_PRIMARY,CLEAN_FAILURE_SAFETY
libero_spatial/task_08/state_030/clean/attempt_01,libero_spatial,8,pick_up_the_black_bowl_next_to_the_plate_and_place_it_on_the_plate,30,0,True,True,True,True,True,none,96,96,True,0,0.5,True,True,PRIMARY,PRIMARY_ELIGIBLE
libero_spatial/task_08/state_031/clean/attempt_01,libero_spatial,8,pick_up_the_black_bowl_next_to_the_plate_and_place_it_on_the_plate,31,0,True,True,True,True,True,none,136,136,True,0,0.5,True,True,PRIMARY,PRIMARY_ELIGIBLE
libero_spatial/task_08/state_032/clean/attempt_01,libero_spatial,8,pick_up_the_black_bowl_next_to_the_plate_and_place_it_on_the_plate,32,0,False,True,True,True,True,none,400,400,True,0,0.5,True,True,NON_PRIMARY,CLEAN_FAILURE_SAFETY
libero_spatial/task_08/state_033/clean/attempt_01,libero_spatial,8,pick_up_the_black_bowl_next_to_the_plate_and_place_it_on_the_plate,33,0,False,True,True,True,True,none,400,400,True,0,0.5,True,True,NON_PRIMARY,CLEAN_FAILURE_SAFETY
libero_spatial/task_08/state_034/clean/attempt_01,libero_spatial,8,pick_up_the_black_bowl_next_to_the_plate_and_place_it_on_the_plate,34,0,True,True,True,True,True,none,281,281,True,0,0.5,True,True,PRIMARY,PRIMARY_ELIGIBLE
libero_spatial/task_08/state_035/clean/attempt_01,libero_spatial,8,pick_up_the_black_bowl_next_to_the_plate_and_place_it_on_the_plate,35,0,True,True,True,True,True,none,91,91,True,0,0.5,True,True,PRIMARY,PRIMARY_ELIGIBLE
libero_spatial/task_08/state_036/clean/attempt_01,libero_spatial,8,pick_up_the_black_bowl_next_to_the_plate_and_place_it_on_the_plate,36,0,True,True,True,True,True,none,94,94,True,0,0.5,True,True,PRIMARY,PRIMARY_ELIGIBLE
libero_spatial/task_08/state_037/clean/attempt_01,libero_spatial,8,pick_up_the_black_bowl_next_to_the_plate_and_place_it_on_the_plate,37,0,True,True,True,True,True,none,93,93,True,0,0.5,True,True,PRIMARY,PRIMARY_ELIGIBLE
libero_spatial/task_08/state_038/clean/attempt_01,libero_spatial,8,pick_up_the_black_bowl_next_to_the_plate_and_place_it_on_the_plate,38,0,False,True,True,True,True,none,400,400,True,0,0.5,True,True,NON_PRIMARY,CLEAN_FAILURE_SAFETY
libero_spatial/task_08/state_039/clean/attempt_01,libero_spatial,8,pick_up_the_black_bowl_next_to_the_plate_and_place_it_on_the_plate,39,0,True,True,True,True,True,none,112,112,True,0,0.5,True,True,PRIMARY,PRIMARY_ELIGIBLE
libero_spatial/task_08/state_040/clean/attempt_01,libero_spatial,8,pick_up_the_black_bowl_next_to_the_plate_and_place_it_on_the_plate,40,0,True,True,True,True,True,none,106,106,True,0,0.5,True,True,PRIMARY,PRIMARY_ELIGIBLE
libero_spatial/task_08/state_041/clean/attempt_01,libero_spatial,8,pick_up_the_black_bowl_next_to_the_plate_and_place_it_on_the_plate,41,0,True,True,True,True,True,none,93,93,True,0,0.5,True,True,PRIMARY,PRIMARY_ELIGIBLE
libero_spatial/task_08/state_042/clean/attempt_01,libero_spatial,8,pick_up_the_black_bowl_next_to_the_plate_and_place_it_on_the_plate,42,0,True,True,True,True,True,none,115,115,True,0,0.5,True,True,PRIMARY,PRIMARY_ELIGIBLE
libero_spatial/task_08/state_043/clean/attempt_01,libero_spatial,8,pick_up_the_black_bowl_next_to_the_plate_and_place_it_on_the_plate,43,0,True,True,True,True,True,none,105,105,True,0,0.5,True,True,PRIMARY,PRIMARY_ELIGIBLE
libero_spatial/task_08/state_044/clean/attempt_01,libero_spatial,8,pick_up_the_black_bowl_next_to_the_plate_and_place_it_on_the_plate,44,0,True,True,True,True,True,none,99,99,True,0,0.5,True,True,PRIMARY,PRIMARY_ELIGIBLE
libero_spatial/task_08/state_045/clean/attempt_01,libero_spatial,8,pick_up_the_black_bowl_next_to_the_plate_and_place_it_on_the_plate,45,0,False,True,True,True,True,none,400,400,True,0,0.5,True,True,NON_PRIMARY,CLEAN_FAILURE_SAFETY
libero_spatial/task_08/state_046/clean/attempt_01,libero_spatial,8,pick_up_the_black_bowl_next_to_the_plate_and_place_it_on_the_plate,46,0,False,True,True,True,True,none,400,400,True,0,0.5,True,True,NON_PRIMARY,CLEAN_FAILURE_SAFETY
libero_spatial/task_08/state_047/clean/attempt_01,libero_spatial,8,pick_up_the_black_bowl_next_to_the_plate_and_place_it_on_the_plate,47,0,False,True,True,True,True,none,400,400,True,0,0.5,True,True,NON_PRIMARY,CLEAN_FAILURE_SAFETY
libero_spatial/task_08/state_048/clean/attempt_01,libero_spatial,8,pick_up_the_black_bowl_next_to_the_plate_and_place_it_on_the_plate,48,0,True,True,True,True,True,none,99,99,True,0,0.5,True,True,PRIMARY,PRIMARY_ELIGIBLE
libero_spatial/task_08/state_049/clean/attempt_01,libero_spatial,8,pick_up_the_black_bowl_next_to_the_plate_and_place_it_on_the_plate,49,0,True,True,True,True,True,none,114,114,True,0,0.5,True,True,PRIMARY,PRIMARY_ELIGIBLE
libero_spatial/task_09/state_000/clean/attempt_01,libero_spatial,9,pick_up_the_black_bowl_on_the_wooden_cabinet_and_place_it_on_the_plate,0,0,True,True,True,True,True,none,120,120,True,0,0.5,True,True,PRIMARY,PRIMARY_ELIGIBLE
libero_spatial/task_09/state_001/clean/attempt_01,libero_spatial,9,pick_up_the_black_bowl_on_the_wooden_cabinet_and_place_it_on_the_plate,1,0,False,True,True,True,True,none,400,400,True,0,0.5,True,True,NON_PRIMARY,CLEAN_FAILURE_SAFETY
libero_spatial/task_09/state_002/clean/attempt_01,libero_spatial,9,pick_up_the_black_bowl_on_the_wooden_cabinet_and_place_it_on_the_plate,2,0,True,True,True,True,True,none,116,116,True,0,0.5,True,True,PRIMARY,PRIMARY_ELIGIBLE
libero_spatial/task_09/state_003/clean/attempt_01,libero_spatial,9,pick_up_the_black_bowl_on_the_wooden_cabinet_and_place_it_on_the_plate,3,0,True,True,True,True,True,none,123,123,True,0,0.5,True,True,PRIMARY,PRIMARY_ELIGIBLE
libero_spatial/task_09/state_004/clean/attempt_01,libero_spatial,9,pick_up_the_black_bowl_on_the_wooden_cabinet_and_place_it_on_the_plate,4,0,True,True,True,True,True,none,123,123,True,0,0.5,True,True,PRIMARY,PRIMARY_ELIGIBLE
libero_spatial/task_09/state_005/clean/attempt_01,libero_spatial,9,pick_up_the_black_bowl_on_the_wooden_cabinet_and_place_it_on_the_plate,5,0,False,True,True,True,True,none,400,400,True,0,0.5,True,True,NON_PRIMARY,CLEAN_FAILURE_SAFETY
libero_spatial/task_09/state_006/clean/attempt_01,libero_spatial,9,pick_up_the_black_bowl_on_the_wooden_cabinet_and_place_it_on_the_plate,6,0,False,True,True,True,True,none,400,400,True,0,0.5,True,True,NON_PRIMARY,CLEAN_FAILURE_SAFETY
libero_spatial/task_09/state_007/clean/attempt_01,libero_spatial,9,pick_up_the_black_bowl_on_the_wooden_cabinet_and_place_it_on_the_plate,7,0,False,True,True,True,True,none,400,400,True,0,0.5,True,True,NON_PRIMARY,CLEAN_FAILURE_SAFETY
libero_spatial/task_09/state_008/clean/attempt_01,libero_spatial,9,pick_up_the_black_bowl_on_the_wooden_cabinet_and_place_it_on_the_plate,8,0,False,True,True,True,True,none,400,400,True,0,0.5,True,True,NON_PRIMARY,CLEAN_FAILURE_SAFETY
libero_spatial/task_09/state_009/clean/attempt_01,libero_spatial,9,pick_up_the_black_bowl_on_the_wooden_cabinet_and_place_it_on_the_plate,9,0,True,True,True,True,True,none,126,126,True,0,0.5,True,True,PRIMARY,PRIMARY_ELIGIBLE
libero_spatial/task_09/state_010/clean/attempt_01,libero_spatial,9,pick_up_the_black_bowl_on_the_wooden_cabinet_and_place_it_on_the_plate,10,0,True,True,True,True,True,none,119,119,True,0,0.5,True,True,PRIMARY,PRIMARY_ELIGIBLE
libero_spatial/task_09/state_011/clean/attempt_01,libero_spatial,9,pick_up_the_black_bowl_on_the_wooden_cabinet_and_place_it_on_the_plate,11,0,True,True,True,True,True,none,126,126,True,0,0.5,True,True,PRIMARY,PRIMARY_ELIGIBLE
libero_spatial/task_09/state_012/clean/attempt_01,libero_spatial,9,pick_up_the_black_bowl_on_the_wooden_cabinet_and_place_it_on_the_plate,12,0,False,True,True,True,True,none,400,400,True,0,0.5,True,True,NON_PRIMARY,CLEAN_FAILURE_SAFETY
libero_spatial/task_09/state_013/clean/attempt_01,libero_spatial,9,pick_up_the_black_bowl_on_the_wooden_cabinet_and_place_it_on_the_plate,13,0,False,True,True,True,True,none,400,400,True,0,0.5,True,True,NON_PRIMARY,CLEAN_FAILURE_SAFETY
libero_spatial/task_09/state_014/clean/attempt_01,libero_spatial,9,pick_up_the_black_bowl_on_the_wooden_cabinet_and_place_it_on_the_plate,14,0,True,True,True,True,True,none,110,110,True,0,0.5,True,True,PRIMARY,PRIMARY_ELIGIBLE
libero_spatial/task_09/state_015/clean/attempt_01,libero_spatial,9,pick_up_the_black_bowl_on_the_wooden_cabinet_and_place_it_on_the_plate,15,0,True,True,True,True,True,none,124,124,True,0,0.5,True,True,PRIMARY,PRIMARY_ELIGIBLE
libero_spatial/task_09/state_016/clean/attempt_01,libero_spatial,9,pick_up_the_black_bowl_on_the_wooden_cabinet_and_place_it_on_the_plate,16,0,True,True,True,True,True,none,122,122,True,0,0.5,True,True,PRIMARY,PRIMARY_ELIGIBLE
libero_spatial/task_09/state_017/clean/attempt_01,libero_spatial,9,pick_up_the_black_bowl_on_the_wooden_cabinet_and_place_it_on_the_plate,17,0,True,True,True,True,True,none,117,117,True,0,0.5,True,True,PRIMARY,PRIMARY_ELIGIBLE
libero_spatial/task_09/state_018/clean/attempt_01,libero_spatial,9,pick_up_the_black_bowl_on_the_wooden_cabinet_and_place_it_on_the_plate,18,0,False,True,True,True,True,none,400,400,True,0,0.5,True,True,NON_PRIMARY,CLEAN_FAILURE_SAFETY
libero_spatial/task_09/state_019/clean/attempt_01,libero_spatial,9,pick_up_the_black_bowl_on_the_wooden_cabinet_and_place_it_on_the_plate,19,0,False,True,True,True,True,none,400,400,True,0,0.5,True,True,NON_PRIMARY,CLEAN_FAILURE_SAFETY
libero_spatial/task_09/state_020/clean/attempt_01,libero_spatial,9,pick_up_the_black_bowl_on_the_wooden_cabinet_and_place_it_on_the_plate,20,0,False,True,True,True,True,none,400,400,True,0,0.5,True,True,NON_PRIMARY,CLEAN_FAILURE_SAFETY
libero_spatial/task_09/state_021/clean/attempt_01,libero_spatial,9,pick_up_the_black_bowl_on_the_wooden_cabinet_and_place_it_on_the_plate,21,0,True,True,True,True,True,none,123,123,True,0,0.5,True,True,PRIMARY,PRIMARY_ELIGIBLE
libero_spatial/task_09/state_022/clean/attempt_01,libero_spatial,9,pick_up_the_black_bowl_on_the_wooden_cabinet_and_place_it_on_the_plate,22,0,True,True,True,True,True,none,107,107,True,0,0.5,True,True,PRIMARY,PRIMARY_ELIGIBLE
libero_spatial/task_09/state_023/clean/attempt_01,libero_spatial,9,pick_up_the_black_bowl_on_the_wooden_cabinet_and_place_it_on_the_plate,23,0,True,True,True,True,True,none,98,98,True,0,0.5,True,True,PRIMARY,PRIMARY_ELIGIBLE
libero_spatial/task_09/state_024/clean/attempt_01,libero_spatial,9,pick_up_the_black_bowl_on_the_wooden_cabinet_and_place_it_on_the_plate,24,0,True,True,True,True,True,none,169,169,True,0,0.5,True,True,PRIMARY,PRIMARY_ELIGIBLE
libero_spatial/task_09/state_025/clean/attempt_01,libero_spatial,9,pick_up_the_black_bowl_on_the_wooden_cabinet_and_place_it_on_the_plate,25,0,True,True,True,True,True,none,135,135,True,0,0.5,True,True,PRIMARY,PRIMARY_ELIGIBLE
libero_spatial/task_09/state_026/clean/attempt_01,libero_spatial,9,pick_up_the_black_bowl_on_the_wooden_cabinet_and_place_it_on_the_plate,26,0,False,True,True,True,True,none,400,400,True,0,0.5,True,True,NON_PRIMARY,CLEAN_FAILURE_SAFETY
libero_spatial/task_09/state_027/clean/attempt_01,libero_spatial,9,pick_up_the_black_bowl_on_the_wooden_cabinet_and_place_it_on_the_plate,27,0,False,True,True,True,True,none,400,400,True,0,0.5,True,True,NON_PRIMARY,CLEAN_FAILURE_SAFETY
libero_spatial/task_09/state_028/clean/attempt_01,libero_spatial,9,pick_up_the_black_bowl_on_the_wooden_cabinet_and_place_it_on_the_plate,28,0,False,True,True,True,True,none,400,400,True,0,0.5,True,True,NON_PRIMARY,CLEAN_FAILURE_SAFETY
libero_spatial/task_09/state_029/clean/attempt_01,libero_spatial,9,pick_up_the_black_bowl_on_the_wooden_cabinet_and_place_it_on_the_plate,29,0,True,True,True,True,True,none,134,134,True,0,0.5,True,True,PRIMARY,PRIMARY_ELIGIBLE
libero_spatial/task_09/state_030/clean/attempt_01,libero_spatial,9,pick_up_the_black_bowl_on_the_wooden_cabinet_and_place_it_on_the_plate,30,0,False,True,True,True,True,none,400,400,True,0,0.5,True,True,NON_PRIMARY,CLEAN_FAILURE_SAFETY
libero_spatial/task_09/state_031/clean/attempt_01,libero_spatial,9,pick_up_the_black_bowl_on_the_wooden_cabinet_and_place_it_on_the_plate,31,0,True,True,True,True,True,none,125,125,True,0,0.5,True,True,PRIMARY,PRIMARY_ELIGIBLE
libero_spatial/task_09/state_032/clean/attempt_01,libero_spatial,9,pick_up_the_black_bowl_on_the_wooden_cabinet_and_place_it_on_the_plate,32,0,True,True,True,True,True,none,125,125,True,0,0.5,True,True,PRIMARY,PRIMARY_ELIGIBLE
libero_spatial/task_09/state_033/clean/attempt_01,libero_spatial,9,pick_up_the_black_bowl_on_the_wooden_cabinet_and_place_it_on_the_plate,33,0,True,True,True,True,True,none,112,112,True,0,0.5,True,True,PRIMARY,PRIMARY_ELIGIBLE
libero_spatial/task_09/state_034/clean/attempt_01,libero_spatial,9,pick_up_the_black_bowl_on_the_wooden_cabinet_and_place_it_on_the_plate,34,0,True,True,True,True,True,none,127,127,True,0,0.5,True,True,PRIMARY,PRIMARY_ELIGIBLE
libero_spatial/task_09/state_035/clean/attempt_01,libero_spatial,9,pick_up_the_black_bowl_on_the_wooden_cabinet_and_place_it_on_the_plate,35,0,True,True,True,True,True,none,246,246,True,0,0.5,True,True,PRIMARY,PRIMARY_ELIGIBLE
libero_spatial/task_09/state_036/clean/attempt_01,libero_spatial,9,pick_up_the_black_bowl_on_the_wooden_cabinet_and_place_it_on_the_plate,36,0,True,True,True,True,True,none,127,127,True,0,0.5,True,True,PRIMARY,PRIMARY_ELIGIBLE
libero_spatial/task_09/state_037/clean/attempt_01,libero_spatial,9,pick_up_the_black_bowl_on_the_wooden_cabinet_and_place_it_on_the_plate,37,0,True,True,True,True,True,none,129,129,True,0,0.5,True,True,PRIMARY,PRIMARY_ELIGIBLE
libero_spatial/task_09/state_038/clean/attempt_01,libero_spatial,9,pick_up_the_black_bowl_on_the_wooden_cabinet_and_place_it_on_the_plate,38,0,True,True,True,True,True,none,113,113,True,0,0.5,True,True,PRIMARY,PRIMARY_ELIGIBLE
libero_spatial/task_09/state_039/clean/attempt_01,libero_spatial,9,pick_up_the_black_bowl_on_the_wooden_cabinet_and_place_it_on_the_plate,39,0,True,True,True,True,True,none,117,117,True,0,0.5,True,True,PRIMARY,PRIMARY_ELIGIBLE
libero_spatial/task_09/state_040/clean/attempt_01,libero_spatial,9,pick_up_the_black_bowl_on_the_wooden_cabinet_and_place_it_on_the_plate,40,0,True,True,True,True,True,none,106,106,True,0,0.5,True,True,PRIMARY,PRIMARY_ELIGIBLE
libero_spatial/task_09/state_041/clean/attempt_01,libero_spatial,9,pick_up_the_black_bowl_on_the_wooden_cabinet_and_place_it_on_the_plate,41,0,True,True,True,True,True,none,130,130,True,0,0.5,True,True,PRIMARY,PRIMARY_ELIGIBLE
libero_spatial/task_09/state_042/clean/attempt_01,libero_spatial,9,pick_up_the_black_bowl_on_the_wooden_cabinet_and_place_it_on_the_plate,42,0,True,True,True,True,True,none,119,119,True,0,0.5,True,True,PRIMARY,PRIMARY_ELIGIBLE
libero_spatial/task_09/state_043/clean/attempt_01,libero_spatial,9,pick_up_the_black_bowl_on_the_wooden_cabinet_and_place_it_on_the_plate,43,0,False,True,True,True,True,none,400,400,True,0,0.5,True,True,NON_PRIMARY,CLEAN_FAILURE_SAFETY
libero_spatial/task_09/state_044/clean/attempt_01,libero_spatial,9,pick_up_the_black_bowl_on_the_wooden_cabinet_and_place_it_on_the_plate,44,0,True,True,True,True,True,none,133,133,True,0,0.5,True,True,PRIMARY,PRIMARY_ELIGIBLE
libero_spatial/task_09/state_045/clean/attempt_01,libero_spatial,9,pick_up_the_black_bowl_on_the_wooden_cabinet_and_place_it_on_the_plate,45,0,True,True,True,True,True,none,110,110,True,0,0.5,True,True,PRIMARY,PRIMARY_ELIGIBLE
libero_spatial/task_09/state_046/clean/attempt_01,libero_spatial,9,pick_up_the_black_bowl_on_the_wooden_cabinet_and_place_it_on_the_plate,46,0,True,True,True,True,True,none,136,136,True,0,0.5,True,True,PRIMARY,PRIMARY_ELIGIBLE
libero_spatial/task_09/state_047/clean/attempt_01,libero_spatial,9,pick_up_the_black_bowl_on_the_wooden_cabinet_and_place_it_on_the_plate,47,0,True,True,True,True,True,none,119,119,True,0,0.5,True,True,PRIMARY,PRIMARY_ELIGIBLE
libero_spatial/task_09/state_048/clean/attempt_01,libero_spatial,9,pick_up_the_black_bowl_on_the_wooden_cabinet_and_place_it_on_the_plate,48,0,True,True,True,True,True,none,125,125,True,0,0.5,True,True,PRIMARY,PRIMARY_ELIGIBLE
libero_spatial/task_09/state_049/clean/attempt_01,libero_spatial,9,pick_up_the_black_bowl_on_the_wooden_cabinet_and_place_it_on_the_plate,49,0,True,True,True,True,True,none,147,147,True,0,0.5,True,True,PRIMARY,PRIMARY_ELIGIBLE
