episode_key,suite,task_id,state_id,teacher_label_valid,teacher_anchor_step,teacher_window_start,teacher_window_end,teacher_confidence,teacher_invalid_reason,exclusion_category,label_present_in_index,teacher_schema_valid,record_schema_valid_for_abstention,positive_anchor_present,usable_for_timing_training
libero_10/task_00/state_000/clean/attempt_01,libero_10,0,0,False,-1,,,0.0,teacher_ineligible,SUPPLEMENTARY_EVENT,True,True,True,False,False
libero_10/task_00/state_001/clean/attempt_01,libero_10,0,1,False,-1,,,0.0,teacher_ineligible,SUPPLEMENTARY_EVENT,True,True,True,False,False
libero_10/task_00/state_002/clean/attempt_01,libero_10,0,2,False,-1,,,0.0,teacher_ineligible,SUPPLEMENTARY_EVENT,True,True,True,False,False
libero_10/task_00/state_003/clean/attempt_01,libero_10,0,3,False,-1,,,0.0,teacher_ineligible,SUPPLEMENTARY_EVENT,True,True,True,False,False
libero_10/task_00/state_004/clean/attempt_01,libero_10,0,4,False,-1,,,0.0,teacher_ineligible,SUPPLEMENTARY_EVENT,True,True,True,False,False
libero_10/task_00/state_005/clean/attempt_01,libero_10,0,5,False,-1,,,0.0,teacher_ineligible,SUPPLEMENTARY_EVENT,True,True,True,False,False
libero_10/task_00/state_006/clean/attempt_01,libero_10,0,6,False,-1,,,0.0,teacher_ineligible,SUPPLEMENTARY_EVENT,True,True,True,False,False
libero_10/task_00/state_007/clean/attempt_01,libero_10,0,7,False,-1,,,0.0,teacher_ineligible,SUPPLEMENTARY_EVENT,True,True,True,False,False
libero_10/task_00/state_008/clean/attempt_01,libero_10,0,8,False,-1,,,0.0,teacher_ineligible,SUPPLEMENTARY_EVENT,True,True,True,False,False
libero_10/task_00/state_009/clean/attempt_01,libero_10,0,9,False,-1,,,0.0,teacher_ineligible,SUPPLEMENTARY_EVENT,True,True,True,False,False
libero_10/task_00/state_010/clean/attempt_01,libero_10,0,10,False,-1,,,0.0,teacher_ineligible,SUPPLEMENTARY_EVENT,True,True,True,False,False
libero_10/task_00/state_011/clean/attempt_01,libero_10,0,11,False,-1,,,0.0,teacher_ineligible,SUPPLEMENTARY_EVENT,True,True,True,False,False
libero_10/task_00/state_012/clean/attempt_01,libero_10,0,12,False,-1,,,0.0,teacher_ineligible,SUPPLEMENTARY_EVENT,True,True,True,False,False
libero_10/task_00/state_013/clean/attempt_01,libero_10,0,13,False,-1,,,0.0,teacher_ineligible,SUPPLEMENTARY_EVENT,True,True,True,False,False
libero_10/task_00/state_014/clean/attempt_01,libero_10,0,14,False,-1,,,0.0,teacher_ineligible,SUPPLEMENTARY_EVENT,True,True,True,False,False
libero_10/task_00/state_015/clean/attempt_01,libero_10,0,15,False,-1,,,0.0,teacher_ineligible,SUPPLEMENTARY_EVENT,True,True,True,False,False
libero_10/task_00/state_016/clean/attempt_01,libero_10,0,16,False,-1,,,0.0,teacher_ineligible,SUPPLEMENTARY_EVENT,True,True,True,False,False
libero_10/task_00/state_017/clean/attempt_01,libero_10,0,17,False,-1,,,0.0,teacher_ineligible,SUPPLEMENTARY_EVENT,True,True,True,False,False
libero_10/task_00/state_018/clean/attempt_01,libero_10,0,18,False,-1,,,0.0,teacher_ineligible,SUPPLEMENTARY_EVENT,True,True,True,False,False
libero_10/task_00/state_019/clean/attempt_01,libero_10,0,19,False,-1,,,0.0,teacher_ineligible,SUPPLEMENTARY_EVENT,True,True,True,False,False
libero_10/task_00/state_020/clean/attempt_01,libero_10,0,20,False,-1,,,0.0,teacher_ineligible,SUPPLEMENTARY_EVENT,True,True,True,False,False
libero_10/task_00/state_021/clean/attempt_01,libero_10,0,21,False,-1,,,0.0,teacher_ineligible,SUPPLEMENTARY_EVENT,True,True,True,False,False
libero_10/task_00/state_022/clean/attempt_01,libero_10,0,22,False,-1,,,0.0,teacher_ineligible,SUPPLEMENTARY_EVENT,True,True,True,False,False
libero_10/task_00/state_023/clean/attempt_01,libero_10,0,23,False,-1,,,0.0,teacher_ineligible,SUPPLEMENTARY_EVENT,True,True,True,False,False
libero_10/task_00/state_024/clean/attempt_01,libero_10,0,24,False,-1,,,0.0,teacher_ineligible,SUPPLEMENTARY_EVENT,True,True,True,False,False
libero_10/task_00/state_025/clean/attempt_01,libero_10,0,25,False,-1,,,0.0,teacher_ineligible,SUPPLEMENTARY_EVENT,True,True,True,False,False
libero_10/task_00/state_026/clean/attempt_01,libero_10,0,26,False,-1,,,0.0,teacher_ineligible,SUPPLEMENTARY_EVENT,True,True,True,False,False
libero_10/task_00/state_027/clean/attempt_01,libero_10,0,27,False,-1,,,0.0,teacher_ineligible,SUPPLEMENTARY_EVENT,True,True,True,False,False
libero_10/task_00/state_028/clean/attempt_01,libero_10,0,28,False,-1,,,0.0,teacher_ineligible,SUPPLEMENTARY_EVENT,True,True,True,False,False
libero_10/task_00/state_029/clean/attempt_01,libero_10,0,29,False,-1,,,0.0,teacher_ineligible,SUPPLEMENTARY_EVENT,True,True,True,False,False
libero_10/task_00/state_030/clean/attempt_01,libero_10,0,30,False,-1,,,0.0,teacher_ineligible,SUPPLEMENTARY_EVENT,True,True,True,False,False
libero_10/task_00/state_031/clean/attempt_01,libero_10,0,31,False,-1,,,0.0,teacher_ineligible,SUPPLEMENTARY_EVENT,True,True,True,False,False
libero_10/task_00/state_032/clean/attempt_01,libero_10,0,32,False,-1,,,0.0,teacher_ineligible,SUPPLEMENTARY_EVENT,True,True,True,False,False
libero_10/task_00/state_033/clean/attempt_01,libero_10,0,33,False,-1,,,0.0,teacher_ineligible,SUPPLEMENTARY_EVENT,True,True,True,False,False
libero_10/task_00/state_034/clean/attempt_01,libero_10,0,34,False,-1,,,0.0,teacher_ineligible,SUPPLEMENTARY_EVENT,True,True,True,False,False
libero_10/task_00/state_035/clean/attempt_01,libero_10,0,35,False,-1,,,0.0,teacher_ineligible,SUPPLEMENTARY_EVENT,True,True,True,False,False
libero_10/task_00/state_036/clean/attempt_01,libero_10,0,36,False,-1,,,0.0,teacher_ineligible,SUPPLEMENTARY_EVENT,True,True,True,False,False
libero_10/task_00/state_037/clean/attempt_01,libero_10,0,37,False,-1,,,0.0,teacher_ineligible,SUPPLEMENTARY_EVENT,True,True,True,False,False
libero_10/task_00/state_038/clean/attempt_01,libero_10,0,38,False,-1,,,0.0,teacher_ineligible,SUPPLEMENTARY_EVENT,True,True,True,False,False
libero_10/task_00/state_039/clean/attempt_01,libero_10,0,39,False,-1,,,0.0,teacher_ineligible,SUPPLEMENTARY_EVENT,True,True,True,False,False
libero_10/task_00/state_040/clean/attempt_01,libero_10,0,40,False,-1,,,0.0,teacher_ineligible,SUPPLEMENTARY_EVENT,True,True,True,False,False
libero_10/task_00/state_041/clean/attempt_01,libero_10,0,41,False,-1,,,0.0,teacher_ineligible,SUPPLEMENTARY_EVENT,True,True,True,False,False
libero_10/task_00/state_042/clean/attempt_01,libero_10,0,42,False,-1,,,0.0,teacher_ineligible,SUPPLEMENTARY_EVENT,True,True,True,False,False
libero_10/task_00/state_043/clean/attempt_01,libero_10,0,43,False,-1,,,0.0,teacher_ineligible,SUPPLEMENTARY_EVENT,True,True,True,False,False
libero_10/task_00/state_044/clean/attempt_01,libero_10,0,44,False,-1,,,0.0,teacher_ineligible,SUPPLEMENTARY_EVENT,True,True,True,False,False
libero_10/task_00/state_045/clean/attempt_01,libero_10,0,45,False,-1,,,0.0,teacher_ineligible,SUPPLEMENTARY_EVENT,True,True,True,False,False
libero_10/task_00/state_046/clean/attempt_01,libero_10,0,46,False,-1,,,0.0,teacher_ineligible,SUPPLEMENTARY_EVENT,True,True,True,False,False
libero_10/task_00/state_047/clean/attempt_01,libero_10,0,47,False,-1,,,0.0,teacher_ineligible,SUPPLEMENTARY_EVENT,True,True,True,False,False
libero_10/task_00/state_048/clean/attempt_01,libero_10,0,48,False,-1,,,0.0,teacher_ineligible,SUPPLEMENTARY_EVENT,True,True,True,False,False
libero_10/task_00/state_049/clean/attempt_01,libero_10,0,49,False,-1,,,0.0,teacher_ineligible,SUPPLEMENTARY_EVENT,True,True,True,False,False
libero_10/task_01/state_000/clean/attempt_01,libero_10,1,0,False,-1,,,0.0,teacher_ineligible,SUPPLEMENTARY_EVENT,True,True,True,False,False
libero_10/task_01/state_001/clean/attempt_01,libero_10,1,1,False,-1,,,0.0,teacher_ineligible,SUPPLEMENTARY_EVENT,True,True,True,False,False
libero_10/task_01/state_002/clean/attempt_01,libero_10,1,2,False,-1,,,0.0,teacher_ineligible,SUPPLEMENTARY_EVENT,True,True,True,False,False
libero_10/task_01/state_003/clean/attempt_01,libero_10,1,3,False,-1,,,0.0,teacher_ineligible,SUPPLEMENTARY_EVENT,True,True,True,False,False
libero_10/task_01/state_004/clean/attempt_01,libero_10,1,4,False,-1,,,0.0,teacher_ineligible,SUPPLEMENTARY_EVENT,True,True,True,False,False
libero_10/task_01/state_005/clean/attempt_01,libero_10,1,5,False,-1,,,0.0,teacher_ineligible,SUPPLEMENTARY_EVENT,True,True,True,False,False
libero_10/task_01/state_006/clean/attempt_01,libero_10,1,6,False,-1,,,0.0,teacher_ineligible,SUPPLEMENTARY_EVENT,True,True,True,False,False
libero_10/task_01/state_007/clean/attempt_01,libero_10,1,7,False,-1,,,0.0,teacher_ineligible,SUPPLEMENTARY_EVENT,True,True,True,False,False
libero_10/task_01/state_008/clean/attempt_01,libero_10,1,8,False,-1,,,0.0,teacher_ineligible,SUPPLEMENTARY_EVENT,True,True,True,False,False
libero_10/task_01/state_009/clean/attempt_01,libero_10,1,9,False,-1,,,0.0,teacher_ineligible,SUPPLEMENTARY_EVENT,True,True,True,False,False
libero_10/task_01/state_010/clean/attempt_01,libero_10,1,10,False,-1,,,0.0,teacher_ineligible,SUPPLEMENTARY_EVENT,True,True,True,False,False
libero_10/task_01/state_011/clean/attempt_01,libero_10,1,11,False,-1,,,0.0,teacher_ineligible,SUPPLEMENTARY_EVENT,True,True,True,False,False
libero_10/task_01/state_012/clean/attempt_01,libero_10,1,12,False,-1,,,0.0,teacher_ineligible,SUPPLEMENTARY_EVENT,True,True,True,False,False
libero_10/task_01/state_013/clean/attempt_01,libero_10,1,13,False,-1,,,0.0,teacher_ineligible,SUPPLEMENTARY_EVENT,True,True,True,False,False
libero_10/task_01/state_014/clean/attempt_01,libero_10,1,14,False,-1,,,0.0,teacher_ineligible,SUPPLEMENTARY_EVENT,True,True,True,False,False
libero_10/task_01/state_015/clean/attempt_01,libero_10,1,15,False,-1,,,0.0,teacher_ineligible,SUPPLEMENTARY_EVENT,True,True,True,False,False
libero_10/task_01/state_016/clean/attempt_01,libero_10,1,16,False,-1,,,0.0,teacher_ineligible,SUPPLEMENTARY_EVENT,True,True,True,False,False
libero_10/task_01/state_017/clean/attempt_01,libero_10,1,17,False,-1,,,0.0,teacher_ineligible,SUPPLEMENTARY_EVENT,True,True,True,False,False
libero_10/task_01/state_018/clean/attempt_01,libero_10,1,18,False,-1,,,0.0,teacher_ineligible,SUPPLEMENTARY_EVENT,True,True,True,False,False
libero_10/task_01/state_019/clean/attempt_01,libero_10,1,19,False,-1,,,0.0,teacher_ineligible,SUPPLEMENTARY_EVENT,True,True,True,False,False
libero_10/task_01/state_020/clean/attempt_01,libero_10,1,20,False,-1,,,0.0,teacher_ineligible,SUPPLEMENTARY_EVENT,True,True,True,False,False
libero_10/task_01/state_021/clean/attempt_01,libero_10,1,21,False,-1,,,0.0,teacher_ineligible,SUPPLEMENTARY_EVENT,True,True,True,False,False
libero_10/task_01/state_022/clean/attempt_01,libero_10,1,22,False,-1,,,0.0,teacher_ineligible,SUPPLEMENTARY_EVENT,True,True,True,False,False
libero_10/task_01/state_023/clean/attempt_01,libero_10,1,23,False,-1,,,0.0,teacher_ineligible,SUPPLEMENTARY_EVENT,True,True,True,False,False
libero_10/task_01/state_024/clean/attempt_01,libero_10,1,24,False,-1,,,0.0,teacher_ineligible,SUPPLEMENTARY_EVENT,True,True,True,False,False
libero_10/task_01/state_025/clean/attempt_01,libero_10,1,25,False,-1,,,0.0,teacher_ineligible,SUPPLEMENTARY_EVENT,True,True,True,False,False
libero_10/task_01/state_026/clean/attempt_01,libero_10,1,26,False,-1,,,0.0,teacher_ineligible,SUPPLEMENTARY_EVENT,True,True,True,False,False
libero_10/task_01/state_027/clean/attempt_01,libero_10,1,27,False,-1,,,0.0,teacher_ineligible,SUPPLEMENTARY_EVENT,True,True,True,False,False
libero_10/task_01/state_028/clean/attempt_01,libero_10,1,28,False,-1,,,0.0,teacher_ineligible,SUPPLEMENTARY_EVENT,True,True,True,False,False
libero_10/task_01/state_029/clean/attempt_01,libero_10,1,29,False,-1,,,0.0,teacher_ineligible,SUPPLEMENTARY_EVENT,True,True,True,False,False
libero_10/task_01/state_030/clean/attempt_01,libero_10,1,30,False,-1,,,0.0,teacher_ineligible,SUPPLEMENTARY_EVENT,True,True,True,False,False
libero_10/task_01/state_031/clean/attempt_01,libero_10,1,31,False,-1,,,0.0,teacher_ineligible,SUPPLEMENTARY_EVENT,True,True,True,False,False
libero_10/task_01/state_032/clean/attempt_01,libero_10,1,32,False,-1,,,0.0,teacher_ineligible,SUPPLEMENTARY_EVENT,True,True,True,False,False
libero_10/task_01/state_033/clean/attempt_01,libero_10,1,33,False,-1,,,0.0,teacher_ineligible,SUPPLEMENTARY_EVENT,True,True,True,False,False
libero_10/task_01/state_034/clean/attempt_01,libero_10,1,34,False,-1,,,0.0,teacher_ineligible,SUPPLEMENTARY_EVENT,True,True,True,False,False
libero_10/task_01/state_035/clean/attempt_01,libero_10,1,35,False,-1,,,0.0,teacher_ineligible,SUPPLEMENTARY_EVENT,True,True,True,False,False
libero_10/task_01/state_036/clean/attempt_01,libero_10,1,36,False,-1,,,0.0,teacher_ineligible,SUPPLEMENTARY_EVENT,True,True,True,False,False
libero_10/task_01/state_037/clean/attempt_01,libero_10,1,37,False,-1,,,0.0,teacher_ineligible,SUPPLEMENTARY_EVENT,True,True,True,False,False
libero_10/task_01/state_038/clean/attempt_01,libero_10,1,38,False,-1,,,0.0,teacher_ineligible,SUPPLEMENTARY_EVENT,True,True,True,False,False
libero_10/task_01/state_039/clean/attempt_01,libero_10,1,39,False,-1,,,0.0,teacher_ineligible,SUPPLEMENTARY_EVENT,True,True,True,False,False
libero_10/task_01/state_040/clean/attempt_01,libero_10,1,40,False,-1,,,0.0,teacher_ineligible,SUPPLEMENTARY_EVENT,True,True,True,False,False
libero_10/task_01/state_041/clean/attempt_01,libero_10,1,41,False,-1,,,0.0,teacher_ineligible,SUPPLEMENTARY_EVENT,True,True,True,False,False
libero_10/task_01/state_042/clean/attempt_01,libero_10,1,42,False,-1,,,0.0,teacher_ineligible,SUPPLEMENTARY_EVENT,True,True,True,False,False
libero_10/task_01/state_043/clean/attempt_01,libero_10,1,43,False,-1,,,0.0,teacher_ineligible,SUPPLEMENTARY_EVENT,True,True,True,False,False
libero_10/task_01/state_044/clean/attempt_01,libero_10,1,44,False,-1,,,0.0,teacher_ineligible,SUPPLEMENTARY_EVENT,True,True,True,False,False
libero_10/task_01/state_045/clean/attempt_01,libero_10,1,45,False,-1,,,0.0,teacher_ineligible,SUPPLEMENTARY_EVENT,True,True,True,False,False
libero_10/task_01/state_046/clean/attempt_01,libero_10,1,46,False,-1,,,0.0,teacher_ineligible,SUPPLEMENTARY_EVENT,True,True,True,False,False
libero_10/task_01/state_047/clean/attempt_01,libero_10,1,47,False,-1,,,0.0,teacher_ineligible,SUPPLEMENTARY_EVENT,True,True,True,False,False
libero_10/task_01/state_048/clean/attempt_01,libero_10,1,48,False,-1,,,0.0,teacher_ineligible,SUPPLEMENTARY_EVENT,True,True,True,False,False
libero_10/task_01/state_049/clean/attempt_01,libero_10,1,49,False,-1,,,0.0,teacher_ineligible,SUPPLEMENTARY_EVENT,True,True,True,False,False
libero_10/task_02/state_000/clean/attempt_01,libero_10,2,0,False,-1,,,0.0,teacher_ineligible,SUPPLEMENTARY_EVENT,True,True,True,False,False
libero_10/task_02/state_001/clean/attempt_01,libero_10,2,1,False,-1,,,0.0,teacher_ineligible,SUPPLEMENTARY_EVENT,True,True,True,False,False
libero_10/task_02/state_002/clean/attempt_01,libero_10,2,2,False,-1,,,0.0,teacher_ineligible,SUPPLEMENTARY_EVENT,True,True,True,False,False
libero_10/task_02/state_003/clean/attempt_01,libero_10,2,3,False,-1,,,0.0,teacher_ineligible,SUPPLEMENTARY_EVENT,True,True,True,False,False
libero_10/task_02/state_004/clean/attempt_01,libero_10,2,4,False,-1,,,0.0,teacher_ineligible,SUPPLEMENTARY_EVENT,True,True,True,False,False
libero_10/task_02/state_005/clean/attempt_01,libero_10,2,5,False,-1,,,0.0,teacher_ineligible,SUPPLEMENTARY_EVENT,True,True,True,False,False
libero_10/task_02/state_006/clean/attempt_01,libero_10,2,6,False,-1,,,0.0,teacher_ineligible,SUPPLEMENTARY_EVENT,True,True,True,False,False
libero_10/task_02/state_007/clean/attempt_01,libero_10,2,7,False,-1,,,0.0,teacher_ineligible,SUPPLEMENTARY_EVENT,True,True,True,False,False
libero_10/task_02/state_008/clean/attempt_01,libero_10,2,8,False,-1,,,0.0,teacher_ineligible,SUPPLEMENTARY_EVENT,True,True,True,False,False
libero_10/task_02/state_009/clean/attempt_01,libero_10,2,9,False,-1,,,0.0,teacher_ineligible,SUPPLEMENTARY_EVENT,True,True,True,False,False
libero_10/task_02/state_010/clean/attempt_01,libero_10,2,10,False,-1,,,0.0,teacher_ineligible,SUPPLEMENTARY_EVENT,True,True,True,False,False
libero_10/task_02/state_011/clean/attempt_01,libero_10,2,11,False,-1,,,0.0,teacher_ineligible,SUPPLEMENTARY_EVENT,True,True,True,False,False
libero_10/task_02/state_012/clean/attempt_01,libero_10,2,12,False,-1,,,0.0,teacher_ineligible,SUPPLEMENTARY_EVENT,True,True,True,False,False
libero_10/task_02/state_013/clean/attempt_01,libero_10,2,13,False,-1,,,0.0,teacher_ineligible,SUPPLEMENTARY_EVENT,True,True,True,False,False
libero_10/task_02/state_014/clean/attempt_01,libero_10,2,14,False,-1,,,0.0,teacher_ineligible,SUPPLEMENTARY_EVENT,True,True,True,False,False
libero_10/task_02/state_015/clean/attempt_01,libero_10,2,15,False,-1,,,0.0,teacher_ineligible,SUPPLEMENTARY_EVENT,True,True,True,False,False
libero_10/task_02/state_016/clean/attempt_01,libero_10,2,16,False,-1,,,0.0,teacher_ineligible,SUPPLEMENTARY_EVENT,True,True,True,False,False
libero_10/task_02/state_017/clean/attempt_01,libero_10,2,17,False,-1,,,0.0,teacher_ineligible,SUPPLEMENTARY_EVENT,True,True,True,False,False
libero_10/task_02/state_018/clean/attempt_01,libero_10,2,18,False,-1,,,0.0,teacher_ineligible,SUPPLEMENTARY_EVENT,True,True,True,False,False
libero_10/task_02/state_019/clean/attempt_01,libero_10,2,19,False,-1,,,0.0,teacher_ineligible,SUPPLEMENTARY_EVENT,True,True,True,False,False
libero_10/task_02/state_020/clean/attempt_01,libero_10,2,20,False,-1,,,0.0,teacher_ineligible,SUPPLEMENTARY_EVENT,True,True,True,False,False
libero_10/task_02/state_021/clean/attempt_01,libero_10,2,21,False,-1,,,0.0,teacher_ineligible,SUPPLEMENTARY_EVENT,True,True,True,False,False
libero_10/task_02/state_022/clean/attempt_01,libero_10,2,22,False,-1,,,0.0,teacher_ineligible,SUPPLEMENTARY_EVENT,True,True,True,False,False
libero_10/task_02/state_023/clean/attempt_01,libero_10,2,23,False,-1,,,0.0,teacher_ineligible,SUPPLEMENTARY_EVENT,True,True,True,False,False
libero_10/task_02/state_024/clean/attempt_01,libero_10,2,24,False,-1,,,0.0,teacher_ineligible,SUPPLEMENTARY_EVENT,True,True,True,False,False
libero_10/task_02/state_025/clean/attempt_01,libero_10,2,25,False,-1,,,0.0,teacher_ineligible,SUPPLEMENTARY_EVENT,True,True,True,False,False
libero_10/task_02/state_026/clean/attempt_01,libero_10,2,26,False,-1,,,0.0,teacher_ineligible,SUPPLEMENTARY_EVENT,True,True,True,False,False
libero_10/task_02/state_027/clean/attempt_01,libero_10,2,27,False,-1,,,0.0,teacher_ineligible,SUPPLEMENTARY_EVENT,True,True,True,False,False
libero_10/task_02/state_028/clean/attempt_01,libero_10,2,28,False,-1,,,0.0,teacher_ineligible,SUPPLEMENTARY_EVENT,True,True,True,False,False
libero_10/task_02/state_029/clean/attempt_01,libero_10,2,29,False,-1,,,0.0,teacher_ineligible,SUPPLEMENTARY_EVENT,True,True,True,False,False
libero_10/task_02/state_030/clean/attempt_01,libero_10,2,30,False,-1,,,0.0,teacher_ineligible,SUPPLEMENTARY_EVENT,True,True,True,False,False
libero_10/task_02/state_031/clean/attempt_01,libero_10,2,31,False,-1,,,0.0,teacher_ineligible,SUPPLEMENTARY_EVENT,True,True,True,False,False
libero_10/task_02/state_032/clean/attempt_01,libero_10,2,32,False,-1,,,0.0,teacher_ineligible,SUPPLEMENTARY_EVENT,True,True,True,False,False
libero_10/task_02/state_033/clean/attempt_01,libero_10,2,33,False,-1,,,0.0,teacher_ineligible,SUPPLEMENTARY_EVENT,True,True,True,False,False
libero_10/task_02/state_034/clean/attempt_01,libero_10,2,34,False,-1,,,0.0,teacher_ineligible,SUPPLEMENTARY_EVENT,True,True,True,False,False
libero_10/task_02/state_035/clean/attempt_01,libero_10,2,35,False,-1,,,0.0,teacher_ineligible,SUPPLEMENTARY_EVENT,True,True,True,False,False
libero_10/task_02/state_036/clean/attempt_01,libero_10,2,36,False,-1,,,0.0,teacher_ineligible,SUPPLEMENTARY_EVENT,True,True,True,False,False
libero_10/task_02/state_037/clean/attempt_01,libero_10,2,37,False,-1,,,0.0,teacher_ineligible,SUPPLEMENTARY_EVENT,True,True,True,False,False
libero_10/task_02/state_038/clean/attempt_01,libero_10,2,38,False,-1,,,0.0,teacher_ineligible,SUPPLEMENTARY_EVENT,True,True,True,False,False
libero_10/task_02/state_039/clean/attempt_01,libero_10,2,39,False,-1,,,0.0,teacher_ineligible,SUPPLEMENTARY_EVENT,True,True,True,False,False
libero_10/task_02/state_040/clean/attempt_01,libero_10,2,40,False,-1,,,0.0,teacher_ineligible,SUPPLEMENTARY_EVENT,True,True,True,False,False
libero_10/task_02/state_041/clean/attempt_01,libero_10,2,41,False,-1,,,0.0,teacher_ineligible,SUPPLEMENTARY_EVENT,True,True,True,False,False
libero_10/task_02/state_042/clean/attempt_01,libero_10,2,42,False,-1,,,0.0,teacher_ineligible,SUPPLEMENTARY_EVENT,True,True,True,False,False
libero_10/task_02/state_043/clean/attempt_01,libero_10,2,43,False,-1,,,0.0,teacher_ineligible,SUPPLEMENTARY_EVENT,True,True,True,False,False
libero_10/task_02/state_044/clean/attempt_01,libero_10,2,44,False,-1,,,0.0,teacher_ineligible,SUPPLEMENTARY_EVENT,True,True,True,False,False
libero_10/task_02/state_045/clean/attempt_01,libero_10,2,45,False,-1,,,0.0,teacher_ineligible,SUPPLEMENTARY_EVENT,True,True,True,False,False
libero_10/task_02/state_046/clean/attempt_01,libero_10,2,46,False,-1,,,0.0,teacher_ineligible,SUPPLEMENTARY_EVENT,True,True,True,False,False
libero_10/task_02/state_047/clean/attempt_01,libero_10,2,47,False,-1,,,0.0,teacher_ineligible,SUPPLEMENTARY_EVENT,True,True,True,False,False
libero_10/task_02/state_048/clean/attempt_01,libero_10,2,48,False,-1,,,0.0,teacher_ineligible,SUPPLEMENTARY_EVENT,True,True,True,False,False
libero_10/task_02/state_049/clean/attempt_01,libero_10,2,49,False,-1,,,0.0,teacher_ineligible,SUPPLEMENTARY_EVENT,True,True,True,False,False
libero_10/task_03/state_000/clean/attempt_01,libero_10,3,0,False,-1,,,0.0,teacher_ineligible,SUPPLEMENTARY_EVENT,True,True,True,False,False
libero_10/task_03/state_001/clean/attempt_01,libero_10,3,1,False,-1,,,0.0,teacher_ineligible,SUPPLEMENTARY_EVENT,True,True,True,False,False
libero_10/task_03/state_002/clean/attempt_01,libero_10,3,2,False,-1,,,0.0,teacher_ineligible,SUPPLEMENTARY_EVENT,True,True,True,False,False
libero_10/task_03/state_003/clean/attempt_01,libero_10,3,3,False,-1,,,0.0,teacher_ineligible,SUPPLEMENTARY_EVENT,True,True,True,False,False
libero_10/task_03/state_004/clean/attempt_01,libero_10,3,4,False,-1,,,0.0,teacher_ineligible,SUPPLEMENTARY_EVENT,True,True,True,False,False
libero_10/task_03/state_005/clean/attempt_01,libero_10,3,5,False,-1,,,0.0,teacher_ineligible,SUPPLEMENTARY_EVENT,True,True,True,False,False
libero_10/task_03/state_006/clean/attempt_01,libero_10,3,6,False,-1,,,0.0,teacher_ineligible,SUPPLEMENTARY_EVENT,True,True,True,False,False
libero_10/task_03/state_007/clean/attempt_01,libero_10,3,7,False,-1,,,0.0,teacher_ineligible,SUPPLEMENTARY_EVENT,True,True,True,False,False
libero_10/task_03/state_008/clean/attempt_01,libero_10,3,8,False,-1,,,0.0,teacher_ineligible,SUPPLEMENTARY_EVENT,True,True,True,False,False
libero_10/task_03/state_009/clean/attempt_01,libero_10,3,9,False,-1,,,0.0,teacher_ineligible,SUPPLEMENTARY_EVENT,True,True,True,False,False
libero_10/task_03/state_010/clean/attempt_01,libero_10,3,10,False,-1,,,0.0,teacher_ineligible,SUPPLEMENTARY_EVENT,True,True,True,False,False
libero_10/task_03/state_011/clean/attempt_01,libero_10,3,11,False,-1,,,0.0,teacher_ineligible,SUPPLEMENTARY_EVENT,True,True,True,False,False
libero_10/task_03/state_012/clean/attempt_01,libero_10,3,12,False,-1,,,0.0,teacher_ineligible,SUPPLEMENTARY_EVENT,True,True,True,False,False
libero_10/task_03/state_013/clean/attempt_01,libero_10,3,13,False,-1,,,0.0,teacher_ineligible,SUPPLEMENTARY_EVENT,True,True,True,False,False
libero_10/task_03/state_014/clean/attempt_01,libero_10,3,14,False,-1,,,0.0,teacher_ineligible,SUPPLEMENTARY_EVENT,True,True,True,False,False
libero_10/task_03/state_015/clean/attempt_01,libero_10,3,15,False,-1,,,0.0,teacher_ineligible,SUPPLEMENTARY_EVENT,True,True,True,False,False
libero_10/task_03/state_016/clean/attempt_01,libero_10,3,16,False,-1,,,0.0,teacher_ineligible,SUPPLEMENTARY_EVENT,True,True,True,False,False
libero_10/task_03/state_017/clean/attempt_01,libero_10,3,17,False,-1,,,0.0,teacher_ineligible,SUPPLEMENTARY_EVENT,True,True,True,False,False
libero_10/task_03/state_018/clean/attempt_01,libero_10,3,18,False,-1,,,0.0,teacher_ineligible,SUPPLEMENTARY_EVENT,True,True,True,False,False
libero_10/task_03/state_019/clean/attempt_01,libero_10,3,19,False,-1,,,0.0,teacher_ineligible,SUPPLEMENTARY_EVENT,True,True,True,False,False
libero_10/task_03/state_020/clean/attempt_01,libero_10,3,20,False,-1,,,0.0,teacher_ineligible,SUPPLEMENTARY_EVENT,True,True,True,False,False
libero_10/task_03/state_021/clean/attempt_01,libero_10,3,21,False,-1,,,0.0,teacher_ineligible,SUPPLEMENTARY_EVENT,True,True,True,False,False
libero_10/task_03/state_022/clean/attempt_01,libero_10,3,22,False,-1,,,0.0,teacher_ineligible,SUPPLEMENTARY_EVENT,True,True,True,False,False
libero_10/task_03/state_023/clean/attempt_01,libero_10,3,23,False,-1,,,0.0,teacher_ineligible,SUPPLEMENTARY_EVENT,True,True,True,False,False
libero_10/task_03/state_024/clean/attempt_01,libero_10,3,24,False,-1,,,0.0,teacher_ineligible,SUPPLEMENTARY_EVENT,True,True,True,False,False
libero_10/task_03/state_025/clean/attempt_01,libero_10,3,25,False,-1,,,0.0,teacher_ineligible,SUPPLEMENTARY_EVENT,True,True,True,False,False
libero_10/task_03/state_026/clean/attempt_01,libero_10,3,26,False,-1,,,0.0,teacher_ineligible,SUPPLEMENTARY_EVENT,True,True,True,False,False
libero_10/task_03/state_027/clean/attempt_01,libero_10,3,27,False,-1,,,0.0,teacher_ineligible,SUPPLEMENTARY_EVENT,True,True,True,False,False
libero_10/task_03/state_028/clean/attempt_01,libero_10,3,28,False,-1,,,0.0,teacher_ineligible,SUPPLEMENTARY_EVENT,True,True,True,False,False
libero_10/task_03/state_029/clean/attempt_01,libero_10,3,29,False,-1,,,0.0,teacher_ineligible,SUPPLEMENTARY_EVENT,True,True,True,False,False
libero_10/task_03/state_030/clean/attempt_01,libero_10,3,30,False,-1,,,0.0,teacher_ineligible,SUPPLEMENTARY_EVENT,True,True,True,False,False
libero_10/task_03/state_031/clean/attempt_01,libero_10,3,31,False,-1,,,0.0,teacher_ineligible,SUPPLEMENTARY_EVENT,True,True,True,False,False
libero_10/task_03/state_032/clean/attempt_01,libero_10,3,32,False,-1,,,0.0,teacher_ineligible,SUPPLEMENTARY_EVENT,True,True,True,False,False
libero_10/task_03/state_033/clean/attempt_01,libero_10,3,33,False,-1,,,0.0,teacher_ineligible,SUPPLEMENTARY_EVENT,True,True,True,False,False
libero_10/task_03/state_034/clean/attempt_01,libero_10,3,34,False,-1,,,0.0,teacher_ineligible,SUPPLEMENTARY_EVENT,True,True,True,False,False
libero_10/task_03/state_035/clean/attempt_01,libero_10,3,35,False,-1,,,0.0,teacher_ineligible,SUPPLEMENTARY_EVENT,True,True,True,False,False
libero_10/task_03/state_036/clean/attempt_01,libero_10,3,36,False,-1,,,0.0,teacher_ineligible,SUPPLEMENTARY_EVENT,True,True,True,False,False
libero_10/task_03/state_037/clean/attempt_01,libero_10,3,37,False,-1,,,0.0,teacher_ineligible,SUPPLEMENTARY_EVENT,True,True,True,False,False
libero_10/task_03/state_038/clean/attempt_01,libero_10,3,38,False,-1,,,0.0,teacher_ineligible,SUPPLEMENTARY_EVENT,True,True,True,False,False
libero_10/task_03/state_039/clean/attempt_01,libero_10,3,39,False,-1,,,0.0,teacher_ineligible,SUPPLEMENTARY_EVENT,True,True,True,False,False
libero_10/task_03/state_040/clean/attempt_01,libero_10,3,40,False,-1,,,0.0,teacher_ineligible,SUPPLEMENTARY_EVENT,True,True,True,False,False
libero_10/task_03/state_041/clean/attempt_01,libero_10,3,41,False,-1,,,0.0,teacher_ineligible,SUPPLEMENTARY_EVENT,True,True,True,False,False
libero_10/task_03/state_042/clean/attempt_01,libero_10,3,42,False,-1,,,0.0,teacher_ineligible,SUPPLEMENTARY_EVENT,True,True,True,False,False
libero_10/task_03/state_043/clean/attempt_01,libero_10,3,43,False,-1,,,0.0,teacher_ineligible,SUPPLEMENTARY_EVENT,True,True,True,False,False
libero_10/task_03/state_044/clean/attempt_01,libero_10,3,44,False,-1,,,0.0,teacher_ineligible,SUPPLEMENTARY_EVENT,True,True,True,False,False
libero_10/task_03/state_045/clean/attempt_01,libero_10,3,45,False,-1,,,0.0,teacher_ineligible,SUPPLEMENTARY_EVENT,True,True,True,False,False
libero_10/task_03/state_046/clean/attempt_01,libero_10,3,46,False,-1,,,0.0,teacher_ineligible,SUPPLEMENTARY_EVENT,True,True,True,False,False
libero_10/task_03/state_047/clean/attempt_01,libero_10,3,47,False,-1,,,0.0,teacher_ineligible,SUPPLEMENTARY_EVENT,True,True,True,False,False
libero_10/task_03/state_048/clean/attempt_01,libero_10,3,48,False,-1,,,0.0,teacher_ineligible,SUPPLEMENTARY_EVENT,True,True,True,False,False
libero_10/task_03/state_049/clean/attempt_01,libero_10,3,49,False,-1,,,0.0,teacher_ineligible,SUPPLEMENTARY_EVENT,True,True,True,False,False
libero_10/task_04/state_000/clean/attempt_01,libero_10,4,0,False,-1,,,0.0,teacher_ineligible,SUPPLEMENTARY_EVENT,True,True,True,False,False
libero_10/task_04/state_001/clean/attempt_01,libero_10,4,1,False,-1,,,0.0,teacher_ineligible,SUPPLEMENTARY_EVENT,True,True,True,False,False
libero_10/task_04/state_002/clean/attempt_01,libero_10,4,2,False,-1,,,0.0,teacher_ineligible,SUPPLEMENTARY_EVENT,True,True,True,False,False
libero_10/task_04/state_003/clean/attempt_01,libero_10,4,3,False,-1,,,0.0,teacher_ineligible,SUPPLEMENTARY_EVENT,True,True,True,False,False
libero_10/task_04/state_004/clean/attempt_01,libero_10,4,4,False,-1,,,0.0,teacher_ineligible,SUPPLEMENTARY_EVENT,True,True,True,False,False
libero_10/task_04/state_005/clean/attempt_01,libero_10,4,5,False,-1,,,0.0,teacher_ineligible,SUPPLEMENTARY_EVENT,True,True,True,False,False
libero_10/task_04/state_006/clean/attempt_01,libero_10,4,6,False,-1,,,0.0,teacher_ineligible,SUPPLEMENTARY_EVENT,True,True,True,False,False
libero_10/task_04/state_007/clean/attempt_01,libero_10,4,7,False,-1,,,0.0,teacher_ineligible,SUPPLEMENTARY_EVENT,True,True,True,False,False
libero_10/task_04/state_008/clean/attempt_01,libero_10,4,8,False,-1,,,0.0,teacher_ineligible,SUPPLEMENTARY_EVENT,True,True,True,False,False
libero_10/task_04/state_009/clean/attempt_01,libero_10,4,9,False,-1,,,0.0,teacher_ineligible,SUPPLEMENTARY_EVENT,True,True,True,False,False
libero_10/task_04/state_010/clean/attempt_01,libero_10,4,10,False,-1,,,0.0,teacher_ineligible,SUPPLEMENTARY_EVENT,True,True,True,False,False
libero_10/task_04/state_011/clean/attempt_01,libero_10,4,11,False,-1,,,0.0,teacher_ineligible,SUPPLEMENTARY_EVENT,True,True,True,False,False
libero_10/task_04/state_012/clean/attempt_01,libero_10,4,12,False,-1,,,0.0,teacher_ineligible,SUPPLEMENTARY_EVENT,True,True,True,False,False
libero_10/task_04/state_013/clean/attempt_01,libero_10,4,13,False,-1,,,0.0,teacher_ineligible,SUPPLEMENTARY_EVENT,True,True,True,False,False
libero_10/task_04/state_014/clean/attempt_01,libero_10,4,14,False,-1,,,0.0,teacher_ineligible,SUPPLEMENTARY_EVENT,True,True,True,False,False
libero_10/task_04/state_015/clean/attempt_01,libero_10,4,15,False,-1,,,0.0,teacher_ineligible,SUPPLEMENTARY_EVENT,True,True,True,False,False
libero_10/task_04/state_016/clean/attempt_01,libero_10,4,16,False,-1,,,0.0,teacher_ineligible,SUPPLEMENTARY_EVENT,True,True,True,False,False
libero_10/task_04/state_017/clean/attempt_01,libero_10,4,17,False,-1,,,0.0,teacher_ineligible,SUPPLEMENTARY_EVENT,True,True,True,False,False
libero_10/task_04/state_018/clean/attempt_01,libero_10,4,18,False,-1,,,0.0,teacher_ineligible,SUPPLEMENTARY_EVENT,True,True,True,False,False
libero_10/task_04/state_019/clean/attempt_01,libero_10,4,19,False,-1,,,0.0,teacher_ineligible,SUPPLEMENTARY_EVENT,True,True,True,False,False
libero_10/task_04/state_020/clean/attempt_01,libero_10,4,20,False,-1,,,0.0,teacher_ineligible,SUPPLEMENTARY_EVENT,True,True,True,False,False
libero_10/task_04/state_021/clean/attempt_01,libero_10,4,21,False,-1,,,0.0,teacher_ineligible,SUPPLEMENTARY_EVENT,True,True,True,False,False
libero_10/task_04/state_022/clean/attempt_01,libero_10,4,22,False,-1,,,0.0,teacher_ineligible,SUPPLEMENTARY_EVENT,True,True,True,False,False
libero_10/task_04/state_023/clean/attempt_01,libero_10,4,23,False,-1,,,0.0,teacher_ineligible,SUPPLEMENTARY_EVENT,True,True,True,False,False
libero_10/task_04/state_024/clean/attempt_01,libero_10,4,24,False,-1,,,0.0,teacher_ineligible,SUPPLEMENTARY_EVENT,True,True,True,False,False
libero_10/task_04/state_025/clean/attempt_01,libero_10,4,25,False,-1,,,0.0,teacher_ineligible,SUPPLEMENTARY_EVENT,True,True,True,False,False
libero_10/task_04/state_026/clean/attempt_01,libero_10,4,26,False,-1,,,0.0,teacher_ineligible,SUPPLEMENTARY_EVENT,True,True,True,False,False
libero_10/task_04/state_027/clean/attempt_01,libero_10,4,27,False,-1,,,0.0,teacher_ineligible,SUPPLEMENTARY_EVENT,True,True,True,False,False
libero_10/task_04/state_028/clean/attempt_01,libero_10,4,28,False,-1,,,0.0,teacher_ineligible,SUPPLEMENTARY_EVENT,True,True,True,False,False
libero_10/task_04/state_029/clean/attempt_01,libero_10,4,29,False,-1,,,0.0,teacher_ineligible,SUPPLEMENTARY_EVENT,True,True,True,False,False
libero_10/task_04/state_030/clean/attempt_01,libero_10,4,30,False,-1,,,0.0,teacher_ineligible,SUPPLEMENTARY_EVENT,True,True,True,False,False
libero_10/task_04/state_031/clean/attempt_01,libero_10,4,31,False,-1,,,0.0,teacher_ineligible,SUPPLEMENTARY_EVENT,True,True,True,False,False
libero_10/task_04/state_032/clean/attempt_01,libero_10,4,32,False,-1,,,0.0,teacher_ineligible,SUPPLEMENTARY_EVENT,True,True,True,False,False
libero_10/task_04/state_033/clean/attempt_01,libero_10,4,33,False,-1,,,0.0,teacher_ineligible,SUPPLEMENTARY_EVENT,True,True,True,False,False
libero_10/task_04/state_034/clean/attempt_01,libero_10,4,34,False,-1,,,0.0,teacher_ineligible,SUPPLEMENTARY_EVENT,True,True,True,False,False
libero_10/task_04/state_035/clean/attempt_01,libero_10,4,35,False,-1,,,0.0,teacher_ineligible,SUPPLEMENTARY_EVENT,True,True,True,False,False
libero_10/task_04/state_036/clean/attempt_01,libero_10,4,36,False,-1,,,0.0,teacher_ineligible,SUPPLEMENTARY_EVENT,True,True,True,False,False
libero_10/task_04/state_037/clean/attempt_01,libero_10,4,37,False,-1,,,0.0,teacher_ineligible,SUPPLEMENTARY_EVENT,True,True,True,False,False
libero_10/task_04/state_038/clean/attempt_01,libero_10,4,38,False,-1,,,0.0,teacher_ineligible,SUPPLEMENTARY_EVENT,True,True,True,False,False
libero_10/task_04/state_039/clean/attempt_01,libero_10,4,39,False,-1,,,0.0,teacher_ineligible,SUPPLEMENTARY_EVENT,True,True,True,False,False
libero_10/task_04/state_040/clean/attempt_01,libero_10,4,40,False,-1,,,0.0,teacher_ineligible,SUPPLEMENTARY_EVENT,True,True,True,False,False
libero_10/task_04/state_041/clean/attempt_01,libero_10,4,41,False,-1,,,0.0,teacher_ineligible,SUPPLEMENTARY_EVENT,True,True,True,False,False
libero_10/task_04/state_042/clean/attempt_01,libero_10,4,42,False,-1,,,0.0,teacher_ineligible,SUPPLEMENTARY_EVENT,True,True,True,False,False
libero_10/task_04/state_043/clean/attempt_01,libero_10,4,43,False,-1,,,0.0,teacher_ineligible,SUPPLEMENTARY_EVENT,True,True,True,False,False
libero_10/task_04/state_044/clean/attempt_01,libero_10,4,44,False,-1,,,0.0,teacher_ineligible,SUPPLEMENTARY_EVENT,True,True,True,False,False
libero_10/task_04/state_045/clean/attempt_01,libero_10,4,45,False,-1,,,0.0,teacher_ineligible,SUPPLEMENTARY_EVENT,True,True,True,False,False
libero_10/task_04/state_046/clean/attempt_01,libero_10,4,46,False,-1,,,0.0,teacher_ineligible,SUPPLEMENTARY_EVENT,True,True,True,False,False
libero_10/task_04/state_047/clean/attempt_01,libero_10,4,47,False,-1,,,0.0,teacher_ineligible,SUPPLEMENTARY_EVENT,True,True,True,False,False
libero_10/task_04/state_048/clean/attempt_01,libero_10,4,48,False,-1,,,0.0,teacher_ineligible,SUPPLEMENTARY_EVENT,True,True,True,False,False
libero_10/task_04/state_049/clean/attempt_01,libero_10,4,49,False,-1,,,0.0,teacher_ineligible,SUPPLEMENTARY_EVENT,True,True,True,False,False
libero_10/task_05/state_000/clean/attempt_01,libero_10,5,0,True,0,,,0.5,,CLEAN_FAILURE_SAFETY,True,True,False,True,True
libero_10/task_05/state_001/clean/attempt_01,libero_10,5,1,True,0,,,0.5,,PRIMARY_ELIGIBLE,True,True,False,True,True
libero_10/task_05/state_002/clean/attempt_01,libero_10,5,2,True,0,,,0.5,,CLEAN_FAILURE_SAFETY,True,True,False,True,True
libero_10/task_05/state_003/clean/attempt_01,libero_10,5,3,True,0,,,0.5,,PRIMARY_ELIGIBLE,True,True,False,True,True
libero_10/task_05/state_004/clean/attempt_01,libero_10,5,4,True,0,,,0.5,,PRIMARY_ELIGIBLE,True,True,False,True,True
libero_10/task_05/state_005/clean/attempt_01,libero_10,5,5,True,0,,,0.5,,PRIMARY_ELIGIBLE,True,True,False,True,True
libero_10/task_05/state_006/clean/attempt_01,libero_10,5,6,True,0,,,0.5,,CLEAN_FAILURE_SAFETY,True,True,False,True,True
libero_10/task_05/state_007/clean/attempt_01,libero_10,5,7,True,0,,,0.5,,PRIMARY_ELIGIBLE,True,True,False,True,True
libero_10/task_05/state_008/clean/attempt_01,libero_10,5,8,True,0,,,0.5,,CLEAN_FAILURE_SAFETY,True,True,False,True,True
libero_10/task_05/state_009/clean/attempt_01,libero_10,5,9,True,0,,,0.5,,CLEAN_FAILURE_SAFETY,True,True,False,True,True
libero_10/task_05/state_010/clean/attempt_01,libero_10,5,10,True,0,,,0.5,,PRIMARY_ELIGIBLE,True,True,False,True,True
libero_10/task_05/state_011/clean/attempt_01,libero_10,5,11,True,0,,,0.5,,PRIMARY_ELIGIBLE,True,True,False,True,True
libero_10/task_05/state_012/clean/attempt_01,libero_10,5,12,True,0,,,0.5,,CLEAN_FAILURE_SAFETY,True,True,False,True,True
libero_10/task_05/state_013/clean/attempt_01,libero_10,5,13,True,0,,,0.5,,PRIMARY_ELIGIBLE,True,True,False,True,True
libero_10/task_05/state_014/clean/attempt_01,libero_10,5,14,True,0,,,0.5,,CLEAN_FAILURE_SAFETY,True,True,False,True,True
libero_10/task_05/state_015/clean/attempt_01,libero_10,5,15,True,0,,,0.5,,PRIMARY_ELIGIBLE,True,True,False,True,True
libero_10/task_05/state_016/clean/attempt_01,libero_10,5,16,True,0,,,0.5,,CLEAN_FAILURE_SAFETY,True,True,False,True,True
libero_10/task_05/state_017/clean/attempt_01,libero_10,5,17,True,0,,,0.5,,PRIMARY_ELIGIBLE,True,True,False,True,True
libero_10/task_05/state_018/clean/attempt_01,libero_10,5,18,True,0,,,0.5,,CLEAN_FAILURE_SAFETY,True,True,False,True,True
libero_10/task_05/state_019/clean/attempt_01,libero_10,5,19,True,0,,,0.5,,CLEAN_FAILURE_SAFETY,True,True,False,True,True
libero_10/task_05/state_020/clean/attempt_01,libero_10,5,20,True,0,,,0.5,,CLEAN_FAILURE_SAFETY,True,True,False,True,True
libero_10/task_05/state_021/clean/attempt_01,libero_10,5,21,True,0,,,0.5,,PRIMARY_ELIGIBLE,True,True,False,True,True
libero_10/task_05/state_022/clean/attempt_01,libero_10,5,22,True,0,,,0.5,,PRIMARY_ELIGIBLE,True,True,False,True,True
libero_10/task_05/state_023/clean/attempt_01,libero_10,5,23,True,0,,,0.5,,PRIMARY_ELIGIBLE,True,True,False,True,True
libero_10/task_05/state_024/clean/attempt_01,libero_10,5,24,True,0,,,0.5,,PRIMARY_ELIGIBLE,True,True,False,True,True
libero_10/task_05/state_025/clean/attempt_01,libero_10,5,25,True,0,,,0.5,,CLEAN_FAILURE_SAFETY,True,True,False,True,True
libero_10/task_05/state_026/clean/attempt_01,libero_10,5,26,True,0,,,0.5,,CLEAN_FAILURE_SAFETY,True,True,False,True,True
libero_10/task_05/state_027/clean/attempt_01,libero_10,5,27,True,0,,,0.5,,PRIMARY_ELIGIBLE,True,True,False,True,True
libero_10/task_05/state_028/clean/attempt_01,libero_10,5,28,True,0,,,0.5,,CLEAN_FAILURE_SAFETY,True,True,False,True,True
libero_10/task_05/state_029/clean/attempt_01,libero_10,5,29,True,0,,,0.5,,PRIMARY_ELIGIBLE,True,True,False,True,True
libero_10/task_05/state_030/clean/attempt_01,libero_10,5,30,True,0,,,0.5,,PRIMARY_ELIGIBLE,True,True,False,True,True
libero_10/task_05/state_031/clean/attempt_01,libero_10,5,31,True,0,,,0.5,,PRIMARY_ELIGIBLE,True,True,False,True,True
libero_10/task_05/state_032/clean/attempt_01,libero_10,5,32,True,0,,,0.5,,PRIMARY_ELIGIBLE,True,True,False,True,True
libero_10/task_05/state_033/clean/attempt_01,libero_10,5,33,True,0,,,0.5,,PRIMARY_ELIGIBLE,True,True,False,True,True
libero_10/task_05/state_034/clean/attempt_01,libero_10,5,34,True,0,,,0.5,,PRIMARY_ELIGIBLE,True,True,False,True,True
libero_10/task_05/state_035/clean/attempt_01,libero_10,5,35,True,0,,,0.5,,CLEAN_FAILURE_SAFETY,True,True,False,True,True
libero_10/task_05/state_036/clean/attempt_01,libero_10,5,36,True,0,,,0.5,,CLEAN_FAILURE_SAFETY,True,True,False,True,True
libero_10/task_05/state_037/clean/attempt_01,libero_10,5,37,True,0,,,0.5,,PRIMARY_ELIGIBLE,True,True,False,True,True
libero_10/task_05/state_038/clean/attempt_01,libero_10,5,38,True,0,,,0.5,,PRIMARY_ELIGIBLE,True,True,False,True,True
libero_10/task_05/state_039/clean/attempt_01,libero_10,5,39,True,0,,,0.5,,CLEAN_FAILURE_SAFETY,True,True,False,True,True
libero_10/task_05/state_040/clean/attempt_01,libero_10,5,40,True,0,,,0.5,,CLEAN_FAILURE_SAFETY,True,True,False,True,True
libero_10/task_05/state_041/clean/attempt_01,libero_10,5,41,True,0,,,0.5,,PRIMARY_ELIGIBLE,True,True,False,True,True
libero_10/task_05/state_042/clean/attempt_01,libero_10,5,42,True,0,,,0.5,,PRIMARY_ELIGIBLE,True,True,False,True,True
libero_10/task_05/state_043/clean/attempt_01,libero_10,5,43,True,0,,,0.5,,PRIMARY_ELIGIBLE,True,True,False,True,True
libero_10/task_05/state_044/clean/attempt_01,libero_10,5,44,True,0,,,0.5,,PRIMARY_ELIGIBLE,True,True,False,True,True
libero_10/task_05/state_045/clean/attempt_01,libero_10,5,45,True,0,,,0.5,,CLEAN_FAILURE_SAFETY,True,True,False,True,True
libero_10/task_05/state_046/clean/attempt_01,libero_10,5,46,True,0,,,0.5,,PRIMARY_ELIGIBLE,True,True,False,True,True
libero_10/task_05/state_047/clean/attempt_01,libero_10,5,47,True,0,,,0.5,,PRIMARY_ELIGIBLE,True,True,False,True,True
libero_10/task_05/state_048/clean/attempt_01,libero_10,5,48,True,0,,,0.5,,PRIMARY_ELIGIBLE,True,True,False,True,True
libero_10/task_05/state_049/clean/attempt_01,libero_10,5,49,True,0,,,0.5,,PRIMARY_ELIGIBLE,True,True,False,True,True
libero_10/task_06/state_000/clean/attempt_01,libero_10,6,0,False,-1,,,0.0,teacher_ineligible,SUPPLEMENTARY_EVENT,True,True,True,False,False
libero_10/task_06/state_001/clean/attempt_01,libero_10,6,1,False,-1,,,0.0,teacher_ineligible,SUPPLEMENTARY_EVENT,True,True,True,False,False
libero_10/task_06/state_002/clean/attempt_01,libero_10,6,2,False,-1,,,0.0,teacher_ineligible,SUPPLEMENTARY_EVENT,True,True,True,False,False
libero_10/task_06/state_003/clean/attempt_01,libero_10,6,3,False,-1,,,0.0,teacher_ineligible,SUPPLEMENTARY_EVENT,True,True,True,False,False
libero_10/task_06/state_004/clean/attempt_01,libero_10,6,4,False,-1,,,0.0,teacher_ineligible,SUPPLEMENTARY_EVENT,True,True,True,False,False
libero_10/task_06/state_005/clean/attempt_01,libero_10,6,5,False,-1,,,0.0,teacher_ineligible,SUPPLEMENTARY_EVENT,True,True,True,False,False
libero_10/task_06/state_006/clean/attempt_01,libero_10,6,6,False,-1,,,0.0,teacher_ineligible,SUPPLEMENTARY_EVENT,True,True,True,False,False
libero_10/task_06/state_007/clean/attempt_01,libero_10,6,7,False,-1,,,0.0,teacher_ineligible,SUPPLEMENTARY_EVENT,True,True,True,False,False
libero_10/task_06/state_008/clean/attempt_01,libero_10,6,8,False,-1,,,0.0,teacher_ineligible,SUPPLEMENTARY_EVENT,True,True,True,False,False
libero_10/task_06/state_009/clean/attempt_01,libero_10,6,9,False,-1,,,0.0,teacher_ineligible,SUPPLEMENTARY_EVENT,True,True,True,False,False
libero_10/task_06/state_010/clean/attempt_01,libero_10,6,10,False,-1,,,0.0,teacher_ineligible,SUPPLEMENTARY_EVENT,True,True,True,False,False
libero_10/task_06/state_011/clean/attempt_01,libero_10,6,11,False,-1,,,0.0,teacher_ineligible,SUPPLEMENTARY_EVENT,True,True,True,False,False
libero_10/task_06/state_012/clean/attempt_01,libero_10,6,12,False,-1,,,0.0,teacher_ineligible,SUPPLEMENTARY_EVENT,True,True,True,False,False
libero_10/task_06/state_013/clean/attempt_01,libero_10,6,13,False,-1,,,0.0,teacher_ineligible,SUPPLEMENTARY_EVENT,True,True,True,False,False
libero_10/task_06/state_014/clean/attempt_01,libero_10,6,14,False,-1,,,0.0,teacher_ineligible,SUPPLEMENTARY_EVENT,True,True,True,False,False
libero_10/task_06/state_015/clean/attempt_01,libero_10,6,15,False,-1,,,0.0,teacher_ineligible,SUPPLEMENTARY_EVENT,True,True,True,False,False
libero_10/task_06/state_016/clean/attempt_01,libero_10,6,16,False,-1,,,0.0,teacher_ineligible,SUPPLEMENTARY_EVENT,True,True,True,False,False
libero_10/task_06/state_017/clean/attempt_01,libero_10,6,17,False,-1,,,0.0,teacher_ineligible,SUPPLEMENTARY_EVENT,True,True,True,False,False
libero_10/task_06/state_018/clean/attempt_01,libero_10,6,18,False,-1,,,0.0,teacher_ineligible,SUPPLEMENTARY_EVENT,True,True,True,False,False
libero_10/task_06/state_019/clean/attempt_01,libero_10,6,19,False,-1,,,0.0,teacher_ineligible,SUPPLEMENTARY_EVENT,True,True,True,False,False
libero_10/task_06/state_020/clean/attempt_01,libero_10,6,20,False,-1,,,0.0,teacher_ineligible,SUPPLEMENTARY_EVENT,True,True,True,False,False
libero_10/task_06/state_021/clean/attempt_01,libero_10,6,21,False,-1,,,0.0,teacher_ineligible,SUPPLEMENTARY_EVENT,True,True,True,False,False
libero_10/task_06/state_022/clean/attempt_01,libero_10,6,22,False,-1,,,0.0,teacher_ineligible,SUPPLEMENTARY_EVENT,True,True,True,False,False
libero_10/task_06/state_023/clean/attempt_01,libero_10,6,23,False,-1,,,0.0,teacher_ineligible,SUPPLEMENTARY_EVENT,True,True,True,False,False
libero_10/task_06/state_024/clean/attempt_01,libero_10,6,24,False,-1,,,0.0,teacher_ineligible,SUPPLEMENTARY_EVENT,True,True,True,False,False
libero_10/task_06/state_025/clean/attempt_01,libero_10,6,25,False,-1,,,0.0,teacher_ineligible,SUPPLEMENTARY_EVENT,True,True,True,False,False
libero_10/task_06/state_026/clean/attempt_01,libero_10,6,26,False,-1,,,0.0,teacher_ineligible,SUPPLEMENTARY_EVENT,True,True,True,False,False
libero_10/task_06/state_027/clean/attempt_01,libero_10,6,27,False,-1,,,0.0,teacher_ineligible,SUPPLEMENTARY_EVENT,True,True,True,False,False
libero_10/task_06/state_028/clean/attempt_01,libero_10,6,28,False,-1,,,0.0,teacher_ineligible,SUPPLEMENTARY_EVENT,True,True,True,False,False
libero_10/task_06/state_029/clean/attempt_01,libero_10,6,29,False,-1,,,0.0,teacher_ineligible,SUPPLEMENTARY_EVENT,True,True,True,False,False
libero_10/task_06/state_030/clean/attempt_01,libero_10,6,30,False,-1,,,0.0,teacher_ineligible,SUPPLEMENTARY_EVENT,True,True,True,False,False
libero_10/task_06/state_031/clean/attempt_01,libero_10,6,31,False,-1,,,0.0,teacher_ineligible,SUPPLEMENTARY_EVENT,True,True,True,False,False
libero_10/task_06/state_032/clean/attempt_01,libero_10,6,32,False,-1,,,0.0,teacher_ineligible,SUPPLEMENTARY_EVENT,True,True,True,False,False
libero_10/task_06/state_033/clean/attempt_01,libero_10,6,33,False,-1,,,0.0,teacher_ineligible,SUPPLEMENTARY_EVENT,True,True,True,False,False
libero_10/task_06/state_034/clean/attempt_01,libero_10,6,34,False,-1,,,0.0,teacher_ineligible,SUPPLEMENTARY_EVENT,True,True,True,False,False
libero_10/task_06/state_035/clean/attempt_01,libero_10,6,35,False,-1,,,0.0,teacher_ineligible,SUPPLEMENTARY_EVENT,True,True,True,False,False
libero_10/task_06/state_036/clean/attempt_01,libero_10,6,36,False,-1,,,0.0,teacher_ineligible,SUPPLEMENTARY_EVENT,True,True,True,False,False
libero_10/task_06/state_037/clean/attempt_01,libero_10,6,37,False,-1,,,0.0,teacher_ineligible,SUPPLEMENTARY_EVENT,True,True,True,False,False
libero_10/task_06/state_038/clean/attempt_01,libero_10,6,38,False,-1,,,0.0,teacher_ineligible,SUPPLEMENTARY_EVENT,True,True,True,False,False
libero_10/task_06/state_039/clean/attempt_01,libero_10,6,39,False,-1,,,0.0,teacher_ineligible,SUPPLEMENTARY_EVENT,True,True,True,False,False
libero_10/task_06/state_040/clean/attempt_01,libero_10,6,40,False,-1,,,0.0,teacher_ineligible,SUPPLEMENTARY_EVENT,True,True,True,False,False
libero_10/task_06/state_041/clean/attempt_01,libero_10,6,41,False,-1,,,0.0,teacher_ineligible,SUPPLEMENTARY_EVENT,True,True,True,False,False
libero_10/task_06/state_042/clean/attempt_01,libero_10,6,42,False,-1,,,0.0,teacher_ineligible,SUPPLEMENTARY_EVENT,True,True,True,False,False
libero_10/task_06/state_043/clean/attempt_01,libero_10,6,43,False,-1,,,0.0,teacher_ineligible,SUPPLEMENTARY_EVENT,True,True,True,False,False
libero_10/task_06/state_044/clean/attempt_01,libero_10,6,44,False,-1,,,0.0,teacher_ineligible,SUPPLEMENTARY_EVENT,True,True,True,False,False
libero_10/task_06/state_045/clean/attempt_01,libero_10,6,45,False,-1,,,0.0,teacher_ineligible,SUPPLEMENTARY_EVENT,True,True,True,False,False
libero_10/task_06/state_046/clean/attempt_01,libero_10,6,46,False,-1,,,0.0,teacher_ineligible,SUPPLEMENTARY_EVENT,True,True,True,False,False
libero_10/task_06/state_047/clean/attempt_01,libero_10,6,47,False,-1,,,0.0,teacher_ineligible,SUPPLEMENTARY_EVENT,True,True,True,False,False
libero_10/task_06/state_048/clean/attempt_01,libero_10,6,48,False,-1,,,0.0,teacher_ineligible,SUPPLEMENTARY_EVENT,True,True,True,False,False
libero_10/task_06/state_049/clean/attempt_01,libero_10,6,49,False,-1,,,0.0,teacher_ineligible,SUPPLEMENTARY_EVENT,True,True,True,False,False
libero_10/task_07/state_000/clean/attempt_01,libero_10,7,0,False,-1,,,0.0,teacher_ineligible,SUPPLEMENTARY_EVENT,True,True,True,False,False
libero_10/task_07/state_001/clean/attempt_01,libero_10,7,1,False,-1,,,0.0,teacher_ineligible,SUPPLEMENTARY_EVENT,True,True,True,False,False
libero_10/task_07/state_002/clean/attempt_01,libero_10,7,2,False,-1,,,0.0,teacher_ineligible,SUPPLEMENTARY_EVENT,True,True,True,False,False
libero_10/task_07/state_003/clean/attempt_01,libero_10,7,3,False,-1,,,0.0,teacher_ineligible,SUPPLEMENTARY_EVENT,True,True,True,False,False
libero_10/task_07/state_004/clean/attempt_01,libero_10,7,4,False,-1,,,0.0,teacher_ineligible,SUPPLEMENTARY_EVENT,True,True,True,False,False
libero_10/task_07/state_005/clean/attempt_01,libero_10,7,5,False,-1,,,0.0,teacher_ineligible,SUPPLEMENTARY_EVENT,True,True,True,False,False
libero_10/task_07/state_006/clean/attempt_01,libero_10,7,6,False,-1,,,0.0,teacher_ineligible,SUPPLEMENTARY_EVENT,True,True,True,False,False
libero_10/task_07/state_007/clean/attempt_01,libero_10,7,7,False,-1,,,0.0,teacher_ineligible,SUPPLEMENTARY_EVENT,True,True,True,False,False
libero_10/task_07/state_008/clean/attempt_01,libero_10,7,8,False,-1,,,0.0,teacher_ineligible,SUPPLEMENTARY_EVENT,True,True,True,False,False
libero_10/task_07/state_009/clean/attempt_01,libero_10,7,9,False,-1,,,0.0,teacher_ineligible,SUPPLEMENTARY_EVENT,True,True,True,False,False
libero_10/task_07/state_010/clean/attempt_01,libero_10,7,10,False,-1,,,0.0,teacher_ineligible,SUPPLEMENTARY_EVENT,True,True,True,False,False
libero_10/task_07/state_011/clean/attempt_01,libero_10,7,11,False,-1,,,0.0,teacher_ineligible,SUPPLEMENTARY_EVENT,True,True,True,False,False
libero_10/task_07/state_012/clean/attempt_01,libero_10,7,12,False,-1,,,0.0,teacher_ineligible,SUPPLEMENTARY_EVENT,True,True,True,False,False
libero_10/task_07/state_013/clean/attempt_01,libero_10,7,13,False,-1,,,0.0,teacher_ineligible,SUPPLEMENTARY_EVENT,True,True,True,False,False
libero_10/task_07/state_014/clean/attempt_01,libero_10,7,14,False,-1,,,0.0,teacher_ineligible,SUPPLEMENTARY_EVENT,True,True,True,False,False
libero_10/task_07/state_015/clean/attempt_01,libero_10,7,15,False,-1,,,0.0,teacher_ineligible,SUPPLEMENTARY_EVENT,True,True,True,False,False
libero_10/task_07/state_016/clean/attempt_01,libero_10,7,16,False,-1,,,0.0,teacher_ineligible,SUPPLEMENTARY_EVENT,True,True,True,False,False
libero_10/task_07/state_017/clean/attempt_01,libero_10,7,17,False,-1,,,0.0,teacher_ineligible,SUPPLEMENTARY_EVENT,True,True,True,False,False
libero_10/task_07/state_018/clean/attempt_01,libero_10,7,18,False,-1,,,0.0,teacher_ineligible,SUPPLEMENTARY_EVENT,True,True,True,False,False
libero_10/task_07/state_019/clean/attempt_01,libero_10,7,19,False,-1,,,0.0,teacher_ineligible,SUPPLEMENTARY_EVENT,True,True,True,False,False
libero_10/task_07/state_020/clean/attempt_01,libero_10,7,20,False,-1,,,0.0,teacher_ineligible,SUPPLEMENTARY_EVENT,True,True,True,False,False
libero_10/task_07/state_021/clean/attempt_01,libero_10,7,21,False,-1,,,0.0,teacher_ineligible,SUPPLEMENTARY_EVENT,True,True,True,False,False
libero_10/task_07/state_022/clean/attempt_01,libero_10,7,22,False,-1,,,0.0,teacher_ineligible,SUPPLEMENTARY_EVENT,True,True,True,False,False
libero_10/task_07/state_023/clean/attempt_01,libero_10,7,23,False,-1,,,0.0,teacher_ineligible,SUPPLEMENTARY_EVENT,True,True,True,False,False
libero_10/task_07/state_024/clean/attempt_01,libero_10,7,24,False,-1,,,0.0,teacher_ineligible,SUPPLEMENTARY_EVENT,True,True,True,False,False
libero_10/task_07/state_025/clean/attempt_01,libero_10,7,25,False,-1,,,0.0,teacher_ineligible,SUPPLEMENTARY_EVENT,True,True,True,False,False
libero_10/task_07/state_026/clean/attempt_01,libero_10,7,26,False,-1,,,0.0,teacher_ineligible,SUPPLEMENTARY_EVENT,True,True,True,False,False
libero_10/task_07/state_027/clean/attempt_01,libero_10,7,27,False,-1,,,0.0,teacher_ineligible,SUPPLEMENTARY_EVENT,True,True,True,False,False
libero_10/task_07/state_028/clean/attempt_01,libero_10,7,28,False,-1,,,0.0,teacher_ineligible,SUPPLEMENTARY_EVENT,True,True,True,False,False
libero_10/task_07/state_029/clean/attempt_01,libero_10,7,29,False,-1,,,0.0,teacher_ineligible,SUPPLEMENTARY_EVENT,True,True,True,False,False
libero_10/task_07/state_030/clean/attempt_01,libero_10,7,30,False,-1,,,0.0,teacher_ineligible,SUPPLEMENTARY_EVENT,True,True,True,False,False
libero_10/task_07/state_031/clean/attempt_01,libero_10,7,31,False,-1,,,0.0,teacher_ineligible,SUPPLEMENTARY_EVENT,True,True,True,False,False
libero_10/task_07/state_032/clean/attempt_01,libero_10,7,32,False,-1,,,0.0,teacher_ineligible,SUPPLEMENTARY_EVENT,True,True,True,False,False
libero_10/task_07/state_033/clean/attempt_01,libero_10,7,33,False,-1,,,0.0,teacher_ineligible,SUPPLEMENTARY_EVENT,True,True,True,False,False
libero_10/task_07/state_034/clean/attempt_01,libero_10,7,34,False,-1,,,0.0,teacher_ineligible,SUPPLEMENTARY_EVENT,True,True,True,False,False
libero_10/task_07/state_035/clean/attempt_01,libero_10,7,35,False,-1,,,0.0,teacher_ineligible,SUPPLEMENTARY_EVENT,True,True,True,False,False
libero_10/task_07/state_036/clean/attempt_01,libero_10,7,36,False,-1,,,0.0,teacher_ineligible,SUPPLEMENTARY_EVENT,True,True,True,False,False
libero_10/task_07/state_037/clean/attempt_01,libero_10,7,37,False,-1,,,0.0,teacher_ineligible,SUPPLEMENTARY_EVENT,True,True,True,False,False
libero_10/task_07/state_038/clean/attempt_01,libero_10,7,38,False,-1,,,0.0,teacher_ineligible,SUPPLEMENTARY_EVENT,True,True,True,False,False
libero_10/task_07/state_039/clean/attempt_01,libero_10,7,39,False,-1,,,0.0,teacher_ineligible,SUPPLEMENTARY_EVENT,True,True,True,False,False
libero_10/task_07/state_040/clean/attempt_01,libero_10,7,40,False,-1,,,0.0,teacher_ineligible,SUPPLEMENTARY_EVENT,True,True,True,False,False
libero_10/task_07/state_041/clean/attempt_01,libero_10,7,41,False,-1,,,0.0,teacher_ineligible,SUPPLEMENTARY_EVENT,True,True,True,False,False
libero_10/task_07/state_042/clean/attempt_01,libero_10,7,42,False,-1,,,0.0,teacher_ineligible,SUPPLEMENTARY_EVENT,True,True,True,False,False
libero_10/task_07/state_043/clean/attempt_01,libero_10,7,43,False,-1,,,0.0,teacher_ineligible,SUPPLEMENTARY_EVENT,True,True,True,False,False
libero_10/task_07/state_044/clean/attempt_01,libero_10,7,44,False,-1,,,0.0,teacher_ineligible,SUPPLEMENTARY_EVENT,True,True,True,False,False
libero_10/task_07/state_045/clean/attempt_01,libero_10,7,45,False,-1,,,0.0,teacher_ineligible,SUPPLEMENTARY_EVENT,True,True,True,False,False
libero_10/task_07/state_046/clean/attempt_01,libero_10,7,46,False,-1,,,0.0,teacher_ineligible,SUPPLEMENTARY_EVENT,True,True,True,False,False
libero_10/task_07/state_047/clean/attempt_01,libero_10,7,47,False,-1,,,0.0,teacher_ineligible,SUPPLEMENTARY_EVENT,True,True,True,False,False
libero_10/task_07/state_048/clean/attempt_01,libero_10,7,48,False,-1,,,0.0,teacher_ineligible,SUPPLEMENTARY_EVENT,True,True,True,False,False
libero_10/task_07/state_049/clean/attempt_01,libero_10,7,49,False,-1,,,0.0,teacher_ineligible,SUPPLEMENTARY_EVENT,True,True,True,False,False
libero_10/task_08/state_000/clean/attempt_01,libero_10,8,0,False,-1,,,0.0,teacher_ineligible,SUPPLEMENTARY_EVENT,True,True,True,False,False
libero_10/task_08/state_001/clean/attempt_01,libero_10,8,1,False,-1,,,0.0,teacher_ineligible,SUPPLEMENTARY_EVENT,True,True,True,False,False
libero_10/task_08/state_002/clean/attempt_01,libero_10,8,2,False,-1,,,0.0,teacher_ineligible,SUPPLEMENTARY_EVENT,True,True,True,False,False
libero_10/task_08/state_003/clean/attempt_01,libero_10,8,3,False,-1,,,0.0,teacher_ineligible,SUPPLEMENTARY_EVENT,True,True,True,False,False
libero_10/task_08/state_004/clean/attempt_01,libero_10,8,4,False,-1,,,0.0,teacher_ineligible,SUPPLEMENTARY_EVENT,True,True,True,False,False
libero_10/task_08/state_005/clean/attempt_01,libero_10,8,5,False,-1,,,0.0,teacher_ineligible,SUPPLEMENTARY_EVENT,True,True,True,False,False
libero_10/task_08/state_006/clean/attempt_01,libero_10,8,6,False,-1,,,0.0,teacher_ineligible,SUPPLEMENTARY_EVENT,True,True,True,False,False
libero_10/task_08/state_007/clean/attempt_01,libero_10,8,7,False,-1,,,0.0,teacher_ineligible,SUPPLEMENTARY_EVENT,True,True,True,False,False
libero_10/task_08/state_008/clean/attempt_01,libero_10,8,8,False,-1,,,0.0,teacher_ineligible,SUPPLEMENTARY_EVENT,True,True,True,False,False
libero_10/task_08/state_009/clean/attempt_01,libero_10,8,9,False,-1,,,0.0,teacher_ineligible,SUPPLEMENTARY_EVENT,True,True,True,False,False
libero_10/task_08/state_010/clean/attempt_01,libero_10,8,10,False,-1,,,0.0,teacher_ineligible,SUPPLEMENTARY_EVENT,True,True,True,False,False
libero_10/task_08/state_011/clean/attempt_01,libero_10,8,11,False,-1,,,0.0,teacher_ineligible,SUPPLEMENTARY_EVENT,True,True,True,False,False
libero_10/task_08/state_012/clean/attempt_01,libero_10,8,12,False,-1,,,0.0,teacher_ineligible,SUPPLEMENTARY_EVENT,True,True,True,False,False
libero_10/task_08/state_013/clean/attempt_01,libero_10,8,13,False,-1,,,0.0,teacher_ineligible,SUPPLEMENTARY_EVENT,True,True,True,False,False
libero_10/task_08/state_014/clean/attempt_01,libero_10,8,14,False,-1,,,0.0,teacher_ineligible,SUPPLEMENTARY_EVENT,True,True,True,False,False
libero_10/task_08/state_015/clean/attempt_01,libero_10,8,15,False,-1,,,0.0,teacher_ineligible,SUPPLEMENTARY_EVENT,True,True,True,False,False
libero_10/task_08/state_016/clean/attempt_01,libero_10,8,16,False,-1,,,0.0,teacher_ineligible,SUPPLEMENTARY_EVENT,True,True,True,False,False
libero_10/task_08/state_017/clean/attempt_01,libero_10,8,17,False,-1,,,0.0,teacher_ineligible,SUPPLEMENTARY_EVENT,True,True,True,False,False
libero_10/task_08/state_018/clean/attempt_01,libero_10,8,18,False,-1,,,0.0,teacher_ineligible,SUPPLEMENTARY_EVENT,True,True,True,False,False
libero_10/task_08/state_019/clean/attempt_01,libero_10,8,19,False,-1,,,0.0,teacher_ineligible,SUPPLEMENTARY_EVENT,True,True,True,False,False
libero_10/task_08/state_020/clean/attempt_01,libero_10,8,20,False,-1,,,0.0,teacher_ineligible,SUPPLEMENTARY_EVENT,True,True,True,False,False
libero_10/task_08/state_021/clean/attempt_01,libero_10,8,21,False,-1,,,0.0,teacher_ineligible,SUPPLEMENTARY_EVENT,True,True,True,False,False
libero_10/task_08/state_022/clean/attempt_01,libero_10,8,22,False,-1,,,0.0,teacher_ineligible,SUPPLEMENTARY_EVENT,True,True,True,False,False
libero_10/task_08/state_023/clean/attempt_01,libero_10,8,23,False,-1,,,0.0,teacher_ineligible,SUPPLEMENTARY_EVENT,True,True,True,False,False
libero_10/task_08/state_024/clean/attempt_01,libero_10,8,24,False,-1,,,0.0,teacher_ineligible,SUPPLEMENTARY_EVENT,True,True,True,False,False
libero_10/task_08/state_025/clean/attempt_01,libero_10,8,25,False,-1,,,0.0,teacher_ineligible,SUPPLEMENTARY_EVENT,True,True,True,False,False
libero_10/task_08/state_026/clean/attempt_01,libero_10,8,26,False,-1,,,0.0,teacher_ineligible,SUPPLEMENTARY_EVENT,True,True,True,False,False
libero_10/task_08/state_027/clean/attempt_01,libero_10,8,27,False,-1,,,0.0,teacher_ineligible,SUPPLEMENTARY_EVENT,True,True,True,False,False
libero_10/task_08/state_028/clean/attempt_01,libero_10,8,28,False,-1,,,0.0,teacher_ineligible,SUPPLEMENTARY_EVENT,True,True,True,False,False
libero_10/task_08/state_029/clean/attempt_01,libero_10,8,29,False,-1,,,0.0,teacher_ineligible,SUPPLEMENTARY_EVENT,True,True,True,False,False
libero_10/task_08/state_030/clean/attempt_01,libero_10,8,30,False,-1,,,0.0,teacher_ineligible,SUPPLEMENTARY_EVENT,True,True,True,False,False
libero_10/task_08/state_031/clean/attempt_01,libero_10,8,31,False,-1,,,0.0,teacher_ineligible,SUPPLEMENTARY_EVENT,True,True,True,False,False
libero_10/task_08/state_032/clean/attempt_01,libero_10,8,32,False,-1,,,0.0,teacher_ineligible,SUPPLEMENTARY_EVENT,True,True,True,False,False
libero_10/task_08/state_033/clean/attempt_01,libero_10,8,33,False,-1,,,0.0,teacher_ineligible,SUPPLEMENTARY_EVENT,True,True,True,False,False
libero_10/task_08/state_034/clean/attempt_01,libero_10,8,34,False,-1,,,0.0,teacher_ineligible,SUPPLEMENTARY_EVENT,True,True,True,False,False
libero_10/task_08/state_035/clean/attempt_01,libero_10,8,35,False,-1,,,0.0,teacher_ineligible,SUPPLEMENTARY_EVENT,True,True,True,False,False
libero_10/task_08/state_036/clean/attempt_01,libero_10,8,36,False,-1,,,0.0,teacher_ineligible,SUPPLEMENTARY_EVENT,True,True,True,False,False
libero_10/task_08/state_037/clean/attempt_01,libero_10,8,37,False,-1,,,0.0,teacher_ineligible,SUPPLEMENTARY_EVENT,True,True,True,False,False
libero_10/task_08/state_038/clean/attempt_01,libero_10,8,38,False,-1,,,0.0,teacher_ineligible,SUPPLEMENTARY_EVENT,True,True,True,False,False
libero_10/task_08/state_039/clean/attempt_01,libero_10,8,39,False,-1,,,0.0,teacher_ineligible,SUPPLEMENTARY_EVENT,True,True,True,False,False
libero_10/task_08/state_040/clean/attempt_01,libero_10,8,40,False,-1,,,0.0,teacher_ineligible,SUPPLEMENTARY_EVENT,True,True,True,False,False
libero_10/task_08/state_041/clean/attempt_01,libero_10,8,41,False,-1,,,0.0,teacher_ineligible,SUPPLEMENTARY_EVENT,True,True,True,False,False
libero_10/task_08/state_042/clean/attempt_01,libero_10,8,42,False,-1,,,0.0,teacher_ineligible,SUPPLEMENTARY_EVENT,True,True,True,False,False
libero_10/task_08/state_043/clean/attempt_01,libero_10,8,43,False,-1,,,0.0,teacher_ineligible,SUPPLEMENTARY_EVENT,True,True,True,False,False
libero_10/task_08/state_044/clean/attempt_01,libero_10,8,44,False,-1,,,0.0,teacher_ineligible,SUPPLEMENTARY_EVENT,True,True,True,False,False
libero_10/task_08/state_045/clean/attempt_01,libero_10,8,45,False,-1,,,0.0,teacher_ineligible,SUPPLEMENTARY_EVENT,True,True,True,False,False
libero_10/task_08/state_046/clean/attempt_01,libero_10,8,46,False,-1,,,0.0,teacher_ineligible,SUPPLEMENTARY_EVENT,True,True,True,False,False
libero_10/task_08/state_047/clean/attempt_01,libero_10,8,47,False,-1,,,0.0,teacher_ineligible,SUPPLEMENTARY_EVENT,True,True,True,False,False
libero_10/task_08/state_048/clean/attempt_01,libero_10,8,48,False,-1,,,0.0,teacher_ineligible,SUPPLEMENTARY_EVENT,True,True,True,False,False
libero_10/task_08/state_049/clean/attempt_01,libero_10,8,49,False,-1,,,0.0,teacher_ineligible,SUPPLEMENTARY_EVENT,True,True,True,False,False
libero_10/task_09/state_000/clean/attempt_01,libero_10,9,0,False,-1,,,0.0,teacher_ineligible,SUPPLEMENTARY_EVENT,True,True,True,False,False
libero_10/task_09/state_001/clean/attempt_01,libero_10,9,1,False,-1,,,0.0,teacher_ineligible,SUPPLEMENTARY_EVENT,True,True,True,False,False
libero_10/task_09/state_002/clean/attempt_01,libero_10,9,2,False,-1,,,0.0,teacher_ineligible,SUPPLEMENTARY_EVENT,True,True,True,False,False
libero_10/task_09/state_003/clean/attempt_01,libero_10,9,3,False,-1,,,0.0,teacher_ineligible,SUPPLEMENTARY_EVENT,True,True,True,False,False
libero_10/task_09/state_004/clean/attempt_01,libero_10,9,4,False,-1,,,0.0,teacher_ineligible,SUPPLEMENTARY_EVENT,True,True,True,False,False
libero_10/task_09/state_005/clean/attempt_01,libero_10,9,5,False,-1,,,0.0,teacher_ineligible,SUPPLEMENTARY_EVENT,True,True,True,False,False
libero_10/task_09/state_006/clean/attempt_01,libero_10,9,6,False,-1,,,0.0,teacher_ineligible,SUPPLEMENTARY_EVENT,True,True,True,False,False
libero_10/task_09/state_007/clean/attempt_01,libero_10,9,7,False,-1,,,0.0,teacher_ineligible,SUPPLEMENTARY_EVENT,True,True,True,False,False
libero_10/task_09/state_008/clean/attempt_01,libero_10,9,8,False,-1,,,0.0,teacher_ineligible,SUPPLEMENTARY_EVENT,True,True,True,False,False
libero_10/task_09/state_009/clean/attempt_01,libero_10,9,9,False,-1,,,0.0,teacher_ineligible,SUPPLEMENTARY_EVENT,True,True,True,False,False
libero_10/task_09/state_010/clean/attempt_01,libero_10,9,10,False,-1,,,0.0,teacher_ineligible,SUPPLEMENTARY_EVENT,True,True,True,False,False
libero_10/task_09/state_011/clean/attempt_01,libero_10,9,11,False,-1,,,0.0,teacher_ineligible,SUPPLEMENTARY_EVENT,True,True,True,False,False
libero_10/task_09/state_012/clean/attempt_01,libero_10,9,12,False,-1,,,0.0,teacher_ineligible,SUPPLEMENTARY_EVENT,True,True,True,False,False
libero_10/task_09/state_013/clean/attempt_01,libero_10,9,13,False,-1,,,0.0,teacher_ineligible,SUPPLEMENTARY_EVENT,True,True,True,False,False
libero_10/task_09/state_014/clean/attempt_01,libero_10,9,14,False,-1,,,0.0,teacher_ineligible,SUPPLEMENTARY_EVENT,True,True,True,False,False
libero_10/task_09/state_015/clean/attempt_01,libero_10,9,15,False,-1,,,0.0,teacher_ineligible,SUPPLEMENTARY_EVENT,True,True,True,False,False
libero_10/task_09/state_016/clean/attempt_01,libero_10,9,16,False,-1,,,0.0,teacher_ineligible,SUPPLEMENTARY_EVENT,True,True,True,False,False
libero_10/task_09/state_017/clean/attempt_01,libero_10,9,17,False,-1,,,0.0,teacher_ineligible,SUPPLEMENTARY_EVENT,True,True,True,False,False
libero_10/task_09/state_018/clean/attempt_01,libero_10,9,18,False,-1,,,0.0,teacher_ineligible,SUPPLEMENTARY_EVENT,True,True,True,False,False
libero_10/task_09/state_019/clean/attempt_01,libero_10,9,19,False,-1,,,0.0,teacher_ineligible,SUPPLEMENTARY_EVENT,True,True,True,False,False
libero_10/task_09/state_020/clean/attempt_01,libero_10,9,20,False,-1,,,0.0,teacher_ineligible,SUPPLEMENTARY_EVENT,True,True,True,False,False
libero_10/task_09/state_021/clean/attempt_01,libero_10,9,21,False,-1,,,0.0,teacher_ineligible,SUPPLEMENTARY_EVENT,True,True,True,False,False
libero_10/task_09/state_022/clean/attempt_01,libero_10,9,22,False,-1,,,0.0,teacher_ineligible,SUPPLEMENTARY_EVENT,True,True,True,False,False
libero_10/task_09/state_023/clean/attempt_01,libero_10,9,23,False,-1,,,0.0,teacher_ineligible,SUPPLEMENTARY_EVENT,True,True,True,False,False
libero_10/task_09/state_024/clean/attempt_01,libero_10,9,24,False,-1,,,0.0,teacher_ineligible,SUPPLEMENTARY_EVENT,True,True,True,False,False
libero_10/task_09/state_025/clean/attempt_01,libero_10,9,25,False,-1,,,0.0,teacher_ineligible,SUPPLEMENTARY_EVENT,True,True,True,False,False
libero_10/task_09/state_026/clean/attempt_01,libero_10,9,26,False,-1,,,0.0,teacher_ineligible,SUPPLEMENTARY_EVENT,True,True,True,False,False
libero_10/task_09/state_027/clean/attempt_01,libero_10,9,27,False,-1,,,0.0,teacher_ineligible,SUPPLEMENTARY_EVENT,True,True,True,False,False
libero_10/task_09/state_028/clean/attempt_01,libero_10,9,28,False,-1,,,0.0,teacher_ineligible,SUPPLEMENTARY_EVENT,True,True,True,False,False
libero_10/task_09/state_029/clean/attempt_01,libero_10,9,29,False,-1,,,0.0,teacher_ineligible,SUPPLEMENTARY_EVENT,True,True,True,False,False
libero_10/task_09/state_030/clean/attempt_01,libero_10,9,30,False,-1,,,0.0,teacher_ineligible,SUPPLEMENTARY_EVENT,True,True,True,False,False
libero_10/task_09/state_031/clean/attempt_01,libero_10,9,31,False,-1,,,0.0,teacher_ineligible,SUPPLEMENTARY_EVENT,True,True,True,False,False
libero_10/task_09/state_032/clean/attempt_01,libero_10,9,32,False,-1,,,0.0,teacher_ineligible,SUPPLEMENTARY_EVENT,True,True,True,False,False
libero_10/task_09/state_033/clean/attempt_01,libero_10,9,33,False,-1,,,0.0,teacher_ineligible,SUPPLEMENTARY_EVENT,True,True,True,False,False
libero_10/task_09/state_034/clean/attempt_01,libero_10,9,34,False,-1,,,0.0,teacher_ineligible,SUPPLEMENTARY_EVENT,True,True,True,False,False
libero_10/task_09/state_035/clean/attempt_01,libero_10,9,35,False,-1,,,0.0,teacher_ineligible,SUPPLEMENTARY_EVENT,True,True,True,False,False
libero_10/task_09/state_036/clean/attempt_01,libero_10,9,36,False,-1,,,0.0,teacher_ineligible,SUPPLEMENTARY_EVENT,True,True,True,False,False
libero_10/task_09/state_037/clean/attempt_01,libero_10,9,37,False,-1,,,0.0,teacher_ineligible,SUPPLEMENTARY_EVENT,True,True,True,False,False
libero_10/task_09/state_038/clean/attempt_01,libero_10,9,38,False,-1,,,0.0,teacher_ineligible,SUPPLEMENTARY_EVENT,True,True,True,False,False
libero_10/task_09/state_039/clean/attempt_01,libero_10,9,39,False,-1,,,0.0,teacher_ineligible,SUPPLEMENTARY_EVENT,True,True,True,False,False
libero_10/task_09/state_040/clean/attempt_01,libero_10,9,40,False,-1,,,0.0,teacher_ineligible,SUPPLEMENTARY_EVENT,True,True,True,False,False
libero_10/task_09/state_041/clean/attempt_01,libero_10,9,41,False,-1,,,0.0,teacher_ineligible,SUPPLEMENTARY_EVENT,True,True,True,False,False
libero_10/task_09/state_042/clean/attempt_01,libero_10,9,42,False,-1,,,0.0,teacher_ineligible,SUPPLEMENTARY_EVENT,True,True,True,False,False
libero_10/task_09/state_043/clean/attempt_01,libero_10,9,43,False,-1,,,0.0,teacher_ineligible,SUPPLEMENTARY_EVENT,True,True,True,False,False
libero_10/task_09/state_044/clean/attempt_01,libero_10,9,44,False,-1,,,0.0,teacher_ineligible,SUPPLEMENTARY_EVENT,True,True,True,False,False
libero_10/task_09/state_045/clean/attempt_01,libero_10,9,45,False,-1,,,0.0,teacher_ineligible,SUPPLEMENTARY_EVENT,True,True,True,False,False
libero_10/task_09/state_046/clean/attempt_01,libero_10,9,46,False,-1,,,0.0,teacher_ineligible,SUPPLEMENTARY_EVENT,True,True,True,False,False
libero_10/task_09/state_047/clean/attempt_01,libero_10,9,47,False,-1,,,0.0,teacher_ineligible,SUPPLEMENTARY_EVENT,True,True,True,False,False
libero_10/task_09/state_048/clean/attempt_01,libero_10,9,48,False,-1,,,0.0,teacher_ineligible,SUPPLEMENTARY_EVENT,True,True,True,False,False
libero_10/task_09/state_049/clean/attempt_01,libero_10,9,49,False,-1,,,0.0,teacher_ineligible,SUPPLEMENTARY_EVENT,True,True,True,False,False
libero_goal/task_00/state_000/clean/attempt_01,libero_goal,0,0,False,-1,,,0.0,teacher_ineligible,SUPPLEMENTARY_EVENT,True,True,True,False,False
libero_goal/task_00/state_001/clean/attempt_01,libero_goal,0,1,False,-1,,,0.0,teacher_ineligible,SUPPLEMENTARY_EVENT,True,True,True,False,False
libero_goal/task_00/state_002/clean/attempt_01,libero_goal,0,2,False,-1,,,0.0,teacher_ineligible,SUPPLEMENTARY_EVENT,True,True,True,False,False
libero_goal/task_00/state_003/clean/attempt_01,libero_goal,0,3,False,-1,,,0.0,teacher_ineligible,SUPPLEMENTARY_EVENT,True,True,True,False,False
libero_goal/task_00/state_004/clean/attempt_01,libero_goal,0,4,False,-1,,,0.0,teacher_ineligible,SUPPLEMENTARY_EVENT,True,True,True,False,False
libero_goal/task_00/state_005/clean/attempt_01,libero_goal,0,5,False,-1,,,0.0,teacher_ineligible,SUPPLEMENTARY_EVENT,True,True,True,False,False
libero_goal/task_00/state_006/clean/attempt_01,libero_goal,0,6,False,-1,,,0.0,teacher_ineligible,SUPPLEMENTARY_EVENT,True,True,True,False,False
libero_goal/task_00/state_007/clean/attempt_01,libero_goal,0,7,False,-1,,,0.0,teacher_ineligible,SUPPLEMENTARY_EVENT,True,True,True,False,False
libero_goal/task_00/state_008/clean/attempt_01,libero_goal,0,8,False,-1,,,0.0,teacher_ineligible,SUPPLEMENTARY_EVENT,True,True,True,False,False
libero_goal/task_00/state_009/clean/attempt_01,libero_goal,0,9,False,-1,,,0.0,teacher_ineligible,SUPPLEMENTARY_EVENT,True,True,True,False,False
libero_goal/task_00/state_010/clean/attempt_01,libero_goal,0,10,False,-1,,,0.0,teacher_ineligible,SUPPLEMENTARY_EVENT,True,True,True,False,False
libero_goal/task_00/state_011/clean/attempt_01,libero_goal,0,11,False,-1,,,0.0,teacher_ineligible,SUPPLEMENTARY_EVENT,True,True,True,False,False
libero_goal/task_00/state_012/clean/attempt_01,libero_goal,0,12,False,-1,,,0.0,teacher_ineligible,SUPPLEMENTARY_EVENT,True,True,True,False,False
libero_goal/task_00/state_013/clean/attempt_01,libero_goal,0,13,False,-1,,,0.0,teacher_ineligible,SUPPLEMENTARY_EVENT,True,True,True,False,False
libero_goal/task_00/state_014/clean/attempt_01,libero_goal,0,14,False,-1,,,0.0,teacher_ineligible,SUPPLEMENTARY_EVENT,True,True,True,False,False
libero_goal/task_00/state_015/clean/attempt_01,libero_goal,0,15,False,-1,,,0.0,teacher_ineligible,SUPPLEMENTARY_EVENT,True,True,True,False,False
libero_goal/task_00/state_016/clean/attempt_01,libero_goal,0,16,False,-1,,,0.0,teacher_ineligible,SUPPLEMENTARY_EVENT,True,True,True,False,False
libero_goal/task_00/state_017/clean/attempt_01,libero_goal,0,17,False,-1,,,0.0,teacher_ineligible,SUPPLEMENTARY_EVENT,True,True,True,False,False
libero_goal/task_00/state_018/clean/attempt_01,libero_goal,0,18,False,-1,,,0.0,teacher_ineligible,SUPPLEMENTARY_EVENT,True,True,True,False,False
libero_goal/task_00/state_019/clean/attempt_01,libero_goal,0,19,False,-1,,,0.0,teacher_ineligible,SUPPLEMENTARY_EVENT,True,True,True,False,False
libero_goal/task_00/state_020/clean/attempt_01,libero_goal,0,20,False,-1,,,0.0,teacher_ineligible,SUPPLEMENTARY_EVENT,True,True,True,False,False
libero_goal/task_00/state_021/clean/attempt_01,libero_goal,0,21,False,-1,,,0.0,teacher_ineligible,SUPPLEMENTARY_EVENT,True,True,True,False,False
libero_goal/task_00/state_022/clean/attempt_01,libero_goal,0,22,False,-1,,,0.0,teacher_ineligible,SUPPLEMENTARY_EVENT,True,True,True,False,False
libero_goal/task_00/state_023/clean/attempt_01,libero_goal,0,23,False,-1,,,0.0,teacher_ineligible,SUPPLEMENTARY_EVENT,True,True,True,False,False
libero_goal/task_00/state_024/clean/attempt_01,libero_goal,0,24,False,-1,,,0.0,teacher_ineligible,SUPPLEMENTARY_EVENT,True,True,True,False,False
libero_goal/task_00/state_025/clean/attempt_01,libero_goal,0,25,False,-1,,,0.0,teacher_ineligible,SUPPLEMENTARY_EVENT,True,True,True,False,False
libero_goal/task_00/state_026/clean/attempt_01,libero_goal,0,26,False,-1,,,0.0,teacher_ineligible,SUPPLEMENTARY_EVENT,True,True,True,False,False
libero_goal/task_00/state_027/clean/attempt_01,libero_goal,0,27,False,-1,,,0.0,teacher_ineligible,SUPPLEMENTARY_EVENT,True,True,True,False,False
libero_goal/task_00/state_028/clean/attempt_01,libero_goal,0,28,False,-1,,,0.0,teacher_ineligible,SUPPLEMENTARY_EVENT,True,True,True,False,False
libero_goal/task_00/state_029/clean/attempt_01,libero_goal,0,29,False,-1,,,0.0,teacher_ineligible,SUPPLEMENTARY_EVENT,True,True,True,False,False
libero_goal/task_00/state_030/clean/attempt_01,libero_goal,0,30,False,-1,,,0.0,teacher_ineligible,SUPPLEMENTARY_EVENT,True,True,True,False,False
libero_goal/task_00/state_031/clean/attempt_01,libero_goal,0,31,False,-1,,,0.0,teacher_ineligible,SUPPLEMENTARY_EVENT,True,True,True,False,False
libero_goal/task_00/state_032/clean/attempt_01,libero_goal,0,32,False,-1,,,0.0,teacher_ineligible,SUPPLEMENTARY_EVENT,True,True,True,False,False
libero_goal/task_00/state_033/clean/attempt_01,libero_goal,0,33,False,-1,,,0.0,teacher_ineligible,SUPPLEMENTARY_EVENT,True,True,True,False,False
libero_goal/task_00/state_034/clean/attempt_01,libero_goal,0,34,False,-1,,,0.0,teacher_ineligible,SUPPLEMENTARY_EVENT,True,True,True,False,False
libero_goal/task_00/state_035/clean/attempt_01,libero_goal,0,35,False,-1,,,0.0,teacher_ineligible,SUPPLEMENTARY_EVENT,True,True,True,False,False
libero_goal/task_00/state_036/clean/attempt_01,libero_goal,0,36,False,-1,,,0.0,teacher_ineligible,SUPPLEMENTARY_EVENT,True,True,True,False,False
libero_goal/task_00/state_037/clean/attempt_01,libero_goal,0,37,False,-1,,,0.0,teacher_ineligible,SUPPLEMENTARY_EVENT,True,True,True,False,False
libero_goal/task_00/state_038/clean/attempt_01,libero_goal,0,38,False,-1,,,0.0,teacher_ineligible,SUPPLEMENTARY_EVENT,True,True,True,False,False
libero_goal/task_00/state_039/clean/attempt_01,libero_goal,0,39,False,-1,,,0.0,teacher_ineligible,SUPPLEMENTARY_EVENT,True,True,True,False,False
libero_goal/task_00/state_040/clean/attempt_01,libero_goal,0,40,False,-1,,,0.0,teacher_ineligible,SUPPLEMENTARY_EVENT,True,True,True,False,False
libero_goal/task_00/state_041/clean/attempt_01,libero_goal,0,41,False,-1,,,0.0,teacher_ineligible,SUPPLEMENTARY_EVENT,True,True,True,False,False
libero_goal/task_00/state_042/clean/attempt_01,libero_goal,0,42,False,-1,,,0.0,teacher_ineligible,SUPPLEMENTARY_EVENT,True,True,True,False,False
libero_goal/task_00/state_043/clean/attempt_01,libero_goal,0,43,False,-1,,,0.0,teacher_ineligible,SUPPLEMENTARY_EVENT,True,True,True,False,False
libero_goal/task_00/state_044/clean/attempt_01,libero_goal,0,44,False,-1,,,0.0,teacher_ineligible,SUPPLEMENTARY_EVENT,True,True,True,False,False
libero_goal/task_00/state_045/clean/attempt_01,libero_goal,0,45,False,-1,,,0.0,teacher_ineligible,SUPPLEMENTARY_EVENT,True,True,True,False,False
libero_goal/task_00/state_046/clean/attempt_01,libero_goal,0,46,False,-1,,,0.0,teacher_ineligible,SUPPLEMENTARY_EVENT,True,True,True,False,False
libero_goal/task_00/state_047/clean/attempt_01,libero_goal,0,47,False,-1,,,0.0,teacher_ineligible,SUPPLEMENTARY_EVENT,True,True,True,False,False
libero_goal/task_00/state_048/clean/attempt_01,libero_goal,0,48,False,-1,,,0.0,teacher_ineligible,SUPPLEMENTARY_EVENT,True,True,True,False,False
libero_goal/task_00/state_049/clean/attempt_01,libero_goal,0,49,False,-1,,,0.0,teacher_ineligible,SUPPLEMENTARY_EVENT,True,True,True,False,False
libero_goal/task_01/state_000/clean/attempt_01,libero_goal,1,0,True,0,,,0.5,,PRIMARY_ELIGIBLE,True,True,False,True,True
libero_goal/task_01/state_001/clean/attempt_01,libero_goal,1,1,True,0,,,0.5,,PRIMARY_ELIGIBLE,True,True,False,True,True
libero_goal/task_01/state_002/clean/attempt_01,libero_goal,1,2,True,0,,,0.5,,PRIMARY_ELIGIBLE,True,True,False,True,True
libero_goal/task_01/state_003/clean/attempt_01,libero_goal,1,3,True,0,,,0.5,,PRIMARY_ELIGIBLE,True,True,False,True,True
libero_goal/task_01/state_004/clean/attempt_01,libero_goal,1,4,True,0,,,0.5,,PRIMARY_ELIGIBLE,True,True,False,True,True
libero_goal/task_01/state_005/clean/attempt_01,libero_goal,1,5,True,0,,,0.5,,PRIMARY_ELIGIBLE,True,True,False,True,True
libero_goal/task_01/state_006/clean/attempt_01,libero_goal,1,6,True,0,,,0.5,,PRIMARY_ELIGIBLE,True,True,False,True,True
libero_goal/task_01/state_007/clean/attempt_01,libero_goal,1,7,True,0,,,0.5,,CLEAN_FAILURE_SAFETY,True,True,False,True,True
libero_goal/task_01/state_008/clean/attempt_01,libero_goal,1,8,True,0,,,0.5,,PRIMARY_ELIGIBLE,True,True,False,True,True
libero_goal/task_01/state_009/clean/attempt_01,libero_goal,1,9,True,0,,,0.5,,PRIMARY_ELIGIBLE,True,True,False,True,True
libero_goal/task_01/state_010/clean/attempt_01,libero_goal,1,10,True,0,,,0.5,,PRIMARY_ELIGIBLE,True,True,False,True,True
libero_goal/task_01/state_011/clean/attempt_01,libero_goal,1,11,True,0,,,0.5,,CLEAN_FAILURE_SAFETY,True,True,False,True,True
libero_goal/task_01/state_012/clean/attempt_01,libero_goal,1,12,True,0,,,0.5,,CLEAN_FAILURE_SAFETY,True,True,False,True,True
libero_goal/task_01/state_013/clean/attempt_01,libero_goal,1,13,True,0,,,0.5,,PRIMARY_ELIGIBLE,True,True,False,True,True
libero_goal/task_01/state_014/clean/attempt_01,libero_goal,1,14,True,0,,,0.5,,PRIMARY_ELIGIBLE,True,True,False,True,True
libero_goal/task_01/state_015/clean/attempt_01,libero_goal,1,15,True,0,,,0.5,,PRIMARY_ELIGIBLE,True,True,False,True,True
libero_goal/task_01/state_016/clean/attempt_01,libero_goal,1,16,True,0,,,0.5,,PRIMARY_ELIGIBLE,True,True,False,True,True
libero_goal/task_01/state_017/clean/attempt_01,libero_goal,1,17,True,0,,,0.5,,PRIMARY_ELIGIBLE,True,True,False,True,True
libero_goal/task_01/state_018/clean/attempt_01,libero_goal,1,18,True,0,,,0.5,,CLEAN_FAILURE_SAFETY,True,True,False,True,True
libero_goal/task_01/state_019/clean/attempt_01,libero_goal,1,19,True,0,,,0.5,,PRIMARY_ELIGIBLE,True,True,False,True,True
libero_goal/task_01/state_020/clean/attempt_01,libero_goal,1,20,True,0,,,0.5,,PRIMARY_ELIGIBLE,True,True,False,True,True
libero_goal/task_01/state_021/clean/attempt_01,libero_goal,1,21,True,0,,,0.5,,PRIMARY_ELIGIBLE,True,True,False,True,True
libero_goal/task_01/state_022/clean/attempt_01,libero_goal,1,22,True,0,,,0.5,,PRIMARY_ELIGIBLE,True,True,False,True,True
libero_goal/task_01/state_023/clean/attempt_01,libero_goal,1,23,True,0,,,0.5,,PRIMARY_ELIGIBLE,True,True,False,True,True
libero_goal/task_01/state_024/clean/attempt_01,libero_goal,1,24,True,0,,,0.5,,CLEAN_FAILURE_SAFETY,True,True,False,True,True
libero_goal/task_01/state_025/clean/attempt_01,libero_goal,1,25,True,0,,,0.5,,PRIMARY_ELIGIBLE,True,True,False,True,True
libero_goal/task_01/state_026/clean/attempt_01,libero_goal,1,26,True,0,,,0.5,,PRIMARY_ELIGIBLE,True,True,False,True,True
libero_goal/task_01/state_027/clean/attempt_01,libero_goal,1,27,True,0,,,0.5,,PRIMARY_ELIGIBLE,True,True,False,True,True
libero_goal/task_01/state_028/clean/attempt_01,libero_goal,1,28,True,0,,,0.5,,PRIMARY_ELIGIBLE,True,True,False,True,True
libero_goal/task_01/state_029/clean/attempt_01,libero_goal,1,29,True,0,,,0.5,,PRIMARY_ELIGIBLE,True,True,False,True,True
libero_goal/task_01/state_030/clean/attempt_01,libero_goal,1,30,True,0,,,0.5,,PRIMARY_ELIGIBLE,True,True,False,True,True
libero_goal/task_01/state_031/clean/attempt_01,libero_goal,1,31,True,0,,,0.5,,PRIMARY_ELIGIBLE,True,True,False,True,True
libero_goal/task_01/state_032/clean/attempt_01,libero_goal,1,32,True,0,,,0.5,,PRIMARY_ELIGIBLE,True,True,False,True,True
libero_goal/task_01/state_033/clean/attempt_01,libero_goal,1,33,True,0,,,0.5,,PRIMARY_ELIGIBLE,True,True,False,True,True
libero_goal/task_01/state_034/clean/attempt_01,libero_goal,1,34,True,0,,,0.5,,PRIMARY_ELIGIBLE,True,True,False,True,True
libero_goal/task_01/state_035/clean/attempt_01,libero_goal,1,35,True,0,,,0.5,,PRIMARY_ELIGIBLE,True,True,False,True,True
libero_goal/task_01/state_036/clean/attempt_01,libero_goal,1,36,True,0,,,0.5,,PRIMARY_ELIGIBLE,True,True,False,True,True
libero_goal/task_01/state_037/clean/attempt_01,libero_goal,1,37,True,0,,,0.5,,PRIMARY_ELIGIBLE,True,True,False,True,True
libero_goal/task_01/state_038/clean/attempt_01,libero_goal,1,38,True,0,,,0.5,,PRIMARY_ELIGIBLE,True,True,False,True,True
libero_goal/task_01/state_039/clean/attempt_01,libero_goal,1,39,True,0,,,0.5,,PRIMARY_ELIGIBLE,True,True,False,True,True
libero_goal/task_01/state_040/clean/attempt_01,libero_goal,1,40,True,0,,,0.5,,PRIMARY_ELIGIBLE,True,True,False,True,True
libero_goal/task_01/state_041/clean/attempt_01,libero_goal,1,41,True,0,,,0.5,,CLEAN_FAILURE_SAFETY,True,True,False,True,True
libero_goal/task_01/state_042/clean/attempt_01,libero_goal,1,42,True,0,,,0.5,,CLEAN_FAILURE_SAFETY,True,True,False,True,True
libero_goal/task_01/state_043/clean/attempt_01,libero_goal,1,43,True,0,,,0.5,,PRIMARY_ELIGIBLE,True,True,False,True,True
libero_goal/task_01/state_044/clean/attempt_01,libero_goal,1,44,True,0,,,0.5,,PRIMARY_ELIGIBLE,True,True,False,True,True
libero_goal/task_01/state_045/clean/attempt_01,libero_goal,1,45,True,0,,,0.5,,PRIMARY_ELIGIBLE,True,True,False,True,True
libero_goal/task_01/state_046/clean/attempt_01,libero_goal,1,46,True,0,,,0.5,,PRIMARY_ELIGIBLE,True,True,False,True,True
libero_goal/task_01/state_047/clean/attempt_01,libero_goal,1,47,True,0,,,0.5,,PRIMARY_ELIGIBLE,True,True,False,True,True
libero_goal/task_01/state_048/clean/attempt_01,libero_goal,1,48,True,0,,,0.5,,PRIMARY_ELIGIBLE,True,True,False,True,True
libero_goal/task_01/state_049/clean/attempt_01,libero_goal,1,49,True,0,,,0.5,,PRIMARY_ELIGIBLE,True,True,False,True,True
libero_goal/task_02/state_000/clean/attempt_01,libero_goal,2,0,True,0,,,0.5,,PRIMARY_ELIGIBLE,True,True,False,True,True
libero_goal/task_02/state_001/clean/attempt_01,libero_goal,2,1,True,0,,,0.5,,CLEAN_FAILURE_SAFETY,True,True,False,True,True
libero_goal/task_02/state_002/clean/attempt_01,libero_goal,2,2,True,0,,,0.5,,PRIMARY_ELIGIBLE,True,True,False,True,True
libero_goal/task_02/state_003/clean/attempt_01,libero_goal,2,3,True,0,,,0.5,,PRIMARY_ELIGIBLE,True,True,False,True,True
libero_goal/task_02/state_004/clean/attempt_01,libero_goal,2,4,True,0,,,0.5,,PRIMARY_ELIGIBLE,True,True,False,True,True
libero_goal/task_02/state_005/clean/attempt_01,libero_goal,2,5,True,0,,,0.5,,CLEAN_FAILURE_SAFETY,True,True,False,True,True
libero_goal/task_02/state_006/clean/attempt_01,libero_goal,2,6,True,0,,,0.5,,PRIMARY_ELIGIBLE,True,True,False,True,True
libero_goal/task_02/state_007/clean/attempt_01,libero_goal,2,7,True,0,,,0.5,,PRIMARY_ELIGIBLE,True,True,False,True,True
libero_goal/task_02/state_008/clean/attempt_01,libero_goal,2,8,True,0,,,0.5,,CLEAN_FAILURE_SAFETY,True,True,False,True,True
libero_goal/task_02/state_009/clean/attempt_01,libero_goal,2,9,True,0,,,0.5,,PRIMARY_ELIGIBLE,True,True,False,True,True
libero_goal/task_02/state_010/clean/attempt_01,libero_goal,2,10,True,0,,,0.5,,PRIMARY_ELIGIBLE,True,True,False,True,True
libero_goal/task_02/state_011/clean/attempt_01,libero_goal,2,11,True,0,,,0.5,,PRIMARY_ELIGIBLE,True,True,False,True,True
libero_goal/task_02/state_012/clean/attempt_01,libero_goal,2,12,True,0,,,0.5,,PRIMARY_ELIGIBLE,True,True,False,True,True
libero_goal/task_02/state_013/clean/attempt_01,libero_goal,2,13,True,0,,,0.5,,PRIMARY_ELIGIBLE,True,True,False,True,True
libero_goal/task_02/state_014/clean/attempt_01,libero_goal,2,14,True,0,,,0.5,,CLEAN_FAILURE_SAFETY,True,True,False,True,True
libero_goal/task_02/state_015/clean/attempt_01,libero_goal,2,15,True,0,,,0.5,,PRIMARY_ELIGIBLE,True,True,False,True,True
libero_goal/task_02/state_016/clean/attempt_01,libero_goal,2,16,True,0,,,0.5,,PRIMARY_ELIGIBLE,True,True,False,True,True
libero_goal/task_02/state_017/clean/attempt_01,libero_goal,2,17,True,0,,,0.5,,PRIMARY_ELIGIBLE,True,True,False,True,True
libero_goal/task_02/state_018/clean/attempt_01,libero_goal,2,18,True,0,,,0.5,,PRIMARY_ELIGIBLE,True,True,False,True,True
libero_goal/task_02/state_019/clean/attempt_01,libero_goal,2,19,True,0,,,0.5,,PRIMARY_ELIGIBLE,True,True,False,True,True
libero_goal/task_02/state_020/clean/attempt_01,libero_goal,2,20,True,0,,,0.5,,PRIMARY_ELIGIBLE,True,True,False,True,True
libero_goal/task_02/state_021/clean/attempt_01,libero_goal,2,21,True,0,,,0.5,,PRIMARY_ELIGIBLE,True,True,False,True,True
libero_goal/task_02/state_022/clean/attempt_01,libero_goal,2,22,True,0,,,0.5,,PRIMARY_ELIGIBLE,True,True,False,True,True
libero_goal/task_02/state_023/clean/attempt_01,libero_goal,2,23,True,0,,,0.5,,PRIMARY_ELIGIBLE,True,True,False,True,True
libero_goal/task_02/state_024/clean/attempt_01,libero_goal,2,24,True,0,,,0.5,,PRIMARY_ELIGIBLE,True,True,False,True,True
libero_goal/task_02/state_025/clean/attempt_01,libero_goal,2,25,True,0,,,0.5,,PRIMARY_ELIGIBLE,True,True,False,True,True
libero_goal/task_02/state_026/clean/attempt_01,libero_goal,2,26,True,0,,,0.5,,PRIMARY_ELIGIBLE,True,True,False,True,True
libero_goal/task_02/state_027/clean/attempt_01,libero_goal,2,27,True,0,,,0.5,,PRIMARY_ELIGIBLE,True,True,False,True,True
libero_goal/task_02/state_028/clean/attempt_01,libero_goal,2,28,True,0,,,0.5,,CLEAN_FAILURE_SAFETY,True,True,False,True,True
libero_goal/task_02/state_029/clean/attempt_01,libero_goal,2,29,True,0,,,0.5,,PRIMARY_ELIGIBLE,True,True,False,True,True
libero_goal/task_02/state_030/clean/attempt_01,libero_goal,2,30,True,0,,,0.5,,CLEAN_FAILURE_SAFETY,True,True,False,True,True
libero_goal/task_02/state_031/clean/attempt_01,libero_goal,2,31,True,0,,,0.5,,PRIMARY_ELIGIBLE,True,True,False,True,True
libero_goal/task_02/state_032/clean/attempt_01,libero_goal,2,32,True,0,,,0.5,,PRIMARY_ELIGIBLE,True,True,False,True,True
libero_goal/task_02/state_033/clean/attempt_01,libero_goal,2,33,True,0,,,0.5,,CLEAN_FAILURE_SAFETY,True,True,False,True,True
libero_goal/task_02/state_034/clean/attempt_01,libero_goal,2,34,True,0,,,0.5,,CLEAN_FAILURE_SAFETY,True,True,False,True,True
libero_goal/task_02/state_035/clean/attempt_01,libero_goal,2,35,True,0,,,0.5,,CLEAN_FAILURE_SAFETY,True,True,False,True,True
libero_goal/task_02/state_036/clean/attempt_01,libero_goal,2,36,True,0,,,0.5,,PRIMARY_ELIGIBLE,True,True,False,True,True
libero_goal/task_02/state_037/clean/attempt_01,libero_goal,2,37,True,0,,,0.5,,PRIMARY_ELIGIBLE,True,True,False,True,True
libero_goal/task_02/state_038/clean/attempt_01,libero_goal,2,38,True,0,,,0.5,,PRIMARY_ELIGIBLE,True,True,False,True,True
libero_goal/task_02/state_039/clean/attempt_01,libero_goal,2,39,True,0,,,0.5,,PRIMARY_ELIGIBLE,True,True,False,True,True
libero_goal/task_02/state_040/clean/attempt_01,libero_goal,2,40,True,0,,,0.5,,PRIMARY_ELIGIBLE,True,True,False,True,True
libero_goal/task_02/state_041/clean/attempt_01,libero_goal,2,41,True,0,,,0.5,,PRIMARY_ELIGIBLE,True,True,False,True,True
libero_goal/task_02/state_042/clean/attempt_01,libero_goal,2,42,True,0,,,0.5,,PRIMARY_ELIGIBLE,True,True,False,True,True
libero_goal/task_02/state_043/clean/attempt_01,libero_goal,2,43,True,0,,,0.5,,PRIMARY_ELIGIBLE,True,True,False,True,True
libero_goal/task_02/state_044/clean/attempt_01,libero_goal,2,44,True,0,,,0.5,,PRIMARY_ELIGIBLE,True,True,False,True,True
libero_goal/task_02/state_045/clean/attempt_01,libero_goal,2,45,True,0,,,0.5,,PRIMARY_ELIGIBLE,True,True,False,True,True
libero_goal/task_02/state_046/clean/attempt_01,libero_goal,2,46,True,0,,,0.5,,PRIMARY_ELIGIBLE,True,True,False,True,True
libero_goal/task_02/state_047/clean/attempt_01,libero_goal,2,47,True,0,,,0.5,,PRIMARY_ELIGIBLE,True,True,False,True,True
libero_goal/task_02/state_048/clean/attempt_01,libero_goal,2,48,True,0,,,0.5,,PRIMARY_ELIGIBLE,True,True,False,True,True
libero_goal/task_02/state_049/clean/attempt_01,libero_goal,2,49,True,0,,,0.5,,CLEAN_FAILURE_SAFETY,True,True,False,True,True
libero_goal/task_03/state_000/clean/attempt_01,libero_goal,3,0,False,-1,,,0.0,teacher_ineligible,SUPPLEMENTARY_EVENT,True,True,True,False,False
libero_goal/task_03/state_001/clean/attempt_01,libero_goal,3,1,False,-1,,,0.0,teacher_ineligible,SUPPLEMENTARY_EVENT,True,True,True,False,False
libero_goal/task_03/state_002/clean/attempt_01,libero_goal,3,2,False,-1,,,0.0,teacher_ineligible,SUPPLEMENTARY_EVENT,True,True,True,False,False
libero_goal/task_03/state_003/clean/attempt_01,libero_goal,3,3,False,-1,,,0.0,teacher_ineligible,SUPPLEMENTARY_EVENT,True,True,True,False,False
libero_goal/task_03/state_004/clean/attempt_01,libero_goal,3,4,False,-1,,,0.0,teacher_ineligible,SUPPLEMENTARY_EVENT,True,True,True,False,False
libero_goal/task_03/state_005/clean/attempt_01,libero_goal,3,5,False,-1,,,0.0,teacher_ineligible,SUPPLEMENTARY_EVENT,True,True,True,False,False
libero_goal/task_03/state_006/clean/attempt_01,libero_goal,3,6,False,-1,,,0.0,teacher_ineligible,SUPPLEMENTARY_EVENT,True,True,True,False,False
libero_goal/task_03/state_007/clean/attempt_01,libero_goal,3,7,False,-1,,,0.0,teacher_ineligible,SUPPLEMENTARY_EVENT,True,True,True,False,False
libero_goal/task_03/state_008/clean/attempt_01,libero_goal,3,8,False,-1,,,0.0,teacher_ineligible,SUPPLEMENTARY_EVENT,True,True,True,False,False
libero_goal/task_03/state_009/clean/attempt_01,libero_goal,3,9,False,-1,,,0.0,teacher_ineligible,SUPPLEMENTARY_EVENT,True,True,True,False,False
libero_goal/task_03/state_010/clean/attempt_01,libero_goal,3,10,False,-1,,,0.0,teacher_ineligible,SUPPLEMENTARY_EVENT,True,True,True,False,False
libero_goal/task_03/state_011/clean/attempt_01,libero_goal,3,11,False,-1,,,0.0,teacher_ineligible,SUPPLEMENTARY_EVENT,True,True,True,False,False
libero_goal/task_03/state_012/clean/attempt_01,libero_goal,3,12,False,-1,,,0.0,teacher_ineligible,SUPPLEMENTARY_EVENT,True,True,True,False,False
libero_goal/task_03/state_013/clean/attempt_01,libero_goal,3,13,False,-1,,,0.0,teacher_ineligible,SUPPLEMENTARY_EVENT,True,True,True,False,False
libero_goal/task_03/state_014/clean/attempt_01,libero_goal,3,14,False,-1,,,0.0,teacher_ineligible,SUPPLEMENTARY_EVENT,True,True,True,False,False
libero_goal/task_03/state_015/clean/attempt_01,libero_goal,3,15,False,-1,,,0.0,teacher_ineligible,SUPPLEMENTARY_EVENT,True,True,True,False,False
libero_goal/task_03/state_016/clean/attempt_01,libero_goal,3,16,False,-1,,,0.0,teacher_ineligible,SUPPLEMENTARY_EVENT,True,True,True,False,False
libero_goal/task_03/state_017/clean/attempt_01,libero_goal,3,17,False,-1,,,0.0,teacher_ineligible,SUPPLEMENTARY_EVENT,True,True,True,False,False
libero_goal/task_03/state_018/clean/attempt_01,libero_goal,3,18,False,-1,,,0.0,teacher_ineligible,SUPPLEMENTARY_EVENT,True,True,True,False,False
libero_goal/task_03/state_019/clean/attempt_01,libero_goal,3,19,False,-1,,,0.0,teacher_ineligible,SUPPLEMENTARY_EVENT,True,True,True,False,False
libero_goal/task_03/state_020/clean/attempt_01,libero_goal,3,20,False,-1,,,0.0,teacher_ineligible,SUPPLEMENTARY_EVENT,True,True,True,False,False
libero_goal/task_03/state_021/clean/attempt_01,libero_goal,3,21,False,-1,,,0.0,teacher_ineligible,SUPPLEMENTARY_EVENT,True,True,True,False,False
libero_goal/task_03/state_022/clean/attempt_01,libero_goal,3,22,False,-1,,,0.0,teacher_ineligible,SUPPLEMENTARY_EVENT,True,True,True,False,False
libero_goal/task_03/state_023/clean/attempt_01,libero_goal,3,23,False,-1,,,0.0,teacher_ineligible,SUPPLEMENTARY_EVENT,True,True,True,False,False
libero_goal/task_03/state_024/clean/attempt_01,libero_goal,3,24,False,-1,,,0.0,teacher_ineligible,SUPPLEMENTARY_EVENT,True,True,True,False,False
libero_goal/task_03/state_025/clean/attempt_01,libero_goal,3,25,False,-1,,,0.0,teacher_ineligible,SUPPLEMENTARY_EVENT,True,True,True,False,False
libero_goal/task_03/state_026/clean/attempt_01,libero_goal,3,26,False,-1,,,0.0,teacher_ineligible,SUPPLEMENTARY_EVENT,True,True,True,False,False
libero_goal/task_03/state_027/clean/attempt_01,libero_goal,3,27,False,-1,,,0.0,teacher_ineligible,SUPPLEMENTARY_EVENT,True,True,True,False,False
libero_goal/task_03/state_028/clean/attempt_01,libero_goal,3,28,False,-1,,,0.0,teacher_ineligible,SUPPLEMENTARY_EVENT,True,True,True,False,False
libero_goal/task_03/state_029/clean/attempt_01,libero_goal,3,29,False,-1,,,0.0,teacher_ineligible,SUPPLEMENTARY_EVENT,True,True,True,False,False
libero_goal/task_03/state_030/clean/attempt_01,libero_goal,3,30,False,-1,,,0.0,teacher_ineligible,SUPPLEMENTARY_EVENT,True,True,True,False,False
libero_goal/task_03/state_031/clean/attempt_01,libero_goal,3,31,False,-1,,,0.0,teacher_ineligible,SUPPLEMENTARY_EVENT,True,True,True,False,False
libero_goal/task_03/state_032/clean/attempt_01,libero_goal,3,32,False,-1,,,0.0,teacher_ineligible,SUPPLEMENTARY_EVENT,True,True,True,False,False
libero_goal/task_03/state_033/clean/attempt_01,libero_goal,3,33,False,-1,,,0.0,teacher_ineligible,SUPPLEMENTARY_EVENT,True,True,True,False,False
libero_goal/task_03/state_034/clean/attempt_01,libero_goal,3,34,False,-1,,,0.0,teacher_ineligible,SUPPLEMENTARY_EVENT,True,True,True,False,False
libero_goal/task_03/state_035/clean/attempt_01,libero_goal,3,35,False,-1,,,0.0,teacher_ineligible,SUPPLEMENTARY_EVENT,True,True,True,False,False
libero_goal/task_03/state_036/clean/attempt_01,libero_goal,3,36,False,-1,,,0.0,teacher_ineligible,SUPPLEMENTARY_EVENT,True,True,True,False,False
libero_goal/task_03/state_037/clean/attempt_01,libero_goal,3,37,False,-1,,,0.0,teacher_ineligible,SUPPLEMENTARY_EVENT,True,True,True,False,False
libero_goal/task_03/state_038/clean/attempt_01,libero_goal,3,38,False,-1,,,0.0,teacher_ineligible,SUPPLEMENTARY_EVENT,True,True,True,False,False
libero_goal/task_03/state_039/clean/attempt_01,libero_goal,3,39,False,-1,,,0.0,teacher_ineligible,SUPPLEMENTARY_EVENT,True,True,True,False,False
libero_goal/task_03/state_040/clean/attempt_01,libero_goal,3,40,False,-1,,,0.0,teacher_ineligible,SUPPLEMENTARY_EVENT,True,True,True,False,False
libero_goal/task_03/state_041/clean/attempt_01,libero_goal,3,41,False,-1,,,0.0,teacher_ineligible,SUPPLEMENTARY_EVENT,True,True,True,False,False
libero_goal/task_03/state_042/clean/attempt_01,libero_goal,3,42,False,-1,,,0.0,teacher_ineligible,SUPPLEMENTARY_EVENT,True,True,True,False,False
libero_goal/task_03/state_043/clean/attempt_01,libero_goal,3,43,False,-1,,,0.0,teacher_ineligible,SUPPLEMENTARY_EVENT,True,True,True,False,False
libero_goal/task_03/state_044/clean/attempt_01,libero_goal,3,44,False,-1,,,0.0,teacher_ineligible,SUPPLEMENTARY_EVENT,True,True,True,False,False
libero_goal/task_03/state_045/clean/attempt_01,libero_goal,3,45,False,-1,,,0.0,teacher_ineligible,SUPPLEMENTARY_EVENT,True,True,True,False,False
libero_goal/task_03/state_046/clean/attempt_01,libero_goal,3,46,False,-1,,,0.0,teacher_ineligible,SUPPLEMENTARY_EVENT,True,True,True,False,False
libero_goal/task_03/state_047/clean/attempt_01,libero_goal,3,47,False,-1,,,0.0,teacher_ineligible,SUPPLEMENTARY_EVENT,True,True,True,False,False
libero_goal/task_03/state_048/clean/attempt_01,libero_goal,3,48,False,-1,,,0.0,teacher_ineligible,SUPPLEMENTARY_EVENT,True,True,True,False,False
libero_goal/task_03/state_049/clean/attempt_01,libero_goal,3,49,False,-1,,,0.0,teacher_ineligible,SUPPLEMENTARY_EVENT,True,True,True,False,False
libero_goal/task_04/state_000/clean/attempt_01,libero_goal,4,0,True,0,,,0.5,,CLEAN_FAILURE_SAFETY,True,True,False,True,True
libero_goal/task_04/state_001/clean/attempt_01,libero_goal,4,1,True,0,,,0.5,,PRIMARY_ELIGIBLE,True,True,False,True,True
libero_goal/task_04/state_002/clean/attempt_01,libero_goal,4,2,True,0,,,0.5,,PRIMARY_ELIGIBLE,True,True,False,True,True
libero_goal/task_04/state_003/clean/attempt_01,libero_goal,4,3,True,0,,,0.5,,PRIMARY_ELIGIBLE,True,True,False,True,True
libero_goal/task_04/state_004/clean/attempt_01,libero_goal,4,4,True,0,,,0.5,,PRIMARY_ELIGIBLE,True,True,False,True,True
libero_goal/task_04/state_005/clean/attempt_01,libero_goal,4,5,True,0,,,0.5,,PRIMARY_ELIGIBLE,True,True,False,True,True
libero_goal/task_04/state_006/clean/attempt_01,libero_goal,4,6,True,0,,,0.5,,PRIMARY_ELIGIBLE,True,True,False,True,True
libero_goal/task_04/state_007/clean/attempt_01,libero_goal,4,7,True,0,,,0.5,,PRIMARY_ELIGIBLE,True,True,False,True,True
libero_goal/task_04/state_008/clean/attempt_01,libero_goal,4,8,True,0,,,0.5,,PRIMARY_ELIGIBLE,True,True,False,True,True
libero_goal/task_04/state_009/clean/attempt_01,libero_goal,4,9,True,0,,,0.5,,PRIMARY_ELIGIBLE,True,True,False,True,True
libero_goal/task_04/state_010/clean/attempt_01,libero_goal,4,10,True,0,,,0.5,,PRIMARY_ELIGIBLE,True,True,False,True,True
libero_goal/task_04/state_011/clean/attempt_01,libero_goal,4,11,True,0,,,0.5,,PRIMARY_ELIGIBLE,True,True,False,True,True
libero_goal/task_04/state_012/clean/attempt_01,libero_goal,4,12,True,0,,,0.5,,PRIMARY_ELIGIBLE,True,True,False,True,True
libero_goal/task_04/state_013/clean/attempt_01,libero_goal,4,13,True,0,,,0.5,,PRIMARY_ELIGIBLE,True,True,False,True,True
libero_goal/task_04/state_014/clean/attempt_01,libero_goal,4,14,True,0,,,0.5,,PRIMARY_ELIGIBLE,True,True,False,True,True
libero_goal/task_04/state_015/clean/attempt_01,libero_goal,4,15,True,0,,,0.5,,PRIMARY_ELIGIBLE,True,True,False,True,True
libero_goal/task_04/state_016/clean/attempt_01,libero_goal,4,16,True,0,,,0.5,,PRIMARY_ELIGIBLE,True,True,False,True,True
libero_goal/task_04/state_017/clean/attempt_01,libero_goal,4,17,True,0,,,0.5,,PRIMARY_ELIGIBLE,True,True,False,True,True
libero_goal/task_04/state_018/clean/attempt_01,libero_goal,4,18,True,0,,,0.5,,PRIMARY_ELIGIBLE,True,True,False,True,True
libero_goal/task_04/state_019/clean/attempt_01,libero_goal,4,19,True,0,,,0.5,,PRIMARY_ELIGIBLE,True,True,False,True,True
libero_goal/task_04/state_020/clean/attempt_01,libero_goal,4,20,True,0,,,0.5,,PRIMARY_ELIGIBLE,True,True,False,True,True
libero_goal/task_04/state_021/clean/attempt_01,libero_goal,4,21,True,0,,,0.5,,PRIMARY_ELIGIBLE,True,True,False,True,True
libero_goal/task_04/state_022/clean/attempt_01,libero_goal,4,22,True,0,,,0.5,,PRIMARY_ELIGIBLE,True,True,False,True,True
libero_goal/task_04/state_023/clean/attempt_01,libero_goal,4,23,True,0,,,0.5,,PRIMARY_ELIGIBLE,True,True,False,True,True
libero_goal/task_04/state_024/clean/attempt_01,libero_goal,4,24,True,0,,,0.5,,PRIMARY_ELIGIBLE,True,True,False,True,True
libero_goal/task_04/state_025/clean/attempt_01,libero_goal,4,25,True,0,,,0.5,,PRIMARY_ELIGIBLE,True,True,False,True,True
libero_goal/task_04/state_026/clean/attempt_01,libero_goal,4,26,True,0,,,0.5,,PRIMARY_ELIGIBLE,True,True,False,True,True
libero_goal/task_04/state_027/clean/attempt_01,libero_goal,4,27,True,0,,,0.5,,PRIMARY_ELIGIBLE,True,True,False,True,True
libero_goal/task_04/state_028/clean/attempt_01,libero_goal,4,28,True,0,,,0.5,,PRIMARY_ELIGIBLE,True,True,False,True,True
libero_goal/task_04/state_029/clean/attempt_01,libero_goal,4,29,True,0,,,0.5,,PRIMARY_ELIGIBLE,True,True,False,True,True
libero_goal/task_04/state_030/clean/attempt_01,libero_goal,4,30,True,0,,,0.5,,PRIMARY_ELIGIBLE,True,True,False,True,True
libero_goal/task_04/state_031/clean/attempt_01,libero_goal,4,31,True,0,,,0.5,,PRIMARY_ELIGIBLE,True,True,False,True,True
libero_goal/task_04/state_032/clean/attempt_01,libero_goal,4,32,True,0,,,0.5,,PRIMARY_ELIGIBLE,True,True,False,True,True
libero_goal/task_04/state_033/clean/attempt_01,libero_goal,4,33,True,0,,,0.5,,PRIMARY_ELIGIBLE,True,True,False,True,True
libero_goal/task_04/state_034/clean/attempt_01,libero_goal,4,34,True,0,,,0.5,,PRIMARY_ELIGIBLE,True,True,False,True,True
libero_goal/task_04/state_035/clean/attempt_01,libero_goal,4,35,True,0,,,0.5,,PRIMARY_ELIGIBLE,True,True,False,True,True
libero_goal/task_04/state_036/clean/attempt_01,libero_goal,4,36,True,0,,,0.5,,PRIMARY_ELIGIBLE,True,True,False,True,True
libero_goal/task_04/state_037/clean/attempt_01,libero_goal,4,37,True,0,,,0.5,,PRIMARY_ELIGIBLE,True,True,False,True,True
libero_goal/task_04/state_038/clean/attempt_01,libero_goal,4,38,True,0,,,0.5,,PRIMARY_ELIGIBLE,True,True,False,True,True
libero_goal/task_04/state_039/clean/attempt_01,libero_goal,4,39,True,0,,,0.5,,PRIMARY_ELIGIBLE,True,True,False,True,True
libero_goal/task_04/state_040/clean/attempt_01,libero_goal,4,40,True,0,,,0.5,,PRIMARY_ELIGIBLE,True,True,False,True,True
libero_goal/task_04/state_041/clean/attempt_01,libero_goal,4,41,True,0,,,0.5,,PRIMARY_ELIGIBLE,True,True,False,True,True
libero_goal/task_04/state_042/clean/attempt_01,libero_goal,4,42,True,0,,,0.5,,PRIMARY_ELIGIBLE,True,True,False,True,True
libero_goal/task_04/state_043/clean/attempt_01,libero_goal,4,43,True,0,,,0.5,,PRIMARY_ELIGIBLE,True,True,False,True,True
libero_goal/task_04/state_044/clean/attempt_01,libero_goal,4,44,True,0,,,0.5,,PRIMARY_ELIGIBLE,True,True,False,True,True
libero_goal/task_04/state_045/clean/attempt_01,libero_goal,4,45,True,0,,,0.5,,PRIMARY_ELIGIBLE,True,True,False,True,True
libero_goal/task_04/state_046/clean/attempt_01,libero_goal,4,46,True,0,,,0.5,,PRIMARY_ELIGIBLE,True,True,False,True,True
libero_goal/task_04/state_047/clean/attempt_01,libero_goal,4,47,True,0,,,0.5,,PRIMARY_ELIGIBLE,True,True,False,True,True
libero_goal/task_04/state_048/clean/attempt_01,libero_goal,4,48,True,0,,,0.5,,PRIMARY_ELIGIBLE,True,True,False,True,True
libero_goal/task_04/state_049/clean/attempt_01,libero_goal,4,49,True,0,,,0.5,,PRIMARY_ELIGIBLE,True,True,False,True,True
libero_goal/task_05/state_000/clean/attempt_01,libero_goal,5,0,False,-1,,,0.0,teacher_ineligible,SUPPLEMENTARY_EVENT,True,True,True,False,False
libero_goal/task_05/state_001/clean/attempt_01,libero_goal,5,1,False,-1,,,0.0,teacher_ineligible,SUPPLEMENTARY_EVENT,True,True,True,False,False
libero_goal/task_05/state_002/clean/attempt_01,libero_goal,5,2,False,-1,,,0.0,teacher_ineligible,SUPPLEMENTARY_EVENT,True,True,True,False,False
libero_goal/task_05/state_003/clean/attempt_01,libero_goal,5,3,False,-1,,,0.0,teacher_ineligible,SUPPLEMENTARY_EVENT,True,True,True,False,False
libero_goal/task_05/state_004/clean/attempt_01,libero_goal,5,4,False,-1,,,0.0,teacher_ineligible,SUPPLEMENTARY_EVENT,True,True,True,False,False
libero_goal/task_05/state_005/clean/attempt_01,libero_goal,5,5,False,-1,,,0.0,teacher_ineligible,SUPPLEMENTARY_EVENT,True,True,True,False,False
libero_goal/task_05/state_006/clean/attempt_01,libero_goal,5,6,False,-1,,,0.0,teacher_ineligible,SUPPLEMENTARY_EVENT,True,True,True,False,False
libero_goal/task_05/state_007/clean/attempt_01,libero_goal,5,7,False,-1,,,0.0,teacher_ineligible,SUPPLEMENTARY_EVENT,True,True,True,False,False
libero_goal/task_05/state_008/clean/attempt_01,libero_goal,5,8,False,-1,,,0.0,teacher_ineligible,SUPPLEMENTARY_EVENT,True,True,True,False,False
libero_goal/task_05/state_009/clean/attempt_01,libero_goal,5,9,False,-1,,,0.0,teacher_ineligible,SUPPLEMENTARY_EVENT,True,True,True,False,False
libero_goal/task_05/state_010/clean/attempt_01,libero_goal,5,10,False,-1,,,0.0,teacher_ineligible,SUPPLEMENTARY_EVENT,True,True,True,False,False
libero_goal/task_05/state_011/clean/attempt_01,libero_goal,5,11,False,-1,,,0.0,teacher_ineligible,SUPPLEMENTARY_EVENT,True,True,True,False,False
libero_goal/task_05/state_012/clean/attempt_01,libero_goal,5,12,False,-1,,,0.0,teacher_ineligible,SUPPLEMENTARY_EVENT,True,True,True,False,False
libero_goal/task_05/state_013/clean/attempt_01,libero_goal,5,13,False,-1,,,0.0,teacher_ineligible,SUPPLEMENTARY_EVENT,True,True,True,False,False
libero_goal/task_05/state_014/clean/attempt_01,libero_goal,5,14,False,-1,,,0.0,teacher_ineligible,SUPPLEMENTARY_EVENT,True,True,True,False,False
libero_goal/task_05/state_015/clean/attempt_01,libero_goal,5,15,False,-1,,,0.0,teacher_ineligible,SUPPLEMENTARY_EVENT,True,True,True,False,False
libero_goal/task_05/state_016/clean/attempt_01,libero_goal,5,16,False,-1,,,0.0,teacher_ineligible,SUPPLEMENTARY_EVENT,True,True,True,False,False
libero_goal/task_05/state_017/clean/attempt_01,libero_goal,5,17,False,-1,,,0.0,teacher_ineligible,SUPPLEMENTARY_EVENT,True,True,True,False,False
libero_goal/task_05/state_018/clean/attempt_01,libero_goal,5,18,False,-1,,,0.0,teacher_ineligible,SUPPLEMENTARY_EVENT,True,True,True,False,False
libero_goal/task_05/state_019/clean/attempt_01,libero_goal,5,19,False,-1,,,0.0,teacher_ineligible,SUPPLEMENTARY_EVENT,True,True,True,False,False
libero_goal/task_05/state_020/clean/attempt_01,libero_goal,5,20,False,-1,,,0.0,teacher_ineligible,SUPPLEMENTARY_EVENT,True,True,True,False,False
libero_goal/task_05/state_021/clean/attempt_01,libero_goal,5,21,False,-1,,,0.0,teacher_ineligible,SUPPLEMENTARY_EVENT,True,True,True,False,False
libero_goal/task_05/state_022/clean/attempt_01,libero_goal,5,22,False,-1,,,0.0,teacher_ineligible,SUPPLEMENTARY_EVENT,True,True,True,False,False
libero_goal/task_05/state_023/clean/attempt_01,libero_goal,5,23,False,-1,,,0.0,teacher_ineligible,SUPPLEMENTARY_EVENT,True,True,True,False,False
libero_goal/task_05/state_024/clean/attempt_01,libero_goal,5,24,False,-1,,,0.0,teacher_ineligible,SUPPLEMENTARY_EVENT,True,True,True,False,False
libero_goal/task_05/state_025/clean/attempt_01,libero_goal,5,25,False,-1,,,0.0,teacher_ineligible,SUPPLEMENTARY_EVENT,True,True,True,False,False
libero_goal/task_05/state_026/clean/attempt_01,libero_goal,5,26,False,-1,,,0.0,teacher_ineligible,SUPPLEMENTARY_EVENT,True,True,True,False,False
libero_goal/task_05/state_027/clean/attempt_01,libero_goal,5,27,False,-1,,,0.0,teacher_ineligible,SUPPLEMENTARY_EVENT,True,True,True,False,False
libero_goal/task_05/state_028/clean/attempt_01,libero_goal,5,28,False,-1,,,0.0,teacher_ineligible,SUPPLEMENTARY_EVENT,True,True,True,False,False
libero_goal/task_05/state_029/clean/attempt_01,libero_goal,5,29,False,-1,,,0.0,teacher_ineligible,SUPPLEMENTARY_EVENT,True,True,True,False,False
libero_goal/task_05/state_030/clean/attempt_01,libero_goal,5,30,False,-1,,,0.0,teacher_ineligible,SUPPLEMENTARY_EVENT,True,True,True,False,False
libero_goal/task_05/state_031/clean/attempt_01,libero_goal,5,31,False,-1,,,0.0,teacher_ineligible,SUPPLEMENTARY_EVENT,True,True,True,False,False
libero_goal/task_05/state_032/clean/attempt_01,libero_goal,5,32,False,-1,,,0.0,teacher_ineligible,SUPPLEMENTARY_EVENT,True,True,True,False,False
libero_goal/task_05/state_033/clean/attempt_01,libero_goal,5,33,False,-1,,,0.0,teacher_ineligible,SUPPLEMENTARY_EVENT,True,True,True,False,False
libero_goal/task_05/state_034/clean/attempt_01,libero_goal,5,34,False,-1,,,0.0,teacher_ineligible,SUPPLEMENTARY_EVENT,True,True,True,False,False
libero_goal/task_05/state_035/clean/attempt_01,libero_goal,5,35,False,-1,,,0.0,teacher_ineligible,SUPPLEMENTARY_EVENT,True,True,True,False,False
libero_goal/task_05/state_036/clean/attempt_01,libero_goal,5,36,False,-1,,,0.0,teacher_ineligible,SUPPLEMENTARY_EVENT,True,True,True,False,False
libero_goal/task_05/state_037/clean/attempt_01,libero_goal,5,37,False,-1,,,0.0,teacher_ineligible,SUPPLEMENTARY_EVENT,True,True,True,False,False
libero_goal/task_05/state_038/clean/attempt_01,libero_goal,5,38,False,-1,,,0.0,teacher_ineligible,SUPPLEMENTARY_EVENT,True,True,True,False,False
libero_goal/task_05/state_039/clean/attempt_01,libero_goal,5,39,False,-1,,,0.0,teacher_ineligible,SUPPLEMENTARY_EVENT,True,True,True,False,False
libero_goal/task_05/state_040/clean/attempt_01,libero_goal,5,40,False,-1,,,0.0,teacher_ineligible,SUPPLEMENTARY_EVENT,True,True,True,False,False
libero_goal/task_05/state_041/clean/attempt_01,libero_goal,5,41,False,-1,,,0.0,teacher_ineligible,SUPPLEMENTARY_EVENT,True,True,True,False,False
libero_goal/task_05/state_042/clean/attempt_01,libero_goal,5,42,False,-1,,,0.0,teacher_ineligible,SUPPLEMENTARY_EVENT,True,True,True,False,False
libero_goal/task_05/state_043/clean/attempt_01,libero_goal,5,43,False,-1,,,0.0,teacher_ineligible,SUPPLEMENTARY_EVENT,True,True,True,False,False
libero_goal/task_05/state_044/clean/attempt_01,libero_goal,5,44,False,-1,,,0.0,teacher_ineligible,SUPPLEMENTARY_EVENT,True,True,True,False,False
libero_goal/task_05/state_045/clean/attempt_01,libero_goal,5,45,False,-1,,,0.0,teacher_ineligible,SUPPLEMENTARY_EVENT,True,True,True,False,False
libero_goal/task_05/state_046/clean/attempt_01,libero_goal,5,46,False,-1,,,0.0,teacher_ineligible,SUPPLEMENTARY_EVENT,True,True,True,False,False
libero_goal/task_05/state_047/clean/attempt_01,libero_goal,5,47,False,-1,,,0.0,teacher_ineligible,SUPPLEMENTARY_EVENT,True,True,True,False,False
libero_goal/task_05/state_048/clean/attempt_01,libero_goal,5,48,False,-1,,,0.0,teacher_ineligible,SUPPLEMENTARY_EVENT,True,True,True,False,False
libero_goal/task_05/state_049/clean/attempt_01,libero_goal,5,49,False,-1,,,0.0,teacher_ineligible,SUPPLEMENTARY_EVENT,True,True,True,False,False
libero_goal/task_06/state_000/clean/attempt_01,libero_goal,6,0,True,0,,,0.5,,PRIMARY_ELIGIBLE,True,True,False,True,True
libero_goal/task_06/state_001/clean/attempt_01,libero_goal,6,1,True,0,,,0.5,,CLEAN_FAILURE_SAFETY,True,True,False,True,True
libero_goal/task_06/state_002/clean/attempt_01,libero_goal,6,2,True,0,,,0.5,,CLEAN_FAILURE_SAFETY,True,True,False,True,True
libero_goal/task_06/state_003/clean/attempt_01,libero_goal,6,3,True,0,,,0.5,,PRIMARY_ELIGIBLE,True,True,False,True,True
libero_goal/task_06/state_004/clean/attempt_01,libero_goal,6,4,True,0,,,0.5,,CLEAN_FAILURE_SAFETY,True,True,False,True,True
libero_goal/task_06/state_005/clean/attempt_01,libero_goal,6,5,True,0,,,0.5,,CLEAN_FAILURE_SAFETY,True,True,False,True,True
libero_goal/task_06/state_006/clean/attempt_01,libero_goal,6,6,True,0,,,0.5,,PRIMARY_ELIGIBLE,True,True,False,True,True
libero_goal/task_06/state_007/clean/attempt_01,libero_goal,6,7,True,0,,,0.5,,PRIMARY_ELIGIBLE,True,True,False,True,True
libero_goal/task_06/state_008/clean/attempt_01,libero_goal,6,8,True,0,,,0.5,,PRIMARY_ELIGIBLE,True,True,False,True,True
libero_goal/task_06/state_009/clean/attempt_01,libero_goal,6,9,True,0,,,0.5,,PRIMARY_ELIGIBLE,True,True,False,True,True
libero_goal/task_06/state_010/clean/attempt_01,libero_goal,6,10,True,0,,,0.5,,PRIMARY_ELIGIBLE,True,True,False,True,True
libero_goal/task_06/state_011/clean/attempt_01,libero_goal,6,11,True,0,,,0.5,,CLEAN_FAILURE_SAFETY,True,True,False,True,True
libero_goal/task_06/state_012/clean/attempt_01,libero_goal,6,12,True,0,,,0.5,,PRIMARY_ELIGIBLE,True,True,False,True,True
libero_goal/task_06/state_013/clean/attempt_01,libero_goal,6,13,True,0,,,0.5,,PRIMARY_ELIGIBLE,True,True,False,True,True
libero_goal/task_06/state_014/clean/attempt_01,libero_goal,6,14,True,0,,,0.5,,CLEAN_FAILURE_SAFETY,True,True,False,True,True
libero_goal/task_06/state_015/clean/attempt_01,libero_goal,6,15,True,0,,,0.5,,PRIMARY_ELIGIBLE,True,True,False,True,True
libero_goal/task_06/state_016/clean/attempt_01,libero_goal,6,16,True,0,,,0.5,,PRIMARY_ELIGIBLE,True,True,False,True,True
libero_goal/task_06/state_017/clean/attempt_01,libero_goal,6,17,True,0,,,0.5,,CLEAN_FAILURE_SAFETY,True,True,False,True,True
libero_goal/task_06/state_018/clean/attempt_01,libero_goal,6,18,True,0,,,0.5,,PRIMARY_ELIGIBLE,True,True,False,True,True
libero_goal/task_06/state_019/clean/attempt_01,libero_goal,6,19,True,0,,,0.5,,CLEAN_FAILURE_SAFETY,True,True,False,True,True
libero_goal/task_06/state_020/clean/attempt_01,libero_goal,6,20,True,0,,,0.5,,CLEAN_FAILURE_SAFETY,True,True,False,True,True
libero_goal/task_06/state_021/clean/attempt_01,libero_goal,6,21,True,0,,,0.5,,PRIMARY_ELIGIBLE,True,True,False,True,True
libero_goal/task_06/state_022/clean/attempt_01,libero_goal,6,22,True,0,,,0.5,,PRIMARY_ELIGIBLE,True,True,False,True,True
libero_goal/task_06/state_023/clean/attempt_01,libero_goal,6,23,True,0,,,0.5,,CLEAN_FAILURE_SAFETY,True,True,False,True,True
libero_goal/task_06/state_024/clean/attempt_01,libero_goal,6,24,True,0,,,0.5,,PRIMARY_ELIGIBLE,True,True,False,True,True
libero_goal/task_06/state_025/clean/attempt_01,libero_goal,6,25,True,0,,,0.5,,PRIMARY_ELIGIBLE,True,True,False,True,True
libero_goal/task_06/state_026/clean/attempt_01,libero_goal,6,26,True,0,,,0.5,,PRIMARY_ELIGIBLE,True,True,False,True,True
libero_goal/task_06/state_027/clean/attempt_01,libero_goal,6,27,True,0,,,0.5,,PRIMARY_ELIGIBLE,True,True,False,True,True
libero_goal/task_06/state_028/clean/attempt_01,libero_goal,6,28,True,0,,,0.5,,CLEAN_FAILURE_SAFETY,True,True,False,True,True
libero_goal/task_06/state_029/clean/attempt_01,libero_goal,6,29,True,0,,,0.5,,PRIMARY_ELIGIBLE,True,True,False,True,True
libero_goal/task_06/state_030/clean/attempt_01,libero_goal,6,30,True,0,,,0.5,,PRIMARY_ELIGIBLE,True,True,False,True,True
libero_goal/task_06/state_031/clean/attempt_01,libero_goal,6,31,True,0,,,0.5,,PRIMARY_ELIGIBLE,True,True,False,True,True
libero_goal/task_06/state_032/clean/attempt_01,libero_goal,6,32,True,0,,,0.5,,PRIMARY_ELIGIBLE,True,True,False,True,True
libero_goal/task_06/state_033/clean/attempt_01,libero_goal,6,33,True,0,,,0.5,,PRIMARY_ELIGIBLE,True,True,False,True,True
libero_goal/task_06/state_034/clean/attempt_01,libero_goal,6,34,True,0,,,0.5,,CLEAN_FAILURE_SAFETY,True,True,False,True,True
libero_goal/task_06/state_035/clean/attempt_01,libero_goal,6,35,True,0,,,0.5,,PRIMARY_ELIGIBLE,True,True,False,True,True
libero_goal/task_06/state_036/clean/attempt_01,libero_goal,6,36,True,0,,,0.5,,PRIMARY_ELIGIBLE,True,True,False,True,True
libero_goal/task_06/state_037/clean/attempt_01,libero_goal,6,37,True,0,,,0.5,,PRIMARY_ELIGIBLE,True,True,False,True,True
libero_goal/task_06/state_038/clean/attempt_01,libero_goal,6,38,True,0,,,0.5,,PRIMARY_ELIGIBLE,True,True,False,True,True
libero_goal/task_06/state_039/clean/attempt_01,libero_goal,6,39,True,0,,,0.5,,PRIMARY_ELIGIBLE,True,True,False,True,True
libero_goal/task_06/state_040/clean/attempt_01,libero_goal,6,40,True,0,,,0.5,,CLEAN_FAILURE_SAFETY,True,True,False,True,True
libero_goal/task_06/state_041/clean/attempt_01,libero_goal,6,41,True,0,,,0.5,,PRIMARY_ELIGIBLE,True,True,False,True,True
libero_goal/task_06/state_042/clean/attempt_01,libero_goal,6,42,True,0,,,0.5,,PRIMARY_ELIGIBLE,True,True,False,True,True
libero_goal/task_06/state_043/clean/attempt_01,libero_goal,6,43,True,0,,,0.5,,PRIMARY_ELIGIBLE,True,True,False,True,True
libero_goal/task_06/state_044/clean/attempt_01,libero_goal,6,44,True,0,,,0.5,,PRIMARY_ELIGIBLE,True,True,False,True,True
libero_goal/task_06/state_045/clean/attempt_01,libero_goal,6,45,True,0,,,0.5,,PRIMARY_ELIGIBLE,True,True,False,True,True
libero_goal/task_06/state_046/clean/attempt_01,libero_goal,6,46,True,0,,,0.5,,CLEAN_FAILURE_SAFETY,True,True,False,True,True
libero_goal/task_06/state_047/clean/attempt_01,libero_goal,6,47,True,0,,,0.5,,CLEAN_FAILURE_SAFETY,True,True,False,True,True
libero_goal/task_06/state_048/clean/attempt_01,libero_goal,6,48,True,0,,,0.5,,PRIMARY_ELIGIBLE,True,True,False,True,True
libero_goal/task_06/state_049/clean/attempt_01,libero_goal,6,49,True,0,,,0.5,,CLEAN_FAILURE_SAFETY,True,True,False,True,True
libero_goal/task_07/state_000/clean/attempt_01,libero_goal,7,0,False,-1,,,0.0,teacher_ineligible,SUPPLEMENTARY_EVENT,True,True,True,False,False
libero_goal/task_07/state_001/clean/attempt_01,libero_goal,7,1,False,-1,,,0.0,teacher_ineligible,SUPPLEMENTARY_EVENT,True,True,True,False,False
libero_goal/task_07/state_002/clean/attempt_01,libero_goal,7,2,False,-1,,,0.0,teacher_ineligible,SUPPLEMENTARY_EVENT,True,True,True,False,False
libero_goal/task_07/state_003/clean/attempt_01,libero_goal,7,3,False,-1,,,0.0,teacher_ineligible,SUPPLEMENTARY_EVENT,True,True,True,False,False
libero_goal/task_07/state_004/clean/attempt_01,libero_goal,7,4,False,-1,,,0.0,teacher_ineligible,SUPPLEMENTARY_EVENT,True,True,True,False,False
libero_goal/task_07/state_005/clean/attempt_01,libero_goal,7,5,False,-1,,,0.0,teacher_ineligible,SUPPLEMENTARY_EVENT,True,True,True,False,False
libero_goal/task_07/state_006/clean/attempt_01,libero_goal,7,6,False,-1,,,0.0,teacher_ineligible,SUPPLEMENTARY_EVENT,True,True,True,False,False
libero_goal/task_07/state_007/clean/attempt_01,libero_goal,7,7,False,-1,,,0.0,teacher_ineligible,SUPPLEMENTARY_EVENT,True,True,True,False,False
libero_goal/task_07/state_008/clean/attempt_01,libero_goal,7,8,False,-1,,,0.0,teacher_ineligible,SUPPLEMENTARY_EVENT,True,True,True,False,False
libero_goal/task_07/state_009/clean/attempt_01,libero_goal,7,9,False,-1,,,0.0,teacher_ineligible,SUPPLEMENTARY_EVENT,True,True,True,False,False
libero_goal/task_07/state_010/clean/attempt_01,libero_goal,7,10,False,-1,,,0.0,teacher_ineligible,SUPPLEMENTARY_EVENT,True,True,True,False,False
libero_goal/task_07/state_011/clean/attempt_01,libero_goal,7,11,False,-1,,,0.0,teacher_ineligible,SUPPLEMENTARY_EVENT,True,True,True,False,False
libero_goal/task_07/state_012/clean/attempt_01,libero_goal,7,12,False,-1,,,0.0,teacher_ineligible,SUPPLEMENTARY_EVENT,True,True,True,False,False
libero_goal/task_07/state_013/clean/attempt_01,libero_goal,7,13,False,-1,,,0.0,teacher_ineligible,SUPPLEMENTARY_EVENT,True,True,True,False,False
libero_goal/task_07/state_014/clean/attempt_01,libero_goal,7,14,False,-1,,,0.0,teacher_ineligible,SUPPLEMENTARY_EVENT,True,True,True,False,False
libero_goal/task_07/state_015/clean/attempt_01,libero_goal,7,15,False,-1,,,0.0,teacher_ineligible,SUPPLEMENTARY_EVENT,True,True,True,False,False
libero_goal/task_07/state_016/clean/attempt_01,libero_goal,7,16,False,-1,,,0.0,teacher_ineligible,SUPPLEMENTARY_EVENT,True,True,True,False,False
libero_goal/task_07/state_017/clean/attempt_01,libero_goal,7,17,False,-1,,,0.0,teacher_ineligible,SUPPLEMENTARY_EVENT,True,True,True,False,False
libero_goal/task_07/state_018/clean/attempt_01,libero_goal,7,18,False,-1,,,0.0,teacher_ineligible,SUPPLEMENTARY_EVENT,True,True,True,False,False
libero_goal/task_07/state_019/clean/attempt_01,libero_goal,7,19,False,-1,,,0.0,teacher_ineligible,SUPPLEMENTARY_EVENT,True,True,True,False,False
libero_goal/task_07/state_020/clean/attempt_01,libero_goal,7,20,False,-1,,,0.0,teacher_ineligible,SUPPLEMENTARY_EVENT,True,True,True,False,False
libero_goal/task_07/state_021/clean/attempt_01,libero_goal,7,21,False,-1,,,0.0,teacher_ineligible,SUPPLEMENTARY_EVENT,True,True,True,False,False
libero_goal/task_07/state_022/clean/attempt_01,libero_goal,7,22,False,-1,,,0.0,teacher_ineligible,SUPPLEMENTARY_EVENT,True,True,True,False,False
libero_goal/task_07/state_023/clean/attempt_01,libero_goal,7,23,False,-1,,,0.0,teacher_ineligible,SUPPLEMENTARY_EVENT,True,True,True,False,False
libero_goal/task_07/state_024/clean/attempt_01,libero_goal,7,24,False,-1,,,0.0,teacher_ineligible,SUPPLEMENTARY_EVENT,True,True,True,False,False
libero_goal/task_07/state_025/clean/attempt_01,libero_goal,7,25,False,-1,,,0.0,teacher_ineligible,SUPPLEMENTARY_EVENT,True,True,True,False,False
libero_goal/task_07/state_026/clean/attempt_01,libero_goal,7,26,False,-1,,,0.0,teacher_ineligible,SUPPLEMENTARY_EVENT,True,True,True,False,False
libero_goal/task_07/state_027/clean/attempt_01,libero_goal,7,27,False,-1,,,0.0,teacher_ineligible,SUPPLEMENTARY_EVENT,True,True,True,False,False
libero_goal/task_07/state_028/clean/attempt_01,libero_goal,7,28,False,-1,,,0.0,teacher_ineligible,SUPPLEMENTARY_EVENT,True,True,True,False,False
libero_goal/task_07/state_029/clean/attempt_01,libero_goal,7,29,False,-1,,,0.0,teacher_ineligible,SUPPLEMENTARY_EVENT,True,True,True,False,False
libero_goal/task_07/state_030/clean/attempt_01,libero_goal,7,30,False,-1,,,0.0,teacher_ineligible,SUPPLEMENTARY_EVENT,True,True,True,False,False
libero_goal/task_07/state_031/clean/attempt_01,libero_goal,7,31,False,-1,,,0.0,teacher_ineligible,SUPPLEMENTARY_EVENT,True,True,True,False,False
libero_goal/task_07/state_032/clean/attempt_01,libero_goal,7,32,False,-1,,,0.0,teacher_ineligible,SUPPLEMENTARY_EVENT,True,True,True,False,False
libero_goal/task_07/state_033/clean/attempt_01,libero_goal,7,33,False,-1,,,0.0,teacher_ineligible,SUPPLEMENTARY_EVENT,True,True,True,False,False
libero_goal/task_07/state_034/clean/attempt_01,libero_goal,7,34,False,-1,,,0.0,teacher_ineligible,SUPPLEMENTARY_EVENT,True,True,True,False,False
libero_goal/task_07/state_035/clean/attempt_01,libero_goal,7,35,False,-1,,,0.0,teacher_ineligible,SUPPLEMENTARY_EVENT,True,True,True,False,False
libero_goal/task_07/state_036/clean/attempt_01,libero_goal,7,36,False,-1,,,0.0,teacher_ineligible,SUPPLEMENTARY_EVENT,True,True,True,False,False
libero_goal/task_07/state_037/clean/attempt_01,libero_goal,7,37,False,-1,,,0.0,teacher_ineligible,SUPPLEMENTARY_EVENT,True,True,True,False,False
libero_goal/task_07/state_038/clean/attempt_01,libero_goal,7,38,False,-1,,,0.0,teacher_ineligible,SUPPLEMENTARY_EVENT,True,True,True,False,False
libero_goal/task_07/state_039/clean/attempt_01,libero_goal,7,39,False,-1,,,0.0,teacher_ineligible,SUPPLEMENTARY_EVENT,True,True,True,False,False
libero_goal/task_07/state_040/clean/attempt_01,libero_goal,7,40,False,-1,,,0.0,teacher_ineligible,SUPPLEMENTARY_EVENT,True,True,True,False,False
libero_goal/task_07/state_041/clean/attempt_01,libero_goal,7,41,False,-1,,,0.0,teacher_ineligible,SUPPLEMENTARY_EVENT,True,True,True,False,False
libero_goal/task_07/state_042/clean/attempt_01,libero_goal,7,42,False,-1,,,0.0,teacher_ineligible,SUPPLEMENTARY_EVENT,True,True,True,False,False
libero_goal/task_07/state_043/clean/attempt_01,libero_goal,7,43,False,-1,,,0.0,teacher_ineligible,SUPPLEMENTARY_EVENT,True,True,True,False,False
libero_goal/task_07/state_044/clean/attempt_01,libero_goal,7,44,False,-1,,,0.0,teacher_ineligible,SUPPLEMENTARY_EVENT,True,True,True,False,False
libero_goal/task_07/state_045/clean/attempt_01,libero_goal,7,45,False,-1,,,0.0,teacher_ineligible,SUPPLEMENTARY_EVENT,True,True,True,False,False
libero_goal/task_07/state_046/clean/attempt_01,libero_goal,7,46,False,-1,,,0.0,teacher_ineligible,SUPPLEMENTARY_EVENT,True,True,True,False,False
libero_goal/task_07/state_047/clean/attempt_01,libero_goal,7,47,False,-1,,,0.0,teacher_ineligible,SUPPLEMENTARY_EVENT,True,True,True,False,False
libero_goal/task_07/state_048/clean/attempt_01,libero_goal,7,48,False,-1,,,0.0,teacher_ineligible,SUPPLEMENTARY_EVENT,True,True,True,False,False
libero_goal/task_07/state_049/clean/attempt_01,libero_goal,7,49,False,-1,,,0.0,teacher_ineligible,SUPPLEMENTARY_EVENT,True,True,True,False,False
libero_goal/task_08/state_000/clean/attempt_01,libero_goal,8,0,True,0,,,0.5,,PRIMARY_ELIGIBLE,True,True,False,True,True
libero_goal/task_08/state_001/clean/attempt_01,libero_goal,8,1,True,0,,,0.5,,PRIMARY_ELIGIBLE,True,True,False,True,True
libero_goal/task_08/state_002/clean/attempt_01,libero_goal,8,2,True,0,,,0.5,,PRIMARY_ELIGIBLE,True,True,False,True,True
libero_goal/task_08/state_003/clean/attempt_01,libero_goal,8,3,True,0,,,0.5,,PRIMARY_ELIGIBLE,True,True,False,True,True
libero_goal/task_08/state_004/clean/attempt_01,libero_goal,8,4,True,0,,,0.5,,PRIMARY_ELIGIBLE,True,True,False,True,True
libero_goal/task_08/state_005/clean/attempt_01,libero_goal,8,5,True,0,,,0.5,,PRIMARY_ELIGIBLE,True,True,False,True,True
libero_goal/task_08/state_006/clean/attempt_01,libero_goal,8,6,True,0,,,0.5,,PRIMARY_ELIGIBLE,True,True,False,True,True
libero_goal/task_08/state_007/clean/attempt_01,libero_goal,8,7,True,0,,,0.5,,PRIMARY_ELIGIBLE,True,True,False,True,True
libero_goal/task_08/state_008/clean/attempt_01,libero_goal,8,8,True,0,,,0.5,,CLEAN_FAILURE_SAFETY,True,True,False,True,True
libero_goal/task_08/state_009/clean/attempt_01,libero_goal,8,9,True,0,,,0.5,,PRIMARY_ELIGIBLE,True,True,False,True,True
libero_goal/task_08/state_010/clean/attempt_01,libero_goal,8,10,True,0,,,0.5,,PRIMARY_ELIGIBLE,True,True,False,True,True
libero_goal/task_08/state_011/clean/attempt_01,libero_goal,8,11,True,0,,,0.5,,CLEAN_FAILURE_SAFETY,True,True,False,True,True
libero_goal/task_08/state_012/clean/attempt_01,libero_goal,8,12,True,0,,,0.5,,PRIMARY_ELIGIBLE,True,True,False,True,True
libero_goal/task_08/state_013/clean/attempt_01,libero_goal,8,13,True,0,,,0.5,,PRIMARY_ELIGIBLE,True,True,False,True,True
libero_goal/task_08/state_014/clean/attempt_01,libero_goal,8,14,True,0,,,0.5,,PRIMARY_ELIGIBLE,True,True,False,True,True
libero_goal/task_08/state_015/clean/attempt_01,libero_goal,8,15,True,0,,,0.5,,PRIMARY_ELIGIBLE,True,True,False,True,True
libero_goal/task_08/state_016/clean/attempt_01,libero_goal,8,16,True,0,,,0.5,,PRIMARY_ELIGIBLE,True,True,False,True,True
libero_goal/task_08/state_017/clean/attempt_01,libero_goal,8,17,True,0,,,0.5,,PRIMARY_ELIGIBLE,True,True,False,True,True
libero_goal/task_08/state_018/clean/attempt_01,libero_goal,8,18,True,0,,,0.5,,CLEAN_FAILURE_SAFETY,True,True,False,True,True
libero_goal/task_08/state_019/clean/attempt_01,libero_goal,8,19,True,0,,,0.5,,PRIMARY_ELIGIBLE,True,True,False,True,True
libero_goal/task_08/state_020/clean/attempt_01,libero_goal,8,20,True,0,,,0.5,,PRIMARY_ELIGIBLE,True,True,False,True,True
libero_goal/task_08/state_021/clean/attempt_01,libero_goal,8,21,True,0,,,0.5,,CLEAN_FAILURE_SAFETY,True,True,False,True,True
libero_goal/task_08/state_022/clean/attempt_01,libero_goal,8,22,True,0,,,0.5,,PRIMARY_ELIGIBLE,True,True,False,True,True
libero_goal/task_08/state_023/clean/attempt_01,libero_goal,8,23,True,0,,,0.5,,PRIMARY_ELIGIBLE,True,True,False,True,True
libero_goal/task_08/state_024/clean/attempt_01,libero_goal,8,24,True,0,,,0.5,,PRIMARY_ELIGIBLE,True,True,False,True,True
libero_goal/task_08/state_025/clean/attempt_01,libero_goal,8,25,True,0,,,0.5,,PRIMARY_ELIGIBLE,True,True,False,True,True
libero_goal/task_08/state_026/clean/attempt_01,libero_goal,8,26,True,0,,,0.5,,CLEAN_FAILURE_SAFETY,True,True,False,True,True
libero_goal/task_08/state_027/clean/attempt_01,libero_goal,8,27,True,0,,,0.5,,PRIMARY_ELIGIBLE,True,True,False,True,True
libero_goal/task_08/state_028/clean/attempt_01,libero_goal,8,28,True,0,,,0.5,,CLEAN_FAILURE_SAFETY,True,True,False,True,True
libero_goal/task_08/state_029/clean/attempt_01,libero_goal,8,29,True,0,,,0.5,,PRIMARY_ELIGIBLE,True,True,False,True,True
libero_goal/task_08/state_030/clean/attempt_01,libero_goal,8,30,True,0,,,0.5,,PRIMARY_ELIGIBLE,True,True,False,True,True
libero_goal/task_08/state_031/clean/attempt_01,libero_goal,8,31,True,0,,,0.5,,PRIMARY_ELIGIBLE,True,True,False,True,True
libero_goal/task_08/state_032/clean/attempt_01,libero_goal,8,32,True,0,,,0.5,,CLEAN_FAILURE_SAFETY,True,True,False,True,True
libero_goal/task_08/state_033/clean/attempt_01,libero_goal,8,33,True,0,,,0.5,,PRIMARY_ELIGIBLE,True,True,False,True,True
libero_goal/task_08/state_034/clean/attempt_01,libero_goal,8,34,True,0,,,0.5,,CLEAN_FAILURE_SAFETY,True,True,False,True,True
libero_goal/task_08/state_035/clean/attempt_01,libero_goal,8,35,True,0,,,0.5,,PRIMARY_ELIGIBLE,True,True,False,True,True
libero_goal/task_08/state_036/clean/attempt_01,libero_goal,8,36,True,0,,,0.5,,PRIMARY_ELIGIBLE,True,True,False,True,True
libero_goal/task_08/state_037/clean/attempt_01,libero_goal,8,37,True,0,,,0.5,,PRIMARY_ELIGIBLE,True,True,False,True,True
libero_goal/task_08/state_038/clean/attempt_01,libero_goal,8,38,True,0,,,0.5,,PRIMARY_ELIGIBLE,True,True,False,True,True
libero_goal/task_08/state_039/clean/attempt_01,libero_goal,8,39,True,0,,,0.5,,PRIMARY_ELIGIBLE,True,True,False,True,True
libero_goal/task_08/state_040/clean/attempt_01,libero_goal,8,40,True,0,,,0.5,,CLEAN_FAILURE_SAFETY,True,True,False,True,True
libero_goal/task_08/state_041/clean/attempt_01,libero_goal,8,41,True,0,,,0.5,,PRIMARY_ELIGIBLE,True,True,False,True,True
libero_goal/task_08/state_042/clean/attempt_01,libero_goal,8,42,True,0,,,0.5,,PRIMARY_ELIGIBLE,True,True,False,True,True
libero_goal/task_08/state_043/clean/attempt_01,libero_goal,8,43,True,0,,,0.5,,PRIMARY_ELIGIBLE,True,True,False,True,True
libero_goal/task_08/state_044/clean/attempt_01,libero_goal,8,44,True,0,,,0.5,,CLEAN_FAILURE_SAFETY,True,True,False,True,True
libero_goal/task_08/state_045/clean/attempt_01,libero_goal,8,45,True,0,,,0.5,,PRIMARY_ELIGIBLE,True,True,False,True,True
libero_goal/task_08/state_046/clean/attempt_01,libero_goal,8,46,True,0,,,0.5,,PRIMARY_ELIGIBLE,True,True,False,True,True
libero_goal/task_08/state_047/clean/attempt_01,libero_goal,8,47,True,0,,,0.5,,PRIMARY_ELIGIBLE,True,True,False,True,True
libero_goal/task_08/state_048/clean/attempt_01,libero_goal,8,48,True,0,,,0.5,,PRIMARY_ELIGIBLE,True,True,False,True,True
libero_goal/task_08/state_049/clean/attempt_01,libero_goal,8,49,True,0,,,0.5,,PRIMARY_ELIGIBLE,True,True,False,True,True
libero_goal/task_09/state_000/clean/attempt_01,libero_goal,9,0,True,0,,,0.5,,CLEAN_FAILURE_SAFETY,True,True,False,True,True
libero_goal/task_09/state_001/clean/attempt_01,libero_goal,9,1,True,0,,,0.5,,CLEAN_FAILURE_SAFETY,True,True,False,True,True
libero_goal/task_09/state_002/clean/attempt_01,libero_goal,9,2,True,0,,,0.5,,CLEAN_FAILURE_SAFETY,True,True,False,True,True
libero_goal/task_09/state_003/clean/attempt_01,libero_goal,9,3,True,0,,,0.5,,CLEAN_FAILURE_SAFETY,True,True,False,True,True
libero_goal/task_09/state_004/clean/attempt_01,libero_goal,9,4,True,0,,,0.5,,CLEAN_FAILURE_SAFETY,True,True,False,True,True
libero_goal/task_09/state_005/clean/attempt_01,libero_goal,9,5,True,0,,,0.5,,PRIMARY_ELIGIBLE,True,True,False,True,True
libero_goal/task_09/state_006/clean/attempt_01,libero_goal,9,6,True,0,,,0.5,,CLEAN_FAILURE_SAFETY,True,True,False,True,True
libero_goal/task_09/state_007/clean/attempt_01,libero_goal,9,7,True,0,,,0.5,,CLEAN_FAILURE_SAFETY,True,True,False,True,True
libero_goal/task_09/state_008/clean/attempt_01,libero_goal,9,8,True,0,,,0.5,,PRIMARY_ELIGIBLE,True,True,False,True,True
libero_goal/task_09/state_009/clean/attempt_01,libero_goal,9,9,True,0,,,0.5,,PRIMARY_ELIGIBLE,True,True,False,True,True
libero_goal/task_09/state_010/clean/attempt_01,libero_goal,9,10,True,0,,,0.5,,CLEAN_FAILURE_SAFETY,True,True,False,True,True
libero_goal/task_09/state_011/clean/attempt_01,libero_goal,9,11,True,0,,,0.5,,CLEAN_FAILURE_SAFETY,True,True,False,True,True
libero_goal/task_09/state_012/clean/attempt_01,libero_goal,9,12,True,0,,,0.5,,CLEAN_FAILURE_SAFETY,True,True,False,True,True
libero_goal/task_09/state_013/clean/attempt_01,libero_goal,9,13,True,0,,,0.5,,PRIMARY_ELIGIBLE,True,True,False,True,True
libero_goal/task_09/state_014/clean/attempt_01,libero_goal,9,14,True,0,,,0.5,,PRIMARY_ELIGIBLE,True,True,False,True,True
libero_goal/task_09/state_015/clean/attempt_01,libero_goal,9,15,True,0,,,0.5,,CLEAN_FAILURE_SAFETY,True,True,False,True,True
libero_goal/task_09/state_016/clean/attempt_01,libero_goal,9,16,True,0,,,0.5,,PRIMARY_ELIGIBLE,True,True,False,True,True
libero_goal/task_09/state_017/clean/attempt_01,libero_goal,9,17,True,0,,,0.5,,PRIMARY_ELIGIBLE,True,True,False,True,True
libero_goal/task_09/state_018/clean/attempt_01,libero_goal,9,18,True,0,,,0.5,,PRIMARY_ELIGIBLE,True,True,False,True,True
libero_goal/task_09/state_019/clean/attempt_01,libero_goal,9,19,True,0,,,0.5,,PRIMARY_ELIGIBLE,True,True,False,True,True
libero_goal/task_09/state_020/clean/attempt_01,libero_goal,9,20,True,0,,,0.5,,PRIMARY_ELIGIBLE,True,True,False,True,True
libero_goal/task_09/state_021/clean/attempt_01,libero_goal,9,21,True,0,,,0.5,,PRIMARY_ELIGIBLE,True,True,False,True,True
libero_goal/task_09/state_022/clean/attempt_01,libero_goal,9,22,True,0,,,0.5,,PRIMARY_ELIGIBLE,True,True,False,True,True
libero_goal/task_09/state_023/clean/attempt_01,libero_goal,9,23,True,0,,,0.5,,PRIMARY_ELIGIBLE,True,True,False,True,True
libero_goal/task_09/state_024/clean/attempt_01,libero_goal,9,24,True,0,,,0.5,,CLEAN_FAILURE_SAFETY,True,True,False,True,True
libero_goal/task_09/state_025/clean/attempt_01,libero_goal,9,25,True,0,,,0.5,,PRIMARY_ELIGIBLE,True,True,False,True,True
libero_goal/task_09/state_026/clean/attempt_01,libero_goal,9,26,True,0,,,0.5,,CLEAN_FAILURE_SAFETY,True,True,False,True,True
libero_goal/task_09/state_027/clean/attempt_01,libero_goal,9,27,True,0,,,0.5,,CLEAN_FAILURE_SAFETY,True,True,False,True,True
libero_goal/task_09/state_028/clean/attempt_01,libero_goal,9,28,True,0,,,0.5,,PRIMARY_ELIGIBLE,True,True,False,True,True
libero_goal/task_09/state_029/clean/attempt_01,libero_goal,9,29,True,0,,,0.5,,PRIMARY_ELIGIBLE,True,True,False,True,True
libero_goal/task_09/state_030/clean/attempt_01,libero_goal,9,30,True,0,,,0.5,,PRIMARY_ELIGIBLE,True,True,False,True,True
libero_goal/task_09/state_031/clean/attempt_01,libero_goal,9,31,True,0,,,0.5,,PRIMARY_ELIGIBLE,True,True,False,True,True
libero_goal/task_09/state_032/clean/attempt_01,libero_goal,9,32,True,0,,,0.5,,PRIMARY_ELIGIBLE,True,True,False,True,True
libero_goal/task_09/state_033/clean/attempt_01,libero_goal,9,33,True,0,,,0.5,,PRIMARY_ELIGIBLE,True,True,False,True,True
libero_goal/task_09/state_034/clean/attempt_01,libero_goal,9,34,True,0,,,0.5,,PRIMARY_ELIGIBLE,True,True,False,True,True
libero_goal/task_09/state_035/clean/attempt_01,libero_goal,9,35,True,0,,,0.5,,CLEAN_FAILURE_SAFETY,True,True,False,True,True
libero_goal/task_09/state_036/clean/attempt_01,libero_goal,9,36,True,0,,,0.5,,CLEAN_FAILURE_SAFETY,True,True,False,True,True
libero_goal/task_09/state_037/clean/attempt_01,libero_goal,9,37,True,0,,,0.5,,CLEAN_FAILURE_SAFETY,True,True,False,True,True
libero_goal/task_09/state_038/clean/attempt_01,libero_goal,9,38,True,0,,,0.5,,PRIMARY_ELIGIBLE,True,True,False,True,True
libero_goal/task_09/state_039/clean/attempt_01,libero_goal,9,39,True,0,,,0.5,,PRIMARY_ELIGIBLE,True,True,False,True,True
libero_goal/task_09/state_040/clean/attempt_01,libero_goal,9,40,True,0,,,0.5,,CLEAN_FAILURE_SAFETY,True,True,False,True,True
libero_goal/task_09/state_041/clean/attempt_01,libero_goal,9,41,True,0,,,0.5,,CLEAN_FAILURE_SAFETY,True,True,False,True,True
libero_goal/task_09/state_042/clean/attempt_01,libero_goal,9,42,True,0,,,0.5,,CLEAN_FAILURE_SAFETY,True,True,False,True,True
libero_goal/task_09/state_043/clean/attempt_01,libero_goal,9,43,True,0,,,0.5,,PRIMARY_ELIGIBLE,True,True,False,True,True
libero_goal/task_09/state_044/clean/attempt_01,libero_goal,9,44,True,0,,,0.5,,CLEAN_FAILURE_SAFETY,True,True,False,True,True
libero_goal/task_09/state_045/clean/attempt_01,libero_goal,9,45,True,0,,,0.5,,PRIMARY_ELIGIBLE,True,True,False,True,True
libero_goal/task_09/state_046/clean/attempt_01,libero_goal,9,46,True,0,,,0.5,,PRIMARY_ELIGIBLE,True,True,False,True,True
libero_goal/task_09/state_047/clean/attempt_01,libero_goal,9,47,True,0,,,0.5,,CLEAN_FAILURE_SAFETY,True,True,False,True,True
libero_goal/task_09/state_048/clean/attempt_01,libero_goal,9,48,True,0,,,0.5,,PRIMARY_ELIGIBLE,True,True,False,True,True
libero_goal/task_09/state_049/clean/attempt_01,libero_goal,9,49,True,0,,,0.5,,PRIMARY_ELIGIBLE,True,True,False,True,True
libero_object/task_00/state_000/clean/attempt_01,libero_object,0,0,True,0,,,0.5,,PRIMARY_ELIGIBLE,True,True,False,True,True
libero_object/task_00/state_001/clean/attempt_01,libero_object,0,1,True,0,,,0.5,,PRIMARY_ELIGIBLE,True,True,False,True,True
libero_object/task_00/state_002/clean/attempt_01,libero_object,0,2,True,0,,,0.5,,PRIMARY_ELIGIBLE,True,True,False,True,True
libero_object/task_00/state_003/clean/attempt_01,libero_object,0,3,True,0,,,0.5,,CLEAN_FAILURE_SAFETY,True,True,False,True,True
libero_object/task_00/state_004/clean/attempt_01,libero_object,0,4,True,0,,,0.5,,PRIMARY_ELIGIBLE,True,True,False,True,True
libero_object/task_00/state_005/clean/attempt_01,libero_object,0,5,True,0,,,0.5,,PRIMARY_ELIGIBLE,True,True,False,True,True
libero_object/task_00/state_006/clean/attempt_01,libero_object,0,6,True,0,,,0.5,,PRIMARY_ELIGIBLE,True,True,False,True,True
libero_object/task_00/state_007/clean/attempt_01,libero_object,0,7,True,0,,,0.5,,PRIMARY_ELIGIBLE,True,True,False,True,True
libero_object/task_00/state_008/clean/attempt_01,libero_object,0,8,True,0,,,0.5,,PRIMARY_ELIGIBLE,True,True,False,True,True
libero_object/task_00/state_009/clean/attempt_01,libero_object,0,9,True,0,,,0.5,,PRIMARY_ELIGIBLE,True,True,False,True,True
libero_object/task_00/state_010/clean/attempt_01,libero_object,0,10,True,0,,,0.5,,PRIMARY_ELIGIBLE,True,True,False,True,True
libero_object/task_00/state_011/clean/attempt_01,libero_object,0,11,True,0,,,0.5,,CLEAN_FAILURE_SAFETY,True,True,False,True,True
libero_object/task_00/state_012/clean/attempt_01,libero_object,0,12,True,0,,,0.5,,PRIMARY_ELIGIBLE,True,True,False,True,True
libero_object/task_00/state_013/clean/attempt_01,libero_object,0,13,True,0,,,0.5,,PRIMARY_ELIGIBLE,True,True,False,True,True
libero_object/task_00/state_014/clean/attempt_01,libero_object,0,14,True,0,,,0.5,,CLEAN_FAILURE_SAFETY,True,True,False,True,True
libero_object/task_00/state_015/clean/attempt_01,libero_object,0,15,True,0,,,0.5,,PRIMARY_ELIGIBLE,True,True,False,True,True
libero_object/task_00/state_016/clean/attempt_01,libero_object,0,16,True,0,,,0.5,,PRIMARY_ELIGIBLE,True,True,False,True,True
libero_object/task_00/state_017/clean/attempt_01,libero_object,0,17,True,0,,,0.5,,PRIMARY_ELIGIBLE,True,True,False,True,True
libero_object/task_00/state_018/clean/attempt_01,libero_object,0,18,True,0,,,0.5,,PRIMARY_ELIGIBLE,True,True,False,True,True
libero_object/task_00/state_019/clean/attempt_01,libero_object,0,19,True,0,,,0.5,,PRIMARY_ELIGIBLE,True,True,False,True,True
libero_object/task_00/state_020/clean/attempt_01,libero_object,0,20,True,0,,,0.5,,PRIMARY_ELIGIBLE,True,True,False,True,True
libero_object/task_00/state_021/clean/attempt_01,libero_object,0,21,True,0,,,0.5,,PRIMARY_ELIGIBLE,True,True,False,True,True
libero_object/task_00/state_022/clean/attempt_01,libero_object,0,22,True,0,,,0.5,,PRIMARY_ELIGIBLE,True,True,False,True,True
libero_object/task_00/state_023/clean/attempt_01,libero_object,0,23,True,0,,,0.5,,CLEAN_FAILURE_SAFETY,True,True,False,True,True
libero_object/task_00/state_024/clean/attempt_01,libero_object,0,24,True,0,,,0.5,,PRIMARY_ELIGIBLE,True,True,False,True,True
libero_object/task_00/state_025/clean/attempt_01,libero_object,0,25,True,0,,,0.5,,PRIMARY_ELIGIBLE,True,True,False,True,True
libero_object/task_00/state_026/clean/attempt_01,libero_object,0,26,True,0,,,0.5,,PRIMARY_ELIGIBLE,True,True,False,True,True
libero_object/task_00/state_027/clean/attempt_01,libero_object,0,27,True,0,,,0.5,,PRIMARY_ELIGIBLE,True,True,False,True,True
libero_object/task_00/state_028/clean/attempt_01,libero_object,0,28,True,0,,,0.5,,PRIMARY_ELIGIBLE,True,True,False,True,True
libero_object/task_00/state_029/clean/attempt_01,libero_object,0,29,True,0,,,0.5,,PRIMARY_ELIGIBLE,True,True,False,True,True
libero_object/task_00/state_030/clean/attempt_01,libero_object,0,30,True,0,,,0.5,,PRIMARY_ELIGIBLE,True,True,False,True,True
libero_object/task_00/state_031/clean/attempt_01,libero_object,0,31,True,0,,,0.5,,PRIMARY_ELIGIBLE,True,True,False,True,True
libero_object/task_00/state_032/clean/attempt_01,libero_object,0,32,True,0,,,0.5,,CLEAN_FAILURE_SAFETY,True,True,False,True,True
libero_object/task_00/state_033/clean/attempt_01,libero_object,0,33,True,0,,,0.5,,PRIMARY_ELIGIBLE,True,True,False,True,True
libero_object/task_00/state_034/clean/attempt_01,libero_object,0,34,True,0,,,0.5,,PRIMARY_ELIGIBLE,True,True,False,True,True
libero_object/task_00/state_035/clean/attempt_01,libero_object,0,35,True,0,,,0.5,,PRIMARY_ELIGIBLE,True,True,False,True,True
libero_object/task_00/state_036/clean/attempt_01,libero_object,0,36,True,0,,,0.5,,PRIMARY_ELIGIBLE,True,True,False,True,True
libero_object/task_00/state_037/clean/attempt_01,libero_object,0,37,True,0,,,0.5,,PRIMARY_ELIGIBLE,True,True,False,True,True
libero_object/task_00/state_038/clean/attempt_01,libero_object,0,38,True,0,,,0.5,,PRIMARY_ELIGIBLE,True,True,False,True,True
libero_object/task_00/state_039/clean/attempt_01,libero_object,0,39,True,0,,,0.5,,PRIMARY_ELIGIBLE,True,True,False,True,True
libero_object/task_00/state_040/clean/attempt_01,libero_object,0,40,True,0,,,0.5,,PRIMARY_ELIGIBLE,True,True,False,True,True
libero_object/task_00/state_041/clean/attempt_01,libero_object,0,41,True,0,,,0.5,,PRIMARY_ELIGIBLE,True,True,False,True,True
libero_object/task_00/state_042/clean/attempt_01,libero_object,0,42,True,0,,,0.5,,CLEAN_FAILURE_SAFETY,True,True,False,True,True
libero_object/task_00/state_043/clean/attempt_01,libero_object,0,43,True,0,,,0.5,,CLEAN_FAILURE_SAFETY,True,True,False,True,True
libero_object/task_00/state_044/clean/attempt_01,libero_object,0,44,True,0,,,0.5,,PRIMARY_ELIGIBLE,True,True,False,True,True
libero_object/task_00/state_045/clean/attempt_01,libero_object,0,45,True,0,,,0.5,,CLEAN_FAILURE_SAFETY,True,True,False,True,True
libero_object/task_00/state_046/clean/attempt_01,libero_object,0,46,True,0,,,0.5,,PRIMARY_ELIGIBLE,True,True,False,True,True
libero_object/task_00/state_047/clean/attempt_01,libero_object,0,47,True,0,,,0.5,,CLEAN_FAILURE_SAFETY,True,True,False,True,True
libero_object/task_00/state_048/clean/attempt_01,libero_object,0,48,True,0,,,0.5,,PRIMARY_ELIGIBLE,True,True,False,True,True
libero_object/task_00/state_049/clean/attempt_01,libero_object,0,49,True,0,,,0.5,,PRIMARY_ELIGIBLE,True,True,False,True,True
libero_object/task_01/state_000/clean/attempt_01,libero_object,1,0,True,0,,,0.5,,CLEAN_FAILURE_SAFETY,True,True,False,True,True
libero_object/task_01/state_001/clean/attempt_01,libero_object,1,1,True,0,,,0.5,,PRIMARY_ELIGIBLE,True,True,False,True,True
libero_object/task_01/state_002/clean/attempt_01,libero_object,1,2,True,0,,,0.5,,CLEAN_FAILURE_SAFETY,True,True,False,True,True
libero_object/task_01/state_003/clean/attempt_01,libero_object,1,3,True,0,,,0.5,,PRIMARY_ELIGIBLE,True,True,False,True,True
libero_object/task_01/state_004/clean/attempt_01,libero_object,1,4,True,0,,,0.5,,PRIMARY_ELIGIBLE,True,True,False,True,True
libero_object/task_01/state_005/clean/attempt_01,libero_object,1,5,True,0,,,0.5,,CLEAN_FAILURE_SAFETY,True,True,False,True,True
libero_object/task_01/state_006/clean/attempt_01,libero_object,1,6,True,0,,,0.5,,PRIMARY_ELIGIBLE,True,True,False,True,True
libero_object/task_01/state_007/clean/attempt_01,libero_object,1,7,True,0,,,0.5,,PRIMARY_ELIGIBLE,True,True,False,True,True
libero_object/task_01/state_008/clean/attempt_01,libero_object,1,8,True,0,,,0.5,,CLEAN_FAILURE_SAFETY,True,True,False,True,True
libero_object/task_01/state_009/clean/attempt_01,libero_object,1,9,True,0,,,0.5,,PRIMARY_ELIGIBLE,True,True,False,True,True
libero_object/task_01/state_010/clean/attempt_01,libero_object,1,10,True,0,,,0.5,,PRIMARY_ELIGIBLE,True,True,False,True,True
libero_object/task_01/state_011/clean/attempt_01,libero_object,1,11,True,0,,,0.5,,PRIMARY_ELIGIBLE,True,True,False,True,True
libero_object/task_01/state_012/clean/attempt_01,libero_object,1,12,True,0,,,0.5,,CLEAN_FAILURE_SAFETY,True,True,False,True,True
libero_object/task_01/state_013/clean/attempt_01,libero_object,1,13,True,0,,,0.5,,PRIMARY_ELIGIBLE,True,True,False,True,True
libero_object/task_01/state_014/clean/attempt_01,libero_object,1,14,True,0,,,0.5,,CLEAN_FAILURE_SAFETY,True,True,False,True,True
libero_object/task_01/state_015/clean/attempt_01,libero_object,1,15,True,0,,,0.5,,PRIMARY_ELIGIBLE,True,True,False,True,True
libero_object/task_01/state_016/clean/attempt_01,libero_object,1,16,True,0,,,0.5,,PRIMARY_ELIGIBLE,True,True,False,True,True
libero_object/task_01/state_017/clean/attempt_01,libero_object,1,17,True,0,,,0.5,,PRIMARY_ELIGIBLE,True,True,False,True,True
libero_object/task_01/state_018/clean/attempt_01,libero_object,1,18,True,0,,,0.5,,CLEAN_FAILURE_SAFETY,True,True,False,True,True
libero_object/task_01/state_019/clean/attempt_01,libero_object,1,19,True,0,,,0.5,,PRIMARY_ELIGIBLE,True,True,False,True,True
libero_object/task_01/state_020/clean/attempt_01,libero_object,1,20,True,0,,,0.5,,CLEAN_FAILURE_SAFETY,True,True,False,True,True
libero_object/task_01/state_021/clean/attempt_01,libero_object,1,21,True,0,,,0.5,,PRIMARY_ELIGIBLE,True,True,False,True,True
libero_object/task_01/state_022/clean/attempt_01,libero_object,1,22,True,0,,,0.5,,CLEAN_FAILURE_SAFETY,True,True,False,True,True
libero_object/task_01/state_023/clean/attempt_01,libero_object,1,23,True,0,,,0.5,,CLEAN_FAILURE_SAFETY,True,True,False,True,True
libero_object/task_01/state_024/clean/attempt_01,libero_object,1,24,True,0,,,0.5,,PRIMARY_ELIGIBLE,True,True,False,True,True
libero_object/task_01/state_025/clean/attempt_01,libero_object,1,25,True,0,,,0.5,,PRIMARY_ELIGIBLE,True,True,False,True,True
libero_object/task_01/state_026/clean/attempt_01,libero_object,1,26,True,0,,,0.5,,CLEAN_FAILURE_SAFETY,True,True,False,True,True
libero_object/task_01/state_027/clean/attempt_01,libero_object,1,27,True,0,,,0.5,,CLEAN_FAILURE_SAFETY,True,True,False,True,True
libero_object/task_01/state_028/clean/attempt_01,libero_object,1,28,True,0,,,0.5,,PRIMARY_ELIGIBLE,True,True,False,True,True
libero_object/task_01/state_029/clean/attempt_01,libero_object,1,29,True,0,,,0.5,,PRIMARY_ELIGIBLE,True,True,False,True,True
libero_object/task_01/state_030/clean/attempt_01,libero_object,1,30,True,0,,,0.5,,CLEAN_FAILURE_SAFETY,True,True,False,True,True
libero_object/task_01/state_031/clean/attempt_01,libero_object,1,31,True,0,,,0.5,,PRIMARY_ELIGIBLE,True,True,False,True,True
libero_object/task_01/state_032/clean/attempt_01,libero_object,1,32,True,0,,,0.5,,PRIMARY_ELIGIBLE,True,True,False,True,True
libero_object/task_01/state_033/clean/attempt_01,libero_object,1,33,True,0,,,0.5,,PRIMARY_ELIGIBLE,True,True,False,True,True
libero_object/task_01/state_034/clean/attempt_01,libero_object,1,34,True,0,,,0.5,,PRIMARY_ELIGIBLE,True,True,False,True,True
libero_object/task_01/state_035/clean/attempt_01,libero_object,1,35,True,0,,,0.5,,PRIMARY_ELIGIBLE,True,True,False,True,True
libero_object/task_01/state_036/clean/attempt_01,libero_object,1,36,True,0,,,0.5,,PRIMARY_ELIGIBLE,True,True,False,True,True
libero_object/task_01/state_037/clean/attempt_01,libero_object,1,37,True,0,,,0.5,,PRIMARY_ELIGIBLE,True,True,False,True,True
libero_object/task_01/state_038/clean/attempt_01,libero_object,1,38,True,0,,,0.5,,PRIMARY_ELIGIBLE,True,True,False,True,True
libero_object/task_01/state_039/clean/attempt_01,libero_object,1,39,True,0,,,0.5,,PRIMARY_ELIGIBLE,True,True,False,True,True
libero_object/task_01/state_040/clean/attempt_01,libero_object,1,40,True,0,,,0.5,,CLEAN_FAILURE_SAFETY,True,True,False,True,True
libero_object/task_01/state_041/clean/attempt_01,libero_object,1,41,True,0,,,0.5,,CLEAN_FAILURE_SAFETY,True,True,False,True,True
libero_object/task_01/state_042/clean/attempt_01,libero_object,1,42,True,0,,,0.5,,PRIMARY_ELIGIBLE,True,True,False,True,True
libero_object/task_01/state_043/clean/attempt_01,libero_object,1,43,True,0,,,0.5,,CLEAN_FAILURE_SAFETY,True,True,False,True,True
libero_object/task_01/state_044/clean/attempt_01,libero_object,1,44,True,0,,,0.5,,PRIMARY_ELIGIBLE,True,True,False,True,True
libero_object/task_01/state_045/clean/attempt_01,libero_object,1,45,True,0,,,0.5,,CLEAN_FAILURE_SAFETY,True,True,False,True,True
libero_object/task_01/state_046/clean/attempt_01,libero_object,1,46,True,0,,,0.5,,PRIMARY_ELIGIBLE,True,True,False,True,True
libero_object/task_01/state_047/clean/attempt_01,libero_object,1,47,True,0,,,0.5,,PRIMARY_ELIGIBLE,True,True,False,True,True
libero_object/task_01/state_048/clean/attempt_01,libero_object,1,48,True,0,,,0.5,,PRIMARY_ELIGIBLE,True,True,False,True,True
libero_object/task_01/state_049/clean/attempt_01,libero_object,1,49,True,0,,,0.5,,PRIMARY_ELIGIBLE,True,True,False,True,True
libero_object/task_02/state_000/clean/attempt_01,libero_object,2,0,True,0,,,0.5,,PRIMARY_ELIGIBLE,True,True,False,True,True
libero_object/task_02/state_001/clean/attempt_01,libero_object,2,1,True,0,,,0.5,,PRIMARY_ELIGIBLE,True,True,False,True,True
libero_object/task_02/state_002/clean/attempt_01,libero_object,2,2,True,0,,,0.5,,PRIMARY_ELIGIBLE,True,True,False,True,True
libero_object/task_02/state_003/clean/attempt_01,libero_object,2,3,True,0,,,0.5,,PRIMARY_ELIGIBLE,True,True,False,True,True
libero_object/task_02/state_004/clean/attempt_01,libero_object,2,4,True,0,,,0.5,,PRIMARY_ELIGIBLE,True,True,False,True,True
libero_object/task_02/state_005/clean/attempt_01,libero_object,2,5,True,0,,,0.5,,PRIMARY_ELIGIBLE,True,True,False,True,True
libero_object/task_02/state_006/clean/attempt_01,libero_object,2,6,True,0,,,0.5,,PRIMARY_ELIGIBLE,True,True,False,True,True
libero_object/task_02/state_007/clean/attempt_01,libero_object,2,7,True,0,,,0.5,,PRIMARY_ELIGIBLE,True,True,False,True,True
libero_object/task_02/state_008/clean/attempt_01,libero_object,2,8,True,0,,,0.5,,PRIMARY_ELIGIBLE,True,True,False,True,True
libero_object/task_02/state_009/clean/attempt_01,libero_object,2,9,True,0,,,0.5,,PRIMARY_ELIGIBLE,True,True,False,True,True
libero_object/task_02/state_010/clean/attempt_01,libero_object,2,10,True,0,,,0.5,,PRIMARY_ELIGIBLE,True,True,False,True,True
libero_object/task_02/state_011/clean/attempt_01,libero_object,2,11,True,0,,,0.5,,PRIMARY_ELIGIBLE,True,True,False,True,True
libero_object/task_02/state_012/clean/attempt_01,libero_object,2,12,True,0,,,0.5,,PRIMARY_ELIGIBLE,True,True,False,True,True
libero_object/task_02/state_013/clean/attempt_01,libero_object,2,13,True,0,,,0.5,,PRIMARY_ELIGIBLE,True,True,False,True,True
libero_object/task_02/state_014/clean/attempt_01,libero_object,2,14,True,0,,,0.5,,PRIMARY_ELIGIBLE,True,True,False,True,True
libero_object/task_02/state_015/clean/attempt_01,libero_object,2,15,True,0,,,0.5,,PRIMARY_ELIGIBLE,True,True,False,True,True
libero_object/task_02/state_016/clean/attempt_01,libero_object,2,16,True,0,,,0.5,,PRIMARY_ELIGIBLE,True,True,False,True,True
libero_object/task_02/state_017/clean/attempt_01,libero_object,2,17,True,0,,,0.5,,PRIMARY_ELIGIBLE,True,True,False,True,True
libero_object/task_02/state_018/clean/attempt_01,libero_object,2,18,True,0,,,0.5,,PRIMARY_ELIGIBLE,True,True,False,True,True
libero_object/task_02/state_019/clean/attempt_01,libero_object,2,19,True,0,,,0.5,,PRIMARY_ELIGIBLE,True,True,False,True,True
libero_object/task_02/state_020/clean/attempt_01,libero_object,2,20,True,0,,,0.5,,PRIMARY_ELIGIBLE,True,True,False,True,True
libero_object/task_02/state_021/clean/attempt_01,libero_object,2,21,True,0,,,0.5,,PRIMARY_ELIGIBLE,True,True,False,True,True
libero_object/task_02/state_022/clean/attempt_01,libero_object,2,22,True,0,,,0.5,,PRIMARY_ELIGIBLE,True,True,False,True,True
libero_object/task_02/state_023/clean/attempt_01,libero_object,2,23,True,0,,,0.5,,PRIMARY_ELIGIBLE,True,True,False,True,True
libero_object/task_02/state_024/clean/attempt_01,libero_object,2,24,True,0,,,0.5,,PRIMARY_ELIGIBLE,True,True,False,True,True
libero_object/task_02/state_025/clean/attempt_01,libero_object,2,25,True,0,,,0.5,,PRIMARY_ELIGIBLE,True,True,False,True,True
libero_object/task_02/state_026/clean/attempt_01,libero_object,2,26,True,0,,,0.5,,PRIMARY_ELIGIBLE,True,True,False,True,True
libero_object/task_02/state_027/clean/attempt_01,libero_object,2,27,True,0,,,0.5,,PRIMARY_ELIGIBLE,True,True,False,True,True
libero_object/task_02/state_028/clean/attempt_01,libero_object,2,28,True,0,,,0.5,,PRIMARY_ELIGIBLE,True,True,False,True,True
libero_object/task_02/state_029/clean/attempt_01,libero_object,2,29,True,0,,,0.5,,CLEAN_FAILURE_SAFETY,True,True,False,True,True
libero_object/task_02/state_030/clean/attempt_01,libero_object,2,30,True,0,,,0.5,,PRIMARY_ELIGIBLE,True,True,False,True,True
libero_object/task_02/state_031/clean/attempt_01,libero_object,2,31,True,0,,,0.5,,CLEAN_FAILURE_SAFETY,True,True,False,True,True
libero_object/task_02/state_032/clean/attempt_01,libero_object,2,32,True,0,,,0.5,,PRIMARY_ELIGIBLE,True,True,False,True,True
libero_object/task_02/state_033/clean/attempt_01,libero_object,2,33,True,0,,,0.5,,PRIMARY_ELIGIBLE,True,True,False,True,True
libero_object/task_02/state_034/clean/attempt_01,libero_object,2,34,True,0,,,0.5,,PRIMARY_ELIGIBLE,True,True,False,True,True
libero_object/task_02/state_035/clean/attempt_01,libero_object,2,35,True,0,,,0.5,,PRIMARY_ELIGIBLE,True,True,False,True,True
libero_object/task_02/state_036/clean/attempt_01,libero_object,2,36,True,0,,,0.5,,PRIMARY_ELIGIBLE,True,True,False,True,True
libero_object/task_02/state_037/clean/attempt_01,libero_object,2,37,True,0,,,0.5,,PRIMARY_ELIGIBLE,True,True,False,True,True
libero_object/task_02/state_038/clean/attempt_01,libero_object,2,38,True,0,,,0.5,,PRIMARY_ELIGIBLE,True,True,False,True,True
libero_object/task_02/state_039/clean/attempt_01,libero_object,2,39,True,0,,,0.5,,CLEAN_FAILURE_SAFETY,True,True,False,True,True
libero_object/task_02/state_040/clean/attempt_01,libero_object,2,40,True,0,,,0.5,,PRIMARY_ELIGIBLE,True,True,False,True,True
libero_object/task_02/state_041/clean/attempt_01,libero_object,2,41,True,0,,,0.5,,PRIMARY_ELIGIBLE,True,True,False,True,True
libero_object/task_02/state_042/clean/attempt_01,libero_object,2,42,True,0,,,0.5,,PRIMARY_ELIGIBLE,True,True,False,True,True
libero_object/task_02/state_043/clean/attempt_01,libero_object,2,43,True,0,,,0.5,,PRIMARY_ELIGIBLE,True,True,False,True,True
libero_object/task_02/state_044/clean/attempt_01,libero_object,2,44,True,0,,,0.5,,PRIMARY_ELIGIBLE,True,True,False,True,True
libero_object/task_02/state_045/clean/attempt_01,libero_object,2,45,True,0,,,0.5,,PRIMARY_ELIGIBLE,True,True,False,True,True
libero_object/task_02/state_046/clean/attempt_01,libero_object,2,46,True,0,,,0.5,,PRIMARY_ELIGIBLE,True,True,False,True,True
libero_object/task_02/state_047/clean/attempt_01,libero_object,2,47,True,0,,,0.5,,PRIMARY_ELIGIBLE,True,True,False,True,True
libero_object/task_02/state_048/clean/attempt_01,libero_object,2,48,True,0,,,0.5,,PRIMARY_ELIGIBLE,True,True,False,True,True
libero_object/task_02/state_049/clean/attempt_01,libero_object,2,49,True,0,,,0.5,,PRIMARY_ELIGIBLE,True,True,False,True,True
libero_object/task_03/state_000/clean/attempt_01,libero_object,3,0,True,0,,,0.5,,PRIMARY_ELIGIBLE,True,True,False,True,True
libero_object/task_03/state_001/clean/attempt_01,libero_object,3,1,True,0,,,0.5,,CLEAN_FAILURE_SAFETY,True,True,False,True,True
libero_object/task_03/state_002/clean/attempt_01,libero_object,3,2,True,0,,,0.5,,CLEAN_FAILURE_SAFETY,True,True,False,True,True
libero_object/task_03/state_003/clean/attempt_01,libero_object,3,3,True,0,,,0.5,,CLEAN_FAILURE_SAFETY,True,True,False,True,True
libero_object/task_03/state_004/clean/attempt_01,libero_object,3,4,True,0,,,0.5,,PRIMARY_ELIGIBLE,True,True,False,True,True
libero_object/task_03/state_005/clean/attempt_01,libero_object,3,5,True,0,,,0.5,,CLEAN_FAILURE_SAFETY,True,True,False,True,True
libero_object/task_03/state_006/clean/attempt_01,libero_object,3,6,True,0,,,0.5,,CLEAN_FAILURE_SAFETY,True,True,False,True,True
libero_object/task_03/state_007/clean/attempt_01,libero_object,3,7,True,0,,,0.5,,CLEAN_FAILURE_SAFETY,True,True,False,True,True
libero_object/task_03/state_008/clean/attempt_01,libero_object,3,8,True,0,,,0.5,,CLEAN_FAILURE_SAFETY,True,True,False,True,True
libero_object/task_03/state_009/clean/attempt_01,libero_object,3,9,True,0,,,0.5,,PRIMARY_ELIGIBLE,True,True,False,True,True
libero_object/task_03/state_010/clean/attempt_01,libero_object,3,10,True,0,,,0.5,,CLEAN_FAILURE_SAFETY,True,True,False,True,True
libero_object/task_03/state_011/clean/attempt_01,libero_object,3,11,True,0,,,0.5,,CLEAN_FAILURE_SAFETY,True,True,False,True,True
libero_object/task_03/state_012/clean/attempt_01,libero_object,3,12,True,0,,,0.5,,CLEAN_FAILURE_SAFETY,True,True,False,True,True
libero_object/task_03/state_013/clean/attempt_01,libero_object,3,13,True,0,,,0.5,,PRIMARY_ELIGIBLE,True,True,False,True,True
libero_object/task_03/state_014/clean/attempt_01,libero_object,3,14,True,0,,,0.5,,PRIMARY_ELIGIBLE,True,True,False,True,True
libero_object/task_03/state_015/clean/attempt_01,libero_object,3,15,True,0,,,0.5,,PRIMARY_ELIGIBLE,True,True,False,True,True
libero_object/task_03/state_016/clean/attempt_01,libero_object,3,16,True,0,,,0.5,,CLEAN_FAILURE_SAFETY,True,True,False,True,True
libero_object/task_03/state_017/clean/attempt_01,libero_object,3,17,True,0,,,0.5,,CLEAN_FAILURE_SAFETY,True,True,False,True,True
libero_object/task_03/state_018/clean/attempt_01,libero_object,3,18,True,0,,,0.5,,PRIMARY_ELIGIBLE,True,True,False,True,True
libero_object/task_03/state_019/clean/attempt_01,libero_object,3,19,True,0,,,0.5,,PRIMARY_ELIGIBLE,True,True,False,True,True
libero_object/task_03/state_020/clean/attempt_01,libero_object,3,20,True,0,,,0.5,,CLEAN_FAILURE_SAFETY,True,True,False,True,True
libero_object/task_03/state_021/clean/attempt_01,libero_object,3,21,True,0,,,0.5,,CLEAN_FAILURE_SAFETY,True,True,False,True,True
libero_object/task_03/state_022/clean/attempt_01,libero_object,3,22,True,0,,,0.5,,PRIMARY_ELIGIBLE,True,True,False,True,True
libero_object/task_03/state_023/clean/attempt_01,libero_object,3,23,True,0,,,0.5,,PRIMARY_ELIGIBLE,True,True,False,True,True
libero_object/task_03/state_024/clean/attempt_01,libero_object,3,24,True,0,,,0.5,,PRIMARY_ELIGIBLE,True,True,False,True,True
libero_object/task_03/state_025/clean/attempt_01,libero_object,3,25,True,0,,,0.5,,PRIMARY_ELIGIBLE,True,True,False,True,True
libero_object/task_03/state_026/clean/attempt_01,libero_object,3,26,True,0,,,0.5,,CLEAN_FAILURE_SAFETY,True,True,False,True,True
libero_object/task_03/state_027/clean/attempt_01,libero_object,3,27,True,0,,,0.5,,PRIMARY_ELIGIBLE,True,True,False,True,True
libero_object/task_03/state_028/clean/attempt_01,libero_object,3,28,True,0,,,0.5,,PRIMARY_ELIGIBLE,True,True,False,True,True
libero_object/task_03/state_029/clean/attempt_01,libero_object,3,29,True,0,,,0.5,,PRIMARY_ELIGIBLE,True,True,False,True,True
libero_object/task_03/state_030/clean/attempt_01,libero_object,3,30,True,0,,,0.5,,PRIMARY_ELIGIBLE,True,True,False,True,True
libero_object/task_03/state_031/clean/attempt_01,libero_object,3,31,True,0,,,0.5,,CLEAN_FAILURE_SAFETY,True,True,False,True,True
libero_object/task_03/state_032/clean/attempt_01,libero_object,3,32,True,0,,,0.5,,PRIMARY_ELIGIBLE,True,True,False,True,True
libero_object/task_03/state_033/clean/attempt_01,libero_object,3,33,True,0,,,0.5,,CLEAN_FAILURE_SAFETY,True,True,False,True,True
libero_object/task_03/state_034/clean/attempt_01,libero_object,3,34,True,0,,,0.5,,CLEAN_FAILURE_SAFETY,True,True,False,True,True
libero_object/task_03/state_035/clean/attempt_01,libero_object,3,35,True,0,,,0.5,,CLEAN_FAILURE_SAFETY,True,True,False,True,True
libero_object/task_03/state_036/clean/attempt_01,libero_object,3,36,True,0,,,0.5,,PRIMARY_ELIGIBLE,True,True,False,True,True
libero_object/task_03/state_037/clean/attempt_01,libero_object,3,37,True,0,,,0.5,,PRIMARY_ELIGIBLE,True,True,False,True,True
libero_object/task_03/state_038/clean/attempt_01,libero_object,3,38,True,0,,,0.5,,CLEAN_FAILURE_SAFETY,True,True,False,True,True
libero_object/task_03/state_039/clean/attempt_01,libero_object,3,39,True,0,,,0.5,,PRIMARY_ELIGIBLE,True,True,False,True,True
libero_object/task_03/state_040/clean/attempt_01,libero_object,3,40,True,0,,,0.5,,PRIMARY_ELIGIBLE,True,True,False,True,True
libero_object/task_03/state_041/clean/attempt_01,libero_object,3,41,True,0,,,0.5,,PRIMARY_ELIGIBLE,True,True,False,True,True
libero_object/task_03/state_042/clean/attempt_01,libero_object,3,42,True,0,,,0.5,,PRIMARY_ELIGIBLE,True,True,False,True,True
libero_object/task_03/state_043/clean/attempt_01,libero_object,3,43,True,0,,,0.5,,PRIMARY_ELIGIBLE,True,True,False,True,True
libero_object/task_03/state_044/clean/attempt_01,libero_object,3,44,True,0,,,0.5,,PRIMARY_ELIGIBLE,True,True,False,True,True
libero_object/task_03/state_045/clean/attempt_01,libero_object,3,45,True,0,,,0.5,,PRIMARY_ELIGIBLE,True,True,False,True,True
libero_object/task_03/state_046/clean/attempt_01,libero_object,3,46,True,0,,,0.5,,CLEAN_FAILURE_SAFETY,True,True,False,True,True
libero_object/task_03/state_047/clean/attempt_01,libero_object,3,47,True,0,,,0.5,,CLEAN_FAILURE_SAFETY,True,True,False,True,True
libero_object/task_03/state_048/clean/attempt_01,libero_object,3,48,True,0,,,0.5,,PRIMARY_ELIGIBLE,True,True,False,True,True
libero_object/task_03/state_049/clean/attempt_01,libero_object,3,49,True,0,,,0.5,,CLEAN_FAILURE_SAFETY,True,True,False,True,True
libero_object/task_04/state_000/clean/attempt_01,libero_object,4,0,True,0,,,0.5,,PRIMARY_ELIGIBLE,True,True,False,True,True
libero_object/task_04/state_001/clean/attempt_01,libero_object,4,1,True,0,,,0.5,,PRIMARY_ELIGIBLE,True,True,False,True,True
libero_object/task_04/state_002/clean/attempt_01,libero_object,4,2,True,0,,,0.5,,PRIMARY_ELIGIBLE,True,True,False,True,True
libero_object/task_04/state_003/clean/attempt_01,libero_object,4,3,True,0,,,0.5,,PRIMARY_ELIGIBLE,True,True,False,True,True
libero_object/task_04/state_004/clean/attempt_01,libero_object,4,4,True,0,,,0.5,,PRIMARY_ELIGIBLE,True,True,False,True,True
libero_object/task_04/state_005/clean/attempt_01,libero_object,4,5,True,0,,,0.5,,PRIMARY_ELIGIBLE,True,True,False,True,True
libero_object/task_04/state_006/clean/attempt_01,libero_object,4,6,True,0,,,0.5,,PRIMARY_ELIGIBLE,True,True,False,True,True
libero_object/task_04/state_007/clean/attempt_01,libero_object,4,7,True,0,,,0.5,,PRIMARY_ELIGIBLE,True,True,False,True,True
libero_object/task_04/state_008/clean/attempt_01,libero_object,4,8,True,0,,,0.5,,PRIMARY_ELIGIBLE,True,True,False,True,True
libero_object/task_04/state_009/clean/attempt_01,libero_object,4,9,True,0,,,0.5,,PRIMARY_ELIGIBLE,True,True,False,True,True
libero_object/task_04/state_010/clean/attempt_01,libero_object,4,10,True,0,,,0.5,,PRIMARY_ELIGIBLE,True,True,False,True,True
libero_object/task_04/state_011/clean/attempt_01,libero_object,4,11,True,0,,,0.5,,PRIMARY_ELIGIBLE,True,True,False,True,True
libero_object/task_04/state_012/clean/attempt_01,libero_object,4,12,True,0,,,0.5,,PRIMARY_ELIGIBLE,True,True,False,True,True
libero_object/task_04/state_013/clean/attempt_01,libero_object,4,13,True,0,,,0.5,,PRIMARY_ELIGIBLE,True,True,False,True,True
libero_object/task_04/state_014/clean/attempt_01,libero_object,4,14,True,0,,,0.5,,PRIMARY_ELIGIBLE,True,True,False,True,True
libero_object/task_04/state_015/clean/attempt_01,libero_object,4,15,True,0,,,0.5,,PRIMARY_ELIGIBLE,True,True,False,True,True
libero_object/task_04/state_016/clean/attempt_01,libero_object,4,16,True,0,,,0.5,,PRIMARY_ELIGIBLE,True,True,False,True,True
libero_object/task_04/state_017/clean/attempt_01,libero_object,4,17,True,0,,,0.5,,PRIMARY_ELIGIBLE,True,True,False,True,True
libero_object/task_04/state_018/clean/attempt_01,libero_object,4,18,True,0,,,0.5,,PRIMARY_ELIGIBLE,True,True,False,True,True
libero_object/task_04/state_019/clean/attempt_01,libero_object,4,19,True,0,,,0.5,,CLEAN_FAILURE_SAFETY,True,True,False,True,True
libero_object/task_04/state_020/clean/attempt_01,libero_object,4,20,True,0,,,0.5,,PRIMARY_ELIGIBLE,True,True,False,True,True
libero_object/task_04/state_021/clean/attempt_01,libero_object,4,21,True,0,,,0.5,,PRIMARY_ELIGIBLE,True,True,False,True,True
libero_object/task_04/state_022/clean/attempt_01,libero_object,4,22,True,0,,,0.5,,PRIMARY_ELIGIBLE,True,True,False,True,True
libero_object/task_04/state_023/clean/attempt_01,libero_object,4,23,True,0,,,0.5,,PRIMARY_ELIGIBLE,True,True,False,True,True
libero_object/task_04/state_024/clean/attempt_01,libero_object,4,24,True,0,,,0.5,,PRIMARY_ELIGIBLE,True,True,False,True,True
libero_object/task_04/state_025/clean/attempt_01,libero_object,4,25,True,0,,,0.5,,PRIMARY_ELIGIBLE,True,True,False,True,True
libero_object/task_04/state_026/clean/attempt_01,libero_object,4,26,True,0,,,0.5,,PRIMARY_ELIGIBLE,True,True,False,True,True
libero_object/task_04/state_027/clean/attempt_01,libero_object,4,27,True,0,,,0.5,,PRIMARY_ELIGIBLE,True,True,False,True,True
libero_object/task_04/state_028/clean/attempt_01,libero_object,4,28,True,0,,,0.5,,PRIMARY_ELIGIBLE,True,True,False,True,True
libero_object/task_04/state_029/clean/attempt_01,libero_object,4,29,True,0,,,0.5,,CLEAN_FAILURE_SAFETY,True,True,False,True,True
libero_object/task_04/state_030/clean/attempt_01,libero_object,4,30,True,0,,,0.5,,PRIMARY_ELIGIBLE,True,True,False,True,True
libero_object/task_04/state_031/clean/attempt_01,libero_object,4,31,True,0,,,0.5,,PRIMARY_ELIGIBLE,True,True,False,True,True
libero_object/task_04/state_032/clean/attempt_01,libero_object,4,32,True,0,,,0.5,,PRIMARY_ELIGIBLE,True,True,False,True,True
libero_object/task_04/state_033/clean/attempt_01,libero_object,4,33,True,0,,,0.5,,PRIMARY_ELIGIBLE,True,True,False,True,True
libero_object/task_04/state_034/clean/attempt_01,libero_object,4,34,True,0,,,0.5,,PRIMARY_ELIGIBLE,True,True,False,True,True
libero_object/task_04/state_035/clean/attempt_01,libero_object,4,35,True,0,,,0.5,,PRIMARY_ELIGIBLE,True,True,False,True,True
libero_object/task_04/state_036/clean/attempt_01,libero_object,4,36,True,0,,,0.5,,PRIMARY_ELIGIBLE,True,True,False,True,True
libero_object/task_04/state_037/clean/attempt_01,libero_object,4,37,True,0,,,0.5,,PRIMARY_ELIGIBLE,True,True,False,True,True
libero_object/task_04/state_038/clean/attempt_01,libero_object,4,38,True,0,,,0.5,,PRIMARY_ELIGIBLE,True,True,False,True,True
libero_object/task_04/state_039/clean/attempt_01,libero_object,4,39,True,0,,,0.5,,PRIMARY_ELIGIBLE,True,True,False,True,True
libero_object/task_04/state_040/clean/attempt_01,libero_object,4,40,True,0,,,0.5,,PRIMARY_ELIGIBLE,True,True,False,True,True
libero_object/task_04/state_041/clean/attempt_01,libero_object,4,41,True,0,,,0.5,,PRIMARY_ELIGIBLE,True,True,False,True,True
libero_object/task_04/state_042/clean/attempt_01,libero_object,4,42,True,0,,,0.5,,PRIMARY_ELIGIBLE,True,True,False,True,True
libero_object/task_04/state_043/clean/attempt_01,libero_object,4,43,True,0,,,0.5,,PRIMARY_ELIGIBLE,True,True,False,True,True
libero_object/task_04/state_044/clean/attempt_01,libero_object,4,44,True,0,,,0.5,,PRIMARY_ELIGIBLE,True,True,False,True,True
libero_object/task_04/state_045/clean/attempt_01,libero_object,4,45,True,0,,,0.5,,PRIMARY_ELIGIBLE,True,True,False,True,True
libero_object/task_04/state_046/clean/attempt_01,libero_object,4,46,True,0,,,0.5,,PRIMARY_ELIGIBLE,True,True,False,True,True
libero_object/task_04/state_047/clean/attempt_01,libero_object,4,47,True,0,,,0.5,,PRIMARY_ELIGIBLE,True,True,False,True,True
libero_object/task_04/state_048/clean/attempt_01,libero_object,4,48,True,0,,,0.5,,PRIMARY_ELIGIBLE,True,True,False,True,True
libero_object/task_04/state_049/clean/attempt_01,libero_object,4,49,True,0,,,0.5,,PRIMARY_ELIGIBLE,True,True,False,True,True
libero_object/task_05/state_000/clean/attempt_01,libero_object,5,0,True,0,,,0.5,,PRIMARY_ELIGIBLE,True,True,False,True,True
libero_object/task_05/state_001/clean/attempt_01,libero_object,5,1,True,0,,,0.5,,PRIMARY_ELIGIBLE,True,True,False,True,True
libero_object/task_05/state_002/clean/attempt_01,libero_object,5,2,True,0,,,0.5,,PRIMARY_ELIGIBLE,True,True,False,True,True
libero_object/task_05/state_003/clean/attempt_01,libero_object,5,3,True,0,,,0.5,,PRIMARY_ELIGIBLE,True,True,False,True,True
libero_object/task_05/state_004/clean/attempt_01,libero_object,5,4,True,0,,,0.5,,PRIMARY_ELIGIBLE,True,True,False,True,True
libero_object/task_05/state_005/clean/attempt_01,libero_object,5,5,True,0,,,0.5,,PRIMARY_ELIGIBLE,True,True,False,True,True
libero_object/task_05/state_006/clean/attempt_01,libero_object,5,6,True,0,,,0.5,,PRIMARY_ELIGIBLE,True,True,False,True,True
libero_object/task_05/state_007/clean/attempt_01,libero_object,5,7,True,0,,,0.5,,PRIMARY_ELIGIBLE,True,True,False,True,True
libero_object/task_05/state_008/clean/attempt_01,libero_object,5,8,True,0,,,0.5,,PRIMARY_ELIGIBLE,True,True,False,True,True
libero_object/task_05/state_009/clean/attempt_01,libero_object,5,9,True,0,,,0.5,,CLEAN_FAILURE_SAFETY,True,True,False,True,True
libero_object/task_05/state_010/clean/attempt_01,libero_object,5,10,True,0,,,0.5,,PRIMARY_ELIGIBLE,True,True,False,True,True
libero_object/task_05/state_011/clean/attempt_01,libero_object,5,11,True,0,,,0.5,,PRIMARY_ELIGIBLE,True,True,False,True,True
libero_object/task_05/state_012/clean/attempt_01,libero_object,5,12,True,0,,,0.5,,CLEAN_FAILURE_SAFETY,True,True,False,True,True
libero_object/task_05/state_013/clean/attempt_01,libero_object,5,13,True,0,,,0.5,,CLEAN_FAILURE_SAFETY,True,True,False,True,True
libero_object/task_05/state_014/clean/attempt_01,libero_object,5,14,True,0,,,0.5,,CLEAN_FAILURE_SAFETY,True,True,False,True,True
libero_object/task_05/state_015/clean/attempt_01,libero_object,5,15,True,0,,,0.5,,CLEAN_FAILURE_SAFETY,True,True,False,True,True
libero_object/task_05/state_016/clean/attempt_01,libero_object,5,16,True,0,,,0.5,,PRIMARY_ELIGIBLE,True,True,False,True,True
libero_object/task_05/state_017/clean/attempt_01,libero_object,5,17,True,0,,,0.5,,PRIMARY_ELIGIBLE,True,True,False,True,True
libero_object/task_05/state_018/clean/attempt_01,libero_object,5,18,True,0,,,0.5,,PRIMARY_ELIGIBLE,True,True,False,True,True
libero_object/task_05/state_019/clean/attempt_01,libero_object,5,19,True,0,,,0.5,,PRIMARY_ELIGIBLE,True,True,False,True,True
libero_object/task_05/state_020/clean/attempt_01,libero_object,5,20,True,0,,,0.5,,CLEAN_FAILURE_SAFETY,True,True,False,True,True
libero_object/task_05/state_021/clean/attempt_01,libero_object,5,21,True,0,,,0.5,,CLEAN_FAILURE_SAFETY,True,True,False,True,True
libero_object/task_05/state_022/clean/attempt_01,libero_object,5,22,True,0,,,0.5,,PRIMARY_ELIGIBLE,True,True,False,True,True
libero_object/task_05/state_023/clean/attempt_01,libero_object,5,23,True,0,,,0.5,,PRIMARY_ELIGIBLE,True,True,False,True,True
libero_object/task_05/state_024/clean/attempt_01,libero_object,5,24,True,0,,,0.5,,PRIMARY_ELIGIBLE,True,True,False,True,True
libero_object/task_05/state_025/clean/attempt_01,libero_object,5,25,True,0,,,0.5,,PRIMARY_ELIGIBLE,True,True,False,True,True
libero_object/task_05/state_026/clean/attempt_01,libero_object,5,26,True,0,,,0.5,,PRIMARY_ELIGIBLE,True,True,False,True,True
libero_object/task_05/state_027/clean/attempt_01,libero_object,5,27,True,0,,,0.5,,PRIMARY_ELIGIBLE,True,True,False,True,True
libero_object/task_05/state_028/clean/attempt_01,libero_object,5,28,True,0,,,0.5,,PRIMARY_ELIGIBLE,True,True,False,True,True
libero_object/task_05/state_029/clean/attempt_01,libero_object,5,29,True,0,,,0.5,,PRIMARY_ELIGIBLE,True,True,False,True,True
libero_object/task_05/state_030/clean/attempt_01,libero_object,5,30,True,0,,,0.5,,PRIMARY_ELIGIBLE,True,True,False,True,True
libero_object/task_05/state_031/clean/attempt_01,libero_object,5,31,True,0,,,0.5,,PRIMARY_ELIGIBLE,True,True,False,True,True
libero_object/task_05/state_032/clean/attempt_01,libero_object,5,32,True,0,,,0.5,,PRIMARY_ELIGIBLE,True,True,False,True,True
libero_object/task_05/state_033/clean/attempt_01,libero_object,5,33,True,0,,,0.5,,CLEAN_FAILURE_SAFETY,True,True,False,True,True
libero_object/task_05/state_034/clean/attempt_01,libero_object,5,34,True,0,,,0.5,,CLEAN_FAILURE_SAFETY,True,True,False,True,True
libero_object/task_05/state_035/clean/attempt_01,libero_object,5,35,True,0,,,0.5,,PRIMARY_ELIGIBLE,True,True,False,True,True
libero_object/task_05/state_036/clean/attempt_01,libero_object,5,36,True,0,,,0.5,,PRIMARY_ELIGIBLE,True,True,False,True,True
libero_object/task_05/state_037/clean/attempt_01,libero_object,5,37,True,0,,,0.5,,CLEAN_FAILURE_SAFETY,True,True,False,True,True
libero_object/task_05/state_038/clean/attempt_01,libero_object,5,38,True,0,,,0.5,,CLEAN_FAILURE_SAFETY,True,True,False,True,True
libero_object/task_05/state_039/clean/attempt_01,libero_object,5,39,True,0,,,0.5,,PRIMARY_ELIGIBLE,True,True,False,True,True
libero_object/task_05/state_040/clean/attempt_01,libero_object,5,40,True,0,,,0.5,,CLEAN_FAILURE_SAFETY,True,True,False,True,True
libero_object/task_05/state_041/clean/attempt_01,libero_object,5,41,True,0,,,0.5,,PRIMARY_ELIGIBLE,True,True,False,True,True
libero_object/task_05/state_042/clean/attempt_01,libero_object,5,42,True,0,,,0.5,,PRIMARY_ELIGIBLE,True,True,False,True,True
libero_object/task_05/state_043/clean/attempt_01,libero_object,5,43,True,0,,,0.5,,PRIMARY_ELIGIBLE,True,True,False,True,True
libero_object/task_05/state_044/clean/attempt_01,libero_object,5,44,True,0,,,0.5,,PRIMARY_ELIGIBLE,True,True,False,True,True
libero_object/task_05/state_045/clean/attempt_01,libero_object,5,45,True,0,,,0.5,,PRIMARY_ELIGIBLE,True,True,False,True,True
libero_object/task_05/state_046/clean/attempt_01,libero_object,5,46,True,0,,,0.5,,PRIMARY_ELIGIBLE,True,True,False,True,True
libero_object/task_05/state_047/clean/attempt_01,libero_object,5,47,True,0,,,0.5,,PRIMARY_ELIGIBLE,True,True,False,True,True
libero_object/task_05/state_048/clean/attempt_01,libero_object,5,48,True,0,,,0.5,,CLEAN_FAILURE_SAFETY,True,True,False,True,True
libero_object/task_05/state_049/clean/attempt_01,libero_object,5,49,True,0,,,0.5,,PRIMARY_ELIGIBLE,True,True,False,True,True
libero_object/task_06/state_000/clean/attempt_01,libero_object,6,0,True,0,,,0.5,,PRIMARY_ELIGIBLE,True,True,False,True,True
libero_object/task_06/state_001/clean/attempt_01,libero_object,6,1,True,0,,,0.5,,CLEAN_FAILURE_SAFETY,True,True,False,True,True
libero_object/task_06/state_002/clean/attempt_01,libero_object,6,2,True,0,,,0.5,,PRIMARY_ELIGIBLE,True,True,False,True,True
libero_object/task_06/state_003/clean/attempt_01,libero_object,6,3,True,0,,,0.5,,CLEAN_FAILURE_SAFETY,True,True,False,True,True
libero_object/task_06/state_004/clean/attempt_01,libero_object,6,4,True,0,,,0.5,,CLEAN_FAILURE_SAFETY,True,True,False,True,True
libero_object/task_06/state_005/clean/attempt_01,libero_object,6,5,True,0,,,0.5,,PRIMARY_ELIGIBLE,True,True,False,True,True
libero_object/task_06/state_006/clean/attempt_01,libero_object,6,6,True,0,,,0.5,,PRIMARY_ELIGIBLE,True,True,False,True,True
libero_object/task_06/state_007/clean/attempt_01,libero_object,6,7,True,0,,,0.5,,PRIMARY_ELIGIBLE,True,True,False,True,True
libero_object/task_06/state_008/clean/attempt_01,libero_object,6,8,True,0,,,0.5,,PRIMARY_ELIGIBLE,True,True,False,True,True
libero_object/task_06/state_009/clean/attempt_01,libero_object,6,9,True,0,,,0.5,,PRIMARY_ELIGIBLE,True,True,False,True,True
libero_object/task_06/state_010/clean/attempt_01,libero_object,6,10,True,0,,,0.5,,PRIMARY_ELIGIBLE,True,True,False,True,True
libero_object/task_06/state_011/clean/attempt_01,libero_object,6,11,True,0,,,0.5,,PRIMARY_ELIGIBLE,True,True,False,True,True
libero_object/task_06/state_012/clean/attempt_01,libero_object,6,12,True,0,,,0.5,,CLEAN_FAILURE_SAFETY,True,True,False,True,True
libero_object/task_06/state_013/clean/attempt_01,libero_object,6,13,True,0,,,0.5,,PRIMARY_ELIGIBLE,True,True,False,True,True
libero_object/task_06/state_014/clean/attempt_01,libero_object,6,14,True,0,,,0.5,,PRIMARY_ELIGIBLE,True,True,False,True,True
libero_object/task_06/state_015/clean/attempt_01,libero_object,6,15,True,0,,,0.5,,CLEAN_FAILURE_SAFETY,True,True,False,True,True
libero_object/task_06/state_016/clean/attempt_01,libero_object,6,16,True,0,,,0.5,,CLEAN_FAILURE_SAFETY,True,True,False,True,True
libero_object/task_06/state_017/clean/attempt_01,libero_object,6,17,True,0,,,0.5,,CLEAN_FAILURE_SAFETY,True,True,False,True,True
libero_object/task_06/state_018/clean/attempt_01,libero_object,6,18,True,0,,,0.5,,PRIMARY_ELIGIBLE,True,True,False,True,True
libero_object/task_06/state_019/clean/attempt_01,libero_object,6,19,True,0,,,0.5,,CLEAN_FAILURE_SAFETY,True,True,False,True,True
libero_object/task_06/state_020/clean/attempt_01,libero_object,6,20,True,0,,,0.5,,PRIMARY_ELIGIBLE,True,True,False,True,True
libero_object/task_06/state_021/clean/attempt_01,libero_object,6,21,True,0,,,0.5,,CLEAN_FAILURE_SAFETY,True,True,False,True,True
libero_object/task_06/state_022/clean/attempt_01,libero_object,6,22,True,0,,,0.5,,PRIMARY_ELIGIBLE,True,True,False,True,True
libero_object/task_06/state_023/clean/attempt_01,libero_object,6,23,True,0,,,0.5,,CLEAN_FAILURE_SAFETY,True,True,False,True,True
libero_object/task_06/state_024/clean/attempt_01,libero_object,6,24,True,0,,,0.5,,PRIMARY_ELIGIBLE,True,True,False,True,True
libero_object/task_06/state_025/clean/attempt_01,libero_object,6,25,True,0,,,0.5,,CLEAN_FAILURE_SAFETY,True,True,False,True,True
libero_object/task_06/state_026/clean/attempt_01,libero_object,6,26,True,0,,,0.5,,PRIMARY_ELIGIBLE,True,True,False,True,True
libero_object/task_06/state_027/clean/attempt_01,libero_object,6,27,True,0,,,0.5,,PRIMARY_ELIGIBLE,True,True,False,True,True
libero_object/task_06/state_028/clean/attempt_01,libero_object,6,28,True,0,,,0.5,,CLEAN_FAILURE_SAFETY,True,True,False,True,True
libero_object/task_06/state_029/clean/attempt_01,libero_object,6,29,True,0,,,0.5,,PRIMARY_ELIGIBLE,True,True,False,True,True
libero_object/task_06/state_030/clean/attempt_01,libero_object,6,30,True,0,,,0.5,,PRIMARY_ELIGIBLE,True,True,False,True,True
libero_object/task_06/state_031/clean/attempt_01,libero_object,6,31,True,0,,,0.5,,PRIMARY_ELIGIBLE,True,True,False,True,True
libero_object/task_06/state_032/clean/attempt_01,libero_object,6,32,True,0,,,0.5,,CLEAN_FAILURE_SAFETY,True,True,False,True,True
libero_object/task_06/state_033/clean/attempt_01,libero_object,6,33,True,0,,,0.5,,PRIMARY_ELIGIBLE,True,True,False,True,True
libero_object/task_06/state_034/clean/attempt_01,libero_object,6,34,True,0,,,0.5,,PRIMARY_ELIGIBLE,True,True,False,True,True
libero_object/task_06/state_035/clean/attempt_01,libero_object,6,35,True,0,,,0.5,,CLEAN_FAILURE_SAFETY,True,True,False,True,True
libero_object/task_06/state_036/clean/attempt_01,libero_object,6,36,True,0,,,0.5,,PRIMARY_ELIGIBLE,True,True,False,True,True
libero_object/task_06/state_037/clean/attempt_01,libero_object,6,37,True,0,,,0.5,,PRIMARY_ELIGIBLE,True,True,False,True,True
libero_object/task_06/state_038/clean/attempt_01,libero_object,6,38,True,0,,,0.5,,CLEAN_FAILURE_SAFETY,True,True,False,True,True
libero_object/task_06/state_039/clean/attempt_01,libero_object,6,39,True,0,,,0.5,,CLEAN_FAILURE_SAFETY,True,True,False,True,True
libero_object/task_06/state_040/clean/attempt_01,libero_object,6,40,True,0,,,0.5,,PRIMARY_ELIGIBLE,True,True,False,True,True
libero_object/task_06/state_041/clean/attempt_01,libero_object,6,41,True,0,,,0.5,,PRIMARY_ELIGIBLE,True,True,False,True,True
libero_object/task_06/state_042/clean/attempt_01,libero_object,6,42,True,0,,,0.5,,PRIMARY_ELIGIBLE,True,True,False,True,True
libero_object/task_06/state_043/clean/attempt_01,libero_object,6,43,True,0,,,0.5,,PRIMARY_ELIGIBLE,True,True,False,True,True
libero_object/task_06/state_044/clean/attempt_01,libero_object,6,44,True,0,,,0.5,,PRIMARY_ELIGIBLE,True,True,False,True,True
libero_object/task_06/state_045/clean/attempt_01,libero_object,6,45,True,0,,,0.5,,PRIMARY_ELIGIBLE,True,True,False,True,True
libero_object/task_06/state_046/clean/attempt_01,libero_object,6,46,True,0,,,0.5,,PRIMARY_ELIGIBLE,True,True,False,True,True
libero_object/task_06/state_047/clean/attempt_01,libero_object,6,47,True,0,,,0.5,,CLEAN_FAILURE_SAFETY,True,True,False,True,True
libero_object/task_06/state_048/clean/attempt_01,libero_object,6,48,True,0,,,0.5,,PRIMARY_ELIGIBLE,True,True,False,True,True
libero_object/task_06/state_049/clean/attempt_01,libero_object,6,49,True,0,,,0.5,,PRIMARY_ELIGIBLE,True,True,False,True,True
libero_object/task_07/state_000/clean/attempt_01,libero_object,7,0,True,0,,,0.5,,PRIMARY_ELIGIBLE,True,True,False,True,True
libero_object/task_07/state_001/clean/attempt_01,libero_object,7,1,True,0,,,0.5,,PRIMARY_ELIGIBLE,True,True,False,True,True
libero_object/task_07/state_002/clean/attempt_01,libero_object,7,2,True,0,,,0.5,,PRIMARY_ELIGIBLE,True,True,False,True,True
libero_object/task_07/state_003/clean/attempt_01,libero_object,7,3,True,0,,,0.5,,PRIMARY_ELIGIBLE,True,True,False,True,True
libero_object/task_07/state_004/clean/attempt_01,libero_object,7,4,True,0,,,0.5,,PRIMARY_ELIGIBLE,True,True,False,True,True
libero_object/task_07/state_005/clean/attempt_01,libero_object,7,5,True,0,,,0.5,,PRIMARY_ELIGIBLE,True,True,False,True,True
libero_object/task_07/state_006/clean/attempt_01,libero_object,7,6,True,0,,,0.5,,PRIMARY_ELIGIBLE,True,True,False,True,True
libero_object/task_07/state_007/clean/attempt_01,libero_object,7,7,True,0,,,0.5,,PRIMARY_ELIGIBLE,True,True,False,True,True
libero_object/task_07/state_008/clean/attempt_01,libero_object,7,8,True,0,,,0.5,,PRIMARY_ELIGIBLE,True,True,False,True,True
libero_object/task_07/state_009/clean/attempt_01,libero_object,7,9,True,0,,,0.5,,PRIMARY_ELIGIBLE,True,True,False,True,True
libero_object/task_07/state_010/clean/attempt_01,libero_object,7,10,True,0,,,0.5,,CLEAN_FAILURE_SAFETY,True,True,False,True,True
libero_object/task_07/state_011/clean/attempt_01,libero_object,7,11,True,0,,,0.5,,PRIMARY_ELIGIBLE,True,True,False,True,True
libero_object/task_07/state_012/clean/attempt_01,libero_object,7,12,True,0,,,0.5,,CLEAN_FAILURE_SAFETY,True,True,False,True,True
libero_object/task_07/state_013/clean/attempt_01,libero_object,7,13,True,0,,,0.5,,CLEAN_FAILURE_SAFETY,True,True,False,True,True
libero_object/task_07/state_014/clean/attempt_01,libero_object,7,14,True,0,,,0.5,,CLEAN_FAILURE_SAFETY,True,True,False,True,True
libero_object/task_07/state_015/clean/attempt_01,libero_object,7,15,True,0,,,0.5,,PRIMARY_ELIGIBLE,True,True,False,True,True
libero_object/task_07/state_016/clean/attempt_01,libero_object,7,16,True,0,,,0.5,,CLEAN_FAILURE_SAFETY,True,True,False,True,True
libero_object/task_07/state_017/clean/attempt_01,libero_object,7,17,True,0,,,0.5,,PRIMARY_ELIGIBLE,True,True,False,True,True
libero_object/task_07/state_018/clean/attempt_01,libero_object,7,18,True,0,,,0.5,,PRIMARY_ELIGIBLE,True,True,False,True,True
libero_object/task_07/state_019/clean/attempt_01,libero_object,7,19,True,0,,,0.5,,PRIMARY_ELIGIBLE,True,True,False,True,True
libero_object/task_07/state_020/clean/attempt_01,libero_object,7,20,True,0,,,0.5,,PRIMARY_ELIGIBLE,True,True,False,True,True
libero_object/task_07/state_021/clean/attempt_01,libero_object,7,21,True,0,,,0.5,,PRIMARY_ELIGIBLE,True,True,False,True,True
libero_object/task_07/state_022/clean/attempt_01,libero_object,7,22,True,0,,,0.5,,CLEAN_FAILURE_SAFETY,True,True,False,True,True
libero_object/task_07/state_023/clean/attempt_01,libero_object,7,23,True,0,,,0.5,,CLEAN_FAILURE_SAFETY,True,True,False,True,True
libero_object/task_07/state_024/clean/attempt_01,libero_object,7,24,True,0,,,0.5,,CLEAN_FAILURE_SAFETY,True,True,False,True,True
libero_object/task_07/state_025/clean/attempt_01,libero_object,7,25,True,0,,,0.5,,PRIMARY_ELIGIBLE,True,True,False,True,True
libero_object/task_07/state_026/clean/attempt_01,libero_object,7,26,True,0,,,0.5,,PRIMARY_ELIGIBLE,True,True,False,True,True
libero_object/task_07/state_027/clean/attempt_01,libero_object,7,27,True,0,,,0.5,,PRIMARY_ELIGIBLE,True,True,False,True,True
libero_object/task_07/state_028/clean/attempt_01,libero_object,7,28,True,0,,,0.5,,PRIMARY_ELIGIBLE,True,True,False,True,True
libero_object/task_07/state_029/clean/attempt_01,libero_object,7,29,True,0,,,0.5,,PRIMARY_ELIGIBLE,True,True,False,True,True
libero_object/task_07/state_030/clean/attempt_01,libero_object,7,30,True,0,,,0.5,,PRIMARY_ELIGIBLE,True,True,False,True,True
libero_object/task_07/state_031/clean/attempt_01,libero_object,7,31,True,0,,,0.5,,CLEAN_FAILURE_SAFETY,True,True,False,True,True
libero_object/task_07/state_032/clean/attempt_01,libero_object,7,32,True,0,,,0.5,,PRIMARY_ELIGIBLE,True,True,False,True,True
libero_object/task_07/state_033/clean/attempt_01,libero_object,7,33,True,0,,,0.5,,PRIMARY_ELIGIBLE,True,True,False,True,True
libero_object/task_07/state_034/clean/attempt_01,libero_object,7,34,True,0,,,0.5,,PRIMARY_ELIGIBLE,True,True,False,True,True
libero_object/task_07/state_035/clean/attempt_01,libero_object,7,35,True,0,,,0.5,,PRIMARY_ELIGIBLE,True,True,False,True,True
libero_object/task_07/state_036/clean/attempt_01,libero_object,7,36,True,0,,,0.5,,PRIMARY_ELIGIBLE,True,True,False,True,True
libero_object/task_07/state_037/clean/attempt_01,libero_object,7,37,True,0,,,0.5,,PRIMARY_ELIGIBLE,True,True,False,True,True
libero_object/task_07/state_038/clean/attempt_01,libero_object,7,38,True,0,,,0.5,,PRIMARY_ELIGIBLE,True,True,False,True,True
libero_object/task_07/state_039/clean/attempt_01,libero_object,7,39,True,0,,,0.5,,CLEAN_FAILURE_SAFETY,True,True,False,True,True
libero_object/task_07/state_040/clean/attempt_01,libero_object,7,40,True,0,,,0.5,,PRIMARY_ELIGIBLE,True,True,False,True,True
libero_object/task_07/state_041/clean/attempt_01,libero_object,7,41,True,0,,,0.5,,CLEAN_FAILURE_SAFETY,True,True,False,True,True
libero_object/task_07/state_042/clean/attempt_01,libero_object,7,42,True,0,,,0.5,,CLEAN_FAILURE_SAFETY,True,True,False,True,True
libero_object/task_07/state_043/clean/attempt_01,libero_object,7,43,True,0,,,0.5,,CLEAN_FAILURE_SAFETY,True,True,False,True,True
libero_object/task_07/state_044/clean/attempt_01,libero_object,7,44,True,0,,,0.5,,CLEAN_FAILURE_SAFETY,True,True,False,True,True
libero_object/task_07/state_045/clean/attempt_01,libero_object,7,45,True,0,,,0.5,,PRIMARY_ELIGIBLE,True,True,False,True,True
libero_object/task_07/state_046/clean/attempt_01,libero_object,7,46,True,0,,,0.5,,PRIMARY_ELIGIBLE,True,True,False,True,True
libero_object/task_07/state_047/clean/attempt_01,libero_object,7,47,True,0,,,0.5,,PRIMARY_ELIGIBLE,True,True,False,True,True
libero_object/task_07/state_048/clean/attempt_01,libero_object,7,48,True,0,,,0.5,,PRIMARY_ELIGIBLE,True,True,False,True,True
libero_object/task_07/state_049/clean/attempt_01,libero_object,7,49,True,0,,,0.5,,PRIMARY_ELIGIBLE,True,True,False,True,True
libero_object/task_08/state_000/clean/attempt_01,libero_object,8,0,True,0,,,0.5,,PRIMARY_ELIGIBLE,True,True,False,True,True
libero_object/task_08/state_001/clean/attempt_01,libero_object,8,1,True,0,,,0.5,,PRIMARY_ELIGIBLE,True,True,False,True,True
libero_object/task_08/state_002/clean/attempt_01,libero_object,8,2,True,0,,,0.5,,CLEAN_FAILURE_SAFETY,True,True,False,True,True
libero_object/task_08/state_003/clean/attempt_01,libero_object,8,3,True,0,,,0.5,,PRIMARY_ELIGIBLE,True,True,False,True,True
libero_object/task_08/state_004/clean/attempt_01,libero_object,8,4,True,0,,,0.5,,PRIMARY_ELIGIBLE,True,True,False,True,True
libero_object/task_08/state_005/clean/attempt_01,libero_object,8,5,True,0,,,0.5,,CLEAN_FAILURE_SAFETY,True,True,False,True,True
libero_object/task_08/state_006/clean/attempt_01,libero_object,8,6,True,0,,,0.5,,PRIMARY_ELIGIBLE,True,True,False,True,True
libero_object/task_08/state_007/clean/attempt_01,libero_object,8,7,True,0,,,0.5,,CLEAN_FAILURE_SAFETY,True,True,False,True,True
libero_object/task_08/state_008/clean/attempt_01,libero_object,8,8,True,0,,,0.5,,CLEAN_FAILURE_SAFETY,True,True,False,True,True
libero_object/task_08/state_009/clean/attempt_01,libero_object,8,9,True,0,,,0.5,,PRIMARY_ELIGIBLE,True,True,False,True,True
libero_object/task_08/state_010/clean/attempt_01,libero_object,8,10,True,0,,,0.5,,CLEAN_FAILURE_SAFETY,True,True,False,True,True
libero_object/task_08/state_011/clean/attempt_01,libero_object,8,11,True,0,,,0.5,,PRIMARY_ELIGIBLE,True,True,False,True,True
libero_object/task_08/state_012/clean/attempt_01,libero_object,8,12,True,0,,,0.5,,PRIMARY_ELIGIBLE,True,True,False,True,True
libero_object/task_08/state_013/clean/attempt_01,libero_object,8,13,True,0,,,0.5,,PRIMARY_ELIGIBLE,True,True,False,True,True
libero_object/task_08/state_014/clean/attempt_01,libero_object,8,14,True,0,,,0.5,,PRIMARY_ELIGIBLE,True,True,False,True,True
libero_object/task_08/state_015/clean/attempt_01,libero_object,8,15,True,0,,,0.5,,PRIMARY_ELIGIBLE,True,True,False,True,True
libero_object/task_08/state_016/clean/attempt_01,libero_object,8,16,True,0,,,0.5,,PRIMARY_ELIGIBLE,True,True,False,True,True
libero_object/task_08/state_017/clean/attempt_01,libero_object,8,17,True,0,,,0.5,,CLEAN_FAILURE_SAFETY,True,True,False,True,True
libero_object/task_08/state_018/clean/attempt_01,libero_object,8,18,True,0,,,0.5,,PRIMARY_ELIGIBLE,True,True,False,True,True
libero_object/task_08/state_019/clean/attempt_01,libero_object,8,19,True,0,,,0.5,,CLEAN_FAILURE_SAFETY,True,True,False,True,True
libero_object/task_08/state_020/clean/attempt_01,libero_object,8,20,True,0,,,0.5,,PRIMARY_ELIGIBLE,True,True,False,True,True
libero_object/task_08/state_021/clean/attempt_01,libero_object,8,21,True,0,,,0.5,,CLEAN_FAILURE_SAFETY,True,True,False,True,True
libero_object/task_08/state_022/clean/attempt_01,libero_object,8,22,True,0,,,0.5,,CLEAN_FAILURE_SAFETY,True,True,False,True,True
libero_object/task_08/state_023/clean/attempt_01,libero_object,8,23,True,0,,,0.5,,PRIMARY_ELIGIBLE,True,True,False,True,True
libero_object/task_08/state_024/clean/attempt_01,libero_object,8,24,True,0,,,0.5,,CLEAN_FAILURE_SAFETY,True,True,False,True,True
libero_object/task_08/state_025/clean/attempt_01,libero_object,8,25,True,0,,,0.5,,PRIMARY_ELIGIBLE,True,True,False,True,True
libero_object/task_08/state_026/clean/attempt_01,libero_object,8,26,True,0,,,0.5,,CLEAN_FAILURE_SAFETY,True,True,False,True,True
libero_object/task_08/state_027/clean/attempt_01,libero_object,8,27,True,0,,,0.5,,PRIMARY_ELIGIBLE,True,True,False,True,True
libero_object/task_08/state_028/clean/attempt_01,libero_object,8,28,True,0,,,0.5,,CLEAN_FAILURE_SAFETY,True,True,False,True,True
libero_object/task_08/state_029/clean/attempt_01,libero_object,8,29,True,0,,,0.5,,CLEAN_FAILURE_SAFETY,True,True,False,True,True
libero_object/task_08/state_030/clean/attempt_01,libero_object,8,30,True,0,,,0.5,,PRIMARY_ELIGIBLE,True,True,False,True,True
libero_object/task_08/state_031/clean/attempt_01,libero_object,8,31,True,0,,,0.5,,PRIMARY_ELIGIBLE,True,True,False,True,True
libero_object/task_08/state_032/clean/attempt_01,libero_object,8,32,True,0,,,0.5,,CLEAN_FAILURE_SAFETY,True,True,False,True,True
libero_object/task_08/state_033/clean/attempt_01,libero_object,8,33,True,0,,,0.5,,PRIMARY_ELIGIBLE,True,True,False,True,True
libero_object/task_08/state_034/clean/attempt_01,libero_object,8,34,True,0,,,0.5,,CLEAN_FAILURE_SAFETY,True,True,False,True,True
libero_object/task_08/state_035/clean/attempt_01,libero_object,8,35,True,0,,,0.5,,CLEAN_FAILURE_SAFETY,True,True,False,True,True
libero_object/task_08/state_036/clean/attempt_01,libero_object,8,36,True,0,,,0.5,,PRIMARY_ELIGIBLE,True,True,False,True,True
libero_object/task_08/state_037/clean/attempt_01,libero_object,8,37,True,0,,,0.5,,CLEAN_FAILURE_SAFETY,True,True,False,True,True
libero_object/task_08/state_038/clean/attempt_01,libero_object,8,38,True,0,,,0.5,,CLEAN_FAILURE_SAFETY,True,True,False,True,True
libero_object/task_08/state_039/clean/attempt_01,libero_object,8,39,True,0,,,0.5,,CLEAN_FAILURE_SAFETY,True,True,False,True,True
libero_object/task_08/state_040/clean/attempt_01,libero_object,8,40,True,0,,,0.5,,PRIMARY_ELIGIBLE,True,True,False,True,True
libero_object/task_08/state_041/clean/attempt_01,libero_object,8,41,True,0,,,0.5,,PRIMARY_ELIGIBLE,True,True,False,True,True
libero_object/task_08/state_042/clean/attempt_01,libero_object,8,42,True,0,,,0.5,,PRIMARY_ELIGIBLE,True,True,False,True,True
libero_object/task_08/state_043/clean/attempt_01,libero_object,8,43,True,0,,,0.5,,CLEAN_FAILURE_SAFETY,True,True,False,True,True
libero_object/task_08/state_044/clean/attempt_01,libero_object,8,44,True,0,,,0.5,,CLEAN_FAILURE_SAFETY,True,True,False,True,True
libero_object/task_08/state_045/clean/attempt_01,libero_object,8,45,True,0,,,0.5,,PRIMARY_ELIGIBLE,True,True,False,True,True
libero_object/task_08/state_046/clean/attempt_01,libero_object,8,46,True,0,,,0.5,,PRIMARY_ELIGIBLE,True,True,False,True,True
libero_object/task_08/state_047/clean/attempt_01,libero_object,8,47,True,0,,,0.5,,PRIMARY_ELIGIBLE,True,True,False,True,True
libero_object/task_08/state_048/clean/attempt_01,libero_object,8,48,True,0,,,0.5,,CLEAN_FAILURE_SAFETY,True,True,False,True,True
libero_object/task_08/state_049/clean/attempt_01,libero_object,8,49,True,0,,,0.5,,PRIMARY_ELIGIBLE,True,True,False,True,True
libero_object/task_09/state_000/clean/attempt_01,libero_object,9,0,True,0,,,0.5,,PRIMARY_ELIGIBLE,True,True,False,True,True
libero_object/task_09/state_001/clean/attempt_01,libero_object,9,1,True,0,,,0.5,,CLEAN_FAILURE_SAFETY,True,True,False,True,True
libero_object/task_09/state_002/clean/attempt_01,libero_object,9,2,True,0,,,0.5,,PRIMARY_ELIGIBLE,True,True,False,True,True
libero_object/task_09/state_003/clean/attempt_01,libero_object,9,3,True,0,,,0.5,,PRIMARY_ELIGIBLE,True,True,False,True,True
libero_object/task_09/state_004/clean/attempt_01,libero_object,9,4,True,0,,,0.5,,PRIMARY_ELIGIBLE,True,True,False,True,True
libero_object/task_09/state_005/clean/attempt_01,libero_object,9,5,True,0,,,0.5,,CLEAN_FAILURE_SAFETY,True,True,False,True,True
libero_object/task_09/state_006/clean/attempt_01,libero_object,9,6,True,0,,,0.5,,PRIMARY_ELIGIBLE,True,True,False,True,True
libero_object/task_09/state_007/clean/attempt_01,libero_object,9,7,True,0,,,0.5,,CLEAN_FAILURE_SAFETY,True,True,False,True,True
libero_object/task_09/state_008/clean/attempt_01,libero_object,9,8,True,0,,,0.5,,PRIMARY_ELIGIBLE,True,True,False,True,True
libero_object/task_09/state_009/clean/attempt_01,libero_object,9,9,True,0,,,0.5,,CLEAN_FAILURE_SAFETY,True,True,False,True,True
libero_object/task_09/state_010/clean/attempt_01,libero_object,9,10,True,0,,,0.5,,PRIMARY_ELIGIBLE,True,True,False,True,True
libero_object/task_09/state_011/clean/attempt_01,libero_object,9,11,True,0,,,0.5,,PRIMARY_ELIGIBLE,True,True,False,True,True
libero_object/task_09/state_012/clean/attempt_01,libero_object,9,12,True,0,,,0.5,,PRIMARY_ELIGIBLE,True,True,False,True,True
libero_object/task_09/state_013/clean/attempt_01,libero_object,9,13,True,0,,,0.5,,PRIMARY_ELIGIBLE,True,True,False,True,True
libero_object/task_09/state_014/clean/attempt_01,libero_object,9,14,True,0,,,0.5,,PRIMARY_ELIGIBLE,True,True,False,True,True
libero_object/task_09/state_015/clean/attempt_01,libero_object,9,15,True,0,,,0.5,,CLEAN_FAILURE_SAFETY,True,True,False,True,True
libero_object/task_09/state_016/clean/attempt_01,libero_object,9,16,True,0,,,0.5,,PRIMARY_ELIGIBLE,True,True,False,True,True
libero_object/task_09/state_017/clean/attempt_01,libero_object,9,17,True,0,,,0.5,,PRIMARY_ELIGIBLE,True,True,False,True,True
libero_object/task_09/state_018/clean/attempt_01,libero_object,9,18,True,0,,,0.5,,CLEAN_FAILURE_SAFETY,True,True,False,True,True
libero_object/task_09/state_019/clean/attempt_01,libero_object,9,19,True,0,,,0.5,,CLEAN_FAILURE_SAFETY,True,True,False,True,True
libero_object/task_09/state_020/clean/attempt_01,libero_object,9,20,True,0,,,0.5,,CLEAN_FAILURE_SAFETY,True,True,False,True,True
libero_object/task_09/state_021/clean/attempt_01,libero_object,9,21,True,0,,,0.5,,PRIMARY_ELIGIBLE,True,True,False,True,True
libero_object/task_09/state_022/clean/attempt_01,libero_object,9,22,True,0,,,0.5,,CLEAN_FAILURE_SAFETY,True,True,False,True,True
libero_object/task_09/state_023/clean/attempt_01,libero_object,9,23,True,0,,,0.5,,PRIMARY_ELIGIBLE,True,True,False,True,True
libero_object/task_09/state_024/clean/attempt_01,libero_object,9,24,True,0,,,0.5,,PRIMARY_ELIGIBLE,True,True,False,True,True
libero_object/task_09/state_025/clean/attempt_01,libero_object,9,25,True,0,,,0.5,,PRIMARY_ELIGIBLE,True,True,False,True,True
libero_object/task_09/state_026/clean/attempt_01,libero_object,9,26,True,0,,,0.5,,PRIMARY_ELIGIBLE,True,True,False,True,True
libero_object/task_09/state_027/clean/attempt_01,libero_object,9,27,True,0,,,0.5,,PRIMARY_ELIGIBLE,True,True,False,True,True
libero_object/task_09/state_028/clean/attempt_01,libero_object,9,28,True,0,,,0.5,,PRIMARY_ELIGIBLE,True,True,False,True,True
libero_object/task_09/state_029/clean/attempt_01,libero_object,9,29,True,0,,,0.5,,PRIMARY_ELIGIBLE,True,True,False,True,True
libero_object/task_09/state_030/clean/attempt_01,libero_object,9,30,True,0,,,0.5,,CLEAN_FAILURE_SAFETY,True,True,False,True,True
libero_object/task_09/state_031/clean/attempt_01,libero_object,9,31,True,0,,,0.5,,PRIMARY_ELIGIBLE,True,True,False,True,True
libero_object/task_09/state_032/clean/attempt_01,libero_object,9,32,True,0,,,0.5,,CLEAN_FAILURE_SAFETY,True,True,False,True,True
libero_object/task_09/state_033/clean/attempt_01,libero_object,9,33,True,0,,,0.5,,PRIMARY_ELIGIBLE,True,True,False,True,True
libero_object/task_09/state_034/clean/attempt_01,libero_object,9,34,True,0,,,0.5,,PRIMARY_ELIGIBLE,True,True,False,True,True
libero_object/task_09/state_035/clean/attempt_01,libero_object,9,35,True,0,,,0.5,,PRIMARY_ELIGIBLE,True,True,False,True,True
libero_object/task_09/state_036/clean/attempt_01,libero_object,9,36,True,0,,,0.5,,PRIMARY_ELIGIBLE,True,True,False,True,True
libero_object/task_09/state_037/clean/attempt_01,libero_object,9,37,True,0,,,0.5,,PRIMARY_ELIGIBLE,True,True,False,True,True
libero_object/task_09/state_038/clean/attempt_01,libero_object,9,38,True,0,,,0.5,,PRIMARY_ELIGIBLE,True,True,False,True,True
libero_object/task_09/state_039/clean/attempt_01,libero_object,9,39,True,0,,,0.5,,PRIMARY_ELIGIBLE,True,True,False,True,True
libero_object/task_09/state_040/clean/attempt_01,libero_object,9,40,True,0,,,0.5,,PRIMARY_ELIGIBLE,True,True,False,True,True
libero_object/task_09/state_041/clean/attempt_01,libero_object,9,41,True,0,,,0.5,,PRIMARY_ELIGIBLE,True,True,False,True,True
libero_object/task_09/state_042/clean/attempt_01,libero_object,9,42,True,0,,,0.5,,CLEAN_FAILURE_SAFETY,True,True,False,True,True
libero_object/task_09/state_043/clean/attempt_01,libero_object,9,43,True,0,,,0.5,,PRIMARY_ELIGIBLE,True,True,False,True,True
libero_object/task_09/state_044/clean/attempt_01,libero_object,9,44,True,0,,,0.5,,PRIMARY_ELIGIBLE,True,True,False,True,True
libero_object/task_09/state_045/clean/attempt_01,libero_object,9,45,True,0,,,0.5,,PRIMARY_ELIGIBLE,True,True,False,True,True
libero_object/task_09/state_046/clean/attempt_01,libero_object,9,46,True,0,,,0.5,,PRIMARY_ELIGIBLE,True,True,False,True,True
libero_object/task_09/state_047/clean/attempt_01,libero_object,9,47,True,0,,,0.5,,PRIMARY_ELIGIBLE,True,True,False,True,True
libero_object/task_09/state_048/clean/attempt_01,libero_object,9,48,True,0,,,0.5,,PRIMARY_ELIGIBLE,True,True,False,True,True
libero_object/task_09/state_049/clean/attempt_01,libero_object,9,49,True,0,,,0.5,,CLEAN_FAILURE_SAFETY,True,True,False,True,True
libero_spatial/task_00/state_000/clean/attempt_01,libero_spatial,0,0,True,0,,,0.5,,PRIMARY_ELIGIBLE,True,True,False,True,True
libero_spatial/task_00/state_001/clean/attempt_01,libero_spatial,0,1,True,0,,,0.5,,PRIMARY_ELIGIBLE,True,True,False,True,True
libero_spatial/task_00/state_002/clean/attempt_01,libero_spatial,0,2,True,0,,,0.5,,PRIMARY_ELIGIBLE,True,True,False,True,True
libero_spatial/task_00/state_003/clean/attempt_01,libero_spatial,0,3,True,0,,,0.5,,PRIMARY_ELIGIBLE,True,True,False,True,True
libero_spatial/task_00/state_004/clean/attempt_01,libero_spatial,0,4,True,0,,,0.5,,PRIMARY_ELIGIBLE,True,True,False,True,True
libero_spatial/task_00/state_005/clean/attempt_01,libero_spatial,0,5,True,0,,,0.5,,PRIMARY_ELIGIBLE,True,True,False,True,True
libero_spatial/task_00/state_006/clean/attempt_01,libero_spatial,0,6,True,0,,,0.5,,PRIMARY_ELIGIBLE,True,True,False,True,True
libero_spatial/task_00/state_007/clean/attempt_01,libero_spatial,0,7,True,0,,,0.5,,PRIMARY_ELIGIBLE,True,True,False,True,True
libero_spatial/task_00/state_008/clean/attempt_01,libero_spatial,0,8,True,0,,,0.5,,PRIMARY_ELIGIBLE,True,True,False,True,True
libero_spatial/task_00/state_009/clean/attempt_01,libero_spatial,0,9,True,0,,,0.5,,PRIMARY_ELIGIBLE,True,True,False,True,True
libero_spatial/task_00/state_010/clean/attempt_01,libero_spatial,0,10,True,0,,,0.5,,PRIMARY_ELIGIBLE,True,True,False,True,True
libero_spatial/task_00/state_011/clean/attempt_01,libero_spatial,0,11,True,0,,,0.5,,PRIMARY_ELIGIBLE,True,True,False,True,True
libero_spatial/task_00/state_012/clean/attempt_01,libero_spatial,0,12,True,0,,,0.5,,PRIMARY_ELIGIBLE,True,True,False,True,True
libero_spatial/task_00/state_013/clean/attempt_01,libero_spatial,0,13,True,0,,,0.5,,PRIMARY_ELIGIBLE,True,True,False,True,True
libero_spatial/task_00/state_014/clean/attempt_01,libero_spatial,0,14,True,0,,,0.5,,PRIMARY_ELIGIBLE,True,True,False,True,True
libero_spatial/task_00/state_015/clean/attempt_01,libero_spatial,0,15,True,0,,,0.5,,PRIMARY_ELIGIBLE,True,True,False,True,True
libero_spatial/task_00/state_016/clean/attempt_01,libero_spatial,0,16,True,0,,,0.5,,PRIMARY_ELIGIBLE,True,True,False,True,True
libero_spatial/task_00/state_017/clean/attempt_01,libero_spatial,0,17,True,0,,,0.5,,PRIMARY_ELIGIBLE,True,True,False,True,True
libero_spatial/task_00/state_018/clean/attempt_01,libero_spatial,0,18,True,0,,,0.5,,PRIMARY_ELIGIBLE,True,True,False,True,True
libero_spatial/task_00/state_019/clean/attempt_01,libero_spatial,0,19,True,0,,,0.5,,PRIMARY_ELIGIBLE,True,True,False,True,True
libero_spatial/task_00/state_020/clean/attempt_01,libero_spatial,0,20,True,0,,,0.5,,PRIMARY_ELIGIBLE,True,True,False,True,True
libero_spatial/task_00/state_021/clean/attempt_01,libero_spatial,0,21,True,0,,,0.5,,PRIMARY_ELIGIBLE,True,True,False,True,True
libero_spatial/task_00/state_022/clean/attempt_01,libero_spatial,0,22,True,0,,,0.5,,PRIMARY_ELIGIBLE,True,True,False,True,True
libero_spatial/task_00/state_023/clean/attempt_01,libero_spatial,0,23,True,0,,,0.5,,PRIMARY_ELIGIBLE,True,True,False,True,True
libero_spatial/task_00/state_024/clean/attempt_01,libero_spatial,0,24,True,0,,,0.5,,PRIMARY_ELIGIBLE,True,True,False,True,True
libero_spatial/task_00/state_025/clean/attempt_01,libero_spatial,0,25,True,0,,,0.5,,PRIMARY_ELIGIBLE,True,True,False,True,True
libero_spatial/task_00/state_026/clean/attempt_01,libero_spatial,0,26,True,0,,,0.5,,PRIMARY_ELIGIBLE,True,True,False,True,True
libero_spatial/task_00/state_027/clean/attempt_01,libero_spatial,0,27,True,0,,,0.5,,PRIMARY_ELIGIBLE,True,True,False,True,True
libero_spatial/task_00/state_028/clean/attempt_01,libero_spatial,0,28,True,0,,,0.5,,PRIMARY_ELIGIBLE,True,True,False,True,True
libero_spatial/task_00/state_029/clean/attempt_01,libero_spatial,0,29,True,0,,,0.5,,PRIMARY_ELIGIBLE,True,True,False,True,True
libero_spatial/task_00/state_030/clean/attempt_01,libero_spatial,0,30,True,0,,,0.5,,PRIMARY_ELIGIBLE,True,True,False,True,True
libero_spatial/task_00/state_031/clean/attempt_01,libero_spatial,0,31,True,0,,,0.5,,PRIMARY_ELIGIBLE,True,True,False,True,True
libero_spatial/task_00/state_032/clean/attempt_01,libero_spatial,0,32,True,0,,,0.5,,PRIMARY_ELIGIBLE,True,True,False,True,True
libero_spatial/task_00/state_033/clean/attempt_01,libero_spatial,0,33,True,0,,,0.5,,PRIMARY_ELIGIBLE,True,True,False,True,True
libero_spatial/task_00/state_034/clean/attempt_01,libero_spatial,0,34,True,0,,,0.5,,PRIMARY_ELIGIBLE,True,True,False,True,True
libero_spatial/task_00/state_035/clean/attempt_01,libero_spatial,0,35,True,0,,,0.5,,PRIMARY_ELIGIBLE,True,True,False,True,True
libero_spatial/task_00/state_036/clean/attempt_01,libero_spatial,0,36,True,0,,,0.5,,PRIMARY_ELIGIBLE,True,True,False,True,True
libero_spatial/task_00/state_037/clean/attempt_01,libero_spatial,0,37,True,0,,,0.5,,PRIMARY_ELIGIBLE,True,True,False,True,True
libero_spatial/task_00/state_038/clean/attempt_01,libero_spatial,0,38,True,0,,,0.5,,PRIMARY_ELIGIBLE,True,True,False,True,True
libero_spatial/task_00/state_039/clean/attempt_01,libero_spatial,0,39,True,0,,,0.5,,PRIMARY_ELIGIBLE,True,True,False,True,True
libero_spatial/task_00/state_040/clean/attempt_01,libero_spatial,0,40,True,0,,,0.5,,PRIMARY_ELIGIBLE,True,True,False,True,True
libero_spatial/task_00/state_041/clean/attempt_01,libero_spatial,0,41,True,0,,,0.5,,PRIMARY_ELIGIBLE,True,True,False,True,True
libero_spatial/task_00/state_042/clean/attempt_01,libero_spatial,0,42,True,0,,,0.5,,PRIMARY_ELIGIBLE,True,True,False,True,True
libero_spatial/task_00/state_043/clean/attempt_01,libero_spatial,0,43,True,0,,,0.5,,CLEAN_FAILURE_SAFETY,True,True,False,True,True
libero_spatial/task_00/state_044/clean/attempt_01,libero_spatial,0,44,True,0,,,0.5,,PRIMARY_ELIGIBLE,True,True,False,True,True
libero_spatial/task_00/state_045/clean/attempt_01,libero_spatial,0,45,True,0,,,0.5,,PRIMARY_ELIGIBLE,True,True,False,True,True
libero_spatial/task_00/state_046/clean/attempt_01,libero_spatial,0,46,True,0,,,0.5,,PRIMARY_ELIGIBLE,True,True,False,True,True
libero_spatial/task_00/state_047/clean/attempt_01,libero_spatial,0,47,True,0,,,0.5,,PRIMARY_ELIGIBLE,True,True,False,True,True
libero_spatial/task_00/state_048/clean/attempt_01,libero_spatial,0,48,True,0,,,0.5,,PRIMARY_ELIGIBLE,True,True,False,True,True
libero_spatial/task_00/state_049/clean/attempt_01,libero_spatial,0,49,True,0,,,0.5,,PRIMARY_ELIGIBLE,True,True,False,True,True
libero_spatial/task_01/state_000/clean/attempt_01,libero_spatial,1,0,True,0,,,0.5,,PRIMARY_ELIGIBLE,True,True,False,True,True
libero_spatial/task_01/state_001/clean/attempt_01,libero_spatial,1,1,True,0,,,0.5,,PRIMARY_ELIGIBLE,True,True,False,True,True
libero_spatial/task_01/state_002/clean/attempt_01,libero_spatial,1,2,True,0,,,0.5,,PRIMARY_ELIGIBLE,True,True,False,True,True
libero_spatial/task_01/state_003/clean/attempt_01,libero_spatial,1,3,True,0,,,0.5,,PRIMARY_ELIGIBLE,True,True,False,True,True
libero_spatial/task_01/state_004/clean/attempt_01,libero_spatial,1,4,True,0,,,0.5,,PRIMARY_ELIGIBLE,True,True,False,True,True
libero_spatial/task_01/state_005/clean/attempt_01,libero_spatial,1,5,True,0,,,0.5,,PRIMARY_ELIGIBLE,True,True,False,True,True
libero_spatial/task_01/state_006/clean/attempt_01,libero_spatial,1,6,True,0,,,0.5,,PRIMARY_ELIGIBLE,True,True,False,True,True
libero_spatial/task_01/state_007/clean/attempt_01,libero_spatial,1,7,True,0,,,0.5,,PRIMARY_ELIGIBLE,True,True,False,True,True
libero_spatial/task_01/state_008/clean/attempt_01,libero_spatial,1,8,True,0,,,0.5,,CLEAN_FAILURE_SAFETY,True,True,False,True,True
libero_spatial/task_01/state_009/clean/attempt_01,libero_spatial,1,9,True,0,,,0.5,,PRIMARY_ELIGIBLE,True,True,False,True,True
libero_spatial/task_01/state_010/clean/attempt_01,libero_spatial,1,10,True,0,,,0.5,,PRIMARY_ELIGIBLE,True,True,False,True,True
libero_spatial/task_01/state_011/clean/attempt_01,libero_spatial,1,11,True,0,,,0.5,,PRIMARY_ELIGIBLE,True,True,False,True,True
libero_spatial/task_01/state_012/clean/attempt_01,libero_spatial,1,12,True,0,,,0.5,,PRIMARY_ELIGIBLE,True,True,False,True,True
libero_spatial/task_01/state_013/clean/attempt_01,libero_spatial,1,13,True,0,,,0.5,,PRIMARY_ELIGIBLE,True,True,False,True,True
libero_spatial/task_01/state_014/clean/attempt_01,libero_spatial,1,14,True,0,,,0.5,,PRIMARY_ELIGIBLE,True,True,False,True,True
libero_spatial/task_01/state_015/clean/attempt_01,libero_spatial,1,15,True,0,,,0.5,,PRIMARY_ELIGIBLE,True,True,False,True,True
libero_spatial/task_01/state_016/clean/attempt_01,libero_spatial,1,16,True,0,,,0.5,,PRIMARY_ELIGIBLE,True,True,False,True,True
libero_spatial/task_01/state_017/clean/attempt_01,libero_spatial,1,17,True,0,,,0.5,,PRIMARY_ELIGIBLE,True,True,False,True,True
libero_spatial/task_01/state_018/clean/attempt_01,libero_spatial,1,18,True,0,,,0.5,,PRIMARY_ELIGIBLE,True,True,False,True,True
libero_spatial/task_01/state_019/clean/attempt_01,libero_spatial,1,19,True,0,,,0.5,,PRIMARY_ELIGIBLE,True,True,False,True,True
libero_spatial/task_01/state_020/clean/attempt_01,libero_spatial,1,20,True,0,,,0.5,,PRIMARY_ELIGIBLE,True,True,False,True,True
libero_spatial/task_01/state_021/clean/attempt_01,libero_spatial,1,21,True,0,,,0.5,,PRIMARY_ELIGIBLE,True,True,False,True,True
libero_spatial/task_01/state_022/clean/attempt_01,libero_spatial,1,22,True,0,,,0.5,,PRIMARY_ELIGIBLE,True,True,False,True,True
libero_spatial/task_01/state_023/clean/attempt_01,libero_spatial,1,23,True,0,,,0.5,,PRIMARY_ELIGIBLE,True,True,False,True,True
libero_spatial/task_01/state_024/clean/attempt_01,libero_spatial,1,24,True,0,,,0.5,,PRIMARY_ELIGIBLE,True,True,False,True,True
libero_spatial/task_01/state_025/clean/attempt_01,libero_spatial,1,25,True,0,,,0.5,,PRIMARY_ELIGIBLE,True,True,False,True,True
libero_spatial/task_01/state_026/clean/attempt_01,libero_spatial,1,26,True,0,,,0.5,,PRIMARY_ELIGIBLE,True,True,False,True,True
libero_spatial/task_01/state_027/clean/attempt_01,libero_spatial,1,27,True,0,,,0.5,,PRIMARY_ELIGIBLE,True,True,False,True,True
libero_spatial/task_01/state_028/clean/attempt_01,libero_spatial,1,28,True,0,,,0.5,,PRIMARY_ELIGIBLE,True,True,False,True,True
libero_spatial/task_01/state_029/clean/attempt_01,libero_spatial,1,29,True,0,,,0.5,,PRIMARY_ELIGIBLE,True,True,False,True,True
libero_spatial/task_01/state_030/clean/attempt_01,libero_spatial,1,30,True,0,,,0.5,,PRIMARY_ELIGIBLE,True,True,False,True,True
libero_spatial/task_01/state_031/clean/attempt_01,libero_spatial,1,31,True,0,,,0.5,,CLEAN_FAILURE_SAFETY,True,True,False,True,True
libero_spatial/task_01/state_032/clean/attempt_01,libero_spatial,1,32,True,0,,,0.5,,PRIMARY_ELIGIBLE,True,True,False,True,True
libero_spatial/task_01/state_033/clean/attempt_01,libero_spatial,1,33,True,0,,,0.5,,PRIMARY_ELIGIBLE,True,True,False,True,True
libero_spatial/task_01/state_034/clean/attempt_01,libero_spatial,1,34,True,0,,,0.5,,PRIMARY_ELIGIBLE,True,True,False,True,True
libero_spatial/task_01/state_035/clean/attempt_01,libero_spatial,1,35,True,0,,,0.5,,PRIMARY_ELIGIBLE,True,True,False,True,True
libero_spatial/task_01/state_036/clean/attempt_01,libero_spatial,1,36,True,0,,,0.5,,PRIMARY_ELIGIBLE,True,True,False,True,True
libero_spatial/task_01/state_037/clean/attempt_01,libero_spatial,1,37,True,0,,,0.5,,PRIMARY_ELIGIBLE,True,True,False,True,True
libero_spatial/task_01/state_038/clean/attempt_01,libero_spatial,1,38,True,0,,,0.5,,PRIMARY_ELIGIBLE,True,True,False,True,True
libero_spatial/task_01/state_039/clean/attempt_01,libero_spatial,1,39,True,0,,,0.5,,PRIMARY_ELIGIBLE,True,True,False,True,True
libero_spatial/task_01/state_040/clean/attempt_01,libero_spatial,1,40,True,0,,,0.5,,PRIMARY_ELIGIBLE,True,True,False,True,True
libero_spatial/task_01/state_041/clean/attempt_01,libero_spatial,1,41,True,0,,,0.5,,PRIMARY_ELIGIBLE,True,True,False,True,True
libero_spatial/task_01/state_042/clean/attempt_01,libero_spatial,1,42,True,0,,,0.5,,PRIMARY_ELIGIBLE,True,True,False,True,True
libero_spatial/task_01/state_043/clean/attempt_01,libero_spatial,1,43,True,0,,,0.5,,PRIMARY_ELIGIBLE,True,True,False,True,True
libero_spatial/task_01/state_044/clean/attempt_01,libero_spatial,1,44,True,0,,,0.5,,PRIMARY_ELIGIBLE,True,True,False,True,True
libero_spatial/task_01/state_045/clean/attempt_01,libero_spatial,1,45,True,0,,,0.5,,PRIMARY_ELIGIBLE,True,True,False,True,True
libero_spatial/task_01/state_046/clean/attempt_01,libero_spatial,1,46,True,0,,,0.5,,PRIMARY_ELIGIBLE,True,True,False,True,True
libero_spatial/task_01/state_047/clean/attempt_01,libero_spatial,1,47,True,0,,,0.5,,CLEAN_FAILURE_SAFETY,True,True,False,True,True
libero_spatial/task_01/state_048/clean/attempt_01,libero_spatial,1,48,True,0,,,0.5,,PRIMARY_ELIGIBLE,True,True,False,True,True
libero_spatial/task_01/state_049/clean/attempt_01,libero_spatial,1,49,True,0,,,0.5,,PRIMARY_ELIGIBLE,True,True,False,True,True
libero_spatial/task_02/state_000/clean/attempt_01,libero_spatial,2,0,True,0,,,0.5,,CLEAN_FAILURE_SAFETY,True,True,False,True,True
libero_spatial/task_02/state_001/clean/attempt_01,libero_spatial,2,1,True,0,,,0.5,,PRIMARY_ELIGIBLE,True,True,False,True,True
libero_spatial/task_02/state_002/clean/attempt_01,libero_spatial,2,2,True,0,,,0.5,,PRIMARY_ELIGIBLE,True,True,False,True,True
libero_spatial/task_02/state_003/clean/attempt_01,libero_spatial,2,3,True,0,,,0.5,,PRIMARY_ELIGIBLE,True,True,False,True,True
libero_spatial/task_02/state_004/clean/attempt_01,libero_spatial,2,4,True,0,,,0.5,,PRIMARY_ELIGIBLE,True,True,False,True,True
libero_spatial/task_02/state_005/clean/attempt_01,libero_spatial,2,5,True,0,,,0.5,,CLEAN_FAILURE_SAFETY,True,True,False,True,True
libero_spatial/task_02/state_006/clean/attempt_01,libero_spatial,2,6,True,0,,,0.5,,PRIMARY_ELIGIBLE,True,True,False,True,True
libero_spatial/task_02/state_007/clean/attempt_01,libero_spatial,2,7,True,0,,,0.5,,PRIMARY_ELIGIBLE,True,True,False,True,True
libero_spatial/task_02/state_008/clean/attempt_01,libero_spatial,2,8,True,0,,,0.5,,PRIMARY_ELIGIBLE,True,True,False,True,True
libero_spatial/task_02/state_009/clean/attempt_01,libero_spatial,2,9,True,0,,,0.5,,PRIMARY_ELIGIBLE,True,True,False,True,True
libero_spatial/task_02/state_010/clean/attempt_01,libero_spatial,2,10,True,0,,,0.5,,PRIMARY_ELIGIBLE,True,True,False,True,True
libero_spatial/task_02/state_011/clean/attempt_01,libero_spatial,2,11,True,0,,,0.5,,CLEAN_FAILURE_SAFETY,True,True,False,True,True
libero_spatial/task_02/state_012/clean/attempt_01,libero_spatial,2,12,True,0,,,0.5,,PRIMARY_ELIGIBLE,True,True,False,True,True
libero_spatial/task_02/state_013/clean/attempt_01,libero_spatial,2,13,True,0,,,0.5,,PRIMARY_ELIGIBLE,True,True,False,True,True
libero_spatial/task_02/state_014/clean/attempt_01,libero_spatial,2,14,True,0,,,0.5,,PRIMARY_ELIGIBLE,True,True,False,True,True
libero_spatial/task_02/state_015/clean/attempt_01,libero_spatial,2,15,True,0,,,0.5,,PRIMARY_ELIGIBLE,True,True,False,True,True
libero_spatial/task_02/state_016/clean/attempt_01,libero_spatial,2,16,True,0,,,0.5,,PRIMARY_ELIGIBLE,True,True,False,True,True
libero_spatial/task_02/state_017/clean/attempt_01,libero_spatial,2,17,True,0,,,0.5,,PRIMARY_ELIGIBLE,True,True,False,True,True
libero_spatial/task_02/state_018/clean/attempt_01,libero_spatial,2,18,True,0,,,0.5,,PRIMARY_ELIGIBLE,True,True,False,True,True
libero_spatial/task_02/state_019/clean/attempt_01,libero_spatial,2,19,True,0,,,0.5,,PRIMARY_ELIGIBLE,True,True,False,True,True
libero_spatial/task_02/state_020/clean/attempt_01,libero_spatial,2,20,True,0,,,0.5,,PRIMARY_ELIGIBLE,True,True,False,True,True
libero_spatial/task_02/state_021/clean/attempt_01,libero_spatial,2,21,True,0,,,0.5,,CLEAN_FAILURE_SAFETY,True,True,False,True,True
libero_spatial/task_02/state_022/clean/attempt_01,libero_spatial,2,22,True,0,,,0.5,,PRIMARY_ELIGIBLE,True,True,False,True,True
libero_spatial/task_02/state_023/clean/attempt_01,libero_spatial,2,23,True,0,,,0.5,,PRIMARY_ELIGIBLE,True,True,False,True,True
libero_spatial/task_02/state_024/clean/attempt_01,libero_spatial,2,24,True,0,,,0.5,,PRIMARY_ELIGIBLE,True,True,False,True,True
libero_spatial/task_02/state_025/clean/attempt_01,libero_spatial,2,25,True,0,,,0.5,,PRIMARY_ELIGIBLE,True,True,False,True,True
libero_spatial/task_02/state_026/clean/attempt_01,libero_spatial,2,26,True,0,,,0.5,,PRIMARY_ELIGIBLE,True,True,False,True,True
libero_spatial/task_02/state_027/clean/attempt_01,libero_spatial,2,27,True,0,,,0.5,,PRIMARY_ELIGIBLE,True,True,False,True,True
libero_spatial/task_02/state_028/clean/attempt_01,libero_spatial,2,28,True,0,,,0.5,,PRIMARY_ELIGIBLE,True,True,False,True,True
libero_spatial/task_02/state_029/clean/attempt_01,libero_spatial,2,29,True,0,,,0.5,,PRIMARY_ELIGIBLE,True,True,False,True,True
libero_spatial/task_02/state_030/clean/attempt_01,libero_spatial,2,30,True,0,,,0.5,,PRIMARY_ELIGIBLE,True,True,False,True,True
libero_spatial/task_02/state_031/clean/attempt_01,libero_spatial,2,31,True,0,,,0.5,,PRIMARY_ELIGIBLE,True,True,False,True,True
libero_spatial/task_02/state_032/clean/attempt_01,libero_spatial,2,32,True,0,,,0.5,,PRIMARY_ELIGIBLE,True,True,False,True,True
libero_spatial/task_02/state_033/clean/attempt_01,libero_spatial,2,33,True,0,,,0.5,,PRIMARY_ELIGIBLE,True,True,False,True,True
libero_spatial/task_02/state_034/clean/attempt_01,libero_spatial,2,34,True,0,,,0.5,,PRIMARY_ELIGIBLE,True,True,False,True,True
libero_spatial/task_02/state_035/clean/attempt_01,libero_spatial,2,35,True,0,,,0.5,,PRIMARY_ELIGIBLE,True,True,False,True,True
libero_spatial/task_02/state_036/clean/attempt_01,libero_spatial,2,36,True,0,,,0.5,,PRIMARY_ELIGIBLE,True,True,False,True,True
libero_spatial/task_02/state_037/clean/attempt_01,libero_spatial,2,37,True,0,,,0.5,,PRIMARY_ELIGIBLE,True,True,False,True,True
libero_spatial/task_02/state_038/clean/attempt_01,libero_spatial,2,38,True,0,,,0.5,,PRIMARY_ELIGIBLE,True,True,False,True,True
libero_spatial/task_02/state_039/clean/attempt_01,libero_spatial,2,39,True,0,,,0.5,,PRIMARY_ELIGIBLE,True,True,False,True,True
libero_spatial/task_02/state_040/clean/attempt_01,libero_spatial,2,40,True,0,,,0.5,,PRIMARY_ELIGIBLE,True,True,False,True,True
libero_spatial/task_02/state_041/clean/attempt_01,libero_spatial,2,41,True,0,,,0.5,,CLEAN_FAILURE_SAFETY,True,True,False,True,True
libero_spatial/task_02/state_042/clean/attempt_01,libero_spatial,2,42,True,0,,,0.5,,PRIMARY_ELIGIBLE,True,True,False,True,True
libero_spatial/task_02/state_043/clean/attempt_01,libero_spatial,2,43,True,0,,,0.5,,PRIMARY_ELIGIBLE,True,True,False,True,True
libero_spatial/task_02/state_044/clean/attempt_01,libero_spatial,2,44,True,0,,,0.5,,PRIMARY_ELIGIBLE,True,True,False,True,True
libero_spatial/task_02/state_045/clean/attempt_01,libero_spatial,2,45,True,0,,,0.5,,PRIMARY_ELIGIBLE,True,True,False,True,True
libero_spatial/task_02/state_046/clean/attempt_01,libero_spatial,2,46,True,0,,,0.5,,PRIMARY_ELIGIBLE,True,True,False,True,True
libero_spatial/task_02/state_047/clean/attempt_01,libero_spatial,2,47,True,0,,,0.5,,PRIMARY_ELIGIBLE,True,True,False,True,True
libero_spatial/task_02/state_048/clean/attempt_01,libero_spatial,2,48,True,0,,,0.5,,PRIMARY_ELIGIBLE,True,True,False,True,True
libero_spatial/task_02/state_049/clean/attempt_01,libero_spatial,2,49,True,0,,,0.5,,PRIMARY_ELIGIBLE,True,True,False,True,True
libero_spatial/task_03/state_000/clean/attempt_01,libero_spatial,3,0,True,0,,,0.5,,PRIMARY_ELIGIBLE,True,True,False,True,True
libero_spatial/task_03/state_001/clean/attempt_01,libero_spatial,3,1,True,0,,,0.5,,CLEAN_FAILURE_SAFETY,True,True,False,True,True
libero_spatial/task_03/state_002/clean/attempt_01,libero_spatial,3,2,True,0,,,0.5,,PRIMARY_ELIGIBLE,True,True,False,True,True
libero_spatial/task_03/state_003/clean/attempt_01,libero_spatial,3,3,True,0,,,0.5,,PRIMARY_ELIGIBLE,True,True,False,True,True
libero_spatial/task_03/state_004/clean/attempt_01,libero_spatial,3,4,True,0,,,0.5,,PRIMARY_ELIGIBLE,True,True,False,True,True
libero_spatial/task_03/state_005/clean/attempt_01,libero_spatial,3,5,True,0,,,0.5,,PRIMARY_ELIGIBLE,True,True,False,True,True
libero_spatial/task_03/state_006/clean/attempt_01,libero_spatial,3,6,True,0,,,0.5,,PRIMARY_ELIGIBLE,True,True,False,True,True
libero_spatial/task_03/state_007/clean/attempt_01,libero_spatial,3,7,True,0,,,0.5,,PRIMARY_ELIGIBLE,True,True,False,True,True
libero_spatial/task_03/state_008/clean/attempt_01,libero_spatial,3,8,True,0,,,0.5,,PRIMARY_ELIGIBLE,True,True,False,True,True
libero_spatial/task_03/state_009/clean/attempt_01,libero_spatial,3,9,True,0,,,0.5,,PRIMARY_ELIGIBLE,True,True,False,True,True
libero_spatial/task_03/state_010/clean/attempt_01,libero_spatial,3,10,True,0,,,0.5,,PRIMARY_ELIGIBLE,True,True,False,True,True
libero_spatial/task_03/state_011/clean/attempt_01,libero_spatial,3,11,True,0,,,0.5,,PRIMARY_ELIGIBLE,True,True,False,True,True
libero_spatial/task_03/state_012/clean/attempt_01,libero_spatial,3,12,True,0,,,0.5,,PRIMARY_ELIGIBLE,True,True,False,True,True
libero_spatial/task_03/state_013/clean/attempt_01,libero_spatial,3,13,True,0,,,0.5,,PRIMARY_ELIGIBLE,True,True,False,True,True
libero_spatial/task_03/state_014/clean/attempt_01,libero_spatial,3,14,True,0,,,0.5,,PRIMARY_ELIGIBLE,True,True,False,True,True
libero_spatial/task_03/state_015/clean/attempt_01,libero_spatial,3,15,True,0,,,0.5,,PRIMARY_ELIGIBLE,True,True,False,True,True
libero_spatial/task_03/state_016/clean/attempt_01,libero_spatial,3,16,True,0,,,0.5,,PRIMARY_ELIGIBLE,True,True,False,True,True
libero_spatial/task_03/state_017/clean/attempt_01,libero_spatial,3,17,True,0,,,0.5,,PRIMARY_ELIGIBLE,True,True,False,True,True
libero_spatial/task_03/state_018/clean/attempt_01,libero_spatial,3,18,True,0,,,0.5,,PRIMARY_ELIGIBLE,True,True,False,True,True
libero_spatial/task_03/state_019/clean/attempt_01,libero_spatial,3,19,True,0,,,0.5,,PRIMARY_ELIGIBLE,True,True,False,True,True
libero_spatial/task_03/state_020/clean/attempt_01,libero_spatial,3,20,True,0,,,0.5,,PRIMARY_ELIGIBLE,True,True,False,True,True
libero_spatial/task_03/state_021/clean/attempt_01,libero_spatial,3,21,True,0,,,0.5,,PRIMARY_ELIGIBLE,True,True,False,True,True
libero_spatial/task_03/state_022/clean/attempt_01,libero_spatial,3,22,True,0,,,0.5,,PRIMARY_ELIGIBLE,True,True,False,True,True
libero_spatial/task_03/state_023/clean/attempt_01,libero_spatial,3,23,True,0,,,0.5,,PRIMARY_ELIGIBLE,True,True,False,True,True
libero_spatial/task_03/state_024/clean/attempt_01,libero_spatial,3,24,True,0,,,0.5,,PRIMARY_ELIGIBLE,True,True,False,True,True
libero_spatial/task_03/state_025/clean/attempt_01,libero_spatial,3,25,True,0,,,0.5,,PRIMARY_ELIGIBLE,True,True,False,True,True
libero_spatial/task_03/state_026/clean/attempt_01,libero_spatial,3,26,True,0,,,0.5,,PRIMARY_ELIGIBLE,True,True,False,True,True
libero_spatial/task_03/state_027/clean/attempt_01,libero_spatial,3,27,True,0,,,0.5,,CLEAN_FAILURE_SAFETY,True,True,False,True,True
libero_spatial/task_03/state_028/clean/attempt_01,libero_spatial,3,28,True,0,,,0.5,,PRIMARY_ELIGIBLE,True,True,False,True,True
libero_spatial/task_03/state_029/clean/attempt_01,libero_spatial,3,29,True,0,,,0.5,,PRIMARY_ELIGIBLE,True,True,False,True,True
libero_spatial/task_03/state_030/clean/attempt_01,libero_spatial,3,30,True,0,,,0.5,,PRIMARY_ELIGIBLE,True,True,False,True,True
libero_spatial/task_03/state_031/clean/attempt_01,libero_spatial,3,31,True,0,,,0.5,,PRIMARY_ELIGIBLE,True,True,False,True,True
libero_spatial/task_03/state_032/clean/attempt_01,libero_spatial,3,32,True,0,,,0.5,,PRIMARY_ELIGIBLE,True,True,False,True,True
libero_spatial/task_03/state_033/clean/attempt_01,libero_spatial,3,33,True,0,,,0.5,,PRIMARY_ELIGIBLE,True,True,False,True,True
libero_spatial/task_03/state_034/clean/attempt_01,libero_spatial,3,34,True,0,,,0.5,,PRIMARY_ELIGIBLE,True,True,False,True,True
libero_spatial/task_03/state_035/clean/attempt_01,libero_spatial,3,35,True,0,,,0.5,,PRIMARY_ELIGIBLE,True,True,False,True,True
libero_spatial/task_03/state_036/clean/attempt_01,libero_spatial,3,36,True,0,,,0.5,,PRIMARY_ELIGIBLE,True,True,False,True,True
libero_spatial/task_03/state_037/clean/attempt_01,libero_spatial,3,37,True,0,,,0.5,,PRIMARY_ELIGIBLE,True,True,False,True,True
libero_spatial/task_03/state_038/clean/attempt_01,libero_spatial,3,38,True,0,,,0.5,,PRIMARY_ELIGIBLE,True,True,False,True,True
libero_spatial/task_03/state_039/clean/attempt_01,libero_spatial,3,39,True,0,,,0.5,,PRIMARY_ELIGIBLE,True,True,False,True,True
libero_spatial/task_03/state_040/clean/attempt_01,libero_spatial,3,40,True,0,,,0.5,,PRIMARY_ELIGIBLE,True,True,False,True,True
libero_spatial/task_03/state_041/clean/attempt_01,libero_spatial,3,41,True,0,,,0.5,,PRIMARY_ELIGIBLE,True,True,False,True,True
libero_spatial/task_03/state_042/clean/attempt_01,libero_spatial,3,42,True,0,,,0.5,,PRIMARY_ELIGIBLE,True,True,False,True,True
libero_spatial/task_03/state_043/clean/attempt_01,libero_spatial,3,43,True,0,,,0.5,,PRIMARY_ELIGIBLE,True,True,False,True,True
libero_spatial/task_03/state_044/clean/attempt_01,libero_spatial,3,44,True,0,,,0.5,,PRIMARY_ELIGIBLE,True,True,False,True,True
libero_spatial/task_03/state_045/clean/attempt_01,libero_spatial,3,45,True,0,,,0.5,,PRIMARY_ELIGIBLE,True,True,False,True,True
libero_spatial/task_03/state_046/clean/attempt_01,libero_spatial,3,46,True,0,,,0.5,,PRIMARY_ELIGIBLE,True,True,False,True,True
libero_spatial/task_03/state_047/clean/attempt_01,libero_spatial,3,47,True,0,,,0.5,,PRIMARY_ELIGIBLE,True,True,False,True,True
libero_spatial/task_03/state_048/clean/attempt_01,libero_spatial,3,48,True,0,,,0.5,,PRIMARY_ELIGIBLE,True,True,False,True,True
libero_spatial/task_03/state_049/clean/attempt_01,libero_spatial,3,49,True,0,,,0.5,,PRIMARY_ELIGIBLE,True,True,False,True,True
libero_spatial/task_04/state_000/clean/attempt_01,libero_spatial,4,0,True,0,,,0.5,,PRIMARY_ELIGIBLE,True,True,False,True,True
libero_spatial/task_04/state_001/clean/attempt_01,libero_spatial,4,1,True,0,,,0.5,,CLEAN_FAILURE_SAFETY,True,True,False,True,True
libero_spatial/task_04/state_002/clean/attempt_01,libero_spatial,4,2,True,0,,,0.5,,PRIMARY_ELIGIBLE,True,True,False,True,True
libero_spatial/task_04/state_003/clean/attempt_01,libero_spatial,4,3,True,0,,,0.5,,CLEAN_FAILURE_SAFETY,True,True,False,True,True
libero_spatial/task_04/state_004/clean/attempt_01,libero_spatial,4,4,True,0,,,0.5,,PRIMARY_ELIGIBLE,True,True,False,True,True
libero_spatial/task_04/state_005/clean/attempt_01,libero_spatial,4,5,True,0,,,0.5,,CLEAN_FAILURE_SAFETY,True,True,False,True,True
libero_spatial/task_04/state_006/clean/attempt_01,libero_spatial,4,6,True,0,,,0.5,,PRIMARY_ELIGIBLE,True,True,False,True,True
libero_spatial/task_04/state_007/clean/attempt_01,libero_spatial,4,7,True,0,,,0.5,,PRIMARY_ELIGIBLE,True,True,False,True,True
libero_spatial/task_04/state_008/clean/attempt_01,libero_spatial,4,8,True,0,,,0.5,,PRIMARY_ELIGIBLE,True,True,False,True,True
libero_spatial/task_04/state_009/clean/attempt_01,libero_spatial,4,9,True,0,,,0.5,,PRIMARY_ELIGIBLE,True,True,False,True,True
libero_spatial/task_04/state_010/clean/attempt_01,libero_spatial,4,10,True,0,,,0.5,,PRIMARY_ELIGIBLE,True,True,False,True,True
libero_spatial/task_04/state_011/clean/attempt_01,libero_spatial,4,11,True,0,,,0.5,,PRIMARY_ELIGIBLE,True,True,False,True,True
libero_spatial/task_04/state_012/clean/attempt_01,libero_spatial,4,12,True,0,,,0.5,,CLEAN_FAILURE_SAFETY,True,True,False,True,True
libero_spatial/task_04/state_013/clean/attempt_01,libero_spatial,4,13,True,0,,,0.5,,CLEAN_FAILURE_SAFETY,True,True,False,True,True
libero_spatial/task_04/state_014/clean/attempt_01,libero_spatial,4,14,True,0,,,0.5,,CLEAN_FAILURE_SAFETY,True,True,False,True,True
libero_spatial/task_04/state_015/clean/attempt_01,libero_spatial,4,15,True,0,,,0.5,,PRIMARY_ELIGIBLE,True,True,False,True,True
libero_spatial/task_04/state_016/clean/attempt_01,libero_spatial,4,16,True,0,,,0.5,,PRIMARY_ELIGIBLE,True,True,False,True,True
libero_spatial/task_04/state_017/clean/attempt_01,libero_spatial,4,17,True,0,,,0.5,,PRIMARY_ELIGIBLE,True,True,False,True,True
libero_spatial/task_04/state_018/clean/attempt_01,libero_spatial,4,18,True,0,,,0.5,,PRIMARY_ELIGIBLE,True,True,False,True,True
libero_spatial/task_04/state_019/clean/attempt_01,libero_spatial,4,19,True,0,,,0.5,,PRIMARY_ELIGIBLE,True,True,False,True,True
libero_spatial/task_04/state_020/clean/attempt_01,libero_spatial,4,20,True,0,,,0.5,,CLEAN_FAILURE_SAFETY,True,True,False,True,True
libero_spatial/task_04/state_021/clean/attempt_01,libero_spatial,4,21,True,0,,,0.5,,PRIMARY_ELIGIBLE,True,True,False,True,True
libero_spatial/task_04/state_022/clean/attempt_01,libero_spatial,4,22,True,0,,,0.5,,PRIMARY_ELIGIBLE,True,True,False,True,True
libero_spatial/task_04/state_023/clean/attempt_01,libero_spatial,4,23,True,0,,,0.5,,PRIMARY_ELIGIBLE,True,True,False,True,True
libero_spatial/task_04/state_024/clean/attempt_01,libero_spatial,4,24,True,0,,,0.5,,PRIMARY_ELIGIBLE,True,True,False,True,True
libero_spatial/task_04/state_025/clean/attempt_01,libero_spatial,4,25,True,0,,,0.5,,PRIMARY_ELIGIBLE,True,True,False,True,True
libero_spatial/task_04/state_026/clean/attempt_01,libero_spatial,4,26,True,0,,,0.5,,PRIMARY_ELIGIBLE,True,True,False,True,True
libero_spatial/task_04/state_027/clean/attempt_01,libero_spatial,4,27,True,0,,,0.5,,PRIMARY_ELIGIBLE,True,True,False,True,True
libero_spatial/task_04/state_028/clean/attempt_01,libero_spatial,4,28,True,0,,,0.5,,PRIMARY_ELIGIBLE,True,True,False,True,True
libero_spatial/task_04/state_029/clean/attempt_01,libero_spatial,4,29,True,0,,,0.5,,PRIMARY_ELIGIBLE,True,True,False,True,True
libero_spatial/task_04/state_030/clean/attempt_01,libero_spatial,4,30,True,0,,,0.5,,CLEAN_FAILURE_SAFETY,True,True,False,True,True
libero_spatial/task_04/state_031/clean/attempt_01,libero_spatial,4,31,True,0,,,0.5,,PRIMARY_ELIGIBLE,True,True,False,True,True
libero_spatial/task_04/state_032/clean/attempt_01,libero_spatial,4,32,True,0,,,0.5,,PRIMARY_ELIGIBLE,True,True,False,True,True
libero_spatial/task_04/state_033/clean/attempt_01,libero_spatial,4,33,True,0,,,0.5,,PRIMARY_ELIGIBLE,True,True,False,True,True
libero_spatial/task_04/state_034/clean/attempt_01,libero_spatial,4,34,True,0,,,0.5,,CLEAN_FAILURE_SAFETY,True,True,False,True,True
libero_spatial/task_04/state_035/clean/attempt_01,libero_spatial,4,35,True,0,,,0.5,,PRIMARY_ELIGIBLE,True,True,False,True,True
libero_spatial/task_04/state_036/clean/attempt_01,libero_spatial,4,36,True,0,,,0.5,,CLEAN_FAILURE_SAFETY,True,True,False,True,True
libero_spatial/task_04/state_037/clean/attempt_01,libero_spatial,4,37,True,0,,,0.5,,PRIMARY_ELIGIBLE,True,True,False,True,True
libero_spatial/task_04/state_038/clean/attempt_01,libero_spatial,4,38,True,0,,,0.5,,PRIMARY_ELIGIBLE,True,True,False,True,True
libero_spatial/task_04/state_039/clean/attempt_01,libero_spatial,4,39,True,0,,,0.5,,PRIMARY_ELIGIBLE,True,True,False,True,True
libero_spatial/task_04/state_040/clean/attempt_01,libero_spatial,4,40,True,0,,,0.5,,PRIMARY_ELIGIBLE,True,True,False,True,True
libero_spatial/task_04/state_041/clean/attempt_01,libero_spatial,4,41,True,0,,,0.5,,PRIMARY_ELIGIBLE,True,True,False,True,True
libero_spatial/task_04/state_042/clean/attempt_01,libero_spatial,4,42,True,0,,,0.5,,PRIMARY_ELIGIBLE,True,True,False,True,True
libero_spatial/task_04/state_043/clean/attempt_01,libero_spatial,4,43,True,0,,,0.5,,PRIMARY_ELIGIBLE,True,True,False,True,True
libero_spatial/task_04/state_044/clean/attempt_01,libero_spatial,4,44,True,0,,,0.5,,PRIMARY_ELIGIBLE,True,True,False,True,True
libero_spatial/task_04/state_045/clean/attempt_01,libero_spatial,4,45,True,0,,,0.5,,PRIMARY_ELIGIBLE,True,True,False,True,True
libero_spatial/task_04/state_046/clean/attempt_01,libero_spatial,4,46,True,0,,,0.5,,PRIMARY_ELIGIBLE,True,True,False,True,True
libero_spatial/task_04/state_047/clean/attempt_01,libero_spatial,4,47,True,0,,,0.5,,PRIMARY_ELIGIBLE,True,True,False,True,True
libero_spatial/task_04/state_048/clean/attempt_01,libero_spatial,4,48,True,0,,,0.5,,PRIMARY_ELIGIBLE,True,True,False,True,True
libero_spatial/task_04/state_049/clean/attempt_01,libero_spatial,4,49,True,0,,,0.5,,PRIMARY_ELIGIBLE,True,True,False,True,True
libero_spatial/task_05/state_000/clean/attempt_01,libero_spatial,5,0,True,0,,,0.5,,PRIMARY_ELIGIBLE,True,True,False,True,True
libero_spatial/task_05/state_001/clean/attempt_01,libero_spatial,5,1,True,0,,,0.5,,CLEAN_FAILURE_SAFETY,True,True,False,True,True
libero_spatial/task_05/state_002/clean/attempt_01,libero_spatial,5,2,True,0,,,0.5,,PRIMARY_ELIGIBLE,True,True,False,True,True
libero_spatial/task_05/state_003/clean/attempt_01,libero_spatial,5,3,True,0,,,0.5,,CLEAN_FAILURE_SAFETY,True,True,False,True,True
libero_spatial/task_05/state_004/clean/attempt_01,libero_spatial,5,4,True,0,,,0.5,,CLEAN_FAILURE_SAFETY,True,True,False,True,True
libero_spatial/task_05/state_005/clean/attempt_01,libero_spatial,5,5,True,0,,,0.5,,PRIMARY_ELIGIBLE,True,True,False,True,True
libero_spatial/task_05/state_006/clean/attempt_01,libero_spatial,5,6,True,0,,,0.5,,PRIMARY_ELIGIBLE,True,True,False,True,True
libero_spatial/task_05/state_007/clean/attempt_01,libero_spatial,5,7,True,0,,,0.5,,PRIMARY_ELIGIBLE,True,True,False,True,True
libero_spatial/task_05/state_008/clean/attempt_01,libero_spatial,5,8,True,0,,,0.5,,CLEAN_FAILURE_SAFETY,True,True,False,True,True
libero_spatial/task_05/state_009/clean/attempt_01,libero_spatial,5,9,True,0,,,0.5,,CLEAN_FAILURE_SAFETY,True,True,False,True,True
libero_spatial/task_05/state_010/clean/attempt_01,libero_spatial,5,10,True,0,,,0.5,,PRIMARY_ELIGIBLE,True,True,False,True,True
libero_spatial/task_05/state_011/clean/attempt_01,libero_spatial,5,11,True,0,,,0.5,,CLEAN_FAILURE_SAFETY,True,True,False,True,True
libero_spatial/task_05/state_012/clean/attempt_01,libero_spatial,5,12,True,0,,,0.5,,CLEAN_FAILURE_SAFETY,True,True,False,True,True
libero_spatial/task_05/state_013/clean/attempt_01,libero_spatial,5,13,True,0,,,0.5,,CLEAN_FAILURE_SAFETY,True,True,False,True,True
libero_spatial/task_05/state_014/clean/attempt_01,libero_spatial,5,14,True,0,,,0.5,,PRIMARY_ELIGIBLE,True,True,False,True,True
libero_spatial/task_05/state_015/clean/attempt_01,libero_spatial,5,15,True,0,,,0.5,,CLEAN_FAILURE_SAFETY,True,True,False,True,True
libero_spatial/task_05/state_016/clean/attempt_01,libero_spatial,5,16,True,0,,,0.5,,PRIMARY_ELIGIBLE,True,True,False,True,True
libero_spatial/task_05/state_017/clean/attempt_01,libero_spatial,5,17,True,0,,,0.5,,PRIMARY_ELIGIBLE,True,True,False,True,True
libero_spatial/task_05/state_018/clean/attempt_01,libero_spatial,5,18,True,0,,,0.5,,CLEAN_FAILURE_SAFETY,True,True,False,True,True
libero_spatial/task_05/state_019/clean/attempt_01,libero_spatial,5,19,True,0,,,0.5,,CLEAN_FAILURE_SAFETY,True,True,False,True,True
libero_spatial/task_05/state_020/clean/attempt_01,libero_spatial,5,20,True,0,,,0.5,,CLEAN_FAILURE_SAFETY,True,True,False,True,True
libero_spatial/task_05/state_021/clean/attempt_01,libero_spatial,5,21,True,0,,,0.5,,PRIMARY_ELIGIBLE,True,True,False,True,True
libero_spatial/task_05/state_022/clean/attempt_01,libero_spatial,5,22,True,0,,,0.5,,CLEAN_FAILURE_SAFETY,True,True,False,True,True
libero_spatial/task_05/state_023/clean/attempt_01,libero_spatial,5,23,True,0,,,0.5,,PRIMARY_ELIGIBLE,True,True,False,True,True
libero_spatial/task_05/state_024/clean/attempt_01,libero_spatial,5,24,True,0,,,0.5,,PRIMARY_ELIGIBLE,True,True,False,True,True
libero_spatial/task_05/state_025/clean/attempt_01,libero_spatial,5,25,True,0,,,0.5,,CLEAN_FAILURE_SAFETY,True,True,False,True,True
libero_spatial/task_05/state_026/clean/attempt_01,libero_spatial,5,26,True,0,,,0.5,,PRIMARY_ELIGIBLE,True,True,False,True,True
libero_spatial/task_05/state_027/clean/attempt_01,libero_spatial,5,27,True,0,,,0.5,,CLEAN_FAILURE_SAFETY,True,True,False,True,True
libero_spatial/task_05/state_028/clean/attempt_01,libero_spatial,5,28,True,0,,,0.5,,CLEAN_FAILURE_SAFETY,True,True,False,True,True
libero_spatial/task_05/state_029/clean/attempt_01,libero_spatial,5,29,True,0,,,0.5,,CLEAN_FAILURE_SAFETY,True,True,False,True,True
libero_spatial/task_05/state_030/clean/attempt_01,libero_spatial,5,30,True,0,,,0.5,,CLEAN_FAILURE_SAFETY,True,True,False,True,True
libero_spatial/task_05/state_031/clean/attempt_01,libero_spatial,5,31,True,0,,,0.5,,PRIMARY_ELIGIBLE,True,True,False,True,True
libero_spatial/task_05/state_032/clean/attempt_01,libero_spatial,5,32,True,0,,,0.5,,CLEAN_FAILURE_SAFETY,True,True,False,True,True
libero_spatial/task_05/state_033/clean/attempt_01,libero_spatial,5,33,True,0,,,0.5,,CLEAN_FAILURE_SAFETY,True,True,False,True,True
libero_spatial/task_05/state_034/clean/attempt_01,libero_spatial,5,34,True,0,,,0.5,,CLEAN_FAILURE_SAFETY,True,True,False,True,True
libero_spatial/task_05/state_035/clean/attempt_01,libero_spatial,5,35,True,0,,,0.5,,CLEAN_FAILURE_SAFETY,True,True,False,True,True
libero_spatial/task_05/state_036/clean/attempt_01,libero_spatial,5,36,True,0,,,0.5,,CLEAN_FAILURE_SAFETY,True,True,False,True,True
libero_spatial/task_05/state_037/clean/attempt_01,libero_spatial,5,37,True,0,,,0.5,,CLEAN_FAILURE_SAFETY,True,True,False,True,True
libero_spatial/task_05/state_038/clean/attempt_01,libero_spatial,5,38,True,0,,,0.5,,CLEAN_FAILURE_SAFETY,True,True,False,True,True
libero_spatial/task_05/state_039/clean/attempt_01,libero_spatial,5,39,True,0,,,0.5,,PRIMARY_ELIGIBLE,True,True,False,True,True
libero_spatial/task_05/state_040/clean/attempt_01,libero_spatial,5,40,True,0,,,0.5,,CLEAN_FAILURE_SAFETY,True,True,False,True,True
libero_spatial/task_05/state_041/clean/attempt_01,libero_spatial,5,41,True,0,,,0.5,,PRIMARY_ELIGIBLE,True,True,False,True,True
libero_spatial/task_05/state_042/clean/attempt_01,libero_spatial,5,42,True,0,,,0.5,,CLEAN_FAILURE_SAFETY,True,True,False,True,True
libero_spatial/task_05/state_043/clean/attempt_01,libero_spatial,5,43,True,0,,,0.5,,PRIMARY_ELIGIBLE,True,True,False,True,True
libero_spatial/task_05/state_044/clean/attempt_01,libero_spatial,5,44,True,0,,,0.5,,CLEAN_FAILURE_SAFETY,True,True,False,True,True
libero_spatial/task_05/state_045/clean/attempt_01,libero_spatial,5,45,True,0,,,0.5,,CLEAN_FAILURE_SAFETY,True,True,False,True,True
libero_spatial/task_05/state_046/clean/attempt_01,libero_spatial,5,46,True,0,,,0.5,,PRIMARY_ELIGIBLE,True,True,False,True,True
libero_spatial/task_05/state_047/clean/attempt_01,libero_spatial,5,47,True,0,,,0.5,,CLEAN_FAILURE_SAFETY,True,True,False,True,True
libero_spatial/task_05/state_048/clean/attempt_01,libero_spatial,5,48,True,0,,,0.5,,CLEAN_FAILURE_SAFETY,True,True,False,True,True
libero_spatial/task_05/state_049/clean/attempt_01,libero_spatial,5,49,True,0,,,0.5,,PRIMARY_ELIGIBLE,True,True,False,True,True
libero_spatial/task_06/state_000/clean/attempt_01,libero_spatial,6,0,True,0,,,0.5,,PRIMARY_ELIGIBLE,True,True,False,True,True
libero_spatial/task_06/state_001/clean/attempt_01,libero_spatial,6,1,True,0,,,0.5,,PRIMARY_ELIGIBLE,True,True,False,True,True
libero_spatial/task_06/state_002/clean/attempt_01,libero_spatial,6,2,True,0,,,0.5,,PRIMARY_ELIGIBLE,True,True,False,True,True
libero_spatial/task_06/state_003/clean/attempt_01,libero_spatial,6,3,True,0,,,0.5,,PRIMARY_ELIGIBLE,True,True,False,True,True
libero_spatial/task_06/state_004/clean/attempt_01,libero_spatial,6,4,True,0,,,0.5,,PRIMARY_ELIGIBLE,True,True,False,True,True
libero_spatial/task_06/state_005/clean/attempt_01,libero_spatial,6,5,True,0,,,0.5,,PRIMARY_ELIGIBLE,True,True,False,True,True
libero_spatial/task_06/state_006/clean/attempt_01,libero_spatial,6,6,True,0,,,0.5,,PRIMARY_ELIGIBLE,True,True,False,True,True
libero_spatial/task_06/state_007/clean/attempt_01,libero_spatial,6,7,True,0,,,0.5,,PRIMARY_ELIGIBLE,True,True,False,True,True
libero_spatial/task_06/state_008/clean/attempt_01,libero_spatial,6,8,True,0,,,0.5,,PRIMARY_ELIGIBLE,True,True,False,True,True
libero_spatial/task_06/state_009/clean/attempt_01,libero_spatial,6,9,True,0,,,0.5,,PRIMARY_ELIGIBLE,True,True,False,True,True
libero_spatial/task_06/state_010/clean/attempt_01,libero_spatial,6,10,True,0,,,0.5,,PRIMARY_ELIGIBLE,True,True,False,True,True
libero_spatial/task_06/state_011/clean/attempt_01,libero_spatial,6,11,True,0,,,0.5,,PRIMARY_ELIGIBLE,True,True,False,True,True
libero_spatial/task_06/state_012/clean/attempt_01,libero_spatial,6,12,True,0,,,0.5,,PRIMARY_ELIGIBLE,True,True,False,True,True
libero_spatial/task_06/state_013/clean/attempt_01,libero_spatial,6,13,True,0,,,0.5,,PRIMARY_ELIGIBLE,True,True,False,True,True
libero_spatial/task_06/state_014/clean/attempt_01,libero_spatial,6,14,True,0,,,0.5,,PRIMARY_ELIGIBLE,True,True,False,True,True
libero_spatial/task_06/state_015/clean/attempt_01,libero_spatial,6,15,True,0,,,0.5,,PRIMARY_ELIGIBLE,True,True,False,True,True
libero_spatial/task_06/state_016/clean/attempt_01,libero_spatial,6,16,True,0,,,0.5,,PRIMARY_ELIGIBLE,True,True,False,True,True
libero_spatial/task_06/state_017/clean/attempt_01,libero_spatial,6,17,True,0,,,0.5,,PRIMARY_ELIGIBLE,True,True,False,True,True
libero_spatial/task_06/state_018/clean/attempt_01,libero_spatial,6,18,True,0,,,0.5,,PRIMARY_ELIGIBLE,True,True,False,True,True
libero_spatial/task_06/state_019/clean/attempt_01,libero_spatial,6,19,True,0,,,0.5,,PRIMARY_ELIGIBLE,True,True,False,True,True
libero_spatial/task_06/state_020/clean/attempt_01,libero_spatial,6,20,True,0,,,0.5,,PRIMARY_ELIGIBLE,True,True,False,True,True
libero_spatial/task_06/state_021/clean/attempt_01,libero_spatial,6,21,True,0,,,0.5,,CLEAN_FAILURE_SAFETY,True,True,False,True,True
libero_spatial/task_06/state_022/clean/attempt_01,libero_spatial,6,22,True,0,,,0.5,,PRIMARY_ELIGIBLE,True,True,False,True,True
libero_spatial/task_06/state_023/clean/attempt_01,libero_spatial,6,23,True,0,,,0.5,,CLEAN_FAILURE_SAFETY,True,True,False,True,True
libero_spatial/task_06/state_024/clean/attempt_01,libero_spatial,6,24,True,0,,,0.5,,PRIMARY_ELIGIBLE,True,True,False,True,True
libero_spatial/task_06/state_025/clean/attempt_01,libero_spatial,6,25,True,0,,,0.5,,PRIMARY_ELIGIBLE,True,True,False,True,True
libero_spatial/task_06/state_026/clean/attempt_01,libero_spatial,6,26,True,0,,,0.5,,PRIMARY_ELIGIBLE,True,True,False,True,True
libero_spatial/task_06/state_027/clean/attempt_01,libero_spatial,6,27,True,0,,,0.5,,PRIMARY_ELIGIBLE,True,True,False,True,True
libero_spatial/task_06/state_028/clean/attempt_01,libero_spatial,6,28,True,0,,,0.5,,PRIMARY_ELIGIBLE,True,True,False,True,True
libero_spatial/task_06/state_029/clean/attempt_01,libero_spatial,6,29,True,0,,,0.5,,PRIMARY_ELIGIBLE,True,True,False,True,True
libero_spatial/task_06/state_030/clean/attempt_01,libero_spatial,6,30,True,0,,,0.5,,PRIMARY_ELIGIBLE,True,True,False,True,True
libero_spatial/task_06/state_031/clean/attempt_01,libero_spatial,6,31,True,0,,,0.5,,PRIMARY_ELIGIBLE,True,True,False,True,True
libero_spatial/task_06/state_032/clean/attempt_01,libero_spatial,6,32,True,0,,,0.5,,PRIMARY_ELIGIBLE,True,True,False,True,True
libero_spatial/task_06/state_033/clean/attempt_01,libero_spatial,6,33,True,0,,,0.5,,PRIMARY_ELIGIBLE,True,True,False,True,True
libero_spatial/task_06/state_034/clean/attempt_01,libero_spatial,6,34,True,0,,,0.5,,PRIMARY_ELIGIBLE,True,True,False,True,True
libero_spatial/task_06/state_035/clean/attempt_01,libero_spatial,6,35,True,0,,,0.5,,PRIMARY_ELIGIBLE,True,True,False,True,True
libero_spatial/task_06/state_036/clean/attempt_01,libero_spatial,6,36,True,0,,,0.5,,PRIMARY_ELIGIBLE,True,True,False,True,True
libero_spatial/task_06/state_037/clean/attempt_01,libero_spatial,6,37,True,0,,,0.5,,PRIMARY_ELIGIBLE,True,True,False,True,True
libero_spatial/task_06/state_038/clean/attempt_01,libero_spatial,6,38,True,0,,,0.5,,PRIMARY_ELIGIBLE,True,True,False,True,True
libero_spatial/task_06/state_039/clean/attempt_01,libero_spatial,6,39,True,0,,,0.5,,PRIMARY_ELIGIBLE,True,True,False,True,True
libero_spatial/task_06/state_040/clean/attempt_01,libero_spatial,6,40,True,0,,,0.5,,CLEAN_FAILURE_SAFETY,True,True,False,True,True
libero_spatial/task_06/state_041/clean/attempt_01,libero_spatial,6,41,True,0,,,0.5,,PRIMARY_ELIGIBLE,True,True,False,True,True
libero_spatial/task_06/state_042/clean/attempt_01,libero_spatial,6,42,True,0,,,0.5,,PRIMARY_ELIGIBLE,True,True,False,True,True
libero_spatial/task_06/state_043/clean/attempt_01,libero_spatial,6,43,True,0,,,0.5,,CLEAN_FAILURE_SAFETY,True,True,False,True,True
libero_spatial/task_06/state_044/clean/attempt_01,libero_spatial,6,44,True,0,,,0.5,,PRIMARY_ELIGIBLE,True,True,False,True,True
libero_spatial/task_06/state_045/clean/attempt_01,libero_spatial,6,45,True,0,,,0.5,,CLEAN_FAILURE_SAFETY,True,True,False,True,True
libero_spatial/task_06/state_046/clean/attempt_01,libero_spatial,6,46,True,0,,,0.5,,PRIMARY_ELIGIBLE,True,True,False,True,True
libero_spatial/task_06/state_047/clean/attempt_01,libero_spatial,6,47,True,0,,,0.5,,PRIMARY_ELIGIBLE,True,True,False,True,True
libero_spatial/task_06/state_048/clean/attempt_01,libero_spatial,6,48,True,0,,,0.5,,PRIMARY_ELIGIBLE,True,True,False,True,True
libero_spatial/task_06/state_049/clean/attempt_01,libero_spatial,6,49,True,0,,,0.5,,PRIMARY_ELIGIBLE,True,True,False,True,True
libero_spatial/task_07/state_000/clean/attempt_01,libero_spatial,7,0,True,0,,,0.5,,PRIMARY_ELIGIBLE,True,True,False,True,True
libero_spatial/task_07/state_001/clean/attempt_01,libero_spatial,7,1,True,0,,,0.5,,PRIMARY_ELIGIBLE,True,True,False,True,True
libero_spatial/task_07/state_002/clean/attempt_01,libero_spatial,7,2,True,0,,,0.5,,PRIMARY_ELIGIBLE,True,True,False,True,True
libero_spatial/task_07/state_003/clean/attempt_01,libero_spatial,7,3,True,0,,,0.5,,CLEAN_FAILURE_SAFETY,True,True,False,True,True
libero_spatial/task_07/state_004/clean/attempt_01,libero_spatial,7,4,True,0,,,0.5,,PRIMARY_ELIGIBLE,True,True,False,True,True
libero_spatial/task_07/state_005/clean/attempt_01,libero_spatial,7,5,True,0,,,0.5,,PRIMARY_ELIGIBLE,True,True,False,True,True
libero_spatial/task_07/state_006/clean/attempt_01,libero_spatial,7,6,True,0,,,0.5,,PRIMARY_ELIGIBLE,True,True,False,True,True
libero_spatial/task_07/state_007/clean/attempt_01,libero_spatial,7,7,True,0,,,0.5,,PRIMARY_ELIGIBLE,True,True,False,True,True
libero_spatial/task_07/state_008/clean/attempt_01,libero_spatial,7,8,True,0,,,0.5,,PRIMARY_ELIGIBLE,True,True,False,True,True
libero_spatial/task_07/state_009/clean/attempt_01,libero_spatial,7,9,True,0,,,0.5,,CLEAN_FAILURE_SAFETY,True,True,False,True,True
libero_spatial/task_07/state_010/clean/attempt_01,libero_spatial,7,10,True,0,,,0.5,,CLEAN_FAILURE_SAFETY,True,True,False,True,True
libero_spatial/task_07/state_011/clean/attempt_01,libero_spatial,7,11,True,0,,,0.5,,PRIMARY_ELIGIBLE,True,True,False,True,True
libero_spatial/task_07/state_012/clean/attempt_01,libero_spatial,7,12,True,0,,,0.5,,PRIMARY_ELIGIBLE,True,True,False,True,True
libero_spatial/task_07/state_013/clean/attempt_01,libero_spatial,7,13,True,0,,,0.5,,PRIMARY_ELIGIBLE,True,True,False,True,True
libero_spatial/task_07/state_014/clean/attempt_01,libero_spatial,7,14,True,0,,,0.5,,PRIMARY_ELIGIBLE,True,True,False,True,True
libero_spatial/task_07/state_015/clean/attempt_01,libero_spatial,7,15,True,0,,,0.5,,PRIMARY_ELIGIBLE,True,True,False,True,True
libero_spatial/task_07/state_016/clean/attempt_01,libero_spatial,7,16,True,0,,,0.5,,PRIMARY_ELIGIBLE,True,True,False,True,True
libero_spatial/task_07/state_017/clean/attempt_01,libero_spatial,7,17,True,0,,,0.5,,PRIMARY_ELIGIBLE,True,True,False,True,True
libero_spatial/task_07/state_018/clean/attempt_01,libero_spatial,7,18,True,0,,,0.5,,PRIMARY_ELIGIBLE,True,True,False,True,True
libero_spatial/task_07/state_019/clean/attempt_01,libero_spatial,7,19,True,0,,,0.5,,PRIMARY_ELIGIBLE,True,True,False,True,True
libero_spatial/task_07/state_020/clean/attempt_01,libero_spatial,7,20,True,0,,,0.5,,PRIMARY_ELIGIBLE,True,True,False,True,True
libero_spatial/task_07/state_021/clean/attempt_01,libero_spatial,7,21,True,0,,,0.5,,PRIMARY_ELIGIBLE,True,True,False,True,True
libero_spatial/task_07/state_022/clean/attempt_01,libero_spatial,7,22,True,0,,,0.5,,PRIMARY_ELIGIBLE,True,True,False,True,True
libero_spatial/task_07/state_023/clean/attempt_01,libero_spatial,7,23,True,0,,,0.5,,PRIMARY_ELIGIBLE,True,True,False,True,True
libero_spatial/task_07/state_024/clean/attempt_01,libero_spatial,7,24,True,0,,,0.5,,PRIMARY_ELIGIBLE,True,True,False,True,True
libero_spatial/task_07/state_025/clean/attempt_01,libero_spatial,7,25,True,0,,,0.5,,PRIMARY_ELIGIBLE,True,True,False,True,True
libero_spatial/task_07/state_026/clean/attempt_01,libero_spatial,7,26,True,0,,,0.5,,PRIMARY_ELIGIBLE,True,True,False,True,True
libero_spatial/task_07/state_027/clean/attempt_01,libero_spatial,7,27,True,0,,,0.5,,PRIMARY_ELIGIBLE,True,True,False,True,True
libero_spatial/task_07/state_028/clean/attempt_01,libero_spatial,7,28,True,0,,,0.5,,PRIMARY_ELIGIBLE,True,True,False,True,True
libero_spatial/task_07/state_029/clean/attempt_01,libero_spatial,7,29,True,0,,,0.5,,PRIMARY_ELIGIBLE,True,True,False,True,True
libero_spatial/task_07/state_030/clean/attempt_01,libero_spatial,7,30,True,0,,,0.5,,PRIMARY_ELIGIBLE,True,True,False,True,True
libero_spatial/task_07/state_031/clean/attempt_01,libero_spatial,7,31,True,0,,,0.5,,PRIMARY_ELIGIBLE,True,True,False,True,True
libero_spatial/task_07/state_032/clean/attempt_01,libero_spatial,7,32,True,0,,,0.5,,PRIMARY_ELIGIBLE,True,True,False,True,True
libero_spatial/task_07/state_033/clean/attempt_01,libero_spatial,7,33,True,0,,,0.5,,PRIMARY_ELIGIBLE,True,True,False,True,True
libero_spatial/task_07/state_034/clean/attempt_01,libero_spatial,7,34,True,0,,,0.5,,PRIMARY_ELIGIBLE,True,True,False,True,True
libero_spatial/task_07/state_035/clean/attempt_01,libero_spatial,7,35,True,0,,,0.5,,CLEAN_FAILURE_SAFETY,True,True,False,True,True
libero_spatial/task_07/state_036/clean/attempt_01,libero_spatial,7,36,True,0,,,0.5,,PRIMARY_ELIGIBLE,True,True,False,True,True
libero_spatial/task_07/state_037/clean/attempt_01,libero_spatial,7,37,True,0,,,0.5,,CLEAN_FAILURE_SAFETY,True,True,False,True,True
libero_spatial/task_07/state_038/clean/attempt_01,libero_spatial,7,38,True,0,,,0.5,,PRIMARY_ELIGIBLE,True,True,False,True,True
libero_spatial/task_07/state_039/clean/attempt_01,libero_spatial,7,39,True,0,,,0.5,,PRIMARY_ELIGIBLE,True,True,False,True,True
libero_spatial/task_07/state_040/clean/attempt_01,libero_spatial,7,40,True,0,,,0.5,,PRIMARY_ELIGIBLE,True,True,False,True,True
libero_spatial/task_07/state_041/clean/attempt_01,libero_spatial,7,41,True,0,,,0.5,,CLEAN_FAILURE_SAFETY,True,True,False,True,True
libero_spatial/task_07/state_042/clean/attempt_01,libero_spatial,7,42,True,0,,,0.5,,PRIMARY_ELIGIBLE,True,True,False,True,True
libero_spatial/task_07/state_043/clean/attempt_01,libero_spatial,7,43,True,0,,,0.5,,PRIMARY_ELIGIBLE,True,True,False,True,True
libero_spatial/task_07/state_044/clean/attempt_01,libero_spatial,7,44,True,0,,,0.5,,PRIMARY_ELIGIBLE,True,True,False,True,True
libero_spatial/task_07/state_045/clean/attempt_01,libero_spatial,7,45,True,0,,,0.5,,PRIMARY_ELIGIBLE,True,True,False,True,True
libero_spatial/task_07/state_046/clean/attempt_01,libero_spatial,7,46,True,0,,,0.5,,PRIMARY_ELIGIBLE,True,True,False,True,True
libero_spatial/task_07/state_047/clean/attempt_01,libero_spatial,7,47,True,0,,,0.5,,PRIMARY_ELIGIBLE,True,True,False,True,True
libero_spatial/task_07/state_048/clean/attempt_01,libero_spatial,7,48,True,0,,,0.5,,PRIMARY_ELIGIBLE,True,True,False,True,True
libero_spatial/task_07/state_049/clean/attempt_01,libero_spatial,7,49,True,0,,,0.5,,CLEAN_FAILURE_SAFETY,True,True,False,True,True
libero_spatial/task_08/state_000/clean/attempt_01,libero_spatial,8,0,True,0,,,0.5,,PRIMARY_ELIGIBLE,True,True,False,True,True
libero_spatial/task_08/state_001/clean/attempt_01,libero_spatial,8,1,True,0,,,0.5,,PRIMARY_ELIGIBLE,True,True,False,True,True
libero_spatial/task_08/state_002/clean/attempt_01,libero_spatial,8,2,True,0,,,0.5,,CLEAN_FAILURE_SAFETY,True,True,False,True,True
libero_spatial/task_08/state_003/clean/attempt_01,libero_spatial,8,3,True,0,,,0.5,,PRIMARY_ELIGIBLE,True,True,False,True,True
libero_spatial/task_08/state_004/clean/attempt_01,libero_spatial,8,4,True,0,,,0.5,,CLEAN_FAILURE_SAFETY,True,True,False,True,True
libero_spatial/task_08/state_005/clean/attempt_01,libero_spatial,8,5,True,0,,,0.5,,PRIMARY_ELIGIBLE,True,True,False,True,True
libero_spatial/task_08/state_006/clean/attempt_01,libero_spatial,8,6,True,0,,,0.5,,PRIMARY_ELIGIBLE,True,True,False,True,True
libero_spatial/task_08/state_007/clean/attempt_01,libero_spatial,8,7,True,0,,,0.5,,PRIMARY_ELIGIBLE,True,True,False,True,True
libero_spatial/task_08/state_008/clean/attempt_01,libero_spatial,8,8,True,0,,,0.5,,PRIMARY_ELIGIBLE,True,True,False,True,True
libero_spatial/task_08/state_009/clean/attempt_01,libero_spatial,8,9,True,0,,,0.5,,PRIMARY_ELIGIBLE,True,True,False,True,True
libero_spatial/task_08/state_010/clean/attempt_01,libero_spatial,8,10,True,0,,,0.5,,PRIMARY_ELIGIBLE,True,True,False,True,True
libero_spatial/task_08/state_011/clean/attempt_01,libero_spatial,8,11,True,0,,,0.5,,PRIMARY_ELIGIBLE,True,True,False,True,True
libero_spatial/task_08/state_012/clean/attempt_01,libero_spatial,8,12,True,0,,,0.5,,PRIMARY_ELIGIBLE,True,True,False,True,True
libero_spatial/task_08/state_013/clean/attempt_01,libero_spatial,8,13,True,0,,,0.5,,PRIMARY_ELIGIBLE,True,True,False,True,True
libero_spatial/task_08/state_014/clean/attempt_01,libero_spatial,8,14,True,0,,,0.5,,PRIMARY_ELIGIBLE,True,True,False,True,True
libero_spatial/task_08/state_015/clean/attempt_01,libero_spatial,8,15,True,0,,,0.5,,PRIMARY_ELIGIBLE,True,True,False,True,True
libero_spatial/task_08/state_016/clean/attempt_01,libero_spatial,8,16,True,0,,,0.5,,PRIMARY_ELIGIBLE,True,True,False,True,True
libero_spatial/task_08/state_017/clean/attempt_01,libero_spatial,8,17,True,0,,,0.5,,PRIMARY_ELIGIBLE,True,True,False,True,True
libero_spatial/task_08/state_018/clean/attempt_01,libero_spatial,8,18,True,0,,,0.5,,PRIMARY_ELIGIBLE,True,True,False,True,True
libero_spatial/task_08/state_019/clean/attempt_01,libero_spatial,8,19,True,0,,,0.5,,PRIMARY_ELIGIBLE,True,True,False,True,True
libero_spatial/task_08/state_020/clean/attempt_01,libero_spatial,8,20,True,0,,,0.5,,PRIMARY_ELIGIBLE,True,True,False,True,True
libero_spatial/task_08/state_021/clean/attempt_01,libero_spatial,8,21,True,0,,,0.5,,PRIMARY_ELIGIBLE,True,True,False,True,True
libero_spatial/task_08/state_022/clean/attempt_01,libero_spatial,8,22,True,0,,,0.5,,PRIMARY_ELIGIBLE,True,True,False,True,True
libero_spatial/task_08/state_023/clean/attempt_01,libero_spatial,8,23,True,0,,,0.5,,PRIMARY_ELIGIBLE,True,True,False,True,True
libero_spatial/task_08/state_024/clean/attempt_01,libero_spatial,8,24,True,0,,,0.5,,PRIMARY_ELIGIBLE,True,True,False,True,True
libero_spatial/task_08/state_025/clean/attempt_01,libero_spatial,8,25,True,0,,,0.5,,PRIMARY_ELIGIBLE,True,True,False,True,True
libero_spatial/task_08/state_026/clean/attempt_01,libero_spatial,8,26,True,0,,,0.5,,PRIMARY_ELIGIBLE,True,True,False,True,True
libero_spatial/task_08/state_027/clean/attempt_01,libero_spatial,8,27,True,0,,,0.5,,CLEAN_FAILURE_SAFETY,True,True,False,True,True
libero_spatial/task_08/state_028/clean/attempt_01,libero_spatial,8,28,True,0,,,0.5,,PRIMARY_ELIGIBLE,True,True,False,True,True
libero_spatial/task_08/state_029/clean/attempt_01,libero_spatial,8,29,True,0,,,0.5,,CLEAN_FAILURE_SAFETY,True,True,False,True,True
libero_spatial/task_08/state_030/clean/attempt_01,libero_spatial,8,30,True,0,,,0.5,,PRIMARY_ELIGIBLE,True,True,False,True,True
libero_spatial/task_08/state_031/clean/attempt_01,libero_spatial,8,31,True,0,,,0.5,,PRIMARY_ELIGIBLE,True,True,False,True,True
libero_spatial/task_08/state_032/clean/attempt_01,libero_spatial,8,32,True,0,,,0.5,,CLEAN_FAILURE_SAFETY,True,True,False,True,True
libero_spatial/task_08/state_033/clean/attempt_01,libero_spatial,8,33,True,0,,,0.5,,CLEAN_FAILURE_SAFETY,True,True,False,True,True
libero_spatial/task_08/state_034/clean/attempt_01,libero_spatial,8,34,True,0,,,0.5,,PRIMARY_ELIGIBLE,True,True,False,True,True
libero_spatial/task_08/state_035/clean/attempt_01,libero_spatial,8,35,True,0,,,0.5,,PRIMARY_ELIGIBLE,True,True,False,True,True
libero_spatial/task_08/state_036/clean/attempt_01,libero_spatial,8,36,True,0,,,0.5,,PRIMARY_ELIGIBLE,True,True,False,True,True
libero_spatial/task_08/state_037/clean/attempt_01,libero_spatial,8,37,True,0,,,0.5,,PRIMARY_ELIGIBLE,True,True,False,True,True
libero_spatial/task_08/state_038/clean/attempt_01,libero_spatial,8,38,True,0,,,0.5,,CLEAN_FAILURE_SAFETY,True,True,False,True,True
libero_spatial/task_08/state_039/clean/attempt_01,libero_spatial,8,39,True,0,,,0.5,,PRIMARY_ELIGIBLE,True,True,False,True,True
libero_spatial/task_08/state_040/clean/attempt_01,libero_spatial,8,40,True,0,,,0.5,,PRIMARY_ELIGIBLE,True,True,False,True,True
libero_spatial/task_08/state_041/clean/attempt_01,libero_spatial,8,41,True,0,,,0.5,,PRIMARY_ELIGIBLE,True,True,False,True,True
libero_spatial/task_08/state_042/clean/attempt_01,libero_spatial,8,42,True,0,,,0.5,,PRIMARY_ELIGIBLE,True,True,False,True,True
libero_spatial/task_08/state_043/clean/attempt_01,libero_spatial,8,43,True,0,,,0.5,,PRIMARY_ELIGIBLE,True,True,False,True,True
libero_spatial/task_08/state_044/clean/attempt_01,libero_spatial,8,44,True,0,,,0.5,,PRIMARY_ELIGIBLE,True,True,False,True,True
libero_spatial/task_08/state_045/clean/attempt_01,libero_spatial,8,45,True,0,,,0.5,,CLEAN_FAILURE_SAFETY,True,True,False,True,True
libero_spatial/task_08/state_046/clean/attempt_01,libero_spatial,8,46,True,0,,,0.5,,CLEAN_FAILURE_SAFETY,True,True,False,True,True
libero_spatial/task_08/state_047/clean/attempt_01,libero_spatial,8,47,True,0,,,0.5,,CLEAN_FAILURE_SAFETY,True,True,False,True,True
libero_spatial/task_08/state_048/clean/attempt_01,libero_spatial,8,48,True,0,,,0.5,,PRIMARY_ELIGIBLE,True,True,False,True,True
libero_spatial/task_08/state_049/clean/attempt_01,libero_spatial,8,49,True,0,,,0.5,,PRIMARY_ELIGIBLE,True,True,False,True,True
libero_spatial/task_09/state_000/clean/attempt_01,libero_spatial,9,0,True,0,,,0.5,,PRIMARY_ELIGIBLE,True,True,False,True,True
libero_spatial/task_09/state_001/clean/attempt_01,libero_spatial,9,1,True,0,,,0.5,,CLEAN_FAILURE_SAFETY,True,True,False,True,True
libero_spatial/task_09/state_002/clean/attempt_01,libero_spatial,9,2,True,0,,,0.5,,PRIMARY_ELIGIBLE,True,True,False,True,True
libero_spatial/task_09/state_003/clean/attempt_01,libero_spatial,9,3,True,0,,,0.5,,PRIMARY_ELIGIBLE,True,True,False,True,True
libero_spatial/task_09/state_004/clean/attempt_01,libero_spatial,9,4,True,0,,,0.5,,PRIMARY_ELIGIBLE,True,True,False,True,True
libero_spatial/task_09/state_005/clean/attempt_01,libero_spatial,9,5,True,0,,,0.5,,CLEAN_FAILURE_SAFETY,True,True,False,True,True
libero_spatial/task_09/state_006/clean/attempt_01,libero_spatial,9,6,True,0,,,0.5,,CLEAN_FAILURE_SAFETY,True,True,False,True,True
libero_spatial/task_09/state_007/clean/attempt_01,libero_spatial,9,7,True,0,,,0.5,,CLEAN_FAILURE_SAFETY,True,True,False,True,True
libero_spatial/task_09/state_008/clean/attempt_01,libero_spatial,9,8,True,0,,,0.5,,CLEAN_FAILURE_SAFETY,True,True,False,True,True
libero_spatial/task_09/state_009/clean/attempt_01,libero_spatial,9,9,True,0,,,0.5,,PRIMARY_ELIGIBLE,True,True,False,True,True
libero_spatial/task_09/state_010/clean/attempt_01,libero_spatial,9,10,True,0,,,0.5,,PRIMARY_ELIGIBLE,True,True,False,True,True
libero_spatial/task_09/state_011/clean/attempt_01,libero_spatial,9,11,True,0,,,0.5,,PRIMARY_ELIGIBLE,True,True,False,True,True
libero_spatial/task_09/state_012/clean/attempt_01,libero_spatial,9,12,True,0,,,0.5,,CLEAN_FAILURE_SAFETY,True,True,False,True,True
libero_spatial/task_09/state_013/clean/attempt_01,libero_spatial,9,13,True,0,,,0.5,,CLEAN_FAILURE_SAFETY,True,True,False,True,True
libero_spatial/task_09/state_014/clean/attempt_01,libero_spatial,9,14,True,0,,,0.5,,PRIMARY_ELIGIBLE,True,True,False,True,True
libero_spatial/task_09/state_015/clean/attempt_01,libero_spatial,9,15,True,0,,,0.5,,PRIMARY_ELIGIBLE,True,True,False,True,True
libero_spatial/task_09/state_016/clean/attempt_01,libero_spatial,9,16,True,0,,,0.5,,PRIMARY_ELIGIBLE,True,True,False,True,True
libero_spatial/task_09/state_017/clean/attempt_01,libero_spatial,9,17,True,0,,,0.5,,PRIMARY_ELIGIBLE,True,True,False,True,True
libero_spatial/task_09/state_018/clean/attempt_01,libero_spatial,9,18,True,0,,,0.5,,CLEAN_FAILURE_SAFETY,True,True,False,True,True
libero_spatial/task_09/state_019/clean/attempt_01,libero_spatial,9,19,True,0,,,0.5,,CLEAN_FAILURE_SAFETY,True,True,False,True,True
libero_spatial/task_09/state_020/clean/attempt_01,libero_spatial,9,20,True,0,,,0.5,,CLEAN_FAILURE_SAFETY,True,True,False,True,True
libero_spatial/task_09/state_021/clean/attempt_01,libero_spatial,9,21,True,0,,,0.5,,PRIMARY_ELIGIBLE,True,True,False,True,True
libero_spatial/task_09/state_022/clean/attempt_01,libero_spatial,9,22,True,0,,,0.5,,PRIMARY_ELIGIBLE,True,True,False,True,True
libero_spatial/task_09/state_023/clean/attempt_01,libero_spatial,9,23,True,0,,,0.5,,PRIMARY_ELIGIBLE,True,True,False,True,True
libero_spatial/task_09/state_024/clean/attempt_01,libero_spatial,9,24,True,0,,,0.5,,PRIMARY_ELIGIBLE,True,True,False,True,True
libero_spatial/task_09/state_025/clean/attempt_01,libero_spatial,9,25,True,0,,,0.5,,PRIMARY_ELIGIBLE,True,True,False,True,True
libero_spatial/task_09/state_026/clean/attempt_01,libero_spatial,9,26,True,0,,,0.5,,CLEAN_FAILURE_SAFETY,True,True,False,True,True
libero_spatial/task_09/state_027/clean/attempt_01,libero_spatial,9,27,True,0,,,0.5,,CLEAN_FAILURE_SAFETY,True,True,False,True,True
libero_spatial/task_09/state_028/clean/attempt_01,libero_spatial,9,28,True,0,,,0.5,,CLEAN_FAILURE_SAFETY,True,True,False,True,True
libero_spatial/task_09/state_029/clean/attempt_01,libero_spatial,9,29,True,0,,,0.5,,PRIMARY_ELIGIBLE,True,True,False,True,True
libero_spatial/task_09/state_030/clean/attempt_01,libero_spatial,9,30,True,0,,,0.5,,CLEAN_FAILURE_SAFETY,True,True,False,True,True
libero_spatial/task_09/state_031/clean/attempt_01,libero_spatial,9,31,True,0,,,0.5,,PRIMARY_ELIGIBLE,True,True,False,True,True
libero_spatial/task_09/state_032/clean/attempt_01,libero_spatial,9,32,True,0,,,0.5,,PRIMARY_ELIGIBLE,True,True,False,True,True
libero_spatial/task_09/state_033/clean/attempt_01,libero_spatial,9,33,True,0,,,0.5,,PRIMARY_ELIGIBLE,True,True,False,True,True
libero_spatial/task_09/state_034/clean/attempt_01,libero_spatial,9,34,True,0,,,0.5,,PRIMARY_ELIGIBLE,True,True,False,True,True
libero_spatial/task_09/state_035/clean/attempt_01,libero_spatial,9,35,True,0,,,0.5,,PRIMARY_ELIGIBLE,True,True,False,True,True
libero_spatial/task_09/state_036/clean/attempt_01,libero_spatial,9,36,True,0,,,0.5,,PRIMARY_ELIGIBLE,True,True,False,True,True
libero_spatial/task_09/state_037/clean/attempt_01,libero_spatial,9,37,True,0,,,0.5,,PRIMARY_ELIGIBLE,True,True,False,True,True
libero_spatial/task_09/state_038/clean/attempt_01,libero_spatial,9,38,True,0,,,0.5,,PRIMARY_ELIGIBLE,True,True,False,True,True
libero_spatial/task_09/state_039/clean/attempt_01,libero_spatial,9,39,True,0,,,0.5,,PRIMARY_ELIGIBLE,True,True,False,True,True
libero_spatial/task_09/state_040/clean/attempt_01,libero_spatial,9,40,True,0,,,0.5,,PRIMARY_ELIGIBLE,True,True,False,True,True
libero_spatial/task_09/state_041/clean/attempt_01,libero_spatial,9,41,True,0,,,0.5,,PRIMARY_ELIGIBLE,True,True,False,True,True
libero_spatial/task_09/state_042/clean/attempt_01,libero_spatial,9,42,True,0,,,0.5,,PRIMARY_ELIGIBLE,True,True,False,True,True
libero_spatial/task_09/state_043/clean/attempt_01,libero_spatial,9,43,True,0,,,0.5,,CLEAN_FAILURE_SAFETY,True,True,False,True,True
libero_spatial/task_09/state_044/clean/attempt_01,libero_spatial,9,44,True,0,,,0.5,,PRIMARY_ELIGIBLE,True,True,False,True,True
libero_spatial/task_09/state_045/clean/attempt_01,libero_spatial,9,45,True,0,,,0.5,,PRIMARY_ELIGIBLE,True,True,False,True,True
libero_spatial/task_09/state_046/clean/attempt_01,libero_spatial,9,46,True,0,,,0.5,,PRIMARY_ELIGIBLE,True,True,False,True,True
libero_spatial/task_09/state_047/clean/attempt_01,libero_spatial,9,47,True,0,,,0.5,,PRIMARY_ELIGIBLE,True,True,False,True,True
libero_spatial/task_09/state_048/clean/attempt_01,libero_spatial,9,48,True,0,,,0.5,,PRIMARY_ELIGIBLE,True,True,False,True,True
libero_spatial/task_09/state_049/clean/attempt_01,libero_spatial,9,49,True,0,,,0.5,,PRIMARY_ELIGIBLE,True,True,False,True,True
