condition,fold,state,detector_seed,perturbation_seed,parent_key,mlp_triggered,mlp_emit_step,attack_frames,task_success,n_steps,teacher_anchor,summary_sha256
CLEAN,fold_01,state_0,det_seed_1,pert_seed_0,fold_01/state_0,True,98,0,True,158,97,bf29d8bf5f132cff
CLEAN,fold_01,state_0,det_seed_1,pert_seed_1,fold_01/state_0,True,98,0,True,158,97,bf29d8bf5f132cff
CLEAN,fold_01,state_0,det_seed_1,pert_seed_2,fold_01/state_0,True,98,0,True,158,97,bf29d8bf5f132cff
CLEAN,fold_01,state_0,det_seed_2,pert_seed_0,fold_01/state_0,True,99,0,True,158,97,c9ff22d67bb19045
CLEAN,fold_01,state_0,det_seed_2,pert_seed_1,fold_01/state_0,True,99,0,True,158,97,c9ff22d67bb19045
CLEAN,fold_01,state_0,det_seed_2,pert_seed_2,fold_01/state_0,True,99,0,True,158,97,c9ff22d67bb19045
CLEAN,fold_01,state_0,det_seed_3,pert_seed_0,fold_01/state_0,True,99,0,True,158,97,ca11124252161856
CLEAN,fold_01,state_0,det_seed_3,pert_seed_1,fold_01/state_0,True,99,0,True,158,97,ca11124252161856
CLEAN,fold_01,state_0,det_seed_3,pert_seed_2,fold_01/state_0,True,99,0,True,158,97,ca11124252161856
CLEAN,fold_01,state_2,det_seed_1,pert_seed_0,fold_01/state_2,True,76,0,True,134,75,cce57cd558c14dbf
CLEAN,fold_01,state_2,det_seed_1,pert_seed_1,fold_01/state_2,True,76,0,True,134,75,cce57cd558c14dbf
CLEAN,fold_01,state_2,det_seed_1,pert_seed_2,fold_01/state_2,True,76,0,True,134,75,cce57cd558c14dbf
CLEAN,fold_01,state_2,det_seed_2,pert_seed_0,fold_01/state_2,True,76,0,True,134,75,3069ae81991c6c00
CLEAN,fold_01,state_2,det_seed_2,pert_seed_1,fold_01/state_2,True,76,0,True,134,75,3069ae81991c6c00
CLEAN,fold_01,state_2,det_seed_2,pert_seed_2,fold_01/state_2,True,76,0,True,134,75,3069ae81991c6c00
CLEAN,fold_01,state_2,det_seed_3,pert_seed_0,fold_01/state_2,True,77,0,True,134,75,a3fad6114bc3eab9
CLEAN,fold_01,state_2,det_seed_3,pert_seed_1,fold_01/state_2,True,77,0,True,134,75,a3fad6114bc3eab9
CLEAN,fold_01,state_2,det_seed_3,pert_seed_2,fold_01/state_2,True,77,0,True,134,75,a3fad6114bc3eab9
CLEAN,fold_02,state_0,det_seed_1,pert_seed_0,fold_02/state_0,True,111,0,True,175,109,87ffb2b476440d97
CLEAN,fold_02,state_0,det_seed_1,pert_seed_1,fold_02/state_0,True,111,0,True,175,109,87ffb2b476440d97
CLEAN,fold_02,state_0,det_seed_1,pert_seed_2,fold_02/state_0,True,111,0,True,175,109,87ffb2b476440d97
CLEAN,fold_02,state_0,det_seed_2,pert_seed_0,fold_02/state_0,True,111,0,True,175,109,ea46bd9d9572f4b9
CLEAN,fold_02,state_0,det_seed_2,pert_seed_1,fold_02/state_0,True,111,0,True,175,109,ea46bd9d9572f4b9
CLEAN,fold_02,state_0,det_seed_2,pert_seed_2,fold_02/state_0,True,111,0,True,175,109,ea46bd9d9572f4b9
CLEAN,fold_02,state_0,det_seed_3,pert_seed_0,fold_02/state_0,True,110,0,True,175,109,8856b87e33f63e56
CLEAN,fold_02,state_0,det_seed_3,pert_seed_1,fold_02/state_0,True,110,0,True,175,109,8856b87e33f63e56
CLEAN,fold_02,state_0,det_seed_3,pert_seed_2,fold_02/state_0,True,110,0,True,175,109,8856b87e33f63e56
CLEAN,fold_02,state_1,det_seed_1,pert_seed_0,fold_02/state_1,True,95,0,True,175,91,77f6d6b3f5b08366
CLEAN,fold_02,state_1,det_seed_1,pert_seed_1,fold_02/state_1,True,95,0,True,175,91,77f6d6b3f5b08366
CLEAN,fold_02,state_1,det_seed_1,pert_seed_2,fold_02/state_1,True,95,0,True,175,91,77f6d6b3f5b08366
CLEAN,fold_02,state_1,det_seed_2,pert_seed_0,fold_02/state_1,True,95,0,True,175,91,58683818512cbdd0
CLEAN,fold_02,state_1,det_seed_2,pert_seed_1,fold_02/state_1,True,95,0,True,175,91,58683818512cbdd0
CLEAN,fold_02,state_1,det_seed_2,pert_seed_2,fold_02/state_1,True,95,0,True,175,91,58683818512cbdd0
CLEAN,fold_02,state_1,det_seed_3,pert_seed_0,fold_02/state_1,True,95,0,True,175,91,bb12fe13137f33eb
CLEAN,fold_02,state_1,det_seed_3,pert_seed_1,fold_02/state_1,True,95,0,True,175,91,bb12fe13137f33eb
CLEAN,fold_02,state_1,det_seed_3,pert_seed_2,fold_02/state_1,True,95,0,True,175,91,bb12fe13137f33eb
CLEAN,fold_03,state_1,det_seed_1,pert_seed_0,fold_03/state_1,True,88,0,True,134,83,feb79b2a4e2400c7
CLEAN,fold_03,state_1,det_seed_1,pert_seed_1,fold_03/state_1,True,88,0,True,134,83,feb79b2a4e2400c7
CLEAN,fold_03,state_1,det_seed_1,pert_seed_2,fold_03/state_1,True,88,0,True,134,83,feb79b2a4e2400c7
CLEAN,fold_03,state_1,det_seed_2,pert_seed_0,fold_03/state_1,True,86,0,True,134,83,88277b4845e61bdc
CLEAN,fold_03,state_1,det_seed_2,pert_seed_1,fold_03/state_1,True,86,0,True,134,83,88277b4845e61bdc
CLEAN,fold_03,state_1,det_seed_2,pert_seed_2,fold_03/state_1,True,86,0,True,134,83,88277b4845e61bdc
CLEAN,fold_03,state_1,det_seed_3,pert_seed_0,fold_03/state_1,True,88,0,True,134,83,81737d57a4d3b7b2
CLEAN,fold_03,state_1,det_seed_3,pert_seed_1,fold_03/state_1,True,88,0,True,134,83,81737d57a4d3b7b2
CLEAN,fold_03,state_1,det_seed_3,pert_seed_2,fold_03/state_1,True,88,0,True,134,83,81737d57a4d3b7b2
CLEAN,fold_03,state_3,det_seed_1,pert_seed_0,fold_03/state_3,True,108,0,True,144,102,01b5c77e40cc8c5f
CLEAN,fold_03,state_3,det_seed_1,pert_seed_1,fold_03/state_3,True,108,0,True,144,102,01b5c77e40cc8c5f
CLEAN,fold_03,state_3,det_seed_1,pert_seed_2,fold_03/state_3,True,108,0,True,144,102,01b5c77e40cc8c5f
CLEAN,fold_03,state_3,det_seed_2,pert_seed_0,fold_03/state_3,True,107,0,True,144,102,015c48c58b0ee0ab
CLEAN,fold_03,state_3,det_seed_2,pert_seed_1,fold_03/state_3,True,107,0,True,144,102,015c48c58b0ee0ab
CLEAN,fold_03,state_3,det_seed_2,pert_seed_2,fold_03/state_3,True,107,0,True,144,102,015c48c58b0ee0ab
CLEAN,fold_03,state_3,det_seed_3,pert_seed_0,fold_03/state_3,True,108,0,True,144,102,cefef38e1ab9822d
CLEAN,fold_03,state_3,det_seed_3,pert_seed_1,fold_03/state_3,True,108,0,True,144,102,cefef38e1ab9822d
CLEAN,fold_03,state_3,det_seed_3,pert_seed_2,fold_03/state_3,True,108,0,True,144,102,cefef38e1ab9822d
CLEAN,fold_04,state_0,det_seed_1,pert_seed_0,fold_04/state_0,True,78,0,True,122,75,868bd3bcb13dce42
CLEAN,fold_04,state_0,det_seed_1,pert_seed_1,fold_04/state_0,True,78,0,True,122,75,868bd3bcb13dce42
CLEAN,fold_04,state_0,det_seed_1,pert_seed_2,fold_04/state_0,True,78,0,True,122,75,868bd3bcb13dce42
CLEAN,fold_04,state_0,det_seed_2,pert_seed_0,fold_04/state_0,True,79,0,True,122,75,8bb3080a9d17f40e
CLEAN,fold_04,state_0,det_seed_2,pert_seed_1,fold_04/state_0,True,79,0,True,122,75,8bb3080a9d17f40e
CLEAN,fold_04,state_0,det_seed_2,pert_seed_2,fold_04/state_0,True,79,0,True,122,75,8bb3080a9d17f40e
CLEAN,fold_04,state_0,det_seed_3,pert_seed_0,fold_04/state_0,True,78,0,True,122,75,428ca04f2a14415a
CLEAN,fold_04,state_0,det_seed_3,pert_seed_1,fold_04/state_0,True,78,0,True,122,75,428ca04f2a14415a
CLEAN,fold_04,state_0,det_seed_3,pert_seed_2,fold_04/state_0,True,78,0,True,122,75,428ca04f2a14415a
CLEAN,fold_04,state_1,det_seed_1,pert_seed_0,fold_04/state_1,True,87,0,True,140,84,dffb6d25b9ad66c0
CLEAN,fold_04,state_1,det_seed_1,pert_seed_1,fold_04/state_1,True,87,0,True,140,84,dffb6d25b9ad66c0
CLEAN,fold_04,state_1,det_seed_1,pert_seed_2,fold_04/state_1,True,87,0,True,140,84,dffb6d25b9ad66c0
CLEAN,fold_04,state_1,det_seed_2,pert_seed_0,fold_04/state_1,True,87,0,True,140,84,4246fee656095e18
CLEAN,fold_04,state_1,det_seed_2,pert_seed_1,fold_04/state_1,True,87,0,True,140,84,4246fee656095e18
CLEAN,fold_04,state_1,det_seed_2,pert_seed_2,fold_04/state_1,True,87,0,True,140,84,4246fee656095e18
CLEAN,fold_04,state_1,det_seed_3,pert_seed_0,fold_04/state_1,True,87,0,True,140,84,2ad2fe5df0ee3331
CLEAN,fold_04,state_1,det_seed_3,pert_seed_1,fold_04/state_1,True,87,0,True,140,84,2ad2fe5df0ee3331
CLEAN,fold_04,state_1,det_seed_3,pert_seed_2,fold_04/state_1,True,87,0,True,140,84,2ad2fe5df0ee3331
CLEAN,fold_05,state_0,det_seed_1,pert_seed_0,fold_05/state_0,False,-1,0,True,134,80,8f7cf83948cc34ba
CLEAN,fold_05,state_0,det_seed_1,pert_seed_1,fold_05/state_0,False,-1,0,True,134,80,8f7cf83948cc34ba
CLEAN,fold_05,state_0,det_seed_1,pert_seed_2,fold_05/state_0,False,-1,0,True,134,80,8f7cf83948cc34ba
CLEAN,fold_05,state_0,det_seed_2,pert_seed_0,fold_05/state_0,False,-1,0,True,134,80,13e2ee8c530ed7dc
CLEAN,fold_05,state_0,det_seed_2,pert_seed_1,fold_05/state_0,False,-1,0,True,134,80,13e2ee8c530ed7dc
CLEAN,fold_05,state_0,det_seed_2,pert_seed_2,fold_05/state_0,False,-1,0,True,134,80,13e2ee8c530ed7dc
CLEAN,fold_05,state_0,det_seed_3,pert_seed_0,fold_05/state_0,False,-1,0,True,134,80,ad486110bdb68056
CLEAN,fold_05,state_0,det_seed_3,pert_seed_1,fold_05/state_0,False,-1,0,True,134,80,ad486110bdb68056
CLEAN,fold_05,state_0,det_seed_3,pert_seed_2,fold_05/state_0,False,-1,0,True,134,80,ad486110bdb68056
CLEAN,fold_05,state_4,det_seed_1,pert_seed_0,fold_05/state_4,True,109,0,True,143,106,1a79c5b6ae941baa
CLEAN,fold_05,state_4,det_seed_1,pert_seed_1,fold_05/state_4,True,109,0,True,143,106,1a79c5b6ae941baa
CLEAN,fold_05,state_4,det_seed_1,pert_seed_2,fold_05/state_4,True,109,0,True,143,106,1a79c5b6ae941baa
CLEAN,fold_05,state_4,det_seed_2,pert_seed_0,fold_05/state_4,False,-1,0,True,143,106,01f038d080e0ecb7
CLEAN,fold_05,state_4,det_seed_2,pert_seed_1,fold_05/state_4,False,-1,0,True,143,106,01f038d080e0ecb7
CLEAN,fold_05,state_4,det_seed_2,pert_seed_2,fold_05/state_4,False,-1,0,True,143,106,01f038d080e0ecb7
CLEAN,fold_05,state_4,det_seed_3,pert_seed_0,fold_05/state_4,False,-1,0,True,143,106,9e3d8b13d9a9d14b
CLEAN,fold_05,state_4,det_seed_3,pert_seed_1,fold_05/state_4,False,-1,0,True,143,106,9e3d8b13d9a9d14b
CLEAN,fold_05,state_4,det_seed_3,pert_seed_2,fold_05/state_4,False,-1,0,True,143,106,9e3d8b13d9a9d14b
CLEAN,fold_06,state_0,det_seed_1,pert_seed_0,fold_06/state_0,True,92,0,True,157,93,afe14098176cda16
CLEAN,fold_06,state_0,det_seed_1,pert_seed_1,fold_06/state_0,True,92,0,True,157,93,afe14098176cda16
CLEAN,fold_06,state_0,det_seed_1,pert_seed_2,fold_06/state_0,True,92,0,True,157,93,afe14098176cda16
CLEAN,fold_06,state_0,det_seed_2,pert_seed_0,fold_06/state_0,True,95,0,True,157,93,ab4c91d4b6c60f58
CLEAN,fold_06,state_0,det_seed_2,pert_seed_1,fold_06/state_0,True,95,0,True,157,93,ab4c91d4b6c60f58
CLEAN,fold_06,state_0,det_seed_2,pert_seed_2,fold_06/state_0,True,95,0,True,157,93,ab4c91d4b6c60f58
CLEAN,fold_06,state_0,det_seed_3,pert_seed_0,fold_06/state_0,True,92,0,True,157,93,dcf0a399ba355c98
CLEAN,fold_06,state_0,det_seed_3,pert_seed_1,fold_06/state_0,True,92,0,True,157,93,dcf0a399ba355c98
CLEAN,fold_06,state_0,det_seed_3,pert_seed_2,fold_06/state_0,True,92,0,True,157,93,dcf0a399ba355c98
CLEAN,fold_06,state_1,det_seed_1,pert_seed_0,fold_06/state_1,True,87,0,True,147,86,dabe50f2880d0cde
CLEAN,fold_06,state_1,det_seed_1,pert_seed_1,fold_06/state_1,True,87,0,True,147,86,dabe50f2880d0cde
CLEAN,fold_06,state_1,det_seed_1,pert_seed_2,fold_06/state_1,True,87,0,True,147,86,dabe50f2880d0cde
CLEAN,fold_06,state_1,det_seed_2,pert_seed_0,fold_06/state_1,True,87,0,True,147,86,440edab5e4a6526e
CLEAN,fold_06,state_1,det_seed_2,pert_seed_1,fold_06/state_1,True,87,0,True,147,86,440edab5e4a6526e
CLEAN,fold_06,state_1,det_seed_2,pert_seed_2,fold_06/state_1,True,87,0,True,147,86,440edab5e4a6526e
CLEAN,fold_06,state_1,det_seed_3,pert_seed_0,fold_06/state_1,True,85,0,True,147,86,cdb9c57cc816e085
CLEAN,fold_06,state_1,det_seed_3,pert_seed_1,fold_06/state_1,True,85,0,True,147,86,cdb9c57cc816e085
CLEAN,fold_06,state_1,det_seed_3,pert_seed_2,fold_06/state_1,True,85,0,True,147,86,cdb9c57cc816e085
CLEAN,fold_07,state_0,det_seed_1,pert_seed_0,fold_07/state_0,True,122,0,True,186,119,278cad45496bb7b0
CLEAN,fold_07,state_0,det_seed_1,pert_seed_1,fold_07/state_0,True,122,0,True,186,119,278cad45496bb7b0
CLEAN,fold_07,state_0,det_seed_1,pert_seed_2,fold_07/state_0,True,122,0,True,186,119,278cad45496bb7b0
CLEAN,fold_07,state_0,det_seed_2,pert_seed_0,fold_07/state_0,True,123,0,True,186,119,a769e3ce328011ca
CLEAN,fold_07,state_0,det_seed_2,pert_seed_1,fold_07/state_0,True,123,0,True,186,119,a769e3ce328011ca
CLEAN,fold_07,state_0,det_seed_2,pert_seed_2,fold_07/state_0,True,123,0,True,186,119,a769e3ce328011ca
CLEAN,fold_07,state_0,det_seed_3,pert_seed_0,fold_07/state_0,True,124,0,True,186,119,43937015035acfcc
CLEAN,fold_07,state_0,det_seed_3,pert_seed_1,fold_07/state_0,True,124,0,True,186,119,43937015035acfcc
CLEAN,fold_07,state_0,det_seed_3,pert_seed_2,fold_07/state_0,True,124,0,True,186,119,43937015035acfcc
CLEAN,fold_07,state_1,det_seed_1,pert_seed_0,fold_07/state_1,True,174,0,True,228,174,df55d1e63920cfad
CLEAN,fold_07,state_1,det_seed_1,pert_seed_1,fold_07/state_1,True,174,0,True,228,174,df55d1e63920cfad
CLEAN,fold_07,state_1,det_seed_1,pert_seed_2,fold_07/state_1,True,174,0,True,228,174,df55d1e63920cfad
CLEAN,fold_07,state_1,det_seed_2,pert_seed_0,fold_07/state_1,False,-1,0,True,228,174,8ca81866d6d98652
CLEAN,fold_07,state_1,det_seed_2,pert_seed_1,fold_07/state_1,False,-1,0,True,228,174,8ca81866d6d98652
CLEAN,fold_07,state_1,det_seed_2,pert_seed_2,fold_07/state_1,False,-1,0,True,228,174,8ca81866d6d98652
CLEAN,fold_07,state_1,det_seed_3,pert_seed_0,fold_07/state_1,False,-1,0,True,228,174,ab0f5b0eeec3bbcf
CLEAN,fold_07,state_1,det_seed_3,pert_seed_1,fold_07/state_1,False,-1,0,True,228,174,ab0f5b0eeec3bbcf
CLEAN,fold_07,state_1,det_seed_3,pert_seed_2,fold_07/state_1,False,-1,0,True,228,174,ab0f5b0eeec3bbcf
CLEAN,fold_08,state_0,det_seed_1,pert_seed_0,fold_08/state_0,True,86,0,True,143,79,593b8e96942fb261
CLEAN,fold_08,state_0,det_seed_1,pert_seed_1,fold_08/state_0,True,86,0,True,143,79,593b8e96942fb261
CLEAN,fold_08,state_0,det_seed_1,pert_seed_2,fold_08/state_0,True,86,0,True,143,79,593b8e96942fb261
CLEAN,fold_08,state_0,det_seed_2,pert_seed_0,fold_08/state_0,True,85,0,True,143,79,c2e210cd970cc1f4
CLEAN,fold_08,state_0,det_seed_2,pert_seed_1,fold_08/state_0,True,85,0,True,143,79,c2e210cd970cc1f4
CLEAN,fold_08,state_0,det_seed_2,pert_seed_2,fold_08/state_0,True,85,0,True,143,79,c2e210cd970cc1f4
CLEAN,fold_08,state_0,det_seed_3,pert_seed_0,fold_08/state_0,True,86,0,True,143,79,c48df0ae8dd4c450
CLEAN,fold_08,state_0,det_seed_3,pert_seed_1,fold_08/state_0,True,86,0,True,143,79,c48df0ae8dd4c450
CLEAN,fold_08,state_0,det_seed_3,pert_seed_2,fold_08/state_0,True,86,0,True,143,79,c48df0ae8dd4c450
CLEAN,fold_08,state_2,det_seed_1,pert_seed_0,fold_08/state_2,True,91,0,True,149,84,3cd93e3be3cf2e5d
CLEAN,fold_08,state_2,det_seed_1,pert_seed_1,fold_08/state_2,True,91,0,True,149,84,3cd93e3be3cf2e5d
CLEAN,fold_08,state_2,det_seed_1,pert_seed_2,fold_08/state_2,True,91,0,True,149,84,3cd93e3be3cf2e5d
CLEAN,fold_08,state_2,det_seed_2,pert_seed_0,fold_08/state_2,True,92,0,True,149,84,2ac4b31243f8473b
CLEAN,fold_08,state_2,det_seed_2,pert_seed_1,fold_08/state_2,True,92,0,True,149,84,2ac4b31243f8473b
CLEAN,fold_08,state_2,det_seed_2,pert_seed_2,fold_08/state_2,True,92,0,True,149,84,2ac4b31243f8473b
CLEAN,fold_08,state_2,det_seed_3,pert_seed_0,fold_08/state_2,True,94,0,True,149,84,c2fd3c56f8234fbb
CLEAN,fold_08,state_2,det_seed_3,pert_seed_1,fold_08/state_2,True,94,0,True,149,84,c2fd3c56f8234fbb
CLEAN,fold_08,state_2,det_seed_3,pert_seed_2,fold_08/state_2,True,94,0,True,149,84,c2fd3c56f8234fbb
CLEAN,fold_09,state_0,det_seed_1,pert_seed_0,fold_09/state_0,True,87,0,True,156,85,c962d743c7fa8a41
CLEAN,fold_09,state_0,det_seed_1,pert_seed_1,fold_09/state_0,True,87,0,True,156,85,c962d743c7fa8a41
CLEAN,fold_09,state_0,det_seed_1,pert_seed_2,fold_09/state_0,True,87,0,True,156,85,c962d743c7fa8a41
CLEAN,fold_09,state_0,det_seed_2,pert_seed_0,fold_09/state_0,True,87,0,True,156,85,119724cd597a518a
CLEAN,fold_09,state_0,det_seed_2,pert_seed_1,fold_09/state_0,True,87,0,True,156,85,119724cd597a518a
CLEAN,fold_09,state_0,det_seed_2,pert_seed_2,fold_09/state_0,True,87,0,True,156,85,119724cd597a518a
CLEAN,fold_09,state_0,det_seed_3,pert_seed_0,fold_09/state_0,True,88,0,True,156,85,3c92bf9570956991
CLEAN,fold_09,state_0,det_seed_3,pert_seed_1,fold_09/state_0,True,88,0,True,156,85,3c92bf9570956991
CLEAN,fold_09,state_0,det_seed_3,pert_seed_2,fold_09/state_0,True,88,0,True,156,85,3c92bf9570956991
CLEAN,fold_09,state_1,det_seed_1,pert_seed_0,fold_09/state_1,True,76,0,True,132,72,a65a2a0a8e07c400
CLEAN,fold_09,state_1,det_seed_1,pert_seed_1,fold_09/state_1,True,76,0,True,132,72,a65a2a0a8e07c400
CLEAN,fold_09,state_1,det_seed_1,pert_seed_2,fold_09/state_1,True,76,0,True,132,72,a65a2a0a8e07c400
CLEAN,fold_09,state_1,det_seed_2,pert_seed_0,fold_09/state_1,True,75,0,True,132,72,a8056f6a54864eba
CLEAN,fold_09,state_1,det_seed_2,pert_seed_1,fold_09/state_1,True,75,0,True,132,72,a8056f6a54864eba
CLEAN,fold_09,state_1,det_seed_2,pert_seed_2,fold_09/state_1,True,75,0,True,132,72,a8056f6a54864eba
CLEAN,fold_09,state_1,det_seed_3,pert_seed_0,fold_09/state_1,True,76,0,True,132,72,89f41042e9044576
CLEAN,fold_09,state_1,det_seed_3,pert_seed_1,fold_09/state_1,True,76,0,True,132,72,89f41042e9044576
CLEAN,fold_09,state_1,det_seed_3,pert_seed_2,fold_09/state_1,True,76,0,True,132,72,89f41042e9044576
COMMAND_OPEN_ORACLE_T10,fold_01,state_0,det_seed_1,pert_seed_0,fold_01/state_0,True,98,10,False,400,97,e8f8ef53ef8c6535
COMMAND_OPEN_ORACLE_T10,fold_01,state_0,det_seed_1,pert_seed_1,fold_01/state_0,True,98,10,False,400,97,e8f8ef53ef8c6535
COMMAND_OPEN_ORACLE_T10,fold_01,state_0,det_seed_1,pert_seed_2,fold_01/state_0,True,98,10,False,400,97,e8f8ef53ef8c6535
COMMAND_OPEN_ORACLE_T10,fold_01,state_0,det_seed_2,pert_seed_0,fold_01/state_0,True,99,10,False,400,97,d2a24804e14d35a3
COMMAND_OPEN_ORACLE_T10,fold_01,state_0,det_seed_2,pert_seed_1,fold_01/state_0,True,99,10,False,400,97,d2a24804e14d35a3
COMMAND_OPEN_ORACLE_T10,fold_01,state_0,det_seed_2,pert_seed_2,fold_01/state_0,True,99,10,False,400,97,d2a24804e14d35a3
COMMAND_OPEN_ORACLE_T10,fold_01,state_0,det_seed_3,pert_seed_0,fold_01/state_0,True,99,10,False,400,97,14db33bbf3088a89
COMMAND_OPEN_ORACLE_T10,fold_01,state_0,det_seed_3,pert_seed_1,fold_01/state_0,True,99,10,False,400,97,14db33bbf3088a89
COMMAND_OPEN_ORACLE_T10,fold_01,state_0,det_seed_3,pert_seed_2,fold_01/state_0,True,99,10,False,400,97,14db33bbf3088a89
COMMAND_OPEN_ORACLE_T10,fold_01,state_2,det_seed_1,pert_seed_0,fold_01/state_2,True,76,10,False,400,75,a0123e1c3cfe1895
COMMAND_OPEN_ORACLE_T10,fold_01,state_2,det_seed_1,pert_seed_1,fold_01/state_2,True,76,10,False,400,75,a0123e1c3cfe1895
COMMAND_OPEN_ORACLE_T10,fold_01,state_2,det_seed_1,pert_seed_2,fold_01/state_2,True,76,10,False,400,75,a0123e1c3cfe1895
COMMAND_OPEN_ORACLE_T10,fold_01,state_2,det_seed_2,pert_seed_0,fold_01/state_2,True,76,10,False,400,75,aa9f39532c799de2
COMMAND_OPEN_ORACLE_T10,fold_01,state_2,det_seed_2,pert_seed_1,fold_01/state_2,True,76,10,False,400,75,aa9f39532c799de2
COMMAND_OPEN_ORACLE_T10,fold_01,state_2,det_seed_2,pert_seed_2,fold_01/state_2,True,76,10,False,400,75,aa9f39532c799de2
COMMAND_OPEN_ORACLE_T10,fold_01,state_2,det_seed_3,pert_seed_0,fold_01/state_2,True,77,10,False,400,75,a8a3e7edb6226147
COMMAND_OPEN_ORACLE_T10,fold_01,state_2,det_seed_3,pert_seed_1,fold_01/state_2,True,77,10,False,400,75,a8a3e7edb6226147
COMMAND_OPEN_ORACLE_T10,fold_01,state_2,det_seed_3,pert_seed_2,fold_01/state_2,True,77,10,False,400,75,a8a3e7edb6226147
COMMAND_OPEN_ORACLE_T10,fold_02,state_0,det_seed_1,pert_seed_0,fold_02/state_0,True,111,10,False,400,109,dba2514f6af13fe1
COMMAND_OPEN_ORACLE_T10,fold_02,state_0,det_seed_1,pert_seed_1,fold_02/state_0,True,111,10,False,400,109,dba2514f6af13fe1
COMMAND_OPEN_ORACLE_T10,fold_02,state_0,det_seed_1,pert_seed_2,fold_02/state_0,True,111,10,False,400,109,dba2514f6af13fe1
COMMAND_OPEN_ORACLE_T10,fold_02,state_0,det_seed_2,pert_seed_0,fold_02/state_0,True,111,10,False,400,109,45822037055ee0f5
COMMAND_OPEN_ORACLE_T10,fold_02,state_0,det_seed_2,pert_seed_1,fold_02/state_0,True,111,10,False,400,109,45822037055ee0f5
COMMAND_OPEN_ORACLE_T10,fold_02,state_0,det_seed_2,pert_seed_2,fold_02/state_0,True,111,10,False,400,109,45822037055ee0f5
COMMAND_OPEN_ORACLE_T10,fold_02,state_0,det_seed_3,pert_seed_0,fold_02/state_0,True,110,10,False,400,109,3bed77806928db66
COMMAND_OPEN_ORACLE_T10,fold_02,state_0,det_seed_3,pert_seed_1,fold_02/state_0,True,110,10,False,400,109,3bed77806928db66
COMMAND_OPEN_ORACLE_T10,fold_02,state_0,det_seed_3,pert_seed_2,fold_02/state_0,True,110,10,False,400,109,3bed77806928db66
COMMAND_OPEN_ORACLE_T10,fold_02,state_1,det_seed_1,pert_seed_0,fold_02/state_1,True,95,10,False,400,91,2ed9eb8e41a4d3e9
COMMAND_OPEN_ORACLE_T10,fold_02,state_1,det_seed_1,pert_seed_1,fold_02/state_1,True,95,10,False,400,91,2ed9eb8e41a4d3e9
COMMAND_OPEN_ORACLE_T10,fold_02,state_1,det_seed_1,pert_seed_2,fold_02/state_1,True,95,10,False,400,91,2ed9eb8e41a4d3e9
COMMAND_OPEN_ORACLE_T10,fold_02,state_1,det_seed_2,pert_seed_0,fold_02/state_1,True,95,10,False,400,91,454700e5cfc0fe66
COMMAND_OPEN_ORACLE_T10,fold_02,state_1,det_seed_2,pert_seed_1,fold_02/state_1,True,95,10,False,400,91,454700e5cfc0fe66
COMMAND_OPEN_ORACLE_T10,fold_02,state_1,det_seed_2,pert_seed_2,fold_02/state_1,True,95,10,False,400,91,454700e5cfc0fe66
COMMAND_OPEN_ORACLE_T10,fold_02,state_1,det_seed_3,pert_seed_0,fold_02/state_1,True,95,10,False,400,91,c0ef3774b6c50047
COMMAND_OPEN_ORACLE_T10,fold_02,state_1,det_seed_3,pert_seed_1,fold_02/state_1,True,95,10,False,400,91,c0ef3774b6c50047
COMMAND_OPEN_ORACLE_T10,fold_02,state_1,det_seed_3,pert_seed_2,fold_02/state_1,True,95,10,False,400,91,c0ef3774b6c50047
COMMAND_OPEN_ORACLE_T10,fold_03,state_1,det_seed_1,pert_seed_0,fold_03/state_1,True,88,10,False,400,83,17118834eb91101c
COMMAND_OPEN_ORACLE_T10,fold_03,state_1,det_seed_1,pert_seed_1,fold_03/state_1,True,88,10,False,400,83,17118834eb91101c
COMMAND_OPEN_ORACLE_T10,fold_03,state_1,det_seed_1,pert_seed_2,fold_03/state_1,True,88,10,False,400,83,17118834eb91101c
COMMAND_OPEN_ORACLE_T10,fold_03,state_1,det_seed_2,pert_seed_0,fold_03/state_1,True,86,10,False,400,83,e8d0e40ee8180a1e
COMMAND_OPEN_ORACLE_T10,fold_03,state_1,det_seed_2,pert_seed_1,fold_03/state_1,True,86,10,False,400,83,e8d0e40ee8180a1e
COMMAND_OPEN_ORACLE_T10,fold_03,state_1,det_seed_2,pert_seed_2,fold_03/state_1,True,86,10,False,400,83,e8d0e40ee8180a1e
COMMAND_OPEN_ORACLE_T10,fold_03,state_1,det_seed_3,pert_seed_0,fold_03/state_1,True,88,10,False,400,83,1fdb8ea022897666
COMMAND_OPEN_ORACLE_T10,fold_03,state_1,det_seed_3,pert_seed_1,fold_03/state_1,True,88,10,False,400,83,1fdb8ea022897666
COMMAND_OPEN_ORACLE_T10,fold_03,state_1,det_seed_3,pert_seed_2,fold_03/state_1,True,88,10,False,400,83,1fdb8ea022897666
COMMAND_OPEN_ORACLE_T10,fold_03,state_3,det_seed_1,pert_seed_0,fold_03/state_3,True,108,10,False,400,102,56a79984ca775963
COMMAND_OPEN_ORACLE_T10,fold_03,state_3,det_seed_1,pert_seed_1,fold_03/state_3,True,108,10,False,400,102,56a79984ca775963
COMMAND_OPEN_ORACLE_T10,fold_03,state_3,det_seed_1,pert_seed_2,fold_03/state_3,True,108,10,False,400,102,56a79984ca775963
COMMAND_OPEN_ORACLE_T10,fold_03,state_3,det_seed_2,pert_seed_0,fold_03/state_3,True,107,10,False,400,102,e82160ce91c954e2
COMMAND_OPEN_ORACLE_T10,fold_03,state_3,det_seed_2,pert_seed_1,fold_03/state_3,True,107,10,False,400,102,e82160ce91c954e2
COMMAND_OPEN_ORACLE_T10,fold_03,state_3,det_seed_2,pert_seed_2,fold_03/state_3,True,107,10,False,400,102,e82160ce91c954e2
COMMAND_OPEN_ORACLE_T10,fold_03,state_3,det_seed_3,pert_seed_0,fold_03/state_3,True,108,10,False,400,102,2ce466513f791b70
COMMAND_OPEN_ORACLE_T10,fold_03,state_3,det_seed_3,pert_seed_1,fold_03/state_3,True,108,10,False,400,102,2ce466513f791b70
COMMAND_OPEN_ORACLE_T10,fold_03,state_3,det_seed_3,pert_seed_2,fold_03/state_3,True,108,10,False,400,102,2ce466513f791b70
COMMAND_OPEN_ORACLE_T10,fold_04,state_0,det_seed_1,pert_seed_0,fold_04/state_0,True,78,10,False,400,75,358107c355007f0b
COMMAND_OPEN_ORACLE_T10,fold_04,state_0,det_seed_1,pert_seed_1,fold_04/state_0,True,78,10,False,400,75,358107c355007f0b
COMMAND_OPEN_ORACLE_T10,fold_04,state_0,det_seed_1,pert_seed_2,fold_04/state_0,True,78,10,False,400,75,358107c355007f0b
COMMAND_OPEN_ORACLE_T10,fold_04,state_0,det_seed_2,pert_seed_0,fold_04/state_0,True,79,10,False,400,75,56b7f5e46e203065
COMMAND_OPEN_ORACLE_T10,fold_04,state_0,det_seed_2,pert_seed_1,fold_04/state_0,True,79,10,False,400,75,56b7f5e46e203065
COMMAND_OPEN_ORACLE_T10,fold_04,state_0,det_seed_2,pert_seed_2,fold_04/state_0,True,79,10,False,400,75,56b7f5e46e203065
COMMAND_OPEN_ORACLE_T10,fold_04,state_0,det_seed_3,pert_seed_0,fold_04/state_0,True,78,10,False,400,75,46821c004a1f250c
COMMAND_OPEN_ORACLE_T10,fold_04,state_0,det_seed_3,pert_seed_1,fold_04/state_0,True,78,10,False,400,75,46821c004a1f250c
COMMAND_OPEN_ORACLE_T10,fold_04,state_0,det_seed_3,pert_seed_2,fold_04/state_0,True,78,10,False,400,75,46821c004a1f250c
COMMAND_OPEN_ORACLE_T10,fold_04,state_1,det_seed_1,pert_seed_0,fold_04/state_1,True,87,10,False,400,84,2611c2e0fab82ad4
COMMAND_OPEN_ORACLE_T10,fold_04,state_1,det_seed_1,pert_seed_1,fold_04/state_1,True,87,10,False,400,84,2611c2e0fab82ad4
COMMAND_OPEN_ORACLE_T10,fold_04,state_1,det_seed_1,pert_seed_2,fold_04/state_1,True,87,10,False,400,84,2611c2e0fab82ad4
COMMAND_OPEN_ORACLE_T10,fold_04,state_1,det_seed_2,pert_seed_0,fold_04/state_1,True,87,10,False,400,84,b55cdebfce07806e
COMMAND_OPEN_ORACLE_T10,fold_04,state_1,det_seed_2,pert_seed_1,fold_04/state_1,True,87,10,False,400,84,b55cdebfce07806e
COMMAND_OPEN_ORACLE_T10,fold_04,state_1,det_seed_2,pert_seed_2,fold_04/state_1,True,87,10,False,400,84,b55cdebfce07806e
COMMAND_OPEN_ORACLE_T10,fold_04,state_1,det_seed_3,pert_seed_0,fold_04/state_1,True,87,10,False,400,84,90da666620d90d47
COMMAND_OPEN_ORACLE_T10,fold_04,state_1,det_seed_3,pert_seed_1,fold_04/state_1,True,87,10,False,400,84,90da666620d90d47
COMMAND_OPEN_ORACLE_T10,fold_04,state_1,det_seed_3,pert_seed_2,fold_04/state_1,True,87,10,False,400,84,90da666620d90d47
COMMAND_OPEN_ORACLE_T10,fold_05,state_4,det_seed_1,pert_seed_0,fold_05/state_4,True,109,10,False,400,106,a1d0459f06cc6418
COMMAND_OPEN_ORACLE_T10,fold_05,state_4,det_seed_1,pert_seed_1,fold_05/state_4,True,109,10,False,400,106,a1d0459f06cc6418
COMMAND_OPEN_ORACLE_T10,fold_05,state_4,det_seed_1,pert_seed_2,fold_05/state_4,True,109,10,False,400,106,a1d0459f06cc6418
COMMAND_OPEN_ORACLE_T10,fold_06,state_0,det_seed_1,pert_seed_0,fold_06/state_0,True,92,10,False,400,93,3804e036bc664d43
COMMAND_OPEN_ORACLE_T10,fold_06,state_0,det_seed_1,pert_seed_1,fold_06/state_0,True,92,10,False,400,93,3804e036bc664d43
COMMAND_OPEN_ORACLE_T10,fold_06,state_0,det_seed_1,pert_seed_2,fold_06/state_0,True,92,10,False,400,93,3804e036bc664d43
COMMAND_OPEN_ORACLE_T10,fold_06,state_0,det_seed_2,pert_seed_0,fold_06/state_0,True,95,10,False,400,93,966efcc555d15f6c
COMMAND_OPEN_ORACLE_T10,fold_06,state_0,det_seed_2,pert_seed_1,fold_06/state_0,True,95,10,False,400,93,966efcc555d15f6c
COMMAND_OPEN_ORACLE_T10,fold_06,state_0,det_seed_2,pert_seed_2,fold_06/state_0,True,95,10,False,400,93,966efcc555d15f6c
COMMAND_OPEN_ORACLE_T10,fold_06,state_0,det_seed_3,pert_seed_0,fold_06/state_0,True,92,10,False,400,93,8fc0bb80d1b1d349
COMMAND_OPEN_ORACLE_T10,fold_06,state_0,det_seed_3,pert_seed_1,fold_06/state_0,True,92,10,False,400,93,8fc0bb80d1b1d349
COMMAND_OPEN_ORACLE_T10,fold_06,state_0,det_seed_3,pert_seed_2,fold_06/state_0,True,92,10,False,400,93,8fc0bb80d1b1d349
COMMAND_OPEN_ORACLE_T10,fold_06,state_1,det_seed_1,pert_seed_0,fold_06/state_1,True,87,10,False,400,86,caf04ba08a860912
COMMAND_OPEN_ORACLE_T10,fold_06,state_1,det_seed_1,pert_seed_1,fold_06/state_1,True,87,10,False,400,86,caf04ba08a860912
COMMAND_OPEN_ORACLE_T10,fold_06,state_1,det_seed_1,pert_seed_2,fold_06/state_1,True,87,10,False,400,86,caf04ba08a860912
COMMAND_OPEN_ORACLE_T10,fold_06,state_1,det_seed_2,pert_seed_0,fold_06/state_1,True,87,10,False,400,86,c1b6b7e04f21b990
COMMAND_OPEN_ORACLE_T10,fold_06,state_1,det_seed_2,pert_seed_1,fold_06/state_1,True,87,10,False,400,86,c1b6b7e04f21b990
COMMAND_OPEN_ORACLE_T10,fold_06,state_1,det_seed_2,pert_seed_2,fold_06/state_1,True,87,10,False,400,86,c1b6b7e04f21b990
COMMAND_OPEN_ORACLE_T10,fold_06,state_1,det_seed_3,pert_seed_0,fold_06/state_1,True,85,10,False,400,86,57268306a75f9ec0
COMMAND_OPEN_ORACLE_T10,fold_06,state_1,det_seed_3,pert_seed_1,fold_06/state_1,True,85,10,False,400,86,57268306a75f9ec0
COMMAND_OPEN_ORACLE_T10,fold_06,state_1,det_seed_3,pert_seed_2,fold_06/state_1,True,85,10,False,400,86,57268306a75f9ec0
COMMAND_OPEN_ORACLE_T10,fold_07,state_0,det_seed_1,pert_seed_0,fold_07/state_0,True,122,10,False,400,119,d4f44e6264f94369
COMMAND_OPEN_ORACLE_T10,fold_07,state_0,det_seed_1,pert_seed_1,fold_07/state_0,True,122,10,False,400,119,d4f44e6264f94369
COMMAND_OPEN_ORACLE_T10,fold_07,state_0,det_seed_1,pert_seed_2,fold_07/state_0,True,122,10,False,400,119,d4f44e6264f94369
COMMAND_OPEN_ORACLE_T10,fold_07,state_0,det_seed_2,pert_seed_0,fold_07/state_0,True,123,10,False,400,119,271a66e5acd658c0
COMMAND_OPEN_ORACLE_T10,fold_07,state_0,det_seed_2,pert_seed_1,fold_07/state_0,True,123,10,False,400,119,271a66e5acd658c0
COMMAND_OPEN_ORACLE_T10,fold_07,state_0,det_seed_2,pert_seed_2,fold_07/state_0,True,123,10,False,400,119,271a66e5acd658c0
COMMAND_OPEN_ORACLE_T10,fold_07,state_0,det_seed_3,pert_seed_0,fold_07/state_0,True,124,10,False,400,119,b351123c99ca249c
COMMAND_OPEN_ORACLE_T10,fold_07,state_0,det_seed_3,pert_seed_1,fold_07/state_0,True,124,10,False,400,119,b351123c99ca249c
COMMAND_OPEN_ORACLE_T10,fold_07,state_0,det_seed_3,pert_seed_2,fold_07/state_0,True,124,10,False,400,119,b351123c99ca249c
COMMAND_OPEN_ORACLE_T10,fold_07,state_1,det_seed_1,pert_seed_0,fold_07/state_1,True,174,10,False,400,174,d1716ec44ba9d534
COMMAND_OPEN_ORACLE_T10,fold_07,state_1,det_seed_1,pert_seed_1,fold_07/state_1,True,174,10,False,400,174,d1716ec44ba9d534
COMMAND_OPEN_ORACLE_T10,fold_07,state_1,det_seed_1,pert_seed_2,fold_07/state_1,True,174,10,False,400,174,d1716ec44ba9d534
COMMAND_OPEN_ORACLE_T10,fold_08,state_0,det_seed_1,pert_seed_0,fold_08/state_0,True,86,10,False,400,79,d382692971da21d9
COMMAND_OPEN_ORACLE_T10,fold_08,state_0,det_seed_1,pert_seed_1,fold_08/state_0,True,86,10,False,400,79,d382692971da21d9
COMMAND_OPEN_ORACLE_T10,fold_08,state_0,det_seed_1,pert_seed_2,fold_08/state_0,True,86,10,False,400,79,d382692971da21d9
COMMAND_OPEN_ORACLE_T10,fold_08,state_0,det_seed_2,pert_seed_0,fold_08/state_0,True,85,10,False,400,79,7fe3d0720f3e1d1e
COMMAND_OPEN_ORACLE_T10,fold_08,state_0,det_seed_2,pert_seed_1,fold_08/state_0,True,85,10,False,400,79,7fe3d0720f3e1d1e
COMMAND_OPEN_ORACLE_T10,fold_08,state_0,det_seed_2,pert_seed_2,fold_08/state_0,True,85,10,False,400,79,7fe3d0720f3e1d1e
COMMAND_OPEN_ORACLE_T10,fold_08,state_0,det_seed_3,pert_seed_0,fold_08/state_0,True,86,10,False,400,79,d3e58c035dae2b56
COMMAND_OPEN_ORACLE_T10,fold_08,state_0,det_seed_3,pert_seed_1,fold_08/state_0,True,86,10,False,400,79,d3e58c035dae2b56
COMMAND_OPEN_ORACLE_T10,fold_08,state_0,det_seed_3,pert_seed_2,fold_08/state_0,True,86,10,False,400,79,d3e58c035dae2b56
COMMAND_OPEN_ORACLE_T10,fold_08,state_2,det_seed_1,pert_seed_0,fold_08/state_2,True,91,10,False,400,84,5b239def47d517b3
COMMAND_OPEN_ORACLE_T10,fold_08,state_2,det_seed_1,pert_seed_1,fold_08/state_2,True,91,10,False,400,84,5b239def47d517b3
COMMAND_OPEN_ORACLE_T10,fold_08,state_2,det_seed_1,pert_seed_2,fold_08/state_2,True,91,10,False,400,84,5b239def47d517b3
COMMAND_OPEN_ORACLE_T10,fold_08,state_2,det_seed_2,pert_seed_0,fold_08/state_2,True,92,10,False,400,84,ee8b8d8f2daee145
COMMAND_OPEN_ORACLE_T10,fold_08,state_2,det_seed_2,pert_seed_1,fold_08/state_2,True,92,10,False,400,84,ee8b8d8f2daee145
COMMAND_OPEN_ORACLE_T10,fold_08,state_2,det_seed_2,pert_seed_2,fold_08/state_2,True,92,10,False,400,84,ee8b8d8f2daee145
COMMAND_OPEN_ORACLE_T10,fold_08,state_2,det_seed_3,pert_seed_0,fold_08/state_2,True,94,10,False,400,84,cf4269ed1d40e5a3
COMMAND_OPEN_ORACLE_T10,fold_08,state_2,det_seed_3,pert_seed_1,fold_08/state_2,True,94,10,False,400,84,cf4269ed1d40e5a3
COMMAND_OPEN_ORACLE_T10,fold_08,state_2,det_seed_3,pert_seed_2,fold_08/state_2,True,94,10,False,400,84,cf4269ed1d40e5a3
COMMAND_OPEN_ORACLE_T10,fold_09,state_0,det_seed_1,pert_seed_0,fold_09/state_0,True,87,10,False,400,85,106b3722aa8457ed
COMMAND_OPEN_ORACLE_T10,fold_09,state_0,det_seed_1,pert_seed_1,fold_09/state_0,True,87,10,False,400,85,106b3722aa8457ed
COMMAND_OPEN_ORACLE_T10,fold_09,state_0,det_seed_1,pert_seed_2,fold_09/state_0,True,87,10,False,400,85,106b3722aa8457ed
COMMAND_OPEN_ORACLE_T10,fold_09,state_0,det_seed_2,pert_seed_0,fold_09/state_0,True,87,10,False,400,85,b463c3c99fd1c87f
COMMAND_OPEN_ORACLE_T10,fold_09,state_0,det_seed_2,pert_seed_1,fold_09/state_0,True,87,10,False,400,85,b463c3c99fd1c87f
COMMAND_OPEN_ORACLE_T10,fold_09,state_0,det_seed_2,pert_seed_2,fold_09/state_0,True,87,10,False,400,85,b463c3c99fd1c87f
COMMAND_OPEN_ORACLE_T10,fold_09,state_0,det_seed_3,pert_seed_0,fold_09/state_0,True,88,10,False,400,85,2d6180634cb32b22
COMMAND_OPEN_ORACLE_T10,fold_09,state_0,det_seed_3,pert_seed_1,fold_09/state_0,True,88,10,False,400,85,2d6180634cb32b22
COMMAND_OPEN_ORACLE_T10,fold_09,state_0,det_seed_3,pert_seed_2,fold_09/state_0,True,88,10,False,400,85,2d6180634cb32b22
COMMAND_OPEN_ORACLE_T10,fold_09,state_1,det_seed_1,pert_seed_0,fold_09/state_1,True,76,10,False,400,72,ee44c84c8b239ee9
COMMAND_OPEN_ORACLE_T10,fold_09,state_1,det_seed_1,pert_seed_1,fold_09/state_1,True,76,10,False,400,72,ee44c84c8b239ee9
COMMAND_OPEN_ORACLE_T10,fold_09,state_1,det_seed_1,pert_seed_2,fold_09/state_1,True,76,10,False,400,72,ee44c84c8b239ee9
COMMAND_OPEN_ORACLE_T10,fold_09,state_1,det_seed_2,pert_seed_0,fold_09/state_1,True,75,10,False,400,72,bc292e104d3dcc93
COMMAND_OPEN_ORACLE_T10,fold_09,state_1,det_seed_2,pert_seed_1,fold_09/state_1,True,75,10,False,400,72,bc292e104d3dcc93
COMMAND_OPEN_ORACLE_T10,fold_09,state_1,det_seed_2,pert_seed_2,fold_09/state_1,True,75,10,False,400,72,bc292e104d3dcc93
COMMAND_OPEN_ORACLE_T10,fold_09,state_1,det_seed_3,pert_seed_0,fold_09/state_1,True,76,10,False,400,72,b44506353daf8123
COMMAND_OPEN_ORACLE_T10,fold_09,state_1,det_seed_3,pert_seed_1,fold_09/state_1,True,76,10,False,400,72,b44506353daf8123
COMMAND_OPEN_ORACLE_T10,fold_09,state_1,det_seed_3,pert_seed_2,fold_09/state_1,True,76,10,False,400,72,b44506353daf8123
EARLY_SHIFT_T10,fold_01,state_0,det_seed_1,pert_seed_0,fold_01/state_0,True,108,10,True,167,97,84c4b5a4529cf742
EARLY_SHIFT_T10,fold_01,state_0,det_seed_1,pert_seed_1,fold_01/state_0,False,-1,10,False,400,97,38126a7956dbf6e8
EARLY_SHIFT_T10,fold_01,state_0,det_seed_1,pert_seed_2,fold_01/state_0,False,-1,10,False,400,97,38126a7956dbf6e8
EARLY_SHIFT_T10,fold_01,state_0,det_seed_2,pert_seed_0,fold_01/state_0,False,-1,10,False,400,97,062ba9e201431dff
EARLY_SHIFT_T10,fold_01,state_0,det_seed_2,pert_seed_1,fold_01/state_0,False,-1,10,False,400,97,062ba9e201431dff
EARLY_SHIFT_T10,fold_01,state_0,det_seed_2,pert_seed_2,fold_01/state_0,False,-1,10,False,400,97,062ba9e201431dff
EARLY_SHIFT_T10,fold_01,state_0,det_seed_3,pert_seed_0,fold_01/state_0,True,137,10,True,190,97,b13617ed3d138ae2
EARLY_SHIFT_T10,fold_01,state_0,det_seed_3,pert_seed_1,fold_01/state_0,True,205,10,False,400,97,56e169fb274e2333
EARLY_SHIFT_T10,fold_01,state_0,det_seed_3,pert_seed_2,fold_01/state_0,True,144,10,True,206,97,2fdad5d5e5a11cd9
EARLY_SHIFT_T10,fold_01,state_2,det_seed_1,pert_seed_0,fold_01/state_2,True,89,10,True,134,75,236c47da55f3527c
EARLY_SHIFT_T10,fold_01,state_2,det_seed_1,pert_seed_1,fold_01/state_2,True,88,10,True,134,75,df356b6771c0e7f2
EARLY_SHIFT_T10,fold_01,state_2,det_seed_1,pert_seed_2,fold_01/state_2,True,89,10,True,133,75,92fa25e945810d20
EARLY_SHIFT_T10,fold_01,state_2,det_seed_2,pert_seed_0,fold_01/state_2,True,88,10,True,131,75,09ce5ca1f496f8f8
EARLY_SHIFT_T10,fold_01,state_2,det_seed_2,pert_seed_1,fold_01/state_2,True,90,10,True,134,75,081660941f35eee0
EARLY_SHIFT_T10,fold_01,state_2,det_seed_2,pert_seed_2,fold_01/state_2,True,90,10,True,135,75,200f0f2179a4b450
EARLY_SHIFT_T10,fold_01,state_2,det_seed_3,pert_seed_0,fold_01/state_2,True,94,10,True,136,75,9f412321cfef8199
EARLY_SHIFT_T10,fold_01,state_2,det_seed_3,pert_seed_1,fold_01/state_2,True,95,10,True,139,75,fd913d01275826e8
EARLY_SHIFT_T10,fold_01,state_2,det_seed_3,pert_seed_2,fold_01/state_2,True,110,10,True,155,75,fec9942b48ed5eab
EARLY_SHIFT_T10,fold_02,state_0,det_seed_1,pert_seed_0,fold_02/state_0,True,123,10,True,206,109,adeb58490991a825
EARLY_SHIFT_T10,fold_02,state_0,det_seed_1,pert_seed_1,fold_02/state_0,True,120,10,True,196,109,78739b991f94f793
EARLY_SHIFT_T10,fold_02,state_0,det_seed_1,pert_seed_2,fold_02/state_0,False,-1,10,False,400,109,fd8f9ceb6c32417a
EARLY_SHIFT_T10,fold_02,state_0,det_seed_2,pert_seed_0,fold_02/state_0,True,120,10,True,204,109,518a02a34a953aeb
EARLY_SHIFT_T10,fold_02,state_0,det_seed_2,pert_seed_1,fold_02/state_0,True,246,10,True,331,109,bf0df00fd1dff47b
EARLY_SHIFT_T10,fold_02,state_0,det_seed_2,pert_seed_2,fold_02/state_0,True,124,10,True,186,109,4c14477877456c27
EARLY_SHIFT_T10,fold_02,state_0,det_seed_3,pert_seed_0,fold_02/state_0,True,120,10,True,180,109,2a1ce394d904ec13
EARLY_SHIFT_T10,fold_02,state_0,det_seed_3,pert_seed_1,fold_02/state_0,True,123,10,True,192,109,7e1fb447edc59d1e
EARLY_SHIFT_T10,fold_02,state_0,det_seed_3,pert_seed_2,fold_02/state_0,True,119,10,True,209,109,128705ea388265b7
EARLY_SHIFT_T10,fold_02,state_1,det_seed_1,pert_seed_0,fold_02/state_1,False,-1,10,False,400,91,c6350cc4ae34d61f
EARLY_SHIFT_T10,fold_02,state_1,det_seed_1,pert_seed_1,fold_02/state_1,True,112,10,True,184,91,84da560deea4452e
EARLY_SHIFT_T10,fold_02,state_1,det_seed_1,pert_seed_2,fold_02/state_1,True,109,10,True,170,91,ca6640e3a8e1a503
EARLY_SHIFT_T10,fold_02,state_1,det_seed_2,pert_seed_0,fold_02/state_1,False,-1,10,False,400,91,9948bf167500cc9c
EARLY_SHIFT_T10,fold_02,state_1,det_seed_2,pert_seed_1,fold_02/state_1,True,112,10,True,177,91,1f85e5a1143f1043
EARLY_SHIFT_T10,fold_02,state_1,det_seed_2,pert_seed_2,fold_02/state_1,True,113,10,True,181,91,b665834f986b3b6c
EARLY_SHIFT_T10,fold_02,state_1,det_seed_3,pert_seed_0,fold_02/state_1,True,116,10,True,183,91,3e0062bca5d8ba70
EARLY_SHIFT_T10,fold_02,state_1,det_seed_3,pert_seed_1,fold_02/state_1,False,-1,10,False,400,91,871835bbcb2cd2c2
EARLY_SHIFT_T10,fold_02,state_1,det_seed_3,pert_seed_2,fold_02/state_1,True,118,10,True,179,91,88841d36fc162dc3
EARLY_SHIFT_T10,fold_03,state_1,det_seed_1,pert_seed_0,fold_03/state_1,True,136,10,True,174,83,e34f1c687866647b
EARLY_SHIFT_T10,fold_03,state_1,det_seed_1,pert_seed_1,fold_03/state_1,True,148,10,True,181,83,2767eb805e4c8d20
EARLY_SHIFT_T10,fold_03,state_1,det_seed_1,pert_seed_2,fold_03/state_1,True,122,10,True,159,83,7a581dcf4fe0615c
EARLY_SHIFT_T10,fold_03,state_1,det_seed_2,pert_seed_0,fold_03/state_1,True,224,10,True,261,83,399bdec8332b09d3
EARLY_SHIFT_T10,fold_03,state_1,det_seed_2,pert_seed_1,fold_03/state_1,True,86,10,True,122,83,9959a7a11002977a
EARLY_SHIFT_T10,fold_03,state_1,det_seed_2,pert_seed_2,fold_03/state_1,True,152,10,True,194,83,0f4a4269930d42b6
EARLY_SHIFT_T10,fold_03,state_1,det_seed_3,pert_seed_0,fold_03/state_1,True,88,10,True,152,83,e312eaba84980ca3
EARLY_SHIFT_T10,fold_03,state_1,det_seed_3,pert_seed_1,fold_03/state_1,True,287,10,True,322,83,c87a3f5eaf3ded55
EARLY_SHIFT_T10,fold_03,state_1,det_seed_3,pert_seed_2,fold_03/state_1,True,124,10,True,155,83,f2efd007c4666548
EARLY_SHIFT_T10,fold_03,state_3,det_seed_1,pert_seed_0,fold_03/state_3,True,143,10,True,177,102,70138c7335f5e05c
EARLY_SHIFT_T10,fold_03,state_3,det_seed_1,pert_seed_1,fold_03/state_3,True,137,10,True,273,102,899cafd009b0395c
EARLY_SHIFT_T10,fold_03,state_3,det_seed_1,pert_seed_2,fold_03/state_3,True,138,10,True,186,102,93cdad9bb9dfa15a
EARLY_SHIFT_T10,fold_03,state_3,det_seed_2,pert_seed_0,fold_03/state_3,True,136,10,True,169,102,db3a5759c4efb7b6
EARLY_SHIFT_T10,fold_03,state_3,det_seed_2,pert_seed_1,fold_03/state_3,True,132,10,True,167,102,ad34eb237596e9b9
EARLY_SHIFT_T10,fold_03,state_3,det_seed_2,pert_seed_2,fold_03/state_3,True,134,10,True,181,102,2cd8346bba7334d6
EARLY_SHIFT_T10,fold_03,state_3,det_seed_3,pert_seed_0,fold_03/state_3,True,138,10,True,172,102,b77f2f462fe8ac3f
EARLY_SHIFT_T10,fold_03,state_3,det_seed_3,pert_seed_1,fold_03/state_3,True,139,10,True,176,102,9d79ea39c3ef073d
EARLY_SHIFT_T10,fold_03,state_3,det_seed_3,pert_seed_2,fold_03/state_3,True,144,10,True,179,102,14e3ac215c980501
EARLY_SHIFT_T10,fold_04,state_0,det_seed_1,pert_seed_0,fold_04/state_0,False,-1,10,False,400,75,6229fee7bb48df62
EARLY_SHIFT_T10,fold_04,state_0,det_seed_1,pert_seed_1,fold_04/state_0,False,-1,10,False,400,75,6229fee7bb48df62
EARLY_SHIFT_T10,fold_04,state_0,det_seed_1,pert_seed_2,fold_04/state_0,False,-1,10,False,400,75,6229fee7bb48df62
EARLY_SHIFT_T10,fold_04,state_0,det_seed_2,pert_seed_0,fold_04/state_0,True,103,10,True,146,75,25658fdab6a9518b
EARLY_SHIFT_T10,fold_04,state_0,det_seed_2,pert_seed_1,fold_04/state_0,False,-1,10,False,400,75,a2186c48ad8975ec
EARLY_SHIFT_T10,fold_04,state_0,det_seed_2,pert_seed_2,fold_04/state_0,False,-1,10,False,400,75,a2186c48ad8975ec
EARLY_SHIFT_T10,fold_04,state_0,det_seed_3,pert_seed_0,fold_04/state_0,True,99,10,True,143,75,d5267190bad37f3c
EARLY_SHIFT_T10,fold_04,state_0,det_seed_3,pert_seed_1,fold_04/state_0,True,98,10,True,141,75,7918da2546b9ee72
EARLY_SHIFT_T10,fold_04,state_0,det_seed_3,pert_seed_2,fold_04/state_0,False,-1,10,False,400,75,a785de49cd8b2d65
EARLY_SHIFT_T10,fold_04,state_1,det_seed_1,pert_seed_0,fold_04/state_1,False,-1,10,False,400,84,6ecc04f2e5c8fdaa
EARLY_SHIFT_T10,fold_04,state_1,det_seed_1,pert_seed_1,fold_04/state_1,True,103,10,True,144,84,f788df55efb43c27
EARLY_SHIFT_T10,fold_04,state_1,det_seed_1,pert_seed_2,fold_04/state_1,True,108,10,True,156,84,8c017424a4378ef2
EARLY_SHIFT_T10,fold_04,state_1,det_seed_2,pert_seed_0,fold_04/state_1,False,-1,10,False,400,84,f134c297256efff1
EARLY_SHIFT_T10,fold_04,state_1,det_seed_2,pert_seed_1,fold_04/state_1,False,-1,10,False,400,84,f134c297256efff1
EARLY_SHIFT_T10,fold_04,state_1,det_seed_2,pert_seed_2,fold_04/state_1,True,111,10,True,153,84,b266466094d49436
EARLY_SHIFT_T10,fold_04,state_1,det_seed_3,pert_seed_0,fold_04/state_1,True,106,10,True,148,84,5cff7895915dfaad
EARLY_SHIFT_T10,fold_04,state_1,det_seed_3,pert_seed_1,fold_04/state_1,True,107,10,True,151,84,b3e940b04e56221e
EARLY_SHIFT_T10,fold_04,state_1,det_seed_3,pert_seed_2,fold_04/state_1,False,-1,10,False,400,84,3702baf789ce1693
EARLY_SHIFT_T10,fold_05,state_4,det_seed_1,pert_seed_0,fold_05/state_4,True,152,10,True,193,106,6d9f465b9b1977f2
EARLY_SHIFT_T10,fold_05,state_4,det_seed_1,pert_seed_1,fold_05/state_4,True,132,10,True,168,106,5882c5bdf24035f2
EARLY_SHIFT_T10,fold_05,state_4,det_seed_1,pert_seed_2,fold_05/state_4,True,140,10,True,181,106,63ada70bf50b31e2
EARLY_SHIFT_T10,fold_06,state_0,det_seed_1,pert_seed_0,fold_06/state_0,True,106,10,True,171,93,12992e7bcb356a22
EARLY_SHIFT_T10,fold_06,state_0,det_seed_1,pert_seed_1,fold_06/state_0,True,116,10,True,399,93,ce4ba3186d55746b
EARLY_SHIFT_T10,fold_06,state_0,det_seed_1,pert_seed_2,fold_06/state_0,True,105,10,True,167,93,e5d04010dc02e635
EARLY_SHIFT_T10,fold_06,state_0,det_seed_2,pert_seed_0,fold_06/state_0,True,108,10,True,176,93,2c56ee74b79a97c0
EARLY_SHIFT_T10,fold_06,state_0,det_seed_2,pert_seed_1,fold_06/state_0,True,109,10,True,176,93,fde8e6d9a58fde75
EARLY_SHIFT_T10,fold_06,state_0,det_seed_2,pert_seed_2,fold_06/state_0,True,115,10,True,185,93,41b220f4240c44fb
EARLY_SHIFT_T10,fold_06,state_0,det_seed_3,pert_seed_0,fold_06/state_0,True,106,10,False,400,93,4b03185e384a8684
EARLY_SHIFT_T10,fold_06,state_0,det_seed_3,pert_seed_1,fold_06/state_0,True,109,10,True,174,93,899c08ca540dd88b
EARLY_SHIFT_T10,fold_06,state_0,det_seed_3,pert_seed_2,fold_06/state_0,True,106,10,True,172,93,f1fbdd060f0478e7
EARLY_SHIFT_T10,fold_06,state_1,det_seed_1,pert_seed_0,fold_06/state_1,True,97,10,True,154,86,332d73813ffada7b
EARLY_SHIFT_T10,fold_06,state_1,det_seed_1,pert_seed_1,fold_06/state_1,True,230,10,False,400,86,3ddb4330d50b46f4
EARLY_SHIFT_T10,fold_06,state_1,det_seed_1,pert_seed_2,fold_06/state_1,True,104,10,True,162,86,992521a05329a876
EARLY_SHIFT_T10,fold_06,state_1,det_seed_2,pert_seed_0,fold_06/state_1,True,108,10,True,165,86,372aca2e6b47da71
EARLY_SHIFT_T10,fold_06,state_1,det_seed_2,pert_seed_1,fold_06/state_1,True,105,10,True,161,86,4bd8f4060e0645ef
EARLY_SHIFT_T10,fold_06,state_1,det_seed_2,pert_seed_2,fold_06/state_1,True,110,10,True,186,86,704cd0b60485656e
EARLY_SHIFT_T10,fold_06,state_1,det_seed_3,pert_seed_0,fold_06/state_1,True,97,10,True,155,86,31c7313359fd2b4d
EARLY_SHIFT_T10,fold_06,state_1,det_seed_3,pert_seed_1,fold_06/state_1,True,99,10,True,157,86,7778aedcb76347e8
EARLY_SHIFT_T10,fold_06,state_1,det_seed_3,pert_seed_2,fold_06/state_1,True,97,10,True,154,86,fae40e9d82dbac10
EARLY_SHIFT_T10,fold_07,state_0,det_seed_1,pert_seed_0,fold_07/state_0,False,-1,10,True,211,119,3c3ccc74f9ea924e
EARLY_SHIFT_T10,fold_07,state_0,det_seed_1,pert_seed_1,fold_07/state_0,True,121,10,True,177,119,0cdd990480cf448c
EARLY_SHIFT_T10,fold_07,state_0,det_seed_1,pert_seed_2,fold_07/state_0,False,-1,10,False,400,119,a2c12b16bd76de65
EARLY_SHIFT_T10,fold_07,state_0,det_seed_2,pert_seed_0,fold_07/state_0,False,-1,10,False,400,119,9f0859d50ca35884
EARLY_SHIFT_T10,fold_07,state_0,det_seed_2,pert_seed_1,fold_07/state_0,False,-1,10,False,400,119,9f0859d50ca35884
EARLY_SHIFT_T10,fold_07,state_0,det_seed_2,pert_seed_2,fold_07/state_0,False,-1,10,False,400,119,9f0859d50ca35884
EARLY_SHIFT_T10,fold_07,state_0,det_seed_3,pert_seed_0,fold_07/state_0,False,-1,10,False,400,119,de4cddb580db6af9
EARLY_SHIFT_T10,fold_07,state_0,det_seed_3,pert_seed_1,fold_07/state_0,False,-1,10,True,179,119,b209423dfe3e5c04
EARLY_SHIFT_T10,fold_07,state_0,det_seed_3,pert_seed_2,fold_07/state_0,False,-1,10,False,400,119,3cd9d7ddf570f810
EARLY_SHIFT_T10,fold_07,state_1,det_seed_1,pert_seed_0,fold_07/state_1,True,175,10,True,224,174,2187b8fe70ba3570
EARLY_SHIFT_T10,fold_07,state_1,det_seed_1,pert_seed_1,fold_07/state_1,False,-1,10,True,240,174,54a679eaa1f18e7b
EARLY_SHIFT_T10,fold_07,state_1,det_seed_1,pert_seed_2,fold_07/state_1,False,-1,10,False,400,174,62ed790e28513949
EARLY_SHIFT_T10,fold_08,state_0,det_seed_1,pert_seed_0,fold_08/state_0,False,-1,10,False,400,79,276b055010df004c
EARLY_SHIFT_T10,fold_08,state_0,det_seed_1,pert_seed_1,fold_08/state_0,True,168,10,False,400,79,7b934518128bf761
EARLY_SHIFT_T10,fold_08,state_0,det_seed_1,pert_seed_2,fold_08/state_0,False,-1,10,False,400,79,5db0d0eb63ff7d11
EARLY_SHIFT_T10,fold_08,state_0,det_seed_2,pert_seed_0,fold_08/state_0,False,-1,10,False,400,79,2eebeb0d70f31d08
EARLY_SHIFT_T10,fold_08,state_0,det_seed_2,pert_seed_1,fold_08/state_0,False,-1,10,False,400,79,2eebeb0d70f31d08
EARLY_SHIFT_T10,fold_08,state_0,det_seed_2,pert_seed_2,fold_08/state_0,False,-1,10,False,400,79,2eebeb0d70f31d08
EARLY_SHIFT_T10,fold_08,state_0,det_seed_3,pert_seed_0,fold_08/state_0,True,119,10,True,175,79,a8681a23409ddce4
EARLY_SHIFT_T10,fold_08,state_0,det_seed_3,pert_seed_1,fold_08/state_0,False,-1,10,False,400,79,e53e3c19fee49716
EARLY_SHIFT_T10,fold_08,state_0,det_seed_3,pert_seed_2,fold_08/state_0,True,134,10,True,206,79,4f170665f481b5cc
EARLY_SHIFT_T10,fold_08,state_2,det_seed_1,pert_seed_0,fold_08/state_2,False,-1,10,False,400,84,55b06744bf62b047
EARLY_SHIFT_T10,fold_08,state_2,det_seed_1,pert_seed_1,fold_08/state_2,True,128,10,True,217,84,bc9bd7a6dc13c5b1
EARLY_SHIFT_T10,fold_08,state_2,det_seed_1,pert_seed_2,fold_08/state_2,False,-1,10,False,400,84,55b06744bf62b047
EARLY_SHIFT_T10,fold_08,state_2,det_seed_2,pert_seed_0,fold_08/state_2,True,124,10,True,201,84,e813e943443e23f8
EARLY_SHIFT_T10,fold_08,state_2,det_seed_2,pert_seed_1,fold_08/state_2,True,127,10,True,209,84,2ed5fa00fde48efb
EARLY_SHIFT_T10,fold_08,state_2,det_seed_2,pert_seed_2,fold_08/state_2,True,123,10,True,197,84,9017d50034dc520a
EARLY_SHIFT_T10,fold_08,state_2,det_seed_3,pert_seed_0,fold_08/state_2,True,182,10,True,252,84,fde625998de66596
EARLY_SHIFT_T10,fold_08,state_2,det_seed_3,pert_seed_1,fold_08/state_2,True,138,10,True,208,84,a8176d8dfdf98036
EARLY_SHIFT_T10,fold_08,state_2,det_seed_3,pert_seed_2,fold_08/state_2,True,138,10,True,214,84,ee54f40b4a813a5a
EARLY_SHIFT_T10,fold_09,state_0,det_seed_1,pert_seed_0,fold_09/state_0,True,99,10,True,155,85,64dc6395519018e0
EARLY_SHIFT_T10,fold_09,state_0,det_seed_1,pert_seed_1,fold_09/state_0,True,100,10,True,155,85,1d7738cb51fee4d3
EARLY_SHIFT_T10,fold_09,state_0,det_seed_1,pert_seed_2,fold_09/state_0,True,100,10,True,156,85,4f1ab788d4a90883
EARLY_SHIFT_T10,fold_09,state_0,det_seed_2,pert_seed_0,fold_09/state_0,True,101,10,True,161,85,6b64ac0af1ebc647
EARLY_SHIFT_T10,fold_09,state_0,det_seed_2,pert_seed_1,fold_09/state_0,True,115,10,True,166,85,ddc548e609498681
EARLY_SHIFT_T10,fold_09,state_0,det_seed_2,pert_seed_2,fold_09/state_0,False,-1,10,False,400,85,363a6048f8d0af92
EARLY_SHIFT_T10,fold_09,state_0,det_seed_3,pert_seed_0,fold_09/state_0,True,103,10,True,158,85,a50b675d1dc8932d
EARLY_SHIFT_T10,fold_09,state_0,det_seed_3,pert_seed_1,fold_09/state_0,True,104,10,True,155,85,c4c00b919b3936b2
EARLY_SHIFT_T10,fold_09,state_0,det_seed_3,pert_seed_2,fold_09/state_0,True,101,10,True,157,85,201749f4967b1e30
EARLY_SHIFT_T10,fold_09,state_1,det_seed_1,pert_seed_0,fold_09/state_1,False,-1,10,False,400,72,4ef170d6347fffdc
EARLY_SHIFT_T10,fold_09,state_1,det_seed_1,pert_seed_1,fold_09/state_1,True,91,10,True,144,72,73934a5dabe93a49
EARLY_SHIFT_T10,fold_09,state_1,det_seed_1,pert_seed_2,fold_09/state_1,True,90,10,True,142,72,dc608e67492e7a93
EARLY_SHIFT_T10,fold_09,state_1,det_seed_2,pert_seed_0,fold_09/state_1,False,-1,10,False,400,72,27285c8143bd61b9
EARLY_SHIFT_T10,fold_09,state_1,det_seed_2,pert_seed_1,fold_09/state_1,False,-1,10,False,400,72,27285c8143bd61b9
EARLY_SHIFT_T10,fold_09,state_1,det_seed_2,pert_seed_2,fold_09/state_1,True,90,10,True,143,72,0b0697587383c19f
EARLY_SHIFT_T10,fold_09,state_1,det_seed_3,pert_seed_0,fold_09/state_1,False,-1,10,False,400,72,64991a6bf7f716ff
EARLY_SHIFT_T10,fold_09,state_1,det_seed_3,pert_seed_1,fold_09/state_1,True,95,10,True,154,72,5d32076b8e738c4b
EARLY_SHIFT_T10,fold_09,state_1,det_seed_3,pert_seed_2,fold_09/state_1,True,100,10,True,152,72,cd95a247b64f60a5
RANDOM_TIME_V3,fold_01,state_0,det_seed_1,pert_seed_0,fold_01/state_0,True,98,10,False,400,97,3020772e1a3ee332
RANDOM_TIME_V3,fold_01,state_0,det_seed_1,pert_seed_1,fold_01/state_0,True,98,10,False,400,97,3020772e1a3ee332
RANDOM_TIME_V3,fold_01,state_0,det_seed_1,pert_seed_2,fold_01/state_0,True,120,10,True,166,97,73a6abcf0976f04e
RANDOM_TIME_V3,fold_01,state_0,det_seed_2,pert_seed_0,fold_01/state_0,True,99,10,True,151,97,0897727f349efb7b
RANDOM_TIME_V3,fold_01,state_0,det_seed_2,pert_seed_1,fold_01/state_0,False,-1,10,False,400,97,7db66dd30c69a8c1
RANDOM_TIME_V3,fold_01,state_0,det_seed_2,pert_seed_2,fold_01/state_0,True,99,9,True,148,97,e0995ccba78be6ae
RANDOM_TIME_V3,fold_01,state_0,det_seed_3,pert_seed_0,fold_01/state_0,True,103,10,True,154,97,a3e41ceb0eda7788
RANDOM_TIME_V3,fold_01,state_0,det_seed_3,pert_seed_1,fold_01/state_0,True,104,10,True,159,97,ed2c6005b7cf04ba
RANDOM_TIME_V3,fold_01,state_0,det_seed_3,pert_seed_2,fold_01/state_0,False,-1,10,False,400,97,30590f0d2c804963
RANDOM_TIME_V3,fold_01,state_2,det_seed_1,pert_seed_0,fold_01/state_2,True,81,10,True,136,75,784a2fb0ba8a7c7a
RANDOM_TIME_V3,fold_01,state_2,det_seed_1,pert_seed_1,fold_01/state_2,True,76,10,False,400,75,661f2b4b29dc63cb
RANDOM_TIME_V3,fold_01,state_2,det_seed_1,pert_seed_2,fold_01/state_2,True,76,10,True,110,75,617b2ada11f85835
RANDOM_TIME_V3,fold_01,state_2,det_seed_2,pert_seed_0,fold_01/state_2,True,76,9,True,107,75,6102ce89d0fa3831
RANDOM_TIME_V3,fold_01,state_2,det_seed_2,pert_seed_1,fold_01/state_2,True,76,10,True,131,75,4d58866890836a8b
RANDOM_TIME_V3,fold_01,state_2,det_seed_2,pert_seed_2,fold_01/state_2,True,79,10,True,142,75,f2986d905c2554d0
RANDOM_TIME_V3,fold_01,state_2,det_seed_3,pert_seed_0,fold_01/state_2,True,77,8,True,128,75,1098545787b9ba83
RANDOM_TIME_V3,fold_01,state_2,det_seed_3,pert_seed_1,fold_01/state_2,True,83,10,True,128,75,71b337d1c50e29c8
RANDOM_TIME_V3,fold_01,state_2,det_seed_3,pert_seed_2,fold_01/state_2,True,77,10,False,400,75,5a8f9d15c54815ed
RANDOM_TIME_V3,fold_02,state_0,det_seed_1,pert_seed_0,fold_02/state_0,True,126,10,True,182,109,07dc3c302e2de8d7
RANDOM_TIME_V3,fold_02,state_0,det_seed_1,pert_seed_1,fold_02/state_0,True,119,10,True,192,109,4705dacc28888979
RANDOM_TIME_V3,fold_02,state_0,det_seed_1,pert_seed_2,fold_02/state_0,True,112,10,True,201,109,328d586bc9a16536
RANDOM_TIME_V3,fold_02,state_0,det_seed_2,pert_seed_0,fold_02/state_0,True,90,10,True,157,109,9faff5549a785007
RANDOM_TIME_V3,fold_02,state_0,det_seed_2,pert_seed_1,fold_02/state_0,True,101,10,True,181,109,525e73d84144d105
RANDOM_TIME_V3,fold_02,state_0,det_seed_2,pert_seed_2,fold_02/state_0,True,111,10,True,154,109,c51a1d6ed1418a4f
RANDOM_TIME_V3,fold_02,state_0,det_seed_3,pert_seed_0,fold_02/state_0,True,110,10,True,158,109,2af362e48753f4e1
RANDOM_TIME_V3,fold_02,state_0,det_seed_3,pert_seed_1,fold_02/state_0,True,110,10,False,400,109,ddccfdee5c1d4397
RANDOM_TIME_V3,fold_02,state_0,det_seed_3,pert_seed_2,fold_02/state_0,False,-1,10,False,400,109,690e745becf80141
RANDOM_TIME_V3,fold_02,state_1,det_seed_1,pert_seed_0,fold_02/state_1,True,95,10,False,400,91,8425fbaa16ca7804
RANDOM_TIME_V3,fold_02,state_1,det_seed_1,pert_seed_1,fold_02/state_1,True,89,10,True,155,91,65763c664104b325
RANDOM_TIME_V3,fold_02,state_1,det_seed_1,pert_seed_2,fold_02/state_1,False,-1,10,False,400,91,c1e4c92997889fd5
RANDOM_TIME_V3,fold_02,state_1,det_seed_2,pert_seed_0,fold_02/state_1,True,159,10,True,221,91,2d571abe972b7c13
RANDOM_TIME_V3,fold_02,state_1,det_seed_2,pert_seed_1,fold_02/state_1,True,102,10,True,166,91,d4a2c91dc1acc267
RANDOM_TIME_V3,fold_02,state_1,det_seed_2,pert_seed_2,fold_02/state_1,True,88,10,True,190,91,3d7db95dcd378d5d
RANDOM_TIME_V3,fold_02,state_1,det_seed_3,pert_seed_0,fold_02/state_1,True,95,10,False,400,91,0257298e63dbdea8
RANDOM_TIME_V3,fold_02,state_1,det_seed_3,pert_seed_1,fold_02/state_1,True,114,10,True,178,91,96b98418468c6cf4
RANDOM_TIME_V3,fold_02,state_1,det_seed_3,pert_seed_2,fold_02/state_1,True,92,10,True,164,91,088e8bfb891b9581
RANDOM_TIME_V3,fold_03,state_1,det_seed_1,pert_seed_0,fold_03/state_1,True,88,10,False,400,83,9eabe9fc3ac8933c
RANDOM_TIME_V3,fold_03,state_1,det_seed_1,pert_seed_1,fold_03/state_1,True,96,10,True,140,83,accf767e36bd1047
RANDOM_TIME_V3,fold_03,state_1,det_seed_1,pert_seed_2,fold_03/state_1,False,-1,10,False,400,83,5e8f1f0fd1fa6d4c
RANDOM_TIME_V3,fold_03,state_1,det_seed_2,pert_seed_0,fold_03/state_1,True,86,8,True,116,83,e92a0837bbc95934
RANDOM_TIME_V3,fold_03,state_1,det_seed_2,pert_seed_1,fold_03/state_1,True,170,10,True,214,83,e5809fce0bb6685c
RANDOM_TIME_V3,fold_03,state_1,det_seed_2,pert_seed_2,fold_03/state_1,True,83,10,True,123,83,15fc84727d613a27
RANDOM_TIME_V3,fold_03,state_1,det_seed_3,pert_seed_0,fold_03/state_1,True,86,10,True,122,83,01236dcf2e637ec6
RANDOM_TIME_V3,fold_03,state_1,det_seed_3,pert_seed_1,fold_03/state_1,True,236,10,True,267,83,db0ce8544edb4ada
RANDOM_TIME_V3,fold_03,state_1,det_seed_3,pert_seed_2,fold_03/state_1,False,-1,10,False,400,83,d3fcea1aff746a8a
RANDOM_TIME_V3,fold_03,state_3,det_seed_1,pert_seed_0,fold_03/state_3,True,115,10,True,146,102,af050b2a638205a1
RANDOM_TIME_V3,fold_03,state_3,det_seed_1,pert_seed_1,fold_03/state_3,True,106,10,True,150,102,f03a79fe81738bde
RANDOM_TIME_V3,fold_03,state_3,det_seed_1,pert_seed_2,fold_03/state_3,True,106,10,True,142,102,c339fa366d035c61
RANDOM_TIME_V3,fold_03,state_3,det_seed_2,pert_seed_0,fold_03/state_3,False,-1,10,False,400,102,1d9e158d32bf2558
RANDOM_TIME_V3,fold_03,state_3,det_seed_2,pert_seed_1,fold_03/state_3,True,147,10,True,185,102,9a7b4a23034aee37
RANDOM_TIME_V3,fold_03,state_3,det_seed_2,pert_seed_2,fold_03/state_3,True,108,10,True,146,102,dc7a0cc95e2756ab
RANDOM_TIME_V3,fold_03,state_3,det_seed_3,pert_seed_0,fold_03/state_3,True,108,10,True,148,102,e192118cb9769dc6
RANDOM_TIME_V3,fold_03,state_3,det_seed_3,pert_seed_1,fold_03/state_3,True,110,10,True,152,102,92d6cb923f36837d
RANDOM_TIME_V3,fold_03,state_3,det_seed_3,pert_seed_2,fold_03/state_3,True,108,9,True,138,102,06ed3228b3f02f63
RANDOM_TIME_V3,fold_04,state_0,det_seed_1,pert_seed_0,fold_04/state_0,False,-1,10,False,400,75,6229fee7bb48df62
RANDOM_TIME_V3,fold_04,state_0,det_seed_1,pert_seed_1,fold_04/state_0,False,-1,10,False,400,75,6229fee7bb48df62
RANDOM_TIME_V3,fold_04,state_0,det_seed_1,pert_seed_2,fold_04/state_0,True,75,10,True,119,75,a128d25fdde0f0dc
RANDOM_TIME_V3,fold_04,state_0,det_seed_2,pert_seed_0,fold_04/state_0,False,-1,10,False,400,75,a2186c48ad8975ec
RANDOM_TIME_V3,fold_04,state_0,det_seed_2,pert_seed_1,fold_04/state_0,True,103,10,True,145,75,53909612e6fd23eb
RANDOM_TIME_V3,fold_04,state_0,det_seed_2,pert_seed_2,fold_04/state_0,True,81,10,True,122,75,af49a9458d890cf7
RANDOM_TIME_V3,fold_04,state_0,det_seed_3,pert_seed_0,fold_04/state_0,False,-1,10,False,400,75,a785de49cd8b2d65
RANDOM_TIME_V3,fold_04,state_0,det_seed_3,pert_seed_1,fold_04/state_0,True,78,10,True,120,75,34f0ce7bf4d808b3
RANDOM_TIME_V3,fold_04,state_0,det_seed_3,pert_seed_2,fold_04/state_0,False,-1,10,False,400,75,a785de49cd8b2d65
RANDOM_TIME_V3,fold_04,state_1,det_seed_1,pert_seed_0,fold_04/state_1,True,85,10,True,125,84,42fa0a5c4a4dc967
RANDOM_TIME_V3,fold_04,state_1,det_seed_1,pert_seed_1,fold_04/state_1,True,87,8,True,118,84,4bfe30bae7db3b81
RANDOM_TIME_V3,fold_04,state_1,det_seed_1,pert_seed_2,fold_04/state_1,True,87,10,True,116,84,3020009e4055ace0
RANDOM_TIME_V3,fold_04,state_1,det_seed_2,pert_seed_0,fold_04/state_1,True,87,10,True,133,84,814e387d679b1c8a
RANDOM_TIME_V3,fold_04,state_1,det_seed_2,pert_seed_1,fold_04/state_1,False,-1,10,False,400,84,7ce4483318b6f5e5
RANDOM_TIME_V3,fold_04,state_1,det_seed_2,pert_seed_2,fold_04/state_1,True,86,10,True,122,84,b452d4a8ddf1f9bc
RANDOM_TIME_V3,fold_04,state_1,det_seed_3,pert_seed_0,fold_04/state_1,True,87,10,False,400,84,721aa4602606d709
RANDOM_TIME_V3,fold_04,state_1,det_seed_3,pert_seed_1,fold_04/state_1,True,103,10,True,148,84,ac2d689731f30056
RANDOM_TIME_V3,fold_04,state_1,det_seed_3,pert_seed_2,fold_04/state_1,True,89,10,True,133,84,8ac4cc7936579a3e
RANDOM_TIME_V3,fold_05,state_0,det_seed_1,pert_seed_0,fold_05/state_0,False,-1,10,True,123,80,8053b469a84447da
RANDOM_TIME_V3,fold_05,state_0,det_seed_1,pert_seed_1,fold_05/state_0,False,-1,4,True,127,80,4448418136ac6644
RANDOM_TIME_V3,fold_05,state_0,det_seed_1,pert_seed_2,fold_05/state_0,False,-1,5,True,121,80,4d8bbaee478a2a5e
RANDOM_TIME_V3,fold_05,state_0,det_seed_2,pert_seed_0,fold_05/state_0,False,-1,3,True,127,80,3a07728a6c86fffb
RANDOM_TIME_V3,fold_05,state_0,det_seed_2,pert_seed_1,fold_05/state_0,False,-1,10,True,133,80,ec1e1c590a29851b
RANDOM_TIME_V3,fold_05,state_0,det_seed_2,pert_seed_2,fold_05/state_0,False,-1,10,True,117,80,6506cd8bd7b18450
RANDOM_TIME_V3,fold_05,state_0,det_seed_3,pert_seed_0,fold_05/state_0,False,-1,10,True,130,80,df43a662e3c15c25
RANDOM_TIME_V3,fold_05,state_0,det_seed_3,pert_seed_1,fold_05/state_0,False,-1,10,True,159,80,327500c8783e6ce0
RANDOM_TIME_V3,fold_05,state_0,det_seed_3,pert_seed_2,fold_05/state_0,False,-1,9,True,104,80,71e010ea3616cb60
RANDOM_TIME_V3,fold_05,state_4,det_seed_1,pert_seed_0,fold_05/state_4,True,108,10,True,149,106,5c9320990840bcb1
RANDOM_TIME_V3,fold_05,state_4,det_seed_1,pert_seed_1,fold_05/state_4,True,319,10,True,351,106,1a4d59e20d366609
RANDOM_TIME_V3,fold_05,state_4,det_seed_1,pert_seed_2,fold_05/state_4,True,120,10,True,163,106,ee119e50d7450993
RANDOM_TIME_V3,fold_05,state_4,det_seed_2,pert_seed_0,fold_05/state_4,False,-1,10,False,400,106,25f861552f1bc141
RANDOM_TIME_V3,fold_05,state_4,det_seed_2,pert_seed_1,fold_05/state_4,False,-1,10,False,400,106,25f861552f1bc141
RANDOM_TIME_V3,fold_05,state_4,det_seed_2,pert_seed_2,fold_05/state_4,False,-1,10,True,158,106,1f7f7353171959a4
RANDOM_TIME_V3,fold_05,state_4,det_seed_3,pert_seed_0,fold_05/state_4,False,-1,10,True,365,106,1d9197811f5f4b0c
RANDOM_TIME_V3,fold_05,state_4,det_seed_3,pert_seed_1,fold_05/state_4,False,-1,6,True,131,106,92367156c090b01d
RANDOM_TIME_V3,fold_05,state_4,det_seed_3,pert_seed_2,fold_05/state_4,False,-1,10,True,142,106,f8edefd2ac7b65c7
RANDOM_TIME_V3,fold_06,state_0,det_seed_1,pert_seed_0,fold_06/state_0,True,92,10,False,400,93,0c003a0ebb8fc896
RANDOM_TIME_V3,fold_06,state_0,det_seed_1,pert_seed_1,fold_06/state_0,True,92,10,False,400,93,0c003a0ebb8fc896
RANDOM_TIME_V3,fold_06,state_0,det_seed_1,pert_seed_2,fold_06/state_0,True,92,10,False,400,93,069e03429f4c126b
RANDOM_TIME_V3,fold_06,state_0,det_seed_2,pert_seed_0,fold_06/state_0,True,126,10,False,400,93,dc78cf3e83cec2ac
RANDOM_TIME_V3,fold_06,state_0,det_seed_2,pert_seed_1,fold_06/state_0,True,94,10,True,155,93,71096b92b20f3a22
RANDOM_TIME_V3,fold_06,state_0,det_seed_2,pert_seed_2,fold_06/state_0,True,89,10,True,151,93,ae1c720e7ecc412f
RANDOM_TIME_V3,fold_06,state_0,det_seed_3,pert_seed_0,fold_06/state_0,True,87,10,True,153,93,227981f52c8a4b30
RANDOM_TIME_V3,fold_06,state_0,det_seed_3,pert_seed_1,fold_06/state_0,True,90,10,True,157,93,fb3aa69e88f6bf92
RANDOM_TIME_V3,fold_06,state_0,det_seed_3,pert_seed_2,fold_06/state_0,True,82,10,True,135,93,63b9c944ff4ab09a
RANDOM_TIME_V3,fold_06,state_1,det_seed_1,pert_seed_0,fold_06/state_1,True,78,10,True,139,86,a54d129c795341c1
RANDOM_TIME_V3,fold_06,state_1,det_seed_1,pert_seed_1,fold_06/state_1,True,87,6,True,139,86,8b2ad46a47ed793e
RANDOM_TIME_V3,fold_06,state_1,det_seed_1,pert_seed_2,fold_06/state_1,True,87,10,False,400,86,3c7f62d25639865a
RANDOM_TIME_V3,fold_06,state_1,det_seed_2,pert_seed_0,fold_06/state_1,True,83,10,True,148,86,fb5ec1159c23b6f3
RANDOM_TIME_V3,fold_06,state_1,det_seed_2,pert_seed_1,fold_06/state_1,True,87,10,True,151,86,b945683cc850420f
RANDOM_TIME_V3,fold_06,state_1,det_seed_2,pert_seed_2,fold_06/state_1,True,95,10,True,157,86,a45dbacbcb0a33f9
RANDOM_TIME_V3,fold_06,state_1,det_seed_3,pert_seed_0,fold_06/state_1,True,78,10,True,145,86,0d3494ddc93538c4
RANDOM_TIME_V3,fold_06,state_1,det_seed_3,pert_seed_1,fold_06/state_1,True,85,9,True,130,86,2966e738873c5761
RANDOM_TIME_V3,fold_06,state_1,det_seed_3,pert_seed_2,fold_06/state_1,True,85,10,False,400,86,559fe6f271f9df27
RANDOM_TIME_V3,fold_07,state_0,det_seed_1,pert_seed_0,fold_07/state_0,True,122,10,True,160,119,c120e04d910c4ab6
RANDOM_TIME_V3,fold_07,state_0,det_seed_1,pert_seed_1,fold_07/state_0,True,122,10,True,158,119,46f3fd397eeb036a
RANDOM_TIME_V3,fold_07,state_0,det_seed_1,pert_seed_2,fold_07/state_0,True,122,5,True,180,119,aeb78b0dc3084e1f
RANDOM_TIME_V3,fold_07,state_0,det_seed_2,pert_seed_0,fold_07/state_0,False,-1,10,True,170,119,e75f1b69b9f9fca4
RANDOM_TIME_V3,fold_07,state_0,det_seed_2,pert_seed_1,fold_07/state_0,False,-1,10,True,200,119,33c6f9e9488a5f53
RANDOM_TIME_V3,fold_07,state_0,det_seed_2,pert_seed_2,fold_07/state_0,True,123,10,True,146,119,2ec44af53d283021
RANDOM_TIME_V3,fold_07,state_0,det_seed_3,pert_seed_0,fold_07/state_0,True,126,10,True,195,119,c0d74c38546ffc4d
RANDOM_TIME_V3,fold_07,state_0,det_seed_3,pert_seed_1,fold_07/state_0,True,142,10,True,200,119,6dff357c3681221c
RANDOM_TIME_V3,fold_07,state_0,det_seed_3,pert_seed_2,fold_07/state_0,True,124,7,True,176,119,60bdc8c40d2010af
RANDOM_TIME_V3,fold_07,state_1,det_seed_1,pert_seed_0,fold_07/state_1,False,-1,10,True,239,174,64b2d32c0b6c26e8
RANDOM_TIME_V3,fold_07,state_1,det_seed_1,pert_seed_1,fold_07/state_1,True,177,10,True,240,174,d026f8a889fc673f
RANDOM_TIME_V3,fold_07,state_1,det_seed_1,pert_seed_2,fold_07/state_1,True,157,10,True,206,174,f513bdd67e7e716b
RANDOM_TIME_V3,fold_07,state_1,det_seed_2,pert_seed_0,fold_07/state_1,False,-1,10,False,400,174,d159c3b711e28f1d
RANDOM_TIME_V3,fold_07,state_1,det_seed_2,pert_seed_1,fold_07/state_1,False,-1,10,True,203,174,e8b75c8d8f99bd0f
RANDOM_TIME_V3,fold_07,state_1,det_seed_2,pert_seed_2,fold_07/state_1,False,-1,10,False,400,174,d159c3b711e28f1d
RANDOM_TIME_V3,fold_07,state_1,det_seed_3,pert_seed_0,fold_07/state_1,True,134,10,True,194,174,619edcecbd10f298
RANDOM_TIME_V3,fold_07,state_1,det_seed_3,pert_seed_1,fold_07/state_1,False,-1,10,True,264,174,3f494ed53a083291
RANDOM_TIME_V3,fold_07,state_1,det_seed_3,pert_seed_2,fold_07/state_1,True,128,10,True,185,174,b17acfa5821c431d
RANDOM_TIME_V3,fold_08,state_0,det_seed_1,pert_seed_0,fold_08/state_0,True,88,10,True,166,79,e76ed58093513132
RANDOM_TIME_V3,fold_08,state_0,det_seed_1,pert_seed_1,fold_08/state_0,True,86,10,True,129,79,aa444bac093f6aca
RANDOM_TIME_V3,fold_08,state_0,det_seed_1,pert_seed_2,fold_08/state_0,True,86,10,False,400,79,b13c3470a3c47075
RANDOM_TIME_V3,fold_08,state_0,det_seed_2,pert_seed_0,fold_08/state_0,True,86,10,True,149,79,23bb6745cc7ae072
RANDOM_TIME_V3,fold_08,state_0,det_seed_2,pert_seed_1,fold_08/state_0,True,85,10,False,400,79,b19eea278b1f6df2
RANDOM_TIME_V3,fold_08,state_0,det_seed_2,pert_seed_2,fold_08/state_0,True,85,10,True,163,79,d99ca1ceaa71e1fa
RANDOM_TIME_V3,fold_08,state_0,det_seed_3,pert_seed_0,fold_08/state_0,True,86,10,True,138,79,0fb9c50bf5725d0a
RANDOM_TIME_V3,fold_08,state_0,det_seed_3,pert_seed_1,fold_08/state_0,True,87,10,True,150,79,04049ef097ab0501
RANDOM_TIME_V3,fold_08,state_0,det_seed_3,pert_seed_2,fold_08/state_0,True,86,10,True,157,79,b8f1eff59a2e04d2
RANDOM_TIME_V3,fold_08,state_2,det_seed_1,pert_seed_0,fold_08/state_2,True,87,10,True,143,84,ec8207e056aca387
RANDOM_TIME_V3,fold_08,state_2,det_seed_1,pert_seed_1,fold_08/state_2,True,91,10,False,400,84,0796fb2f499ded0e
RANDOM_TIME_V3,fold_08,state_2,det_seed_1,pert_seed_2,fold_08/state_2,True,90,10,True,172,84,e1d705a9aef803bc
RANDOM_TIME_V3,fold_08,state_2,det_seed_2,pert_seed_0,fold_08/state_2,True,100,10,True,169,84,2926f912d1b9ef63
RANDOM_TIME_V3,fold_08,state_2,det_seed_2,pert_seed_1,fold_08/state_2,True,107,10,True,160,84,f774f097ee5ebfd0
RANDOM_TIME_V3,fold_08,state_2,det_seed_2,pert_seed_2,fold_08/state_2,True,91,10,True,146,84,dbe166c506ee35e1
RANDOM_TIME_V3,fold_08,state_2,det_seed_3,pert_seed_0,fold_08/state_2,True,155,10,True,216,84,e8f718a06863dd0b
RANDOM_TIME_V3,fold_08,state_2,det_seed_3,pert_seed_1,fold_08/state_2,True,94,10,False,400,84,958d44e7506b263f
RANDOM_TIME_V3,fold_08,state_2,det_seed_3,pert_seed_2,fold_08/state_2,True,94,10,False,400,84,f77718ed7295ad21
RANDOM_TIME_V3,fold_09,state_0,det_seed_1,pert_seed_0,fold_09/state_0,False,-1,10,False,400,85,2c3316d9166ca877
RANDOM_TIME_V3,fold_09,state_0,det_seed_1,pert_seed_1,fold_09/state_0,True,87,6,True,151,85,f83a01b936c909f6
RANDOM_TIME_V3,fold_09,state_0,det_seed_1,pert_seed_2,fold_09/state_0,True,89,10,True,155,85,143d810c2dd4a4b8
RANDOM_TIME_V3,fold_09,state_0,det_seed_2,pert_seed_0,fold_09/state_0,True,87,10,False,400,85,ea3b0047e70f3579
RANDOM_TIME_V3,fold_09,state_0,det_seed_2,pert_seed_1,fold_09/state_0,True,93,10,True,181,85,564778f5e2be0e44
RANDOM_TIME_V3,fold_09,state_0,det_seed_2,pert_seed_2,fold_09/state_0,True,88,10,True,156,85,92e46e5c5cef531b
RANDOM_TIME_V3,fold_09,state_0,det_seed_3,pert_seed_0,fold_09/state_0,True,88,10,True,142,85,f06c29f0334421db
RANDOM_TIME_V3,fold_09,state_0,det_seed_3,pert_seed_1,fold_09/state_0,True,90,10,True,156,85,248408b95464c92a
RANDOM_TIME_V3,fold_09,state_0,det_seed_3,pert_seed_2,fold_09/state_0,True,88,10,False,400,85,d0beda6d6d10272f
RANDOM_TIME_V3,fold_09,state_1,det_seed_1,pert_seed_0,fold_09/state_1,True,76,10,False,400,72,0e099113f941f452
RANDOM_TIME_V3,fold_09,state_1,det_seed_1,pert_seed_1,fold_09/state_1,True,78,10,True,137,72,58c59fe5c709d4bd
RANDOM_TIME_V3,fold_09,state_1,det_seed_1,pert_seed_2,fold_09/state_1,True,76,10,True,129,72,97fd2b671c0d9ff9
RANDOM_TIME_V3,fold_09,state_1,det_seed_2,pert_seed_0,fold_09/state_1,True,75,10,False,400,72,83c72ff56113776e
RANDOM_TIME_V3,fold_09,state_1,det_seed_2,pert_seed_1,fold_09/state_1,True,75,10,True,131,72,b52f121eaa5596f0
RANDOM_TIME_V3,fold_09,state_1,det_seed_2,pert_seed_2,fold_09/state_1,True,79,10,True,145,72,3022f0cb969e3617
RANDOM_TIME_V3,fold_09,state_1,det_seed_3,pert_seed_0,fold_09/state_1,True,85,10,True,166,72,2882e03aea70a6c0
RANDOM_TIME_V3,fold_09,state_1,det_seed_3,pert_seed_1,fold_09/state_1,True,76,10,False,400,72,e555bd5791422e86
RANDOM_TIME_V3,fold_09,state_1,det_seed_3,pert_seed_2,fold_09/state_1,True,75,10,True,132,72,a0173ec6f4a2052b
RAND_T10,fold_01,state_0,det_seed_1,pert_seed_0,fold_01/state_0,True,98,10,True,158,97,35d9d52acc696989
RAND_T10,fold_01,state_0,det_seed_1,pert_seed_1,fold_01/state_0,True,98,10,True,159,97,d0abfa9a7367f816
RAND_T10,fold_01,state_0,det_seed_1,pert_seed_2,fold_01/state_0,True,98,10,True,161,97,144e028f0c46580a
RAND_T10,fold_01,state_0,det_seed_2,pert_seed_0,fold_01/state_0,True,99,10,True,161,97,5ceabef19ca71212
RAND_T10,fold_01,state_0,det_seed_2,pert_seed_1,fold_01/state_0,True,99,10,True,158,97,c462728f8e33eea1
RAND_T10,fold_01,state_0,det_seed_2,pert_seed_2,fold_01/state_0,True,99,10,True,159,97,e06b8e9a90952827
RAND_T10,fold_01,state_0,det_seed_3,pert_seed_0,fold_01/state_0,True,99,10,True,161,97,863f52417ea2186c
RAND_T10,fold_01,state_0,det_seed_3,pert_seed_1,fold_01/state_0,True,99,10,True,158,97,8500b95ed1418535
RAND_T10,fold_01,state_0,det_seed_3,pert_seed_2,fold_01/state_0,True,99,10,True,159,97,af79084d7b8cd15d
RAND_T10,fold_01,state_2,det_seed_1,pert_seed_0,fold_01/state_2,True,76,10,True,134,75,a0d5b9645420d47a
RAND_T10,fold_01,state_2,det_seed_1,pert_seed_1,fold_01/state_2,True,76,10,True,126,75,0edcc032533cfc31
RAND_T10,fold_01,state_2,det_seed_1,pert_seed_2,fold_01/state_2,True,76,10,True,127,75,f3ebfcdfb62c364f
RAND_T10,fold_01,state_2,det_seed_2,pert_seed_0,fold_01/state_2,True,76,10,True,134,75,242c1817cc0bce5f
RAND_T10,fold_01,state_2,det_seed_2,pert_seed_1,fold_01/state_2,True,76,10,True,126,75,848ec28b30886302
RAND_T10,fold_01,state_2,det_seed_2,pert_seed_2,fold_01/state_2,True,76,10,True,127,75,3a955f2de6289e97
RAND_T10,fold_01,state_2,det_seed_3,pert_seed_0,fold_01/state_2,True,77,10,True,133,75,2a4407869e6afea4
RAND_T10,fold_01,state_2,det_seed_3,pert_seed_1,fold_01/state_2,True,77,10,True,130,75,7e25abfe44e8257a
RAND_T10,fold_01,state_2,det_seed_3,pert_seed_2,fold_01/state_2,True,77,10,True,134,75,a4b7f30861b591f3
RAND_T10,fold_02,state_0,det_seed_1,pert_seed_0,fold_02/state_0,True,111,10,True,185,109,c82109565cc0689c
RAND_T10,fold_02,state_0,det_seed_1,pert_seed_1,fold_02/state_0,True,111,10,True,180,109,65fc082a2e4c3d95
RAND_T10,fold_02,state_0,det_seed_1,pert_seed_2,fold_02/state_0,True,111,10,True,180,109,65fc082a2e4c3d95
RAND_T10,fold_02,state_0,det_seed_2,pert_seed_0,fold_02/state_0,True,111,10,True,185,109,63cde9a48d74a77f
RAND_T10,fold_02,state_0,det_seed_2,pert_seed_1,fold_02/state_0,True,111,10,True,180,109,6638c3d0c4c729e3
RAND_T10,fold_02,state_0,det_seed_2,pert_seed_2,fold_02/state_0,True,111,10,True,180,109,6638c3d0c4c729e3
RAND_T10,fold_02,state_0,det_seed_3,pert_seed_0,fold_02/state_0,True,110,10,True,173,109,35a656a0dfbafa79
RAND_T10,fold_02,state_0,det_seed_3,pert_seed_1,fold_02/state_0,True,110,10,True,219,109,429492ca144ce7b6
RAND_T10,fold_02,state_0,det_seed_3,pert_seed_2,fold_02/state_0,True,110,10,True,183,109,343dfc90bcc1ac67
RAND_T10,fold_02,state_1,det_seed_1,pert_seed_0,fold_02/state_1,True,95,10,True,175,91,ec4942adb87ce78b
RAND_T10,fold_02,state_1,det_seed_1,pert_seed_1,fold_02/state_1,True,95,10,True,175,91,ec4942adb87ce78b
RAND_T10,fold_02,state_1,det_seed_1,pert_seed_2,fold_02/state_1,True,95,10,True,175,91,ec4942adb87ce78b
RAND_T10,fold_02,state_1,det_seed_2,pert_seed_0,fold_02/state_1,True,95,10,True,175,91,229193ef608ca9cd
RAND_T10,fold_02,state_1,det_seed_2,pert_seed_1,fold_02/state_1,True,95,10,True,175,91,229193ef608ca9cd
RAND_T10,fold_02,state_1,det_seed_2,pert_seed_2,fold_02/state_1,True,95,10,True,175,91,229193ef608ca9cd
RAND_T10,fold_02,state_1,det_seed_3,pert_seed_0,fold_02/state_1,True,95,10,True,175,91,f41c4e48e580124e
RAND_T10,fold_02,state_1,det_seed_3,pert_seed_1,fold_02/state_1,True,95,10,True,175,91,f41c4e48e580124e
RAND_T10,fold_02,state_1,det_seed_3,pert_seed_2,fold_02/state_1,True,95,10,True,175,91,f41c4e48e580124e
RAND_T10,fold_03,state_1,det_seed_1,pert_seed_0,fold_03/state_1,True,88,10,True,133,83,d8378c6159da19cf
RAND_T10,fold_03,state_1,det_seed_1,pert_seed_1,fold_03/state_1,True,88,10,True,233,83,504614aad47073b1
RAND_T10,fold_03,state_1,det_seed_1,pert_seed_2,fold_03/state_1,True,88,10,True,131,83,368336518ac31e2d
RAND_T10,fold_03,state_1,det_seed_2,pert_seed_0,fold_03/state_1,True,86,10,True,135,83,852a576144346903
RAND_T10,fold_03,state_1,det_seed_2,pert_seed_1,fold_03/state_1,True,86,10,True,136,83,1b405950c2865d3f
RAND_T10,fold_03,state_1,det_seed_2,pert_seed_2,fold_03/state_1,True,86,10,True,214,83,6d4ca8eb5b5adf4d
RAND_T10,fold_03,state_1,det_seed_3,pert_seed_0,fold_03/state_1,True,88,10,True,133,83,9a2bb4b908af6b03
RAND_T10,fold_03,state_1,det_seed_3,pert_seed_1,fold_03/state_1,True,88,10,True,233,83,d903232fdbbfae5c
RAND_T10,fold_03,state_1,det_seed_3,pert_seed_2,fold_03/state_1,True,88,10,True,131,83,2188ea49e747db48
RAND_T10,fold_03,state_3,det_seed_1,pert_seed_0,fold_03/state_3,True,108,10,True,164,102,f34304021d64225d
RAND_T10,fold_03,state_3,det_seed_1,pert_seed_1,fold_03/state_3,True,108,10,True,142,102,b133bca496a222bb
RAND_T10,fold_03,state_3,det_seed_1,pert_seed_2,fold_03/state_3,True,108,10,True,142,102,b133bca496a222bb
RAND_T10,fold_03,state_3,det_seed_2,pert_seed_0,fold_03/state_3,True,107,10,True,142,102,e7208b607a6f528e
RAND_T10,fold_03,state_3,det_seed_2,pert_seed_1,fold_03/state_3,True,107,10,True,142,102,e7208b607a6f528e
RAND_T10,fold_03,state_3,det_seed_2,pert_seed_2,fold_03/state_3,True,107,10,True,144,102,c047e8349cb48b8e
RAND_T10,fold_03,state_3,det_seed_3,pert_seed_0,fold_03/state_3,True,108,10,True,164,102,61e2bd78af713b54
RAND_T10,fold_03,state_3,det_seed_3,pert_seed_1,fold_03/state_3,True,108,10,True,142,102,38c479945fde6659
RAND_T10,fold_03,state_3,det_seed_3,pert_seed_2,fold_03/state_3,True,108,10,True,142,102,38c479945fde6659
RAND_T10,fold_04,state_0,det_seed_1,pert_seed_0,fold_04/state_0,True,78,10,True,120,75,d6dc3ed337648ff5
RAND_T10,fold_04,state_0,det_seed_1,pert_seed_1,fold_04/state_0,True,78,10,True,122,75,994ceece2b6591d2
RAND_T10,fold_04,state_0,det_seed_1,pert_seed_2,fold_04/state_0,True,78,10,True,124,75,6ac711e4c3d394c3
RAND_T10,fold_04,state_0,det_seed_2,pert_seed_0,fold_04/state_0,True,79,10,True,123,75,623b7a711189a72e
RAND_T10,fold_04,state_0,det_seed_2,pert_seed_1,fold_04/state_0,True,79,10,True,123,75,623b7a711189a72e
RAND_T10,fold_04,state_0,det_seed_2,pert_seed_2,fold_04/state_0,True,79,10,True,119,75,82630e7d4feb9386
RAND_T10,fold_04,state_0,det_seed_3,pert_seed_0,fold_04/state_0,True,78,10,True,120,75,3b8e66e70f5b3d0f
RAND_T10,fold_04,state_0,det_seed_3,pert_seed_1,fold_04/state_0,True,78,10,True,122,75,7bf56df42f01c82d
RAND_T10,fold_04,state_0,det_seed_3,pert_seed_2,fold_04/state_0,True,78,10,True,124,75,0e9006f546a7c6d2
RAND_T10,fold_04,state_1,det_seed_1,pert_seed_0,fold_04/state_1,True,87,10,True,135,84,a3e888b5ccd1dc31
RAND_T10,fold_04,state_1,det_seed_1,pert_seed_1,fold_04/state_1,True,87,10,True,135,84,a3e888b5ccd1dc31
RAND_T10,fold_04,state_1,det_seed_1,pert_seed_2,fold_04/state_1,True,87,10,True,136,84,8cbdf5604d54b464
RAND_T10,fold_04,state_1,det_seed_2,pert_seed_0,fold_04/state_1,True,87,10,True,135,84,6c135509a6d261b3
RAND_T10,fold_04,state_1,det_seed_2,pert_seed_1,fold_04/state_1,True,87,10,True,135,84,6c135509a6d261b3
RAND_T10,fold_04,state_1,det_seed_2,pert_seed_2,fold_04/state_1,True,87,10,True,136,84,29299ea6dbf61f42
RAND_T10,fold_04,state_1,det_seed_3,pert_seed_0,fold_04/state_1,True,87,10,True,135,84,7d492ae5b3dfb655
RAND_T10,fold_04,state_1,det_seed_3,pert_seed_1,fold_04/state_1,True,87,10,True,135,84,7d492ae5b3dfb655
RAND_T10,fold_04,state_1,det_seed_3,pert_seed_2,fold_04/state_1,True,87,10,True,136,84,15b9341617f847c1
RAND_T10,fold_05,state_0,det_seed_1,pert_seed_0,fold_05/state_0,False,-1,0,True,134,80,6d1fab7c656e0a7d
RAND_T10,fold_05,state_0,det_seed_1,pert_seed_1,fold_05/state_0,False,-1,0,True,134,80,6d1fab7c656e0a7d
RAND_T10,fold_05,state_0,det_seed_1,pert_seed_2,fold_05/state_0,False,-1,0,True,134,80,6d1fab7c656e0a7d
RAND_T10,fold_05,state_0,det_seed_2,pert_seed_0,fold_05/state_0,False,-1,0,True,134,80,5541000f8dd34bda
RAND_T10,fold_05,state_0,det_seed_2,pert_seed_1,fold_05/state_0,False,-1,0,True,134,80,5541000f8dd34bda
RAND_T10,fold_05,state_0,det_seed_2,pert_seed_2,fold_05/state_0,False,-1,0,True,134,80,5541000f8dd34bda
RAND_T10,fold_05,state_0,det_seed_3,pert_seed_0,fold_05/state_0,False,-1,0,True,134,80,e2f704692479f6d5
RAND_T10,fold_05,state_0,det_seed_3,pert_seed_1,fold_05/state_0,False,-1,0,True,134,80,e2f704692479f6d5
RAND_T10,fold_05,state_0,det_seed_3,pert_seed_2,fold_05/state_0,False,-1,0,True,134,80,e2f704692479f6d5
RAND_T10,fold_05,state_4,det_seed_1,pert_seed_0,fold_05/state_4,True,109,10,True,145,106,ac4c28a27bed1823
RAND_T10,fold_05,state_4,det_seed_1,pert_seed_1,fold_05/state_4,True,109,10,True,146,106,4b3afd596ab851d5
RAND_T10,fold_05,state_4,det_seed_1,pert_seed_2,fold_05/state_4,True,109,10,True,144,106,8192605320e35615
RAND_T10,fold_05,state_4,det_seed_2,pert_seed_0,fold_05/state_4,False,-1,0,True,143,106,a207d319a48759d8
RAND_T10,fold_05,state_4,det_seed_2,pert_seed_1,fold_05/state_4,False,-1,0,True,143,106,a207d319a48759d8
RAND_T10,fold_05,state_4,det_seed_2,pert_seed_2,fold_05/state_4,False,-1,0,True,143,106,a207d319a48759d8
RAND_T10,fold_05,state_4,det_seed_3,pert_seed_0,fold_05/state_4,False,-1,0,True,143,106,b143ad4e54f419d0
RAND_T10,fold_05,state_4,det_seed_3,pert_seed_1,fold_05/state_4,False,-1,0,True,143,106,b143ad4e54f419d0
RAND_T10,fold_05,state_4,det_seed_3,pert_seed_2,fold_05/state_4,False,-1,0,True,143,106,b143ad4e54f419d0
RAND_T10,fold_06,state_0,det_seed_1,pert_seed_0,fold_06/state_0,True,92,10,True,161,93,0fe14e0772fb7677
RAND_T10,fold_06,state_0,det_seed_1,pert_seed_1,fold_06/state_0,True,92,10,True,157,93,35b2d8d0aaffbaf6
RAND_T10,fold_06,state_0,det_seed_1,pert_seed_2,fold_06/state_0,True,92,10,True,163,93,fa09ab191c949610
RAND_T10,fold_06,state_0,det_seed_2,pert_seed_0,fold_06/state_0,True,95,10,True,160,93,bbd4d3bb9a1ba5e0
RAND_T10,fold_06,state_0,det_seed_2,pert_seed_1,fold_06/state_0,True,95,10,True,158,93,306e9ccc7fb9d272
RAND_T10,fold_06,state_0,det_seed_2,pert_seed_2,fold_06/state_0,True,95,10,True,155,93,65c1479dccad638c
RAND_T10,fold_06,state_0,det_seed_3,pert_seed_0,fold_06/state_0,True,92,10,True,161,93,e3cffb00174d5a2e
RAND_T10,fold_06,state_0,det_seed_3,pert_seed_1,fold_06/state_0,True,92,10,True,157,93,62fb90436fef3d68
RAND_T10,fold_06,state_0,det_seed_3,pert_seed_2,fold_06/state_0,True,92,10,True,163,93,847cb41befb0c336
RAND_T10,fold_06,state_1,det_seed_1,pert_seed_0,fold_06/state_1,True,87,10,True,152,86,e320ec953621c7aa
RAND_T10,fold_06,state_1,det_seed_1,pert_seed_1,fold_06/state_1,True,87,10,True,158,86,29aca5b954022ff2
RAND_T10,fold_06,state_1,det_seed_1,pert_seed_2,fold_06/state_1,True,87,10,True,167,86,305407905b1a4314
RAND_T10,fold_06,state_1,det_seed_2,pert_seed_0,fold_06/state_1,True,87,10,True,152,86,3a47d7f493f40cf7
RAND_T10,fold_06,state_1,det_seed_2,pert_seed_1,fold_06/state_1,True,87,10,True,158,86,64269e464d6a6c9e
RAND_T10,fold_06,state_1,det_seed_2,pert_seed_2,fold_06/state_1,True,87,10,True,167,86,ae41fa116b15f0d9
RAND_T10,fold_06,state_1,det_seed_3,pert_seed_0,fold_06/state_1,True,85,10,True,147,86,be62403f25829e79
RAND_T10,fold_06,state_1,det_seed_3,pert_seed_1,fold_06/state_1,True,85,10,True,152,86,115ab6c81b023b56
RAND_T10,fold_06,state_1,det_seed_3,pert_seed_2,fold_06/state_1,True,85,10,True,147,86,be62403f25829e79
RAND_T10,fold_07,state_0,det_seed_1,pert_seed_0,fold_07/state_0,True,122,10,True,188,119,29eeb15d8fb63294
RAND_T10,fold_07,state_0,det_seed_1,pert_seed_1,fold_07/state_0,True,122,10,True,187,119,87b3a7e3aa43fc1e
RAND_T10,fold_07,state_0,det_seed_1,pert_seed_2,fold_07/state_0,True,122,10,True,186,119,db462dcfa9904dd2
RAND_T10,fold_07,state_0,det_seed_2,pert_seed_0,fold_07/state_0,True,123,10,True,189,119,113d7356a560364f
RAND_T10,fold_07,state_0,det_seed_2,pert_seed_1,fold_07/state_0,True,123,10,True,188,119,3dc3936ca8d1c886
RAND_T10,fold_07,state_0,det_seed_2,pert_seed_2,fold_07/state_0,True,123,10,True,183,119,19bb76860b61e375
RAND_T10,fold_07,state_0,det_seed_3,pert_seed_0,fold_07/state_0,True,124,10,True,189,119,f7321da488ece561
RAND_T10,fold_07,state_0,det_seed_3,pert_seed_1,fold_07/state_0,True,124,10,True,189,119,f7321da488ece561
RAND_T10,fold_07,state_0,det_seed_3,pert_seed_2,fold_07/state_0,True,124,10,True,196,119,95c7abe023eb75cf
RAND_T10,fold_07,state_1,det_seed_1,pert_seed_0,fold_07/state_1,True,174,10,True,228,174,6a2ceae35e985428
RAND_T10,fold_07,state_1,det_seed_1,pert_seed_1,fold_07/state_1,True,174,10,True,224,174,e9b3adec538fa0fb
RAND_T10,fold_07,state_1,det_seed_1,pert_seed_2,fold_07/state_1,True,174,10,True,228,174,6a2ceae35e985428
RAND_T10,fold_07,state_1,det_seed_2,pert_seed_0,fold_07/state_1,False,-1,0,True,228,174,f2f9005693ea73f8
RAND_T10,fold_07,state_1,det_seed_2,pert_seed_1,fold_07/state_1,False,-1,0,True,228,174,f2f9005693ea73f8
RAND_T10,fold_07,state_1,det_seed_2,pert_seed_2,fold_07/state_1,False,-1,0,True,228,174,f2f9005693ea73f8
RAND_T10,fold_07,state_1,det_seed_3,pert_seed_0,fold_07/state_1,False,-1,0,True,228,174,6225b6742d885a51
RAND_T10,fold_07,state_1,det_seed_3,pert_seed_1,fold_07/state_1,False,-1,0,True,228,174,6225b6742d885a51
RAND_T10,fold_07,state_1,det_seed_3,pert_seed_2,fold_07/state_1,False,-1,0,True,228,174,6225b6742d885a51
RAND_T10,fold_08,state_0,det_seed_1,pert_seed_0,fold_08/state_0,True,86,10,True,145,79,5d5e698046390964
RAND_T10,fold_08,state_0,det_seed_1,pert_seed_1,fold_08/state_0,True,86,10,True,143,79,3559cb495b3ac2cc
RAND_T10,fold_08,state_0,det_seed_1,pert_seed_2,fold_08/state_0,True,86,10,True,145,79,5d5e698046390964
RAND_T10,fold_08,state_0,det_seed_2,pert_seed_0,fold_08/state_0,True,85,10,True,143,79,8cb77154627a60a4
RAND_T10,fold_08,state_0,det_seed_2,pert_seed_1,fold_08/state_0,True,85,10,True,145,79,90e40477ce2567c7
RAND_T10,fold_08,state_0,det_seed_2,pert_seed_2,fold_08/state_0,True,85,10,True,143,79,8cb77154627a60a4
RAND_T10,fold_08,state_0,det_seed_3,pert_seed_0,fold_08/state_0,True,86,10,True,145,79,632edc6e9a31a164
RAND_T10,fold_08,state_0,det_seed_3,pert_seed_1,fold_08/state_0,True,86,10,True,143,79,ba9411ed616a3e34
RAND_T10,fold_08,state_0,det_seed_3,pert_seed_2,fold_08/state_0,True,86,10,True,145,79,632edc6e9a31a164
RAND_T10,fold_08,state_2,det_seed_1,pert_seed_0,fold_08/state_2,True,91,10,True,155,84,872e12fcc8a16d7a
RAND_T10,fold_08,state_2,det_seed_1,pert_seed_1,fold_08/state_2,True,91,10,True,159,84,32186da506b7fcc7
RAND_T10,fold_08,state_2,det_seed_1,pert_seed_2,fold_08/state_2,True,91,10,True,153,84,7799899fe95bdf4b
RAND_T10,fold_08,state_2,det_seed_2,pert_seed_0,fold_08/state_2,True,92,10,True,159,84,85b30f3f324e1439
RAND_T10,fold_08,state_2,det_seed_2,pert_seed_1,fold_08/state_2,True,92,10,True,155,84,e54ac8412bb9b86e
RAND_T10,fold_08,state_2,det_seed_2,pert_seed_2,fold_08/state_2,True,92,10,True,165,84,15e605b877831ce3
RAND_T10,fold_08,state_2,det_seed_3,pert_seed_0,fold_08/state_2,True,94,10,True,153,84,0b4a4b69c7358d80
RAND_T10,fold_08,state_2,det_seed_3,pert_seed_1,fold_08/state_2,True,94,10,True,156,84,1e8aa4b56a5fb3dc
RAND_T10,fold_08,state_2,det_seed_3,pert_seed_2,fold_08/state_2,True,94,10,True,159,84,96be4ab913a2e469
RAND_T10,fold_09,state_0,det_seed_1,pert_seed_0,fold_09/state_0,True,87,10,True,156,85,8ba9e4c237b9393b
RAND_T10,fold_09,state_0,det_seed_1,pert_seed_1,fold_09/state_0,True,87,10,True,148,85,2a25730186e0327c
RAND_T10,fold_09,state_0,det_seed_1,pert_seed_2,fold_09/state_0,True,87,10,True,147,85,0f7f15347532bd66
RAND_T10,fold_09,state_0,det_seed_2,pert_seed_0,fold_09/state_0,True,87,10,True,156,85,da160c67831f6907
RAND_T10,fold_09,state_0,det_seed_2,pert_seed_1,fold_09/state_0,True,87,10,True,148,85,0fd85fcb0e4c677d
RAND_T10,fold_09,state_0,det_seed_2,pert_seed_2,fold_09/state_0,True,87,10,True,147,85,64e4c430ab5ddd7c
RAND_T10,fold_09,state_0,det_seed_3,pert_seed_0,fold_09/state_0,True,88,10,True,176,85,975636d00e492a32
RAND_T10,fold_09,state_0,det_seed_3,pert_seed_1,fold_09/state_0,True,88,10,True,156,85,77a5799bf2ebc6d3
RAND_T10,fold_09,state_0,det_seed_3,pert_seed_2,fold_09/state_0,True,88,10,True,147,85,3b19c08534168abc
RAND_T10,fold_09,state_1,det_seed_1,pert_seed_0,fold_09/state_1,True,76,10,True,130,72,cb1dc0c25dc6abef
RAND_T10,fold_09,state_1,det_seed_1,pert_seed_1,fold_09/state_1,True,76,10,True,130,72,cb1dc0c25dc6abef
RAND_T10,fold_09,state_1,det_seed_1,pert_seed_2,fold_09/state_1,True,76,10,True,140,72,669947d20195c363
RAND_T10,fold_09,state_1,det_seed_2,pert_seed_0,fold_09/state_1,True,75,10,True,136,72,9fd7a1f5a8ff2f59
RAND_T10,fold_09,state_1,det_seed_2,pert_seed_1,fold_09/state_1,True,75,10,True,140,72,5754adc01c826efe
RAND_T10,fold_09,state_1,det_seed_2,pert_seed_2,fold_09/state_1,True,75,10,True,132,72,e47e7d8f3096a46f
RAND_T10,fold_09,state_1,det_seed_3,pert_seed_0,fold_09/state_1,True,76,10,True,130,72,42a8a8e32dafdbd4
RAND_T10,fold_09,state_1,det_seed_3,pert_seed_1,fold_09/state_1,True,76,10,True,130,72,42a8a8e32dafdbd4
RAND_T10,fold_09,state_1,det_seed_3,pert_seed_2,fold_09/state_1,True,76,10,True,140,72,ba4d14ec66327d34
TRUE_T10,fold_01,state_0,det_seed_1,pert_seed_0,fold_01/state_0,True,98,10,False,400,97,3020772e1a3ee332
TRUE_T10,fold_01,state_0,det_seed_1,pert_seed_1,fold_01/state_0,True,98,10,False,400,97,3020772e1a3ee332
TRUE_T10,fold_01,state_0,det_seed_1,pert_seed_2,fold_01/state_0,True,98,10,False,400,97,3020772e1a3ee332
TRUE_T10,fold_01,state_0,det_seed_2,pert_seed_0,fold_01/state_0,True,99,10,False,400,97,19c526a714885471
TRUE_T10,fold_01,state_0,det_seed_2,pert_seed_1,fold_01/state_0,True,99,10,False,400,97,19c526a714885471
TRUE_T10,fold_01,state_0,det_seed_2,pert_seed_2,fold_01/state_0,True,99,10,False,400,97,19c526a714885471
TRUE_T10,fold_01,state_0,det_seed_3,pert_seed_0,fold_01/state_0,True,99,10,False,400,97,ddc68228efe73ac9
TRUE_T10,fold_01,state_0,det_seed_3,pert_seed_1,fold_01/state_0,True,99,10,False,400,97,ddc68228efe73ac9
TRUE_T10,fold_01,state_0,det_seed_3,pert_seed_2,fold_01/state_0,True,99,10,False,400,97,ddc68228efe73ac9
TRUE_T10,fold_01,state_2,det_seed_1,pert_seed_0,fold_01/state_2,True,76,10,False,400,75,94d72e2784068cf0
TRUE_T10,fold_01,state_2,det_seed_1,pert_seed_1,fold_01/state_2,True,76,10,False,400,75,94d72e2784068cf0
TRUE_T10,fold_01,state_2,det_seed_1,pert_seed_2,fold_01/state_2,True,76,10,False,400,75,94d72e2784068cf0
TRUE_T10,fold_01,state_2,det_seed_2,pert_seed_0,fold_01/state_2,True,76,10,False,400,75,3ea4d37a863c3a4a
TRUE_T10,fold_01,state_2,det_seed_2,pert_seed_1,fold_01/state_2,True,76,10,False,400,75,3ea4d37a863c3a4a
TRUE_T10,fold_01,state_2,det_seed_2,pert_seed_2,fold_01/state_2,True,76,10,False,400,75,3ea4d37a863c3a4a
TRUE_T10,fold_01,state_2,det_seed_3,pert_seed_0,fold_01/state_2,True,77,10,False,400,75,5a8f9d15c54815ed
TRUE_T10,fold_01,state_2,det_seed_3,pert_seed_1,fold_01/state_2,True,77,10,False,400,75,5a8f9d15c54815ed
TRUE_T10,fold_01,state_2,det_seed_3,pert_seed_2,fold_01/state_2,True,77,10,False,400,75,5a8f9d15c54815ed
TRUE_T10,fold_02,state_0,det_seed_1,pert_seed_0,fold_02/state_0,True,111,10,False,400,109,7e93e23544dd44b2
TRUE_T10,fold_02,state_0,det_seed_1,pert_seed_1,fold_02/state_0,True,111,10,False,400,109,1a6d4f9a2a091377
TRUE_T10,fold_02,state_0,det_seed_1,pert_seed_2,fold_02/state_0,True,111,10,False,400,109,1a6d4f9a2a091377
TRUE_T10,fold_02,state_0,det_seed_2,pert_seed_0,fold_02/state_0,True,111,10,False,400,109,61feb6f96e6fa3ef
TRUE_T10,fold_02,state_0,det_seed_2,pert_seed_1,fold_02/state_0,True,111,10,False,400,109,61feb6f96e6fa3ef
TRUE_T10,fold_02,state_0,det_seed_2,pert_seed_2,fold_02/state_0,True,111,10,False,400,109,61feb6f96e6fa3ef
TRUE_T10,fold_02,state_0,det_seed_3,pert_seed_0,fold_02/state_0,True,110,10,False,400,109,ddccfdee5c1d4397
TRUE_T10,fold_02,state_0,det_seed_3,pert_seed_1,fold_02/state_0,True,110,10,False,400,109,ddccfdee5c1d4397
TRUE_T10,fold_02,state_0,det_seed_3,pert_seed_2,fold_02/state_0,True,110,10,False,400,109,ddccfdee5c1d4397
TRUE_T10,fold_02,state_1,det_seed_1,pert_seed_0,fold_02/state_1,True,95,10,False,400,91,8425fbaa16ca7804
TRUE_T10,fold_02,state_1,det_seed_1,pert_seed_1,fold_02/state_1,True,95,10,False,400,91,8425fbaa16ca7804
TRUE_T10,fold_02,state_1,det_seed_1,pert_seed_2,fold_02/state_1,True,95,10,False,400,91,8425fbaa16ca7804
TRUE_T10,fold_02,state_1,det_seed_2,pert_seed_0,fold_02/state_1,True,95,10,False,400,91,bb92f47c02cd71c1
TRUE_T10,fold_02,state_1,det_seed_2,pert_seed_1,fold_02/state_1,True,95,10,False,400,91,bb92f47c02cd71c1
TRUE_T10,fold_02,state_1,det_seed_2,pert_seed_2,fold_02/state_1,True,95,10,False,400,91,bb92f47c02cd71c1
TRUE_T10,fold_02,state_1,det_seed_3,pert_seed_0,fold_02/state_1,True,95,10,False,400,91,0257298e63dbdea8
TRUE_T10,fold_02,state_1,det_seed_3,pert_seed_1,fold_02/state_1,True,95,10,False,400,91,0257298e63dbdea8
TRUE_T10,fold_02,state_1,det_seed_3,pert_seed_2,fold_02/state_1,True,95,10,False,400,91,0257298e63dbdea8
TRUE_T10,fold_03,state_1,det_seed_1,pert_seed_0,fold_03/state_1,True,88,10,False,400,83,f2bc843b117a271f
TRUE_T10,fold_03,state_1,det_seed_1,pert_seed_1,fold_03/state_1,True,88,10,False,400,83,f2bc843b117a271f
TRUE_T10,fold_03,state_1,det_seed_1,pert_seed_2,fold_03/state_1,True,88,10,False,400,83,f2bc843b117a271f
TRUE_T10,fold_03,state_1,det_seed_2,pert_seed_0,fold_03/state_1,True,86,10,False,400,83,d156a5a430cad0e5
TRUE_T10,fold_03,state_1,det_seed_2,pert_seed_1,fold_03/state_1,True,86,10,False,400,83,d156a5a430cad0e5
TRUE_T10,fold_03,state_1,det_seed_2,pert_seed_2,fold_03/state_1,True,86,10,False,400,83,d156a5a430cad0e5
TRUE_T10,fold_03,state_1,det_seed_3,pert_seed_0,fold_03/state_1,True,88,10,False,400,83,5bb2c0c36d510992
TRUE_T10,fold_03,state_1,det_seed_3,pert_seed_1,fold_03/state_1,True,88,10,False,400,83,5bb2c0c36d510992
TRUE_T10,fold_03,state_1,det_seed_3,pert_seed_2,fold_03/state_1,True,88,10,False,400,83,5bb2c0c36d510992
TRUE_T10,fold_03,state_3,det_seed_1,pert_seed_0,fold_03/state_3,True,108,10,False,400,102,fa66097954394f2a
TRUE_T10,fold_03,state_3,det_seed_1,pert_seed_1,fold_03/state_3,True,108,10,False,400,102,fa66097954394f2a
TRUE_T10,fold_03,state_3,det_seed_1,pert_seed_2,fold_03/state_3,True,108,10,False,400,102,fa66097954394f2a
TRUE_T10,fold_03,state_3,det_seed_2,pert_seed_0,fold_03/state_3,True,107,10,False,400,102,7956b2ffc8c43838
TRUE_T10,fold_03,state_3,det_seed_2,pert_seed_1,fold_03/state_3,True,107,10,False,400,102,7956b2ffc8c43838
TRUE_T10,fold_03,state_3,det_seed_2,pert_seed_2,fold_03/state_3,True,107,10,False,400,102,7956b2ffc8c43838
TRUE_T10,fold_03,state_3,det_seed_3,pert_seed_0,fold_03/state_3,True,108,10,False,400,102,00e3ad48729212ff
TRUE_T10,fold_03,state_3,det_seed_3,pert_seed_1,fold_03/state_3,True,108,10,False,400,102,00e3ad48729212ff
TRUE_T10,fold_03,state_3,det_seed_3,pert_seed_2,fold_03/state_3,True,108,10,False,400,102,00e3ad48729212ff
TRUE_T10,fold_04,state_0,det_seed_1,pert_seed_0,fold_04/state_0,True,78,10,False,400,75,e27931526166ad62
TRUE_T10,fold_04,state_0,det_seed_1,pert_seed_1,fold_04/state_0,True,78,10,False,400,75,e27931526166ad62
TRUE_T10,fold_04,state_0,det_seed_1,pert_seed_2,fold_04/state_0,True,78,10,False,400,75,e27931526166ad62
TRUE_T10,fold_04,state_0,det_seed_2,pert_seed_0,fold_04/state_0,True,79,10,False,400,75,c5ea1bb1055c2363
TRUE_T10,fold_04,state_0,det_seed_2,pert_seed_1,fold_04/state_0,True,79,10,False,400,75,df209185823bdfd0
TRUE_T10,fold_04,state_0,det_seed_2,pert_seed_2,fold_04/state_0,True,79,10,False,400,75,e89d6b2af8762189
TRUE_T10,fold_04,state_0,det_seed_3,pert_seed_0,fold_04/state_0,True,78,10,False,400,75,c7dcf046cb7129c7
TRUE_T10,fold_04,state_0,det_seed_3,pert_seed_1,fold_04/state_0,True,78,10,False,400,75,c7dcf046cb7129c7
TRUE_T10,fold_04,state_0,det_seed_3,pert_seed_2,fold_04/state_0,True,78,10,False,400,75,c7dcf046cb7129c7
TRUE_T10,fold_04,state_1,det_seed_1,pert_seed_0,fold_04/state_1,True,87,10,False,400,84,346e3f8de5f2a6fb
TRUE_T10,fold_04,state_1,det_seed_1,pert_seed_1,fold_04/state_1,True,87,10,False,400,84,8461585b34e29d32
TRUE_T10,fold_04,state_1,det_seed_1,pert_seed_2,fold_04/state_1,True,87,10,False,400,84,346e3f8de5f2a6fb
TRUE_T10,fold_04,state_1,det_seed_2,pert_seed_0,fold_04/state_1,True,87,10,False,400,84,e7dd308839a4bd43
TRUE_T10,fold_04,state_1,det_seed_2,pert_seed_1,fold_04/state_1,True,87,10,False,400,84,f0109aa5c212430a
TRUE_T10,fold_04,state_1,det_seed_2,pert_seed_2,fold_04/state_1,True,87,10,False,400,84,f0109aa5c212430a
TRUE_T10,fold_04,state_1,det_seed_3,pert_seed_0,fold_04/state_1,True,87,10,False,400,84,721aa4602606d709
TRUE_T10,fold_04,state_1,det_seed_3,pert_seed_1,fold_04/state_1,True,87,10,False,400,84,721aa4602606d709
TRUE_T10,fold_04,state_1,det_seed_3,pert_seed_2,fold_04/state_1,True,87,10,False,400,84,623440a145eeba35
TRUE_T10,fold_05,state_0,det_seed_1,pert_seed_0,fold_05/state_0,False,-1,0,True,134,80,d873c817a384cc67
TRUE_T10,fold_05,state_0,det_seed_1,pert_seed_1,fold_05/state_0,False,-1,0,True,134,80,d873c817a384cc67
TRUE_T10,fold_05,state_0,det_seed_1,pert_seed_2,fold_05/state_0,False,-1,0,True,134,80,d873c817a384cc67
TRUE_T10,fold_05,state_0,det_seed_2,pert_seed_0,fold_05/state_0,False,-1,0,True,134,80,f18a9cf105b47edf
TRUE_T10,fold_05,state_0,det_seed_2,pert_seed_1,fold_05/state_0,False,-1,0,True,134,80,f18a9cf105b47edf
TRUE_T10,fold_05,state_0,det_seed_2,pert_seed_2,fold_05/state_0,False,-1,0,True,134,80,f18a9cf105b47edf
TRUE_T10,fold_05,state_0,det_seed_3,pert_seed_0,fold_05/state_0,False,-1,0,True,134,80,c6b7fd7a405bbc77
TRUE_T10,fold_05,state_0,det_seed_3,pert_seed_1,fold_05/state_0,False,-1,0,True,134,80,c6b7fd7a405bbc77
TRUE_T10,fold_05,state_0,det_seed_3,pert_seed_2,fold_05/state_0,False,-1,0,True,134,80,c6b7fd7a405bbc77
TRUE_T10,fold_05,state_4,det_seed_1,pert_seed_0,fold_05/state_4,True,109,10,False,400,106,321764c4099e35cf
TRUE_T10,fold_05,state_4,det_seed_1,pert_seed_1,fold_05/state_4,True,109,10,False,400,106,321764c4099e35cf
TRUE_T10,fold_05,state_4,det_seed_1,pert_seed_2,fold_05/state_4,True,109,10,False,400,106,321764c4099e35cf
TRUE_T10,fold_05,state_4,det_seed_2,pert_seed_0,fold_05/state_4,False,-1,0,True,143,106,3f6d5ca0b8c05861
TRUE_T10,fold_05,state_4,det_seed_2,pert_seed_1,fold_05/state_4,False,-1,0,True,143,106,3f6d5ca0b8c05861
TRUE_T10,fold_05,state_4,det_seed_2,pert_seed_2,fold_05/state_4,False,-1,0,True,143,106,3f6d5ca0b8c05861
TRUE_T10,fold_05,state_4,det_seed_3,pert_seed_0,fold_05/state_4,False,-1,0,True,143,106,79f307b82a7e107d
TRUE_T10,fold_05,state_4,det_seed_3,pert_seed_1,fold_05/state_4,False,-1,0,True,143,106,79f307b82a7e107d
TRUE_T10,fold_05,state_4,det_seed_3,pert_seed_2,fold_05/state_4,False,-1,0,True,143,106,79f307b82a7e107d
TRUE_T10,fold_06,state_0,det_seed_1,pert_seed_0,fold_06/state_0,True,92,10,False,400,93,0c003a0ebb8fc896
TRUE_T10,fold_06,state_0,det_seed_1,pert_seed_1,fold_06/state_0,True,92,10,False,400,93,0c003a0ebb8fc896
TRUE_T10,fold_06,state_0,det_seed_1,pert_seed_2,fold_06/state_0,True,92,10,False,400,93,0c003a0ebb8fc896
TRUE_T10,fold_06,state_0,det_seed_2,pert_seed_0,fold_06/state_0,True,95,10,False,400,93,4cfaaa167fbf45ce
TRUE_T10,fold_06,state_0,det_seed_2,pert_seed_1,fold_06/state_0,True,95,10,False,400,93,4cfaaa167fbf45ce
TRUE_T10,fold_06,state_0,det_seed_2,pert_seed_2,fold_06/state_0,True,95,10,False,400,93,4cfaaa167fbf45ce
TRUE_T10,fold_06,state_0,det_seed_3,pert_seed_0,fold_06/state_0,True,92,10,False,400,93,5a662bfbefc657bc
TRUE_T10,fold_06,state_0,det_seed_3,pert_seed_1,fold_06/state_0,True,92,10,False,400,93,5a662bfbefc657bc
TRUE_T10,fold_06,state_0,det_seed_3,pert_seed_2,fold_06/state_0,True,92,10,False,400,93,5a662bfbefc657bc
TRUE_T10,fold_06,state_1,det_seed_1,pert_seed_0,fold_06/state_1,True,87,10,False,400,86,3c7f62d25639865a
TRUE_T10,fold_06,state_1,det_seed_1,pert_seed_1,fold_06/state_1,True,87,10,False,400,86,3c7f62d25639865a
TRUE_T10,fold_06,state_1,det_seed_1,pert_seed_2,fold_06/state_1,True,87,10,False,400,86,3c7f62d25639865a
TRUE_T10,fold_06,state_1,det_seed_2,pert_seed_0,fold_06/state_1,True,87,10,False,400,86,4c5df258f76230a9
TRUE_T10,fold_06,state_1,det_seed_2,pert_seed_1,fold_06/state_1,True,87,10,False,400,86,4c5df258f76230a9
TRUE_T10,fold_06,state_1,det_seed_2,pert_seed_2,fold_06/state_1,True,87,10,False,400,86,4c5df258f76230a9
TRUE_T10,fold_06,state_1,det_seed_3,pert_seed_0,fold_06/state_1,True,85,10,False,400,86,2130c71e427342f1
TRUE_T10,fold_06,state_1,det_seed_3,pert_seed_1,fold_06/state_1,True,85,10,False,400,86,2130c71e427342f1
TRUE_T10,fold_06,state_1,det_seed_3,pert_seed_2,fold_06/state_1,True,85,10,False,400,86,2130c71e427342f1
TRUE_T10,fold_07,state_0,det_seed_1,pert_seed_0,fold_07/state_0,True,122,10,False,400,119,3e0ebead498ba592
TRUE_T10,fold_07,state_0,det_seed_1,pert_seed_1,fold_07/state_0,True,122,10,False,400,119,3e0ebead498ba592
TRUE_T10,fold_07,state_0,det_seed_1,pert_seed_2,fold_07/state_0,True,122,10,False,400,119,3e0ebead498ba592
TRUE_T10,fold_07,state_0,det_seed_2,pert_seed_0,fold_07/state_0,True,123,10,False,400,119,526396f96d0aa5f8
TRUE_T10,fold_07,state_0,det_seed_2,pert_seed_1,fold_07/state_0,True,123,10,False,400,119,526396f96d0aa5f8
TRUE_T10,fold_07,state_0,det_seed_2,pert_seed_2,fold_07/state_0,True,123,10,False,400,119,526396f96d0aa5f8
TRUE_T10,fold_07,state_0,det_seed_3,pert_seed_0,fold_07/state_0,True,124,10,False,400,119,9478d68f4bfffb47
TRUE_T10,fold_07,state_0,det_seed_3,pert_seed_1,fold_07/state_0,True,124,10,False,400,119,c9b4f23265a06924
TRUE_T10,fold_07,state_0,det_seed_3,pert_seed_2,fold_07/state_0,True,124,10,False,400,119,9478d68f4bfffb47
TRUE_T10,fold_07,state_1,det_seed_1,pert_seed_0,fold_07/state_1,True,174,10,False,400,174,f012988b525c17f2
TRUE_T10,fold_07,state_1,det_seed_1,pert_seed_1,fold_07/state_1,True,174,10,False,400,174,f012988b525c17f2
TRUE_T10,fold_07,state_1,det_seed_1,pert_seed_2,fold_07/state_1,True,174,10,False,400,174,f012988b525c17f2
TRUE_T10,fold_07,state_1,det_seed_2,pert_seed_0,fold_07/state_1,False,-1,0,True,228,174,dbc9e06b68668094
TRUE_T10,fold_07,state_1,det_seed_2,pert_seed_1,fold_07/state_1,False,-1,0,True,228,174,dbc9e06b68668094
TRUE_T10,fold_07,state_1,det_seed_2,pert_seed_2,fold_07/state_1,False,-1,0,True,228,174,dbc9e06b68668094
TRUE_T10,fold_07,state_1,det_seed_3,pert_seed_0,fold_07/state_1,False,-1,0,True,228,174,f3b551392f7084d9
TRUE_T10,fold_07,state_1,det_seed_3,pert_seed_1,fold_07/state_1,False,-1,0,True,228,174,f3b551392f7084d9
TRUE_T10,fold_07,state_1,det_seed_3,pert_seed_2,fold_07/state_1,False,-1,0,True,228,174,f3b551392f7084d9
TRUE_T10,fold_08,state_0,det_seed_1,pert_seed_0,fold_08/state_0,True,86,10,False,400,79,b13c3470a3c47075
TRUE_T10,fold_08,state_0,det_seed_1,pert_seed_1,fold_08/state_0,True,86,10,False,400,79,b13c3470a3c47075
TRUE_T10,fold_08,state_0,det_seed_1,pert_seed_2,fold_08/state_0,True,86,10,False,400,79,b13c3470a3c47075
TRUE_T10,fold_08,state_0,det_seed_2,pert_seed_0,fold_08/state_0,True,85,10,False,400,79,7b4c5b8ea90c9a56
TRUE_T10,fold_08,state_0,det_seed_2,pert_seed_1,fold_08/state_0,True,85,10,False,400,79,7b4c5b8ea90c9a56
TRUE_T10,fold_08,state_0,det_seed_2,pert_seed_2,fold_08/state_0,True,85,10,False,400,79,7b4c5b8ea90c9a56
TRUE_T10,fold_08,state_0,det_seed_3,pert_seed_0,fold_08/state_0,True,86,10,False,400,79,374c4fba0dc097e9
TRUE_T10,fold_08,state_0,det_seed_3,pert_seed_1,fold_08/state_0,True,86,10,False,400,79,374c4fba0dc097e9
TRUE_T10,fold_08,state_0,det_seed_3,pert_seed_2,fold_08/state_0,True,86,10,False,400,79,374c4fba0dc097e9
TRUE_T10,fold_08,state_2,det_seed_1,pert_seed_0,fold_08/state_2,True,91,10,False,400,84,988e4c99cdc3c3ce
TRUE_T10,fold_08,state_2,det_seed_1,pert_seed_1,fold_08/state_2,True,91,10,False,400,84,50c0525d53c76dd0
TRUE_T10,fold_08,state_2,det_seed_1,pert_seed_2,fold_08/state_2,True,91,10,False,400,84,50c0525d53c76dd0
TRUE_T10,fold_08,state_2,det_seed_2,pert_seed_0,fold_08/state_2,True,92,10,False,400,84,1c74de7c51324795
TRUE_T10,fold_08,state_2,det_seed_2,pert_seed_1,fold_08/state_2,True,92,10,False,400,84,1c74de7c51324795
TRUE_T10,fold_08,state_2,det_seed_2,pert_seed_2,fold_08/state_2,True,92,10,False,400,84,1c74de7c51324795
TRUE_T10,fold_08,state_2,det_seed_3,pert_seed_0,fold_08/state_2,True,94,10,False,400,84,f77718ed7295ad21
TRUE_T10,fold_08,state_2,det_seed_3,pert_seed_1,fold_08/state_2,True,94,10,False,400,84,f77718ed7295ad21
TRUE_T10,fold_08,state_2,det_seed_3,pert_seed_2,fold_08/state_2,True,94,10,False,400,84,f77718ed7295ad21
TRUE_T10,fold_09,state_0,det_seed_1,pert_seed_0,fold_09/state_0,True,87,10,False,400,85,0c3334722539b8ae
TRUE_T10,fold_09,state_0,det_seed_1,pert_seed_1,fold_09/state_0,True,87,10,False,400,85,0c3334722539b8ae
TRUE_T10,fold_09,state_0,det_seed_1,pert_seed_2,fold_09/state_0,True,87,10,False,400,85,0c3334722539b8ae
TRUE_T10,fold_09,state_0,det_seed_2,pert_seed_0,fold_09/state_0,True,87,10,False,400,85,ea3b0047e70f3579
TRUE_T10,fold_09,state_0,det_seed_2,pert_seed_1,fold_09/state_0,True,87,10,False,400,85,ea3b0047e70f3579
TRUE_T10,fold_09,state_0,det_seed_2,pert_seed_2,fold_09/state_0,True,87,10,False,400,85,ea3b0047e70f3579
TRUE_T10,fold_09,state_0,det_seed_3,pert_seed_0,fold_09/state_0,True,88,10,False,400,85,175bb660329ab411
TRUE_T10,fold_09,state_0,det_seed_3,pert_seed_1,fold_09/state_0,True,88,10,False,400,85,175bb660329ab411
TRUE_T10,fold_09,state_0,det_seed_3,pert_seed_2,fold_09/state_0,True,88,10,False,400,85,175bb660329ab411
TRUE_T10,fold_09,state_1,det_seed_1,pert_seed_0,fold_09/state_1,True,76,10,False,400,72,0e099113f941f452
TRUE_T10,fold_09,state_1,det_seed_1,pert_seed_1,fold_09/state_1,True,76,10,False,400,72,0e099113f941f452
TRUE_T10,fold_09,state_1,det_seed_1,pert_seed_2,fold_09/state_1,True,76,10,False,400,72,0e099113f941f452
TRUE_T10,fold_09,state_1,det_seed_2,pert_seed_0,fold_09/state_1,True,75,10,False,400,72,83c72ff56113776e
TRUE_T10,fold_09,state_1,det_seed_2,pert_seed_1,fold_09/state_1,True,75,10,False,400,72,83c72ff56113776e
TRUE_T10,fold_09,state_1,det_seed_2,pert_seed_2,fold_09/state_1,True,75,10,False,400,72,83c72ff56113776e
TRUE_T10,fold_09,state_1,det_seed_3,pert_seed_0,fold_09/state_1,True,76,10,False,400,72,e555bd5791422e86
TRUE_T10,fold_09,state_1,det_seed_3,pert_seed_1,fold_09/state_1,True,76,10,False,400,72,e555bd5791422e86
TRUE_T10,fold_09,state_1,det_seed_3,pert_seed_2,fold_09/state_1,True,76,10,False,400,72,e555bd5791422e86
