trace_id,task_key,state_id,candidate_step,candidate_index,is_teacher_p,teacher_p_criteria_pass,distance_to_teacher_p,total_score,raw_crossing_bonus,close_streak_bonus,close_onset_qpos_bonus,eef_deceleration_bonus,qpos_ready_bonus,eef_speed_now,eef_speed_prev,eef_deceleration_delta,close_streak,raw_crossing,close_onset,qpos,time_since_prev_close,time_since_last_open,selector_abstain_reason,selector_emittable,eef_to_obj_distance_at_close,grasp_privilege_local_valid,max_cumulative_vertical_dz,max_sustained_vertical_frames,eef_attachment_consistent,tp_abstain_reason
trace_alphabet_soup_s0_w0_10_s20d_clean_seed0_job500000,alphabet_soup,0,50,0,0,0,,3.3,1.5,1.0,0.5,0.0,0.3,0.01158,0.011781,-0.000201,1,1,1,-0.01606053,,1,,1,0.041571,1,0.001742,0,0,no_sustained_vertical_lift_type=no_sustained_motion
trace_alphabet_soup_s0_w0_10_s20d_clean_seed0_job500000,alphabet_soup,0,67,1,0,0,,3.3,1.5,1.0,0.5,0.0,0.3,0.015752,0.020361,-0.004609,1,1,1,-4.257e-05,17,1,,1,0.140342,1,0.0,0,1,eef_not_near_object_dist=0.1403
trace_alphabet_soup_s0_w0_10_s20d_clean_seed0_job500000,alphabet_soup,0,70,2,0,0,,3.8,1.5,1.0,0.5,0.5,0.3,0.009188,0.009891,-0.000703,1,1,1,-4.823e-05,3,1,,1,0.149486,1,0.0,0,1,eef_not_near_object_dist=0.1495
trace_alphabet_soup_s0_w0_10_s20d_clean_seed0_job500000,alphabet_soup,0,81,3,0,0,,3.8,1.5,1.0,0.5,0.5,0.3,0.007477,0.013954,-0.006477,1,1,1,-0.00010969,11,1,,1,0.20853,1,0.0,0,1,eef_not_near_object_dist=0.2085
trace_alphabet_soup_s0_w0_10_s20d_clean_seed0_job500000,alphabet_soup,0,92,4,0,0,,3.3,1.5,1.0,0.5,0.0,0.3,0.019814,0.012626,0.007188,1,1,1,-0.00016107,11,1,,1,0.19896,1,0.0,0,1,eef_not_near_object_dist=0.1990
trace_alphabet_soup_s0_w0_10_s20d_clean_seed0_job500000,alphabet_soup,0,127,5,0,0,,3.3,1.5,1.0,0.5,0.0,0.3,0.004418,0.004347,7.1e-05,1,1,1,-0.00082884,35,1,,1,0.069104,1,0.004878,10,1,no_sustained_vertical_lift_type=sustained_horizontal_transport
trace_alphabet_soup_s0_w0_10_s20d_clean_seed0_job500000,alphabet_soup,0,133,6,0,0,,3.8,1.5,1.0,0.5,0.5,0.3,0.004477,0.00464,-0.000163,1,1,1,-0.01106906,6,1,,1,0.065599,1,0.001959,2,0,no_sustained_vertical_lift_type=sustained_horizontal_transport
trace_alphabet_soup_s0_w0_10_s20d_clean_seed0_job500000,alphabet_soup,0,138,7,0,0,,3.3,1.5,1.0,0.5,0.0,0.3,0.005671,0.004694,0.000977,1,1,1,-0.01468184,5,1,,1,0.061319,1,0.000716,2,0,no_sustained_vertical_lift_type=sustained_horizontal_transport
trace_alphabet_soup_s0_w0_10_s20d_clean_seed0_job500000,alphabet_soup,0,145,8,0,0,,3.3,1.5,1.0,0.5,0.0,0.3,0.010836,0.013585,-0.002749,1,1,1,-0.00027225,7,1,,1,0.097292,1,0.0,0,1,eef_not_near_object_dist=0.0973
trace_alphabet_soup_s0_w0_10_s20d_clean_seed0_job500000,alphabet_soup,0,149,9,0,0,,3.3,1.5,1.0,0.5,0.0,0.3,0.009342,0.007931,0.001411,1,1,1,7.79e-06,4,1,,1,0.104977,1,0.0,0,1,eef_not_near_object_dist=0.1050
trace_alphabet_soup_s0_w0_10_s20d_clean_seed0_job500000,alphabet_soup,0,152,10,0,0,,3.3,1.5,1.0,0.5,0.0,0.3,0.015856,0.014598,0.001258,1,1,1,4.905e-05,3,1,,1,0.116454,1,0.0,0,1,eef_not_near_object_dist=0.1165
trace_alphabet_soup_s0_w0_10_s20d_clean_seed0_job500000,alphabet_soup,0,156,11,0,0,,3.3,1.5,1.0,0.5,0.0,0.3,0.014339,0.016944,-0.002605,1,1,1,3.397e-05,4,1,,1,0.132508,1,0.0,0,1,eef_not_near_object_dist=0.1325
trace_alphabet_soup_s0_w0_10_s20d_clean_seed0_job500000,alphabet_soup,0,159,12,0,0,,3.3,1.5,1.0,0.5,0.0,0.3,0.015844,0.015564,0.00028,1,1,1,6.172e-05,3,1,,1,0.145438,1,0.0,0,1,eef_not_near_object_dist=0.1454
trace_alphabet_soup_s0_w0_10_s20d_clean_seed0_job500000,alphabet_soup,0,165,13,0,0,,3.3,1.5,1.0,0.5,0.0,0.3,0.012986,0.005028,0.007958,1,1,1,2.898e-05,6,1,,1,0.159886,1,0.0,0,1,eef_not_near_object_dist=0.1599
trace_alphabet_soup_s0_w0_10_s20d_clean_seed0_job500000,alphabet_soup,0,184,14,0,1,,3.3,1.5,1.0,0.5,0.0,0.3,0.026923,0.028619,-0.001696,1,1,1,3.887e-05,19,1,,1,0.031538,1,0.010892,3,1,
trace_alphabet_soup_s0_w0_10_s20d_clean_seed0_job500000,alphabet_soup,0,187,15,0,1,,3.8,1.5,1.0,0.5,0.5,0.3,0.007034,0.015135,-0.008101,1,1,1,7.686e-05,3,1,,1,0.027074,1,0.030263,5,1,
trace_alphabet_soup_s0_w0_10_s20d_clean_seed0_job500000,alphabet_soup,0,190,16,0,1,,3.8,1.5,1.0,0.5,0.5,0.3,0.001176,0.001567,-0.000391,1,1,1,-0.00018192,3,1,,1,0.026958,1,0.065104,8,1,
trace_alphabet_soup_s3_w0_10_s20d_clean_seed0_job500000,alphabet_soup,3,57,0,1,1,0,3.3,1.5,1.0,0.5,0.0,0.3,0.025205,0.025647,-0.000442,1,1,1,-9.869e-05,,1,,1,0.03117,1,0.079192,8,1,
trace_alphabet_soup_s4_w0_10_s20d_clean_seed0_job500000,alphabet_soup,4,7,0,0,0,,3.3,1.5,1.0,0.5,0.0,0.3,0.02149,0.018275,0.003215,1,1,1,-0.00013081,,1,,1,0.316582,1,0.0,0,1,eef_not_near_object_dist=0.3166
trace_alphabet_soup_s4_w0_10_s20d_clean_seed0_job500000,alphabet_soup,4,51,1,0,0,,3.3,1.5,1.0,0.5,0.0,0.3,0.023702,0.025667,-0.001965,1,1,1,1.353e-05,44,1,,1,0.072799,1,0.002418,6,1,no_sustained_vertical_lift_type=sustained_horizontal_transport
trace_alphabet_soup_s4_w0_10_s20d_clean_seed0_job500000,alphabet_soup,4,81,2,0,0,,3.3,1.5,1.0,0.5,0.0,0.3,0.010909,0.017885,-0.006976,1,1,1,0.00011093,30,1,,1,0.12733,1,0.0,0,1,eef_not_near_object_dist=0.1273
trace_alphabet_soup_s4_w0_10_s20d_clean_seed0_job500000,alphabet_soup,4,86,3,0,0,,3.3,1.5,1.0,0.5,0.0,0.3,0.016262,0.019258,-0.002996,1,1,1,4.554e-05,5,1,,1,0.149627,1,0.0,0,1,eef_not_near_object_dist=0.1496
trace_alphabet_soup_s4_w0_10_s20d_clean_seed0_job500000,alphabet_soup,4,96,4,0,0,,3.3,1.5,1.0,0.5,0.0,0.3,0.01048,0.005791,0.004689,1,1,1,-4.13e-06,10,1,,1,0.168578,1,0.0,0,1,eef_not_near_object_dist=0.1686
trace_alphabet_soup_s4_w0_10_s20d_clean_seed0_job500000,alphabet_soup,4,104,5,0,0,,3.8,1.5,1.0,0.5,0.5,0.3,0.001321,0.008808,-0.007487,1,1,1,7.857e-05,8,1,,1,0.182544,1,0.0,0,1,eef_not_near_object_dist=0.1825
trace_alphabet_soup_s4_w0_10_s20d_clean_seed0_job500000,alphabet_soup,4,106,6,0,0,,3.8,1.5,1.0,0.5,0.5,0.3,0.003803,0.007487,-0.003684,1,1,1,7.596e-05,2,1,,1,0.184441,1,0.0,0,1,eef_not_near_object_dist=0.1844
trace_alphabet_soup_s4_w0_10_s20d_clean_seed0_job500000,alphabet_soup,4,108,7,0,0,,3.3,1.5,1.0,0.5,0.0,0.3,0.008517,0.006708,0.001809,1,1,1,7.606e-05,2,1,,1,0.189517,1,0.0,0,1,eef_not_near_object_dist=0.1895
trace_alphabet_soup_s4_w0_10_s20d_clean_seed0_job500000,alphabet_soup,4,110,8,0,0,,3.8,1.5,1.0,0.5,0.5,0.3,0.00086,0.005405,-0.004545,1,1,1,8.207e-05,2,1,,1,0.189612,1,0.0,0,1,eef_not_near_object_dist=0.1896
trace_alphabet_soup_s4_w0_10_s20d_clean_seed0_job500000,alphabet_soup,4,112,9,0,0,,3.8,1.5,1.0,0.5,0.5,0.3,0.001471,0.001769,-0.000298,1,1,1,3.929e-05,2,1,,1,0.190725,1,0.0,0,1,eef_not_near_object_dist=0.1907
trace_alphabet_soup_s4_w0_10_s20d_clean_seed0_job500000,alphabet_soup,4,114,10,0,0,,3.3,1.5,1.0,0.5,0.0,0.3,0.006071,0.003852,0.002219,1,1,1,3.11e-05,2,1,,1,0.194852,1,0.0,0,1,eef_not_near_object_dist=0.1949
trace_alphabet_soup_s4_w0_10_s20d_clean_seed0_job500000,alphabet_soup,4,127,11,0,0,,3.3,1.5,1.0,0.5,0.0,0.3,0.025284,0.033473,-0.008189,1,1,1,0.00013222,13,1,,1,0.280445,1,0.0,0,1,eef_not_near_object_dist=0.2804
trace_alphabet_soup_s4_w0_10_s20d_clean_seed0_job500000,alphabet_soup,4,133,12,0,0,,3.3,1.5,1.0,0.5,0.0,0.3,0.015008,0.009825,0.005183,1,1,1,-1.925e-05,6,1,,1,0.271206,1,0.0,0,1,eef_not_near_object_dist=0.2712
trace_alphabet_soup_s4_w0_10_s20d_clean_seed0_job500000,alphabet_soup,4,136,13,0,0,,3.8,1.5,1.0,0.5,0.5,0.3,0.00664,0.007942,-0.001302,1,1,1,-2.746e-05,3,1,,1,0.273967,1,0.0,0,1,eef_not_near_object_dist=0.2740
trace_alphabet_soup_s4_w0_10_s20d_clean_seed0_job500000,alphabet_soup,4,169,14,0,0,,3.3,1.5,1.0,0.5,0.0,0.3,0.029844,0.030972,-0.001128,1,1,1,8.206e-05,33,1,,1,0.082087,1,0.0,0,1,eef_not_near_object_dist=0.0821
trace_alphabet_soup_s4_w0_10_s20d_clean_seed0_job500000,alphabet_soup,4,172,15,0,1,,3.3,1.5,1.0,0.5,0.0,0.3,0.019144,0.02394,-0.004796,1,1,1,0.00010811,3,1,,1,0.065405,1,0.007159,4,1,
trace_alphabet_soup_s4_w0_10_s20d_clean_seed0_job500000,alphabet_soup,4,181,16,0,0,,3.3,1.5,1.0,0.5,0.0,0.3,0.007382,0.006741,0.000641,1,1,1,0.00013154,9,1,,1,0.049073,1,0.004029,6,1,no_sustained_vertical_lift_type=sustained_horizontal_transport
trace_alphabet_soup_s4_w0_10_s20d_clean_seed0_job500000,alphabet_soup,4,224,17,0,0,,3.3,1.5,1.0,0.5,0.0,0.3,0.015179,0.014929,0.00025,1,1,1,-8.663e-05,43,1,,1,0.108912,1,0.0,0,1,eef_not_near_object_dist=0.1089
trace_alphabet_soup_s4_w0_10_s20d_clean_seed0_job500000,alphabet_soup,4,240,18,0,1,,3.3,1.5,1.0,0.5,0.0,0.3,0.028188,0.02839,-0.000202,1,1,1,-0.00019295,16,1,,1,0.060993,1,0.014528,8,1,
trace_alphabet_soup_s5_w0_10_s20d_clean_seed0_job500000,alphabet_soup,5,51,0,0,0,-50,3.3,1.5,1.0,0.5,0.0,0.3,0.010196,0.012474,-0.002278,1,1,1,-0.01084783,,1,,1,0.040885,1,0.000793,0,0,no_sustained_vertical_lift_type=no_sustained_motion
trace_alphabet_soup_s5_w0_10_s20d_clean_seed0_job500000,alphabet_soup,5,74,1,0,0,-27,3.3,1.5,1.0,0.5,0.0,0.3,0.019932,0.021076,-0.001144,1,1,1,-8.098e-05,23,1,,1,0.17612,1,0.0,0,1,eef_not_near_object_dist=0.1761
trace_alphabet_soup_s5_w0_10_s20d_clean_seed0_job500000,alphabet_soup,5,101,2,1,1,0,3.3,1.5,1.0,0.5,0.0,0.3,0.026823,0.027586,-0.000763,1,1,1,-0.00011464,27,1,,1,0.046999,1,0.080492,9,1,
trace_alphabet_soup_s6_w0_10_s20d_clean_seed0_job500000,alphabet_soup,6,51,0,0,1,,3.3,1.5,1.0,0.5,0.0,0.3,0.029929,0.02929,0.000639,1,1,1,0.00014524,,1,,1,0.019927,1,0.081915,9,1,
trace_alphabet_soup_s6_w0_10_s20d_clean_seed0_job500000,alphabet_soup,6,134,1,0,1,,3.3,1.5,1.0,0.5,0.0,0.3,0.010091,0.008661,0.00143,1,1,1,0.00303574,83,1,,1,0.023959,1,0.007431,3,1,
trace_alphabet_soup_s6_w0_10_s20d_clean_seed0_job500000,alphabet_soup,6,138,2,0,1,,3.8,1.5,1.0,0.5,0.5,0.3,0.004214,0.004513,-0.000299,1,1,1,0.00232814,4,1,,1,0.024029,1,0.00962,5,1,
trace_alphabet_soup_s6_w0_10_s20d_clean_seed0_job500000,alphabet_soup,6,143,3,0,0,,3.3,1.5,1.0,0.5,0.0,0.3,0.007327,0.005779,0.001548,1,1,1,0.00180458,5,1,,1,0.024233,1,0.001223,0,1,no_sustained_vertical_lift_type=no_sustained_motion
trace_alphabet_soup_s6_w0_10_s20d_clean_seed0_job500000,alphabet_soup,6,147,4,0,0,,3.3,1.5,1.0,0.5,0.0,0.3,0.0048,0.003217,0.001583,1,1,1,0.00144824,4,1,,1,0.024323,1,0.004444,0,1,no_sustained_vertical_lift_type=no_sustained_motion
trace_alphabet_soup_s6_w0_10_s20d_clean_seed0_job500000,alphabet_soup,6,150,5,0,0,,3.3,1.5,1.0,0.5,0.0,0.3,0.004975,0.003118,0.001857,1,1,1,0.00127939,3,1,,1,0.024456,1,0.0,0,1,no_sustained_vertical_lift_type=no_sustained_motion
trace_alphabet_soup_s6_w0_10_s20d_clean_seed0_job500000,alphabet_soup,6,154,6,0,0,,3.8,1.5,1.0,0.5,0.5,0.3,0.002183,0.002266,-8.3e-05,1,1,1,0.00091222,4,1,,1,0.024622,1,0.0,0,1,no_sustained_vertical_lift_type=no_sustained_motion
trace_alphabet_soup_s7_w0_10_s20d_clean_seed0_job500000,alphabet_soup,7,89,0,0,1,,3.3,1.5,1.0,0.5,0.0,0.3,0.027915,0.029092,-0.001177,1,1,1,-1.814e-05,,1,,1,0.024263,1,0.017046,7,1,
trace_alphabet_soup_s7_w0_10_s20d_clean_seed0_job500000,alphabet_soup,7,91,1,0,1,,3.3,1.5,1.0,0.5,0.0,0.3,0.022238,0.02464,-0.002402,1,1,1,-1.233e-05,2,1,,1,0.018051,1,0.022575,9,1,
trace_alphabet_soup_s7_w0_10_s20d_clean_seed0_job500000,alphabet_soup,7,179,2,0,0,,3.3,1.5,1.0,0.5,0.0,0.3,0.01998,0.022779,-0.002799,1,1,1,-1.397e-05,88,1,,1,0.029597,1,0.0,9,1,no_sustained_vertical_lift_type=sustained_horizontal_transport
trace_alphabet_soup_s7_w0_10_s20d_clean_seed0_job500000,alphabet_soup,7,182,3,0,0,,3.3,1.5,1.0,0.5,0.0,0.3,0.012482,0.014341,-0.001859,1,1,1,-2.155e-05,3,1,,1,0.029699,1,0.0,0,1,no_sustained_vertical_lift_type=no_sustained_motion
trace_alphabet_soup_s7_w0_10_s20d_clean_seed0_job500000,alphabet_soup,7,184,4,0,0,,3.8,1.5,1.0,0.5,0.5,0.3,0.005029,0.009656,-0.004627,1,1,1,-2.644e-05,2,1,,1,0.029764,1,0.0,0,1,no_sustained_vertical_lift_type=no_sustained_motion
trace_alphabet_soup_s8_w0_10_s20d_clean_seed0_job540200,alphabet_soup,8,49,0,0,0,-185,3.3,1.5,1.0,0.5,0.0,0.3,0.018174,0.021398,-0.003224,1,1,1,0.00023681,,1,,1,0.036731,1,0.002804,3,0,no_sustained_vertical_lift_type=sustained_horizontal_transport
trace_alphabet_soup_s8_w0_10_s20d_clean_seed0_job540200,alphabet_soup,8,56,1,0,0,-178,3.3,1.5,1.0,0.5,0.0,0.3,0.017776,0.02509,-0.007314,1,1,1,0.00017096,7,1,,1,0.071831,1,0.0,0,0,no_sustained_vertical_lift_type=no_sustained_motion
trace_alphabet_soup_s8_w0_10_s20d_clean_seed0_job540200,alphabet_soup,8,91,2,0,0,-143,3.8,1.5,1.0,0.5,0.5,0.3,0.001442,0.001535,-9.3e-05,1,1,1,-0.0013489,35,1,,1,0.045997,1,0.002291,0,1,no_sustained_vertical_lift_type=no_sustained_motion
trace_alphabet_soup_s8_w0_10_s20d_clean_seed0_job540200,alphabet_soup,8,95,3,0,0,-139,3.3,1.5,1.0,0.5,0.0,0.3,0.001082,0.000974,0.000108,1,1,1,-0.00906191,4,1,,1,0.045762,1,0.002063,0,0,no_sustained_vertical_lift_type=no_sustained_motion
trace_alphabet_soup_s8_w0_10_s20d_clean_seed0_job540200,alphabet_soup,8,113,4,0,0,-121,3.3,1.5,1.0,0.5,0.0,0.3,0.012329,0.015077,-0.002748,1,1,1,1.978e-05,18,1,,1,0.109904,1,0.0,0,1,eef_not_near_object_dist=0.1099
trace_alphabet_soup_s8_w0_10_s20d_clean_seed0_job540200,alphabet_soup,8,176,5,0,0,-58,3.3,1.5,1.0,0.5,0.0,0.3,0.023259,0.02666,-0.003401,1,1,1,4.43e-06,63,1,,1,0.089898,1,0.0,0,1,eef_not_near_object_dist=0.0899
trace_alphabet_soup_s8_w0_10_s20d_clean_seed0_job540200,alphabet_soup,8,193,6,0,0,-41,3.3,1.5,1.0,0.5,0.0,0.3,0.007238,0.006747,0.000491,1,1,1,-8.474e-05,17,1,,1,0.083161,1,0.0,0,1,eef_not_near_object_dist=0.0832
trace_alphabet_soup_s8_w0_10_s20d_clean_seed0_job540200,alphabet_soup,8,196,7,0,0,-38,3.8,1.5,1.0,0.5,0.5,0.3,0.008907,0.008929,-2.2e-05,1,1,1,-8.709e-05,3,1,,1,0.09089,1,0.0,0,1,eef_not_near_object_dist=0.0909
trace_alphabet_soup_s8_w0_10_s20d_clean_seed0_job540200,alphabet_soup,8,207,8,0,0,-27,3.3,1.5,1.0,0.5,0.0,0.3,0.013638,0.013812,-0.000174,1,1,1,-8.735e-05,11,1,,1,0.153441,1,0.0,0,1,eef_not_near_object_dist=0.1534
trace_alphabet_soup_s8_w0_10_s20d_clean_seed0_job540200,alphabet_soup,8,211,9,0,0,-23,3.8,1.5,1.0,0.5,0.5,0.3,0.001297,0.011971,-0.010674,1,1,1,-8.865e-05,4,1,,1,0.160498,1,0.0,0,1,eef_not_near_object_dist=0.1605
trace_alphabet_soup_s8_w0_10_s20d_clean_seed0_job540200,alphabet_soup,8,217,10,0,0,-17,3.8,1.5,1.0,0.5,0.5,0.3,0.003969,0.005269,-0.0013,1,1,1,-9.081e-05,6,1,,1,0.167637,1,0.0,0,1,eef_not_near_object_dist=0.1676
trace_alphabet_soup_s8_w0_10_s20d_clean_seed0_job540200,alphabet_soup,8,234,11,1,1,0,3.3,1.5,1.0,0.5,0.0,0.3,0.025964,0.02796,-0.001996,1,1,1,-8.991e-05,17,1,,1,0.051921,1,0.063185,9,1,
trace_alphabet_soup_s9_w0_10_s20d_clean_seed0_job540200,alphabet_soup,9,9,0,0,0,-46,3.3,1.5,1.0,0.5,0.0,0.3,0.01226,0.011725,0.000535,1,1,1,-6.567e-05,,1,,1,0.321755,1,0.0,0,1,eef_not_near_object_dist=0.3218
trace_alphabet_soup_s9_w0_10_s20d_clean_seed0_job540200,alphabet_soup,9,50,1,0,0,-5,3.3,1.5,1.0,0.5,0.0,0.3,0.030216,0.031985,-0.001769,1,1,1,-4.15e-06,41,1,,1,0.064267,1,0.008728,9,1,no_sustained_vertical_lift_type=sustained_horizontal_transport
trace_alphabet_soup_s9_w0_10_s20d_clean_seed0_job540200,alphabet_soup,9,55,2,1,1,0,3.3,1.5,1.0,0.5,0.0,0.3,0.025433,0.023157,0.002276,1,1,1,0.00150013,5,1,,1,0.031006,1,0.05441,6,1,
trace_alphabet_soup_s9_w0_10_s20d_clean_seed0_job540200,alphabet_soup,9,128,3,0,0,73,2.5,1.5,1.0,0.0,0.0,0.0,0.017901,0.026162,-0.008261,1,1,1,0.01585692,73,1,,1,0.025117,1,0.002393,4,1,no_sustained_vertical_lift_type=sustained_horizontal_transport
trace_alphabet_soup_s9_w0_10_s20d_clean_seed0_job540200,alphabet_soup,9,134,4,0,0,79,2.5,1.5,1.0,0.0,0.0,0.0,0.003079,0.002186,0.000893,1,1,1,0.01797864,6,1,,1,0.026504,1,0.001075,10,1,no_sustained_vertical_lift_type=sustained_horizontal_transport
trace_alphabet_soup_s9_w0_10_s20d_clean_seed0_job540200,alphabet_soup,9,137,5,0,0,82,2.5,1.5,1.0,0.0,0.0,0.0,0.003577,0.002519,0.001058,1,1,1,0.01765266,3,1,,1,0.026656,1,0.002914,10,1,no_sustained_vertical_lift_type=sustained_horizontal_transport
trace_alphabet_soup_s9_w0_10_s20d_clean_seed0_job540200,alphabet_soup,9,141,6,0,0,86,3.0,1.5,1.0,0.0,0.5,0.0,0.003652,0.004346,-0.000694,1,1,1,0.01658084,4,1,,1,0.026601,1,0.002619,2,1,no_sustained_vertical_lift_type=sustained_horizontal_transport
trace_alphabet_soup_s9_w0_10_s20d_clean_seed0_job540200,alphabet_soup,9,144,7,0,0,89,3.0,1.5,1.0,0.0,0.5,0.0,0.002926,0.00346,-0.000534,1,1,1,0.01485568,3,1,,1,0.026504,1,0.0,6,1,no_sustained_vertical_lift_type=sustained_horizontal_transport
trace_alphabet_soup_s9_w0_10_s20d_clean_seed0_job540200,alphabet_soup,9,149,8,0,0,94,2.5,1.5,1.0,0.0,0.0,0.0,0.015401,0.016003,-0.000602,1,1,1,0.01234554,5,1,,1,0.026303,1,0.001152,11,1,no_sustained_vertical_lift_type=sustained_horizontal_transport
trace_alphabet_soup_s9_w0_10_s20d_clean_seed0_job540200,alphabet_soup,9,152,9,0,0,97,3.0,1.5,1.0,0.0,0.5,0.0,0.003952,0.007736,-0.003784,1,1,1,0.01157119,3,1,,1,0.026364,1,0.002792,7,1,no_sustained_vertical_lift_type=sustained_horizontal_transport
trace_alphabet_soup_s9_w0_10_s20d_clean_seed0_job540200,alphabet_soup,9,156,10,0,0,101,2.8,1.5,1.0,0.0,0.0,0.3,0.004741,0.0042,0.000541,1,1,1,0.00789819,4,1,,1,0.026344,1,0.000606,0,1,no_sustained_vertical_lift_type=no_sustained_motion
trace_alphabet_soup_s11_w0_10_s20d_clean_seed0_job540200,alphabet_soup,11,56,0,0,1,,3.3,1.5,1.0,0.5,0.0,0.3,0.034593,0.035672,-0.001079,1,1,1,-4.216e-05,,1,,1,0.031962,1,0.047982,7,1,
trace_alphabet_soup_s11_w0_10_s20d_clean_seed0_job540200,alphabet_soup,11,58,1,0,1,,3.3,1.5,1.0,0.5,0.0,0.3,0.026509,0.030421,-0.003912,1,1,1,2.446e-05,2,1,,1,0.024864,1,0.070475,9,1,
trace_alphabet_soup_s11_w0_10_s20d_clean_seed0_job540200,alphabet_soup,11,152,2,0,0,,3.8,1.5,1.0,0.5,0.5,0.3,0.00617,0.010415,-0.004245,1,1,1,0.00157982,94,1,,1,0.029049,1,0.0,0,1,no_sustained_vertical_lift_type=no_sustained_motion
trace_alphabet_soup_s11_w0_10_s20d_clean_seed0_job540200,alphabet_soup,11,157,3,0,0,,3.8,1.5,1.0,0.5,0.5,0.3,0.001852,0.003393,-0.001541,1,1,1,0.00157611,5,1,,1,0.029151,1,0.000322,0,1,no_sustained_vertical_lift_type=no_sustained_motion
trace_alphabet_soup_s11_w0_10_s20d_clean_seed0_job540200,alphabet_soup,11,161,4,0,0,,3.8,1.5,1.0,0.5,0.5,0.3,0.001266,0.001708,-0.000442,1,1,1,0.00151524,4,1,,1,0.02923,1,0.0,0,1,no_sustained_vertical_lift_type=no_sustained_motion
trace_alphabet_soup_s11_w0_10_s20d_clean_seed0_job540200,alphabet_soup,11,164,5,0,0,,3.3,1.5,1.0,0.5,0.0,0.3,0.001368,0.001243,0.000125,1,1,1,0.00141228,3,1,,1,0.029326,1,0.0,0,1,no_sustained_vertical_lift_type=no_sustained_motion
trace_alphabet_soup_s23_w0_10_s20d_clean_seed0_job540200,alphabet_soup,23,48,0,0,0,,3.3,1.5,1.0,0.5,0.0,0.3,0.018003,0.020839,-0.002836,1,1,1,0.00047456,,1,,1,0.033973,1,0.00211,12,0,no_sustained_vertical_lift_type=sustained_horizontal_transport
trace_alphabet_soup_s23_w0_10_s20d_clean_seed0_job540200,alphabet_soup,23,57,1,0,0,,3.3,1.5,1.0,0.5,0.0,0.3,0.013259,0.00268,0.010579,1,1,1,1.4e-05,9,1,,1,0.060152,1,0.0,0,0,no_sustained_vertical_lift_type=no_sustained_motion
trace_alphabet_soup_s23_w0_10_s20d_clean_seed0_job540200,alphabet_soup,23,64,2,0,0,,3.8,1.5,1.0,0.5,0.5,0.3,0.003899,0.016029,-0.01213,1,1,1,3.255e-05,7,1,,1,0.076806,1,0.0,0,0,no_sustained_vertical_lift_type=no_sustained_motion
trace_alphabet_soup_s23_w0_10_s20d_clean_seed0_job540200,alphabet_soup,23,67,3,0,0,,3.3,1.5,1.0,0.5,0.0,0.3,0.009016,0.002454,0.006562,1,1,1,-5.6e-07,3,1,,1,0.085782,1,0.0,0,1,eef_not_near_object_dist=0.0858
trace_alphabet_soup_s23_w0_10_s20d_clean_seed0_job540200,alphabet_soup,23,85,4,0,0,,3.8,1.5,1.0,0.5,0.5,0.3,0.008948,0.018378,-0.00943,1,1,1,-4.384e-05,18,1,,1,0.206158,1,0.0,0,1,eef_not_near_object_dist=0.2062
trace_alphabet_soup_s23_w0_10_s20d_clean_seed0_job540200,alphabet_soup,23,88,5,0,0,,3.8,1.5,1.0,0.5,0.5,0.3,0.007551,0.009897,-0.002346,1,1,1,-7.56e-06,3,1,,1,0.205103,1,0.0,0,1,eef_not_near_object_dist=0.2051
trace_alphabet_soup_s23_w0_10_s20d_clean_seed0_job540200,alphabet_soup,23,93,6,0,0,,3.3,1.5,1.0,0.5,0.0,0.3,0.016339,0.011831,0.004508,1,1,1,-0.0001426,5,1,,1,0.202566,1,0.0,0,1,eef_not_near_object_dist=0.2026
trace_alphabet_soup_s23_w0_10_s20d_clean_seed0_job540200,alphabet_soup,23,118,7,0,1,,3.8,1.5,1.0,0.5,0.5,0.3,0.004453,0.004708,-0.000255,1,1,1,-0.00125644,25,1,,1,0.075982,1,0.007746,7,1,
trace_alphabet_soup_s23_w0_10_s20d_clean_seed0_job540200,alphabet_soup,23,121,8,0,1,,3.8,1.5,1.0,0.5,0.5,0.3,0.006508,0.006738,-0.00023,1,1,1,-0.00347076,3,1,,1,0.077297,1,0.006201,6,1,
trace_alphabet_soup_s23_w0_10_s20d_clean_seed0_job540200,alphabet_soup,23,123,9,0,1,,3.8,1.5,1.0,0.5,0.5,0.3,0.003368,0.004809,-0.001441,1,1,1,-0.00340552,2,1,,1,0.076025,1,0.006614,5,1,
trace_alphabet_soup_s23_w0_10_s20d_clean_seed0_job540200,alphabet_soup,23,125,10,0,1,,3.3,1.5,1.0,0.5,0.0,0.3,0.007305,0.004396,0.002909,1,1,1,-0.00508841,2,1,,1,0.075732,1,0.005799,4,1,
trace_alphabet_soup_s23_w0_10_s20d_clean_seed0_job540200,alphabet_soup,23,127,11,0,0,,3.3,1.5,1.0,0.5,0.0,0.3,0.010363,0.009075,0.001288,1,1,1,-0.00756037,2,1,,1,0.077527,1,0.004022,9,1,no_sustained_vertical_lift_type=sustained_horizontal_transport
trace_alphabet_soup_s23_w0_10_s20d_clean_seed0_job540200,alphabet_soup,23,136,12,0,0,,3.8,1.5,1.0,0.5,0.5,0.3,0.006731,0.007132,-0.000401,1,1,1,-0.00123724,9,1,,1,0.078554,1,0.000808,12,1,no_sustained_vertical_lift_type=sustained_horizontal_transport
trace_alphabet_soup_s23_w0_10_s20d_clean_seed0_job540200,alphabet_soup,23,140,13,0,0,,3.3,1.5,1.0,0.5,0.0,0.3,0.008996,0.007774,0.001222,1,1,1,0.00051273,4,1,,1,0.078425,1,0.00049,11,1,no_sustained_vertical_lift_type=sustained_horizontal_transport
trace_alphabet_soup_s23_w0_10_s20d_clean_seed0_job540200,alphabet_soup,23,145,14,0,0,,3.8,1.5,1.0,0.5,0.5,0.3,0.005899,0.006178,-0.000279,1,1,1,0.00086098,5,1,,1,0.078751,1,0.000791,10,1,no_sustained_vertical_lift_type=sustained_horizontal_transport
trace_alphabet_soup_s23_w0_10_s20d_clean_seed0_job540200,alphabet_soup,23,147,15,0,0,,3.8,1.5,1.0,0.5,0.5,0.3,0.00326,0.004676,-0.001416,1,1,1,0.00062319,2,1,,1,0.076968,1,0.0,12,1,no_sustained_vertical_lift_type=sustained_horizontal_transport
trace_alphabet_soup_s23_w0_10_s20d_clean_seed0_job540200,alphabet_soup,23,150,16,0,0,,3.3,1.5,1.0,0.5,0.0,0.3,0.009136,0.004762,0.004374,1,1,1,0.00013117,3,1,,1,0.074288,1,0.0,12,1,no_sustained_vertical_lift_type=sustained_horizontal_transport
trace_alphabet_soup_s23_w0_10_s20d_clean_seed0_job540200,alphabet_soup,23,153,17,0,0,,3.3,1.5,1.0,0.5,0.0,0.3,0.015885,0.014781,0.001104,1,1,1,8.683e-05,3,1,,1,0.068553,1,0.0,13,1,no_sustained_vertical_lift_type=sustained_horizontal_transport
trace_alphabet_soup_s23_w0_10_s20d_clean_seed0_job540200,alphabet_soup,23,181,18,0,0,,3.3,1.5,1.0,0.5,0.0,0.3,0.005283,0.004698,0.000585,1,1,1,-5.612e-05,28,1,,1,0.073924,1,0.0,0,1,no_sustained_vertical_lift_type=no_sustained_motion
trace_alphabet_soup_s23_w0_10_s20d_clean_seed0_job540200,alphabet_soup,23,196,19,0,0,,3.8,1.5,1.0,0.5,0.5,0.3,0.002114,0.002536,-0.000422,1,1,1,-8.825e-05,15,1,,1,0.074321,1,0.0,0,0,no_sustained_vertical_lift_type=no_sustained_motion
trace_alphabet_soup_s23_w0_10_s20d_clean_seed0_job540200,alphabet_soup,23,205,20,0,0,,3.3,1.5,1.0,0.5,0.0,0.3,0.003872,0.003652,0.00022,1,1,1,-9.899e-05,9,1,,1,0.074113,1,0.0,0,0,no_sustained_vertical_lift_type=no_sustained_motion
trace_alphabet_soup_s23_w0_10_s20d_clean_seed0_job540200,alphabet_soup,23,210,21,0,0,,3.3,1.5,1.0,0.5,0.0,0.3,0.021014,0.01949,0.001524,1,1,1,-0.00011161,5,1,,1,0.09959,1,0.0,0,1,eef_not_near_object_dist=0.0996
trace_alphabet_soup_s23_w0_10_s20d_clean_seed0_job540200,alphabet_soup,23,215,22,0,0,,3.3,1.5,1.0,0.5,0.0,0.3,0.009745,0.008258,0.001487,1,1,1,-0.00017981,5,1,,1,0.114311,1,0.0,0,1,eef_not_near_object_dist=0.1143
trace_alphabet_soup_s23_w0_10_s20d_clean_seed0_job540200,alphabet_soup,23,223,23,0,0,,3.3,1.5,1.0,0.5,0.0,0.3,0.017253,0.017284,-3.1e-05,1,1,1,-0.00016113,8,1,,1,0.136237,1,0.0,0,1,eef_not_near_object_dist=0.1362
trace_alphabet_soup_s23_w0_10_s20d_clean_seed0_job540200,alphabet_soup,23,228,24,0,0,,3.3,1.5,1.0,0.5,0.0,0.3,0.017898,0.017952,-5.4e-05,1,1,1,-0.00012842,5,1,,1,0.161658,1,0.0,0,1,eef_not_near_object_dist=0.1617
trace_alphabet_soup_s23_w0_10_s20d_clean_seed0_job540200,alphabet_soup,23,232,25,0,0,,3.8,1.5,1.0,0.5,0.5,0.3,0.006404,0.00878,-0.002376,1,1,1,-0.00011739,4,1,,1,0.173537,1,0.0,0,1,eef_not_near_object_dist=0.1735
trace_alphabet_soup_s23_w0_10_s20d_clean_seed0_job540200,alphabet_soup,23,236,26,0,0,,3.3,1.5,1.0,0.5,0.0,0.3,0.026995,0.023645,0.00335,1,1,1,-0.00018611,4,1,,1,0.204373,1,0.0,0,1,eef_not_near_object_dist=0.2044
trace_alphabet_soup_s23_w0_10_s20d_clean_seed0_job540200,alphabet_soup,23,239,27,0,0,,3.3,1.5,1.0,0.5,0.0,0.3,0.014718,0.017503,-0.002785,1,1,1,-9.531e-05,3,1,,1,0.217807,1,0.0,0,1,eef_not_near_object_dist=0.2178
trace_alphabet_soup_s23_w0_10_s20d_clean_seed0_job540200,alphabet_soup,23,247,28,0,0,,3.3,1.5,1.0,0.5,0.0,0.3,0.016712,0.019632,-0.00292,1,1,1,-0.00018858,8,1,,1,0.263376,1,0.0,0,1,eef_not_near_object_dist=0.2634
trace_alphabet_soup_s26_w0_10_s20d_clean_seed0_job590300,alphabet_soup,26,47,0,0,0,-45,3.3,1.5,1.0,0.5,0.0,0.3,0.006618,0.00593,0.000688,1,1,1,-0.01719383,,1,,1,0.040305,1,0.000183,0,0,no_sustained_vertical_lift_type=no_sustained_motion
trace_alphabet_soup_s26_w0_10_s20d_clean_seed0_job590300,alphabet_soup,26,50,1,0,0,-42,3.8,1.5,1.0,0.5,0.5,0.3,0.00889,0.010131,-0.001241,1,1,1,-0.00869893,3,1,,1,0.048752,1,1.3e-05,0,0,no_sustained_vertical_lift_type=no_sustained_motion
trace_alphabet_soup_s26_w0_10_s20d_clean_seed0_job590300,alphabet_soup,26,71,2,0,0,-21,3.3,1.5,1.0,0.5,0.0,0.3,0.006315,0.00566,0.000655,1,1,1,-7.813e-05,21,1,,1,0.175224,1,0.0,0,1,eef_not_near_object_dist=0.1752
trace_alphabet_soup_s26_w0_10_s20d_clean_seed0_job590300,alphabet_soup,26,92,3,1,1,0,3.3,1.5,1.0,0.5,0.0,0.3,0.026408,0.027039,-0.000631,1,1,1,-0.00010486,21,1,,1,0.037258,1,0.086896,9,1,
trace_alphabet_soup_s26_w0_10_s20d_clean_seed0_job590300,alphabet_soup,26,171,4,0,0,79,3.8,1.5,1.0,0.5,0.5,0.3,0.002841,0.010223,-0.007382,1,1,1,-0.00038332,79,1,,1,0.037009,1,0.0,3,1,no_sustained_vertical_lift_type=sustained_horizontal_transport
trace_alphabet_soup_s26_w0_10_s20d_clean_seed0_job590300,alphabet_soup,26,176,5,0,0,84,3.3,1.5,1.0,0.5,0.0,0.3,0.007664,0.003815,0.003849,1,1,1,-0.00014818,5,1,,1,0.037864,1,0.0,0,1,no_sustained_vertical_lift_type=no_sustained_motion
trace_alphabet_soup_s28_w0_10_s20d_clean_seed0_job590300,alphabet_soup,28,92,0,0,0,,3.3,1.5,1.0,0.5,0.0,0.3,0.029809,0.029963,-0.000154,1,1,1,-2.423e-05,,1,,1,0.020342,1,0.003937,10,1,no_sustained_vertical_lift_type=sustained_horizontal_transport
trace_alphabet_soup_s28_w0_10_s20d_clean_seed0_job590300,alphabet_soup,28,198,1,0,0,,3.8,1.5,1.0,0.5,0.5,0.3,0.002104,0.005624,-0.00352,1,1,1,0.00337201,106,1,,1,0.027901,1,0.00064,0,1,no_sustained_vertical_lift_type=no_sustained_motion
trace_alphabet_soup_s28_w0_10_s20d_clean_seed0_job590300,alphabet_soup,28,204,2,0,0,,3.8,1.5,1.0,0.5,0.5,0.3,0.002375,0.003787,-0.001412,1,1,1,0.00283819,6,1,,1,0.028003,1,0.000241,0,1,no_sustained_vertical_lift_type=no_sustained_motion
trace_bbq_sauce_s1_w0_10_s20d_clean_seed0_job530200,bbq_sauce,1,45,0,0,0,,3.3,1.5,1.0,0.5,0.0,0.3,0.020414,0.023959,-0.003545,1,1,1,2.386e-05,,1,,1,0.036956,1,0.001904,0,1,no_sustained_vertical_lift_type=no_sustained_motion
trace_bbq_sauce_s1_w0_10_s20d_clean_seed0_job530200,bbq_sauce,1,48,1,0,0,,3.3,1.5,1.0,0.5,0.0,0.3,0.01502,0.01483,0.00019,1,1,1,2.829e-05,3,1,,1,0.032182,1,0.002643,0,1,no_sustained_vertical_lift_type=no_sustained_motion
trace_bbq_sauce_s1_w0_10_s20d_clean_seed0_job530200,bbq_sauce,1,58,2,0,0,,3.3,1.5,1.0,0.5,0.0,0.3,0.008725,0.006715,0.00201,1,1,1,-0.00030917,10,1,,1,0.044079,1,0.0,0,0,no_sustained_vertical_lift_type=no_sustained_motion
trace_bbq_sauce_s1_w0_10_s20d_clean_seed0_job530200,bbq_sauce,1,72,3,0,0,,3.3,1.5,1.0,0.5,0.0,0.3,0.023164,0.026138,-0.002974,1,1,1,5.056e-05,14,1,,1,0.102262,1,0.0,0,1,eef_not_near_object_dist=0.1023
trace_bbq_sauce_s1_w0_10_s20d_clean_seed0_job530200,bbq_sauce,1,80,4,0,0,,3.3,1.5,1.0,0.5,0.0,0.3,0.017368,0.00176,0.015608,1,1,1,2.339e-05,8,1,,1,0.115691,1,0.0,0,1,eef_not_near_object_dist=0.1157
trace_bbq_sauce_s1_w0_10_s20d_clean_seed0_job530200,bbq_sauce,1,98,5,0,0,,3.3,1.5,1.0,0.5,0.0,0.3,0.024922,0.024192,0.00073,1,1,1,1.91e-05,18,1,,1,0.054309,1,0.0,0,0,no_sustained_vertical_lift_type=no_sustained_motion
trace_bbq_sauce_s1_w0_10_s20d_clean_seed0_job530200,bbq_sauce,1,113,6,0,0,,3.3,1.5,1.0,0.5,0.0,0.3,0.002536,0.002242,0.000294,1,1,1,2.526e-05,15,1,,1,0.093131,1,0.0,0,1,eef_not_near_object_dist=0.0931
trace_bbq_sauce_s1_w0_10_s20d_clean_seed0_job530200,bbq_sauce,1,115,7,0,0,,3.3,1.5,1.0,0.5,0.0,0.3,0.004056,0.002533,0.001523,1,1,1,4.373e-05,2,1,,1,0.092987,1,0.0,0,1,eef_not_near_object_dist=0.0930
trace_bbq_sauce_s1_w0_10_s20d_clean_seed0_job530200,bbq_sauce,1,119,8,0,0,,3.8,1.5,1.0,0.5,0.5,0.3,0.008363,0.00997,-0.001607,1,1,1,-9.07e-06,4,1,,1,0.095961,1,0.0,0,1,eef_not_near_object_dist=0.0960
trace_bbq_sauce_s1_w0_10_s20d_clean_seed0_job530200,bbq_sauce,1,137,9,0,0,,3.3,1.5,1.0,0.5,0.0,0.3,0.03021,0.032304,-0.002094,1,1,1,8.915e-05,18,1,,1,0.184145,1,0.0,0,1,eef_not_near_object_dist=0.1841
trace_bbq_sauce_s1_w0_10_s20d_clean_seed0_job530200,bbq_sauce,1,146,10,0,0,,3.3,1.5,1.0,0.5,0.0,0.3,0.026529,0.031608,-0.005079,1,1,1,0.00016562,9,1,,1,0.233541,1,0.0,0,1,eef_not_near_object_dist=0.2335
trace_bbq_sauce_s1_w0_10_s20d_clean_seed0_job530200,bbq_sauce,1,157,11,0,0,,3.3,1.5,1.0,0.5,0.0,0.3,0.025494,0.03257,-0.007076,1,1,1,0.00014355,11,1,,1,0.319414,1,0.0,0,1,eef_not_near_object_dist=0.3194
trace_bbq_sauce_s1_w0_10_s20d_clean_seed0_job530200,bbq_sauce,1,182,12,0,0,,3.3,1.5,1.0,0.5,0.0,0.3,0.01141,0.017696,-0.006286,1,1,1,0.00016325,25,1,,1,0.385403,1,0.0,0,1,eef_not_near_object_dist=0.3854
trace_bbq_sauce_s4_w0_10_s20d_clean_seed0_job590000,bbq_sauce,4,56,0,0,0,,3.8,1.5,1.0,0.5,0.5,0.3,0.007437,0.010167,-0.00273,1,1,1,1.933e-05,,1,,1,0.023308,1,0.002236,0,1,no_sustained_vertical_lift_type=no_sustained_motion
trace_bbq_sauce_s4_w0_10_s20d_clean_seed0_job590000,bbq_sauce,4,58,1,0,0,,3.8,1.5,1.0,0.5,0.5,0.3,0.001661,0.0038,-0.002139,1,1,1,3.291e-05,2,1,,1,0.023725,1,0.003829,0,1,no_sustained_vertical_lift_type=no_sustained_motion
trace_bbq_sauce_s4_w0_10_s20d_clean_seed0_job590000,bbq_sauce,4,137,2,0,0,,3.3,1.5,1.0,0.5,0.0,0.3,0.016705,0.021156,-0.004451,1,1,1,-0.00060765,79,1,,1,0.026906,1,0.0,0,1,no_sustained_vertical_lift_type=no_sustained_motion
trace_bbq_sauce_s4_w0_10_s20d_clean_seed0_job590000,bbq_sauce,4,142,3,0,0,,3.8,1.5,1.0,0.5,0.5,0.3,0.002693,0.006795,-0.004102,1,1,1,-0.00050258,5,1,,1,0.026911,1,0.0,0,1,no_sustained_vertical_lift_type=no_sustained_motion
trace_bbq_sauce_s5_w0_10_s20d_clean_seed0_job590000,bbq_sauce,5,64,0,0,1,,3.3,1.5,1.0,0.5,0.0,0.3,0.020727,0.022045,-0.001318,1,1,1,-5.036e-05,,1,,1,0.05482,1,0.017463,3,1,
trace_bbq_sauce_s5_w0_10_s20d_clean_seed0_job590000,bbq_sauce,5,68,1,0,1,,3.3,1.5,1.0,0.5,0.0,0.3,0.015297,0.015056,0.000241,1,1,1,-3.534e-05,4,1,,1,0.038014,1,0.061974,7,1,
trace_bbq_sauce_s6_w0_10_s20d_clean_seed0_job590000,bbq_sauce,6,22,0,0,0,,3.3,1.5,1.0,0.5,0.0,0.3,0.010258,0.006069,0.004189,1,1,1,-2.02e-05,,1,,1,0.290697,1,0.0,0,1,eef_not_near_object_dist=0.2907
trace_bbq_sauce_s6_w0_10_s20d_clean_seed0_job590000,bbq_sauce,6,76,1,0,0,,3.3,1.5,1.0,0.5,0.0,0.3,0.009491,0.007663,0.001828,1,1,1,-2.16e-05,54,1,,1,0.074775,1,0.0,0,0,no_sustained_vertical_lift_type=no_sustained_motion
trace_bbq_sauce_s6_w0_10_s20d_clean_seed0_job590000,bbq_sauce,6,98,2,0,0,,3.3,1.5,1.0,0.5,0.0,0.3,0.01038,0.002101,0.008279,1,1,1,-0.00021587,22,1,,1,0.13954,1,0.0,0,1,eef_not_near_object_dist=0.1395
trace_bbq_sauce_s6_w0_10_s20d_clean_seed0_job590000,bbq_sauce,6,103,3,0,0,,3.8,1.5,1.0,0.5,0.5,0.3,0.003363,0.008026,-0.004663,1,1,1,-0.00023605,5,1,,1,0.140445,1,0.0,0,1,eef_not_near_object_dist=0.1404
trace_bbq_sauce_s6_w0_10_s20d_clean_seed0_job590000,bbq_sauce,6,107,4,0,0,,3.8,1.5,1.0,0.5,0.5,0.3,0.002905,0.006712,-0.003807,1,1,1,-0.00022427,4,1,,1,0.142723,1,0.0,0,1,eef_not_near_object_dist=0.1427
trace_bbq_sauce_s6_w0_10_s20d_clean_seed0_job590000,bbq_sauce,6,122,5,0,0,,3.3,1.5,1.0,0.5,0.0,0.3,0.011814,0.008199,0.003615,1,1,1,-0.00021772,15,1,,1,0.094323,1,0.0,0,1,eef_not_near_object_dist=0.0943
trace_bbq_sauce_s6_w0_10_s20d_clean_seed0_job590000,bbq_sauce,6,154,6,0,0,,3.3,1.5,1.0,0.5,0.0,0.3,0.012778,0.010756,0.002022,1,1,1,-0.00025878,32,1,,1,0.087907,1,0.0,0,1,eef_not_near_object_dist=0.0879
trace_bbq_sauce_s6_w0_10_s20d_clean_seed0_job590000,bbq_sauce,6,205,7,0,0,,3.3,1.5,1.0,0.5,0.0,0.3,0.002751,0.002504,0.000247,1,1,1,-0.00124374,51,1,,1,0.082355,1,0.0,0,1,eef_not_near_object_dist=0.0824
trace_bbq_sauce_s6_w0_10_s20d_clean_seed0_job590000,bbq_sauce,6,211,8,0,0,,3.3,1.5,1.0,0.5,0.0,0.3,0.002343,0.001563,0.00078,1,1,1,-0.0005286,6,1,,1,0.085846,1,0.0,0,1,eef_not_near_object_dist=0.0858
trace_bbq_sauce_s6_w0_10_s20d_clean_seed0_job590000,bbq_sauce,6,215,9,0,0,,3.3,1.5,1.0,0.5,0.0,0.3,0.006019,0.004918,0.001101,1,1,1,-0.0004642,4,1,,1,0.080012,1,0.0,0,1,eef_not_near_object_dist=0.0800
trace_bbq_sauce_s8_w0_10_s20d_clean_seed0_job590000,bbq_sauce,8,65,0,0,1,,3.3,1.5,1.0,0.5,0.0,0.3,0.013294,0.014077,-0.000783,1,1,1,5.683e-05,,1,,1,0.028558,1,0.04219,6,1,
trace_bbq_sauce_s8_w0_10_s20d_clean_seed0_job590000,bbq_sauce,8,67,1,0,1,,3.3,1.5,1.0,0.5,0.0,0.3,0.012397,0.013579,-0.001182,1,1,1,9.92e-05,2,1,,1,0.029678,1,0.062911,8,1,
trace_bbq_sauce_s8_w0_10_s20d_clean_seed0_job590000,bbq_sauce,8,129,2,0,0,,3.8,1.5,1.0,0.5,0.5,0.3,0.002902,0.008813,-0.005911,1,1,1,0.00015751,62,1,,1,0.030487,1,0.0,0,1,no_sustained_vertical_lift_type=no_sustained_motion
trace_bbq_sauce_s8_w0_10_s20d_clean_seed0_job590000,bbq_sauce,8,131,3,0,0,,3.3,1.5,1.0,0.5,0.0,0.3,0.001788,0.001674,0.000114,1,1,1,0.00013402,2,1,,1,0.030488,1,0.0,0,1,no_sustained_vertical_lift_type=no_sustained_motion
trace_bbq_sauce_s9_w0_10_s20d_clean_seed0_job590000,bbq_sauce,9,59,0,0,0,,3.3,1.5,1.0,0.5,0.0,0.3,0.012457,0.01613,-0.003673,1,1,1,-0.00015505,,1,,1,0.042605,1,0.005338,5,1,no_sustained_vertical_lift_type=sustained_horizontal_transport
trace_bbq_sauce_s9_w0_10_s20d_clean_seed0_job590000,bbq_sauce,9,61,1,0,0,,3.8,1.5,1.0,0.5,0.5,0.3,0.007441,0.008499,-0.001058,1,1,1,-8.314e-05,2,1,,1,0.038549,1,0.003406,8,1,no_sustained_vertical_lift_type=sustained_horizontal_transport
trace_bbq_sauce_s9_w0_10_s20d_clean_seed0_job590000,bbq_sauce,9,83,2,0,0,,3.3,1.5,1.0,0.5,0.0,0.3,0.023867,0.030174,-0.006307,1,1,1,8.177e-05,22,1,,1,0.097021,1,0.0,0,1,eef_not_near_object_dist=0.0970
trace_bbq_sauce_s9_w0_10_s20d_clean_seed0_job590000,bbq_sauce,9,97,3,0,0,,3.3,1.5,1.0,0.5,0.0,0.3,0.022,0.015735,0.006265,1,1,1,5.726e-05,14,1,,1,0.137004,1,0.0,0,1,eef_not_near_object_dist=0.1370
trace_bbq_sauce_s9_w0_10_s20d_clean_seed0_job590000,bbq_sauce,9,111,4,0,0,,3.3,1.5,1.0,0.5,0.0,0.3,0.016006,0.018435,-0.002429,1,1,1,0.00018094,14,1,,1,0.049899,1,0.004389,0,1,no_sustained_vertical_lift_type=no_sustained_motion
trace_bbq_sauce_s9_w0_10_s20d_clean_seed0_job590000,bbq_sauce,9,113,5,0,0,,3.3,1.5,1.0,0.5,0.0,0.3,0.01347,0.013956,-0.000486,1,1,1,0.00018726,2,1,,1,0.041878,1,0.004701,2,1,no_sustained_vertical_lift_type=sustained_horizontal_transport
trace_bbq_sauce_s9_w0_10_s20d_clean_seed0_job590000,bbq_sauce,9,117,6,0,0,,3.3,1.5,1.0,0.5,0.0,0.3,0.011666,0.012463,-0.000797,1,1,1,0.00023296,4,1,,1,0.026901,1,0.006069,5,1,no_sustained_vertical_lift_type=sustained_horizontal_transport
trace_butter_s0_w0_10_s20d_clean_seed0_job510100,butter,0,6,0,0,0,,3.3,1.5,1.0,0.5,0.0,0.3,0.003707,0.002886,0.000821,1,1,1,-9.97e-06,,1,,1,0.344907,1,0.0,0,1,eef_not_near_object_dist=0.3449
trace_butter_s0_w0_10_s20d_clean_seed0_job510100,butter,0,61,1,0,1,,3.3,1.5,1.0,0.5,0.0,0.3,0.037225,0.037554,-0.000329,1,1,1,-2.857e-05,55,1,,1,0.01978,1,0.010933,2,1,
trace_butter_s0_w0_10_s20d_clean_seed0_job510100,butter,0,63,2,0,1,,3.3,1.5,1.0,0.5,0.0,0.3,0.015999,0.026538,-0.010539,1,1,1,-0.00794743,2,1,,1,0.019818,1,0.031537,4,1,
trace_butter_s0_w0_10_s20d_clean_seed0_job510100,butter,0,146,3,0,0,,3.3,1.5,1.0,0.5,0.0,0.3,0.023463,0.029318,-0.005855,1,1,1,2.141e-05,83,1,,1,0.01873,1,0.0,4,1,no_sustained_vertical_lift_type=sustained_horizontal_transport
trace_butter_s3_w0_10_s20d_clean_seed0_job510100,butter,3,8,0,0,0,-60,3.3,1.5,1.0,0.5,0.0,0.3,0.007276,0.006035,0.001241,1,1,1,-5.328e-05,,1,,1,0.34815,1,0.0,0,1,eef_not_near_object_dist=0.3481
trace_butter_s3_w0_10_s20d_clean_seed0_job510100,butter,3,68,1,1,1,0,3.8,1.5,1.0,0.5,0.5,0.3,0.000417,0.007324,-0.006907,1,1,1,-0.00073646,60,1,,1,0.032545,1,0.07371,7,1,
trace_butter_s3_w0_10_s20d_clean_seed0_job510100,butter,3,156,2,0,0,88,3.3,1.5,1.0,0.5,0.0,0.3,0.011552,0.009846,0.001706,1,1,1,-4.416e-05,88,1,,1,0.034347,1,0.0,0,1,no_sustained_vertical_lift_type=no_sustained_motion
trace_butter_s4_w0_10_s20d_clean_seed0_job510100,butter,4,11,0,0,0,,3.3,1.5,1.0,0.5,0.0,0.3,0.01819,0.01783,0.00036,1,1,1,-4.959e-05,,1,,1,0.335787,1,0.0,0,1,eef_not_near_object_dist=0.3358
trace_butter_s4_w0_10_s20d_clean_seed0_job510100,butter,4,47,1,0,0,,3.3,1.5,1.0,0.5,0.0,0.3,0.038363,0.038018,0.000345,1,1,1,-0.00019807,36,1,,1,0.069366,1,0.0,0,0,no_sustained_vertical_lift_type=no_sustained_motion
trace_butter_s4_w0_10_s20d_clean_seed0_job510100,butter,4,69,2,0,0,,3.3,1.5,1.0,0.5,0.0,0.3,0.026699,0.033888,-0.007189,1,1,1,-9.218e-05,22,1,,1,0.169634,1,0.0,0,1,eef_not_near_object_dist=0.1696
trace_butter_s4_w0_10_s20d_clean_seed0_job510100,butter,4,79,3,0,0,,3.3,1.5,1.0,0.5,0.0,0.3,0.024961,0.034691,-0.00973,1,1,1,-0.00012818,10,1,,1,0.263884,1,0.0,0,1,eef_not_near_object_dist=0.2639
trace_butter_s4_w0_10_s20d_clean_seed0_job510100,butter,4,87,4,0,0,,3.3,1.5,1.0,0.5,0.0,0.3,0.01254,0.011802,0.000738,1,1,1,-0.00020587,8,1,,1,0.284592,1,0.0,0,1,eef_not_near_object_dist=0.2846
trace_butter_s4_w0_10_s20d_clean_seed0_job510100,butter,4,89,5,0,0,,3.3,1.5,1.0,0.5,0.0,0.3,0.014222,0.00734,0.006882,1,1,1,-0.00028162,2,1,,1,0.280836,1,0.0,0,1,eef_not_near_object_dist=0.2808
trace_butter_s4_w0_10_s20d_clean_seed0_job510100,butter,4,93,6,0,0,,3.3,1.5,1.0,0.5,0.0,0.3,0.010982,0.01352,-0.002538,1,1,1,3.4e-06,4,1,,1,0.283102,1,0.0,0,1,eef_not_near_object_dist=0.2831
trace_butter_s4_w0_10_s20d_clean_seed0_job510100,butter,4,97,7,0,0,,3.3,1.5,1.0,0.5,0.0,0.3,0.017865,0.021061,-0.003196,1,1,1,5.17e-06,4,1,,1,0.303136,1,0.0,0,1,eef_not_near_object_dist=0.3031
trace_butter_s4_w0_10_s20d_clean_seed0_job510100,butter,4,122,8,0,0,,3.3,1.5,1.0,0.5,0.0,0.3,0.035012,0.035366,-0.000354,1,1,1,-1.59e-05,25,1,,1,0.155516,1,0.0,0,1,eef_not_near_object_dist=0.1555
trace_butter_s4_w0_10_s20d_clean_seed0_job510100,butter,4,156,9,0,0,,3.3,1.5,1.0,0.5,0.0,0.3,0.012016,0.013198,-0.001182,1,1,1,-0.0002359,34,1,,1,0.356809,1,0.0,0,1,eef_not_near_object_dist=0.3568
trace_butter_s4_w0_10_s20d_clean_seed0_job510100,butter,4,188,10,0,0,,3.3,1.5,1.0,0.5,0.0,0.3,0.012235,0.012294,-5.9e-05,1,1,1,-4.369e-05,32,1,,1,0.184446,1,0.0,0,1,eef_not_near_object_dist=0.1844
trace_butter_s4_w0_10_s20d_clean_seed0_job510100,butter,4,193,11,0,0,,3.3,1.5,1.0,0.5,0.0,0.3,0.014381,0.015617,-0.001236,1,1,1,-1.4e-05,5,1,,1,0.176756,1,0.0,0,1,eef_not_near_object_dist=0.1768
trace_butter_s4_w0_10_s20d_clean_seed0_job510100,butter,4,196,12,0,0,,3.3,1.5,1.0,0.5,0.0,0.3,0.011813,0.012301,-0.000488,1,1,1,-7.7e-07,3,1,,1,0.173955,1,0.0,0,1,eef_not_near_object_dist=0.1740
trace_butter_s4_w0_10_s20d_clean_seed0_job510100,butter,4,236,13,0,0,,3.3,1.5,1.0,0.5,0.0,0.3,0.006765,0.00444,0.002325,1,1,1,7.453e-05,40,1,,1,0.174776,1,0.0,0,1,eef_not_near_object_dist=0.1748
trace_butter_s4_w0_10_s20d_clean_seed0_job510100,butter,4,252,14,0,0,,3.8,1.5,1.0,0.5,0.5,0.3,0.00415,0.004172,-2.2e-05,1,1,1,8.644e-05,16,1,,1,0.160732,1,0.0,0,1,eef_not_near_object_dist=0.1607
trace_butter_s4_w0_10_s20d_clean_seed0_job510100,butter,4,261,15,0,0,,3.8,1.5,1.0,0.5,0.5,0.3,0.003238,0.004379,-0.001141,1,1,1,5.463e-05,9,1,,1,0.149663,1,0.0,0,1,eef_not_near_object_dist=0.1497
trace_butter_s4_w0_10_s20d_clean_seed0_job510100,butter,4,266,16,0,0,,3.8,1.5,1.0,0.5,0.5,0.3,0.002378,0.00381,-0.001432,1,1,1,6.416e-05,5,1,,1,0.149145,1,0.0,0,1,eef_not_near_object_dist=0.1491
trace_butter_s4_w0_10_s20d_clean_seed0_job510100,butter,4,275,17,0,0,,3.8,1.5,1.0,0.5,0.5,0.3,0.00534,0.005774,-0.000434,1,1,1,6.8e-05,9,1,,1,0.137651,1,0.0,0,1,eef_not_near_object_dist=0.1377
trace_butter_s5_w0_10_s20d_clean_seed0_job590100,butter,5,1,0,0,0,,3.3,1.5,1.0,0.5,0.0,0.3,,,,1,1,1,-3.046e-05,,1,too_early,0,0.347845,1,0.0,0,1,eef_not_near_object_dist=0.3478
trace_butter_s5_w0_10_s20d_clean_seed0_job590100,butter,5,9,1,0,0,,3.3,1.5,1.0,0.5,0.0,0.3,0.006653,0.005891,0.000762,1,1,1,-6.103e-05,8,1,,1,0.340509,1,0.0,0,1,eef_not_near_object_dist=0.3405
trace_butter_s5_w0_10_s20d_clean_seed0_job590100,butter,5,13,2,0,0,,3.3,1.5,1.0,0.5,0.0,0.3,0.010761,0.009325,0.001436,1,1,1,-0.00021412,4,1,,1,0.339073,1,0.0,0,1,eef_not_near_object_dist=0.3391
trace_butter_s5_w0_10_s20d_clean_seed0_job590100,butter,5,65,3,0,0,,3.3,1.5,1.0,0.5,0.0,0.3,0.03331,0.032521,0.000789,1,1,1,-5.972e-05,52,1,,1,0.033987,1,0.001593,2,1,no_sustained_vertical_lift_type=sustained_horizontal_transport
trace_butter_s5_w0_10_s20d_clean_seed0_job590100,butter,5,67,4,0,0,,3.3,1.5,1.0,0.5,0.0,0.3,0.0309,0.033846,-0.002946,1,1,1,-3.46e-06,2,1,,1,0.015908,1,0.004141,4,1,no_sustained_vertical_lift_type=sustained_horizontal_transport
trace_butter_s5_w0_10_s20d_clean_seed0_job590100,butter,5,70,5,0,1,,3.8,1.5,1.0,0.5,0.5,0.3,0.008026,0.015664,-0.007638,1,1,1,-0.00546653,3,1,,1,0.011352,1,0.009025,2,1,
trace_butter_s5_w0_10_s20d_clean_seed0_job590100,butter,5,89,6,0,1,,3.3,1.5,1.0,0.5,0.0,0.3,0.01696,0.018593,-0.001633,1,1,1,-0.0058846,19,1,,1,0.009568,1,0.153435,13,1,
trace_butter_s5_w0_10_s20d_clean_seed0_job590100,butter,5,159,7,0,0,,3.8,1.5,1.0,0.5,0.5,0.3,0.004699,0.005234,-0.000535,1,1,1,-4.888e-05,70,1,,1,0.026823,1,0.0,0,1,no_sustained_vertical_lift_type=no_sustained_motion
trace_butter_s6_w0_10_s20d_clean_seed0_job590100,butter,6,0,0,0,0,-53,1.8,0.0,1.0,0.5,0.0,0.3,,,,1,0,1,2.07e-06,,,too_early,0,0.356091,1,0.0,0,1,eef_not_near_object_dist=0.3561
trace_butter_s6_w0_10_s20d_clean_seed0_job590100,butter,6,53,1,1,1,0,3.3,1.5,1.0,0.5,0.0,0.3,0.033322,0.034748,-0.001426,1,1,1,-8.824e-05,53,1,,1,0.043746,1,0.069466,6,1,
trace_butter_s6_w0_10_s20d_clean_seed0_job590100,butter,6,136,2,0,0,83,3.8,1.5,1.0,0.5,0.5,0.3,0.003269,0.011837,-0.008568,1,1,1,-0.00019728,83,1,,1,0.02518,1,0.0,8,1,no_sustained_vertical_lift_type=sustained_horizontal_transport
trace_butter_s6_w0_10_s20d_clean_seed0_job590100,butter,6,149,3,0,0,96,3.8,1.5,1.0,0.5,0.5,0.3,0.002399,0.004337,-0.001938,1,1,1,-0.00013092,13,1,,1,0.025152,1,0.0,3,1,no_sustained_vertical_lift_type=sustained_horizontal_transport
trace_butter_s6_w0_10_s20d_clean_seed0_job590100,butter,6,153,4,0,0,100,3.3,1.5,1.0,0.5,0.0,0.3,0.00439,0.003349,0.001041,1,1,1,-0.00012493,4,1,,1,0.025149,1,0.000342,6,1,no_sustained_vertical_lift_type=sustained_horizontal_transport
trace_butter_s6_w0_10_s20d_clean_seed0_job590100,butter,6,156,5,0,0,103,3.3,1.5,1.0,0.5,0.0,0.3,0.002461,0.001957,0.000504,1,1,1,-0.00013106,3,1,,1,0.025148,1,0.00025,2,1,no_sustained_vertical_lift_type=sustained_horizontal_transport
trace_butter_s6_w0_10_s20d_clean_seed0_job590100,butter,6,161,6,0,0,108,3.8,1.5,1.0,0.5,0.5,0.3,0.00217,0.002637,-0.000467,1,1,1,-0.00014431,5,1,,1,0.025142,1,0.0,0,1,no_sustained_vertical_lift_type=no_sustained_motion
trace_butter_s6_w0_10_s20d_clean_seed0_job590100,butter,6,168,7,0,0,115,3.3,1.5,1.0,0.5,0.0,0.3,0.003548,0.002141,0.001407,1,1,1,-0.0001713,7,1,,1,0.025413,1,0.0,0,1,no_sustained_vertical_lift_type=no_sustained_motion
trace_butter_s7_w0_10_s20d_clean_seed0_job590100,butter,7,52,0,0,1,,3.3,1.5,1.0,0.5,0.0,0.3,0.013406,0.018702,-0.005296,1,1,1,-0.0089574,,1,,1,0.0226,1,0.03738,4,1,
trace_butter_s7_w0_10_s20d_clean_seed0_job590100,butter,7,54,1,0,1,,3.8,1.5,1.0,0.5,0.5,0.3,0.006582,0.009622,-0.00304,1,1,1,-0.01119525,2,1,,1,0.023672,1,0.061134,6,1,
trace_butter_s7_w0_10_s20d_clean_seed0_job590100,butter,7,135,2,0,0,,3.3,1.5,1.0,0.0,0.5,0.3,0.003174,0.004477,-0.001303,1,1,1,0.00635828,81,1,,1,0.019376,1,0.001174,6,1,no_sustained_vertical_lift_type=sustained_horizontal_transport
trace_butter_s7_w0_10_s20d_clean_seed0_job590100,butter,7,140,3,0,0,,3.0,1.5,1.0,0.0,0.5,0.0,0.003856,0.005095,-0.001239,1,1,1,0.01191339,5,1,,1,0.020877,1,0.003863,5,1,no_sustained_vertical_lift_type=sustained_horizontal_transport
trace_butter_s8_w0_10_s20d_clean_seed0_job590100,butter,8,62,0,1,1,0,3.3,1.5,1.0,0.5,0.0,0.3,0.032385,0.032623,-0.000238,1,1,1,-6.605e-05,,1,,1,0.024917,1,0.079158,7,1,
trace_butter_s8_w0_10_s20d_clean_seed0_job590100,butter,8,144,1,0,0,82,3.8,1.5,1.0,0.5,0.5,0.3,0.005847,0.008142,-0.002295,1,1,1,-0.00017036,82,1,,1,0.022202,1,0.0,10,1,no_sustained_vertical_lift_type=sustained_horizontal_transport
trace_butter_s8_w0_10_s20d_clean_seed0_job590100,butter,8,149,2,0,0,87,3.3,1.5,1.0,0.5,0.0,0.3,0.006549,0.005216,0.001333,1,1,1,-0.00012995,5,1,,1,0.022193,1,0.0,12,1,no_sustained_vertical_lift_type=sustained_horizontal_transport
trace_butter_s8_w0_10_s20d_clean_seed0_job590100,butter,8,155,3,0,0,93,3.3,1.5,1.0,0.5,0.0,0.3,0.007147,0.005264,0.001883,1,1,1,-0.00010941,6,1,,1,0.02218,1,0.0,4,1,no_sustained_vertical_lift_type=sustained_horizontal_transport
trace_butter_s9_w0_10_s20d_clean_seed0_job590100,butter,9,6,0,0,0,,3.3,1.5,1.0,0.5,0.0,0.3,0.010229,0.009488,0.000741,1,1,1,-3.355e-05,,1,,1,0.34876,1,0.0,0,1,eef_not_near_object_dist=0.3488
trace_butter_s9_w0_10_s20d_clean_seed0_job590100,butter,9,46,1,0,0,,3.3,1.5,1.0,0.5,0.0,0.3,0.037481,0.0381,-0.000619,1,1,1,-0.00014381,40,1,,1,0.072233,1,0.0,0,0,no_sustained_vertical_lift_type=no_sustained_motion
trace_butter_s9_w0_10_s20d_clean_seed0_job590100,butter,9,75,2,0,0,,3.3,1.5,1.0,0.5,0.0,0.3,0.02808,0.036408,-0.008328,1,1,1,-0.00017199,29,1,,1,0.254167,1,0.0,0,1,eef_not_near_object_dist=0.2542
trace_butter_s9_w0_10_s20d_clean_seed0_job590100,butter,9,88,3,0,0,,3.3,1.5,1.0,0.5,0.0,0.3,0.012226,0.024266,-0.01204,1,1,1,-0.00027897,13,1,,1,0.302719,1,0.0,0,1,eef_not_near_object_dist=0.3027
trace_butter_s9_w0_10_s20d_clean_seed0_job590100,butter,9,121,4,0,0,,3.3,1.5,1.0,0.5,0.0,0.3,0.032807,0.034153,-0.001346,1,1,1,-9.414e-05,33,1,,1,0.151552,1,0.0,0,1,eef_not_near_object_dist=0.1516
trace_butter_s9_w0_10_s20d_clean_seed0_job590100,butter,9,182,5,0,0,,3.8,1.5,1.0,0.5,0.5,0.3,6.5e-05,8.5e-05,-2e-05,1,1,1,-0.00631428,61,1,,1,0.100575,1,0.0,0,1,eef_not_near_object_dist=0.1006
trace_butter_s9_w0_10_s20d_clean_seed0_job590100,butter,9,192,6,0,0,,3.8,1.5,1.0,0.5,0.5,0.3,0.002084,0.002414,-0.00033,1,1,1,-0.01169873,10,1,,1,0.101842,1,0.0,0,1,eef_not_near_object_dist=0.1018
trace_butter_s9_w0_10_s20d_clean_seed0_job590100,butter,9,199,7,0,0,,3.8,1.5,1.0,0.5,0.5,0.3,0.002191,0.002653,-0.000462,1,1,1,-0.01855082,7,1,,1,0.102951,1,0.0,0,1,eef_not_near_object_dist=0.1030
trace_chocolate_pudding_s0_w0_10_s20d_clean_seed0_job520100,chocolate_pudding,0,49,0,0,0,,3.3,1.5,1.0,0.5,0.0,0.3,0.036633,0.038274,-0.001641,1,1,1,-8.24e-05,,1,,1,0.030687,1,0.00015,8,1,no_sustained_vertical_lift_type=sustained_horizontal_transport
trace_chocolate_pudding_s0_w0_10_s20d_clean_seed0_job520100,chocolate_pudding,0,60,1,0,0,,3.8,1.5,1.0,0.5,0.5,0.3,0.007043,0.008103,-0.00106,1,1,1,0.00094755,11,1,,1,0.006855,1,1.6e-05,0,1,no_sustained_vertical_lift_type=no_sustained_motion
trace_chocolate_pudding_s0_w0_10_s20d_clean_seed0_job520100,chocolate_pudding,0,79,2,0,0,,3.8,1.5,1.0,0.5,0.5,0.3,0.001742,0.001819,-7.7e-05,1,1,1,-0.00039716,19,1,,1,0.015095,1,1.5e-05,0,1,no_sustained_vertical_lift_type=no_sustained_motion
trace_chocolate_pudding_s0_w0_10_s20d_clean_seed0_job520100,chocolate_pudding,0,82,3,0,0,,3.8,1.5,1.0,0.5,0.5,0.3,0.00119,0.001414,-0.000224,1,1,1,-0.00283378,3,1,,1,0.013352,1,0.0,0,1,no_sustained_vertical_lift_type=no_sustained_motion
trace_chocolate_pudding_s0_w0_10_s20d_clean_seed0_job520100,chocolate_pudding,0,86,4,0,0,,3.3,1.5,1.0,0.5,0.0,0.3,0.0046,0.003321,0.001279,1,1,1,-0.00634084,4,1,,1,0.008871,1,0.0,0,1,no_sustained_vertical_lift_type=no_sustained_motion
trace_chocolate_pudding_s0_w0_10_s20d_clean_seed0_job520100,chocolate_pudding,0,96,5,0,0,,3.3,1.5,1.0,0.5,0.0,0.3,0.000644,0.000586,5.8e-05,1,1,1,-0.01013588,10,1,,1,0.007733,1,0.0,0,1,no_sustained_vertical_lift_type=no_sustained_motion
trace_chocolate_pudding_s0_w0_10_s20d_clean_seed0_job520100,chocolate_pudding,0,106,6,0,0,,3.3,1.5,1.0,0.5,0.0,0.3,0.000166,9.5e-05,7.1e-05,1,1,1,-0.01013332,10,1,,1,0.008107,1,0.000143,0,1,no_sustained_vertical_lift_type=no_sustained_motion
trace_chocolate_pudding_s0_w0_10_s20d_clean_seed0_job520100,chocolate_pudding,0,111,7,0,0,,3.8,1.5,1.0,0.5,0.5,0.3,0.000525,0.000605,-8e-05,1,1,1,-0.00969364,5,1,,1,0.008758,1,0.000143,4,1,no_sustained_vertical_lift_type=sustained_horizontal_transport
trace_chocolate_pudding_s0_w0_10_s20d_clean_seed0_job520100,chocolate_pudding,0,116,8,0,0,,3.3,1.5,1.0,0.5,0.0,0.3,0.000524,0.000433,9.1e-05,1,1,1,-0.01112464,5,1,,1,0.00904,1,0.000319,7,1,no_sustained_vertical_lift_type=sustained_horizontal_transport
trace_chocolate_pudding_s0_w0_10_s20d_clean_seed0_job520100,chocolate_pudding,0,120,9,0,0,,3.3,1.5,1.0,0.5,0.0,0.3,0.001283,0.001047,0.000236,1,1,1,-0.01334067,4,1,,1,0.009924,1,0.000504,10,1,no_sustained_vertical_lift_type=sustained_horizontal_transport
trace_chocolate_pudding_s0_w0_10_s20d_clean_seed0_job520100,chocolate_pudding,0,122,10,0,0,,3.3,1.5,1.0,0.5,0.0,0.3,0.001306,0.001252,5.4e-05,1,1,1,-0.01576189,2,1,,1,0.010766,1,0.000499,11,1,no_sustained_vertical_lift_type=sustained_horizontal_transport
trace_chocolate_pudding_s0_w0_10_s20d_clean_seed0_job520100,chocolate_pudding,0,130,11,0,0,,3.3,1.5,1.0,0.5,0.0,0.3,0.000786,0.000568,0.000218,1,1,1,-0.02826135,8,1,,1,0.019341,1,0.002353,5,1,no_sustained_vertical_lift_type=sustained_horizontal_transport
trace_chocolate_pudding_s0_w0_10_s20d_clean_seed0_job520100,chocolate_pudding,0,136,12,0,1,,3.3,1.5,1.0,0.5,0.0,0.3,0.000939,0.000617,0.000322,1,1,1,-0.02972481,6,1,,1,0.01997,1,0.010724,5,1,
trace_chocolate_pudding_s0_w0_10_s20d_clean_seed0_job520100,chocolate_pudding,0,139,13,0,1,,3.3,1.5,1.0,0.5,0.0,0.3,0.003641,0.003282,0.000359,1,1,1,-0.02515583,3,1,,1,0.017971,1,0.01778,8,1,
trace_chocolate_pudding_s0_w0_10_s20d_clean_seed0_job520100,chocolate_pudding,0,141,14,0,1,,3.8,1.5,1.0,0.5,0.5,0.3,0.001386,0.002219,-0.000833,1,1,1,-0.01825365,2,1,,1,0.01529,1,0.01738,10,1,
trace_chocolate_pudding_s0_w0_10_s20d_clean_seed0_job520100,chocolate_pudding,0,143,15,0,1,,3.3,1.5,1.0,0.5,0.0,0.3,0.002837,0.000995,0.001842,1,1,1,-0.01557752,2,1,,1,0.014258,1,0.017581,12,1,
trace_chocolate_pudding_s0_w0_10_s20d_clean_seed0_job520100,chocolate_pudding,0,148,16,0,1,,3.8,1.5,1.0,0.5,0.5,0.3,0.004303,0.008783,-0.00448,1,1,1,-0.01198001,5,1,,1,0.01294,1,0.009902,5,1,
trace_chocolate_pudding_s0_w0_10_s20d_clean_seed0_job520100,chocolate_pudding,0,156,17,0,0,,3.3,1.5,1.0,0.5,0.0,0.3,0.004724,0.000542,0.004182,1,1,1,-0.00391715,8,1,,1,0.01098,1,0.001879,0,1,no_sustained_vertical_lift_type=no_sustained_motion
trace_chocolate_pudding_s0_w0_10_s20d_clean_seed0_job520100,chocolate_pudding,0,164,18,0,0,,3.3,1.5,1.0,0.5,0.0,0.3,0.001855,0.001507,0.000348,1,1,1,-0.00089224,8,1,,1,0.009753,1,0.0,0,1,no_sustained_vertical_lift_type=no_sustained_motion
trace_chocolate_pudding_s3_w0_10_s20d_clean_seed0_job520100,chocolate_pudding,3,59,0,0,1,,3.3,1.5,1.0,0.5,0.0,0.3,0.016743,0.018087,-0.001344,1,1,1,-0.00018259,,1,,1,0.016214,1,0.050351,6,1,
trace_chocolate_pudding_s3_w0_10_s20d_clean_seed0_job520100,chocolate_pudding,3,61,1,0,1,,3.3,1.5,1.0,0.5,0.0,0.3,0.012739,0.016278,-0.003539,1,1,1,-0.00197241,2,1,,1,0.017702,1,0.074742,8,1,
trace_chocolate_pudding_s3_w0_10_s20d_clean_seed0_job520100,chocolate_pudding,3,145,2,0,0,,3.3,1.5,1.0,0.5,0.0,0.3,0.013284,0.009621,0.003663,1,1,1,-0.00080769,84,1,,1,0.005466,1,0.0,0,1,no_sustained_vertical_lift_type=no_sustained_motion
trace_chocolate_pudding_s3_w0_10_s20d_clean_seed0_job520100,chocolate_pudding,3,150,3,0,0,,3.8,1.5,1.0,0.5,0.5,0.3,0.005262,0.005662,-0.0004,1,1,1,-0.00014387,5,1,,1,0.009386,1,0.0,0,1,no_sustained_vertical_lift_type=no_sustained_motion
trace_chocolate_pudding_s4_w0_10_s20d_clean_seed0_job520100,chocolate_pudding,4,60,0,1,1,0,3.3,1.5,1.0,0.5,0.0,0.3,0.011425,0.013659,-0.002234,1,1,1,-0.01402635,,1,,1,0.01515,1,0.007628,8,1,
trace_chocolate_pudding_s4_w0_10_s20d_clean_seed0_job520100,chocolate_pudding,4,75,1,0,0,15,3.8,1.5,1.0,0.5,0.5,0.3,0.008127,0.009545,-0.001418,1,1,1,-0.00141213,15,1,,1,0.008925,1,0.0,0,1,no_sustained_vertical_lift_type=no_sustained_motion
trace_chocolate_pudding_s4_w0_10_s20d_clean_seed0_job520100,chocolate_pudding,4,77,2,0,0,17,3.8,1.5,1.0,0.5,0.5,0.3,0.005604,0.006534,-0.00093,1,1,1,-0.00011454,2,1,,1,0.010072,1,0.000473,0,1,no_sustained_vertical_lift_type=no_sustained_motion
trace_chocolate_pudding_s4_w0_10_s20d_clean_seed0_job520100,chocolate_pudding,4,195,3,0,0,135,2.8,1.5,1.0,0.0,0.0,0.3,0.00056,0.000438,0.000122,1,1,1,0.00687052,118,1,,1,0.009782,1,0.000494,0,1,no_sustained_vertical_lift_type=no_sustained_motion
trace_chocolate_pudding_s4_w0_10_s20d_clean_seed0_job520100,chocolate_pudding,4,201,4,0,0,141,3.8,1.5,1.0,0.5,0.5,0.3,0.000154,0.000387,-0.000233,1,1,1,0.00145266,6,1,,1,0.009202,1,0.0,6,1,no_sustained_vertical_lift_type=sustained_horizontal_transport
trace_chocolate_pudding_s4_w0_10_s20d_clean_seed0_job520100,chocolate_pudding,4,205,5,0,0,145,3.8,1.5,1.0,0.5,0.5,0.3,5.5e-05,5.6e-05,-1e-06,1,1,1,-4.067e-05,4,1,,1,0.010576,1,0.0,7,1,no_sustained_vertical_lift_type=sustained_horizontal_transport
trace_chocolate_pudding_s4_w0_10_s20d_clean_seed0_job520100,chocolate_pudding,4,209,6,0,0,149,3.3,1.5,1.0,0.5,0.0,0.3,0.007008,0.003963,0.003045,1,1,1,-0.00029974,4,1,,1,0.019057,1,0.0,3,1,no_sustained_vertical_lift_type=sustained_horizontal_transport
trace_chocolate_pudding_s4_w0_10_s20d_clean_seed0_job520100,chocolate_pudding,4,213,7,0,0,153,3.8,1.5,1.0,0.5,0.5,0.3,0.002231,0.005552,-0.003321,1,1,1,-0.0003001,4,1,,1,0.025375,1,0.0,0,1,no_sustained_vertical_lift_type=no_sustained_motion
trace_chocolate_pudding_s5_w0_10_s20d_clean_seed0_job520100,chocolate_pudding,5,55,0,1,1,0,3.3,1.5,1.0,0.5,0.0,0.3,0.027817,0.029844,-0.002027,1,1,1,-7.892e-05,,1,,1,0.055418,1,0.076746,8,1,
trace_chocolate_pudding_s5_w0_10_s20d_clean_seed0_job520100,chocolate_pudding,5,135,1,0,0,80,3.3,1.5,1.0,0.5,0.0,0.3,0.009819,0.00461,0.005209,1,1,1,6.785e-05,80,1,,1,0.034592,1,0.0,3,1,no_sustained_vertical_lift_type=sustained_horizontal_transport
trace_chocolate_pudding_s5_w0_10_s20d_clean_seed0_job520100,chocolate_pudding,5,139,2,0,0,84,3.8,1.5,1.0,0.5,0.5,0.3,0.002218,0.007526,-0.005308,1,1,1,2.54e-06,4,1,,1,0.034592,1,0.0,7,1,no_sustained_vertical_lift_type=sustained_horizontal_transport
trace_chocolate_pudding_s5_w0_10_s20d_clean_seed0_job520100,chocolate_pudding,5,143,3,0,0,88,3.3,1.5,1.0,0.5,0.0,0.3,0.012292,0.010961,0.001331,1,1,1,9.72e-06,4,1,,1,0.034589,1,0.004772,10,1,no_sustained_vertical_lift_type=sustained_horizontal_transport
trace_chocolate_pudding_s5_w0_10_s20d_clean_seed0_job520100,chocolate_pudding,5,150,4,0,0,95,3.3,1.5,1.0,0.5,0.0,0.3,0.01085,0.010343,0.000507,1,1,1,9.22e-06,7,1,,1,0.034594,1,0.0,0,1,no_sustained_vertical_lift_type=no_sustained_motion
trace_chocolate_pudding_s5_w0_10_s20d_clean_seed0_job520100,chocolate_pudding,5,154,5,0,0,99,3.8,1.5,1.0,0.5,0.5,0.3,0.004101,0.007176,-0.003075,1,1,1,1.716e-05,4,1,,1,0.035362,1,0.0,0,1,no_sustained_vertical_lift_type=no_sustained_motion
trace_chocolate_pudding_s6_w0_10_s20d_clean_seed0_job520100,chocolate_pudding,6,2,0,0,0,,3.3,1.5,1.0,0.5,0.0,0.3,,,,1,1,1,1e-08,,1,too_early,0,0.339841,1,0.0,0,1,eef_not_near_object_dist=0.3398
trace_chocolate_pudding_s6_w0_10_s20d_clean_seed0_job520100,chocolate_pudding,6,57,1,0,1,,3.8,1.5,1.0,0.5,0.5,0.3,0.00941,0.01146,-0.00205,1,1,1,-0.01502875,55,1,,1,0.015406,1,0.083853,8,1,
trace_chocolate_pudding_s6_w0_10_s20d_clean_seed0_job520100,chocolate_pudding,6,142,2,0,0,,3.3,1.5,1.0,0.5,0.0,0.3,0.017121,0.022892,-0.005771,1,1,1,-0.00087606,85,1,,1,0.00548,1,0.0,11,1,no_sustained_vertical_lift_type=sustained_horizontal_transport
trace_chocolate_pudding_s6_w0_10_s20d_clean_seed0_job520100,chocolate_pudding,6,144,3,0,0,,3.8,1.5,1.0,0.5,0.5,0.3,0.006082,0.011409,-0.005327,1,1,1,-0.00081591,2,1,,1,0.005478,1,0.0,12,1,no_sustained_vertical_lift_type=sustained_horizontal_transport
trace_chocolate_pudding_s6_w0_10_s20d_clean_seed0_job520100,chocolate_pudding,6,152,4,0,1,,3.8,1.5,1.0,0.5,0.5,0.3,0.006264,0.00691,-0.000646,1,1,1,-0.00072182,8,1,,1,0.005474,1,0.014664,4,1,
trace_chocolate_pudding_s6_w0_10_s20d_clean_seed0_job520100,chocolate_pudding,6,155,5,0,1,,3.8,1.5,1.0,0.5,0.5,0.3,0.003962,0.00403,-6.8e-05,1,1,1,-0.00057278,3,1,,1,0.005469,1,0.012532,4,1,
trace_chocolate_pudding_s7_w0_10_s20d_clean_seed0_job520100,chocolate_pudding,7,49,0,0,0,,3.3,1.5,1.0,0.5,0.0,0.3,0.02995,0.029101,0.000849,1,1,1,-9.051e-05,,1,,1,0.013874,1,0.001406,5,1,no_sustained_vertical_lift_type=sustained_horizontal_transport
trace_chocolate_pudding_s7_w0_10_s20d_clean_seed0_job520100,chocolate_pudding,7,59,1,0,0,,3.3,1.5,1.0,0.5,0.0,0.3,0.010706,0.011468,-0.000762,1,1,1,2.354e-05,10,1,,1,0.003923,1,0.0,10,1,no_sustained_vertical_lift_type=sustained_horizontal_transport
trace_chocolate_pudding_s7_w0_10_s20d_clean_seed0_job520100,chocolate_pudding,7,64,2,0,0,,3.8,1.5,1.0,0.5,0.5,0.3,0.004932,0.005502,-0.00057,1,1,1,0.00199213,5,1,,1,0.004183,1,0.0,0,1,no_sustained_vertical_lift_type=no_sustained_motion
trace_chocolate_pudding_s7_w0_10_s20d_clean_seed0_job520100,chocolate_pudding,7,75,3,0,0,,3.8,1.5,1.0,0.5,0.5,0.3,0.004302,0.004674,-0.000372,1,1,1,0.00340292,11,1,,1,0.010536,1,0.000263,8,1,no_sustained_vertical_lift_type=sustained_horizontal_transport
trace_chocolate_pudding_s7_w0_10_s20d_clean_seed0_job520100,chocolate_pudding,7,80,4,0,0,,3.8,1.5,1.0,0.5,0.5,0.3,0.001237,0.001758,-0.000521,1,1,1,-0.01080338,5,1,,1,0.012648,1,0.000262,13,1,no_sustained_vertical_lift_type=sustained_horizontal_transport
trace_chocolate_pudding_s7_w0_10_s20d_clean_seed0_job520100,chocolate_pudding,7,87,5,0,1,,3.8,1.5,1.0,0.5,0.5,0.3,0.003485,0.004152,-0.000667,1,1,1,-0.00283065,7,1,,1,0.014074,1,0.025058,4,1,
trace_chocolate_pudding_s7_w0_10_s20d_clean_seed0_job520100,chocolate_pudding,7,177,6,0,0,,3.8,1.5,1.0,0.5,0.5,0.3,0.005358,0.013413,-0.008055,1,1,1,-0.00488975,90,1,,1,0.003986,1,0.0,0,1,no_sustained_vertical_lift_type=no_sustained_motion
trace_chocolate_pudding_s7_w0_10_s20d_clean_seed0_job520100,chocolate_pudding,7,183,7,0,0,,3.3,1.5,1.0,0.5,0.0,0.3,0.002078,0.001839,0.000239,1,1,1,-0.00305676,6,1,,1,0.003498,1,0.002702,0,1,no_sustained_vertical_lift_type=no_sustained_motion
trace_chocolate_pudding_s7_w0_10_s20d_clean_seed0_job520100,chocolate_pudding,7,198,8,0,0,,3.8,1.5,1.0,0.5,0.5,0.3,0.004784,0.008264,-0.00348,1,1,1,-0.00267375,15,1,,1,0.003413,1,0.001597,0,1,no_sustained_vertical_lift_type=no_sustained_motion
trace_chocolate_pudding_s7_w0_10_s20d_clean_seed0_job520100,chocolate_pudding,7,215,9,0,1,,3.8,1.5,1.0,0.5,0.5,0.3,0.00483,0.006654,-0.001824,1,1,1,-0.0023279,17,1,,1,0.003342,1,0.010891,3,1,
trace_chocolate_pudding_s7_w0_10_s20d_clean_seed0_job520100,chocolate_pudding,7,218,10,0,0,,3.3,1.5,1.0,0.5,0.0,0.3,0.007706,0.004909,0.002797,1,1,1,-0.00191317,3,1,,1,0.003272,1,0.003482,0,1,no_sustained_vertical_lift_type=no_sustained_motion
trace_chocolate_pudding_s7_w0_10_s20d_clean_seed0_job520100,chocolate_pudding,7,228,11,0,0,,3.3,1.5,1.0,0.5,0.0,0.3,0.013946,0.011688,0.002258,1,1,1,-0.00078251,10,1,,1,0.003151,1,0.0,0,1,no_sustained_vertical_lift_type=no_sustained_motion
trace_chocolate_pudding_s8_w0_10_s20d_clean_seed0_job520100,chocolate_pudding,8,2,0,0,0,,3.3,1.5,1.0,0.5,0.0,0.3,,,,1,1,1,-1.214e-05,,1,too_early,0,0.361358,1,0.0,0,1,eef_not_near_object_dist=0.3614
trace_chocolate_pudding_s8_w0_10_s20d_clean_seed0_job520100,chocolate_pudding,8,4,1,0,0,,3.3,1.5,1.0,0.5,0.0,0.3,0.007994,0.004409,0.003585,1,1,1,-3.329e-05,2,1,,1,0.366878,1,0.0,0,1,eef_not_near_object_dist=0.3669
trace_chocolate_pudding_s8_w0_10_s20d_clean_seed0_job520100,chocolate_pudding,8,8,2,0,0,,3.8,1.5,1.0,0.5,0.5,0.3,0.003906,0.009292,-0.005386,1,1,1,-0.00013018,4,1,,1,0.370442,1,0.0,0,1,eef_not_near_object_dist=0.3704
trace_chocolate_pudding_s8_w0_10_s20d_clean_seed0_job520100,chocolate_pudding,8,12,3,0,0,,3.8,1.5,1.0,0.5,0.5,0.3,0.006303,0.006878,-0.000575,1,1,1,-0.0001115,4,1,,1,0.370375,1,0.0,0,1,eef_not_near_object_dist=0.3704
trace_chocolate_pudding_s8_w0_10_s20d_clean_seed0_job520100,chocolate_pudding,8,18,4,0,0,,3.3,1.5,1.0,0.5,0.0,0.3,0.019718,0.010674,0.009044,1,1,1,-0.00020763,6,1,,1,0.368375,1,0.0,0,1,eef_not_near_object_dist=0.3684
trace_chocolate_pudding_s8_w0_10_s20d_clean_seed0_job520100,chocolate_pudding,8,22,5,0,0,,3.8,1.5,1.0,0.5,0.5,0.3,0.006998,0.011679,-0.004681,1,1,1,-0.00029541,4,1,,1,0.37192,1,0.0,0,1,eef_not_near_object_dist=0.3719
trace_chocolate_pudding_s8_w0_10_s20d_clean_seed0_job520100,chocolate_pudding,8,26,6,0,0,,3.8,1.5,1.0,0.5,0.5,0.3,0.007774,0.011559,-0.003785,1,1,1,-0.00026938,4,1,,1,0.375684,1,0.0,0,1,eef_not_near_object_dist=0.3757
trace_chocolate_pudding_s8_w0_10_s20d_clean_seed0_job520100,chocolate_pudding,8,30,7,0,0,,3.8,1.5,1.0,0.5,0.5,0.3,0.008307,0.012022,-0.003715,1,1,1,-0.00029354,4,1,,1,0.378631,1,0.0,0,1,eef_not_near_object_dist=0.3786
trace_chocolate_pudding_s8_w0_10_s20d_clean_seed0_job520100,chocolate_pudding,8,33,8,0,0,,3.3,1.5,1.0,0.5,0.0,0.3,0.011739,0.008641,0.003098,1,1,1,-0.00019328,3,1,,1,0.38614,1,0.0,0,1,eef_not_near_object_dist=0.3861
trace_chocolate_pudding_s8_w0_10_s20d_clean_seed0_job520100,chocolate_pudding,8,35,9,0,0,,3.3,1.5,1.0,0.5,0.0,0.3,0.010704,0.013571,-0.002867,1,1,1,-0.00019239,2,1,,1,0.389179,1,0.0,0,1,eef_not_near_object_dist=0.3892
trace_chocolate_pudding_s8_w0_10_s20d_clean_seed0_job520100,chocolate_pudding,8,38,10,0,0,,3.3,1.5,1.0,0.5,0.0,0.3,0.015739,0.01388,0.001859,1,1,1,0.0001972,3,1,,1,0.396676,1,0.0,0,1,eef_not_near_object_dist=0.3967
trace_chocolate_pudding_s8_w0_10_s20d_clean_seed0_job520100,chocolate_pudding,8,149,11,0,0,,3.8,1.5,1.0,0.5,0.5,0.3,0.003021,0.003718,-0.000697,1,1,1,-0.00142861,111,1,,1,0.258053,1,0.0,0,1,eef_not_near_object_dist=0.2581
trace_chocolate_pudding_s8_w0_10_s20d_clean_seed0_job520100,chocolate_pudding,8,152,12,0,0,,3.3,1.5,1.0,0.5,0.0,0.3,0.004365,0.003625,0.00074,1,1,1,-0.0008798,3,1,,1,0.253719,1,0.0,0,1,eef_not_near_object_dist=0.2537
trace_chocolate_pudding_s8_w0_10_s20d_clean_seed0_job520100,chocolate_pudding,8,160,13,0,0,,3.8,1.5,1.0,0.5,0.5,0.3,0.001549,0.001766,-0.000217,1,1,1,-0.00140237,8,1,,1,0.247805,1,0.0,0,1,eef_not_near_object_dist=0.2478
trace_chocolate_pudding_s8_w0_10_s20d_clean_seed0_job520100,chocolate_pudding,8,169,14,0,0,,3.3,1.5,1.0,0.5,0.0,0.3,0.005784,0.005018,0.000766,1,1,1,-0.00028013,9,1,,1,0.238507,1,0.0,0,1,eef_not_near_object_dist=0.2385
trace_chocolate_pudding_s8_w0_10_s20d_clean_seed0_job520100,chocolate_pudding,8,171,15,0,0,,3.8,1.5,1.0,0.5,0.5,0.3,0.004657,0.005344,-0.000687,1,1,1,-8.999e-05,2,1,,1,0.239606,1,0.0,0,1,eef_not_near_object_dist=0.2396
trace_chocolate_pudding_s8_w0_10_s20d_clean_seed0_job520100,chocolate_pudding,8,180,16,0,0,,3.8,1.5,1.0,0.5,0.5,0.3,0.002459,0.003027,-0.000568,1,1,1,-0.00565767,9,1,,1,0.243702,1,0.0,0,1,eef_not_near_object_dist=0.2437
trace_chocolate_pudding_s8_w0_10_s20d_clean_seed0_job520100,chocolate_pudding,8,183,17,0,0,,3.8,1.5,1.0,0.5,0.5,0.3,0.00186,0.002061,-0.000201,1,1,1,-0.00618005,3,1,,1,0.244259,1,0.0,0,1,eef_not_near_object_dist=0.2443
trace_chocolate_pudding_s8_w0_10_s20d_clean_seed0_job520100,chocolate_pudding,8,199,18,0,0,,3.3,1.5,1.0,0.5,0.0,0.3,0.005775,0.005728,4.7e-05,1,1,1,-0.00715431,16,1,,1,0.249577,1,0.0,0,1,eef_not_near_object_dist=0.2496
trace_chocolate_pudding_s8_w0_10_s20d_clean_seed0_job520100,chocolate_pudding,8,203,19,0,0,,3.8,1.5,1.0,0.5,0.5,0.3,0.001598,0.004964,-0.003366,1,1,1,-0.00239439,4,1,,1,0.252877,1,0.0,0,1,eef_not_near_object_dist=0.2529
trace_chocolate_pudding_s8_w0_10_s20d_clean_seed0_job520100,chocolate_pudding,8,205,20,0,0,,3.3,1.5,1.0,0.5,0.0,0.3,0.003115,0.002748,0.000367,1,1,1,-0.00128459,2,1,,1,0.255063,1,0.0,0,1,eef_not_near_object_dist=0.2551
trace_chocolate_pudding_s8_w0_10_s20d_clean_seed0_job520100,chocolate_pudding,8,211,21,0,0,,3.3,1.5,1.0,0.5,0.0,0.3,0.004824,0.00291,0.001914,1,1,1,-0.00054786,6,1,,1,0.251851,1,0.0,0,1,eef_not_near_object_dist=0.2519
trace_chocolate_pudding_s8_w0_10_s20d_clean_seed0_job520100,chocolate_pudding,8,219,22,0,0,,3.8,1.5,1.0,0.5,0.5,0.3,0.004895,0.005028,-0.000133,1,1,1,-0.00426461,8,1,,1,0.247699,1,0.0,0,1,eef_not_near_object_dist=0.2477
trace_chocolate_pudding_s8_w0_10_s20d_clean_seed0_job520100,chocolate_pudding,8,221,23,0,0,,3.8,1.5,1.0,0.5,0.5,0.3,0.002111,0.003971,-0.00186,1,1,1,-0.00848394,2,1,,1,0.247515,1,0.0,0,1,eef_not_near_object_dist=0.2475
trace_chocolate_pudding_s8_w0_10_s20d_clean_seed0_job520100,chocolate_pudding,8,225,24,0,0,,3.8,1.5,1.0,0.5,0.5,0.3,0.002625,0.003009,-0.000384,1,1,1,-0.00397672,4,1,,1,0.249106,1,0.0,0,1,eef_not_near_object_dist=0.2491
trace_chocolate_pudding_s8_w0_10_s20d_clean_seed0_job520100,chocolate_pudding,8,228,25,0,0,,3.8,1.5,1.0,0.5,0.5,0.3,0.003299,0.003933,-0.000634,1,1,1,-0.00128273,3,1,,1,0.252296,1,0.0,0,1,eef_not_near_object_dist=0.2523
trace_chocolate_pudding_s8_w0_10_s20d_clean_seed0_job520100,chocolate_pudding,8,237,26,0,0,,3.8,1.5,1.0,0.5,0.5,0.3,0.001937,0.002514,-0.000577,1,1,1,-0.00050798,9,1,,1,0.256812,1,0.0,0,1,eef_not_near_object_dist=0.2568
trace_chocolate_pudding_s8_w0_10_s20d_clean_seed0_job520100,chocolate_pudding,8,240,27,0,0,,3.8,1.5,1.0,0.5,0.5,0.3,0.00138,0.003625,-0.002245,1,1,1,-0.00050101,3,1,,1,0.257844,1,0.0,0,1,eef_not_near_object_dist=0.2578
trace_chocolate_pudding_s8_w0_10_s20d_clean_seed0_job520100,chocolate_pudding,8,245,28,0,0,,3.3,1.5,1.0,0.5,0.0,0.3,0.003039,0.001542,0.001497,1,1,1,-0.00051414,5,1,,1,0.255833,1,0.0,0,1,eef_not_near_object_dist=0.2558
trace_chocolate_pudding_s8_w0_10_s20d_clean_seed0_job520100,chocolate_pudding,8,268,29,0,0,,3.8,1.5,1.0,0.5,0.5,0.3,0.006481,0.021399,-0.014918,1,1,1,-0.00050559,23,1,,1,0.311645,1,0.0,0,1,eef_not_near_object_dist=0.3116
trace_chocolate_pudding_s8_w0_10_s20d_clean_seed0_job520100,chocolate_pudding,8,272,30,0,0,,3.3,1.5,1.0,0.5,0.0,0.3,0.018054,0.012575,0.005479,1,1,1,-0.00046808,4,1,,1,0.320392,1,0.0,0,1,eef_not_near_object_dist=0.3204
trace_chocolate_pudding_s9_w0_10_s20d_clean_seed0_job590000,chocolate_pudding,9,50,0,0,1,,3.3,1.5,1.0,0.5,0.0,0.3,0.02885,0.026646,0.002204,1,1,1,-4.821e-05,,1,,1,0.040364,1,0.031111,6,1,
trace_chocolate_pudding_s9_w0_10_s20d_clean_seed0_job590000,chocolate_pudding,9,134,1,0,0,,3.8,1.5,1.0,0.5,0.5,0.3,0.00145,0.007402,-0.005952,1,1,1,-0.00169504,84,1,,1,0.018719,1,0.00107,0,1,no_sustained_vertical_lift_type=no_sustained_motion
trace_chocolate_pudding_s9_w0_10_s20d_clean_seed0_job590000,chocolate_pudding,9,137,2,0,0,,3.3,1.5,1.0,0.5,0.0,0.3,0.001707,0.001157,0.00055,1,1,1,-0.00114581,3,1,,1,0.018707,1,0.00152,0,1,no_sustained_vertical_lift_type=no_sustained_motion
trace_chocolate_pudding_s9_w0_10_s20d_clean_seed0_job590000,chocolate_pudding,9,139,3,0,0,,3.3,1.5,1.0,0.5,0.0,0.3,0.002614,0.001446,0.001168,1,1,1,-0.00087126,2,1,,1,0.018702,1,0.0,3,1,no_sustained_vertical_lift_type=sustained_horizontal_transport
trace_chocolate_pudding_s9_w0_10_s20d_clean_seed0_job590000,chocolate_pudding,9,147,4,0,1,,3.8,1.5,1.0,0.5,0.5,0.3,0.004371,0.006651,-0.00228,1,1,1,-0.00066755,8,1,,1,0.018697,1,0.011453,7,1,
trace_chocolate_pudding_s9_w0_10_s20d_clean_seed0_job590000,chocolate_pudding,9,149,5,0,1,,3.3,1.5,1.0,0.5,0.0,0.3,0.003277,0.002098,0.001179,1,1,1,-0.00063344,2,1,,1,0.018696,1,0.009208,9,1,
trace_chocolate_pudding_s9_w0_10_s20d_clean_seed0_job590000,chocolate_pudding,9,156,6,0,0,,3.3,1.5,1.0,0.5,0.0,0.3,0.009303,0.006786,0.002517,1,1,1,-0.00027854,7,1,,1,0.018689,1,0.002475,2,1,no_sustained_vertical_lift_type=sustained_horizontal_transport
trace_chocolate_pudding_s9_w0_10_s20d_clean_seed0_job590000,chocolate_pudding,9,159,7,0,0,,3.8,1.5,1.0,0.5,0.5,0.3,0.001682,0.002834,-0.001152,1,1,1,-5.871e-05,3,1,,1,0.018688,1,0.004014,5,1,no_sustained_vertical_lift_type=sustained_horizontal_transport
trace_chocolate_pudding_s9_w0_10_s20d_clean_seed0_job590000,chocolate_pudding,9,162,8,0,0,,3.8,1.5,1.0,0.5,0.5,0.3,0.00281,0.003006,-0.000196,1,1,1,1.924e-05,3,1,,1,0.018686,1,0.005627,2,1,no_sustained_vertical_lift_type=sustained_horizontal_transport
trace_chocolate_pudding_s9_w0_10_s20d_clean_seed0_job590000,chocolate_pudding,9,164,9,0,0,,3.8,1.5,1.0,0.5,0.5,0.3,0.001053,0.002104,-0.001051,1,1,1,3.509e-05,2,1,,1,0.018685,1,0.004233,5,1,no_sustained_vertical_lift_type=sustained_horizontal_transport
trace_chocolate_pudding_s9_w0_10_s20d_clean_seed0_job590000,chocolate_pudding,9,167,10,0,0,,3.3,1.5,1.0,0.5,0.0,0.3,0.004396,0.00404,0.000356,1,1,1,5.237e-05,3,1,,1,0.018684,1,0.00047,3,1,no_sustained_vertical_lift_type=sustained_horizontal_transport
trace_chocolate_pudding_s9_w0_10_s20d_clean_seed0_job590000,chocolate_pudding,9,173,11,0,0,,3.8,1.5,1.0,0.5,0.5,0.3,0.003284,0.004399,-0.001115,1,1,1,4.639e-05,6,1,,1,0.01868,1,0.004735,0,1,no_sustained_vertical_lift_type=no_sustained_motion
trace_chocolate_pudding_s9_w0_10_s20d_clean_seed0_job590000,chocolate_pudding,9,179,12,0,0,,3.3,1.5,1.0,0.5,0.0,0.3,0.007832,0.002938,0.004894,1,1,1,4.575e-05,6,1,,1,0.018676,1,0.0,0,1,no_sustained_vertical_lift_type=no_sustained_motion
trace_chocolate_pudding_s9_w0_10_s20d_clean_seed0_job590000,chocolate_pudding,9,181,13,0,0,,3.8,1.5,1.0,0.5,0.5,0.3,0.005203,0.007475,-0.002272,1,1,1,4.706e-05,2,1,,1,0.018215,1,0.0,0,1,no_sustained_vertical_lift_type=no_sustained_motion
trace_chocolate_pudding_s9_w0_10_s20d_clean_seed0_job590000,chocolate_pudding,9,185,14,0,0,,3.8,1.5,1.0,0.5,0.5,0.3,0.000732,0.001773,-0.001041,1,1,1,5.519e-05,4,1,,1,0.017918,1,0.0,0,1,no_sustained_vertical_lift_type=no_sustained_motion
trace_chocolate_pudding_s9_w0_10_s20d_clean_seed0_job590000,chocolate_pudding,9,188,15,0,0,,3.3,1.5,1.0,0.5,0.0,0.3,0.004127,0.003954,0.000173,1,1,1,5.434e-05,3,1,,1,0.020289,1,0.0,0,1,no_sustained_vertical_lift_type=no_sustained_motion
trace_chocolate_pudding_s16_w0_10_s20d_clean_seed0_job590000,chocolate_pudding,16,55,0,1,1,0,3.3,1.5,1.0,0.5,0.0,0.3,0.030451,0.031661,-0.00121,1,1,1,-7.23e-05,,1,,1,0.011638,1,0.022438,6,1,
trace_chocolate_pudding_s16_w0_10_s20d_clean_seed0_job590000,chocolate_pudding,16,135,1,0,0,80,3.3,1.5,1.0,0.5,0.0,0.3,0.007087,0.002268,0.004819,1,1,1,-0.00248467,80,1,,1,0.001628,1,0.0,0,1,no_sustained_vertical_lift_type=no_sustained_motion
trace_chocolate_pudding_s16_w0_10_s20d_clean_seed0_job590000,chocolate_pudding,16,139,2,0,0,84,3.8,1.5,1.0,0.5,0.5,0.3,0.002513,0.002569,-5.6e-05,1,1,1,-0.00119383,4,1,,1,0.009184,1,0.0,0,1,no_sustained_vertical_lift_type=no_sustained_motion
trace_cream_cheese_s0_w0_10_s20d_clean_seed0_job540000,cream_cheese,0,62,0,0,0,-23,3.3,1.5,1.0,0.5,0.0,0.3,0.024755,0.02515,-0.000395,1,1,1,-0.00010331,,1,,1,0.021039,1,0.0,0,1,no_sustained_vertical_lift_type=no_sustained_motion
trace_cream_cheese_s0_w0_10_s20d_clean_seed0_job540000,cream_cheese,0,76,1,0,0,-9,3.8,1.5,1.0,0.5,0.5,0.3,0.000179,0.000204,-2.5e-05,1,1,1,-0.00115425,14,1,,1,0.011434,1,3.9e-05,0,1,no_sustained_vertical_lift_type=no_sustained_motion
trace_cream_cheese_s0_w0_10_s20d_clean_seed0_job540000,cream_cheese,0,85,2,1,1,0,3.8,1.5,1.0,0.5,0.5,0.3,0.000326,0.000338,-1.2e-05,1,1,1,-0.00139571,9,1,,1,0.012405,1,0.080004,7,1,
trace_cream_cheese_s3_w0_10_s20d_clean_seed0_job540000,cream_cheese,3,74,0,0,1,,3.3,1.5,1.0,0.5,0.0,0.3,0.026422,0.02669,-0.000268,1,1,1,-8.966e-05,,1,,1,0.016625,1,0.067024,6,1,
trace_cream_cheese_s3_w0_10_s20d_clean_seed0_job540000,cream_cheese,3,137,1,0,0,,3.8,1.5,1.0,0.5,0.5,0.3,0.005144,0.012556,-0.007412,1,1,1,6.446e-05,63,1,,1,0.019833,1,0.000872,6,1,no_sustained_vertical_lift_type=sustained_horizontal_transport
trace_cream_cheese_s3_w0_10_s20d_clean_seed0_job540000,cream_cheese,3,140,2,0,0,,3.3,1.5,1.0,0.5,0.0,0.3,0.001359,0.001007,0.000352,1,1,1,-3.72e-05,3,1,,1,0.019833,1,0.0,9,1,no_sustained_vertical_lift_type=sustained_horizontal_transport
trace_cream_cheese_s3_w0_10_s20d_clean_seed0_job540000,cream_cheese,3,142,3,0,0,,3.3,1.5,1.0,0.5,0.0,0.3,0.002726,0.001693,0.001033,1,1,1,-5.758e-05,2,1,,1,0.019836,1,0.000373,10,1,no_sustained_vertical_lift_type=sustained_horizontal_transport
trace_cream_cheese_s3_w0_10_s20d_clean_seed0_job540000,cream_cheese,3,144,4,0,0,,3.8,1.5,1.0,0.5,0.5,0.3,0.004996,0.005286,-0.00029,1,1,1,-4.679e-05,2,1,,1,0.019839,1,0.003398,9,1,no_sustained_vertical_lift_type=sustained_horizontal_transport
trace_cream_cheese_s3_w0_10_s20d_clean_seed0_job540000,cream_cheese,3,147,5,0,0,,3.8,1.5,1.0,0.5,0.5,0.3,0.005089,0.006106,-0.001017,1,1,1,-8.667e-05,3,1,,1,0.019841,1,0.007192,4,1,no_sustained_vertical_lift_type=sustained_horizontal_transport
trace_cream_cheese_s3_w0_10_s20d_clean_seed0_job540000,cream_cheese,3,149,6,0,1,,3.8,1.5,1.0,0.5,0.5,0.3,0.002448,0.003899,-0.001451,1,1,1,-8.87e-05,2,1,,1,0.019842,1,0.007561,2,1,
trace_cream_cheese_s3_w0_10_s20d_clean_seed0_job540000,cream_cheese,3,151,7,0,1,,3.3,1.5,1.0,0.5,0.0,0.3,0.003003,0.002525,0.000478,1,1,1,-9.217e-05,2,1,,1,0.019843,1,0.007294,2,1,
trace_cream_cheese_s3_w0_10_s20d_clean_seed0_job540000,cream_cheese,3,156,8,0,0,,3.3,1.5,1.0,0.5,0.0,0.3,0.007208,0.005413,0.001795,1,1,1,-0.00018495,5,1,,1,0.019965,1,0.0,0,1,no_sustained_vertical_lift_type=no_sustained_motion
trace_cream_cheese_s4_w0_10_s20d_clean_seed0_job540000,cream_cheese,4,52,0,0,0,,3.3,1.5,1.0,0.5,0.0,0.3,0.027491,0.029844,-0.002353,1,1,1,-8.067e-05,,1,,1,0.045977,1,0.000927,0,1,no_sustained_vertical_lift_type=no_sustained_motion
trace_cream_cheese_s4_w0_10_s20d_clean_seed0_job540000,cream_cheese,4,65,1,0,0,,3.3,1.5,1.0,0.5,0.0,0.3,0.020439,0.022552,-0.002113,1,1,1,-0.00011818,13,1,,1,0.072548,1,0.0,0,0,no_sustained_vertical_lift_type=no_sustained_motion
trace_cream_cheese_s4_w0_10_s20d_clean_seed0_job540000,cream_cheese,4,68,2,0,0,,3.3,1.5,1.0,0.5,0.0,0.3,0.018337,0.017349,0.000988,1,1,1,-0.00011383,3,1,,1,0.090776,1,0.0,0,1,eef_not_near_object_dist=0.0908
trace_cream_cheese_s4_w0_10_s20d_clean_seed0_job540000,cream_cheese,4,106,3,0,1,,3.8,1.5,1.0,0.5,0.5,0.3,0.001536,0.00524,-0.003704,1,1,1,-0.0011184,38,1,,1,0.007279,1,0.039817,4,1,
trace_cream_cheese_s4_w0_10_s20d_clean_seed0_job540000,cream_cheese,4,108,4,0,1,,3.8,1.5,1.0,0.5,0.5,0.3,0.000786,0.001128,-0.000342,1,1,1,-0.00192492,2,1,,1,0.006958,1,0.063408,6,1,
trace_cream_cheese_s4_w0_10_s20d_clean_seed0_job540000,cream_cheese,4,113,5,0,1,,3.3,1.5,1.0,0.5,0.0,0.3,0.001656,0.00071,0.000946,1,1,1,-0.01152723,5,1,,1,0.007564,1,0.121885,11,1,
trace_cream_cheese_s4_w0_10_s20d_clean_seed0_job540000,cream_cheese,4,170,6,0,0,,3.8,1.5,1.0,0.5,0.5,0.3,0.001661,0.005467,-0.003806,1,1,1,-0.00113738,57,1,,1,0.006618,1,0.004461,0,1,no_sustained_vertical_lift_type=no_sustained_motion
trace_cream_cheese_s5_w0_10_s20d_clean_seed0_job540000,cream_cheese,5,73,0,0,1,,3.3,1.5,1.0,0.5,0.0,0.3,0.029082,0.027335,0.001747,1,1,1,-8.954e-05,,1,,1,0.02166,1,0.009811,2,1,
trace_cream_cheese_s5_w0_10_s20d_clean_seed0_job540000,cream_cheese,5,75,1,0,1,,3.3,1.5,1.0,0.5,0.0,0.3,0.024501,0.027595,-0.003094,1,1,1,-3.657e-05,2,1,,1,0.009245,1,0.02697,4,1,
trace_cream_cheese_s5_w0_10_s20d_clean_seed0_job540000,cream_cheese,5,77,2,0,1,,3.3,1.5,1.0,0.5,0.0,0.3,0.012324,0.020307,-0.007983,1,1,1,0.00035555,2,1,,1,0.006251,1,0.051137,6,1,
trace_cream_cheese_s5_w0_10_s20d_clean_seed0_job540000,cream_cheese,5,137,3,0,1,,3.3,1.5,1.0,0.5,0.0,0.3,0.009852,0.00804,0.001812,1,1,1,-7.347e-05,60,1,,1,0.001844,1,0.025415,5,1,
trace_cream_cheese_s5_w0_10_s20d_clean_seed0_job540000,cream_cheese,5,141,4,0,1,,3.8,1.5,1.0,0.5,0.5,0.3,0.006821,0.007641,-0.00082,1,1,1,-0.00011524,4,1,,1,0.00184,1,0.030252,6,1,
trace_cream_cheese_s5_w0_10_s20d_clean_seed0_job540000,cream_cheese,5,149,5,0,0,,3.3,1.5,1.0,0.5,0.0,0.3,0.019911,0.017296,0.002615,1,1,1,-0.00013676,8,1,,1,0.002168,1,0.0,0,1,no_sustained_vertical_lift_type=no_sustained_motion
trace_cream_cheese_s6_w0_10_s20d_clean_seed0_job540000,cream_cheese,6,56,0,1,1,0,3.3,1.5,1.0,0.5,0.0,0.3,0.026576,0.025612,0.000964,1,1,1,-2.452e-05,,1,,1,0.026463,1,0.076093,8,1,
trace_cream_cheese_s6_w0_10_s20d_clean_seed0_job540000,cream_cheese,6,111,1,0,0,55,3.3,1.5,1.0,0.5,0.0,0.3,0.015457,0.019147,-0.00369,1,1,1,0.0006201,55,1,,1,0.008582,1,0.0,6,1,no_sustained_vertical_lift_type=sustained_horizontal_transport
trace_cream_cheese_s6_w0_10_s20d_clean_seed0_job540000,cream_cheese,6,115,2,0,0,59,3.3,1.5,1.0,0.5,0.0,0.3,0.008804,0.007785,0.001019,1,1,1,0.00046118,4,1,,1,0.008583,1,0.0,6,1,no_sustained_vertical_lift_type=sustained_horizontal_transport
trace_cream_cheese_s6_w0_10_s20d_clean_seed0_job540000,cream_cheese,6,131,3,0,0,75,3.8,1.5,1.0,0.5,0.5,0.3,0.00273,0.002755,-2.5e-05,1,1,1,8.06e-06,16,1,,1,0.009223,1,0.0,0,1,no_sustained_vertical_lift_type=no_sustained_motion
trace_cream_cheese_s7_w0_10_s20d_clean_seed0_job540000,cream_cheese,7,60,0,0,1,,3.8,1.5,1.0,0.5,0.5,0.3,0.001043,0.001275,-0.000232,1,1,1,-0.00042387,,1,,1,0.017317,1,0.067147,7,1,
trace_cream_cheese_s7_w0_10_s20d_clean_seed0_job540000,cream_cheese,7,116,1,0,1,,3.3,1.5,1.0,0.5,0.0,0.3,0.014678,0.00885,0.005828,1,1,1,-0.00245541,56,1,,1,0.004298,1,0.020357,4,1,
trace_cream_cheese_s7_w0_10_s20d_clean_seed0_job540000,cream_cheese,7,119,2,0,1,,3.3,1.5,1.0,0.5,0.0,0.3,0.011805,0.013331,-0.001526,1,1,1,-0.00146661,3,1,,1,0.004197,1,0.010509,2,1,
trace_cream_cheese_s7_w0_10_s20d_clean_seed0_job540000,cream_cheese,7,125,3,0,1,,3.8,1.5,1.0,0.5,0.5,0.3,0.003818,0.011298,-0.00748,1,1,1,-0.00051744,6,1,,1,0.004153,1,0.01684,3,1,
trace_cream_cheese_s7_w0_10_s20d_clean_seed0_job540000,cream_cheese,7,130,4,0,0,,3.3,1.5,1.0,0.5,0.0,0.3,0.015064,0.011906,0.003158,1,1,1,-0.00023506,5,1,,1,0.004465,1,0.0,0,1,no_sustained_vertical_lift_type=no_sustained_motion
trace_cream_cheese_s8_w0_10_s20d_clean_seed0_job570000,cream_cheese,8,8,0,0,0,-45,3.8,1.5,1.0,0.5,0.5,0.3,0.002994,0.005058,-0.002064,1,1,1,-9.5e-07,,1,,1,0.323226,1,0.0,0,1,eef_not_near_object_dist=0.3232
trace_cream_cheese_s8_w0_10_s20d_clean_seed0_job570000,cream_cheese,8,53,1,1,1,0,3.3,1.5,1.0,0.5,0.0,0.3,0.025847,0.027581,-0.001734,1,1,1,-6.325e-05,45,1,,1,0.028301,1,0.073632,7,1,
trace_cream_cheese_s8_w0_10_s20d_clean_seed0_job570000,cream_cheese,8,112,2,0,0,59,3.3,1.5,1.0,0.5,0.0,0.3,0.017971,0.024826,-0.006855,1,1,1,0.00036096,59,1,,1,0.029726,1,0.0,6,1,no_sustained_vertical_lift_type=sustained_horizontal_transport
trace_cream_cheese_s8_w0_10_s20d_clean_seed0_job570000,cream_cheese,8,119,3,0,0,66,3.3,1.5,1.0,0.5,0.0,0.3,0.009588,0.001892,0.007696,1,1,1,0.00010646,7,1,,1,0.029741,1,0.002275,7,1,no_sustained_vertical_lift_type=sustained_horizontal_transport
trace_cream_cheese_s8_w0_10_s20d_clean_seed0_job570000,cream_cheese,8,124,4,0,0,71,3.3,1.5,1.0,0.5,0.0,0.3,0.008763,0.003432,0.005331,1,1,1,3.164e-05,5,1,,1,0.029752,1,0.000808,7,1,no_sustained_vertical_lift_type=sustained_horizontal_transport
trace_cream_cheese_s8_w0_10_s20d_clean_seed0_job570000,cream_cheese,8,130,5,0,0,77,3.3,1.5,1.0,0.5,0.0,0.3,0.00866,0.004567,0.004093,1,1,1,4.269e-05,6,1,,1,0.029767,1,0.00077,0,1,no_sustained_vertical_lift_type=no_sustained_motion
trace_cream_cheese_s8_w0_10_s20d_clean_seed0_job570000,cream_cheese,8,135,6,0,0,82,3.3,1.5,1.0,0.5,0.0,0.3,0.008712,0.003643,0.005069,1,1,1,7.809e-05,5,1,,1,0.029898,1,0.0,0,1,no_sustained_vertical_lift_type=no_sustained_motion
trace_cream_cheese_s9_w0_10_s20d_clean_seed0_job590100,cream_cheese,9,55,0,1,1,0,3.3,1.5,1.0,0.5,0.0,0.3,0.025977,0.024972,0.001005,1,1,1,-3.307e-05,,1,,1,0.034183,1,0.075522,8,1,
trace_cream_cheese_s9_w0_10_s20d_clean_seed0_job590100,cream_cheese,9,119,1,0,0,64,3.3,1.5,1.0,0.5,0.0,0.3,0.01337,0.010259,0.003111,1,1,1,0.00048507,64,1,,1,0.031079,1,0.0,0,1,no_sustained_vertical_lift_type=no_sustained_motion
trace_ketchup_s0_w0_10_s20d_clean_seed0_job540100,ketchup,0,56,0,0,0,-2,3.3,1.5,1.0,0.5,0.0,0.3,0.023712,0.02532,-0.001608,1,1,1,-4.718e-05,,1,,1,0.043316,1,0.0071,7,1,no_sustained_vertical_lift_type=sustained_horizontal_transport
trace_ketchup_s0_w0_10_s20d_clean_seed0_job540100,ketchup,0,58,1,1,1,0,3.3,1.5,1.0,0.5,0.0,0.3,0.012129,0.01787,-0.005741,1,1,1,-4.46e-06,2,1,,1,0.042627,1,0.021989,3,1,
trace_ketchup_s0_w0_10_s20d_clean_seed0_job540100,ketchup,0,149,2,0,0,91,3.3,1.5,1.0,0.5,0.0,0.3,0.006713,0.003699,0.003014,1,1,1,0.0001945,91,1,,1,0.044563,1,0.0,7,1,no_sustained_vertical_lift_type=sustained_horizontal_transport
trace_ketchup_s1_w0_10_s20d_clean_seed0_job540100,ketchup,1,45,0,0,0,,3.3,1.5,1.0,0.5,0.0,0.3,0.020171,0.02316,-0.002989,1,1,1,-3.737e-05,,1,,1,0.073907,1,0.000526,0,1,no_sustained_vertical_lift_type=no_sustained_motion
trace_ketchup_s1_w0_10_s20d_clean_seed0_job540100,ketchup,1,72,1,0,0,,3.3,1.5,1.0,0.5,0.0,0.3,0.010279,0.016002,-0.005723,1,1,1,2.253e-05,27,1,,1,0.132483,1,0.0,0,1,eef_not_near_object_dist=0.1325
trace_ketchup_s1_w0_10_s20d_clean_seed0_job540100,ketchup,1,76,2,0,0,,3.8,1.5,1.0,0.5,0.5,0.3,0.002197,0.007677,-0.00548,1,1,1,6.73e-06,4,1,,1,0.135712,1,0.0,0,1,eef_not_near_object_dist=0.1357
trace_ketchup_s1_w0_10_s20d_clean_seed0_job540100,ketchup,1,80,3,0,0,,3.3,1.5,1.0,0.5,0.0,0.3,0.007931,0.002348,0.005583,1,1,1,-8.56e-06,4,1,,1,0.129249,1,0.0,0,1,eef_not_near_object_dist=0.1292
trace_ketchup_s1_w0_10_s20d_clean_seed0_job540100,ketchup,1,91,4,0,1,,3.3,1.5,1.0,0.5,0.0,0.3,0.021809,0.021892,-8.3e-05,1,1,1,-2.693e-05,11,1,,1,0.07039,1,0.009448,2,1,
trace_ketchup_s1_w0_10_s20d_clean_seed0_job540100,ketchup,1,95,5,0,1,,3.3,1.5,1.0,0.5,0.0,0.3,0.018055,0.016339,0.001716,1,1,1,-3.31e-06,4,1,,1,0.04716,1,0.03217,6,1,
trace_ketchup_s4_w0_10_s20d_clean_seed0_job540100,ketchup,4,45,0,0,0,,3.3,1.5,1.0,0.5,0.0,0.3,0.020842,0.023255,-0.002413,1,1,1,-1.699e-05,,1,,1,0.063675,1,0.003061,7,1,no_sustained_vertical_lift_type=sustained_horizontal_transport
trace_ketchup_s5_w0_10_s20d_clean_seed0_job540100,ketchup,5,45,0,0,1,,3.3,1.5,1.0,0.5,0.0,0.3,0.026156,0.028709,-0.002553,1,1,1,6.747e-05,,1,,1,0.051499,1,0.035841,5,1,
trace_ketchup_s5_w0_10_s20d_clean_seed0_job540100,ketchup,5,47,1,0,1,,3.3,1.5,1.0,0.5,0.0,0.3,0.016952,0.02245,-0.005498,1,1,1,0.00016892,2,1,,1,0.047752,1,0.059416,7,1,
trace_ketchup_s6_w0_10_s20d_clean_seed0_job590200,ketchup,6,132,0,1,1,0,3.3,1.5,1.0,0.5,0.0,0.3,0.017398,0.019875,-0.002477,1,1,1,1.553e-05,,1,,1,0.044835,1,0.010426,2,1,
trace_ketchup_s6_w0_10_s20d_clean_seed0_job590200,ketchup,6,225,1,0,0,93,3.8,1.5,1.0,0.5,0.5,0.3,0.007765,0.013073,-0.005308,1,1,1,0.00068536,93,1,,1,0.042052,1,0.00079,11,1,no_sustained_vertical_lift_type=sustained_horizontal_transport
trace_ketchup_s6_w0_10_s20d_clean_seed0_job590200,ketchup,6,234,2,0,0,102,3.3,1.5,1.0,0.5,0.0,0.3,0.007017,0.006819,0.000198,1,1,1,0.00377048,9,1,,1,0.043136,1,0.000143,12,1,no_sustained_vertical_lift_type=sustained_horizontal_transport
trace_ketchup_s6_w0_10_s20d_clean_seed0_job590200,ketchup,6,239,3,0,0,107,3.8,1.5,1.0,0.5,0.5,0.3,0.0066,0.006947,-0.000347,1,1,1,0.00411209,5,1,,1,0.043451,1,0.001067,12,1,no_sustained_vertical_lift_type=sustained_horizontal_transport
trace_ketchup_s6_w0_10_s20d_clean_seed0_job590200,ketchup,6,242,4,0,0,110,3.8,1.5,1.0,0.5,0.5,0.3,0.006549,0.006758,-0.000209,1,1,1,0.0043819,3,1,,1,0.043775,1,0.002078,12,1,no_sustained_vertical_lift_type=sustained_horizontal_transport
trace_ketchup_s6_w0_10_s20d_clean_seed0_job590200,ketchup,6,249,5,0,0,117,3.8,1.5,1.0,0.5,0.5,0.3,0.003736,0.004801,-0.001065,1,1,1,0.00259638,7,1,,1,0.044305,1,0.001203,10,0,no_sustained_vertical_lift_type=sustained_horizontal_transport
trace_ketchup_s7_w0_10_s20d_clean_seed0_job590200,ketchup,7,4,0,0,0,,3.3,1.5,1.0,0.5,0.0,0.3,0.008597,0.007178,0.001419,1,1,1,-6.739e-05,,1,,1,0.31187,1,0.0,0,1,eef_not_near_object_dist=0.3119
trace_ketchup_s7_w0_10_s20d_clean_seed0_job590200,ketchup,7,13,1,0,0,,3.3,1.5,1.0,0.5,0.0,0.3,0.005522,0.003838,0.001684,1,1,1,-9.9e-06,9,1,,1,0.295243,1,0.0,0,1,eef_not_near_object_dist=0.2952
trace_ketchup_s7_w0_10_s20d_clean_seed0_job590200,ketchup,7,17,2,0,0,,3.8,1.5,1.0,0.5,0.5,0.3,0.003047,0.004378,-0.001331,1,1,1,1.911e-05,4,1,,1,0.291828,1,0.0,0,1,eef_not_near_object_dist=0.2918
trace_ketchup_s7_w0_10_s20d_clean_seed0_job590200,ketchup,7,61,3,0,1,,3.3,1.5,1.0,0.5,0.0,0.3,0.020866,0.022182,-0.001316,1,1,1,-3.716e-05,44,1,,1,0.064915,1,0.017566,4,1,
trace_ketchup_s7_w0_10_s20d_clean_seed0_job590200,ketchup,7,63,4,0,1,,3.3,1.5,1.0,0.5,0.0,0.3,0.014293,0.017243,-0.00295,1,1,1,3.56e-05,2,1,,1,0.0565,1,0.032643,6,1,
trace_ketchup_s8_w0_10_s20d_clean_seed0_job590200,ketchup,8,5,0,0,0,,3.3,1.5,1.0,0.5,0.0,0.3,0.014937,0.011898,0.003039,1,1,1,-0.00010072,,1,,1,0.287105,1,0.0,0,1,eef_not_near_object_dist=0.2871
trace_ketchup_s8_w0_10_s20d_clean_seed0_job590200,ketchup,8,8,1,0,0,,3.3,1.5,1.0,0.5,0.0,0.3,0.012212,0.005863,0.006349,1,1,1,-0.00014853,3,1,,1,0.296473,1,0.0,0,1,eef_not_near_object_dist=0.2965
trace_ketchup_s8_w0_10_s20d_clean_seed0_job590200,ketchup,8,57,2,0,0,,3.3,1.5,1.0,0.5,0.0,0.3,0.021444,0.020585,0.000859,1,1,1,-1.463e-05,49,1,,1,0.07356,1,0.0,0,1,no_sustained_vertical_lift_type=no_sustained_motion
trace_ketchup_s8_w0_10_s20d_clean_seed0_job590200,ketchup,8,82,3,0,0,,3.3,1.5,1.0,0.5,0.0,0.3,0.01173,0.01832,-0.00659,1,1,1,-0.0001499,25,1,,1,0.141621,1,0.0,0,1,eef_not_near_object_dist=0.1416
trace_ketchup_s8_w0_10_s20d_clean_seed0_job590200,ketchup,8,85,4,0,0,,3.8,1.5,1.0,0.5,0.5,0.3,0.003217,0.004261,-0.001044,1,1,1,-0.00025307,3,1,,1,0.142018,1,0.0,0,1,eef_not_near_object_dist=0.1420
trace_ketchup_s8_w0_10_s20d_clean_seed0_job590200,ketchup,8,88,5,0,0,,3.8,1.5,1.0,0.5,0.5,0.3,0.003064,0.003576,-0.000512,1,1,1,-0.00027536,3,1,,1,0.141469,1,0.0,0,1,eef_not_near_object_dist=0.1415
trace_ketchup_s8_w0_10_s20d_clean_seed0_job590200,ketchup,8,106,6,0,0,,3.3,1.5,1.0,0.5,0.0,0.3,0.018674,0.021387,-0.002713,1,1,1,-9.701e-05,18,1,,1,0.042802,1,0.006817,5,1,no_sustained_vertical_lift_type=sustained_horizontal_transport
trace_ketchup_s8_w0_10_s20d_clean_seed0_job590200,ketchup,8,110,7,0,1,,3.8,1.5,1.0,0.5,0.5,0.3,0.002399,0.004283,-0.001884,1,1,1,-3.907e-05,4,1,,1,0.042739,1,0.036676,5,1,
trace_ketchup_s8_w0_10_s20d_clean_seed0_job590200,ketchup,8,112,8,0,1,,3.8,1.5,1.0,0.5,0.5,0.3,0.001018,0.001834,-0.000816,1,1,1,-4.975e-05,2,1,,1,0.042585,1,0.058971,7,1,
trace_ketchup_s9_w0_10_s20d_clean_seed0_job590200,ketchup,9,66,0,0,1,,3.3,1.5,1.0,0.5,0.0,0.3,0.011452,0.017136,-0.005684,1,1,1,-1.068e-05,,1,,1,0.042994,1,0.011937,2,1,
trace_ketchup_s9_w0_10_s20d_clean_seed0_job590200,ketchup,9,69,1,0,1,,3.8,1.5,1.0,0.5,0.5,0.3,0.003758,0.005632,-0.001874,1,1,1,4.324e-05,3,1,,1,0.042672,1,0.033574,5,1,
trace_ketchup_s9_w0_10_s20d_clean_seed0_job590200,ketchup,9,71,2,0,1,,3.3,1.5,1.0,0.5,0.0,0.3,0.003676,0.001975,0.001701,1,1,1,6.105e-05,2,1,,1,0.04396,1,0.052751,7,1,
trace_ketchup_s9_w0_10_s20d_clean_seed0_job590200,ketchup,9,150,3,0,0,,3.8,1.5,1.0,0.5,0.5,0.3,0.004053,0.014125,-0.010072,1,1,1,-0.00010361,79,1,,1,0.054101,1,0.001477,0,1,no_sustained_vertical_lift_type=no_sustained_motion
trace_ketchup_s9_w0_10_s20d_clean_seed0_job590200,ketchup,9,152,4,0,0,,3.3,1.5,1.0,0.5,0.0,0.3,0.00213,0.001234,0.000896,1,1,1,-0.0001323,2,1,,1,0.054104,1,0.001986,0,1,no_sustained_vertical_lift_type=no_sustained_motion
trace_ketchup_s9_w0_10_s20d_clean_seed0_job590200,ketchup,9,155,5,0,0,,3.3,1.5,1.0,0.5,0.0,0.3,0.002087,0.000916,0.001171,1,1,1,-0.00016151,3,1,,1,0.054108,1,0.0,0,1,no_sustained_vertical_lift_type=no_sustained_motion
trace_milk_s0_w0_10_s20d_clean_seed0_job530000,milk,0,52,0,1,1,0,3.3,1.5,1.0,0.5,0.0,0.3,0.016003,0.022406,-0.006403,1,1,1,3.776e-05,,1,,1,0.038639,1,0.064361,8,1,
trace_milk_s3_w0_10_s20d_clean_seed0_job530000,milk,3,54,0,1,1,0,3.3,1.5,1.0,0.5,0.0,0.3,0.019652,0.025778,-0.006126,1,1,1,3.863e-05,,1,,1,0.032876,1,0.056267,8,1,
trace_milk_s3_w0_10_s20d_clean_seed0_job530000,milk,3,132,1,0,0,78,3.3,1.5,1.0,0.5,0.0,0.3,0.018697,0.024211,-0.005514,1,1,1,0.00098305,78,1,,1,0.042855,1,0.005202,0,1,no_sustained_vertical_lift_type=no_sustained_motion
trace_milk_s3_w0_10_s20d_clean_seed0_job530000,milk,3,138,2,0,0,84,3.3,1.5,1.0,0.5,0.0,0.3,0.008081,0.007157,0.000924,1,1,1,0.00082362,6,1,,1,0.042869,1,0.0,0,1,no_sustained_vertical_lift_type=no_sustained_motion
trace_milk_s4_w0_10_s20d_clean_seed0_job530000,milk,4,46,0,0,1,,3.3,1.5,1.0,0.5,0.0,0.3,0.026447,0.027532,-0.001085,1,1,1,2.81e-05,,1,,1,0.048474,1,0.012482,2,1,
trace_milk_s4_w0_10_s20d_clean_seed0_job530000,milk,4,52,1,0,1,,3.8,1.5,1.0,0.5,0.5,0.3,0.005959,0.008167,-0.002208,1,1,1,7.23e-05,6,1,,1,0.034301,1,0.07022,8,1,
trace_milk_s5_w0_10_s20d_clean_seed0_job530000,milk,5,71,0,1,1,0,3.3,1.5,1.0,0.5,0.0,0.3,0.013272,0.01822,-0.004948,1,1,1,5.264e-05,,1,,1,0.026371,1,0.074461,9,1,
trace_milk_s6_w0_10_s20d_clean_seed0_job530000,milk,6,62,0,1,1,0,3.3,1.5,1.0,0.5,0.0,0.3,0.02607,0.026571,-0.000501,1,1,1,-3.06e-05,,1,,1,0.052481,1,0.074196,8,1,
trace_milk_s7_w0_10_s20d_clean_seed0_job530000,milk,7,50,0,1,1,0,3.3,1.5,1.0,0.5,0.0,0.3,0.024722,0.026859,-0.002137,1,1,1,-8.557e-05,,1,,1,0.035481,1,0.083743,8,1,
trace_milk_s8_w0_10_s20d_clean_seed0_job530000,milk,8,54,0,1,1,0,3.8,1.5,1.0,0.5,0.5,0.3,0.009591,0.017972,-0.008381,1,1,1,-6.952e-05,,1,,1,0.017485,1,0.078685,9,1,
trace_milk_s8_w0_10_s20d_clean_seed0_job530000,milk,8,172,1,0,0,118,3.8,1.5,1.0,0.5,0.5,0.3,0.002823,0.003248,-0.000425,1,1,1,8e-07,118,1,,1,0.034263,1,0.0,0,1,no_sustained_vertical_lift_type=no_sustained_motion
trace_milk_s8_w0_10_s20d_clean_seed0_job530000,milk,8,176,2,0,0,122,3.8,1.5,1.0,0.5,0.5,0.3,0.001825,0.001911,-8.6e-05,1,1,1,7.69e-06,4,1,,1,0.033999,1,0.002072,0,1,no_sustained_vertical_lift_type=no_sustained_motion
trace_milk_s8_w0_10_s20d_clean_seed0_job530000,milk,8,180,3,0,0,126,3.3,1.5,1.0,0.5,0.0,0.3,0.00575,0.001334,0.004416,1,1,1,9.04e-06,4,1,,1,0.033981,1,0.0,0,1,no_sustained_vertical_lift_type=no_sustained_motion
trace_milk_s8_w0_10_s20d_clean_seed0_job530000,milk,8,186,4,0,0,132,3.8,1.5,1.0,0.5,0.5,0.3,0.001436,0.002296,-0.00086,1,1,1,1.065e-05,6,1,,1,0.034102,1,0.002961,0,1,no_sustained_vertical_lift_type=no_sustained_motion
trace_milk_s8_w0_10_s20d_clean_seed0_job530000,milk,8,201,5,0,0,147,3.3,1.5,1.0,0.5,0.0,0.3,0.003317,0.001854,0.001463,1,1,1,2.208e-05,15,1,,1,0.034362,1,0.002023,0,1,no_sustained_vertical_lift_type=no_sustained_motion
trace_milk_s8_w0_10_s20d_clean_seed0_job530000,milk,8,207,6,0,0,153,3.8,1.5,1.0,0.5,0.5,0.3,0.004172,0.007316,-0.003144,1,1,1,1.387e-05,6,1,,1,0.034295,1,0.0,5,1,no_sustained_vertical_lift_type=sustained_horizontal_transport
trace_milk_s8_w0_10_s20d_clean_seed0_job530000,milk,8,212,7,0,0,158,3.3,1.5,1.0,0.5,0.0,0.3,0.0055,0.003421,0.002079,1,1,1,5.235e-05,5,1,,1,0.034304,1,0.000988,8,1,no_sustained_vertical_lift_type=sustained_horizontal_transport
trace_milk_s8_w0_10_s20d_clean_seed0_job530000,milk,8,231,8,0,0,177,3.3,1.5,1.0,0.5,0.0,0.3,0.007135,0.002753,0.004382,1,1,1,9.562e-05,19,1,,1,0.034721,1,7.8e-05,0,1,no_sustained_vertical_lift_type=no_sustained_motion
trace_milk_s9_w0_10_s20d_clean_seed0_job530000,milk,9,47,0,0,1,,3.3,1.5,1.0,0.5,0.0,0.3,0.014352,0.013416,0.000936,1,1,1,0.0001583,,1,,1,0.041395,1,0.012967,3,1,
trace_milk_s9_w0_10_s20d_clean_seed0_job530000,milk,9,50,1,0,1,,3.8,1.5,1.0,0.5,0.5,0.3,0.00889,0.014642,-0.005752,1,1,1,0.00262962,3,1,,1,0.033521,1,0.013443,3,0,
trace_milk_s9_w0_10_s20d_clean_seed0_job530000,milk,9,72,2,0,0,,3.8,1.5,1.0,0.5,0.5,0.3,0.007108,0.020349,-0.013241,1,1,1,-0.00012554,22,1,,1,0.15045,1,0.0,0,1,eef_not_near_object_dist=0.1505
trace_milk_s9_w0_10_s20d_clean_seed0_job530000,milk,9,84,3,0,0,,3.3,1.5,1.0,0.5,0.0,0.3,0.009735,0.006209,0.003526,1,1,1,-0.0001317,12,1,,1,0.19132,1,0.0,0,1,eef_not_near_object_dist=0.1913
trace_milk_s9_w0_10_s20d_clean_seed0_job530000,milk,9,86,4,0,0,,3.3,1.5,1.0,0.5,0.0,0.3,0.010185,0.011268,-0.001083,1,1,1,-4.901e-05,2,1,,1,0.187915,1,0.0,0,1,eef_not_near_object_dist=0.1879
trace_milk_s9_w0_10_s20d_clean_seed0_job530000,milk,9,95,5,0,0,,3.8,1.5,1.0,0.5,0.5,0.3,0.003411,0.004356,-0.000945,1,1,1,-0.00012395,9,1,,1,0.197875,1,0.0,0,1,eef_not_near_object_dist=0.1979
trace_milk_s9_w0_10_s20d_clean_seed0_job530000,milk,9,112,6,0,0,,3.3,1.5,1.0,0.5,0.0,0.3,0.02155,0.022444,-0.000894,1,1,1,-9.837e-05,17,1,,1,0.137058,1,0.0,0,1,eef_not_near_object_dist=0.1371
trace_milk_s9_w0_10_s20d_clean_seed0_job530000,milk,9,115,7,0,0,,3.8,1.5,1.0,0.5,0.5,0.3,0.005387,0.006145,-0.000758,1,1,1,-0.00011431,3,1,,1,0.13336,1,0.0,0,1,eef_not_near_object_dist=0.1334
trace_milk_s9_w0_10_s20d_clean_seed0_job530000,milk,9,119,8,0,0,,3.8,1.5,1.0,0.5,0.5,0.3,0.004158,0.009148,-0.00499,1,1,1,-0.00012536,4,1,,1,0.13772,1,0.0,0,1,eef_not_near_object_dist=0.1377
trace_milk_s9_w0_10_s20d_clean_seed0_job530000,milk,9,123,9,0,0,,3.3,1.5,1.0,0.5,0.0,0.3,0.014011,0.015417,-0.001406,1,1,1,-0.00011164,4,1,,1,0.152729,1,0.0,0,1,eef_not_near_object_dist=0.1527
trace_milk_s9_w0_10_s20d_clean_seed0_job530000,milk,9,130,10,0,0,,3.3,1.5,1.0,0.5,0.0,0.3,0.025393,0.025775,-0.000382,1,1,1,-0.00022336,7,1,,1,0.194235,1,0.0,0,1,eef_not_near_object_dist=0.1942
trace_milk_s9_w0_10_s20d_clean_seed0_job530000,milk,9,133,11,0,0,,3.3,1.5,1.0,0.5,0.0,0.3,0.022455,0.023216,-0.000761,1,1,1,-0.00023465,3,1,,1,0.216202,1,0.0,0,1,eef_not_near_object_dist=0.2162
trace_milk_s9_w0_10_s20d_clean_seed0_job530000,milk,9,136,12,0,0,,3.3,1.5,1.0,0.5,0.0,0.3,0.029236,0.025671,0.003565,1,1,1,1.492e-05,3,1,,1,0.239685,1,0.0,0,1,eef_not_near_object_dist=0.2397
trace_milk_s9_w0_10_s20d_clean_seed0_job530000,milk,9,139,13,0,0,,3.3,1.5,1.0,0.5,0.0,0.3,0.011558,0.024258,-0.0127,1,1,1,-0.00032909,3,1,,1,0.247473,1,0.0,0,1,eef_not_near_object_dist=0.2475
trace_milk_s9_w0_10_s20d_clean_seed0_job530000,milk,9,142,14,0,0,,3.3,1.5,1.0,0.5,0.0,0.3,0.006874,0.005725,0.001149,1,1,1,-0.00033764,3,1,,1,0.251321,1,0.0,0,1,eef_not_near_object_dist=0.2513
trace_milk_s9_w0_10_s20d_clean_seed0_job530000,milk,9,158,15,0,0,,3.3,1.5,1.0,0.5,0.0,0.3,0.014626,0.020983,-0.006357,1,1,1,-0.00016337,16,1,,1,0.237284,1,0.0,0,1,eef_not_near_object_dist=0.2373
trace_milk_s9_w0_10_s20d_clean_seed0_job530000,milk,9,163,16,0,0,,3.3,1.5,1.0,0.5,0.0,0.3,0.011586,0.007834,0.003752,1,1,1,-0.00018613,5,1,,1,0.249021,1,0.0,0,1,eef_not_near_object_dist=0.2490
trace_milk_s9_w0_10_s20d_clean_seed0_job530000,milk,9,174,17,0,0,,3.3,1.5,1.0,0.5,0.0,0.3,0.003774,0.003298,0.000476,1,1,1,-0.00017792,11,1,,1,0.273827,1,0.0,0,1,eef_not_near_object_dist=0.2738
trace_milk_s9_w0_10_s20d_clean_seed0_job530000,milk,9,182,18,0,0,,3.3,1.5,1.0,0.5,0.0,0.3,0.010559,0.012871,-0.002312,1,1,1,-0.0002199,8,1,,1,0.278893,1,0.0,0,1,eef_not_near_object_dist=0.2789
trace_milk_s9_w0_10_s20d_clean_seed0_job530000,milk,9,188,19,0,0,,3.3,1.5,1.0,0.5,0.0,0.3,0.013694,0.008509,0.005185,1,1,1,-0.00017165,6,1,,1,0.287499,1,0.0,0,1,eef_not_near_object_dist=0.2875
trace_milk_s9_w0_10_s20d_clean_seed0_job530000,milk,9,198,20,0,0,,3.3,1.5,1.0,0.5,0.0,0.3,0.012489,0.010005,0.002484,1,1,1,-0.00030874,10,1,,1,0.292433,1,0.0,0,1,eef_not_near_object_dist=0.2924
trace_milk_s9_w0_10_s20d_clean_seed0_job530000,milk,9,200,21,0,0,,3.8,1.5,1.0,0.5,0.5,0.3,0.008792,0.012469,-0.003677,1,1,1,-0.00024574,2,1,,1,0.295484,1,0.0,0,1,eef_not_near_object_dist=0.2955
trace_milk_s9_w0_10_s20d_clean_seed0_job530000,milk,9,213,22,0,0,,3.3,1.5,1.0,0.5,0.0,0.3,0.016423,0.01601,0.000413,1,1,1,-0.00030602,13,1,,1,0.302777,1,0.0,0,1,eef_not_near_object_dist=0.3028
trace_milk_s9_w0_10_s20d_clean_seed0_job530000,milk,9,218,23,0,0,,3.3,1.5,1.0,0.5,0.0,0.3,0.018902,0.023811,-0.004909,1,1,1,-0.00031719,5,1,,1,0.319091,1,0.0,0,1,eef_not_near_object_dist=0.3191
trace_milk_s9_w0_10_s20d_clean_seed0_job530000,milk,9,221,24,0,0,,3.3,1.5,1.0,0.5,0.0,0.3,0.01407,0.012688,0.001382,1,1,1,-0.00018416,3,1,,1,0.331547,1,0.0,0,1,eef_not_near_object_dist=0.3315
trace_milk_s9_w0_10_s20d_clean_seed0_job530000,milk,9,226,25,0,0,,3.3,1.5,1.0,0.5,0.0,0.3,0.02255,0.016011,0.006539,1,1,1,-0.00033405,5,1,,1,0.326958,1,0.0,0,1,eef_not_near_object_dist=0.3270
trace_milk_s9_w0_10_s20d_clean_seed0_job530000,milk,9,253,26,0,0,,3.3,1.5,1.0,0.5,0.0,0.3,0.017013,0.019142,-0.002129,1,1,1,-0.00026419,27,1,,1,0.267591,1,0.0,0,1,eef_not_near_object_dist=0.2676
trace_milk_s9_w0_10_s20d_clean_seed0_job530000,milk,9,255,27,0,0,,3.3,1.5,1.0,0.5,0.0,0.3,0.010446,0.013843,-0.003397,1,1,1,-0.00023648,2,1,,1,0.266033,1,0.0,0,1,eef_not_near_object_dist=0.2660
trace_milk_s9_w0_10_s20d_clean_seed0_job530000,milk,9,272,28,0,0,,3.3,1.5,1.0,0.5,0.0,0.3,0.004875,0.003761,0.001114,1,1,1,-0.00020966,17,1,,1,0.249924,1,0.0,0,1,eef_not_near_object_dist=0.2499
trace_milk_s9_w0_10_s20d_clean_seed0_job530000,milk,9,274,29,0,0,,3.8,1.5,1.0,0.5,0.5,0.3,0.003055,0.004518,-0.001463,1,1,1,-0.00022133,2,1,,1,0.248258,1,0.0,0,1,eef_not_near_object_dist=0.2483
trace_orange_juice_s0_w0_10_s20d_clean_seed0_job530100,orange_juice,0,81,0,0,0,-27,3.8,1.5,1.0,0.5,0.5,0.3,0.006829,0.008268,-0.001439,1,1,1,-9.338e-05,,1,,1,0.055112,1,0.00041,0,1,no_sustained_vertical_lift_type=no_sustained_motion
trace_orange_juice_s0_w0_10_s20d_clean_seed0_job530100,orange_juice,0,84,1,0,0,-24,3.8,1.5,1.0,0.5,0.5,0.3,0.001777,0.00268,-0.000903,1,1,1,-0.00120336,3,1,,1,0.05435,1,0.000224,0,1,no_sustained_vertical_lift_type=no_sustained_motion
trace_orange_juice_s0_w0_10_s20d_clean_seed0_job530100,orange_juice,0,87,2,0,0,-21,3.3,1.5,1.0,0.5,0.0,0.3,0.00111,0.000674,0.000436,1,1,1,-0.00154579,3,1,,1,0.05364,1,0.000139,0,1,no_sustained_vertical_lift_type=no_sustained_motion
trace_orange_juice_s0_w0_10_s20d_clean_seed0_job530100,orange_juice,0,99,3,0,0,-9,3.8,1.5,1.0,0.5,0.5,0.3,0.000544,0.000562,-1.8e-05,1,1,1,-0.00085289,12,1,,1,0.052774,1,0.000556,0,1,no_sustained_vertical_lift_type=no_sustained_motion
trace_orange_juice_s0_w0_10_s20d_clean_seed0_job530100,orange_juice,0,108,4,1,1,0,3.3,1.5,1.0,0.5,0.0,0.3,0.001622,0.001145,0.000477,1,1,1,-0.00102579,9,1,,1,0.051411,1,0.069577,8,1,
trace_orange_juice_s3_w0_10_s20d_clean_seed0_job530100,orange_juice,3,48,0,0,1,,3.3,1.5,1.0,0.5,0.0,0.3,0.02074,0.021777,-0.001037,1,1,1,-2.884e-05,,1,,1,0.042557,1,0.030601,5,1,
trace_orange_juice_s3_w0_10_s20d_clean_seed0_job530100,orange_juice,3,50,1,0,1,,3.3,1.5,1.0,0.5,0.0,0.3,0.02005,0.019954,9.6e-05,1,1,1,-7.07e-06,2,1,,1,0.0302,1,0.052506,7,1,
trace_orange_juice_s3_w0_10_s20d_clean_seed0_job530100,orange_juice,3,52,2,0,1,,3.3,1.5,1.0,0.5,0.0,0.3,0.015852,0.019111,-0.003259,1,1,1,4.557e-05,2,1,,1,0.02575,1,0.075431,9,1,
trace_orange_juice_s4_w0_10_s20d_clean_seed0_job530100,orange_juice,4,51,0,1,1,0,3.3,1.5,1.0,0.5,0.0,0.3,0.022185,0.023804,-0.001619,1,1,1,-4.112e-05,,1,,1,0.044238,1,0.064,7,1,
trace_orange_juice_s6_w0_10_s20d_clean_seed0_job530100,orange_juice,6,64,0,0,0,,3.3,1.5,1.0,0.5,0.0,0.3,0.023096,0.023155,-5.9e-05,1,1,1,-1.306e-05,,1,,1,0.046657,1,0.011371,6,1,no_sustained_vertical_lift_type=sustained_horizontal_transport
trace_orange_juice_s6_w0_10_s20d_clean_seed0_job530100,orange_juice,6,66,1,0,1,,3.3,1.5,1.0,0.5,0.0,0.3,0.021291,0.022715,-0.001424,1,1,1,4.01e-06,2,1,,1,0.033818,1,0.029388,3,1,
trace_orange_juice_s6_w0_10_s20d_clean_seed0_job530100,orange_juice,6,68,2,0,1,,3.3,1.5,1.0,0.5,0.0,0.3,0.011685,0.01653,-0.004845,1,1,1,7.408e-05,2,1,,1,0.0314,1,0.048028,5,1,
trace_orange_juice_s6_w0_10_s20d_clean_seed0_job530100,orange_juice,6,72,3,0,1,,3.8,1.5,1.0,0.5,0.5,0.3,0.00466,0.004889,-0.000229,1,1,1,5.11e-06,4,1,,1,0.029401,1,0.096158,9,1,
trace_orange_juice_s6_w0_10_s20d_clean_seed0_job530100,orange_juice,6,177,4,0,0,,3.0,1.5,1.0,0.0,0.5,0.0,0.00435,0.005195,-0.000845,1,1,1,0.01512195,105,1,,1,0.055895,1,0.000641,5,0,no_sustained_vertical_lift_type=sustained_horizontal_transport
trace_orange_juice_s6_w0_10_s20d_clean_seed0_job530100,orange_juice,6,184,5,0,0,,3.3,1.5,1.0,0.5,0.0,0.3,0.003755,0.002288,0.001467,1,1,1,0.00177927,7,1,,1,0.057421,1,0.0,2,0,no_sustained_vertical_lift_type=sustained_horizontal_transport
trace_orange_juice_s6_w0_10_s20d_clean_seed0_job530100,orange_juice,6,243,6,0,0,,3.8,1.5,1.0,0.5,0.5,0.3,0.009139,0.010275,-0.001136,1,1,1,-4.328e-05,59,1,,1,0.074869,1,0.0,0,1,no_sustained_vertical_lift_type=no_sustained_motion
trace_orange_juice_s6_w0_10_s20d_clean_seed0_job530100,orange_juice,6,246,7,0,0,,3.3,1.5,1.0,0.5,0.0,0.3,0.00711,0.007041,6.9e-05,1,1,1,-6.504e-05,3,1,,1,0.07353,1,0.0,0,0,no_sustained_vertical_lift_type=no_sustained_motion
trace_orange_juice_s6_w0_10_s20d_clean_seed0_job530100,orange_juice,6,259,8,0,0,,3.3,1.5,1.0,0.5,0.0,0.3,0.01369,0.009522,0.004168,1,1,1,-1.412e-05,13,1,,1,0.078686,1,0.0,0,0,no_sustained_vertical_lift_type=no_sustained_motion
trace_orange_juice_s6_w0_10_s20d_clean_seed0_job530100,orange_juice,6,267,9,0,0,,3.3,1.5,1.0,0.5,0.0,0.3,0.004943,0.003284,0.001659,1,1,1,-8.661e-05,8,1,,1,0.081105,1,0.0,0,1,eef_not_near_object_dist=0.0811
trace_orange_juice_s6_w0_10_s20d_clean_seed0_job530100,orange_juice,6,274,10,0,0,,3.3,1.5,1.0,0.5,0.0,0.3,0.005079,0.004406,0.000673,1,1,1,-4.337e-05,7,1,,1,0.08907,1,0.0,0,1,eef_not_near_object_dist=0.0891
trace_orange_juice_s6_w0_10_s20d_clean_seed0_job530100,orange_juice,6,276,11,0,0,,3.8,1.5,1.0,0.5,0.5,0.3,0.005196,0.005222,-2.6e-05,1,1,1,-4.658e-05,2,1,,1,0.091248,1,0.0,0,1,eef_not_near_object_dist=0.0912
trace_orange_juice_s7_w0_10_s20d_clean_seed0_job530100,orange_juice,7,10,0,0,0,,3.8,1.5,1.0,0.5,0.5,0.3,0.004614,0.00535,-0.000736,1,1,1,-3.49e-06,,1,,1,0.294104,1,0.0,0,1,eef_not_near_object_dist=0.2941
trace_orange_juice_s7_w0_10_s20d_clean_seed0_job530100,orange_juice,7,15,1,0,0,,3.3,1.5,1.0,0.5,0.0,0.3,0.005599,0.004599,0.001,1,1,1,-4.287e-05,5,1,,1,0.287637,1,0.0,0,1,eef_not_near_object_dist=0.2876
trace_orange_juice_s7_w0_10_s20d_clean_seed0_job530100,orange_juice,7,25,2,0,0,,3.3,1.5,1.0,0.5,0.0,0.3,0.029166,0.027797,0.001369,1,1,1,-0.0001318,10,1,,1,0.241889,1,0.0,0,1,eef_not_near_object_dist=0.2419
trace_orange_juice_s7_w0_10_s20d_clean_seed0_job530100,orange_juice,7,58,3,0,0,,3.3,1.5,1.0,0.5,0.0,0.3,0.02055,0.02236,-0.00181,1,1,1,-0.00011084,33,1,,1,0.079536,1,0.001314,0,1,no_sustained_vertical_lift_type=no_sustained_motion
trace_orange_juice_s7_w0_10_s20d_clean_seed0_job530100,orange_juice,7,84,4,0,0,,3.8,1.5,1.0,0.5,0.5,0.3,0.007115,0.019283,-0.012168,1,1,1,-7.98e-05,26,1,,1,0.125392,1,0.0,0,1,eef_not_near_object_dist=0.1254
trace_orange_juice_s7_w0_10_s20d_clean_seed0_job530100,orange_juice,7,87,5,0,0,,3.3,1.5,1.0,0.5,0.0,0.3,0.012908,0.006753,0.006155,1,1,1,-7.686e-05,3,1,,1,0.138234,1,0.0,0,1,eef_not_near_object_dist=0.1382
trace_orange_juice_s7_w0_10_s20d_clean_seed0_job530100,orange_juice,7,90,6,0,0,,3.3,1.5,1.0,0.5,0.0,0.3,0.012239,0.010137,0.002102,1,1,1,-8.863e-05,3,1,,1,0.137127,1,0.0,0,1,eef_not_near_object_dist=0.1371
trace_orange_juice_s7_w0_10_s20d_clean_seed0_job530100,orange_juice,7,95,7,0,0,,3.3,1.5,1.0,0.5,0.0,0.3,0.010927,0.023047,-0.01212,1,1,1,-0.00010802,5,1,,1,0.157786,1,0.0,0,1,eef_not_near_object_dist=0.1578
trace_orange_juice_s7_w0_10_s20d_clean_seed0_job530100,orange_juice,7,99,8,0,0,,3.8,1.5,1.0,0.5,0.5,0.3,0.004772,0.005595,-0.000823,1,1,1,-0.00011427,4,1,,1,0.159434,1,0.0,0,1,eef_not_near_object_dist=0.1594
trace_orange_juice_s7_w0_10_s20d_clean_seed0_job530100,orange_juice,7,101,9,0,0,,3.3,1.5,1.0,0.5,0.0,0.3,0.003232,0.002912,0.00032,1,1,1,-0.00011947,2,1,,1,0.163579,1,0.0,0,1,eef_not_near_object_dist=0.1636
trace_orange_juice_s7_w0_10_s20d_clean_seed0_job530100,orange_juice,7,107,10,0,0,,3.3,1.5,1.0,0.5,0.0,0.3,0.01622,0.00525,0.01097,1,1,1,-9.477e-05,6,1,,1,0.163255,1,0.0,0,1,eef_not_near_object_dist=0.1633
trace_orange_juice_s7_w0_10_s20d_clean_seed0_job530100,orange_juice,7,112,11,0,0,,3.3,1.5,1.0,0.5,0.0,0.3,0.012467,0.003933,0.008534,1,1,1,-9.83e-05,5,1,,1,0.155897,1,0.0,0,1,eef_not_near_object_dist=0.1559
trace_orange_juice_s7_w0_10_s20d_clean_seed0_job530100,orange_juice,7,123,12,0,0,,3.3,1.5,1.0,0.5,0.0,0.3,0.023454,0.024463,-0.001009,1,1,1,-6.078e-05,11,1,,1,0.07216,1,0.0,0,1,no_sustained_vertical_lift_type=no_sustained_motion
trace_orange_juice_s7_w0_10_s20d_clean_seed0_job530100,orange_juice,7,150,13,0,0,,3.3,1.5,1.0,0.5,0.0,0.3,0.008669,0.006396,0.002273,1,1,1,-0.00011288,27,1,,1,0.082945,1,0.0,0,1,eef_not_near_object_dist=0.0829
trace_orange_juice_s7_w0_10_s20d_clean_seed0_job530100,orange_juice,7,183,14,0,0,,3.3,1.5,1.0,0.5,0.0,0.3,0.009094,0.00689,0.002204,1,1,1,-0.00025872,33,1,,1,0.147028,1,0.0,0,1,eef_not_near_object_dist=0.1470
trace_orange_juice_s7_w0_10_s20d_clean_seed0_job530100,orange_juice,7,186,15,0,0,,3.3,1.5,1.0,0.5,0.0,0.3,0.011021,0.004371,0.00665,1,1,1,-0.00025265,3,1,,1,0.157011,1,0.0,0,1,eef_not_near_object_dist=0.1570
trace_orange_juice_s7_w0_10_s20d_clean_seed0_job530100,orange_juice,7,203,16,0,0,,3.3,1.5,1.0,0.5,0.0,0.3,0.020752,0.021715,-0.000963,1,1,1,-0.00024643,17,1,,1,0.099888,1,0.0,0,1,eef_not_near_object_dist=0.0999
trace_orange_juice_s7_w0_10_s20d_clean_seed0_job530100,orange_juice,7,207,17,0,0,,3.3,1.5,1.0,0.5,0.0,0.3,0.002372,0.001131,0.001241,1,1,1,-0.00025801,4,1,,1,0.099754,1,0.0,0,1,eef_not_near_object_dist=0.0998
trace_orange_juice_s7_w0_10_s20d_clean_seed0_job530100,orange_juice,7,245,18,0,0,,3.3,1.5,1.0,0.5,0.0,0.3,0.000974,0.000961,1.3e-05,1,1,1,-0.0002907,38,1,,1,0.086516,1,0.0,0,1,eef_not_near_object_dist=0.0865
trace_orange_juice_s7_w0_10_s20d_clean_seed0_job530100,orange_juice,7,274,19,0,0,,3.3,1.5,1.0,0.5,0.0,0.3,8.6e-05,8e-05,6e-06,1,1,1,-0.00032829,29,1,,1,0.083888,1,0.0,0,1,eef_not_near_object_dist=0.0839
trace_orange_juice_s7_w0_10_s20d_clean_seed0_job530100,orange_juice,7,276,20,0,0,,3.3,1.5,1.0,0.5,0.0,0.3,8.8e-05,8.8e-05,0.0,1,1,1,-0.00034108,2,1,,1,0.083921,1,0.0,0,1,eef_not_near_object_dist=0.0839
trace_orange_juice_s8_w0_10_s20d_clean_seed0_job530100,orange_juice,8,41,0,1,1,0,3.3,1.5,1.0,0.5,0.0,0.3,0.021216,0.021327,-0.000111,1,1,1,-1.581e-05,,1,,1,0.045281,1,0.049538,6,1,
trace_orange_juice_s33_w0_10_s20d_clean_seed0_job530100,orange_juice,33,79,0,0,1,,3.3,1.5,1.0,0.5,0.0,0.3,0.023899,0.022733,0.001166,1,1,1,-1.874e-05,,1,,1,0.049948,1,0.06106,7,1,
trace_orange_juice_s33_w0_10_s20d_clean_seed0_job530100,orange_juice,33,81,1,0,1,,3.3,1.5,1.0,0.5,0.0,0.3,0.021656,0.022936,-0.00128,1,1,1,8.4e-07,2,1,,1,0.036397,1,0.085433,9,1,
trace_salad_dressing_s0_w0_10_s20d_clean_seed0_job520000,salad_dressing,0,48,0,0,1,,3.3,1.5,1.0,0.5,0.0,0.3,0.014097,0.013958,0.000139,1,1,1,-7.072e-05,,1,,1,0.045126,1,0.026799,3,1,
trace_salad_dressing_s0_w0_10_s20d_clean_seed0_job520000,salad_dressing,0,51,1,0,1,,3.8,1.5,1.0,0.5,0.5,0.3,0.00326,0.008697,-0.005437,1,1,1,-4.848e-05,3,1,,1,0.043025,1,0.059262,7,1,
trace_salad_dressing_s3_w0_10_s20d_clean_seed0_job520000,salad_dressing,3,58,0,1,1,0,3.3,1.5,1.0,0.5,0.0,0.3,0.011162,0.015556,-0.004394,1,1,1,-7.416e-05,,1,,1,0.04339,1,0.050256,7,1,
trace_salad_dressing_s4_w0_10_s20d_clean_seed0_job520000,salad_dressing,4,53,0,1,1,0,3.3,1.5,1.0,0.5,0.0,0.3,0.001118,0.000962,0.000156,1,1,1,-2.659e-05,,1,,1,0.042304,1,0.066352,7,1,
trace_salad_dressing_s5_w0_10_s20d_clean_seed0_job520000,salad_dressing,5,70,0,1,1,0,3.3,1.5,1.0,0.5,0.0,0.3,0.002448,0.002377,7.1e-05,1,1,1,-1.208e-05,,1,,1,0.042544,1,0.046273,6,1,
trace_salad_dressing_s6_w0_10_s20d_clean_seed0_job520000,salad_dressing,6,75,0,0,1,,3.3,1.5,1.0,0.5,0.0,0.3,0.02356,0.025443,-0.001883,1,1,1,-1.614e-05,,1,,1,0.042491,1,0.043242,5,1,
trace_salad_dressing_s6_w0_10_s20d_clean_seed0_job520000,salad_dressing,6,78,1,0,1,,3.8,1.5,1.0,0.5,0.5,0.3,0.003658,0.007507,-0.003849,1,1,1,9.88e-06,3,1,,1,0.042805,1,0.07708,8,1,
trace_salad_dressing_s6_w0_10_s20d_clean_seed0_job520000,salad_dressing,6,140,2,0,0,,3.3,1.5,1.0,0.5,0.0,0.3,0.024687,0.027305,-0.002618,1,1,1,0.00048005,62,1,,1,0.043437,1,0.0,0,1,no_sustained_vertical_lift_type=no_sustained_motion
trace_salad_dressing_s7_w0_10_s20d_clean_seed0_job520000,salad_dressing,7,57,0,0,0,,3.3,1.5,1.0,0.5,0.0,0.3,0.024594,0.024241,0.000353,1,1,1,-2.015e-05,,1,,1,0.045958,1,0.0,0,1,no_sustained_vertical_lift_type=no_sustained_motion
trace_salad_dressing_s7_w0_10_s20d_clean_seed0_job520000,salad_dressing,7,61,1,0,0,,3.8,1.5,1.0,0.5,0.5,0.3,0.00243,0.003082,-0.000652,1,1,1,1.73e-06,4,1,,1,0.044611,1,0.002034,0,1,no_sustained_vertical_lift_type=no_sustained_motion
trace_salad_dressing_s7_w0_10_s20d_clean_seed0_job520000,salad_dressing,7,63,2,0,0,,3.8,1.5,1.0,0.5,0.5,0.3,0.000942,0.002542,-0.0016,1,1,1,8.87e-06,2,1,,1,0.044769,1,0.004869,0,1,no_sustained_vertical_lift_type=no_sustained_motion
trace_salad_dressing_s7_w0_10_s20d_clean_seed0_job520000,salad_dressing,7,65,3,0,1,,3.3,1.5,1.0,0.5,0.0,0.3,0.00164,0.00157,7e-05,1,1,1,1.805e-05,2,1,,1,0.0444,1,0.017072,3,1,
trace_salad_dressing_s7_w0_10_s20d_clean_seed0_job520000,salad_dressing,7,68,4,0,1,,3.3,1.5,1.0,0.5,0.0,0.3,0.003284,0.002632,0.000652,1,1,1,-1.072e-05,3,1,,1,0.043824,1,0.050337,6,1,
trace_salad_dressing_s7_w0_10_s20d_clean_seed0_job520000,salad_dressing,7,70,5,0,1,,3.8,1.5,1.0,0.5,0.5,0.3,0.001599,0.002967,-0.001368,1,1,1,-4.43e-06,2,1,,1,0.043874,1,0.073059,8,1,
trace_salad_dressing_s8_w0_10_s20d_clean_seed0_job520000,salad_dressing,8,46,0,0,1,,3.8,1.5,1.0,0.5,0.5,0.3,0.006111,0.012466,-0.006355,1,1,1,-9.22e-06,,1,,1,0.043093,1,0.045406,5,1,
trace_salad_dressing_s8_w0_10_s20d_clean_seed0_job520000,salad_dressing,8,48,1,0,1,,3.8,1.5,1.0,0.5,0.5,0.3,0.002404,0.003059,-0.000655,1,1,1,4.657e-05,2,1,,1,0.043213,1,0.062279,7,1,
trace_salad_dressing_s9_w0_10_s20d_clean_seed0_job520000,salad_dressing,9,52,0,0,0,,3.3,1.5,1.0,0.5,0.0,0.3,0.023287,0.024275,-0.000988,1,1,1,-3.428e-05,,1,,1,0.059544,1,0.000441,0,0,no_sustained_vertical_lift_type=no_sustained_motion
trace_salad_dressing_s9_w0_10_s20d_clean_seed0_job520000,salad_dressing,9,71,1,0,0,,3.3,1.5,1.0,0.5,0.0,0.3,0.015154,0.020251,-0.005097,1,1,1,-1.405e-05,19,1,,1,0.12758,1,0.0,0,1,eef_not_near_object_dist=0.1276
trace_salad_dressing_s9_w0_10_s20d_clean_seed0_job520000,salad_dressing,9,103,2,0,0,,3.3,1.5,1.0,0.5,0.0,0.3,0.017521,0.019584,-0.002063,1,1,1,-0.0001416,32,1,,1,0.065784,1,0.00083,0,0,no_sustained_vertical_lift_type=no_sustained_motion
trace_salad_dressing_s9_w0_10_s20d_clean_seed0_job520000,salad_dressing,9,126,3,0,0,,3.3,1.5,1.0,0.5,0.0,0.3,0.012412,0.016261,-0.003849,1,1,1,-0.00021443,23,1,,1,0.139498,1,0.0,0,1,eef_not_near_object_dist=0.1395
trace_salad_dressing_s9_w0_10_s20d_clean_seed0_job520000,salad_dressing,9,128,4,0,0,,3.3,1.5,1.0,0.5,0.0,0.3,0.010344,0.012299,-0.001955,1,1,1,-0.00020271,2,1,,1,0.143981,1,0.0,0,1,eef_not_near_object_dist=0.1440
trace_salad_dressing_s9_w0_10_s20d_clean_seed0_job520000,salad_dressing,9,130,5,0,0,,3.3,1.5,1.0,0.5,0.0,0.3,0.00908,0.008552,0.000528,1,1,1,-0.0002378,2,1,,1,0.146285,1,0.0,0,1,eef_not_near_object_dist=0.1463
trace_salad_dressing_s9_w0_10_s20d_clean_seed0_job520000,salad_dressing,9,152,6,0,0,,3.3,1.5,1.0,0.5,0.0,0.3,0.020296,0.019973,0.000323,1,1,1,-0.00021958,22,1,,1,0.078508,1,0.0,0,1,no_sustained_vertical_lift_type=no_sustained_motion
trace_salad_dressing_s9_w0_10_s20d_clean_seed0_job520000,salad_dressing,9,179,7,0,0,,3.8,1.5,1.0,0.5,0.5,0.3,0.009363,0.021517,-0.012154,1,1,1,-0.00030758,27,1,,1,0.12025,1,0.0,0,1,eef_not_near_object_dist=0.1202
trace_salad_dressing_s9_w0_10_s20d_clean_seed0_job520000,salad_dressing,9,182,8,0,0,,3.8,1.5,1.0,0.5,0.5,0.3,0.002162,0.004101,-0.001939,1,1,1,-0.00035006,3,1,,1,0.121517,1,0.0,0,1,eef_not_near_object_dist=0.1215
trace_salad_dressing_s9_w0_10_s20d_clean_seed0_job520000,salad_dressing,9,184,9,0,0,,3.3,1.5,1.0,0.5,0.0,0.3,0.00543,0.004597,0.000833,1,1,1,-0.00031102,2,1,,1,0.124405,1,0.0,0,1,eef_not_near_object_dist=0.1244
trace_salad_dressing_s9_w0_10_s20d_clean_seed0_job520000,salad_dressing,9,188,10,0,0,,3.8,1.5,1.0,0.5,0.5,0.3,0.003272,0.007522,-0.00425,1,1,1,-0.00035239,4,1,,1,0.125968,1,0.0,0,1,eef_not_near_object_dist=0.1260
trace_salad_dressing_s9_w0_10_s20d_clean_seed0_job520000,salad_dressing,9,191,11,0,0,,3.8,1.5,1.0,0.5,0.5,0.3,0.007022,0.007217,-0.000195,1,1,1,-0.00034602,3,1,,1,0.123607,1,0.0,0,1,eef_not_near_object_dist=0.1236
trace_salad_dressing_s9_w0_10_s20d_clean_seed0_job520000,salad_dressing,9,195,12,0,0,,3.8,1.5,1.0,0.5,0.5,0.3,0.003406,0.008366,-0.00496,1,1,1,-0.00033825,4,1,,1,0.126413,1,0.0,0,1,eef_not_near_object_dist=0.1264
trace_salad_dressing_s9_w0_10_s20d_clean_seed0_job520000,salad_dressing,9,199,13,0,0,,3.8,1.5,1.0,0.5,0.5,0.3,0.002854,0.006498,-0.003644,1,1,1,-0.0003401,4,1,,1,0.127137,1,0.0,0,1,eef_not_near_object_dist=0.1271
trace_salad_dressing_s9_w0_10_s20d_clean_seed0_job520000,salad_dressing,9,202,14,0,0,,3.8,1.5,1.0,0.5,0.5,0.3,0.00391,0.00609,-0.00218,1,1,1,-0.00036351,3,1,,1,0.129155,1,0.0,0,1,eef_not_near_object_dist=0.1292
trace_salad_dressing_s9_w0_10_s20d_clean_seed0_job520000,salad_dressing,9,211,15,0,0,,3.8,1.5,1.0,0.5,0.5,0.3,0.001831,0.008374,-0.006543,1,1,1,-0.00039885,9,1,,1,0.126659,1,0.0,0,1,eef_not_near_object_dist=0.1267
trace_salad_dressing_s9_w0_10_s20d_clean_seed0_job520000,salad_dressing,9,216,16,0,0,,3.3,1.5,1.0,0.5,0.0,0.3,0.009744,0.005111,0.004633,1,1,1,-0.00036789,5,1,,1,0.123922,1,0.0,0,1,eef_not_near_object_dist=0.1239
trace_salad_dressing_s9_w0_10_s20d_clean_seed0_job520000,salad_dressing,9,220,17,0,0,,3.8,1.5,1.0,0.5,0.5,0.3,0.002261,0.006739,-0.004478,1,1,1,-0.00037882,4,1,,1,0.123225,1,0.0,0,1,eef_not_near_object_dist=0.1232
trace_salad_dressing_s9_w0_10_s20d_clean_seed0_job520000,salad_dressing,9,226,18,0,0,,3.3,1.5,1.0,0.5,0.0,0.3,0.023991,0.015274,0.008717,1,1,1,-0.00041661,6,1,,1,0.108667,1,0.0,0,1,eef_not_near_object_dist=0.1087
trace_salad_dressing_s9_w0_10_s20d_clean_seed0_job520000,salad_dressing,9,231,19,0,0,,3.8,1.5,1.0,0.5,0.5,0.3,0.005958,0.007452,-0.001494,1,1,1,-0.00038632,5,1,,1,0.105025,1,0.0,0,1,eef_not_near_object_dist=0.1050
trace_salad_dressing_s9_w0_10_s20d_clean_seed0_job520000,salad_dressing,9,235,20,0,0,,3.8,1.5,1.0,0.5,0.5,0.3,0.00147,0.006401,-0.004931,1,1,1,-0.00040332,4,1,,1,0.105683,1,0.0,0,1,eef_not_near_object_dist=0.1057
trace_salad_dressing_s9_w0_10_s20d_clean_seed0_job520000,salad_dressing,9,240,21,0,0,,3.8,1.5,1.0,0.5,0.5,0.3,0.001226,0.014005,-0.012779,1,1,1,-0.00040714,5,1,,1,0.110825,1,0.0,0,1,eef_not_near_object_dist=0.1108
trace_salad_dressing_s9_w0_10_s20d_clean_seed0_job520000,salad_dressing,9,243,22,0,0,,3.8,1.5,1.0,0.5,0.5,0.3,0.007673,0.008441,-0.000768,1,1,1,-0.0004455,3,1,,1,0.10453,1,0.0,0,1,eef_not_near_object_dist=0.1045
trace_salad_dressing_s9_w0_10_s20d_clean_seed0_job520000,salad_dressing,9,247,23,0,0,,3.8,1.5,1.0,0.5,0.5,0.3,0.00094,0.004822,-0.003882,1,1,1,-0.00044775,4,1,,1,0.103129,1,0.0,0,1,eef_not_near_object_dist=0.1031
trace_salad_dressing_s9_w0_10_s20d_clean_seed0_job520000,salad_dressing,9,251,24,0,0,,3.3,1.5,1.0,0.5,0.0,0.3,0.013326,0.012125,0.001201,1,1,1,-0.00045783,4,1,,1,0.11397,1,0.0,0,1,eef_not_near_object_dist=0.1140
trace_salad_dressing_s9_w0_10_s20d_clean_seed0_job520000,salad_dressing,9,256,25,0,0,,3.3,1.5,1.0,0.5,0.0,0.3,0.01135,0.002617,0.008733,1,1,1,-0.00046732,5,1,,1,0.111611,1,0.0,0,1,eef_not_near_object_dist=0.1116
trace_salad_dressing_s9_w0_10_s20d_clean_seed0_job520000,salad_dressing,9,260,26,0,0,,3.8,1.5,1.0,0.5,0.5,0.3,0.001489,0.00575,-0.004261,1,1,1,-0.00049226,4,1,,1,0.110116,1,0.0,0,1,eef_not_near_object_dist=0.1101
trace_salad_dressing_s9_w0_10_s20d_clean_seed0_job520000,salad_dressing,9,264,27,0,0,,3.8,1.5,1.0,0.5,0.5,0.3,0.002401,0.004425,-0.002024,1,1,1,-0.00050134,4,1,,1,0.106466,1,0.0,0,1,eef_not_near_object_dist=0.1065
trace_salad_dressing_s9_w0_10_s20d_clean_seed0_job520000,salad_dressing,9,269,28,0,0,,3.8,1.5,1.0,0.5,0.5,0.3,0.001634,0.01297,-0.011336,1,1,1,-0.00047961,5,1,,1,0.111173,1,0.0,0,1,eef_not_near_object_dist=0.1112
trace_salad_dressing_s9_w0_10_s20d_clean_seed0_job520000,salad_dressing,9,272,29,0,0,,3.3,1.5,1.0,0.5,0.0,0.3,0.006683,0.001394,0.005289,1,1,1,-0.00050624,3,1,,1,0.117071,1,0.0,0,1,eef_not_near_object_dist=0.1171
trace_salad_dressing_s9_w0_10_s20d_clean_seed0_job520000,salad_dressing,9,274,30,0,0,,3.3,1.5,1.0,0.5,0.0,0.3,0.00645,0.004376,0.002074,1,1,1,-0.00049875,2,1,,1,0.11082,1,0.0,0,1,eef_not_near_object_dist=0.1108
trace_salad_dressing_s9_w0_10_s20d_clean_seed0_job520000,salad_dressing,9,278,31,0,0,,3.8,1.5,1.0,0.5,0.5,0.3,0.00171,0.006851,-0.005141,1,1,1,-0.00052008,4,1,,1,0.110121,1,0.0,0,1,eef_not_near_object_dist=0.1101
trace_salad_dressing_s20_w0_10_s20d_clean_seed0_job520000,salad_dressing,20,50,0,0,0,-10,3.8,1.5,1.0,0.5,0.5,0.3,0.00048,0.000919,-0.000439,1,1,1,-4.267e-05,,1,,1,0.041723,1,0.000708,0,1,no_sustained_vertical_lift_type=no_sustained_motion
trace_salad_dressing_s20_w0_10_s20d_clean_seed0_job520000,salad_dressing,20,60,1,1,1,0,3.3,1.5,1.0,0.5,0.0,0.3,0.002258,0.0021,0.000158,1,1,1,1.05e-06,10,1,,1,0.042421,1,0.072812,8,1,
trace_salad_dressing_s22_w0_10_s20d_clean_seed0_job520000,salad_dressing,22,47,0,1,1,0,3.8,1.5,1.0,0.5,0.5,0.3,0.004041,0.004251,-0.00021,1,1,1,-5.393e-05,,1,,1,0.04192,1,0.058051,7,1,
trace_salad_dressing_s22_w0_10_s20d_clean_seed0_job520000,salad_dressing,22,111,1,0,0,64,3.3,1.5,1.0,0.5,0.0,0.3,0.023623,0.027048,-0.003425,1,1,1,-0.00019076,64,1,,1,0.042528,1,0.0,6,1,no_sustained_vertical_lift_type=sustained_horizontal_transport
trace_salad_dressing_s35_w0_10_s20d_clean_seed0_job520000,salad_dressing,35,81,0,1,1,0,3.3,1.5,1.0,0.5,0.0,0.3,0.021988,0.022287,-0.000299,1,1,1,-2.494e-05,,1,,1,0.049822,1,0.038264,6,1,
trace_salad_dressing_s36_w0_10_s20d_clean_seed0_job520000,salad_dressing,36,55,0,1,1,0,3.3,1.5,1.0,0.5,0.0,0.3,0.021431,0.026068,-0.004637,1,1,1,-2.081e-05,,1,,1,0.043244,1,0.066219,6,1,
trace_salad_dressing_s36_w0_10_s20d_clean_seed0_job520000,salad_dressing,36,124,1,0,0,69,3.3,1.5,1.0,0.5,0.0,0.3,0.016563,0.018644,-0.002081,1,1,1,-0.00043424,69,1,,1,0.043824,1,0.0,0,1,no_sustained_vertical_lift_type=no_sustained_motion
trace_salad_dressing_s47_w0_10_s20d_clean_seed0_job520000,salad_dressing,47,53,0,1,1,0,3.3,1.5,1.0,0.5,0.0,0.3,0.013595,0.018675,-0.00508,1,1,1,-2.239e-05,,1,,1,0.04649,1,0.059509,6,1,
trace_tomato_sauce_s0_w0_10_s20d_clean_seed0_job510000,tomato_sauce,0,79,0,0,1,,3.3,1.5,1.0,0.5,0.0,0.3,0.027333,0.029547,-0.002214,1,1,1,-0.00043609,,1,,1,0.034292,1,0.084261,9,1,
trace_tomato_sauce_s0_w0_10_s20d_clean_seed0_job510000,tomato_sauce,0,136,1,0,1,,3.3,1.5,1.0,0.5,0.0,0.3,0.016642,0.021057,-0.004415,1,1,1,-0.00520386,57,1,,1,0.032713,1,0.013163,8,1,
trace_tomato_sauce_s0_w0_10_s20d_clean_seed0_job510000,tomato_sauce,0,144,2,0,0,,3.3,1.5,1.0,0.5,0.0,0.3,0.012661,0.01226,0.000401,1,1,1,-0.00259863,8,1,,1,0.03256,1,0.001423,0,1,no_sustained_vertical_lift_type=no_sustained_motion
trace_tomato_sauce_s0_w0_10_s20d_clean_seed0_job510000,tomato_sauce,0,148,3,0,0,,3.8,1.5,1.0,0.5,0.5,0.3,0.001454,0.003083,-0.001629,1,1,1,-0.00161585,4,1,,1,0.032436,1,2.8e-05,0,1,no_sustained_vertical_lift_type=no_sustained_motion
trace_tomato_sauce_s3_w0_10_s20d_clean_seed0_job510000,tomato_sauce,3,63,0,0,1,,3.3,1.5,1.0,0.5,0.0,0.3,0.014606,0.015396,-0.00079,1,1,1,0.00015358,,1,,1,0.045283,1,0.045052,7,1,
trace_tomato_sauce_s3_w0_10_s20d_clean_seed0_job510000,tomato_sauce,3,130,1,0,0,,3.8,1.5,1.0,0.5,0.5,0.3,0.003952,0.011404,-0.007452,1,1,1,0.00238443,67,1,,1,0.044259,1,0.0,3,0,no_sustained_vertical_lift_type=sustained_horizontal_transport
trace_tomato_sauce_s3_w0_10_s20d_clean_seed0_job510000,tomato_sauce,3,133,2,0,1,,3.3,1.5,1.0,0.5,0.0,0.3,0.012699,0.004179,0.00852,1,1,1,0.00175595,3,1,,1,0.044316,1,0.007637,2,0,
trace_tomato_sauce_s3_w0_10_s20d_clean_seed0_job510000,tomato_sauce,3,141,3,0,0,,3.3,1.5,1.0,0.5,0.0,0.3,0.011573,0.011646,-7.3e-05,1,1,1,0.00117089,8,1,,1,0.061781,1,0.0,2,0,no_sustained_vertical_lift_type=sustained_horizontal_transport
trace_tomato_sauce_s4_w0_10_s20d_clean_seed0_job510000,tomato_sauce,4,81,0,0,1,,3.3,1.5,1.0,0.5,0.0,0.3,0.025244,0.026725,-0.001481,1,1,1,-0.00034426,,1,,1,0.032622,1,0.017835,2,1,
trace_tomato_sauce_s4_w0_10_s20d_clean_seed0_job510000,tomato_sauce,4,87,1,0,1,,3.8,1.5,1.0,0.5,0.5,0.3,0.008232,0.009161,-0.000929,1,1,1,-0.00130402,6,1,,1,0.020606,1,0.086304,8,1,
trace_tomato_sauce_s4_w0_10_s20d_clean_seed0_job510000,tomato_sauce,4,142,2,0,1,,3.3,1.5,1.0,0.5,0.0,0.3,0.014829,0.021042,-0.006213,1,1,1,-0.00501337,55,1,,1,0.014502,1,0.021599,10,1,
trace_tomato_sauce_s4_w0_10_s20d_clean_seed0_job510000,tomato_sauce,4,144,3,0,1,,3.8,1.5,1.0,0.5,0.5,0.3,0.002618,0.006571,-0.003953,1,1,1,-0.00502442,2,1,,1,0.014504,1,0.018771,7,1,
trace_tomato_sauce_s4_w0_10_s20d_clean_seed0_job510000,tomato_sauce,4,148,4,0,1,,3.3,1.5,1.0,0.5,0.0,0.3,0.010121,0.007018,0.003103,1,1,1,-0.00472581,4,1,,1,0.014459,1,0.008005,2,1,
trace_tomato_sauce_s4_w0_10_s20d_clean_seed0_job510000,tomato_sauce,4,155,5,0,0,,3.3,1.5,1.0,0.5,0.0,0.3,0.01096,0.011668,-0.000708,1,1,1,-0.00245911,7,1,,1,0.014162,1,0.0,4,1,no_sustained_vertical_lift_type=sustained_horizontal_transport
trace_tomato_sauce_s5_w0_10_s20d_clean_seed0_job510000,tomato_sauce,5,60,0,1,1,0,3.3,1.5,1.0,0.5,0.0,0.3,0.017461,0.017106,0.000355,1,1,1,0.00014314,,1,,1,0.03935,1,0.058676,8,1,
trace_tomato_sauce_s6_w0_10_s20d_clean_seed0_job510000,tomato_sauce,6,65,0,0,1,,3.3,1.5,1.0,0.5,0.0,0.3,0.016978,0.017967,-0.000989,1,1,1,0.0001291,,1,,1,0.052085,1,0.060775,8,1,
trace_tomato_sauce_s6_w0_10_s20d_clean_seed0_job510000,tomato_sauce,6,126,1,0,1,,3.3,1.5,1.0,0.5,0.0,0.3,0.022304,0.025406,-0.003102,1,1,1,0.00046155,61,1,,1,0.044306,1,0.018874,6,1,
trace_tomato_sauce_s6_w0_10_s20d_clean_seed0_job510000,tomato_sauce,6,136,2,0,0,,3.3,1.5,1.0,0.5,0.0,0.3,0.014018,0.013678,0.00034,1,1,1,0.00291251,10,1,,1,0.043577,1,0.0,0,1,no_sustained_vertical_lift_type=no_sustained_motion
trace_tomato_sauce_s6_w0_10_s20d_clean_seed0_job510000,tomato_sauce,6,143,3,0,0,,3.3,1.5,1.0,0.5,0.0,0.3,0.011184,0.004936,0.006248,1,1,1,0.00110072,7,1,,1,0.044305,1,0.0,0,1,no_sustained_vertical_lift_type=no_sustained_motion
trace_tomato_sauce_s7_w0_10_s20d_clean_seed0_job510000,tomato_sauce,7,0,0,0,0,,1.8,0.0,1.0,0.5,0.0,0.3,,,,1,0,1,3.56e-06,,,too_early,0,0.318019,1,0.0,0,1,eef_not_near_object_dist=0.3180
trace_tomato_sauce_s7_w0_10_s20d_clean_seed0_job510000,tomato_sauce,7,12,1,0,0,,3.3,1.5,1.0,0.5,0.0,0.3,0.009583,0.009456,0.000127,1,1,1,-5.304e-05,12,1,,1,0.30728,1,0.0,0,1,eef_not_near_object_dist=0.3073
trace_tomato_sauce_s7_w0_10_s20d_clean_seed0_job510000,tomato_sauce,7,18,2,0,0,,3.3,1.5,1.0,0.5,0.0,0.3,0.022364,0.016683,0.005681,1,1,1,-0.00020541,6,1,,1,0.294745,1,0.0,0,1,eef_not_near_object_dist=0.2947
trace_tomato_sauce_s7_w0_10_s20d_clean_seed0_job510000,tomato_sauce,7,21,3,0,0,,3.3,1.5,1.0,0.5,0.0,0.3,0.020323,0.017774,0.002549,1,1,1,-9.582e-05,3,1,,1,0.291314,1,0.0,0,1,eef_not_near_object_dist=0.2913
trace_tomato_sauce_s7_w0_10_s20d_clean_seed0_job510000,tomato_sauce,7,88,4,0,1,,3.3,1.5,1.0,0.5,0.0,0.3,0.019128,0.014035,0.005093,1,1,1,-9.787e-05,67,1,,1,0.034131,1,0.041384,4,1,
trace_tomato_sauce_s7_w0_10_s20d_clean_seed0_job510000,tomato_sauce,7,93,5,0,1,,3.3,1.5,1.0,0.5,0.0,0.3,0.012444,0.014021,-0.001577,1,1,1,-0.00356799,5,1,,1,0.016214,1,0.096174,9,1,
trace_tomato_sauce_s7_w0_10_s20d_clean_seed0_job510000,tomato_sauce,7,149,6,0,0,,3.3,1.5,1.0,0.5,0.0,0.3,0.013959,0.021407,-0.007448,1,1,1,-0.00339989,56,1,,1,0.011601,1,0.0,5,1,no_sustained_vertical_lift_type=sustained_horizontal_transport
trace_tomato_sauce_s7_w0_10_s20d_clean_seed0_job510000,tomato_sauce,7,151,7,0,0,,3.8,1.5,1.0,0.5,0.5,0.3,0.004628,0.007344,-0.002716,1,1,1,-0.00340208,2,1,,1,0.011603,1,0.001466,3,1,no_sustained_vertical_lift_type=sustained_horizontal_transport
trace_tomato_sauce_s8_w0_10_s20d_clean_seed0_job510000,tomato_sauce,8,47,0,0,1,,3.3,1.5,1.0,0.5,0.0,0.3,0.01807,0.018021,4.9e-05,1,1,1,-2.61e-05,,1,,1,0.030885,1,0.029371,5,1,
trace_tomato_sauce_s8_w0_10_s20d_clean_seed0_job510000,tomato_sauce,8,116,1,0,1,,2.8,1.5,1.0,0.0,0.0,0.3,0.00843,0.005138,0.003292,1,1,1,0.00748069,69,1,,1,0.018154,1,0.019244,7,1,
trace_tomato_sauce_s8_w0_10_s20d_clean_seed0_job510000,tomato_sauce,8,123,2,0,0,,3.3,1.5,1.0,0.5,0.0,0.3,0.014509,0.013973,0.000536,1,1,1,0.00268787,7,1,,1,0.017913,1,0.002377,2,0,no_sustained_vertical_lift_type=sustained_horizontal_transport
trace_tomato_sauce_s8_w0_10_s20d_clean_seed0_job510000,tomato_sauce,8,126,3,0,0,,3.8,1.5,1.0,0.5,0.5,0.3,0.002521,0.004138,-0.001617,1,1,1,0.00161663,3,1,,1,0.018029,1,0.0,2,0,no_sustained_vertical_lift_type=sustained_horizontal_transport
trace_tomato_sauce_s9_w0_10_s20d_clean_seed0_job560000,tomato_sauce,9,63,0,1,1,0,3.3,1.5,1.0,0.5,0.0,0.3,0.023681,0.022261,0.00142,1,1,1,-5.933e-05,,1,,1,0.045396,1,0.052552,6,1,
trace_tomato_sauce_s9_w0_10_s20d_clean_seed0_job560000,tomato_sauce,9,122,1,0,0,59,3.3,1.5,1.0,0.5,0.0,0.3,0.021739,0.025789,-0.00405,1,1,1,-0.01053085,59,1,,1,0.031889,1,0.0,0,1,no_sustained_vertical_lift_type=no_sustained_motion
trace_tomato_sauce_s21_w0_10_s20d_clean_seed0_job560000,tomato_sauce,21,57,0,1,1,0,3.3,1.5,1.0,0.5,0.0,0.3,0.024985,0.025767,-0.000782,1,1,1,-0.00015492,,1,,1,0.02735,1,0.071027,8,1,
trace_tomato_sauce_s27_w0_10_s20d_clean_seed0_job590200,tomato_sauce,27,26,0,0,0,,3.3,1.5,1.0,0.5,0.0,0.3,0.015542,0.011784,0.003758,1,1,1,-1.001e-05,,1,,1,0.297972,1,0.0,0,1,eef_not_near_object_dist=0.2980
trace_tomato_sauce_s27_w0_10_s20d_clean_seed0_job590200,tomato_sauce,27,32,1,0,0,,3.3,1.5,1.0,0.5,0.0,0.3,0.028532,0.027217,0.001315,1,1,1,-0.00023289,6,1,,1,0.26854,1,0.0,0,1,eef_not_near_object_dist=0.2685
trace_tomato_sauce_s27_w0_10_s20d_clean_seed0_job590200,tomato_sauce,27,79,2,0,0,,3.3,1.5,1.0,0.5,0.0,0.3,0.010141,0.009641,0.0005,1,1,1,-0.00074149,47,1,,1,0.046237,1,0.000602,0,1,no_sustained_vertical_lift_type=no_sustained_motion
trace_tomato_sauce_s27_w0_10_s20d_clean_seed0_job590200,tomato_sauce,27,85,3,0,0,,3.8,1.5,1.0,0.5,0.5,0.3,0.005305,0.007898,-0.002593,1,1,1,0.00278165,6,1,,1,0.036047,1,0.000769,0,1,no_sustained_vertical_lift_type=no_sustained_motion
trace_tomato_sauce_s27_w0_10_s20d_clean_seed0_job590200,tomato_sauce,27,96,4,0,0,,3.3,1.5,1.0,0.5,0.0,0.3,0.00033,0.000141,0.000189,1,1,1,0.00099115,11,1,,1,0.036417,1,0.000491,0,1,no_sustained_vertical_lift_type=no_sustained_motion
trace_tomato_sauce_s27_w0_10_s20d_clean_seed0_job590200,tomato_sauce,27,111,5,0,1,,3.8,1.5,1.0,0.5,0.5,0.3,0.005995,0.009837,-0.003842,1,1,1,-0.00166721,15,1,,1,0.021857,1,0.064573,8,1,
trace_tomato_sauce_s27_w0_10_s20d_clean_seed0_job590200,tomato_sauce,27,177,6,0,1,,3.3,1.5,1.0,0.5,0.0,0.3,0.004549,0.002282,0.002267,1,1,1,-0.01423007,66,1,,1,0.021561,1,0.018242,6,1,
trace_tomato_sauce_s27_w0_10_s20d_clean_seed0_job590200,tomato_sauce,27,182,7,0,1,,3.3,1.5,1.0,0.5,0.0,0.3,0.009843,0.003378,0.006465,1,1,1,-0.0138118,5,1,,1,0.021496,1,0.013284,4,0,
trace_tomato_sauce_s30_w0_10_s20d_clean_seed0_job590200,tomato_sauce,30,59,0,1,1,0,3.3,1.5,1.0,0.5,0.0,0.3,0.024828,0.027376,-0.002548,1,1,1,-2.034e-05,,1,,1,0.044595,1,0.012191,2,1,
trace_tomato_sauce_s30_w0_10_s20d_clean_seed0_job590200,tomato_sauce,30,121,1,0,0,62,3.3,1.5,1.0,0.5,0.0,0.3,0.019997,0.02565,-0.005653,1,1,1,-0.00250278,62,1,,1,0.027575,1,0.0,9,1,no_sustained_vertical_lift_type=sustained_horizontal_transport
trace_tomato_sauce_s30_w0_10_s20d_clean_seed0_job590200,tomato_sauce,30,125,2,0,0,66,3.3,1.5,1.0,0.5,0.0,0.3,0.010469,0.015147,-0.004678,1,1,1,-0.00253368,4,1,,1,0.027604,1,0.002758,3,1,no_sustained_vertical_lift_type=sustained_horizontal_transport
trace_tomato_sauce_s30_w0_10_s20d_clean_seed0_job590200,tomato_sauce,30,134,3,0,0,75,3.3,1.5,1.0,0.5,0.0,0.3,0.013725,0.01278,0.000945,1,1,1,-0.00144249,9,1,,1,0.030361,1,0.0,0,1,no_sustained_vertical_lift_type=no_sustained_motion
trace_tomato_sauce_s37_w0_10_s20d_clean_seed0_job590200,tomato_sauce,37,26,0,0,0,,3.3,1.5,1.0,0.5,0.0,0.3,0.024643,0.02152,0.003123,1,1,1,-3.004e-05,,1,,1,0.277813,1,0.0,0,1,eef_not_near_object_dist=0.2778
trace_tomato_sauce_s37_w0_10_s20d_clean_seed0_job590200,tomato_sauce,37,28,1,0,0,,3.3,1.5,1.0,0.5,0.0,0.3,0.026935,0.026145,0.00079,1,1,1,-7.137e-05,2,1,,1,0.26564,1,0.0,0,1,eef_not_near_object_dist=0.2656
trace_tomato_sauce_s37_w0_10_s20d_clean_seed0_job590200,tomato_sauce,37,71,2,0,0,,3.3,1.5,1.0,0.5,0.0,0.3,0.023982,0.023912,7e-05,1,1,1,-0.00019418,43,1,,1,0.047612,1,0.001109,0,1,no_sustained_vertical_lift_type=no_sustained_motion
trace_tomato_sauce_s37_w0_10_s20d_clean_seed0_job590200,tomato_sauce,37,74,3,0,0,,3.3,1.5,1.0,0.5,0.0,0.3,0.016919,0.018629,-0.00171,1,1,1,-0.00020417,3,1,,1,0.031143,1,0.002126,0,1,no_sustained_vertical_lift_type=no_sustained_motion
trace_tomato_sauce_s37_w0_10_s20d_clean_seed0_job590200,tomato_sauce,37,151,4,0,0,,2.5,1.5,1.0,0.0,0.0,0.0,0.004806,0.001799,0.003007,1,1,1,0.01363758,77,1,,1,0.017516,1,0.0,9,1,no_sustained_vertical_lift_type=sustained_horizontal_transport
trace_tomato_sauce_s37_w0_10_s20d_clean_seed0_job590200,tomato_sauce,37,156,5,0,0,,3.0,1.5,1.0,0.0,0.5,0.0,0.005397,0.006668,-0.001271,1,1,1,0.01660158,5,1,,1,0.017497,1,0.000661,13,1,no_sustained_vertical_lift_type=sustained_horizontal_transport
trace_tomato_sauce_s37_w0_10_s20d_clean_seed0_job590200,tomato_sauce,37,159,6,0,0,,2.5,1.5,1.0,0.0,0.0,0.0,0.007501,0.004738,0.002763,1,1,1,0.01736627,3,1,,1,0.017625,1,0.005083,10,1,no_sustained_vertical_lift_type=sustained_horizontal_transport
trace_tomato_sauce_s37_w0_10_s20d_clean_seed0_job590200,tomato_sauce,37,162,7,0,0,,2.5,1.5,1.0,0.0,0.0,0.0,0.004754,0.00408,0.000674,1,1,1,0.01691205,3,1,,1,0.017523,1,0.000672,11,1,no_sustained_vertical_lift_type=sustained_horizontal_transport
trace_tomato_sauce_s37_w0_10_s20d_clean_seed0_job590200,tomato_sauce,37,165,8,0,0,,2.5,1.5,1.0,0.0,0.0,0.0,0.006871,0.003113,0.003758,1,1,1,0.01511028,3,1,,1,0.01729,1,3.6e-05,0,1,no_sustained_vertical_lift_type=no_sustained_motion
trace_tomato_sauce_s37_w0_10_s20d_clean_seed0_job590200,tomato_sauce,37,167,9,0,0,,3.0,1.5,1.0,0.0,0.5,0.0,0.003177,0.00929,-0.006113,1,1,1,0.01659945,2,1,,1,0.017467,1,0.000258,4,1,no_sustained_vertical_lift_type=sustained_horizontal_transport
trace_tomato_sauce_s37_w0_10_s20d_clean_seed0_job590200,tomato_sauce,37,171,10,0,0,,3.0,1.5,1.0,0.0,0.5,0.0,0.002693,0.003871,-0.001178,1,1,1,0.01876787,4,1,,1,0.017881,1,0.0,6,1,no_sustained_vertical_lift_type=sustained_horizontal_transport
trace_tomato_sauce_s37_w0_10_s20d_clean_seed0_job590200,tomato_sauce,37,185,11,0,1,,3.0,1.5,1.0,0.0,0.5,0.0,0.001168,0.00267,-0.001502,1,1,1,0.01835462,14,1,,1,0.018125,1,0.01153,4,1,
trace_tomato_sauce_s37_w0_10_s20d_clean_seed0_job590200,tomato_sauce,37,189,12,0,1,,2.5,1.5,1.0,0.0,0.0,0.0,0.003922,0.003667,0.000255,1,1,1,0.01752538,4,1,,1,0.018025,1,0.008501,2,1,
trace_tomato_sauce_s37_w0_10_s20d_clean_seed0_job590200,tomato_sauce,37,191,13,0,1,,3.0,1.5,1.0,0.0,0.5,0.0,0.004368,0.006032,-0.001664,1,1,1,0.01513954,2,1,,1,0.017574,1,0.008104,2,1,
trace_tomato_sauce_s37_w0_10_s20d_clean_seed0_job590200,tomato_sauce,37,195,14,0,0,,2.8,1.5,1.0,0.0,0.0,0.3,0.009526,0.00382,0.005706,1,1,1,0.00700411,4,1,,1,0.01662,1,0.000156,0,1,no_sustained_vertical_lift_type=no_sustained_motion
trace_tomato_sauce_s43_w0_10_s20d_clean_seed0_job590200,tomato_sauce,43,19,0,0,0,,3.3,1.5,1.0,0.5,0.0,0.3,0.016926,0.013819,0.003107,1,1,1,-2.456e-05,,1,,1,0.29307,1,0.0,0,1,eef_not_near_object_dist=0.2931
trace_tomato_sauce_s43_w0_10_s20d_clean_seed0_job590200,tomato_sauce,43,26,1,0,0,,3.3,1.5,1.0,0.5,0.0,0.3,0.028426,0.026511,0.001915,1,1,1,-0.00013232,7,1,,1,0.266457,1,0.0,0,1,eef_not_near_object_dist=0.2665
trace_tomato_sauce_s43_w0_10_s20d_clean_seed0_job590200,tomato_sauce,43,28,2,0,0,,3.3,1.5,1.0,0.5,0.0,0.3,0.03001,0.029573,0.000437,1,1,1,-0.00019379,2,1,,1,0.255342,1,0.0,0,1,eef_not_near_object_dist=0.2553
trace_tomato_sauce_s43_w0_10_s20d_clean_seed0_job590200,tomato_sauce,43,32,3,0,0,,3.3,1.5,1.0,0.5,0.0,0.3,0.029742,0.029541,0.000201,1,1,1,-0.00019269,4,1,,1,0.236002,1,0.0,0,1,eef_not_near_object_dist=0.2360
trace_tomato_sauce_s43_w0_10_s20d_clean_seed0_job590200,tomato_sauce,43,71,4,0,1,,3.3,1.5,1.0,0.5,0.0,0.3,0.027191,0.02694,0.000251,1,1,1,-0.00017064,39,1,,1,0.036678,1,0.089969,9,1,
trace_tomato_sauce_s43_w0_10_s20d_clean_seed0_job590200,tomato_sauce,43,131,5,0,1,,3.0,1.5,1.0,0.0,0.5,0.0,0.005872,0.006923,-0.001051,1,1,1,0.0160101,60,1,,1,0.02058,1,0.009613,3,1,
trace_tomato_sauce_s43_w0_10_s20d_clean_seed0_job590200,tomato_sauce,43,137,6,0,0,,2.8,1.5,1.0,0.0,0.0,0.3,0.010536,0.009248,0.001288,1,1,1,0.00931994,6,1,,1,0.019756,1,0.00254,13,1,no_sustained_vertical_lift_type=sustained_horizontal_transport
trace_tomato_sauce_s43_w0_10_s20d_clean_seed0_job590200,tomato_sauce,43,142,7,0,0,,3.3,1.5,1.0,0.5,0.0,0.3,0.005888,0.00439,0.001498,1,1,1,0.00251189,5,1,,1,0.019653,1,0.005334,0,1,no_sustained_vertical_lift_type=no_sustained_motion
trace_tomato_sauce_s43_w0_10_s20d_clean_seed0_job590200,tomato_sauce,43,145,8,0,1,,3.3,1.5,1.0,0.5,0.0,0.3,0.005095,0.000764,0.004331,1,1,1,0.00178896,3,1,,1,0.019694,1,0.010266,2,1,
trace_tomato_sauce_s43_w0_10_s20d_clean_seed0_job590200,tomato_sauce,43,149,9,0,0,,3.3,1.5,1.0,0.5,0.0,0.3,0.010745,0.003994,0.006751,1,1,1,0.0010736,4,1,,1,0.019756,1,0.000752,0,1,no_sustained_vertical_lift_type=no_sustained_motion
trace_tomato_sauce_s43_w0_10_s20d_clean_seed0_job590200,tomato_sauce,43,154,10,0,0,,3.8,1.5,1.0,0.5,0.5,0.3,0.003353,0.013,-0.009647,1,1,1,0.00040622,5,1,,1,0.01976,1,0.001801,2,1,no_sustained_vertical_lift_type=sustained_horizontal_transport
trace_tomato_sauce_s43_w0_10_s20d_clean_seed0_job590200,tomato_sauce,43,158,11,0,0,,3.8,1.5,1.0,0.5,0.5,0.3,0.005363,0.009165,-0.003802,1,1,1,0.00012382,4,1,,1,0.01981,1,0.005715,0,1,no_sustained_vertical_lift_type=no_sustained_motion
trace_tomato_sauce_s43_w0_10_s20d_clean_seed0_job590200,tomato_sauce,43,162,12,0,0,,3.3,1.5,1.0,0.5,0.0,0.3,0.009228,0.001886,0.007342,1,1,1,-0.00017039,4,1,,1,0.021286,1,0.0,0,1,no_sustained_vertical_lift_type=no_sustained_motion
trace_tomato_sauce_s43_w0_10_s20d_clean_seed0_job590200,tomato_sauce,43,165,13,0,0,,3.8,1.5,1.0,0.5,0.5,0.3,0.006195,0.006442,-0.000247,1,1,1,-0.00028957,3,1,,1,0.03817,1,0.0,0,1,no_sustained_vertical_lift_type=no_sustained_motion
trace_tomato_sauce_s44_w0_10_s20d_clean_seed0_job590200,tomato_sauce,44,50,0,0,1,,3.3,1.5,1.0,0.5,0.0,0.3,0.028426,0.026667,0.001759,1,1,1,-5.825e-05,,1,,1,0.043035,1,0.015766,3,1,
trace_tomato_sauce_s44_w0_10_s20d_clean_seed0_job590200,tomato_sauce,44,52,1,0,1,,3.3,1.5,1.0,0.5,0.0,0.3,0.025248,0.026993,-0.001745,1,1,1,-5.081e-05,2,1,,1,0.029664,1,0.029681,5,1,
trace_tomato_sauce_s44_w0_10_s20d_clean_seed0_job590200,tomato_sauce,44,125,2,0,0,,3.3,1.5,1.0,0.5,0.0,0.3,0.010599,0.007999,0.0026,1,1,1,-0.00303301,73,1,,1,0.019652,1,0.006167,2,0,no_sustained_vertical_lift_type=sustained_horizontal_transport
trace_tomato_sauce_s48_w0_10_s20d_clean_seed0_job590200,tomato_sauce,48,68,0,1,1,0,3.3,1.5,1.0,0.5,0.0,0.3,0.019071,0.020546,-0.001475,1,1,1,5.055e-05,,1,,1,0.051151,1,0.012361,3,1,
trace_tomato_sauce_s48_w0_10_s20d_clean_seed0_job590200,tomato_sauce,48,111,1,0,0,43,3.8,1.5,1.0,0.5,0.5,0.3,0.006036,0.009639,-0.003603,1,1,1,0.00044405,43,1,,1,0.050152,1,6e-05,0,1,no_sustained_vertical_lift_type=no_sustained_motion
trace_tomato_sauce_s48_w0_10_s20d_clean_seed0_job590200,tomato_sauce,48,125,2,0,0,57,3.8,1.5,1.0,0.5,0.5,0.3,0.000302,0.000329,-2.7e-05,1,1,1,-1.251e-05,14,1,,1,0.056731,1,0.0,0,1,no_sustained_vertical_lift_type=no_sustained_motion
trace_tomato_sauce_s48_w0_10_s20d_clean_seed0_job590200,tomato_sauce,48,132,3,0,0,64,3.8,1.5,1.0,0.5,0.5,0.3,0.005248,0.006113,-0.000865,1,1,1,-1.515e-05,7,1,,1,0.062324,1,0.0,0,1,no_sustained_vertical_lift_type=no_sustained_motion
trace_tomato_sauce_s48_w0_10_s20d_clean_seed0_job590200,tomato_sauce,48,140,4,0,0,72,3.3,1.5,1.0,0.5,0.0,0.3,0.001886,0.001683,0.000203,1,1,1,-4.405e-05,8,1,,1,0.065878,1,0.000562,0,1,no_sustained_vertical_lift_type=no_sustained_motion
trace_tomato_sauce_s48_w0_10_s20d_clean_seed0_job590200,tomato_sauce,48,150,5,0,0,82,3.8,1.5,1.0,0.5,0.5,0.3,0.003838,0.005877,-0.002039,1,1,1,0.00191069,10,1,,1,0.048395,1,0.000339,0,1,no_sustained_vertical_lift_type=no_sustained_motion
trace_tomato_sauce_s48_w0_10_s20d_clean_seed0_job590200,tomato_sauce,48,152,6,0,0,84,3.3,1.5,1.0,0.5,0.0,0.3,0.00372,0.000901,0.002819,1,1,1,0.00121929,2,1,,1,0.05275,1,0.000818,0,1,no_sustained_vertical_lift_type=no_sustained_motion
trace_tomato_sauce_s48_w0_10_s20d_clean_seed0_job590200,tomato_sauce,48,162,7,0,0,94,3.3,1.5,1.0,0.5,0.0,0.3,0.001999,0.000663,0.001336,1,1,1,-9.575e-05,10,1,,1,0.053515,1,0.001243,0,1,no_sustained_vertical_lift_type=no_sustained_motion
trace_tomato_sauce_s48_w0_10_s20d_clean_seed0_job590200,tomato_sauce,48,169,8,0,0,101,3.8,1.5,1.0,0.5,0.5,0.3,0.000796,0.001998,-0.001202,1,1,1,-0.00064233,7,1,,1,0.049714,1,0.00169,0,1,no_sustained_vertical_lift_type=no_sustained_motion
trace_tomato_sauce_s48_w0_10_s20d_clean_seed0_job590200,tomato_sauce,48,175,9,0,0,107,3.3,1.5,1.0,0.5,0.0,0.3,0.002301,0.001801,0.0005,1,1,1,0.00328543,6,1,,1,0.049112,1,0.000713,0,1,no_sustained_vertical_lift_type=no_sustained_motion
trace_tomato_sauce_s48_w0_10_s20d_clean_seed0_job590200,tomato_sauce,48,177,10,0,0,109,3.8,1.5,1.0,0.5,0.5,0.3,0.001541,0.002276,-0.000735,1,1,1,0.00371529,2,1,,1,0.049666,1,0.0005,0,1,no_sustained_vertical_lift_type=no_sustained_motion
trace_tomato_sauce_s48_w0_10_s20d_clean_seed0_job590200,tomato_sauce,48,180,11,0,0,112,3.8,1.5,1.0,0.5,0.5,0.3,0.00099,0.001227,-0.000237,1,1,1,0.00227969,3,1,,1,0.049687,1,0.000638,0,1,no_sustained_vertical_lift_type=no_sustained_motion
trace_tomato_sauce_s48_w0_10_s20d_clean_seed0_job590200,tomato_sauce,48,186,12,0,0,118,3.3,1.5,1.0,0.5,0.0,0.3,0.000803,0.000771,3.2e-05,1,1,1,0.00197437,6,1,,1,0.049561,1,0.000986,0,1,no_sustained_vertical_lift_type=no_sustained_motion
trace_tomato_sauce_s48_w0_10_s20d_clean_seed0_job590200,tomato_sauce,48,192,13,0,0,124,3.8,1.5,1.0,0.5,0.5,0.3,0.000927,0.001047,-0.00012,1,1,1,0.00310627,6,1,,1,0.049918,1,0.001083,0,1,no_sustained_vertical_lift_type=no_sustained_motion
trace_tomato_sauce_s48_w0_10_s20d_clean_seed0_job590200,tomato_sauce,48,195,14,0,0,127,3.3,1.5,1.0,0.5,0.0,0.3,0.001517,0.001206,0.000311,1,1,1,0.00428734,3,1,,1,0.04989,1,0.001019,0,1,no_sustained_vertical_lift_type=no_sustained_motion
trace_tomato_sauce_s48_w0_10_s20d_clean_seed0_job590200,tomato_sauce,48,199,15,0,0,131,3.8,1.5,1.0,0.5,0.5,0.3,0.000756,0.001489,-0.000733,1,1,1,0.00450206,4,1,,1,0.050144,1,0.000762,0,1,no_sustained_vertical_lift_type=no_sustained_motion
trace_tomato_sauce_s48_w0_10_s20d_clean_seed0_job590200,tomato_sauce,48,202,16,0,0,134,3.8,1.5,1.0,0.5,0.5,0.3,0.000566,0.000651,-8.5e-05,1,1,1,0.00474226,3,1,,1,0.049957,1,0.000819,0,1,no_sustained_vertical_lift_type=no_sustained_motion
trace_tomato_sauce_s48_w0_10_s20d_clean_seed0_job590200,tomato_sauce,48,218,17,0,0,150,3.3,1.5,1.0,0.5,0.0,0.3,0.00361,0.003115,0.000495,1,1,1,0.00096326,16,1,,1,0.053019,1,0.001252,0,1,no_sustained_vertical_lift_type=no_sustained_motion
trace_tomato_sauce_s48_w0_10_s20d_clean_seed0_job590200,tomato_sauce,48,220,18,0,0,152,3.8,1.5,1.0,0.5,0.5,0.3,0.001626,0.002602,-0.000976,1,1,1,0.0010291,2,1,,1,0.052663,1,0.000839,0,1,no_sustained_vertical_lift_type=no_sustained_motion
trace_tomato_sauce_s48_w0_10_s20d_clean_seed0_job590200,tomato_sauce,48,223,19,0,0,155,3.3,1.5,1.0,0.5,0.0,0.3,0.001822,0.00171,0.000112,1,1,1,0.00029798,3,1,,1,0.053341,1,0.000507,0,1,no_sustained_vertical_lift_type=no_sustained_motion
trace_tomato_sauce_s48_w0_10_s20d_clean_seed0_job590200,tomato_sauce,48,225,20,0,0,157,3.3,1.5,1.0,0.5,0.0,0.3,0.002266,0.001825,0.000441,1,1,1,-0.00065081,2,1,,1,0.05259,1,0.001202,0,1,no_sustained_vertical_lift_type=no_sustained_motion
trace_tomato_sauce_s48_w0_10_s20d_clean_seed0_job590200,tomato_sauce,48,232,21,0,0,164,3.3,1.5,1.0,0.5,0.0,0.3,0.003527,0.00227,0.001257,1,1,1,0.00223364,7,1,,1,0.052231,1,0.001242,0,1,no_sustained_vertical_lift_type=no_sustained_motion
trace_tomato_sauce_s48_w0_10_s20d_clean_seed0_job590200,tomato_sauce,48,239,22,0,0,171,3.3,1.5,1.0,0.5,0.0,0.3,0.0047,0.004385,0.000315,1,1,1,-0.00271278,7,1,,1,0.055413,1,0.001463,0,1,no_sustained_vertical_lift_type=no_sustained_motion
trace_tomato_sauce_s48_w0_10_s20d_clean_seed0_job590200,tomato_sauce,48,244,23,0,0,176,3.3,1.5,1.0,0.5,0.0,0.3,0.001922,0.001304,0.000618,1,1,1,-0.00050255,5,1,,1,0.056471,1,0.003641,4,1,no_sustained_vertical_lift_type=sustained_horizontal_transport
trace_tomato_sauce_s48_w0_10_s20d_clean_seed0_job590200,tomato_sauce,48,246,24,0,0,178,3.8,1.5,1.0,0.5,0.5,0.3,0.002024,0.002221,-0.000197,1,1,1,-0.0004238,2,1,,1,0.05695,1,0.003046,4,1,no_sustained_vertical_lift_type=sustained_horizontal_transport
trace_tomato_sauce_s48_w0_10_s20d_clean_seed0_job590200,tomato_sauce,48,250,25,0,0,182,3.3,1.5,1.0,0.5,0.0,0.3,0.002393,0.001595,0.000798,1,1,1,0.00029175,4,1,,1,0.05601,1,0.00316,3,1,no_sustained_vertical_lift_type=sustained_horizontal_transport
trace_tomato_sauce_s48_w0_10_s20d_clean_seed0_job590200,tomato_sauce,48,261,26,0,0,193,3.3,1.5,1.0,0.5,0.0,0.3,0.007703,0.002113,0.00559,1,1,1,5.086e-05,11,1,,1,0.059842,1,0.000919,0,1,no_sustained_vertical_lift_type=no_sustained_motion
trace_tomato_sauce_s48_w0_10_s20d_clean_seed0_job590200,tomato_sauce,48,263,27,0,0,195,3.8,1.5,1.0,0.5,0.5,0.3,0.00495,0.008579,-0.003629,1,1,1,-0.00094889,2,1,,1,0.060989,1,0.000442,0,1,no_sustained_vertical_lift_type=no_sustained_motion
trace_tomato_sauce_s48_w0_10_s20d_clean_seed0_job590200,tomato_sauce,48,266,28,0,0,198,3.8,1.5,1.0,0.5,0.5,0.3,0.00206,0.002138,-7.8e-05,1,1,1,-0.0002199,3,1,,1,0.059812,1,0.000974,0,1,no_sustained_vertical_lift_type=no_sustained_motion
