task,state_id,tier,tier_reason,completeness,copy_rank,n_copies,tie_breaker,n_rows,step_ok,step_note,n_d4_basic_fields,n_d4_privileged_fields,has_detector_candidates,has_provenance,has_artifact_hashes,has_teacher_sidecar,prov_commit,prov_gpu,step_trace_sha256_fast,candidates_sha256_fast,episode_dir
alphabet_soup,2,streaming_replay_usable,full_d4_schema_with_candidates,66,1,3,highest_completeness,144,True,144_steps_ok,15,20,1,1,1,1,52bdc33507a584e1,"2,6",0782b08db1dda2c73a14e61f00f11ddc288b8199464f66d562a4a8b68793d0e9,32a06d2b9f9ea54ea1054d5d31439d8eefbc34df09f253f64a405c09eef580f3,/data/liuyu/outputs/l12_sidecar_smoke/alphabet_soup_s2_shadow_attempt1
alphabet_soup,2,streaming_replay_usable,full_d4_schema_with_candidates,66,2,3,completeness_rank_2,144,True,144_steps_ok,15,20,1,1,1,1,44bf7b86bafdda79,"2,6",0782b08db1dda2c73a14e61f00f11ddc288b8199464f66d562a4a8b68793d0e9,32a06d2b9f9ea54ea1054d5d31439d8eefbc34df09f253f64a405c09eef580f3,/data/liuyu/outputs/d5_120_privileged_capture/alphabet_soup_s2_shadow_attempt1
alphabet_soup,2,student_train_usable,has_candidates_no_privileged,46,3,3,completeness_rank_3,144,True,144_steps_ok,15,0,1,1,1,1,52bdc33507a584e1,"2,6",7f05dec86de48c9e81244f08221c6c30f4562de705f4048351a47268a690eee7,e2d86704fd81e51b40954d73d3f9e223a82b088377cac15d3de07c08d0c00a4f,/data/liuyu/outputs/l12_sidecar_smoke/alphabet_soup_s2_reference_attempt1
alphabet_soup,7,streaming_replay_usable,full_d4_schema_with_candidates,66,1,9,highest_completeness,174,True,174_steps_ok,15,20,1,1,1,1,c9c7a3a7c81d1233,"2,6",d68192d5c067eaf5e80a57c563d6daf14a77959173b85ee31cad5bae7da1ca01,39f05ce33d4eb0ad9e353d1ea626b466c76961ff75fde865a22e5d61929bea9b,/data/liuyu/outputs/d4_34_privileged_replay/alphabet_soup_s7_shadow_attempt1
alphabet_soup,7,student_train_usable,has_candidates_no_privileged,46,2,9,completeness_rank_2,280,True,280_steps_ok,15,0,1,1,1,1,989449346f873e50,"4,5",7f9d0b544207647ea62677159a5a0ee0563d686fe8d979a7a78eddd20e2f4a8a,e2d86704fd81e51b40954d73d3f9e223a82b088377cac15d3de07c08d0c00a4f,/data/liuyu/outputs/d4_3b_gpu45_smoke/alphabet_soup_s7_reference_attempt1
alphabet_soup,7,student_train_usable,has_candidates_no_privileged,46,3,9,completeness_rank_3,190,True,190_steps_ok,15,0,1,1,1,1,989449346f873e50,"4,5",fe056d889d6bffbdddc7998c738930cd91562591174ec3311e23a9055490ae06,fbaf2a57067d2916f751cca567068e571c18c127578c994ef085a8f33fd54799,/data/liuyu/outputs/d4_3b_gpu45_smoke/alphabet_soup_s7_shadow_attempt1
alphabet_soup,7,student_train_usable,has_candidates_no_privileged,46,4,9,completeness_rank_4,174,True,174_steps_ok,15,0,1,1,1,1,989449346f873e50,"2,6",79d4fd5ab4a23eaea3ec7331b18b67026da24aa55cea20d72d5e7a4dd6a299cb,e2d86704fd81e51b40954d73d3f9e223a82b088377cac15d3de07c08d0c00a4f,/data/liuyu/outputs/d4_crossover_gpu26_v2/alphabet_soup_s7_reference_attempt1
alphabet_soup,7,student_train_usable,has_candidates_no_privileged,46,5,9,completeness_rank_5,174,True,174_steps_ok,15,0,1,1,1,1,989449346f873e50,"2,6",79d4fd5ab4a23eaea3ec7331b18b67026da24aa55cea20d72d5e7a4dd6a299cb,39f05ce33d4eb0ad9e353d1ea626b466c76961ff75fde865a22e5d61929bea9b,/data/liuyu/outputs/d4_crossover_gpu26_v2/alphabet_soup_s7_shadow_attempt1
alphabet_soup,7,student_train_usable,has_candidates_no_privileged,46,6,9,completeness_rank_6,174,True,174_steps_ok,15,0,1,1,1,1,989449346f873e50,"1,3",79d4fd5ab4a23eaea3ec7331b18b67026da24aa55cea20d72d5e7a4dd6a299cb,e2d86704fd81e51b40954d73d3f9e223a82b088377cac15d3de07c08d0c00a4f,/data/liuyu/outputs/d4_3b_retry_v2/alphabet_soup_s7_reference_attempt1
alphabet_soup,7,student_train_usable,has_candidates_no_privileged,46,7,9,completeness_rank_7,215,True,215_steps_ok,15,0,1,1,1,1,989449346f873e50,"4,5",110e1743c77c5525d4987bde895806865dfd7d3fe701b9e398eec6d4070a2bde,e2d86704fd81e51b40954d73d3f9e223a82b088377cac15d3de07c08d0c00a4f,/data/liuyu/outputs/d4_3b_panel_9894493_parallel_r1/alphabet_soup_s7_reference_attempt1
alphabet_soup,7,student_train_usable,has_candidates_no_privileged,46,8,9,completeness_rank_8,177,True,177_steps_ok,15,0,1,1,1,1,989449346f873e50,"4,5",7849629176ca010aeecb112f0367aa4e8da74cbf2a6df417b0d86f418131477e,213c89703c388092f2860d0894b5e2640962c5d6e6df28efef82cacc69ad90a6,/data/liuyu/outputs/d4_3b_panel_9894493_parallel_r1/alphabet_soup_s7_shadow_attempt1
alphabet_soup,7,student_train_usable,has_candidates_no_privileged,46,9,9,completeness_rank_9,174,True,174_steps_ok,15,0,1,1,1,1,989449346f873e50,"2,6",79d4fd5ab4a23eaea3ec7331b18b67026da24aa55cea20d72d5e7a4dd6a299cb,e2d86704fd81e51b40954d73d3f9e223a82b088377cac15d3de07c08d0c00a4f,/data/liuyu/outputs/d4_crossover_debug/alphabet_soup_s7_reference_attempt1
alphabet_soup,10,streaming_replay_usable,full_d4_schema_with_candidates,66,1,1,highest_completeness,280,True,280_steps_ok,15,20,1,1,1,1,44bf7b86bafdda79,"1,3",b633b78910427eaba2a029fafbce6dd61e24f565e1d7843e8d094e54cdaadc89,85c41f78584d9bc4b8962bb52e98b9e272663a8ce4e0e23fff3b78d4fda5211d,/data/liuyu/outputs/d44d_balanced120_gpu13_r1/alphabet_soup_s10_shadow_attempt1
alphabet_soup,11,streaming_replay_usable,full_d4_schema_with_candidates,66,1,3,highest_completeness,165,True,165_steps_ok,15,20,1,1,1,1,c9c7a3a7c81d1233,"2,6",d3c8b9f1ccb154425f701e019a2c5466df9193653e1c37510df57773df18b426,4069ec1eefdbe16d0985e1e0472414937f5adc6d9c648ddafc2283e135300893,/data/liuyu/outputs/d4_34_privileged_replay/alphabet_soup_s11_shadow_attempt1
alphabet_soup,11,student_train_usable,has_candidates_no_privileged,46,2,3,completeness_rank_2,165,True,165_steps_ok,15,0,1,1,1,1,989449346f873e50,"2,6",4768094fd967b16bc33034d1a3cecd01992f83960b518722fd304813d6df6d6e,e2d86704fd81e51b40954d73d3f9e223a82b088377cac15d3de07c08d0c00a4f,/data/liuyu/outputs/d4_3b_panel_9894493_parallel_r1/alphabet_soup_s11_reference_attempt1
alphabet_soup,11,student_train_usable,has_candidates_no_privileged,46,3,3,completeness_rank_3,165,True,165_steps_ok,15,0,1,1,1,1,989449346f873e50,"2,6",4768094fd967b16bc33034d1a3cecd01992f83960b518722fd304813d6df6d6e,4069ec1eefdbe16d0985e1e0472414937f5adc6d9c648ddafc2283e135300893,/data/liuyu/outputs/d4_3b_panel_9894493_parallel_r1/alphabet_soup_s11_shadow_attempt1
alphabet_soup,13,streaming_replay_usable,full_d4_schema_with_candidates,66,1,1,highest_completeness,280,True,280_steps_ok,15,20,1,1,1,1,44bf7b86bafdda79,"1,3",f3fedf6bf8757450a6913ffda606303b71f0049b1cc9befd0017e869e453626e,8646cf2bbc408c329650118a2e9eaf62beb10138e4d0d8822edd662b5256f86c,/data/liuyu/outputs/d5_120_privileged_capture/alphabet_soup_s13_shadow_attempt1
alphabet_soup,14,streaming_replay_usable,full_d4_schema_with_candidates,66,1,1,highest_completeness,166,True,166_steps_ok,15,20,1,1,1,1,44bf7b86bafdda79,"2,6",5348d6d660509270512df005f9894ffd3c25624279ff3555dabf73ea0d7917ba,bfcb7de22176cc9c354b32e8c510ccfefc70a8dddad8c1116fb468f4f5683396,/data/liuyu/outputs/d5_120_privileged_capture/alphabet_soup_s14_shadow_attempt1
alphabet_soup,15,streaming_replay_usable,full_d4_schema_with_candidates,66,1,2,highest_completeness,208,True,208_steps_ok,15,20,1,1,1,1,44bf7b86bafdda79,"1,3",f2ddae15e6720293ffef199e7a3bd84e0cb77a19c741e9f6f5bd622f68acab0b,e4145ea91272a9be7e049ef3e11a52d8f86041f327a07cdcde08be592c799420,/data/liuyu/outputs/d44d_balanced120_gpu13_r1/alphabet_soup_s15_shadow_attempt1
alphabet_soup,15,streaming_replay_usable,full_d4_schema_with_candidates,66,2,2,completeness_rank_2,208,True,208_steps_ok,15,20,1,1,1,1,44bf7b86bafdda79,"2,6",f2ddae15e6720293ffef199e7a3bd84e0cb77a19c741e9f6f5bd622f68acab0b,e4145ea91272a9be7e049ef3e11a52d8f86041f327a07cdcde08be592c799420,/data/liuyu/outputs/d5_120_privileged_capture/alphabet_soup_s15_shadow_attempt1
alphabet_soup,17,streaming_replay_usable,full_d4_schema_with_candidates,66,1,2,highest_completeness,280,True,280_steps_ok,15,20,1,1,1,1,44bf7b86bafdda79,"1,3",17e0382b19d89682edf328303f920d26c0e3184ec92377437f23dae78ac2ce60,9b2a37ef5ee85ae33b962712d8174ddc7ec630114203ed518f216bed08719c19,/data/liuyu/outputs/d44d_balanced120_gpu13_r1/alphabet_soup_s17_shadow_attempt1
alphabet_soup,17,streaming_replay_usable,full_d4_schema_with_candidates,66,2,2,completeness_rank_2,280,True,280_steps_ok,15,20,1,1,1,1,44bf7b86bafdda79,"1,3",17e0382b19d89682edf328303f920d26c0e3184ec92377437f23dae78ac2ce60,9b2a37ef5ee85ae33b962712d8174ddc7ec630114203ed518f216bed08719c19,/data/liuyu/outputs/d5_120_privileged_capture/alphabet_soup_s17_shadow_attempt1
alphabet_soup,18,streaming_replay_usable,full_d4_schema_with_candidates,66,1,1,highest_completeness,166,True,166_steps_ok,15,20,1,1,1,1,44bf7b86bafdda79,"2,6",65c2c33e9c2579b78a880a7f005bc6faa616c1e5029b8d71230cf8e7ed906911,6b88667091e3ea0820c084091fbe265a09447a2191a9e45af5653e34631dabbf,/data/liuyu/outputs/d5_120_privileged_capture/alphabet_soup_s18_shadow_attempt1
alphabet_soup,20,streaming_replay_usable,full_d4_schema_with_candidates,66,1,1,highest_completeness,137,True,137_steps_ok,15,20,1,1,1,1,44bf7b86bafdda79,"2,6",fb8e42ea0642a4b5cb479d4491cbe7847bf9bc67d2154b93f2a7090c0c197804,3f4f702024870dc5ad1ee8f16340a278cb99a1069987e03d9d182a2ed151e965,/data/liuyu/outputs/d5_120_privileged_capture/alphabet_soup_s20_shadow_attempt1
alphabet_soup,22,streaming_replay_usable,full_d4_schema_with_candidates,66,1,1,highest_completeness,166,True,166_steps_ok,15,20,1,1,1,1,44bf7b86bafdda79,"2,6",e47a0d3ab8fbaa7b5fb6e314aaa9b6154a1c961d8da14a05069a2a1084d0b7f5,33f6fbaabf8c18caf8dbae77de6b094ab6d21baa0ef1b8a21905cbb458bc475d,/data/liuyu/outputs/d5_120_privileged_capture/alphabet_soup_s22_shadow_attempt1
alphabet_soup,34,streaming_replay_usable,full_d4_schema_with_candidates,66,1,7,highest_completeness,280,True,280_steps_ok,15,20,1,1,1,1,c9c7a3a7c81d1233,"2,6",d5c29c65dc73a72ed7db2bce46fa6134ffeabfc48fe47130861c29f12bd443cc,42bb870879ed3cc0b448cafbc67095eeac92656b516ff38eb3f0e283c0fa4962,/data/liuyu/outputs/d4_34_privileged_replay/alphabet_soup_s34_shadow_attempt1
alphabet_soup,34,student_train_usable,has_candidates_no_privileged,46,2,7,completeness_rank_2,280,True,280_steps_ok,15,0,1,1,1,1,f2051d9fc8f1939b,"0,1",6e14385c96cb48b6721a91bf402523d7439055216d60a561f37098c78faa9fc8,e2d86704fd81e51b40954d73d3f9e223a82b088377cac15d3de07c08d0c00a4f,/data/liuyu/outputs/d4_3b_panel_f2051d9_r1/alphabet_soup_s34_reference_attempt1
alphabet_soup,34,student_train_usable,has_candidates_no_privileged,46,3,7,completeness_rank_3,151,True,151_steps_ok,15,0,1,1,1,1,f2051d9fc8f1939b,"0,1",686b5cdd97570a61e187b8036be002eb2143b4a5dc26e0762a8b193ae0c20bdf,c71095912d16c3bcee28d44a7d6c0df457272691c67169cb4af1cf036ce7ba61,/data/liuyu/outputs/d4_3b_panel_f2051d9_r1/alphabet_soup_s34_shadow_attempt1
alphabet_soup,34,student_train_usable,has_candidates_no_privileged,46,4,7,completeness_rank_4,280,True,280_steps_ok,15,0,1,1,1,1,d2e2a0ab80f87764,"1,3",db0674d3a39a8791bcd2ea95e29b4def9b263b168559e3e6b881a2ea855332d4,e2d86704fd81e51b40954d73d3f9e223a82b088377cac15d3de07c08d0c00a4f,/data/liuyu/outputs/d4_3b_panel_d2e2a0a_r2/alphabet_soup_s34_reference_attempt1
alphabet_soup,34,student_train_usable,has_candidates_no_privileged,46,5,7,completeness_rank_5,280,True,280_steps_ok,15,0,1,1,1,1,d2e2a0ab80f87764,"1,3",db0674d3a39a8791bcd2ea95e29b4def9b263b168559e3e6b881a2ea855332d4,42bb870879ed3cc0b448cafbc67095eeac92656b516ff38eb3f0e283c0fa4962,/data/liuyu/outputs/d4_3b_panel_d2e2a0a_r2/alphabet_soup_s34_shadow_attempt1
alphabet_soup,34,student_train_usable,has_candidates_no_privileged,46,6,7,completeness_rank_6,280,True,280_steps_ok,15,0,1,1,1,1,989449346f873e50,"1,3",db0674d3a39a8791bcd2ea95e29b4def9b263b168559e3e6b881a2ea855332d4,e2d86704fd81e51b40954d73d3f9e223a82b088377cac15d3de07c08d0c00a4f,/data/liuyu/outputs/d4_3b_panel_9894493_parallel_r1/alphabet_soup_s34_reference_attempt1
alphabet_soup,34,student_train_usable,has_candidates_no_privileged,46,7,7,completeness_rank_7,280,True,280_steps_ok,15,0,1,1,1,1,989449346f873e50,"1,3",db0674d3a39a8791bcd2ea95e29b4def9b263b168559e3e6b881a2ea855332d4,42bb870879ed3cc0b448cafbc67095eeac92656b516ff38eb3f0e283c0fa4962,/data/liuyu/outputs/d4_3b_panel_9894493_parallel_r1/alphabet_soup_s34_shadow_attempt1
alphabet_soup,35,streaming_replay_usable,full_d4_schema_with_candidates,66,1,1,highest_completeness,280,True,280_steps_ok,15,20,1,1,1,1,44bf7b86bafdda79,"2,6",2bbfe614cb42882ce5bcf2431d834900f1ef3b2ea7bb15ebe60e54b22208856d,ebf5a63deaba312841665340c29919b75fba8cfe431cb7a602898af1c67d748a,/data/liuyu/outputs/d5_120_privileged_capture/alphabet_soup_s35_shadow_attempt1
alphabet_soup,40,streaming_replay_usable,full_d4_schema_with_candidates,66,1,1,highest_completeness,167,True,167_steps_ok,15,20,1,1,1,1,44bf7b86bafdda79,"2,6",8b685b6029970a8e4117dcb955c3b6a6a7bfeedb474611902534354aeb712f67,c16a2a4803ecf6f20e9465603eef649ddbd31cc3fbd343f993f600b80adc8460,/data/liuyu/outputs/d5_120_privileged_capture/alphabet_soup_s40_shadow_attempt1
alphabet_soup,44,streaming_replay_usable,full_d4_schema_with_candidates,66,1,1,highest_completeness,197,True,197_steps_ok,15,20,1,1,1,1,44bf7b86bafdda79,"2,6",beff662ae97d11ba344e20ff8acc0c5ad9a525e55ca52b2aa8acd331ad21c623,2ee608f522699d4530859a12b6b21c61391f179d11d7a1cedd7366e9b6345d1d,/data/liuyu/outputs/d5_120_privileged_capture/alphabet_soup_s44_shadow_attempt1
bbq_sauce,2,streaming_replay_usable,full_d4_schema_with_candidates,66,1,5,highest_completeness,280,True,280_steps_ok,15,20,1,1,1,1,c9c7a3a7c81d1233,"2,6",05e9567beecc7d2eb49b61a157c2a0c50c1eb0ab4d194ae35fc82f1f02baca0a,21376be1d1ec451cbf47d6a2195a14d8e127e4662b8e9a3e3ddde8866936ff9d,/data/liuyu/outputs/d4_34_privileged_replay/bbq_sauce_s2_shadow_attempt1
bbq_sauce,2,student_train_usable,has_candidates_no_privileged,46,2,5,completeness_rank_2,280,True,280_steps_ok,15,0,1,1,1,1,989449346f873e50,"2,6",42a8db276bac2db6b6d202086c960cb69ebf805bd3f2f687e26a51b7ac09f80d,e2d86704fd81e51b40954d73d3f9e223a82b088377cac15d3de07c08d0c00a4f,/data/liuyu/outputs/d4_crossover_gpu26_v2/bbq_sauce_s2_reference_attempt1
bbq_sauce,2,student_train_usable,has_candidates_no_privileged,46,3,5,completeness_rank_3,280,True,280_steps_ok,15,0,1,1,1,1,989449346f873e50,"2,6",42a8db276bac2db6b6d202086c960cb69ebf805bd3f2f687e26a51b7ac09f80d,21376be1d1ec451cbf47d6a2195a14d8e127e4662b8e9a3e3ddde8866936ff9d,/data/liuyu/outputs/d4_crossover_gpu26_v2/bbq_sauce_s2_shadow_attempt1
bbq_sauce,2,student_train_usable,has_candidates_no_privileged,46,4,5,completeness_rank_4,280,True,280_steps_ok,15,0,1,1,1,1,989449346f873e50,"4,5",c80297beb9b25d5ee0db2983ab85498c066e6a53fcd9ac5334050d196c393acf,e2d86704fd81e51b40954d73d3f9e223a82b088377cac15d3de07c08d0c00a4f,/data/liuyu/outputs/d4_3b_panel_9894493_parallel_r1/bbq_sauce_s2_reference_attempt1
bbq_sauce,2,student_train_usable,has_candidates_no_privileged,46,5,5,completeness_rank_5,280,True,280_steps_ok,15,0,1,1,1,1,989449346f873e50,"4,5",e99c69c735cb6d09410e418c56f84a1e0d17c13b072917b1aa19a7174d8eed47,c4f9b95536d29077d81cbc3586c1dd633b41933b11b680cd570a6e307d40bff7,/data/liuyu/outputs/d4_3b_panel_9894493_parallel_r1/bbq_sauce_s2_shadow_attempt1
bbq_sauce,5,streaming_replay_usable,full_d4_schema_with_candidates,66,1,1,highest_completeness,141,True,141_steps_ok,15,20,1,1,1,1,44bf7b86bafdda79,"2,6",337b14ba6a7cf28be516ba9cff52d43c1f5ba9bd568bf4d183d94f54ce581ed5,9ff97732b806f86981a8b9e8da621fd63a32c4f10216a118cc1635e899ea6e89,/data/liuyu/outputs/d44d_balanced120_gpu26_r1/bbq_sauce_s5_shadow_attempt1
bbq_sauce,10,streaming_replay_usable,full_d4_schema_with_candidates,66,1,1,highest_completeness,280,True,280_steps_ok,15,20,1,1,1,1,44bf7b86bafdda79,"2,6",068aa152087cd3b6027195ae8f72e6bbaff6eb501e3d8452333a1870f5e81c7a,72feec0cc9669a6d6165df20eb67ebaaa64fc6fc09c3fdcc31a089c501b7885c,/data/liuyu/outputs/d44d_balanced120_gpu26_r1/bbq_sauce_s10_shadow_attempt1
bbq_sauce,17,streaming_replay_usable,full_d4_schema_with_candidates,66,1,1,highest_completeness,280,True,280_steps_ok,15,20,1,1,1,1,b236cc0f786f4eca,"5,1",15be0c0564603be11981d3fca239a2a868d81fd81a0f73afdd963469327602a6,e2d86704fd81e51b40954d73d3f9e223a82b088377cac15d3de07c08d0c00a4f,/data/liuyu/outputs/d44d_balanced120_gpu50_r1/bbq_sauce_s17_shadow_attempt1
bbq_sauce,18,streaming_replay_usable,full_d4_schema_with_candidates,66,1,1,highest_completeness,280,True,280_steps_ok,15,20,1,1,1,1,44bf7b86bafdda79,"2,6",b3ed0bf5b077ed65ab29690c7556e3553da0436c51125a0e03ad0279aaef1499,2b2a6986c46bac2c29e5822f30742165dbd67e732bc6cd4de027a384ad267c62,/data/liuyu/outputs/d44d_balanced120_gpu26_r1/bbq_sauce_s18_shadow_attempt1
bbq_sauce,21,streaming_replay_usable,full_d4_schema_with_candidates,66,1,1,highest_completeness,280,True,280_steps_ok,15,20,1,1,1,1,b236cc0f786f4eca,"2,6",51179637780eedc8254346d6061621e66999c2e188392128653e3be0a225c973,e2d86704fd81e51b40954d73d3f9e223a82b088377cac15d3de07c08d0c00a4f,/data/liuyu/outputs/d44d_balanced120_gpu26_r1/bbq_sauce_s21_shadow_attempt1
bbq_sauce,26,streaming_replay_usable,full_d4_schema_with_candidates,66,1,1,highest_completeness,280,True,280_steps_ok,15,20,1,1,1,1,44bf7b86bafdda79,"5,0",11bbe1f6d9c64195e599b4af6bf5634b20cf8109a3f48f481a56d7cb07afd080,efefd5ebdb13c2cc218341ce25a6fc8e30462f79522a6a18f6fe71886ddba2ae,/data/liuyu/outputs/d44d_balanced120_gpu50_r1/bbq_sauce_s26_shadow_attempt1
bbq_sauce,27,streaming_replay_usable,full_d4_schema_with_candidates,66,1,4,highest_completeness,129,True,129_steps_ok,15,20,1,1,1,1,44bf7b86bafdda79,"2,6",cfb36371d7ff0730726ac3e24bee563fe28b8ecf9d518ee9e02dd2b3194a21b7,7ea1f52d21a3ea0bcb6e595e768bb0dc3dbd998b8af730ff54fd35f06ff47627,/data/liuyu/outputs/d44d_balanced120_gpu26_r1/bbq_sauce_s27_shadow_attempt1
bbq_sauce,27,streaming_replay_usable,full_d4_schema_with_candidates,66,2,4,completeness_rank_2,129,True,129_steps_ok,15,20,1,1,1,1,52bdc33507a584e1,"2,6",cfb36371d7ff0730726ac3e24bee563fe28b8ecf9d518ee9e02dd2b3194a21b7,7ea1f52d21a3ea0bcb6e595e768bb0dc3dbd998b8af730ff54fd35f06ff47627,/data/liuyu/outputs/l12_sidecar_smoke/bbq_sauce_s27_shadow_attempt1
bbq_sauce,27,streaming_replay_usable,full_d4_schema_with_candidates,66,3,4,completeness_rank_3,129,True,129_steps_ok,15,20,1,1,1,1,44bf7b86bafdda79,"5,1",cfb36371d7ff0730726ac3e24bee563fe28b8ecf9d518ee9e02dd2b3194a21b7,7ea1f52d21a3ea0bcb6e595e768bb0dc3dbd998b8af730ff54fd35f06ff47627,/data/liuyu/outputs/d44d_balanced120_gpu50_r1/bbq_sauce_s27_shadow_attempt1
bbq_sauce,27,student_train_usable,has_candidates_no_privileged,46,4,4,completeness_rank_4,129,True,129_steps_ok,15,0,1,1,1,1,52bdc33507a584e1,"2,6",cfd943d0f5186ebf9e68cf6d99ec4d0e06290cfbc519181fd328a028b20aece8,e2d86704fd81e51b40954d73d3f9e223a82b088377cac15d3de07c08d0c00a4f,/data/liuyu/outputs/l12_sidecar_smoke/bbq_sauce_s27_reference_attempt1
bbq_sauce,29,streaming_replay_usable,full_d4_schema_with_candidates,66,1,1,highest_completeness,153,True,153_steps_ok,15,20,1,1,1,1,44bf7b86bafdda79,"5,1",a2d19c19c0a1ca939cdcadf1e5ce61ee627f62644f46dbf99e97be13146496b3,86b09b0a7728318c03a057e0ad27afd2cd0449b49134ed4de98062468fa928c1,/data/liuyu/outputs/d44d_balanced120_gpu50_r1/bbq_sauce_s29_shadow_attempt1
bbq_sauce,30,streaming_replay_usable,full_d4_schema_with_candidates,66,1,1,highest_completeness,173,True,173_steps_ok,15,20,1,1,1,1,44bf7b86bafdda79,"2,6",91e1cbad4dea67c1f53f5727446312cf0673cce2929f35d2440b6af93efa64e9,670f240f77f103ed79c034b8376a896a0a81c0764abcefca9d71aae0c48fc435,/data/liuyu/outputs/d44d_balanced120_gpu26_r1/bbq_sauce_s30_shadow_attempt1
bbq_sauce,31,streaming_replay_usable,full_d4_schema_with_candidates,66,1,5,highest_completeness,280,True,280_steps_ok,15,20,1,1,1,1,c9c7a3a7c81d1233,"2,6",9f905a62fe551157cc0ba0454c30cec64245c56074f549adfb3a3b82d1017af3,6638fcf81d6ad86a7d66b203b7f10551c780061473c395d9015f53cf9fcf3c25,/data/liuyu/outputs/d4_34_privileged_replay/bbq_sauce_s31_shadow_attempt1
bbq_sauce,31,student_train_usable,has_candidates_no_privileged,46,2,5,completeness_rank_2,280,True,280_steps_ok,15,0,1,1,1,1,f2051d9fc8f1939b,"0,1",e93f437eb3f1799785b0f05e825e972395f0ff1584ecc3a96363a9ec1223751f,e2d86704fd81e51b40954d73d3f9e223a82b088377cac15d3de07c08d0c00a4f,/data/liuyu/outputs/d4_3b_panel_f2051d9_r1/bbq_sauce_s31_shadow_attempt1
bbq_sauce,31,student_train_usable,has_candidates_no_privileged,46,3,5,completeness_rank_3,280,True,280_steps_ok,15,0,1,1,1,1,d2e2a0ab80f87764,"1,3",bedd8b00cecd8058075ce1071c6619467ae3084b2d1a72b2ea62c9eaa644e314,e2d86704fd81e51b40954d73d3f9e223a82b088377cac15d3de07c08d0c00a4f,/data/liuyu/outputs/d4_3b_panel_d2e2a0a_r2/bbq_sauce_s31_reference_attempt1
bbq_sauce,31,student_train_usable,has_candidates_no_privileged,46,4,5,completeness_rank_4,280,True,280_steps_ok,15,0,1,1,1,1,989449346f873e50,"1,3",bedd8b00cecd8058075ce1071c6619467ae3084b2d1a72b2ea62c9eaa644e314,e2d86704fd81e51b40954d73d3f9e223a82b088377cac15d3de07c08d0c00a4f,/data/liuyu/outputs/d4_3b_panel_9894493_parallel_r1/bbq_sauce_s31_reference_attempt1
bbq_sauce,31,student_train_usable,has_candidates_no_privileged,46,5,5,completeness_rank_5,280,True,280_steps_ok,15,0,1,1,1,1,989449346f873e50,"1,3",bedd8b00cecd8058075ce1071c6619467ae3084b2d1a72b2ea62c9eaa644e314,6638fcf81d6ad86a7d66b203b7f10551c780061473c395d9015f53cf9fcf3c25,/data/liuyu/outputs/d4_3b_panel_9894493_parallel_r1/bbq_sauce_s31_shadow_attempt1
bbq_sauce,33,streaming_replay_usable,full_d4_schema_with_candidates,66,1,1,highest_completeness,119,True,119_steps_ok,15,20,1,1,1,1,44bf7b86bafdda79,"2,6",f952c82350139524b9a2c3f816c9a0fb04c667b4a4a3c8c0adc33f36c6b2a465,a4a2feb736a6163646ed6ec207c7b1a33cb513b95003c5949ba501188e60b82f,/data/liuyu/outputs/d44d_balanced120_gpu26_r1/bbq_sauce_s33_shadow_attempt1
bbq_sauce,36,streaming_replay_usable,full_d4_schema_with_candidates,66,1,6,highest_completeness,165,True,165_steps_ok,15,20,1,1,1,1,c9c7a3a7c81d1233,"2,6",68130a20299b256a59f4e959b2184509fc880091077b7adb0b210b3234a8385e,5376e36c7a9bee3e89e6b2ef51a86d426fee7ab179c917dd6032253f858f7cf2,/data/liuyu/outputs/d4_34_privileged_replay/bbq_sauce_s36_shadow_attempt1
bbq_sauce,36,streaming_replay_usable,full_d4_schema_with_candidates,66,2,6,completeness_rank_2,165,True,165_steps_ok,15,20,1,1,1,1,c9c7a3a7c81d1233,"2,6",68130a20299b256a59f4e959b2184509fc880091077b7adb0b210b3234a8385e,5376e36c7a9bee3e89e6b2ef51a86d426fee7ab179c917dd6032253f858f7cf2,/data/liuyu/outputs/d4_smoke_on/bbq_sauce_s36_shadow_attempt1
bbq_sauce,36,student_train_usable,has_candidates_no_privileged,46,3,6,completeness_rank_3,165,True,165_steps_ok,15,0,1,1,1,1,eecd0f82d612565a,"2,6",b21cbb80461bb7d164b9eb44a2187095106be93b6635c01f3dd36484a852f500,e2d86704fd81e51b40954d73d3f9e223a82b088377cac15d3de07c08d0c00a4f,/data/liuyu/outputs/d4_3a_canary_eecd0f8_r2/bbq_sauce_s36_reference_attempt1
bbq_sauce,36,student_train_usable,has_candidates_no_privileged,46,4,6,completeness_rank_4,165,True,165_steps_ok,15,0,1,1,1,1,c9c7a3a7c81d1233,"2,6",b21cbb80461bb7d164b9eb44a2187095106be93b6635c01f3dd36484a852f500,5376e36c7a9bee3e89e6b2ef51a86d426fee7ab179c917dd6032253f858f7cf2,/data/liuyu/outputs/d4_smoke_off/bbq_sauce_s36_shadow_attempt1
bbq_sauce,36,student_train_usable,has_candidates_no_privileged,46,5,6,completeness_rank_5,165,True,165_steps_ok,15,0,1,1,1,1,e70507f282239597,"2,6",b21cbb80461bb7d164b9eb44a2187095106be93b6635c01f3dd36484a852f500,5376e36c7a9bee3e89e6b2ef51a86d426fee7ab179c917dd6032253f858f7cf2,/data/liuyu/outputs/d4_3a_canary_e70507f_cleanroot_r1/bbq_sauce_s36_shadow_attempt1
bbq_sauce,36,student_train_usable,has_candidates_no_privileged,46,6,6,completeness_rank_6,165,True,165_steps_ok,15,0,1,1,1,1,e70507f282239597,"2,6",b21cbb80461bb7d164b9eb44a2187095106be93b6635c01f3dd36484a852f500,e2d86704fd81e51b40954d73d3f9e223a82b088377cac15d3de07c08d0c00a4f,/data/liuyu/outputs/d4_3a_canary_e70507f_cleanroot_r1/bbq_sauce_s36_reference_attempt1
bbq_sauce,40,streaming_replay_usable,full_d4_schema_with_candidates,66,1,1,highest_completeness,126,True,126_steps_ok,15,20,1,1,1,1,44bf7b86bafdda79,"2,6",5baf21330916d74d1b5a1ae297572d1e04ddc714e3d46a754cb79e72c93bd559,3f5ef182383bad927402741e5f0314c29916b83c2ea8b13e95f9d69537ac7297,/data/liuyu/outputs/d44d_balanced120_gpu26_r1/bbq_sauce_s40_shadow_attempt1
bbq_sauce,47,streaming_replay_usable,full_d4_schema_with_candidates,66,1,1,highest_completeness,280,True,280_steps_ok,15,20,1,1,1,1,44bf7b86bafdda79,"3,1",07603683fc80573cc3691474beeab06bc2fc8feb5848c4a178fda668715a686a,6fcfea6aafd7fcb2257cc9aff92cbee1e811bf13cc4a0f2f180ec3a119698a79,/data/liuyu/outputs/d44d_balanced120_gpu13_r1/bbq_sauce_s47_shadow_attempt1
bbq_sauce,48,streaming_replay_usable,full_d4_schema_with_candidates,66,1,3,highest_completeness,167,True,167_steps_ok,15,20,1,1,1,1,c9c7a3a7c81d1233,"2,6",b8d971c901ba1924ff2b961e41c71be9b58aeba61b88b52c8541ed0c74e1827e,db1344d6d64edcf454c7d43cd98d091051d54ef7ad3e6faadd95b0ea85924cbd,/data/liuyu/outputs/d4_34_privileged_replay/bbq_sauce_s48_shadow_attempt1
bbq_sauce,48,student_train_usable,has_candidates_no_privileged,46,2,3,completeness_rank_2,167,True,167_steps_ok,15,0,1,1,1,1,989449346f873e50,"2,6",f787e6febf7a5d8a9aca6fa1ee18f28ef474a58f3d489b14bcc2889dee6b40b1,db1344d6d64edcf454c7d43cd98d091051d54ef7ad3e6faadd95b0ea85924cbd,/data/liuyu/outputs/d4_3b_panel_9894493_parallel_r1/bbq_sauce_s48_shadow_attempt1
bbq_sauce,48,student_train_usable,has_candidates_no_privileged,46,3,3,completeness_rank_3,167,True,167_steps_ok,15,0,1,1,1,1,989449346f873e50,"2,6",f787e6febf7a5d8a9aca6fa1ee18f28ef474a58f3d489b14bcc2889dee6b40b1,e2d86704fd81e51b40954d73d3f9e223a82b088377cac15d3de07c08d0c00a4f,/data/liuyu/outputs/d4_3b_panel_9894493_parallel_r1/bbq_sauce_s48_reference_attempt1
butter,2,streaming_replay_usable,full_d4_schema_with_candidates,66,1,3,highest_completeness,158,True,158_steps_ok,15,20,1,1,1,1,52bdc33507a584e1,"2,6",c826d3d592d98e41e34dbc9c3dfc0e5c57906c5415ea71bf35a054fc25ecd210,ed117c1c5e5bea793b70898c0807aa7609d85e0671b729d30d324c4eb638899c,/data/liuyu/outputs/l12_sidecar_smoke/butter_s2_shadow_attempt1
butter,2,streaming_replay_usable,full_d4_schema_with_candidates,66,2,3,completeness_rank_2,158,True,158_steps_ok,15,20,1,1,1,1,b236cc0f786f4eca,"5,1",c826d3d592d98e41e34dbc9c3dfc0e5c57906c5415ea71bf35a054fc25ecd210,ed117c1c5e5bea793b70898c0807aa7609d85e0671b729d30d324c4eb638899c,/data/liuyu/outputs/d44d_balanced120_gpu50_r1/butter_s2_shadow_attempt1
butter,2,student_train_usable,has_candidates_no_privileged,46,3,3,completeness_rank_3,158,True,158_steps_ok,15,0,1,1,1,1,52bdc33507a584e1,"2,6",8dcb7b2dfbfe262db63c1116527fc8c14f58fae868fe4bd7824cef8af5547712,e2d86704fd81e51b40954d73d3f9e223a82b088377cac15d3de07c08d0c00a4f,/data/liuyu/outputs/l12_sidecar_smoke/butter_s2_reference_attempt1
butter,9,streaming_replay_usable,full_d4_schema_with_candidates,66,1,3,highest_completeness,157,True,157_steps_ok,15,20,1,1,1,1,c9c7a3a7c81d1233,"2,6",e93cebe6995b6480d9eed36ad894a15b60f8455b8104238a39ef086d7e407280,36910c1dcf19119ac65e2ca46b7406e8cbef7f74eff1110c635aaa4d443d786f,/data/liuyu/outputs/d4_34_privileged_replay/butter_s9_shadow_attempt1
butter,9,student_train_usable,has_candidates_no_privileged,46,2,3,completeness_rank_2,157,True,157_steps_ok,15,0,1,1,1,1,989449346f873e50,"2,6",4395e70ababaec5faf08d5ef88b9ccf5eefe8195f7fa505fbd6eba5edfdf78b7,36910c1dcf19119ac65e2ca46b7406e8cbef7f74eff1110c635aaa4d443d786f,/data/liuyu/outputs/d4_3b_panel_9894493_parallel_r1/butter_s9_shadow_attempt1
butter,9,student_train_usable,has_candidates_no_privileged,46,3,3,completeness_rank_3,157,True,157_steps_ok,15,0,1,1,1,1,989449346f873e50,"2,6",4395e70ababaec5faf08d5ef88b9ccf5eefe8195f7fa505fbd6eba5edfdf78b7,e2d86704fd81e51b40954d73d3f9e223a82b088377cac15d3de07c08d0c00a4f,/data/liuyu/outputs/d4_3b_panel_9894493_parallel_r1/butter_s9_reference_attempt1
butter,10,streaming_replay_usable,full_d4_schema_with_candidates,66,1,1,highest_completeness,164,True,164_steps_ok,15,20,1,1,1,1,b236cc0f786f4eca,"5,1",e48119bc1ba3a36a2544f15ab3ff576710adf771919bf7e5ee44ede3acdce6ed,d150437b7a5c7fc405c335a63fc6acafd0ab4878dd69f5c8f0f24aba6669dc9e,/data/liuyu/outputs/d44d_balanced120_gpu50_r1/butter_s10_shadow_attempt1
butter,11,streaming_replay_usable,full_d4_schema_with_candidates,66,1,1,highest_completeness,161,True,161_steps_ok,15,20,1,1,1,1,b236cc0f786f4eca,"2,6",a85ac69c1494d645ad6bdda7ec501a0fef03c12d38d70240c97fa749d355fc84,847e56356368993a8a226a5a232bcff86466f23bdf45d32ad9a32a6622826ddf,/data/liuyu/outputs/d44d_balanced120_gpu26_r1/butter_s11_shadow_attempt1
butter,12,streaming_replay_usable,full_d4_schema_with_candidates,66,1,1,highest_completeness,280,True,280_steps_ok,15,20,1,1,1,1,b236cc0f786f4eca,"2,6",8e29a270246198c5229ea3ee7d88591e6bc939a769809f97ac8e2350011576bb,5a4f8426e71891fe289b9670af3dd244658961d9f6d5cd32b003608e547eef93,/data/liuyu/outputs/d44d_balanced120_gpu26_r1/butter_s12_shadow_attempt1
butter,15,streaming_replay_usable,full_d4_schema_with_candidates,66,1,1,highest_completeness,152,True,152_steps_ok,15,20,1,1,1,1,b236cc0f786f4eca,"2,6",7c3a27f6d6e78b9cd15e7ba3c194885d9b577968a1a9908ce3d9935ca8956227,deaf9edd0e16f23e2403424b6c093c19c8f81812b139216a4c12abf972ca9d94,/data/liuyu/outputs/d44d_balanced120_gpu26_r1/butter_s15_shadow_attempt1
butter,16,streaming_replay_usable,full_d4_schema_with_candidates,66,1,1,highest_completeness,280,True,280_steps_ok,15,20,1,1,1,1,b236cc0f786f4eca,"2,6",4a2bab9f76d96c50eaf2537c2e2c519698acf3238167c614e3689d10fd839822,f57c6d973d8a2e814597d4492c91de2820ccbde40e78579467fe612bd5f271d5,/data/liuyu/outputs/d44d_balanced120_gpu26_r1/butter_s16_shadow_attempt1
butter,22,streaming_replay_usable,full_d4_schema_with_candidates,66,1,1,highest_completeness,197,True,197_steps_ok,15,20,1,1,1,1,b236cc0f786f4eca,"2,6",7aee21d00bdb45428aafd36355b55c0239427d2f645a823d913d0a1db1e201e1,22f0358943cd6a9206c67b0f0b74890c8c31220b128ea5c2a86e177bf3ff105f,/data/liuyu/outputs/d44d_balanced120_gpu26_r1/butter_s22_shadow_attempt1
butter,24,streaming_replay_usable,full_d4_schema_with_candidates,66,1,1,highest_completeness,280,True,280_steps_ok,15,20,1,1,1,1,b236cc0f786f4eca,"2,6",f9a03d11df406f5d9963cba4f637e4420c9e4f070ad1d3e286bb9471c965e9e9,cb677cd8ee9ce6fe7d1c734253487b3ddf45ff64f3e67fa6498bded9f8f58654,/data/liuyu/outputs/d44d_balanced120_gpu26_r1/butter_s24_shadow_attempt1
butter,26,streaming_replay_usable,full_d4_schema_with_candidates,66,1,1,highest_completeness,151,True,151_steps_ok,15,20,1,1,1,1,b236cc0f786f4eca,"2,6",7c3b3e62249bac478e56bd02f8da05d74bab915b8ca8abc659005b6f2a9e01cc,5d0ccd9cb6d3ed427c9f07ee00d4053ec3ccc87eed92aa47692ba2fc6343a219,/data/liuyu/outputs/d44d_balanced120_gpu26_r1/butter_s26_shadow_attempt1
butter,28,streaming_replay_usable,full_d4_schema_with_candidates,66,1,1,highest_completeness,166,True,166_steps_ok,15,20,1,1,1,1,b236cc0f786f4eca,"5,1",430f6a77e3b6843882a0419f4e9498350057b8ac6ef942213862eb0e458d6375,b1f7542a30264594a36bf8c5f6782d33a737b17a0a9c4279afb54892ec0e4ba1,/data/liuyu/outputs/d44d_balanced120_gpu50_r1/butter_s28_shadow_attempt1
butter,31,streaming_replay_usable,full_d4_schema_with_candidates,66,1,4,highest_completeness,143,True,143_steps_ok,15,20,1,1,1,1,c9c7a3a7c81d1233,"2,6",152250c8cae431884cfb00fef42be9edffefde641d49569b8f73313dad233b26,6647541652a224f8e4002c3480bd6950a9bd604abc3246e71bf5767ed76ea9a5,/data/liuyu/outputs/d4_34_privileged_replay/butter_s31_shadow_attempt1
butter,31,student_train_usable,has_candidates_no_privileged,46,2,4,completeness_rank_2,148,True,148_steps_ok,15,0,1,1,1,1,f2051d9fc8f1939b,"0,1",09f9b3661faac30e73386612d89936499348db0f7e4011201345ff182fa712c7,e2d86704fd81e51b40954d73d3f9e223a82b088377cac15d3de07c08d0c00a4f,/data/liuyu/outputs/d4_3b_panel_f2051d9_r1/butter_s31_reference_attempt1
butter,31,student_train_usable,has_candidates_no_privileged,46,3,4,completeness_rank_3,157,True,157_steps_ok,15,0,1,1,1,1,989449346f873e50,"1,3",2cc82e781718c3841bb3a9501cf08c1cfca824dccecbb871fb4542252bd5dad2,2144db7a7d06ee29ae3752fba82b6680edfa893935e5744edeaf1d3c44547aee,/data/liuyu/outputs/d4_3b_panel_9894493_parallel_r1/butter_s31_shadow_attempt1
butter,31,student_train_usable,has_candidates_no_privileged,46,4,4,completeness_rank_4,157,True,157_steps_ok,15,0,1,1,1,1,989449346f873e50,"1,3",2cc82e781718c3841bb3a9501cf08c1cfca824dccecbb871fb4542252bd5dad2,e2d86704fd81e51b40954d73d3f9e223a82b088377cac15d3de07c08d0c00a4f,/data/liuyu/outputs/d4_3b_panel_9894493_parallel_r1/butter_s31_reference_attempt1
butter,32,streaming_replay_usable,full_d4_schema_with_candidates,66,1,1,highest_completeness,280,True,280_steps_ok,15,20,1,1,1,1,b236cc0f786f4eca,"5,1",e4557c38a3c5ca9fadc83675e7fc14aabfd48398a12326cfdaa3cfa3af774e84,94fea4ba03b8f0241763539749b074b295d03b49d55fa1c1b14d5aef213702a1,/data/liuyu/outputs/d44d_balanced120_gpu50_r1/butter_s32_shadow_attempt1
butter,45,streaming_replay_usable,full_d4_schema_with_candidates,66,1,1,highest_completeness,143,True,143_steps_ok,15,20,1,1,1,1,b236cc0f786f4eca,"2,6",99efa08080c935d87ae84b351365288506e8d92be2082f6667bfbcf528e8b8f2,346acbbfcb45f0c8a1a8eefb667c90b4b55b154956fa4ba5cc9634e2bb7bef5a,/data/liuyu/outputs/d44d_balanced120_gpu26_r1/butter_s45_shadow_attempt1
butter,49,streaming_replay_usable,full_d4_schema_with_candidates,66,1,5,highest_completeness,150,True,150_steps_ok,15,20,1,1,1,1,c9c7a3a7c81d1233,"2,6",1d635c3528d026b44ffe0f8a0c0c326f6a5f398b52a73faad19e6f1ba782342d,5f972da10d48c67446582ef28f3b93830fed2207434d6f07a2431ef5bfbaa423,/data/liuyu/outputs/d4_34_privileged_replay/butter_s49_shadow_attempt1
butter,49,student_train_usable,has_candidates_no_privileged,46,2,5,completeness_rank_2,150,True,150_steps_ok,15,0,1,1,1,1,989449346f873e50,"2,6",607eac49a55c52826df46d698eee8d375b35175c712f417e40c468093f100427,e2d86704fd81e51b40954d73d3f9e223a82b088377cac15d3de07c08d0c00a4f,/data/liuyu/outputs/d4_crossover_gpu26_v2/butter_s49_reference_attempt1
butter,49,student_train_usable,has_candidates_no_privileged,46,3,5,completeness_rank_3,150,True,150_steps_ok,15,0,1,1,1,1,989449346f873e50,"2,6",607eac49a55c52826df46d698eee8d375b35175c712f417e40c468093f100427,5f972da10d48c67446582ef28f3b93830fed2207434d6f07a2431ef5bfbaa423,/data/liuyu/outputs/d4_crossover_gpu26_v2/butter_s49_shadow_attempt1
butter,49,student_train_usable,has_candidates_no_privileged,46,4,5,completeness_rank_4,147,True,147_steps_ok,15,0,1,1,1,1,989449346f873e50,"4,5",c78554ff40a39c43be5fd0ce49460636d05241d94e2e74aedf3bfbb275a5358b,e2d86704fd81e51b40954d73d3f9e223a82b088377cac15d3de07c08d0c00a4f,/data/liuyu/outputs/d4_3b_panel_9894493_parallel_r1/butter_s49_reference_attempt1
butter,49,student_train_usable,has_candidates_no_privileged,46,5,5,completeness_rank_5,138,True,138_steps_ok,15,0,1,1,1,1,989449346f873e50,"4,5",a13a9a9597ca06ffbb11e4ffb07d92992f9b44d13a0d6aeb8397e3514d433289,367cfcab2832c3e0ec3222e5b6e37b5c6ff2d7eee6bf02b66887a0a0b88a597f,/data/liuyu/outputs/d4_3b_panel_9894493_parallel_r1/butter_s49_shadow_attempt1
chocolate_pudding,0,streaming_replay_usable,full_d4_schema_with_candidates,66,1,1,highest_completeness,280,True,280_steps_ok,15,20,1,1,1,1,b236cc0f786f4eca,"5,1",58c1f6bb50f40b41b54ea5f092d32052ebe30e70778f9804ce82ea9ea6b0f18f,a86d012ea067df31d548679ace2d16b855b02e05579c6d51ec075c078601efca,/data/liuyu/outputs/d44d_balanced120_gpu50_r1/chocolate_pudding_s0_shadow_attempt1
chocolate_pudding,2,streaming_replay_usable,full_d4_schema_with_candidates,66,1,1,highest_completeness,155,True,155_steps_ok,15,20,1,1,1,1,b236cc0f786f4eca,"2,6",bb11668bf85bb30c64fe52a57fdfe99628d0da348cc18903c7f1084e70d8677e,843ae3699bc99557680c97f267041075090040d31e26cab35f880f5d8df8cb32,/data/liuyu/outputs/d44d_balanced120_gpu26_r1/chocolate_pudding_s2_shadow_attempt1
chocolate_pudding,3,streaming_replay_usable,full_d4_schema_with_candidates,66,1,1,highest_completeness,160,True,160_steps_ok,15,20,1,1,1,1,b236cc0f786f4eca,"5,1",03e5422d4ecacec83b2a8629e93daa3ce6c7cad319eb5cdc404c26907002bc2f,fb9f7ce4fdf3329e31ee1bbfec085251fe365c99373db8c189928156fa8bc331,/data/liuyu/outputs/d44d_balanced120_gpu50_r1/chocolate_pudding_s3_shadow_attempt1
chocolate_pudding,7,streaming_replay_usable,full_d4_schema_with_candidates,66,1,5,highest_completeness,235,True,235_steps_ok,15,20,1,1,1,1,c9c7a3a7c81d1233,"2,6",d8c163626339e17e75a44d75c511041c075e37171f06c2b595cfdfaa7ea3dbe6,d5920fb28ff66813e581eb5e8662deca269dbf3432af2b65a07015852344863d,/data/liuyu/outputs/d4_34_privileged_replay/chocolate_pudding_s7_shadow_attempt1
chocolate_pudding,7,student_train_usable,has_candidates_no_privileged,46,2,5,completeness_rank_2,280,True,280_steps_ok,15,0,1,1,1,1,f2051d9fc8f1939b,"0,1",5ec5ebe9aaf98ee4929019f62bf0e5656d19adeaa73a7f746e5a03881723b406,e2d86704fd81e51b40954d73d3f9e223a82b088377cac15d3de07c08d0c00a4f,/data/liuyu/outputs/d4_3b_panel_f2051d9_r1/chocolate_pudding_s7_reference_attempt1
chocolate_pudding,7,student_train_usable,has_candidates_no_privileged,46,3,5,completeness_rank_3,259,True,259_steps_ok,15,0,1,1,1,1,f2051d9fc8f1939b,"0,1",a49cf06e1679a79e84c35e42efc9fa14315e5b6cafe67aa665b73860590f5873,bc0615077b513ad0036bf70e1f5898ba173b0a54c141f57bbaa135dcbc8f2b8d,/data/liuyu/outputs/d4_3b_panel_f2051d9_r1/chocolate_pudding_s7_shadow_attempt1
chocolate_pudding,7,student_train_usable,has_candidates_no_privileged,46,4,5,completeness_rank_4,235,True,235_steps_ok,15,0,1,1,1,1,989449346f873e50,"1,3",04f5cea4e12ea83d9ca49a85f7355efd3d39a29b163976928adaaaee64e5f57f,e2d86704fd81e51b40954d73d3f9e223a82b088377cac15d3de07c08d0c00a4f,/data/liuyu/outputs/d4_3b_panel_9894493_parallel_r1/chocolate_pudding_s7_reference_attempt1
chocolate_pudding,7,student_train_usable,has_candidates_no_privileged,46,5,5,completeness_rank_5,235,True,235_steps_ok,15,0,1,1,1,1,989449346f873e50,"1,3",04f5cea4e12ea83d9ca49a85f7355efd3d39a29b163976928adaaaee64e5f57f,d5920fb28ff66813e581eb5e8662deca269dbf3432af2b65a07015852344863d,/data/liuyu/outputs/d4_3b_panel_9894493_parallel_r1/chocolate_pudding_s7_shadow_attempt1
chocolate_pudding,8,streaming_replay_usable,full_d4_schema_with_candidates,66,1,1,highest_completeness,280,True,280_steps_ok,15,20,1,1,1,1,b236cc0f786f4eca,"5,1",61332d5476ace4d6b09aaa9a404bbed27ae29ea68420545731505f6482804232,32be817c6b4d6412325e0b8d130c0f2c964d35fa2b01d1ef01f5aaed08b33331,/data/liuyu/outputs/d44d_balanced120_gpu50_r1/chocolate_pudding_s8_shadow_attempt1
chocolate_pudding,10,streaming_replay_usable,full_d4_schema_with_candidates,66,1,1,highest_completeness,159,True,159_steps_ok,15,20,1,1,1,1,b236cc0f786f4eca,"5,1",8a6952b5bf89d75618c3a55e672aa59762eabfc1e5057ab4779d5f42a15660bd,995bb2f7cf97b3b2bcdf42cd9510826f5d5abcf6522bd4eda8768ce59cad0eda,/data/liuyu/outputs/d44d_balanced120_gpu50_r1/chocolate_pudding_s10_shadow_attempt1
chocolate_pudding,11,streaming_replay_usable,full_d4_schema_with_candidates,66,1,1,highest_completeness,280,True,280_steps_ok,15,20,1,1,1,1,b236cc0f786f4eca,"5,1",28d25ff2e82c5ad04a4409aef5257904157ac478c1719d44b5c1e507951988c6,00b0b056839955a82ea5574aeec2f01415f6c43a8e8b0b7230071693ef57365d,/data/liuyu/outputs/d44d_balanced120_gpu50_r1/chocolate_pudding_s11_shadow_attempt1
chocolate_pudding,15,streaming_replay_usable,full_d4_schema_with_candidates,66,1,5,highest_completeness,138,True,138_steps_ok,15,20,1,1,1,1,c9c7a3a7c81d1233,"2,6",711898ff87ee39f44108dfd25cfaaa18c2ea70ca25f0aeb06283d3b733f5dd74,6dfd84659770455432750f9e023ee0483205bf0cf3c7d326dc5ef229464cf259,/data/liuyu/outputs/d4_34_privileged_replay/chocolate_pudding_s15_shadow_attempt1
chocolate_pudding,15,student_train_usable,has_candidates_no_privileged,46,2,5,completeness_rank_2,138,True,138_steps_ok,15,0,1,1,1,1,989449346f873e50,"2,6",d7872c361d48e36fc83aaa8d0a5cc2735b64741eb56b928a1c7f29580d63b25f,e2d86704fd81e51b40954d73d3f9e223a82b088377cac15d3de07c08d0c00a4f,/data/liuyu/outputs/d4_crossover_gpu26_v2/chocolate_pudding_s15_reference_attempt1
chocolate_pudding,15,student_train_usable,has_candidates_no_privileged,46,3,5,completeness_rank_3,138,True,138_steps_ok,15,0,1,1,1,1,59cdd0166bd4f00c,"2,6",d7872c361d48e36fc83aaa8d0a5cc2735b64741eb56b928a1c7f29580d63b25f,6dfd84659770455432750f9e023ee0483205bf0cf3c7d326dc5ef229464cf259,/data/liuyu/outputs/d4_crossover_gpu26_v2/chocolate_pudding_s15_shadow_attempt1
chocolate_pudding,15,student_train_usable,has_candidates_no_privileged,46,4,5,completeness_rank_4,172,True,172_steps_ok,15,0,1,1,1,1,989449346f873e50,"4,5",0f881eb614e7f51866f775340d72269b0ba99f3533bfb5f2892fb947ef227038,e2d86704fd81e51b40954d73d3f9e223a82b088377cac15d3de07c08d0c00a4f,/data/liuyu/outputs/d4_3b_panel_9894493_parallel_r1/chocolate_pudding_s15_reference_attempt1
chocolate_pudding,15,student_train_usable,has_candidates_no_privileged,46,5,5,completeness_rank_5,211,True,211_steps_ok,15,0,1,1,1,1,989449346f873e50,"4,5",4a39c7a5e3d76b83f0114c02e8166ff12f860d5b067b20f47076765db31db01f,db94ca44b9f33ba7f8531acd475f6a2c03194587b43b3a5fb5f2f60a47e125be,/data/liuyu/outputs/d4_3b_panel_9894493_parallel_r1/chocolate_pudding_s15_shadow_attempt1
chocolate_pudding,22,streaming_replay_usable,full_d4_schema_with_candidates,66,1,1,highest_completeness,225,True,225_steps_ok,15,20,1,1,1,1,b236cc0f786f4eca,"2,6",33c8ac6f51e51f3f6b30fb9c9b554fe771934cbac7664e79b05e79454527b16f,99cde92a1b2ad617e06e18b3408f8304cc669b80514b868cf4ffc39bc27ca671,/data/liuyu/outputs/d44d_balanced120_gpu26_r1/chocolate_pudding_s22_shadow_attempt1
chocolate_pudding,23,streaming_replay_usable,full_d4_schema_with_candidates,66,1,1,highest_completeness,145,True,145_steps_ok,15,20,1,1,1,1,b236cc0f786f4eca,"2,6",334fd1b91efb562e815f56caaa959eac8ef4e676d88e962d3a08644794b61905,24592db34763dbc61e77dcc94ffa788c5a8dd735969b10a8fa4214b0599bd399,/data/liuyu/outputs/d44d_balanced120_gpu26_r1/chocolate_pudding_s23_shadow_attempt1
chocolate_pudding,27,streaming_replay_usable,full_d4_schema_with_candidates,66,1,3,highest_completeness,274,True,274_steps_ok,15,20,1,1,1,1,c9c7a3a7c81d1233,"2,6",0bbde97403a820f6044687ca7d0dca864ffd8afcd519b8fecc027fee9b4fb4b5,3ca1fcf3a115d8cbb57ad005b43e4d6409ab475fa69074f9722a2cb0712b15de,/data/liuyu/outputs/d4_34_privileged_replay/chocolate_pudding_s27_shadow_attempt1
chocolate_pudding,27,student_train_usable,has_candidates_no_privileged,46,2,3,completeness_rank_2,274,True,274_steps_ok,15,0,1,1,1,1,989449346f873e50,"2,6",d7837e81e0b9d60b6e7dbcfba9e9c45d69c048ca7904502de2db0b5efb98cc6e,e2d86704fd81e51b40954d73d3f9e223a82b088377cac15d3de07c08d0c00a4f,/data/liuyu/outputs/d4_3b_panel_9894493_parallel_r1/chocolate_pudding_s27_reference_attempt1
chocolate_pudding,27,student_train_usable,has_candidates_no_privileged,46,3,3,completeness_rank_3,274,True,274_steps_ok,15,0,1,1,1,1,989449346f873e50,"2,6",d7837e81e0b9d60b6e7dbcfba9e9c45d69c048ca7904502de2db0b5efb98cc6e,3ca1fcf3a115d8cbb57ad005b43e4d6409ab475fa69074f9722a2cb0712b15de,/data/liuyu/outputs/d4_3b_panel_9894493_parallel_r1/chocolate_pudding_s27_shadow_attempt1
chocolate_pudding,36,streaming_replay_usable,full_d4_schema_with_candidates,66,1,1,highest_completeness,280,True,280_steps_ok,15,20,1,1,1,1,b236cc0f786f4eca,"5,1",04992b4f00e6a90d2e39646de2162132ffc5aff6cb9f3b51a9d78bcd6e4a0d7e,5c5510b77f239ed1396bd6dd6701559c841a5c8430dd7b9be6a56bbcc4265314,/data/liuyu/outputs/d44d_balanced120_gpu50_r1/chocolate_pudding_s36_shadow_attempt1
chocolate_pudding,37,streaming_replay_usable,full_d4_schema_with_candidates,66,1,1,highest_completeness,280,True,280_steps_ok,15,20,1,1,1,1,b236cc0f786f4eca,"2,6",294cb0d7366a255a325031788c2b586bd1ea90a3bb5f5897db151250fe2846b4,eb7d74b23977e7ed61fcd2d4906a4ceefbe17f0891fb1c2a089fabefe9185dc8,/data/liuyu/outputs/d44d_balanced120_gpu26_r1/chocolate_pudding_s37_shadow_attempt1
chocolate_pudding,40,streaming_replay_usable,full_d4_schema_with_candidates,66,1,1,highest_completeness,159,True,159_steps_ok,15,20,1,1,1,1,b236cc0f786f4eca,"2,6",8ecc7eda19c9d0f4e4dc70936f8c7701708450963d83fc6c5485cef02eb770c0,fc1ceaa343a3ad5750e1e9b1882dacf7eaa3b5078378b0a5af054bb2931da378,/data/liuyu/outputs/d44d_balanced120_gpu26_r1/chocolate_pudding_s40_shadow_attempt1
chocolate_pudding,47,streaming_replay_usable,full_d4_schema_with_candidates,66,1,1,highest_completeness,222,True,222_steps_ok,15,20,1,1,1,1,b236cc0f786f4eca,"2,6",58d547a6c8eabcea5506189a04801eb9e78c4c97684b60c9b0c874f99884ae71,f00936cb202797941bf6d38732e72e90f18fcf7b6e1d0dabde21113656843f04,/data/liuyu/outputs/d44d_balanced120_gpu26_r1/chocolate_pudding_s47_shadow_attempt1
cream_cheese,1,streaming_replay_usable,full_d4_schema_with_candidates,66,1,1,highest_completeness,153,True,153_steps_ok,15,20,1,1,1,1,44bf7b86bafdda79,"2,6",c69f1b0f6ade35f9a52b24fd445ce12464bafb123f1bfdb1dc6cb69f2fb178e0,0c7a16e2c87696db0e5b57e8029732ac5988600950d310693c63270e029216b4,/data/liuyu/outputs/d44d_balanced120_gpu26_r1/cream_cheese_s1_shadow_attempt1
cream_cheese,2,streaming_replay_usable,full_d4_schema_with_candidates,66,1,1,highest_completeness,135,True,135_steps_ok,15,20,1,1,1,1,44bf7b86bafdda79,"2,6",7156c3492facfa4d0807f7c0de07652a994124f0dd0501b62f2ff003d4d8988f,aed2b59b46575015a5d329a833713805ab6b10488d6f602ae4090898ad2e8bf9,/data/liuyu/outputs/d44d_balanced120_gpu26_r1/cream_cheese_s2_shadow_attempt1
cream_cheese,4,streaming_replay_usable,full_d4_schema_with_candidates,66,1,1,highest_completeness,177,True,177_steps_ok,15,20,1,1,1,1,ace5aedc846a3f56,"2,6",b089eddedc454d270d5a5cf80dfd089ac431e36d19af17a721c5cb05342cefd4,d3becb7c33c9a24393defe5568569f85bae2a50f39e4607a73ab1b3d3d32efc8,/data/liuyu/outputs/d44d_balanced120_gpu26_r1/cream_cheese_s4_shadow_attempt1
cream_cheese,12,streaming_replay_usable,full_d4_schema_with_candidates,66,1,3,highest_completeness,172,True,172_steps_ok,15,20,1,1,1,1,c9c7a3a7c81d1233,"2,6",77839250b1f9fd81635f5a554a93f211bfc0ac55dc24ba6f9f96eee346ef57e1,89b0428c3c4e220cbe68e35e6dd30ee94e454e9045994ce857eedaaf010d2603,/data/liuyu/outputs/d4_34_privileged_replay/cream_cheese_s12_shadow_attempt1
cream_cheese,12,student_train_usable,has_candidates_no_privileged,46,2,3,completeness_rank_2,172,True,172_steps_ok,15,0,1,1,1,1,989449346f873e50,"2,6",f21f3d85ca00f774367a623ba9b2cdfec40b697749ee8d12d9c3e6c9e52e7b0f,89b0428c3c4e220cbe68e35e6dd30ee94e454e9045994ce857eedaaf010d2603,/data/liuyu/outputs/d4_3b_panel_9894493_parallel_r1/cream_cheese_s12_shadow_attempt1
cream_cheese,12,student_train_usable,has_candidates_no_privileged,46,3,3,completeness_rank_3,172,True,172_steps_ok,15,0,1,1,1,1,989449346f873e50,"2,6",f21f3d85ca00f774367a623ba9b2cdfec40b697749ee8d12d9c3e6c9e52e7b0f,e2d86704fd81e51b40954d73d3f9e223a82b088377cac15d3de07c08d0c00a4f,/data/liuyu/outputs/d4_3b_panel_9894493_parallel_r1/cream_cheese_s12_reference_attempt1
cream_cheese,14,streaming_replay_usable,full_d4_schema_with_candidates,66,1,1,highest_completeness,280,True,280_steps_ok,15,20,1,1,1,1,44bf7b86bafdda79,"2,6",b5cfa7d67af13aa94079a771f2a94cb6f2dbc2c52136fee8d77a1c43590ecb0c,3543102cb56d22618a88aa55993ceb737a4c040e009a2f62572fdfcb4207119b,/data/liuyu/outputs/d44d_balanced120_gpu26_r1/cream_cheese_s14_shadow_attempt1
cream_cheese,17,streaming_replay_usable,full_d4_schema_with_candidates,66,1,5,highest_completeness,124,True,124_steps_ok,15,20,1,1,1,1,c9c7a3a7c81d1233,"2,6",98e4f09442c404b5b32c859ef603db5b2e472fd95c506ea58a1f04d1633dbb18,1fe8276fa45b6b25fd5995a1c6b239f24fe0347cb39f990a63eff0766dc8084d,/data/liuyu/outputs/d4_34_privileged_replay/cream_cheese_s17_shadow_attempt1
cream_cheese,17,student_train_usable,has_candidates_no_privileged,46,2,5,completeness_rank_2,138,True,138_steps_ok,15,0,1,1,1,1,f2051d9fc8f1939b,"0,1",b38f8f227440cfabdf335eff2414ab1841639ad088edc599663f622e46cc99ad,e2d86704fd81e51b40954d73d3f9e223a82b088377cac15d3de07c08d0c00a4f,/data/liuyu/outputs/d4_3b_panel_f2051d9_r1/cream_cheese_s17_reference_attempt1
cream_cheese,17,student_train_usable,has_candidates_no_privileged,46,3,5,completeness_rank_3,280,True,280_steps_ok,15,0,1,1,1,1,f2051d9fc8f1939b,"0,1",0d15b142d8d48eb5573aa0d8fb52fae2a8403bf30793eb80ecffdc6e5d290bff,fdef24ded0804252093628a3d62b82be1d9762c596a46650ed0ea58d5523a351,/data/liuyu/outputs/d4_3b_panel_f2051d9_r1/cream_cheese_s17_shadow_attempt1
cream_cheese,17,student_train_usable,has_candidates_no_privileged,46,4,5,completeness_rank_4,124,True,124_steps_ok,15,0,1,1,1,1,989449346f873e50,"1,3",b2155712a784cb0b3491a329dab66b1ab6321a9e0be56da4fc8ca78f2d95cee1,e2d86704fd81e51b40954d73d3f9e223a82b088377cac15d3de07c08d0c00a4f,/data/liuyu/outputs/d4_3b_panel_9894493_parallel_r1/cream_cheese_s17_reference_attempt1
cream_cheese,17,student_train_usable,has_candidates_no_privileged,46,5,5,completeness_rank_5,124,True,124_steps_ok,15,0,1,1,1,1,989449346f873e50,"1,3",b2155712a784cb0b3491a329dab66b1ab6321a9e0be56da4fc8ca78f2d95cee1,1fe8276fa45b6b25fd5995a1c6b239f24fe0347cb39f990a63eff0766dc8084d,/data/liuyu/outputs/d4_3b_panel_9894493_parallel_r1/cream_cheese_s17_shadow_attempt1
cream_cheese,20,streaming_replay_usable,full_d4_schema_with_candidates,66,1,1,highest_completeness,135,True,135_steps_ok,15,20,1,1,1,1,44bf7b86bafdda79,"3,1",7e091548c6dd2cd1dfe2abd123bac79236f78dec9b56a7b42ed3b712fded9db7,57d585215e13d5d5da0e3623fe7e547be4a0c268fe4d26b60a30760eee8463d7,/data/liuyu/outputs/d44d_balanced120_gpu13_r1/cream_cheese_s20_shadow_attempt1
cream_cheese,21,streaming_replay_usable,full_d4_schema_with_candidates,66,1,1,highest_completeness,280,True,280_steps_ok,15,20,1,1,1,1,44bf7b86bafdda79,"1,3",4323b7348ce544639018a43b367dd2b9efcc54b441cdb4cfec383e6f1bf40ee8,635ebaf8f9db24a69b2408618bff64b7d788d94b5b323e7b819f60e292296ca2,/data/liuyu/outputs/d44d_balanced120_gpu13_r1/cream_cheese_s21_shadow_attempt1
cream_cheese,25,streaming_replay_usable,full_d4_schema_with_candidates,66,1,1,highest_completeness,136,True,136_steps_ok,15,20,1,1,1,1,44bf7b86bafdda79,"2,6",7cba2684a00156d7815b71779db03b33e28a981cf9f355304d4cb6763dd129cf,31597be0e9dbff8098593d6577824ee5ee7341353726dade42474338e513d429,/data/liuyu/outputs/d44d_balanced120_gpu26_r1/cream_cheese_s25_shadow_attempt1
cream_cheese,29,streaming_replay_usable,full_d4_schema_with_candidates,66,1,1,highest_completeness,213,True,213_steps_ok,15,20,1,1,1,1,44bf7b86bafdda79,"2,6",91ba952b67d62ed723d0d289af548f649f6837b7c89ed31b9a4d48345fcc60bf,73532fd215c8b9a71cd1cf3239478c1eb2e65567cde9ec14eedb336d61ee0b58,/data/liuyu/outputs/d44d_balanced120_gpu26_r1/cream_cheese_s29_shadow_attempt1
cream_cheese,30,streaming_replay_usable,full_d4_schema_with_candidates,66,1,5,highest_completeness,126,True,126_steps_ok,15,20,1,1,1,1,c9c7a3a7c81d1233,"2,6",3f0c5c728255234107f869bc14c5d89e34b5c26a5f9d605865d89e26b4d5ac1a,c575350097ae2e79c59e69cf87bd8785a77ba382356557a1fc3f01566b4873cd,/data/liuyu/outputs/d4_34_privileged_replay/cream_cheese_s30_shadow_attempt1
cream_cheese,30,student_train_usable,has_candidates_no_privileged,46,2,5,completeness_rank_2,126,True,126_steps_ok,15,0,1,1,1,1,59cdd0166bd4f00c,"2,6",687bcf7c18416db43294b5c2da731ba3039eff5d10248362a7c726774221d929,c575350097ae2e79c59e69cf87bd8785a77ba382356557a1fc3f01566b4873cd,/data/liuyu/outputs/d4_crossover_gpu26_v2/cream_cheese_s30_shadow_attempt1
cream_cheese,30,student_train_usable,has_candidates_no_privileged,46,3,5,completeness_rank_3,126,True,126_steps_ok,15,0,1,1,1,1,59cdd0166bd4f00c,"2,6",687bcf7c18416db43294b5c2da731ba3039eff5d10248362a7c726774221d929,e2d86704fd81e51b40954d73d3f9e223a82b088377cac15d3de07c08d0c00a4f,/data/liuyu/outputs/d4_crossover_gpu26_v2/cream_cheese_s30_reference_attempt1
cream_cheese,30,student_train_usable,has_candidates_no_privileged,46,4,5,completeness_rank_4,129,True,129_steps_ok,15,0,1,1,1,1,989449346f873e50,"4,5",925949e122e41d567cbc5e142465665a07805a84de22c9a97f5b13dbdc64cd2d,f687f1707838c2006f1d9f5d442d7015f09243ad2f251e7477bb103230884a79,/data/liuyu/outputs/d4_3b_panel_9894493_parallel_r1/cream_cheese_s30_shadow_attempt1
cream_cheese,30,student_train_usable,has_candidates_no_privileged,46,5,5,completeness_rank_5,128,True,128_steps_ok,15,0,1,1,1,1,989449346f873e50,"4,5",9685ea6d054ff65b8611ff24ef7af3d2fe5fbf66ce659d4c6fccd52fc63fe05d,e2d86704fd81e51b40954d73d3f9e223a82b088377cac15d3de07c08d0c00a4f,/data/liuyu/outputs/d4_3b_panel_9894493_parallel_r1/cream_cheese_s30_reference_attempt1
cream_cheese,34,streaming_replay_usable,full_d4_schema_with_candidates,66,1,1,highest_completeness,280,True,280_steps_ok,15,20,1,1,1,1,44bf7b86bafdda79,"3,1",a377006ffe93b5d45f97eaa1e599db2eba3b62a600c482bf8bbba111728d6e5e,f9dd844a32e85c6d105b63360ad86bfa3c27eb759f37c57511c69d7477b62787,/data/liuyu/outputs/d44d_balanced120_gpu13_r1/cream_cheese_s34_shadow_attempt1
cream_cheese,42,streaming_replay_usable,full_d4_schema_with_candidates,66,1,1,highest_completeness,280,True,280_steps_ok,15,20,1,1,1,1,44bf7b86bafdda79,"3,1",09198df18b906285bf52d34f07f326feefb79a1955c37daffb31dc6b589f3268,a8d82a7355258cab6e8a913ef996f67c9ebc1d0f8717a228fe49f6a47ddbb1f1,/data/liuyu/outputs/d44d_balanced120_gpu13_r1/cream_cheese_s42_shadow_attempt1
cream_cheese,47,streaming_replay_usable,full_d4_schema_with_candidates,66,1,1,highest_completeness,118,True,118_steps_ok,15,20,1,1,1,1,44bf7b86bafdda79,"1,3",38b6a5f94c7d3d4ce8bad5870e679c9ed184613e08078070deb02b8a9ff9c8db,46da0a4f1940d3406961d9df9a050639d5aefbd62f739f1c4e4284f67c15b482,/data/liuyu/outputs/d44d_balanced120_gpu13_r1/cream_cheese_s47_shadow_attempt1
cream_cheese,49,streaming_replay_usable,full_d4_schema_with_candidates,66,1,1,highest_completeness,125,True,125_steps_ok,15,20,1,1,1,1,44bf7b86bafdda79,"2,6",153f943b4543901a7f90c3d2379719f987f80f33167b8e9b309166b2bc278ffc,30cfa82fea510c1f997f42521cde076058b8c266070e02398347518e8aa91c45,/data/liuyu/outputs/d44d_balanced120_gpu26_r1/cream_cheese_s49_shadow_attempt1
ketchup,2,streaming_replay_usable,full_d4_schema_with_candidates,66,1,1,highest_completeness,140,True,140_steps_ok,15,20,1,1,1,1,44bf7b86bafdda79,"2,6",9b62fd7ebfc971a840a92fc0edd278bac05087161daa6dfb13c22f9b8f24ea60,e3fceb8efd43fe9308d576f398c591361236978d97923ef8fc176eb5c9b1b097,/data/liuyu/outputs/d44d_balanced120_gpu26_r1/ketchup_s2_shadow_attempt1
ketchup,7,streaming_replay_usable,full_d4_schema_with_candidates,66,1,1,highest_completeness,152,True,152_steps_ok,15,20,1,1,1,1,b236cc0f786f4eca,"2,6",79bd1187dfb7448e819edfd60556ef443804767e16b2643d3b934fab18009c23,a395f41ccec0c8ec5db38ad091f33063982082eccea5197bd34779169dfcf620,/data/liuyu/outputs/d44d_balanced120_gpu26_r1/ketchup_s7_shadow_attempt1
ketchup,8,streaming_replay_usable,full_d4_schema_with_candidates,66,1,5,highest_completeness,194,True,194_steps_ok,15,20,1,1,1,1,c9c7a3a7c81d1233,"2,6",90ebf4429cffd30e69a021d3c0a6753bce680cccedde067114705d84986f5801,110ca6cc3e645e82eaaf25411c78818600f0dab53b38163abd8ad5306595dfac,/data/liuyu/outputs/d4_34_privileged_replay/ketchup_s8_shadow_attempt1
ketchup,8,student_train_usable,has_candidates_no_privileged,46,2,5,completeness_rank_2,145,True,145_steps_ok,15,0,1,1,1,1,f2051d9fc8f1939b,"0,1",71bf696abb572b7dc1a4c28fe486eb4bf372648ed5131ffd98d12abec9d44354,a627c1d3a4e17c10167aa0334ab93b32c1928ff275fefc8f2cf530bdf8c1bbc7,/data/liuyu/outputs/d4_3b_panel_f2051d9_r1/ketchup_s8_shadow_attempt1
ketchup,8,student_train_usable,has_candidates_no_privileged,46,3,5,completeness_rank_3,144,True,144_steps_ok,15,0,1,1,1,1,f2051d9fc8f1939b,"0,1",184491667f8b64e493a91bc69ade3a0af8a611dbb380d47973e5749373ef2fee,e2d86704fd81e51b40954d73d3f9e223a82b088377cac15d3de07c08d0c00a4f,/data/liuyu/outputs/d4_3b_panel_f2051d9_r1/ketchup_s8_reference_attempt1
ketchup,8,student_train_usable,has_candidates_no_privileged,46,4,5,completeness_rank_4,194,True,194_steps_ok,15,0,1,1,1,1,989449346f873e50,"1,3",4992566428bcac44832e3f83506ec1cbd0e7bd4c32d80ad178cb1c6012b2a7ae,110ca6cc3e645e82eaaf25411c78818600f0dab53b38163abd8ad5306595dfac,/data/liuyu/outputs/d4_3b_panel_9894493_parallel_r1/ketchup_s8_shadow_attempt1
ketchup,8,student_train_usable,has_candidates_no_privileged,46,5,5,completeness_rank_5,194,True,194_steps_ok,15,0,1,1,1,1,989449346f873e50,"1,3",4992566428bcac44832e3f83506ec1cbd0e7bd4c32d80ad178cb1c6012b2a7ae,e2d86704fd81e51b40954d73d3f9e223a82b088377cac15d3de07c08d0c00a4f,/data/liuyu/outputs/d4_3b_panel_9894493_parallel_r1/ketchup_s8_reference_attempt1
ketchup,9,streaming_replay_usable,full_d4_schema_with_candidates,66,1,1,highest_completeness,159,True,159_steps_ok,15,20,1,1,1,1,44bf7b86bafdda79,"2,6",8ac25b429d9f294fc69ac783d1229b9dfbfa55207fa4ca8c5ef89f7365bbc95a,d746e992468205751b08eab221d0a4e48203dfe6eee8213d62d460d0d3670039,/data/liuyu/outputs/d44d_balanced120_gpu26_r1/ketchup_s9_shadow_attempt1
ketchup,10,streaming_replay_usable,full_d4_schema_with_candidates,66,1,1,highest_completeness,164,True,164_steps_ok,15,20,1,1,1,1,b236cc0f786f4eca,"5,1",c45cfc42ac9d5ed287b66fa2198c46feb3ab4ce5870e744c07e47f5194cde5c1,613880050f689a5b54f7db8ff215980e1ca78d3599c11ddbe69efed8c4fbd255,/data/liuyu/outputs/d44d_balanced120_gpu50_r1/ketchup_s10_shadow_attempt1
ketchup,16,streaming_replay_usable,full_d4_schema_with_candidates,66,1,3,highest_completeness,141,True,141_steps_ok,15,20,1,1,1,1,c9c7a3a7c81d1233,"2,6",a8920694f2d2d88f10e606528c177cb3cbc4f15b66d16e70380ea7fb39288a06,09fe4559cdd8db4df353a52595e4f691ab0aa6700c5de8650138d98b949a6003,/data/liuyu/outputs/d4_34_privileged_replay/ketchup_s16_shadow_attempt1
ketchup,16,student_train_usable,has_candidates_no_privileged,46,2,3,completeness_rank_2,141,True,141_steps_ok,15,0,1,1,1,1,989449346f873e50,"2,6",ff57f2b9228868fb5a4c09ae4ee558f944ae62f777903e5297c9168db5f6cca6,09fe4559cdd8db4df353a52595e4f691ab0aa6700c5de8650138d98b949a6003,/data/liuyu/outputs/d4_3b_panel_9894493_parallel_r1/ketchup_s16_shadow_attempt1
ketchup,16,student_train_usable,has_candidates_no_privileged,46,3,3,completeness_rank_3,141,True,141_steps_ok,15,0,1,1,1,1,989449346f873e50,"2,6",ff57f2b9228868fb5a4c09ae4ee558f944ae62f777903e5297c9168db5f6cca6,e2d86704fd81e51b40954d73d3f9e223a82b088377cac15d3de07c08d0c00a4f,/data/liuyu/outputs/d4_3b_panel_9894493_parallel_r1/ketchup_s16_reference_attempt1
ketchup,18,streaming_replay_usable,full_d4_schema_with_candidates,66,1,1,highest_completeness,149,True,149_steps_ok,15,20,1,1,1,1,b236cc0f786f4eca,"5,1",aaea106d760aba3459df838daddfa2ec03a7893ff76dd6e83cf486a409dd3df0,ea749d2257109fed92a27d1ff4b7da6d08aed80ed3bd6b7f892872b9fcb9a39f,/data/liuyu/outputs/d44d_balanced120_gpu50_r1/ketchup_s18_shadow_attempt1
ketchup,24,streaming_replay_usable,full_d4_schema_with_candidates,66,1,1,highest_completeness,245,True,245_steps_ok,15,20,1,1,1,1,b236cc0f786f4eca,"5,1",c63cd452dc48c5578a78bb1ab70a2daa1ab4ea22c1f5aeebb91151004f25e017,adafa3069f58559100eb51ee68e7864038576f26ca7a8257d0d3bb5f436ecc7e,/data/liuyu/outputs/d44d_balanced120_gpu50_r1/ketchup_s24_shadow_attempt1
ketchup,28,streaming_replay_usable,full_d4_schema_with_candidates,66,1,1,highest_completeness,145,True,145_steps_ok,15,20,1,1,1,1,b236cc0f786f4eca,"5,1",a0856209e7c5e33e62f6c28e5e6df208ed7cf3c5ef608a567cbb59bdce16d56c,ab5fc2ee20a6746bf8327f7e227e0e27f12b5a6ab234c75f35489b63f5160b80,/data/liuyu/outputs/d44d_balanced120_gpu50_r1/ketchup_s28_shadow_attempt1
ketchup,29,streaming_replay_usable,full_d4_schema_with_candidates,66,1,5,highest_completeness,280,True,280_steps_ok,15,20,1,1,1,1,c9c7a3a7c81d1233,"2,6",83c2d8a2dc0361a9929a242e39afc8fa127a64dfbc212b013c15d21d06e66b29,3b57d68e356226cb34908eeea049fa87b2f5f7fdda5bb2e2e04917f5415e00ef,/data/liuyu/outputs/d4_34_privileged_replay/ketchup_s29_shadow_attempt1
ketchup,29,student_train_usable,has_candidates_no_privileged,46,2,5,completeness_rank_2,280,True,280_steps_ok,15,0,1,1,1,1,59cdd0166bd4f00c,"2,6",b645a632e700a84ce0117fd55c78ace428bb86d4a48540acf0ec3dba65f9c639,e2d86704fd81e51b40954d73d3f9e223a82b088377cac15d3de07c08d0c00a4f,/data/liuyu/outputs/d4_crossover_gpu26_v2/ketchup_s29_reference_attempt1
ketchup,29,student_train_usable,has_candidates_no_privileged,46,3,5,completeness_rank_3,280,True,280_steps_ok,15,0,1,1,1,1,dc0031d5f90c9e1c,"2,6",b645a632e700a84ce0117fd55c78ace428bb86d4a48540acf0ec3dba65f9c639,3b57d68e356226cb34908eeea049fa87b2f5f7fdda5bb2e2e04917f5415e00ef,/data/liuyu/outputs/d4_crossover_gpu26_v2/ketchup_s29_shadow_attempt1
ketchup,29,student_train_usable,has_candidates_no_privileged,46,4,5,completeness_rank_4,280,True,280_steps_ok,15,0,1,1,1,1,989449346f873e50,"4,5",01c1071c33bfa82e32cab0e306bb79188717418d7ed0d3a3ddd11325459d516e,e2d86704fd81e51b40954d73d3f9e223a82b088377cac15d3de07c08d0c00a4f,/data/liuyu/outputs/d4_3b_panel_9894493_parallel_r1/ketchup_s29_reference_attempt1
ketchup,29,student_train_usable,has_candidates_no_privileged,46,5,5,completeness_rank_5,280,True,280_steps_ok,15,0,1,1,1,1,989449346f873e50,"4,5",4c19c11e0c06574d66fb28182b71233a290c6ea6069864bdd9d4212cb0959f9d,7230448cb30689757562bc91a92e70c87ffdc3483dc1a8298d9a37d95c49759e,/data/liuyu/outputs/d4_3b_panel_9894493_parallel_r1/ketchup_s29_shadow_attempt1
ketchup,30,streaming_replay_usable,full_d4_schema_with_candidates,66,1,1,highest_completeness,137,True,137_steps_ok,15,20,1,1,1,1,44bf7b86bafdda79,"2,6",483f4062af49fab8eb9f836730817893215ac73ce0734d480c4313ebbcdaf5ea,9ed3d25e2d4570f7ec920e902d027d8d4cc6f0e772b78097808edd62355b3b38,/data/liuyu/outputs/d44d_balanced120_gpu26_r1/ketchup_s30_shadow_attempt1
ketchup,31,streaming_replay_usable,full_d4_schema_with_candidates,66,1,1,highest_completeness,134,True,134_steps_ok,15,20,1,1,1,1,44bf7b86bafdda79,"2,6",b0d6286eeebe1a4f1ab1842274cc5de7b529285f8e3238dd9d3c164d8eeba771,11e804278c1e1fac86250f8566b3334f08aa19bfdea38a47fd681de7d9d050ed,/data/liuyu/outputs/d44d_balanced120_gpu26_r1/ketchup_s31_shadow_attempt1
ketchup,34,streaming_replay_usable,full_d4_schema_with_candidates,66,1,1,highest_completeness,165,True,165_steps_ok,15,20,1,1,1,1,b236cc0f786f4eca,"5,1",265e1007fa4cc774ad7fb681625da8220e3a7c6828ed7d79b77a9305fca71d38,fa66b69506749d1295c3bd9ab0d4de2e3f73ec715a93ebc7fb198406dd0e2d8a,/data/liuyu/outputs/d44d_balanced120_gpu50_r1/ketchup_s34_shadow_attempt1
ketchup,37,streaming_replay_usable,full_d4_schema_with_candidates,66,1,1,highest_completeness,280,True,280_steps_ok,15,20,1,1,1,1,b236cc0f786f4eca,"5,1",08cd32c8414a8a7d13c31781c4fc76d3614b5e295206868253878290eafd800d,28a0c5307d3fd791cfcc27e9ed9d6b35252f85606d000c3a5aa1131a0be7ca53,/data/liuyu/outputs/d44d_balanced120_gpu50_r1/ketchup_s37_shadow_attempt1
ketchup,42,streaming_replay_usable,full_d4_schema_with_candidates,66,1,1,highest_completeness,146,True,146_steps_ok,15,20,1,1,1,1,b236cc0f786f4eca,"5,1",8aa289cbb81db08bfd249f8f3bb2ad471f921280ce0a4f1e57822c1f3d7062a9,e6b356087a7f03b6b071d73379e1e1acd8760943ad5f3feb86680419749c3405,/data/liuyu/outputs/d44d_balanced120_gpu50_r1/ketchup_s42_shadow_attempt1
milk,0,streaming_replay_usable,full_d4_schema_with_candidates,66,1,3,highest_completeness,140,True,140_steps_ok,15,20,1,1,1,1,c9c7a3a7c81d1233,"2,6",7e21b7fbedd8a083a0ceff077bd865336ab5d0d77b56dfb1f835ae5592b81069,aad0dd1264f42978d11a4248db1352a193cbcfab24f8dda3c0c0c482bc775a75,/data/liuyu/outputs/d4_34_privileged_replay/milk_s0_shadow_attempt1
milk,0,student_train_usable,has_candidates_no_privileged,46,2,3,completeness_rank_2,140,True,140_steps_ok,15,0,1,1,1,1,989449346f873e50,"2,6",e21dda942a04c0f8ea6a9936e8cadb9786e9875591d7bc5fe0a0b3f4f6db7ceb,aad0dd1264f42978d11a4248db1352a193cbcfab24f8dda3c0c0c482bc775a75,/data/liuyu/outputs/d4_3b_panel_9894493_parallel_r1/milk_s0_shadow_attempt1
milk,0,student_train_usable,has_candidates_no_privileged,46,3,3,completeness_rank_3,140,True,140_steps_ok,15,0,1,1,1,1,989449346f873e50,"2,6",e21dda942a04c0f8ea6a9936e8cadb9786e9875591d7bc5fe0a0b3f4f6db7ceb,e2d86704fd81e51b40954d73d3f9e223a82b088377cac15d3de07c08d0c00a4f,/data/liuyu/outputs/d4_3b_panel_9894493_parallel_r1/milk_s0_reference_attempt1
milk,1,streaming_replay_usable,full_d4_schema_with_candidates,66,1,7,highest_completeness,123,True,123_steps_ok,15,20,1,1,1,1,c9c7a3a7c81d1233,"2,6",a1e3c02cfa422e8bcf0d3ac24432d04761d8bdc1d60d9912a62b14fdff619239,b87667dbc5842b245531c7bf28bd49c18d2f965fac8fc6693fb0f2ce0712ca52,/data/liuyu/outputs/d4_34_privileged_replay/milk_s1_shadow_attempt1
milk,1,student_train_usable,has_candidates_no_privileged,46,2,7,completeness_rank_2,135,True,135_steps_ok,15,0,1,1,1,1,dc0031d5f90c9e1c,"4,5",6f6758eb49db2f1dceac4b1cfc63738d255fde6dce8f3f3bf3e33462377aaefa,e2d86704fd81e51b40954d73d3f9e223a82b088377cac15d3de07c08d0c00a4f,/data/liuyu/outputs/d4_gpu45_diag/milk_s1_reference_attempt1
milk,1,student_train_usable,has_candidates_no_privileged,46,3,7,completeness_rank_3,196,True,196_steps_ok,15,0,1,1,1,1,dc0031d5f90c9e1c,"4,5",6e014f94d7498e2bf4a276ba59fc643eac4e08c721af36a5ec19ed87a8cacbfa,4f076c73ed0f2f444a16633d71f9d5598984809a4b81f187052236f989cbeb98,/data/liuyu/outputs/d4_gpu45_diag/milk_s1_shadow_attempt1
milk,1,student_train_usable,has_candidates_no_privileged,46,4,7,completeness_rank_4,123,True,123_steps_ok,15,0,1,1,1,1,dc0031d5f90c9e1c,"2,6",d514cd3c44b11ce4463fa6f8d40605bb64b4def0065fd61a49ea27988d7acafc,e2d86704fd81e51b40954d73d3f9e223a82b088377cac15d3de07c08d0c00a4f,/data/liuyu/outputs/d4_crossover_gpu26_v2/milk_s1_reference_attempt1
milk,1,student_train_usable,has_candidates_no_privileged,46,5,7,completeness_rank_5,123,True,123_steps_ok,15,0,1,1,1,1,dc0031d5f90c9e1c,"2,6",d514cd3c44b11ce4463fa6f8d40605bb64b4def0065fd61a49ea27988d7acafc,b87667dbc5842b245531c7bf28bd49c18d2f965fac8fc6693fb0f2ce0712ca52,/data/liuyu/outputs/d4_crossover_gpu26_v2/milk_s1_shadow_attempt1
milk,1,student_train_usable,has_candidates_no_privileged,46,6,7,completeness_rank_6,133,True,133_steps_ok,15,0,1,1,1,1,989449346f873e50,"4,5",8aeef761419b3ddae64b7c65316011863428fe762291e1c3cf996e84852b2aae,e2d86704fd81e51b40954d73d3f9e223a82b088377cac15d3de07c08d0c00a4f,/data/liuyu/outputs/d4_3b_panel_9894493_parallel_r1/milk_s1_reference_attempt1
milk,1,student_train_usable,has_candidates_no_privileged,46,7,7,completeness_rank_7,280,True,280_steps_ok,15,0,1,1,1,1,989449346f873e50,"4,5",77611b49fee9ef71aa0c5e4c4d49661d6cb8fbea70c6d11316dacad73d713de1,aefa48643f3d16621a942eb6f6f7f48e9970aabed9a2f244c27c9ef6af0d324a,/data/liuyu/outputs/d4_3b_panel_9894493_parallel_r1/milk_s1_shadow_attempt1
milk,2,streaming_replay_usable,full_d4_schema_with_candidates,66,1,1,highest_completeness,209,True,209_steps_ok,15,20,1,1,1,1,b236cc0f786f4eca,"2,6",5c87f46a1d5e1eaacf19999df302944d583f113336badfd8968a55e74b21bfea,cd4d45f67ab2c1e4b7d1f546fabb8e117653093e36500b8e5649290fa5526e7b,/data/liuyu/outputs/d44d_balanced120_gpu26_r1/milk_s2_shadow_attempt1
milk,7,streaming_replay_usable,full_d4_schema_with_candidates,66,1,1,highest_completeness,128,True,128_steps_ok,15,20,1,1,1,1,b236cc0f786f4eca,"2,6",fc4be270fe38161a73ab89c0950df33d3728d22d9a109ecc5108f862e62bee2d,14c311c3f808625255a6a25eeacaa2181beb884f52d559a0e25d1b9352b11d81,/data/liuyu/outputs/d44d_balanced120_gpu26_r1/milk_s7_shadow_attempt1
milk,9,streaming_replay_usable,full_d4_schema_with_candidates,66,1,1,highest_completeness,156,True,156_steps_ok,15,20,1,1,1,1,b236cc0f786f4eca,"5,1",25f71c19e803c25b0c12b653e40a2a9558536434b9c62daaad380a027ceeddfb,a3ea0613744788afdeea96a811427fab9337eb194352ad834b7eaa1f662347ea,/data/liuyu/outputs/d44d_balanced120_gpu50_r1/milk_s9_shadow_attempt1
milk,10,streaming_replay_usable,full_d4_schema_with_candidates,66,1,1,highest_completeness,280,True,280_steps_ok,15,20,1,1,1,1,b236cc0f786f4eca,"2,6",df6f869ad35cba2aae595dcb4c761598713866d61f90aa73849380997b0493d5,b685a87b9a74f7a1d6017fb66cb7b863231d6e8f9d9706d4db7716fe05b3c40e,/data/liuyu/outputs/d44d_balanced120_gpu26_r1/milk_s10_shadow_attempt1
milk,11,streaming_replay_usable,full_d4_schema_with_candidates,66,1,1,highest_completeness,137,True,137_steps_ok,15,20,1,1,1,1,b236cc0f786f4eca,"2,6",ba73285cb20df8e829f0697456cf95ea270f70ece5e54af79aa148141da0ba4e,b424c1b8ecf4348c48db95db87ff74264e80e4b8223b02482a0d7604691bba9e,/data/liuyu/outputs/d44d_balanced120_gpu26_r1/milk_s11_shadow_attempt1
milk,12,streaming_replay_usable,full_d4_schema_with_candidates,66,1,1,highest_completeness,128,True,128_steps_ok,15,20,1,1,1,1,b236cc0f786f4eca,"5,1",2458cb57abd5c02df4b196b5f40eb2b4663168d01d366841932ce6795ce0376d,d80d6ab379701b811a0ffad4e120b5ab9a78af8cc71cee8ee2729d6e0340cc61,/data/liuyu/outputs/d44d_balanced120_gpu50_r1/milk_s12_shadow_attempt1
milk,15,streaming_replay_usable,full_d4_schema_with_candidates,66,1,1,highest_completeness,114,True,114_steps_ok,15,20,1,1,1,1,b236cc0f786f4eca,"2,6",17796f7770bde885d7e0cc5c48fb7642499d343863caf6a39b489e24c04a97d5,f86f1bdbdaaafd3d2380163fc63bdc2e6d9e1baf844dade849884b6e7efc13cf,/data/liuyu/outputs/d44d_balanced120_gpu26_r1/milk_s15_shadow_attempt1
milk,18,streaming_replay_usable,full_d4_schema_with_candidates,66,1,5,highest_completeness,141,True,141_steps_ok,15,20,1,1,1,1,c9c7a3a7c81d1233,"2,6",812305fe1dcd51d924bea591491434b81c3d444ac30360717b74004569d70b33,b5d1d020f4338bb06cda3e96bf0e928e28bc278b2c249a4855fdf49366a2ac9b,/data/liuyu/outputs/d4_34_privileged_replay/milk_s18_shadow_attempt1
milk,18,student_train_usable,has_candidates_no_privileged,46,2,5,completeness_rank_2,141,True,141_steps_ok,15,0,1,1,1,1,f2051d9fc8f1939b,"0,1",ced0604b3b6710b4f60d20a7a4024f719b31810b272f0fd56165649c4649bce0,e2d86704fd81e51b40954d73d3f9e223a82b088377cac15d3de07c08d0c00a4f,/data/liuyu/outputs/d4_3b_panel_f2051d9_r1/milk_s18_reference_attempt1
milk,18,student_train_usable,has_candidates_no_privileged,46,3,5,completeness_rank_3,121,True,121_steps_ok,15,0,1,1,1,1,f2051d9fc8f1939b,"0,1",dcdc97c83a127d1ed4e946d28d39725ce19a2e515e26dafe2766206bcf67bc68,8b76b3425b2896848fa41c05e0e1b2ffc3709f8ac6682822d04b541ce3801a4a,/data/liuyu/outputs/d4_3b_panel_f2051d9_r1/milk_s18_shadow_attempt1
milk,18,student_train_usable,has_candidates_no_privileged,46,4,5,completeness_rank_4,141,True,141_steps_ok,15,0,1,1,1,1,989449346f873e50,"1,3",fca93f26fc3ace2f8b909bf0f60f2b1fa1a77da126d2f55ca14eac140e7ff766,e2d86704fd81e51b40954d73d3f9e223a82b088377cac15d3de07c08d0c00a4f,/data/liuyu/outputs/d4_3b_panel_9894493_parallel_r1/milk_s18_reference_attempt1
milk,18,student_train_usable,has_candidates_no_privileged,46,5,5,completeness_rank_5,141,True,141_steps_ok,15,0,1,1,1,1,989449346f873e50,"1,3",fca93f26fc3ace2f8b909bf0f60f2b1fa1a77da126d2f55ca14eac140e7ff766,b5d1d020f4338bb06cda3e96bf0e928e28bc278b2c249a4855fdf49366a2ac9b,/data/liuyu/outputs/d4_3b_panel_9894493_parallel_r1/milk_s18_shadow_attempt1
milk,23,streaming_replay_usable,full_d4_schema_with_candidates,66,1,18,highest_completeness,217,True,217_steps_ok,15,20,1,1,1,1,c9c7a3a7c81d1233,"2,6",ccddfba178c5b7be34dcb068e90fadcd8a84a5c93d83ab77b3563b98c8278030,77e83a2e7e79cc8aa6d5964d42e378cee77014ca253cdbffe5f495e723d480dd,/data/liuyu/outputs/d4_34_privileged_replay/milk_s23_shadow_attempt1
milk,23,streaming_replay_usable,full_d4_schema_with_candidates,66,2,18,completeness_rank_2,217,True,217_steps_ok,15,20,1,1,1,1,52bdc33507a584e1,"5,1",ccddfba178c5b7be34dcb068e90fadcd8a84a5c93d83ab77b3563b98c8278030,77e83a2e7e79cc8aa6d5964d42e378cee77014ca253cdbffe5f495e723d480dd,/data/liuyu/outputs/d4_smoke_51_postreboot_on/milk_s23_shadow_attempt1
milk,23,streaming_replay_usable,full_d4_schema_with_candidates,66,3,18,completeness_rank_3,280,True,280_steps_ok,15,20,1,1,1,1,c9c7a3a7c81d1233,"1,3",1c2cfac0f0a337ca2ea0165e3d19aaf1ab8cf55f58be18579c1545008ec24834,288e142ea18c16e470d106f4e35c5128730dfaeb94298df6577855181064c3ea,/data/liuyu/outputs/d4_smoke_on/milk_s23_shadow_attempt1
milk,23,streaming_replay_usable,full_d4_schema_with_candidates,66,4,18,completeness_rank_4,217,True,217_steps_ok,15,20,1,1,1,1,52bdc33507a584e1,"5,7",ccddfba178c5b7be34dcb068e90fadcd8a84a5c93d83ab77b3563b98c8278030,77e83a2e7e79cc8aa6d5964d42e378cee77014ca253cdbffe5f495e723d480dd,/data/liuyu/outputs/d4_smoke_gpu57_renderonly/milk_s23_shadow_attempt1
milk,23,streaming_replay_usable,full_d4_schema_with_candidates,57,5,18,completeness_rank_5,217,True,217_steps_ok,15,11,1,1,1,1,1509dcd32346cbae,"1,3",d2a39e274b33b68c0642b72d1ad96bd41d07b2a0983bc093a5adb05fe11d9b7b,77e83a2e7e79cc8aa6d5964d42e378cee77014ca253cdbffe5f495e723d480dd,/data/liuyu/outputs/d4_sidecar_smoke_on/milk_s23_shadow_attempt1
milk,23,streaming_replay_usable,full_d4_schema_with_candidates,57,6,18,completeness_rank_6,217,True,217_steps_ok,15,11,1,1,1,1,00f8bb7ef6d3ceeb,"1,3",278f27b6421eb9db096fbfa179bfc59e9a04182bd2f155c6061f526420f6f0df,77e83a2e7e79cc8aa6d5964d42e378cee77014ca253cdbffe5f495e723d480dd,/data/liuyu/outputs/d4_sidecar_smoke_on_v2/milk_s23_shadow_attempt1
milk,23,student_train_usable,has_candidates_no_privileged,46,7,18,completeness_rank_7,217,True,217_steps_ok,15,0,1,1,1,1,00f8bb7ef6d3ceeb,"1,3",9e95aa463694c8dcd3fefbb37c38266e6b8c01d9f222a99607520378f7d852b2,77e83a2e7e79cc8aa6d5964d42e378cee77014ca253cdbffe5f495e723d480dd,/data/liuyu/outputs/d4_sidecar_smoke_off_v2/milk_s23_shadow_attempt1
milk,23,student_train_usable,has_candidates_no_privileged,46,8,18,completeness_rank_8,217,True,217_steps_ok,15,0,1,1,1,1,c9c7a3a7c81d1233,"2,6",9e95aa463694c8dcd3fefbb37c38266e6b8c01d9f222a99607520378f7d852b2,77e83a2e7e79cc8aa6d5964d42e378cee77014ca253cdbffe5f495e723d480dd,/data/liuyu/outputs/d4_smoke_gpu26_r2/milk_s23_shadow_attempt1
milk,23,student_train_usable,has_candidates_no_privileged,46,9,18,completeness_rank_9,217,True,217_steps_ok,15,0,1,1,1,1,c9c7a3a7c81d1233,"1,3",9e95aa463694c8dcd3fefbb37c38266e6b8c01d9f222a99607520378f7d852b2,77e83a2e7e79cc8aa6d5964d42e378cee77014ca253cdbffe5f495e723d480dd,/data/liuyu/outputs/d4_smoke_off/milk_s23_shadow_attempt1
milk,23,student_train_usable,has_candidates_no_privileged,46,10,18,completeness_rank_10,217,True,217_steps_ok,15,0,1,1,1,1,c9c7a3a7c81d1233,"1,3",9e95aa463694c8dcd3fefbb37c38266e6b8c01d9f222a99607520378f7d852b2,77e83a2e7e79cc8aa6d5964d42e378cee77014ca253cdbffe5f495e723d480dd,/data/liuyu/outputs/d4_smoke_milk_r1/milk_s23_shadow_attempt1
milk,23,student_train_usable,has_candidates_no_privileged,46,11,18,completeness_rank_11,217,True,217_steps_ok,15,0,1,1,1,1,1509dcd32346cbae,"1,3",9e95aa463694c8dcd3fefbb37c38266e6b8c01d9f222a99607520378f7d852b2,77e83a2e7e79cc8aa6d5964d42e378cee77014ca253cdbffe5f495e723d480dd,/data/liuyu/outputs/d4_sidecar_smoke_off/milk_s23_shadow_attempt1
milk,23,student_train_usable,has_candidates_no_privileged,46,12,18,completeness_rank_12,217,True,217_steps_ok,15,0,1,1,1,1,c9c7a3a7c81d1233,"2,6",c404f650d623a2c61178a385513f041c73bbf9b5f3c2973db8c691abe33bbacc,77e83a2e7e79cc8aa6d5964d42e378cee77014ca253cdbffe5f495e723d480dd,/data/liuyu/outputs/d4_smoke_gpu26_r1/milk_s23_shadow_attempt1
milk,23,student_train_usable,has_candidates_no_privileged,46,13,18,completeness_rank_13,232,True,232_steps_ok,15,0,1,1,1,1,c9c7a3a7c81d1233,"1,3",9cf83a5391f438508ddf58e3ce9aff8d7f1905b4645d735e77b4e783c1505aff,fffb5631fb91ce914aaf1982c5ebf64547a25c6973a1f457b38fd6a2c3f4a1cc,/data/liuyu/outputs/d4_smoke_milk_r2/milk_s23_shadow_attempt1
milk,23,student_train_usable,has_candidates_no_privileged,46,14,18,completeness_rank_14,217,True,217_steps_ok,15,0,1,1,1,1,eecd0f82d612565a,"2,6",9e95aa463694c8dcd3fefbb37c38266e6b8c01d9f222a99607520378f7d852b2,e2d86704fd81e51b40954d73d3f9e223a82b088377cac15d3de07c08d0c00a4f,/data/liuyu/outputs/d4_3a_canary_final_r1/milk_s23_reference_attempt1
milk,23,student_train_usable,has_candidates_no_privileged,46,15,18,completeness_rank_15,217,True,217_steps_ok,15,0,1,1,1,1,e70507f282239597,"2,6",9e95aa463694c8dcd3fefbb37c38266e6b8c01d9f222a99607520378f7d852b2,e2d86704fd81e51b40954d73d3f9e223a82b088377cac15d3de07c08d0c00a4f,/data/liuyu/outputs/d4_3a_canary_e70507f_cleanroot_r1/milk_s23_reference_attempt1
milk,23,student_train_usable,has_candidates_no_privileged,46,16,18,completeness_rank_16,217,True,217_steps_ok,15,0,1,1,1,1,e70507f282239597,"2,6",9e95aa463694c8dcd3fefbb37c38266e6b8c01d9f222a99607520378f7d852b2,77e83a2e7e79cc8aa6d5964d42e378cee77014ca253cdbffe5f495e723d480dd,/data/liuyu/outputs/d4_3a_canary_e70507f_cleanroot_r1/milk_s23_shadow_attempt1
milk,23,student_train_usable,has_candidates_no_privileged,46,17,18,completeness_rank_17,217,True,217_steps_ok,15,0,1,1,1,1,52bdc33507a584e1,"5,1",9e95aa463694c8dcd3fefbb37c38266e6b8c01d9f222a99607520378f7d852b2,77e83a2e7e79cc8aa6d5964d42e378cee77014ca253cdbffe5f495e723d480dd,/data/liuyu/outputs/d4_smoke_51_postreboot_off/milk_s23_shadow_attempt1
milk,23,student_train_usable,has_candidates_no_privileged,46,18,18,completeness_rank_18,217,True,217_steps_ok,15,0,1,1,1,1,dc0031d5f90c9e1c,"1,3",9e95aa463694c8dcd3fefbb37c38266e6b8c01d9f222a99607520378f7d852b2,77e83a2e7e79cc8aa6d5964d42e378cee77014ca253cdbffe5f495e723d480dd,/data/liuyu/outputs/d4_sidecar_smoke_noservice/milk_s23_shadow_attempt1
milk,27,streaming_replay_usable,full_d4_schema_with_candidates,66,1,1,highest_completeness,142,True,142_steps_ok,15,20,1,1,1,1,b236cc0f786f4eca,"5,1",6bf095cfec55f6dc91941bb39135850ef52b099ee5197b44d434cb0f9ddb0df9,9acc002bffbd417b408d7663ebedae13368f725dbadcad62fb1074c11526d64e,/data/liuyu/outputs/d44d_balanced120_gpu50_r1/milk_s27_shadow_attempt1
milk,30,streaming_replay_usable,full_d4_schema_with_candidates,66,1,1,highest_completeness,117,True,117_steps_ok,15,20,1,1,1,1,b236cc0f786f4eca,"2,6",b68930a08e66fe89a4399ffa880049b21bc8052c49ea629c71ed273d891f610b,1656ae296db965b730ff42617c0e7fb8ebae86a63c64bf16ace361f512118b55,/data/liuyu/outputs/d44d_balanced120_gpu26_r1/milk_s30_shadow_attempt1
milk,31,streaming_replay_usable,full_d4_schema_with_candidates,66,1,1,highest_completeness,123,True,123_steps_ok,15,20,1,1,1,1,b236cc0f786f4eca,"2,6",cfa386484c3f257643ddada50e69e3a41c2c1f08c9c1cede0546a652aaa67bb5,46ad823b1312d1bce113f008b3e04ad905337618f05332e6039197f86dd6e059,/data/liuyu/outputs/d44d_balanced120_gpu26_r1/milk_s31_shadow_attempt1
milk,36,streaming_replay_usable,full_d4_schema_with_candidates,66,1,1,highest_completeness,127,True,127_steps_ok,15,20,1,1,1,1,b236cc0f786f4eca,"2,6",012e1272b00ffb717476f2070f78d8b014c7a459a9fcfefc88a7bcafc4a5286a,d8ff86d6020c3e20e9639ea47d1c84b2e61945824f9a1a88ac9184086a12f638,/data/liuyu/outputs/d44d_balanced120_gpu26_r1/milk_s36_shadow_attempt1
milk,40,streaming_replay_usable,full_d4_schema_with_candidates,66,1,1,highest_completeness,122,True,122_steps_ok,15,20,1,1,1,1,b236cc0f786f4eca,"5,1",700378397117b76bff606ece34613b44c41e89fba0978fe0bd8e14674e555137,c389cddac5b48ec5e8d9e27234043004c70232b48f3de7a274b6b5ebbe240bb6,/data/liuyu/outputs/d44d_balanced120_gpu50_r1/milk_s40_shadow_attempt1
orange_juice,8,streaming_replay_usable,full_d4_schema_with_candidates,66,1,3,highest_completeness,111,True,111_steps_ok,15,20,1,1,1,1,52bdc33507a584e1,"2,6",609ff5650694a1f66d7faabc1625e8abde13d400da1baf4c9a5f3e304a42fced,6c99266e93e3ac4cc6deee660e493a6a1fabb9b7dbd5994f9f109e3a2f055532,/data/liuyu/outputs/l12_sidecar_smoke/orange_juice_s8_shadow_attempt1
orange_juice,8,streaming_replay_usable,full_d4_schema_with_candidates,66,2,3,completeness_rank_2,111,True,111_steps_ok,15,20,1,1,1,1,b236cc0f786f4eca,"5,1",609ff5650694a1f66d7faabc1625e8abde13d400da1baf4c9a5f3e304a42fced,6c99266e93e3ac4cc6deee660e493a6a1fabb9b7dbd5994f9f109e3a2f055532,/data/liuyu/outputs/d44d_balanced120_gpu50_r1/orange_juice_s8_shadow_attempt1
orange_juice,8,student_train_usable,has_candidates_no_privileged,46,3,3,completeness_rank_3,111,True,111_steps_ok,15,0,1,1,1,1,52bdc33507a584e1,"2,6",41f6de95b3161b6d8d36cdb4bcaaf2c80978808bce239bcb657ac56589f7f962,e2d86704fd81e51b40954d73d3f9e223a82b088377cac15d3de07c08d0c00a4f,/data/liuyu/outputs/l12_sidecar_smoke/orange_juice_s8_reference_attempt1
orange_juice,10,streaming_replay_usable,full_d4_schema_with_candidates,66,1,1,highest_completeness,280,True,280_steps_ok,15,20,1,1,1,1,b236cc0f786f4eca,"2,6",78e4e59a6f6f064dd7510e776a141777887a5020d50f3f31136fb67e312779a6,e2d86704fd81e51b40954d73d3f9e223a82b088377cac15d3de07c08d0c00a4f,/data/liuyu/outputs/d44d_balanced120_gpu26_r1/orange_juice_s10_shadow_attempt1
orange_juice,13,streaming_replay_usable,full_d4_schema_with_candidates,66,1,1,highest_completeness,139,True,139_steps_ok,15,20,1,1,1,1,b236cc0f786f4eca,"5,1",55930e9635abe87d0923e95bc63fcbf54b04b75fe93d9bd68a0261a5f638e563,75c1324dc4111368992506beba056220c8bdffaa66da2b73c07bab52ff6150a9,/data/liuyu/outputs/d44d_balanced120_gpu50_r1/orange_juice_s13_shadow_attempt1
orange_juice,15,streaming_replay_usable,full_d4_schema_with_candidates,66,1,5,highest_completeness,121,True,121_steps_ok,15,20,1,1,1,1,c9c7a3a7c81d1233,"2,6",b0328f7de1e07feee589a1c4f3bca5a5e62ded52df63d06b8531d9f888599157,1cc57fb7c4febf0c809e4f2eb82aed33f0f00ea39406c7062d2de72878ad7f77,/data/liuyu/outputs/d4_34_privileged_replay/orange_juice_s15_shadow_attempt1
orange_juice,15,student_train_usable,has_candidates_no_privileged,46,2,5,completeness_rank_2,105,True,105_steps_ok,15,0,1,1,1,1,f2051d9fc8f1939b,"0,1",7ef0bf6a99020d58d879f1ef1f78e3d3c845f3bbf312ba7d96c06631caa614b9,e2d86704fd81e51b40954d73d3f9e223a82b088377cac15d3de07c08d0c00a4f,/data/liuyu/outputs/d4_3b_panel_f2051d9_r1/orange_juice_s15_reference_attempt1
orange_juice,15,student_train_usable,has_candidates_no_privileged,46,3,5,completeness_rank_3,103,True,103_steps_ok,15,0,1,1,1,1,f2051d9fc8f1939b,"0,1",26fb466832b84f82b5874784697d5400c78db9a6615b17d3add2b3ba2c8e0a26,2788e31c4a88cae119ad36be3ce3ba637a3c58681eab535c2a0f59194ab9a20c,/data/liuyu/outputs/d4_3b_panel_f2051d9_r1/orange_juice_s15_shadow_attempt1
orange_juice,15,student_train_usable,has_candidates_no_privileged,46,4,5,completeness_rank_4,121,True,121_steps_ok,15,0,1,1,1,1,989449346f873e50,"1,3",3f7425de423ab2584733bc007b20d011f18cd2e5fbb8b79cf296f67712cbfd32,e2d86704fd81e51b40954d73d3f9e223a82b088377cac15d3de07c08d0c00a4f,/data/liuyu/outputs/d4_3b_panel_9894493_parallel_r1/orange_juice_s15_reference_attempt1
orange_juice,15,student_train_usable,has_candidates_no_privileged,46,5,5,completeness_rank_5,121,True,121_steps_ok,15,0,1,1,1,1,989449346f873e50,"1,3",3f7425de423ab2584733bc007b20d011f18cd2e5fbb8b79cf296f67712cbfd32,1cc57fb7c4febf0c809e4f2eb82aed33f0f00ea39406c7062d2de72878ad7f77,/data/liuyu/outputs/d4_3b_panel_9894493_parallel_r1/orange_juice_s15_shadow_attempt1
orange_juice,16,streaming_replay_usable,full_d4_schema_with_candidates,66,1,1,highest_completeness,123,True,123_steps_ok,15,20,1,1,1,1,b236cc0f786f4eca,"5,1",14fd64b5fac678d39a3c3dbc9ad1e1630034352aaa25c24f1b520f8b5daa1e89,6f395603f6542fb8a9d381603dca2736bfd9267d7cb3766b7e3b96cf1d8e689d,/data/liuyu/outputs/d44d_balanced120_gpu50_r1/orange_juice_s16_shadow_attempt1
orange_juice,17,streaming_replay_usable,full_d4_schema_with_candidates,66,1,3,highest_completeness,280,True,280_steps_ok,15,20,1,1,1,1,c9c7a3a7c81d1233,"2,6",5a43d8234510dd9a6d7e9ac8c8b662f97ebda878619106624faf6b1c01f86035,e2d86704fd81e51b40954d73d3f9e223a82b088377cac15d3de07c08d0c00a4f,/data/liuyu/outputs/d4_34_privileged_replay/orange_juice_s17_shadow_attempt1
orange_juice,17,student_train_usable,has_candidates_no_privileged,46,2,3,completeness_rank_2,280,True,280_steps_ok,15,0,1,1,1,1,989449346f873e50,"2,6",18d0515600816ac86ef02f1a3242b237744755a031b1394d444ba8228badeffd,e2d86704fd81e51b40954d73d3f9e223a82b088377cac15d3de07c08d0c00a4f,/data/liuyu/outputs/d4_3b_panel_9894493_parallel_r1/orange_juice_s17_shadow_attempt1
orange_juice,17,student_train_usable,has_candidates_no_privileged,46,3,3,completeness_rank_3,280,True,280_steps_ok,15,0,1,1,1,1,989449346f873e50,"2,6",18d0515600816ac86ef02f1a3242b237744755a031b1394d444ba8228badeffd,e2d86704fd81e51b40954d73d3f9e223a82b088377cac15d3de07c08d0c00a4f,/data/liuyu/outputs/d4_3b_panel_9894493_parallel_r1/orange_juice_s17_reference_attempt1
orange_juice,25,streaming_replay_usable,full_d4_schema_with_candidates,66,1,1,highest_completeness,280,True,280_steps_ok,15,20,1,1,1,1,b236cc0f786f4eca,"5,1",26b7e91732755c9dc456e107efb28547c31578499f5d211f6fc0817935e31632,1895017d19d0a0a323353112e1b5a257ce058ce904c3614d069393e1e915aaa2,/data/liuyu/outputs/d44d_balanced120_gpu50_r1/orange_juice_s25_shadow_attempt1
orange_juice,29,streaming_replay_usable,full_d4_schema_with_candidates,66,1,1,highest_completeness,134,True,134_steps_ok,15,20,1,1,1,1,b236cc0f786f4eca,"2,6",a437a0ad4237320cd089dc85fcc7f5be8e34bcd60f5cfa3d3ffd615b79566d44,d221b51a7de9858eaacadf97965b7ca9db72c9e32413ce574ea39899bed28072,/data/liuyu/outputs/d44d_balanced120_gpu26_r1/orange_juice_s29_shadow_attempt1
orange_juice,30,streaming_replay_usable,full_d4_schema_with_candidates,66,1,1,highest_completeness,142,True,142_steps_ok,15,20,1,1,1,1,b236cc0f786f4eca,"2,6",1aa3bfb196921b2ae50259648a12351828e8fb3bd6c554df2dfa362d37831f0d,d9da72488263506ebf615526d85fce8a13f1782786d5c09a38337849e4e3f60c,/data/liuyu/outputs/d44d_balanced120_gpu26_r1/orange_juice_s30_shadow_attempt1
orange_juice,31,streaming_replay_usable,full_d4_schema_with_candidates,66,1,1,highest_completeness,128,True,128_steps_ok,15,20,1,1,1,1,b236cc0f786f4eca,"2,6",c38d7e3282f9999811ac612e35cd33dcb799dd42aa0cac5d22f39eeda37b56ff,1598bc8e99bd1774b24fe02417b1e43381ec2d143f289f0103f6992e237db65f,/data/liuyu/outputs/d44d_balanced120_gpu26_r1/orange_juice_s31_shadow_attempt1
orange_juice,36,streaming_replay_usable,full_d4_schema_with_candidates,66,1,1,highest_completeness,120,True,120_steps_ok,15,20,1,1,1,1,b236cc0f786f4eca,"5,1",077d876d148652686edbc565ee1cbb191bcccfb19f455b0984a83acc9457f063,776643aaa69d9c7d088313dc72698a9986ff3f8756aef8826b5d68b7f6ddb3ea,/data/liuyu/outputs/d44d_balanced120_gpu50_r1/orange_juice_s36_shadow_attempt1
orange_juice,39,streaming_replay_usable,full_d4_schema_with_candidates,66,1,1,highest_completeness,112,True,112_steps_ok,15,20,1,1,1,1,b236cc0f786f4eca,"2,6",7501c5c48a48676a1c9e5eda4822d8107e48bd15ddac377066cd7c379c24d395,53553c3278c743516b6b63376b754992622f5e73ffbd4f065ab2ea6ae03b6fa9,/data/liuyu/outputs/d44d_balanced120_gpu26_r1/orange_juice_s39_shadow_attempt1
orange_juice,41,streaming_replay_usable,full_d4_schema_with_candidates,66,1,1,highest_completeness,140,True,140_steps_ok,15,20,1,1,1,1,b236cc0f786f4eca,"2,6",10323492749095f2dc22fe6d53c100965a08ef608ef380ecf16f930f4d2c15f5,7ae435a4191d0524960aac1ab822414c6fb84c8651cab212d7acf67b3493ed80,/data/liuyu/outputs/d44d_balanced120_gpu26_r1/orange_juice_s41_shadow_attempt1
orange_juice,48,streaming_replay_usable,full_d4_schema_with_candidates,66,1,5,highest_completeness,144,True,144_steps_ok,15,20,1,1,1,1,c9c7a3a7c81d1233,"2,6",f8941851bc350841773aa9a84be603f271196bc1e19a63a2e939088050402b08,ddb916fa1e612cd08bb42bd5d1a1d5809f3891ee6fb74b84ccfdcffc4bcc8060,/data/liuyu/outputs/d4_34_privileged_replay/orange_juice_s48_shadow_attempt1
orange_juice,48,student_train_usable,has_candidates_no_privileged,46,2,5,completeness_rank_2,144,True,144_steps_ok,15,0,1,1,1,1,dc0031d5f90c9e1c,"2,6",765a2440cb96a50bc91b5e5be1f7a3a6adcad9febafe9e3bc74144cf3f212dcf,e2d86704fd81e51b40954d73d3f9e223a82b088377cac15d3de07c08d0c00a4f,/data/liuyu/outputs/d4_crossover_gpu26_v2/orange_juice_s48_reference_attempt1
orange_juice,48,student_train_usable,has_candidates_no_privileged,46,3,5,completeness_rank_3,144,True,144_steps_ok,15,0,1,1,1,1,dc0031d5f90c9e1c,"2,6",765a2440cb96a50bc91b5e5be1f7a3a6adcad9febafe9e3bc74144cf3f212dcf,ddb916fa1e612cd08bb42bd5d1a1d5809f3891ee6fb74b84ccfdcffc4bcc8060,/data/liuyu/outputs/d4_crossover_gpu26_v2/orange_juice_s48_shadow_attempt1
orange_juice,48,student_train_usable,has_candidates_no_privileged,46,4,5,completeness_rank_4,139,True,139_steps_ok,15,0,1,1,1,1,989449346f873e50,"4,5",26d2506261e0e3b1bc2ed02bcc688999e5600846faa3df01d6e8dbcca8c82c7e,e2d86704fd81e51b40954d73d3f9e223a82b088377cac15d3de07c08d0c00a4f,/data/liuyu/outputs/d4_3b_panel_9894493_parallel_r1/orange_juice_s48_reference_attempt1
orange_juice,48,student_train_usable,has_candidates_no_privileged,46,5,5,completeness_rank_5,137,True,137_steps_ok,15,0,1,1,1,1,989449346f873e50,"4,5",715d1ea62e80e3c504ef0539870ae1255b26708a47460ef89176d0d550b90a24,c6d532ade5f2d988f6f56ecce8a4c8eaa74df13fd6c0d51335277693f1d04ed4,/data/liuyu/outputs/d4_3b_panel_9894493_parallel_r1/orange_juice_s48_shadow_attempt1
orange_juice,49,streaming_replay_usable,full_d4_schema_with_candidates,66,1,1,highest_completeness,143,True,143_steps_ok,15,20,1,1,1,1,b236cc0f786f4eca,"5,1",8801c3c4b17746d06baa1a5119bf35af8bab47c63b3b502c30ffe92dbca817eb,c13992a5ccba2c4e765bdae460db71f4829a077dc75582c6a88e5b444e443e66,/data/liuyu/outputs/d44d_balanced120_gpu50_r1/orange_juice_s49_shadow_attempt1
salad_dressing,1,streaming_replay_usable,full_d4_schema_with_candidates,66,1,1,highest_completeness,124,True,124_steps_ok,15,20,1,1,1,1,44bf7b86bafdda79,"2,6",f5dc623a460371c12dcfc165fe4ec04b9d13e6c323a144e97011edc847121d37,2d98e56d8ececfab0e1d153610044d2f72660c3c1652d4ddb90604237f66156d,/data/liuyu/outputs/d44d_balanced120_gpu26_r1/salad_dressing_s1_shadow_attempt1
salad_dressing,3,streaming_replay_usable,full_d4_schema_with_candidates,66,1,1,highest_completeness,127,True,127_steps_ok,15,20,1,1,1,1,44bf7b86bafdda79,"5,1",8954c99fa9b9cdade009514bd45f6461a885182067ad144d927f977dfef43d40,22be814a232102cff2c70df1bfb9a5c0e4f2825c156d5081a54b91fa68fd0051,/data/liuyu/outputs/d44d_balanced120_gpu50_r1/salad_dressing_s3_shadow_attempt1
salad_dressing,9,streaming_replay_usable,full_d4_schema_with_candidates,66,1,4,highest_completeness,280,True,280_steps_ok,15,20,1,1,1,1,c9c7a3a7c81d1233,"2,6",9a8e05237b3baf8e2adceeb607d03474d59176470cdb59e6bce390a012fba5e6,184c0ca52a740e9b6943d57336892f1309a868cbc8f9a0fa69e00ebd39758b4f,/data/liuyu/outputs/d4_34_privileged_replay/salad_dressing_s9_shadow_attempt1
salad_dressing,9,student_train_usable,has_candidates_no_privileged,46,2,4,completeness_rank_2,123,True,123_steps_ok,15,0,1,1,1,1,f2051d9fc8f1939b,"0,1",c0937eea1a23fb1876dacfdab5eaa18ea94c88ac5587dea1f092ef07608c31b6,e2d86704fd81e51b40954d73d3f9e223a82b088377cac15d3de07c08d0c00a4f,/data/liuyu/outputs/d4_3b_panel_f2051d9_r1/salad_dressing_s9_reference_attempt1
salad_dressing,9,student_train_usable,has_candidates_no_privileged,46,3,4,completeness_rank_3,280,True,280_steps_ok,15,0,1,1,1,1,989449346f873e50,"1,3",b6046c73c57cd868d20701bb0c1725fdb13868ea3aa1e583fcfa5f2dead5d579,184c0ca52a740e9b6943d57336892f1309a868cbc8f9a0fa69e00ebd39758b4f,/data/liuyu/outputs/d4_3b_panel_9894493_parallel_r1/salad_dressing_s9_shadow_attempt1
salad_dressing,9,student_train_usable,has_candidates_no_privileged,46,4,4,completeness_rank_4,280,True,280_steps_ok,15,0,1,1,1,1,989449346f873e50,"1,3",b6046c73c57cd868d20701bb0c1725fdb13868ea3aa1e583fcfa5f2dead5d579,e2d86704fd81e51b40954d73d3f9e223a82b088377cac15d3de07c08d0c00a4f,/data/liuyu/outputs/d4_3b_panel_9894493_parallel_r1/salad_dressing_s9_reference_attempt1
salad_dressing,11,streaming_replay_usable,full_d4_schema_with_candidates,66,1,1,highest_completeness,133,True,133_steps_ok,15,20,1,1,1,1,44bf7b86bafdda79,"5,0",59613293331c00cdc9b768d667dab827aefad36bc8a2b5f692e1af60733f8072,6f842571bf8709057b412ddaacc976afeca805625c2452fc61f7d0e94dd2123b,/data/liuyu/outputs/d44d_balanced120_gpu50_r1/salad_dressing_s11_shadow_attempt1
salad_dressing,12,streaming_replay_usable,full_d4_schema_with_candidates,66,1,5,highest_completeness,132,True,132_steps_ok,15,20,1,1,1,1,c9c7a3a7c81d1233,"2,6",307156c20a5f1b99c7153e7064181f71c344c418076429287ad7b25e331dbd0a,a8337faf1c6b83741cef737fe8f1386af13f2640983126e8542b214d8b2404f4,/data/liuyu/outputs/d4_34_privileged_replay/salad_dressing_s12_shadow_attempt1
salad_dressing,12,student_train_usable,has_candidates_no_privileged,46,2,5,completeness_rank_2,132,True,132_steps_ok,15,0,1,1,1,1,dc0031d5f90c9e1c,"2,6",a0f98e90c59fd786bdb3dfcaa5a434e05d533485079042da7fd59190656ee776,e2d86704fd81e51b40954d73d3f9e223a82b088377cac15d3de07c08d0c00a4f,/data/liuyu/outputs/d4_crossover_gpu26_v2/salad_dressing_s12_reference_attempt1
salad_dressing,12,student_train_usable,has_candidates_no_privileged,46,3,5,completeness_rank_3,132,True,132_steps_ok,15,0,1,1,1,1,dc0031d5f90c9e1c,"2,6",a0f98e90c59fd786bdb3dfcaa5a434e05d533485079042da7fd59190656ee776,a8337faf1c6b83741cef737fe8f1386af13f2640983126e8542b214d8b2404f4,/data/liuyu/outputs/d4_crossover_gpu26_v2/salad_dressing_s12_shadow_attempt1
salad_dressing,12,student_train_usable,has_candidates_no_privileged,46,4,5,completeness_rank_4,129,True,129_steps_ok,15,0,1,1,1,1,989449346f873e50,"4,5",4e7b5157eb7b1e5fe2d5c43b5844bb5121139afcef7aafef94a7d8d4e1c85cc5,e2d86704fd81e51b40954d73d3f9e223a82b088377cac15d3de07c08d0c00a4f,/data/liuyu/outputs/d4_3b_panel_9894493_parallel_r1/salad_dressing_s12_reference_attempt1
salad_dressing,12,student_train_usable,has_candidates_no_privileged,46,5,5,completeness_rank_5,126,True,126_steps_ok,15,0,1,1,1,1,989449346f873e50,"4,5",75d9cc85b706f1c2904f714c5c53544c85fc2ef6b73dae3fd12234933b329614,582cc3276a4934d5218cde5e638e91217468d144c3c4726aea5889f1e0fbd89a,/data/liuyu/outputs/d4_3b_panel_9894493_parallel_r1/salad_dressing_s12_shadow_attempt1
salad_dressing,14,streaming_replay_usable,full_d4_schema_with_candidates,66,1,1,highest_completeness,134,True,134_steps_ok,15,20,1,1,1,1,44bf7b86bafdda79,"2,6",7fa57228756db48ef8dee97a967606b3b19516c670ccf5c35afc7a8cbb2d20ca,0df4010266a6eb72e5a2426293134f487d2c154378b1295663372cac73610a82,/data/liuyu/outputs/d44d_balanced120_gpu26_r1/salad_dressing_s14_shadow_attempt1
salad_dressing,16,streaming_replay_usable,full_d4_schema_with_candidates,66,1,1,highest_completeness,113,True,113_steps_ok,15,20,1,1,1,1,44bf7b86bafdda79,"3,1",600e5bdbdc492507c62d5a7dac9f6bfd7e9fe1ee3cd1538929e8306ed4f25722,ddf249380a2b3695e6627dbb962abc76474c1218383c0e25ebb2f5831731a9f3,/data/liuyu/outputs/d44d_balanced120_gpu13_r1/salad_dressing_s16_shadow_attempt1
salad_dressing,18,streaming_replay_usable,full_d4_schema_with_candidates,66,1,3,highest_completeness,280,True,280_steps_ok,15,20,1,1,1,1,c9c7a3a7c81d1233,"2,6",5f1a718fb9abf2526d96d4f48d85604bf00038f3d2040efb4989034260cd5603,f1177a3aa3860b9138d82b6a2fd7c788243d980e8804fec5baa42bcbb6cc3f8c,/data/liuyu/outputs/d4_34_privileged_replay/salad_dressing_s18_shadow_attempt1
salad_dressing,18,student_train_usable,has_candidates_no_privileged,46,2,3,completeness_rank_2,280,True,280_steps_ok,15,0,1,1,1,1,989449346f873e50,"2,6",3e9c3412bcd757b557859101406d5c1e036e4de75ee89560d358fd27956cbe70,e2d86704fd81e51b40954d73d3f9e223a82b088377cac15d3de07c08d0c00a4f,/data/liuyu/outputs/d4_3b_panel_9894493_parallel_r1/salad_dressing_s18_reference_attempt1
salad_dressing,18,student_train_usable,has_candidates_no_privileged,46,3,3,completeness_rank_3,280,True,280_steps_ok,15,0,1,1,1,1,989449346f873e50,"2,6",3e9c3412bcd757b557859101406d5c1e036e4de75ee89560d358fd27956cbe70,f1177a3aa3860b9138d82b6a2fd7c788243d980e8804fec5baa42bcbb6cc3f8c,/data/liuyu/outputs/d4_3b_panel_9894493_parallel_r1/salad_dressing_s18_shadow_attempt1
salad_dressing,19,streaming_replay_usable,full_d4_schema_with_candidates,66,1,5,highest_completeness,124,True,124_steps_ok,15,20,1,1,1,1,c9c7a3a7c81d1233,"2,6",c10fe121783a2d0f250c19ad5e41bbfc154b91dd0fedb8f47daf5d96fe1abf51,c5c29727c51680bbd4f16571c2beb9cb5bb9efc44047c3e9fb92026879adbd13,/data/liuyu/outputs/d4_34_privileged_replay/salad_dressing_s19_shadow_attempt1
salad_dressing,19,streaming_replay_usable,full_d4_schema_with_candidates,66,2,5,completeness_rank_2,124,True,124_steps_ok,15,20,1,1,1,1,44bf7b86bafdda79,"1,3",c10fe121783a2d0f250c19ad5e41bbfc154b91dd0fedb8f47daf5d96fe1abf51,c5c29727c51680bbd4f16571c2beb9cb5bb9efc44047c3e9fb92026879adbd13,/data/liuyu/outputs/d4_sidecar_smoke_on_v2/salad_dressing_s19_shadow_attempt1
salad_dressing,19,student_train_usable,has_candidates_no_privileged,46,3,5,completeness_rank_3,124,True,124_steps_ok,15,0,1,1,1,1,44bf7b86bafdda79,"1,3",54974145abeec4bfc6a63a5389a21a41705ae551a02c6166888bdbf8fd46fb33,c5c29727c51680bbd4f16571c2beb9cb5bb9efc44047c3e9fb92026879adbd13,/data/liuyu/outputs/d4_sidecar_smoke_off_v2/salad_dressing_s19_shadow_attempt1
salad_dressing,19,student_train_usable,has_candidates_no_privileged,46,4,5,completeness_rank_4,124,True,124_steps_ok,15,0,1,1,1,1,e70507f282239597,"2,6",54974145abeec4bfc6a63a5389a21a41705ae551a02c6166888bdbf8fd46fb33,c5c29727c51680bbd4f16571c2beb9cb5bb9efc44047c3e9fb92026879adbd13,/data/liuyu/outputs/d4_3a_canary_e70507f_cleanroot_r1/salad_dressing_s19_shadow_attempt1
salad_dressing,19,student_train_usable,has_candidates_no_privileged,46,5,5,completeness_rank_5,124,True,124_steps_ok,15,0,1,1,1,1,e70507f282239597,"2,6",54974145abeec4bfc6a63a5389a21a41705ae551a02c6166888bdbf8fd46fb33,e2d86704fd81e51b40954d73d3f9e223a82b088377cac15d3de07c08d0c00a4f,/data/liuyu/outputs/d4_3a_canary_e70507f_cleanroot_r1/salad_dressing_s19_reference_attempt1
salad_dressing,24,streaming_replay_usable,full_d4_schema_with_candidates,66,1,1,highest_completeness,233,True,233_steps_ok,15,20,1,1,1,1,44bf7b86bafdda79,"2,6",4782cf7b667579e4f2319d35400483c7778ce1f869f8ffc7a8e0ec6c1a5503cb,31598aec0ed2830be0e273fe81ec78dbb848ac06c2b34e8551854f7eb5fdb3b8,/data/liuyu/outputs/d44d_balanced120_gpu26_r1/salad_dressing_s24_shadow_attempt1
salad_dressing,26,streaming_replay_usable,full_d4_schema_with_candidates,66,1,1,highest_completeness,119,True,119_steps_ok,15,20,1,1,1,1,44bf7b86bafdda79,"2,6",3885ba3ceef107108c7c31f6fccf839c3e4e117cb505e07c4834002d3faed4b6,b0b3d8c56d4b4e84f4abe3b21043326a7da4af08f0e950f46190bd3cbe126d55,/data/liuyu/outputs/d44d_balanced120_gpu26_r1/salad_dressing_s26_shadow_attempt1
salad_dressing,27,streaming_replay_usable,full_d4_schema_with_candidates,66,1,1,highest_completeness,280,True,280_steps_ok,15,20,1,1,1,1,44bf7b86bafdda79,"2,6",6c8a5001dbc118022c77e6ab4e1695b5bb2c256e59979f5105b5bae0a996bcc9,33ef073efde72c1497753daba143d292481d8bf422dc23c380c020a75d734e87,/data/liuyu/outputs/d44d_balanced120_gpu26_r1/salad_dressing_s27_shadow_attempt1
salad_dressing,29,streaming_replay_usable,full_d4_schema_with_candidates,66,1,1,highest_completeness,130,True,130_steps_ok,15,20,1,1,1,1,44bf7b86bafdda79,"2,6",c633af0664b17f249ff714f4a4f0cd5c47292c8e15459718ec209e5f644395fb,f8b13e384191e9f9066e85c74acf2e888b5022169c19fccd70c5270135affc90,/data/liuyu/outputs/d44d_balanced120_gpu26_r1/salad_dressing_s29_shadow_attempt1
salad_dressing,32,streaming_replay_usable,full_d4_schema_with_candidates,66,1,1,highest_completeness,152,True,152_steps_ok,15,20,1,1,1,1,44bf7b86bafdda79,"3,1",531bc0b7c0a9421a01cf1ecfc8af1d813bd7f0240c3a1982775a3d855444749b,ebbc143aeee1684fced7701bda9b18137131fd8160c527189266f822f2831547,/data/liuyu/outputs/d44d_balanced120_gpu13_r1/salad_dressing_s32_shadow_attempt1
salad_dressing,45,streaming_replay_usable,full_d4_schema_with_candidates,66,1,1,highest_completeness,129,True,129_steps_ok,15,20,1,1,1,1,44bf7b86bafdda79,"3,1",fb9176c9c3e97af941f4a91051bf0efcf5025508d1285fd85f6b936d1abb1c22,4a8bf1ffdd739a2c4cd6a3d9fd2b27f11004ddab869cc5d6bb2f8bea98e7bd0f,/data/liuyu/outputs/d44d_balanced120_gpu13_r1/salad_dressing_s45_shadow_attempt1
salad_dressing,48,streaming_replay_usable,full_d4_schema_with_candidates,66,1,1,highest_completeness,141,True,141_steps_ok,15,20,1,1,1,1,b236cc0f786f4eca,"2,6",3178b63d74d1ed7bf93270741562e9910b3a322b4f1c5e7e93fe70ca291ffcef,70d2ff2c166494d6dadf561aa04f2416149d7435d23f2b5570551438861a1fb6,/data/liuyu/outputs/d44d_balanced120_gpu26_r1/salad_dressing_s48_shadow_attempt1
tomato_sauce,2,streaming_replay_usable,full_d4_schema_with_candidates,66,1,3,highest_completeness,168,True,168_steps_ok,15,20,1,1,1,1,b236cc0f786f4eca,"2,6",e4af3b4f266933613623989c22e5c26f0881a0467672833da74f3e152fec8765,bfcfcd342c18043ab13b1ca061bf4f7c7f73aded71ea2d949889b9c26b5913ac,/data/liuyu/outputs/d44d_balanced120_gpu26_r1/tomato_sauce_s2_shadow_attempt1
tomato_sauce,2,streaming_replay_usable,full_d4_schema_with_candidates,66,2,3,completeness_rank_2,168,True,168_steps_ok,15,20,1,1,1,1,52bdc33507a584e1,"2,6",e4af3b4f266933613623989c22e5c26f0881a0467672833da74f3e152fec8765,bfcfcd342c18043ab13b1ca061bf4f7c7f73aded71ea2d949889b9c26b5913ac,/data/liuyu/outputs/l12_sidecar_smoke/tomato_sauce_s2_shadow_attempt1
tomato_sauce,2,student_train_usable,has_candidates_no_privileged,46,3,3,completeness_rank_3,168,True,168_steps_ok,15,0,1,1,1,1,52bdc33507a584e1,"2,6",f3624727688981b03f2b3d888d7269849c974c2e90d83032805f317a6930dfa4,e2d86704fd81e51b40954d73d3f9e223a82b088377cac15d3de07c08d0c00a4f,/data/liuyu/outputs/l12_sidecar_smoke/tomato_sauce_s2_reference_attempt1
tomato_sauce,5,streaming_replay_usable,full_d4_schema_with_candidates,66,1,5,highest_completeness,166,True,166_steps_ok,15,20,1,1,1,1,c9c7a3a7c81d1233,"2,6",591d92fb3a2fb5b8f01114fa831a6280aac99062e22f25136eaf4b0ca324eca8,5d5737e318b983b9e66955dcf8e913f4a033d5a4a2c029bcf40b1a4edadabb6c,/data/liuyu/outputs/d4_34_privileged_replay/tomato_sauce_s5_shadow_attempt1
tomato_sauce,5,student_train_usable,has_candidates_no_privileged,46,2,5,completeness_rank_2,166,True,166_steps_ok,15,0,1,1,1,1,dc0031d5f90c9e1c,"2,6",b7d273212b98f2220b9d6a2f1f9a449ca87ee30fcf6200724f36e0db786179a2,e2d86704fd81e51b40954d73d3f9e223a82b088377cac15d3de07c08d0c00a4f,/data/liuyu/outputs/d4_crossover_gpu26_v2/tomato_sauce_s5_reference_attempt1
tomato_sauce,5,student_train_usable,has_candidates_no_privileged,46,3,5,completeness_rank_3,166,True,166_steps_ok,15,0,1,1,1,1,dc0031d5f90c9e1c,"2,6",b7d273212b98f2220b9d6a2f1f9a449ca87ee30fcf6200724f36e0db786179a2,5d5737e318b983b9e66955dcf8e913f4a033d5a4a2c029bcf40b1a4edadabb6c,/data/liuyu/outputs/d4_crossover_gpu26_v2/tomato_sauce_s5_shadow_attempt1
tomato_sauce,5,student_train_usable,has_candidates_no_privileged,46,4,5,completeness_rank_4,280,True,280_steps_ok,15,0,1,1,1,1,989449346f873e50,"4,5",b758e49dc3b3e09ed6c4e4ea635a31b92eac0f75ea578865a11988c17fd9a163,e2d86704fd81e51b40954d73d3f9e223a82b088377cac15d3de07c08d0c00a4f,/data/liuyu/outputs/d4_3b_panel_9894493_parallel_r1/tomato_sauce_s5_reference_attempt1
tomato_sauce,5,student_train_usable,has_candidates_no_privileged,46,5,5,completeness_rank_5,154,True,154_steps_ok,15,0,1,1,1,1,989449346f873e50,"4,5",9ba0c1772a7e8a04ff40d71bab213fdc873b31a3c9a706d0299f3eb8e327caf1,7a29cd88a3ebfbd3312772a43ce785d6abc5af04237392f9f076af932ed083a4,/data/liuyu/outputs/d4_3b_panel_9894493_parallel_r1/tomato_sauce_s5_shadow_attempt1
tomato_sauce,6,streaming_replay_usable,full_d4_schema_with_candidates,66,1,4,highest_completeness,149,True,149_steps_ok,15,20,1,1,1,1,c9c7a3a7c81d1233,"2,6",d6942874218b773a3bac0ecf5a4e942a96c71b20e7c329d5ac8e73e6976ac7a3,44b294a18144c345d6e0ae9249b97d18b3ff04a22342754cbc81b838bea72e55,/data/liuyu/outputs/d4_34_privileged_replay/tomato_sauce_s6_shadow_attempt1
tomato_sauce,6,student_train_usable,has_candidates_no_privileged,46,2,4,completeness_rank_2,149,True,149_steps_ok,15,0,1,1,1,1,eecd0f82d612565a,"2,6",2a8100f3d2085cee116776f8f469ff07c790256d01741f59d3b7248ac896f93f,e2d86704fd81e51b40954d73d3f9e223a82b088377cac15d3de07c08d0c00a4f,/data/liuyu/outputs/d4_3a_canary_eecd0f8_r2/tomato_sauce_s6_reference_attempt1
tomato_sauce,6,student_train_usable,has_candidates_no_privileged,46,3,4,completeness_rank_3,149,True,149_steps_ok,15,0,1,1,1,1,e70507f282239597,"2,6",2a8100f3d2085cee116776f8f469ff07c790256d01741f59d3b7248ac896f93f,44b294a18144c345d6e0ae9249b97d18b3ff04a22342754cbc81b838bea72e55,/data/liuyu/outputs/d4_3a_canary_e70507f_cleanroot_r1/tomato_sauce_s6_shadow_attempt1
tomato_sauce,6,student_train_usable,has_candidates_no_privileged,46,4,4,completeness_rank_4,149,True,149_steps_ok,15,0,1,1,1,1,e70507f282239597,"2,6",2a8100f3d2085cee116776f8f469ff07c790256d01741f59d3b7248ac896f93f,e2d86704fd81e51b40954d73d3f9e223a82b088377cac15d3de07c08d0c00a4f,/data/liuyu/outputs/d4_3a_canary_e70507f_cleanroot_r1/tomato_sauce_s6_reference_attempt1
tomato_sauce,8,streaming_replay_usable,full_d4_schema_with_candidates,66,1,3,highest_completeness,132,True,132_steps_ok,15,20,1,1,1,1,c9c7a3a7c81d1233,"2,6",a41368547e86d0a653b37923aa7b72782a72f7042206c61bd0c26a3d3d7ca812,a0d9725f6f6d67daa0cf23eefd4957d076703c88ec761ebff261af8225b066fa,/data/liuyu/outputs/d4_34_privileged_replay/tomato_sauce_s8_shadow_attempt1
tomato_sauce,8,student_train_usable,has_candidates_no_privileged,46,2,3,completeness_rank_2,132,True,132_steps_ok,15,0,1,1,1,1,989449346f873e50,"2,6",87182fe556cdda8ec0f18507b6cf0f9cd7ac7bf2733e3335d266c80ee54b1f3e,e2d86704fd81e51b40954d73d3f9e223a82b088377cac15d3de07c08d0c00a4f,/data/liuyu/outputs/d4_3b_panel_9894493_parallel_r1/tomato_sauce_s8_reference_attempt1
tomato_sauce,8,student_train_usable,has_candidates_no_privileged,46,3,3,completeness_rank_3,132,True,132_steps_ok,15,0,1,1,1,1,989449346f873e50,"2,6",87182fe556cdda8ec0f18507b6cf0f9cd7ac7bf2733e3335d266c80ee54b1f3e,a0d9725f6f6d67daa0cf23eefd4957d076703c88ec761ebff261af8225b066fa,/data/liuyu/outputs/d4_3b_panel_9894493_parallel_r1/tomato_sauce_s8_shadow_attempt1
tomato_sauce,16,streaming_replay_usable,full_d4_schema_with_candidates,66,1,3,highest_completeness,280,True,280_steps_ok,15,20,1,1,1,1,c9c7a3a7c81d1233,"2,6",67cadff45044e955160e96822dff6a8324e3adeb582b2258d5b3a44d24e0f6f9,7acc5e973072a36136c7ac98e02365d798db9c12363720e249b7c7e98a03e3d5,/data/liuyu/outputs/d4_34_privileged_replay/tomato_sauce_s16_shadow_attempt1
tomato_sauce,16,student_train_usable,has_candidates_no_privileged,46,2,3,completeness_rank_2,280,True,280_steps_ok,15,0,1,1,1,1,989449346f873e50,"1,3",28ed10386d7ec43c98e6cee1f34a8df5bb3c11f76f7cde936be65448841c8e93,e2d86704fd81e51b40954d73d3f9e223a82b088377cac15d3de07c08d0c00a4f,/data/liuyu/outputs/d4_3b_panel_9894493_parallel_r1/tomato_sauce_s16_reference_attempt1
tomato_sauce,16,student_train_usable,has_candidates_no_privileged,46,3,3,completeness_rank_3,280,True,280_steps_ok,15,0,1,1,1,1,989449346f873e50,"1,3",28ed10386d7ec43c98e6cee1f34a8df5bb3c11f76f7cde936be65448841c8e93,7acc5e973072a36136c7ac98e02365d798db9c12363720e249b7c7e98a03e3d5,/data/liuyu/outputs/d4_3b_panel_9894493_parallel_r1/tomato_sauce_s16_shadow_attempt1
tomato_sauce,18,streaming_replay_usable,full_d4_schema_with_candidates,66,1,1,highest_completeness,162,True,162_steps_ok,15,20,1,1,1,1,b236cc0f786f4eca,"2,6",ca84083ff312f8cf61f53cb9a2706cef5431cb2d264fa34a43709ba7dd183e89,ae3418368f6e2e217d1b4b7cc4188e38d68707fe356f5fbb36ae60cbbd1fc32b,/data/liuyu/outputs/d44d_balanced120_gpu26_r1/tomato_sauce_s18_shadow_attempt1
tomato_sauce,19,streaming_replay_usable,full_d4_schema_with_candidates,66,1,1,highest_completeness,133,True,133_steps_ok,15,20,1,1,1,1,b236cc0f786f4eca,"2,6",24f236fd18523ca88878a8f5bac34288ddfa371b854af9d48507186caeb4efec,75b0a03c52342c6f3b36ae0da5fdd7a35cbd57273a9281223f7072663f2841cf,/data/liuyu/outputs/d44d_balanced120_gpu26_r1/tomato_sauce_s19_shadow_attempt1
tomato_sauce,23,streaming_replay_usable,full_d4_schema_with_candidates,66,1,1,highest_completeness,148,True,148_steps_ok,15,20,1,1,1,1,b236cc0f786f4eca,"5,1",4f8e10dfc0835670b68cd8e2026161009a7e08e0cbd372223750431c3212df20,eeb83e610d6a75205bd38bd9557980f6702cb167654e3dc3fa6b9d88553445e2,/data/liuyu/outputs/d44d_balanced120_gpu50_r1/tomato_sauce_s23_shadow_attempt1
tomato_sauce,24,streaming_replay_usable,full_d4_schema_with_candidates,66,1,1,highest_completeness,280,True,280_steps_ok,15,20,1,1,1,1,b236cc0f786f4eca,"2,6",9f8ffec1a87581e95552cd08b1c1cb0a3511fe38ae9ac2bd178cb1e00d4b9cc6,2d83c70ca91bf8acdcc33a31792d1a269f228e06bf0eee19a6ba104f449057e5,/data/liuyu/outputs/d44d_balanced120_gpu26_r1/tomato_sauce_s24_shadow_attempt1
tomato_sauce,26,streaming_replay_usable,full_d4_schema_with_candidates,66,1,1,highest_completeness,115,True,115_steps_ok,15,20,1,1,1,1,b236cc0f786f4eca,"2,6",6e6ba5e4b70352d879a1b49d904d2e00c76c954a4d32be053667cc72278e1ce5,eb6c489d3b5e1003c554d84cc22bf6040a32489fcb429e629297ab243b90d917,/data/liuyu/outputs/d44d_balanced120_gpu26_r1/tomato_sauce_s26_shadow_attempt1
tomato_sauce,29,streaming_replay_usable,full_d4_schema_with_candidates,66,1,1,highest_completeness,124,True,124_steps_ok,15,20,1,1,1,1,b236cc0f786f4eca,"5,1",d339dcaf0800e611568f3e63b87328a0f0fc295a148ff65ea4fa1af2929fa0ab,f20c84e23a581571cf6cbe2674742f7e4fe09bc8d2c22a435c3c5975c1347520,/data/liuyu/outputs/d44d_balanced120_gpu50_r1/tomato_sauce_s29_shadow_attempt1
tomato_sauce,34,streaming_replay_usable,full_d4_schema_with_candidates,66,1,1,highest_completeness,265,True,265_steps_ok,15,20,1,1,1,1,b236cc0f786f4eca,"2,6",eda89d60eb2a68e2c8022e360a989188ffc49d8f1a654f1d3d111043e6b29e4b,1f3874fdc8913043a0e4895605345543aaae428e997071fc9a875294b0922e17,/data/liuyu/outputs/d44d_balanced120_gpu26_r1/tomato_sauce_s34_shadow_attempt1
tomato_sauce,36,streaming_replay_usable,full_d4_schema_with_candidates,66,1,1,highest_completeness,150,True,150_steps_ok,15,20,1,1,1,1,b236cc0f786f4eca,"5,1",077dda9800440676719180d9fa7dc20d7e9d74d7dd5c7a992efbc864d8b2d19d,84b0e8721b8febb851503b41f61549eaa0daf6b53fc06dc5911c34ff0d05b228,/data/liuyu/outputs/d44d_balanced120_gpu50_r1/tomato_sauce_s36_shadow_attempt1
tomato_sauce,45,streaming_replay_usable,full_d4_schema_with_candidates,66,1,1,highest_completeness,280,True,280_steps_ok,15,20,1,1,1,1,b236cc0f786f4eca,"2,6",b6f9b7d47267a9823e7cea3848d7be2132243fc869ef78b4a3a30c55a6fb3ce2,14cd3532b0068c6518ec8a53e33034e6826eb8c0379d4862bd900e82f227c5b9,/data/liuyu/outputs/d44d_balanced120_gpu26_r1/tomato_sauce_s45_shadow_attempt1
tomato_sauce,47,streaming_replay_usable,full_d4_schema_with_candidates,66,1,1,highest_completeness,143,True,143_steps_ok,15,20,1,1,1,1,b236cc0f786f4eca,"2,6",432694ae8726bae9434481206a3e0df3e76defdb0a8fc01e64ed532a15bf6f6f,cfcade2618cb18502977c6c06c70a6026c2b3d8cd1739ec867de4b41884fa805,/data/liuyu/outputs/d44d_balanced120_gpu26_r1/tomato_sauce_s47_shadow_attempt1
tomato_sauce,49,streaming_replay_usable,full_d4_schema_with_candidates,66,1,1,highest_completeness,170,True,170_steps_ok,15,20,1,1,1,1,b236cc0f786f4eca,"2,6",9f9b58d7ccaca2c0bdd901326c6fa64e1dc7decb6c5d891c7aa5cdfc7b3d0300,40c6e48a7bfebc7c600d85b4203c470326decd7d96411a24c1016fb2ff0a4eab,/data/liuyu/outputs/d44d_balanced120_gpu26_r1/tomato_sauce_s49_shadow_attempt1
