assigned_gpu_pair,assigned_worker,canonical_key,condition,eval_seed,invalid_feature_steps,job_id,mlp_emit_step,model_path,n_steps,output_dir,primary_gpu_pair,primary_output_dir,primary_source,primary_status,primary_worker,render_gpu,split_role,state_id,status,suite,task_idx,task_success,unnorm_key
"5,4",worker_libero10_gpu54,libero_10|0|10|0|CLEAN,CLEAN,0,0,libero_10_t00_s10,182,/data/aviary/models/openvla/openvla-7b-finetuned-libero-10,351,/data/liuyu/outputs/cross_suite_clean_train300_s10_19_20260620/libero10_gpu54/libero_10_t00_s10,"5,4",/data/liuyu/outputs/cross_suite_clean_train300_s10_19_20260620/libero10_gpu54/libero_10_t00_s10,/data/liuyu/outputs/cross_suite_clean_train300_s10_19_20260620/queue_status_worker_libero10_gpu54.csv,COMPLETE,worker_libero10_gpu54,5,train_pool,10,PLANNED,libero_10,0,True,libero_10
"5,4",worker_libero10_gpu54,libero_10|0|11|0|CLEAN,CLEAN,0,0,libero_10_t00_s11,99,/data/aviary/models/openvla/openvla-7b-finetuned-libero-10,264,/data/liuyu/outputs/cross_suite_clean_train300_s10_19_20260620/libero10_gpu54/libero_10_t00_s11,"5,4",/data/liuyu/outputs/cross_suite_clean_train300_s10_19_20260620/libero10_gpu54/libero_10_t00_s11,/data/liuyu/outputs/cross_suite_clean_train300_s10_19_20260620/queue_status_worker_libero10_gpu54.csv,COMPLETE,worker_libero10_gpu54,5,train_pool,11,PLANNED,libero_10,0,True,libero_10
"5,4",worker_libero10_gpu54,libero_10|0|12|0|CLEAN,CLEAN,0,0,libero_10_t00_s12,282,/data/aviary/models/openvla/openvla-7b-finetuned-libero-10,400,/data/liuyu/outputs/cross_suite_clean_train300_s10_19_20260620/libero10_gpu54/libero_10_t00_s12,"5,4",/data/liuyu/outputs/cross_suite_clean_train300_s10_19_20260620/libero10_gpu54/libero_10_t00_s12,/data/liuyu/outputs/cross_suite_clean_train300_s10_19_20260620/queue_status_worker_libero10_gpu54.csv,COMPLETE,worker_libero10_gpu54,5,train_pool,12,PLANNED,libero_10,0,False,libero_10
"5,4",worker_libero10_gpu54,libero_10|0|13|0|CLEAN,CLEAN,0,0,libero_10_t00_s13,93,/data/aviary/models/openvla/openvla-7b-finetuned-libero-10,264,/data/liuyu/outputs/cross_suite_clean_train300_s10_19_20260620/libero10_gpu54/libero_10_t00_s13,"5,4",/data/liuyu/outputs/cross_suite_clean_train300_s10_19_20260620/libero10_gpu54/libero_10_t00_s13,/data/liuyu/outputs/cross_suite_clean_train300_s10_19_20260620/queue_status_worker_libero10_gpu54.csv,COMPLETE,worker_libero10_gpu54,5,train_pool,13,PLANNED,libero_10,0,True,libero_10
"5,4",worker_libero10_gpu54,libero_10|0|14|0|CLEAN,CLEAN,0,0,libero_10_t00_s14,113,/data/aviary/models/openvla/openvla-7b-finetuned-libero-10,400,/data/liuyu/outputs/cross_suite_clean_train300_s10_19_20260620/libero10_gpu54/libero_10_t00_s14,"5,4",/data/liuyu/outputs/cross_suite_clean_train300_s10_19_20260620/libero10_gpu54/libero_10_t00_s14,/data/liuyu/outputs/cross_suite_clean_train300_s10_19_20260620/queue_status_worker_libero10_gpu54.csv,COMPLETE,worker_libero10_gpu54,5,train_pool,14,PLANNED,libero_10,0,False,libero_10
"5,4",worker_libero10_gpu54,libero_10|0|15|0|CLEAN,CLEAN,0,0,libero_10_t00_s15,189,/data/aviary/models/openvla/openvla-7b-finetuned-libero-10,400,/data/liuyu/outputs/cross_suite_clean_train300_s10_19_20260620/libero10_gpu54/libero_10_t00_s15,"5,4",/data/liuyu/outputs/cross_suite_clean_train300_s10_19_20260620/libero10_gpu54/libero_10_t00_s15,/data/liuyu/outputs/cross_suite_clean_train300_s10_19_20260620/queue_status_worker_libero10_gpu54.csv,COMPLETE,worker_libero10_gpu54,5,train_pool,15,PLANNED,libero_10,0,False,libero_10
"5,4",worker_libero10_gpu54,libero_10|0|16|0|CLEAN,CLEAN,0,0,libero_10_t00_s16,131,/data/aviary/models/openvla/openvla-7b-finetuned-libero-10,400,/data/liuyu/outputs/cross_suite_clean_train300_s10_19_20260620/libero10_gpu54/libero_10_t00_s16,"5,4",/data/liuyu/outputs/cross_suite_clean_train300_s10_19_20260620/libero10_gpu54/libero_10_t00_s16,/data/liuyu/outputs/cross_suite_clean_train300_s10_19_20260620/queue_status_worker_libero10_gpu54.csv,COMPLETE,worker_libero10_gpu54,5,train_pool,16,PLANNED,libero_10,0,False,libero_10
"5,4",worker_libero10_gpu54,libero_10|0|17|0|CLEAN,CLEAN,0,0,libero_10_t00_s17,130,/data/aviary/models/openvla/openvla-7b-finetuned-libero-10,328,/data/liuyu/outputs/cross_suite_clean_train300_s10_19_20260620/libero10_gpu54/libero_10_t00_s17,"5,4",/data/liuyu/outputs/cross_suite_clean_train300_s10_19_20260620/libero10_gpu54/libero_10_t00_s17,/data/liuyu/outputs/cross_suite_clean_train300_s10_19_20260620/queue_status_worker_libero10_gpu54.csv,COMPLETE,worker_libero10_gpu54,5,train_pool,17,PLANNED,libero_10,0,True,libero_10
"5,4",worker_libero10_gpu54,libero_10|0|18|0|CLEAN,CLEAN,0,0,libero_10_t00_s18,98,/data/aviary/models/openvla/openvla-7b-finetuned-libero-10,285,/data/liuyu/outputs/cross_suite_clean_train300_s10_19_20260620/libero10_gpu54/libero_10_t00_s18,"5,4",/data/liuyu/outputs/cross_suite_clean_train300_s10_19_20260620/libero10_gpu54/libero_10_t00_s18,/data/liuyu/outputs/cross_suite_clean_train300_s10_19_20260620/queue_status_worker_libero10_gpu54.csv,COMPLETE,worker_libero10_gpu54,5,validation_pool,18,PLANNED,libero_10,0,True,libero_10
"5,4",worker_libero10_gpu54,libero_10|0|19|0|CLEAN,CLEAN,0,0,libero_10_t00_s19,90,/data/aviary/models/openvla/openvla-7b-finetuned-libero-10,257,/data/liuyu/outputs/cross_suite_clean_train300_s10_19_20260620/libero10_gpu54/libero_10_t00_s19,"5,4",/data/liuyu/outputs/cross_suite_clean_train300_s10_19_20260620/libero10_gpu54/libero_10_t00_s19,/data/liuyu/outputs/cross_suite_clean_train300_s10_19_20260620/queue_status_worker_libero10_gpu54.csv,COMPLETE,worker_libero10_gpu54,5,validation_pool,19,PLANNED,libero_10,0,True,libero_10
"5,4",worker_libero10_gpu54,libero_10|1|10|0|CLEAN,CLEAN,0,0,libero_10_t01_s10,321,/data/aviary/models/openvla/openvla-7b-finetuned-libero-10,400,/data/liuyu/outputs/cross_suite_clean_train300_s10_19_20260620/libero10_gpu54/libero_10_t01_s10,"5,4",/data/liuyu/outputs/cross_suite_clean_train300_s10_19_20260620/libero10_gpu54/libero_10_t01_s10,/data/liuyu/outputs/cross_suite_clean_train300_s10_19_20260620/queue_status_worker_libero10_gpu54.csv,COMPLETE,worker_libero10_gpu54,5,train_pool,10,PLANNED,libero_10,1,False,libero_10
"5,4",worker_libero10_gpu54,libero_10|1|11|0|CLEAN,CLEAN,0,0,libero_10_t01_s11,81,/data/aviary/models/openvla/openvla-7b-finetuned-libero-10,273,/data/liuyu/outputs/cross_suite_clean_train300_s10_19_20260620/libero10_gpu54/libero_10_t01_s11,"5,4",/data/liuyu/outputs/cross_suite_clean_train300_s10_19_20260620/libero10_gpu54/libero_10_t01_s11,/data/liuyu/outputs/cross_suite_clean_train300_s10_19_20260620/queue_status_worker_libero10_gpu54.csv,COMPLETE,worker_libero10_gpu54,5,train_pool,11,PLANNED,libero_10,1,True,libero_10
"5,4",worker_libero10_gpu54,libero_10|1|12|0|CLEAN,CLEAN,0,0,libero_10_t01_s12,86,/data/aviary/models/openvla/openvla-7b-finetuned-libero-10,240,/data/liuyu/outputs/cross_suite_clean_train300_s10_19_20260620/libero10_gpu54/libero_10_t01_s12,"5,4",/data/liuyu/outputs/cross_suite_clean_train300_s10_19_20260620/libero10_gpu54/libero_10_t01_s12,/data/liuyu/outputs/cross_suite_clean_train300_s10_19_20260620/queue_status_worker_libero10_gpu54.csv,COMPLETE,worker_libero10_gpu54,5,train_pool,12,PLANNED,libero_10,1,True,libero_10
"5,4",worker_libero10_gpu54,libero_10|1|13|0|CLEAN,CLEAN,0,0,libero_10_t01_s13,82,/data/aviary/models/openvla/openvla-7b-finetuned-libero-10,241,/data/liuyu/outputs/cross_suite_clean_train300_s10_19_20260620/libero10_gpu54/libero_10_t01_s13,"5,4",/data/liuyu/outputs/cross_suite_clean_train300_s10_19_20260620/libero10_gpu54/libero_10_t01_s13,/data/liuyu/outputs/cross_suite_clean_train300_s10_19_20260620/queue_status_worker_libero10_gpu54.csv,COMPLETE,worker_libero10_gpu54,5,train_pool,13,PLANNED,libero_10,1,True,libero_10
"5,4",worker_libero10_gpu54,libero_10|1|14|0|CLEAN,CLEAN,0,0,libero_10_t01_s14,286,/data/aviary/models/openvla/openvla-7b-finetuned-libero-10,400,/data/liuyu/outputs/cross_suite_clean_train300_s10_19_20260620/libero10_gpu54/libero_10_t01_s14,"5,4",/data/liuyu/outputs/cross_suite_clean_train300_s10_19_20260620/libero10_gpu54/libero_10_t01_s14,/data/liuyu/outputs/cross_suite_clean_train300_s10_19_20260620/queue_status_worker_libero10_gpu54.csv,COMPLETE,worker_libero10_gpu54,5,train_pool,14,PLANNED,libero_10,1,False,libero_10
"5,4",worker_libero10_gpu54,libero_10|1|15|0|CLEAN,CLEAN,0,0,libero_10_t01_s15,84,/data/aviary/models/openvla/openvla-7b-finetuned-libero-10,278,/data/liuyu/outputs/cross_suite_clean_train300_s10_19_20260620/libero10_gpu54/libero_10_t01_s15,"5,4",/data/liuyu/outputs/cross_suite_clean_train300_s10_19_20260620/libero10_gpu54/libero_10_t01_s15,/data/liuyu/outputs/cross_suite_clean_train300_s10_19_20260620/queue_status_worker_libero10_gpu54.csv,COMPLETE,worker_libero10_gpu54,5,train_pool,15,PLANNED,libero_10,1,True,libero_10
"5,4",worker_libero10_gpu54,libero_10|1|16|0|CLEAN,CLEAN,0,0,libero_10_t01_s16,77,/data/aviary/models/openvla/openvla-7b-finetuned-libero-10,400,/data/liuyu/outputs/cross_suite_clean_train300_s10_19_20260620/libero10_gpu54/libero_10_t01_s16,"5,4",/data/liuyu/outputs/cross_suite_clean_train300_s10_19_20260620/libero10_gpu54/libero_10_t01_s16,/data/liuyu/outputs/cross_suite_clean_train300_s10_19_20260620/queue_status_worker_libero10_gpu54.csv,COMPLETE,worker_libero10_gpu54,5,train_pool,16,PLANNED,libero_10,1,False,libero_10
"5,4",worker_libero10_gpu54,libero_10|1|17|0|CLEAN,CLEAN,0,0,libero_10_t01_s17,89,/data/aviary/models/openvla/openvla-7b-finetuned-libero-10,260,/data/liuyu/outputs/cross_suite_clean_train300_s10_19_20260620/libero10_gpu54/libero_10_t01_s17,"5,4",/data/liuyu/outputs/cross_suite_clean_train300_s10_19_20260620/libero10_gpu54/libero_10_t01_s17,/data/liuyu/outputs/cross_suite_clean_train300_s10_19_20260620/queue_status_worker_libero10_gpu54.csv,COMPLETE,worker_libero10_gpu54,5,train_pool,17,PLANNED,libero_10,1,True,libero_10
"5,4",worker_libero10_gpu54,libero_10|1|18|0|CLEAN,CLEAN,0,0,libero_10_t01_s18,84,/data/aviary/models/openvla/openvla-7b-finetuned-libero-10,316,/data/liuyu/outputs/cross_suite_clean_train300_s10_19_20260620/libero10_gpu54/libero_10_t01_s18,"5,4",/data/liuyu/outputs/cross_suite_clean_train300_s10_19_20260620/libero10_gpu54/libero_10_t01_s18,/data/liuyu/outputs/cross_suite_clean_train300_s10_19_20260620/queue_status_worker_libero10_gpu54.csv,COMPLETE,worker_libero10_gpu54,5,validation_pool,18,PLANNED,libero_10,1,True,libero_10
"5,4",worker_libero10_gpu54,libero_10|1|19|0|CLEAN,CLEAN,0,0,libero_10_t01_s19,75,/data/aviary/models/openvla/openvla-7b-finetuned-libero-10,400,/data/liuyu/outputs/cross_suite_clean_train300_s10_19_20260620/libero10_gpu54/libero_10_t01_s19,"5,4",/data/liuyu/outputs/cross_suite_clean_train300_s10_19_20260620/libero10_gpu54/libero_10_t01_s19,/data/liuyu/outputs/cross_suite_clean_train300_s10_19_20260620/queue_status_worker_libero10_gpu54.csv,COMPLETE,worker_libero10_gpu54,5,validation_pool,19,PLANNED,libero_10,1,False,libero_10
"5,4",worker_libero10_gpu54,libero_10|2|10|0|CLEAN,CLEAN,0,0,libero_10_t02_s10,-1,/data/aviary/models/openvla/openvla-7b-finetuned-libero-10,237,/data/liuyu/outputs/cross_suite_clean_train300_s10_19_20260620/libero10_gpu54/libero_10_t02_s10,"5,4",/data/liuyu/outputs/cross_suite_clean_train300_s10_19_20260620/libero10_gpu54/libero_10_t02_s10,/data/liuyu/outputs/cross_suite_clean_train300_s10_19_20260620/queue_status_worker_libero10_gpu54.csv,COMPLETE,worker_libero10_gpu54,5,train_pool,10,PLANNED,libero_10,2,True,libero_10
"5,4",worker_libero10_gpu54,libero_10|2|11|0|CLEAN,CLEAN,0,0,libero_10_t02_s11,-1,/data/aviary/models/openvla/openvla-7b-finetuned-libero-10,400,/data/liuyu/outputs/cross_suite_clean_train300_s10_19_20260620/libero10_gpu54/libero_10_t02_s11,"5,4",/data/liuyu/outputs/cross_suite_clean_train300_s10_19_20260620/libero10_gpu54/libero_10_t02_s11,/data/liuyu/outputs/cross_suite_clean_train300_s10_19_20260620/queue_status_worker_libero10_gpu54.csv,COMPLETE,worker_libero10_gpu54,5,train_pool,11,PLANNED,libero_10,2,False,libero_10
"5,4",worker_libero10_gpu54,libero_10|2|12|0|CLEAN,CLEAN,0,0,libero_10_t02_s12,-1,/data/aviary/models/openvla/openvla-7b-finetuned-libero-10,400,/data/liuyu/outputs/cross_suite_clean_train300_s10_19_20260620/libero10_gpu54/libero_10_t02_s12,"5,4",/data/liuyu/outputs/cross_suite_clean_train300_s10_19_20260620/libero10_gpu54/libero_10_t02_s12,/data/liuyu/outputs/cross_suite_clean_train300_s10_19_20260620/queue_status_worker_libero10_gpu54.csv,COMPLETE,worker_libero10_gpu54,5,train_pool,12,PLANNED,libero_10,2,False,libero_10
"5,4",worker_libero10_gpu54,libero_10|2|13|0|CLEAN,CLEAN,0,0,libero_10_t02_s13,-1,/data/aviary/models/openvla/openvla-7b-finetuned-libero-10,257,/data/liuyu/outputs/cross_suite_clean_train300_s10_19_20260620/libero10_gpu54/libero_10_t02_s13,"5,4",/data/liuyu/outputs/cross_suite_clean_train300_s10_19_20260620/libero10_gpu54/libero_10_t02_s13,/data/liuyu/outputs/cross_suite_clean_train300_s10_19_20260620/queue_status_worker_libero10_gpu54.csv,COMPLETE,worker_libero10_gpu54,5,train_pool,13,PLANNED,libero_10,2,True,libero_10
"5,4",worker_libero10_gpu54,libero_10|2|14|0|CLEAN,CLEAN,0,0,libero_10_t02_s14,185,/data/aviary/models/openvla/openvla-7b-finetuned-libero-10,233,/data/liuyu/outputs/cross_suite_clean_train300_s10_19_20260620/libero10_gpu54/libero_10_t02_s14,"5,4",/data/liuyu/outputs/cross_suite_clean_train300_s10_19_20260620/libero10_gpu54/libero_10_t02_s14,/data/liuyu/outputs/cross_suite_clean_train300_s10_19_20260620/queue_status_worker_libero10_gpu54.csv,COMPLETE,worker_libero10_gpu54,5,train_pool,14,PLANNED,libero_10,2,True,libero_10
"5,4",worker_libero10_gpu54,libero_10|2|15|0|CLEAN,CLEAN,0,0,libero_10_t02_s15,-1,/data/aviary/models/openvla/openvla-7b-finetuned-libero-10,400,/data/liuyu/outputs/cross_suite_clean_train300_s10_19_20260620/libero10_gpu54/libero_10_t02_s15,"5,4",/data/liuyu/outputs/cross_suite_clean_train300_s10_19_20260620/libero10_gpu54/libero_10_t02_s15,/data/liuyu/outputs/cross_suite_clean_train300_s10_19_20260620/queue_status_worker_libero10_gpu54.csv,COMPLETE,worker_libero10_gpu54,5,train_pool,15,PLANNED,libero_10,2,False,libero_10
"5,4",worker_libero10_gpu54,libero_10|2|16|0|CLEAN,CLEAN,0,0,libero_10_t02_s16,-1,/data/aviary/models/openvla/openvla-7b-finetuned-libero-10,302,/data/liuyu/outputs/cross_suite_clean_train300_s10_19_20260620/libero10_gpu54/libero_10_t02_s16,"5,4",/data/liuyu/outputs/cross_suite_clean_train300_s10_19_20260620/libero10_gpu54/libero_10_t02_s16,/data/liuyu/outputs/cross_suite_clean_train300_s10_19_20260620/queue_status_worker_libero10_gpu54.csv,COMPLETE,worker_libero10_gpu54,5,train_pool,16,PLANNED,libero_10,2,True,libero_10
"5,4",worker_libero10_gpu54,libero_10|2|17|0|CLEAN,CLEAN,0,0,libero_10_t02_s17,-1,/data/aviary/models/openvla/openvla-7b-finetuned-libero-10,352,/data/liuyu/outputs/cross_suite_clean_train300_s10_19_20260620/libero10_gpu54/libero_10_t02_s17,"5,4",/data/liuyu/outputs/cross_suite_clean_train300_s10_19_20260620/libero10_gpu54/libero_10_t02_s17,/data/liuyu/outputs/cross_suite_clean_train300_s10_19_20260620/queue_status_worker_libero10_gpu54.csv,COMPLETE,worker_libero10_gpu54,5,train_pool,17,PLANNED,libero_10,2,True,libero_10
"5,4",worker_libero10_gpu54,libero_10|2|18|0|CLEAN,CLEAN,0,0,libero_10_t02_s18,-1,/data/aviary/models/openvla/openvla-7b-finetuned-libero-10,262,/data/liuyu/outputs/cross_suite_clean_train300_s10_19_20260620/libero10_gpu54/libero_10_t02_s18,"5,4",/data/liuyu/outputs/cross_suite_clean_train300_s10_19_20260620/libero10_gpu54/libero_10_t02_s18,/data/liuyu/outputs/cross_suite_clean_train300_s10_19_20260620/queue_status_worker_libero10_gpu54.csv,COMPLETE,worker_libero10_gpu54,5,validation_pool,18,PLANNED,libero_10,2,True,libero_10
"5,4",worker_libero10_gpu54,libero_10|2|19|0|CLEAN,CLEAN,0,0,libero_10_t02_s19,-1,/data/aviary/models/openvla/openvla-7b-finetuned-libero-10,276,/data/liuyu/outputs/cross_suite_clean_train300_s10_19_20260620/libero10_gpu54/libero_10_t02_s19,"5,4",/data/liuyu/outputs/cross_suite_clean_train300_s10_19_20260620/libero10_gpu54/libero_10_t02_s19,/data/liuyu/outputs/cross_suite_clean_train300_s10_19_20260620/queue_status_worker_libero10_gpu54.csv,COMPLETE,worker_libero10_gpu54,5,validation_pool,19,PLANNED,libero_10,2,True,libero_10
"5,4",worker_libero10_gpu54,libero_10|3|10|0|CLEAN,CLEAN,0,0,libero_10_t03_s10,-1,/data/aviary/models/openvla/openvla-7b-finetuned-libero-10,400,/data/liuyu/outputs/cross_suite_clean_train300_s10_19_20260620/libero10_gpu54/libero_10_t03_s10,"5,4",/data/liuyu/outputs/cross_suite_clean_train300_s10_19_20260620/libero10_gpu54/libero_10_t03_s10,/data/liuyu/outputs/cross_suite_clean_train300_s10_19_20260620/queue_status_worker_libero10_gpu54.csv,COMPLETE,worker_libero10_gpu54,5,train_pool,10,PLANNED,libero_10,3,False,libero_10
"5,4",worker_libero10_gpu54,libero_10|3|11|0|CLEAN,CLEAN,0,0,libero_10_t03_s11,-1,/data/aviary/models/openvla/openvla-7b-finetuned-libero-10,234,/data/liuyu/outputs/cross_suite_clean_train300_s10_19_20260620/libero10_gpu54/libero_10_t03_s11,"5,4",/data/liuyu/outputs/cross_suite_clean_train300_s10_19_20260620/libero10_gpu54/libero_10_t03_s11,/data/liuyu/outputs/cross_suite_clean_train300_s10_19_20260620/queue_status_worker_libero10_gpu54.csv,COMPLETE,worker_libero10_gpu54,5,train_pool,11,PLANNED,libero_10,3,True,libero_10
"5,4",worker_libero10_gpu54,libero_10|3|12|0|CLEAN,CLEAN,0,0,libero_10_t03_s12,-1,/data/aviary/models/openvla/openvla-7b-finetuned-libero-10,400,/data/liuyu/outputs/cross_suite_clean_train300_s10_19_20260620/libero10_gpu54/libero_10_t03_s12,"5,4",/data/liuyu/outputs/cross_suite_clean_train300_s10_19_20260620/libero10_gpu54/libero_10_t03_s12,/data/liuyu/outputs/cross_suite_clean_train300_s10_19_20260620/queue_status_worker_libero10_gpu54.csv,COMPLETE,worker_libero10_gpu54,5,train_pool,12,PLANNED,libero_10,3,False,libero_10
"5,4",worker_libero10_gpu54,libero_10|3|13|0|CLEAN,CLEAN,0,0,libero_10_t03_s13,127,/data/aviary/models/openvla/openvla-7b-finetuned-libero-10,400,/data/liuyu/outputs/cross_suite_clean_train300_s10_19_20260620/libero10_gpu54/libero_10_t03_s13,"5,4",/data/liuyu/outputs/cross_suite_clean_train300_s10_19_20260620/libero10_gpu54/libero_10_t03_s13,/data/liuyu/outputs/cross_suite_clean_train300_s10_19_20260620/queue_status_worker_libero10_gpu54.csv,COMPLETE,worker_libero10_gpu54,5,train_pool,13,PLANNED,libero_10,3,False,libero_10
"5,4",worker_libero10_gpu54,libero_10|3|14|0|CLEAN,CLEAN,0,0,libero_10_t03_s14,-1,/data/aviary/models/openvla/openvla-7b-finetuned-libero-10,400,/data/liuyu/outputs/cross_suite_clean_train300_s10_19_20260620/libero10_gpu54/libero_10_t03_s14,"5,4",/data/liuyu/outputs/cross_suite_clean_train300_s10_19_20260620/libero10_gpu54/libero_10_t03_s14,/data/liuyu/outputs/cross_suite_clean_train300_s10_19_20260620/queue_status_worker_libero10_gpu54.csv,COMPLETE,worker_libero10_gpu54,5,train_pool,14,PLANNED,libero_10,3,False,libero_10
"5,4",worker_libero10_gpu54,libero_10|3|15|0|CLEAN,CLEAN,0,0,libero_10_t03_s15,124,/data/aviary/models/openvla/openvla-7b-finetuned-libero-10,250,/data/liuyu/outputs/cross_suite_clean_train300_s10_19_20260620/libero10_gpu54/libero_10_t03_s15,"5,4",/data/liuyu/outputs/cross_suite_clean_train300_s10_19_20260620/libero10_gpu54/libero_10_t03_s15,/data/liuyu/outputs/cross_suite_clean_train300_s10_19_20260620/queue_status_worker_libero10_gpu54.csv,COMPLETE,worker_libero10_gpu54,5,train_pool,15,PLANNED,libero_10,3,True,libero_10
"5,4",worker_libero10_gpu54,libero_10|3|16|0|CLEAN,CLEAN,0,0,libero_10_t03_s16,-1,/data/aviary/models/openvla/openvla-7b-finetuned-libero-10,400,/data/liuyu/outputs/cross_suite_clean_train300_s10_19_20260620/libero10_gpu54/libero_10_t03_s16,"5,4",/data/liuyu/outputs/cross_suite_clean_train300_s10_19_20260620/libero10_gpu54/libero_10_t03_s16,/data/liuyu/outputs/cross_suite_clean_train300_s10_19_20260620/queue_status_worker_libero10_gpu54.csv,COMPLETE,worker_libero10_gpu54,5,train_pool,16,PLANNED,libero_10,3,False,libero_10
"5,4",worker_libero10_gpu54,libero_10|3|17|0|CLEAN,CLEAN,0,0,libero_10_t03_s17,107,/data/aviary/models/openvla/openvla-7b-finetuned-libero-10,265,/data/liuyu/outputs/cross_suite_clean_train300_s10_19_20260620/libero10_gpu54/libero_10_t03_s17,"5,4",/data/liuyu/outputs/cross_suite_clean_train300_s10_19_20260620/libero10_gpu54/libero_10_t03_s17,/data/liuyu/outputs/cross_suite_clean_train300_s10_19_20260620/queue_status_worker_libero10_gpu54.csv,COMPLETE,worker_libero10_gpu54,5,train_pool,17,PLANNED,libero_10,3,True,libero_10
"5,4",worker_libero10_gpu54,libero_10|3|18|0|CLEAN,CLEAN,0,0,libero_10_t03_s18,-1,/data/aviary/models/openvla/openvla-7b-finetuned-libero-10,238,/data/liuyu/outputs/cross_suite_clean_train300_s10_19_20260620/libero10_gpu54/libero_10_t03_s18,"5,4",/data/liuyu/outputs/cross_suite_clean_train300_s10_19_20260620/libero10_gpu54/libero_10_t03_s18,/data/liuyu/outputs/cross_suite_clean_train300_s10_19_20260620/queue_status_worker_libero10_gpu54.csv,COMPLETE,worker_libero10_gpu54,5,validation_pool,18,PLANNED,libero_10,3,True,libero_10
"5,4",worker_libero10_gpu54,libero_10|3|19|0|CLEAN,CLEAN,0,0,libero_10_t03_s19,199,/data/aviary/models/openvla/openvla-7b-finetuned-libero-10,295,/data/liuyu/outputs/cross_suite_clean_train300_s10_19_20260620/libero10_gpu54/libero_10_t03_s19,"5,4",/data/liuyu/outputs/cross_suite_clean_train300_s10_19_20260620/libero10_gpu54/libero_10_t03_s19,/data/liuyu/outputs/cross_suite_clean_train300_s10_19_20260620/queue_status_worker_libero10_gpu54.csv,COMPLETE,worker_libero10_gpu54,5,validation_pool,19,PLANNED,libero_10,3,True,libero_10
"5,4",worker_libero10_gpu54,libero_10|4|10|0|CLEAN,CLEAN,0,0,libero_10_t04_s10,118,/data/aviary/models/openvla/openvla-7b-finetuned-libero-10,210,/data/liuyu/outputs/cross_suite_clean_train300_s10_19_20260620/libero10_gpu54/libero_10_t04_s10,"5,4",/data/liuyu/outputs/cross_suite_clean_train300_s10_19_20260620/libero10_gpu54/libero_10_t04_s10,/data/liuyu/outputs/cross_suite_clean_train300_s10_19_20260620/queue_status_worker_libero10_gpu54.csv,COMPLETE,worker_libero10_gpu54,5,train_pool,10,PLANNED,libero_10,4,True,libero_10
"5,4",worker_libero10_gpu54,libero_10|4|11|0|CLEAN,CLEAN,0,0,libero_10_t04_s11,137,/data/aviary/models/openvla/openvla-7b-finetuned-libero-10,400,/data/liuyu/outputs/cross_suite_clean_train300_s10_19_20260620/libero10_gpu54/libero_10_t04_s11,"5,4",/data/liuyu/outputs/cross_suite_clean_train300_s10_19_20260620/libero10_gpu54/libero_10_t04_s11,/data/liuyu/outputs/cross_suite_clean_train300_s10_19_20260620/queue_status_worker_libero10_gpu54.csv,COMPLETE,worker_libero10_gpu54,5,train_pool,11,PLANNED,libero_10,4,False,libero_10
"5,4",worker_libero10_gpu54,libero_10|4|12|0|CLEAN,CLEAN,0,0,libero_10_t04_s12,107,/data/aviary/models/openvla/openvla-7b-finetuned-libero-10,215,/data/liuyu/outputs/cross_suite_clean_train300_s10_19_20260620/libero10_gpu54/libero_10_t04_s12,"5,4",/data/liuyu/outputs/cross_suite_clean_train300_s10_19_20260620/libero10_gpu54/libero_10_t04_s12,/data/liuyu/outputs/cross_suite_clean_train300_s10_19_20260620/queue_status_worker_libero10_gpu54.csv,COMPLETE,worker_libero10_gpu54,5,train_pool,12,PLANNED,libero_10,4,True,libero_10
"5,4",worker_libero10_gpu54,libero_10|4|13|0|CLEAN,CLEAN,0,0,libero_10_t04_s13,123,/data/aviary/models/openvla/openvla-7b-finetuned-libero-10,220,/data/liuyu/outputs/cross_suite_clean_train300_s10_19_20260620/libero10_gpu54/libero_10_t04_s13,"5,4",/data/liuyu/outputs/cross_suite_clean_train300_s10_19_20260620/libero10_gpu54/libero_10_t04_s13,/data/liuyu/outputs/cross_suite_clean_train300_s10_19_20260620/queue_status_worker_libero10_gpu54.csv,COMPLETE,worker_libero10_gpu54,5,train_pool,13,PLANNED,libero_10,4,True,libero_10
"5,4",worker_libero10_gpu54,libero_10|4|14|0|CLEAN,CLEAN,0,0,libero_10_t04_s14,140,/data/aviary/models/openvla/openvla-7b-finetuned-libero-10,244,/data/liuyu/outputs/cross_suite_clean_train300_s10_19_20260620/libero10_gpu54/libero_10_t04_s14,"5,4",/data/liuyu/outputs/cross_suite_clean_train300_s10_19_20260620/libero10_gpu54/libero_10_t04_s14,/data/liuyu/outputs/cross_suite_clean_train300_s10_19_20260620/queue_status_worker_libero10_gpu54.csv,COMPLETE,worker_libero10_gpu54,5,train_pool,14,PLANNED,libero_10,4,True,libero_10
"5,4",worker_libero10_gpu54,libero_10|4|15|0|CLEAN,CLEAN,0,0,libero_10_t04_s15,137,/data/aviary/models/openvla/openvla-7b-finetuned-libero-10,400,/data/liuyu/outputs/cross_suite_clean_train300_s10_19_20260620/libero10_gpu54/libero_10_t04_s15,"5,4",/data/liuyu/outputs/cross_suite_clean_train300_s10_19_20260620/libero10_gpu54/libero_10_t04_s15,/data/liuyu/outputs/cross_suite_clean_train300_s10_19_20260620/queue_status_worker_libero10_gpu54.csv,COMPLETE,worker_libero10_gpu54,5,train_pool,15,PLANNED,libero_10,4,False,libero_10
"5,4",worker_libero10_gpu54,libero_10|4|16|0|CLEAN,CLEAN,0,0,libero_10_t04_s16,140,/data/aviary/models/openvla/openvla-7b-finetuned-libero-10,248,/data/liuyu/outputs/cross_suite_clean_train300_s10_19_20260620/libero10_gpu54/libero_10_t04_s16,"5,4",/data/liuyu/outputs/cross_suite_clean_train300_s10_19_20260620/libero10_gpu54/libero_10_t04_s16,/data/liuyu/outputs/cross_suite_clean_train300_s10_19_20260620/queue_status_worker_libero10_gpu54.csv,COMPLETE,worker_libero10_gpu54,5,train_pool,16,PLANNED,libero_10,4,True,libero_10
"5,4",worker_libero10_gpu54,libero_10|4|17|0|CLEAN,CLEAN,0,0,libero_10_t04_s17,134,/data/aviary/models/openvla/openvla-7b-finetuned-libero-10,400,/data/liuyu/outputs/cross_suite_clean_train300_s10_19_20260620/libero10_gpu54/libero_10_t04_s17,"5,4",/data/liuyu/outputs/cross_suite_clean_train300_s10_19_20260620/libero10_gpu54/libero_10_t04_s17,/data/liuyu/outputs/cross_suite_clean_train300_s10_19_20260620/queue_status_worker_libero10_gpu54.csv,COMPLETE,worker_libero10_gpu54,5,train_pool,17,PLANNED,libero_10,4,False,libero_10
"5,4",worker_libero10_gpu54,libero_10|4|18|0|CLEAN,CLEAN,0,0,libero_10_t04_s18,147,/data/aviary/models/openvla/openvla-7b-finetuned-libero-10,244,/data/liuyu/outputs/cross_suite_clean_train300_s10_19_20260620/libero10_gpu54/libero_10_t04_s18,"5,4",/data/liuyu/outputs/cross_suite_clean_train300_s10_19_20260620/libero10_gpu54/libero_10_t04_s18,/data/liuyu/outputs/cross_suite_clean_train300_s10_19_20260620/queue_status_worker_libero10_gpu54.csv,COMPLETE,worker_libero10_gpu54,5,validation_pool,18,PLANNED,libero_10,4,True,libero_10
"5,4",worker_libero10_gpu54,libero_10|4|19|0|CLEAN,CLEAN,0,0,libero_10_t04_s19,136,/data/aviary/models/openvla/openvla-7b-finetuned-libero-10,400,/data/liuyu/outputs/cross_suite_clean_train300_s10_19_20260620/libero10_gpu54/libero_10_t04_s19,"5,4",/data/liuyu/outputs/cross_suite_clean_train300_s10_19_20260620/libero10_gpu54/libero_10_t04_s19,/data/liuyu/outputs/cross_suite_clean_train300_s10_19_20260620/queue_status_worker_libero10_gpu54.csv,COMPLETE,worker_libero10_gpu54,5,validation_pool,19,PLANNED,libero_10,4,False,libero_10
"5,4",worker_libero10_gpu54,libero_10|5|10|0|CLEAN,CLEAN,0,0,libero_10_t05_s10,-1,/data/aviary/models/openvla/openvla-7b-finetuned-libero-10,400,/data/liuyu/outputs/cross_suite_clean_train300_s10_19_20260620/libero10_gpu54/libero_10_t05_s10,"5,4",/data/liuyu/outputs/cross_suite_clean_train300_s10_19_20260620/libero10_gpu54/libero_10_t05_s10,/data/liuyu/outputs/cross_suite_clean_train300_s10_19_20260620/queue_status_worker_libero10_gpu54.csv,COMPLETE,worker_libero10_gpu54,5,train_pool,10,PLANNED,libero_10,5,False,libero_10
"5,4",worker_libero10_gpu54,libero_10|5|11|0|CLEAN,CLEAN,0,0,libero_10_t05_s11,-1,/data/aviary/models/openvla/openvla-7b-finetuned-libero-10,161,/data/liuyu/outputs/cross_suite_clean_train300_s10_19_20260620/libero10_gpu54/libero_10_t05_s11,"5,4",/data/liuyu/outputs/cross_suite_clean_train300_s10_19_20260620/libero10_gpu54/libero_10_t05_s11,/data/liuyu/outputs/cross_suite_clean_train300_s10_19_20260620/queue_status_worker_libero10_gpu54.csv,COMPLETE,worker_libero10_gpu54,5,train_pool,11,PLANNED,libero_10,5,True,libero_10
"5,4",worker_libero10_gpu54,libero_10|5|12|0|CLEAN,CLEAN,0,0,libero_10_t05_s12,-1,/data/aviary/models/openvla/openvla-7b-finetuned-libero-10,400,/data/liuyu/outputs/cross_suite_clean_train300_s10_19_20260620/libero10_gpu54/libero_10_t05_s12,"5,4",/data/liuyu/outputs/cross_suite_clean_train300_s10_19_20260620/libero10_gpu54/libero_10_t05_s12,/data/liuyu/outputs/cross_suite_clean_train300_s10_19_20260620/queue_status_worker_libero10_gpu54.csv,COMPLETE,worker_libero10_gpu54,5,train_pool,12,PLANNED,libero_10,5,False,libero_10
"5,4",worker_libero10_gpu54,libero_10|5|13|0|CLEAN,CLEAN,0,0,libero_10_t05_s13,-1,/data/aviary/models/openvla/openvla-7b-finetuned-libero-10,157,/data/liuyu/outputs/cross_suite_clean_train300_s10_19_20260620/libero10_gpu54/libero_10_t05_s13,"5,4",/data/liuyu/outputs/cross_suite_clean_train300_s10_19_20260620/libero10_gpu54/libero_10_t05_s13,/data/liuyu/outputs/cross_suite_clean_train300_s10_19_20260620/queue_status_worker_libero10_gpu54.csv,COMPLETE,worker_libero10_gpu54,5,train_pool,13,PLANNED,libero_10,5,True,libero_10
"5,4",worker_libero10_gpu54,libero_10|5|14|0|CLEAN,CLEAN,0,0,libero_10_t05_s14,-1,/data/aviary/models/openvla/openvla-7b-finetuned-libero-10,216,/data/liuyu/outputs/cross_suite_clean_train300_s10_19_20260620/libero10_gpu54/libero_10_t05_s14,"5,4",/data/liuyu/outputs/cross_suite_clean_train300_s10_19_20260620/libero10_gpu54/libero_10_t05_s14,/data/liuyu/outputs/cross_suite_clean_train300_s10_19_20260620/queue_status_worker_libero10_gpu54.csv,COMPLETE,worker_libero10_gpu54,5,train_pool,14,PLANNED,libero_10,5,True,libero_10
"5,4",worker_libero10_gpu54,libero_10|5|15|0|CLEAN,CLEAN,0,0,libero_10_t05_s15,-1,/data/aviary/models/openvla/openvla-7b-finetuned-libero-10,153,/data/liuyu/outputs/cross_suite_clean_train300_s10_19_20260620/libero10_gpu54/libero_10_t05_s15,"5,4",/data/liuyu/outputs/cross_suite_clean_train300_s10_19_20260620/libero10_gpu54/libero_10_t05_s15,/data/liuyu/outputs/cross_suite_clean_train300_s10_19_20260620/queue_status_worker_libero10_gpu54.csv,COMPLETE,worker_libero10_gpu54,5,train_pool,15,PLANNED,libero_10,5,True,libero_10
"5,4",worker_libero10_gpu54,libero_10|5|16|0|CLEAN,CLEAN,0,0,libero_10_t05_s16,-1,/data/aviary/models/openvla/openvla-7b-finetuned-libero-10,182,/data/liuyu/outputs/cross_suite_clean_train300_s10_19_20260620/libero10_gpu54/libero_10_t05_s16,"5,4",/data/liuyu/outputs/cross_suite_clean_train300_s10_19_20260620/libero10_gpu54/libero_10_t05_s16,/data/liuyu/outputs/cross_suite_clean_train300_s10_19_20260620/queue_status_worker_libero10_gpu54.csv,COMPLETE,worker_libero10_gpu54,5,train_pool,16,PLANNED,libero_10,5,True,libero_10
"5,4",worker_libero10_gpu54,libero_10|5|17|0|CLEAN,CLEAN,0,0,libero_10_t05_s17,-1,/data/aviary/models/openvla/openvla-7b-finetuned-libero-10,400,/data/liuyu/outputs/cross_suite_clean_train300_s10_19_20260620/libero10_gpu54/libero_10_t05_s17,"5,4",/data/liuyu/outputs/cross_suite_clean_train300_s10_19_20260620/libero10_gpu54/libero_10_t05_s17,/data/liuyu/outputs/cross_suite_clean_train300_s10_19_20260620/queue_status_worker_libero10_gpu54.csv,COMPLETE,worker_libero10_gpu54,5,train_pool,17,PLANNED,libero_10,5,False,libero_10
"5,4",worker_libero10_gpu54,libero_10|5|18|0|CLEAN,CLEAN,0,0,libero_10_t05_s18,-1,/data/aviary/models/openvla/openvla-7b-finetuned-libero-10,202,/data/liuyu/outputs/cross_suite_clean_train300_s10_19_20260620/libero10_gpu54/libero_10_t05_s18,"5,4",/data/liuyu/outputs/cross_suite_clean_train300_s10_19_20260620/libero10_gpu54/libero_10_t05_s18,/data/liuyu/outputs/cross_suite_clean_train300_s10_19_20260620/queue_status_worker_libero10_gpu54.csv,COMPLETE,worker_libero10_gpu54,5,validation_pool,18,PLANNED,libero_10,5,True,libero_10
"5,4",worker_libero10_gpu54,libero_10|5|19|0|CLEAN,CLEAN,0,0,libero_10_t05_s19,176,/data/aviary/models/openvla/openvla-7b-finetuned-libero-10,400,/data/liuyu/outputs/cross_suite_clean_train300_s10_19_20260620/libero10_gpu54/libero_10_t05_s19,"5,4",/data/liuyu/outputs/cross_suite_clean_train300_s10_19_20260620/libero10_gpu54/libero_10_t05_s19,/data/liuyu/outputs/cross_suite_clean_train300_s10_19_20260620/queue_status_worker_libero10_gpu54.csv,COMPLETE,worker_libero10_gpu54,5,validation_pool,19,PLANNED,libero_10,5,False,libero_10
"5,4",worker_libero10_gpu54,libero_10|6|10|0|CLEAN,CLEAN,0,0,libero_10_t06_s10,154,/data/aviary/models/openvla/openvla-7b-finetuned-libero-10,400,/data/liuyu/outputs/cross_suite_clean_train300_s10_19_20260620/libero10_gpu54/libero_10_t06_s10,"5,4",/data/liuyu/outputs/cross_suite_clean_train300_s10_19_20260620/libero10_gpu54/libero_10_t06_s10,/data/liuyu/outputs/cross_suite_clean_train300_s10_19_20260620/queue_status_worker_libero10_gpu54.csv,COMPLETE,worker_libero10_gpu54,5,train_pool,10,PLANNED,libero_10,6,False,libero_10
"5,4",worker_libero10_gpu54,libero_10|6|11|0|CLEAN,CLEAN,0,0,libero_10_t06_s11,157,/data/aviary/models/openvla/openvla-7b-finetuned-libero-10,400,/data/liuyu/outputs/cross_suite_clean_train300_s10_19_20260620/libero10_gpu54/libero_10_t06_s11,"5,4",/data/liuyu/outputs/cross_suite_clean_train300_s10_19_20260620/libero10_gpu54/libero_10_t06_s11,/data/liuyu/outputs/cross_suite_clean_train300_s10_19_20260620/queue_status_worker_libero10_gpu54.csv,COMPLETE,worker_libero10_gpu54,5,train_pool,11,PLANNED,libero_10,6,False,libero_10
"5,4",worker_libero10_gpu54,libero_10|6|12|0|CLEAN,CLEAN,0,0,libero_10_t06_s12,-1,/data/aviary/models/openvla/openvla-7b-finetuned-libero-10,400,/data/liuyu/outputs/cross_suite_clean_train300_s10_19_20260620/libero10_gpu54/libero_10_t06_s12,"5,4",/data/liuyu/outputs/cross_suite_clean_train300_s10_19_20260620/libero10_gpu54/libero_10_t06_s12,/data/liuyu/outputs/cross_suite_clean_train300_s10_19_20260620/queue_status_worker_libero10_gpu54.csv,COMPLETE,worker_libero10_gpu54,5,train_pool,12,PLANNED,libero_10,6,False,libero_10
"5,4",worker_libero10_gpu54,libero_10|6|13|0|CLEAN,CLEAN,0,0,libero_10_t06_s13,187,/data/aviary/models/openvla/openvla-7b-finetuned-libero-10,257,/data/liuyu/outputs/cross_suite_clean_train300_s10_19_20260620/libero10_gpu54/libero_10_t06_s13,"5,4",/data/liuyu/outputs/cross_suite_clean_train300_s10_19_20260620/libero10_gpu54/libero_10_t06_s13,/data/liuyu/outputs/cross_suite_clean_train300_s10_19_20260620/queue_status_worker_libero10_gpu54.csv,COMPLETE,worker_libero10_gpu54,5,train_pool,13,PLANNED,libero_10,6,True,libero_10
"5,4",worker_libero10_gpu54,libero_10|6|14|0|CLEAN,CLEAN,0,0,libero_10_t06_s14,-1,/data/aviary/models/openvla/openvla-7b-finetuned-libero-10,400,/data/liuyu/outputs/cross_suite_clean_train300_s10_19_20260620/libero10_gpu54/libero_10_t06_s14,"5,4",/data/liuyu/outputs/cross_suite_clean_train300_s10_19_20260620/libero10_gpu54/libero_10_t06_s14,/data/liuyu/outputs/cross_suite_clean_train300_s10_19_20260620/queue_status_worker_libero10_gpu54.csv,COMPLETE,worker_libero10_gpu54,5,train_pool,14,PLANNED,libero_10,6,False,libero_10
"5,4",worker_libero10_gpu54,libero_10|6|15|0|CLEAN,CLEAN,0,0,libero_10_t06_s15,152,/data/aviary/models/openvla/openvla-7b-finetuned-libero-10,220,/data/liuyu/outputs/cross_suite_clean_train300_s10_19_20260620/libero10_gpu54/libero_10_t06_s15,"5,4",/data/liuyu/outputs/cross_suite_clean_train300_s10_19_20260620/libero10_gpu54/libero_10_t06_s15,/data/liuyu/outputs/cross_suite_clean_train300_s10_19_20260620/queue_status_worker_libero10_gpu54.csv,COMPLETE,worker_libero10_gpu54,5,train_pool,15,PLANNED,libero_10,6,True,libero_10
"5,4",worker_libero10_gpu54,libero_10|6|16|0|CLEAN,CLEAN,0,0,libero_10_t06_s16,-1,/data/aviary/models/openvla/openvla-7b-finetuned-libero-10,400,/data/liuyu/outputs/cross_suite_clean_train300_s10_19_20260620/libero10_gpu54/libero_10_t06_s16,"5,4",/data/liuyu/outputs/cross_suite_clean_train300_s10_19_20260620/libero10_gpu54/libero_10_t06_s16,/data/liuyu/outputs/cross_suite_clean_train300_s10_19_20260620/queue_status_worker_libero10_gpu54.csv,COMPLETE,worker_libero10_gpu54,5,train_pool,16,PLANNED,libero_10,6,False,libero_10
"5,4",worker_libero10_gpu54,libero_10|6|17|0|CLEAN,CLEAN,0,0,libero_10_t06_s17,134,/data/aviary/models/openvla/openvla-7b-finetuned-libero-10,198,/data/liuyu/outputs/cross_suite_clean_train300_s10_19_20260620/libero10_gpu54/libero_10_t06_s17,"5,4",/data/liuyu/outputs/cross_suite_clean_train300_s10_19_20260620/libero10_gpu54/libero_10_t06_s17,/data/liuyu/outputs/cross_suite_clean_train300_s10_19_20260620/queue_status_worker_libero10_gpu54.csv,COMPLETE,worker_libero10_gpu54,5,train_pool,17,PLANNED,libero_10,6,True,libero_10
"5,4",worker_libero10_gpu54,libero_10|6|18|0|CLEAN,CLEAN,0,0,libero_10_t06_s18,152,/data/aviary/models/openvla/openvla-7b-finetuned-libero-10,400,/data/liuyu/outputs/cross_suite_clean_train300_s10_19_20260620/libero10_gpu54/libero_10_t06_s18,"5,4",/data/liuyu/outputs/cross_suite_clean_train300_s10_19_20260620/libero10_gpu54/libero_10_t06_s18,/data/liuyu/outputs/cross_suite_clean_train300_s10_19_20260620/queue_status_worker_libero10_gpu54.csv,COMPLETE,worker_libero10_gpu54,5,validation_pool,18,PLANNED,libero_10,6,False,libero_10
"5,4",worker_libero10_gpu54,libero_10|6|19|0|CLEAN,CLEAN,0,0,libero_10_t06_s19,158,/data/aviary/models/openvla/openvla-7b-finetuned-libero-10,245,/data/liuyu/outputs/cross_suite_clean_train300_s10_19_20260620/libero10_gpu54/libero_10_t06_s19,"5,4",/data/liuyu/outputs/cross_suite_clean_train300_s10_19_20260620/libero10_gpu54/libero_10_t06_s19,/data/liuyu/outputs/cross_suite_clean_train300_s10_19_20260620/queue_status_worker_libero10_gpu54.csv,COMPLETE,worker_libero10_gpu54,5,validation_pool,19,PLANNED,libero_10,6,True,libero_10
"5,4",worker_libero10_gpu54,libero_10|7|10|0|CLEAN,CLEAN,0,0,libero_10_t07_s10,95,/data/aviary/models/openvla/openvla-7b-finetuned-libero-10,394,/data/liuyu/outputs/cross_suite_clean_train300_s10_19_20260620/libero10_gpu54/libero_10_t07_s10,"5,4",/data/liuyu/outputs/cross_suite_clean_train300_s10_19_20260620/libero10_gpu54/libero_10_t07_s10,/data/liuyu/outputs/cross_suite_clean_train300_s10_19_20260620/queue_status_worker_libero10_gpu54.csv,COMPLETE,worker_libero10_gpu54,5,train_pool,10,PLANNED,libero_10,7,True,libero_10
"5,4",worker_libero10_gpu54,libero_10|7|11|0|CLEAN,CLEAN,0,0,libero_10_t07_s11,-1,/data/aviary/models/openvla/openvla-7b-finetuned-libero-10,400,/data/liuyu/outputs/cross_suite_clean_train300_s10_19_20260620/libero10_gpu54/libero_10_t07_s11,"5,4",/data/liuyu/outputs/cross_suite_clean_train300_s10_19_20260620/libero10_gpu54/libero_10_t07_s11,/data/liuyu/outputs/cross_suite_clean_train300_s10_19_20260620/queue_status_worker_libero10_gpu54.csv,COMPLETE,worker_libero10_gpu54,5,train_pool,11,PLANNED,libero_10,7,False,libero_10
"5,4",worker_libero10_gpu54,libero_10|7|12|0|CLEAN,CLEAN,0,0,libero_10_t07_s12,-1,/data/aviary/models/openvla/openvla-7b-finetuned-libero-10,400,/data/liuyu/outputs/cross_suite_clean_train300_s10_19_20260620/libero10_gpu54/libero_10_t07_s12,"5,4",/data/liuyu/outputs/cross_suite_clean_train300_s10_19_20260620/libero10_gpu54/libero_10_t07_s12,/data/liuyu/outputs/cross_suite_clean_train300_s10_19_20260620/queue_status_worker_libero10_gpu54.csv,COMPLETE,worker_libero10_gpu54,5,train_pool,12,PLANNED,libero_10,7,False,libero_10
"5,4",worker_libero10_gpu54,libero_10|7|13|0|CLEAN,CLEAN,0,0,libero_10_t07_s13,81,/data/aviary/models/openvla/openvla-7b-finetuned-libero-10,263,/data/liuyu/outputs/cross_suite_clean_train300_s10_19_20260620/libero10_gpu54/libero_10_t07_s13,"5,4",/data/liuyu/outputs/cross_suite_clean_train300_s10_19_20260620/libero10_gpu54/libero_10_t07_s13,/data/liuyu/outputs/cross_suite_clean_train300_s10_19_20260620/queue_status_worker_libero10_gpu54.csv,COMPLETE,worker_libero10_gpu54,5,train_pool,13,PLANNED,libero_10,7,True,libero_10
"5,4",worker_libero10_gpu54,libero_10|7|14|0|CLEAN,CLEAN,0,0,libero_10_t07_s14,90,/data/aviary/models/openvla/openvla-7b-finetuned-libero-10,400,/data/liuyu/outputs/cross_suite_clean_train300_s10_19_20260620/libero10_gpu54/libero_10_t07_s14,"5,4",/data/liuyu/outputs/cross_suite_clean_train300_s10_19_20260620/libero10_gpu54/libero_10_t07_s14,/data/liuyu/outputs/cross_suite_clean_train300_s10_19_20260620/queue_status_worker_libero10_gpu54.csv,COMPLETE,worker_libero10_gpu54,5,train_pool,14,PLANNED,libero_10,7,False,libero_10
"5,4",worker_libero10_gpu54,libero_10|7|15|0|CLEAN,CLEAN,0,0,libero_10_t07_s15,78,/data/aviary/models/openvla/openvla-7b-finetuned-libero-10,303,/data/liuyu/outputs/cross_suite_clean_train300_s10_19_20260620/libero10_gpu54/libero_10_t07_s15,"5,4",/data/liuyu/outputs/cross_suite_clean_train300_s10_19_20260620/libero10_gpu54/libero_10_t07_s15,/data/liuyu/outputs/cross_suite_clean_train300_s10_19_20260620/queue_status_worker_libero10_gpu54.csv,COMPLETE,worker_libero10_gpu54,5,train_pool,15,PLANNED,libero_10,7,True,libero_10
"5,4",worker_libero10_gpu54,libero_10|7|16|0|CLEAN,CLEAN,0,0,libero_10_t07_s16,89,/data/aviary/models/openvla/openvla-7b-finetuned-libero-10,400,/data/liuyu/outputs/cross_suite_clean_train300_s10_19_20260620/libero10_gpu54/libero_10_t07_s16,"5,4",/data/liuyu/outputs/cross_suite_clean_train300_s10_19_20260620/libero10_gpu54/libero_10_t07_s16,/data/liuyu/outputs/cross_suite_clean_train300_s10_19_20260620/queue_status_worker_libero10_gpu54.csv,COMPLETE,worker_libero10_gpu54,5,train_pool,16,PLANNED,libero_10,7,False,libero_10
"5,4",worker_libero10_gpu54,libero_10|7|17|0|CLEAN,CLEAN,0,0,libero_10_t07_s17,172,/data/aviary/models/openvla/openvla-7b-finetuned-libero-10,400,/data/liuyu/outputs/cross_suite_clean_train300_s10_19_20260620/libero10_gpu54/libero_10_t07_s17,"5,4",/data/liuyu/outputs/cross_suite_clean_train300_s10_19_20260620/libero10_gpu54/libero_10_t07_s17,/data/liuyu/outputs/cross_suite_clean_train300_s10_19_20260620/queue_status_worker_libero10_gpu54.csv,COMPLETE,worker_libero10_gpu54,5,train_pool,17,PLANNED,libero_10,7,False,libero_10
"5,4",worker_libero10_gpu54,libero_10|7|18|0|CLEAN,CLEAN,0,0,libero_10_t07_s18,100,/data/aviary/models/openvla/openvla-7b-finetuned-libero-10,273,/data/liuyu/outputs/cross_suite_clean_train300_s10_19_20260620/libero10_gpu54/libero_10_t07_s18,"5,4",/data/liuyu/outputs/cross_suite_clean_train300_s10_19_20260620/libero10_gpu54/libero_10_t07_s18,/data/liuyu/outputs/cross_suite_clean_train300_s10_19_20260620/queue_status_worker_libero10_gpu54.csv,COMPLETE,worker_libero10_gpu54,5,validation_pool,18,PLANNED,libero_10,7,True,libero_10
"5,4",worker_libero10_gpu54,libero_10|7|19|0|CLEAN,CLEAN,0,0,libero_10_t07_s19,123,/data/aviary/models/openvla/openvla-7b-finetuned-libero-10,400,/data/liuyu/outputs/cross_suite_clean_train300_s10_19_20260620/libero10_gpu54/libero_10_t07_s19,"5,4",/data/liuyu/outputs/cross_suite_clean_train300_s10_19_20260620/libero10_gpu54/libero_10_t07_s19,/data/liuyu/outputs/cross_suite_clean_train300_s10_19_20260620/queue_status_worker_libero10_gpu54.csv,COMPLETE,worker_libero10_gpu54,5,validation_pool,19,PLANNED,libero_10,7,False,libero_10
"5,4",worker_libero10_gpu54,libero_10|8|10|0|CLEAN,CLEAN,0,0,libero_10_t08_s10,241,/data/aviary/models/openvla/openvla-7b-finetuned-libero-10,400,/data/liuyu/outputs/cross_suite_clean_train300_s10_19_20260620/libero10_gpu54/libero_10_t08_s10,"5,4",/data/liuyu/outputs/cross_suite_clean_train300_s10_19_20260620/libero10_gpu54/libero_10_t08_s10,/data/liuyu/outputs/cross_suite_clean_train300_s10_19_20260620/queue_status_worker_libero10_gpu54.csv,COMPLETE,worker_libero10_gpu54,5,train_pool,10,PLANNED,libero_10,8,False,libero_10
"5,4",worker_libero10_gpu54,libero_10|8|11|0|CLEAN,CLEAN,0,0,libero_10_t08_s11,-1,/data/aviary/models/openvla/openvla-7b-finetuned-libero-10,372,/data/liuyu/outputs/cross_suite_clean_train300_s10_19_20260620/libero10_gpu54/libero_10_t08_s11,"5,4",/data/liuyu/outputs/cross_suite_clean_train300_s10_19_20260620/libero10_gpu54/libero_10_t08_s11,/data/liuyu/outputs/cross_suite_clean_train300_s10_19_20260620/queue_status_worker_libero10_gpu54.csv,COMPLETE,worker_libero10_gpu54,5,train_pool,11,PLANNED,libero_10,8,True,libero_10
"5,4",worker_libero10_gpu54,libero_10|8|12|0|CLEAN,CLEAN,0,0,libero_10_t08_s12,-1,/data/aviary/models/openvla/openvla-7b-finetuned-libero-10,400,/data/liuyu/outputs/cross_suite_clean_train300_s10_19_20260620/libero10_gpu54/libero_10_t08_s12,"5,4",/data/liuyu/outputs/cross_suite_clean_train300_s10_19_20260620/libero10_gpu54/libero_10_t08_s12,/data/liuyu/outputs/cross_suite_clean_train300_s10_19_20260620/queue_status_worker_libero10_gpu54.csv,COMPLETE,worker_libero10_gpu54,5,train_pool,12,PLANNED,libero_10,8,False,libero_10
"5,4",worker_libero10_gpu54,libero_10|8|13|0|CLEAN,CLEAN,0,0,libero_10_t08_s13,230,/data/aviary/models/openvla/openvla-7b-finetuned-libero-10,400,/data/liuyu/outputs/cross_suite_clean_train300_s10_19_20260620/libero10_gpu54/libero_10_t08_s13,"5,4",/data/liuyu/outputs/cross_suite_clean_train300_s10_19_20260620/libero10_gpu54/libero_10_t08_s13,/data/liuyu/outputs/cross_suite_clean_train300_s10_19_20260620/queue_status_worker_libero10_gpu54.csv,COMPLETE,worker_libero10_gpu54,5,train_pool,13,PLANNED,libero_10,8,False,libero_10
"5,4",worker_libero10_gpu54,libero_10|8|14|0|CLEAN,CLEAN,0,0,libero_10_t08_s14,-1,/data/aviary/models/openvla/openvla-7b-finetuned-libero-10,400,/data/liuyu/outputs/cross_suite_clean_train300_s10_19_20260620/libero10_gpu54/libero_10_t08_s14,"5,4",/data/liuyu/outputs/cross_suite_clean_train300_s10_19_20260620/libero10_gpu54/libero_10_t08_s14,/data/liuyu/outputs/cross_suite_clean_train300_s10_19_20260620/queue_status_worker_libero10_gpu54.csv,COMPLETE,worker_libero10_gpu54,5,train_pool,14,PLANNED,libero_10,8,False,libero_10
"5,4",worker_libero10_gpu54,libero_10|8|15|0|CLEAN,CLEAN,0,0,libero_10_t08_s15,-1,/data/aviary/models/openvla/openvla-7b-finetuned-libero-10,400,/data/liuyu/outputs/cross_suite_clean_train300_s10_19_20260620/libero10_gpu54/libero_10_t08_s15,"5,4",/data/liuyu/outputs/cross_suite_clean_train300_s10_19_20260620/libero10_gpu54/libero_10_t08_s15,/data/liuyu/outputs/cross_suite_clean_train300_s10_19_20260620/queue_status_worker_libero10_gpu54.csv,COMPLETE,worker_libero10_gpu54,5,train_pool,15,PLANNED,libero_10,8,False,libero_10
"5,4",worker_libero10_gpu54,libero_10|8|16|0|CLEAN,CLEAN,0,0,libero_10_t08_s16,-1,/data/aviary/models/openvla/openvla-7b-finetuned-libero-10,400,/data/liuyu/outputs/cross_suite_clean_train300_s10_19_20260620/libero10_gpu54/libero_10_t08_s16,"5,4",/data/liuyu/outputs/cross_suite_clean_train300_s10_19_20260620/libero10_gpu54/libero_10_t08_s16,/data/liuyu/outputs/cross_suite_clean_train300_s10_19_20260620/queue_status_worker_libero10_gpu54.csv,COMPLETE,worker_libero10_gpu54,5,train_pool,16,PLANNED,libero_10,8,False,libero_10
"5,4",worker_libero10_gpu54,libero_10|8|17|0|CLEAN,CLEAN,0,0,libero_10_t08_s17,-1,/data/aviary/models/openvla/openvla-7b-finetuned-libero-10,400,/data/liuyu/outputs/cross_suite_clean_train300_s10_19_20260620/libero10_gpu54/libero_10_t08_s17,"5,4",/data/liuyu/outputs/cross_suite_clean_train300_s10_19_20260620/libero10_gpu54/libero_10_t08_s17,/data/liuyu/outputs/cross_suite_clean_train300_s10_19_20260620/queue_status_worker_libero10_gpu54.csv,COMPLETE,worker_libero10_gpu54,5,train_pool,17,PLANNED,libero_10,8,False,libero_10
"5,4",worker_libero10_gpu54,libero_10|8|18|0|CLEAN,CLEAN,0,0,libero_10_t08_s18,-1,/data/aviary/models/openvla/openvla-7b-finetuned-libero-10,400,/data/liuyu/outputs/cross_suite_clean_train300_s10_19_20260620/libero10_gpu54/libero_10_t08_s18,"5,4",/data/liuyu/outputs/cross_suite_clean_train300_s10_19_20260620/libero10_gpu54/libero_10_t08_s18,/data/liuyu/outputs/cross_suite_clean_train300_s10_19_20260620/queue_status_worker_libero10_gpu54.csv,COMPLETE,worker_libero10_gpu54,5,validation_pool,18,PLANNED,libero_10,8,False,libero_10
"5,4",worker_libero10_gpu54,libero_10|8|19|0|CLEAN,CLEAN,0,0,libero_10_t08_s19,-1,/data/aviary/models/openvla/openvla-7b-finetuned-libero-10,400,/data/liuyu/outputs/cross_suite_clean_train300_s10_19_20260620/libero10_gpu54/libero_10_t08_s19,"5,4",/data/liuyu/outputs/cross_suite_clean_train300_s10_19_20260620/libero10_gpu54/libero_10_t08_s19,/data/liuyu/outputs/cross_suite_clean_train300_s10_19_20260620/queue_status_worker_libero10_gpu54.csv,COMPLETE,worker_libero10_gpu54,5,validation_pool,19,PLANNED,libero_10,8,False,libero_10
"5,4",worker_libero10_gpu54,libero_10|9|10|0|CLEAN,CLEAN,0,0,libero_10_t09_s10,-1,/data/aviary/models/openvla/openvla-7b-finetuned-libero-10,259,/data/liuyu/outputs/cross_suite_clean_train300_s10_19_20260620/libero10_gpu54/libero_10_t09_s10,"5,4",/data/liuyu/outputs/cross_suite_clean_train300_s10_19_20260620/libero10_gpu54/libero_10_t09_s10,/data/liuyu/outputs/cross_suite_clean_train300_s10_19_20260620/queue_status_worker_libero10_gpu54.csv,COMPLETE,worker_libero10_gpu54,5,train_pool,10,PLANNED,libero_10,9,True,libero_10
"5,4",worker_libero10_gpu54,libero_10|9|11|0|CLEAN,CLEAN,0,0,libero_10_t09_s11,-1,/data/aviary/models/openvla/openvla-7b-finetuned-libero-10,286,/data/liuyu/outputs/cross_suite_clean_train300_s10_19_20260620/libero10_gpu54/libero_10_t09_s11,"5,4",/data/liuyu/outputs/cross_suite_clean_train300_s10_19_20260620/libero10_gpu54/libero_10_t09_s11,/data/liuyu/outputs/cross_suite_clean_train300_s10_19_20260620/queue_status_worker_libero10_gpu54.csv,COMPLETE,worker_libero10_gpu54,5,train_pool,11,PLANNED,libero_10,9,True,libero_10
"5,4",worker_libero10_gpu54,libero_10|9|12|0|CLEAN,CLEAN,0,0,libero_10_t09_s12,-1,/data/aviary/models/openvla/openvla-7b-finetuned-libero-10,278,/data/liuyu/outputs/cross_suite_clean_train300_s10_19_20260620/libero10_gpu54/libero_10_t09_s12,"5,4",/data/liuyu/outputs/cross_suite_clean_train300_s10_19_20260620/libero10_gpu54/libero_10_t09_s12,/data/liuyu/outputs/cross_suite_clean_train300_s10_19_20260620/queue_status_worker_libero10_gpu54.csv,COMPLETE,worker_libero10_gpu54,5,train_pool,12,PLANNED,libero_10,9,True,libero_10
"5,4",worker_libero10_gpu54,libero_10|9|13|0|CLEAN,CLEAN,0,0,libero_10_t09_s13,-1,/data/aviary/models/openvla/openvla-7b-finetuned-libero-10,400,/data/liuyu/outputs/cross_suite_clean_train300_s10_19_20260620/libero10_gpu54/libero_10_t09_s13,"5,4",/data/liuyu/outputs/cross_suite_clean_train300_s10_19_20260620/libero10_gpu54/libero_10_t09_s13,/data/liuyu/outputs/cross_suite_clean_train300_s10_19_20260620/queue_status_worker_libero10_gpu54.csv,COMPLETE,worker_libero10_gpu54,5,train_pool,13,PLANNED,libero_10,9,False,libero_10
"5,4",worker_libero10_gpu54,libero_10|9|14|0|CLEAN,CLEAN,0,0,libero_10_t09_s14,-1,/data/aviary/models/openvla/openvla-7b-finetuned-libero-10,380,/data/liuyu/outputs/cross_suite_clean_train300_s10_19_20260620/libero10_gpu54/libero_10_t09_s14,"5,4",/data/liuyu/outputs/cross_suite_clean_train300_s10_19_20260620/libero10_gpu54/libero_10_t09_s14,/data/liuyu/outputs/cross_suite_clean_train300_s10_19_20260620/queue_status_worker_libero10_gpu54.csv,COMPLETE,worker_libero10_gpu54,5,train_pool,14,PLANNED,libero_10,9,True,libero_10
"5,4",worker_libero10_gpu54,libero_10|9|15|0|CLEAN,CLEAN,0,0,libero_10_t09_s15,-1,/data/aviary/models/openvla/openvla-7b-finetuned-libero-10,400,/data/liuyu/outputs/cross_suite_clean_train300_s10_19_20260620/libero10_gpu54/libero_10_t09_s15,"5,4",/data/liuyu/outputs/cross_suite_clean_train300_s10_19_20260620/libero10_gpu54/libero_10_t09_s15,/data/liuyu/outputs/cross_suite_clean_train300_s10_19_20260620/queue_status_worker_libero10_gpu54.csv,COMPLETE,worker_libero10_gpu54,5,train_pool,15,PLANNED,libero_10,9,False,libero_10
"5,4",worker_libero10_gpu54,libero_10|9|16|0|CLEAN,CLEAN,0,0,libero_10_t09_s16,-1,/data/aviary/models/openvla/openvla-7b-finetuned-libero-10,400,/data/liuyu/outputs/cross_suite_clean_train300_s10_19_20260620/libero10_gpu54/libero_10_t09_s16,"5,4",/data/liuyu/outputs/cross_suite_clean_train300_s10_19_20260620/libero10_gpu54/libero_10_t09_s16,/data/liuyu/outputs/cross_suite_clean_train300_s10_19_20260620/queue_status_worker_libero10_gpu54.csv,COMPLETE,worker_libero10_gpu54,5,train_pool,16,PLANNED,libero_10,9,False,libero_10
"5,4",worker_libero10_gpu54,libero_10|9|17|0|CLEAN,CLEAN,0,0,libero_10_t09_s17,-1,/data/aviary/models/openvla/openvla-7b-finetuned-libero-10,400,/data/liuyu/outputs/cross_suite_clean_train300_s10_19_20260620/libero10_gpu54/libero_10_t09_s17,"5,4",/data/liuyu/outputs/cross_suite_clean_train300_s10_19_20260620/libero10_gpu54/libero_10_t09_s17,/data/liuyu/outputs/cross_suite_clean_train300_s10_19_20260620/queue_status_worker_libero10_gpu54.csv,COMPLETE,worker_libero10_gpu54,5,train_pool,17,PLANNED,libero_10,9,False,libero_10
"5,4",worker_libero10_gpu54,libero_10|9|18|0|CLEAN,CLEAN,0,0,libero_10_t09_s18,-1,/data/aviary/models/openvla/openvla-7b-finetuned-libero-10,400,/data/liuyu/outputs/cross_suite_clean_train300_s10_19_20260620/libero10_gpu54/libero_10_t09_s18,"5,4",/data/liuyu/outputs/cross_suite_clean_train300_s10_19_20260620/libero10_gpu54/libero_10_t09_s18,/data/liuyu/outputs/cross_suite_clean_train300_s10_19_20260620/queue_status_worker_libero10_gpu54.csv,COMPLETE,worker_libero10_gpu54,5,validation_pool,18,PLANNED,libero_10,9,False,libero_10
"5,4",worker_libero10_gpu54,libero_10|9|19|0|CLEAN,CLEAN,0,0,libero_10_t09_s19,-1,/data/aviary/models/openvla/openvla-7b-finetuned-libero-10,400,/data/liuyu/outputs/cross_suite_clean_train300_s10_19_20260620/libero10_gpu54/libero_10_t09_s19,"5,4",/data/liuyu/outputs/cross_suite_clean_train300_s10_19_20260620/libero10_gpu54/libero_10_t09_s19,/data/liuyu/outputs/cross_suite_clean_train300_s10_19_20260620/queue_status_worker_libero10_gpu54.csv,COMPLETE,worker_libero10_gpu54,5,validation_pool,19,PLANNED,libero_10,9,False,libero_10
"2,6",worker_goal_gpu26,libero_goal|0|10|0|CLEAN,CLEAN,0,0,libero_goal_t00_s10,-1,/data/aviary/models/openvla/openvla-7b-finetuned-libero-goal,257,/data/liuyu/outputs/cross_suite_clean_train300_s10_19_20260620/goal_gpu26/libero_goal_t00_s10,"2,6",/data/liuyu/outputs/cross_suite_clean_train300_s10_19_20260620/goal_gpu26/libero_goal_t00_s10,/data/liuyu/outputs/cross_suite_clean_train300_s10_19_20260620/queue_status_worker_goal_gpu26.csv,COMPLETE,worker_goal_gpu26,6,train_pool,10,PLANNED,libero_goal,0,True,libero_goal
"2,6",worker_goal_gpu26,libero_goal|0|11|0|CLEAN,CLEAN,0,0,libero_goal_t00_s11,-1,/data/aviary/models/openvla/openvla-7b-finetuned-libero-goal,400,/data/liuyu/outputs/cross_suite_clean_train300_s10_19_20260620/goal_gpu26/libero_goal_t00_s11,"2,6",/data/liuyu/outputs/cross_suite_clean_train300_s10_19_20260620/goal_gpu26/libero_goal_t00_s11,/data/liuyu/outputs/cross_suite_clean_train300_s10_19_20260620/queue_status_worker_goal_gpu26.csv,COMPLETE,worker_goal_gpu26,6,train_pool,11,PLANNED,libero_goal,0,False,libero_goal
"2,6",worker_goal_gpu26,libero_goal|0|12|0|CLEAN,CLEAN,0,0,libero_goal_t00_s12,-1,/data/aviary/models/openvla/openvla-7b-finetuned-libero-goal,400,/data/liuyu/outputs/cross_suite_clean_train300_s10_19_20260620/goal_gpu26/libero_goal_t00_s12,"2,6",/data/liuyu/outputs/cross_suite_clean_train300_s10_19_20260620/goal_gpu26/libero_goal_t00_s12,/data/liuyu/outputs/cross_suite_clean_train300_s10_19_20260620/queue_status_worker_goal_gpu26.csv,COMPLETE,worker_goal_gpu26,6,train_pool,12,PLANNED,libero_goal,0,False,libero_goal
"2,6",worker_goal_gpu26,libero_goal|0|13|0|CLEAN,CLEAN,0,0,libero_goal_t00_s13,-1,/data/aviary/models/openvla/openvla-7b-finetuned-libero-goal,400,/data/liuyu/outputs/cross_suite_clean_train300_s10_19_20260620/goal_gpu26/libero_goal_t00_s13,"2,6",/data/liuyu/outputs/cross_suite_clean_train300_s10_19_20260620/goal_gpu26/libero_goal_t00_s13,/data/liuyu/outputs/cross_suite_clean_train300_s10_19_20260620/queue_status_worker_goal_gpu26.csv,COMPLETE,worker_goal_gpu26,6,train_pool,13,PLANNED,libero_goal,0,False,libero_goal
"2,6",worker_goal_gpu26,libero_goal|0|14|0|CLEAN,CLEAN,0,0,libero_goal_t00_s14,-1,/data/aviary/models/openvla/openvla-7b-finetuned-libero-goal,212,/data/liuyu/outputs/cross_suite_clean_train300_s10_19_20260620/goal_gpu26/libero_goal_t00_s14,"2,6",/data/liuyu/outputs/cross_suite_clean_train300_s10_19_20260620/goal_gpu26/libero_goal_t00_s14,/data/liuyu/outputs/cross_suite_clean_train300_s10_19_20260620/queue_status_worker_goal_gpu26.csv,COMPLETE,worker_goal_gpu26,6,train_pool,14,PLANNED,libero_goal,0,True,libero_goal
"2,6",worker_goal_gpu26,libero_goal|0|15|0|CLEAN,CLEAN,0,0,libero_goal_t00_s15,-1,/data/aviary/models/openvla/openvla-7b-finetuned-libero-goal,233,/data/liuyu/outputs/cross_suite_clean_train300_s10_19_20260620/goal_gpu26/libero_goal_t00_s15,"2,6",/data/liuyu/outputs/cross_suite_clean_train300_s10_19_20260620/goal_gpu26/libero_goal_t00_s15,/data/liuyu/outputs/cross_suite_clean_train300_s10_19_20260620/queue_status_worker_goal_gpu26.csv,COMPLETE,worker_goal_gpu26,6,train_pool,15,PLANNED,libero_goal,0,True,libero_goal
"2,6",worker_goal_gpu26,libero_goal|0|16|0|CLEAN,CLEAN,0,0,libero_goal_t00_s16,-1,/data/aviary/models/openvla/openvla-7b-finetuned-libero-goal,132,/data/liuyu/outputs/cross_suite_clean_train300_s10_19_20260620/goal_gpu26/libero_goal_t00_s16,"2,6",/data/liuyu/outputs/cross_suite_clean_train300_s10_19_20260620/goal_gpu26/libero_goal_t00_s16,/data/liuyu/outputs/cross_suite_clean_train300_s10_19_20260620/queue_status_worker_goal_gpu26.csv,COMPLETE,worker_goal_gpu26,6,train_pool,16,PLANNED,libero_goal,0,True,libero_goal
"2,6",worker_goal_gpu26,libero_goal|0|17|0|CLEAN,CLEAN,0,0,libero_goal_t00_s17,-1,/data/aviary/models/openvla/openvla-7b-finetuned-libero-goal,193,/data/liuyu/outputs/cross_suite_clean_train300_s10_19_20260620/goal_gpu26/libero_goal_t00_s17,"2,6",/data/liuyu/outputs/cross_suite_clean_train300_s10_19_20260620/goal_gpu26/libero_goal_t00_s17,/data/liuyu/outputs/cross_suite_clean_train300_s10_19_20260620/queue_status_worker_goal_gpu26.csv,COMPLETE,worker_goal_gpu26,6,train_pool,17,PLANNED,libero_goal,0,True,libero_goal
"2,6",worker_goal_gpu26,libero_goal|0|18|0|CLEAN,CLEAN,0,0,libero_goal_t00_s18,-1,/data/aviary/models/openvla/openvla-7b-finetuned-libero-goal,133,/data/liuyu/outputs/cross_suite_clean_train300_s10_19_20260620/goal_gpu26/libero_goal_t00_s18,"2,6",/data/liuyu/outputs/cross_suite_clean_train300_s10_19_20260620/goal_gpu26/libero_goal_t00_s18,/data/liuyu/outputs/cross_suite_clean_train300_s10_19_20260620/queue_status_worker_goal_gpu26.csv,COMPLETE,worker_goal_gpu26,6,validation_pool,18,PLANNED,libero_goal,0,True,libero_goal
"2,6",worker_goal_gpu26,libero_goal|0|19|0|CLEAN,CLEAN,0,0,libero_goal_t00_s19,-1,/data/aviary/models/openvla/openvla-7b-finetuned-libero-goal,126,/data/liuyu/outputs/cross_suite_clean_train300_s10_19_20260620/goal_gpu26/libero_goal_t00_s19,"2,6",/data/liuyu/outputs/cross_suite_clean_train300_s10_19_20260620/goal_gpu26/libero_goal_t00_s19,/data/liuyu/outputs/cross_suite_clean_train300_s10_19_20260620/queue_status_worker_goal_gpu26.csv,COMPLETE,worker_goal_gpu26,6,validation_pool,19,PLANNED,libero_goal,0,True,libero_goal
"2,6",worker_goal_gpu26,libero_goal|1|10|0|CLEAN,CLEAN,0,0,libero_goal_t01_s10,-1,/data/aviary/models/openvla/openvla-7b-finetuned-libero-goal,82,/data/liuyu/outputs/cross_suite_clean_train300_s10_19_20260620/goal_gpu26/libero_goal_t01_s10,"2,6",/data/liuyu/outputs/cross_suite_clean_train300_s10_19_20260620/goal_gpu26/libero_goal_t01_s10,/data/liuyu/outputs/cross_suite_clean_train300_s10_19_20260620/queue_status_worker_goal_gpu26.csv,COMPLETE,worker_goal_gpu26,6,train_pool,10,PLANNED,libero_goal,1,True,libero_goal
"2,6",worker_goal_gpu26,libero_goal|1|11|0|CLEAN,CLEAN,0,0,libero_goal_t01_s11,-1,/data/aviary/models/openvla/openvla-7b-finetuned-libero-goal,213,/data/liuyu/outputs/cross_suite_clean_train300_s10_19_20260620/goal_gpu26/libero_goal_t01_s11,"1,3",/data/liuyu/outputs/cross_suite_clean_train300_s10_19_20260620/goal_t01_s11_infra_retry_v1_gpu13_20260620/libero_goal_t01_s11,/data/liuyu/outputs/cross_suite_clean_train300_s10_19_20260620/queue_status_worker_goal_t01_s11_infra_retry_v1_gpu13.csv,COMPLETE,worker_goal_t01_s11_infra_retry_v1_gpu13,6,train_pool,11,PLANNED,libero_goal,1,True,libero_goal
"2,6",worker_goal_gpu26,libero_goal|1|12|0|CLEAN,CLEAN,0,0,libero_goal_t01_s12,-1,/data/aviary/models/openvla/openvla-7b-finetuned-libero-goal,400,/data/liuyu/outputs/cross_suite_clean_train300_s10_19_20260620/goal_gpu26/libero_goal_t01_s12,"1,3",/data/liuyu/outputs/cross_suite_clean_train300_s10_19_20260620/goal_recovery_A_gpu13/libero_goal_t01_s12,/data/liuyu/outputs/cross_suite_clean_train300_s10_19_20260620/queue_status_worker_goal_recovery_A_gpu13_attempt2.csv,COMPLETE,worker_goal_recovery_A_gpu13,6,train_pool,12,PLANNED,libero_goal,1,False,libero_goal
"2,6",worker_goal_gpu26,libero_goal|1|13|0|CLEAN,CLEAN,0,0,libero_goal_t01_s13,-1,/data/aviary/models/openvla/openvla-7b-finetuned-libero-goal,72,/data/liuyu/outputs/cross_suite_clean_train300_s10_19_20260620/goal_gpu26/libero_goal_t01_s13,"5,4",/data/liuyu/outputs/cross_suite_clean_train300_s10_19_20260620/goal_recovery_B_gpu54/libero_goal_t01_s13,/data/liuyu/outputs/cross_suite_clean_train300_s10_19_20260620/queue_status_worker_goal_recovery_B_gpu54.csv,COMPLETE,worker_goal_recovery_B_gpu54,6,train_pool,13,PLANNED,libero_goal,1,True,libero_goal
"2,6",worker_goal_gpu26,libero_goal|1|14|0|CLEAN,CLEAN,0,0,libero_goal_t01_s14,-1,/data/aviary/models/openvla/openvla-7b-finetuned-libero-goal,84,/data/liuyu/outputs/cross_suite_clean_train300_s10_19_20260620/goal_gpu26/libero_goal_t01_s14,"1,3",/data/liuyu/outputs/cross_suite_clean_train300_s10_19_20260620/goal_recovery_A_gpu13/libero_goal_t01_s14,/data/liuyu/outputs/cross_suite_clean_train300_s10_19_20260620/queue_status_worker_goal_recovery_A_gpu13_attempt2.csv,COMPLETE,worker_goal_recovery_A_gpu13,6,train_pool,14,PLANNED,libero_goal,1,True,libero_goal
"2,6",worker_goal_gpu26,libero_goal|1|15|0|CLEAN,CLEAN,0,0,libero_goal_t01_s15,-1,/data/aviary/models/openvla/openvla-7b-finetuned-libero-goal,109,/data/liuyu/outputs/cross_suite_clean_train300_s10_19_20260620/goal_gpu26/libero_goal_t01_s15,"5,4",/data/liuyu/outputs/cross_suite_clean_train300_s10_19_20260620/goal_recovery_B_gpu54/libero_goal_t01_s15,/data/liuyu/outputs/cross_suite_clean_train300_s10_19_20260620/queue_status_worker_goal_recovery_B_gpu54.csv,COMPLETE,worker_goal_recovery_B_gpu54,6,train_pool,15,PLANNED,libero_goal,1,True,libero_goal
"2,6",worker_goal_gpu26,libero_goal|1|16|0|CLEAN,CLEAN,0,0,libero_goal_t01_s16,-1,/data/aviary/models/openvla/openvla-7b-finetuned-libero-goal,79,/data/liuyu/outputs/cross_suite_clean_train300_s10_19_20260620/goal_gpu26/libero_goal_t01_s16,"1,3",/data/liuyu/outputs/cross_suite_clean_train300_s10_19_20260620/goal_recovery_A_gpu13/libero_goal_t01_s16,/data/liuyu/outputs/cross_suite_clean_train300_s10_19_20260620/queue_status_worker_goal_recovery_A_gpu13_attempt2.csv,COMPLETE,worker_goal_recovery_A_gpu13,6,train_pool,16,PLANNED,libero_goal,1,True,libero_goal
"2,6",worker_goal_gpu26,libero_goal|1|17|0|CLEAN,CLEAN,0,0,libero_goal_t01_s17,-1,/data/aviary/models/openvla/openvla-7b-finetuned-libero-goal,94,/data/liuyu/outputs/cross_suite_clean_train300_s10_19_20260620/goal_gpu26/libero_goal_t01_s17,"5,4",/data/liuyu/outputs/cross_suite_clean_train300_s10_19_20260620/goal_recovery_B_gpu54/libero_goal_t01_s17,/data/liuyu/outputs/cross_suite_clean_train300_s10_19_20260620/queue_status_worker_goal_recovery_B_gpu54.csv,COMPLETE,worker_goal_recovery_B_gpu54,6,train_pool,17,PLANNED,libero_goal,1,True,libero_goal
"2,6",worker_goal_gpu26,libero_goal|1|18|0|CLEAN,CLEAN,0,0,libero_goal_t01_s18,-1,/data/aviary/models/openvla/openvla-7b-finetuned-libero-goal,91,/data/liuyu/outputs/cross_suite_clean_train300_s10_19_20260620/goal_gpu26/libero_goal_t01_s18,"1,3",/data/liuyu/outputs/cross_suite_clean_train300_s10_19_20260620/goal_recovery_A_gpu13/libero_goal_t01_s18,/data/liuyu/outputs/cross_suite_clean_train300_s10_19_20260620/queue_status_worker_goal_recovery_A_gpu13_attempt2.csv,COMPLETE,worker_goal_recovery_A_gpu13,6,validation_pool,18,PLANNED,libero_goal,1,True,libero_goal
"2,6",worker_goal_gpu26,libero_goal|1|19|0|CLEAN,CLEAN,0,0,libero_goal_t01_s19,-1,/data/aviary/models/openvla/openvla-7b-finetuned-libero-goal,81,/data/liuyu/outputs/cross_suite_clean_train300_s10_19_20260620/goal_gpu26/libero_goal_t01_s19,"5,4",/data/liuyu/outputs/cross_suite_clean_train300_s10_19_20260620/goal_recovery_B_gpu54/libero_goal_t01_s19,/data/liuyu/outputs/cross_suite_clean_train300_s10_19_20260620/queue_status_worker_goal_recovery_B_gpu54.csv,COMPLETE,worker_goal_recovery_B_gpu54,6,validation_pool,19,PLANNED,libero_goal,1,True,libero_goal
"2,6",worker_goal_gpu26,libero_goal|2|10|0|CLEAN,CLEAN,0,0,libero_goal_t02_s10,-1,/data/aviary/models/openvla/openvla-7b-finetuned-libero-goal,78,/data/liuyu/outputs/cross_suite_clean_train300_s10_19_20260620/goal_gpu26/libero_goal_t02_s10,"1,3",/data/liuyu/outputs/cross_suite_clean_train300_s10_19_20260620/goal_recovery_A_gpu13/libero_goal_t02_s10,/data/liuyu/outputs/cross_suite_clean_train300_s10_19_20260620/queue_status_worker_goal_recovery_A_gpu13_attempt2.csv,COMPLETE,worker_goal_recovery_A_gpu13,6,train_pool,10,PLANNED,libero_goal,2,True,libero_goal
"2,6",worker_goal_gpu26,libero_goal|2|11|0|CLEAN,CLEAN,0,0,libero_goal_t02_s11,-1,/data/aviary/models/openvla/openvla-7b-finetuned-libero-goal,79,/data/liuyu/outputs/cross_suite_clean_train300_s10_19_20260620/goal_gpu26/libero_goal_t02_s11,"5,4",/data/liuyu/outputs/cross_suite_clean_train300_s10_19_20260620/goal_recovery_B_gpu54/libero_goal_t02_s11,/data/liuyu/outputs/cross_suite_clean_train300_s10_19_20260620/queue_status_worker_goal_recovery_B_gpu54.csv,COMPLETE,worker_goal_recovery_B_gpu54,6,train_pool,11,PLANNED,libero_goal,2,True,libero_goal
"2,6",worker_goal_gpu26,libero_goal|2|12|0|CLEAN,CLEAN,0,0,libero_goal_t02_s12,-1,/data/aviary/models/openvla/openvla-7b-finetuned-libero-goal,90,/data/liuyu/outputs/cross_suite_clean_train300_s10_19_20260620/goal_gpu26/libero_goal_t02_s12,"1,3",/data/liuyu/outputs/cross_suite_clean_train300_s10_19_20260620/goal_recovery_A_gpu13/libero_goal_t02_s12,/data/liuyu/outputs/cross_suite_clean_train300_s10_19_20260620/queue_status_worker_goal_recovery_A_gpu13_attempt2.csv,COMPLETE,worker_goal_recovery_A_gpu13,6,train_pool,12,PLANNED,libero_goal,2,True,libero_goal
"2,6",worker_goal_gpu26,libero_goal|2|13|0|CLEAN,CLEAN,0,0,libero_goal_t02_s13,-1,/data/aviary/models/openvla/openvla-7b-finetuned-libero-goal,127,/data/liuyu/outputs/cross_suite_clean_train300_s10_19_20260620/goal_gpu26/libero_goal_t02_s13,"5,4",/data/liuyu/outputs/cross_suite_clean_train300_s10_19_20260620/goal_recovery_B_gpu54/libero_goal_t02_s13,/data/liuyu/outputs/cross_suite_clean_train300_s10_19_20260620/queue_status_worker_goal_recovery_B_gpu54.csv,COMPLETE,worker_goal_recovery_B_gpu54,6,train_pool,13,PLANNED,libero_goal,2,True,libero_goal
"2,6",worker_goal_gpu26,libero_goal|2|14|0|CLEAN,CLEAN,0,0,libero_goal_t02_s14,-1,/data/aviary/models/openvla/openvla-7b-finetuned-libero-goal,87,/data/liuyu/outputs/cross_suite_clean_train300_s10_19_20260620/goal_gpu26/libero_goal_t02_s14,"1,3",/data/liuyu/outputs/cross_suite_clean_train300_s10_19_20260620/goal_recovery_A_gpu13/libero_goal_t02_s14,/data/liuyu/outputs/cross_suite_clean_train300_s10_19_20260620/queue_status_worker_goal_recovery_A_gpu13_attempt2.csv,COMPLETE,worker_goal_recovery_A_gpu13,6,train_pool,14,PLANNED,libero_goal,2,True,libero_goal
"2,6",worker_goal_gpu26,libero_goal|2|15|0|CLEAN,CLEAN,0,0,libero_goal_t02_s15,-1,/data/aviary/models/openvla/openvla-7b-finetuned-libero-goal,129,/data/liuyu/outputs/cross_suite_clean_train300_s10_19_20260620/goal_gpu26/libero_goal_t02_s15,"5,4",/data/liuyu/outputs/cross_suite_clean_train300_s10_19_20260620/goal_recovery_B_gpu54/libero_goal_t02_s15,/data/liuyu/outputs/cross_suite_clean_train300_s10_19_20260620/queue_status_worker_goal_recovery_B_gpu54.csv,COMPLETE,worker_goal_recovery_B_gpu54,6,train_pool,15,PLANNED,libero_goal,2,True,libero_goal
"2,6",worker_goal_gpu26,libero_goal|2|16|0|CLEAN,CLEAN,0,0,libero_goal_t02_s16,-1,/data/aviary/models/openvla/openvla-7b-finetuned-libero-goal,109,/data/liuyu/outputs/cross_suite_clean_train300_s10_19_20260620/goal_gpu26/libero_goal_t02_s16,"1,3",/data/liuyu/outputs/cross_suite_clean_train300_s10_19_20260620/goal_recovery_A_gpu13/libero_goal_t02_s16,/data/liuyu/outputs/cross_suite_clean_train300_s10_19_20260620/queue_status_worker_goal_recovery_A_gpu13_attempt2.csv,COMPLETE,worker_goal_recovery_A_gpu13,6,train_pool,16,PLANNED,libero_goal,2,True,libero_goal
"2,6",worker_goal_gpu26,libero_goal|2|17|0|CLEAN,CLEAN,0,0,libero_goal_t02_s17,-1,/data/aviary/models/openvla/openvla-7b-finetuned-libero-goal,400,/data/liuyu/outputs/cross_suite_clean_train300_s10_19_20260620/goal_gpu26/libero_goal_t02_s17,"5,4",/data/liuyu/outputs/cross_suite_clean_train300_s10_19_20260620/goal_recovery_B_gpu54/libero_goal_t02_s17,/data/liuyu/outputs/cross_suite_clean_train300_s10_19_20260620/queue_status_worker_goal_recovery_B_gpu54.csv,COMPLETE,worker_goal_recovery_B_gpu54,6,train_pool,17,PLANNED,libero_goal,2,False,libero_goal
"2,6",worker_goal_gpu26,libero_goal|2|18|0|CLEAN,CLEAN,0,0,libero_goal_t02_s18,-1,/data/aviary/models/openvla/openvla-7b-finetuned-libero-goal,115,/data/liuyu/outputs/cross_suite_clean_train300_s10_19_20260620/goal_gpu26/libero_goal_t02_s18,"1,3",/data/liuyu/outputs/cross_suite_clean_train300_s10_19_20260620/goal_recovery_A_gpu13/libero_goal_t02_s18,/data/liuyu/outputs/cross_suite_clean_train300_s10_19_20260620/queue_status_worker_goal_recovery_A_gpu13_attempt2.csv,COMPLETE,worker_goal_recovery_A_gpu13,6,validation_pool,18,PLANNED,libero_goal,2,True,libero_goal
"2,6",worker_goal_gpu26,libero_goal|2|19|0|CLEAN,CLEAN,0,0,libero_goal_t02_s19,-1,/data/aviary/models/openvla/openvla-7b-finetuned-libero-goal,93,/data/liuyu/outputs/cross_suite_clean_train300_s10_19_20260620/goal_gpu26/libero_goal_t02_s19,"5,4",/data/liuyu/outputs/cross_suite_clean_train300_s10_19_20260620/goal_recovery_B_gpu54/libero_goal_t02_s19,/data/liuyu/outputs/cross_suite_clean_train300_s10_19_20260620/queue_status_worker_goal_recovery_B_gpu54.csv,COMPLETE,worker_goal_recovery_B_gpu54,6,validation_pool,19,PLANNED,libero_goal,2,True,libero_goal
"2,6",worker_goal_gpu26,libero_goal|3|10|0|CLEAN,CLEAN,0,0,libero_goal_t03_s10,-1,/data/aviary/models/openvla/openvla-7b-finetuned-libero-goal,150,/data/liuyu/outputs/cross_suite_clean_train300_s10_19_20260620/goal_gpu26/libero_goal_t03_s10,"1,3",/data/liuyu/outputs/cross_suite_clean_train300_s10_19_20260620/goal_recovery_A_gpu13/libero_goal_t03_s10,/data/liuyu/outputs/cross_suite_clean_train300_s10_19_20260620/queue_status_worker_goal_recovery_A_gpu13_attempt2.csv,COMPLETE,worker_goal_recovery_A_gpu13,6,train_pool,10,PLANNED,libero_goal,3,True,libero_goal
"2,6",worker_goal_gpu26,libero_goal|3|11|0|CLEAN,CLEAN,0,0,libero_goal_t03_s11,-1,/data/aviary/models/openvla/openvla-7b-finetuned-libero-goal,283,/data/liuyu/outputs/cross_suite_clean_train300_s10_19_20260620/goal_gpu26/libero_goal_t03_s11,"5,4",/data/liuyu/outputs/cross_suite_clean_train300_s10_19_20260620/goal_recovery_B_gpu54/libero_goal_t03_s11,/data/liuyu/outputs/cross_suite_clean_train300_s10_19_20260620/queue_status_worker_goal_recovery_B_gpu54.csv,COMPLETE,worker_goal_recovery_B_gpu54,6,train_pool,11,PLANNED,libero_goal,3,True,libero_goal
"2,6",worker_goal_gpu26,libero_goal|3|12|0|CLEAN,CLEAN,0,0,libero_goal_t03_s12,-1,/data/aviary/models/openvla/openvla-7b-finetuned-libero-goal,400,/data/liuyu/outputs/cross_suite_clean_train300_s10_19_20260620/goal_gpu26/libero_goal_t03_s12,"1,3",/data/liuyu/outputs/cross_suite_clean_train300_s10_19_20260620/goal_recovery_A_gpu13/libero_goal_t03_s12,/data/liuyu/outputs/cross_suite_clean_train300_s10_19_20260620/queue_status_worker_goal_recovery_A_gpu13_attempt2.csv,COMPLETE,worker_goal_recovery_A_gpu13,6,train_pool,12,PLANNED,libero_goal,3,False,libero_goal
"2,6",worker_goal_gpu26,libero_goal|3|13|0|CLEAN,CLEAN,0,0,libero_goal_t03_s13,-1,/data/aviary/models/openvla/openvla-7b-finetuned-libero-goal,400,/data/liuyu/outputs/cross_suite_clean_train300_s10_19_20260620/goal_gpu26/libero_goal_t03_s13,"5,4",/data/liuyu/outputs/cross_suite_clean_train300_s10_19_20260620/goal_recovery_B_gpu54/libero_goal_t03_s13,/data/liuyu/outputs/cross_suite_clean_train300_s10_19_20260620/queue_status_worker_goal_recovery_B_gpu54.csv,COMPLETE,worker_goal_recovery_B_gpu54,6,train_pool,13,PLANNED,libero_goal,3,False,libero_goal
"2,6",worker_goal_gpu26,libero_goal|3|14|0|CLEAN,CLEAN,0,0,libero_goal_t03_s14,-1,/data/aviary/models/openvla/openvla-7b-finetuned-libero-goal,164,/data/liuyu/outputs/cross_suite_clean_train300_s10_19_20260620/goal_gpu26/libero_goal_t03_s14,"1,3",/data/liuyu/outputs/cross_suite_clean_train300_s10_19_20260620/goal_recovery_A_gpu13/libero_goal_t03_s14,/data/liuyu/outputs/cross_suite_clean_train300_s10_19_20260620/queue_status_worker_goal_recovery_A_gpu13_attempt2.csv,COMPLETE,worker_goal_recovery_A_gpu13,6,train_pool,14,PLANNED,libero_goal,3,True,libero_goal
"2,6",worker_goal_gpu26,libero_goal|3|15|0|CLEAN,CLEAN,0,0,libero_goal_t03_s15,232,/data/aviary/models/openvla/openvla-7b-finetuned-libero-goal,400,/data/liuyu/outputs/cross_suite_clean_train300_s10_19_20260620/goal_gpu26/libero_goal_t03_s15,"5,4",/data/liuyu/outputs/cross_suite_clean_train300_s10_19_20260620/goal_recovery_B_gpu54/libero_goal_t03_s15,/data/liuyu/outputs/cross_suite_clean_train300_s10_19_20260620/queue_status_worker_goal_recovery_B_gpu54.csv,COMPLETE,worker_goal_recovery_B_gpu54,6,train_pool,15,PLANNED,libero_goal,3,False,libero_goal
"2,6",worker_goal_gpu26,libero_goal|3|16|0|CLEAN,CLEAN,0,0,libero_goal_t03_s16,-1,/data/aviary/models/openvla/openvla-7b-finetuned-libero-goal,169,/data/liuyu/outputs/cross_suite_clean_train300_s10_19_20260620/goal_gpu26/libero_goal_t03_s16,"1,3",/data/liuyu/outputs/cross_suite_clean_train300_s10_19_20260620/goal_recovery_A_gpu13/libero_goal_t03_s16,/data/liuyu/outputs/cross_suite_clean_train300_s10_19_20260620/queue_status_worker_goal_recovery_A_gpu13_attempt2.csv,COMPLETE,worker_goal_recovery_A_gpu13,6,train_pool,16,PLANNED,libero_goal,3,True,libero_goal
"2,6",worker_goal_gpu26,libero_goal|3|17|0|CLEAN,CLEAN,0,0,libero_goal_t03_s17,-1,/data/aviary/models/openvla/openvla-7b-finetuned-libero-goal,201,/data/liuyu/outputs/cross_suite_clean_train300_s10_19_20260620/goal_gpu26/libero_goal_t03_s17,"5,4",/data/liuyu/outputs/cross_suite_clean_train300_s10_19_20260620/goal_recovery_B_gpu54/libero_goal_t03_s17,/data/liuyu/outputs/cross_suite_clean_train300_s10_19_20260620/queue_status_worker_goal_recovery_B_gpu54.csv,COMPLETE,worker_goal_recovery_B_gpu54,6,train_pool,17,PLANNED,libero_goal,3,True,libero_goal
"2,6",worker_goal_gpu26,libero_goal|3|18|0|CLEAN,CLEAN,0,0,libero_goal_t03_s18,-1,/data/aviary/models/openvla/openvla-7b-finetuned-libero-goal,195,/data/liuyu/outputs/cross_suite_clean_train300_s10_19_20260620/goal_gpu26/libero_goal_t03_s18,"1,3",/data/liuyu/outputs/cross_suite_clean_train300_s10_19_20260620/goal_recovery_A_gpu13/libero_goal_t03_s18,/data/liuyu/outputs/cross_suite_clean_train300_s10_19_20260620/queue_status_worker_goal_recovery_A_gpu13_attempt2.csv,COMPLETE,worker_goal_recovery_A_gpu13,6,validation_pool,18,PLANNED,libero_goal,3,True,libero_goal
"2,6",worker_goal_gpu26,libero_goal|3|19|0|CLEAN,CLEAN,0,0,libero_goal_t03_s19,-1,/data/aviary/models/openvla/openvla-7b-finetuned-libero-goal,202,/data/liuyu/outputs/cross_suite_clean_train300_s10_19_20260620/goal_gpu26/libero_goal_t03_s19,"5,4",/data/liuyu/outputs/cross_suite_clean_train300_s10_19_20260620/goal_recovery_B_gpu54/libero_goal_t03_s19,/data/liuyu/outputs/cross_suite_clean_train300_s10_19_20260620/queue_status_worker_goal_recovery_B_gpu54.csv,COMPLETE,worker_goal_recovery_B_gpu54,6,validation_pool,19,PLANNED,libero_goal,3,True,libero_goal
"2,6",worker_goal_gpu26,libero_goal|4|10|0|CLEAN,CLEAN,0,0,libero_goal_t04_s10,-1,/data/aviary/models/openvla/openvla-7b-finetuned-libero-goal,93,/data/liuyu/outputs/cross_suite_clean_train300_s10_19_20260620/goal_gpu26/libero_goal_t04_s10,"1,3",/data/liuyu/outputs/cross_suite_clean_train300_s10_19_20260620/goal_recovery_A_gpu13/libero_goal_t04_s10,/data/liuyu/outputs/cross_suite_clean_train300_s10_19_20260620/queue_status_worker_goal_recovery_A_gpu13_attempt2.csv,COMPLETE,worker_goal_recovery_A_gpu13,6,train_pool,10,PLANNED,libero_goal,4,True,libero_goal
"2,6",worker_goal_gpu26,libero_goal|4|11|0|CLEAN,CLEAN,0,0,libero_goal_t04_s11,-1,/data/aviary/models/openvla/openvla-7b-finetuned-libero-goal,84,/data/liuyu/outputs/cross_suite_clean_train300_s10_19_20260620/goal_gpu26/libero_goal_t04_s11,"5,4",/data/liuyu/outputs/cross_suite_clean_train300_s10_19_20260620/goal_recovery_B_gpu54/libero_goal_t04_s11,/data/liuyu/outputs/cross_suite_clean_train300_s10_19_20260620/queue_status_worker_goal_recovery_B_gpu54.csv,COMPLETE,worker_goal_recovery_B_gpu54,6,train_pool,11,PLANNED,libero_goal,4,True,libero_goal
"2,6",worker_goal_gpu26,libero_goal|4|12|0|CLEAN,CLEAN,0,0,libero_goal_t04_s12,-1,/data/aviary/models/openvla/openvla-7b-finetuned-libero-goal,92,/data/liuyu/outputs/cross_suite_clean_train300_s10_19_20260620/goal_gpu26/libero_goal_t04_s12,"1,3",/data/liuyu/outputs/cross_suite_clean_train300_s10_19_20260620/goal_recovery_A_gpu13/libero_goal_t04_s12,/data/liuyu/outputs/cross_suite_clean_train300_s10_19_20260620/queue_status_worker_goal_recovery_A_gpu13_attempt2.csv,COMPLETE,worker_goal_recovery_A_gpu13,6,train_pool,12,PLANNED,libero_goal,4,True,libero_goal
"2,6",worker_goal_gpu26,libero_goal|4|13|0|CLEAN,CLEAN,0,0,libero_goal_t04_s13,-1,/data/aviary/models/openvla/openvla-7b-finetuned-libero-goal,87,/data/liuyu/outputs/cross_suite_clean_train300_s10_19_20260620/goal_gpu26/libero_goal_t04_s13,"5,4",/data/liuyu/outputs/cross_suite_clean_train300_s10_19_20260620/goal_recovery_B_gpu54/libero_goal_t04_s13,/data/liuyu/outputs/cross_suite_clean_train300_s10_19_20260620/queue_status_worker_goal_recovery_B_gpu54.csv,COMPLETE,worker_goal_recovery_B_gpu54,6,train_pool,13,PLANNED,libero_goal,4,True,libero_goal
"2,6",worker_goal_gpu26,libero_goal|4|14|0|CLEAN,CLEAN,0,0,libero_goal_t04_s14,-1,/data/aviary/models/openvla/openvla-7b-finetuned-libero-goal,80,/data/liuyu/outputs/cross_suite_clean_train300_s10_19_20260620/goal_gpu26/libero_goal_t04_s14,"1,3",/data/liuyu/outputs/cross_suite_clean_train300_s10_19_20260620/goal_recovery_A_gpu13/libero_goal_t04_s14,/data/liuyu/outputs/cross_suite_clean_train300_s10_19_20260620/queue_status_worker_goal_recovery_A_gpu13_attempt2.csv,COMPLETE,worker_goal_recovery_A_gpu13,6,train_pool,14,PLANNED,libero_goal,4,True,libero_goal
"2,6",worker_goal_gpu26,libero_goal|4|15|0|CLEAN,CLEAN,0,0,libero_goal_t04_s15,-1,/data/aviary/models/openvla/openvla-7b-finetuned-libero-goal,85,/data/liuyu/outputs/cross_suite_clean_train300_s10_19_20260620/goal_gpu26/libero_goal_t04_s15,"5,4",/data/liuyu/outputs/cross_suite_clean_train300_s10_19_20260620/goal_recovery_B_gpu54/libero_goal_t04_s15,/data/liuyu/outputs/cross_suite_clean_train300_s10_19_20260620/queue_status_worker_goal_recovery_B_gpu54.csv,COMPLETE,worker_goal_recovery_B_gpu54,6,train_pool,15,PLANNED,libero_goal,4,True,libero_goal
"2,6",worker_goal_gpu26,libero_goal|4|16|0|CLEAN,CLEAN,0,0,libero_goal_t04_s16,-1,/data/aviary/models/openvla/openvla-7b-finetuned-libero-goal,81,/data/liuyu/outputs/cross_suite_clean_train300_s10_19_20260620/goal_gpu26/libero_goal_t04_s16,"1,3",/data/liuyu/outputs/cross_suite_clean_train300_s10_19_20260620/goal_recovery_A_gpu13/libero_goal_t04_s16,/data/liuyu/outputs/cross_suite_clean_train300_s10_19_20260620/queue_status_worker_goal_recovery_A_gpu13_attempt2.csv,COMPLETE,worker_goal_recovery_A_gpu13,6,train_pool,16,PLANNED,libero_goal,4,True,libero_goal
"2,6",worker_goal_gpu26,libero_goal|4|17|0|CLEAN,CLEAN,0,0,libero_goal_t04_s17,-1,/data/aviary/models/openvla/openvla-7b-finetuned-libero-goal,121,/data/liuyu/outputs/cross_suite_clean_train300_s10_19_20260620/goal_gpu26/libero_goal_t04_s17,"5,4",/data/liuyu/outputs/cross_suite_clean_train300_s10_19_20260620/goal_recovery_B_gpu54/libero_goal_t04_s17,/data/liuyu/outputs/cross_suite_clean_train300_s10_19_20260620/queue_status_worker_goal_recovery_B_gpu54.csv,COMPLETE,worker_goal_recovery_B_gpu54,6,train_pool,17,PLANNED,libero_goal,4,True,libero_goal
"2,6",worker_goal_gpu26,libero_goal|4|18|0|CLEAN,CLEAN,0,0,libero_goal_t04_s18,-1,/data/aviary/models/openvla/openvla-7b-finetuned-libero-goal,122,/data/liuyu/outputs/cross_suite_clean_train300_s10_19_20260620/goal_gpu26/libero_goal_t04_s18,"1,3",/data/liuyu/outputs/cross_suite_clean_train300_s10_19_20260620/goal_recovery_A_gpu13/libero_goal_t04_s18,/data/liuyu/outputs/cross_suite_clean_train300_s10_19_20260620/queue_status_worker_goal_recovery_A_gpu13_attempt2.csv,COMPLETE,worker_goal_recovery_A_gpu13,6,validation_pool,18,PLANNED,libero_goal,4,True,libero_goal
"2,6",worker_goal_gpu26,libero_goal|4|19|0|CLEAN,CLEAN,0,0,libero_goal_t04_s19,-1,/data/aviary/models/openvla/openvla-7b-finetuned-libero-goal,80,/data/liuyu/outputs/cross_suite_clean_train300_s10_19_20260620/goal_gpu26/libero_goal_t04_s19,"5,4",/data/liuyu/outputs/cross_suite_clean_train300_s10_19_20260620/goal_recovery_B_gpu54/libero_goal_t04_s19,/data/liuyu/outputs/cross_suite_clean_train300_s10_19_20260620/queue_status_worker_goal_recovery_B_gpu54.csv,COMPLETE,worker_goal_recovery_B_gpu54,6,validation_pool,19,PLANNED,libero_goal,4,True,libero_goal
"2,6",worker_goal_gpu26,libero_goal|5|10|0|CLEAN,CLEAN,0,0,libero_goal_t05_s10,-1,/data/aviary/models/openvla/openvla-7b-finetuned-libero-goal,147,/data/liuyu/outputs/cross_suite_clean_train300_s10_19_20260620/goal_gpu26/libero_goal_t05_s10,"1,3",/data/liuyu/outputs/cross_suite_clean_train300_s10_19_20260620/goal_recovery_A_gpu13/libero_goal_t05_s10,/data/liuyu/outputs/cross_suite_clean_train300_s10_19_20260620/queue_status_worker_goal_recovery_A_gpu13_attempt2.csv,COMPLETE,worker_goal_recovery_A_gpu13,6,train_pool,10,PLANNED,libero_goal,5,True,libero_goal
"2,6",worker_goal_gpu26,libero_goal|5|11|0|CLEAN,CLEAN,0,0,libero_goal_t05_s11,-1,/data/aviary/models/openvla/openvla-7b-finetuned-libero-goal,400,/data/liuyu/outputs/cross_suite_clean_train300_s10_19_20260620/goal_gpu26/libero_goal_t05_s11,"5,4",/data/liuyu/outputs/cross_suite_clean_train300_s10_19_20260620/goal_recovery_B_gpu54/libero_goal_t05_s11,/data/liuyu/outputs/cross_suite_clean_train300_s10_19_20260620/queue_status_worker_goal_recovery_B_gpu54.csv,COMPLETE,worker_goal_recovery_B_gpu54,6,train_pool,11,PLANNED,libero_goal,5,False,libero_goal
"2,6",worker_goal_gpu26,libero_goal|5|12|0|CLEAN,CLEAN,0,0,libero_goal_t05_s12,-1,/data/aviary/models/openvla/openvla-7b-finetuned-libero-goal,142,/data/liuyu/outputs/cross_suite_clean_train300_s10_19_20260620/goal_gpu26/libero_goal_t05_s12,"1,3",/data/liuyu/outputs/cross_suite_clean_train300_s10_19_20260620/goal_recovery_A_gpu13/libero_goal_t05_s12,/data/liuyu/outputs/cross_suite_clean_train300_s10_19_20260620/queue_status_worker_goal_recovery_A_gpu13_attempt2.csv,COMPLETE,worker_goal_recovery_A_gpu13,6,train_pool,12,PLANNED,libero_goal,5,True,libero_goal
"2,6",worker_goal_gpu26,libero_goal|5|13|0|CLEAN,CLEAN,0,0,libero_goal_t05_s13,-1,/data/aviary/models/openvla/openvla-7b-finetuned-libero-goal,400,/data/liuyu/outputs/cross_suite_clean_train300_s10_19_20260620/goal_gpu26/libero_goal_t05_s13,"5,4",/data/liuyu/outputs/cross_suite_clean_train300_s10_19_20260620/goal_recovery_B_gpu54/libero_goal_t05_s13,/data/liuyu/outputs/cross_suite_clean_train300_s10_19_20260620/queue_status_worker_goal_recovery_B_gpu54.csv,COMPLETE,worker_goal_recovery_B_gpu54,6,train_pool,13,PLANNED,libero_goal,5,False,libero_goal
"2,6",worker_goal_gpu26,libero_goal|5|14|0|CLEAN,CLEAN,0,0,libero_goal_t05_s14,-1,/data/aviary/models/openvla/openvla-7b-finetuned-libero-goal,400,/data/liuyu/outputs/cross_suite_clean_train300_s10_19_20260620/goal_gpu26/libero_goal_t05_s14,"1,3",/data/liuyu/outputs/cross_suite_clean_train300_s10_19_20260620/goal_recovery_A_gpu13/libero_goal_t05_s14,/data/liuyu/outputs/cross_suite_clean_train300_s10_19_20260620/queue_status_worker_goal_recovery_A_gpu13_attempt2.csv,COMPLETE,worker_goal_recovery_A_gpu13,6,train_pool,14,PLANNED,libero_goal,5,False,libero_goal
"2,6",worker_goal_gpu26,libero_goal|5|15|0|CLEAN,CLEAN,0,0,libero_goal_t05_s15,-1,/data/aviary/models/openvla/openvla-7b-finetuned-libero-goal,212,/data/liuyu/outputs/cross_suite_clean_train300_s10_19_20260620/goal_gpu26/libero_goal_t05_s15,"5,4",/data/liuyu/outputs/cross_suite_clean_train300_s10_19_20260620/goal_recovery_B_gpu54/libero_goal_t05_s15,/data/liuyu/outputs/cross_suite_clean_train300_s10_19_20260620/queue_status_worker_goal_recovery_B_gpu54.csv,COMPLETE,worker_goal_recovery_B_gpu54,6,train_pool,15,PLANNED,libero_goal,5,True,libero_goal
"2,6",worker_goal_gpu26,libero_goal|5|16|0|CLEAN,CLEAN,0,0,libero_goal_t05_s16,-1,/data/aviary/models/openvla/openvla-7b-finetuned-libero-goal,400,/data/liuyu/outputs/cross_suite_clean_train300_s10_19_20260620/goal_gpu26/libero_goal_t05_s16,"1,3",/data/liuyu/outputs/cross_suite_clean_train300_s10_19_20260620/goal_recovery_A_gpu13/libero_goal_t05_s16,/data/liuyu/outputs/cross_suite_clean_train300_s10_19_20260620/queue_status_worker_goal_recovery_A_gpu13_attempt2.csv,COMPLETE,worker_goal_recovery_A_gpu13,6,train_pool,16,PLANNED,libero_goal,5,False,libero_goal
"2,6",worker_goal_gpu26,libero_goal|5|17|0|CLEAN,CLEAN,0,0,libero_goal_t05_s17,-1,/data/aviary/models/openvla/openvla-7b-finetuned-libero-goal,119,/data/liuyu/outputs/cross_suite_clean_train300_s10_19_20260620/goal_gpu26/libero_goal_t05_s17,"5,4",/data/liuyu/outputs/cross_suite_clean_train300_s10_19_20260620/goal_recovery_B_gpu54/libero_goal_t05_s17,/data/liuyu/outputs/cross_suite_clean_train300_s10_19_20260620/queue_status_worker_goal_recovery_B_gpu54.csv,COMPLETE,worker_goal_recovery_B_gpu54,6,train_pool,17,PLANNED,libero_goal,5,True,libero_goal
"2,6",worker_goal_gpu26,libero_goal|5|18|0|CLEAN,CLEAN,0,0,libero_goal_t05_s18,-1,/data/aviary/models/openvla/openvla-7b-finetuned-libero-goal,139,/data/liuyu/outputs/cross_suite_clean_train300_s10_19_20260620/goal_gpu26/libero_goal_t05_s18,"1,3",/data/liuyu/outputs/cross_suite_clean_train300_s10_19_20260620/goal_recovery_A_gpu13/libero_goal_t05_s18,/data/liuyu/outputs/cross_suite_clean_train300_s10_19_20260620/queue_status_worker_goal_recovery_A_gpu13_attempt2.csv,COMPLETE,worker_goal_recovery_A_gpu13,6,validation_pool,18,PLANNED,libero_goal,5,True,libero_goal
"2,6",worker_goal_gpu26,libero_goal|5|19|0|CLEAN,CLEAN,0,0,libero_goal_t05_s19,-1,/data/aviary/models/openvla/openvla-7b-finetuned-libero-goal,133,/data/liuyu/outputs/cross_suite_clean_train300_s10_19_20260620/goal_gpu26/libero_goal_t05_s19,"5,4",/data/liuyu/outputs/cross_suite_clean_train300_s10_19_20260620/goal_recovery_B_gpu54/libero_goal_t05_s19,/data/liuyu/outputs/cross_suite_clean_train300_s10_19_20260620/queue_status_worker_goal_recovery_B_gpu54.csv,COMPLETE,worker_goal_recovery_B_gpu54,6,validation_pool,19,PLANNED,libero_goal,5,True,libero_goal
"2,6",worker_goal_gpu26,libero_goal|6|10|0|CLEAN,CLEAN,0,0,libero_goal_t06_s10,-1,/data/aviary/models/openvla/openvla-7b-finetuned-libero-goal,96,/data/liuyu/outputs/cross_suite_clean_train300_s10_19_20260620/goal_gpu26/libero_goal_t06_s10,"1,3",/data/liuyu/outputs/cross_suite_clean_train300_s10_19_20260620/goal_recovery_A_gpu13/libero_goal_t06_s10,/data/liuyu/outputs/cross_suite_clean_train300_s10_19_20260620/queue_status_worker_goal_recovery_A_gpu13_attempt2.csv,COMPLETE,worker_goal_recovery_A_gpu13,6,train_pool,10,PLANNED,libero_goal,6,True,libero_goal
"2,6",worker_goal_gpu26,libero_goal|6|11|0|CLEAN,CLEAN,0,0,libero_goal_t06_s11,-1,/data/aviary/models/openvla/openvla-7b-finetuned-libero-goal,400,/data/liuyu/outputs/cross_suite_clean_train300_s10_19_20260620/goal_gpu26/libero_goal_t06_s11,"5,4",/data/liuyu/outputs/cross_suite_clean_train300_s10_19_20260620/goal_recovery_B_gpu54/libero_goal_t06_s11,/data/liuyu/outputs/cross_suite_clean_train300_s10_19_20260620/queue_status_worker_goal_recovery_B_gpu54.csv,COMPLETE,worker_goal_recovery_B_gpu54,6,train_pool,11,PLANNED,libero_goal,6,False,libero_goal
"2,6",worker_goal_gpu26,libero_goal|6|12|0|CLEAN,CLEAN,0,0,libero_goal_t06_s12,-1,/data/aviary/models/openvla/openvla-7b-finetuned-libero-goal,178,/data/liuyu/outputs/cross_suite_clean_train300_s10_19_20260620/goal_gpu26/libero_goal_t06_s12,"1,3",/data/liuyu/outputs/cross_suite_clean_train300_s10_19_20260620/goal_recovery_A_gpu13/libero_goal_t06_s12,/data/liuyu/outputs/cross_suite_clean_train300_s10_19_20260620/queue_status_worker_goal_recovery_A_gpu13_attempt2.csv,COMPLETE,worker_goal_recovery_A_gpu13,6,train_pool,12,PLANNED,libero_goal,6,True,libero_goal
"2,6",worker_goal_gpu26,libero_goal|6|13|0|CLEAN,CLEAN,0,0,libero_goal_t06_s13,-1,/data/aviary/models/openvla/openvla-7b-finetuned-libero-goal,92,/data/liuyu/outputs/cross_suite_clean_train300_s10_19_20260620/goal_gpu26/libero_goal_t06_s13,"5,4",/data/liuyu/outputs/cross_suite_clean_train300_s10_19_20260620/goal_recovery_B_gpu54/libero_goal_t06_s13,/data/liuyu/outputs/cross_suite_clean_train300_s10_19_20260620/queue_status_worker_goal_recovery_B_gpu54.csv,COMPLETE,worker_goal_recovery_B_gpu54,6,train_pool,13,PLANNED,libero_goal,6,True,libero_goal
"2,6",worker_goal_gpu26,libero_goal|6|14|0|CLEAN,CLEAN,0,0,libero_goal_t06_s14,-1,/data/aviary/models/openvla/openvla-7b-finetuned-libero-goal,100,/data/liuyu/outputs/cross_suite_clean_train300_s10_19_20260620/goal_gpu26/libero_goal_t06_s14,"1,3",/data/liuyu/outputs/cross_suite_clean_train300_s10_19_20260620/goal_recovery_A_gpu13/libero_goal_t06_s14,/data/liuyu/outputs/cross_suite_clean_train300_s10_19_20260620/queue_status_worker_goal_recovery_A_gpu13_attempt2.csv,COMPLETE,worker_goal_recovery_A_gpu13,6,train_pool,14,PLANNED,libero_goal,6,True,libero_goal
"2,6",worker_goal_gpu26,libero_goal|6|15|0|CLEAN,CLEAN,0,0,libero_goal_t06_s15,-1,/data/aviary/models/openvla/openvla-7b-finetuned-libero-goal,98,/data/liuyu/outputs/cross_suite_clean_train300_s10_19_20260620/goal_gpu26/libero_goal_t06_s15,"5,4",/data/liuyu/outputs/cross_suite_clean_train300_s10_19_20260620/goal_recovery_B_gpu54/libero_goal_t06_s15,/data/liuyu/outputs/cross_suite_clean_train300_s10_19_20260620/queue_status_worker_goal_recovery_B_gpu54.csv,COMPLETE,worker_goal_recovery_B_gpu54,6,train_pool,15,PLANNED,libero_goal,6,True,libero_goal
"2,6",worker_goal_gpu26,libero_goal|6|16|0|CLEAN,CLEAN,0,0,libero_goal_t06_s16,-1,/data/aviary/models/openvla/openvla-7b-finetuned-libero-goal,121,/data/liuyu/outputs/cross_suite_clean_train300_s10_19_20260620/goal_gpu26/libero_goal_t06_s16,"1,3",/data/liuyu/outputs/cross_suite_clean_train300_s10_19_20260620/goal_recovery_A_gpu13/libero_goal_t06_s16,/data/liuyu/outputs/cross_suite_clean_train300_s10_19_20260620/queue_status_worker_goal_recovery_A_gpu13_attempt2.csv,COMPLETE,worker_goal_recovery_A_gpu13,6,train_pool,16,PLANNED,libero_goal,6,True,libero_goal
"2,6",worker_goal_gpu26,libero_goal|6|17|0|CLEAN,CLEAN,0,0,libero_goal_t06_s17,-1,/data/aviary/models/openvla/openvla-7b-finetuned-libero-goal,95,/data/liuyu/outputs/cross_suite_clean_train300_s10_19_20260620/goal_gpu26/libero_goal_t06_s17,"5,4",/data/liuyu/outputs/cross_suite_clean_train300_s10_19_20260620/goal_recovery_B_gpu54/libero_goal_t06_s17,/data/liuyu/outputs/cross_suite_clean_train300_s10_19_20260620/queue_status_worker_goal_recovery_B_gpu54.csv,COMPLETE,worker_goal_recovery_B_gpu54,6,train_pool,17,PLANNED,libero_goal,6,True,libero_goal
"2,6",worker_goal_gpu26,libero_goal|6|18|0|CLEAN,CLEAN,0,0,libero_goal_t06_s18,-1,/data/aviary/models/openvla/openvla-7b-finetuned-libero-goal,86,/data/liuyu/outputs/cross_suite_clean_train300_s10_19_20260620/goal_gpu26/libero_goal_t06_s18,"1,3",/data/liuyu/outputs/cross_suite_clean_train300_s10_19_20260620/goal_recovery_A_gpu13/libero_goal_t06_s18,/data/liuyu/outputs/cross_suite_clean_train300_s10_19_20260620/queue_status_worker_goal_recovery_A_gpu13_attempt2.csv,COMPLETE,worker_goal_recovery_A_gpu13,6,validation_pool,18,PLANNED,libero_goal,6,True,libero_goal
"2,6",worker_goal_gpu26,libero_goal|6|19|0|CLEAN,CLEAN,0,0,libero_goal_t06_s19,-1,/data/aviary/models/openvla/openvla-7b-finetuned-libero-goal,72,/data/liuyu/outputs/cross_suite_clean_train300_s10_19_20260620/goal_gpu26/libero_goal_t06_s19,"5,4",/data/liuyu/outputs/cross_suite_clean_train300_s10_19_20260620/goal_recovery_B_gpu54/libero_goal_t06_s19,/data/liuyu/outputs/cross_suite_clean_train300_s10_19_20260620/queue_status_worker_goal_recovery_B_gpu54.csv,COMPLETE,worker_goal_recovery_B_gpu54,6,validation_pool,19,PLANNED,libero_goal,6,True,libero_goal
"2,6",worker_goal_gpu26,libero_goal|7|10|0|CLEAN,CLEAN,0,0,libero_goal_t07_s10,-1,/data/aviary/models/openvla/openvla-7b-finetuned-libero-goal,77,/data/liuyu/outputs/cross_suite_clean_train300_s10_19_20260620/goal_gpu26/libero_goal_t07_s10,"1,3",/data/liuyu/outputs/cross_suite_clean_train300_s10_19_20260620/goal_recovery_A_gpu13/libero_goal_t07_s10,/data/liuyu/outputs/cross_suite_clean_train300_s10_19_20260620/queue_status_worker_goal_recovery_A_gpu13_attempt2.csv,COMPLETE,worker_goal_recovery_A_gpu13,6,train_pool,10,PLANNED,libero_goal,7,True,libero_goal
"2,6",worker_goal_gpu26,libero_goal|7|11|0|CLEAN,CLEAN,0,0,libero_goal_t07_s11,-1,/data/aviary/models/openvla/openvla-7b-finetuned-libero-goal,90,/data/liuyu/outputs/cross_suite_clean_train300_s10_19_20260620/goal_gpu26/libero_goal_t07_s11,"5,4",/data/liuyu/outputs/cross_suite_clean_train300_s10_19_20260620/goal_recovery_B_gpu54/libero_goal_t07_s11,/data/liuyu/outputs/cross_suite_clean_train300_s10_19_20260620/queue_status_worker_goal_recovery_B_gpu54.csv,COMPLETE,worker_goal_recovery_B_gpu54,6,train_pool,11,PLANNED,libero_goal,7,True,libero_goal
"2,6",worker_goal_gpu26,libero_goal|7|12|0|CLEAN,CLEAN,0,0,libero_goal_t07_s12,-1,/data/aviary/models/openvla/openvla-7b-finetuned-libero-goal,74,/data/liuyu/outputs/cross_suite_clean_train300_s10_19_20260620/goal_gpu26/libero_goal_t07_s12,"1,3",/data/liuyu/outputs/cross_suite_clean_train300_s10_19_20260620/goal_recovery_A_gpu13/libero_goal_t07_s12,/data/liuyu/outputs/cross_suite_clean_train300_s10_19_20260620/queue_status_worker_goal_recovery_A_gpu13_attempt2.csv,COMPLETE,worker_goal_recovery_A_gpu13,6,train_pool,12,PLANNED,libero_goal,7,True,libero_goal
"2,6",worker_goal_gpu26,libero_goal|7|13|0|CLEAN,CLEAN,0,0,libero_goal_t07_s13,-1,/data/aviary/models/openvla/openvla-7b-finetuned-libero-goal,76,/data/liuyu/outputs/cross_suite_clean_train300_s10_19_20260620/goal_gpu26/libero_goal_t07_s13,"5,4",/data/liuyu/outputs/cross_suite_clean_train300_s10_19_20260620/goal_recovery_B_gpu54/libero_goal_t07_s13,/data/liuyu/outputs/cross_suite_clean_train300_s10_19_20260620/queue_status_worker_goal_recovery_B_gpu54.csv,COMPLETE,worker_goal_recovery_B_gpu54,6,train_pool,13,PLANNED,libero_goal,7,True,libero_goal
"2,6",worker_goal_gpu26,libero_goal|7|14|0|CLEAN,CLEAN,0,0,libero_goal_t07_s14,-1,/data/aviary/models/openvla/openvla-7b-finetuned-libero-goal,72,/data/liuyu/outputs/cross_suite_clean_train300_s10_19_20260620/goal_gpu26/libero_goal_t07_s14,"1,3",/data/liuyu/outputs/cross_suite_clean_train300_s10_19_20260620/goal_recovery_A_gpu13/libero_goal_t07_s14,/data/liuyu/outputs/cross_suite_clean_train300_s10_19_20260620/queue_status_worker_goal_recovery_A_gpu13_attempt2.csv,COMPLETE,worker_goal_recovery_A_gpu13,6,train_pool,14,PLANNED,libero_goal,7,True,libero_goal
"2,6",worker_goal_gpu26,libero_goal|7|15|0|CLEAN,CLEAN,0,0,libero_goal_t07_s15,-1,/data/aviary/models/openvla/openvla-7b-finetuned-libero-goal,78,/data/liuyu/outputs/cross_suite_clean_train300_s10_19_20260620/goal_gpu26/libero_goal_t07_s15,"5,4",/data/liuyu/outputs/cross_suite_clean_train300_s10_19_20260620/goal_recovery_B_gpu54/libero_goal_t07_s15,/data/liuyu/outputs/cross_suite_clean_train300_s10_19_20260620/queue_status_worker_goal_recovery_B_gpu54.csv,COMPLETE,worker_goal_recovery_B_gpu54,6,train_pool,15,PLANNED,libero_goal,7,True,libero_goal
"2,6",worker_goal_gpu26,libero_goal|7|16|0|CLEAN,CLEAN,0,0,libero_goal_t07_s16,-1,/data/aviary/models/openvla/openvla-7b-finetuned-libero-goal,109,/data/liuyu/outputs/cross_suite_clean_train300_s10_19_20260620/goal_gpu26/libero_goal_t07_s16,"1,3",/data/liuyu/outputs/cross_suite_clean_train300_s10_19_20260620/goal_recovery_A_gpu13/libero_goal_t07_s16,/data/liuyu/outputs/cross_suite_clean_train300_s10_19_20260620/queue_status_worker_goal_recovery_A_gpu13_attempt2.csv,COMPLETE,worker_goal_recovery_A_gpu13,6,train_pool,16,PLANNED,libero_goal,7,True,libero_goal
"2,6",worker_goal_gpu26,libero_goal|7|17|0|CLEAN,CLEAN,0,0,libero_goal_t07_s17,-1,/data/aviary/models/openvla/openvla-7b-finetuned-libero-goal,100,/data/liuyu/outputs/cross_suite_clean_train300_s10_19_20260620/goal_gpu26/libero_goal_t07_s17,"5,4",/data/liuyu/outputs/cross_suite_clean_train300_s10_19_20260620/goal_recovery_B_gpu54/libero_goal_t07_s17,/data/liuyu/outputs/cross_suite_clean_train300_s10_19_20260620/queue_status_worker_goal_recovery_B_gpu54.csv,COMPLETE,worker_goal_recovery_B_gpu54,6,train_pool,17,PLANNED,libero_goal,7,True,libero_goal
"2,6",worker_goal_gpu26,libero_goal|7|18|0|CLEAN,CLEAN,0,0,libero_goal_t07_s18,-1,/data/aviary/models/openvla/openvla-7b-finetuned-libero-goal,77,/data/liuyu/outputs/cross_suite_clean_train300_s10_19_20260620/goal_gpu26/libero_goal_t07_s18,"1,3",/data/liuyu/outputs/cross_suite_clean_train300_s10_19_20260620/goal_recovery_A_gpu13/libero_goal_t07_s18,/data/liuyu/outputs/cross_suite_clean_train300_s10_19_20260620/queue_status_worker_goal_recovery_A_gpu13_attempt2.csv,COMPLETE,worker_goal_recovery_A_gpu13,6,validation_pool,18,PLANNED,libero_goal,7,True,libero_goal
"2,6",worker_goal_gpu26,libero_goal|7|19|0|CLEAN,CLEAN,0,0,libero_goal_t07_s19,-1,/data/aviary/models/openvla/openvla-7b-finetuned-libero-goal,81,/data/liuyu/outputs/cross_suite_clean_train300_s10_19_20260620/goal_gpu26/libero_goal_t07_s19,"5,4",/data/liuyu/outputs/cross_suite_clean_train300_s10_19_20260620/goal_recovery_B_gpu54/libero_goal_t07_s19,/data/liuyu/outputs/cross_suite_clean_train300_s10_19_20260620/queue_status_worker_goal_recovery_B_gpu54.csv,COMPLETE,worker_goal_recovery_B_gpu54,6,validation_pool,19,PLANNED,libero_goal,7,True,libero_goal
"2,6",worker_goal_gpu26,libero_goal|8|10|0|CLEAN,CLEAN,0,0,libero_goal_t08_s10,-1,/data/aviary/models/openvla/openvla-7b-finetuned-libero-goal,84,/data/liuyu/outputs/cross_suite_clean_train300_s10_19_20260620/goal_gpu26/libero_goal_t08_s10,"1,3",/data/liuyu/outputs/cross_suite_clean_train300_s10_19_20260620/goal_recovery_A_gpu13/libero_goal_t08_s10,/data/liuyu/outputs/cross_suite_clean_train300_s10_19_20260620/queue_status_worker_goal_recovery_A_gpu13_attempt2.csv,COMPLETE,worker_goal_recovery_A_gpu13,6,train_pool,10,PLANNED,libero_goal,8,True,libero_goal
"2,6",worker_goal_gpu26,libero_goal|8|11|0|CLEAN,CLEAN,0,0,libero_goal_t08_s11,-1,/data/aviary/models/openvla/openvla-7b-finetuned-libero-goal,127,/data/liuyu/outputs/cross_suite_clean_train300_s10_19_20260620/goal_gpu26/libero_goal_t08_s11,"5,4",/data/liuyu/outputs/cross_suite_clean_train300_s10_19_20260620/goal_recovery_B_gpu54/libero_goal_t08_s11,/data/liuyu/outputs/cross_suite_clean_train300_s10_19_20260620/queue_status_worker_goal_recovery_B_gpu54.csv,COMPLETE,worker_goal_recovery_B_gpu54,6,train_pool,11,PLANNED,libero_goal,8,True,libero_goal
"2,6",worker_goal_gpu26,libero_goal|8|12|0|CLEAN,CLEAN,0,0,libero_goal_t08_s12,-1,/data/aviary/models/openvla/openvla-7b-finetuned-libero-goal,400,/data/liuyu/outputs/cross_suite_clean_train300_s10_19_20260620/goal_gpu26/libero_goal_t08_s12,"1,3",/data/liuyu/outputs/cross_suite_clean_train300_s10_19_20260620/goal_recovery_A_gpu13/libero_goal_t08_s12,/data/liuyu/outputs/cross_suite_clean_train300_s10_19_20260620/queue_status_worker_goal_recovery_A_gpu13_attempt2.csv,COMPLETE,worker_goal_recovery_A_gpu13,6,train_pool,12,PLANNED,libero_goal,8,False,libero_goal
"2,6",worker_goal_gpu26,libero_goal|8|13|0|CLEAN,CLEAN,0,0,libero_goal_t08_s13,-1,/data/aviary/models/openvla/openvla-7b-finetuned-libero-goal,400,/data/liuyu/outputs/cross_suite_clean_train300_s10_19_20260620/goal_gpu26/libero_goal_t08_s13,"5,4",/data/liuyu/outputs/cross_suite_clean_train300_s10_19_20260620/goal_recovery_B_gpu54/libero_goal_t08_s13,/data/liuyu/outputs/cross_suite_clean_train300_s10_19_20260620/queue_status_worker_goal_recovery_B_gpu54.csv,COMPLETE,worker_goal_recovery_B_gpu54,6,train_pool,13,PLANNED,libero_goal,8,False,libero_goal
"2,6",worker_goal_gpu26,libero_goal|8|14|0|CLEAN,CLEAN,0,0,libero_goal_t08_s14,-1,/data/aviary/models/openvla/openvla-7b-finetuned-libero-goal,70,/data/liuyu/outputs/cross_suite_clean_train300_s10_19_20260620/goal_gpu26/libero_goal_t08_s14,"1,3",/data/liuyu/outputs/cross_suite_clean_train300_s10_19_20260620/goal_recovery_A_gpu13/libero_goal_t08_s14,/data/liuyu/outputs/cross_suite_clean_train300_s10_19_20260620/queue_status_worker_goal_recovery_A_gpu13_attempt2.csv,COMPLETE,worker_goal_recovery_A_gpu13,6,train_pool,14,PLANNED,libero_goal,8,True,libero_goal
"2,6",worker_goal_gpu26,libero_goal|8|15|0|CLEAN,CLEAN,0,0,libero_goal_t08_s15,-1,/data/aviary/models/openvla/openvla-7b-finetuned-libero-goal,78,/data/liuyu/outputs/cross_suite_clean_train300_s10_19_20260620/goal_gpu26/libero_goal_t08_s15,"5,4",/data/liuyu/outputs/cross_suite_clean_train300_s10_19_20260620/goal_recovery_B_gpu54/libero_goal_t08_s15,/data/liuyu/outputs/cross_suite_clean_train300_s10_19_20260620/queue_status_worker_goal_recovery_B_gpu54.csv,COMPLETE,worker_goal_recovery_B_gpu54,6,train_pool,15,PLANNED,libero_goal,8,True,libero_goal
"2,6",worker_goal_gpu26,libero_goal|8|16|0|CLEAN,CLEAN,0,0,libero_goal_t08_s16,-1,/data/aviary/models/openvla/openvla-7b-finetuned-libero-goal,400,/data/liuyu/outputs/cross_suite_clean_train300_s10_19_20260620/goal_gpu26/libero_goal_t08_s16,"1,3",/data/liuyu/outputs/cross_suite_clean_train300_s10_19_20260620/goal_recovery_A_gpu13/libero_goal_t08_s16,/data/liuyu/outputs/cross_suite_clean_train300_s10_19_20260620/queue_status_worker_goal_recovery_A_gpu13_attempt2.csv,COMPLETE,worker_goal_recovery_A_gpu13,6,train_pool,16,PLANNED,libero_goal,8,False,libero_goal
"2,6",worker_goal_gpu26,libero_goal|8|17|0|CLEAN,CLEAN,0,0,libero_goal_t08_s17,-1,/data/aviary/models/openvla/openvla-7b-finetuned-libero-goal,400,/data/liuyu/outputs/cross_suite_clean_train300_s10_19_20260620/goal_gpu26/libero_goal_t08_s17,"5,4",/data/liuyu/outputs/cross_suite_clean_train300_s10_19_20260620/goal_recovery_B_gpu54/libero_goal_t08_s17,/data/liuyu/outputs/cross_suite_clean_train300_s10_19_20260620/queue_status_worker_goal_recovery_B_gpu54.csv,COMPLETE,worker_goal_recovery_B_gpu54,6,train_pool,17,PLANNED,libero_goal,8,False,libero_goal
"2,6",worker_goal_gpu26,libero_goal|8|18|0|CLEAN,CLEAN,0,0,libero_goal_t08_s18,-1,/data/aviary/models/openvla/openvla-7b-finetuned-libero-goal,70,/data/liuyu/outputs/cross_suite_clean_train300_s10_19_20260620/goal_gpu26/libero_goal_t08_s18,"1,3",/data/liuyu/outputs/cross_suite_clean_train300_s10_19_20260620/goal_recovery_A_gpu13/libero_goal_t08_s18,/data/liuyu/outputs/cross_suite_clean_train300_s10_19_20260620/queue_status_worker_goal_recovery_A_gpu13_attempt2.csv,COMPLETE,worker_goal_recovery_A_gpu13,6,validation_pool,18,PLANNED,libero_goal,8,True,libero_goal
"2,6",worker_goal_gpu26,libero_goal|8|19|0|CLEAN,CLEAN,0,0,libero_goal_t08_s19,-1,/data/aviary/models/openvla/openvla-7b-finetuned-libero-goal,85,/data/liuyu/outputs/cross_suite_clean_train300_s10_19_20260620/goal_gpu26/libero_goal_t08_s19,"5,4",/data/liuyu/outputs/cross_suite_clean_train300_s10_19_20260620/goal_recovery_B_gpu54/libero_goal_t08_s19,/data/liuyu/outputs/cross_suite_clean_train300_s10_19_20260620/queue_status_worker_goal_recovery_B_gpu54.csv,COMPLETE,worker_goal_recovery_B_gpu54,6,validation_pool,19,PLANNED,libero_goal,8,True,libero_goal
"2,6",worker_goal_gpu26,libero_goal|9|10|0|CLEAN,CLEAN,0,0,libero_goal_t09_s10,156,/data/aviary/models/openvla/openvla-7b-finetuned-libero-goal,173,/data/liuyu/outputs/cross_suite_clean_train300_s10_19_20260620/goal_gpu26/libero_goal_t09_s10,"1,3",/data/liuyu/outputs/cross_suite_clean_train300_s10_19_20260620/goal_recovery_A_gpu13/libero_goal_t09_s10,/data/liuyu/outputs/cross_suite_clean_train300_s10_19_20260620/queue_status_worker_goal_recovery_A_gpu13_attempt2.csv,COMPLETE,worker_goal_recovery_A_gpu13,6,train_pool,10,PLANNED,libero_goal,9,True,libero_goal
"2,6",worker_goal_gpu26,libero_goal|9|11|0|CLEAN,CLEAN,0,0,libero_goal_t09_s11,250,/data/aviary/models/openvla/openvla-7b-finetuned-libero-goal,400,/data/liuyu/outputs/cross_suite_clean_train300_s10_19_20260620/goal_gpu26/libero_goal_t09_s11,"5,4",/data/liuyu/outputs/cross_suite_clean_train300_s10_19_20260620/goal_recovery_B_gpu54/libero_goal_t09_s11,/data/liuyu/outputs/cross_suite_clean_train300_s10_19_20260620/queue_status_worker_goal_recovery_B_gpu54.csv,COMPLETE,worker_goal_recovery_B_gpu54,6,train_pool,11,PLANNED,libero_goal,9,False,libero_goal
"2,6",worker_goal_gpu26,libero_goal|9|12|0|CLEAN,CLEAN,0,0,libero_goal_t09_s12,-1,/data/aviary/models/openvla/openvla-7b-finetuned-libero-goal,400,/data/liuyu/outputs/cross_suite_clean_train300_s10_19_20260620/goal_gpu26/libero_goal_t09_s12,"1,3",/data/liuyu/outputs/cross_suite_clean_train300_s10_19_20260620/goal_recovery_A_gpu13/libero_goal_t09_s12,/data/liuyu/outputs/cross_suite_clean_train300_s10_19_20260620/queue_status_worker_goal_recovery_A_gpu13_attempt2.csv,COMPLETE,worker_goal_recovery_A_gpu13,6,train_pool,12,PLANNED,libero_goal,9,False,libero_goal
"2,6",worker_goal_gpu26,libero_goal|9|13|0|CLEAN,CLEAN,0,0,libero_goal_t09_s13,-1,/data/aviary/models/openvla/openvla-7b-finetuned-libero-goal,147,/data/liuyu/outputs/cross_suite_clean_train300_s10_19_20260620/goal_gpu26/libero_goal_t09_s13,"5,4",/data/liuyu/outputs/cross_suite_clean_train300_s10_19_20260620/goal_recovery_B_gpu54/libero_goal_t09_s13,/data/liuyu/outputs/cross_suite_clean_train300_s10_19_20260620/queue_status_worker_goal_recovery_B_gpu54.csv,COMPLETE,worker_goal_recovery_B_gpu54,6,train_pool,13,PLANNED,libero_goal,9,True,libero_goal
"2,6",worker_goal_gpu26,libero_goal|9|14|0|CLEAN,CLEAN,0,0,libero_goal_t09_s14,162,/data/aviary/models/openvla/openvla-7b-finetuned-libero-goal,400,/data/liuyu/outputs/cross_suite_clean_train300_s10_19_20260620/goal_gpu26/libero_goal_t09_s14,"1,3",/data/liuyu/outputs/cross_suite_clean_train300_s10_19_20260620/goal_recovery_A_gpu13/libero_goal_t09_s14,/data/liuyu/outputs/cross_suite_clean_train300_s10_19_20260620/queue_status_worker_goal_recovery_A_gpu13_attempt2.csv,COMPLETE,worker_goal_recovery_A_gpu13,6,train_pool,14,PLANNED,libero_goal,9,False,libero_goal
"2,6",worker_goal_gpu26,libero_goal|9|15|0|CLEAN,CLEAN,0,0,libero_goal_t09_s15,132,/data/aviary/models/openvla/openvla-7b-finetuned-libero-goal,400,/data/liuyu/outputs/cross_suite_clean_train300_s10_19_20260620/goal_gpu26/libero_goal_t09_s15,"5,4",/data/liuyu/outputs/cross_suite_clean_train300_s10_19_20260620/goal_recovery_B_gpu54/libero_goal_t09_s15,/data/liuyu/outputs/cross_suite_clean_train300_s10_19_20260620/queue_status_worker_goal_recovery_B_gpu54.csv,COMPLETE,worker_goal_recovery_B_gpu54,6,train_pool,15,PLANNED,libero_goal,9,False,libero_goal
"2,6",worker_goal_gpu26,libero_goal|9|16|0|CLEAN,CLEAN,0,0,libero_goal_t09_s16,-1,/data/aviary/models/openvla/openvla-7b-finetuned-libero-goal,162,/data/liuyu/outputs/cross_suite_clean_train300_s10_19_20260620/goal_gpu26/libero_goal_t09_s16,"1,3",/data/liuyu/outputs/cross_suite_clean_train300_s10_19_20260620/goal_recovery_A_gpu13/libero_goal_t09_s16,/data/liuyu/outputs/cross_suite_clean_train300_s10_19_20260620/queue_status_worker_goal_recovery_A_gpu13_attempt2.csv,COMPLETE,worker_goal_recovery_A_gpu13,6,train_pool,16,PLANNED,libero_goal,9,True,libero_goal
"2,6",worker_goal_gpu26,libero_goal|9|17|0|CLEAN,CLEAN,0,0,libero_goal_t09_s17,-1,/data/aviary/models/openvla/openvla-7b-finetuned-libero-goal,166,/data/liuyu/outputs/cross_suite_clean_train300_s10_19_20260620/goal_gpu26/libero_goal_t09_s17,"5,4",/data/liuyu/outputs/cross_suite_clean_train300_s10_19_20260620/goal_recovery_B_gpu54/libero_goal_t09_s17,/data/liuyu/outputs/cross_suite_clean_train300_s10_19_20260620/queue_status_worker_goal_recovery_B_gpu54.csv,COMPLETE,worker_goal_recovery_B_gpu54,6,train_pool,17,PLANNED,libero_goal,9,True,libero_goal
"2,6",worker_goal_gpu26,libero_goal|9|18|0|CLEAN,CLEAN,0,0,libero_goal_t09_s18,-1,/data/aviary/models/openvla/openvla-7b-finetuned-libero-goal,157,/data/liuyu/outputs/cross_suite_clean_train300_s10_19_20260620/goal_gpu26/libero_goal_t09_s18,"1,3",/data/liuyu/outputs/cross_suite_clean_train300_s10_19_20260620/goal_recovery_A_gpu13/libero_goal_t09_s18,/data/liuyu/outputs/cross_suite_clean_train300_s10_19_20260620/queue_status_worker_goal_recovery_A_gpu13_attempt2.csv,COMPLETE,worker_goal_recovery_A_gpu13,6,validation_pool,18,PLANNED,libero_goal,9,True,libero_goal
"2,6",worker_goal_gpu26,libero_goal|9|19|0|CLEAN,CLEAN,0,0,libero_goal_t09_s19,-1,/data/aviary/models/openvla/openvla-7b-finetuned-libero-goal,170,/data/liuyu/outputs/cross_suite_clean_train300_s10_19_20260620/goal_gpu26/libero_goal_t09_s19,"5,4",/data/liuyu/outputs/cross_suite_clean_train300_s10_19_20260620/goal_recovery_B_gpu54/libero_goal_t09_s19,/data/liuyu/outputs/cross_suite_clean_train300_s10_19_20260620/queue_status_worker_goal_recovery_B_gpu54.csv,COMPLETE,worker_goal_recovery_B_gpu54,6,validation_pool,19,PLANNED,libero_goal,9,True,libero_goal
"1,3",worker_spatial_gpu13,libero_spatial|0|10|0|CLEAN,CLEAN,0,0,libero_spatial_t00_s10,-1,/data/aviary/models/openvla/openvla-7b-finetuned-libero-spatial,80,/data/liuyu/outputs/cross_suite_clean_train300_s10_19_20260620/spatial_gpu13/libero_spatial_t00_s10,"1,3",/data/liuyu/outputs/cross_suite_clean_train300_s10_19_20260620/spatial_gpu13/libero_spatial_t00_s10,/data/liuyu/outputs/cross_suite_clean_train300_s10_19_20260620/queue_status_worker_spatial_gpu13.csv,COMPLETE,worker_spatial_gpu13,1,train_pool,10,PLANNED,libero_spatial,0,True,libero_spatial
"1,3",worker_spatial_gpu13,libero_spatial|0|11|0|CLEAN,CLEAN,0,0,libero_spatial_t00_s11,-1,/data/aviary/models/openvla/openvla-7b-finetuned-libero-spatial,75,/data/liuyu/outputs/cross_suite_clean_train300_s10_19_20260620/spatial_gpu13/libero_spatial_t00_s11,"1,3",/data/liuyu/outputs/cross_suite_clean_train300_s10_19_20260620/spatial_gpu13/libero_spatial_t00_s11,/data/liuyu/outputs/cross_suite_clean_train300_s10_19_20260620/queue_status_worker_spatial_gpu13.csv,COMPLETE,worker_spatial_gpu13,1,train_pool,11,PLANNED,libero_spatial,0,True,libero_spatial
"1,3",worker_spatial_gpu13,libero_spatial|0|12|0|CLEAN,CLEAN,0,0,libero_spatial_t00_s12,-1,/data/aviary/models/openvla/openvla-7b-finetuned-libero-spatial,80,/data/liuyu/outputs/cross_suite_clean_train300_s10_19_20260620/spatial_gpu13/libero_spatial_t00_s12,"1,3",/data/liuyu/outputs/cross_suite_clean_train300_s10_19_20260620/spatial_gpu13/libero_spatial_t00_s12,/data/liuyu/outputs/cross_suite_clean_train300_s10_19_20260620/queue_status_worker_spatial_gpu13.csv,COMPLETE,worker_spatial_gpu13,1,train_pool,12,PLANNED,libero_spatial,0,True,libero_spatial
"1,3",worker_spatial_gpu13,libero_spatial|0|13|0|CLEAN,CLEAN,0,0,libero_spatial_t00_s13,-1,/data/aviary/models/openvla/openvla-7b-finetuned-libero-spatial,150,/data/liuyu/outputs/cross_suite_clean_train300_s10_19_20260620/spatial_gpu13/libero_spatial_t00_s13,"1,3",/data/liuyu/outputs/cross_suite_clean_train300_s10_19_20260620/spatial_gpu13/libero_spatial_t00_s13,/data/liuyu/outputs/cross_suite_clean_train300_s10_19_20260620/queue_status_worker_spatial_gpu13.csv,COMPLETE,worker_spatial_gpu13,1,train_pool,13,PLANNED,libero_spatial,0,True,libero_spatial
"1,3",worker_spatial_gpu13,libero_spatial|0|14|0|CLEAN,CLEAN,0,0,libero_spatial_t00_s14,-1,/data/aviary/models/openvla/openvla-7b-finetuned-libero-spatial,89,/data/liuyu/outputs/cross_suite_clean_train300_s10_19_20260620/spatial_gpu13/libero_spatial_t00_s14,"1,3",/data/liuyu/outputs/cross_suite_clean_train300_s10_19_20260620/spatial_gpu13/libero_spatial_t00_s14,/data/liuyu/outputs/cross_suite_clean_train300_s10_19_20260620/queue_status_worker_spatial_gpu13.csv,COMPLETE,worker_spatial_gpu13,1,train_pool,14,PLANNED,libero_spatial,0,True,libero_spatial
"1,3",worker_spatial_gpu13,libero_spatial|0|15|0|CLEAN,CLEAN,0,0,libero_spatial_t00_s15,-1,/data/aviary/models/openvla/openvla-7b-finetuned-libero-spatial,65,/data/liuyu/outputs/cross_suite_clean_train300_s10_19_20260620/spatial_gpu13/libero_spatial_t00_s15,"1,3",/data/liuyu/outputs/cross_suite_clean_train300_s10_19_20260620/spatial_gpu13/libero_spatial_t00_s15,/data/liuyu/outputs/cross_suite_clean_train300_s10_19_20260620/queue_status_worker_spatial_gpu13.csv,COMPLETE,worker_spatial_gpu13,1,train_pool,15,PLANNED,libero_spatial,0,True,libero_spatial
"1,3",worker_spatial_gpu13,libero_spatial|0|16|0|CLEAN,CLEAN,0,0,libero_spatial_t00_s16,-1,/data/aviary/models/openvla/openvla-7b-finetuned-libero-spatial,80,/data/liuyu/outputs/cross_suite_clean_train300_s10_19_20260620/spatial_gpu13/libero_spatial_t00_s16,"1,3",/data/liuyu/outputs/cross_suite_clean_train300_s10_19_20260620/spatial_gpu13/libero_spatial_t00_s16,/data/liuyu/outputs/cross_suite_clean_train300_s10_19_20260620/queue_status_worker_spatial_gpu13.csv,COMPLETE,worker_spatial_gpu13,1,train_pool,16,PLANNED,libero_spatial,0,True,libero_spatial
"1,3",worker_spatial_gpu13,libero_spatial|0|17|0|CLEAN,CLEAN,0,0,libero_spatial_t00_s17,-1,/data/aviary/models/openvla/openvla-7b-finetuned-libero-spatial,78,/data/liuyu/outputs/cross_suite_clean_train300_s10_19_20260620/spatial_gpu13/libero_spatial_t00_s17,"1,3",/data/liuyu/outputs/cross_suite_clean_train300_s10_19_20260620/spatial_gpu13/libero_spatial_t00_s17,/data/liuyu/outputs/cross_suite_clean_train300_s10_19_20260620/queue_status_worker_spatial_gpu13.csv,COMPLETE,worker_spatial_gpu13,1,train_pool,17,PLANNED,libero_spatial,0,True,libero_spatial
"1,3",worker_spatial_gpu13,libero_spatial|0|18|0|CLEAN,CLEAN,0,0,libero_spatial_t00_s18,-1,/data/aviary/models/openvla/openvla-7b-finetuned-libero-spatial,88,/data/liuyu/outputs/cross_suite_clean_train300_s10_19_20260620/spatial_gpu13/libero_spatial_t00_s18,"1,3",/data/liuyu/outputs/cross_suite_clean_train300_s10_19_20260620/spatial_gpu13/libero_spatial_t00_s18,/data/liuyu/outputs/cross_suite_clean_train300_s10_19_20260620/queue_status_worker_spatial_gpu13.csv,COMPLETE,worker_spatial_gpu13,1,validation_pool,18,PLANNED,libero_spatial,0,True,libero_spatial
"1,3",worker_spatial_gpu13,libero_spatial|0|19|0|CLEAN,CLEAN,0,0,libero_spatial_t00_s19,-1,/data/aviary/models/openvla/openvla-7b-finetuned-libero-spatial,86,/data/liuyu/outputs/cross_suite_clean_train300_s10_19_20260620/spatial_gpu13/libero_spatial_t00_s19,"1,3",/data/liuyu/outputs/cross_suite_clean_train300_s10_19_20260620/spatial_gpu13/libero_spatial_t00_s19,/data/liuyu/outputs/cross_suite_clean_train300_s10_19_20260620/queue_status_worker_spatial_gpu13.csv,COMPLETE,worker_spatial_gpu13,1,validation_pool,19,PLANNED,libero_spatial,0,True,libero_spatial
"1,3",worker_spatial_gpu13,libero_spatial|1|10|0|CLEAN,CLEAN,0,0,libero_spatial_t01_s10,-1,/data/aviary/models/openvla/openvla-7b-finetuned-libero-spatial,125,/data/liuyu/outputs/cross_suite_clean_train300_s10_19_20260620/spatial_gpu13/libero_spatial_t01_s10,"1,3",/data/liuyu/outputs/cross_suite_clean_train300_s10_19_20260620/spatial_gpu13/libero_spatial_t01_s10,/data/liuyu/outputs/cross_suite_clean_train300_s10_19_20260620/queue_status_worker_spatial_gpu13.csv,COMPLETE,worker_spatial_gpu13,1,train_pool,10,PLANNED,libero_spatial,1,True,libero_spatial
"1,3",worker_spatial_gpu13,libero_spatial|1|11|0|CLEAN,CLEAN,0,0,libero_spatial_t01_s11,-1,/data/aviary/models/openvla/openvla-7b-finetuned-libero-spatial,105,/data/liuyu/outputs/cross_suite_clean_train300_s10_19_20260620/spatial_gpu13/libero_spatial_t01_s11,"1,3",/data/liuyu/outputs/cross_suite_clean_train300_s10_19_20260620/spatial_gpu13/libero_spatial_t01_s11,/data/liuyu/outputs/cross_suite_clean_train300_s10_19_20260620/queue_status_worker_spatial_gpu13.csv,COMPLETE,worker_spatial_gpu13,1,train_pool,11,PLANNED,libero_spatial,1,True,libero_spatial
"1,3",worker_spatial_gpu13,libero_spatial|1|12|0|CLEAN,CLEAN,0,0,libero_spatial_t01_s12,-1,/data/aviary/models/openvla/openvla-7b-finetuned-libero-spatial,109,/data/liuyu/outputs/cross_suite_clean_train300_s10_19_20260620/spatial_gpu13/libero_spatial_t01_s12,"1,3",/data/liuyu/outputs/cross_suite_clean_train300_s10_19_20260620/spatial_gpu13/libero_spatial_t01_s12,/data/liuyu/outputs/cross_suite_clean_train300_s10_19_20260620/queue_status_worker_spatial_gpu13.csv,COMPLETE,worker_spatial_gpu13,1,train_pool,12,PLANNED,libero_spatial,1,True,libero_spatial
"1,3",worker_spatial_gpu13,libero_spatial|1|13|0|CLEAN,CLEAN,0,0,libero_spatial_t01_s13,-1,/data/aviary/models/openvla/openvla-7b-finetuned-libero-spatial,125,/data/liuyu/outputs/cross_suite_clean_train300_s10_19_20260620/spatial_gpu13/libero_spatial_t01_s13,"1,3",/data/liuyu/outputs/cross_suite_clean_train300_s10_19_20260620/spatial_gpu13/libero_spatial_t01_s13,/data/liuyu/outputs/cross_suite_clean_train300_s10_19_20260620/queue_status_worker_spatial_gpu13.csv,COMPLETE,worker_spatial_gpu13,1,train_pool,13,PLANNED,libero_spatial,1,True,libero_spatial
"1,3",worker_spatial_gpu13,libero_spatial|1|14|0|CLEAN,CLEAN,0,0,libero_spatial_t01_s14,-1,/data/aviary/models/openvla/openvla-7b-finetuned-libero-spatial,117,/data/liuyu/outputs/cross_suite_clean_train300_s10_19_20260620/spatial_gpu13/libero_spatial_t01_s14,"1,3",/data/liuyu/outputs/cross_suite_clean_train300_s10_19_20260620/spatial_gpu13/libero_spatial_t01_s14,/data/liuyu/outputs/cross_suite_clean_train300_s10_19_20260620/queue_status_worker_spatial_gpu13.csv,COMPLETE,worker_spatial_gpu13,1,train_pool,14,PLANNED,libero_spatial,1,True,libero_spatial
"1,3",worker_spatial_gpu13,libero_spatial|1|15|0|CLEAN,CLEAN,0,0,libero_spatial_t01_s15,-1,/data/aviary/models/openvla/openvla-7b-finetuned-libero-spatial,109,/data/liuyu/outputs/cross_suite_clean_train300_s10_19_20260620/spatial_gpu13/libero_spatial_t01_s15,"1,3",/data/liuyu/outputs/cross_suite_clean_train300_s10_19_20260620/spatial_gpu13/libero_spatial_t01_s15,/data/liuyu/outputs/cross_suite_clean_train300_s10_19_20260620/queue_status_worker_spatial_gpu13.csv,COMPLETE,worker_spatial_gpu13,1,train_pool,15,PLANNED,libero_spatial,1,True,libero_spatial
"1,3",worker_spatial_gpu13,libero_spatial|1|16|0|CLEAN,CLEAN,0,0,libero_spatial_t01_s16,-1,/data/aviary/models/openvla/openvla-7b-finetuned-libero-spatial,104,/data/liuyu/outputs/cross_suite_clean_train300_s10_19_20260620/spatial_gpu13/libero_spatial_t01_s16,"1,3",/data/liuyu/outputs/cross_suite_clean_train300_s10_19_20260620/spatial_gpu13/libero_spatial_t01_s16,/data/liuyu/outputs/cross_suite_clean_train300_s10_19_20260620/queue_status_worker_spatial_gpu13.csv,COMPLETE,worker_spatial_gpu13,1,train_pool,16,PLANNED,libero_spatial,1,True,libero_spatial
"1,3",worker_spatial_gpu13,libero_spatial|1|17|0|CLEAN,CLEAN,0,0,libero_spatial_t01_s17,-1,/data/aviary/models/openvla/openvla-7b-finetuned-libero-spatial,400,/data/liuyu/outputs/cross_suite_clean_train300_s10_19_20260620/spatial_gpu13/libero_spatial_t01_s17,"1,3",/data/liuyu/outputs/cross_suite_clean_train300_s10_19_20260620/spatial_gpu13/libero_spatial_t01_s17,/data/liuyu/outputs/cross_suite_clean_train300_s10_19_20260620/queue_status_worker_spatial_gpu13.csv,COMPLETE,worker_spatial_gpu13,1,train_pool,17,PLANNED,libero_spatial,1,False,libero_spatial
"1,3",worker_spatial_gpu13,libero_spatial|1|18|0|CLEAN,CLEAN,0,0,libero_spatial_t01_s18,-1,/data/aviary/models/openvla/openvla-7b-finetuned-libero-spatial,111,/data/liuyu/outputs/cross_suite_clean_train300_s10_19_20260620/spatial_gpu13/libero_spatial_t01_s18,"1,3",/data/liuyu/outputs/cross_suite_clean_train300_s10_19_20260620/spatial_gpu13/libero_spatial_t01_s18,/data/liuyu/outputs/cross_suite_clean_train300_s10_19_20260620/queue_status_worker_spatial_gpu13.csv,COMPLETE,worker_spatial_gpu13,1,validation_pool,18,PLANNED,libero_spatial,1,True,libero_spatial
"1,3",worker_spatial_gpu13,libero_spatial|1|19|0|CLEAN,CLEAN,0,0,libero_spatial_t01_s19,-1,/data/aviary/models/openvla/openvla-7b-finetuned-libero-spatial,400,/data/liuyu/outputs/cross_suite_clean_train300_s10_19_20260620/spatial_gpu13/libero_spatial_t01_s19,"1,3",/data/liuyu/outputs/cross_suite_clean_train300_s10_19_20260620/spatial_gpu13/libero_spatial_t01_s19,/data/liuyu/outputs/cross_suite_clean_train300_s10_19_20260620/queue_status_worker_spatial_gpu13.csv,COMPLETE,worker_spatial_gpu13,1,validation_pool,19,PLANNED,libero_spatial,1,False,libero_spatial
"1,3",worker_spatial_gpu13,libero_spatial|2|10|0|CLEAN,CLEAN,0,0,libero_spatial_t02_s10,-1,/data/aviary/models/openvla/openvla-7b-finetuned-libero-spatial,103,/data/liuyu/outputs/cross_suite_clean_train300_s10_19_20260620/spatial_gpu13/libero_spatial_t02_s10,"1,3",/data/liuyu/outputs/cross_suite_clean_train300_s10_19_20260620/spatial_gpu13/libero_spatial_t02_s10,/data/liuyu/outputs/cross_suite_clean_train300_s10_19_20260620/queue_status_worker_spatial_gpu13.csv,COMPLETE,worker_spatial_gpu13,1,train_pool,10,PLANNED,libero_spatial,2,True,libero_spatial
"1,3",worker_spatial_gpu13,libero_spatial|2|11|0|CLEAN,CLEAN,0,0,libero_spatial_t02_s11,-1,/data/aviary/models/openvla/openvla-7b-finetuned-libero-spatial,117,/data/liuyu/outputs/cross_suite_clean_train300_s10_19_20260620/spatial_gpu13/libero_spatial_t02_s11,"1,3",/data/liuyu/outputs/cross_suite_clean_train300_s10_19_20260620/spatial_gpu13/libero_spatial_t02_s11,/data/liuyu/outputs/cross_suite_clean_train300_s10_19_20260620/queue_status_worker_spatial_gpu13.csv,COMPLETE,worker_spatial_gpu13,1,train_pool,11,PLANNED,libero_spatial,2,True,libero_spatial
"1,3",worker_spatial_gpu13,libero_spatial|2|12|0|CLEAN,CLEAN,0,0,libero_spatial_t02_s12,-1,/data/aviary/models/openvla/openvla-7b-finetuned-libero-spatial,116,/data/liuyu/outputs/cross_suite_clean_train300_s10_19_20260620/spatial_gpu13/libero_spatial_t02_s12,"1,3",/data/liuyu/outputs/cross_suite_clean_train300_s10_19_20260620/spatial_gpu13/libero_spatial_t02_s12,/data/liuyu/outputs/cross_suite_clean_train300_s10_19_20260620/queue_status_worker_spatial_gpu13.csv,COMPLETE,worker_spatial_gpu13,1,train_pool,12,PLANNED,libero_spatial,2,True,libero_spatial
"1,3",worker_spatial_gpu13,libero_spatial|2|13|0|CLEAN,CLEAN,0,0,libero_spatial_t02_s13,-1,/data/aviary/models/openvla/openvla-7b-finetuned-libero-spatial,115,/data/liuyu/outputs/cross_suite_clean_train300_s10_19_20260620/spatial_gpu13/libero_spatial_t02_s13,"1,3",/data/liuyu/outputs/cross_suite_clean_train300_s10_19_20260620/spatial_gpu13/libero_spatial_t02_s13,/data/liuyu/outputs/cross_suite_clean_train300_s10_19_20260620/queue_status_worker_spatial_gpu13.csv,COMPLETE,worker_spatial_gpu13,1,train_pool,13,PLANNED,libero_spatial,2,True,libero_spatial
"1,3",worker_spatial_gpu13,libero_spatial|2|14|0|CLEAN,CLEAN,0,0,libero_spatial_t02_s14,-1,/data/aviary/models/openvla/openvla-7b-finetuned-libero-spatial,104,/data/liuyu/outputs/cross_suite_clean_train300_s10_19_20260620/spatial_gpu13/libero_spatial_t02_s14,"1,3",/data/liuyu/outputs/cross_suite_clean_train300_s10_19_20260620/spatial_gpu13/libero_spatial_t02_s14,/data/liuyu/outputs/cross_suite_clean_train300_s10_19_20260620/queue_status_worker_spatial_gpu13.csv,COMPLETE,worker_spatial_gpu13,1,train_pool,14,PLANNED,libero_spatial,2,True,libero_spatial
"1,3",worker_spatial_gpu13,libero_spatial|2|15|0|CLEAN,CLEAN,0,0,libero_spatial_t02_s15,-1,/data/aviary/models/openvla/openvla-7b-finetuned-libero-spatial,108,/data/liuyu/outputs/cross_suite_clean_train300_s10_19_20260620/spatial_gpu13/libero_spatial_t02_s15,"1,3",/data/liuyu/outputs/cross_suite_clean_train300_s10_19_20260620/spatial_gpu13/libero_spatial_t02_s15,/data/liuyu/outputs/cross_suite_clean_train300_s10_19_20260620/queue_status_worker_spatial_gpu13.csv,COMPLETE,worker_spatial_gpu13,1,train_pool,15,PLANNED,libero_spatial,2,True,libero_spatial
"1,3",worker_spatial_gpu13,libero_spatial|2|16|0|CLEAN,CLEAN,0,0,libero_spatial_t02_s16,-1,/data/aviary/models/openvla/openvla-7b-finetuned-libero-spatial,89,/data/liuyu/outputs/cross_suite_clean_train300_s10_19_20260620/spatial_gpu13/libero_spatial_t02_s16,"1,3",/data/liuyu/outputs/cross_suite_clean_train300_s10_19_20260620/spatial_gpu13/libero_spatial_t02_s16,/data/liuyu/outputs/cross_suite_clean_train300_s10_19_20260620/queue_status_worker_spatial_gpu13.csv,COMPLETE,worker_spatial_gpu13,1,train_pool,16,PLANNED,libero_spatial,2,True,libero_spatial
"1,3",worker_spatial_gpu13,libero_spatial|2|17|0|CLEAN,CLEAN,0,0,libero_spatial_t02_s17,-1,/data/aviary/models/openvla/openvla-7b-finetuned-libero-spatial,100,/data/liuyu/outputs/cross_suite_clean_train300_s10_19_20260620/spatial_gpu13/libero_spatial_t02_s17,"1,3",/data/liuyu/outputs/cross_suite_clean_train300_s10_19_20260620/spatial_gpu13/libero_spatial_t02_s17,/data/liuyu/outputs/cross_suite_clean_train300_s10_19_20260620/queue_status_worker_spatial_gpu13.csv,COMPLETE,worker_spatial_gpu13,1,train_pool,17,PLANNED,libero_spatial,2,True,libero_spatial
"1,3",worker_spatial_gpu13,libero_spatial|2|18|0|CLEAN,CLEAN,0,0,libero_spatial_t02_s18,-1,/data/aviary/models/openvla/openvla-7b-finetuned-libero-spatial,400,/data/liuyu/outputs/cross_suite_clean_train300_s10_19_20260620/spatial_gpu13/libero_spatial_t02_s18,"1,3",/data/liuyu/outputs/cross_suite_clean_train300_s10_19_20260620/spatial_gpu13/libero_spatial_t02_s18,/data/liuyu/outputs/cross_suite_clean_train300_s10_19_20260620/queue_status_worker_spatial_gpu13.csv,COMPLETE,worker_spatial_gpu13,1,validation_pool,18,PLANNED,libero_spatial,2,False,libero_spatial
"1,3",worker_spatial_gpu13,libero_spatial|2|19|0|CLEAN,CLEAN,0,0,libero_spatial_t02_s19,-1,/data/aviary/models/openvla/openvla-7b-finetuned-libero-spatial,400,/data/liuyu/outputs/cross_suite_clean_train300_s10_19_20260620/spatial_gpu13/libero_spatial_t02_s19,"1,3",/data/liuyu/outputs/cross_suite_clean_train300_s10_19_20260620/spatial_gpu13/libero_spatial_t02_s19,/data/liuyu/outputs/cross_suite_clean_train300_s10_19_20260620/queue_status_worker_spatial_gpu13.csv,COMPLETE,worker_spatial_gpu13,1,validation_pool,19,PLANNED,libero_spatial,2,False,libero_spatial
"1,3",worker_spatial_gpu13,libero_spatial|3|10|0|CLEAN,CLEAN,0,0,libero_spatial_t03_s10,-1,/data/aviary/models/openvla/openvla-7b-finetuned-libero-spatial,83,/data/liuyu/outputs/cross_suite_clean_train300_s10_19_20260620/spatial_gpu13/libero_spatial_t03_s10,"1,3",/data/liuyu/outputs/cross_suite_clean_train300_s10_19_20260620/spatial_gpu13/libero_spatial_t03_s10,/data/liuyu/outputs/cross_suite_clean_train300_s10_19_20260620/queue_status_worker_spatial_gpu13.csv,COMPLETE,worker_spatial_gpu13,1,train_pool,10,PLANNED,libero_spatial,3,True,libero_spatial
"1,3",worker_spatial_gpu13,libero_spatial|3|11|0|CLEAN,CLEAN,0,0,libero_spatial_t03_s11,-1,/data/aviary/models/openvla/openvla-7b-finetuned-libero-spatial,84,/data/liuyu/outputs/cross_suite_clean_train300_s10_19_20260620/spatial_gpu13/libero_spatial_t03_s11,"1,3",/data/liuyu/outputs/cross_suite_clean_train300_s10_19_20260620/spatial_gpu13/libero_spatial_t03_s11,/data/liuyu/outputs/cross_suite_clean_train300_s10_19_20260620/queue_status_worker_spatial_gpu13.csv,COMPLETE,worker_spatial_gpu13,1,train_pool,11,PLANNED,libero_spatial,3,True,libero_spatial
"1,3",worker_spatial_gpu13,libero_spatial|3|12|0|CLEAN,CLEAN,0,0,libero_spatial_t03_s12,-1,/data/aviary/models/openvla/openvla-7b-finetuned-libero-spatial,89,/data/liuyu/outputs/cross_suite_clean_train300_s10_19_20260620/spatial_gpu13/libero_spatial_t03_s12,"1,3",/data/liuyu/outputs/cross_suite_clean_train300_s10_19_20260620/spatial_gpu13/libero_spatial_t03_s12,/data/liuyu/outputs/cross_suite_clean_train300_s10_19_20260620/queue_status_worker_spatial_gpu13.csv,COMPLETE,worker_spatial_gpu13,1,train_pool,12,PLANNED,libero_spatial,3,True,libero_spatial
"1,3",worker_spatial_gpu13,libero_spatial|3|13|0|CLEAN,CLEAN,0,0,libero_spatial_t03_s13,-1,/data/aviary/models/openvla/openvla-7b-finetuned-libero-spatial,88,/data/liuyu/outputs/cross_suite_clean_train300_s10_19_20260620/spatial_gpu13/libero_spatial_t03_s13,"1,3",/data/liuyu/outputs/cross_suite_clean_train300_s10_19_20260620/spatial_gpu13/libero_spatial_t03_s13,/data/liuyu/outputs/cross_suite_clean_train300_s10_19_20260620/queue_status_worker_spatial_gpu13.csv,COMPLETE,worker_spatial_gpu13,1,train_pool,13,PLANNED,libero_spatial,3,True,libero_spatial
"1,3",worker_spatial_gpu13,libero_spatial|3|14|0|CLEAN,CLEAN,0,0,libero_spatial_t03_s14,-1,/data/aviary/models/openvla/openvla-7b-finetuned-libero-spatial,94,/data/liuyu/outputs/cross_suite_clean_train300_s10_19_20260620/spatial_gpu13/libero_spatial_t03_s14,"1,3",/data/liuyu/outputs/cross_suite_clean_train300_s10_19_20260620/spatial_gpu13/libero_spatial_t03_s14,/data/liuyu/outputs/cross_suite_clean_train300_s10_19_20260620/queue_status_worker_spatial_gpu13.csv,COMPLETE,worker_spatial_gpu13,1,train_pool,14,PLANNED,libero_spatial,3,True,libero_spatial
"1,3",worker_spatial_gpu13,libero_spatial|3|15|0|CLEAN,CLEAN,0,0,libero_spatial_t03_s15,-1,/data/aviary/models/openvla/openvla-7b-finetuned-libero-spatial,82,/data/liuyu/outputs/cross_suite_clean_train300_s10_19_20260620/spatial_gpu13/libero_spatial_t03_s15,"1,3",/data/liuyu/outputs/cross_suite_clean_train300_s10_19_20260620/spatial_gpu13/libero_spatial_t03_s15,/data/liuyu/outputs/cross_suite_clean_train300_s10_19_20260620/queue_status_worker_spatial_gpu13.csv,COMPLETE,worker_spatial_gpu13,1,train_pool,15,PLANNED,libero_spatial,3,True,libero_spatial
"1,3",worker_spatial_gpu13,libero_spatial|3|16|0|CLEAN,CLEAN,0,0,libero_spatial_t03_s16,-1,/data/aviary/models/openvla/openvla-7b-finetuned-libero-spatial,85,/data/liuyu/outputs/cross_suite_clean_train300_s10_19_20260620/spatial_gpu13/libero_spatial_t03_s16,"1,3",/data/liuyu/outputs/cross_suite_clean_train300_s10_19_20260620/spatial_gpu13/libero_spatial_t03_s16,/data/liuyu/outputs/cross_suite_clean_train300_s10_19_20260620/queue_status_worker_spatial_gpu13.csv,COMPLETE,worker_spatial_gpu13,1,train_pool,16,PLANNED,libero_spatial,3,True,libero_spatial
"1,3",worker_spatial_gpu13,libero_spatial|3|17|0|CLEAN,CLEAN,0,0,libero_spatial_t03_s17,-1,/data/aviary/models/openvla/openvla-7b-finetuned-libero-spatial,85,/data/liuyu/outputs/cross_suite_clean_train300_s10_19_20260620/spatial_gpu13/libero_spatial_t03_s17,"1,3",/data/liuyu/outputs/cross_suite_clean_train300_s10_19_20260620/spatial_gpu13/libero_spatial_t03_s17,/data/liuyu/outputs/cross_suite_clean_train300_s10_19_20260620/queue_status_worker_spatial_gpu13.csv,COMPLETE,worker_spatial_gpu13,1,train_pool,17,PLANNED,libero_spatial,3,True,libero_spatial
"1,3",worker_spatial_gpu13,libero_spatial|3|18|0|CLEAN,CLEAN,0,0,libero_spatial_t03_s18,-1,/data/aviary/models/openvla/openvla-7b-finetuned-libero-spatial,85,/data/liuyu/outputs/cross_suite_clean_train300_s10_19_20260620/spatial_gpu13/libero_spatial_t03_s18,"1,3",/data/liuyu/outputs/cross_suite_clean_train300_s10_19_20260620/spatial_gpu13/libero_spatial_t03_s18,/data/liuyu/outputs/cross_suite_clean_train300_s10_19_20260620/queue_status_worker_spatial_gpu13.csv,COMPLETE,worker_spatial_gpu13,1,validation_pool,18,PLANNED,libero_spatial,3,True,libero_spatial
"1,3",worker_spatial_gpu13,libero_spatial|3|19|0|CLEAN,CLEAN,0,0,libero_spatial_t03_s19,-1,/data/aviary/models/openvla/openvla-7b-finetuned-libero-spatial,79,/data/liuyu/outputs/cross_suite_clean_train300_s10_19_20260620/spatial_gpu13/libero_spatial_t03_s19,"1,3",/data/liuyu/outputs/cross_suite_clean_train300_s10_19_20260620/spatial_gpu13/libero_spatial_t03_s19,/data/liuyu/outputs/cross_suite_clean_train300_s10_19_20260620/queue_status_worker_spatial_gpu13.csv,COMPLETE,worker_spatial_gpu13,1,validation_pool,19,PLANNED,libero_spatial,3,True,libero_spatial
"1,3",worker_spatial_gpu13,libero_spatial|4|10|0|CLEAN,CLEAN,0,0,libero_spatial_t04_s10,-1,/data/aviary/models/openvla/openvla-7b-finetuned-libero-spatial,118,/data/liuyu/outputs/cross_suite_clean_train300_s10_19_20260620/spatial_gpu13/libero_spatial_t04_s10,"1,3",/data/liuyu/outputs/cross_suite_clean_train300_s10_19_20260620/spatial_gpu13/libero_spatial_t04_s10,/data/liuyu/outputs/cross_suite_clean_train300_s10_19_20260620/queue_status_worker_spatial_gpu13.csv,COMPLETE,worker_spatial_gpu13,1,train_pool,10,PLANNED,libero_spatial,4,True,libero_spatial
"1,3",worker_spatial_gpu13,libero_spatial|4|11|0|CLEAN,CLEAN,0,0,libero_spatial_t04_s11,-1,/data/aviary/models/openvla/openvla-7b-finetuned-libero-spatial,117,/data/liuyu/outputs/cross_suite_clean_train300_s10_19_20260620/spatial_gpu13/libero_spatial_t04_s11,"1,3",/data/liuyu/outputs/cross_suite_clean_train300_s10_19_20260620/spatial_gpu13/libero_spatial_t04_s11,/data/liuyu/outputs/cross_suite_clean_train300_s10_19_20260620/queue_status_worker_spatial_gpu13.csv,COMPLETE,worker_spatial_gpu13,1,train_pool,11,PLANNED,libero_spatial,4,True,libero_spatial
"1,3",worker_spatial_gpu13,libero_spatial|4|12|0|CLEAN,CLEAN,0,0,libero_spatial_t04_s12,-1,/data/aviary/models/openvla/openvla-7b-finetuned-libero-spatial,138,/data/liuyu/outputs/cross_suite_clean_train300_s10_19_20260620/spatial_gpu13/libero_spatial_t04_s12,"1,3",/data/liuyu/outputs/cross_suite_clean_train300_s10_19_20260620/spatial_gpu13/libero_spatial_t04_s12,/data/liuyu/outputs/cross_suite_clean_train300_s10_19_20260620/queue_status_worker_spatial_gpu13.csv,COMPLETE,worker_spatial_gpu13,1,train_pool,12,PLANNED,libero_spatial,4,True,libero_spatial
"1,3",worker_spatial_gpu13,libero_spatial|4|13|0|CLEAN,CLEAN,0,0,libero_spatial_t04_s13,-1,/data/aviary/models/openvla/openvla-7b-finetuned-libero-spatial,400,/data/liuyu/outputs/cross_suite_clean_train300_s10_19_20260620/spatial_gpu13/libero_spatial_t04_s13,"1,3",/data/liuyu/outputs/cross_suite_clean_train300_s10_19_20260620/spatial_gpu13/libero_spatial_t04_s13,/data/liuyu/outputs/cross_suite_clean_train300_s10_19_20260620/queue_status_worker_spatial_gpu13.csv,COMPLETE,worker_spatial_gpu13,1,train_pool,13,PLANNED,libero_spatial,4,False,libero_spatial
"1,3",worker_spatial_gpu13,libero_spatial|4|14|0|CLEAN,CLEAN,0,0,libero_spatial_t04_s14,-1,/data/aviary/models/openvla/openvla-7b-finetuned-libero-spatial,400,/data/liuyu/outputs/cross_suite_clean_train300_s10_19_20260620/spatial_gpu13/libero_spatial_t04_s14,"1,3",/data/liuyu/outputs/cross_suite_clean_train300_s10_19_20260620/spatial_gpu13/libero_spatial_t04_s14,/data/liuyu/outputs/cross_suite_clean_train300_s10_19_20260620/queue_status_worker_spatial_gpu13.csv,COMPLETE,worker_spatial_gpu13,1,train_pool,14,PLANNED,libero_spatial,4,False,libero_spatial
"1,3",worker_spatial_gpu13,libero_spatial|4|15|0|CLEAN,CLEAN,0,0,libero_spatial_t04_s15,-1,/data/aviary/models/openvla/openvla-7b-finetuned-libero-spatial,127,/data/liuyu/outputs/cross_suite_clean_train300_s10_19_20260620/spatial_gpu13/libero_spatial_t04_s15,"1,3",/data/liuyu/outputs/cross_suite_clean_train300_s10_19_20260620/spatial_gpu13/libero_spatial_t04_s15,/data/liuyu/outputs/cross_suite_clean_train300_s10_19_20260620/queue_status_worker_spatial_gpu13.csv,COMPLETE,worker_spatial_gpu13,1,train_pool,15,PLANNED,libero_spatial,4,True,libero_spatial
"1,3",worker_spatial_gpu13,libero_spatial|4|16|0|CLEAN,CLEAN,0,0,libero_spatial_t04_s16,-1,/data/aviary/models/openvla/openvla-7b-finetuned-libero-spatial,120,/data/liuyu/outputs/cross_suite_clean_train300_s10_19_20260620/spatial_gpu13/libero_spatial_t04_s16,"1,3",/data/liuyu/outputs/cross_suite_clean_train300_s10_19_20260620/spatial_gpu13/libero_spatial_t04_s16,/data/liuyu/outputs/cross_suite_clean_train300_s10_19_20260620/queue_status_worker_spatial_gpu13.csv,COMPLETE,worker_spatial_gpu13,1,train_pool,16,PLANNED,libero_spatial,4,True,libero_spatial
"1,3",worker_spatial_gpu13,libero_spatial|4|17|0|CLEAN,CLEAN,0,0,libero_spatial_t04_s17,-1,/data/aviary/models/openvla/openvla-7b-finetuned-libero-spatial,128,/data/liuyu/outputs/cross_suite_clean_train300_s10_19_20260620/spatial_gpu13/libero_spatial_t04_s17,"1,3",/data/liuyu/outputs/cross_suite_clean_train300_s10_19_20260620/spatial_gpu13/libero_spatial_t04_s17,/data/liuyu/outputs/cross_suite_clean_train300_s10_19_20260620/queue_status_worker_spatial_gpu13.csv,COMPLETE,worker_spatial_gpu13,1,train_pool,17,PLANNED,libero_spatial,4,True,libero_spatial
"1,3",worker_spatial_gpu13,libero_spatial|4|18|0|CLEAN,CLEAN,0,0,libero_spatial_t04_s18,-1,/data/aviary/models/openvla/openvla-7b-finetuned-libero-spatial,119,/data/liuyu/outputs/cross_suite_clean_train300_s10_19_20260620/spatial_gpu13/libero_spatial_t04_s18,"1,3",/data/liuyu/outputs/cross_suite_clean_train300_s10_19_20260620/spatial_gpu13/libero_spatial_t04_s18,/data/liuyu/outputs/cross_suite_clean_train300_s10_19_20260620/queue_status_worker_spatial_gpu13.csv,COMPLETE,worker_spatial_gpu13,1,validation_pool,18,PLANNED,libero_spatial,4,True,libero_spatial
"1,3",worker_spatial_gpu13,libero_spatial|4|19|0|CLEAN,CLEAN,0,0,libero_spatial_t04_s19,-1,/data/aviary/models/openvla/openvla-7b-finetuned-libero-spatial,120,/data/liuyu/outputs/cross_suite_clean_train300_s10_19_20260620/spatial_gpu13/libero_spatial_t04_s19,"1,3",/data/liuyu/outputs/cross_suite_clean_train300_s10_19_20260620/spatial_gpu13/libero_spatial_t04_s19,/data/liuyu/outputs/cross_suite_clean_train300_s10_19_20260620/queue_status_worker_spatial_gpu13.csv,COMPLETE,worker_spatial_gpu13,1,validation_pool,19,PLANNED,libero_spatial,4,True,libero_spatial
"1,3",worker_spatial_gpu13,libero_spatial|5|10|0|CLEAN,CLEAN,0,0,libero_spatial_t05_s10,-1,/data/aviary/models/openvla/openvla-7b-finetuned-libero-spatial,400,/data/liuyu/outputs/cross_suite_clean_train300_s10_19_20260620/spatial_gpu13/libero_spatial_t05_s10,"1,3",/data/liuyu/outputs/cross_suite_clean_train300_s10_19_20260620/spatial_gpu13/libero_spatial_t05_s10,/data/liuyu/outputs/cross_suite_clean_train300_s10_19_20260620/queue_status_worker_spatial_gpu13.csv,COMPLETE,worker_spatial_gpu13,1,train_pool,10,PLANNED,libero_spatial,5,False,libero_spatial
"1,3",worker_spatial_gpu13,libero_spatial|5|11|0|CLEAN,CLEAN,0,0,libero_spatial_t05_s11,-1,/data/aviary/models/openvla/openvla-7b-finetuned-libero-spatial,72,/data/liuyu/outputs/cross_suite_clean_train300_s10_19_20260620/spatial_gpu13/libero_spatial_t05_s11,"1,3",/data/liuyu/outputs/cross_suite_clean_train300_s10_19_20260620/spatial_gpu13/libero_spatial_t05_s11,/data/liuyu/outputs/cross_suite_clean_train300_s10_19_20260620/queue_status_worker_spatial_gpu13.csv,COMPLETE,worker_spatial_gpu13,1,train_pool,11,PLANNED,libero_spatial,5,True,libero_spatial
"1,3",worker_spatial_gpu13,libero_spatial|5|12|0|CLEAN,CLEAN,0,0,libero_spatial_t05_s12,-1,/data/aviary/models/openvla/openvla-7b-finetuned-libero-spatial,90,/data/liuyu/outputs/cross_suite_clean_train300_s10_19_20260620/spatial_gpu13/libero_spatial_t05_s12,"1,3",/data/liuyu/outputs/cross_suite_clean_train300_s10_19_20260620/spatial_gpu13/libero_spatial_t05_s12,/data/liuyu/outputs/cross_suite_clean_train300_s10_19_20260620/queue_status_worker_spatial_gpu13.csv,COMPLETE,worker_spatial_gpu13,1,train_pool,12,PLANNED,libero_spatial,5,True,libero_spatial
"1,3",worker_spatial_gpu13,libero_spatial|5|13|0|CLEAN,CLEAN,0,0,libero_spatial_t05_s13,-1,/data/aviary/models/openvla/openvla-7b-finetuned-libero-spatial,400,/data/liuyu/outputs/cross_suite_clean_train300_s10_19_20260620/spatial_gpu13/libero_spatial_t05_s13,"1,3",/data/liuyu/outputs/cross_suite_clean_train300_s10_19_20260620/spatial_gpu13/libero_spatial_t05_s13,/data/liuyu/outputs/cross_suite_clean_train300_s10_19_20260620/queue_status_worker_spatial_gpu13.csv,COMPLETE,worker_spatial_gpu13,1,train_pool,13,PLANNED,libero_spatial,5,False,libero_spatial
"1,3",worker_spatial_gpu13,libero_spatial|5|14|0|CLEAN,CLEAN,0,0,libero_spatial_t05_s14,-1,/data/aviary/models/openvla/openvla-7b-finetuned-libero-spatial,400,/data/liuyu/outputs/cross_suite_clean_train300_s10_19_20260620/spatial_gpu13/libero_spatial_t05_s14,"1,3",/data/liuyu/outputs/cross_suite_clean_train300_s10_19_20260620/spatial_gpu13/libero_spatial_t05_s14,/data/liuyu/outputs/cross_suite_clean_train300_s10_19_20260620/queue_status_worker_spatial_gpu13.csv,COMPLETE,worker_spatial_gpu13,1,train_pool,14,PLANNED,libero_spatial,5,False,libero_spatial
"1,3",worker_spatial_gpu13,libero_spatial|5|15|0|CLEAN,CLEAN,0,0,libero_spatial_t05_s15,-1,/data/aviary/models/openvla/openvla-7b-finetuned-libero-spatial,400,/data/liuyu/outputs/cross_suite_clean_train300_s10_19_20260620/spatial_gpu13/libero_spatial_t05_s15,"1,3",/data/liuyu/outputs/cross_suite_clean_train300_s10_19_20260620/spatial_gpu13/libero_spatial_t05_s15,/data/liuyu/outputs/cross_suite_clean_train300_s10_19_20260620/queue_status_worker_spatial_gpu13.csv,COMPLETE,worker_spatial_gpu13,1,train_pool,15,PLANNED,libero_spatial,5,False,libero_spatial
"1,3",worker_spatial_gpu13,libero_spatial|5|16|0|CLEAN,CLEAN,0,0,libero_spatial_t05_s16,-1,/data/aviary/models/openvla/openvla-7b-finetuned-libero-spatial,400,/data/liuyu/outputs/cross_suite_clean_train300_s10_19_20260620/spatial_gpu13/libero_spatial_t05_s16,"1,3",/data/liuyu/outputs/cross_suite_clean_train300_s10_19_20260620/spatial_gpu13/libero_spatial_t05_s16,/data/liuyu/outputs/cross_suite_clean_train300_s10_19_20260620/queue_status_worker_spatial_gpu13.csv,COMPLETE,worker_spatial_gpu13,1,train_pool,16,PLANNED,libero_spatial,5,False,libero_spatial
"1,3",worker_spatial_gpu13,libero_spatial|5|17|0|CLEAN,CLEAN,0,0,libero_spatial_t05_s17,-1,/data/aviary/models/openvla/openvla-7b-finetuned-libero-spatial,400,/data/liuyu/outputs/cross_suite_clean_train300_s10_19_20260620/spatial_gpu13/libero_spatial_t05_s17,"1,3",/data/liuyu/outputs/cross_suite_clean_train300_s10_19_20260620/spatial_gpu13/libero_spatial_t05_s17,/data/liuyu/outputs/cross_suite_clean_train300_s10_19_20260620/queue_status_worker_spatial_gpu13.csv,COMPLETE,worker_spatial_gpu13,1,train_pool,17,PLANNED,libero_spatial,5,False,libero_spatial
"1,3",worker_spatial_gpu13,libero_spatial|5|18|0|CLEAN,CLEAN,0,0,libero_spatial_t05_s18,-1,/data/aviary/models/openvla/openvla-7b-finetuned-libero-spatial,102,/data/liuyu/outputs/cross_suite_clean_train300_s10_19_20260620/spatial_gpu13/libero_spatial_t05_s18,"1,3",/data/liuyu/outputs/cross_suite_clean_train300_s10_19_20260620/spatial_gpu13/libero_spatial_t05_s18,/data/liuyu/outputs/cross_suite_clean_train300_s10_19_20260620/queue_status_worker_spatial_gpu13.csv,COMPLETE,worker_spatial_gpu13,1,validation_pool,18,PLANNED,libero_spatial,5,True,libero_spatial
"1,3",worker_spatial_gpu13,libero_spatial|5|19|0|CLEAN,CLEAN,0,0,libero_spatial_t05_s19,-1,/data/aviary/models/openvla/openvla-7b-finetuned-libero-spatial,400,/data/liuyu/outputs/cross_suite_clean_train300_s10_19_20260620/spatial_gpu13/libero_spatial_t05_s19,"1,3",/data/liuyu/outputs/cross_suite_clean_train300_s10_19_20260620/spatial_gpu13/libero_spatial_t05_s19,/data/liuyu/outputs/cross_suite_clean_train300_s10_19_20260620/queue_status_worker_spatial_gpu13.csv,COMPLETE,worker_spatial_gpu13,1,validation_pool,19,PLANNED,libero_spatial,5,False,libero_spatial
"1,3",worker_spatial_gpu13,libero_spatial|6|10|0|CLEAN,CLEAN,0,0,libero_spatial_t06_s10,-1,/data/aviary/models/openvla/openvla-7b-finetuned-libero-spatial,116,/data/liuyu/outputs/cross_suite_clean_train300_s10_19_20260620/spatial_gpu13/libero_spatial_t06_s10,"1,3",/data/liuyu/outputs/cross_suite_clean_train300_s10_19_20260620/spatial_gpu13/libero_spatial_t06_s10,/data/liuyu/outputs/cross_suite_clean_train300_s10_19_20260620/queue_status_worker_spatial_gpu13.csv,COMPLETE,worker_spatial_gpu13,1,train_pool,10,PLANNED,libero_spatial,6,True,libero_spatial
"1,3",worker_spatial_gpu13,libero_spatial|6|11|0|CLEAN,CLEAN,0,0,libero_spatial_t06_s11,-1,/data/aviary/models/openvla/openvla-7b-finetuned-libero-spatial,139,/data/liuyu/outputs/cross_suite_clean_train300_s10_19_20260620/spatial_gpu13/libero_spatial_t06_s11,"1,3",/data/liuyu/outputs/cross_suite_clean_train300_s10_19_20260620/spatial_gpu13/libero_spatial_t06_s11,/data/liuyu/outputs/cross_suite_clean_train300_s10_19_20260620/queue_status_worker_spatial_gpu13.csv,COMPLETE,worker_spatial_gpu13,1,train_pool,11,PLANNED,libero_spatial,6,True,libero_spatial
"1,3",worker_spatial_gpu13,libero_spatial|6|12|0|CLEAN,CLEAN,0,0,libero_spatial_t06_s12,-1,/data/aviary/models/openvla/openvla-7b-finetuned-libero-spatial,116,/data/liuyu/outputs/cross_suite_clean_train300_s10_19_20260620/spatial_gpu13/libero_spatial_t06_s12,"1,3",/data/liuyu/outputs/cross_suite_clean_train300_s10_19_20260620/spatial_gpu13/libero_spatial_t06_s12,/data/liuyu/outputs/cross_suite_clean_train300_s10_19_20260620/queue_status_worker_spatial_gpu13.csv,COMPLETE,worker_spatial_gpu13,1,train_pool,12,PLANNED,libero_spatial,6,True,libero_spatial
"1,3",worker_spatial_gpu13,libero_spatial|6|13|0|CLEAN,CLEAN,0,0,libero_spatial_t06_s13,-1,/data/aviary/models/openvla/openvla-7b-finetuned-libero-spatial,94,/data/liuyu/outputs/cross_suite_clean_train300_s10_19_20260620/spatial_gpu13/libero_spatial_t06_s13,"1,3",/data/liuyu/outputs/cross_suite_clean_train300_s10_19_20260620/spatial_gpu13/libero_spatial_t06_s13,/data/liuyu/outputs/cross_suite_clean_train300_s10_19_20260620/queue_status_worker_spatial_gpu13.csv,COMPLETE,worker_spatial_gpu13,1,train_pool,13,PLANNED,libero_spatial,6,True,libero_spatial
"1,3",worker_spatial_gpu13,libero_spatial|6|14|0|CLEAN,CLEAN,0,0,libero_spatial_t06_s14,-1,/data/aviary/models/openvla/openvla-7b-finetuned-libero-spatial,110,/data/liuyu/outputs/cross_suite_clean_train300_s10_19_20260620/spatial_gpu13/libero_spatial_t06_s14,"1,3",/data/liuyu/outputs/cross_suite_clean_train300_s10_19_20260620/spatial_gpu13/libero_spatial_t06_s14,/data/liuyu/outputs/cross_suite_clean_train300_s10_19_20260620/queue_status_worker_spatial_gpu13.csv,COMPLETE,worker_spatial_gpu13,1,train_pool,14,PLANNED,libero_spatial,6,True,libero_spatial
"1,3",worker_spatial_gpu13,libero_spatial|6|15|0|CLEAN,CLEAN,0,0,libero_spatial_t06_s15,-1,/data/aviary/models/openvla/openvla-7b-finetuned-libero-spatial,108,/data/liuyu/outputs/cross_suite_clean_train300_s10_19_20260620/spatial_gpu13/libero_spatial_t06_s15,"1,3",/data/liuyu/outputs/cross_suite_clean_train300_s10_19_20260620/spatial_gpu13/libero_spatial_t06_s15,/data/liuyu/outputs/cross_suite_clean_train300_s10_19_20260620/queue_status_worker_spatial_gpu13.csv,COMPLETE,worker_spatial_gpu13,1,train_pool,15,PLANNED,libero_spatial,6,True,libero_spatial
"1,3",worker_spatial_gpu13,libero_spatial|6|16|0|CLEAN,CLEAN,0,0,libero_spatial_t06_s16,-1,/data/aviary/models/openvla/openvla-7b-finetuned-libero-spatial,400,/data/liuyu/outputs/cross_suite_clean_train300_s10_19_20260620/spatial_gpu13/libero_spatial_t06_s16,"1,3",/data/liuyu/outputs/cross_suite_clean_train300_s10_19_20260620/spatial_gpu13/libero_spatial_t06_s16,/data/liuyu/outputs/cross_suite_clean_train300_s10_19_20260620/queue_status_worker_spatial_gpu13.csv,COMPLETE,worker_spatial_gpu13,1,train_pool,16,PLANNED,libero_spatial,6,False,libero_spatial
"1,3",worker_spatial_gpu13,libero_spatial|6|17|0|CLEAN,CLEAN,0,0,libero_spatial_t06_s17,-1,/data/aviary/models/openvla/openvla-7b-finetuned-libero-spatial,400,/data/liuyu/outputs/cross_suite_clean_train300_s10_19_20260620/spatial_gpu13/libero_spatial_t06_s17,"1,3",/data/liuyu/outputs/cross_suite_clean_train300_s10_19_20260620/spatial_gpu13/libero_spatial_t06_s17,/data/liuyu/outputs/cross_suite_clean_train300_s10_19_20260620/queue_status_worker_spatial_gpu13.csv,COMPLETE,worker_spatial_gpu13,1,train_pool,17,PLANNED,libero_spatial,6,False,libero_spatial
"1,3",worker_spatial_gpu13,libero_spatial|6|18|0|CLEAN,CLEAN,0,0,libero_spatial_t06_s18,-1,/data/aviary/models/openvla/openvla-7b-finetuned-libero-spatial,105,/data/liuyu/outputs/cross_suite_clean_train300_s10_19_20260620/spatial_gpu13/libero_spatial_t06_s18,"1,3",/data/liuyu/outputs/cross_suite_clean_train300_s10_19_20260620/spatial_gpu13/libero_spatial_t06_s18,/data/liuyu/outputs/cross_suite_clean_train300_s10_19_20260620/queue_status_worker_spatial_gpu13.csv,COMPLETE,worker_spatial_gpu13,1,validation_pool,18,PLANNED,libero_spatial,6,True,libero_spatial
"1,3",worker_spatial_gpu13,libero_spatial|6|19|0|CLEAN,CLEAN,0,0,libero_spatial_t06_s19,-1,/data/aviary/models/openvla/openvla-7b-finetuned-libero-spatial,98,/data/liuyu/outputs/cross_suite_clean_train300_s10_19_20260620/spatial_gpu13/libero_spatial_t06_s19,"1,3",/data/liuyu/outputs/cross_suite_clean_train300_s10_19_20260620/spatial_gpu13/libero_spatial_t06_s19,/data/liuyu/outputs/cross_suite_clean_train300_s10_19_20260620/queue_status_worker_spatial_gpu13.csv,COMPLETE,worker_spatial_gpu13,1,validation_pool,19,PLANNED,libero_spatial,6,True,libero_spatial
"1,3",worker_spatial_gpu13,libero_spatial|7|10|0|CLEAN,CLEAN,0,0,libero_spatial_t07_s10,-1,/data/aviary/models/openvla/openvla-7b-finetuned-libero-spatial,400,/data/liuyu/outputs/cross_suite_clean_train300_s10_19_20260620/spatial_gpu13/libero_spatial_t07_s10,"1,3",/data/liuyu/outputs/cross_suite_clean_train300_s10_19_20260620/spatial_gpu13/libero_spatial_t07_s10,/data/liuyu/outputs/cross_suite_clean_train300_s10_19_20260620/queue_status_worker_spatial_gpu13.csv,COMPLETE,worker_spatial_gpu13,1,train_pool,10,PLANNED,libero_spatial,7,False,libero_spatial
"1,3",worker_spatial_gpu13,libero_spatial|7|11|0|CLEAN,CLEAN,0,0,libero_spatial_t07_s11,-1,/data/aviary/models/openvla/openvla-7b-finetuned-libero-spatial,119,/data/liuyu/outputs/cross_suite_clean_train300_s10_19_20260620/spatial_gpu13/libero_spatial_t07_s11,"1,3",/data/liuyu/outputs/cross_suite_clean_train300_s10_19_20260620/spatial_gpu13/libero_spatial_t07_s11,/data/liuyu/outputs/cross_suite_clean_train300_s10_19_20260620/queue_status_worker_spatial_gpu13.csv,COMPLETE,worker_spatial_gpu13,1,train_pool,11,PLANNED,libero_spatial,7,True,libero_spatial
"1,3",worker_spatial_gpu13,libero_spatial|7|12|0|CLEAN,CLEAN,0,0,libero_spatial_t07_s12,-1,/data/aviary/models/openvla/openvla-7b-finetuned-libero-spatial,115,/data/liuyu/outputs/cross_suite_clean_train300_s10_19_20260620/spatial_gpu13/libero_spatial_t07_s12,"1,3",/data/liuyu/outputs/cross_suite_clean_train300_s10_19_20260620/spatial_gpu13/libero_spatial_t07_s12,/data/liuyu/outputs/cross_suite_clean_train300_s10_19_20260620/queue_status_worker_spatial_gpu13.csv,COMPLETE,worker_spatial_gpu13,1,train_pool,12,PLANNED,libero_spatial,7,True,libero_spatial
"1,3",worker_spatial_gpu13,libero_spatial|7|13|0|CLEAN,CLEAN,0,0,libero_spatial_t07_s13,-1,/data/aviary/models/openvla/openvla-7b-finetuned-libero-spatial,400,/data/liuyu/outputs/cross_suite_clean_train300_s10_19_20260620/spatial_gpu13/libero_spatial_t07_s13,"1,3",/data/liuyu/outputs/cross_suite_clean_train300_s10_19_20260620/spatial_gpu13/libero_spatial_t07_s13,/data/liuyu/outputs/cross_suite_clean_train300_s10_19_20260620/queue_status_worker_spatial_gpu13.csv,COMPLETE,worker_spatial_gpu13,1,train_pool,13,PLANNED,libero_spatial,7,False,libero_spatial
"1,3",worker_spatial_gpu13,libero_spatial|7|14|0|CLEAN,CLEAN,0,0,libero_spatial_t07_s14,-1,/data/aviary/models/openvla/openvla-7b-finetuned-libero-spatial,131,/data/liuyu/outputs/cross_suite_clean_train300_s10_19_20260620/spatial_gpu13/libero_spatial_t07_s14,"1,3",/data/liuyu/outputs/cross_suite_clean_train300_s10_19_20260620/spatial_gpu13/libero_spatial_t07_s14,/data/liuyu/outputs/cross_suite_clean_train300_s10_19_20260620/queue_status_worker_spatial_gpu13.csv,COMPLETE,worker_spatial_gpu13,1,train_pool,14,PLANNED,libero_spatial,7,True,libero_spatial
"1,3",worker_spatial_gpu13,libero_spatial|7|15|0|CLEAN,CLEAN,0,0,libero_spatial_t07_s15,-1,/data/aviary/models/openvla/openvla-7b-finetuned-libero-spatial,117,/data/liuyu/outputs/cross_suite_clean_train300_s10_19_20260620/spatial_gpu13/libero_spatial_t07_s15,"1,3",/data/liuyu/outputs/cross_suite_clean_train300_s10_19_20260620/spatial_gpu13/libero_spatial_t07_s15,/data/liuyu/outputs/cross_suite_clean_train300_s10_19_20260620/queue_status_worker_spatial_gpu13.csv,COMPLETE,worker_spatial_gpu13,1,train_pool,15,PLANNED,libero_spatial,7,True,libero_spatial
"1,3",worker_spatial_gpu13,libero_spatial|7|16|0|CLEAN,CLEAN,0,0,libero_spatial_t07_s16,-1,/data/aviary/models/openvla/openvla-7b-finetuned-libero-spatial,119,/data/liuyu/outputs/cross_suite_clean_train300_s10_19_20260620/spatial_gpu13/libero_spatial_t07_s16,"1,3",/data/liuyu/outputs/cross_suite_clean_train300_s10_19_20260620/spatial_gpu13/libero_spatial_t07_s16,/data/liuyu/outputs/cross_suite_clean_train300_s10_19_20260620/queue_status_worker_spatial_gpu13.csv,COMPLETE,worker_spatial_gpu13,1,train_pool,16,PLANNED,libero_spatial,7,True,libero_spatial
"1,3",worker_spatial_gpu13,libero_spatial|7|17|0|CLEAN,CLEAN,0,0,libero_spatial_t07_s17,-1,/data/aviary/models/openvla/openvla-7b-finetuned-libero-spatial,107,/data/liuyu/outputs/cross_suite_clean_train300_s10_19_20260620/spatial_gpu13/libero_spatial_t07_s17,"1,3",/data/liuyu/outputs/cross_suite_clean_train300_s10_19_20260620/spatial_gpu13/libero_spatial_t07_s17,/data/liuyu/outputs/cross_suite_clean_train300_s10_19_20260620/queue_status_worker_spatial_gpu13.csv,COMPLETE,worker_spatial_gpu13,1,train_pool,17,PLANNED,libero_spatial,7,True,libero_spatial
"1,3",worker_spatial_gpu13,libero_spatial|7|18|0|CLEAN,CLEAN,0,0,libero_spatial_t07_s18,-1,/data/aviary/models/openvla/openvla-7b-finetuned-libero-spatial,121,/data/liuyu/outputs/cross_suite_clean_train300_s10_19_20260620/spatial_gpu13/libero_spatial_t07_s18,"1,3",/data/liuyu/outputs/cross_suite_clean_train300_s10_19_20260620/spatial_gpu13/libero_spatial_t07_s18,/data/liuyu/outputs/cross_suite_clean_train300_s10_19_20260620/queue_status_worker_spatial_gpu13.csv,COMPLETE,worker_spatial_gpu13,1,validation_pool,18,PLANNED,libero_spatial,7,True,libero_spatial
"1,3",worker_spatial_gpu13,libero_spatial|7|19|0|CLEAN,CLEAN,0,0,libero_spatial_t07_s19,-1,/data/aviary/models/openvla/openvla-7b-finetuned-libero-spatial,115,/data/liuyu/outputs/cross_suite_clean_train300_s10_19_20260620/spatial_gpu13/libero_spatial_t07_s19,"1,3",/data/liuyu/outputs/cross_suite_clean_train300_s10_19_20260620/spatial_gpu13/libero_spatial_t07_s19,/data/liuyu/outputs/cross_suite_clean_train300_s10_19_20260620/queue_status_worker_spatial_gpu13.csv,COMPLETE,worker_spatial_gpu13,1,validation_pool,19,PLANNED,libero_spatial,7,True,libero_spatial
"1,3",worker_spatial_gpu13,libero_spatial|8|10|0|CLEAN,CLEAN,0,0,libero_spatial_t08_s10,-1,/data/aviary/models/openvla/openvla-7b-finetuned-libero-spatial,93,/data/liuyu/outputs/cross_suite_clean_train300_s10_19_20260620/spatial_gpu13/libero_spatial_t08_s10,"1,3",/data/liuyu/outputs/cross_suite_clean_train300_s10_19_20260620/spatial_gpu13/libero_spatial_t08_s10,/data/liuyu/outputs/cross_suite_clean_train300_s10_19_20260620/queue_status_worker_spatial_gpu13.csv,COMPLETE,worker_spatial_gpu13,1,train_pool,10,PLANNED,libero_spatial,8,True,libero_spatial
"1,3",worker_spatial_gpu13,libero_spatial|8|11|0|CLEAN,CLEAN,0,0,libero_spatial_t08_s11,-1,/data/aviary/models/openvla/openvla-7b-finetuned-libero-spatial,102,/data/liuyu/outputs/cross_suite_clean_train300_s10_19_20260620/spatial_gpu13/libero_spatial_t08_s11,"1,3",/data/liuyu/outputs/cross_suite_clean_train300_s10_19_20260620/spatial_gpu13/libero_spatial_t08_s11,/data/liuyu/outputs/cross_suite_clean_train300_s10_19_20260620/queue_status_worker_spatial_gpu13.csv,COMPLETE,worker_spatial_gpu13,1,train_pool,11,PLANNED,libero_spatial,8,True,libero_spatial
"1,3",worker_spatial_gpu13,libero_spatial|8|12|0|CLEAN,CLEAN,0,0,libero_spatial_t08_s12,-1,/data/aviary/models/openvla/openvla-7b-finetuned-libero-spatial,400,/data/liuyu/outputs/cross_suite_clean_train300_s10_19_20260620/spatial_gpu13/libero_spatial_t08_s12,"1,3",/data/liuyu/outputs/cross_suite_clean_train300_s10_19_20260620/spatial_gpu13/libero_spatial_t08_s12,/data/liuyu/outputs/cross_suite_clean_train300_s10_19_20260620/queue_status_worker_spatial_gpu13.csv,COMPLETE,worker_spatial_gpu13,1,train_pool,12,PLANNED,libero_spatial,8,False,libero_spatial
"1,3",worker_spatial_gpu13,libero_spatial|8|13|0|CLEAN,CLEAN,0,0,libero_spatial_t08_s13,-1,/data/aviary/models/openvla/openvla-7b-finetuned-libero-spatial,86,/data/liuyu/outputs/cross_suite_clean_train300_s10_19_20260620/spatial_gpu13/libero_spatial_t08_s13,"1,3",/data/liuyu/outputs/cross_suite_clean_train300_s10_19_20260620/spatial_gpu13/libero_spatial_t08_s13,/data/liuyu/outputs/cross_suite_clean_train300_s10_19_20260620/queue_status_worker_spatial_gpu13.csv,COMPLETE,worker_spatial_gpu13,1,train_pool,13,PLANNED,libero_spatial,8,True,libero_spatial
"1,3",worker_spatial_gpu13,libero_spatial|8|14|0|CLEAN,CLEAN,0,0,libero_spatial_t08_s14,-1,/data/aviary/models/openvla/openvla-7b-finetuned-libero-spatial,100,/data/liuyu/outputs/cross_suite_clean_train300_s10_19_20260620/spatial_gpu13/libero_spatial_t08_s14,"1,3",/data/liuyu/outputs/cross_suite_clean_train300_s10_19_20260620/spatial_gpu13/libero_spatial_t08_s14,/data/liuyu/outputs/cross_suite_clean_train300_s10_19_20260620/queue_status_worker_spatial_gpu13.csv,COMPLETE,worker_spatial_gpu13,1,train_pool,14,PLANNED,libero_spatial,8,True,libero_spatial
"1,3",worker_spatial_gpu13,libero_spatial|8|15|0|CLEAN,CLEAN,0,0,libero_spatial_t08_s15,-1,/data/aviary/models/openvla/openvla-7b-finetuned-libero-spatial,127,/data/liuyu/outputs/cross_suite_clean_train300_s10_19_20260620/spatial_gpu13/libero_spatial_t08_s15,"1,3",/data/liuyu/outputs/cross_suite_clean_train300_s10_19_20260620/spatial_gpu13/libero_spatial_t08_s15,/data/liuyu/outputs/cross_suite_clean_train300_s10_19_20260620/queue_status_worker_spatial_gpu13.csv,COMPLETE,worker_spatial_gpu13,1,train_pool,15,PLANNED,libero_spatial,8,True,libero_spatial
"1,3",worker_spatial_gpu13,libero_spatial|8|16|0|CLEAN,CLEAN,0,0,libero_spatial_t08_s16,-1,/data/aviary/models/openvla/openvla-7b-finetuned-libero-spatial,125,/data/liuyu/outputs/cross_suite_clean_train300_s10_19_20260620/spatial_gpu13/libero_spatial_t08_s16,"1,3",/data/liuyu/outputs/cross_suite_clean_train300_s10_19_20260620/spatial_gpu13/libero_spatial_t08_s16,/data/liuyu/outputs/cross_suite_clean_train300_s10_19_20260620/queue_status_worker_spatial_gpu13.csv,COMPLETE,worker_spatial_gpu13,1,train_pool,16,PLANNED,libero_spatial,8,True,libero_spatial
"1,3",worker_spatial_gpu13,libero_spatial|8|17|0|CLEAN,CLEAN,0,0,libero_spatial_t08_s17,-1,/data/aviary/models/openvla/openvla-7b-finetuned-libero-spatial,400,/data/liuyu/outputs/cross_suite_clean_train300_s10_19_20260620/spatial_gpu13/libero_spatial_t08_s17,"1,3",/data/liuyu/outputs/cross_suite_clean_train300_s10_19_20260620/spatial_gpu13/libero_spatial_t08_s17,/data/liuyu/outputs/cross_suite_clean_train300_s10_19_20260620/queue_status_worker_spatial_gpu13.csv,COMPLETE,worker_spatial_gpu13,1,train_pool,17,PLANNED,libero_spatial,8,False,libero_spatial
"1,3",worker_spatial_gpu13,libero_spatial|8|18|0|CLEAN,CLEAN,0,0,libero_spatial_t08_s18,-1,/data/aviary/models/openvla/openvla-7b-finetuned-libero-spatial,181,/data/liuyu/outputs/cross_suite_clean_train300_s10_19_20260620/spatial_gpu13/libero_spatial_t08_s18,"1,3",/data/liuyu/outputs/cross_suite_clean_train300_s10_19_20260620/spatial_gpu13/libero_spatial_t08_s18,/data/liuyu/outputs/cross_suite_clean_train300_s10_19_20260620/queue_status_worker_spatial_gpu13.csv,COMPLETE,worker_spatial_gpu13,1,validation_pool,18,PLANNED,libero_spatial,8,True,libero_spatial
"1,3",worker_spatial_gpu13,libero_spatial|8|19|0|CLEAN,CLEAN,0,0,libero_spatial_t08_s19,-1,/data/aviary/models/openvla/openvla-7b-finetuned-libero-spatial,102,/data/liuyu/outputs/cross_suite_clean_train300_s10_19_20260620/spatial_gpu13/libero_spatial_t08_s19,"1,3",/data/liuyu/outputs/cross_suite_clean_train300_s10_19_20260620/spatial_gpu13/libero_spatial_t08_s19,/data/liuyu/outputs/cross_suite_clean_train300_s10_19_20260620/queue_status_worker_spatial_gpu13.csv,COMPLETE,worker_spatial_gpu13,1,validation_pool,19,PLANNED,libero_spatial,8,True,libero_spatial
"1,3",worker_spatial_gpu13,libero_spatial|9|10|0|CLEAN,CLEAN,0,0,libero_spatial_t09_s10,-1,/data/aviary/models/openvla/openvla-7b-finetuned-libero-spatial,105,/data/liuyu/outputs/cross_suite_clean_train300_s10_19_20260620/spatial_gpu13/libero_spatial_t09_s10,"1,3",/data/liuyu/outputs/cross_suite_clean_train300_s10_19_20260620/spatial_gpu13/libero_spatial_t09_s10,/data/liuyu/outputs/cross_suite_clean_train300_s10_19_20260620/queue_status_worker_spatial_gpu13.csv,COMPLETE,worker_spatial_gpu13,1,train_pool,10,PLANNED,libero_spatial,9,True,libero_spatial
"1,3",worker_spatial_gpu13,libero_spatial|9|11|0|CLEAN,CLEAN,0,0,libero_spatial_t09_s11,-1,/data/aviary/models/openvla/openvla-7b-finetuned-libero-spatial,121,/data/liuyu/outputs/cross_suite_clean_train300_s10_19_20260620/spatial_gpu13/libero_spatial_t09_s11,"1,3",/data/liuyu/outputs/cross_suite_clean_train300_s10_19_20260620/spatial_gpu13/libero_spatial_t09_s11,/data/liuyu/outputs/cross_suite_clean_train300_s10_19_20260620/queue_status_worker_spatial_gpu13.csv,COMPLETE,worker_spatial_gpu13,1,train_pool,11,PLANNED,libero_spatial,9,True,libero_spatial
"1,3",worker_spatial_gpu13,libero_spatial|9|12|0|CLEAN,CLEAN,0,0,libero_spatial_t09_s12,146,/data/aviary/models/openvla/openvla-7b-finetuned-libero-spatial,400,/data/liuyu/outputs/cross_suite_clean_train300_s10_19_20260620/spatial_gpu13/libero_spatial_t09_s12,"1,3",/data/liuyu/outputs/cross_suite_clean_train300_s10_19_20260620/spatial_gpu13/libero_spatial_t09_s12,/data/liuyu/outputs/cross_suite_clean_train300_s10_19_20260620/queue_status_worker_spatial_gpu13.csv,COMPLETE,worker_spatial_gpu13,1,train_pool,12,PLANNED,libero_spatial,9,False,libero_spatial
"1,3",worker_spatial_gpu13,libero_spatial|9|13|0|CLEAN,CLEAN,0,0,libero_spatial_t09_s13,-1,/data/aviary/models/openvla/openvla-7b-finetuned-libero-spatial,112,/data/liuyu/outputs/cross_suite_clean_train300_s10_19_20260620/spatial_gpu13/libero_spatial_t09_s13,"1,3",/data/liuyu/outputs/cross_suite_clean_train300_s10_19_20260620/spatial_gpu13/libero_spatial_t09_s13,/data/liuyu/outputs/cross_suite_clean_train300_s10_19_20260620/queue_status_worker_spatial_gpu13.csv,COMPLETE,worker_spatial_gpu13,1,train_pool,13,PLANNED,libero_spatial,9,True,libero_spatial
"1,3",worker_spatial_gpu13,libero_spatial|9|14|0|CLEAN,CLEAN,0,0,libero_spatial_t09_s14,-1,/data/aviary/models/openvla/openvla-7b-finetuned-libero-spatial,120,/data/liuyu/outputs/cross_suite_clean_train300_s10_19_20260620/spatial_gpu13/libero_spatial_t09_s14,"1,3",/data/liuyu/outputs/cross_suite_clean_train300_s10_19_20260620/spatial_gpu13/libero_spatial_t09_s14,/data/liuyu/outputs/cross_suite_clean_train300_s10_19_20260620/queue_status_worker_spatial_gpu13.csv,COMPLETE,worker_spatial_gpu13,1,train_pool,14,PLANNED,libero_spatial,9,True,libero_spatial
"1,3",worker_spatial_gpu13,libero_spatial|9|15|0|CLEAN,CLEAN,0,0,libero_spatial_t09_s15,94,/data/aviary/models/openvla/openvla-7b-finetuned-libero-spatial,135,/data/liuyu/outputs/cross_suite_clean_train300_s10_19_20260620/spatial_gpu13/libero_spatial_t09_s15,"1,3",/data/liuyu/outputs/cross_suite_clean_train300_s10_19_20260620/spatial_gpu13/libero_spatial_t09_s15,/data/liuyu/outputs/cross_suite_clean_train300_s10_19_20260620/queue_status_worker_spatial_gpu13.csv,COMPLETE,worker_spatial_gpu13,1,train_pool,15,PLANNED,libero_spatial,9,True,libero_spatial
"1,3",worker_spatial_gpu13,libero_spatial|9|16|0|CLEAN,CLEAN,0,0,libero_spatial_t09_s16,-1,/data/aviary/models/openvla/openvla-7b-finetuned-libero-spatial,107,/data/liuyu/outputs/cross_suite_clean_train300_s10_19_20260620/spatial_gpu13/libero_spatial_t09_s16,"1,3",/data/liuyu/outputs/cross_suite_clean_train300_s10_19_20260620/spatial_gpu13/libero_spatial_t09_s16,/data/liuyu/outputs/cross_suite_clean_train300_s10_19_20260620/queue_status_worker_spatial_gpu13.csv,COMPLETE,worker_spatial_gpu13,1,train_pool,16,PLANNED,libero_spatial,9,True,libero_spatial
"1,3",worker_spatial_gpu13,libero_spatial|9|17|0|CLEAN,CLEAN,0,0,libero_spatial_t09_s17,-1,/data/aviary/models/openvla/openvla-7b-finetuned-libero-spatial,117,/data/liuyu/outputs/cross_suite_clean_train300_s10_19_20260620/spatial_gpu13/libero_spatial_t09_s17,"1,3",/data/liuyu/outputs/cross_suite_clean_train300_s10_19_20260620/spatial_gpu13/libero_spatial_t09_s17,/data/liuyu/outputs/cross_suite_clean_train300_s10_19_20260620/queue_status_worker_spatial_gpu13.csv,COMPLETE,worker_spatial_gpu13,1,train_pool,17,PLANNED,libero_spatial,9,True,libero_spatial
"1,3",worker_spatial_gpu13,libero_spatial|9|18|0|CLEAN,CLEAN,0,0,libero_spatial_t09_s18,-1,/data/aviary/models/openvla/openvla-7b-finetuned-libero-spatial,400,/data/liuyu/outputs/cross_suite_clean_train300_s10_19_20260620/spatial_gpu13/libero_spatial_t09_s18,"1,3",/data/liuyu/outputs/cross_suite_clean_train300_s10_19_20260620/spatial_gpu13/libero_spatial_t09_s18,/data/liuyu/outputs/cross_suite_clean_train300_s10_19_20260620/queue_status_worker_spatial_gpu13.csv,COMPLETE,worker_spatial_gpu13,1,validation_pool,18,PLANNED,libero_spatial,9,False,libero_spatial
"1,3",worker_spatial_gpu13,libero_spatial|9|19|0|CLEAN,CLEAN,0,0,libero_spatial_t09_s19,81,/data/aviary/models/openvla/openvla-7b-finetuned-libero-spatial,400,/data/liuyu/outputs/cross_suite_clean_train300_s10_19_20260620/spatial_gpu13/libero_spatial_t09_s19,"1,3",/data/liuyu/outputs/cross_suite_clean_train300_s10_19_20260620/spatial_gpu13/libero_spatial_t09_s19,/data/liuyu/outputs/cross_suite_clean_train300_s10_19_20260620/queue_status_worker_spatial_gpu13.csv,COMPLETE,worker_spatial_gpu13,1,validation_pool,19,PLANNED,libero_spatial,9,False,libero_spatial
