_status_file,_status_source,assigned_gpu_pair,assigned_worker,canonical_key,command,condition,end_time,eval_seed,job_id,log_path,model_path,original_output_dir,output_dir,pid,reason,recovery_shard,render_gpu,returncode,source_master_manifest_sha256,split_role,start_time,state_id,status,suite,task_idx,unnorm_key
/data/liuyu/outputs/cross_suite_clean_train300_s10_19_20260620/queue_status_worker_spatial_gpu13.csv,spatial,"1,3",worker_spatial_gpu13,libero_spatial|0|10|0|CLEAN,/data/aviary/envs/openvla_official_libero_20260525/bin/python /data/liuyu/repos/train300_collector_freeze_141657f/scripts/stageb/run_sc5_cross_suite_clean.py --suite libero_spatial --model_path /data/aviary/models/openvla/openvla-7b-finetuned-libero-spatial --unnorm_key libero_spatial --task_idx 0 --state_id 10 --eval_seed 0 --detector_path /data/liuyu/repos/sc5_census_freeze_cc356f3_20260618/outputs/sc5_canonical_eng/sc5_mlp_s2.pt --source_commit 63793972743f667c6a6bcc12e9700f322f261147 --output_dir /data/liuyu/outputs/cross_suite_clean_train300_s10_19_20260620/spatial_gpu13/libero_spatial_t00_s10 --render_gpu 1 --save_video,CLEAN,2026-06-20T00:42:59+0800,0,libero_spatial_t00_s10,/data/liuyu/outputs/cross_suite_clean_train300_s10_19_20260620/logs/worker_spatial_gpu13/libero_spatial_t00_s10.log,/data/aviary/models/openvla/openvla-7b-finetuned-libero-spatial,,/data/liuyu/outputs/cross_suite_clean_train300_s10_19_20260620/spatial_gpu13/libero_spatial_t00_s10,21186,audit_pass,,1,0,,train_pool,2026-06-20T00:40:14+0800,10,COMPLETE,libero_spatial,0,libero_spatial
/data/liuyu/outputs/cross_suite_clean_train300_s10_19_20260620/queue_status_worker_spatial_gpu13.csv,spatial,"1,3",worker_spatial_gpu13,libero_spatial|0|11|0|CLEAN,/data/aviary/envs/openvla_official_libero_20260525/bin/python /data/liuyu/repos/train300_collector_freeze_141657f/scripts/stageb/run_sc5_cross_suite_clean.py --suite libero_spatial --model_path /data/aviary/models/openvla/openvla-7b-finetuned-libero-spatial --unnorm_key libero_spatial --task_idx 0 --state_id 11 --eval_seed 0 --detector_path /data/liuyu/repos/sc5_census_freeze_cc356f3_20260618/outputs/sc5_canonical_eng/sc5_mlp_s2.pt --source_commit 63793972743f667c6a6bcc12e9700f322f261147 --output_dir /data/liuyu/outputs/cross_suite_clean_train300_s10_19_20260620/spatial_gpu13/libero_spatial_t00_s11 --render_gpu 1 --save_video,CLEAN,2026-06-20T00:45:27+0800,0,libero_spatial_t00_s11,/data/liuyu/outputs/cross_suite_clean_train300_s10_19_20260620/logs/worker_spatial_gpu13/libero_spatial_t00_s11.log,/data/aviary/models/openvla/openvla-7b-finetuned-libero-spatial,,/data/liuyu/outputs/cross_suite_clean_train300_s10_19_20260620/spatial_gpu13/libero_spatial_t00_s11,21186,audit_pass,,1,0,,train_pool,2026-06-20T00:42:59+0800,11,COMPLETE,libero_spatial,0,libero_spatial
/data/liuyu/outputs/cross_suite_clean_train300_s10_19_20260620/queue_status_worker_spatial_gpu13.csv,spatial,"1,3",worker_spatial_gpu13,libero_spatial|0|12|0|CLEAN,/data/aviary/envs/openvla_official_libero_20260525/bin/python /data/liuyu/repos/train300_collector_freeze_141657f/scripts/stageb/run_sc5_cross_suite_clean.py --suite libero_spatial --model_path /data/aviary/models/openvla/openvla-7b-finetuned-libero-spatial --unnorm_key libero_spatial --task_idx 0 --state_id 12 --eval_seed 0 --detector_path /data/liuyu/repos/sc5_census_freeze_cc356f3_20260618/outputs/sc5_canonical_eng/sc5_mlp_s2.pt --source_commit 63793972743f667c6a6bcc12e9700f322f261147 --output_dir /data/liuyu/outputs/cross_suite_clean_train300_s10_19_20260620/spatial_gpu13/libero_spatial_t00_s12 --render_gpu 1 --save_video,CLEAN,2026-06-20T00:47:59+0800,0,libero_spatial_t00_s12,/data/liuyu/outputs/cross_suite_clean_train300_s10_19_20260620/logs/worker_spatial_gpu13/libero_spatial_t00_s12.log,/data/aviary/models/openvla/openvla-7b-finetuned-libero-spatial,,/data/liuyu/outputs/cross_suite_clean_train300_s10_19_20260620/spatial_gpu13/libero_spatial_t00_s12,21186,audit_pass,,1,0,,train_pool,2026-06-20T00:45:27+0800,12,COMPLETE,libero_spatial,0,libero_spatial
/data/liuyu/outputs/cross_suite_clean_train300_s10_19_20260620/queue_status_worker_spatial_gpu13.csv,spatial,"1,3",worker_spatial_gpu13,libero_spatial|0|13|0|CLEAN,/data/aviary/envs/openvla_official_libero_20260525/bin/python /data/liuyu/repos/train300_collector_freeze_141657f/scripts/stageb/run_sc5_cross_suite_clean.py --suite libero_spatial --model_path /data/aviary/models/openvla/openvla-7b-finetuned-libero-spatial --unnorm_key libero_spatial --task_idx 0 --state_id 13 --eval_seed 0 --detector_path /data/liuyu/repos/sc5_census_freeze_cc356f3_20260618/outputs/sc5_canonical_eng/sc5_mlp_s2.pt --source_commit 63793972743f667c6a6bcc12e9700f322f261147 --output_dir /data/liuyu/outputs/cross_suite_clean_train300_s10_19_20260620/spatial_gpu13/libero_spatial_t00_s13 --render_gpu 1 --save_video,CLEAN,2026-06-20T00:51:57+0800,0,libero_spatial_t00_s13,/data/liuyu/outputs/cross_suite_clean_train300_s10_19_20260620/logs/worker_spatial_gpu13/libero_spatial_t00_s13.log,/data/aviary/models/openvla/openvla-7b-finetuned-libero-spatial,,/data/liuyu/outputs/cross_suite_clean_train300_s10_19_20260620/spatial_gpu13/libero_spatial_t00_s13,21186,audit_pass,,1,0,,train_pool,2026-06-20T00:47:59+0800,13,COMPLETE,libero_spatial,0,libero_spatial
/data/liuyu/outputs/cross_suite_clean_train300_s10_19_20260620/queue_status_worker_spatial_gpu13.csv,spatial,"1,3",worker_spatial_gpu13,libero_spatial|0|14|0|CLEAN,/data/aviary/envs/openvla_official_libero_20260525/bin/python /data/liuyu/repos/train300_collector_freeze_141657f/scripts/stageb/run_sc5_cross_suite_clean.py --suite libero_spatial --model_path /data/aviary/models/openvla/openvla-7b-finetuned-libero-spatial --unnorm_key libero_spatial --task_idx 0 --state_id 14 --eval_seed 0 --detector_path /data/liuyu/repos/sc5_census_freeze_cc356f3_20260618/outputs/sc5_canonical_eng/sc5_mlp_s2.pt --source_commit 63793972743f667c6a6bcc12e9700f322f261147 --output_dir /data/liuyu/outputs/cross_suite_clean_train300_s10_19_20260620/spatial_gpu13/libero_spatial_t00_s14 --render_gpu 1 --save_video,CLEAN,2026-06-20T00:54:42+0800,0,libero_spatial_t00_s14,/data/liuyu/outputs/cross_suite_clean_train300_s10_19_20260620/logs/worker_spatial_gpu13/libero_spatial_t00_s14.log,/data/aviary/models/openvla/openvla-7b-finetuned-libero-spatial,,/data/liuyu/outputs/cross_suite_clean_train300_s10_19_20260620/spatial_gpu13/libero_spatial_t00_s14,21186,audit_pass,,1,0,,train_pool,2026-06-20T00:51:57+0800,14,COMPLETE,libero_spatial,0,libero_spatial
/data/liuyu/outputs/cross_suite_clean_train300_s10_19_20260620/queue_status_worker_spatial_gpu13.csv,spatial,"1,3",worker_spatial_gpu13,libero_spatial|0|15|0|CLEAN,/data/aviary/envs/openvla_official_libero_20260525/bin/python /data/liuyu/repos/train300_collector_freeze_141657f/scripts/stageb/run_sc5_cross_suite_clean.py --suite libero_spatial --model_path /data/aviary/models/openvla/openvla-7b-finetuned-libero-spatial --unnorm_key libero_spatial --task_idx 0 --state_id 15 --eval_seed 0 --detector_path /data/liuyu/repos/sc5_census_freeze_cc356f3_20260618/outputs/sc5_canonical_eng/sc5_mlp_s2.pt --source_commit 63793972743f667c6a6bcc12e9700f322f261147 --output_dir /data/liuyu/outputs/cross_suite_clean_train300_s10_19_20260620/spatial_gpu13/libero_spatial_t00_s15 --render_gpu 1 --save_video,CLEAN,2026-06-20T00:56:58+0800,0,libero_spatial_t00_s15,/data/liuyu/outputs/cross_suite_clean_train300_s10_19_20260620/logs/worker_spatial_gpu13/libero_spatial_t00_s15.log,/data/aviary/models/openvla/openvla-7b-finetuned-libero-spatial,,/data/liuyu/outputs/cross_suite_clean_train300_s10_19_20260620/spatial_gpu13/libero_spatial_t00_s15,21186,audit_pass,,1,0,,train_pool,2026-06-20T00:54:42+0800,15,COMPLETE,libero_spatial,0,libero_spatial
/data/liuyu/outputs/cross_suite_clean_train300_s10_19_20260620/queue_status_worker_spatial_gpu13.csv,spatial,"1,3",worker_spatial_gpu13,libero_spatial|0|16|0|CLEAN,/data/aviary/envs/openvla_official_libero_20260525/bin/python /data/liuyu/repos/train300_collector_freeze_141657f/scripts/stageb/run_sc5_cross_suite_clean.py --suite libero_spatial --model_path /data/aviary/models/openvla/openvla-7b-finetuned-libero-spatial --unnorm_key libero_spatial --task_idx 0 --state_id 16 --eval_seed 0 --detector_path /data/liuyu/repos/sc5_census_freeze_cc356f3_20260618/outputs/sc5_canonical_eng/sc5_mlp_s2.pt --source_commit 63793972743f667c6a6bcc12e9700f322f261147 --output_dir /data/liuyu/outputs/cross_suite_clean_train300_s10_19_20260620/spatial_gpu13/libero_spatial_t00_s16 --render_gpu 1 --save_video,CLEAN,2026-06-20T00:59:31+0800,0,libero_spatial_t00_s16,/data/liuyu/outputs/cross_suite_clean_train300_s10_19_20260620/logs/worker_spatial_gpu13/libero_spatial_t00_s16.log,/data/aviary/models/openvla/openvla-7b-finetuned-libero-spatial,,/data/liuyu/outputs/cross_suite_clean_train300_s10_19_20260620/spatial_gpu13/libero_spatial_t00_s16,21186,audit_pass,,1,0,,train_pool,2026-06-20T00:56:58+0800,16,COMPLETE,libero_spatial,0,libero_spatial
/data/liuyu/outputs/cross_suite_clean_train300_s10_19_20260620/queue_status_worker_spatial_gpu13.csv,spatial,"1,3",worker_spatial_gpu13,libero_spatial|0|17|0|CLEAN,/data/aviary/envs/openvla_official_libero_20260525/bin/python /data/liuyu/repos/train300_collector_freeze_141657f/scripts/stageb/run_sc5_cross_suite_clean.py --suite libero_spatial --model_path /data/aviary/models/openvla/openvla-7b-finetuned-libero-spatial --unnorm_key libero_spatial --task_idx 0 --state_id 17 --eval_seed 0 --detector_path /data/liuyu/repos/sc5_census_freeze_cc356f3_20260618/outputs/sc5_canonical_eng/sc5_mlp_s2.pt --source_commit 63793972743f667c6a6bcc12e9700f322f261147 --output_dir /data/liuyu/outputs/cross_suite_clean_train300_s10_19_20260620/spatial_gpu13/libero_spatial_t00_s17 --render_gpu 1 --save_video,CLEAN,2026-06-20T01:02:01+0800,0,libero_spatial_t00_s17,/data/liuyu/outputs/cross_suite_clean_train300_s10_19_20260620/logs/worker_spatial_gpu13/libero_spatial_t00_s17.log,/data/aviary/models/openvla/openvla-7b-finetuned-libero-spatial,,/data/liuyu/outputs/cross_suite_clean_train300_s10_19_20260620/spatial_gpu13/libero_spatial_t00_s17,21186,audit_pass,,1,0,,train_pool,2026-06-20T00:59:31+0800,17,COMPLETE,libero_spatial,0,libero_spatial
/data/liuyu/outputs/cross_suite_clean_train300_s10_19_20260620/queue_status_worker_spatial_gpu13.csv,spatial,"1,3",worker_spatial_gpu13,libero_spatial|0|18|0|CLEAN,/data/aviary/envs/openvla_official_libero_20260525/bin/python /data/liuyu/repos/train300_collector_freeze_141657f/scripts/stageb/run_sc5_cross_suite_clean.py --suite libero_spatial --model_path /data/aviary/models/openvla/openvla-7b-finetuned-libero-spatial --unnorm_key libero_spatial --task_idx 0 --state_id 18 --eval_seed 0 --detector_path /data/liuyu/repos/sc5_census_freeze_cc356f3_20260618/outputs/sc5_canonical_eng/sc5_mlp_s2.pt --source_commit 63793972743f667c6a6bcc12e9700f322f261147 --output_dir /data/liuyu/outputs/cross_suite_clean_train300_s10_19_20260620/spatial_gpu13/libero_spatial_t00_s18 --render_gpu 1 --save_video,CLEAN,2026-06-20T01:04:47+0800,0,libero_spatial_t00_s18,/data/liuyu/outputs/cross_suite_clean_train300_s10_19_20260620/logs/worker_spatial_gpu13/libero_spatial_t00_s18.log,/data/aviary/models/openvla/openvla-7b-finetuned-libero-spatial,,/data/liuyu/outputs/cross_suite_clean_train300_s10_19_20260620/spatial_gpu13/libero_spatial_t00_s18,21186,audit_pass,,1,0,,validation_pool,2026-06-20T01:02:01+0800,18,COMPLETE,libero_spatial,0,libero_spatial
/data/liuyu/outputs/cross_suite_clean_train300_s10_19_20260620/queue_status_worker_spatial_gpu13.csv,spatial,"1,3",worker_spatial_gpu13,libero_spatial|0|19|0|CLEAN,/data/aviary/envs/openvla_official_libero_20260525/bin/python /data/liuyu/repos/train300_collector_freeze_141657f/scripts/stageb/run_sc5_cross_suite_clean.py --suite libero_spatial --model_path /data/aviary/models/openvla/openvla-7b-finetuned-libero-spatial --unnorm_key libero_spatial --task_idx 0 --state_id 19 --eval_seed 0 --detector_path /data/liuyu/repos/sc5_census_freeze_cc356f3_20260618/outputs/sc5_canonical_eng/sc5_mlp_s2.pt --source_commit 63793972743f667c6a6bcc12e9700f322f261147 --output_dir /data/liuyu/outputs/cross_suite_clean_train300_s10_19_20260620/spatial_gpu13/libero_spatial_t00_s19 --render_gpu 1 --save_video,CLEAN,2026-06-20T01:07:26+0800,0,libero_spatial_t00_s19,/data/liuyu/outputs/cross_suite_clean_train300_s10_19_20260620/logs/worker_spatial_gpu13/libero_spatial_t00_s19.log,/data/aviary/models/openvla/openvla-7b-finetuned-libero-spatial,,/data/liuyu/outputs/cross_suite_clean_train300_s10_19_20260620/spatial_gpu13/libero_spatial_t00_s19,21186,audit_pass,,1,0,,validation_pool,2026-06-20T01:04:47+0800,19,COMPLETE,libero_spatial,0,libero_spatial
/data/liuyu/outputs/cross_suite_clean_train300_s10_19_20260620/queue_status_worker_spatial_gpu13.csv,spatial,"1,3",worker_spatial_gpu13,libero_spatial|1|10|0|CLEAN,/data/aviary/envs/openvla_official_libero_20260525/bin/python /data/liuyu/repos/train300_collector_freeze_141657f/scripts/stageb/run_sc5_cross_suite_clean.py --suite libero_spatial --model_path /data/aviary/models/openvla/openvla-7b-finetuned-libero-spatial --unnorm_key libero_spatial --task_idx 1 --state_id 10 --eval_seed 0 --detector_path /data/liuyu/repos/sc5_census_freeze_cc356f3_20260618/outputs/sc5_canonical_eng/sc5_mlp_s2.pt --source_commit 63793972743f667c6a6bcc12e9700f322f261147 --output_dir /data/liuyu/outputs/cross_suite_clean_train300_s10_19_20260620/spatial_gpu13/libero_spatial_t01_s10 --render_gpu 1 --save_video,CLEAN,2026-06-20T01:10:50+0800,0,libero_spatial_t01_s10,/data/liuyu/outputs/cross_suite_clean_train300_s10_19_20260620/logs/worker_spatial_gpu13/libero_spatial_t01_s10.log,/data/aviary/models/openvla/openvla-7b-finetuned-libero-spatial,,/data/liuyu/outputs/cross_suite_clean_train300_s10_19_20260620/spatial_gpu13/libero_spatial_t01_s10,21186,audit_pass,,1,0,,train_pool,2026-06-20T01:07:26+0800,10,COMPLETE,libero_spatial,1,libero_spatial
/data/liuyu/outputs/cross_suite_clean_train300_s10_19_20260620/queue_status_worker_spatial_gpu13.csv,spatial,"1,3",worker_spatial_gpu13,libero_spatial|1|11|0|CLEAN,/data/aviary/envs/openvla_official_libero_20260525/bin/python /data/liuyu/repos/train300_collector_freeze_141657f/scripts/stageb/run_sc5_cross_suite_clean.py --suite libero_spatial --model_path /data/aviary/models/openvla/openvla-7b-finetuned-libero-spatial --unnorm_key libero_spatial --task_idx 1 --state_id 11 --eval_seed 0 --detector_path /data/liuyu/repos/sc5_census_freeze_cc356f3_20260618/outputs/sc5_canonical_eng/sc5_mlp_s2.pt --source_commit 63793972743f667c6a6bcc12e9700f322f261147 --output_dir /data/liuyu/outputs/cross_suite_clean_train300_s10_19_20260620/spatial_gpu13/libero_spatial_t01_s11 --render_gpu 1 --save_video,CLEAN,2026-06-20T01:13:54+0800,0,libero_spatial_t01_s11,/data/liuyu/outputs/cross_suite_clean_train300_s10_19_20260620/logs/worker_spatial_gpu13/libero_spatial_t01_s11.log,/data/aviary/models/openvla/openvla-7b-finetuned-libero-spatial,,/data/liuyu/outputs/cross_suite_clean_train300_s10_19_20260620/spatial_gpu13/libero_spatial_t01_s11,21186,audit_pass,,1,0,,train_pool,2026-06-20T01:10:50+0800,11,COMPLETE,libero_spatial,1,libero_spatial
/data/liuyu/outputs/cross_suite_clean_train300_s10_19_20260620/queue_status_worker_spatial_gpu13.csv,spatial,"1,3",worker_spatial_gpu13,libero_spatial|1|12|0|CLEAN,/data/aviary/envs/openvla_official_libero_20260525/bin/python /data/liuyu/repos/train300_collector_freeze_141657f/scripts/stageb/run_sc5_cross_suite_clean.py --suite libero_spatial --model_path /data/aviary/models/openvla/openvla-7b-finetuned-libero-spatial --unnorm_key libero_spatial --task_idx 1 --state_id 12 --eval_seed 0 --detector_path /data/liuyu/repos/sc5_census_freeze_cc356f3_20260618/outputs/sc5_canonical_eng/sc5_mlp_s2.pt --source_commit 63793972743f667c6a6bcc12e9700f322f261147 --output_dir /data/liuyu/outputs/cross_suite_clean_train300_s10_19_20260620/spatial_gpu13/libero_spatial_t01_s12 --render_gpu 1 --save_video,CLEAN,2026-06-20T01:17:08+0800,0,libero_spatial_t01_s12,/data/liuyu/outputs/cross_suite_clean_train300_s10_19_20260620/logs/worker_spatial_gpu13/libero_spatial_t01_s12.log,/data/aviary/models/openvla/openvla-7b-finetuned-libero-spatial,,/data/liuyu/outputs/cross_suite_clean_train300_s10_19_20260620/spatial_gpu13/libero_spatial_t01_s12,21186,audit_pass,,1,0,,train_pool,2026-06-20T01:13:54+0800,12,COMPLETE,libero_spatial,1,libero_spatial
/data/liuyu/outputs/cross_suite_clean_train300_s10_19_20260620/queue_status_worker_spatial_gpu13.csv,spatial,"1,3",worker_spatial_gpu13,libero_spatial|1|13|0|CLEAN,/data/aviary/envs/openvla_official_libero_20260525/bin/python /data/liuyu/repos/train300_collector_freeze_141657f/scripts/stageb/run_sc5_cross_suite_clean.py --suite libero_spatial --model_path /data/aviary/models/openvla/openvla-7b-finetuned-libero-spatial --unnorm_key libero_spatial --task_idx 1 --state_id 13 --eval_seed 0 --detector_path /data/liuyu/repos/sc5_census_freeze_cc356f3_20260618/outputs/sc5_canonical_eng/sc5_mlp_s2.pt --source_commit 63793972743f667c6a6bcc12e9700f322f261147 --output_dir /data/liuyu/outputs/cross_suite_clean_train300_s10_19_20260620/spatial_gpu13/libero_spatial_t01_s13 --render_gpu 1 --save_video,CLEAN,2026-06-20T01:20:37+0800,0,libero_spatial_t01_s13,/data/liuyu/outputs/cross_suite_clean_train300_s10_19_20260620/logs/worker_spatial_gpu13/libero_spatial_t01_s13.log,/data/aviary/models/openvla/openvla-7b-finetuned-libero-spatial,,/data/liuyu/outputs/cross_suite_clean_train300_s10_19_20260620/spatial_gpu13/libero_spatial_t01_s13,21186,audit_pass,,1,0,,train_pool,2026-06-20T01:17:08+0800,13,COMPLETE,libero_spatial,1,libero_spatial
/data/liuyu/outputs/cross_suite_clean_train300_s10_19_20260620/queue_status_worker_spatial_gpu13.csv,spatial,"1,3",worker_spatial_gpu13,libero_spatial|1|14|0|CLEAN,/data/aviary/envs/openvla_official_libero_20260525/bin/python /data/liuyu/repos/train300_collector_freeze_141657f/scripts/stageb/run_sc5_cross_suite_clean.py --suite libero_spatial --model_path /data/aviary/models/openvla/openvla-7b-finetuned-libero-spatial --unnorm_key libero_spatial --task_idx 1 --state_id 14 --eval_seed 0 --detector_path /data/liuyu/repos/sc5_census_freeze_cc356f3_20260618/outputs/sc5_canonical_eng/sc5_mlp_s2.pt --source_commit 63793972743f667c6a6bcc12e9700f322f261147 --output_dir /data/liuyu/outputs/cross_suite_clean_train300_s10_19_20260620/spatial_gpu13/libero_spatial_t01_s14 --render_gpu 1 --save_video,CLEAN,2026-06-20T01:23:57+0800,0,libero_spatial_t01_s14,/data/liuyu/outputs/cross_suite_clean_train300_s10_19_20260620/logs/worker_spatial_gpu13/libero_spatial_t01_s14.log,/data/aviary/models/openvla/openvla-7b-finetuned-libero-spatial,,/data/liuyu/outputs/cross_suite_clean_train300_s10_19_20260620/spatial_gpu13/libero_spatial_t01_s14,21186,audit_pass,,1,0,,train_pool,2026-06-20T01:20:37+0800,14,COMPLETE,libero_spatial,1,libero_spatial
/data/liuyu/outputs/cross_suite_clean_train300_s10_19_20260620/queue_status_worker_spatial_gpu13.csv,spatial,"1,3",worker_spatial_gpu13,libero_spatial|1|15|0|CLEAN,/data/aviary/envs/openvla_official_libero_20260525/bin/python /data/liuyu/repos/train300_collector_freeze_141657f/scripts/stageb/run_sc5_cross_suite_clean.py --suite libero_spatial --model_path /data/aviary/models/openvla/openvla-7b-finetuned-libero-spatial --unnorm_key libero_spatial --task_idx 1 --state_id 15 --eval_seed 0 --detector_path /data/liuyu/repos/sc5_census_freeze_cc356f3_20260618/outputs/sc5_canonical_eng/sc5_mlp_s2.pt --source_commit 63793972743f667c6a6bcc12e9700f322f261147 --output_dir /data/liuyu/outputs/cross_suite_clean_train300_s10_19_20260620/spatial_gpu13/libero_spatial_t01_s15 --render_gpu 1 --save_video,CLEAN,2026-06-20T01:27:11+0800,0,libero_spatial_t01_s15,/data/liuyu/outputs/cross_suite_clean_train300_s10_19_20260620/logs/worker_spatial_gpu13/libero_spatial_t01_s15.log,/data/aviary/models/openvla/openvla-7b-finetuned-libero-spatial,,/data/liuyu/outputs/cross_suite_clean_train300_s10_19_20260620/spatial_gpu13/libero_spatial_t01_s15,21186,audit_pass,,1,0,,train_pool,2026-06-20T01:23:57+0800,15,COMPLETE,libero_spatial,1,libero_spatial
/data/liuyu/outputs/cross_suite_clean_train300_s10_19_20260620/queue_status_worker_spatial_gpu13.csv,spatial,"1,3",worker_spatial_gpu13,libero_spatial|1|16|0|CLEAN,/data/aviary/envs/openvla_official_libero_20260525/bin/python /data/liuyu/repos/train300_collector_freeze_141657f/scripts/stageb/run_sc5_cross_suite_clean.py --suite libero_spatial --model_path /data/aviary/models/openvla/openvla-7b-finetuned-libero-spatial --unnorm_key libero_spatial --task_idx 1 --state_id 16 --eval_seed 0 --detector_path /data/liuyu/repos/sc5_census_freeze_cc356f3_20260618/outputs/sc5_canonical_eng/sc5_mlp_s2.pt --source_commit 63793972743f667c6a6bcc12e9700f322f261147 --output_dir /data/liuyu/outputs/cross_suite_clean_train300_s10_19_20260620/spatial_gpu13/libero_spatial_t01_s16 --render_gpu 1 --save_video,CLEAN,2026-06-20T01:30:15+0800,0,libero_spatial_t01_s16,/data/liuyu/outputs/cross_suite_clean_train300_s10_19_20260620/logs/worker_spatial_gpu13/libero_spatial_t01_s16.log,/data/aviary/models/openvla/openvla-7b-finetuned-libero-spatial,,/data/liuyu/outputs/cross_suite_clean_train300_s10_19_20260620/spatial_gpu13/libero_spatial_t01_s16,21186,audit_pass,,1,0,,train_pool,2026-06-20T01:27:11+0800,16,COMPLETE,libero_spatial,1,libero_spatial
/data/liuyu/outputs/cross_suite_clean_train300_s10_19_20260620/queue_status_worker_spatial_gpu13.csv,spatial,"1,3",worker_spatial_gpu13,libero_spatial|1|17|0|CLEAN,/data/aviary/envs/openvla_official_libero_20260525/bin/python /data/liuyu/repos/train300_collector_freeze_141657f/scripts/stageb/run_sc5_cross_suite_clean.py --suite libero_spatial --model_path /data/aviary/models/openvla/openvla-7b-finetuned-libero-spatial --unnorm_key libero_spatial --task_idx 1 --state_id 17 --eval_seed 0 --detector_path /data/liuyu/repos/sc5_census_freeze_cc356f3_20260618/outputs/sc5_canonical_eng/sc5_mlp_s2.pt --source_commit 63793972743f667c6a6bcc12e9700f322f261147 --output_dir /data/liuyu/outputs/cross_suite_clean_train300_s10_19_20260620/spatial_gpu13/libero_spatial_t01_s17 --render_gpu 1 --save_video,CLEAN,2026-06-20T01:39:11+0800,0,libero_spatial_t01_s17,/data/liuyu/outputs/cross_suite_clean_train300_s10_19_20260620/logs/worker_spatial_gpu13/libero_spatial_t01_s17.log,/data/aviary/models/openvla/openvla-7b-finetuned-libero-spatial,,/data/liuyu/outputs/cross_suite_clean_train300_s10_19_20260620/spatial_gpu13/libero_spatial_t01_s17,21186,audit_pass,,1,0,,train_pool,2026-06-20T01:30:15+0800,17,COMPLETE,libero_spatial,1,libero_spatial
/data/liuyu/outputs/cross_suite_clean_train300_s10_19_20260620/queue_status_worker_spatial_gpu13.csv,spatial,"1,3",worker_spatial_gpu13,libero_spatial|1|18|0|CLEAN,/data/aviary/envs/openvla_official_libero_20260525/bin/python /data/liuyu/repos/train300_collector_freeze_141657f/scripts/stageb/run_sc5_cross_suite_clean.py --suite libero_spatial --model_path /data/aviary/models/openvla/openvla-7b-finetuned-libero-spatial --unnorm_key libero_spatial --task_idx 1 --state_id 18 --eval_seed 0 --detector_path /data/liuyu/repos/sc5_census_freeze_cc356f3_20260618/outputs/sc5_canonical_eng/sc5_mlp_s2.pt --source_commit 63793972743f667c6a6bcc12e9700f322f261147 --output_dir /data/liuyu/outputs/cross_suite_clean_train300_s10_19_20260620/spatial_gpu13/libero_spatial_t01_s18 --render_gpu 1 --save_video,CLEAN,2026-06-20T01:42:20+0800,0,libero_spatial_t01_s18,/data/liuyu/outputs/cross_suite_clean_train300_s10_19_20260620/logs/worker_spatial_gpu13/libero_spatial_t01_s18.log,/data/aviary/models/openvla/openvla-7b-finetuned-libero-spatial,,/data/liuyu/outputs/cross_suite_clean_train300_s10_19_20260620/spatial_gpu13/libero_spatial_t01_s18,21186,audit_pass,,1,0,,validation_pool,2026-06-20T01:39:11+0800,18,COMPLETE,libero_spatial,1,libero_spatial
/data/liuyu/outputs/cross_suite_clean_train300_s10_19_20260620/queue_status_worker_spatial_gpu13.csv,spatial,"1,3",worker_spatial_gpu13,libero_spatial|1|19|0|CLEAN,/data/aviary/envs/openvla_official_libero_20260525/bin/python /data/liuyu/repos/train300_collector_freeze_141657f/scripts/stageb/run_sc5_cross_suite_clean.py --suite libero_spatial --model_path /data/aviary/models/openvla/openvla-7b-finetuned-libero-spatial --unnorm_key libero_spatial --task_idx 1 --state_id 19 --eval_seed 0 --detector_path /data/liuyu/repos/sc5_census_freeze_cc356f3_20260618/outputs/sc5_canonical_eng/sc5_mlp_s2.pt --source_commit 63793972743f667c6a6bcc12e9700f322f261147 --output_dir /data/liuyu/outputs/cross_suite_clean_train300_s10_19_20260620/spatial_gpu13/libero_spatial_t01_s19 --render_gpu 1 --save_video,CLEAN,2026-06-20T01:50:52+0800,0,libero_spatial_t01_s19,/data/liuyu/outputs/cross_suite_clean_train300_s10_19_20260620/logs/worker_spatial_gpu13/libero_spatial_t01_s19.log,/data/aviary/models/openvla/openvla-7b-finetuned-libero-spatial,,/data/liuyu/outputs/cross_suite_clean_train300_s10_19_20260620/spatial_gpu13/libero_spatial_t01_s19,21186,audit_pass,,1,0,,validation_pool,2026-06-20T01:42:20+0800,19,COMPLETE,libero_spatial,1,libero_spatial
/data/liuyu/outputs/cross_suite_clean_train300_s10_19_20260620/queue_status_worker_spatial_gpu13.csv,spatial,"1,3",worker_spatial_gpu13,libero_spatial|2|10|0|CLEAN,/data/aviary/envs/openvla_official_libero_20260525/bin/python /data/liuyu/repos/train300_collector_freeze_141657f/scripts/stageb/run_sc5_cross_suite_clean.py --suite libero_spatial --model_path /data/aviary/models/openvla/openvla-7b-finetuned-libero-spatial --unnorm_key libero_spatial --task_idx 2 --state_id 10 --eval_seed 0 --detector_path /data/liuyu/repos/sc5_census_freeze_cc356f3_20260618/outputs/sc5_canonical_eng/sc5_mlp_s2.pt --source_commit 63793972743f667c6a6bcc12e9700f322f261147 --output_dir /data/liuyu/outputs/cross_suite_clean_train300_s10_19_20260620/spatial_gpu13/libero_spatial_t02_s10 --render_gpu 1 --save_video,CLEAN,2026-06-20T01:53:49+0800,0,libero_spatial_t02_s10,/data/liuyu/outputs/cross_suite_clean_train300_s10_19_20260620/logs/worker_spatial_gpu13/libero_spatial_t02_s10.log,/data/aviary/models/openvla/openvla-7b-finetuned-libero-spatial,,/data/liuyu/outputs/cross_suite_clean_train300_s10_19_20260620/spatial_gpu13/libero_spatial_t02_s10,21186,audit_pass,,1,0,,train_pool,2026-06-20T01:50:52+0800,10,COMPLETE,libero_spatial,2,libero_spatial
/data/liuyu/outputs/cross_suite_clean_train300_s10_19_20260620/queue_status_worker_spatial_gpu13.csv,spatial,"1,3",worker_spatial_gpu13,libero_spatial|2|11|0|CLEAN,/data/aviary/envs/openvla_official_libero_20260525/bin/python /data/liuyu/repos/train300_collector_freeze_141657f/scripts/stageb/run_sc5_cross_suite_clean.py --suite libero_spatial --model_path /data/aviary/models/openvla/openvla-7b-finetuned-libero-spatial --unnorm_key libero_spatial --task_idx 2 --state_id 11 --eval_seed 0 --detector_path /data/liuyu/repos/sc5_census_freeze_cc356f3_20260618/outputs/sc5_canonical_eng/sc5_mlp_s2.pt --source_commit 63793972743f667c6a6bcc12e9700f322f261147 --output_dir /data/liuyu/outputs/cross_suite_clean_train300_s10_19_20260620/spatial_gpu13/libero_spatial_t02_s11 --render_gpu 1 --save_video,CLEAN,2026-06-20T01:57:02+0800,0,libero_spatial_t02_s11,/data/liuyu/outputs/cross_suite_clean_train300_s10_19_20260620/logs/worker_spatial_gpu13/libero_spatial_t02_s11.log,/data/aviary/models/openvla/openvla-7b-finetuned-libero-spatial,,/data/liuyu/outputs/cross_suite_clean_train300_s10_19_20260620/spatial_gpu13/libero_spatial_t02_s11,21186,audit_pass,,1,0,,train_pool,2026-06-20T01:53:49+0800,11,COMPLETE,libero_spatial,2,libero_spatial
/data/liuyu/outputs/cross_suite_clean_train300_s10_19_20260620/queue_status_worker_spatial_gpu13.csv,spatial,"1,3",worker_spatial_gpu13,libero_spatial|2|12|0|CLEAN,/data/aviary/envs/openvla_official_libero_20260525/bin/python /data/liuyu/repos/train300_collector_freeze_141657f/scripts/stageb/run_sc5_cross_suite_clean.py --suite libero_spatial --model_path /data/aviary/models/openvla/openvla-7b-finetuned-libero-spatial --unnorm_key libero_spatial --task_idx 2 --state_id 12 --eval_seed 0 --detector_path /data/liuyu/repos/sc5_census_freeze_cc356f3_20260618/outputs/sc5_canonical_eng/sc5_mlp_s2.pt --source_commit 63793972743f667c6a6bcc12e9700f322f261147 --output_dir /data/liuyu/outputs/cross_suite_clean_train300_s10_19_20260620/spatial_gpu13/libero_spatial_t02_s12 --render_gpu 1 --save_video,CLEAN,2026-06-20T02:00:16+0800,0,libero_spatial_t02_s12,/data/liuyu/outputs/cross_suite_clean_train300_s10_19_20260620/logs/worker_spatial_gpu13/libero_spatial_t02_s12.log,/data/aviary/models/openvla/openvla-7b-finetuned-libero-spatial,,/data/liuyu/outputs/cross_suite_clean_train300_s10_19_20260620/spatial_gpu13/libero_spatial_t02_s12,21186,audit_pass,,1,0,,train_pool,2026-06-20T01:57:02+0800,12,COMPLETE,libero_spatial,2,libero_spatial
/data/liuyu/outputs/cross_suite_clean_train300_s10_19_20260620/queue_status_worker_spatial_gpu13.csv,spatial,"1,3",worker_spatial_gpu13,libero_spatial|2|13|0|CLEAN,/data/aviary/envs/openvla_official_libero_20260525/bin/python /data/liuyu/repos/train300_collector_freeze_141657f/scripts/stageb/run_sc5_cross_suite_clean.py --suite libero_spatial --model_path /data/aviary/models/openvla/openvla-7b-finetuned-libero-spatial --unnorm_key libero_spatial --task_idx 2 --state_id 13 --eval_seed 0 --detector_path /data/liuyu/repos/sc5_census_freeze_cc356f3_20260618/outputs/sc5_canonical_eng/sc5_mlp_s2.pt --source_commit 63793972743f667c6a6bcc12e9700f322f261147 --output_dir /data/liuyu/outputs/cross_suite_clean_train300_s10_19_20260620/spatial_gpu13/libero_spatial_t02_s13 --render_gpu 1 --save_video,CLEAN,2026-06-20T02:03:23+0800,0,libero_spatial_t02_s13,/data/liuyu/outputs/cross_suite_clean_train300_s10_19_20260620/logs/worker_spatial_gpu13/libero_spatial_t02_s13.log,/data/aviary/models/openvla/openvla-7b-finetuned-libero-spatial,,/data/liuyu/outputs/cross_suite_clean_train300_s10_19_20260620/spatial_gpu13/libero_spatial_t02_s13,21186,audit_pass,,1,0,,train_pool,2026-06-20T02:00:16+0800,13,COMPLETE,libero_spatial,2,libero_spatial
/data/liuyu/outputs/cross_suite_clean_train300_s10_19_20260620/queue_status_worker_spatial_gpu13.csv,spatial,"1,3",worker_spatial_gpu13,libero_spatial|2|14|0|CLEAN,/data/aviary/envs/openvla_official_libero_20260525/bin/python /data/liuyu/repos/train300_collector_freeze_141657f/scripts/stageb/run_sc5_cross_suite_clean.py --suite libero_spatial --model_path /data/aviary/models/openvla/openvla-7b-finetuned-libero-spatial --unnorm_key libero_spatial --task_idx 2 --state_id 14 --eval_seed 0 --detector_path /data/liuyu/repos/sc5_census_freeze_cc356f3_20260618/outputs/sc5_canonical_eng/sc5_mlp_s2.pt --source_commit 63793972743f667c6a6bcc12e9700f322f261147 --output_dir /data/liuyu/outputs/cross_suite_clean_train300_s10_19_20260620/spatial_gpu13/libero_spatial_t02_s14 --render_gpu 1 --save_video,CLEAN,2026-06-20T02:06:19+0800,0,libero_spatial_t02_s14,/data/liuyu/outputs/cross_suite_clean_train300_s10_19_20260620/logs/worker_spatial_gpu13/libero_spatial_t02_s14.log,/data/aviary/models/openvla/openvla-7b-finetuned-libero-spatial,,/data/liuyu/outputs/cross_suite_clean_train300_s10_19_20260620/spatial_gpu13/libero_spatial_t02_s14,21186,audit_pass,,1,0,,train_pool,2026-06-20T02:03:23+0800,14,COMPLETE,libero_spatial,2,libero_spatial
/data/liuyu/outputs/cross_suite_clean_train300_s10_19_20260620/queue_status_worker_spatial_gpu13.csv,spatial,"1,3",worker_spatial_gpu13,libero_spatial|2|15|0|CLEAN,/data/aviary/envs/openvla_official_libero_20260525/bin/python /data/liuyu/repos/train300_collector_freeze_141657f/scripts/stageb/run_sc5_cross_suite_clean.py --suite libero_spatial --model_path /data/aviary/models/openvla/openvla-7b-finetuned-libero-spatial --unnorm_key libero_spatial --task_idx 2 --state_id 15 --eval_seed 0 --detector_path /data/liuyu/repos/sc5_census_freeze_cc356f3_20260618/outputs/sc5_canonical_eng/sc5_mlp_s2.pt --source_commit 63793972743f667c6a6bcc12e9700f322f261147 --output_dir /data/liuyu/outputs/cross_suite_clean_train300_s10_19_20260620/spatial_gpu13/libero_spatial_t02_s15 --render_gpu 1 --save_video,CLEAN,2026-06-20T02:09:20+0800,0,libero_spatial_t02_s15,/data/liuyu/outputs/cross_suite_clean_train300_s10_19_20260620/logs/worker_spatial_gpu13/libero_spatial_t02_s15.log,/data/aviary/models/openvla/openvla-7b-finetuned-libero-spatial,,/data/liuyu/outputs/cross_suite_clean_train300_s10_19_20260620/spatial_gpu13/libero_spatial_t02_s15,21186,audit_pass,,1,0,,train_pool,2026-06-20T02:06:19+0800,15,COMPLETE,libero_spatial,2,libero_spatial
/data/liuyu/outputs/cross_suite_clean_train300_s10_19_20260620/queue_status_worker_spatial_gpu13.csv,spatial,"1,3",worker_spatial_gpu13,libero_spatial|2|16|0|CLEAN,/data/aviary/envs/openvla_official_libero_20260525/bin/python /data/liuyu/repos/train300_collector_freeze_141657f/scripts/stageb/run_sc5_cross_suite_clean.py --suite libero_spatial --model_path /data/aviary/models/openvla/openvla-7b-finetuned-libero-spatial --unnorm_key libero_spatial --task_idx 2 --state_id 16 --eval_seed 0 --detector_path /data/liuyu/repos/sc5_census_freeze_cc356f3_20260618/outputs/sc5_canonical_eng/sc5_mlp_s2.pt --source_commit 63793972743f667c6a6bcc12e9700f322f261147 --output_dir /data/liuyu/outputs/cross_suite_clean_train300_s10_19_20260620/spatial_gpu13/libero_spatial_t02_s16 --render_gpu 1 --save_video,CLEAN,2026-06-20T02:12:00+0800,0,libero_spatial_t02_s16,/data/liuyu/outputs/cross_suite_clean_train300_s10_19_20260620/logs/worker_spatial_gpu13/libero_spatial_t02_s16.log,/data/aviary/models/openvla/openvla-7b-finetuned-libero-spatial,,/data/liuyu/outputs/cross_suite_clean_train300_s10_19_20260620/spatial_gpu13/libero_spatial_t02_s16,21186,audit_pass,,1,0,,train_pool,2026-06-20T02:09:20+0800,16,COMPLETE,libero_spatial,2,libero_spatial
/data/liuyu/outputs/cross_suite_clean_train300_s10_19_20260620/queue_status_worker_spatial_gpu13.csv,spatial,"1,3",worker_spatial_gpu13,libero_spatial|2|17|0|CLEAN,/data/aviary/envs/openvla_official_libero_20260525/bin/python /data/liuyu/repos/train300_collector_freeze_141657f/scripts/stageb/run_sc5_cross_suite_clean.py --suite libero_spatial --model_path /data/aviary/models/openvla/openvla-7b-finetuned-libero-spatial --unnorm_key libero_spatial --task_idx 2 --state_id 17 --eval_seed 0 --detector_path /data/liuyu/repos/sc5_census_freeze_cc356f3_20260618/outputs/sc5_canonical_eng/sc5_mlp_s2.pt --source_commit 63793972743f667c6a6bcc12e9700f322f261147 --output_dir /data/liuyu/outputs/cross_suite_clean_train300_s10_19_20260620/spatial_gpu13/libero_spatial_t02_s17 --render_gpu 1 --save_video,CLEAN,2026-06-20T02:14:52+0800,0,libero_spatial_t02_s17,/data/liuyu/outputs/cross_suite_clean_train300_s10_19_20260620/logs/worker_spatial_gpu13/libero_spatial_t02_s17.log,/data/aviary/models/openvla/openvla-7b-finetuned-libero-spatial,,/data/liuyu/outputs/cross_suite_clean_train300_s10_19_20260620/spatial_gpu13/libero_spatial_t02_s17,21186,audit_pass,,1,0,,train_pool,2026-06-20T02:12:00+0800,17,COMPLETE,libero_spatial,2,libero_spatial
/data/liuyu/outputs/cross_suite_clean_train300_s10_19_20260620/queue_status_worker_spatial_gpu13.csv,spatial,"1,3",worker_spatial_gpu13,libero_spatial|2|18|0|CLEAN,/data/aviary/envs/openvla_official_libero_20260525/bin/python /data/liuyu/repos/train300_collector_freeze_141657f/scripts/stageb/run_sc5_cross_suite_clean.py --suite libero_spatial --model_path /data/aviary/models/openvla/openvla-7b-finetuned-libero-spatial --unnorm_key libero_spatial --task_idx 2 --state_id 18 --eval_seed 0 --detector_path /data/liuyu/repos/sc5_census_freeze_cc356f3_20260618/outputs/sc5_canonical_eng/sc5_mlp_s2.pt --source_commit 63793972743f667c6a6bcc12e9700f322f261147 --output_dir /data/liuyu/outputs/cross_suite_clean_train300_s10_19_20260620/spatial_gpu13/libero_spatial_t02_s18 --render_gpu 1 --save_video,CLEAN,2026-06-20T02:23:37+0800,0,libero_spatial_t02_s18,/data/liuyu/outputs/cross_suite_clean_train300_s10_19_20260620/logs/worker_spatial_gpu13/libero_spatial_t02_s18.log,/data/aviary/models/openvla/openvla-7b-finetuned-libero-spatial,,/data/liuyu/outputs/cross_suite_clean_train300_s10_19_20260620/spatial_gpu13/libero_spatial_t02_s18,21186,audit_pass,,1,0,,validation_pool,2026-06-20T02:14:52+0800,18,COMPLETE,libero_spatial,2,libero_spatial
/data/liuyu/outputs/cross_suite_clean_train300_s10_19_20260620/queue_status_worker_spatial_gpu13.csv,spatial,"1,3",worker_spatial_gpu13,libero_spatial|2|19|0|CLEAN,/data/aviary/envs/openvla_official_libero_20260525/bin/python /data/liuyu/repos/train300_collector_freeze_141657f/scripts/stageb/run_sc5_cross_suite_clean.py --suite libero_spatial --model_path /data/aviary/models/openvla/openvla-7b-finetuned-libero-spatial --unnorm_key libero_spatial --task_idx 2 --state_id 19 --eval_seed 0 --detector_path /data/liuyu/repos/sc5_census_freeze_cc356f3_20260618/outputs/sc5_canonical_eng/sc5_mlp_s2.pt --source_commit 63793972743f667c6a6bcc12e9700f322f261147 --output_dir /data/liuyu/outputs/cross_suite_clean_train300_s10_19_20260620/spatial_gpu13/libero_spatial_t02_s19 --render_gpu 1 --save_video,CLEAN,2026-06-20T02:32:14+0800,0,libero_spatial_t02_s19,/data/liuyu/outputs/cross_suite_clean_train300_s10_19_20260620/logs/worker_spatial_gpu13/libero_spatial_t02_s19.log,/data/aviary/models/openvla/openvla-7b-finetuned-libero-spatial,,/data/liuyu/outputs/cross_suite_clean_train300_s10_19_20260620/spatial_gpu13/libero_spatial_t02_s19,21186,audit_pass,,1,0,,validation_pool,2026-06-20T02:23:37+0800,19,COMPLETE,libero_spatial,2,libero_spatial
/data/liuyu/outputs/cross_suite_clean_train300_s10_19_20260620/queue_status_worker_spatial_gpu13.csv,spatial,"1,3",worker_spatial_gpu13,libero_spatial|3|10|0|CLEAN,/data/aviary/envs/openvla_official_libero_20260525/bin/python /data/liuyu/repos/train300_collector_freeze_141657f/scripts/stageb/run_sc5_cross_suite_clean.py --suite libero_spatial --model_path /data/aviary/models/openvla/openvla-7b-finetuned-libero-spatial --unnorm_key libero_spatial --task_idx 3 --state_id 10 --eval_seed 0 --detector_path /data/liuyu/repos/sc5_census_freeze_cc356f3_20260618/outputs/sc5_canonical_eng/sc5_mlp_s2.pt --source_commit 63793972743f667c6a6bcc12e9700f322f261147 --output_dir /data/liuyu/outputs/cross_suite_clean_train300_s10_19_20260620/spatial_gpu13/libero_spatial_t03_s10 --render_gpu 1 --save_video,CLEAN,2026-06-20T02:34:47+0800,0,libero_spatial_t03_s10,/data/liuyu/outputs/cross_suite_clean_train300_s10_19_20260620/logs/worker_spatial_gpu13/libero_spatial_t03_s10.log,/data/aviary/models/openvla/openvla-7b-finetuned-libero-spatial,,/data/liuyu/outputs/cross_suite_clean_train300_s10_19_20260620/spatial_gpu13/libero_spatial_t03_s10,21186,audit_pass,,1,0,,train_pool,2026-06-20T02:32:14+0800,10,COMPLETE,libero_spatial,3,libero_spatial
/data/liuyu/outputs/cross_suite_clean_train300_s10_19_20260620/queue_status_worker_spatial_gpu13.csv,spatial,"1,3",worker_spatial_gpu13,libero_spatial|3|11|0|CLEAN,/data/aviary/envs/openvla_official_libero_20260525/bin/python /data/liuyu/repos/train300_collector_freeze_141657f/scripts/stageb/run_sc5_cross_suite_clean.py --suite libero_spatial --model_path /data/aviary/models/openvla/openvla-7b-finetuned-libero-spatial --unnorm_key libero_spatial --task_idx 3 --state_id 11 --eval_seed 0 --detector_path /data/liuyu/repos/sc5_census_freeze_cc356f3_20260618/outputs/sc5_canonical_eng/sc5_mlp_s2.pt --source_commit 63793972743f667c6a6bcc12e9700f322f261147 --output_dir /data/liuyu/outputs/cross_suite_clean_train300_s10_19_20260620/spatial_gpu13/libero_spatial_t03_s11 --render_gpu 1 --save_video,CLEAN,2026-06-20T02:37:22+0800,0,libero_spatial_t03_s11,/data/liuyu/outputs/cross_suite_clean_train300_s10_19_20260620/logs/worker_spatial_gpu13/libero_spatial_t03_s11.log,/data/aviary/models/openvla/openvla-7b-finetuned-libero-spatial,,/data/liuyu/outputs/cross_suite_clean_train300_s10_19_20260620/spatial_gpu13/libero_spatial_t03_s11,21186,audit_pass,,1,0,,train_pool,2026-06-20T02:34:47+0800,11,COMPLETE,libero_spatial,3,libero_spatial
/data/liuyu/outputs/cross_suite_clean_train300_s10_19_20260620/queue_status_worker_spatial_gpu13.csv,spatial,"1,3",worker_spatial_gpu13,libero_spatial|3|12|0|CLEAN,/data/aviary/envs/openvla_official_libero_20260525/bin/python /data/liuyu/repos/train300_collector_freeze_141657f/scripts/stageb/run_sc5_cross_suite_clean.py --suite libero_spatial --model_path /data/aviary/models/openvla/openvla-7b-finetuned-libero-spatial --unnorm_key libero_spatial --task_idx 3 --state_id 12 --eval_seed 0 --detector_path /data/liuyu/repos/sc5_census_freeze_cc356f3_20260618/outputs/sc5_canonical_eng/sc5_mlp_s2.pt --source_commit 63793972743f667c6a6bcc12e9700f322f261147 --output_dir /data/liuyu/outputs/cross_suite_clean_train300_s10_19_20260620/spatial_gpu13/libero_spatial_t03_s12 --render_gpu 1 --save_video,CLEAN,2026-06-20T02:40:01+0800,0,libero_spatial_t03_s12,/data/liuyu/outputs/cross_suite_clean_train300_s10_19_20260620/logs/worker_spatial_gpu13/libero_spatial_t03_s12.log,/data/aviary/models/openvla/openvla-7b-finetuned-libero-spatial,,/data/liuyu/outputs/cross_suite_clean_train300_s10_19_20260620/spatial_gpu13/libero_spatial_t03_s12,21186,audit_pass,,1,0,,train_pool,2026-06-20T02:37:22+0800,12,COMPLETE,libero_spatial,3,libero_spatial
/data/liuyu/outputs/cross_suite_clean_train300_s10_19_20260620/queue_status_worker_spatial_gpu13.csv,spatial,"1,3",worker_spatial_gpu13,libero_spatial|3|13|0|CLEAN,/data/aviary/envs/openvla_official_libero_20260525/bin/python /data/liuyu/repos/train300_collector_freeze_141657f/scripts/stageb/run_sc5_cross_suite_clean.py --suite libero_spatial --model_path /data/aviary/models/openvla/openvla-7b-finetuned-libero-spatial --unnorm_key libero_spatial --task_idx 3 --state_id 13 --eval_seed 0 --detector_path /data/liuyu/repos/sc5_census_freeze_cc356f3_20260618/outputs/sc5_canonical_eng/sc5_mlp_s2.pt --source_commit 63793972743f667c6a6bcc12e9700f322f261147 --output_dir /data/liuyu/outputs/cross_suite_clean_train300_s10_19_20260620/spatial_gpu13/libero_spatial_t03_s13 --render_gpu 1 --save_video,CLEAN,2026-06-20T02:42:39+0800,0,libero_spatial_t03_s13,/data/liuyu/outputs/cross_suite_clean_train300_s10_19_20260620/logs/worker_spatial_gpu13/libero_spatial_t03_s13.log,/data/aviary/models/openvla/openvla-7b-finetuned-libero-spatial,,/data/liuyu/outputs/cross_suite_clean_train300_s10_19_20260620/spatial_gpu13/libero_spatial_t03_s13,21186,audit_pass,,1,0,,train_pool,2026-06-20T02:40:01+0800,13,COMPLETE,libero_spatial,3,libero_spatial
/data/liuyu/outputs/cross_suite_clean_train300_s10_19_20260620/queue_status_worker_spatial_gpu13.csv,spatial,"1,3",worker_spatial_gpu13,libero_spatial|3|14|0|CLEAN,/data/aviary/envs/openvla_official_libero_20260525/bin/python /data/liuyu/repos/train300_collector_freeze_141657f/scripts/stageb/run_sc5_cross_suite_clean.py --suite libero_spatial --model_path /data/aviary/models/openvla/openvla-7b-finetuned-libero-spatial --unnorm_key libero_spatial --task_idx 3 --state_id 14 --eval_seed 0 --detector_path /data/liuyu/repos/sc5_census_freeze_cc356f3_20260618/outputs/sc5_canonical_eng/sc5_mlp_s2.pt --source_commit 63793972743f667c6a6bcc12e9700f322f261147 --output_dir /data/liuyu/outputs/cross_suite_clean_train300_s10_19_20260620/spatial_gpu13/libero_spatial_t03_s14 --render_gpu 1 --save_video,CLEAN,2026-06-20T02:45:24+0800,0,libero_spatial_t03_s14,/data/liuyu/outputs/cross_suite_clean_train300_s10_19_20260620/logs/worker_spatial_gpu13/libero_spatial_t03_s14.log,/data/aviary/models/openvla/openvla-7b-finetuned-libero-spatial,,/data/liuyu/outputs/cross_suite_clean_train300_s10_19_20260620/spatial_gpu13/libero_spatial_t03_s14,21186,audit_pass,,1,0,,train_pool,2026-06-20T02:42:39+0800,14,COMPLETE,libero_spatial,3,libero_spatial
/data/liuyu/outputs/cross_suite_clean_train300_s10_19_20260620/queue_status_worker_spatial_gpu13.csv,spatial,"1,3",worker_spatial_gpu13,libero_spatial|3|15|0|CLEAN,/data/aviary/envs/openvla_official_libero_20260525/bin/python /data/liuyu/repos/train300_collector_freeze_141657f/scripts/stageb/run_sc5_cross_suite_clean.py --suite libero_spatial --model_path /data/aviary/models/openvla/openvla-7b-finetuned-libero-spatial --unnorm_key libero_spatial --task_idx 3 --state_id 15 --eval_seed 0 --detector_path /data/liuyu/repos/sc5_census_freeze_cc356f3_20260618/outputs/sc5_canonical_eng/sc5_mlp_s2.pt --source_commit 63793972743f667c6a6bcc12e9700f322f261147 --output_dir /data/liuyu/outputs/cross_suite_clean_train300_s10_19_20260620/spatial_gpu13/libero_spatial_t03_s15 --render_gpu 1 --save_video,CLEAN,2026-06-20T02:47:55+0800,0,libero_spatial_t03_s15,/data/liuyu/outputs/cross_suite_clean_train300_s10_19_20260620/logs/worker_spatial_gpu13/libero_spatial_t03_s15.log,/data/aviary/models/openvla/openvla-7b-finetuned-libero-spatial,,/data/liuyu/outputs/cross_suite_clean_train300_s10_19_20260620/spatial_gpu13/libero_spatial_t03_s15,21186,audit_pass,,1,0,,train_pool,2026-06-20T02:45:24+0800,15,COMPLETE,libero_spatial,3,libero_spatial
/data/liuyu/outputs/cross_suite_clean_train300_s10_19_20260620/queue_status_worker_spatial_gpu13.csv,spatial,"1,3",worker_spatial_gpu13,libero_spatial|3|16|0|CLEAN,/data/aviary/envs/openvla_official_libero_20260525/bin/python /data/liuyu/repos/train300_collector_freeze_141657f/scripts/stageb/run_sc5_cross_suite_clean.py --suite libero_spatial --model_path /data/aviary/models/openvla/openvla-7b-finetuned-libero-spatial --unnorm_key libero_spatial --task_idx 3 --state_id 16 --eval_seed 0 --detector_path /data/liuyu/repos/sc5_census_freeze_cc356f3_20260618/outputs/sc5_canonical_eng/sc5_mlp_s2.pt --source_commit 63793972743f667c6a6bcc12e9700f322f261147 --output_dir /data/liuyu/outputs/cross_suite_clean_train300_s10_19_20260620/spatial_gpu13/libero_spatial_t03_s16 --render_gpu 1 --save_video,CLEAN,2026-06-20T02:50:33+0800,0,libero_spatial_t03_s16,/data/liuyu/outputs/cross_suite_clean_train300_s10_19_20260620/logs/worker_spatial_gpu13/libero_spatial_t03_s16.log,/data/aviary/models/openvla/openvla-7b-finetuned-libero-spatial,,/data/liuyu/outputs/cross_suite_clean_train300_s10_19_20260620/spatial_gpu13/libero_spatial_t03_s16,21186,audit_pass,,1,0,,train_pool,2026-06-20T02:47:55+0800,16,COMPLETE,libero_spatial,3,libero_spatial
/data/liuyu/outputs/cross_suite_clean_train300_s10_19_20260620/queue_status_worker_spatial_gpu13.csv,spatial,"1,3",worker_spatial_gpu13,libero_spatial|3|17|0|CLEAN,/data/aviary/envs/openvla_official_libero_20260525/bin/python /data/liuyu/repos/train300_collector_freeze_141657f/scripts/stageb/run_sc5_cross_suite_clean.py --suite libero_spatial --model_path /data/aviary/models/openvla/openvla-7b-finetuned-libero-spatial --unnorm_key libero_spatial --task_idx 3 --state_id 17 --eval_seed 0 --detector_path /data/liuyu/repos/sc5_census_freeze_cc356f3_20260618/outputs/sc5_canonical_eng/sc5_mlp_s2.pt --source_commit 63793972743f667c6a6bcc12e9700f322f261147 --output_dir /data/liuyu/outputs/cross_suite_clean_train300_s10_19_20260620/spatial_gpu13/libero_spatial_t03_s17 --render_gpu 1 --save_video,CLEAN,2026-06-20T02:53:08+0800,0,libero_spatial_t03_s17,/data/liuyu/outputs/cross_suite_clean_train300_s10_19_20260620/logs/worker_spatial_gpu13/libero_spatial_t03_s17.log,/data/aviary/models/openvla/openvla-7b-finetuned-libero-spatial,,/data/liuyu/outputs/cross_suite_clean_train300_s10_19_20260620/spatial_gpu13/libero_spatial_t03_s17,21186,audit_pass,,1,0,,train_pool,2026-06-20T02:50:33+0800,17,COMPLETE,libero_spatial,3,libero_spatial
/data/liuyu/outputs/cross_suite_clean_train300_s10_19_20260620/queue_status_worker_spatial_gpu13.csv,spatial,"1,3",worker_spatial_gpu13,libero_spatial|3|18|0|CLEAN,/data/aviary/envs/openvla_official_libero_20260525/bin/python /data/liuyu/repos/train300_collector_freeze_141657f/scripts/stageb/run_sc5_cross_suite_clean.py --suite libero_spatial --model_path /data/aviary/models/openvla/openvla-7b-finetuned-libero-spatial --unnorm_key libero_spatial --task_idx 3 --state_id 18 --eval_seed 0 --detector_path /data/liuyu/repos/sc5_census_freeze_cc356f3_20260618/outputs/sc5_canonical_eng/sc5_mlp_s2.pt --source_commit 63793972743f667c6a6bcc12e9700f322f261147 --output_dir /data/liuyu/outputs/cross_suite_clean_train300_s10_19_20260620/spatial_gpu13/libero_spatial_t03_s18 --render_gpu 1 --save_video,CLEAN,2026-06-20T02:55:43+0800,0,libero_spatial_t03_s18,/data/liuyu/outputs/cross_suite_clean_train300_s10_19_20260620/logs/worker_spatial_gpu13/libero_spatial_t03_s18.log,/data/aviary/models/openvla/openvla-7b-finetuned-libero-spatial,,/data/liuyu/outputs/cross_suite_clean_train300_s10_19_20260620/spatial_gpu13/libero_spatial_t03_s18,21186,audit_pass,,1,0,,validation_pool,2026-06-20T02:53:08+0800,18,COMPLETE,libero_spatial,3,libero_spatial
/data/liuyu/outputs/cross_suite_clean_train300_s10_19_20260620/queue_status_worker_spatial_gpu13.csv,spatial,"1,3",worker_spatial_gpu13,libero_spatial|3|19|0|CLEAN,/data/aviary/envs/openvla_official_libero_20260525/bin/python /data/liuyu/repos/train300_collector_freeze_141657f/scripts/stageb/run_sc5_cross_suite_clean.py --suite libero_spatial --model_path /data/aviary/models/openvla/openvla-7b-finetuned-libero-spatial --unnorm_key libero_spatial --task_idx 3 --state_id 19 --eval_seed 0 --detector_path /data/liuyu/repos/sc5_census_freeze_cc356f3_20260618/outputs/sc5_canonical_eng/sc5_mlp_s2.pt --source_commit 63793972743f667c6a6bcc12e9700f322f261147 --output_dir /data/liuyu/outputs/cross_suite_clean_train300_s10_19_20260620/spatial_gpu13/libero_spatial_t03_s19 --render_gpu 1 --save_video,CLEAN,2026-06-20T02:58:13+0800,0,libero_spatial_t03_s19,/data/liuyu/outputs/cross_suite_clean_train300_s10_19_20260620/logs/worker_spatial_gpu13/libero_spatial_t03_s19.log,/data/aviary/models/openvla/openvla-7b-finetuned-libero-spatial,,/data/liuyu/outputs/cross_suite_clean_train300_s10_19_20260620/spatial_gpu13/libero_spatial_t03_s19,21186,audit_pass,,1,0,,validation_pool,2026-06-20T02:55:43+0800,19,COMPLETE,libero_spatial,3,libero_spatial
/data/liuyu/outputs/cross_suite_clean_train300_s10_19_20260620/queue_status_worker_spatial_gpu13.csv,spatial,"1,3",worker_spatial_gpu13,libero_spatial|4|10|0|CLEAN,/data/aviary/envs/openvla_official_libero_20260525/bin/python /data/liuyu/repos/train300_collector_freeze_141657f/scripts/stageb/run_sc5_cross_suite_clean.py --suite libero_spatial --model_path /data/aviary/models/openvla/openvla-7b-finetuned-libero-spatial --unnorm_key libero_spatial --task_idx 4 --state_id 10 --eval_seed 0 --detector_path /data/liuyu/repos/sc5_census_freeze_cc356f3_20260618/outputs/sc5_canonical_eng/sc5_mlp_s2.pt --source_commit 63793972743f667c6a6bcc12e9700f322f261147 --output_dir /data/liuyu/outputs/cross_suite_clean_train300_s10_19_20260620/spatial_gpu13/libero_spatial_t04_s10 --render_gpu 1 --save_video,CLEAN,2026-06-20T03:01:26+0800,0,libero_spatial_t04_s10,/data/liuyu/outputs/cross_suite_clean_train300_s10_19_20260620/logs/worker_spatial_gpu13/libero_spatial_t04_s10.log,/data/aviary/models/openvla/openvla-7b-finetuned-libero-spatial,,/data/liuyu/outputs/cross_suite_clean_train300_s10_19_20260620/spatial_gpu13/libero_spatial_t04_s10,21186,audit_pass,,1,0,,train_pool,2026-06-20T02:58:13+0800,10,COMPLETE,libero_spatial,4,libero_spatial
/data/liuyu/outputs/cross_suite_clean_train300_s10_19_20260620/queue_status_worker_spatial_gpu13.csv,spatial,"1,3",worker_spatial_gpu13,libero_spatial|4|11|0|CLEAN,/data/aviary/envs/openvla_official_libero_20260525/bin/python /data/liuyu/repos/train300_collector_freeze_141657f/scripts/stageb/run_sc5_cross_suite_clean.py --suite libero_spatial --model_path /data/aviary/models/openvla/openvla-7b-finetuned-libero-spatial --unnorm_key libero_spatial --task_idx 4 --state_id 11 --eval_seed 0 --detector_path /data/liuyu/repos/sc5_census_freeze_cc356f3_20260618/outputs/sc5_canonical_eng/sc5_mlp_s2.pt --source_commit 63793972743f667c6a6bcc12e9700f322f261147 --output_dir /data/liuyu/outputs/cross_suite_clean_train300_s10_19_20260620/spatial_gpu13/libero_spatial_t04_s11 --render_gpu 1 --save_video,CLEAN,2026-06-20T03:04:39+0800,0,libero_spatial_t04_s11,/data/liuyu/outputs/cross_suite_clean_train300_s10_19_20260620/logs/worker_spatial_gpu13/libero_spatial_t04_s11.log,/data/aviary/models/openvla/openvla-7b-finetuned-libero-spatial,,/data/liuyu/outputs/cross_suite_clean_train300_s10_19_20260620/spatial_gpu13/libero_spatial_t04_s11,21186,audit_pass,,1,0,,train_pool,2026-06-20T03:01:26+0800,11,COMPLETE,libero_spatial,4,libero_spatial
/data/liuyu/outputs/cross_suite_clean_train300_s10_19_20260620/queue_status_worker_spatial_gpu13.csv,spatial,"1,3",worker_spatial_gpu13,libero_spatial|4|12|0|CLEAN,/data/aviary/envs/openvla_official_libero_20260525/bin/python /data/liuyu/repos/train300_collector_freeze_141657f/scripts/stageb/run_sc5_cross_suite_clean.py --suite libero_spatial --model_path /data/aviary/models/openvla/openvla-7b-finetuned-libero-spatial --unnorm_key libero_spatial --task_idx 4 --state_id 12 --eval_seed 0 --detector_path /data/liuyu/repos/sc5_census_freeze_cc356f3_20260618/outputs/sc5_canonical_eng/sc5_mlp_s2.pt --source_commit 63793972743f667c6a6bcc12e9700f322f261147 --output_dir /data/liuyu/outputs/cross_suite_clean_train300_s10_19_20260620/spatial_gpu13/libero_spatial_t04_s12 --render_gpu 1 --save_video,CLEAN,2026-06-20T03:08:15+0800,0,libero_spatial_t04_s12,/data/liuyu/outputs/cross_suite_clean_train300_s10_19_20260620/logs/worker_spatial_gpu13/libero_spatial_t04_s12.log,/data/aviary/models/openvla/openvla-7b-finetuned-libero-spatial,,/data/liuyu/outputs/cross_suite_clean_train300_s10_19_20260620/spatial_gpu13/libero_spatial_t04_s12,21186,audit_pass,,1,0,,train_pool,2026-06-20T03:04:39+0800,12,COMPLETE,libero_spatial,4,libero_spatial
/data/liuyu/outputs/cross_suite_clean_train300_s10_19_20260620/queue_status_worker_spatial_gpu13.csv,spatial,"1,3",worker_spatial_gpu13,libero_spatial|4|13|0|CLEAN,/data/aviary/envs/openvla_official_libero_20260525/bin/python /data/liuyu/repos/train300_collector_freeze_141657f/scripts/stageb/run_sc5_cross_suite_clean.py --suite libero_spatial --model_path /data/aviary/models/openvla/openvla-7b-finetuned-libero-spatial --unnorm_key libero_spatial --task_idx 4 --state_id 13 --eval_seed 0 --detector_path /data/liuyu/repos/sc5_census_freeze_cc356f3_20260618/outputs/sc5_canonical_eng/sc5_mlp_s2.pt --source_commit 63793972743f667c6a6bcc12e9700f322f261147 --output_dir /data/liuyu/outputs/cross_suite_clean_train300_s10_19_20260620/spatial_gpu13/libero_spatial_t04_s13 --render_gpu 1 --save_video,CLEAN,2026-06-20T03:16:57+0800,0,libero_spatial_t04_s13,/data/liuyu/outputs/cross_suite_clean_train300_s10_19_20260620/logs/worker_spatial_gpu13/libero_spatial_t04_s13.log,/data/aviary/models/openvla/openvla-7b-finetuned-libero-spatial,,/data/liuyu/outputs/cross_suite_clean_train300_s10_19_20260620/spatial_gpu13/libero_spatial_t04_s13,21186,audit_pass,,1,0,,train_pool,2026-06-20T03:08:15+0800,13,COMPLETE,libero_spatial,4,libero_spatial
/data/liuyu/outputs/cross_suite_clean_train300_s10_19_20260620/queue_status_worker_spatial_gpu13.csv,spatial,"1,3",worker_spatial_gpu13,libero_spatial|4|14|0|CLEAN,/data/aviary/envs/openvla_official_libero_20260525/bin/python /data/liuyu/repos/train300_collector_freeze_141657f/scripts/stageb/run_sc5_cross_suite_clean.py --suite libero_spatial --model_path /data/aviary/models/openvla/openvla-7b-finetuned-libero-spatial --unnorm_key libero_spatial --task_idx 4 --state_id 14 --eval_seed 0 --detector_path /data/liuyu/repos/sc5_census_freeze_cc356f3_20260618/outputs/sc5_canonical_eng/sc5_mlp_s2.pt --source_commit 63793972743f667c6a6bcc12e9700f322f261147 --output_dir /data/liuyu/outputs/cross_suite_clean_train300_s10_19_20260620/spatial_gpu13/libero_spatial_t04_s14 --render_gpu 1 --save_video,CLEAN,2026-06-20T03:25:36+0800,0,libero_spatial_t04_s14,/data/liuyu/outputs/cross_suite_clean_train300_s10_19_20260620/logs/worker_spatial_gpu13/libero_spatial_t04_s14.log,/data/aviary/models/openvla/openvla-7b-finetuned-libero-spatial,,/data/liuyu/outputs/cross_suite_clean_train300_s10_19_20260620/spatial_gpu13/libero_spatial_t04_s14,21186,audit_pass,,1,0,,train_pool,2026-06-20T03:16:57+0800,14,COMPLETE,libero_spatial,4,libero_spatial
/data/liuyu/outputs/cross_suite_clean_train300_s10_19_20260620/queue_status_worker_spatial_gpu13.csv,spatial,"1,3",worker_spatial_gpu13,libero_spatial|4|15|0|CLEAN,/data/aviary/envs/openvla_official_libero_20260525/bin/python /data/liuyu/repos/train300_collector_freeze_141657f/scripts/stageb/run_sc5_cross_suite_clean.py --suite libero_spatial --model_path /data/aviary/models/openvla/openvla-7b-finetuned-libero-spatial --unnorm_key libero_spatial --task_idx 4 --state_id 15 --eval_seed 0 --detector_path /data/liuyu/repos/sc5_census_freeze_cc356f3_20260618/outputs/sc5_canonical_eng/sc5_mlp_s2.pt --source_commit 63793972743f667c6a6bcc12e9700f322f261147 --output_dir /data/liuyu/outputs/cross_suite_clean_train300_s10_19_20260620/spatial_gpu13/libero_spatial_t04_s15 --render_gpu 1 --save_video,CLEAN,2026-06-20T03:29:00+0800,0,libero_spatial_t04_s15,/data/liuyu/outputs/cross_suite_clean_train300_s10_19_20260620/logs/worker_spatial_gpu13/libero_spatial_t04_s15.log,/data/aviary/models/openvla/openvla-7b-finetuned-libero-spatial,,/data/liuyu/outputs/cross_suite_clean_train300_s10_19_20260620/spatial_gpu13/libero_spatial_t04_s15,21186,audit_pass,,1,0,,train_pool,2026-06-20T03:25:36+0800,15,COMPLETE,libero_spatial,4,libero_spatial
/data/liuyu/outputs/cross_suite_clean_train300_s10_19_20260620/queue_status_worker_spatial_gpu13.csv,spatial,"1,3",worker_spatial_gpu13,libero_spatial|4|16|0|CLEAN,/data/aviary/envs/openvla_official_libero_20260525/bin/python /data/liuyu/repos/train300_collector_freeze_141657f/scripts/stageb/run_sc5_cross_suite_clean.py --suite libero_spatial --model_path /data/aviary/models/openvla/openvla-7b-finetuned-libero-spatial --unnorm_key libero_spatial --task_idx 4 --state_id 16 --eval_seed 0 --detector_path /data/liuyu/repos/sc5_census_freeze_cc356f3_20260618/outputs/sc5_canonical_eng/sc5_mlp_s2.pt --source_commit 63793972743f667c6a6bcc12e9700f322f261147 --output_dir /data/liuyu/outputs/cross_suite_clean_train300_s10_19_20260620/spatial_gpu13/libero_spatial_t04_s16 --render_gpu 1 --save_video,CLEAN,2026-06-20T03:32:16+0800,0,libero_spatial_t04_s16,/data/liuyu/outputs/cross_suite_clean_train300_s10_19_20260620/logs/worker_spatial_gpu13/libero_spatial_t04_s16.log,/data/aviary/models/openvla/openvla-7b-finetuned-libero-spatial,,/data/liuyu/outputs/cross_suite_clean_train300_s10_19_20260620/spatial_gpu13/libero_spatial_t04_s16,21186,audit_pass,,1,0,,train_pool,2026-06-20T03:29:00+0800,16,COMPLETE,libero_spatial,4,libero_spatial
/data/liuyu/outputs/cross_suite_clean_train300_s10_19_20260620/queue_status_worker_spatial_gpu13.csv,spatial,"1,3",worker_spatial_gpu13,libero_spatial|4|17|0|CLEAN,/data/aviary/envs/openvla_official_libero_20260525/bin/python /data/liuyu/repos/train300_collector_freeze_141657f/scripts/stageb/run_sc5_cross_suite_clean.py --suite libero_spatial --model_path /data/aviary/models/openvla/openvla-7b-finetuned-libero-spatial --unnorm_key libero_spatial --task_idx 4 --state_id 17 --eval_seed 0 --detector_path /data/liuyu/repos/sc5_census_freeze_cc356f3_20260618/outputs/sc5_canonical_eng/sc5_mlp_s2.pt --source_commit 63793972743f667c6a6bcc12e9700f322f261147 --output_dir /data/liuyu/outputs/cross_suite_clean_train300_s10_19_20260620/spatial_gpu13/libero_spatial_t04_s17 --render_gpu 1 --save_video,CLEAN,2026-06-20T03:35:42+0800,0,libero_spatial_t04_s17,/data/liuyu/outputs/cross_suite_clean_train300_s10_19_20260620/logs/worker_spatial_gpu13/libero_spatial_t04_s17.log,/data/aviary/models/openvla/openvla-7b-finetuned-libero-spatial,,/data/liuyu/outputs/cross_suite_clean_train300_s10_19_20260620/spatial_gpu13/libero_spatial_t04_s17,21186,audit_pass,,1,0,,train_pool,2026-06-20T03:32:16+0800,17,COMPLETE,libero_spatial,4,libero_spatial
/data/liuyu/outputs/cross_suite_clean_train300_s10_19_20260620/queue_status_worker_spatial_gpu13.csv,spatial,"1,3",worker_spatial_gpu13,libero_spatial|4|18|0|CLEAN,/data/aviary/envs/openvla_official_libero_20260525/bin/python /data/liuyu/repos/train300_collector_freeze_141657f/scripts/stageb/run_sc5_cross_suite_clean.py --suite libero_spatial --model_path /data/aviary/models/openvla/openvla-7b-finetuned-libero-spatial --unnorm_key libero_spatial --task_idx 4 --state_id 18 --eval_seed 0 --detector_path /data/liuyu/repos/sc5_census_freeze_cc356f3_20260618/outputs/sc5_canonical_eng/sc5_mlp_s2.pt --source_commit 63793972743f667c6a6bcc12e9700f322f261147 --output_dir /data/liuyu/outputs/cross_suite_clean_train300_s10_19_20260620/spatial_gpu13/libero_spatial_t04_s18 --render_gpu 1 --save_video,CLEAN,2026-06-20T03:38:55+0800,0,libero_spatial_t04_s18,/data/liuyu/outputs/cross_suite_clean_train300_s10_19_20260620/logs/worker_spatial_gpu13/libero_spatial_t04_s18.log,/data/aviary/models/openvla/openvla-7b-finetuned-libero-spatial,,/data/liuyu/outputs/cross_suite_clean_train300_s10_19_20260620/spatial_gpu13/libero_spatial_t04_s18,21186,audit_pass,,1,0,,validation_pool,2026-06-20T03:35:42+0800,18,COMPLETE,libero_spatial,4,libero_spatial
/data/liuyu/outputs/cross_suite_clean_train300_s10_19_20260620/queue_status_worker_spatial_gpu13.csv,spatial,"1,3",worker_spatial_gpu13,libero_spatial|4|19|0|CLEAN,/data/aviary/envs/openvla_official_libero_20260525/bin/python /data/liuyu/repos/train300_collector_freeze_141657f/scripts/stageb/run_sc5_cross_suite_clean.py --suite libero_spatial --model_path /data/aviary/models/openvla/openvla-7b-finetuned-libero-spatial --unnorm_key libero_spatial --task_idx 4 --state_id 19 --eval_seed 0 --detector_path /data/liuyu/repos/sc5_census_freeze_cc356f3_20260618/outputs/sc5_canonical_eng/sc5_mlp_s2.pt --source_commit 63793972743f667c6a6bcc12e9700f322f261147 --output_dir /data/liuyu/outputs/cross_suite_clean_train300_s10_19_20260620/spatial_gpu13/libero_spatial_t04_s19 --render_gpu 1 --save_video,CLEAN,2026-06-20T03:42:11+0800,0,libero_spatial_t04_s19,/data/liuyu/outputs/cross_suite_clean_train300_s10_19_20260620/logs/worker_spatial_gpu13/libero_spatial_t04_s19.log,/data/aviary/models/openvla/openvla-7b-finetuned-libero-spatial,,/data/liuyu/outputs/cross_suite_clean_train300_s10_19_20260620/spatial_gpu13/libero_spatial_t04_s19,21186,audit_pass,,1,0,,validation_pool,2026-06-20T03:38:55+0800,19,COMPLETE,libero_spatial,4,libero_spatial
/data/liuyu/outputs/cross_suite_clean_train300_s10_19_20260620/queue_status_worker_spatial_gpu13.csv,spatial,"1,3",worker_spatial_gpu13,libero_spatial|5|10|0|CLEAN,/data/aviary/envs/openvla_official_libero_20260525/bin/python /data/liuyu/repos/train300_collector_freeze_141657f/scripts/stageb/run_sc5_cross_suite_clean.py --suite libero_spatial --model_path /data/aviary/models/openvla/openvla-7b-finetuned-libero-spatial --unnorm_key libero_spatial --task_idx 5 --state_id 10 --eval_seed 0 --detector_path /data/liuyu/repos/sc5_census_freeze_cc356f3_20260618/outputs/sc5_canonical_eng/sc5_mlp_s2.pt --source_commit 63793972743f667c6a6bcc12e9700f322f261147 --output_dir /data/liuyu/outputs/cross_suite_clean_train300_s10_19_20260620/spatial_gpu13/libero_spatial_t05_s10 --render_gpu 1 --save_video,CLEAN,2026-06-20T03:50:52+0800,0,libero_spatial_t05_s10,/data/liuyu/outputs/cross_suite_clean_train300_s10_19_20260620/logs/worker_spatial_gpu13/libero_spatial_t05_s10.log,/data/aviary/models/openvla/openvla-7b-finetuned-libero-spatial,,/data/liuyu/outputs/cross_suite_clean_train300_s10_19_20260620/spatial_gpu13/libero_spatial_t05_s10,21186,audit_pass,,1,0,,train_pool,2026-06-20T03:42:11+0800,10,COMPLETE,libero_spatial,5,libero_spatial
/data/liuyu/outputs/cross_suite_clean_train300_s10_19_20260620/queue_status_worker_spatial_gpu13.csv,spatial,"1,3",worker_spatial_gpu13,libero_spatial|5|11|0|CLEAN,/data/aviary/envs/openvla_official_libero_20260525/bin/python /data/liuyu/repos/train300_collector_freeze_141657f/scripts/stageb/run_sc5_cross_suite_clean.py --suite libero_spatial --model_path /data/aviary/models/openvla/openvla-7b-finetuned-libero-spatial --unnorm_key libero_spatial --task_idx 5 --state_id 11 --eval_seed 0 --detector_path /data/liuyu/repos/sc5_census_freeze_cc356f3_20260618/outputs/sc5_canonical_eng/sc5_mlp_s2.pt --source_commit 63793972743f667c6a6bcc12e9700f322f261147 --output_dir /data/liuyu/outputs/cross_suite_clean_train300_s10_19_20260620/spatial_gpu13/libero_spatial_t05_s11 --render_gpu 1 --save_video,CLEAN,2026-06-20T03:53:11+0800,0,libero_spatial_t05_s11,/data/liuyu/outputs/cross_suite_clean_train300_s10_19_20260620/logs/worker_spatial_gpu13/libero_spatial_t05_s11.log,/data/aviary/models/openvla/openvla-7b-finetuned-libero-spatial,,/data/liuyu/outputs/cross_suite_clean_train300_s10_19_20260620/spatial_gpu13/libero_spatial_t05_s11,21186,audit_pass,,1,0,,train_pool,2026-06-20T03:50:52+0800,11,COMPLETE,libero_spatial,5,libero_spatial
/data/liuyu/outputs/cross_suite_clean_train300_s10_19_20260620/queue_status_worker_spatial_gpu13.csv,spatial,"1,3",worker_spatial_gpu13,libero_spatial|5|12|0|CLEAN,/data/aviary/envs/openvla_official_libero_20260525/bin/python /data/liuyu/repos/train300_collector_freeze_141657f/scripts/stageb/run_sc5_cross_suite_clean.py --suite libero_spatial --model_path /data/aviary/models/openvla/openvla-7b-finetuned-libero-spatial --unnorm_key libero_spatial --task_idx 5 --state_id 12 --eval_seed 0 --detector_path /data/liuyu/repos/sc5_census_freeze_cc356f3_20260618/outputs/sc5_canonical_eng/sc5_mlp_s2.pt --source_commit 63793972743f667c6a6bcc12e9700f322f261147 --output_dir /data/liuyu/outputs/cross_suite_clean_train300_s10_19_20260620/spatial_gpu13/libero_spatial_t05_s12 --render_gpu 1 --save_video,CLEAN,2026-06-20T03:55:52+0800,0,libero_spatial_t05_s12,/data/liuyu/outputs/cross_suite_clean_train300_s10_19_20260620/logs/worker_spatial_gpu13/libero_spatial_t05_s12.log,/data/aviary/models/openvla/openvla-7b-finetuned-libero-spatial,,/data/liuyu/outputs/cross_suite_clean_train300_s10_19_20260620/spatial_gpu13/libero_spatial_t05_s12,21186,audit_pass,,1,0,,train_pool,2026-06-20T03:53:11+0800,12,COMPLETE,libero_spatial,5,libero_spatial
/data/liuyu/outputs/cross_suite_clean_train300_s10_19_20260620/queue_status_worker_spatial_gpu13.csv,spatial,"1,3",worker_spatial_gpu13,libero_spatial|5|13|0|CLEAN,/data/aviary/envs/openvla_official_libero_20260525/bin/python /data/liuyu/repos/train300_collector_freeze_141657f/scripts/stageb/run_sc5_cross_suite_clean.py --suite libero_spatial --model_path /data/aviary/models/openvla/openvla-7b-finetuned-libero-spatial --unnorm_key libero_spatial --task_idx 5 --state_id 13 --eval_seed 0 --detector_path /data/liuyu/repos/sc5_census_freeze_cc356f3_20260618/outputs/sc5_canonical_eng/sc5_mlp_s2.pt --source_commit 63793972743f667c6a6bcc12e9700f322f261147 --output_dir /data/liuyu/outputs/cross_suite_clean_train300_s10_19_20260620/spatial_gpu13/libero_spatial_t05_s13 --render_gpu 1 --save_video,CLEAN,2026-06-20T04:04:34+0800,0,libero_spatial_t05_s13,/data/liuyu/outputs/cross_suite_clean_train300_s10_19_20260620/logs/worker_spatial_gpu13/libero_spatial_t05_s13.log,/data/aviary/models/openvla/openvla-7b-finetuned-libero-spatial,,/data/liuyu/outputs/cross_suite_clean_train300_s10_19_20260620/spatial_gpu13/libero_spatial_t05_s13,21186,audit_pass,,1,0,,train_pool,2026-06-20T03:55:52+0800,13,COMPLETE,libero_spatial,5,libero_spatial
/data/liuyu/outputs/cross_suite_clean_train300_s10_19_20260620/queue_status_worker_spatial_gpu13.csv,spatial,"1,3",worker_spatial_gpu13,libero_spatial|5|14|0|CLEAN,/data/aviary/envs/openvla_official_libero_20260525/bin/python /data/liuyu/repos/train300_collector_freeze_141657f/scripts/stageb/run_sc5_cross_suite_clean.py --suite libero_spatial --model_path /data/aviary/models/openvla/openvla-7b-finetuned-libero-spatial --unnorm_key libero_spatial --task_idx 5 --state_id 14 --eval_seed 0 --detector_path /data/liuyu/repos/sc5_census_freeze_cc356f3_20260618/outputs/sc5_canonical_eng/sc5_mlp_s2.pt --source_commit 63793972743f667c6a6bcc12e9700f322f261147 --output_dir /data/liuyu/outputs/cross_suite_clean_train300_s10_19_20260620/spatial_gpu13/libero_spatial_t05_s14 --render_gpu 1 --save_video,CLEAN,2026-06-20T04:13:12+0800,0,libero_spatial_t05_s14,/data/liuyu/outputs/cross_suite_clean_train300_s10_19_20260620/logs/worker_spatial_gpu13/libero_spatial_t05_s14.log,/data/aviary/models/openvla/openvla-7b-finetuned-libero-spatial,,/data/liuyu/outputs/cross_suite_clean_train300_s10_19_20260620/spatial_gpu13/libero_spatial_t05_s14,21186,audit_pass,,1,0,,train_pool,2026-06-20T04:04:34+0800,14,COMPLETE,libero_spatial,5,libero_spatial
/data/liuyu/outputs/cross_suite_clean_train300_s10_19_20260620/queue_status_worker_spatial_gpu13.csv,spatial,"1,3",worker_spatial_gpu13,libero_spatial|5|15|0|CLEAN,/data/aviary/envs/openvla_official_libero_20260525/bin/python /data/liuyu/repos/train300_collector_freeze_141657f/scripts/stageb/run_sc5_cross_suite_clean.py --suite libero_spatial --model_path /data/aviary/models/openvla/openvla-7b-finetuned-libero-spatial --unnorm_key libero_spatial --task_idx 5 --state_id 15 --eval_seed 0 --detector_path /data/liuyu/repos/sc5_census_freeze_cc356f3_20260618/outputs/sc5_canonical_eng/sc5_mlp_s2.pt --source_commit 63793972743f667c6a6bcc12e9700f322f261147 --output_dir /data/liuyu/outputs/cross_suite_clean_train300_s10_19_20260620/spatial_gpu13/libero_spatial_t05_s15 --render_gpu 1 --save_video,CLEAN,2026-06-20T04:21:51+0800,0,libero_spatial_t05_s15,/data/liuyu/outputs/cross_suite_clean_train300_s10_19_20260620/logs/worker_spatial_gpu13/libero_spatial_t05_s15.log,/data/aviary/models/openvla/openvla-7b-finetuned-libero-spatial,,/data/liuyu/outputs/cross_suite_clean_train300_s10_19_20260620/spatial_gpu13/libero_spatial_t05_s15,21186,audit_pass,,1,0,,train_pool,2026-06-20T04:13:12+0800,15,COMPLETE,libero_spatial,5,libero_spatial
/data/liuyu/outputs/cross_suite_clean_train300_s10_19_20260620/queue_status_worker_spatial_gpu13.csv,spatial,"1,3",worker_spatial_gpu13,libero_spatial|5|16|0|CLEAN,/data/aviary/envs/openvla_official_libero_20260525/bin/python /data/liuyu/repos/train300_collector_freeze_141657f/scripts/stageb/run_sc5_cross_suite_clean.py --suite libero_spatial --model_path /data/aviary/models/openvla/openvla-7b-finetuned-libero-spatial --unnorm_key libero_spatial --task_idx 5 --state_id 16 --eval_seed 0 --detector_path /data/liuyu/repos/sc5_census_freeze_cc356f3_20260618/outputs/sc5_canonical_eng/sc5_mlp_s2.pt --source_commit 63793972743f667c6a6bcc12e9700f322f261147 --output_dir /data/liuyu/outputs/cross_suite_clean_train300_s10_19_20260620/spatial_gpu13/libero_spatial_t05_s16 --render_gpu 1 --save_video,CLEAN,2026-06-20T04:30:24+0800,0,libero_spatial_t05_s16,/data/liuyu/outputs/cross_suite_clean_train300_s10_19_20260620/logs/worker_spatial_gpu13/libero_spatial_t05_s16.log,/data/aviary/models/openvla/openvla-7b-finetuned-libero-spatial,,/data/liuyu/outputs/cross_suite_clean_train300_s10_19_20260620/spatial_gpu13/libero_spatial_t05_s16,21186,audit_pass,,1,0,,train_pool,2026-06-20T04:21:51+0800,16,COMPLETE,libero_spatial,5,libero_spatial
/data/liuyu/outputs/cross_suite_clean_train300_s10_19_20260620/queue_status_worker_spatial_gpu13.csv,spatial,"1,3",worker_spatial_gpu13,libero_spatial|5|17|0|CLEAN,/data/aviary/envs/openvla_official_libero_20260525/bin/python /data/liuyu/repos/train300_collector_freeze_141657f/scripts/stageb/run_sc5_cross_suite_clean.py --suite libero_spatial --model_path /data/aviary/models/openvla/openvla-7b-finetuned-libero-spatial --unnorm_key libero_spatial --task_idx 5 --state_id 17 --eval_seed 0 --detector_path /data/liuyu/repos/sc5_census_freeze_cc356f3_20260618/outputs/sc5_canonical_eng/sc5_mlp_s2.pt --source_commit 63793972743f667c6a6bcc12e9700f322f261147 --output_dir /data/liuyu/outputs/cross_suite_clean_train300_s10_19_20260620/spatial_gpu13/libero_spatial_t05_s17 --render_gpu 1 --save_video,CLEAN,2026-06-20T04:39:02+0800,0,libero_spatial_t05_s17,/data/liuyu/outputs/cross_suite_clean_train300_s10_19_20260620/logs/worker_spatial_gpu13/libero_spatial_t05_s17.log,/data/aviary/models/openvla/openvla-7b-finetuned-libero-spatial,,/data/liuyu/outputs/cross_suite_clean_train300_s10_19_20260620/spatial_gpu13/libero_spatial_t05_s17,21186,audit_pass,,1,0,,train_pool,2026-06-20T04:30:24+0800,17,COMPLETE,libero_spatial,5,libero_spatial
/data/liuyu/outputs/cross_suite_clean_train300_s10_19_20260620/queue_status_worker_spatial_gpu13.csv,spatial,"1,3",worker_spatial_gpu13,libero_spatial|5|18|0|CLEAN,/data/aviary/envs/openvla_official_libero_20260525/bin/python /data/liuyu/repos/train300_collector_freeze_141657f/scripts/stageb/run_sc5_cross_suite_clean.py --suite libero_spatial --model_path /data/aviary/models/openvla/openvla-7b-finetuned-libero-spatial --unnorm_key libero_spatial --task_idx 5 --state_id 18 --eval_seed 0 --detector_path /data/liuyu/repos/sc5_census_freeze_cc356f3_20260618/outputs/sc5_canonical_eng/sc5_mlp_s2.pt --source_commit 63793972743f667c6a6bcc12e9700f322f261147 --output_dir /data/liuyu/outputs/cross_suite_clean_train300_s10_19_20260620/spatial_gpu13/libero_spatial_t05_s18 --render_gpu 1 --save_video,CLEAN,2026-06-20T04:41:57+0800,0,libero_spatial_t05_s18,/data/liuyu/outputs/cross_suite_clean_train300_s10_19_20260620/logs/worker_spatial_gpu13/libero_spatial_t05_s18.log,/data/aviary/models/openvla/openvla-7b-finetuned-libero-spatial,,/data/liuyu/outputs/cross_suite_clean_train300_s10_19_20260620/spatial_gpu13/libero_spatial_t05_s18,21186,audit_pass,,1,0,,validation_pool,2026-06-20T04:39:02+0800,18,COMPLETE,libero_spatial,5,libero_spatial
/data/liuyu/outputs/cross_suite_clean_train300_s10_19_20260620/queue_status_worker_spatial_gpu13.csv,spatial,"1,3",worker_spatial_gpu13,libero_spatial|5|19|0|CLEAN,/data/aviary/envs/openvla_official_libero_20260525/bin/python /data/liuyu/repos/train300_collector_freeze_141657f/scripts/stageb/run_sc5_cross_suite_clean.py --suite libero_spatial --model_path /data/aviary/models/openvla/openvla-7b-finetuned-libero-spatial --unnorm_key libero_spatial --task_idx 5 --state_id 19 --eval_seed 0 --detector_path /data/liuyu/repos/sc5_census_freeze_cc356f3_20260618/outputs/sc5_canonical_eng/sc5_mlp_s2.pt --source_commit 63793972743f667c6a6bcc12e9700f322f261147 --output_dir /data/liuyu/outputs/cross_suite_clean_train300_s10_19_20260620/spatial_gpu13/libero_spatial_t05_s19 --render_gpu 1 --save_video,CLEAN,2026-06-20T04:50:35+0800,0,libero_spatial_t05_s19,/data/liuyu/outputs/cross_suite_clean_train300_s10_19_20260620/logs/worker_spatial_gpu13/libero_spatial_t05_s19.log,/data/aviary/models/openvla/openvla-7b-finetuned-libero-spatial,,/data/liuyu/outputs/cross_suite_clean_train300_s10_19_20260620/spatial_gpu13/libero_spatial_t05_s19,21186,audit_pass,,1,0,,validation_pool,2026-06-20T04:41:57+0800,19,COMPLETE,libero_spatial,5,libero_spatial
/data/liuyu/outputs/cross_suite_clean_train300_s10_19_20260620/queue_status_worker_spatial_gpu13.csv,spatial,"1,3",worker_spatial_gpu13,libero_spatial|6|10|0|CLEAN,/data/aviary/envs/openvla_official_libero_20260525/bin/python /data/liuyu/repos/train300_collector_freeze_141657f/scripts/stageb/run_sc5_cross_suite_clean.py --suite libero_spatial --model_path /data/aviary/models/openvla/openvla-7b-finetuned-libero-spatial --unnorm_key libero_spatial --task_idx 6 --state_id 10 --eval_seed 0 --detector_path /data/liuyu/repos/sc5_census_freeze_cc356f3_20260618/outputs/sc5_canonical_eng/sc5_mlp_s2.pt --source_commit 63793972743f667c6a6bcc12e9700f322f261147 --output_dir /data/liuyu/outputs/cross_suite_clean_train300_s10_19_20260620/spatial_gpu13/libero_spatial_t06_s10 --render_gpu 1 --save_video,CLEAN,2026-06-20T04:53:46+0800,0,libero_spatial_t06_s10,/data/liuyu/outputs/cross_suite_clean_train300_s10_19_20260620/logs/worker_spatial_gpu13/libero_spatial_t06_s10.log,/data/aviary/models/openvla/openvla-7b-finetuned-libero-spatial,,/data/liuyu/outputs/cross_suite_clean_train300_s10_19_20260620/spatial_gpu13/libero_spatial_t06_s10,21186,audit_pass,,1,0,,train_pool,2026-06-20T04:50:35+0800,10,COMPLETE,libero_spatial,6,libero_spatial
/data/liuyu/outputs/cross_suite_clean_train300_s10_19_20260620/queue_status_worker_spatial_gpu13.csv,spatial,"1,3",worker_spatial_gpu13,libero_spatial|6|11|0|CLEAN,/data/aviary/envs/openvla_official_libero_20260525/bin/python /data/liuyu/repos/train300_collector_freeze_141657f/scripts/stageb/run_sc5_cross_suite_clean.py --suite libero_spatial --model_path /data/aviary/models/openvla/openvla-7b-finetuned-libero-spatial --unnorm_key libero_spatial --task_idx 6 --state_id 11 --eval_seed 0 --detector_path /data/liuyu/repos/sc5_census_freeze_cc356f3_20260618/outputs/sc5_canonical_eng/sc5_mlp_s2.pt --source_commit 63793972743f667c6a6bcc12e9700f322f261147 --output_dir /data/liuyu/outputs/cross_suite_clean_train300_s10_19_20260620/spatial_gpu13/libero_spatial_t06_s11 --render_gpu 1 --save_video,CLEAN,2026-06-20T04:57:26+0800,0,libero_spatial_t06_s11,/data/liuyu/outputs/cross_suite_clean_train300_s10_19_20260620/logs/worker_spatial_gpu13/libero_spatial_t06_s11.log,/data/aviary/models/openvla/openvla-7b-finetuned-libero-spatial,,/data/liuyu/outputs/cross_suite_clean_train300_s10_19_20260620/spatial_gpu13/libero_spatial_t06_s11,21186,audit_pass,,1,0,,train_pool,2026-06-20T04:53:46+0800,11,COMPLETE,libero_spatial,6,libero_spatial
/data/liuyu/outputs/cross_suite_clean_train300_s10_19_20260620/queue_status_worker_spatial_gpu13.csv,spatial,"1,3",worker_spatial_gpu13,libero_spatial|6|12|0|CLEAN,/data/aviary/envs/openvla_official_libero_20260525/bin/python /data/liuyu/repos/train300_collector_freeze_141657f/scripts/stageb/run_sc5_cross_suite_clean.py --suite libero_spatial --model_path /data/aviary/models/openvla/openvla-7b-finetuned-libero-spatial --unnorm_key libero_spatial --task_idx 6 --state_id 12 --eval_seed 0 --detector_path /data/liuyu/repos/sc5_census_freeze_cc356f3_20260618/outputs/sc5_canonical_eng/sc5_mlp_s2.pt --source_commit 63793972743f667c6a6bcc12e9700f322f261147 --output_dir /data/liuyu/outputs/cross_suite_clean_train300_s10_19_20260620/spatial_gpu13/libero_spatial_t06_s12 --render_gpu 1 --save_video,CLEAN,2026-06-20T05:00:35+0800,0,libero_spatial_t06_s12,/data/liuyu/outputs/cross_suite_clean_train300_s10_19_20260620/logs/worker_spatial_gpu13/libero_spatial_t06_s12.log,/data/aviary/models/openvla/openvla-7b-finetuned-libero-spatial,,/data/liuyu/outputs/cross_suite_clean_train300_s10_19_20260620/spatial_gpu13/libero_spatial_t06_s12,21186,audit_pass,,1,0,,train_pool,2026-06-20T04:57:26+0800,12,COMPLETE,libero_spatial,6,libero_spatial
/data/liuyu/outputs/cross_suite_clean_train300_s10_19_20260620/queue_status_worker_spatial_gpu13.csv,spatial,"1,3",worker_spatial_gpu13,libero_spatial|6|13|0|CLEAN,/data/aviary/envs/openvla_official_libero_20260525/bin/python /data/liuyu/repos/train300_collector_freeze_141657f/scripts/stageb/run_sc5_cross_suite_clean.py --suite libero_spatial --model_path /data/aviary/models/openvla/openvla-7b-finetuned-libero-spatial --unnorm_key libero_spatial --task_idx 6 --state_id 13 --eval_seed 0 --detector_path /data/liuyu/repos/sc5_census_freeze_cc356f3_20260618/outputs/sc5_canonical_eng/sc5_mlp_s2.pt --source_commit 63793972743f667c6a6bcc12e9700f322f261147 --output_dir /data/liuyu/outputs/cross_suite_clean_train300_s10_19_20260620/spatial_gpu13/libero_spatial_t06_s13 --render_gpu 1 --save_video,CLEAN,2026-06-20T05:03:21+0800,0,libero_spatial_t06_s13,/data/liuyu/outputs/cross_suite_clean_train300_s10_19_20260620/logs/worker_spatial_gpu13/libero_spatial_t06_s13.log,/data/aviary/models/openvla/openvla-7b-finetuned-libero-spatial,,/data/liuyu/outputs/cross_suite_clean_train300_s10_19_20260620/spatial_gpu13/libero_spatial_t06_s13,21186,audit_pass,,1,0,,train_pool,2026-06-20T05:00:35+0800,13,COMPLETE,libero_spatial,6,libero_spatial
/data/liuyu/outputs/cross_suite_clean_train300_s10_19_20260620/queue_status_worker_spatial_gpu13.csv,spatial,"1,3",worker_spatial_gpu13,libero_spatial|6|14|0|CLEAN,/data/aviary/envs/openvla_official_libero_20260525/bin/python /data/liuyu/repos/train300_collector_freeze_141657f/scripts/stageb/run_sc5_cross_suite_clean.py --suite libero_spatial --model_path /data/aviary/models/openvla/openvla-7b-finetuned-libero-spatial --unnorm_key libero_spatial --task_idx 6 --state_id 14 --eval_seed 0 --detector_path /data/liuyu/repos/sc5_census_freeze_cc356f3_20260618/outputs/sc5_canonical_eng/sc5_mlp_s2.pt --source_commit 63793972743f667c6a6bcc12e9700f322f261147 --output_dir /data/liuyu/outputs/cross_suite_clean_train300_s10_19_20260620/spatial_gpu13/libero_spatial_t06_s14 --render_gpu 1 --save_video,CLEAN,2026-06-20T05:06:25+0800,0,libero_spatial_t06_s14,/data/liuyu/outputs/cross_suite_clean_train300_s10_19_20260620/logs/worker_spatial_gpu13/libero_spatial_t06_s14.log,/data/aviary/models/openvla/openvla-7b-finetuned-libero-spatial,,/data/liuyu/outputs/cross_suite_clean_train300_s10_19_20260620/spatial_gpu13/libero_spatial_t06_s14,21186,audit_pass,,1,0,,train_pool,2026-06-20T05:03:21+0800,14,COMPLETE,libero_spatial,6,libero_spatial
/data/liuyu/outputs/cross_suite_clean_train300_s10_19_20260620/queue_status_worker_spatial_gpu13.csv,spatial,"1,3",worker_spatial_gpu13,libero_spatial|6|15|0|CLEAN,/data/aviary/envs/openvla_official_libero_20260525/bin/python /data/liuyu/repos/train300_collector_freeze_141657f/scripts/stageb/run_sc5_cross_suite_clean.py --suite libero_spatial --model_path /data/aviary/models/openvla/openvla-7b-finetuned-libero-spatial --unnorm_key libero_spatial --task_idx 6 --state_id 15 --eval_seed 0 --detector_path /data/liuyu/repos/sc5_census_freeze_cc356f3_20260618/outputs/sc5_canonical_eng/sc5_mlp_s2.pt --source_commit 63793972743f667c6a6bcc12e9700f322f261147 --output_dir /data/liuyu/outputs/cross_suite_clean_train300_s10_19_20260620/spatial_gpu13/libero_spatial_t06_s15 --render_gpu 1 --save_video,CLEAN,2026-06-20T05:09:33+0800,0,libero_spatial_t06_s15,/data/liuyu/outputs/cross_suite_clean_train300_s10_19_20260620/logs/worker_spatial_gpu13/libero_spatial_t06_s15.log,/data/aviary/models/openvla/openvla-7b-finetuned-libero-spatial,,/data/liuyu/outputs/cross_suite_clean_train300_s10_19_20260620/spatial_gpu13/libero_spatial_t06_s15,21186,audit_pass,,1,0,,train_pool,2026-06-20T05:06:25+0800,15,COMPLETE,libero_spatial,6,libero_spatial
/data/liuyu/outputs/cross_suite_clean_train300_s10_19_20260620/queue_status_worker_spatial_gpu13.csv,spatial,"1,3",worker_spatial_gpu13,libero_spatial|6|16|0|CLEAN,/data/aviary/envs/openvla_official_libero_20260525/bin/python /data/liuyu/repos/train300_collector_freeze_141657f/scripts/stageb/run_sc5_cross_suite_clean.py --suite libero_spatial --model_path /data/aviary/models/openvla/openvla-7b-finetuned-libero-spatial --unnorm_key libero_spatial --task_idx 6 --state_id 16 --eval_seed 0 --detector_path /data/liuyu/repos/sc5_census_freeze_cc356f3_20260618/outputs/sc5_canonical_eng/sc5_mlp_s2.pt --source_commit 63793972743f667c6a6bcc12e9700f322f261147 --output_dir /data/liuyu/outputs/cross_suite_clean_train300_s10_19_20260620/spatial_gpu13/libero_spatial_t06_s16 --render_gpu 1 --save_video,CLEAN,2026-06-20T05:18:17+0800,0,libero_spatial_t06_s16,/data/liuyu/outputs/cross_suite_clean_train300_s10_19_20260620/logs/worker_spatial_gpu13/libero_spatial_t06_s16.log,/data/aviary/models/openvla/openvla-7b-finetuned-libero-spatial,,/data/liuyu/outputs/cross_suite_clean_train300_s10_19_20260620/spatial_gpu13/libero_spatial_t06_s16,21186,audit_pass,,1,0,,train_pool,2026-06-20T05:09:33+0800,16,COMPLETE,libero_spatial,6,libero_spatial
/data/liuyu/outputs/cross_suite_clean_train300_s10_19_20260620/queue_status_worker_spatial_gpu13.csv,spatial,"1,3",worker_spatial_gpu13,libero_spatial|6|17|0|CLEAN,/data/aviary/envs/openvla_official_libero_20260525/bin/python /data/liuyu/repos/train300_collector_freeze_141657f/scripts/stageb/run_sc5_cross_suite_clean.py --suite libero_spatial --model_path /data/aviary/models/openvla/openvla-7b-finetuned-libero-spatial --unnorm_key libero_spatial --task_idx 6 --state_id 17 --eval_seed 0 --detector_path /data/liuyu/repos/sc5_census_freeze_cc356f3_20260618/outputs/sc5_canonical_eng/sc5_mlp_s2.pt --source_commit 63793972743f667c6a6bcc12e9700f322f261147 --output_dir /data/liuyu/outputs/cross_suite_clean_train300_s10_19_20260620/spatial_gpu13/libero_spatial_t06_s17 --render_gpu 1 --save_video,CLEAN,2026-06-20T05:26:49+0800,0,libero_spatial_t06_s17,/data/liuyu/outputs/cross_suite_clean_train300_s10_19_20260620/logs/worker_spatial_gpu13/libero_spatial_t06_s17.log,/data/aviary/models/openvla/openvla-7b-finetuned-libero-spatial,,/data/liuyu/outputs/cross_suite_clean_train300_s10_19_20260620/spatial_gpu13/libero_spatial_t06_s17,21186,audit_pass,,1,0,,train_pool,2026-06-20T05:18:17+0800,17,COMPLETE,libero_spatial,6,libero_spatial
/data/liuyu/outputs/cross_suite_clean_train300_s10_19_20260620/queue_status_worker_spatial_gpu13.csv,spatial,"1,3",worker_spatial_gpu13,libero_spatial|6|18|0|CLEAN,/data/aviary/envs/openvla_official_libero_20260525/bin/python /data/liuyu/repos/train300_collector_freeze_141657f/scripts/stageb/run_sc5_cross_suite_clean.py --suite libero_spatial --model_path /data/aviary/models/openvla/openvla-7b-finetuned-libero-spatial --unnorm_key libero_spatial --task_idx 6 --state_id 18 --eval_seed 0 --detector_path /data/liuyu/repos/sc5_census_freeze_cc356f3_20260618/outputs/sc5_canonical_eng/sc5_mlp_s2.pt --source_commit 63793972743f667c6a6bcc12e9700f322f261147 --output_dir /data/liuyu/outputs/cross_suite_clean_train300_s10_19_20260620/spatial_gpu13/libero_spatial_t06_s18 --render_gpu 1 --save_video,CLEAN,2026-06-20T05:29:56+0800,0,libero_spatial_t06_s18,/data/liuyu/outputs/cross_suite_clean_train300_s10_19_20260620/logs/worker_spatial_gpu13/libero_spatial_t06_s18.log,/data/aviary/models/openvla/openvla-7b-finetuned-libero-spatial,,/data/liuyu/outputs/cross_suite_clean_train300_s10_19_20260620/spatial_gpu13/libero_spatial_t06_s18,21186,audit_pass,,1,0,,validation_pool,2026-06-20T05:26:49+0800,18,COMPLETE,libero_spatial,6,libero_spatial
/data/liuyu/outputs/cross_suite_clean_train300_s10_19_20260620/queue_status_worker_spatial_gpu13.csv,spatial,"1,3",worker_spatial_gpu13,libero_spatial|6|19|0|CLEAN,/data/aviary/envs/openvla_official_libero_20260525/bin/python /data/liuyu/repos/train300_collector_freeze_141657f/scripts/stageb/run_sc5_cross_suite_clean.py --suite libero_spatial --model_path /data/aviary/models/openvla/openvla-7b-finetuned-libero-spatial --unnorm_key libero_spatial --task_idx 6 --state_id 19 --eval_seed 0 --detector_path /data/liuyu/repos/sc5_census_freeze_cc356f3_20260618/outputs/sc5_canonical_eng/sc5_mlp_s2.pt --source_commit 63793972743f667c6a6bcc12e9700f322f261147 --output_dir /data/liuyu/outputs/cross_suite_clean_train300_s10_19_20260620/spatial_gpu13/libero_spatial_t06_s19 --render_gpu 1 --save_video,CLEAN,2026-06-20T05:32:51+0800,0,libero_spatial_t06_s19,/data/liuyu/outputs/cross_suite_clean_train300_s10_19_20260620/logs/worker_spatial_gpu13/libero_spatial_t06_s19.log,/data/aviary/models/openvla/openvla-7b-finetuned-libero-spatial,,/data/liuyu/outputs/cross_suite_clean_train300_s10_19_20260620/spatial_gpu13/libero_spatial_t06_s19,21186,audit_pass,,1,0,,validation_pool,2026-06-20T05:29:56+0800,19,COMPLETE,libero_spatial,6,libero_spatial
/data/liuyu/outputs/cross_suite_clean_train300_s10_19_20260620/queue_status_worker_spatial_gpu13.csv,spatial,"1,3",worker_spatial_gpu13,libero_spatial|7|10|0|CLEAN,/data/aviary/envs/openvla_official_libero_20260525/bin/python /data/liuyu/repos/train300_collector_freeze_141657f/scripts/stageb/run_sc5_cross_suite_clean.py --suite libero_spatial --model_path /data/aviary/models/openvla/openvla-7b-finetuned-libero-spatial --unnorm_key libero_spatial --task_idx 7 --state_id 10 --eval_seed 0 --detector_path /data/liuyu/repos/sc5_census_freeze_cc356f3_20260618/outputs/sc5_canonical_eng/sc5_mlp_s2.pt --source_commit 63793972743f667c6a6bcc12e9700f322f261147 --output_dir /data/liuyu/outputs/cross_suite_clean_train300_s10_19_20260620/spatial_gpu13/libero_spatial_t07_s10 --render_gpu 1 --save_video,CLEAN,2026-06-20T05:41:29+0800,0,libero_spatial_t07_s10,/data/liuyu/outputs/cross_suite_clean_train300_s10_19_20260620/logs/worker_spatial_gpu13/libero_spatial_t07_s10.log,/data/aviary/models/openvla/openvla-7b-finetuned-libero-spatial,,/data/liuyu/outputs/cross_suite_clean_train300_s10_19_20260620/spatial_gpu13/libero_spatial_t07_s10,21186,audit_pass,,1,0,,train_pool,2026-06-20T05:32:51+0800,10,COMPLETE,libero_spatial,7,libero_spatial
/data/liuyu/outputs/cross_suite_clean_train300_s10_19_20260620/queue_status_worker_spatial_gpu13.csv,spatial,"1,3",worker_spatial_gpu13,libero_spatial|7|11|0|CLEAN,/data/aviary/envs/openvla_official_libero_20260525/bin/python /data/liuyu/repos/train300_collector_freeze_141657f/scripts/stageb/run_sc5_cross_suite_clean.py --suite libero_spatial --model_path /data/aviary/models/openvla/openvla-7b-finetuned-libero-spatial --unnorm_key libero_spatial --task_idx 7 --state_id 11 --eval_seed 0 --detector_path /data/liuyu/repos/sc5_census_freeze_cc356f3_20260618/outputs/sc5_canonical_eng/sc5_mlp_s2.pt --source_commit 63793972743f667c6a6bcc12e9700f322f261147 --output_dir /data/liuyu/outputs/cross_suite_clean_train300_s10_19_20260620/spatial_gpu13/libero_spatial_t07_s11 --render_gpu 1 --save_video,CLEAN,2026-06-20T05:44:58+0800,0,libero_spatial_t07_s11,/data/liuyu/outputs/cross_suite_clean_train300_s10_19_20260620/logs/worker_spatial_gpu13/libero_spatial_t07_s11.log,/data/aviary/models/openvla/openvla-7b-finetuned-libero-spatial,,/data/liuyu/outputs/cross_suite_clean_train300_s10_19_20260620/spatial_gpu13/libero_spatial_t07_s11,21186,audit_pass,,1,0,,train_pool,2026-06-20T05:41:29+0800,11,COMPLETE,libero_spatial,7,libero_spatial
/data/liuyu/outputs/cross_suite_clean_train300_s10_19_20260620/queue_status_worker_spatial_gpu13.csv,spatial,"1,3",worker_spatial_gpu13,libero_spatial|7|12|0|CLEAN,/data/aviary/envs/openvla_official_libero_20260525/bin/python /data/liuyu/repos/train300_collector_freeze_141657f/scripts/stageb/run_sc5_cross_suite_clean.py --suite libero_spatial --model_path /data/aviary/models/openvla/openvla-7b-finetuned-libero-spatial --unnorm_key libero_spatial --task_idx 7 --state_id 12 --eval_seed 0 --detector_path /data/liuyu/repos/sc5_census_freeze_cc356f3_20260618/outputs/sc5_canonical_eng/sc5_mlp_s2.pt --source_commit 63793972743f667c6a6bcc12e9700f322f261147 --output_dir /data/liuyu/outputs/cross_suite_clean_train300_s10_19_20260620/spatial_gpu13/libero_spatial_t07_s12 --render_gpu 1 --save_video,CLEAN,2026-06-20T05:48:18+0800,0,libero_spatial_t07_s12,/data/liuyu/outputs/cross_suite_clean_train300_s10_19_20260620/logs/worker_spatial_gpu13/libero_spatial_t07_s12.log,/data/aviary/models/openvla/openvla-7b-finetuned-libero-spatial,,/data/liuyu/outputs/cross_suite_clean_train300_s10_19_20260620/spatial_gpu13/libero_spatial_t07_s12,21186,audit_pass,,1,0,,train_pool,2026-06-20T05:44:58+0800,12,COMPLETE,libero_spatial,7,libero_spatial
/data/liuyu/outputs/cross_suite_clean_train300_s10_19_20260620/queue_status_worker_spatial_gpu13.csv,spatial,"1,3",worker_spatial_gpu13,libero_spatial|7|13|0|CLEAN,/data/aviary/envs/openvla_official_libero_20260525/bin/python /data/liuyu/repos/train300_collector_freeze_141657f/scripts/stageb/run_sc5_cross_suite_clean.py --suite libero_spatial --model_path /data/aviary/models/openvla/openvla-7b-finetuned-libero-spatial --unnorm_key libero_spatial --task_idx 7 --state_id 13 --eval_seed 0 --detector_path /data/liuyu/repos/sc5_census_freeze_cc356f3_20260618/outputs/sc5_canonical_eng/sc5_mlp_s2.pt --source_commit 63793972743f667c6a6bcc12e9700f322f261147 --output_dir /data/liuyu/outputs/cross_suite_clean_train300_s10_19_20260620/spatial_gpu13/libero_spatial_t07_s13 --render_gpu 1 --save_video,CLEAN,2026-06-20T05:56:57+0800,0,libero_spatial_t07_s13,/data/liuyu/outputs/cross_suite_clean_train300_s10_19_20260620/logs/worker_spatial_gpu13/libero_spatial_t07_s13.log,/data/aviary/models/openvla/openvla-7b-finetuned-libero-spatial,,/data/liuyu/outputs/cross_suite_clean_train300_s10_19_20260620/spatial_gpu13/libero_spatial_t07_s13,21186,audit_pass,,1,0,,train_pool,2026-06-20T05:48:18+0800,13,COMPLETE,libero_spatial,7,libero_spatial
/data/liuyu/outputs/cross_suite_clean_train300_s10_19_20260620/queue_status_worker_spatial_gpu13.csv,spatial,"1,3",worker_spatial_gpu13,libero_spatial|7|14|0|CLEAN,/data/aviary/envs/openvla_official_libero_20260525/bin/python /data/liuyu/repos/train300_collector_freeze_141657f/scripts/stageb/run_sc5_cross_suite_clean.py --suite libero_spatial --model_path /data/aviary/models/openvla/openvla-7b-finetuned-libero-spatial --unnorm_key libero_spatial --task_idx 7 --state_id 14 --eval_seed 0 --detector_path /data/liuyu/repos/sc5_census_freeze_cc356f3_20260618/outputs/sc5_canonical_eng/sc5_mlp_s2.pt --source_commit 63793972743f667c6a6bcc12e9700f322f261147 --output_dir /data/liuyu/outputs/cross_suite_clean_train300_s10_19_20260620/spatial_gpu13/libero_spatial_t07_s14 --render_gpu 1 --save_video,CLEAN,2026-06-20T06:00:29+0800,0,libero_spatial_t07_s14,/data/liuyu/outputs/cross_suite_clean_train300_s10_19_20260620/logs/worker_spatial_gpu13/libero_spatial_t07_s14.log,/data/aviary/models/openvla/openvla-7b-finetuned-libero-spatial,,/data/liuyu/outputs/cross_suite_clean_train300_s10_19_20260620/spatial_gpu13/libero_spatial_t07_s14,21186,audit_pass,,1,0,,train_pool,2026-06-20T05:56:57+0800,14,COMPLETE,libero_spatial,7,libero_spatial
/data/liuyu/outputs/cross_suite_clean_train300_s10_19_20260620/queue_status_worker_spatial_gpu13.csv,spatial,"1,3",worker_spatial_gpu13,libero_spatial|7|15|0|CLEAN,/data/aviary/envs/openvla_official_libero_20260525/bin/python /data/liuyu/repos/train300_collector_freeze_141657f/scripts/stageb/run_sc5_cross_suite_clean.py --suite libero_spatial --model_path /data/aviary/models/openvla/openvla-7b-finetuned-libero-spatial --unnorm_key libero_spatial --task_idx 7 --state_id 15 --eval_seed 0 --detector_path /data/liuyu/repos/sc5_census_freeze_cc356f3_20260618/outputs/sc5_canonical_eng/sc5_mlp_s2.pt --source_commit 63793972743f667c6a6bcc12e9700f322f261147 --output_dir /data/liuyu/outputs/cross_suite_clean_train300_s10_19_20260620/spatial_gpu13/libero_spatial_t07_s15 --render_gpu 1 --save_video,CLEAN,2026-06-20T06:03:43+0800,0,libero_spatial_t07_s15,/data/liuyu/outputs/cross_suite_clean_train300_s10_19_20260620/logs/worker_spatial_gpu13/libero_spatial_t07_s15.log,/data/aviary/models/openvla/openvla-7b-finetuned-libero-spatial,,/data/liuyu/outputs/cross_suite_clean_train300_s10_19_20260620/spatial_gpu13/libero_spatial_t07_s15,21186,audit_pass,,1,0,,train_pool,2026-06-20T06:00:29+0800,15,COMPLETE,libero_spatial,7,libero_spatial
/data/liuyu/outputs/cross_suite_clean_train300_s10_19_20260620/queue_status_worker_spatial_gpu13.csv,spatial,"1,3",worker_spatial_gpu13,libero_spatial|7|16|0|CLEAN,/data/aviary/envs/openvla_official_libero_20260525/bin/python /data/liuyu/repos/train300_collector_freeze_141657f/scripts/stageb/run_sc5_cross_suite_clean.py --suite libero_spatial --model_path /data/aviary/models/openvla/openvla-7b-finetuned-libero-spatial --unnorm_key libero_spatial --task_idx 7 --state_id 16 --eval_seed 0 --detector_path /data/liuyu/repos/sc5_census_freeze_cc356f3_20260618/outputs/sc5_canonical_eng/sc5_mlp_s2.pt --source_commit 63793972743f667c6a6bcc12e9700f322f261147 --output_dir /data/liuyu/outputs/cross_suite_clean_train300_s10_19_20260620/spatial_gpu13/libero_spatial_t07_s16 --render_gpu 1 --save_video,CLEAN,2026-06-20T06:07:10+0800,0,libero_spatial_t07_s16,/data/liuyu/outputs/cross_suite_clean_train300_s10_19_20260620/logs/worker_spatial_gpu13/libero_spatial_t07_s16.log,/data/aviary/models/openvla/openvla-7b-finetuned-libero-spatial,,/data/liuyu/outputs/cross_suite_clean_train300_s10_19_20260620/spatial_gpu13/libero_spatial_t07_s16,21186,audit_pass,,1,0,,train_pool,2026-06-20T06:03:43+0800,16,COMPLETE,libero_spatial,7,libero_spatial
/data/liuyu/outputs/cross_suite_clean_train300_s10_19_20260620/queue_status_worker_spatial_gpu13.csv,spatial,"1,3",worker_spatial_gpu13,libero_spatial|7|17|0|CLEAN,/data/aviary/envs/openvla_official_libero_20260525/bin/python /data/liuyu/repos/train300_collector_freeze_141657f/scripts/stageb/run_sc5_cross_suite_clean.py --suite libero_spatial --model_path /data/aviary/models/openvla/openvla-7b-finetuned-libero-spatial --unnorm_key libero_spatial --task_idx 7 --state_id 17 --eval_seed 0 --detector_path /data/liuyu/repos/sc5_census_freeze_cc356f3_20260618/outputs/sc5_canonical_eng/sc5_mlp_s2.pt --source_commit 63793972743f667c6a6bcc12e9700f322f261147 --output_dir /data/liuyu/outputs/cross_suite_clean_train300_s10_19_20260620/spatial_gpu13/libero_spatial_t07_s17 --render_gpu 1 --save_video,CLEAN,2026-06-20T06:10:13+0800,0,libero_spatial_t07_s17,/data/liuyu/outputs/cross_suite_clean_train300_s10_19_20260620/logs/worker_spatial_gpu13/libero_spatial_t07_s17.log,/data/aviary/models/openvla/openvla-7b-finetuned-libero-spatial,,/data/liuyu/outputs/cross_suite_clean_train300_s10_19_20260620/spatial_gpu13/libero_spatial_t07_s17,21186,audit_pass,,1,0,,train_pool,2026-06-20T06:07:10+0800,17,COMPLETE,libero_spatial,7,libero_spatial
/data/liuyu/outputs/cross_suite_clean_train300_s10_19_20260620/queue_status_worker_spatial_gpu13.csv,spatial,"1,3",worker_spatial_gpu13,libero_spatial|7|18|0|CLEAN,/data/aviary/envs/openvla_official_libero_20260525/bin/python /data/liuyu/repos/train300_collector_freeze_141657f/scripts/stageb/run_sc5_cross_suite_clean.py --suite libero_spatial --model_path /data/aviary/models/openvla/openvla-7b-finetuned-libero-spatial --unnorm_key libero_spatial --task_idx 7 --state_id 18 --eval_seed 0 --detector_path /data/liuyu/repos/sc5_census_freeze_cc356f3_20260618/outputs/sc5_canonical_eng/sc5_mlp_s2.pt --source_commit 63793972743f667c6a6bcc12e9700f322f261147 --output_dir /data/liuyu/outputs/cross_suite_clean_train300_s10_19_20260620/spatial_gpu13/libero_spatial_t07_s18 --render_gpu 1 --save_video,CLEAN,2026-06-20T06:13:30+0800,0,libero_spatial_t07_s18,/data/liuyu/outputs/cross_suite_clean_train300_s10_19_20260620/logs/worker_spatial_gpu13/libero_spatial_t07_s18.log,/data/aviary/models/openvla/openvla-7b-finetuned-libero-spatial,,/data/liuyu/outputs/cross_suite_clean_train300_s10_19_20260620/spatial_gpu13/libero_spatial_t07_s18,21186,audit_pass,,1,0,,validation_pool,2026-06-20T06:10:13+0800,18,COMPLETE,libero_spatial,7,libero_spatial
/data/liuyu/outputs/cross_suite_clean_train300_s10_19_20260620/queue_status_worker_spatial_gpu13.csv,spatial,"1,3",worker_spatial_gpu13,libero_spatial|7|19|0|CLEAN,/data/aviary/envs/openvla_official_libero_20260525/bin/python /data/liuyu/repos/train300_collector_freeze_141657f/scripts/stageb/run_sc5_cross_suite_clean.py --suite libero_spatial --model_path /data/aviary/models/openvla/openvla-7b-finetuned-libero-spatial --unnorm_key libero_spatial --task_idx 7 --state_id 19 --eval_seed 0 --detector_path /data/liuyu/repos/sc5_census_freeze_cc356f3_20260618/outputs/sc5_canonical_eng/sc5_mlp_s2.pt --source_commit 63793972743f667c6a6bcc12e9700f322f261147 --output_dir /data/liuyu/outputs/cross_suite_clean_train300_s10_19_20260620/spatial_gpu13/libero_spatial_t07_s19 --render_gpu 1 --save_video,CLEAN,2026-06-20T06:16:40+0800,0,libero_spatial_t07_s19,/data/liuyu/outputs/cross_suite_clean_train300_s10_19_20260620/logs/worker_spatial_gpu13/libero_spatial_t07_s19.log,/data/aviary/models/openvla/openvla-7b-finetuned-libero-spatial,,/data/liuyu/outputs/cross_suite_clean_train300_s10_19_20260620/spatial_gpu13/libero_spatial_t07_s19,21186,audit_pass,,1,0,,validation_pool,2026-06-20T06:13:30+0800,19,COMPLETE,libero_spatial,7,libero_spatial
/data/liuyu/outputs/cross_suite_clean_train300_s10_19_20260620/queue_status_worker_spatial_gpu13.csv,spatial,"1,3",worker_spatial_gpu13,libero_spatial|8|10|0|CLEAN,/data/aviary/envs/openvla_official_libero_20260525/bin/python /data/liuyu/repos/train300_collector_freeze_141657f/scripts/stageb/run_sc5_cross_suite_clean.py --suite libero_spatial --model_path /data/aviary/models/openvla/openvla-7b-finetuned-libero-spatial --unnorm_key libero_spatial --task_idx 8 --state_id 10 --eval_seed 0 --detector_path /data/liuyu/repos/sc5_census_freeze_cc356f3_20260618/outputs/sc5_canonical_eng/sc5_mlp_s2.pt --source_commit 63793972743f667c6a6bcc12e9700f322f261147 --output_dir /data/liuyu/outputs/cross_suite_clean_train300_s10_19_20260620/spatial_gpu13/libero_spatial_t08_s10 --render_gpu 1 --save_video,CLEAN,2026-06-20T06:19:24+0800,0,libero_spatial_t08_s10,/data/liuyu/outputs/cross_suite_clean_train300_s10_19_20260620/logs/worker_spatial_gpu13/libero_spatial_t08_s10.log,/data/aviary/models/openvla/openvla-7b-finetuned-libero-spatial,,/data/liuyu/outputs/cross_suite_clean_train300_s10_19_20260620/spatial_gpu13/libero_spatial_t08_s10,21186,audit_pass,,1,0,,train_pool,2026-06-20T06:16:40+0800,10,COMPLETE,libero_spatial,8,libero_spatial
/data/liuyu/outputs/cross_suite_clean_train300_s10_19_20260620/queue_status_worker_spatial_gpu13.csv,spatial,"1,3",worker_spatial_gpu13,libero_spatial|8|11|0|CLEAN,/data/aviary/envs/openvla_official_libero_20260525/bin/python /data/liuyu/repos/train300_collector_freeze_141657f/scripts/stageb/run_sc5_cross_suite_clean.py --suite libero_spatial --model_path /data/aviary/models/openvla/openvla-7b-finetuned-libero-spatial --unnorm_key libero_spatial --task_idx 8 --state_id 11 --eval_seed 0 --detector_path /data/liuyu/repos/sc5_census_freeze_cc356f3_20260618/outputs/sc5_canonical_eng/sc5_mlp_s2.pt --source_commit 63793972743f667c6a6bcc12e9700f322f261147 --output_dir /data/liuyu/outputs/cross_suite_clean_train300_s10_19_20260620/spatial_gpu13/libero_spatial_t08_s11 --render_gpu 1 --save_video,CLEAN,2026-06-20T06:22:20+0800,0,libero_spatial_t08_s11,/data/liuyu/outputs/cross_suite_clean_train300_s10_19_20260620/logs/worker_spatial_gpu13/libero_spatial_t08_s11.log,/data/aviary/models/openvla/openvla-7b-finetuned-libero-spatial,,/data/liuyu/outputs/cross_suite_clean_train300_s10_19_20260620/spatial_gpu13/libero_spatial_t08_s11,21186,audit_pass,,1,0,,train_pool,2026-06-20T06:19:24+0800,11,COMPLETE,libero_spatial,8,libero_spatial
/data/liuyu/outputs/cross_suite_clean_train300_s10_19_20260620/queue_status_worker_spatial_gpu13.csv,spatial,"1,3",worker_spatial_gpu13,libero_spatial|8|12|0|CLEAN,/data/aviary/envs/openvla_official_libero_20260525/bin/python /data/liuyu/repos/train300_collector_freeze_141657f/scripts/stageb/run_sc5_cross_suite_clean.py --suite libero_spatial --model_path /data/aviary/models/openvla/openvla-7b-finetuned-libero-spatial --unnorm_key libero_spatial --task_idx 8 --state_id 12 --eval_seed 0 --detector_path /data/liuyu/repos/sc5_census_freeze_cc356f3_20260618/outputs/sc5_canonical_eng/sc5_mlp_s2.pt --source_commit 63793972743f667c6a6bcc12e9700f322f261147 --output_dir /data/liuyu/outputs/cross_suite_clean_train300_s10_19_20260620/spatial_gpu13/libero_spatial_t08_s12 --render_gpu 1 --save_video,CLEAN,2026-06-20T06:31:01+0800,0,libero_spatial_t08_s12,/data/liuyu/outputs/cross_suite_clean_train300_s10_19_20260620/logs/worker_spatial_gpu13/libero_spatial_t08_s12.log,/data/aviary/models/openvla/openvla-7b-finetuned-libero-spatial,,/data/liuyu/outputs/cross_suite_clean_train300_s10_19_20260620/spatial_gpu13/libero_spatial_t08_s12,21186,audit_pass,,1,0,,train_pool,2026-06-20T06:22:20+0800,12,COMPLETE,libero_spatial,8,libero_spatial
/data/liuyu/outputs/cross_suite_clean_train300_s10_19_20260620/queue_status_worker_spatial_gpu13.csv,spatial,"1,3",worker_spatial_gpu13,libero_spatial|8|13|0|CLEAN,/data/aviary/envs/openvla_official_libero_20260525/bin/python /data/liuyu/repos/train300_collector_freeze_141657f/scripts/stageb/run_sc5_cross_suite_clean.py --suite libero_spatial --model_path /data/aviary/models/openvla/openvla-7b-finetuned-libero-spatial --unnorm_key libero_spatial --task_idx 8 --state_id 13 --eval_seed 0 --detector_path /data/liuyu/repos/sc5_census_freeze_cc356f3_20260618/outputs/sc5_canonical_eng/sc5_mlp_s2.pt --source_commit 63793972743f667c6a6bcc12e9700f322f261147 --output_dir /data/liuyu/outputs/cross_suite_clean_train300_s10_19_20260620/spatial_gpu13/libero_spatial_t08_s13 --render_gpu 1 --save_video,CLEAN,2026-06-20T06:33:38+0800,0,libero_spatial_t08_s13,/data/liuyu/outputs/cross_suite_clean_train300_s10_19_20260620/logs/worker_spatial_gpu13/libero_spatial_t08_s13.log,/data/aviary/models/openvla/openvla-7b-finetuned-libero-spatial,,/data/liuyu/outputs/cross_suite_clean_train300_s10_19_20260620/spatial_gpu13/libero_spatial_t08_s13,21186,audit_pass,,1,0,,train_pool,2026-06-20T06:31:01+0800,13,COMPLETE,libero_spatial,8,libero_spatial
/data/liuyu/outputs/cross_suite_clean_train300_s10_19_20260620/queue_status_worker_spatial_gpu13.csv,spatial,"1,3",worker_spatial_gpu13,libero_spatial|8|14|0|CLEAN,/data/aviary/envs/openvla_official_libero_20260525/bin/python /data/liuyu/repos/train300_collector_freeze_141657f/scripts/stageb/run_sc5_cross_suite_clean.py --suite libero_spatial --model_path /data/aviary/models/openvla/openvla-7b-finetuned-libero-spatial --unnorm_key libero_spatial --task_idx 8 --state_id 14 --eval_seed 0 --detector_path /data/liuyu/repos/sc5_census_freeze_cc356f3_20260618/outputs/sc5_canonical_eng/sc5_mlp_s2.pt --source_commit 63793972743f667c6a6bcc12e9700f322f261147 --output_dir /data/liuyu/outputs/cross_suite_clean_train300_s10_19_20260620/spatial_gpu13/libero_spatial_t08_s14 --render_gpu 1 --save_video,CLEAN,2026-06-20T06:36:32+0800,0,libero_spatial_t08_s14,/data/liuyu/outputs/cross_suite_clean_train300_s10_19_20260620/logs/worker_spatial_gpu13/libero_spatial_t08_s14.log,/data/aviary/models/openvla/openvla-7b-finetuned-libero-spatial,,/data/liuyu/outputs/cross_suite_clean_train300_s10_19_20260620/spatial_gpu13/libero_spatial_t08_s14,21186,audit_pass,,1,0,,train_pool,2026-06-20T06:33:38+0800,14,COMPLETE,libero_spatial,8,libero_spatial
/data/liuyu/outputs/cross_suite_clean_train300_s10_19_20260620/queue_status_worker_spatial_gpu13.csv,spatial,"1,3",worker_spatial_gpu13,libero_spatial|8|15|0|CLEAN,/data/aviary/envs/openvla_official_libero_20260525/bin/python /data/liuyu/repos/train300_collector_freeze_141657f/scripts/stageb/run_sc5_cross_suite_clean.py --suite libero_spatial --model_path /data/aviary/models/openvla/openvla-7b-finetuned-libero-spatial --unnorm_key libero_spatial --task_idx 8 --state_id 15 --eval_seed 0 --detector_path /data/liuyu/repos/sc5_census_freeze_cc356f3_20260618/outputs/sc5_canonical_eng/sc5_mlp_s2.pt --source_commit 63793972743f667c6a6bcc12e9700f322f261147 --output_dir /data/liuyu/outputs/cross_suite_clean_train300_s10_19_20260620/spatial_gpu13/libero_spatial_t08_s15 --render_gpu 1 --save_video,CLEAN,2026-06-20T06:39:55+0800,0,libero_spatial_t08_s15,/data/liuyu/outputs/cross_suite_clean_train300_s10_19_20260620/logs/worker_spatial_gpu13/libero_spatial_t08_s15.log,/data/aviary/models/openvla/openvla-7b-finetuned-libero-spatial,,/data/liuyu/outputs/cross_suite_clean_train300_s10_19_20260620/spatial_gpu13/libero_spatial_t08_s15,21186,audit_pass,,1,0,,train_pool,2026-06-20T06:36:32+0800,15,COMPLETE,libero_spatial,8,libero_spatial
/data/liuyu/outputs/cross_suite_clean_train300_s10_19_20260620/queue_status_worker_spatial_gpu13.csv,spatial,"1,3",worker_spatial_gpu13,libero_spatial|8|16|0|CLEAN,/data/aviary/envs/openvla_official_libero_20260525/bin/python /data/liuyu/repos/train300_collector_freeze_141657f/scripts/stageb/run_sc5_cross_suite_clean.py --suite libero_spatial --model_path /data/aviary/models/openvla/openvla-7b-finetuned-libero-spatial --unnorm_key libero_spatial --task_idx 8 --state_id 16 --eval_seed 0 --detector_path /data/liuyu/repos/sc5_census_freeze_cc356f3_20260618/outputs/sc5_canonical_eng/sc5_mlp_s2.pt --source_commit 63793972743f667c6a6bcc12e9700f322f261147 --output_dir /data/liuyu/outputs/cross_suite_clean_train300_s10_19_20260620/spatial_gpu13/libero_spatial_t08_s16 --render_gpu 1 --save_video,CLEAN,2026-06-20T06:43:15+0800,0,libero_spatial_t08_s16,/data/liuyu/outputs/cross_suite_clean_train300_s10_19_20260620/logs/worker_spatial_gpu13/libero_spatial_t08_s16.log,/data/aviary/models/openvla/openvla-7b-finetuned-libero-spatial,,/data/liuyu/outputs/cross_suite_clean_train300_s10_19_20260620/spatial_gpu13/libero_spatial_t08_s16,21186,audit_pass,,1,0,,train_pool,2026-06-20T06:39:55+0800,16,COMPLETE,libero_spatial,8,libero_spatial
/data/liuyu/outputs/cross_suite_clean_train300_s10_19_20260620/queue_status_worker_spatial_gpu13.csv,spatial,"1,3",worker_spatial_gpu13,libero_spatial|8|17|0|CLEAN,/data/aviary/envs/openvla_official_libero_20260525/bin/python /data/liuyu/repos/train300_collector_freeze_141657f/scripts/stageb/run_sc5_cross_suite_clean.py --suite libero_spatial --model_path /data/aviary/models/openvla/openvla-7b-finetuned-libero-spatial --unnorm_key libero_spatial --task_idx 8 --state_id 17 --eval_seed 0 --detector_path /data/liuyu/repos/sc5_census_freeze_cc356f3_20260618/outputs/sc5_canonical_eng/sc5_mlp_s2.pt --source_commit 63793972743f667c6a6bcc12e9700f322f261147 --output_dir /data/liuyu/outputs/cross_suite_clean_train300_s10_19_20260620/spatial_gpu13/libero_spatial_t08_s17 --render_gpu 1 --save_video,CLEAN,2026-06-20T06:51:47+0800,0,libero_spatial_t08_s17,/data/liuyu/outputs/cross_suite_clean_train300_s10_19_20260620/logs/worker_spatial_gpu13/libero_spatial_t08_s17.log,/data/aviary/models/openvla/openvla-7b-finetuned-libero-spatial,,/data/liuyu/outputs/cross_suite_clean_train300_s10_19_20260620/spatial_gpu13/libero_spatial_t08_s17,21186,audit_pass,,1,0,,train_pool,2026-06-20T06:43:15+0800,17,COMPLETE,libero_spatial,8,libero_spatial
/data/liuyu/outputs/cross_suite_clean_train300_s10_19_20260620/queue_status_worker_spatial_gpu13.csv,spatial,"1,3",worker_spatial_gpu13,libero_spatial|8|18|0|CLEAN,/data/aviary/envs/openvla_official_libero_20260525/bin/python /data/liuyu/repos/train300_collector_freeze_141657f/scripts/stageb/run_sc5_cross_suite_clean.py --suite libero_spatial --model_path /data/aviary/models/openvla/openvla-7b-finetuned-libero-spatial --unnorm_key libero_spatial --task_idx 8 --state_id 18 --eval_seed 0 --detector_path /data/liuyu/repos/sc5_census_freeze_cc356f3_20260618/outputs/sc5_canonical_eng/sc5_mlp_s2.pt --source_commit 63793972743f667c6a6bcc12e9700f322f261147 --output_dir /data/liuyu/outputs/cross_suite_clean_train300_s10_19_20260620/spatial_gpu13/libero_spatial_t08_s18 --render_gpu 1 --save_video,CLEAN,2026-06-20T06:56:13+0800,0,libero_spatial_t08_s18,/data/liuyu/outputs/cross_suite_clean_train300_s10_19_20260620/logs/worker_spatial_gpu13/libero_spatial_t08_s18.log,/data/aviary/models/openvla/openvla-7b-finetuned-libero-spatial,,/data/liuyu/outputs/cross_suite_clean_train300_s10_19_20260620/spatial_gpu13/libero_spatial_t08_s18,21186,audit_pass,,1,0,,validation_pool,2026-06-20T06:51:47+0800,18,COMPLETE,libero_spatial,8,libero_spatial
/data/liuyu/outputs/cross_suite_clean_train300_s10_19_20260620/queue_status_worker_spatial_gpu13.csv,spatial,"1,3",worker_spatial_gpu13,libero_spatial|8|19|0|CLEAN,/data/aviary/envs/openvla_official_libero_20260525/bin/python /data/liuyu/repos/train300_collector_freeze_141657f/scripts/stageb/run_sc5_cross_suite_clean.py --suite libero_spatial --model_path /data/aviary/models/openvla/openvla-7b-finetuned-libero-spatial --unnorm_key libero_spatial --task_idx 8 --state_id 19 --eval_seed 0 --detector_path /data/liuyu/repos/sc5_census_freeze_cc356f3_20260618/outputs/sc5_canonical_eng/sc5_mlp_s2.pt --source_commit 63793972743f667c6a6bcc12e9700f322f261147 --output_dir /data/liuyu/outputs/cross_suite_clean_train300_s10_19_20260620/spatial_gpu13/libero_spatial_t08_s19 --render_gpu 1 --save_video,CLEAN,2026-06-20T06:59:09+0800,0,libero_spatial_t08_s19,/data/liuyu/outputs/cross_suite_clean_train300_s10_19_20260620/logs/worker_spatial_gpu13/libero_spatial_t08_s19.log,/data/aviary/models/openvla/openvla-7b-finetuned-libero-spatial,,/data/liuyu/outputs/cross_suite_clean_train300_s10_19_20260620/spatial_gpu13/libero_spatial_t08_s19,21186,audit_pass,,1,0,,validation_pool,2026-06-20T06:56:13+0800,19,COMPLETE,libero_spatial,8,libero_spatial
/data/liuyu/outputs/cross_suite_clean_train300_s10_19_20260620/queue_status_worker_spatial_gpu13.csv,spatial,"1,3",worker_spatial_gpu13,libero_spatial|9|10|0|CLEAN,/data/aviary/envs/openvla_official_libero_20260525/bin/python /data/liuyu/repos/train300_collector_freeze_141657f/scripts/stageb/run_sc5_cross_suite_clean.py --suite libero_spatial --model_path /data/aviary/models/openvla/openvla-7b-finetuned-libero-spatial --unnorm_key libero_spatial --task_idx 9 --state_id 10 --eval_seed 0 --detector_path /data/liuyu/repos/sc5_census_freeze_cc356f3_20260618/outputs/sc5_canonical_eng/sc5_mlp_s2.pt --source_commit 63793972743f667c6a6bcc12e9700f322f261147 --output_dir /data/liuyu/outputs/cross_suite_clean_train300_s10_19_20260620/spatial_gpu13/libero_spatial_t09_s10 --render_gpu 1 --save_video,CLEAN,2026-06-20T07:02:07+0800,0,libero_spatial_t09_s10,/data/liuyu/outputs/cross_suite_clean_train300_s10_19_20260620/logs/worker_spatial_gpu13/libero_spatial_t09_s10.log,/data/aviary/models/openvla/openvla-7b-finetuned-libero-spatial,,/data/liuyu/outputs/cross_suite_clean_train300_s10_19_20260620/spatial_gpu13/libero_spatial_t09_s10,21186,audit_pass,,1,0,,train_pool,2026-06-20T06:59:09+0800,10,COMPLETE,libero_spatial,9,libero_spatial
/data/liuyu/outputs/cross_suite_clean_train300_s10_19_20260620/queue_status_worker_spatial_gpu13.csv,spatial,"1,3",worker_spatial_gpu13,libero_spatial|9|11|0|CLEAN,/data/aviary/envs/openvla_official_libero_20260525/bin/python /data/liuyu/repos/train300_collector_freeze_141657f/scripts/stageb/run_sc5_cross_suite_clean.py --suite libero_spatial --model_path /data/aviary/models/openvla/openvla-7b-finetuned-libero-spatial --unnorm_key libero_spatial --task_idx 9 --state_id 11 --eval_seed 0 --detector_path /data/liuyu/repos/sc5_census_freeze_cc356f3_20260618/outputs/sc5_canonical_eng/sc5_mlp_s2.pt --source_commit 63793972743f667c6a6bcc12e9700f322f261147 --output_dir /data/liuyu/outputs/cross_suite_clean_train300_s10_19_20260620/spatial_gpu13/libero_spatial_t09_s11 --render_gpu 1 --save_video,CLEAN,2026-06-20T07:05:25+0800,0,libero_spatial_t09_s11,/data/liuyu/outputs/cross_suite_clean_train300_s10_19_20260620/logs/worker_spatial_gpu13/libero_spatial_t09_s11.log,/data/aviary/models/openvla/openvla-7b-finetuned-libero-spatial,,/data/liuyu/outputs/cross_suite_clean_train300_s10_19_20260620/spatial_gpu13/libero_spatial_t09_s11,21186,audit_pass,,1,0,,train_pool,2026-06-20T07:02:07+0800,11,COMPLETE,libero_spatial,9,libero_spatial
/data/liuyu/outputs/cross_suite_clean_train300_s10_19_20260620/queue_status_worker_spatial_gpu13.csv,spatial,"1,3",worker_spatial_gpu13,libero_spatial|9|12|0|CLEAN,/data/aviary/envs/openvla_official_libero_20260525/bin/python /data/liuyu/repos/train300_collector_freeze_141657f/scripts/stageb/run_sc5_cross_suite_clean.py --suite libero_spatial --model_path /data/aviary/models/openvla/openvla-7b-finetuned-libero-spatial --unnorm_key libero_spatial --task_idx 9 --state_id 12 --eval_seed 0 --detector_path /data/liuyu/repos/sc5_census_freeze_cc356f3_20260618/outputs/sc5_canonical_eng/sc5_mlp_s2.pt --source_commit 63793972743f667c6a6bcc12e9700f322f261147 --output_dir /data/liuyu/outputs/cross_suite_clean_train300_s10_19_20260620/spatial_gpu13/libero_spatial_t09_s12 --render_gpu 1 --save_video,CLEAN,2026-06-20T07:14:03+0800,0,libero_spatial_t09_s12,/data/liuyu/outputs/cross_suite_clean_train300_s10_19_20260620/logs/worker_spatial_gpu13/libero_spatial_t09_s12.log,/data/aviary/models/openvla/openvla-7b-finetuned-libero-spatial,,/data/liuyu/outputs/cross_suite_clean_train300_s10_19_20260620/spatial_gpu13/libero_spatial_t09_s12,21186,audit_pass,,1,0,,train_pool,2026-06-20T07:05:25+0800,12,COMPLETE,libero_spatial,9,libero_spatial
/data/liuyu/outputs/cross_suite_clean_train300_s10_19_20260620/queue_status_worker_spatial_gpu13.csv,spatial,"1,3",worker_spatial_gpu13,libero_spatial|9|13|0|CLEAN,/data/aviary/envs/openvla_official_libero_20260525/bin/python /data/liuyu/repos/train300_collector_freeze_141657f/scripts/stageb/run_sc5_cross_suite_clean.py --suite libero_spatial --model_path /data/aviary/models/openvla/openvla-7b-finetuned-libero-spatial --unnorm_key libero_spatial --task_idx 9 --state_id 13 --eval_seed 0 --detector_path /data/liuyu/repos/sc5_census_freeze_cc356f3_20260618/outputs/sc5_canonical_eng/sc5_mlp_s2.pt --source_commit 63793972743f667c6a6bcc12e9700f322f261147 --output_dir /data/liuyu/outputs/cross_suite_clean_train300_s10_19_20260620/spatial_gpu13/libero_spatial_t09_s13 --render_gpu 1 --save_video,CLEAN,2026-06-20T07:17:09+0800,0,libero_spatial_t09_s13,/data/liuyu/outputs/cross_suite_clean_train300_s10_19_20260620/logs/worker_spatial_gpu13/libero_spatial_t09_s13.log,/data/aviary/models/openvla/openvla-7b-finetuned-libero-spatial,,/data/liuyu/outputs/cross_suite_clean_train300_s10_19_20260620/spatial_gpu13/libero_spatial_t09_s13,21186,audit_pass,,1,0,,train_pool,2026-06-20T07:14:03+0800,13,COMPLETE,libero_spatial,9,libero_spatial
/data/liuyu/outputs/cross_suite_clean_train300_s10_19_20260620/queue_status_worker_spatial_gpu13.csv,spatial,"1,3",worker_spatial_gpu13,libero_spatial|9|14|0|CLEAN,/data/aviary/envs/openvla_official_libero_20260525/bin/python /data/liuyu/repos/train300_collector_freeze_141657f/scripts/stageb/run_sc5_cross_suite_clean.py --suite libero_spatial --model_path /data/aviary/models/openvla/openvla-7b-finetuned-libero-spatial --unnorm_key libero_spatial --task_idx 9 --state_id 14 --eval_seed 0 --detector_path /data/liuyu/repos/sc5_census_freeze_cc356f3_20260618/outputs/sc5_canonical_eng/sc5_mlp_s2.pt --source_commit 63793972743f667c6a6bcc12e9700f322f261147 --output_dir /data/liuyu/outputs/cross_suite_clean_train300_s10_19_20260620/spatial_gpu13/libero_spatial_t09_s14 --render_gpu 1 --save_video,CLEAN,2026-06-20T07:20:23+0800,0,libero_spatial_t09_s14,/data/liuyu/outputs/cross_suite_clean_train300_s10_19_20260620/logs/worker_spatial_gpu13/libero_spatial_t09_s14.log,/data/aviary/models/openvla/openvla-7b-finetuned-libero-spatial,,/data/liuyu/outputs/cross_suite_clean_train300_s10_19_20260620/spatial_gpu13/libero_spatial_t09_s14,21186,audit_pass,,1,0,,train_pool,2026-06-20T07:17:09+0800,14,COMPLETE,libero_spatial,9,libero_spatial
/data/liuyu/outputs/cross_suite_clean_train300_s10_19_20260620/queue_status_worker_spatial_gpu13.csv,spatial,"1,3",worker_spatial_gpu13,libero_spatial|9|15|0|CLEAN,/data/aviary/envs/openvla_official_libero_20260525/bin/python /data/liuyu/repos/train300_collector_freeze_141657f/scripts/stageb/run_sc5_cross_suite_clean.py --suite libero_spatial --model_path /data/aviary/models/openvla/openvla-7b-finetuned-libero-spatial --unnorm_key libero_spatial --task_idx 9 --state_id 15 --eval_seed 0 --detector_path /data/liuyu/repos/sc5_census_freeze_cc356f3_20260618/outputs/sc5_canonical_eng/sc5_mlp_s2.pt --source_commit 63793972743f667c6a6bcc12e9700f322f261147 --output_dir /data/liuyu/outputs/cross_suite_clean_train300_s10_19_20260620/spatial_gpu13/libero_spatial_t09_s15 --render_gpu 1 --save_video,CLEAN,2026-06-20T07:23:58+0800,0,libero_spatial_t09_s15,/data/liuyu/outputs/cross_suite_clean_train300_s10_19_20260620/logs/worker_spatial_gpu13/libero_spatial_t09_s15.log,/data/aviary/models/openvla/openvla-7b-finetuned-libero-spatial,,/data/liuyu/outputs/cross_suite_clean_train300_s10_19_20260620/spatial_gpu13/libero_spatial_t09_s15,21186,audit_pass,,1,0,,train_pool,2026-06-20T07:20:23+0800,15,COMPLETE,libero_spatial,9,libero_spatial
/data/liuyu/outputs/cross_suite_clean_train300_s10_19_20260620/queue_status_worker_spatial_gpu13.csv,spatial,"1,3",worker_spatial_gpu13,libero_spatial|9|16|0|CLEAN,/data/aviary/envs/openvla_official_libero_20260525/bin/python /data/liuyu/repos/train300_collector_freeze_141657f/scripts/stageb/run_sc5_cross_suite_clean.py --suite libero_spatial --model_path /data/aviary/models/openvla/openvla-7b-finetuned-libero-spatial --unnorm_key libero_spatial --task_idx 9 --state_id 16 --eval_seed 0 --detector_path /data/liuyu/repos/sc5_census_freeze_cc356f3_20260618/outputs/sc5_canonical_eng/sc5_mlp_s2.pt --source_commit 63793972743f667c6a6bcc12e9700f322f261147 --output_dir /data/liuyu/outputs/cross_suite_clean_train300_s10_19_20260620/spatial_gpu13/libero_spatial_t09_s16 --render_gpu 1 --save_video,CLEAN,2026-06-20T07:26:58+0800,0,libero_spatial_t09_s16,/data/liuyu/outputs/cross_suite_clean_train300_s10_19_20260620/logs/worker_spatial_gpu13/libero_spatial_t09_s16.log,/data/aviary/models/openvla/openvla-7b-finetuned-libero-spatial,,/data/liuyu/outputs/cross_suite_clean_train300_s10_19_20260620/spatial_gpu13/libero_spatial_t09_s16,21186,audit_pass,,1,0,,train_pool,2026-06-20T07:23:58+0800,16,COMPLETE,libero_spatial,9,libero_spatial
/data/liuyu/outputs/cross_suite_clean_train300_s10_19_20260620/queue_status_worker_spatial_gpu13.csv,spatial,"1,3",worker_spatial_gpu13,libero_spatial|9|17|0|CLEAN,/data/aviary/envs/openvla_official_libero_20260525/bin/python /data/liuyu/repos/train300_collector_freeze_141657f/scripts/stageb/run_sc5_cross_suite_clean.py --suite libero_spatial --model_path /data/aviary/models/openvla/openvla-7b-finetuned-libero-spatial --unnorm_key libero_spatial --task_idx 9 --state_id 17 --eval_seed 0 --detector_path /data/liuyu/repos/sc5_census_freeze_cc356f3_20260618/outputs/sc5_canonical_eng/sc5_mlp_s2.pt --source_commit 63793972743f667c6a6bcc12e9700f322f261147 --output_dir /data/liuyu/outputs/cross_suite_clean_train300_s10_19_20260620/spatial_gpu13/libero_spatial_t09_s17 --render_gpu 1 --save_video,CLEAN,2026-06-20T07:30:11+0800,0,libero_spatial_t09_s17,/data/liuyu/outputs/cross_suite_clean_train300_s10_19_20260620/logs/worker_spatial_gpu13/libero_spatial_t09_s17.log,/data/aviary/models/openvla/openvla-7b-finetuned-libero-spatial,,/data/liuyu/outputs/cross_suite_clean_train300_s10_19_20260620/spatial_gpu13/libero_spatial_t09_s17,21186,audit_pass,,1,0,,train_pool,2026-06-20T07:26:58+0800,17,COMPLETE,libero_spatial,9,libero_spatial
/data/liuyu/outputs/cross_suite_clean_train300_s10_19_20260620/queue_status_worker_spatial_gpu13.csv,spatial,"1,3",worker_spatial_gpu13,libero_spatial|9|18|0|CLEAN,/data/aviary/envs/openvla_official_libero_20260525/bin/python /data/liuyu/repos/train300_collector_freeze_141657f/scripts/stageb/run_sc5_cross_suite_clean.py --suite libero_spatial --model_path /data/aviary/models/openvla/openvla-7b-finetuned-libero-spatial --unnorm_key libero_spatial --task_idx 9 --state_id 18 --eval_seed 0 --detector_path /data/liuyu/repos/sc5_census_freeze_cc356f3_20260618/outputs/sc5_canonical_eng/sc5_mlp_s2.pt --source_commit 63793972743f667c6a6bcc12e9700f322f261147 --output_dir /data/liuyu/outputs/cross_suite_clean_train300_s10_19_20260620/spatial_gpu13/libero_spatial_t09_s18 --render_gpu 1 --save_video,CLEAN,2026-06-20T07:38:47+0800,0,libero_spatial_t09_s18,/data/liuyu/outputs/cross_suite_clean_train300_s10_19_20260620/logs/worker_spatial_gpu13/libero_spatial_t09_s18.log,/data/aviary/models/openvla/openvla-7b-finetuned-libero-spatial,,/data/liuyu/outputs/cross_suite_clean_train300_s10_19_20260620/spatial_gpu13/libero_spatial_t09_s18,21186,audit_pass,,1,0,,validation_pool,2026-06-20T07:30:11+0800,18,COMPLETE,libero_spatial,9,libero_spatial
/data/liuyu/outputs/cross_suite_clean_train300_s10_19_20260620/queue_status_worker_spatial_gpu13.csv,spatial,"1,3",worker_spatial_gpu13,libero_spatial|9|19|0|CLEAN,/data/aviary/envs/openvla_official_libero_20260525/bin/python /data/liuyu/repos/train300_collector_freeze_141657f/scripts/stageb/run_sc5_cross_suite_clean.py --suite libero_spatial --model_path /data/aviary/models/openvla/openvla-7b-finetuned-libero-spatial --unnorm_key libero_spatial --task_idx 9 --state_id 19 --eval_seed 0 --detector_path /data/liuyu/repos/sc5_census_freeze_cc356f3_20260618/outputs/sc5_canonical_eng/sc5_mlp_s2.pt --source_commit 63793972743f667c6a6bcc12e9700f322f261147 --output_dir /data/liuyu/outputs/cross_suite_clean_train300_s10_19_20260620/spatial_gpu13/libero_spatial_t09_s19 --render_gpu 1 --save_video,CLEAN,2026-06-20T07:47:25+0800,0,libero_spatial_t09_s19,/data/liuyu/outputs/cross_suite_clean_train300_s10_19_20260620/logs/worker_spatial_gpu13/libero_spatial_t09_s19.log,/data/aviary/models/openvla/openvla-7b-finetuned-libero-spatial,,/data/liuyu/outputs/cross_suite_clean_train300_s10_19_20260620/spatial_gpu13/libero_spatial_t09_s19,21186,audit_pass,,1,0,,validation_pool,2026-06-20T07:38:47+0800,19,COMPLETE,libero_spatial,9,libero_spatial
/data/liuyu/outputs/cross_suite_clean_train300_s10_19_20260620/queue_status_worker_libero10_gpu54.csv,libero10,"5,4",worker_libero10_gpu54,libero_10|0|10|0|CLEAN,/data/aviary/envs/openvla_official_libero_20260525/bin/python /data/liuyu/repos/train300_collector_freeze_141657f/scripts/stageb/run_sc5_cross_suite_clean.py --suite libero_10 --model_path /data/aviary/models/openvla/openvla-7b-finetuned-libero-10 --unnorm_key libero_10 --task_idx 0 --state_id 10 --eval_seed 0 --detector_path /data/liuyu/repos/sc5_census_freeze_cc356f3_20260618/outputs/sc5_canonical_eng/sc5_mlp_s2.pt --source_commit 63793972743f667c6a6bcc12e9700f322f261147 --output_dir /data/liuyu/outputs/cross_suite_clean_train300_s10_19_20260620/libero10_gpu54/libero_10_t00_s10 --render_gpu 5 --save_video,CLEAN,2026-06-20T00:48:46+0800,0,libero_10_t00_s10,/data/liuyu/outputs/cross_suite_clean_train300_s10_19_20260620/logs/worker_libero10_gpu54/libero_10_t00_s10.log,/data/aviary/models/openvla/openvla-7b-finetuned-libero-10,,/data/liuyu/outputs/cross_suite_clean_train300_s10_19_20260620/libero10_gpu54/libero_10_t00_s10,21525,audit_pass,,5,0,,train_pool,2026-06-20T00:40:17+0800,10,COMPLETE,libero_10,0,libero_10
/data/liuyu/outputs/cross_suite_clean_train300_s10_19_20260620/queue_status_worker_libero10_gpu54.csv,libero10,"5,4",worker_libero10_gpu54,libero_10|0|11|0|CLEAN,/data/aviary/envs/openvla_official_libero_20260525/bin/python /data/liuyu/repos/train300_collector_freeze_141657f/scripts/stageb/run_sc5_cross_suite_clean.py --suite libero_10 --model_path /data/aviary/models/openvla/openvla-7b-finetuned-libero-10 --unnorm_key libero_10 --task_idx 0 --state_id 11 --eval_seed 0 --detector_path /data/liuyu/repos/sc5_census_freeze_cc356f3_20260618/outputs/sc5_canonical_eng/sc5_mlp_s2.pt --source_commit 63793972743f667c6a6bcc12e9700f322f261147 --output_dir /data/liuyu/outputs/cross_suite_clean_train300_s10_19_20260620/libero10_gpu54/libero_10_t00_s11 --render_gpu 5 --save_video,CLEAN,2026-06-20T00:54:45+0800,0,libero_10_t00_s11,/data/liuyu/outputs/cross_suite_clean_train300_s10_19_20260620/logs/worker_libero10_gpu54/libero_10_t00_s11.log,/data/aviary/models/openvla/openvla-7b-finetuned-libero-10,,/data/liuyu/outputs/cross_suite_clean_train300_s10_19_20260620/libero10_gpu54/libero_10_t00_s11,21525,audit_pass,,5,0,,train_pool,2026-06-20T00:48:46+0800,11,COMPLETE,libero_10,0,libero_10
/data/liuyu/outputs/cross_suite_clean_train300_s10_19_20260620/queue_status_worker_libero10_gpu54.csv,libero10,"5,4",worker_libero10_gpu54,libero_10|0|12|0|CLEAN,/data/aviary/envs/openvla_official_libero_20260525/bin/python /data/liuyu/repos/train300_collector_freeze_141657f/scripts/stageb/run_sc5_cross_suite_clean.py --suite libero_10 --model_path /data/aviary/models/openvla/openvla-7b-finetuned-libero-10 --unnorm_key libero_10 --task_idx 0 --state_id 12 --eval_seed 0 --detector_path /data/liuyu/repos/sc5_census_freeze_cc356f3_20260618/outputs/sc5_canonical_eng/sc5_mlp_s2.pt --source_commit 63793972743f667c6a6bcc12e9700f322f261147 --output_dir /data/liuyu/outputs/cross_suite_clean_train300_s10_19_20260620/libero10_gpu54/libero_10_t00_s12 --render_gpu 5 --save_video,CLEAN,2026-06-20T01:03:19+0800,0,libero_10_t00_s12,/data/liuyu/outputs/cross_suite_clean_train300_s10_19_20260620/logs/worker_libero10_gpu54/libero_10_t00_s12.log,/data/aviary/models/openvla/openvla-7b-finetuned-libero-10,,/data/liuyu/outputs/cross_suite_clean_train300_s10_19_20260620/libero10_gpu54/libero_10_t00_s12,21525,audit_pass,,5,0,,train_pool,2026-06-20T00:54:45+0800,12,COMPLETE,libero_10,0,libero_10
/data/liuyu/outputs/cross_suite_clean_train300_s10_19_20260620/queue_status_worker_libero10_gpu54.csv,libero10,"5,4",worker_libero10_gpu54,libero_10|0|13|0|CLEAN,/data/aviary/envs/openvla_official_libero_20260525/bin/python /data/liuyu/repos/train300_collector_freeze_141657f/scripts/stageb/run_sc5_cross_suite_clean.py --suite libero_10 --model_path /data/aviary/models/openvla/openvla-7b-finetuned-libero-10 --unnorm_key libero_10 --task_idx 0 --state_id 13 --eval_seed 0 --detector_path /data/liuyu/repos/sc5_census_freeze_cc356f3_20260618/outputs/sc5_canonical_eng/sc5_mlp_s2.pt --source_commit 63793972743f667c6a6bcc12e9700f322f261147 --output_dir /data/liuyu/outputs/cross_suite_clean_train300_s10_19_20260620/libero10_gpu54/libero_10_t00_s13 --render_gpu 5 --save_video,CLEAN,2026-06-20T01:09:15+0800,0,libero_10_t00_s13,/data/liuyu/outputs/cross_suite_clean_train300_s10_19_20260620/logs/worker_libero10_gpu54/libero_10_t00_s13.log,/data/aviary/models/openvla/openvla-7b-finetuned-libero-10,,/data/liuyu/outputs/cross_suite_clean_train300_s10_19_20260620/libero10_gpu54/libero_10_t00_s13,21525,audit_pass,,5,0,,train_pool,2026-06-20T01:03:19+0800,13,COMPLETE,libero_10,0,libero_10
/data/liuyu/outputs/cross_suite_clean_train300_s10_19_20260620/queue_status_worker_libero10_gpu54.csv,libero10,"5,4",worker_libero10_gpu54,libero_10|0|14|0|CLEAN,/data/aviary/envs/openvla_official_libero_20260525/bin/python /data/liuyu/repos/train300_collector_freeze_141657f/scripts/stageb/run_sc5_cross_suite_clean.py --suite libero_10 --model_path /data/aviary/models/openvla/openvla-7b-finetuned-libero-10 --unnorm_key libero_10 --task_idx 0 --state_id 14 --eval_seed 0 --detector_path /data/liuyu/repos/sc5_census_freeze_cc356f3_20260618/outputs/sc5_canonical_eng/sc5_mlp_s2.pt --source_commit 63793972743f667c6a6bcc12e9700f322f261147 --output_dir /data/liuyu/outputs/cross_suite_clean_train300_s10_19_20260620/libero10_gpu54/libero_10_t00_s14 --render_gpu 5 --save_video,CLEAN,2026-06-20T01:17:45+0800,0,libero_10_t00_s14,/data/liuyu/outputs/cross_suite_clean_train300_s10_19_20260620/logs/worker_libero10_gpu54/libero_10_t00_s14.log,/data/aviary/models/openvla/openvla-7b-finetuned-libero-10,,/data/liuyu/outputs/cross_suite_clean_train300_s10_19_20260620/libero10_gpu54/libero_10_t00_s14,21525,audit_pass,,5,0,,train_pool,2026-06-20T01:09:15+0800,14,COMPLETE,libero_10,0,libero_10
/data/liuyu/outputs/cross_suite_clean_train300_s10_19_20260620/queue_status_worker_libero10_gpu54.csv,libero10,"5,4",worker_libero10_gpu54,libero_10|0|15|0|CLEAN,/data/aviary/envs/openvla_official_libero_20260525/bin/python /data/liuyu/repos/train300_collector_freeze_141657f/scripts/stageb/run_sc5_cross_suite_clean.py --suite libero_10 --model_path /data/aviary/models/openvla/openvla-7b-finetuned-libero-10 --unnorm_key libero_10 --task_idx 0 --state_id 15 --eval_seed 0 --detector_path /data/liuyu/repos/sc5_census_freeze_cc356f3_20260618/outputs/sc5_canonical_eng/sc5_mlp_s2.pt --source_commit 63793972743f667c6a6bcc12e9700f322f261147 --output_dir /data/liuyu/outputs/cross_suite_clean_train300_s10_19_20260620/libero10_gpu54/libero_10_t00_s15 --render_gpu 5 --save_video,CLEAN,2026-06-20T01:26:16+0800,0,libero_10_t00_s15,/data/liuyu/outputs/cross_suite_clean_train300_s10_19_20260620/logs/worker_libero10_gpu54/libero_10_t00_s15.log,/data/aviary/models/openvla/openvla-7b-finetuned-libero-10,,/data/liuyu/outputs/cross_suite_clean_train300_s10_19_20260620/libero10_gpu54/libero_10_t00_s15,21525,audit_pass,,5,0,,train_pool,2026-06-20T01:17:45+0800,15,COMPLETE,libero_10,0,libero_10
/data/liuyu/outputs/cross_suite_clean_train300_s10_19_20260620/queue_status_worker_libero10_gpu54.csv,libero10,"5,4",worker_libero10_gpu54,libero_10|0|16|0|CLEAN,/data/aviary/envs/openvla_official_libero_20260525/bin/python /data/liuyu/repos/train300_collector_freeze_141657f/scripts/stageb/run_sc5_cross_suite_clean.py --suite libero_10 --model_path /data/aviary/models/openvla/openvla-7b-finetuned-libero-10 --unnorm_key libero_10 --task_idx 0 --state_id 16 --eval_seed 0 --detector_path /data/liuyu/repos/sc5_census_freeze_cc356f3_20260618/outputs/sc5_canonical_eng/sc5_mlp_s2.pt --source_commit 63793972743f667c6a6bcc12e9700f322f261147 --output_dir /data/liuyu/outputs/cross_suite_clean_train300_s10_19_20260620/libero10_gpu54/libero_10_t00_s16 --render_gpu 5 --save_video,CLEAN,2026-06-20T01:34:48+0800,0,libero_10_t00_s16,/data/liuyu/outputs/cross_suite_clean_train300_s10_19_20260620/logs/worker_libero10_gpu54/libero_10_t00_s16.log,/data/aviary/models/openvla/openvla-7b-finetuned-libero-10,,/data/liuyu/outputs/cross_suite_clean_train300_s10_19_20260620/libero10_gpu54/libero_10_t00_s16,21525,audit_pass,,5,0,,train_pool,2026-06-20T01:26:16+0800,16,COMPLETE,libero_10,0,libero_10
/data/liuyu/outputs/cross_suite_clean_train300_s10_19_20260620/queue_status_worker_libero10_gpu54.csv,libero10,"5,4",worker_libero10_gpu54,libero_10|0|17|0|CLEAN,/data/aviary/envs/openvla_official_libero_20260525/bin/python /data/liuyu/repos/train300_collector_freeze_141657f/scripts/stageb/run_sc5_cross_suite_clean.py --suite libero_10 --model_path /data/aviary/models/openvla/openvla-7b-finetuned-libero-10 --unnorm_key libero_10 --task_idx 0 --state_id 17 --eval_seed 0 --detector_path /data/liuyu/repos/sc5_census_freeze_cc356f3_20260618/outputs/sc5_canonical_eng/sc5_mlp_s2.pt --source_commit 63793972743f667c6a6bcc12e9700f322f261147 --output_dir /data/liuyu/outputs/cross_suite_clean_train300_s10_19_20260620/libero10_gpu54/libero_10_t00_s17 --render_gpu 5 --save_video,CLEAN,2026-06-20T01:42:02+0800,0,libero_10_t00_s17,/data/liuyu/outputs/cross_suite_clean_train300_s10_19_20260620/logs/worker_libero10_gpu54/libero_10_t00_s17.log,/data/aviary/models/openvla/openvla-7b-finetuned-libero-10,,/data/liuyu/outputs/cross_suite_clean_train300_s10_19_20260620/libero10_gpu54/libero_10_t00_s17,21525,audit_pass,,5,0,,train_pool,2026-06-20T01:34:48+0800,17,COMPLETE,libero_10,0,libero_10
/data/liuyu/outputs/cross_suite_clean_train300_s10_19_20260620/queue_status_worker_libero10_gpu54.csv,libero10,"5,4",worker_libero10_gpu54,libero_10|0|18|0|CLEAN,/data/aviary/envs/openvla_official_libero_20260525/bin/python /data/liuyu/repos/train300_collector_freeze_141657f/scripts/stageb/run_sc5_cross_suite_clean.py --suite libero_10 --model_path /data/aviary/models/openvla/openvla-7b-finetuned-libero-10 --unnorm_key libero_10 --task_idx 0 --state_id 18 --eval_seed 0 --detector_path /data/liuyu/repos/sc5_census_freeze_cc356f3_20260618/outputs/sc5_canonical_eng/sc5_mlp_s2.pt --source_commit 63793972743f667c6a6bcc12e9700f322f261147 --output_dir /data/liuyu/outputs/cross_suite_clean_train300_s10_19_20260620/libero10_gpu54/libero_10_t00_s18 --render_gpu 5 --save_video,CLEAN,2026-06-20T01:48:29+0800,0,libero_10_t00_s18,/data/liuyu/outputs/cross_suite_clean_train300_s10_19_20260620/logs/worker_libero10_gpu54/libero_10_t00_s18.log,/data/aviary/models/openvla/openvla-7b-finetuned-libero-10,,/data/liuyu/outputs/cross_suite_clean_train300_s10_19_20260620/libero10_gpu54/libero_10_t00_s18,21525,audit_pass,,5,0,,validation_pool,2026-06-20T01:42:02+0800,18,COMPLETE,libero_10,0,libero_10
/data/liuyu/outputs/cross_suite_clean_train300_s10_19_20260620/queue_status_worker_libero10_gpu54.csv,libero10,"5,4",worker_libero10_gpu54,libero_10|0|19|0|CLEAN,/data/aviary/envs/openvla_official_libero_20260525/bin/python /data/liuyu/repos/train300_collector_freeze_141657f/scripts/stageb/run_sc5_cross_suite_clean.py --suite libero_10 --model_path /data/aviary/models/openvla/openvla-7b-finetuned-libero-10 --unnorm_key libero_10 --task_idx 0 --state_id 19 --eval_seed 0 --detector_path /data/liuyu/repos/sc5_census_freeze_cc356f3_20260618/outputs/sc5_canonical_eng/sc5_mlp_s2.pt --source_commit 63793972743f667c6a6bcc12e9700f322f261147 --output_dir /data/liuyu/outputs/cross_suite_clean_train300_s10_19_20260620/libero10_gpu54/libero_10_t00_s19 --render_gpu 5 --save_video,CLEAN,2026-06-20T01:54:31+0800,0,libero_10_t00_s19,/data/liuyu/outputs/cross_suite_clean_train300_s10_19_20260620/logs/worker_libero10_gpu54/libero_10_t00_s19.log,/data/aviary/models/openvla/openvla-7b-finetuned-libero-10,,/data/liuyu/outputs/cross_suite_clean_train300_s10_19_20260620/libero10_gpu54/libero_10_t00_s19,21525,audit_pass,,5,0,,validation_pool,2026-06-20T01:48:29+0800,19,COMPLETE,libero_10,0,libero_10
/data/liuyu/outputs/cross_suite_clean_train300_s10_19_20260620/queue_status_worker_libero10_gpu54.csv,libero10,"5,4",worker_libero10_gpu54,libero_10|1|10|0|CLEAN,/data/aviary/envs/openvla_official_libero_20260525/bin/python /data/liuyu/repos/train300_collector_freeze_141657f/scripts/stageb/run_sc5_cross_suite_clean.py --suite libero_10 --model_path /data/aviary/models/openvla/openvla-7b-finetuned-libero-10 --unnorm_key libero_10 --task_idx 1 --state_id 10 --eval_seed 0 --detector_path /data/liuyu/repos/sc5_census_freeze_cc356f3_20260618/outputs/sc5_canonical_eng/sc5_mlp_s2.pt --source_commit 63793972743f667c6a6bcc12e9700f322f261147 --output_dir /data/liuyu/outputs/cross_suite_clean_train300_s10_19_20260620/libero10_gpu54/libero_10_t01_s10 --render_gpu 5 --save_video,CLEAN,2026-06-20T02:03:00+0800,0,libero_10_t01_s10,/data/liuyu/outputs/cross_suite_clean_train300_s10_19_20260620/logs/worker_libero10_gpu54/libero_10_t01_s10.log,/data/aviary/models/openvla/openvla-7b-finetuned-libero-10,,/data/liuyu/outputs/cross_suite_clean_train300_s10_19_20260620/libero10_gpu54/libero_10_t01_s10,21525,audit_pass,,5,0,,train_pool,2026-06-20T01:54:31+0800,10,COMPLETE,libero_10,1,libero_10
/data/liuyu/outputs/cross_suite_clean_train300_s10_19_20260620/queue_status_worker_libero10_gpu54.csv,libero10,"5,4",worker_libero10_gpu54,libero_10|1|11|0|CLEAN,/data/aviary/envs/openvla_official_libero_20260525/bin/python /data/liuyu/repos/train300_collector_freeze_141657f/scripts/stageb/run_sc5_cross_suite_clean.py --suite libero_10 --model_path /data/aviary/models/openvla/openvla-7b-finetuned-libero-10 --unnorm_key libero_10 --task_idx 1 --state_id 11 --eval_seed 0 --detector_path /data/liuyu/repos/sc5_census_freeze_cc356f3_20260618/outputs/sc5_canonical_eng/sc5_mlp_s2.pt --source_commit 63793972743f667c6a6bcc12e9700f322f261147 --output_dir /data/liuyu/outputs/cross_suite_clean_train300_s10_19_20260620/libero10_gpu54/libero_10_t01_s11 --render_gpu 5 --save_video,CLEAN,2026-06-20T02:09:30+0800,0,libero_10_t01_s11,/data/liuyu/outputs/cross_suite_clean_train300_s10_19_20260620/logs/worker_libero10_gpu54/libero_10_t01_s11.log,/data/aviary/models/openvla/openvla-7b-finetuned-libero-10,,/data/liuyu/outputs/cross_suite_clean_train300_s10_19_20260620/libero10_gpu54/libero_10_t01_s11,21525,audit_pass,,5,0,,train_pool,2026-06-20T02:03:00+0800,11,COMPLETE,libero_10,1,libero_10
/data/liuyu/outputs/cross_suite_clean_train300_s10_19_20260620/queue_status_worker_libero10_gpu54.csv,libero10,"5,4",worker_libero10_gpu54,libero_10|1|12|0|CLEAN,/data/aviary/envs/openvla_official_libero_20260525/bin/python /data/liuyu/repos/train300_collector_freeze_141657f/scripts/stageb/run_sc5_cross_suite_clean.py --suite libero_10 --model_path /data/aviary/models/openvla/openvla-7b-finetuned-libero-10 --unnorm_key libero_10 --task_idx 1 --state_id 12 --eval_seed 0 --detector_path /data/liuyu/repos/sc5_census_freeze_cc356f3_20260618/outputs/sc5_canonical_eng/sc5_mlp_s2.pt --source_commit 63793972743f667c6a6bcc12e9700f322f261147 --output_dir /data/liuyu/outputs/cross_suite_clean_train300_s10_19_20260620/libero10_gpu54/libero_10_t01_s12 --render_gpu 5 --save_video,CLEAN,2026-06-20T02:14:59+0800,0,libero_10_t01_s12,/data/liuyu/outputs/cross_suite_clean_train300_s10_19_20260620/logs/worker_libero10_gpu54/libero_10_t01_s12.log,/data/aviary/models/openvla/openvla-7b-finetuned-libero-10,,/data/liuyu/outputs/cross_suite_clean_train300_s10_19_20260620/libero10_gpu54/libero_10_t01_s12,21525,audit_pass,,5,0,,train_pool,2026-06-20T02:09:30+0800,12,COMPLETE,libero_10,1,libero_10
/data/liuyu/outputs/cross_suite_clean_train300_s10_19_20260620/queue_status_worker_libero10_gpu54.csv,libero10,"5,4",worker_libero10_gpu54,libero_10|1|13|0|CLEAN,/data/aviary/envs/openvla_official_libero_20260525/bin/python /data/liuyu/repos/train300_collector_freeze_141657f/scripts/stageb/run_sc5_cross_suite_clean.py --suite libero_10 --model_path /data/aviary/models/openvla/openvla-7b-finetuned-libero-10 --unnorm_key libero_10 --task_idx 1 --state_id 13 --eval_seed 0 --detector_path /data/liuyu/repos/sc5_census_freeze_cc356f3_20260618/outputs/sc5_canonical_eng/sc5_mlp_s2.pt --source_commit 63793972743f667c6a6bcc12e9700f322f261147 --output_dir /data/liuyu/outputs/cross_suite_clean_train300_s10_19_20260620/libero10_gpu54/libero_10_t01_s13 --render_gpu 5 --save_video,CLEAN,2026-06-20T02:20:34+0800,0,libero_10_t01_s13,/data/liuyu/outputs/cross_suite_clean_train300_s10_19_20260620/logs/worker_libero10_gpu54/libero_10_t01_s13.log,/data/aviary/models/openvla/openvla-7b-finetuned-libero-10,,/data/liuyu/outputs/cross_suite_clean_train300_s10_19_20260620/libero10_gpu54/libero_10_t01_s13,21525,audit_pass,,5,0,,train_pool,2026-06-20T02:14:59+0800,13,COMPLETE,libero_10,1,libero_10
/data/liuyu/outputs/cross_suite_clean_train300_s10_19_20260620/queue_status_worker_libero10_gpu54.csv,libero10,"5,4",worker_libero10_gpu54,libero_10|1|14|0|CLEAN,/data/aviary/envs/openvla_official_libero_20260525/bin/python /data/liuyu/repos/train300_collector_freeze_141657f/scripts/stageb/run_sc5_cross_suite_clean.py --suite libero_10 --model_path /data/aviary/models/openvla/openvla-7b-finetuned-libero-10 --unnorm_key libero_10 --task_idx 1 --state_id 14 --eval_seed 0 --detector_path /data/liuyu/repos/sc5_census_freeze_cc356f3_20260618/outputs/sc5_canonical_eng/sc5_mlp_s2.pt --source_commit 63793972743f667c6a6bcc12e9700f322f261147 --output_dir /data/liuyu/outputs/cross_suite_clean_train300_s10_19_20260620/libero10_gpu54/libero_10_t01_s14 --render_gpu 5 --save_video,CLEAN,2026-06-20T02:29:29+0800,0,libero_10_t01_s14,/data/liuyu/outputs/cross_suite_clean_train300_s10_19_20260620/logs/worker_libero10_gpu54/libero_10_t01_s14.log,/data/aviary/models/openvla/openvla-7b-finetuned-libero-10,,/data/liuyu/outputs/cross_suite_clean_train300_s10_19_20260620/libero10_gpu54/libero_10_t01_s14,21525,audit_pass,,5,0,,train_pool,2026-06-20T02:20:34+0800,14,COMPLETE,libero_10,1,libero_10
/data/liuyu/outputs/cross_suite_clean_train300_s10_19_20260620/queue_status_worker_libero10_gpu54.csv,libero10,"5,4",worker_libero10_gpu54,libero_10|1|15|0|CLEAN,/data/aviary/envs/openvla_official_libero_20260525/bin/python /data/liuyu/repos/train300_collector_freeze_141657f/scripts/stageb/run_sc5_cross_suite_clean.py --suite libero_10 --model_path /data/aviary/models/openvla/openvla-7b-finetuned-libero-10 --unnorm_key libero_10 --task_idx 1 --state_id 15 --eval_seed 0 --detector_path /data/liuyu/repos/sc5_census_freeze_cc356f3_20260618/outputs/sc5_canonical_eng/sc5_mlp_s2.pt --source_commit 63793972743f667c6a6bcc12e9700f322f261147 --output_dir /data/liuyu/outputs/cross_suite_clean_train300_s10_19_20260620/libero10_gpu54/libero_10_t01_s15 --render_gpu 5 --save_video,CLEAN,2026-06-20T02:35:42+0800,0,libero_10_t01_s15,/data/liuyu/outputs/cross_suite_clean_train300_s10_19_20260620/logs/worker_libero10_gpu54/libero_10_t01_s15.log,/data/aviary/models/openvla/openvla-7b-finetuned-libero-10,,/data/liuyu/outputs/cross_suite_clean_train300_s10_19_20260620/libero10_gpu54/libero_10_t01_s15,21525,audit_pass,,5,0,,train_pool,2026-06-20T02:29:29+0800,15,COMPLETE,libero_10,1,libero_10
/data/liuyu/outputs/cross_suite_clean_train300_s10_19_20260620/queue_status_worker_libero10_gpu54.csv,libero10,"5,4",worker_libero10_gpu54,libero_10|1|16|0|CLEAN,/data/aviary/envs/openvla_official_libero_20260525/bin/python /data/liuyu/repos/train300_collector_freeze_141657f/scripts/stageb/run_sc5_cross_suite_clean.py --suite libero_10 --model_path /data/aviary/models/openvla/openvla-7b-finetuned-libero-10 --unnorm_key libero_10 --task_idx 1 --state_id 16 --eval_seed 0 --detector_path /data/liuyu/repos/sc5_census_freeze_cc356f3_20260618/outputs/sc5_canonical_eng/sc5_mlp_s2.pt --source_commit 63793972743f667c6a6bcc12e9700f322f261147 --output_dir /data/liuyu/outputs/cross_suite_clean_train300_s10_19_20260620/libero10_gpu54/libero_10_t01_s16 --render_gpu 5 --save_video,CLEAN,2026-06-20T02:44:11+0800,0,libero_10_t01_s16,/data/liuyu/outputs/cross_suite_clean_train300_s10_19_20260620/logs/worker_libero10_gpu54/libero_10_t01_s16.log,/data/aviary/models/openvla/openvla-7b-finetuned-libero-10,,/data/liuyu/outputs/cross_suite_clean_train300_s10_19_20260620/libero10_gpu54/libero_10_t01_s16,21525,audit_pass,,5,0,,train_pool,2026-06-20T02:35:42+0800,16,COMPLETE,libero_10,1,libero_10
/data/liuyu/outputs/cross_suite_clean_train300_s10_19_20260620/queue_status_worker_libero10_gpu54.csv,libero10,"5,4",worker_libero10_gpu54,libero_10|1|17|0|CLEAN,/data/aviary/envs/openvla_official_libero_20260525/bin/python /data/liuyu/repos/train300_collector_freeze_141657f/scripts/stageb/run_sc5_cross_suite_clean.py --suite libero_10 --model_path /data/aviary/models/openvla/openvla-7b-finetuned-libero-10 --unnorm_key libero_10 --task_idx 1 --state_id 17 --eval_seed 0 --detector_path /data/liuyu/repos/sc5_census_freeze_cc356f3_20260618/outputs/sc5_canonical_eng/sc5_mlp_s2.pt --source_commit 63793972743f667c6a6bcc12e9700f322f261147 --output_dir /data/liuyu/outputs/cross_suite_clean_train300_s10_19_20260620/libero10_gpu54/libero_10_t01_s17 --render_gpu 5 --save_video,CLEAN,2026-06-20T02:50:05+0800,0,libero_10_t01_s17,/data/liuyu/outputs/cross_suite_clean_train300_s10_19_20260620/logs/worker_libero10_gpu54/libero_10_t01_s17.log,/data/aviary/models/openvla/openvla-7b-finetuned-libero-10,,/data/liuyu/outputs/cross_suite_clean_train300_s10_19_20260620/libero10_gpu54/libero_10_t01_s17,21525,audit_pass,,5,0,,train_pool,2026-06-20T02:44:11+0800,17,COMPLETE,libero_10,1,libero_10
/data/liuyu/outputs/cross_suite_clean_train300_s10_19_20260620/queue_status_worker_libero10_gpu54.csv,libero10,"5,4",worker_libero10_gpu54,libero_10|1|18|0|CLEAN,/data/aviary/envs/openvla_official_libero_20260525/bin/python /data/liuyu/repos/train300_collector_freeze_141657f/scripts/stageb/run_sc5_cross_suite_clean.py --suite libero_10 --model_path /data/aviary/models/openvla/openvla-7b-finetuned-libero-10 --unnorm_key libero_10 --task_idx 1 --state_id 18 --eval_seed 0 --detector_path /data/liuyu/repos/sc5_census_freeze_cc356f3_20260618/outputs/sc5_canonical_eng/sc5_mlp_s2.pt --source_commit 63793972743f667c6a6bcc12e9700f322f261147 --output_dir /data/liuyu/outputs/cross_suite_clean_train300_s10_19_20260620/libero10_gpu54/libero_10_t01_s18 --render_gpu 5 --save_video,CLEAN,2026-06-20T02:56:59+0800,0,libero_10_t01_s18,/data/liuyu/outputs/cross_suite_clean_train300_s10_19_20260620/logs/worker_libero10_gpu54/libero_10_t01_s18.log,/data/aviary/models/openvla/openvla-7b-finetuned-libero-10,,/data/liuyu/outputs/cross_suite_clean_train300_s10_19_20260620/libero10_gpu54/libero_10_t01_s18,21525,audit_pass,,5,0,,validation_pool,2026-06-20T02:50:05+0800,18,COMPLETE,libero_10,1,libero_10
/data/liuyu/outputs/cross_suite_clean_train300_s10_19_20260620/queue_status_worker_libero10_gpu54.csv,libero10,"5,4",worker_libero10_gpu54,libero_10|1|19|0|CLEAN,/data/aviary/envs/openvla_official_libero_20260525/bin/python /data/liuyu/repos/train300_collector_freeze_141657f/scripts/stageb/run_sc5_cross_suite_clean.py --suite libero_10 --model_path /data/aviary/models/openvla/openvla-7b-finetuned-libero-10 --unnorm_key libero_10 --task_idx 1 --state_id 19 --eval_seed 0 --detector_path /data/liuyu/repos/sc5_census_freeze_cc356f3_20260618/outputs/sc5_canonical_eng/sc5_mlp_s2.pt --source_commit 63793972743f667c6a6bcc12e9700f322f261147 --output_dir /data/liuyu/outputs/cross_suite_clean_train300_s10_19_20260620/libero10_gpu54/libero_10_t01_s19 --render_gpu 5 --save_video,CLEAN,2026-06-20T03:05:42+0800,0,libero_10_t01_s19,/data/liuyu/outputs/cross_suite_clean_train300_s10_19_20260620/logs/worker_libero10_gpu54/libero_10_t01_s19.log,/data/aviary/models/openvla/openvla-7b-finetuned-libero-10,,/data/liuyu/outputs/cross_suite_clean_train300_s10_19_20260620/libero10_gpu54/libero_10_t01_s19,21525,audit_pass,,5,0,,validation_pool,2026-06-20T02:56:59+0800,19,COMPLETE,libero_10,1,libero_10
/data/liuyu/outputs/cross_suite_clean_train300_s10_19_20260620/queue_status_worker_libero10_gpu54.csv,libero10,"5,4",worker_libero10_gpu54,libero_10|2|10|0|CLEAN,/data/aviary/envs/openvla_official_libero_20260525/bin/python /data/liuyu/repos/train300_collector_freeze_141657f/scripts/stageb/run_sc5_cross_suite_clean.py --suite libero_10 --model_path /data/aviary/models/openvla/openvla-7b-finetuned-libero-10 --unnorm_key libero_10 --task_idx 2 --state_id 10 --eval_seed 0 --detector_path /data/liuyu/repos/sc5_census_freeze_cc356f3_20260618/outputs/sc5_canonical_eng/sc5_mlp_s2.pt --source_commit 63793972743f667c6a6bcc12e9700f322f261147 --output_dir /data/liuyu/outputs/cross_suite_clean_train300_s10_19_20260620/libero10_gpu54/libero_10_t02_s10 --render_gpu 5 --save_video,CLEAN,2026-06-20T03:11:03+0800,0,libero_10_t02_s10,/data/liuyu/outputs/cross_suite_clean_train300_s10_19_20260620/logs/worker_libero10_gpu54/libero_10_t02_s10.log,/data/aviary/models/openvla/openvla-7b-finetuned-libero-10,,/data/liuyu/outputs/cross_suite_clean_train300_s10_19_20260620/libero10_gpu54/libero_10_t02_s10,21525,audit_pass,,5,0,,train_pool,2026-06-20T03:05:42+0800,10,COMPLETE,libero_10,2,libero_10
/data/liuyu/outputs/cross_suite_clean_train300_s10_19_20260620/queue_status_worker_libero10_gpu54.csv,libero10,"5,4",worker_libero10_gpu54,libero_10|2|11|0|CLEAN,/data/aviary/envs/openvla_official_libero_20260525/bin/python /data/liuyu/repos/train300_collector_freeze_141657f/scripts/stageb/run_sc5_cross_suite_clean.py --suite libero_10 --model_path /data/aviary/models/openvla/openvla-7b-finetuned-libero-10 --unnorm_key libero_10 --task_idx 2 --state_id 11 --eval_seed 0 --detector_path /data/liuyu/repos/sc5_census_freeze_cc356f3_20260618/outputs/sc5_canonical_eng/sc5_mlp_s2.pt --source_commit 63793972743f667c6a6bcc12e9700f322f261147 --output_dir /data/liuyu/outputs/cross_suite_clean_train300_s10_19_20260620/libero10_gpu54/libero_10_t02_s11 --render_gpu 5 --save_video,CLEAN,2026-06-20T03:19:28+0800,0,libero_10_t02_s11,/data/liuyu/outputs/cross_suite_clean_train300_s10_19_20260620/logs/worker_libero10_gpu54/libero_10_t02_s11.log,/data/aviary/models/openvla/openvla-7b-finetuned-libero-10,,/data/liuyu/outputs/cross_suite_clean_train300_s10_19_20260620/libero10_gpu54/libero_10_t02_s11,21525,audit_pass,,5,0,,train_pool,2026-06-20T03:11:03+0800,11,COMPLETE,libero_10,2,libero_10
/data/liuyu/outputs/cross_suite_clean_train300_s10_19_20260620/queue_status_worker_libero10_gpu54.csv,libero10,"5,4",worker_libero10_gpu54,libero_10|2|12|0|CLEAN,/data/aviary/envs/openvla_official_libero_20260525/bin/python /data/liuyu/repos/train300_collector_freeze_141657f/scripts/stageb/run_sc5_cross_suite_clean.py --suite libero_10 --model_path /data/aviary/models/openvla/openvla-7b-finetuned-libero-10 --unnorm_key libero_10 --task_idx 2 --state_id 12 --eval_seed 0 --detector_path /data/liuyu/repos/sc5_census_freeze_cc356f3_20260618/outputs/sc5_canonical_eng/sc5_mlp_s2.pt --source_commit 63793972743f667c6a6bcc12e9700f322f261147 --output_dir /data/liuyu/outputs/cross_suite_clean_train300_s10_19_20260620/libero10_gpu54/libero_10_t02_s12 --render_gpu 5 --save_video,CLEAN,2026-06-20T03:28:15+0800,0,libero_10_t02_s12,/data/liuyu/outputs/cross_suite_clean_train300_s10_19_20260620/logs/worker_libero10_gpu54/libero_10_t02_s12.log,/data/aviary/models/openvla/openvla-7b-finetuned-libero-10,,/data/liuyu/outputs/cross_suite_clean_train300_s10_19_20260620/libero10_gpu54/libero_10_t02_s12,21525,audit_pass,,5,0,,train_pool,2026-06-20T03:19:28+0800,12,COMPLETE,libero_10,2,libero_10
/data/liuyu/outputs/cross_suite_clean_train300_s10_19_20260620/queue_status_worker_libero10_gpu54.csv,libero10,"5,4",worker_libero10_gpu54,libero_10|2|13|0|CLEAN,/data/aviary/envs/openvla_official_libero_20260525/bin/python /data/liuyu/repos/train300_collector_freeze_141657f/scripts/stageb/run_sc5_cross_suite_clean.py --suite libero_10 --model_path /data/aviary/models/openvla/openvla-7b-finetuned-libero-10 --unnorm_key libero_10 --task_idx 2 --state_id 13 --eval_seed 0 --detector_path /data/liuyu/repos/sc5_census_freeze_cc356f3_20260618/outputs/sc5_canonical_eng/sc5_mlp_s2.pt --source_commit 63793972743f667c6a6bcc12e9700f322f261147 --output_dir /data/liuyu/outputs/cross_suite_clean_train300_s10_19_20260620/libero10_gpu54/libero_10_t02_s13 --render_gpu 5 --save_video,CLEAN,2026-06-20T03:34:09+0800,0,libero_10_t02_s13,/data/liuyu/outputs/cross_suite_clean_train300_s10_19_20260620/logs/worker_libero10_gpu54/libero_10_t02_s13.log,/data/aviary/models/openvla/openvla-7b-finetuned-libero-10,,/data/liuyu/outputs/cross_suite_clean_train300_s10_19_20260620/libero10_gpu54/libero_10_t02_s13,21525,audit_pass,,5,0,,train_pool,2026-06-20T03:28:15+0800,13,COMPLETE,libero_10,2,libero_10
/data/liuyu/outputs/cross_suite_clean_train300_s10_19_20260620/queue_status_worker_libero10_gpu54.csv,libero10,"5,4",worker_libero10_gpu54,libero_10|2|14|0|CLEAN,/data/aviary/envs/openvla_official_libero_20260525/bin/python /data/liuyu/repos/train300_collector_freeze_141657f/scripts/stageb/run_sc5_cross_suite_clean.py --suite libero_10 --model_path /data/aviary/models/openvla/openvla-7b-finetuned-libero-10 --unnorm_key libero_10 --task_idx 2 --state_id 14 --eval_seed 0 --detector_path /data/liuyu/repos/sc5_census_freeze_cc356f3_20260618/outputs/sc5_canonical_eng/sc5_mlp_s2.pt --source_commit 63793972743f667c6a6bcc12e9700f322f261147 --output_dir /data/liuyu/outputs/cross_suite_clean_train300_s10_19_20260620/libero10_gpu54/libero_10_t02_s14 --render_gpu 5 --save_video,CLEAN,2026-06-20T03:39:31+0800,0,libero_10_t02_s14,/data/liuyu/outputs/cross_suite_clean_train300_s10_19_20260620/logs/worker_libero10_gpu54/libero_10_t02_s14.log,/data/aviary/models/openvla/openvla-7b-finetuned-libero-10,,/data/liuyu/outputs/cross_suite_clean_train300_s10_19_20260620/libero10_gpu54/libero_10_t02_s14,21525,audit_pass,,5,0,,train_pool,2026-06-20T03:34:09+0800,14,COMPLETE,libero_10,2,libero_10
/data/liuyu/outputs/cross_suite_clean_train300_s10_19_20260620/queue_status_worker_libero10_gpu54.csv,libero10,"5,4",worker_libero10_gpu54,libero_10|2|15|0|CLEAN,/data/aviary/envs/openvla_official_libero_20260525/bin/python /data/liuyu/repos/train300_collector_freeze_141657f/scripts/stageb/run_sc5_cross_suite_clean.py --suite libero_10 --model_path /data/aviary/models/openvla/openvla-7b-finetuned-libero-10 --unnorm_key libero_10 --task_idx 2 --state_id 15 --eval_seed 0 --detector_path /data/liuyu/repos/sc5_census_freeze_cc356f3_20260618/outputs/sc5_canonical_eng/sc5_mlp_s2.pt --source_commit 63793972743f667c6a6bcc12e9700f322f261147 --output_dir /data/liuyu/outputs/cross_suite_clean_train300_s10_19_20260620/libero10_gpu54/libero_10_t02_s15 --render_gpu 5 --save_video,CLEAN,2026-06-20T03:48:12+0800,0,libero_10_t02_s15,/data/liuyu/outputs/cross_suite_clean_train300_s10_19_20260620/logs/worker_libero10_gpu54/libero_10_t02_s15.log,/data/aviary/models/openvla/openvla-7b-finetuned-libero-10,,/data/liuyu/outputs/cross_suite_clean_train300_s10_19_20260620/libero10_gpu54/libero_10_t02_s15,21525,audit_pass,,5,0,,train_pool,2026-06-20T03:39:31+0800,15,COMPLETE,libero_10,2,libero_10
/data/liuyu/outputs/cross_suite_clean_train300_s10_19_20260620/queue_status_worker_libero10_gpu54.csv,libero10,"5,4",worker_libero10_gpu54,libero_10|2|16|0|CLEAN,/data/aviary/envs/openvla_official_libero_20260525/bin/python /data/liuyu/repos/train300_collector_freeze_141657f/scripts/stageb/run_sc5_cross_suite_clean.py --suite libero_10 --model_path /data/aviary/models/openvla/openvla-7b-finetuned-libero-10 --unnorm_key libero_10 --task_idx 2 --state_id 16 --eval_seed 0 --detector_path /data/liuyu/repos/sc5_census_freeze_cc356f3_20260618/outputs/sc5_canonical_eng/sc5_mlp_s2.pt --source_commit 63793972743f667c6a6bcc12e9700f322f261147 --output_dir /data/liuyu/outputs/cross_suite_clean_train300_s10_19_20260620/libero10_gpu54/libero_10_t02_s16 --render_gpu 5 --save_video,CLEAN,2026-06-20T03:54:48+0800,0,libero_10_t02_s16,/data/liuyu/outputs/cross_suite_clean_train300_s10_19_20260620/logs/worker_libero10_gpu54/libero_10_t02_s16.log,/data/aviary/models/openvla/openvla-7b-finetuned-libero-10,,/data/liuyu/outputs/cross_suite_clean_train300_s10_19_20260620/libero10_gpu54/libero_10_t02_s16,21525,audit_pass,,5,0,,train_pool,2026-06-20T03:48:12+0800,16,COMPLETE,libero_10,2,libero_10
/data/liuyu/outputs/cross_suite_clean_train300_s10_19_20260620/queue_status_worker_libero10_gpu54.csv,libero10,"5,4",worker_libero10_gpu54,libero_10|2|17|0|CLEAN,/data/aviary/envs/openvla_official_libero_20260525/bin/python /data/liuyu/repos/train300_collector_freeze_141657f/scripts/stageb/run_sc5_cross_suite_clean.py --suite libero_10 --model_path /data/aviary/models/openvla/openvla-7b-finetuned-libero-10 --unnorm_key libero_10 --task_idx 2 --state_id 17 --eval_seed 0 --detector_path /data/liuyu/repos/sc5_census_freeze_cc356f3_20260618/outputs/sc5_canonical_eng/sc5_mlp_s2.pt --source_commit 63793972743f667c6a6bcc12e9700f322f261147 --output_dir /data/liuyu/outputs/cross_suite_clean_train300_s10_19_20260620/libero10_gpu54/libero_10_t02_s17 --render_gpu 5 --save_video,CLEAN,2026-06-20T04:02:48+0800,0,libero_10_t02_s17,/data/liuyu/outputs/cross_suite_clean_train300_s10_19_20260620/logs/worker_libero10_gpu54/libero_10_t02_s17.log,/data/aviary/models/openvla/openvla-7b-finetuned-libero-10,,/data/liuyu/outputs/cross_suite_clean_train300_s10_19_20260620/libero10_gpu54/libero_10_t02_s17,21525,audit_pass,,5,0,,train_pool,2026-06-20T03:54:48+0800,17,COMPLETE,libero_10,2,libero_10
/data/liuyu/outputs/cross_suite_clean_train300_s10_19_20260620/queue_status_worker_libero10_gpu54.csv,libero10,"5,4",worker_libero10_gpu54,libero_10|2|18|0|CLEAN,/data/aviary/envs/openvla_official_libero_20260525/bin/python /data/liuyu/repos/train300_collector_freeze_141657f/scripts/stageb/run_sc5_cross_suite_clean.py --suite libero_10 --model_path /data/aviary/models/openvla/openvla-7b-finetuned-libero-10 --unnorm_key libero_10 --task_idx 2 --state_id 18 --eval_seed 0 --detector_path /data/liuyu/repos/sc5_census_freeze_cc356f3_20260618/outputs/sc5_canonical_eng/sc5_mlp_s2.pt --source_commit 63793972743f667c6a6bcc12e9700f322f261147 --output_dir /data/liuyu/outputs/cross_suite_clean_train300_s10_19_20260620/libero10_gpu54/libero_10_t02_s18 --render_gpu 5 --save_video,CLEAN,2026-06-20T04:08:41+0800,0,libero_10_t02_s18,/data/liuyu/outputs/cross_suite_clean_train300_s10_19_20260620/logs/worker_libero10_gpu54/libero_10_t02_s18.log,/data/aviary/models/openvla/openvla-7b-finetuned-libero-10,,/data/liuyu/outputs/cross_suite_clean_train300_s10_19_20260620/libero10_gpu54/libero_10_t02_s18,21525,audit_pass,,5,0,,validation_pool,2026-06-20T04:02:48+0800,18,COMPLETE,libero_10,2,libero_10
/data/liuyu/outputs/cross_suite_clean_train300_s10_19_20260620/queue_status_worker_libero10_gpu54.csv,libero10,"5,4",worker_libero10_gpu54,libero_10|2|19|0|CLEAN,/data/aviary/envs/openvla_official_libero_20260525/bin/python /data/liuyu/repos/train300_collector_freeze_141657f/scripts/stageb/run_sc5_cross_suite_clean.py --suite libero_10 --model_path /data/aviary/models/openvla/openvla-7b-finetuned-libero-10 --unnorm_key libero_10 --task_idx 2 --state_id 19 --eval_seed 0 --detector_path /data/liuyu/repos/sc5_census_freeze_cc356f3_20260618/outputs/sc5_canonical_eng/sc5_mlp_s2.pt --source_commit 63793972743f667c6a6bcc12e9700f322f261147 --output_dir /data/liuyu/outputs/cross_suite_clean_train300_s10_19_20260620/libero10_gpu54/libero_10_t02_s19 --render_gpu 5 --save_video,CLEAN,2026-06-20T04:14:52+0800,0,libero_10_t02_s19,/data/liuyu/outputs/cross_suite_clean_train300_s10_19_20260620/logs/worker_libero10_gpu54/libero_10_t02_s19.log,/data/aviary/models/openvla/openvla-7b-finetuned-libero-10,,/data/liuyu/outputs/cross_suite_clean_train300_s10_19_20260620/libero10_gpu54/libero_10_t02_s19,21525,audit_pass,,5,0,,validation_pool,2026-06-20T04:08:41+0800,19,COMPLETE,libero_10,2,libero_10
/data/liuyu/outputs/cross_suite_clean_train300_s10_19_20260620/queue_status_worker_libero10_gpu54.csv,libero10,"5,4",worker_libero10_gpu54,libero_10|3|10|0|CLEAN,/data/aviary/envs/openvla_official_libero_20260525/bin/python /data/liuyu/repos/train300_collector_freeze_141657f/scripts/stageb/run_sc5_cross_suite_clean.py --suite libero_10 --model_path /data/aviary/models/openvla/openvla-7b-finetuned-libero-10 --unnorm_key libero_10 --task_idx 3 --state_id 10 --eval_seed 0 --detector_path /data/liuyu/repos/sc5_census_freeze_cc356f3_20260618/outputs/sc5_canonical_eng/sc5_mlp_s2.pt --source_commit 63793972743f667c6a6bcc12e9700f322f261147 --output_dir /data/liuyu/outputs/cross_suite_clean_train300_s10_19_20260620/libero10_gpu54/libero_10_t03_s10 --render_gpu 5 --save_video,CLEAN,2026-06-20T04:23:20+0800,0,libero_10_t03_s10,/data/liuyu/outputs/cross_suite_clean_train300_s10_19_20260620/logs/worker_libero10_gpu54/libero_10_t03_s10.log,/data/aviary/models/openvla/openvla-7b-finetuned-libero-10,,/data/liuyu/outputs/cross_suite_clean_train300_s10_19_20260620/libero10_gpu54/libero_10_t03_s10,21525,audit_pass,,5,0,,train_pool,2026-06-20T04:14:52+0800,10,COMPLETE,libero_10,3,libero_10
/data/liuyu/outputs/cross_suite_clean_train300_s10_19_20260620/queue_status_worker_libero10_gpu54.csv,libero10,"5,4",worker_libero10_gpu54,libero_10|3|11|0|CLEAN,/data/aviary/envs/openvla_official_libero_20260525/bin/python /data/liuyu/repos/train300_collector_freeze_141657f/scripts/stageb/run_sc5_cross_suite_clean.py --suite libero_10 --model_path /data/aviary/models/openvla/openvla-7b-finetuned-libero-10 --unnorm_key libero_10 --task_idx 3 --state_id 11 --eval_seed 0 --detector_path /data/liuyu/repos/sc5_census_freeze_cc356f3_20260618/outputs/sc5_canonical_eng/sc5_mlp_s2.pt --source_commit 63793972743f667c6a6bcc12e9700f322f261147 --output_dir /data/liuyu/outputs/cross_suite_clean_train300_s10_19_20260620/libero10_gpu54/libero_10_t03_s11 --render_gpu 5 --save_video,CLEAN,2026-06-20T04:28:59+0800,0,libero_10_t03_s11,/data/liuyu/outputs/cross_suite_clean_train300_s10_19_20260620/logs/worker_libero10_gpu54/libero_10_t03_s11.log,/data/aviary/models/openvla/openvla-7b-finetuned-libero-10,,/data/liuyu/outputs/cross_suite_clean_train300_s10_19_20260620/libero10_gpu54/libero_10_t03_s11,21525,audit_pass,,5,0,,train_pool,2026-06-20T04:23:20+0800,11,COMPLETE,libero_10,3,libero_10
/data/liuyu/outputs/cross_suite_clean_train300_s10_19_20260620/queue_status_worker_libero10_gpu54.csv,libero10,"5,4",worker_libero10_gpu54,libero_10|3|12|0|CLEAN,/data/aviary/envs/openvla_official_libero_20260525/bin/python /data/liuyu/repos/train300_collector_freeze_141657f/scripts/stageb/run_sc5_cross_suite_clean.py --suite libero_10 --model_path /data/aviary/models/openvla/openvla-7b-finetuned-libero-10 --unnorm_key libero_10 --task_idx 3 --state_id 12 --eval_seed 0 --detector_path /data/liuyu/repos/sc5_census_freeze_cc356f3_20260618/outputs/sc5_canonical_eng/sc5_mlp_s2.pt --source_commit 63793972743f667c6a6bcc12e9700f322f261147 --output_dir /data/liuyu/outputs/cross_suite_clean_train300_s10_19_20260620/libero10_gpu54/libero_10_t03_s12 --render_gpu 5 --save_video,CLEAN,2026-06-20T04:37:29+0800,0,libero_10_t03_s12,/data/liuyu/outputs/cross_suite_clean_train300_s10_19_20260620/logs/worker_libero10_gpu54/libero_10_t03_s12.log,/data/aviary/models/openvla/openvla-7b-finetuned-libero-10,,/data/liuyu/outputs/cross_suite_clean_train300_s10_19_20260620/libero10_gpu54/libero_10_t03_s12,21525,audit_pass,,5,0,,train_pool,2026-06-20T04:28:59+0800,12,COMPLETE,libero_10,3,libero_10
/data/liuyu/outputs/cross_suite_clean_train300_s10_19_20260620/queue_status_worker_libero10_gpu54.csv,libero10,"5,4",worker_libero10_gpu54,libero_10|3|13|0|CLEAN,/data/aviary/envs/openvla_official_libero_20260525/bin/python /data/liuyu/repos/train300_collector_freeze_141657f/scripts/stageb/run_sc5_cross_suite_clean.py --suite libero_10 --model_path /data/aviary/models/openvla/openvla-7b-finetuned-libero-10 --unnorm_key libero_10 --task_idx 3 --state_id 13 --eval_seed 0 --detector_path /data/liuyu/repos/sc5_census_freeze_cc356f3_20260618/outputs/sc5_canonical_eng/sc5_mlp_s2.pt --source_commit 63793972743f667c6a6bcc12e9700f322f261147 --output_dir /data/liuyu/outputs/cross_suite_clean_train300_s10_19_20260620/libero10_gpu54/libero_10_t03_s13 --render_gpu 5 --save_video,CLEAN,2026-06-20T04:45:58+0800,0,libero_10_t03_s13,/data/liuyu/outputs/cross_suite_clean_train300_s10_19_20260620/logs/worker_libero10_gpu54/libero_10_t03_s13.log,/data/aviary/models/openvla/openvla-7b-finetuned-libero-10,,/data/liuyu/outputs/cross_suite_clean_train300_s10_19_20260620/libero10_gpu54/libero_10_t03_s13,21525,audit_pass,,5,0,,train_pool,2026-06-20T04:37:29+0800,13,COMPLETE,libero_10,3,libero_10
/data/liuyu/outputs/cross_suite_clean_train300_s10_19_20260620/queue_status_worker_libero10_gpu54.csv,libero10,"5,4",worker_libero10_gpu54,libero_10|3|14|0|CLEAN,/data/aviary/envs/openvla_official_libero_20260525/bin/python /data/liuyu/repos/train300_collector_freeze_141657f/scripts/stageb/run_sc5_cross_suite_clean.py --suite libero_10 --model_path /data/aviary/models/openvla/openvla-7b-finetuned-libero-10 --unnorm_key libero_10 --task_idx 3 --state_id 14 --eval_seed 0 --detector_path /data/liuyu/repos/sc5_census_freeze_cc356f3_20260618/outputs/sc5_canonical_eng/sc5_mlp_s2.pt --source_commit 63793972743f667c6a6bcc12e9700f322f261147 --output_dir /data/liuyu/outputs/cross_suite_clean_train300_s10_19_20260620/libero10_gpu54/libero_10_t03_s14 --render_gpu 5 --save_video,CLEAN,2026-06-20T04:54:25+0800,0,libero_10_t03_s14,/data/liuyu/outputs/cross_suite_clean_train300_s10_19_20260620/logs/worker_libero10_gpu54/libero_10_t03_s14.log,/data/aviary/models/openvla/openvla-7b-finetuned-libero-10,,/data/liuyu/outputs/cross_suite_clean_train300_s10_19_20260620/libero10_gpu54/libero_10_t03_s14,21525,audit_pass,,5,0,,train_pool,2026-06-20T04:45:58+0800,14,COMPLETE,libero_10,3,libero_10
/data/liuyu/outputs/cross_suite_clean_train300_s10_19_20260620/queue_status_worker_libero10_gpu54.csv,libero10,"5,4",worker_libero10_gpu54,libero_10|3|15|0|CLEAN,/data/aviary/envs/openvla_official_libero_20260525/bin/python /data/liuyu/repos/train300_collector_freeze_141657f/scripts/stageb/run_sc5_cross_suite_clean.py --suite libero_10 --model_path /data/aviary/models/openvla/openvla-7b-finetuned-libero-10 --unnorm_key libero_10 --task_idx 3 --state_id 15 --eval_seed 0 --detector_path /data/liuyu/repos/sc5_census_freeze_cc356f3_20260618/outputs/sc5_canonical_eng/sc5_mlp_s2.pt --source_commit 63793972743f667c6a6bcc12e9700f322f261147 --output_dir /data/liuyu/outputs/cross_suite_clean_train300_s10_19_20260620/libero10_gpu54/libero_10_t03_s15 --render_gpu 5 --save_video,CLEAN,2026-06-20T05:00:04+0800,0,libero_10_t03_s15,/data/liuyu/outputs/cross_suite_clean_train300_s10_19_20260620/logs/worker_libero10_gpu54/libero_10_t03_s15.log,/data/aviary/models/openvla/openvla-7b-finetuned-libero-10,,/data/liuyu/outputs/cross_suite_clean_train300_s10_19_20260620/libero10_gpu54/libero_10_t03_s15,21525,audit_pass,,5,0,,train_pool,2026-06-20T04:54:26+0800,15,COMPLETE,libero_10,3,libero_10
/data/liuyu/outputs/cross_suite_clean_train300_s10_19_20260620/queue_status_worker_libero10_gpu54.csv,libero10,"5,4",worker_libero10_gpu54,libero_10|3|16|0|CLEAN,/data/aviary/envs/openvla_official_libero_20260525/bin/python /data/liuyu/repos/train300_collector_freeze_141657f/scripts/stageb/run_sc5_cross_suite_clean.py --suite libero_10 --model_path /data/aviary/models/openvla/openvla-7b-finetuned-libero-10 --unnorm_key libero_10 --task_idx 3 --state_id 16 --eval_seed 0 --detector_path /data/liuyu/repos/sc5_census_freeze_cc356f3_20260618/outputs/sc5_canonical_eng/sc5_mlp_s2.pt --source_commit 63793972743f667c6a6bcc12e9700f322f261147 --output_dir /data/liuyu/outputs/cross_suite_clean_train300_s10_19_20260620/libero10_gpu54/libero_10_t03_s16 --render_gpu 5 --save_video,CLEAN,2026-06-20T05:08:36+0800,0,libero_10_t03_s16,/data/liuyu/outputs/cross_suite_clean_train300_s10_19_20260620/logs/worker_libero10_gpu54/libero_10_t03_s16.log,/data/aviary/models/openvla/openvla-7b-finetuned-libero-10,,/data/liuyu/outputs/cross_suite_clean_train300_s10_19_20260620/libero10_gpu54/libero_10_t03_s16,21525,audit_pass,,5,0,,train_pool,2026-06-20T05:00:04+0800,16,COMPLETE,libero_10,3,libero_10
/data/liuyu/outputs/cross_suite_clean_train300_s10_19_20260620/queue_status_worker_libero10_gpu54.csv,libero10,"5,4",worker_libero10_gpu54,libero_10|3|17|0|CLEAN,/data/aviary/envs/openvla_official_libero_20260525/bin/python /data/liuyu/repos/train300_collector_freeze_141657f/scripts/stageb/run_sc5_cross_suite_clean.py --suite libero_10 --model_path /data/aviary/models/openvla/openvla-7b-finetuned-libero-10 --unnorm_key libero_10 --task_idx 3 --state_id 17 --eval_seed 0 --detector_path /data/liuyu/repos/sc5_census_freeze_cc356f3_20260618/outputs/sc5_canonical_eng/sc5_mlp_s2.pt --source_commit 63793972743f667c6a6bcc12e9700f322f261147 --output_dir /data/liuyu/outputs/cross_suite_clean_train300_s10_19_20260620/libero10_gpu54/libero_10_t03_s17 --render_gpu 5 --save_video,CLEAN,2026-06-20T05:14:30+0800,0,libero_10_t03_s17,/data/liuyu/outputs/cross_suite_clean_train300_s10_19_20260620/logs/worker_libero10_gpu54/libero_10_t03_s17.log,/data/aviary/models/openvla/openvla-7b-finetuned-libero-10,,/data/liuyu/outputs/cross_suite_clean_train300_s10_19_20260620/libero10_gpu54/libero_10_t03_s17,21525,audit_pass,,5,0,,train_pool,2026-06-20T05:08:36+0800,17,COMPLETE,libero_10,3,libero_10
/data/liuyu/outputs/cross_suite_clean_train300_s10_19_20260620/queue_status_worker_libero10_gpu54.csv,libero10,"5,4",worker_libero10_gpu54,libero_10|3|18|0|CLEAN,/data/aviary/envs/openvla_official_libero_20260525/bin/python /data/liuyu/repos/train300_collector_freeze_141657f/scripts/stageb/run_sc5_cross_suite_clean.py --suite libero_10 --model_path /data/aviary/models/openvla/openvla-7b-finetuned-libero-10 --unnorm_key libero_10 --task_idx 3 --state_id 18 --eval_seed 0 --detector_path /data/liuyu/repos/sc5_census_freeze_cc356f3_20260618/outputs/sc5_canonical_eng/sc5_mlp_s2.pt --source_commit 63793972743f667c6a6bcc12e9700f322f261147 --output_dir /data/liuyu/outputs/cross_suite_clean_train300_s10_19_20260620/libero10_gpu54/libero_10_t03_s18 --render_gpu 5 --save_video,CLEAN,2026-06-20T05:19:54+0800,0,libero_10_t03_s18,/data/liuyu/outputs/cross_suite_clean_train300_s10_19_20260620/logs/worker_libero10_gpu54/libero_10_t03_s18.log,/data/aviary/models/openvla/openvla-7b-finetuned-libero-10,,/data/liuyu/outputs/cross_suite_clean_train300_s10_19_20260620/libero10_gpu54/libero_10_t03_s18,21525,audit_pass,,5,0,,validation_pool,2026-06-20T05:14:30+0800,18,COMPLETE,libero_10,3,libero_10
/data/liuyu/outputs/cross_suite_clean_train300_s10_19_20260620/queue_status_worker_libero10_gpu54.csv,libero10,"5,4",worker_libero10_gpu54,libero_10|3|19|0|CLEAN,/data/aviary/envs/openvla_official_libero_20260525/bin/python /data/liuyu/repos/train300_collector_freeze_141657f/scripts/stageb/run_sc5_cross_suite_clean.py --suite libero_10 --model_path /data/aviary/models/openvla/openvla-7b-finetuned-libero-10 --unnorm_key libero_10 --task_idx 3 --state_id 19 --eval_seed 0 --detector_path /data/liuyu/repos/sc5_census_freeze_cc356f3_20260618/outputs/sc5_canonical_eng/sc5_mlp_s2.pt --source_commit 63793972743f667c6a6bcc12e9700f322f261147 --output_dir /data/liuyu/outputs/cross_suite_clean_train300_s10_19_20260620/libero10_gpu54/libero_10_t03_s19 --render_gpu 5 --save_video,CLEAN,2026-06-20T05:26:25+0800,0,libero_10_t03_s19,/data/liuyu/outputs/cross_suite_clean_train300_s10_19_20260620/logs/worker_libero10_gpu54/libero_10_t03_s19.log,/data/aviary/models/openvla/openvla-7b-finetuned-libero-10,,/data/liuyu/outputs/cross_suite_clean_train300_s10_19_20260620/libero10_gpu54/libero_10_t03_s19,21525,audit_pass,,5,0,,validation_pool,2026-06-20T05:19:54+0800,19,COMPLETE,libero_10,3,libero_10
/data/liuyu/outputs/cross_suite_clean_train300_s10_19_20260620/queue_status_worker_libero10_gpu54.csv,libero10,"5,4",worker_libero10_gpu54,libero_10|4|10|0|CLEAN,/data/aviary/envs/openvla_official_libero_20260525/bin/python /data/liuyu/repos/train300_collector_freeze_141657f/scripts/stageb/run_sc5_cross_suite_clean.py --suite libero_10 --model_path /data/aviary/models/openvla/openvla-7b-finetuned-libero-10 --unnorm_key libero_10 --task_idx 4 --state_id 10 --eval_seed 0 --detector_path /data/liuyu/repos/sc5_census_freeze_cc356f3_20260618/outputs/sc5_canonical_eng/sc5_mlp_s2.pt --source_commit 63793972743f667c6a6bcc12e9700f322f261147 --output_dir /data/liuyu/outputs/cross_suite_clean_train300_s10_19_20260620/libero10_gpu54/libero_10_t04_s10 --render_gpu 5 --save_video,CLEAN,2026-06-20T05:31:17+0800,0,libero_10_t04_s10,/data/liuyu/outputs/cross_suite_clean_train300_s10_19_20260620/logs/worker_libero10_gpu54/libero_10_t04_s10.log,/data/aviary/models/openvla/openvla-7b-finetuned-libero-10,,/data/liuyu/outputs/cross_suite_clean_train300_s10_19_20260620/libero10_gpu54/libero_10_t04_s10,21525,audit_pass,,5,0,,train_pool,2026-06-20T05:26:25+0800,10,COMPLETE,libero_10,4,libero_10
/data/liuyu/outputs/cross_suite_clean_train300_s10_19_20260620/queue_status_worker_libero10_gpu54.csv,libero10,"5,4",worker_libero10_gpu54,libero_10|4|11|0|CLEAN,/data/aviary/envs/openvla_official_libero_20260525/bin/python /data/liuyu/repos/train300_collector_freeze_141657f/scripts/stageb/run_sc5_cross_suite_clean.py --suite libero_10 --model_path /data/aviary/models/openvla/openvla-7b-finetuned-libero-10 --unnorm_key libero_10 --task_idx 4 --state_id 11 --eval_seed 0 --detector_path /data/liuyu/repos/sc5_census_freeze_cc356f3_20260618/outputs/sc5_canonical_eng/sc5_mlp_s2.pt --source_commit 63793972743f667c6a6bcc12e9700f322f261147 --output_dir /data/liuyu/outputs/cross_suite_clean_train300_s10_19_20260620/libero10_gpu54/libero_10_t04_s11 --render_gpu 5 --save_video,CLEAN,2026-06-20T05:39:46+0800,0,libero_10_t04_s11,/data/liuyu/outputs/cross_suite_clean_train300_s10_19_20260620/logs/worker_libero10_gpu54/libero_10_t04_s11.log,/data/aviary/models/openvla/openvla-7b-finetuned-libero-10,,/data/liuyu/outputs/cross_suite_clean_train300_s10_19_20260620/libero10_gpu54/libero_10_t04_s11,21525,audit_pass,,5,0,,train_pool,2026-06-20T05:31:17+0800,11,COMPLETE,libero_10,4,libero_10
/data/liuyu/outputs/cross_suite_clean_train300_s10_19_20260620/queue_status_worker_libero10_gpu54.csv,libero10,"5,4",worker_libero10_gpu54,libero_10|4|12|0|CLEAN,/data/aviary/envs/openvla_official_libero_20260525/bin/python /data/liuyu/repos/train300_collector_freeze_141657f/scripts/stageb/run_sc5_cross_suite_clean.py --suite libero_10 --model_path /data/aviary/models/openvla/openvla-7b-finetuned-libero-10 --unnorm_key libero_10 --task_idx 4 --state_id 12 --eval_seed 0 --detector_path /data/liuyu/repos/sc5_census_freeze_cc356f3_20260618/outputs/sc5_canonical_eng/sc5_mlp_s2.pt --source_commit 63793972743f667c6a6bcc12e9700f322f261147 --output_dir /data/liuyu/outputs/cross_suite_clean_train300_s10_19_20260620/libero10_gpu54/libero_10_t04_s12 --render_gpu 5 --save_video,CLEAN,2026-06-20T05:44:51+0800,0,libero_10_t04_s12,/data/liuyu/outputs/cross_suite_clean_train300_s10_19_20260620/logs/worker_libero10_gpu54/libero_10_t04_s12.log,/data/aviary/models/openvla/openvla-7b-finetuned-libero-10,,/data/liuyu/outputs/cross_suite_clean_train300_s10_19_20260620/libero10_gpu54/libero_10_t04_s12,21525,audit_pass,,5,0,,train_pool,2026-06-20T05:39:46+0800,12,COMPLETE,libero_10,4,libero_10
/data/liuyu/outputs/cross_suite_clean_train300_s10_19_20260620/queue_status_worker_libero10_gpu54.csv,libero10,"5,4",worker_libero10_gpu54,libero_10|4|13|0|CLEAN,/data/aviary/envs/openvla_official_libero_20260525/bin/python /data/liuyu/repos/train300_collector_freeze_141657f/scripts/stageb/run_sc5_cross_suite_clean.py --suite libero_10 --model_path /data/aviary/models/openvla/openvla-7b-finetuned-libero-10 --unnorm_key libero_10 --task_idx 4 --state_id 13 --eval_seed 0 --detector_path /data/liuyu/repos/sc5_census_freeze_cc356f3_20260618/outputs/sc5_canonical_eng/sc5_mlp_s2.pt --source_commit 63793972743f667c6a6bcc12e9700f322f261147 --output_dir /data/liuyu/outputs/cross_suite_clean_train300_s10_19_20260620/libero10_gpu54/libero_10_t04_s13 --render_gpu 5 --save_video,CLEAN,2026-06-20T05:50:01+0800,0,libero_10_t04_s13,/data/liuyu/outputs/cross_suite_clean_train300_s10_19_20260620/logs/worker_libero10_gpu54/libero_10_t04_s13.log,/data/aviary/models/openvla/openvla-7b-finetuned-libero-10,,/data/liuyu/outputs/cross_suite_clean_train300_s10_19_20260620/libero10_gpu54/libero_10_t04_s13,21525,audit_pass,,5,0,,train_pool,2026-06-20T05:44:51+0800,13,COMPLETE,libero_10,4,libero_10
/data/liuyu/outputs/cross_suite_clean_train300_s10_19_20260620/queue_status_worker_libero10_gpu54.csv,libero10,"5,4",worker_libero10_gpu54,libero_10|4|14|0|CLEAN,/data/aviary/envs/openvla_official_libero_20260525/bin/python /data/liuyu/repos/train300_collector_freeze_141657f/scripts/stageb/run_sc5_cross_suite_clean.py --suite libero_10 --model_path /data/aviary/models/openvla/openvla-7b-finetuned-libero-10 --unnorm_key libero_10 --task_idx 4 --state_id 14 --eval_seed 0 --detector_path /data/liuyu/repos/sc5_census_freeze_cc356f3_20260618/outputs/sc5_canonical_eng/sc5_mlp_s2.pt --source_commit 63793972743f667c6a6bcc12e9700f322f261147 --output_dir /data/liuyu/outputs/cross_suite_clean_train300_s10_19_20260620/libero10_gpu54/libero_10_t04_s14 --render_gpu 5 --save_video,CLEAN,2026-06-20T05:55:35+0800,0,libero_10_t04_s14,/data/liuyu/outputs/cross_suite_clean_train300_s10_19_20260620/logs/worker_libero10_gpu54/libero_10_t04_s14.log,/data/aviary/models/openvla/openvla-7b-finetuned-libero-10,,/data/liuyu/outputs/cross_suite_clean_train300_s10_19_20260620/libero10_gpu54/libero_10_t04_s14,21525,audit_pass,,5,0,,train_pool,2026-06-20T05:50:01+0800,14,COMPLETE,libero_10,4,libero_10
/data/liuyu/outputs/cross_suite_clean_train300_s10_19_20260620/queue_status_worker_libero10_gpu54.csv,libero10,"5,4",worker_libero10_gpu54,libero_10|4|15|0|CLEAN,/data/aviary/envs/openvla_official_libero_20260525/bin/python /data/liuyu/repos/train300_collector_freeze_141657f/scripts/stageb/run_sc5_cross_suite_clean.py --suite libero_10 --model_path /data/aviary/models/openvla/openvla-7b-finetuned-libero-10 --unnorm_key libero_10 --task_idx 4 --state_id 15 --eval_seed 0 --detector_path /data/liuyu/repos/sc5_census_freeze_cc356f3_20260618/outputs/sc5_canonical_eng/sc5_mlp_s2.pt --source_commit 63793972743f667c6a6bcc12e9700f322f261147 --output_dir /data/liuyu/outputs/cross_suite_clean_train300_s10_19_20260620/libero10_gpu54/libero_10_t04_s15 --render_gpu 5 --save_video,CLEAN,2026-06-20T06:04:06+0800,0,libero_10_t04_s15,/data/liuyu/outputs/cross_suite_clean_train300_s10_19_20260620/logs/worker_libero10_gpu54/libero_10_t04_s15.log,/data/aviary/models/openvla/openvla-7b-finetuned-libero-10,,/data/liuyu/outputs/cross_suite_clean_train300_s10_19_20260620/libero10_gpu54/libero_10_t04_s15,21525,audit_pass,,5,0,,train_pool,2026-06-20T05:55:35+0800,15,COMPLETE,libero_10,4,libero_10
/data/liuyu/outputs/cross_suite_clean_train300_s10_19_20260620/queue_status_worker_libero10_gpu54.csv,libero10,"5,4",worker_libero10_gpu54,libero_10|4|16|0|CLEAN,/data/aviary/envs/openvla_official_libero_20260525/bin/python /data/liuyu/repos/train300_collector_freeze_141657f/scripts/stageb/run_sc5_cross_suite_clean.py --suite libero_10 --model_path /data/aviary/models/openvla/openvla-7b-finetuned-libero-10 --unnorm_key libero_10 --task_idx 4 --state_id 16 --eval_seed 0 --detector_path /data/liuyu/repos/sc5_census_freeze_cc356f3_20260618/outputs/sc5_canonical_eng/sc5_mlp_s2.pt --source_commit 63793972743f667c6a6bcc12e9700f322f261147 --output_dir /data/liuyu/outputs/cross_suite_clean_train300_s10_19_20260620/libero10_gpu54/libero_10_t04_s16 --render_gpu 5 --save_video,CLEAN,2026-06-20T06:09:45+0800,0,libero_10_t04_s16,/data/liuyu/outputs/cross_suite_clean_train300_s10_19_20260620/logs/worker_libero10_gpu54/libero_10_t04_s16.log,/data/aviary/models/openvla/openvla-7b-finetuned-libero-10,,/data/liuyu/outputs/cross_suite_clean_train300_s10_19_20260620/libero10_gpu54/libero_10_t04_s16,21525,audit_pass,,5,0,,train_pool,2026-06-20T06:04:06+0800,16,COMPLETE,libero_10,4,libero_10
/data/liuyu/outputs/cross_suite_clean_train300_s10_19_20260620/queue_status_worker_libero10_gpu54.csv,libero10,"5,4",worker_libero10_gpu54,libero_10|4|17|0|CLEAN,/data/aviary/envs/openvla_official_libero_20260525/bin/python /data/liuyu/repos/train300_collector_freeze_141657f/scripts/stageb/run_sc5_cross_suite_clean.py --suite libero_10 --model_path /data/aviary/models/openvla/openvla-7b-finetuned-libero-10 --unnorm_key libero_10 --task_idx 4 --state_id 17 --eval_seed 0 --detector_path /data/liuyu/repos/sc5_census_freeze_cc356f3_20260618/outputs/sc5_canonical_eng/sc5_mlp_s2.pt --source_commit 63793972743f667c6a6bcc12e9700f322f261147 --output_dir /data/liuyu/outputs/cross_suite_clean_train300_s10_19_20260620/libero10_gpu54/libero_10_t04_s17 --render_gpu 5 --save_video,CLEAN,2026-06-20T06:18:29+0800,0,libero_10_t04_s17,/data/liuyu/outputs/cross_suite_clean_train300_s10_19_20260620/logs/worker_libero10_gpu54/libero_10_t04_s17.log,/data/aviary/models/openvla/openvla-7b-finetuned-libero-10,,/data/liuyu/outputs/cross_suite_clean_train300_s10_19_20260620/libero10_gpu54/libero_10_t04_s17,21525,audit_pass,,5,0,,train_pool,2026-06-20T06:09:45+0800,17,COMPLETE,libero_10,4,libero_10
/data/liuyu/outputs/cross_suite_clean_train300_s10_19_20260620/queue_status_worker_libero10_gpu54.csv,libero10,"5,4",worker_libero10_gpu54,libero_10|4|18|0|CLEAN,/data/aviary/envs/openvla_official_libero_20260525/bin/python /data/liuyu/repos/train300_collector_freeze_141657f/scripts/stageb/run_sc5_cross_suite_clean.py --suite libero_10 --model_path /data/aviary/models/openvla/openvla-7b-finetuned-libero-10 --unnorm_key libero_10 --task_idx 4 --state_id 18 --eval_seed 0 --detector_path /data/liuyu/repos/sc5_census_freeze_cc356f3_20260618/outputs/sc5_canonical_eng/sc5_mlp_s2.pt --source_commit 63793972743f667c6a6bcc12e9700f322f261147 --output_dir /data/liuyu/outputs/cross_suite_clean_train300_s10_19_20260620/libero10_gpu54/libero_10_t04_s18 --render_gpu 5 --save_video,CLEAN,2026-06-20T06:24:02+0800,0,libero_10_t04_s18,/data/liuyu/outputs/cross_suite_clean_train300_s10_19_20260620/logs/worker_libero10_gpu54/libero_10_t04_s18.log,/data/aviary/models/openvla/openvla-7b-finetuned-libero-10,,/data/liuyu/outputs/cross_suite_clean_train300_s10_19_20260620/libero10_gpu54/libero_10_t04_s18,21525,audit_pass,,5,0,,validation_pool,2026-06-20T06:18:29+0800,18,COMPLETE,libero_10,4,libero_10
/data/liuyu/outputs/cross_suite_clean_train300_s10_19_20260620/queue_status_worker_libero10_gpu54.csv,libero10,"5,4",worker_libero10_gpu54,libero_10|4|19|0|CLEAN,/data/aviary/envs/openvla_official_libero_20260525/bin/python /data/liuyu/repos/train300_collector_freeze_141657f/scripts/stageb/run_sc5_cross_suite_clean.py --suite libero_10 --model_path /data/aviary/models/openvla/openvla-7b-finetuned-libero-10 --unnorm_key libero_10 --task_idx 4 --state_id 19 --eval_seed 0 --detector_path /data/liuyu/repos/sc5_census_freeze_cc356f3_20260618/outputs/sc5_canonical_eng/sc5_mlp_s2.pt --source_commit 63793972743f667c6a6bcc12e9700f322f261147 --output_dir /data/liuyu/outputs/cross_suite_clean_train300_s10_19_20260620/libero10_gpu54/libero_10_t04_s19 --render_gpu 5 --save_video,CLEAN,2026-06-20T06:32:58+0800,0,libero_10_t04_s19,/data/liuyu/outputs/cross_suite_clean_train300_s10_19_20260620/logs/worker_libero10_gpu54/libero_10_t04_s19.log,/data/aviary/models/openvla/openvla-7b-finetuned-libero-10,,/data/liuyu/outputs/cross_suite_clean_train300_s10_19_20260620/libero10_gpu54/libero_10_t04_s19,21525,audit_pass,,5,0,,validation_pool,2026-06-20T06:24:02+0800,19,COMPLETE,libero_10,4,libero_10
/data/liuyu/outputs/cross_suite_clean_train300_s10_19_20260620/queue_status_worker_libero10_gpu54.csv,libero10,"5,4",worker_libero10_gpu54,libero_10|5|10|0|CLEAN,/data/aviary/envs/openvla_official_libero_20260525/bin/python /data/liuyu/repos/train300_collector_freeze_141657f/scripts/stageb/run_sc5_cross_suite_clean.py --suite libero_10 --model_path /data/aviary/models/openvla/openvla-7b-finetuned-libero-10 --unnorm_key libero_10 --task_idx 5 --state_id 10 --eval_seed 0 --detector_path /data/liuyu/repos/sc5_census_freeze_cc356f3_20260618/outputs/sc5_canonical_eng/sc5_mlp_s2.pt --source_commit 63793972743f667c6a6bcc12e9700f322f261147 --output_dir /data/liuyu/outputs/cross_suite_clean_train300_s10_19_20260620/libero10_gpu54/libero_10_t05_s10 --render_gpu 5 --save_video,CLEAN,2026-06-20T06:41:24+0800,0,libero_10_t05_s10,/data/liuyu/outputs/cross_suite_clean_train300_s10_19_20260620/logs/worker_libero10_gpu54/libero_10_t05_s10.log,/data/aviary/models/openvla/openvla-7b-finetuned-libero-10,,/data/liuyu/outputs/cross_suite_clean_train300_s10_19_20260620/libero10_gpu54/libero_10_t05_s10,21525,audit_pass,,5,0,,train_pool,2026-06-20T06:32:58+0800,10,COMPLETE,libero_10,5,libero_10
/data/liuyu/outputs/cross_suite_clean_train300_s10_19_20260620/queue_status_worker_libero10_gpu54.csv,libero10,"5,4",worker_libero10_gpu54,libero_10|5|11|0|CLEAN,/data/aviary/envs/openvla_official_libero_20260525/bin/python /data/liuyu/repos/train300_collector_freeze_141657f/scripts/stageb/run_sc5_cross_suite_clean.py --suite libero_10 --model_path /data/aviary/models/openvla/openvla-7b-finetuned-libero-10 --unnorm_key libero_10 --task_idx 5 --state_id 11 --eval_seed 0 --detector_path /data/liuyu/repos/sc5_census_freeze_cc356f3_20260618/outputs/sc5_canonical_eng/sc5_mlp_s2.pt --source_commit 63793972743f667c6a6bcc12e9700f322f261147 --output_dir /data/liuyu/outputs/cross_suite_clean_train300_s10_19_20260620/libero10_gpu54/libero_10_t05_s11 --render_gpu 5 --save_video,CLEAN,2026-06-20T06:45:22+0800,0,libero_10_t05_s11,/data/liuyu/outputs/cross_suite_clean_train300_s10_19_20260620/logs/worker_libero10_gpu54/libero_10_t05_s11.log,/data/aviary/models/openvla/openvla-7b-finetuned-libero-10,,/data/liuyu/outputs/cross_suite_clean_train300_s10_19_20260620/libero10_gpu54/libero_10_t05_s11,21525,audit_pass,,5,0,,train_pool,2026-06-20T06:41:24+0800,11,COMPLETE,libero_10,5,libero_10
/data/liuyu/outputs/cross_suite_clean_train300_s10_19_20260620/queue_status_worker_libero10_gpu54.csv,libero10,"5,4",worker_libero10_gpu54,libero_10|5|12|0|CLEAN,/data/aviary/envs/openvla_official_libero_20260525/bin/python /data/liuyu/repos/train300_collector_freeze_141657f/scripts/stageb/run_sc5_cross_suite_clean.py --suite libero_10 --model_path /data/aviary/models/openvla/openvla-7b-finetuned-libero-10 --unnorm_key libero_10 --task_idx 5 --state_id 12 --eval_seed 0 --detector_path /data/liuyu/repos/sc5_census_freeze_cc356f3_20260618/outputs/sc5_canonical_eng/sc5_mlp_s2.pt --source_commit 63793972743f667c6a6bcc12e9700f322f261147 --output_dir /data/liuyu/outputs/cross_suite_clean_train300_s10_19_20260620/libero10_gpu54/libero_10_t05_s12 --render_gpu 5 --save_video,CLEAN,2026-06-20T06:53:58+0800,0,libero_10_t05_s12,/data/liuyu/outputs/cross_suite_clean_train300_s10_19_20260620/logs/worker_libero10_gpu54/libero_10_t05_s12.log,/data/aviary/models/openvla/openvla-7b-finetuned-libero-10,,/data/liuyu/outputs/cross_suite_clean_train300_s10_19_20260620/libero10_gpu54/libero_10_t05_s12,21525,audit_pass,,5,0,,train_pool,2026-06-20T06:45:22+0800,12,COMPLETE,libero_10,5,libero_10
/data/liuyu/outputs/cross_suite_clean_train300_s10_19_20260620/queue_status_worker_libero10_gpu54.csv,libero10,"5,4",worker_libero10_gpu54,libero_10|5|13|0|CLEAN,/data/aviary/envs/openvla_official_libero_20260525/bin/python /data/liuyu/repos/train300_collector_freeze_141657f/scripts/stageb/run_sc5_cross_suite_clean.py --suite libero_10 --model_path /data/aviary/models/openvla/openvla-7b-finetuned-libero-10 --unnorm_key libero_10 --task_idx 5 --state_id 13 --eval_seed 0 --detector_path /data/liuyu/repos/sc5_census_freeze_cc356f3_20260618/outputs/sc5_canonical_eng/sc5_mlp_s2.pt --source_commit 63793972743f667c6a6bcc12e9700f322f261147 --output_dir /data/liuyu/outputs/cross_suite_clean_train300_s10_19_20260620/libero10_gpu54/libero_10_t05_s13 --render_gpu 5 --save_video,CLEAN,2026-06-20T06:57:54+0800,0,libero_10_t05_s13,/data/liuyu/outputs/cross_suite_clean_train300_s10_19_20260620/logs/worker_libero10_gpu54/libero_10_t05_s13.log,/data/aviary/models/openvla/openvla-7b-finetuned-libero-10,,/data/liuyu/outputs/cross_suite_clean_train300_s10_19_20260620/libero10_gpu54/libero_10_t05_s13,21525,audit_pass,,5,0,,train_pool,2026-06-20T06:53:58+0800,13,COMPLETE,libero_10,5,libero_10
/data/liuyu/outputs/cross_suite_clean_train300_s10_19_20260620/queue_status_worker_libero10_gpu54.csv,libero10,"5,4",worker_libero10_gpu54,libero_10|5|14|0|CLEAN,/data/aviary/envs/openvla_official_libero_20260525/bin/python /data/liuyu/repos/train300_collector_freeze_141657f/scripts/stageb/run_sc5_cross_suite_clean.py --suite libero_10 --model_path /data/aviary/models/openvla/openvla-7b-finetuned-libero-10 --unnorm_key libero_10 --task_idx 5 --state_id 14 --eval_seed 0 --detector_path /data/liuyu/repos/sc5_census_freeze_cc356f3_20260618/outputs/sc5_canonical_eng/sc5_mlp_s2.pt --source_commit 63793972743f667c6a6bcc12e9700f322f261147 --output_dir /data/liuyu/outputs/cross_suite_clean_train300_s10_19_20260620/libero10_gpu54/libero_10_t05_s14 --render_gpu 5 --save_video,CLEAN,2026-06-20T07:03:05+0800,0,libero_10_t05_s14,/data/liuyu/outputs/cross_suite_clean_train300_s10_19_20260620/logs/worker_libero10_gpu54/libero_10_t05_s14.log,/data/aviary/models/openvla/openvla-7b-finetuned-libero-10,,/data/liuyu/outputs/cross_suite_clean_train300_s10_19_20260620/libero10_gpu54/libero_10_t05_s14,21525,audit_pass,,5,0,,train_pool,2026-06-20T06:57:54+0800,14,COMPLETE,libero_10,5,libero_10
/data/liuyu/outputs/cross_suite_clean_train300_s10_19_20260620/queue_status_worker_libero10_gpu54.csv,libero10,"5,4",worker_libero10_gpu54,libero_10|5|15|0|CLEAN,/data/aviary/envs/openvla_official_libero_20260525/bin/python /data/liuyu/repos/train300_collector_freeze_141657f/scripts/stageb/run_sc5_cross_suite_clean.py --suite libero_10 --model_path /data/aviary/models/openvla/openvla-7b-finetuned-libero-10 --unnorm_key libero_10 --task_idx 5 --state_id 15 --eval_seed 0 --detector_path /data/liuyu/repos/sc5_census_freeze_cc356f3_20260618/outputs/sc5_canonical_eng/sc5_mlp_s2.pt --source_commit 63793972743f667c6a6bcc12e9700f322f261147 --output_dir /data/liuyu/outputs/cross_suite_clean_train300_s10_19_20260620/libero10_gpu54/libero_10_t05_s15 --render_gpu 5 --save_video,CLEAN,2026-06-20T07:06:58+0800,0,libero_10_t05_s15,/data/liuyu/outputs/cross_suite_clean_train300_s10_19_20260620/logs/worker_libero10_gpu54/libero_10_t05_s15.log,/data/aviary/models/openvla/openvla-7b-finetuned-libero-10,,/data/liuyu/outputs/cross_suite_clean_train300_s10_19_20260620/libero10_gpu54/libero_10_t05_s15,21525,audit_pass,,5,0,,train_pool,2026-06-20T07:03:05+0800,15,COMPLETE,libero_10,5,libero_10
/data/liuyu/outputs/cross_suite_clean_train300_s10_19_20260620/queue_status_worker_libero10_gpu54.csv,libero10,"5,4",worker_libero10_gpu54,libero_10|5|16|0|CLEAN,/data/aviary/envs/openvla_official_libero_20260525/bin/python /data/liuyu/repos/train300_collector_freeze_141657f/scripts/stageb/run_sc5_cross_suite_clean.py --suite libero_10 --model_path /data/aviary/models/openvla/openvla-7b-finetuned-libero-10 --unnorm_key libero_10 --task_idx 5 --state_id 16 --eval_seed 0 --detector_path /data/liuyu/repos/sc5_census_freeze_cc356f3_20260618/outputs/sc5_canonical_eng/sc5_mlp_s2.pt --source_commit 63793972743f667c6a6bcc12e9700f322f261147 --output_dir /data/liuyu/outputs/cross_suite_clean_train300_s10_19_20260620/libero10_gpu54/libero_10_t05_s16 --render_gpu 5 --save_video,CLEAN,2026-06-20T07:11:34+0800,0,libero_10_t05_s16,/data/liuyu/outputs/cross_suite_clean_train300_s10_19_20260620/logs/worker_libero10_gpu54/libero_10_t05_s16.log,/data/aviary/models/openvla/openvla-7b-finetuned-libero-10,,/data/liuyu/outputs/cross_suite_clean_train300_s10_19_20260620/libero10_gpu54/libero_10_t05_s16,21525,audit_pass,,5,0,,train_pool,2026-06-20T07:06:58+0800,16,COMPLETE,libero_10,5,libero_10
/data/liuyu/outputs/cross_suite_clean_train300_s10_19_20260620/queue_status_worker_libero10_gpu54.csv,libero10,"5,4",worker_libero10_gpu54,libero_10|5|17|0|CLEAN,/data/aviary/envs/openvla_official_libero_20260525/bin/python /data/liuyu/repos/train300_collector_freeze_141657f/scripts/stageb/run_sc5_cross_suite_clean.py --suite libero_10 --model_path /data/aviary/models/openvla/openvla-7b-finetuned-libero-10 --unnorm_key libero_10 --task_idx 5 --state_id 17 --eval_seed 0 --detector_path /data/liuyu/repos/sc5_census_freeze_cc356f3_20260618/outputs/sc5_canonical_eng/sc5_mlp_s2.pt --source_commit 63793972743f667c6a6bcc12e9700f322f261147 --output_dir /data/liuyu/outputs/cross_suite_clean_train300_s10_19_20260620/libero10_gpu54/libero_10_t05_s17 --render_gpu 5 --save_video,CLEAN,2026-06-20T07:20:02+0800,0,libero_10_t05_s17,/data/liuyu/outputs/cross_suite_clean_train300_s10_19_20260620/logs/worker_libero10_gpu54/libero_10_t05_s17.log,/data/aviary/models/openvla/openvla-7b-finetuned-libero-10,,/data/liuyu/outputs/cross_suite_clean_train300_s10_19_20260620/libero10_gpu54/libero_10_t05_s17,21525,audit_pass,,5,0,,train_pool,2026-06-20T07:11:34+0800,17,COMPLETE,libero_10,5,libero_10
/data/liuyu/outputs/cross_suite_clean_train300_s10_19_20260620/queue_status_worker_libero10_gpu54.csv,libero10,"5,4",worker_libero10_gpu54,libero_10|5|18|0|CLEAN,/data/aviary/envs/openvla_official_libero_20260525/bin/python /data/liuyu/repos/train300_collector_freeze_141657f/scripts/stageb/run_sc5_cross_suite_clean.py --suite libero_10 --model_path /data/aviary/models/openvla/openvla-7b-finetuned-libero-10 --unnorm_key libero_10 --task_idx 5 --state_id 18 --eval_seed 0 --detector_path /data/liuyu/repos/sc5_census_freeze_cc356f3_20260618/outputs/sc5_canonical_eng/sc5_mlp_s2.pt --source_commit 63793972743f667c6a6bcc12e9700f322f261147 --output_dir /data/liuyu/outputs/cross_suite_clean_train300_s10_19_20260620/libero10_gpu54/libero_10_t05_s18 --render_gpu 5 --save_video,CLEAN,2026-06-20T07:24:46+0800,0,libero_10_t05_s18,/data/liuyu/outputs/cross_suite_clean_train300_s10_19_20260620/logs/worker_libero10_gpu54/libero_10_t05_s18.log,/data/aviary/models/openvla/openvla-7b-finetuned-libero-10,,/data/liuyu/outputs/cross_suite_clean_train300_s10_19_20260620/libero10_gpu54/libero_10_t05_s18,21525,audit_pass,,5,0,,validation_pool,2026-06-20T07:20:02+0800,18,COMPLETE,libero_10,5,libero_10
/data/liuyu/outputs/cross_suite_clean_train300_s10_19_20260620/queue_status_worker_libero10_gpu54.csv,libero10,"5,4",worker_libero10_gpu54,libero_10|5|19|0|CLEAN,/data/aviary/envs/openvla_official_libero_20260525/bin/python /data/liuyu/repos/train300_collector_freeze_141657f/scripts/stageb/run_sc5_cross_suite_clean.py --suite libero_10 --model_path /data/aviary/models/openvla/openvla-7b-finetuned-libero-10 --unnorm_key libero_10 --task_idx 5 --state_id 19 --eval_seed 0 --detector_path /data/liuyu/repos/sc5_census_freeze_cc356f3_20260618/outputs/sc5_canonical_eng/sc5_mlp_s2.pt --source_commit 63793972743f667c6a6bcc12e9700f322f261147 --output_dir /data/liuyu/outputs/cross_suite_clean_train300_s10_19_20260620/libero10_gpu54/libero_10_t05_s19 --render_gpu 5 --save_video,CLEAN,2026-06-20T07:33:13+0800,0,libero_10_t05_s19,/data/liuyu/outputs/cross_suite_clean_train300_s10_19_20260620/logs/worker_libero10_gpu54/libero_10_t05_s19.log,/data/aviary/models/openvla/openvla-7b-finetuned-libero-10,,/data/liuyu/outputs/cross_suite_clean_train300_s10_19_20260620/libero10_gpu54/libero_10_t05_s19,21525,audit_pass,,5,0,,validation_pool,2026-06-20T07:24:46+0800,19,COMPLETE,libero_10,5,libero_10
/data/liuyu/outputs/cross_suite_clean_train300_s10_19_20260620/queue_status_worker_libero10_gpu54.csv,libero10,"5,4",worker_libero10_gpu54,libero_10|6|10|0|CLEAN,/data/aviary/envs/openvla_official_libero_20260525/bin/python /data/liuyu/repos/train300_collector_freeze_141657f/scripts/stageb/run_sc5_cross_suite_clean.py --suite libero_10 --model_path /data/aviary/models/openvla/openvla-7b-finetuned-libero-10 --unnorm_key libero_10 --task_idx 6 --state_id 10 --eval_seed 0 --detector_path /data/liuyu/repos/sc5_census_freeze_cc356f3_20260618/outputs/sc5_canonical_eng/sc5_mlp_s2.pt --source_commit 63793972743f667c6a6bcc12e9700f322f261147 --output_dir /data/liuyu/outputs/cross_suite_clean_train300_s10_19_20260620/libero10_gpu54/libero_10_t06_s10 --render_gpu 5 --save_video,CLEAN,2026-06-20T07:42:09+0800,0,libero_10_t06_s10,/data/liuyu/outputs/cross_suite_clean_train300_s10_19_20260620/logs/worker_libero10_gpu54/libero_10_t06_s10.log,/data/aviary/models/openvla/openvla-7b-finetuned-libero-10,,/data/liuyu/outputs/cross_suite_clean_train300_s10_19_20260620/libero10_gpu54/libero_10_t06_s10,21525,audit_pass,,5,0,,train_pool,2026-06-20T07:33:13+0800,10,COMPLETE,libero_10,6,libero_10
/data/liuyu/outputs/cross_suite_clean_train300_s10_19_20260620/queue_status_worker_libero10_gpu54.csv,libero10,"5,4",worker_libero10_gpu54,libero_10|6|11|0|CLEAN,/data/aviary/envs/openvla_official_libero_20260525/bin/python /data/liuyu/repos/train300_collector_freeze_141657f/scripts/stageb/run_sc5_cross_suite_clean.py --suite libero_10 --model_path /data/aviary/models/openvla/openvla-7b-finetuned-libero-10 --unnorm_key libero_10 --task_idx 6 --state_id 11 --eval_seed 0 --detector_path /data/liuyu/repos/sc5_census_freeze_cc356f3_20260618/outputs/sc5_canonical_eng/sc5_mlp_s2.pt --source_commit 63793972743f667c6a6bcc12e9700f322f261147 --output_dir /data/liuyu/outputs/cross_suite_clean_train300_s10_19_20260620/libero10_gpu54/libero_10_t06_s11 --render_gpu 5 --save_video,CLEAN,2026-06-20T07:50:38+0800,0,libero_10_t06_s11,/data/liuyu/outputs/cross_suite_clean_train300_s10_19_20260620/logs/worker_libero10_gpu54/libero_10_t06_s11.log,/data/aviary/models/openvla/openvla-7b-finetuned-libero-10,,/data/liuyu/outputs/cross_suite_clean_train300_s10_19_20260620/libero10_gpu54/libero_10_t06_s11,21525,audit_pass,,5,0,,train_pool,2026-06-20T07:42:09+0800,11,COMPLETE,libero_10,6,libero_10
/data/liuyu/outputs/cross_suite_clean_train300_s10_19_20260620/queue_status_worker_libero10_gpu54.csv,libero10,"5,4",worker_libero10_gpu54,libero_10|6|12|0|CLEAN,/data/aviary/envs/openvla_official_libero_20260525/bin/python /data/liuyu/repos/train300_collector_freeze_141657f/scripts/stageb/run_sc5_cross_suite_clean.py --suite libero_10 --model_path /data/aviary/models/openvla/openvla-7b-finetuned-libero-10 --unnorm_key libero_10 --task_idx 6 --state_id 12 --eval_seed 0 --detector_path /data/liuyu/repos/sc5_census_freeze_cc356f3_20260618/outputs/sc5_canonical_eng/sc5_mlp_s2.pt --source_commit 63793972743f667c6a6bcc12e9700f322f261147 --output_dir /data/liuyu/outputs/cross_suite_clean_train300_s10_19_20260620/libero10_gpu54/libero_10_t06_s12 --render_gpu 5 --save_video,CLEAN,2026-06-20T07:59:30+0800,0,libero_10_t06_s12,/data/liuyu/outputs/cross_suite_clean_train300_s10_19_20260620/logs/worker_libero10_gpu54/libero_10_t06_s12.log,/data/aviary/models/openvla/openvla-7b-finetuned-libero-10,,/data/liuyu/outputs/cross_suite_clean_train300_s10_19_20260620/libero10_gpu54/libero_10_t06_s12,21525,audit_pass,,5,0,,train_pool,2026-06-20T07:50:38+0800,12,COMPLETE,libero_10,6,libero_10
/data/liuyu/outputs/cross_suite_clean_train300_s10_19_20260620/queue_status_worker_libero10_gpu54.csv,libero10,"5,4",worker_libero10_gpu54,libero_10|6|13|0|CLEAN,/data/aviary/envs/openvla_official_libero_20260525/bin/python /data/liuyu/repos/train300_collector_freeze_141657f/scripts/stageb/run_sc5_cross_suite_clean.py --suite libero_10 --model_path /data/aviary/models/openvla/openvla-7b-finetuned-libero-10 --unnorm_key libero_10 --task_idx 6 --state_id 13 --eval_seed 0 --detector_path /data/liuyu/repos/sc5_census_freeze_cc356f3_20260618/outputs/sc5_canonical_eng/sc5_mlp_s2.pt --source_commit 63793972743f667c6a6bcc12e9700f322f261147 --output_dir /data/liuyu/outputs/cross_suite_clean_train300_s10_19_20260620/libero10_gpu54/libero_10_t06_s13 --render_gpu 5 --save_video,CLEAN,2026-06-20T08:05:57+0800,0,libero_10_t06_s13,/data/liuyu/outputs/cross_suite_clean_train300_s10_19_20260620/logs/worker_libero10_gpu54/libero_10_t06_s13.log,/data/aviary/models/openvla/openvla-7b-finetuned-libero-10,,/data/liuyu/outputs/cross_suite_clean_train300_s10_19_20260620/libero10_gpu54/libero_10_t06_s13,21525,audit_pass,,5,0,,train_pool,2026-06-20T07:59:30+0800,13,COMPLETE,libero_10,6,libero_10
/data/liuyu/outputs/cross_suite_clean_train300_s10_19_20260620/queue_status_worker_libero10_gpu54.csv,libero10,"5,4",worker_libero10_gpu54,libero_10|6|14|0|CLEAN,/data/aviary/envs/openvla_official_libero_20260525/bin/python /data/liuyu/repos/train300_collector_freeze_141657f/scripts/stageb/run_sc5_cross_suite_clean.py --suite libero_10 --model_path /data/aviary/models/openvla/openvla-7b-finetuned-libero-10 --unnorm_key libero_10 --task_idx 6 --state_id 14 --eval_seed 0 --detector_path /data/liuyu/repos/sc5_census_freeze_cc356f3_20260618/outputs/sc5_canonical_eng/sc5_mlp_s2.pt --source_commit 63793972743f667c6a6bcc12e9700f322f261147 --output_dir /data/liuyu/outputs/cross_suite_clean_train300_s10_19_20260620/libero10_gpu54/libero_10_t06_s14 --render_gpu 5 --save_video,CLEAN,2026-06-20T08:14:58+0800,0,libero_10_t06_s14,/data/liuyu/outputs/cross_suite_clean_train300_s10_19_20260620/logs/worker_libero10_gpu54/libero_10_t06_s14.log,/data/aviary/models/openvla/openvla-7b-finetuned-libero-10,,/data/liuyu/outputs/cross_suite_clean_train300_s10_19_20260620/libero10_gpu54/libero_10_t06_s14,21525,audit_pass,,5,0,,train_pool,2026-06-20T08:05:57+0800,14,COMPLETE,libero_10,6,libero_10
/data/liuyu/outputs/cross_suite_clean_train300_s10_19_20260620/queue_status_worker_libero10_gpu54.csv,libero10,"5,4",worker_libero10_gpu54,libero_10|6|15|0|CLEAN,/data/aviary/envs/openvla_official_libero_20260525/bin/python /data/liuyu/repos/train300_collector_freeze_141657f/scripts/stageb/run_sc5_cross_suite_clean.py --suite libero_10 --model_path /data/aviary/models/openvla/openvla-7b-finetuned-libero-10 --unnorm_key libero_10 --task_idx 6 --state_id 15 --eval_seed 0 --detector_path /data/liuyu/repos/sc5_census_freeze_cc356f3_20260618/outputs/sc5_canonical_eng/sc5_mlp_s2.pt --source_commit 63793972743f667c6a6bcc12e9700f322f261147 --output_dir /data/liuyu/outputs/cross_suite_clean_train300_s10_19_20260620/libero10_gpu54/libero_10_t06_s15 --render_gpu 5 --save_video,CLEAN,2026-06-20T08:20:23+0800,0,libero_10_t06_s15,/data/liuyu/outputs/cross_suite_clean_train300_s10_19_20260620/logs/worker_libero10_gpu54/libero_10_t06_s15.log,/data/aviary/models/openvla/openvla-7b-finetuned-libero-10,,/data/liuyu/outputs/cross_suite_clean_train300_s10_19_20260620/libero10_gpu54/libero_10_t06_s15,21525,audit_pass,,5,0,,train_pool,2026-06-20T08:14:58+0800,15,COMPLETE,libero_10,6,libero_10
/data/liuyu/outputs/cross_suite_clean_train300_s10_19_20260620/queue_status_worker_libero10_gpu54.csv,libero10,"5,4",worker_libero10_gpu54,libero_10|6|16|0|CLEAN,/data/aviary/envs/openvla_official_libero_20260525/bin/python /data/liuyu/repos/train300_collector_freeze_141657f/scripts/stageb/run_sc5_cross_suite_clean.py --suite libero_10 --model_path /data/aviary/models/openvla/openvla-7b-finetuned-libero-10 --unnorm_key libero_10 --task_idx 6 --state_id 16 --eval_seed 0 --detector_path /data/liuyu/repos/sc5_census_freeze_cc356f3_20260618/outputs/sc5_canonical_eng/sc5_mlp_s2.pt --source_commit 63793972743f667c6a6bcc12e9700f322f261147 --output_dir /data/liuyu/outputs/cross_suite_clean_train300_s10_19_20260620/libero10_gpu54/libero_10_t06_s16 --render_gpu 5 --save_video,CLEAN,2026-06-20T08:29:09+0800,0,libero_10_t06_s16,/data/liuyu/outputs/cross_suite_clean_train300_s10_19_20260620/logs/worker_libero10_gpu54/libero_10_t06_s16.log,/data/aviary/models/openvla/openvla-7b-finetuned-libero-10,,/data/liuyu/outputs/cross_suite_clean_train300_s10_19_20260620/libero10_gpu54/libero_10_t06_s16,21525,audit_pass,,5,0,,train_pool,2026-06-20T08:20:23+0800,16,COMPLETE,libero_10,6,libero_10
/data/liuyu/outputs/cross_suite_clean_train300_s10_19_20260620/queue_status_worker_libero10_gpu54.csv,libero10,"5,4",worker_libero10_gpu54,libero_10|6|17|0|CLEAN,/data/aviary/envs/openvla_official_libero_20260525/bin/python /data/liuyu/repos/train300_collector_freeze_141657f/scripts/stageb/run_sc5_cross_suite_clean.py --suite libero_10 --model_path /data/aviary/models/openvla/openvla-7b-finetuned-libero-10 --unnorm_key libero_10 --task_idx 6 --state_id 17 --eval_seed 0 --detector_path /data/liuyu/repos/sc5_census_freeze_cc356f3_20260618/outputs/sc5_canonical_eng/sc5_mlp_s2.pt --source_commit 63793972743f667c6a6bcc12e9700f322f261147 --output_dir /data/liuyu/outputs/cross_suite_clean_train300_s10_19_20260620/libero10_gpu54/libero_10_t06_s17 --render_gpu 5 --save_video,CLEAN,2026-06-20T08:34:11+0800,0,libero_10_t06_s17,/data/liuyu/outputs/cross_suite_clean_train300_s10_19_20260620/logs/worker_libero10_gpu54/libero_10_t06_s17.log,/data/aviary/models/openvla/openvla-7b-finetuned-libero-10,,/data/liuyu/outputs/cross_suite_clean_train300_s10_19_20260620/libero10_gpu54/libero_10_t06_s17,21525,audit_pass,,5,0,,train_pool,2026-06-20T08:29:09+0800,17,COMPLETE,libero_10,6,libero_10
/data/liuyu/outputs/cross_suite_clean_train300_s10_19_20260620/queue_status_worker_libero10_gpu54.csv,libero10,"5,4",worker_libero10_gpu54,libero_10|6|18|0|CLEAN,/data/aviary/envs/openvla_official_libero_20260525/bin/python /data/liuyu/repos/train300_collector_freeze_141657f/scripts/stageb/run_sc5_cross_suite_clean.py --suite libero_10 --model_path /data/aviary/models/openvla/openvla-7b-finetuned-libero-10 --unnorm_key libero_10 --task_idx 6 --state_id 18 --eval_seed 0 --detector_path /data/liuyu/repos/sc5_census_freeze_cc356f3_20260618/outputs/sc5_canonical_eng/sc5_mlp_s2.pt --source_commit 63793972743f667c6a6bcc12e9700f322f261147 --output_dir /data/liuyu/outputs/cross_suite_clean_train300_s10_19_20260620/libero10_gpu54/libero_10_t06_s18 --render_gpu 5 --save_video,CLEAN,2026-06-20T08:43:16+0800,0,libero_10_t06_s18,/data/liuyu/outputs/cross_suite_clean_train300_s10_19_20260620/logs/worker_libero10_gpu54/libero_10_t06_s18.log,/data/aviary/models/openvla/openvla-7b-finetuned-libero-10,,/data/liuyu/outputs/cross_suite_clean_train300_s10_19_20260620/libero10_gpu54/libero_10_t06_s18,21525,audit_pass,,5,0,,validation_pool,2026-06-20T08:34:11+0800,18,COMPLETE,libero_10,6,libero_10
/data/liuyu/outputs/cross_suite_clean_train300_s10_19_20260620/queue_status_worker_libero10_gpu54.csv,libero10,"5,4",worker_libero10_gpu54,libero_10|6|19|0|CLEAN,/data/aviary/envs/openvla_official_libero_20260525/bin/python /data/liuyu/repos/train300_collector_freeze_141657f/scripts/stageb/run_sc5_cross_suite_clean.py --suite libero_10 --model_path /data/aviary/models/openvla/openvla-7b-finetuned-libero-10 --unnorm_key libero_10 --task_idx 6 --state_id 19 --eval_seed 0 --detector_path /data/liuyu/repos/sc5_census_freeze_cc356f3_20260618/outputs/sc5_canonical_eng/sc5_mlp_s2.pt --source_commit 63793972743f667c6a6bcc12e9700f322f261147 --output_dir /data/liuyu/outputs/cross_suite_clean_train300_s10_19_20260620/libero10_gpu54/libero_10_t06_s19 --render_gpu 5 --save_video,CLEAN,2026-06-20T08:49:05+0800,0,libero_10_t06_s19,/data/liuyu/outputs/cross_suite_clean_train300_s10_19_20260620/logs/worker_libero10_gpu54/libero_10_t06_s19.log,/data/aviary/models/openvla/openvla-7b-finetuned-libero-10,,/data/liuyu/outputs/cross_suite_clean_train300_s10_19_20260620/libero10_gpu54/libero_10_t06_s19,21525,audit_pass,,5,0,,validation_pool,2026-06-20T08:43:16+0800,19,COMPLETE,libero_10,6,libero_10
/data/liuyu/outputs/cross_suite_clean_train300_s10_19_20260620/queue_status_worker_libero10_gpu54.csv,libero10,"5,4",worker_libero10_gpu54,libero_10|7|10|0|CLEAN,/data/aviary/envs/openvla_official_libero_20260525/bin/python /data/liuyu/repos/train300_collector_freeze_141657f/scripts/stageb/run_sc5_cross_suite_clean.py --suite libero_10 --model_path /data/aviary/models/openvla/openvla-7b-finetuned-libero-10 --unnorm_key libero_10 --task_idx 7 --state_id 10 --eval_seed 0 --detector_path /data/liuyu/repos/sc5_census_freeze_cc356f3_20260618/outputs/sc5_canonical_eng/sc5_mlp_s2.pt --source_commit 63793972743f667c6a6bcc12e9700f322f261147 --output_dir /data/liuyu/outputs/cross_suite_clean_train300_s10_19_20260620/libero10_gpu54/libero_10_t07_s10 --render_gpu 5 --save_video,CLEAN,2026-06-20T08:57:51+0800,0,libero_10_t07_s10,/data/liuyu/outputs/cross_suite_clean_train300_s10_19_20260620/logs/worker_libero10_gpu54/libero_10_t07_s10.log,/data/aviary/models/openvla/openvla-7b-finetuned-libero-10,,/data/liuyu/outputs/cross_suite_clean_train300_s10_19_20260620/libero10_gpu54/libero_10_t07_s10,21525,audit_pass,,5,0,,train_pool,2026-06-20T08:49:05+0800,10,COMPLETE,libero_10,7,libero_10
/data/liuyu/outputs/cross_suite_clean_train300_s10_19_20260620/queue_status_worker_libero10_gpu54.csv,libero10,"5,4",worker_libero10_gpu54,libero_10|7|11|0|CLEAN,/data/aviary/envs/openvla_official_libero_20260525/bin/python /data/liuyu/repos/train300_collector_freeze_141657f/scripts/stageb/run_sc5_cross_suite_clean.py --suite libero_10 --model_path /data/aviary/models/openvla/openvla-7b-finetuned-libero-10 --unnorm_key libero_10 --task_idx 7 --state_id 11 --eval_seed 0 --detector_path /data/liuyu/repos/sc5_census_freeze_cc356f3_20260618/outputs/sc5_canonical_eng/sc5_mlp_s2.pt --source_commit 63793972743f667c6a6bcc12e9700f322f261147 --output_dir /data/liuyu/outputs/cross_suite_clean_train300_s10_19_20260620/libero10_gpu54/libero_10_t07_s11 --render_gpu 5 --save_video,CLEAN,2026-06-20T09:06:34+0800,0,libero_10_t07_s11,/data/liuyu/outputs/cross_suite_clean_train300_s10_19_20260620/logs/worker_libero10_gpu54/libero_10_t07_s11.log,/data/aviary/models/openvla/openvla-7b-finetuned-libero-10,,/data/liuyu/outputs/cross_suite_clean_train300_s10_19_20260620/libero10_gpu54/libero_10_t07_s11,21525,audit_pass,,5,0,,train_pool,2026-06-20T08:57:51+0800,11,COMPLETE,libero_10,7,libero_10
/data/liuyu/outputs/cross_suite_clean_train300_s10_19_20260620/queue_status_worker_libero10_gpu54.csv,libero10,"5,4",worker_libero10_gpu54,libero_10|7|12|0|CLEAN,/data/aviary/envs/openvla_official_libero_20260525/bin/python /data/liuyu/repos/train300_collector_freeze_141657f/scripts/stageb/run_sc5_cross_suite_clean.py --suite libero_10 --model_path /data/aviary/models/openvla/openvla-7b-finetuned-libero-10 --unnorm_key libero_10 --task_idx 7 --state_id 12 --eval_seed 0 --detector_path /data/liuyu/repos/sc5_census_freeze_cc356f3_20260618/outputs/sc5_canonical_eng/sc5_mlp_s2.pt --source_commit 63793972743f667c6a6bcc12e9700f322f261147 --output_dir /data/liuyu/outputs/cross_suite_clean_train300_s10_19_20260620/libero10_gpu54/libero_10_t07_s12 --render_gpu 5 --save_video,CLEAN,2026-06-20T09:15:28+0800,0,libero_10_t07_s12,/data/liuyu/outputs/cross_suite_clean_train300_s10_19_20260620/logs/worker_libero10_gpu54/libero_10_t07_s12.log,/data/aviary/models/openvla/openvla-7b-finetuned-libero-10,,/data/liuyu/outputs/cross_suite_clean_train300_s10_19_20260620/libero10_gpu54/libero_10_t07_s12,21525,audit_pass,,5,0,,train_pool,2026-06-20T09:06:34+0800,12,COMPLETE,libero_10,7,libero_10
/data/liuyu/outputs/cross_suite_clean_train300_s10_19_20260620/queue_status_worker_libero10_gpu54.csv,libero10,"5,4",worker_libero10_gpu54,libero_10|7|13|0|CLEAN,/data/aviary/envs/openvla_official_libero_20260525/bin/python /data/liuyu/repos/train300_collector_freeze_141657f/scripts/stageb/run_sc5_cross_suite_clean.py --suite libero_10 --model_path /data/aviary/models/openvla/openvla-7b-finetuned-libero-10 --unnorm_key libero_10 --task_idx 7 --state_id 13 --eval_seed 0 --detector_path /data/liuyu/repos/sc5_census_freeze_cc356f3_20260618/outputs/sc5_canonical_eng/sc5_mlp_s2.pt --source_commit 63793972743f667c6a6bcc12e9700f322f261147 --output_dir /data/liuyu/outputs/cross_suite_clean_train300_s10_19_20260620/libero10_gpu54/libero_10_t07_s13 --render_gpu 5 --save_video,CLEAN,2026-06-20T09:21:45+0800,0,libero_10_t07_s13,/data/liuyu/outputs/cross_suite_clean_train300_s10_19_20260620/logs/worker_libero10_gpu54/libero_10_t07_s13.log,/data/aviary/models/openvla/openvla-7b-finetuned-libero-10,,/data/liuyu/outputs/cross_suite_clean_train300_s10_19_20260620/libero10_gpu54/libero_10_t07_s13,21525,audit_pass,,5,0,,train_pool,2026-06-20T09:15:28+0800,13,COMPLETE,libero_10,7,libero_10
/data/liuyu/outputs/cross_suite_clean_train300_s10_19_20260620/queue_status_worker_libero10_gpu54.csv,libero10,"5,4",worker_libero10_gpu54,libero_10|7|14|0|CLEAN,/data/aviary/envs/openvla_official_libero_20260525/bin/python /data/liuyu/repos/train300_collector_freeze_141657f/scripts/stageb/run_sc5_cross_suite_clean.py --suite libero_10 --model_path /data/aviary/models/openvla/openvla-7b-finetuned-libero-10 --unnorm_key libero_10 --task_idx 7 --state_id 14 --eval_seed 0 --detector_path /data/liuyu/repos/sc5_census_freeze_cc356f3_20260618/outputs/sc5_canonical_eng/sc5_mlp_s2.pt --source_commit 63793972743f667c6a6bcc12e9700f322f261147 --output_dir /data/liuyu/outputs/cross_suite_clean_train300_s10_19_20260620/libero10_gpu54/libero_10_t07_s14 --render_gpu 5 --save_video,CLEAN,2026-06-20T09:30:43+0800,0,libero_10_t07_s14,/data/liuyu/outputs/cross_suite_clean_train300_s10_19_20260620/logs/worker_libero10_gpu54/libero_10_t07_s14.log,/data/aviary/models/openvla/openvla-7b-finetuned-libero-10,,/data/liuyu/outputs/cross_suite_clean_train300_s10_19_20260620/libero10_gpu54/libero_10_t07_s14,21525,audit_pass,,5,0,,train_pool,2026-06-20T09:21:45+0800,14,COMPLETE,libero_10,7,libero_10
/data/liuyu/outputs/cross_suite_clean_train300_s10_19_20260620/queue_status_worker_libero10_gpu54.csv,libero10,"5,4",worker_libero10_gpu54,libero_10|7|15|0|CLEAN,/data/aviary/envs/openvla_official_libero_20260525/bin/python /data/liuyu/repos/train300_collector_freeze_141657f/scripts/stageb/run_sc5_cross_suite_clean.py --suite libero_10 --model_path /data/aviary/models/openvla/openvla-7b-finetuned-libero-10 --unnorm_key libero_10 --task_idx 7 --state_id 15 --eval_seed 0 --detector_path /data/liuyu/repos/sc5_census_freeze_cc356f3_20260618/outputs/sc5_canonical_eng/sc5_mlp_s2.pt --source_commit 63793972743f667c6a6bcc12e9700f322f261147 --output_dir /data/liuyu/outputs/cross_suite_clean_train300_s10_19_20260620/libero10_gpu54/libero_10_t07_s15 --render_gpu 5 --save_video,CLEAN,2026-06-20T09:37:42+0800,0,libero_10_t07_s15,/data/liuyu/outputs/cross_suite_clean_train300_s10_19_20260620/logs/worker_libero10_gpu54/libero_10_t07_s15.log,/data/aviary/models/openvla/openvla-7b-finetuned-libero-10,,/data/liuyu/outputs/cross_suite_clean_train300_s10_19_20260620/libero10_gpu54/libero_10_t07_s15,21525,audit_pass,,5,0,,train_pool,2026-06-20T09:30:43+0800,15,COMPLETE,libero_10,7,libero_10
/data/liuyu/outputs/cross_suite_clean_train300_s10_19_20260620/queue_status_worker_libero10_gpu54.csv,libero10,"5,4",worker_libero10_gpu54,libero_10|7|16|0|CLEAN,/data/aviary/envs/openvla_official_libero_20260525/bin/python /data/liuyu/repos/train300_collector_freeze_141657f/scripts/stageb/run_sc5_cross_suite_clean.py --suite libero_10 --model_path /data/aviary/models/openvla/openvla-7b-finetuned-libero-10 --unnorm_key libero_10 --task_idx 7 --state_id 16 --eval_seed 0 --detector_path /data/liuyu/repos/sc5_census_freeze_cc356f3_20260618/outputs/sc5_canonical_eng/sc5_mlp_s2.pt --source_commit 63793972743f667c6a6bcc12e9700f322f261147 --output_dir /data/liuyu/outputs/cross_suite_clean_train300_s10_19_20260620/libero10_gpu54/libero_10_t07_s16 --render_gpu 5 --save_video,CLEAN,2026-06-20T09:46:45+0800,0,libero_10_t07_s16,/data/liuyu/outputs/cross_suite_clean_train300_s10_19_20260620/logs/worker_libero10_gpu54/libero_10_t07_s16.log,/data/aviary/models/openvla/openvla-7b-finetuned-libero-10,,/data/liuyu/outputs/cross_suite_clean_train300_s10_19_20260620/libero10_gpu54/libero_10_t07_s16,21525,audit_pass,,5,0,,train_pool,2026-06-20T09:37:42+0800,16,COMPLETE,libero_10,7,libero_10
/data/liuyu/outputs/cross_suite_clean_train300_s10_19_20260620/queue_status_worker_libero10_gpu54.csv,libero10,"5,4",worker_libero10_gpu54,libero_10|7|17|0|CLEAN,/data/aviary/envs/openvla_official_libero_20260525/bin/python /data/liuyu/repos/train300_collector_freeze_141657f/scripts/stageb/run_sc5_cross_suite_clean.py --suite libero_10 --model_path /data/aviary/models/openvla/openvla-7b-finetuned-libero-10 --unnorm_key libero_10 --task_idx 7 --state_id 17 --eval_seed 0 --detector_path /data/liuyu/repos/sc5_census_freeze_cc356f3_20260618/outputs/sc5_canonical_eng/sc5_mlp_s2.pt --source_commit 63793972743f667c6a6bcc12e9700f322f261147 --output_dir /data/liuyu/outputs/cross_suite_clean_train300_s10_19_20260620/libero10_gpu54/libero_10_t07_s17 --render_gpu 5 --save_video,CLEAN,2026-06-20T09:55:38+0800,0,libero_10_t07_s17,/data/liuyu/outputs/cross_suite_clean_train300_s10_19_20260620/logs/worker_libero10_gpu54/libero_10_t07_s17.log,/data/aviary/models/openvla/openvla-7b-finetuned-libero-10,,/data/liuyu/outputs/cross_suite_clean_train300_s10_19_20260620/libero10_gpu54/libero_10_t07_s17,21525,audit_pass,,5,0,,train_pool,2026-06-20T09:46:45+0800,17,COMPLETE,libero_10,7,libero_10
/data/liuyu/outputs/cross_suite_clean_train300_s10_19_20260620/queue_status_worker_libero10_gpu54.csv,libero10,"5,4",worker_libero10_gpu54,libero_10|7|18|0|CLEAN,/data/aviary/envs/openvla_official_libero_20260525/bin/python /data/liuyu/repos/train300_collector_freeze_141657f/scripts/stageb/run_sc5_cross_suite_clean.py --suite libero_10 --model_path /data/aviary/models/openvla/openvla-7b-finetuned-libero-10 --unnorm_key libero_10 --task_idx 7 --state_id 18 --eval_seed 0 --detector_path /data/liuyu/repos/sc5_census_freeze_cc356f3_20260618/outputs/sc5_canonical_eng/sc5_mlp_s2.pt --source_commit 63793972743f667c6a6bcc12e9700f322f261147 --output_dir /data/liuyu/outputs/cross_suite_clean_train300_s10_19_20260620/libero10_gpu54/libero_10_t07_s18 --render_gpu 5 --save_video,CLEAN,2026-06-20T10:02:19+0800,0,libero_10_t07_s18,/data/liuyu/outputs/cross_suite_clean_train300_s10_19_20260620/logs/worker_libero10_gpu54/libero_10_t07_s18.log,/data/aviary/models/openvla/openvla-7b-finetuned-libero-10,,/data/liuyu/outputs/cross_suite_clean_train300_s10_19_20260620/libero10_gpu54/libero_10_t07_s18,21525,audit_pass,,5,0,,validation_pool,2026-06-20T09:55:38+0800,18,COMPLETE,libero_10,7,libero_10
/data/liuyu/outputs/cross_suite_clean_train300_s10_19_20260620/queue_status_worker_libero10_gpu54.csv,libero10,"5,4",worker_libero10_gpu54,libero_10|7|19|0|CLEAN,/data/aviary/envs/openvla_official_libero_20260525/bin/python /data/liuyu/repos/train300_collector_freeze_141657f/scripts/stageb/run_sc5_cross_suite_clean.py --suite libero_10 --model_path /data/aviary/models/openvla/openvla-7b-finetuned-libero-10 --unnorm_key libero_10 --task_idx 7 --state_id 19 --eval_seed 0 --detector_path /data/liuyu/repos/sc5_census_freeze_cc356f3_20260618/outputs/sc5_canonical_eng/sc5_mlp_s2.pt --source_commit 63793972743f667c6a6bcc12e9700f322f261147 --output_dir /data/liuyu/outputs/cross_suite_clean_train300_s10_19_20260620/libero10_gpu54/libero_10_t07_s19 --render_gpu 5 --save_video,CLEAN,2026-06-20T10:11:00+0800,0,libero_10_t07_s19,/data/liuyu/outputs/cross_suite_clean_train300_s10_19_20260620/logs/worker_libero10_gpu54/libero_10_t07_s19.log,/data/aviary/models/openvla/openvla-7b-finetuned-libero-10,,/data/liuyu/outputs/cross_suite_clean_train300_s10_19_20260620/libero10_gpu54/libero_10_t07_s19,21525,audit_pass,,5,0,,validation_pool,2026-06-20T10:02:19+0800,19,COMPLETE,libero_10,7,libero_10
/data/liuyu/outputs/cross_suite_clean_train300_s10_19_20260620/queue_status_worker_libero10_gpu54.csv,libero10,"5,4",worker_libero10_gpu54,libero_10|8|10|0|CLEAN,/data/aviary/envs/openvla_official_libero_20260525/bin/python /data/liuyu/repos/train300_collector_freeze_141657f/scripts/stageb/run_sc5_cross_suite_clean.py --suite libero_10 --model_path /data/aviary/models/openvla/openvla-7b-finetuned-libero-10 --unnorm_key libero_10 --task_idx 8 --state_id 10 --eval_seed 0 --detector_path /data/liuyu/repos/sc5_census_freeze_cc356f3_20260618/outputs/sc5_canonical_eng/sc5_mlp_s2.pt --source_commit 63793972743f667c6a6bcc12e9700f322f261147 --output_dir /data/liuyu/outputs/cross_suite_clean_train300_s10_19_20260620/libero10_gpu54/libero_10_t08_s10 --render_gpu 5 --save_video,CLEAN,2026-06-20T10:20:06+0800,0,libero_10_t08_s10,/data/liuyu/outputs/cross_suite_clean_train300_s10_19_20260620/logs/worker_libero10_gpu54/libero_10_t08_s10.log,/data/aviary/models/openvla/openvla-7b-finetuned-libero-10,,/data/liuyu/outputs/cross_suite_clean_train300_s10_19_20260620/libero10_gpu54/libero_10_t08_s10,21525,audit_pass,,5,0,,train_pool,2026-06-20T10:11:00+0800,10,COMPLETE,libero_10,8,libero_10
/data/liuyu/outputs/cross_suite_clean_train300_s10_19_20260620/queue_status_worker_libero10_gpu54.csv,libero10,"5,4",worker_libero10_gpu54,libero_10|8|11|0|CLEAN,/data/aviary/envs/openvla_official_libero_20260525/bin/python /data/liuyu/repos/train300_collector_freeze_141657f/scripts/stageb/run_sc5_cross_suite_clean.py --suite libero_10 --model_path /data/aviary/models/openvla/openvla-7b-finetuned-libero-10 --unnorm_key libero_10 --task_idx 8 --state_id 11 --eval_seed 0 --detector_path /data/liuyu/repos/sc5_census_freeze_cc356f3_20260618/outputs/sc5_canonical_eng/sc5_mlp_s2.pt --source_commit 63793972743f667c6a6bcc12e9700f322f261147 --output_dir /data/liuyu/outputs/cross_suite_clean_train300_s10_19_20260620/libero10_gpu54/libero_10_t08_s11 --render_gpu 5 --save_video,CLEAN,2026-06-20T10:28:22+0800,0,libero_10_t08_s11,/data/liuyu/outputs/cross_suite_clean_train300_s10_19_20260620/logs/worker_libero10_gpu54/libero_10_t08_s11.log,/data/aviary/models/openvla/openvla-7b-finetuned-libero-10,,/data/liuyu/outputs/cross_suite_clean_train300_s10_19_20260620/libero10_gpu54/libero_10_t08_s11,21525,audit_pass,,5,0,,train_pool,2026-06-20T10:20:06+0800,11,COMPLETE,libero_10,8,libero_10
/data/liuyu/outputs/cross_suite_clean_train300_s10_19_20260620/queue_status_worker_libero10_gpu54.csv,libero10,"5,4",worker_libero10_gpu54,libero_10|8|12|0|CLEAN,/data/aviary/envs/openvla_official_libero_20260525/bin/python /data/liuyu/repos/train300_collector_freeze_141657f/scripts/stageb/run_sc5_cross_suite_clean.py --suite libero_10 --model_path /data/aviary/models/openvla/openvla-7b-finetuned-libero-10 --unnorm_key libero_10 --task_idx 8 --state_id 12 --eval_seed 0 --detector_path /data/liuyu/repos/sc5_census_freeze_cc356f3_20260618/outputs/sc5_canonical_eng/sc5_mlp_s2.pt --source_commit 63793972743f667c6a6bcc12e9700f322f261147 --output_dir /data/liuyu/outputs/cross_suite_clean_train300_s10_19_20260620/libero10_gpu54/libero_10_t08_s12 --render_gpu 5 --save_video,CLEAN,2026-06-20T10:37:37+0800,0,libero_10_t08_s12,/data/liuyu/outputs/cross_suite_clean_train300_s10_19_20260620/logs/worker_libero10_gpu54/libero_10_t08_s12.log,/data/aviary/models/openvla/openvla-7b-finetuned-libero-10,,/data/liuyu/outputs/cross_suite_clean_train300_s10_19_20260620/libero10_gpu54/libero_10_t08_s12,21525,audit_pass,,5,0,,train_pool,2026-06-20T10:28:22+0800,12,COMPLETE,libero_10,8,libero_10
/data/liuyu/outputs/cross_suite_clean_train300_s10_19_20260620/queue_status_worker_libero10_gpu54.csv,libero10,"5,4",worker_libero10_gpu54,libero_10|8|13|0|CLEAN,/data/aviary/envs/openvla_official_libero_20260525/bin/python /data/liuyu/repos/train300_collector_freeze_141657f/scripts/stageb/run_sc5_cross_suite_clean.py --suite libero_10 --model_path /data/aviary/models/openvla/openvla-7b-finetuned-libero-10 --unnorm_key libero_10 --task_idx 8 --state_id 13 --eval_seed 0 --detector_path /data/liuyu/repos/sc5_census_freeze_cc356f3_20260618/outputs/sc5_canonical_eng/sc5_mlp_s2.pt --source_commit 63793972743f667c6a6bcc12e9700f322f261147 --output_dir /data/liuyu/outputs/cross_suite_clean_train300_s10_19_20260620/libero10_gpu54/libero_10_t08_s13 --render_gpu 5 --save_video,CLEAN,2026-06-20T10:46:43+0800,0,libero_10_t08_s13,/data/liuyu/outputs/cross_suite_clean_train300_s10_19_20260620/logs/worker_libero10_gpu54/libero_10_t08_s13.log,/data/aviary/models/openvla/openvla-7b-finetuned-libero-10,,/data/liuyu/outputs/cross_suite_clean_train300_s10_19_20260620/libero10_gpu54/libero_10_t08_s13,21525,audit_pass,,5,0,,train_pool,2026-06-20T10:37:37+0800,13,COMPLETE,libero_10,8,libero_10
/data/liuyu/outputs/cross_suite_clean_train300_s10_19_20260620/queue_status_worker_libero10_gpu54.csv,libero10,"5,4",worker_libero10_gpu54,libero_10|8|14|0|CLEAN,/data/aviary/envs/openvla_official_libero_20260525/bin/python /data/liuyu/repos/train300_collector_freeze_141657f/scripts/stageb/run_sc5_cross_suite_clean.py --suite libero_10 --model_path /data/aviary/models/openvla/openvla-7b-finetuned-libero-10 --unnorm_key libero_10 --task_idx 8 --state_id 14 --eval_seed 0 --detector_path /data/liuyu/repos/sc5_census_freeze_cc356f3_20260618/outputs/sc5_canonical_eng/sc5_mlp_s2.pt --source_commit 63793972743f667c6a6bcc12e9700f322f261147 --output_dir /data/liuyu/outputs/cross_suite_clean_train300_s10_19_20260620/libero10_gpu54/libero_10_t08_s14 --render_gpu 5 --save_video,CLEAN,2026-06-20T10:55:39+0800,0,libero_10_t08_s14,/data/liuyu/outputs/cross_suite_clean_train300_s10_19_20260620/logs/worker_libero10_gpu54/libero_10_t08_s14.log,/data/aviary/models/openvla/openvla-7b-finetuned-libero-10,,/data/liuyu/outputs/cross_suite_clean_train300_s10_19_20260620/libero10_gpu54/libero_10_t08_s14,21525,audit_pass,,5,0,,train_pool,2026-06-20T10:46:43+0800,14,COMPLETE,libero_10,8,libero_10
/data/liuyu/outputs/cross_suite_clean_train300_s10_19_20260620/queue_status_worker_libero10_gpu54.csv,libero10,"5,4",worker_libero10_gpu54,libero_10|8|15|0|CLEAN,/data/aviary/envs/openvla_official_libero_20260525/bin/python /data/liuyu/repos/train300_collector_freeze_141657f/scripts/stageb/run_sc5_cross_suite_clean.py --suite libero_10 --model_path /data/aviary/models/openvla/openvla-7b-finetuned-libero-10 --unnorm_key libero_10 --task_idx 8 --state_id 15 --eval_seed 0 --detector_path /data/liuyu/repos/sc5_census_freeze_cc356f3_20260618/outputs/sc5_canonical_eng/sc5_mlp_s2.pt --source_commit 63793972743f667c6a6bcc12e9700f322f261147 --output_dir /data/liuyu/outputs/cross_suite_clean_train300_s10_19_20260620/libero10_gpu54/libero_10_t08_s15 --render_gpu 5 --save_video,CLEAN,2026-06-20T11:04:34+0800,0,libero_10_t08_s15,/data/liuyu/outputs/cross_suite_clean_train300_s10_19_20260620/logs/worker_libero10_gpu54/libero_10_t08_s15.log,/data/aviary/models/openvla/openvla-7b-finetuned-libero-10,,/data/liuyu/outputs/cross_suite_clean_train300_s10_19_20260620/libero10_gpu54/libero_10_t08_s15,21525,audit_pass,,5,0,,train_pool,2026-06-20T10:55:39+0800,15,COMPLETE,libero_10,8,libero_10
/data/liuyu/outputs/cross_suite_clean_train300_s10_19_20260620/queue_status_worker_libero10_gpu54.csv,libero10,"5,4",worker_libero10_gpu54,libero_10|8|16|0|CLEAN,/data/aviary/envs/openvla_official_libero_20260525/bin/python /data/liuyu/repos/train300_collector_freeze_141657f/scripts/stageb/run_sc5_cross_suite_clean.py --suite libero_10 --model_path /data/aviary/models/openvla/openvla-7b-finetuned-libero-10 --unnorm_key libero_10 --task_idx 8 --state_id 16 --eval_seed 0 --detector_path /data/liuyu/repos/sc5_census_freeze_cc356f3_20260618/outputs/sc5_canonical_eng/sc5_mlp_s2.pt --source_commit 63793972743f667c6a6bcc12e9700f322f261147 --output_dir /data/liuyu/outputs/cross_suite_clean_train300_s10_19_20260620/libero10_gpu54/libero_10_t08_s16 --render_gpu 5 --save_video,CLEAN,2026-06-20T11:13:28+0800,0,libero_10_t08_s16,/data/liuyu/outputs/cross_suite_clean_train300_s10_19_20260620/logs/worker_libero10_gpu54/libero_10_t08_s16.log,/data/aviary/models/openvla/openvla-7b-finetuned-libero-10,,/data/liuyu/outputs/cross_suite_clean_train300_s10_19_20260620/libero10_gpu54/libero_10_t08_s16,21525,audit_pass,,5,0,,train_pool,2026-06-20T11:04:34+0800,16,COMPLETE,libero_10,8,libero_10
/data/liuyu/outputs/cross_suite_clean_train300_s10_19_20260620/queue_status_worker_libero10_gpu54.csv,libero10,"5,4",worker_libero10_gpu54,libero_10|8|17|0|CLEAN,/data/aviary/envs/openvla_official_libero_20260525/bin/python /data/liuyu/repos/train300_collector_freeze_141657f/scripts/stageb/run_sc5_cross_suite_clean.py --suite libero_10 --model_path /data/aviary/models/openvla/openvla-7b-finetuned-libero-10 --unnorm_key libero_10 --task_idx 8 --state_id 17 --eval_seed 0 --detector_path /data/liuyu/repos/sc5_census_freeze_cc356f3_20260618/outputs/sc5_canonical_eng/sc5_mlp_s2.pt --source_commit 63793972743f667c6a6bcc12e9700f322f261147 --output_dir /data/liuyu/outputs/cross_suite_clean_train300_s10_19_20260620/libero10_gpu54/libero_10_t08_s17 --render_gpu 5 --save_video,CLEAN,2026-06-20T11:22:28+0800,0,libero_10_t08_s17,/data/liuyu/outputs/cross_suite_clean_train300_s10_19_20260620/logs/worker_libero10_gpu54/libero_10_t08_s17.log,/data/aviary/models/openvla/openvla-7b-finetuned-libero-10,,/data/liuyu/outputs/cross_suite_clean_train300_s10_19_20260620/libero10_gpu54/libero_10_t08_s17,21525,audit_pass,,5,0,,train_pool,2026-06-20T11:13:28+0800,17,COMPLETE,libero_10,8,libero_10
/data/liuyu/outputs/cross_suite_clean_train300_s10_19_20260620/queue_status_worker_libero10_gpu54.csv,libero10,"5,4",worker_libero10_gpu54,libero_10|8|18|0|CLEAN,/data/aviary/envs/openvla_official_libero_20260525/bin/python /data/liuyu/repos/train300_collector_freeze_141657f/scripts/stageb/run_sc5_cross_suite_clean.py --suite libero_10 --model_path /data/aviary/models/openvla/openvla-7b-finetuned-libero-10 --unnorm_key libero_10 --task_idx 8 --state_id 18 --eval_seed 0 --detector_path /data/liuyu/repos/sc5_census_freeze_cc356f3_20260618/outputs/sc5_canonical_eng/sc5_mlp_s2.pt --source_commit 63793972743f667c6a6bcc12e9700f322f261147 --output_dir /data/liuyu/outputs/cross_suite_clean_train300_s10_19_20260620/libero10_gpu54/libero_10_t08_s18 --render_gpu 5 --save_video,CLEAN,2026-06-20T11:31:47+0800,0,libero_10_t08_s18,/data/liuyu/outputs/cross_suite_clean_train300_s10_19_20260620/logs/worker_libero10_gpu54/libero_10_t08_s18.log,/data/aviary/models/openvla/openvla-7b-finetuned-libero-10,,/data/liuyu/outputs/cross_suite_clean_train300_s10_19_20260620/libero10_gpu54/libero_10_t08_s18,21525,audit_pass,,5,0,,validation_pool,2026-06-20T11:22:28+0800,18,COMPLETE,libero_10,8,libero_10
/data/liuyu/outputs/cross_suite_clean_train300_s10_19_20260620/queue_status_worker_libero10_gpu54.csv,libero10,"5,4",worker_libero10_gpu54,libero_10|8|19|0|CLEAN,/data/aviary/envs/openvla_official_libero_20260525/bin/python /data/liuyu/repos/train300_collector_freeze_141657f/scripts/stageb/run_sc5_cross_suite_clean.py --suite libero_10 --model_path /data/aviary/models/openvla/openvla-7b-finetuned-libero-10 --unnorm_key libero_10 --task_idx 8 --state_id 19 --eval_seed 0 --detector_path /data/liuyu/repos/sc5_census_freeze_cc356f3_20260618/outputs/sc5_canonical_eng/sc5_mlp_s2.pt --source_commit 63793972743f667c6a6bcc12e9700f322f261147 --output_dir /data/liuyu/outputs/cross_suite_clean_train300_s10_19_20260620/libero10_gpu54/libero_10_t08_s19 --render_gpu 5 --save_video,CLEAN,2026-06-20T11:40:48+0800,0,libero_10_t08_s19,/data/liuyu/outputs/cross_suite_clean_train300_s10_19_20260620/logs/worker_libero10_gpu54/libero_10_t08_s19.log,/data/aviary/models/openvla/openvla-7b-finetuned-libero-10,,/data/liuyu/outputs/cross_suite_clean_train300_s10_19_20260620/libero10_gpu54/libero_10_t08_s19,21525,audit_pass,,5,0,,validation_pool,2026-06-20T11:31:47+0800,19,COMPLETE,libero_10,8,libero_10
/data/liuyu/outputs/cross_suite_clean_train300_s10_19_20260620/queue_status_worker_libero10_gpu54.csv,libero10,"5,4",worker_libero10_gpu54,libero_10|9|10|0|CLEAN,/data/aviary/envs/openvla_official_libero_20260525/bin/python /data/liuyu/repos/train300_collector_freeze_141657f/scripts/stageb/run_sc5_cross_suite_clean.py --suite libero_10 --model_path /data/aviary/models/openvla/openvla-7b-finetuned-libero-10 --unnorm_key libero_10 --task_idx 9 --state_id 10 --eval_seed 0 --detector_path /data/liuyu/repos/sc5_census_freeze_cc356f3_20260618/outputs/sc5_canonical_eng/sc5_mlp_s2.pt --source_commit 63793972743f667c6a6bcc12e9700f322f261147 --output_dir /data/liuyu/outputs/cross_suite_clean_train300_s10_19_20260620/libero10_gpu54/libero_10_t09_s10 --render_gpu 5 --save_video,CLEAN,2026-06-20T11:46:55+0800,0,libero_10_t09_s10,/data/liuyu/outputs/cross_suite_clean_train300_s10_19_20260620/logs/worker_libero10_gpu54/libero_10_t09_s10.log,/data/aviary/models/openvla/openvla-7b-finetuned-libero-10,,/data/liuyu/outputs/cross_suite_clean_train300_s10_19_20260620/libero10_gpu54/libero_10_t09_s10,21525,audit_pass,,5,0,,train_pool,2026-06-20T11:40:48+0800,10,COMPLETE,libero_10,9,libero_10
/data/liuyu/outputs/cross_suite_clean_train300_s10_19_20260620/queue_status_worker_libero10_gpu54.csv,libero10,"5,4",worker_libero10_gpu54,libero_10|9|11|0|CLEAN,/data/aviary/envs/openvla_official_libero_20260525/bin/python /data/liuyu/repos/train300_collector_freeze_141657f/scripts/stageb/run_sc5_cross_suite_clean.py --suite libero_10 --model_path /data/aviary/models/openvla/openvla-7b-finetuned-libero-10 --unnorm_key libero_10 --task_idx 9 --state_id 11 --eval_seed 0 --detector_path /data/liuyu/repos/sc5_census_freeze_cc356f3_20260618/outputs/sc5_canonical_eng/sc5_mlp_s2.pt --source_commit 63793972743f667c6a6bcc12e9700f322f261147 --output_dir /data/liuyu/outputs/cross_suite_clean_train300_s10_19_20260620/libero10_gpu54/libero_10_t09_s11 --render_gpu 5 --save_video,CLEAN,2026-06-20T11:53:53+0800,0,libero_10_t09_s11,/data/liuyu/outputs/cross_suite_clean_train300_s10_19_20260620/logs/worker_libero10_gpu54/libero_10_t09_s11.log,/data/aviary/models/openvla/openvla-7b-finetuned-libero-10,,/data/liuyu/outputs/cross_suite_clean_train300_s10_19_20260620/libero10_gpu54/libero_10_t09_s11,21525,audit_pass,,5,0,,train_pool,2026-06-20T11:46:55+0800,11,COMPLETE,libero_10,9,libero_10
/data/liuyu/outputs/cross_suite_clean_train300_s10_19_20260620/queue_status_worker_libero10_gpu54.csv,libero10,"5,4",worker_libero10_gpu54,libero_10|9|12|0|CLEAN,/data/aviary/envs/openvla_official_libero_20260525/bin/python /data/liuyu/repos/train300_collector_freeze_141657f/scripts/stageb/run_sc5_cross_suite_clean.py --suite libero_10 --model_path /data/aviary/models/openvla/openvla-7b-finetuned-libero-10 --unnorm_key libero_10 --task_idx 9 --state_id 12 --eval_seed 0 --detector_path /data/liuyu/repos/sc5_census_freeze_cc356f3_20260618/outputs/sc5_canonical_eng/sc5_mlp_s2.pt --source_commit 63793972743f667c6a6bcc12e9700f322f261147 --output_dir /data/liuyu/outputs/cross_suite_clean_train300_s10_19_20260620/libero10_gpu54/libero_10_t09_s12 --render_gpu 5 --save_video,CLEAN,2026-06-20T12:00:35+0800,0,libero_10_t09_s12,/data/liuyu/outputs/cross_suite_clean_train300_s10_19_20260620/logs/worker_libero10_gpu54/libero_10_t09_s12.log,/data/aviary/models/openvla/openvla-7b-finetuned-libero-10,,/data/liuyu/outputs/cross_suite_clean_train300_s10_19_20260620/libero10_gpu54/libero_10_t09_s12,21525,audit_pass,,5,0,,train_pool,2026-06-20T11:53:53+0800,12,COMPLETE,libero_10,9,libero_10
/data/liuyu/outputs/cross_suite_clean_train300_s10_19_20260620/queue_status_worker_libero10_gpu54.csv,libero10,"5,4",worker_libero10_gpu54,libero_10|9|13|0|CLEAN,/data/aviary/envs/openvla_official_libero_20260525/bin/python /data/liuyu/repos/train300_collector_freeze_141657f/scripts/stageb/run_sc5_cross_suite_clean.py --suite libero_10 --model_path /data/aviary/models/openvla/openvla-7b-finetuned-libero-10 --unnorm_key libero_10 --task_idx 9 --state_id 13 --eval_seed 0 --detector_path /data/liuyu/repos/sc5_census_freeze_cc356f3_20260618/outputs/sc5_canonical_eng/sc5_mlp_s2.pt --source_commit 63793972743f667c6a6bcc12e9700f322f261147 --output_dir /data/liuyu/outputs/cross_suite_clean_train300_s10_19_20260620/libero10_gpu54/libero_10_t09_s13 --render_gpu 5 --save_video,CLEAN,2026-06-20T12:09:39+0800,0,libero_10_t09_s13,/data/liuyu/outputs/cross_suite_clean_train300_s10_19_20260620/logs/worker_libero10_gpu54/libero_10_t09_s13.log,/data/aviary/models/openvla/openvla-7b-finetuned-libero-10,,/data/liuyu/outputs/cross_suite_clean_train300_s10_19_20260620/libero10_gpu54/libero_10_t09_s13,21525,audit_pass,,5,0,,train_pool,2026-06-20T12:00:35+0800,13,COMPLETE,libero_10,9,libero_10
/data/liuyu/outputs/cross_suite_clean_train300_s10_19_20260620/queue_status_worker_libero10_gpu54.csv,libero10,"5,4",worker_libero10_gpu54,libero_10|9|14|0|CLEAN,/data/aviary/envs/openvla_official_libero_20260525/bin/python /data/liuyu/repos/train300_collector_freeze_141657f/scripts/stageb/run_sc5_cross_suite_clean.py --suite libero_10 --model_path /data/aviary/models/openvla/openvla-7b-finetuned-libero-10 --unnorm_key libero_10 --task_idx 9 --state_id 14 --eval_seed 0 --detector_path /data/liuyu/repos/sc5_census_freeze_cc356f3_20260618/outputs/sc5_canonical_eng/sc5_mlp_s2.pt --source_commit 63793972743f667c6a6bcc12e9700f322f261147 --output_dir /data/liuyu/outputs/cross_suite_clean_train300_s10_19_20260620/libero10_gpu54/libero_10_t09_s14 --render_gpu 5 --save_video,CLEAN,2026-06-20T12:18:02+0800,0,libero_10_t09_s14,/data/liuyu/outputs/cross_suite_clean_train300_s10_19_20260620/logs/worker_libero10_gpu54/libero_10_t09_s14.log,/data/aviary/models/openvla/openvla-7b-finetuned-libero-10,,/data/liuyu/outputs/cross_suite_clean_train300_s10_19_20260620/libero10_gpu54/libero_10_t09_s14,21525,audit_pass,,5,0,,train_pool,2026-06-20T12:09:39+0800,14,COMPLETE,libero_10,9,libero_10
/data/liuyu/outputs/cross_suite_clean_train300_s10_19_20260620/queue_status_worker_libero10_gpu54.csv,libero10,"5,4",worker_libero10_gpu54,libero_10|9|15|0|CLEAN,/data/aviary/envs/openvla_official_libero_20260525/bin/python /data/liuyu/repos/train300_collector_freeze_141657f/scripts/stageb/run_sc5_cross_suite_clean.py --suite libero_10 --model_path /data/aviary/models/openvla/openvla-7b-finetuned-libero-10 --unnorm_key libero_10 --task_idx 9 --state_id 15 --eval_seed 0 --detector_path /data/liuyu/repos/sc5_census_freeze_cc356f3_20260618/outputs/sc5_canonical_eng/sc5_mlp_s2.pt --source_commit 63793972743f667c6a6bcc12e9700f322f261147 --output_dir /data/liuyu/outputs/cross_suite_clean_train300_s10_19_20260620/libero10_gpu54/libero_10_t09_s15 --render_gpu 5 --save_video,CLEAN,2026-06-20T12:26:24+0800,0,libero_10_t09_s15,/data/liuyu/outputs/cross_suite_clean_train300_s10_19_20260620/logs/worker_libero10_gpu54/libero_10_t09_s15.log,/data/aviary/models/openvla/openvla-7b-finetuned-libero-10,,/data/liuyu/outputs/cross_suite_clean_train300_s10_19_20260620/libero10_gpu54/libero_10_t09_s15,21525,audit_pass,,5,0,,train_pool,2026-06-20T12:18:02+0800,15,COMPLETE,libero_10,9,libero_10
/data/liuyu/outputs/cross_suite_clean_train300_s10_19_20260620/queue_status_worker_libero10_gpu54.csv,libero10,"5,4",worker_libero10_gpu54,libero_10|9|16|0|CLEAN,/data/aviary/envs/openvla_official_libero_20260525/bin/python /data/liuyu/repos/train300_collector_freeze_141657f/scripts/stageb/run_sc5_cross_suite_clean.py --suite libero_10 --model_path /data/aviary/models/openvla/openvla-7b-finetuned-libero-10 --unnorm_key libero_10 --task_idx 9 --state_id 16 --eval_seed 0 --detector_path /data/liuyu/repos/sc5_census_freeze_cc356f3_20260618/outputs/sc5_canonical_eng/sc5_mlp_s2.pt --source_commit 63793972743f667c6a6bcc12e9700f322f261147 --output_dir /data/liuyu/outputs/cross_suite_clean_train300_s10_19_20260620/libero10_gpu54/libero_10_t09_s16 --render_gpu 5 --save_video,CLEAN,2026-06-20T12:35:29+0800,0,libero_10_t09_s16,/data/liuyu/outputs/cross_suite_clean_train300_s10_19_20260620/logs/worker_libero10_gpu54/libero_10_t09_s16.log,/data/aviary/models/openvla/openvla-7b-finetuned-libero-10,,/data/liuyu/outputs/cross_suite_clean_train300_s10_19_20260620/libero10_gpu54/libero_10_t09_s16,21525,audit_pass,,5,0,,train_pool,2026-06-20T12:26:24+0800,16,COMPLETE,libero_10,9,libero_10
/data/liuyu/outputs/cross_suite_clean_train300_s10_19_20260620/queue_status_worker_libero10_gpu54.csv,libero10,"5,4",worker_libero10_gpu54,libero_10|9|17|0|CLEAN,/data/aviary/envs/openvla_official_libero_20260525/bin/python /data/liuyu/repos/train300_collector_freeze_141657f/scripts/stageb/run_sc5_cross_suite_clean.py --suite libero_10 --model_path /data/aviary/models/openvla/openvla-7b-finetuned-libero-10 --unnorm_key libero_10 --task_idx 9 --state_id 17 --eval_seed 0 --detector_path /data/liuyu/repos/sc5_census_freeze_cc356f3_20260618/outputs/sc5_canonical_eng/sc5_mlp_s2.pt --source_commit 63793972743f667c6a6bcc12e9700f322f261147 --output_dir /data/liuyu/outputs/cross_suite_clean_train300_s10_19_20260620/libero10_gpu54/libero_10_t09_s17 --render_gpu 5 --save_video,CLEAN,2026-06-20T12:44:03+0800,0,libero_10_t09_s17,/data/liuyu/outputs/cross_suite_clean_train300_s10_19_20260620/logs/worker_libero10_gpu54/libero_10_t09_s17.log,/data/aviary/models/openvla/openvla-7b-finetuned-libero-10,,/data/liuyu/outputs/cross_suite_clean_train300_s10_19_20260620/libero10_gpu54/libero_10_t09_s17,21525,audit_pass,,5,0,,train_pool,2026-06-20T12:35:29+0800,17,COMPLETE,libero_10,9,libero_10
/data/liuyu/outputs/cross_suite_clean_train300_s10_19_20260620/queue_status_worker_libero10_gpu54.csv,libero10,"5,4",worker_libero10_gpu54,libero_10|9|18|0|CLEAN,/data/aviary/envs/openvla_official_libero_20260525/bin/python /data/liuyu/repos/train300_collector_freeze_141657f/scripts/stageb/run_sc5_cross_suite_clean.py --suite libero_10 --model_path /data/aviary/models/openvla/openvla-7b-finetuned-libero-10 --unnorm_key libero_10 --task_idx 9 --state_id 18 --eval_seed 0 --detector_path /data/liuyu/repos/sc5_census_freeze_cc356f3_20260618/outputs/sc5_canonical_eng/sc5_mlp_s2.pt --source_commit 63793972743f667c6a6bcc12e9700f322f261147 --output_dir /data/liuyu/outputs/cross_suite_clean_train300_s10_19_20260620/libero10_gpu54/libero_10_t09_s18 --render_gpu 5 --save_video,CLEAN,2026-06-20T12:52:32+0800,0,libero_10_t09_s18,/data/liuyu/outputs/cross_suite_clean_train300_s10_19_20260620/logs/worker_libero10_gpu54/libero_10_t09_s18.log,/data/aviary/models/openvla/openvla-7b-finetuned-libero-10,,/data/liuyu/outputs/cross_suite_clean_train300_s10_19_20260620/libero10_gpu54/libero_10_t09_s18,21525,audit_pass,,5,0,,validation_pool,2026-06-20T12:44:03+0800,18,COMPLETE,libero_10,9,libero_10
/data/liuyu/outputs/cross_suite_clean_train300_s10_19_20260620/queue_status_worker_libero10_gpu54.csv,libero10,"5,4",worker_libero10_gpu54,libero_10|9|19|0|CLEAN,/data/aviary/envs/openvla_official_libero_20260525/bin/python /data/liuyu/repos/train300_collector_freeze_141657f/scripts/stageb/run_sc5_cross_suite_clean.py --suite libero_10 --model_path /data/aviary/models/openvla/openvla-7b-finetuned-libero-10 --unnorm_key libero_10 --task_idx 9 --state_id 19 --eval_seed 0 --detector_path /data/liuyu/repos/sc5_census_freeze_cc356f3_20260618/outputs/sc5_canonical_eng/sc5_mlp_s2.pt --source_commit 63793972743f667c6a6bcc12e9700f322f261147 --output_dir /data/liuyu/outputs/cross_suite_clean_train300_s10_19_20260620/libero10_gpu54/libero_10_t09_s19 --render_gpu 5 --save_video,CLEAN,2026-06-20T13:01:02+0800,0,libero_10_t09_s19,/data/liuyu/outputs/cross_suite_clean_train300_s10_19_20260620/logs/worker_libero10_gpu54/libero_10_t09_s19.log,/data/aviary/models/openvla/openvla-7b-finetuned-libero-10,,/data/liuyu/outputs/cross_suite_clean_train300_s10_19_20260620/libero10_gpu54/libero_10_t09_s19,21525,audit_pass,,5,0,,validation_pool,2026-06-20T12:52:32+0800,19,COMPLETE,libero_10,9,libero_10
/data/liuyu/outputs/cross_suite_clean_train300_s10_19_20260620/queue_status_worker_goal_gpu26.csv,old_goal_gpu26,"2,6",worker_goal_gpu26,libero_goal|0|10|0|CLEAN,/data/aviary/envs/openvla_official_libero_20260525/bin/python /data/liuyu/repos/train300_collector_freeze_141657f/scripts/stageb/run_sc5_cross_suite_clean.py --suite libero_goal --model_path /data/aviary/models/openvla/openvla-7b-finetuned-libero-goal --unnorm_key libero_goal --task_idx 0 --state_id 10 --eval_seed 0 --detector_path /data/liuyu/repos/sc5_census_freeze_cc356f3_20260618/outputs/sc5_canonical_eng/sc5_mlp_s2.pt --source_commit 63793972743f667c6a6bcc12e9700f322f261147 --output_dir /data/liuyu/outputs/cross_suite_clean_train300_s10_19_20260620/goal_gpu26/libero_goal_t00_s10 --render_gpu 6 --save_video,CLEAN,2026-06-20T00:47:08+0800,0,libero_goal_t00_s10,/data/liuyu/outputs/cross_suite_clean_train300_s10_19_20260620/logs/worker_goal_gpu26/libero_goal_t00_s10.log,/data/aviary/models/openvla/openvla-7b-finetuned-libero-goal,,/data/liuyu/outputs/cross_suite_clean_train300_s10_19_20260620/goal_gpu26/libero_goal_t00_s10,21334,audit_pass,,6,0,,train_pool,2026-06-20T00:40:09+0800,10,COMPLETE,libero_goal,0,libero_goal
/data/liuyu/outputs/cross_suite_clean_train300_s10_19_20260620/queue_status_worker_goal_gpu26.csv,old_goal_gpu26,"2,6",worker_goal_gpu26,libero_goal|0|11|0|CLEAN,/data/aviary/envs/openvla_official_libero_20260525/bin/python /data/liuyu/repos/train300_collector_freeze_141657f/scripts/stageb/run_sc5_cross_suite_clean.py --suite libero_goal --model_path /data/aviary/models/openvla/openvla-7b-finetuned-libero-goal --unnorm_key libero_goal --task_idx 0 --state_id 11 --eval_seed 0 --detector_path /data/liuyu/repos/sc5_census_freeze_cc356f3_20260618/outputs/sc5_canonical_eng/sc5_mlp_s2.pt --source_commit 63793972743f667c6a6bcc12e9700f322f261147 --output_dir /data/liuyu/outputs/cross_suite_clean_train300_s10_19_20260620/goal_gpu26/libero_goal_t00_s11 --render_gpu 6 --save_video,CLEAN,2026-06-20T00:55:50+0800,0,libero_goal_t00_s11,/data/liuyu/outputs/cross_suite_clean_train300_s10_19_20260620/logs/worker_goal_gpu26/libero_goal_t00_s11.log,/data/aviary/models/openvla/openvla-7b-finetuned-libero-goal,,/data/liuyu/outputs/cross_suite_clean_train300_s10_19_20260620/goal_gpu26/libero_goal_t00_s11,21334,audit_pass,,6,0,,train_pool,2026-06-20T00:47:08+0800,11,COMPLETE,libero_goal,0,libero_goal
/data/liuyu/outputs/cross_suite_clean_train300_s10_19_20260620/queue_status_worker_goal_gpu26.csv,old_goal_gpu26,"2,6",worker_goal_gpu26,libero_goal|0|12|0|CLEAN,/data/aviary/envs/openvla_official_libero_20260525/bin/python /data/liuyu/repos/train300_collector_freeze_141657f/scripts/stageb/run_sc5_cross_suite_clean.py --suite libero_goal --model_path /data/aviary/models/openvla/openvla-7b-finetuned-libero-goal --unnorm_key libero_goal --task_idx 0 --state_id 12 --eval_seed 0 --detector_path /data/liuyu/repos/sc5_census_freeze_cc356f3_20260618/outputs/sc5_canonical_eng/sc5_mlp_s2.pt --source_commit 63793972743f667c6a6bcc12e9700f322f261147 --output_dir /data/liuyu/outputs/cross_suite_clean_train300_s10_19_20260620/goal_gpu26/libero_goal_t00_s12 --render_gpu 6 --save_video,CLEAN,2026-06-20T01:04:36+0800,0,libero_goal_t00_s12,/data/liuyu/outputs/cross_suite_clean_train300_s10_19_20260620/logs/worker_goal_gpu26/libero_goal_t00_s12.log,/data/aviary/models/openvla/openvla-7b-finetuned-libero-goal,,/data/liuyu/outputs/cross_suite_clean_train300_s10_19_20260620/goal_gpu26/libero_goal_t00_s12,21334,audit_pass,,6,0,,train_pool,2026-06-20T00:55:50+0800,12,COMPLETE,libero_goal,0,libero_goal
/data/liuyu/outputs/cross_suite_clean_train300_s10_19_20260620/queue_status_worker_goal_gpu26.csv,old_goal_gpu26,"2,6",worker_goal_gpu26,libero_goal|0|13|0|CLEAN,/data/aviary/envs/openvla_official_libero_20260525/bin/python /data/liuyu/repos/train300_collector_freeze_141657f/scripts/stageb/run_sc5_cross_suite_clean.py --suite libero_goal --model_path /data/aviary/models/openvla/openvla-7b-finetuned-libero-goal --unnorm_key libero_goal --task_idx 0 --state_id 13 --eval_seed 0 --detector_path /data/liuyu/repos/sc5_census_freeze_cc356f3_20260618/outputs/sc5_canonical_eng/sc5_mlp_s2.pt --source_commit 63793972743f667c6a6bcc12e9700f322f261147 --output_dir /data/liuyu/outputs/cross_suite_clean_train300_s10_19_20260620/goal_gpu26/libero_goal_t00_s13 --render_gpu 6 --save_video,CLEAN,2026-06-20T01:13:14+0800,0,libero_goal_t00_s13,/data/liuyu/outputs/cross_suite_clean_train300_s10_19_20260620/logs/worker_goal_gpu26/libero_goal_t00_s13.log,/data/aviary/models/openvla/openvla-7b-finetuned-libero-goal,,/data/liuyu/outputs/cross_suite_clean_train300_s10_19_20260620/goal_gpu26/libero_goal_t00_s13,21334,audit_pass,,6,0,,train_pool,2026-06-20T01:04:36+0800,13,COMPLETE,libero_goal,0,libero_goal
/data/liuyu/outputs/cross_suite_clean_train300_s10_19_20260620/queue_status_worker_goal_gpu26.csv,old_goal_gpu26,"2,6",worker_goal_gpu26,libero_goal|0|14|0|CLEAN,/data/aviary/envs/openvla_official_libero_20260525/bin/python /data/liuyu/repos/train300_collector_freeze_141657f/scripts/stageb/run_sc5_cross_suite_clean.py --suite libero_goal --model_path /data/aviary/models/openvla/openvla-7b-finetuned-libero-goal --unnorm_key libero_goal --task_idx 0 --state_id 14 --eval_seed 0 --detector_path /data/liuyu/repos/sc5_census_freeze_cc356f3_20260618/outputs/sc5_canonical_eng/sc5_mlp_s2.pt --source_commit 63793972743f667c6a6bcc12e9700f322f261147 --output_dir /data/liuyu/outputs/cross_suite_clean_train300_s10_19_20260620/goal_gpu26/libero_goal_t00_s14 --render_gpu 6 --save_video,CLEAN,2026-06-20T01:18:21+0800,0,libero_goal_t00_s14,/data/liuyu/outputs/cross_suite_clean_train300_s10_19_20260620/logs/worker_goal_gpu26/libero_goal_t00_s14.log,/data/aviary/models/openvla/openvla-7b-finetuned-libero-goal,,/data/liuyu/outputs/cross_suite_clean_train300_s10_19_20260620/goal_gpu26/libero_goal_t00_s14,21334,audit_pass,,6,0,,train_pool,2026-06-20T01:13:14+0800,14,COMPLETE,libero_goal,0,libero_goal
/data/liuyu/outputs/cross_suite_clean_train300_s10_19_20260620/queue_status_worker_goal_gpu26.csv,old_goal_gpu26,"2,6",worker_goal_gpu26,libero_goal|0|15|0|CLEAN,/data/aviary/envs/openvla_official_libero_20260525/bin/python /data/liuyu/repos/train300_collector_freeze_141657f/scripts/stageb/run_sc5_cross_suite_clean.py --suite libero_goal --model_path /data/aviary/models/openvla/openvla-7b-finetuned-libero-goal --unnorm_key libero_goal --task_idx 0 --state_id 15 --eval_seed 0 --detector_path /data/liuyu/repos/sc5_census_freeze_cc356f3_20260618/outputs/sc5_canonical_eng/sc5_mlp_s2.pt --source_commit 63793972743f667c6a6bcc12e9700f322f261147 --output_dir /data/liuyu/outputs/cross_suite_clean_train300_s10_19_20260620/goal_gpu26/libero_goal_t00_s15 --render_gpu 6 --save_video,CLEAN,2026-06-20T01:23:49+0800,0,libero_goal_t00_s15,/data/liuyu/outputs/cross_suite_clean_train300_s10_19_20260620/logs/worker_goal_gpu26/libero_goal_t00_s15.log,/data/aviary/models/openvla/openvla-7b-finetuned-libero-goal,,/data/liuyu/outputs/cross_suite_clean_train300_s10_19_20260620/goal_gpu26/libero_goal_t00_s15,21334,audit_pass,,6,0,,train_pool,2026-06-20T01:18:21+0800,15,COMPLETE,libero_goal,0,libero_goal
/data/liuyu/outputs/cross_suite_clean_train300_s10_19_20260620/queue_status_worker_goal_gpu26.csv,old_goal_gpu26,"2,6",worker_goal_gpu26,libero_goal|0|16|0|CLEAN,/data/aviary/envs/openvla_official_libero_20260525/bin/python /data/liuyu/repos/train300_collector_freeze_141657f/scripts/stageb/run_sc5_cross_suite_clean.py --suite libero_goal --model_path /data/aviary/models/openvla/openvla-7b-finetuned-libero-goal --unnorm_key libero_goal --task_idx 0 --state_id 16 --eval_seed 0 --detector_path /data/liuyu/repos/sc5_census_freeze_cc356f3_20260618/outputs/sc5_canonical_eng/sc5_mlp_s2.pt --source_commit 63793972743f667c6a6bcc12e9700f322f261147 --output_dir /data/liuyu/outputs/cross_suite_clean_train300_s10_19_20260620/goal_gpu26/libero_goal_t00_s16 --render_gpu 6 --save_video,CLEAN,2026-06-20T01:27:25+0800,0,libero_goal_t00_s16,/data/liuyu/outputs/cross_suite_clean_train300_s10_19_20260620/logs/worker_goal_gpu26/libero_goal_t00_s16.log,/data/aviary/models/openvla/openvla-7b-finetuned-libero-goal,,/data/liuyu/outputs/cross_suite_clean_train300_s10_19_20260620/goal_gpu26/libero_goal_t00_s16,21334,audit_pass,,6,0,,train_pool,2026-06-20T01:23:49+0800,16,COMPLETE,libero_goal,0,libero_goal
/data/liuyu/outputs/cross_suite_clean_train300_s10_19_20260620/queue_status_worker_goal_gpu26.csv,old_goal_gpu26,"2,6",worker_goal_gpu26,libero_goal|0|17|0|CLEAN,/data/aviary/envs/openvla_official_libero_20260525/bin/python /data/liuyu/repos/train300_collector_freeze_141657f/scripts/stageb/run_sc5_cross_suite_clean.py --suite libero_goal --model_path /data/aviary/models/openvla/openvla-7b-finetuned-libero-goal --unnorm_key libero_goal --task_idx 0 --state_id 17 --eval_seed 0 --detector_path /data/liuyu/repos/sc5_census_freeze_cc356f3_20260618/outputs/sc5_canonical_eng/sc5_mlp_s2.pt --source_commit 63793972743f667c6a6bcc12e9700f322f261147 --output_dir /data/liuyu/outputs/cross_suite_clean_train300_s10_19_20260620/goal_gpu26/libero_goal_t00_s17 --render_gpu 6 --save_video,CLEAN,2026-06-20T01:32:09+0800,0,libero_goal_t00_s17,/data/liuyu/outputs/cross_suite_clean_train300_s10_19_20260620/logs/worker_goal_gpu26/libero_goal_t00_s17.log,/data/aviary/models/openvla/openvla-7b-finetuned-libero-goal,,/data/liuyu/outputs/cross_suite_clean_train300_s10_19_20260620/goal_gpu26/libero_goal_t00_s17,21334,audit_pass,,6,0,,train_pool,2026-06-20T01:27:25+0800,17,COMPLETE,libero_goal,0,libero_goal
/data/liuyu/outputs/cross_suite_clean_train300_s10_19_20260620/queue_status_worker_goal_gpu26.csv,old_goal_gpu26,"2,6",worker_goal_gpu26,libero_goal|0|18|0|CLEAN,/data/aviary/envs/openvla_official_libero_20260525/bin/python /data/liuyu/repos/train300_collector_freeze_141657f/scripts/stageb/run_sc5_cross_suite_clean.py --suite libero_goal --model_path /data/aviary/models/openvla/openvla-7b-finetuned-libero-goal --unnorm_key libero_goal --task_idx 0 --state_id 18 --eval_seed 0 --detector_path /data/liuyu/repos/sc5_census_freeze_cc356f3_20260618/outputs/sc5_canonical_eng/sc5_mlp_s2.pt --source_commit 63793972743f667c6a6bcc12e9700f322f261147 --output_dir /data/liuyu/outputs/cross_suite_clean_train300_s10_19_20260620/goal_gpu26/libero_goal_t00_s18 --render_gpu 6 --save_video,CLEAN,2026-06-20T01:35:40+0800,0,libero_goal_t00_s18,/data/liuyu/outputs/cross_suite_clean_train300_s10_19_20260620/logs/worker_goal_gpu26/libero_goal_t00_s18.log,/data/aviary/models/openvla/openvla-7b-finetuned-libero-goal,,/data/liuyu/outputs/cross_suite_clean_train300_s10_19_20260620/goal_gpu26/libero_goal_t00_s18,21334,audit_pass,,6,0,,validation_pool,2026-06-20T01:32:09+0800,18,COMPLETE,libero_goal,0,libero_goal
/data/liuyu/outputs/cross_suite_clean_train300_s10_19_20260620/queue_status_worker_goal_gpu26.csv,old_goal_gpu26,"2,6",worker_goal_gpu26,libero_goal|0|19|0|CLEAN,/data/aviary/envs/openvla_official_libero_20260525/bin/python /data/liuyu/repos/train300_collector_freeze_141657f/scripts/stageb/run_sc5_cross_suite_clean.py --suite libero_goal --model_path /data/aviary/models/openvla/openvla-7b-finetuned-libero-goal --unnorm_key libero_goal --task_idx 0 --state_id 19 --eval_seed 0 --detector_path /data/liuyu/repos/sc5_census_freeze_cc356f3_20260618/outputs/sc5_canonical_eng/sc5_mlp_s2.pt --source_commit 63793972743f667c6a6bcc12e9700f322f261147 --output_dir /data/liuyu/outputs/cross_suite_clean_train300_s10_19_20260620/goal_gpu26/libero_goal_t00_s19 --render_gpu 6 --save_video,CLEAN,2026-06-20T01:39:13+0800,0,libero_goal_t00_s19,/data/liuyu/outputs/cross_suite_clean_train300_s10_19_20260620/logs/worker_goal_gpu26/libero_goal_t00_s19.log,/data/aviary/models/openvla/openvla-7b-finetuned-libero-goal,,/data/liuyu/outputs/cross_suite_clean_train300_s10_19_20260620/goal_gpu26/libero_goal_t00_s19,21334,audit_pass,,6,0,,validation_pool,2026-06-20T01:35:40+0800,19,COMPLETE,libero_goal,0,libero_goal
/data/liuyu/outputs/cross_suite_clean_train300_s10_19_20260620/queue_status_worker_goal_gpu26.csv,old_goal_gpu26,"2,6",worker_goal_gpu26,libero_goal|1|10|0|CLEAN,/data/aviary/envs/openvla_official_libero_20260525/bin/python /data/liuyu/repos/train300_collector_freeze_141657f/scripts/stageb/run_sc5_cross_suite_clean.py --suite libero_goal --model_path /data/aviary/models/openvla/openvla-7b-finetuned-libero-goal --unnorm_key libero_goal --task_idx 1 --state_id 10 --eval_seed 0 --detector_path /data/liuyu/repos/sc5_census_freeze_cc356f3_20260618/outputs/sc5_canonical_eng/sc5_mlp_s2.pt --source_commit 63793972743f667c6a6bcc12e9700f322f261147 --output_dir /data/liuyu/outputs/cross_suite_clean_train300_s10_19_20260620/goal_gpu26/libero_goal_t01_s10 --render_gpu 6 --save_video,CLEAN,2026-06-20T01:41:52+0800,0,libero_goal_t01_s10,/data/liuyu/outputs/cross_suite_clean_train300_s10_19_20260620/logs/worker_goal_gpu26/libero_goal_t01_s10.log,/data/aviary/models/openvla/openvla-7b-finetuned-libero-goal,,/data/liuyu/outputs/cross_suite_clean_train300_s10_19_20260620/goal_gpu26/libero_goal_t01_s10,21334,audit_pass,,6,0,,train_pool,2026-06-20T01:39:13+0800,10,COMPLETE,libero_goal,1,libero_goal
/data/liuyu/outputs/cross_suite_clean_train300_s10_19_20260620/queue_status_worker_goal_gpu26.csv,old_goal_gpu26,"2,6",worker_goal_gpu26,libero_goal|1|11|0|CLEAN,/data/aviary/envs/openvla_official_libero_20260525/bin/python /data/liuyu/repos/train300_collector_freeze_141657f/scripts/stageb/run_sc5_cross_suite_clean.py --suite libero_goal --model_path /data/aviary/models/openvla/openvla-7b-finetuned-libero-goal --unnorm_key libero_goal --task_idx 1 --state_id 11 --eval_seed 0 --detector_path /data/liuyu/repos/sc5_census_freeze_cc356f3_20260618/outputs/sc5_canonical_eng/sc5_mlp_s2.pt --source_commit 63793972743f667c6a6bcc12e9700f322f261147 --output_dir /data/liuyu/outputs/cross_suite_clean_train300_s10_19_20260620/goal_gpu26/libero_goal_t01_s11 --render_gpu 6 --save_video,CLEAN,2026-06-20T01:44:46+0800,0,libero_goal_t01_s11,/data/liuyu/outputs/cross_suite_clean_train300_s10_19_20260620/logs/worker_goal_gpu26/libero_goal_t01_s11.log,/data/aviary/models/openvla/openvla-7b-finetuned-libero-goal,,/data/liuyu/outputs/cross_suite_clean_train300_s10_19_20260620/goal_gpu26/libero_goal_t01_s11,21334,collector_nonzero,,6,1,,train_pool,2026-06-20T01:41:52+0800,11,INFRA_FAILED,libero_goal,1,libero_goal
/data/liuyu/outputs/cross_suite_clean_train300_s10_19_20260620/queue_status_worker_goal_recovery_A_gpu13_attempt2.csv,goal_recovery_A,"1,3",worker_goal_recovery_A_gpu13,libero_goal|1|12|0|CLEAN,/data/aviary/envs/openvla_official_libero_20260525/bin/python /data/liuyu/repos/train300_collector_freeze_141657f/scripts/stageb/run_sc5_cross_suite_clean.py --suite libero_goal --model_path /data/aviary/models/openvla/openvla-7b-finetuned-libero-goal --unnorm_key libero_goal --task_idx 1 --state_id 12 --eval_seed 0 --detector_path /data/liuyu/repos/sc5_census_freeze_cc356f3_20260618/outputs/sc5_canonical_eng/sc5_mlp_s2.pt --source_commit 63793972743f667c6a6bcc12e9700f322f261147 --output_dir /data/liuyu/outputs/cross_suite_clean_train300_s10_19_20260620/goal_recovery_A_gpu13/libero_goal_t01_s12 --render_gpu 1 --save_video,CLEAN,2026-06-20T12:19:58+0800,0,libero_goal_t01_s12,/data/liuyu/outputs/cross_suite_clean_train300_s10_19_20260620/logs/worker_goal_recovery_A_gpu13_attempt2/libero_goal_t01_s12.log,/data/aviary/models/openvla/openvla-7b-finetuned-libero-goal,/data/liuyu/outputs/cross_suite_clean_train300_s10_19_20260620/goal_gpu26/libero_goal_t01_s12,/data/liuyu/outputs/cross_suite_clean_train300_s10_19_20260620/goal_recovery_A_gpu13/libero_goal_t01_s12,33275,audit_pass,SHARD_A,1,0,a5f44c5795d4b9e5d51402e68cd5a15c0b7941117360684b0a65b0a874a803ec,train_pool,2026-06-20T12:11:30+0800,12,COMPLETE,libero_goal,1,libero_goal
/data/liuyu/outputs/cross_suite_clean_train300_s10_19_20260620/queue_status_worker_goal_recovery_A_gpu13_attempt2.csv,goal_recovery_A,"1,3",worker_goal_recovery_A_gpu13,libero_goal|1|14|0|CLEAN,/data/aviary/envs/openvla_official_libero_20260525/bin/python /data/liuyu/repos/train300_collector_freeze_141657f/scripts/stageb/run_sc5_cross_suite_clean.py --suite libero_goal --model_path /data/aviary/models/openvla/openvla-7b-finetuned-libero-goal --unnorm_key libero_goal --task_idx 1 --state_id 14 --eval_seed 0 --detector_path /data/liuyu/repos/sc5_census_freeze_cc356f3_20260618/outputs/sc5_canonical_eng/sc5_mlp_s2.pt --source_commit 63793972743f667c6a6bcc12e9700f322f261147 --output_dir /data/liuyu/outputs/cross_suite_clean_train300_s10_19_20260620/goal_recovery_A_gpu13/libero_goal_t01_s14 --render_gpu 1 --save_video,CLEAN,2026-06-20T12:22:30+0800,0,libero_goal_t01_s14,/data/liuyu/outputs/cross_suite_clean_train300_s10_19_20260620/logs/worker_goal_recovery_A_gpu13_attempt2/libero_goal_t01_s14.log,/data/aviary/models/openvla/openvla-7b-finetuned-libero-goal,/data/liuyu/outputs/cross_suite_clean_train300_s10_19_20260620/goal_gpu26/libero_goal_t01_s14,/data/liuyu/outputs/cross_suite_clean_train300_s10_19_20260620/goal_recovery_A_gpu13/libero_goal_t01_s14,33275,audit_pass,SHARD_A,1,0,a5f44c5795d4b9e5d51402e68cd5a15c0b7941117360684b0a65b0a874a803ec,train_pool,2026-06-20T12:19:58+0800,14,COMPLETE,libero_goal,1,libero_goal
/data/liuyu/outputs/cross_suite_clean_train300_s10_19_20260620/queue_status_worker_goal_recovery_A_gpu13_attempt2.csv,goal_recovery_A,"1,3",worker_goal_recovery_A_gpu13,libero_goal|1|16|0|CLEAN,/data/aviary/envs/openvla_official_libero_20260525/bin/python /data/liuyu/repos/train300_collector_freeze_141657f/scripts/stageb/run_sc5_cross_suite_clean.py --suite libero_goal --model_path /data/aviary/models/openvla/openvla-7b-finetuned-libero-goal --unnorm_key libero_goal --task_idx 1 --state_id 16 --eval_seed 0 --detector_path /data/liuyu/repos/sc5_census_freeze_cc356f3_20260618/outputs/sc5_canonical_eng/sc5_mlp_s2.pt --source_commit 63793972743f667c6a6bcc12e9700f322f261147 --output_dir /data/liuyu/outputs/cross_suite_clean_train300_s10_19_20260620/goal_recovery_A_gpu13/libero_goal_t01_s16 --render_gpu 1 --save_video,CLEAN,2026-06-20T12:24:58+0800,0,libero_goal_t01_s16,/data/liuyu/outputs/cross_suite_clean_train300_s10_19_20260620/logs/worker_goal_recovery_A_gpu13_attempt2/libero_goal_t01_s16.log,/data/aviary/models/openvla/openvla-7b-finetuned-libero-goal,/data/liuyu/outputs/cross_suite_clean_train300_s10_19_20260620/goal_gpu26/libero_goal_t01_s16,/data/liuyu/outputs/cross_suite_clean_train300_s10_19_20260620/goal_recovery_A_gpu13/libero_goal_t01_s16,33275,audit_pass,SHARD_A,1,0,a5f44c5795d4b9e5d51402e68cd5a15c0b7941117360684b0a65b0a874a803ec,train_pool,2026-06-20T12:22:30+0800,16,COMPLETE,libero_goal,1,libero_goal
/data/liuyu/outputs/cross_suite_clean_train300_s10_19_20260620/queue_status_worker_goal_recovery_A_gpu13_attempt2.csv,goal_recovery_A,"1,3",worker_goal_recovery_A_gpu13,libero_goal|1|18|0|CLEAN,/data/aviary/envs/openvla_official_libero_20260525/bin/python /data/liuyu/repos/train300_collector_freeze_141657f/scripts/stageb/run_sc5_cross_suite_clean.py --suite libero_goal --model_path /data/aviary/models/openvla/openvla-7b-finetuned-libero-goal --unnorm_key libero_goal --task_idx 1 --state_id 18 --eval_seed 0 --detector_path /data/liuyu/repos/sc5_census_freeze_cc356f3_20260618/outputs/sc5_canonical_eng/sc5_mlp_s2.pt --source_commit 63793972743f667c6a6bcc12e9700f322f261147 --output_dir /data/liuyu/outputs/cross_suite_clean_train300_s10_19_20260620/goal_recovery_A_gpu13/libero_goal_t01_s18 --render_gpu 1 --save_video,CLEAN,2026-06-20T12:27:40+0800,0,libero_goal_t01_s18,/data/liuyu/outputs/cross_suite_clean_train300_s10_19_20260620/logs/worker_goal_recovery_A_gpu13_attempt2/libero_goal_t01_s18.log,/data/aviary/models/openvla/openvla-7b-finetuned-libero-goal,/data/liuyu/outputs/cross_suite_clean_train300_s10_19_20260620/goal_gpu26/libero_goal_t01_s18,/data/liuyu/outputs/cross_suite_clean_train300_s10_19_20260620/goal_recovery_A_gpu13/libero_goal_t01_s18,33275,audit_pass,SHARD_A,1,0,a5f44c5795d4b9e5d51402e68cd5a15c0b7941117360684b0a65b0a874a803ec,validation_pool,2026-06-20T12:24:58+0800,18,COMPLETE,libero_goal,1,libero_goal
/data/liuyu/outputs/cross_suite_clean_train300_s10_19_20260620/queue_status_worker_goal_recovery_A_gpu13_attempt2.csv,goal_recovery_A,"1,3",worker_goal_recovery_A_gpu13,libero_goal|2|10|0|CLEAN,/data/aviary/envs/openvla_official_libero_20260525/bin/python /data/liuyu/repos/train300_collector_freeze_141657f/scripts/stageb/run_sc5_cross_suite_clean.py --suite libero_goal --model_path /data/aviary/models/openvla/openvla-7b-finetuned-libero-goal --unnorm_key libero_goal --task_idx 2 --state_id 10 --eval_seed 0 --detector_path /data/liuyu/repos/sc5_census_freeze_cc356f3_20260618/outputs/sc5_canonical_eng/sc5_mlp_s2.pt --source_commit 63793972743f667c6a6bcc12e9700f322f261147 --output_dir /data/liuyu/outputs/cross_suite_clean_train300_s10_19_20260620/goal_recovery_A_gpu13/libero_goal_t02_s10 --render_gpu 1 --save_video,CLEAN,2026-06-20T12:30:05+0800,0,libero_goal_t02_s10,/data/liuyu/outputs/cross_suite_clean_train300_s10_19_20260620/logs/worker_goal_recovery_A_gpu13_attempt2/libero_goal_t02_s10.log,/data/aviary/models/openvla/openvla-7b-finetuned-libero-goal,/data/liuyu/outputs/cross_suite_clean_train300_s10_19_20260620/goal_gpu26/libero_goal_t02_s10,/data/liuyu/outputs/cross_suite_clean_train300_s10_19_20260620/goal_recovery_A_gpu13/libero_goal_t02_s10,33275,audit_pass,SHARD_A,1,0,a5f44c5795d4b9e5d51402e68cd5a15c0b7941117360684b0a65b0a874a803ec,train_pool,2026-06-20T12:27:40+0800,10,COMPLETE,libero_goal,2,libero_goal
/data/liuyu/outputs/cross_suite_clean_train300_s10_19_20260620/queue_status_worker_goal_recovery_A_gpu13_attempt2.csv,goal_recovery_A,"1,3",worker_goal_recovery_A_gpu13,libero_goal|2|12|0|CLEAN,/data/aviary/envs/openvla_official_libero_20260525/bin/python /data/liuyu/repos/train300_collector_freeze_141657f/scripts/stageb/run_sc5_cross_suite_clean.py --suite libero_goal --model_path /data/aviary/models/openvla/openvla-7b-finetuned-libero-goal --unnorm_key libero_goal --task_idx 2 --state_id 12 --eval_seed 0 --detector_path /data/liuyu/repos/sc5_census_freeze_cc356f3_20260618/outputs/sc5_canonical_eng/sc5_mlp_s2.pt --source_commit 63793972743f667c6a6bcc12e9700f322f261147 --output_dir /data/liuyu/outputs/cross_suite_clean_train300_s10_19_20260620/goal_recovery_A_gpu13/libero_goal_t02_s12 --render_gpu 1 --save_video,CLEAN,2026-06-20T12:32:45+0800,0,libero_goal_t02_s12,/data/liuyu/outputs/cross_suite_clean_train300_s10_19_20260620/logs/worker_goal_recovery_A_gpu13_attempt2/libero_goal_t02_s12.log,/data/aviary/models/openvla/openvla-7b-finetuned-libero-goal,/data/liuyu/outputs/cross_suite_clean_train300_s10_19_20260620/goal_gpu26/libero_goal_t02_s12,/data/liuyu/outputs/cross_suite_clean_train300_s10_19_20260620/goal_recovery_A_gpu13/libero_goal_t02_s12,33275,audit_pass,SHARD_A,1,0,a5f44c5795d4b9e5d51402e68cd5a15c0b7941117360684b0a65b0a874a803ec,train_pool,2026-06-20T12:30:05+0800,12,COMPLETE,libero_goal,2,libero_goal
/data/liuyu/outputs/cross_suite_clean_train300_s10_19_20260620/queue_status_worker_goal_recovery_A_gpu13_attempt2.csv,goal_recovery_A,"1,3",worker_goal_recovery_A_gpu13,libero_goal|2|14|0|CLEAN,/data/aviary/envs/openvla_official_libero_20260525/bin/python /data/liuyu/repos/train300_collector_freeze_141657f/scripts/stageb/run_sc5_cross_suite_clean.py --suite libero_goal --model_path /data/aviary/models/openvla/openvla-7b-finetuned-libero-goal --unnorm_key libero_goal --task_idx 2 --state_id 14 --eval_seed 0 --detector_path /data/liuyu/repos/sc5_census_freeze_cc356f3_20260618/outputs/sc5_canonical_eng/sc5_mlp_s2.pt --source_commit 63793972743f667c6a6bcc12e9700f322f261147 --output_dir /data/liuyu/outputs/cross_suite_clean_train300_s10_19_20260620/goal_recovery_A_gpu13/libero_goal_t02_s14 --render_gpu 1 --save_video,CLEAN,2026-06-20T12:35:22+0800,0,libero_goal_t02_s14,/data/liuyu/outputs/cross_suite_clean_train300_s10_19_20260620/logs/worker_goal_recovery_A_gpu13_attempt2/libero_goal_t02_s14.log,/data/aviary/models/openvla/openvla-7b-finetuned-libero-goal,/data/liuyu/outputs/cross_suite_clean_train300_s10_19_20260620/goal_gpu26/libero_goal_t02_s14,/data/liuyu/outputs/cross_suite_clean_train300_s10_19_20260620/goal_recovery_A_gpu13/libero_goal_t02_s14,33275,audit_pass,SHARD_A,1,0,a5f44c5795d4b9e5d51402e68cd5a15c0b7941117360684b0a65b0a874a803ec,train_pool,2026-06-20T12:32:45+0800,14,COMPLETE,libero_goal,2,libero_goal
/data/liuyu/outputs/cross_suite_clean_train300_s10_19_20260620/queue_status_worker_goal_recovery_A_gpu13_attempt2.csv,goal_recovery_A,"1,3",worker_goal_recovery_A_gpu13,libero_goal|2|16|0|CLEAN,/data/aviary/envs/openvla_official_libero_20260525/bin/python /data/liuyu/repos/train300_collector_freeze_141657f/scripts/stageb/run_sc5_cross_suite_clean.py --suite libero_goal --model_path /data/aviary/models/openvla/openvla-7b-finetuned-libero-goal --unnorm_key libero_goal --task_idx 2 --state_id 16 --eval_seed 0 --detector_path /data/liuyu/repos/sc5_census_freeze_cc356f3_20260618/outputs/sc5_canonical_eng/sc5_mlp_s2.pt --source_commit 63793972743f667c6a6bcc12e9700f322f261147 --output_dir /data/liuyu/outputs/cross_suite_clean_train300_s10_19_20260620/goal_recovery_A_gpu13/libero_goal_t02_s16 --render_gpu 1 --save_video,CLEAN,2026-06-20T12:38:34+0800,0,libero_goal_t02_s16,/data/liuyu/outputs/cross_suite_clean_train300_s10_19_20260620/logs/worker_goal_recovery_A_gpu13_attempt2/libero_goal_t02_s16.log,/data/aviary/models/openvla/openvla-7b-finetuned-libero-goal,/data/liuyu/outputs/cross_suite_clean_train300_s10_19_20260620/goal_gpu26/libero_goal_t02_s16,/data/liuyu/outputs/cross_suite_clean_train300_s10_19_20260620/goal_recovery_A_gpu13/libero_goal_t02_s16,33275,audit_pass,SHARD_A,1,0,a5f44c5795d4b9e5d51402e68cd5a15c0b7941117360684b0a65b0a874a803ec,train_pool,2026-06-20T12:35:22+0800,16,COMPLETE,libero_goal,2,libero_goal
/data/liuyu/outputs/cross_suite_clean_train300_s10_19_20260620/queue_status_worker_goal_recovery_A_gpu13_attempt2.csv,goal_recovery_A,"1,3",worker_goal_recovery_A_gpu13,libero_goal|2|18|0|CLEAN,/data/aviary/envs/openvla_official_libero_20260525/bin/python /data/liuyu/repos/train300_collector_freeze_141657f/scripts/stageb/run_sc5_cross_suite_clean.py --suite libero_goal --model_path /data/aviary/models/openvla/openvla-7b-finetuned-libero-goal --unnorm_key libero_goal --task_idx 2 --state_id 18 --eval_seed 0 --detector_path /data/liuyu/repos/sc5_census_freeze_cc356f3_20260618/outputs/sc5_canonical_eng/sc5_mlp_s2.pt --source_commit 63793972743f667c6a6bcc12e9700f322f261147 --output_dir /data/liuyu/outputs/cross_suite_clean_train300_s10_19_20260620/goal_recovery_A_gpu13/libero_goal_t02_s18 --render_gpu 1 --save_video,CLEAN,2026-06-20T12:41:40+0800,0,libero_goal_t02_s18,/data/liuyu/outputs/cross_suite_clean_train300_s10_19_20260620/logs/worker_goal_recovery_A_gpu13_attempt2/libero_goal_t02_s18.log,/data/aviary/models/openvla/openvla-7b-finetuned-libero-goal,/data/liuyu/outputs/cross_suite_clean_train300_s10_19_20260620/goal_gpu26/libero_goal_t02_s18,/data/liuyu/outputs/cross_suite_clean_train300_s10_19_20260620/goal_recovery_A_gpu13/libero_goal_t02_s18,33275,audit_pass,SHARD_A,1,0,a5f44c5795d4b9e5d51402e68cd5a15c0b7941117360684b0a65b0a874a803ec,validation_pool,2026-06-20T12:38:34+0800,18,COMPLETE,libero_goal,2,libero_goal
/data/liuyu/outputs/cross_suite_clean_train300_s10_19_20260620/queue_status_worker_goal_recovery_A_gpu13_attempt2.csv,goal_recovery_A,"1,3",worker_goal_recovery_A_gpu13,libero_goal|3|10|0|CLEAN,/data/aviary/envs/openvla_official_libero_20260525/bin/python /data/liuyu/repos/train300_collector_freeze_141657f/scripts/stageb/run_sc5_cross_suite_clean.py --suite libero_goal --model_path /data/aviary/models/openvla/openvla-7b-finetuned-libero-goal --unnorm_key libero_goal --task_idx 3 --state_id 10 --eval_seed 0 --detector_path /data/liuyu/repos/sc5_census_freeze_cc356f3_20260618/outputs/sc5_canonical_eng/sc5_mlp_s2.pt --source_commit 63793972743f667c6a6bcc12e9700f322f261147 --output_dir /data/liuyu/outputs/cross_suite_clean_train300_s10_19_20260620/goal_recovery_A_gpu13/libero_goal_t03_s10 --render_gpu 1 --save_video,CLEAN,2026-06-20T12:45:26+0800,0,libero_goal_t03_s10,/data/liuyu/outputs/cross_suite_clean_train300_s10_19_20260620/logs/worker_goal_recovery_A_gpu13_attempt2/libero_goal_t03_s10.log,/data/aviary/models/openvla/openvla-7b-finetuned-libero-goal,/data/liuyu/outputs/cross_suite_clean_train300_s10_19_20260620/goal_gpu26/libero_goal_t03_s10,/data/liuyu/outputs/cross_suite_clean_train300_s10_19_20260620/goal_recovery_A_gpu13/libero_goal_t03_s10,33275,audit_pass,SHARD_A,1,0,a5f44c5795d4b9e5d51402e68cd5a15c0b7941117360684b0a65b0a874a803ec,train_pool,2026-06-20T12:41:40+0800,10,COMPLETE,libero_goal,3,libero_goal
/data/liuyu/outputs/cross_suite_clean_train300_s10_19_20260620/queue_status_worker_goal_recovery_A_gpu13_attempt2.csv,goal_recovery_A,"1,3",worker_goal_recovery_A_gpu13,libero_goal|3|12|0|CLEAN,/data/aviary/envs/openvla_official_libero_20260525/bin/python /data/liuyu/repos/train300_collector_freeze_141657f/scripts/stageb/run_sc5_cross_suite_clean.py --suite libero_goal --model_path /data/aviary/models/openvla/openvla-7b-finetuned-libero-goal --unnorm_key libero_goal --task_idx 3 --state_id 12 --eval_seed 0 --detector_path /data/liuyu/repos/sc5_census_freeze_cc356f3_20260618/outputs/sc5_canonical_eng/sc5_mlp_s2.pt --source_commit 63793972743f667c6a6bcc12e9700f322f261147 --output_dir /data/liuyu/outputs/cross_suite_clean_train300_s10_19_20260620/goal_recovery_A_gpu13/libero_goal_t03_s12 --render_gpu 1 --save_video,CLEAN,2026-06-20T12:54:00+0800,0,libero_goal_t03_s12,/data/liuyu/outputs/cross_suite_clean_train300_s10_19_20260620/logs/worker_goal_recovery_A_gpu13_attempt2/libero_goal_t03_s12.log,/data/aviary/models/openvla/openvla-7b-finetuned-libero-goal,/data/liuyu/outputs/cross_suite_clean_train300_s10_19_20260620/goal_gpu26/libero_goal_t03_s12,/data/liuyu/outputs/cross_suite_clean_train300_s10_19_20260620/goal_recovery_A_gpu13/libero_goal_t03_s12,33275,audit_pass,SHARD_A,1,0,a5f44c5795d4b9e5d51402e68cd5a15c0b7941117360684b0a65b0a874a803ec,train_pool,2026-06-20T12:45:26+0800,12,COMPLETE,libero_goal,3,libero_goal
/data/liuyu/outputs/cross_suite_clean_train300_s10_19_20260620/queue_status_worker_goal_recovery_A_gpu13_attempt2.csv,goal_recovery_A,"1,3",worker_goal_recovery_A_gpu13,libero_goal|3|14|0|CLEAN,/data/aviary/envs/openvla_official_libero_20260525/bin/python /data/liuyu/repos/train300_collector_freeze_141657f/scripts/stageb/run_sc5_cross_suite_clean.py --suite libero_goal --model_path /data/aviary/models/openvla/openvla-7b-finetuned-libero-goal --unnorm_key libero_goal --task_idx 3 --state_id 14 --eval_seed 0 --detector_path /data/liuyu/repos/sc5_census_freeze_cc356f3_20260618/outputs/sc5_canonical_eng/sc5_mlp_s2.pt --source_commit 63793972743f667c6a6bcc12e9700f322f261147 --output_dir /data/liuyu/outputs/cross_suite_clean_train300_s10_19_20260620/goal_recovery_A_gpu13/libero_goal_t03_s14 --render_gpu 1 --save_video,CLEAN,2026-06-20T12:58:04+0800,0,libero_goal_t03_s14,/data/liuyu/outputs/cross_suite_clean_train300_s10_19_20260620/logs/worker_goal_recovery_A_gpu13_attempt2/libero_goal_t03_s14.log,/data/aviary/models/openvla/openvla-7b-finetuned-libero-goal,/data/liuyu/outputs/cross_suite_clean_train300_s10_19_20260620/goal_gpu26/libero_goal_t03_s14,/data/liuyu/outputs/cross_suite_clean_train300_s10_19_20260620/goal_recovery_A_gpu13/libero_goal_t03_s14,33275,audit_pass,SHARD_A,1,0,a5f44c5795d4b9e5d51402e68cd5a15c0b7941117360684b0a65b0a874a803ec,train_pool,2026-06-20T12:54:00+0800,14,COMPLETE,libero_goal,3,libero_goal
/data/liuyu/outputs/cross_suite_clean_train300_s10_19_20260620/queue_status_worker_goal_recovery_A_gpu13_attempt2.csv,goal_recovery_A,"1,3",worker_goal_recovery_A_gpu13,libero_goal|3|16|0|CLEAN,/data/aviary/envs/openvla_official_libero_20260525/bin/python /data/liuyu/repos/train300_collector_freeze_141657f/scripts/stageb/run_sc5_cross_suite_clean.py --suite libero_goal --model_path /data/aviary/models/openvla/openvla-7b-finetuned-libero-goal --unnorm_key libero_goal --task_idx 3 --state_id 16 --eval_seed 0 --detector_path /data/liuyu/repos/sc5_census_freeze_cc356f3_20260618/outputs/sc5_canonical_eng/sc5_mlp_s2.pt --source_commit 63793972743f667c6a6bcc12e9700f322f261147 --output_dir /data/liuyu/outputs/cross_suite_clean_train300_s10_19_20260620/goal_recovery_A_gpu13/libero_goal_t03_s16 --render_gpu 1 --save_video,CLEAN,2026-06-20T13:02:16+0800,0,libero_goal_t03_s16,/data/liuyu/outputs/cross_suite_clean_train300_s10_19_20260620/logs/worker_goal_recovery_A_gpu13_attempt2/libero_goal_t03_s16.log,/data/aviary/models/openvla/openvla-7b-finetuned-libero-goal,/data/liuyu/outputs/cross_suite_clean_train300_s10_19_20260620/goal_gpu26/libero_goal_t03_s16,/data/liuyu/outputs/cross_suite_clean_train300_s10_19_20260620/goal_recovery_A_gpu13/libero_goal_t03_s16,33275,audit_pass,SHARD_A,1,0,a5f44c5795d4b9e5d51402e68cd5a15c0b7941117360684b0a65b0a874a803ec,train_pool,2026-06-20T12:58:04+0800,16,COMPLETE,libero_goal,3,libero_goal
/data/liuyu/outputs/cross_suite_clean_train300_s10_19_20260620/queue_status_worker_goal_recovery_A_gpu13_attempt2.csv,goal_recovery_A,"1,3",worker_goal_recovery_A_gpu13,libero_goal|3|18|0|CLEAN,/data/aviary/envs/openvla_official_libero_20260525/bin/python /data/liuyu/repos/train300_collector_freeze_141657f/scripts/stageb/run_sc5_cross_suite_clean.py --suite libero_goal --model_path /data/aviary/models/openvla/openvla-7b-finetuned-libero-goal --unnorm_key libero_goal --task_idx 3 --state_id 18 --eval_seed 0 --detector_path /data/liuyu/repos/sc5_census_freeze_cc356f3_20260618/outputs/sc5_canonical_eng/sc5_mlp_s2.pt --source_commit 63793972743f667c6a6bcc12e9700f322f261147 --output_dir /data/liuyu/outputs/cross_suite_clean_train300_s10_19_20260620/goal_recovery_A_gpu13/libero_goal_t03_s18 --render_gpu 1 --save_video,CLEAN,2026-06-20T13:06:56+0800,0,libero_goal_t03_s18,/data/liuyu/outputs/cross_suite_clean_train300_s10_19_20260620/logs/worker_goal_recovery_A_gpu13_attempt2/libero_goal_t03_s18.log,/data/aviary/models/openvla/openvla-7b-finetuned-libero-goal,/data/liuyu/outputs/cross_suite_clean_train300_s10_19_20260620/goal_gpu26/libero_goal_t03_s18,/data/liuyu/outputs/cross_suite_clean_train300_s10_19_20260620/goal_recovery_A_gpu13/libero_goal_t03_s18,33275,audit_pass,SHARD_A,1,0,a5f44c5795d4b9e5d51402e68cd5a15c0b7941117360684b0a65b0a874a803ec,validation_pool,2026-06-20T13:02:16+0800,18,COMPLETE,libero_goal,3,libero_goal
/data/liuyu/outputs/cross_suite_clean_train300_s10_19_20260620/queue_status_worker_goal_recovery_A_gpu13_attempt2.csv,goal_recovery_A,"1,3",worker_goal_recovery_A_gpu13,libero_goal|4|10|0|CLEAN,/data/aviary/envs/openvla_official_libero_20260525/bin/python /data/liuyu/repos/train300_collector_freeze_141657f/scripts/stageb/run_sc5_cross_suite_clean.py --suite libero_goal --model_path /data/aviary/models/openvla/openvla-7b-finetuned-libero-goal --unnorm_key libero_goal --task_idx 4 --state_id 10 --eval_seed 0 --detector_path /data/liuyu/repos/sc5_census_freeze_cc356f3_20260618/outputs/sc5_canonical_eng/sc5_mlp_s2.pt --source_commit 63793972743f667c6a6bcc12e9700f322f261147 --output_dir /data/liuyu/outputs/cross_suite_clean_train300_s10_19_20260620/goal_recovery_A_gpu13/libero_goal_t04_s10 --render_gpu 1 --save_video,CLEAN,2026-06-20T13:09:40+0800,0,libero_goal_t04_s10,/data/liuyu/outputs/cross_suite_clean_train300_s10_19_20260620/logs/worker_goal_recovery_A_gpu13_attempt2/libero_goal_t04_s10.log,/data/aviary/models/openvla/openvla-7b-finetuned-libero-goal,/data/liuyu/outputs/cross_suite_clean_train300_s10_19_20260620/goal_gpu26/libero_goal_t04_s10,/data/liuyu/outputs/cross_suite_clean_train300_s10_19_20260620/goal_recovery_A_gpu13/libero_goal_t04_s10,33275,audit_pass,SHARD_A,1,0,a5f44c5795d4b9e5d51402e68cd5a15c0b7941117360684b0a65b0a874a803ec,train_pool,2026-06-20T13:06:56+0800,10,COMPLETE,libero_goal,4,libero_goal
/data/liuyu/outputs/cross_suite_clean_train300_s10_19_20260620/queue_status_worker_goal_recovery_A_gpu13_attempt2.csv,goal_recovery_A,"1,3",worker_goal_recovery_A_gpu13,libero_goal|4|12|0|CLEAN,/data/aviary/envs/openvla_official_libero_20260525/bin/python /data/liuyu/repos/train300_collector_freeze_141657f/scripts/stageb/run_sc5_cross_suite_clean.py --suite libero_goal --model_path /data/aviary/models/openvla/openvla-7b-finetuned-libero-goal --unnorm_key libero_goal --task_idx 4 --state_id 12 --eval_seed 0 --detector_path /data/liuyu/repos/sc5_census_freeze_cc356f3_20260618/outputs/sc5_canonical_eng/sc5_mlp_s2.pt --source_commit 63793972743f667c6a6bcc12e9700f322f261147 --output_dir /data/liuyu/outputs/cross_suite_clean_train300_s10_19_20260620/goal_recovery_A_gpu13/libero_goal_t04_s12 --render_gpu 1 --save_video,CLEAN,2026-06-20T13:12:23+0800,0,libero_goal_t04_s12,/data/liuyu/outputs/cross_suite_clean_train300_s10_19_20260620/logs/worker_goal_recovery_A_gpu13_attempt2/libero_goal_t04_s12.log,/data/aviary/models/openvla/openvla-7b-finetuned-libero-goal,/data/liuyu/outputs/cross_suite_clean_train300_s10_19_20260620/goal_gpu26/libero_goal_t04_s12,/data/liuyu/outputs/cross_suite_clean_train300_s10_19_20260620/goal_recovery_A_gpu13/libero_goal_t04_s12,33275,audit_pass,SHARD_A,1,0,a5f44c5795d4b9e5d51402e68cd5a15c0b7941117360684b0a65b0a874a803ec,train_pool,2026-06-20T13:09:40+0800,12,COMPLETE,libero_goal,4,libero_goal
/data/liuyu/outputs/cross_suite_clean_train300_s10_19_20260620/queue_status_worker_goal_recovery_A_gpu13_attempt2.csv,goal_recovery_A,"1,3",worker_goal_recovery_A_gpu13,libero_goal|4|14|0|CLEAN,/data/aviary/envs/openvla_official_libero_20260525/bin/python /data/liuyu/repos/train300_collector_freeze_141657f/scripts/stageb/run_sc5_cross_suite_clean.py --suite libero_goal --model_path /data/aviary/models/openvla/openvla-7b-finetuned-libero-goal --unnorm_key libero_goal --task_idx 4 --state_id 14 --eval_seed 0 --detector_path /data/liuyu/repos/sc5_census_freeze_cc356f3_20260618/outputs/sc5_canonical_eng/sc5_mlp_s2.pt --source_commit 63793972743f667c6a6bcc12e9700f322f261147 --output_dir /data/liuyu/outputs/cross_suite_clean_train300_s10_19_20260620/goal_recovery_A_gpu13/libero_goal_t04_s14 --render_gpu 1 --save_video,CLEAN,2026-06-20T13:14:53+0800,0,libero_goal_t04_s14,/data/liuyu/outputs/cross_suite_clean_train300_s10_19_20260620/logs/worker_goal_recovery_A_gpu13_attempt2/libero_goal_t04_s14.log,/data/aviary/models/openvla/openvla-7b-finetuned-libero-goal,/data/liuyu/outputs/cross_suite_clean_train300_s10_19_20260620/goal_gpu26/libero_goal_t04_s14,/data/liuyu/outputs/cross_suite_clean_train300_s10_19_20260620/goal_recovery_A_gpu13/libero_goal_t04_s14,33275,audit_pass,SHARD_A,1,0,a5f44c5795d4b9e5d51402e68cd5a15c0b7941117360684b0a65b0a874a803ec,train_pool,2026-06-20T13:12:23+0800,14,COMPLETE,libero_goal,4,libero_goal
/data/liuyu/outputs/cross_suite_clean_train300_s10_19_20260620/queue_status_worker_goal_recovery_A_gpu13_attempt2.csv,goal_recovery_A,"1,3",worker_goal_recovery_A_gpu13,libero_goal|4|16|0|CLEAN,/data/aviary/envs/openvla_official_libero_20260525/bin/python /data/liuyu/repos/train300_collector_freeze_141657f/scripts/stageb/run_sc5_cross_suite_clean.py --suite libero_goal --model_path /data/aviary/models/openvla/openvla-7b-finetuned-libero-goal --unnorm_key libero_goal --task_idx 4 --state_id 16 --eval_seed 0 --detector_path /data/liuyu/repos/sc5_census_freeze_cc356f3_20260618/outputs/sc5_canonical_eng/sc5_mlp_s2.pt --source_commit 63793972743f667c6a6bcc12e9700f322f261147 --output_dir /data/liuyu/outputs/cross_suite_clean_train300_s10_19_20260620/goal_recovery_A_gpu13/libero_goal_t04_s16 --render_gpu 1 --save_video,CLEAN,2026-06-20T13:17:25+0800,0,libero_goal_t04_s16,/data/liuyu/outputs/cross_suite_clean_train300_s10_19_20260620/logs/worker_goal_recovery_A_gpu13_attempt2/libero_goal_t04_s16.log,/data/aviary/models/openvla/openvla-7b-finetuned-libero-goal,/data/liuyu/outputs/cross_suite_clean_train300_s10_19_20260620/goal_gpu26/libero_goal_t04_s16,/data/liuyu/outputs/cross_suite_clean_train300_s10_19_20260620/goal_recovery_A_gpu13/libero_goal_t04_s16,33275,audit_pass,SHARD_A,1,0,a5f44c5795d4b9e5d51402e68cd5a15c0b7941117360684b0a65b0a874a803ec,train_pool,2026-06-20T13:14:53+0800,16,COMPLETE,libero_goal,4,libero_goal
/data/liuyu/outputs/cross_suite_clean_train300_s10_19_20260620/queue_status_worker_goal_recovery_A_gpu13_attempt2.csv,goal_recovery_A,"1,3",worker_goal_recovery_A_gpu13,libero_goal|4|18|0|CLEAN,/data/aviary/envs/openvla_official_libero_20260525/bin/python /data/liuyu/repos/train300_collector_freeze_141657f/scripts/stageb/run_sc5_cross_suite_clean.py --suite libero_goal --model_path /data/aviary/models/openvla/openvla-7b-finetuned-libero-goal --unnorm_key libero_goal --task_idx 4 --state_id 18 --eval_seed 0 --detector_path /data/liuyu/repos/sc5_census_freeze_cc356f3_20260618/outputs/sc5_canonical_eng/sc5_mlp_s2.pt --source_commit 63793972743f667c6a6bcc12e9700f322f261147 --output_dir /data/liuyu/outputs/cross_suite_clean_train300_s10_19_20260620/goal_recovery_A_gpu13/libero_goal_t04_s18 --render_gpu 1 --save_video,CLEAN,2026-06-20T13:20:41+0800,0,libero_goal_t04_s18,/data/liuyu/outputs/cross_suite_clean_train300_s10_19_20260620/logs/worker_goal_recovery_A_gpu13_attempt2/libero_goal_t04_s18.log,/data/aviary/models/openvla/openvla-7b-finetuned-libero-goal,/data/liuyu/outputs/cross_suite_clean_train300_s10_19_20260620/goal_gpu26/libero_goal_t04_s18,/data/liuyu/outputs/cross_suite_clean_train300_s10_19_20260620/goal_recovery_A_gpu13/libero_goal_t04_s18,33275,audit_pass,SHARD_A,1,0,a5f44c5795d4b9e5d51402e68cd5a15c0b7941117360684b0a65b0a874a803ec,validation_pool,2026-06-20T13:17:25+0800,18,COMPLETE,libero_goal,4,libero_goal
/data/liuyu/outputs/cross_suite_clean_train300_s10_19_20260620/queue_status_worker_goal_recovery_A_gpu13_attempt2.csv,goal_recovery_A,"1,3",worker_goal_recovery_A_gpu13,libero_goal|5|10|0|CLEAN,/data/aviary/envs/openvla_official_libero_20260525/bin/python /data/liuyu/repos/train300_collector_freeze_141657f/scripts/stageb/run_sc5_cross_suite_clean.py --suite libero_goal --model_path /data/aviary/models/openvla/openvla-7b-finetuned-libero-goal --unnorm_key libero_goal --task_idx 5 --state_id 10 --eval_seed 0 --detector_path /data/liuyu/repos/sc5_census_freeze_cc356f3_20260618/outputs/sc5_canonical_eng/sc5_mlp_s2.pt --source_commit 63793972743f667c6a6bcc12e9700f322f261147 --output_dir /data/liuyu/outputs/cross_suite_clean_train300_s10_19_20260620/goal_recovery_A_gpu13/libero_goal_t05_s10 --render_gpu 1 --save_video,CLEAN,2026-06-20T13:24:24+0800,0,libero_goal_t05_s10,/data/liuyu/outputs/cross_suite_clean_train300_s10_19_20260620/logs/worker_goal_recovery_A_gpu13_attempt2/libero_goal_t05_s10.log,/data/aviary/models/openvla/openvla-7b-finetuned-libero-goal,/data/liuyu/outputs/cross_suite_clean_train300_s10_19_20260620/goal_gpu26/libero_goal_t05_s10,/data/liuyu/outputs/cross_suite_clean_train300_s10_19_20260620/goal_recovery_A_gpu13/libero_goal_t05_s10,33275,audit_pass,SHARD_A,1,0,a5f44c5795d4b9e5d51402e68cd5a15c0b7941117360684b0a65b0a874a803ec,train_pool,2026-06-20T13:20:41+0800,10,COMPLETE,libero_goal,5,libero_goal
/data/liuyu/outputs/cross_suite_clean_train300_s10_19_20260620/queue_status_worker_goal_recovery_A_gpu13_attempt2.csv,goal_recovery_A,"1,3",worker_goal_recovery_A_gpu13,libero_goal|5|12|0|CLEAN,/data/aviary/envs/openvla_official_libero_20260525/bin/python /data/liuyu/repos/train300_collector_freeze_141657f/scripts/stageb/run_sc5_cross_suite_clean.py --suite libero_goal --model_path /data/aviary/models/openvla/openvla-7b-finetuned-libero-goal --unnorm_key libero_goal --task_idx 5 --state_id 12 --eval_seed 0 --detector_path /data/liuyu/repos/sc5_census_freeze_cc356f3_20260618/outputs/sc5_canonical_eng/sc5_mlp_s2.pt --source_commit 63793972743f667c6a6bcc12e9700f322f261147 --output_dir /data/liuyu/outputs/cross_suite_clean_train300_s10_19_20260620/goal_recovery_A_gpu13/libero_goal_t05_s12 --render_gpu 1 --save_video,CLEAN,2026-06-20T13:28:03+0800,0,libero_goal_t05_s12,/data/liuyu/outputs/cross_suite_clean_train300_s10_19_20260620/logs/worker_goal_recovery_A_gpu13_attempt2/libero_goal_t05_s12.log,/data/aviary/models/openvla/openvla-7b-finetuned-libero-goal,/data/liuyu/outputs/cross_suite_clean_train300_s10_19_20260620/goal_gpu26/libero_goal_t05_s12,/data/liuyu/outputs/cross_suite_clean_train300_s10_19_20260620/goal_recovery_A_gpu13/libero_goal_t05_s12,33275,audit_pass,SHARD_A,1,0,a5f44c5795d4b9e5d51402e68cd5a15c0b7941117360684b0a65b0a874a803ec,train_pool,2026-06-20T13:24:24+0800,12,COMPLETE,libero_goal,5,libero_goal
/data/liuyu/outputs/cross_suite_clean_train300_s10_19_20260620/queue_status_worker_goal_recovery_A_gpu13_attempt2.csv,goal_recovery_A,"1,3",worker_goal_recovery_A_gpu13,libero_goal|5|14|0|CLEAN,/data/aviary/envs/openvla_official_libero_20260525/bin/python /data/liuyu/repos/train300_collector_freeze_141657f/scripts/stageb/run_sc5_cross_suite_clean.py --suite libero_goal --model_path /data/aviary/models/openvla/openvla-7b-finetuned-libero-goal --unnorm_key libero_goal --task_idx 5 --state_id 14 --eval_seed 0 --detector_path /data/liuyu/repos/sc5_census_freeze_cc356f3_20260618/outputs/sc5_canonical_eng/sc5_mlp_s2.pt --source_commit 63793972743f667c6a6bcc12e9700f322f261147 --output_dir /data/liuyu/outputs/cross_suite_clean_train300_s10_19_20260620/goal_recovery_A_gpu13/libero_goal_t05_s14 --render_gpu 1 --save_video,CLEAN,2026-06-20T13:36:38+0800,0,libero_goal_t05_s14,/data/liuyu/outputs/cross_suite_clean_train300_s10_19_20260620/logs/worker_goal_recovery_A_gpu13_attempt2/libero_goal_t05_s14.log,/data/aviary/models/openvla/openvla-7b-finetuned-libero-goal,/data/liuyu/outputs/cross_suite_clean_train300_s10_19_20260620/goal_gpu26/libero_goal_t05_s14,/data/liuyu/outputs/cross_suite_clean_train300_s10_19_20260620/goal_recovery_A_gpu13/libero_goal_t05_s14,33275,audit_pass,SHARD_A,1,0,a5f44c5795d4b9e5d51402e68cd5a15c0b7941117360684b0a65b0a874a803ec,train_pool,2026-06-20T13:28:03+0800,14,COMPLETE,libero_goal,5,libero_goal
/data/liuyu/outputs/cross_suite_clean_train300_s10_19_20260620/queue_status_worker_goal_recovery_A_gpu13_attempt2.csv,goal_recovery_A,"1,3",worker_goal_recovery_A_gpu13,libero_goal|5|16|0|CLEAN,/data/aviary/envs/openvla_official_libero_20260525/bin/python /data/liuyu/repos/train300_collector_freeze_141657f/scripts/stageb/run_sc5_cross_suite_clean.py --suite libero_goal --model_path /data/aviary/models/openvla/openvla-7b-finetuned-libero-goal --unnorm_key libero_goal --task_idx 5 --state_id 16 --eval_seed 0 --detector_path /data/liuyu/repos/sc5_census_freeze_cc356f3_20260618/outputs/sc5_canonical_eng/sc5_mlp_s2.pt --source_commit 63793972743f667c6a6bcc12e9700f322f261147 --output_dir /data/liuyu/outputs/cross_suite_clean_train300_s10_19_20260620/goal_recovery_A_gpu13/libero_goal_t05_s16 --render_gpu 1 --save_video,CLEAN,2026-06-20T13:45:11+0800,0,libero_goal_t05_s16,/data/liuyu/outputs/cross_suite_clean_train300_s10_19_20260620/logs/worker_goal_recovery_A_gpu13_attempt2/libero_goal_t05_s16.log,/data/aviary/models/openvla/openvla-7b-finetuned-libero-goal,/data/liuyu/outputs/cross_suite_clean_train300_s10_19_20260620/goal_gpu26/libero_goal_t05_s16,/data/liuyu/outputs/cross_suite_clean_train300_s10_19_20260620/goal_recovery_A_gpu13/libero_goal_t05_s16,33275,audit_pass,SHARD_A,1,0,a5f44c5795d4b9e5d51402e68cd5a15c0b7941117360684b0a65b0a874a803ec,train_pool,2026-06-20T13:36:38+0800,16,COMPLETE,libero_goal,5,libero_goal
/data/liuyu/outputs/cross_suite_clean_train300_s10_19_20260620/queue_status_worker_goal_recovery_A_gpu13_attempt2.csv,goal_recovery_A,"1,3",worker_goal_recovery_A_gpu13,libero_goal|5|18|0|CLEAN,/data/aviary/envs/openvla_official_libero_20260525/bin/python /data/liuyu/repos/train300_collector_freeze_141657f/scripts/stageb/run_sc5_cross_suite_clean.py --suite libero_goal --model_path /data/aviary/models/openvla/openvla-7b-finetuned-libero-goal --unnorm_key libero_goal --task_idx 5 --state_id 18 --eval_seed 0 --detector_path /data/liuyu/repos/sc5_census_freeze_cc356f3_20260618/outputs/sc5_canonical_eng/sc5_mlp_s2.pt --source_commit 63793972743f667c6a6bcc12e9700f322f261147 --output_dir /data/liuyu/outputs/cross_suite_clean_train300_s10_19_20260620/goal_recovery_A_gpu13/libero_goal_t05_s18 --render_gpu 1 --save_video,CLEAN,2026-06-20T13:48:47+0800,0,libero_goal_t05_s18,/data/liuyu/outputs/cross_suite_clean_train300_s10_19_20260620/logs/worker_goal_recovery_A_gpu13_attempt2/libero_goal_t05_s18.log,/data/aviary/models/openvla/openvla-7b-finetuned-libero-goal,/data/liuyu/outputs/cross_suite_clean_train300_s10_19_20260620/goal_gpu26/libero_goal_t05_s18,/data/liuyu/outputs/cross_suite_clean_train300_s10_19_20260620/goal_recovery_A_gpu13/libero_goal_t05_s18,33275,audit_pass,SHARD_A,1,0,a5f44c5795d4b9e5d51402e68cd5a15c0b7941117360684b0a65b0a874a803ec,validation_pool,2026-06-20T13:45:11+0800,18,COMPLETE,libero_goal,5,libero_goal
/data/liuyu/outputs/cross_suite_clean_train300_s10_19_20260620/queue_status_worker_goal_recovery_A_gpu13_attempt2.csv,goal_recovery_A,"1,3",worker_goal_recovery_A_gpu13,libero_goal|6|10|0|CLEAN,/data/aviary/envs/openvla_official_libero_20260525/bin/python /data/liuyu/repos/train300_collector_freeze_141657f/scripts/stageb/run_sc5_cross_suite_clean.py --suite libero_goal --model_path /data/aviary/models/openvla/openvla-7b-finetuned-libero-goal --unnorm_key libero_goal --task_idx 6 --state_id 10 --eval_seed 0 --detector_path /data/liuyu/repos/sc5_census_freeze_cc356f3_20260618/outputs/sc5_canonical_eng/sc5_mlp_s2.pt --source_commit 63793972743f667c6a6bcc12e9700f322f261147 --output_dir /data/liuyu/outputs/cross_suite_clean_train300_s10_19_20260620/goal_recovery_A_gpu13/libero_goal_t06_s10 --render_gpu 1 --save_video,CLEAN,2026-06-20T13:51:35+0800,0,libero_goal_t06_s10,/data/liuyu/outputs/cross_suite_clean_train300_s10_19_20260620/logs/worker_goal_recovery_A_gpu13_attempt2/libero_goal_t06_s10.log,/data/aviary/models/openvla/openvla-7b-finetuned-libero-goal,/data/liuyu/outputs/cross_suite_clean_train300_s10_19_20260620/goal_gpu26/libero_goal_t06_s10,/data/liuyu/outputs/cross_suite_clean_train300_s10_19_20260620/goal_recovery_A_gpu13/libero_goal_t06_s10,33275,audit_pass,SHARD_A,1,0,a5f44c5795d4b9e5d51402e68cd5a15c0b7941117360684b0a65b0a874a803ec,train_pool,2026-06-20T13:48:47+0800,10,COMPLETE,libero_goal,6,libero_goal
/data/liuyu/outputs/cross_suite_clean_train300_s10_19_20260620/queue_status_worker_goal_recovery_A_gpu13_attempt2.csv,goal_recovery_A,"1,3",worker_goal_recovery_A_gpu13,libero_goal|6|12|0|CLEAN,/data/aviary/envs/openvla_official_libero_20260525/bin/python /data/liuyu/repos/train300_collector_freeze_141657f/scripts/stageb/run_sc5_cross_suite_clean.py --suite libero_goal --model_path /data/aviary/models/openvla/openvla-7b-finetuned-libero-goal --unnorm_key libero_goal --task_idx 6 --state_id 12 --eval_seed 0 --detector_path /data/liuyu/repos/sc5_census_freeze_cc356f3_20260618/outputs/sc5_canonical_eng/sc5_mlp_s2.pt --source_commit 63793972743f667c6a6bcc12e9700f322f261147 --output_dir /data/liuyu/outputs/cross_suite_clean_train300_s10_19_20260620/goal_recovery_A_gpu13/libero_goal_t06_s12 --render_gpu 1 --save_video,CLEAN,2026-06-20T13:55:56+0800,0,libero_goal_t06_s12,/data/liuyu/outputs/cross_suite_clean_train300_s10_19_20260620/logs/worker_goal_recovery_A_gpu13_attempt2/libero_goal_t06_s12.log,/data/aviary/models/openvla/openvla-7b-finetuned-libero-goal,/data/liuyu/outputs/cross_suite_clean_train300_s10_19_20260620/goal_gpu26/libero_goal_t06_s12,/data/liuyu/outputs/cross_suite_clean_train300_s10_19_20260620/goal_recovery_A_gpu13/libero_goal_t06_s12,33275,audit_pass,SHARD_A,1,0,a5f44c5795d4b9e5d51402e68cd5a15c0b7941117360684b0a65b0a874a803ec,train_pool,2026-06-20T13:51:35+0800,12,COMPLETE,libero_goal,6,libero_goal
/data/liuyu/outputs/cross_suite_clean_train300_s10_19_20260620/queue_status_worker_goal_recovery_A_gpu13_attempt2.csv,goal_recovery_A,"1,3",worker_goal_recovery_A_gpu13,libero_goal|6|14|0|CLEAN,/data/aviary/envs/openvla_official_libero_20260525/bin/python /data/liuyu/repos/train300_collector_freeze_141657f/scripts/stageb/run_sc5_cross_suite_clean.py --suite libero_goal --model_path /data/aviary/models/openvla/openvla-7b-finetuned-libero-goal --unnorm_key libero_goal --task_idx 6 --state_id 14 --eval_seed 0 --detector_path /data/liuyu/repos/sc5_census_freeze_cc356f3_20260618/outputs/sc5_canonical_eng/sc5_mlp_s2.pt --source_commit 63793972743f667c6a6bcc12e9700f322f261147 --output_dir /data/liuyu/outputs/cross_suite_clean_train300_s10_19_20260620/goal_recovery_A_gpu13/libero_goal_t06_s14 --render_gpu 1 --save_video,CLEAN,2026-06-20T13:58:47+0800,0,libero_goal_t06_s14,/data/liuyu/outputs/cross_suite_clean_train300_s10_19_20260620/logs/worker_goal_recovery_A_gpu13_attempt2/libero_goal_t06_s14.log,/data/aviary/models/openvla/openvla-7b-finetuned-libero-goal,/data/liuyu/outputs/cross_suite_clean_train300_s10_19_20260620/goal_gpu26/libero_goal_t06_s14,/data/liuyu/outputs/cross_suite_clean_train300_s10_19_20260620/goal_recovery_A_gpu13/libero_goal_t06_s14,33275,audit_pass,SHARD_A,1,0,a5f44c5795d4b9e5d51402e68cd5a15c0b7941117360684b0a65b0a874a803ec,train_pool,2026-06-20T13:55:56+0800,14,COMPLETE,libero_goal,6,libero_goal
/data/liuyu/outputs/cross_suite_clean_train300_s10_19_20260620/queue_status_worker_goal_recovery_A_gpu13_attempt2.csv,goal_recovery_A,"1,3",worker_goal_recovery_A_gpu13,libero_goal|6|16|0|CLEAN,/data/aviary/envs/openvla_official_libero_20260525/bin/python /data/liuyu/repos/train300_collector_freeze_141657f/scripts/stageb/run_sc5_cross_suite_clean.py --suite libero_goal --model_path /data/aviary/models/openvla/openvla-7b-finetuned-libero-goal --unnorm_key libero_goal --task_idx 6 --state_id 16 --eval_seed 0 --detector_path /data/liuyu/repos/sc5_census_freeze_cc356f3_20260618/outputs/sc5_canonical_eng/sc5_mlp_s2.pt --source_commit 63793972743f667c6a6bcc12e9700f322f261147 --output_dir /data/liuyu/outputs/cross_suite_clean_train300_s10_19_20260620/goal_recovery_A_gpu13/libero_goal_t06_s16 --render_gpu 1 --save_video,CLEAN,2026-06-20T14:02:03+0800,0,libero_goal_t06_s16,/data/liuyu/outputs/cross_suite_clean_train300_s10_19_20260620/logs/worker_goal_recovery_A_gpu13_attempt2/libero_goal_t06_s16.log,/data/aviary/models/openvla/openvla-7b-finetuned-libero-goal,/data/liuyu/outputs/cross_suite_clean_train300_s10_19_20260620/goal_gpu26/libero_goal_t06_s16,/data/liuyu/outputs/cross_suite_clean_train300_s10_19_20260620/goal_recovery_A_gpu13/libero_goal_t06_s16,33275,audit_pass,SHARD_A,1,0,a5f44c5795d4b9e5d51402e68cd5a15c0b7941117360684b0a65b0a874a803ec,train_pool,2026-06-20T13:58:47+0800,16,COMPLETE,libero_goal,6,libero_goal
/data/liuyu/outputs/cross_suite_clean_train300_s10_19_20260620/queue_status_worker_goal_recovery_A_gpu13_attempt2.csv,goal_recovery_A,"1,3",worker_goal_recovery_A_gpu13,libero_goal|6|18|0|CLEAN,/data/aviary/envs/openvla_official_libero_20260525/bin/python /data/liuyu/repos/train300_collector_freeze_141657f/scripts/stageb/run_sc5_cross_suite_clean.py --suite libero_goal --model_path /data/aviary/models/openvla/openvla-7b-finetuned-libero-goal --unnorm_key libero_goal --task_idx 6 --state_id 18 --eval_seed 0 --detector_path /data/liuyu/repos/sc5_census_freeze_cc356f3_20260618/outputs/sc5_canonical_eng/sc5_mlp_s2.pt --source_commit 63793972743f667c6a6bcc12e9700f322f261147 --output_dir /data/liuyu/outputs/cross_suite_clean_train300_s10_19_20260620/goal_recovery_A_gpu13/libero_goal_t06_s18 --render_gpu 1 --save_video,CLEAN,2026-06-20T14:04:37+0800,0,libero_goal_t06_s18,/data/liuyu/outputs/cross_suite_clean_train300_s10_19_20260620/logs/worker_goal_recovery_A_gpu13_attempt2/libero_goal_t06_s18.log,/data/aviary/models/openvla/openvla-7b-finetuned-libero-goal,/data/liuyu/outputs/cross_suite_clean_train300_s10_19_20260620/goal_gpu26/libero_goal_t06_s18,/data/liuyu/outputs/cross_suite_clean_train300_s10_19_20260620/goal_recovery_A_gpu13/libero_goal_t06_s18,33275,audit_pass,SHARD_A,1,0,a5f44c5795d4b9e5d51402e68cd5a15c0b7941117360684b0a65b0a874a803ec,validation_pool,2026-06-20T14:02:03+0800,18,COMPLETE,libero_goal,6,libero_goal
/data/liuyu/outputs/cross_suite_clean_train300_s10_19_20260620/queue_status_worker_goal_recovery_A_gpu13_attempt2.csv,goal_recovery_A,"1,3",worker_goal_recovery_A_gpu13,libero_goal|7|10|0|CLEAN,/data/aviary/envs/openvla_official_libero_20260525/bin/python /data/liuyu/repos/train300_collector_freeze_141657f/scripts/stageb/run_sc5_cross_suite_clean.py --suite libero_goal --model_path /data/aviary/models/openvla/openvla-7b-finetuned-libero-goal --unnorm_key libero_goal --task_idx 7 --state_id 10 --eval_seed 0 --detector_path /data/liuyu/repos/sc5_census_freeze_cc356f3_20260618/outputs/sc5_canonical_eng/sc5_mlp_s2.pt --source_commit 63793972743f667c6a6bcc12e9700f322f261147 --output_dir /data/liuyu/outputs/cross_suite_clean_train300_s10_19_20260620/goal_recovery_A_gpu13/libero_goal_t07_s10 --render_gpu 1 --save_video,CLEAN,2026-06-20T14:07:02+0800,0,libero_goal_t07_s10,/data/liuyu/outputs/cross_suite_clean_train300_s10_19_20260620/logs/worker_goal_recovery_A_gpu13_attempt2/libero_goal_t07_s10.log,/data/aviary/models/openvla/openvla-7b-finetuned-libero-goal,/data/liuyu/outputs/cross_suite_clean_train300_s10_19_20260620/goal_gpu26/libero_goal_t07_s10,/data/liuyu/outputs/cross_suite_clean_train300_s10_19_20260620/goal_recovery_A_gpu13/libero_goal_t07_s10,33275,audit_pass,SHARD_A,1,0,a5f44c5795d4b9e5d51402e68cd5a15c0b7941117360684b0a65b0a874a803ec,train_pool,2026-06-20T14:04:37+0800,10,COMPLETE,libero_goal,7,libero_goal
/data/liuyu/outputs/cross_suite_clean_train300_s10_19_20260620/queue_status_worker_goal_recovery_A_gpu13_attempt2.csv,goal_recovery_A,"1,3",worker_goal_recovery_A_gpu13,libero_goal|7|12|0|CLEAN,/data/aviary/envs/openvla_official_libero_20260525/bin/python /data/liuyu/repos/train300_collector_freeze_141657f/scripts/stageb/run_sc5_cross_suite_clean.py --suite libero_goal --model_path /data/aviary/models/openvla/openvla-7b-finetuned-libero-goal --unnorm_key libero_goal --task_idx 7 --state_id 12 --eval_seed 0 --detector_path /data/liuyu/repos/sc5_census_freeze_cc356f3_20260618/outputs/sc5_canonical_eng/sc5_mlp_s2.pt --source_commit 63793972743f667c6a6bcc12e9700f322f261147 --output_dir /data/liuyu/outputs/cross_suite_clean_train300_s10_19_20260620/goal_recovery_A_gpu13/libero_goal_t07_s12 --render_gpu 1 --save_video,CLEAN,2026-06-20T14:09:25+0800,0,libero_goal_t07_s12,/data/liuyu/outputs/cross_suite_clean_train300_s10_19_20260620/logs/worker_goal_recovery_A_gpu13_attempt2/libero_goal_t07_s12.log,/data/aviary/models/openvla/openvla-7b-finetuned-libero-goal,/data/liuyu/outputs/cross_suite_clean_train300_s10_19_20260620/goal_gpu26/libero_goal_t07_s12,/data/liuyu/outputs/cross_suite_clean_train300_s10_19_20260620/goal_recovery_A_gpu13/libero_goal_t07_s12,33275,audit_pass,SHARD_A,1,0,a5f44c5795d4b9e5d51402e68cd5a15c0b7941117360684b0a65b0a874a803ec,train_pool,2026-06-20T14:07:02+0800,12,COMPLETE,libero_goal,7,libero_goal
/data/liuyu/outputs/cross_suite_clean_train300_s10_19_20260620/queue_status_worker_goal_recovery_A_gpu13_attempt2.csv,goal_recovery_A,"1,3",worker_goal_recovery_A_gpu13,libero_goal|7|14|0|CLEAN,/data/aviary/envs/openvla_official_libero_20260525/bin/python /data/liuyu/repos/train300_collector_freeze_141657f/scripts/stageb/run_sc5_cross_suite_clean.py --suite libero_goal --model_path /data/aviary/models/openvla/openvla-7b-finetuned-libero-goal --unnorm_key libero_goal --task_idx 7 --state_id 14 --eval_seed 0 --detector_path /data/liuyu/repos/sc5_census_freeze_cc356f3_20260618/outputs/sc5_canonical_eng/sc5_mlp_s2.pt --source_commit 63793972743f667c6a6bcc12e9700f322f261147 --output_dir /data/liuyu/outputs/cross_suite_clean_train300_s10_19_20260620/goal_recovery_A_gpu13/libero_goal_t07_s14 --render_gpu 1 --save_video,CLEAN,2026-06-20T14:11:45+0800,0,libero_goal_t07_s14,/data/liuyu/outputs/cross_suite_clean_train300_s10_19_20260620/logs/worker_goal_recovery_A_gpu13_attempt2/libero_goal_t07_s14.log,/data/aviary/models/openvla/openvla-7b-finetuned-libero-goal,/data/liuyu/outputs/cross_suite_clean_train300_s10_19_20260620/goal_gpu26/libero_goal_t07_s14,/data/liuyu/outputs/cross_suite_clean_train300_s10_19_20260620/goal_recovery_A_gpu13/libero_goal_t07_s14,33275,audit_pass,SHARD_A,1,0,a5f44c5795d4b9e5d51402e68cd5a15c0b7941117360684b0a65b0a874a803ec,train_pool,2026-06-20T14:09:25+0800,14,COMPLETE,libero_goal,7,libero_goal
/data/liuyu/outputs/cross_suite_clean_train300_s10_19_20260620/queue_status_worker_goal_recovery_A_gpu13_attempt2.csv,goal_recovery_A,"1,3",worker_goal_recovery_A_gpu13,libero_goal|7|16|0|CLEAN,/data/aviary/envs/openvla_official_libero_20260525/bin/python /data/liuyu/repos/train300_collector_freeze_141657f/scripts/stageb/run_sc5_cross_suite_clean.py --suite libero_goal --model_path /data/aviary/models/openvla/openvla-7b-finetuned-libero-goal --unnorm_key libero_goal --task_idx 7 --state_id 16 --eval_seed 0 --detector_path /data/liuyu/repos/sc5_census_freeze_cc356f3_20260618/outputs/sc5_canonical_eng/sc5_mlp_s2.pt --source_commit 63793972743f667c6a6bcc12e9700f322f261147 --output_dir /data/liuyu/outputs/cross_suite_clean_train300_s10_19_20260620/goal_recovery_A_gpu13/libero_goal_t07_s16 --render_gpu 1 --save_video,CLEAN,2026-06-20T14:14:54+0800,0,libero_goal_t07_s16,/data/liuyu/outputs/cross_suite_clean_train300_s10_19_20260620/logs/worker_goal_recovery_A_gpu13_attempt2/libero_goal_t07_s16.log,/data/aviary/models/openvla/openvla-7b-finetuned-libero-goal,/data/liuyu/outputs/cross_suite_clean_train300_s10_19_20260620/goal_gpu26/libero_goal_t07_s16,/data/liuyu/outputs/cross_suite_clean_train300_s10_19_20260620/goal_recovery_A_gpu13/libero_goal_t07_s16,33275,audit_pass,SHARD_A,1,0,a5f44c5795d4b9e5d51402e68cd5a15c0b7941117360684b0a65b0a874a803ec,train_pool,2026-06-20T14:11:45+0800,16,COMPLETE,libero_goal,7,libero_goal
/data/liuyu/outputs/cross_suite_clean_train300_s10_19_20260620/queue_status_worker_goal_recovery_A_gpu13_attempt2.csv,goal_recovery_A,"1,3",worker_goal_recovery_A_gpu13,libero_goal|7|18|0|CLEAN,/data/aviary/envs/openvla_official_libero_20260525/bin/python /data/liuyu/repos/train300_collector_freeze_141657f/scripts/stageb/run_sc5_cross_suite_clean.py --suite libero_goal --model_path /data/aviary/models/openvla/openvla-7b-finetuned-libero-goal --unnorm_key libero_goal --task_idx 7 --state_id 18 --eval_seed 0 --detector_path /data/liuyu/repos/sc5_census_freeze_cc356f3_20260618/outputs/sc5_canonical_eng/sc5_mlp_s2.pt --source_commit 63793972743f667c6a6bcc12e9700f322f261147 --output_dir /data/liuyu/outputs/cross_suite_clean_train300_s10_19_20260620/goal_recovery_A_gpu13/libero_goal_t07_s18 --render_gpu 1 --save_video,CLEAN,2026-06-20T14:17:18+0800,0,libero_goal_t07_s18,/data/liuyu/outputs/cross_suite_clean_train300_s10_19_20260620/logs/worker_goal_recovery_A_gpu13_attempt2/libero_goal_t07_s18.log,/data/aviary/models/openvla/openvla-7b-finetuned-libero-goal,/data/liuyu/outputs/cross_suite_clean_train300_s10_19_20260620/goal_gpu26/libero_goal_t07_s18,/data/liuyu/outputs/cross_suite_clean_train300_s10_19_20260620/goal_recovery_A_gpu13/libero_goal_t07_s18,33275,audit_pass,SHARD_A,1,0,a5f44c5795d4b9e5d51402e68cd5a15c0b7941117360684b0a65b0a874a803ec,validation_pool,2026-06-20T14:14:54+0800,18,COMPLETE,libero_goal,7,libero_goal
/data/liuyu/outputs/cross_suite_clean_train300_s10_19_20260620/queue_status_worker_goal_recovery_A_gpu13_attempt2.csv,goal_recovery_A,"1,3",worker_goal_recovery_A_gpu13,libero_goal|8|10|0|CLEAN,/data/aviary/envs/openvla_official_libero_20260525/bin/python /data/liuyu/repos/train300_collector_freeze_141657f/scripts/stageb/run_sc5_cross_suite_clean.py --suite libero_goal --model_path /data/aviary/models/openvla/openvla-7b-finetuned-libero-goal --unnorm_key libero_goal --task_idx 8 --state_id 10 --eval_seed 0 --detector_path /data/liuyu/repos/sc5_census_freeze_cc356f3_20260618/outputs/sc5_canonical_eng/sc5_mlp_s2.pt --source_commit 63793972743f667c6a6bcc12e9700f322f261147 --output_dir /data/liuyu/outputs/cross_suite_clean_train300_s10_19_20260620/goal_recovery_A_gpu13/libero_goal_t08_s10 --render_gpu 1 --save_video,CLEAN,2026-06-20T14:19:53+0800,0,libero_goal_t08_s10,/data/liuyu/outputs/cross_suite_clean_train300_s10_19_20260620/logs/worker_goal_recovery_A_gpu13_attempt2/libero_goal_t08_s10.log,/data/aviary/models/openvla/openvla-7b-finetuned-libero-goal,/data/liuyu/outputs/cross_suite_clean_train300_s10_19_20260620/goal_gpu26/libero_goal_t08_s10,/data/liuyu/outputs/cross_suite_clean_train300_s10_19_20260620/goal_recovery_A_gpu13/libero_goal_t08_s10,33275,audit_pass,SHARD_A,1,0,a5f44c5795d4b9e5d51402e68cd5a15c0b7941117360684b0a65b0a874a803ec,train_pool,2026-06-20T14:17:18+0800,10,COMPLETE,libero_goal,8,libero_goal
/data/liuyu/outputs/cross_suite_clean_train300_s10_19_20260620/queue_status_worker_goal_recovery_A_gpu13_attempt2.csv,goal_recovery_A,"1,3",worker_goal_recovery_A_gpu13,libero_goal|8|12|0|CLEAN,/data/aviary/envs/openvla_official_libero_20260525/bin/python /data/liuyu/repos/train300_collector_freeze_141657f/scripts/stageb/run_sc5_cross_suite_clean.py --suite libero_goal --model_path /data/aviary/models/openvla/openvla-7b-finetuned-libero-goal --unnorm_key libero_goal --task_idx 8 --state_id 12 --eval_seed 0 --detector_path /data/liuyu/repos/sc5_census_freeze_cc356f3_20260618/outputs/sc5_canonical_eng/sc5_mlp_s2.pt --source_commit 63793972743f667c6a6bcc12e9700f322f261147 --output_dir /data/liuyu/outputs/cross_suite_clean_train300_s10_19_20260620/goal_recovery_A_gpu13/libero_goal_t08_s12 --render_gpu 1 --save_video,CLEAN,2026-06-20T14:28:28+0800,0,libero_goal_t08_s12,/data/liuyu/outputs/cross_suite_clean_train300_s10_19_20260620/logs/worker_goal_recovery_A_gpu13_attempt2/libero_goal_t08_s12.log,/data/aviary/models/openvla/openvla-7b-finetuned-libero-goal,/data/liuyu/outputs/cross_suite_clean_train300_s10_19_20260620/goal_gpu26/libero_goal_t08_s12,/data/liuyu/outputs/cross_suite_clean_train300_s10_19_20260620/goal_recovery_A_gpu13/libero_goal_t08_s12,33275,audit_pass,SHARD_A,1,0,a5f44c5795d4b9e5d51402e68cd5a15c0b7941117360684b0a65b0a874a803ec,train_pool,2026-06-20T14:19:53+0800,12,COMPLETE,libero_goal,8,libero_goal
/data/liuyu/outputs/cross_suite_clean_train300_s10_19_20260620/queue_status_worker_goal_recovery_A_gpu13_attempt2.csv,goal_recovery_A,"1,3",worker_goal_recovery_A_gpu13,libero_goal|8|14|0|CLEAN,/data/aviary/envs/openvla_official_libero_20260525/bin/python /data/liuyu/repos/train300_collector_freeze_141657f/scripts/stageb/run_sc5_cross_suite_clean.py --suite libero_goal --model_path /data/aviary/models/openvla/openvla-7b-finetuned-libero-goal --unnorm_key libero_goal --task_idx 8 --state_id 14 --eval_seed 0 --detector_path /data/liuyu/repos/sc5_census_freeze_cc356f3_20260618/outputs/sc5_canonical_eng/sc5_mlp_s2.pt --source_commit 63793972743f667c6a6bcc12e9700f322f261147 --output_dir /data/liuyu/outputs/cross_suite_clean_train300_s10_19_20260620/goal_recovery_A_gpu13/libero_goal_t08_s14 --render_gpu 1 --save_video,CLEAN,2026-06-20T14:30:48+0800,0,libero_goal_t08_s14,/data/liuyu/outputs/cross_suite_clean_train300_s10_19_20260620/logs/worker_goal_recovery_A_gpu13_attempt2/libero_goal_t08_s14.log,/data/aviary/models/openvla/openvla-7b-finetuned-libero-goal,/data/liuyu/outputs/cross_suite_clean_train300_s10_19_20260620/goal_gpu26/libero_goal_t08_s14,/data/liuyu/outputs/cross_suite_clean_train300_s10_19_20260620/goal_recovery_A_gpu13/libero_goal_t08_s14,33275,audit_pass,SHARD_A,1,0,a5f44c5795d4b9e5d51402e68cd5a15c0b7941117360684b0a65b0a874a803ec,train_pool,2026-06-20T14:28:28+0800,14,COMPLETE,libero_goal,8,libero_goal
/data/liuyu/outputs/cross_suite_clean_train300_s10_19_20260620/queue_status_worker_goal_recovery_A_gpu13_attempt2.csv,goal_recovery_A,"1,3",worker_goal_recovery_A_gpu13,libero_goal|8|16|0|CLEAN,/data/aviary/envs/openvla_official_libero_20260525/bin/python /data/liuyu/repos/train300_collector_freeze_141657f/scripts/stageb/run_sc5_cross_suite_clean.py --suite libero_goal --model_path /data/aviary/models/openvla/openvla-7b-finetuned-libero-goal --unnorm_key libero_goal --task_idx 8 --state_id 16 --eval_seed 0 --detector_path /data/liuyu/repos/sc5_census_freeze_cc356f3_20260618/outputs/sc5_canonical_eng/sc5_mlp_s2.pt --source_commit 63793972743f667c6a6bcc12e9700f322f261147 --output_dir /data/liuyu/outputs/cross_suite_clean_train300_s10_19_20260620/goal_recovery_A_gpu13/libero_goal_t08_s16 --render_gpu 1 --save_video,CLEAN,2026-06-20T14:39:17+0800,0,libero_goal_t08_s16,/data/liuyu/outputs/cross_suite_clean_train300_s10_19_20260620/logs/worker_goal_recovery_A_gpu13_attempt2/libero_goal_t08_s16.log,/data/aviary/models/openvla/openvla-7b-finetuned-libero-goal,/data/liuyu/outputs/cross_suite_clean_train300_s10_19_20260620/goal_gpu26/libero_goal_t08_s16,/data/liuyu/outputs/cross_suite_clean_train300_s10_19_20260620/goal_recovery_A_gpu13/libero_goal_t08_s16,33275,audit_pass,SHARD_A,1,0,a5f44c5795d4b9e5d51402e68cd5a15c0b7941117360684b0a65b0a874a803ec,train_pool,2026-06-20T14:30:48+0800,16,COMPLETE,libero_goal,8,libero_goal
/data/liuyu/outputs/cross_suite_clean_train300_s10_19_20260620/queue_status_worker_goal_recovery_A_gpu13_attempt2.csv,goal_recovery_A,"1,3",worker_goal_recovery_A_gpu13,libero_goal|8|18|0|CLEAN,/data/aviary/envs/openvla_official_libero_20260525/bin/python /data/liuyu/repos/train300_collector_freeze_141657f/scripts/stageb/run_sc5_cross_suite_clean.py --suite libero_goal --model_path /data/aviary/models/openvla/openvla-7b-finetuned-libero-goal --unnorm_key libero_goal --task_idx 8 --state_id 18 --eval_seed 0 --detector_path /data/liuyu/repos/sc5_census_freeze_cc356f3_20260618/outputs/sc5_canonical_eng/sc5_mlp_s2.pt --source_commit 63793972743f667c6a6bcc12e9700f322f261147 --output_dir /data/liuyu/outputs/cross_suite_clean_train300_s10_19_20260620/goal_recovery_A_gpu13/libero_goal_t08_s18 --render_gpu 1 --save_video,CLEAN,2026-06-20T14:41:34+0800,0,libero_goal_t08_s18,/data/liuyu/outputs/cross_suite_clean_train300_s10_19_20260620/logs/worker_goal_recovery_A_gpu13_attempt2/libero_goal_t08_s18.log,/data/aviary/models/openvla/openvla-7b-finetuned-libero-goal,/data/liuyu/outputs/cross_suite_clean_train300_s10_19_20260620/goal_gpu26/libero_goal_t08_s18,/data/liuyu/outputs/cross_suite_clean_train300_s10_19_20260620/goal_recovery_A_gpu13/libero_goal_t08_s18,33275,audit_pass,SHARD_A,1,0,a5f44c5795d4b9e5d51402e68cd5a15c0b7941117360684b0a65b0a874a803ec,validation_pool,2026-06-20T14:39:17+0800,18,COMPLETE,libero_goal,8,libero_goal
/data/liuyu/outputs/cross_suite_clean_train300_s10_19_20260620/queue_status_worker_goal_recovery_A_gpu13_attempt2.csv,goal_recovery_A,"1,3",worker_goal_recovery_A_gpu13,libero_goal|9|10|0|CLEAN,/data/aviary/envs/openvla_official_libero_20260525/bin/python /data/liuyu/repos/train300_collector_freeze_141657f/scripts/stageb/run_sc5_cross_suite_clean.py --suite libero_goal --model_path /data/aviary/models/openvla/openvla-7b-finetuned-libero-goal --unnorm_key libero_goal --task_idx 9 --state_id 10 --eval_seed 0 --detector_path /data/liuyu/repos/sc5_census_freeze_cc356f3_20260618/outputs/sc5_canonical_eng/sc5_mlp_s2.pt --source_commit 63793972743f667c6a6bcc12e9700f322f261147 --output_dir /data/liuyu/outputs/cross_suite_clean_train300_s10_19_20260620/goal_recovery_A_gpu13/libero_goal_t09_s10 --render_gpu 1 --save_video,CLEAN,2026-06-20T14:45:49+0800,0,libero_goal_t09_s10,/data/liuyu/outputs/cross_suite_clean_train300_s10_19_20260620/logs/worker_goal_recovery_A_gpu13_attempt2/libero_goal_t09_s10.log,/data/aviary/models/openvla/openvla-7b-finetuned-libero-goal,/data/liuyu/outputs/cross_suite_clean_train300_s10_19_20260620/goal_gpu26/libero_goal_t09_s10,/data/liuyu/outputs/cross_suite_clean_train300_s10_19_20260620/goal_recovery_A_gpu13/libero_goal_t09_s10,33275,audit_pass,SHARD_A,1,0,a5f44c5795d4b9e5d51402e68cd5a15c0b7941117360684b0a65b0a874a803ec,train_pool,2026-06-20T14:41:34+0800,10,COMPLETE,libero_goal,9,libero_goal
/data/liuyu/outputs/cross_suite_clean_train300_s10_19_20260620/queue_status_worker_goal_recovery_A_gpu13_attempt2.csv,goal_recovery_A,"1,3",worker_goal_recovery_A_gpu13,libero_goal|9|12|0|CLEAN,/data/aviary/envs/openvla_official_libero_20260525/bin/python /data/liuyu/repos/train300_collector_freeze_141657f/scripts/stageb/run_sc5_cross_suite_clean.py --suite libero_goal --model_path /data/aviary/models/openvla/openvla-7b-finetuned-libero-goal --unnorm_key libero_goal --task_idx 9 --state_id 12 --eval_seed 0 --detector_path /data/liuyu/repos/sc5_census_freeze_cc356f3_20260618/outputs/sc5_canonical_eng/sc5_mlp_s2.pt --source_commit 63793972743f667c6a6bcc12e9700f322f261147 --output_dir /data/liuyu/outputs/cross_suite_clean_train300_s10_19_20260620/goal_recovery_A_gpu13/libero_goal_t09_s12 --render_gpu 1 --save_video,CLEAN,2026-06-20T14:54:25+0800,0,libero_goal_t09_s12,/data/liuyu/outputs/cross_suite_clean_train300_s10_19_20260620/logs/worker_goal_recovery_A_gpu13_attempt2/libero_goal_t09_s12.log,/data/aviary/models/openvla/openvla-7b-finetuned-libero-goal,/data/liuyu/outputs/cross_suite_clean_train300_s10_19_20260620/goal_gpu26/libero_goal_t09_s12,/data/liuyu/outputs/cross_suite_clean_train300_s10_19_20260620/goal_recovery_A_gpu13/libero_goal_t09_s12,33275,audit_pass,SHARD_A,1,0,a5f44c5795d4b9e5d51402e68cd5a15c0b7941117360684b0a65b0a874a803ec,train_pool,2026-06-20T14:45:49+0800,12,COMPLETE,libero_goal,9,libero_goal
/data/liuyu/outputs/cross_suite_clean_train300_s10_19_20260620/queue_status_worker_goal_recovery_A_gpu13_attempt2.csv,goal_recovery_A,"1,3",worker_goal_recovery_A_gpu13,libero_goal|9|14|0|CLEAN,/data/aviary/envs/openvla_official_libero_20260525/bin/python /data/liuyu/repos/train300_collector_freeze_141657f/scripts/stageb/run_sc5_cross_suite_clean.py --suite libero_goal --model_path /data/aviary/models/openvla/openvla-7b-finetuned-libero-goal --unnorm_key libero_goal --task_idx 9 --state_id 14 --eval_seed 0 --detector_path /data/liuyu/repos/sc5_census_freeze_cc356f3_20260618/outputs/sc5_canonical_eng/sc5_mlp_s2.pt --source_commit 63793972743f667c6a6bcc12e9700f322f261147 --output_dir /data/liuyu/outputs/cross_suite_clean_train300_s10_19_20260620/goal_recovery_A_gpu13/libero_goal_t09_s14 --render_gpu 1 --save_video,CLEAN,2026-06-20T15:03:00+0800,0,libero_goal_t09_s14,/data/liuyu/outputs/cross_suite_clean_train300_s10_19_20260620/logs/worker_goal_recovery_A_gpu13_attempt2/libero_goal_t09_s14.log,/data/aviary/models/openvla/openvla-7b-finetuned-libero-goal,/data/liuyu/outputs/cross_suite_clean_train300_s10_19_20260620/goal_gpu26/libero_goal_t09_s14,/data/liuyu/outputs/cross_suite_clean_train300_s10_19_20260620/goal_recovery_A_gpu13/libero_goal_t09_s14,33275,audit_pass,SHARD_A,1,0,a5f44c5795d4b9e5d51402e68cd5a15c0b7941117360684b0a65b0a874a803ec,train_pool,2026-06-20T14:54:25+0800,14,COMPLETE,libero_goal,9,libero_goal
/data/liuyu/outputs/cross_suite_clean_train300_s10_19_20260620/queue_status_worker_goal_recovery_A_gpu13_attempt2.csv,goal_recovery_A,"1,3",worker_goal_recovery_A_gpu13,libero_goal|9|16|0|CLEAN,/data/aviary/envs/openvla_official_libero_20260525/bin/python /data/liuyu/repos/train300_collector_freeze_141657f/scripts/stageb/run_sc5_cross_suite_clean.py --suite libero_goal --model_path /data/aviary/models/openvla/openvla-7b-finetuned-libero-goal --unnorm_key libero_goal --task_idx 9 --state_id 16 --eval_seed 0 --detector_path /data/liuyu/repos/sc5_census_freeze_cc356f3_20260618/outputs/sc5_canonical_eng/sc5_mlp_s2.pt --source_commit 63793972743f667c6a6bcc12e9700f322f261147 --output_dir /data/liuyu/outputs/cross_suite_clean_train300_s10_19_20260620/goal_recovery_A_gpu13/libero_goal_t09_s16 --render_gpu 1 --save_video,CLEAN,2026-06-20T15:07:05+0800,0,libero_goal_t09_s16,/data/liuyu/outputs/cross_suite_clean_train300_s10_19_20260620/logs/worker_goal_recovery_A_gpu13_attempt2/libero_goal_t09_s16.log,/data/aviary/models/openvla/openvla-7b-finetuned-libero-goal,/data/liuyu/outputs/cross_suite_clean_train300_s10_19_20260620/goal_gpu26/libero_goal_t09_s16,/data/liuyu/outputs/cross_suite_clean_train300_s10_19_20260620/goal_recovery_A_gpu13/libero_goal_t09_s16,33275,audit_pass,SHARD_A,1,0,a5f44c5795d4b9e5d51402e68cd5a15c0b7941117360684b0a65b0a874a803ec,train_pool,2026-06-20T15:03:00+0800,16,COMPLETE,libero_goal,9,libero_goal
/data/liuyu/outputs/cross_suite_clean_train300_s10_19_20260620/queue_status_worker_goal_recovery_A_gpu13_attempt2.csv,goal_recovery_A,"1,3",worker_goal_recovery_A_gpu13,libero_goal|9|18|0|CLEAN,/data/aviary/envs/openvla_official_libero_20260525/bin/python /data/liuyu/repos/train300_collector_freeze_141657f/scripts/stageb/run_sc5_cross_suite_clean.py --suite libero_goal --model_path /data/aviary/models/openvla/openvla-7b-finetuned-libero-goal --unnorm_key libero_goal --task_idx 9 --state_id 18 --eval_seed 0 --detector_path /data/liuyu/repos/sc5_census_freeze_cc356f3_20260618/outputs/sc5_canonical_eng/sc5_mlp_s2.pt --source_commit 63793972743f667c6a6bcc12e9700f322f261147 --output_dir /data/liuyu/outputs/cross_suite_clean_train300_s10_19_20260620/goal_recovery_A_gpu13/libero_goal_t09_s18 --render_gpu 1 --save_video,CLEAN,2026-06-20T15:11:03+0800,0,libero_goal_t09_s18,/data/liuyu/outputs/cross_suite_clean_train300_s10_19_20260620/logs/worker_goal_recovery_A_gpu13_attempt2/libero_goal_t09_s18.log,/data/aviary/models/openvla/openvla-7b-finetuned-libero-goal,/data/liuyu/outputs/cross_suite_clean_train300_s10_19_20260620/goal_gpu26/libero_goal_t09_s18,/data/liuyu/outputs/cross_suite_clean_train300_s10_19_20260620/goal_recovery_A_gpu13/libero_goal_t09_s18,33275,audit_pass,SHARD_A,1,0,a5f44c5795d4b9e5d51402e68cd5a15c0b7941117360684b0a65b0a874a803ec,validation_pool,2026-06-20T15:07:05+0800,18,COMPLETE,libero_goal,9,libero_goal
/data/liuyu/outputs/cross_suite_clean_train300_s10_19_20260620/queue_status_worker_goal_recovery_B_gpu54.csv,goal_recovery_B,"5,4",worker_goal_recovery_B_gpu54,libero_goal|1|13|0|CLEAN,/data/aviary/envs/openvla_official_libero_20260525/bin/python /data/liuyu/repos/train300_collector_freeze_141657f/scripts/stageb/run_sc5_cross_suite_clean.py --suite libero_goal --model_path /data/aviary/models/openvla/openvla-7b-finetuned-libero-goal --unnorm_key libero_goal --task_idx 1 --state_id 13 --eval_seed 0 --detector_path /data/liuyu/repos/sc5_census_freeze_cc356f3_20260618/outputs/sc5_canonical_eng/sc5_mlp_s2.pt --source_commit 63793972743f667c6a6bcc12e9700f322f261147 --output_dir /data/liuyu/outputs/cross_suite_clean_train300_s10_19_20260620/goal_recovery_B_gpu54/libero_goal_t01_s13 --render_gpu 5 --save_video,CLEAN,2026-06-20T13:04:29+0800,0,libero_goal_t01_s13,/data/liuyu/outputs/cross_suite_clean_train300_s10_19_20260620/logs/worker_goal_recovery_B_gpu54/libero_goal_t01_s13.log,/data/aviary/models/openvla/openvla-7b-finetuned-libero-goal,/data/liuyu/outputs/cross_suite_clean_train300_s10_19_20260620/goal_gpu26/libero_goal_t01_s13,/data/liuyu/outputs/cross_suite_clean_train300_s10_19_20260620/goal_recovery_B_gpu54/libero_goal_t01_s13,13151,audit_pass,SHARD_B,5,0,a5f44c5795d4b9e5d51402e68cd5a15c0b7941117360684b0a65b0a874a803ec,train_pool,2026-06-20T13:02:03+0800,13,COMPLETE,libero_goal,1,libero_goal
/data/liuyu/outputs/cross_suite_clean_train300_s10_19_20260620/queue_status_worker_goal_recovery_B_gpu54.csv,goal_recovery_B,"5,4",worker_goal_recovery_B_gpu54,libero_goal|1|15|0|CLEAN,/data/aviary/envs/openvla_official_libero_20260525/bin/python /data/liuyu/repos/train300_collector_freeze_141657f/scripts/stageb/run_sc5_cross_suite_clean.py --suite libero_goal --model_path /data/aviary/models/openvla/openvla-7b-finetuned-libero-goal --unnorm_key libero_goal --task_idx 1 --state_id 15 --eval_seed 0 --detector_path /data/liuyu/repos/sc5_census_freeze_cc356f3_20260618/outputs/sc5_canonical_eng/sc5_mlp_s2.pt --source_commit 63793972743f667c6a6bcc12e9700f322f261147 --output_dir /data/liuyu/outputs/cross_suite_clean_train300_s10_19_20260620/goal_recovery_B_gpu54/libero_goal_t01_s15 --render_gpu 5 --save_video,CLEAN,2026-06-20T13:07:36+0800,0,libero_goal_t01_s15,/data/liuyu/outputs/cross_suite_clean_train300_s10_19_20260620/logs/worker_goal_recovery_B_gpu54/libero_goal_t01_s15.log,/data/aviary/models/openvla/openvla-7b-finetuned-libero-goal,/data/liuyu/outputs/cross_suite_clean_train300_s10_19_20260620/goal_gpu26/libero_goal_t01_s15,/data/liuyu/outputs/cross_suite_clean_train300_s10_19_20260620/goal_recovery_B_gpu54/libero_goal_t01_s15,13151,audit_pass,SHARD_B,5,0,a5f44c5795d4b9e5d51402e68cd5a15c0b7941117360684b0a65b0a874a803ec,train_pool,2026-06-20T13:04:29+0800,15,COMPLETE,libero_goal,1,libero_goal
/data/liuyu/outputs/cross_suite_clean_train300_s10_19_20260620/queue_status_worker_goal_recovery_B_gpu54.csv,goal_recovery_B,"5,4",worker_goal_recovery_B_gpu54,libero_goal|1|17|0|CLEAN,/data/aviary/envs/openvla_official_libero_20260525/bin/python /data/liuyu/repos/train300_collector_freeze_141657f/scripts/stageb/run_sc5_cross_suite_clean.py --suite libero_goal --model_path /data/aviary/models/openvla/openvla-7b-finetuned-libero-goal --unnorm_key libero_goal --task_idx 1 --state_id 17 --eval_seed 0 --detector_path /data/liuyu/repos/sc5_census_freeze_cc356f3_20260618/outputs/sc5_canonical_eng/sc5_mlp_s2.pt --source_commit 63793972743f667c6a6bcc12e9700f322f261147 --output_dir /data/liuyu/outputs/cross_suite_clean_train300_s10_19_20260620/goal_recovery_B_gpu54/libero_goal_t01_s17 --render_gpu 5 --save_video,CLEAN,2026-06-20T13:10:19+0800,0,libero_goal_t01_s17,/data/liuyu/outputs/cross_suite_clean_train300_s10_19_20260620/logs/worker_goal_recovery_B_gpu54/libero_goal_t01_s17.log,/data/aviary/models/openvla/openvla-7b-finetuned-libero-goal,/data/liuyu/outputs/cross_suite_clean_train300_s10_19_20260620/goal_gpu26/libero_goal_t01_s17,/data/liuyu/outputs/cross_suite_clean_train300_s10_19_20260620/goal_recovery_B_gpu54/libero_goal_t01_s17,13151,audit_pass,SHARD_B,5,0,a5f44c5795d4b9e5d51402e68cd5a15c0b7941117360684b0a65b0a874a803ec,train_pool,2026-06-20T13:07:36+0800,17,COMPLETE,libero_goal,1,libero_goal
/data/liuyu/outputs/cross_suite_clean_train300_s10_19_20260620/queue_status_worker_goal_recovery_B_gpu54.csv,goal_recovery_B,"5,4",worker_goal_recovery_B_gpu54,libero_goal|1|19|0|CLEAN,/data/aviary/envs/openvla_official_libero_20260525/bin/python /data/liuyu/repos/train300_collector_freeze_141657f/scripts/stageb/run_sc5_cross_suite_clean.py --suite libero_goal --model_path /data/aviary/models/openvla/openvla-7b-finetuned-libero-goal --unnorm_key libero_goal --task_idx 1 --state_id 19 --eval_seed 0 --detector_path /data/liuyu/repos/sc5_census_freeze_cc356f3_20260618/outputs/sc5_canonical_eng/sc5_mlp_s2.pt --source_commit 63793972743f667c6a6bcc12e9700f322f261147 --output_dir /data/liuyu/outputs/cross_suite_clean_train300_s10_19_20260620/goal_recovery_B_gpu54/libero_goal_t01_s19 --render_gpu 5 --save_video,CLEAN,2026-06-20T13:12:55+0800,0,libero_goal_t01_s19,/data/liuyu/outputs/cross_suite_clean_train300_s10_19_20260620/logs/worker_goal_recovery_B_gpu54/libero_goal_t01_s19.log,/data/aviary/models/openvla/openvla-7b-finetuned-libero-goal,/data/liuyu/outputs/cross_suite_clean_train300_s10_19_20260620/goal_gpu26/libero_goal_t01_s19,/data/liuyu/outputs/cross_suite_clean_train300_s10_19_20260620/goal_recovery_B_gpu54/libero_goal_t01_s19,13151,audit_pass,SHARD_B,5,0,a5f44c5795d4b9e5d51402e68cd5a15c0b7941117360684b0a65b0a874a803ec,validation_pool,2026-06-20T13:10:19+0800,19,COMPLETE,libero_goal,1,libero_goal
/data/liuyu/outputs/cross_suite_clean_train300_s10_19_20260620/queue_status_worker_goal_recovery_B_gpu54.csv,goal_recovery_B,"5,4",worker_goal_recovery_B_gpu54,libero_goal|2|11|0|CLEAN,/data/aviary/envs/openvla_official_libero_20260525/bin/python /data/liuyu/repos/train300_collector_freeze_141657f/scripts/stageb/run_sc5_cross_suite_clean.py --suite libero_goal --model_path /data/aviary/models/openvla/openvla-7b-finetuned-libero-goal --unnorm_key libero_goal --task_idx 2 --state_id 11 --eval_seed 0 --detector_path /data/liuyu/repos/sc5_census_freeze_cc356f3_20260618/outputs/sc5_canonical_eng/sc5_mlp_s2.pt --source_commit 63793972743f667c6a6bcc12e9700f322f261147 --output_dir /data/liuyu/outputs/cross_suite_clean_train300_s10_19_20260620/goal_recovery_B_gpu54/libero_goal_t02_s11 --render_gpu 5 --save_video,CLEAN,2026-06-20T13:15:23+0800,0,libero_goal_t02_s11,/data/liuyu/outputs/cross_suite_clean_train300_s10_19_20260620/logs/worker_goal_recovery_B_gpu54/libero_goal_t02_s11.log,/data/aviary/models/openvla/openvla-7b-finetuned-libero-goal,/data/liuyu/outputs/cross_suite_clean_train300_s10_19_20260620/goal_gpu26/libero_goal_t02_s11,/data/liuyu/outputs/cross_suite_clean_train300_s10_19_20260620/goal_recovery_B_gpu54/libero_goal_t02_s11,13151,audit_pass,SHARD_B,5,0,a5f44c5795d4b9e5d51402e68cd5a15c0b7941117360684b0a65b0a874a803ec,train_pool,2026-06-20T13:12:55+0800,11,COMPLETE,libero_goal,2,libero_goal
/data/liuyu/outputs/cross_suite_clean_train300_s10_19_20260620/queue_status_worker_goal_recovery_B_gpu54.csv,goal_recovery_B,"5,4",worker_goal_recovery_B_gpu54,libero_goal|2|13|0|CLEAN,/data/aviary/envs/openvla_official_libero_20260525/bin/python /data/liuyu/repos/train300_collector_freeze_141657f/scripts/stageb/run_sc5_cross_suite_clean.py --suite libero_goal --model_path /data/aviary/models/openvla/openvla-7b-finetuned-libero-goal --unnorm_key libero_goal --task_idx 2 --state_id 13 --eval_seed 0 --detector_path /data/liuyu/repos/sc5_census_freeze_cc356f3_20260618/outputs/sc5_canonical_eng/sc5_mlp_s2.pt --source_commit 63793972743f667c6a6bcc12e9700f322f261147 --output_dir /data/liuyu/outputs/cross_suite_clean_train300_s10_19_20260620/goal_recovery_B_gpu54/libero_goal_t02_s13 --render_gpu 5 --save_video,CLEAN,2026-06-20T13:18:45+0800,0,libero_goal_t02_s13,/data/liuyu/outputs/cross_suite_clean_train300_s10_19_20260620/logs/worker_goal_recovery_B_gpu54/libero_goal_t02_s13.log,/data/aviary/models/openvla/openvla-7b-finetuned-libero-goal,/data/liuyu/outputs/cross_suite_clean_train300_s10_19_20260620/goal_gpu26/libero_goal_t02_s13,/data/liuyu/outputs/cross_suite_clean_train300_s10_19_20260620/goal_recovery_B_gpu54/libero_goal_t02_s13,13151,audit_pass,SHARD_B,5,0,a5f44c5795d4b9e5d51402e68cd5a15c0b7941117360684b0a65b0a874a803ec,train_pool,2026-06-20T13:15:23+0800,13,COMPLETE,libero_goal,2,libero_goal
/data/liuyu/outputs/cross_suite_clean_train300_s10_19_20260620/queue_status_worker_goal_recovery_B_gpu54.csv,goal_recovery_B,"5,4",worker_goal_recovery_B_gpu54,libero_goal|2|15|0|CLEAN,/data/aviary/envs/openvla_official_libero_20260525/bin/python /data/liuyu/repos/train300_collector_freeze_141657f/scripts/stageb/run_sc5_cross_suite_clean.py --suite libero_goal --model_path /data/aviary/models/openvla/openvla-7b-finetuned-libero-goal --unnorm_key libero_goal --task_idx 2 --state_id 15 --eval_seed 0 --detector_path /data/liuyu/repos/sc5_census_freeze_cc356f3_20260618/outputs/sc5_canonical_eng/sc5_mlp_s2.pt --source_commit 63793972743f667c6a6bcc12e9700f322f261147 --output_dir /data/liuyu/outputs/cross_suite_clean_train300_s10_19_20260620/goal_recovery_B_gpu54/libero_goal_t02_s15 --render_gpu 5 --save_video,CLEAN,2026-06-20T13:22:08+0800,0,libero_goal_t02_s15,/data/liuyu/outputs/cross_suite_clean_train300_s10_19_20260620/logs/worker_goal_recovery_B_gpu54/libero_goal_t02_s15.log,/data/aviary/models/openvla/openvla-7b-finetuned-libero-goal,/data/liuyu/outputs/cross_suite_clean_train300_s10_19_20260620/goal_gpu26/libero_goal_t02_s15,/data/liuyu/outputs/cross_suite_clean_train300_s10_19_20260620/goal_recovery_B_gpu54/libero_goal_t02_s15,13151,audit_pass,SHARD_B,5,0,a5f44c5795d4b9e5d51402e68cd5a15c0b7941117360684b0a65b0a874a803ec,train_pool,2026-06-20T13:18:45+0800,15,COMPLETE,libero_goal,2,libero_goal
/data/liuyu/outputs/cross_suite_clean_train300_s10_19_20260620/queue_status_worker_goal_recovery_B_gpu54.csv,goal_recovery_B,"5,4",worker_goal_recovery_B_gpu54,libero_goal|2|17|0|CLEAN,/data/aviary/envs/openvla_official_libero_20260525/bin/python /data/liuyu/repos/train300_collector_freeze_141657f/scripts/stageb/run_sc5_cross_suite_clean.py --suite libero_goal --model_path /data/aviary/models/openvla/openvla-7b-finetuned-libero-goal --unnorm_key libero_goal --task_idx 2 --state_id 17 --eval_seed 0 --detector_path /data/liuyu/repos/sc5_census_freeze_cc356f3_20260618/outputs/sc5_canonical_eng/sc5_mlp_s2.pt --source_commit 63793972743f667c6a6bcc12e9700f322f261147 --output_dir /data/liuyu/outputs/cross_suite_clean_train300_s10_19_20260620/goal_recovery_B_gpu54/libero_goal_t02_s17 --render_gpu 5 --save_video,CLEAN,2026-06-20T13:30:34+0800,0,libero_goal_t02_s17,/data/liuyu/outputs/cross_suite_clean_train300_s10_19_20260620/logs/worker_goal_recovery_B_gpu54/libero_goal_t02_s17.log,/data/aviary/models/openvla/openvla-7b-finetuned-libero-goal,/data/liuyu/outputs/cross_suite_clean_train300_s10_19_20260620/goal_gpu26/libero_goal_t02_s17,/data/liuyu/outputs/cross_suite_clean_train300_s10_19_20260620/goal_recovery_B_gpu54/libero_goal_t02_s17,13151,audit_pass,SHARD_B,5,0,a5f44c5795d4b9e5d51402e68cd5a15c0b7941117360684b0a65b0a874a803ec,train_pool,2026-06-20T13:22:08+0800,17,COMPLETE,libero_goal,2,libero_goal
/data/liuyu/outputs/cross_suite_clean_train300_s10_19_20260620/queue_status_worker_goal_recovery_B_gpu54.csv,goal_recovery_B,"5,4",worker_goal_recovery_B_gpu54,libero_goal|2|19|0|CLEAN,/data/aviary/envs/openvla_official_libero_20260525/bin/python /data/liuyu/repos/train300_collector_freeze_141657f/scripts/stageb/run_sc5_cross_suite_clean.py --suite libero_goal --model_path /data/aviary/models/openvla/openvla-7b-finetuned-libero-goal --unnorm_key libero_goal --task_idx 2 --state_id 19 --eval_seed 0 --detector_path /data/liuyu/repos/sc5_census_freeze_cc356f3_20260618/outputs/sc5_canonical_eng/sc5_mlp_s2.pt --source_commit 63793972743f667c6a6bcc12e9700f322f261147 --output_dir /data/liuyu/outputs/cross_suite_clean_train300_s10_19_20260620/goal_recovery_B_gpu54/libero_goal_t02_s19 --render_gpu 5 --save_video,CLEAN,2026-06-20T13:33:24+0800,0,libero_goal_t02_s19,/data/liuyu/outputs/cross_suite_clean_train300_s10_19_20260620/logs/worker_goal_recovery_B_gpu54/libero_goal_t02_s19.log,/data/aviary/models/openvla/openvla-7b-finetuned-libero-goal,/data/liuyu/outputs/cross_suite_clean_train300_s10_19_20260620/goal_gpu26/libero_goal_t02_s19,/data/liuyu/outputs/cross_suite_clean_train300_s10_19_20260620/goal_recovery_B_gpu54/libero_goal_t02_s19,13151,audit_pass,SHARD_B,5,0,a5f44c5795d4b9e5d51402e68cd5a15c0b7941117360684b0a65b0a874a803ec,validation_pool,2026-06-20T13:30:34+0800,19,COMPLETE,libero_goal,2,libero_goal
/data/liuyu/outputs/cross_suite_clean_train300_s10_19_20260620/queue_status_worker_goal_recovery_B_gpu54.csv,goal_recovery_B,"5,4",worker_goal_recovery_B_gpu54,libero_goal|3|11|0|CLEAN,/data/aviary/envs/openvla_official_libero_20260525/bin/python /data/liuyu/repos/train300_collector_freeze_141657f/scripts/stageb/run_sc5_cross_suite_clean.py --suite libero_goal --model_path /data/aviary/models/openvla/openvla-7b-finetuned-libero-goal --unnorm_key libero_goal --task_idx 3 --state_id 11 --eval_seed 0 --detector_path /data/liuyu/repos/sc5_census_freeze_cc356f3_20260618/outputs/sc5_canonical_eng/sc5_mlp_s2.pt --source_commit 63793972743f667c6a6bcc12e9700f322f261147 --output_dir /data/liuyu/outputs/cross_suite_clean_train300_s10_19_20260620/goal_recovery_B_gpu54/libero_goal_t03_s11 --render_gpu 5 --save_video,CLEAN,2026-06-20T13:39:42+0800,0,libero_goal_t03_s11,/data/liuyu/outputs/cross_suite_clean_train300_s10_19_20260620/logs/worker_goal_recovery_B_gpu54/libero_goal_t03_s11.log,/data/aviary/models/openvla/openvla-7b-finetuned-libero-goal,/data/liuyu/outputs/cross_suite_clean_train300_s10_19_20260620/goal_gpu26/libero_goal_t03_s11,/data/liuyu/outputs/cross_suite_clean_train300_s10_19_20260620/goal_recovery_B_gpu54/libero_goal_t03_s11,13151,audit_pass,SHARD_B,5,0,a5f44c5795d4b9e5d51402e68cd5a15c0b7941117360684b0a65b0a874a803ec,train_pool,2026-06-20T13:33:24+0800,11,COMPLETE,libero_goal,3,libero_goal
/data/liuyu/outputs/cross_suite_clean_train300_s10_19_20260620/queue_status_worker_goal_recovery_B_gpu54.csv,goal_recovery_B,"5,4",worker_goal_recovery_B_gpu54,libero_goal|3|13|0|CLEAN,/data/aviary/envs/openvla_official_libero_20260525/bin/python /data/liuyu/repos/train300_collector_freeze_141657f/scripts/stageb/run_sc5_cross_suite_clean.py --suite libero_goal --model_path /data/aviary/models/openvla/openvla-7b-finetuned-libero-goal --unnorm_key libero_goal --task_idx 3 --state_id 13 --eval_seed 0 --detector_path /data/liuyu/repos/sc5_census_freeze_cc356f3_20260618/outputs/sc5_canonical_eng/sc5_mlp_s2.pt --source_commit 63793972743f667c6a6bcc12e9700f322f261147 --output_dir /data/liuyu/outputs/cross_suite_clean_train300_s10_19_20260620/goal_recovery_B_gpu54/libero_goal_t03_s13 --render_gpu 5 --save_video,CLEAN,2026-06-20T13:48:22+0800,0,libero_goal_t03_s13,/data/liuyu/outputs/cross_suite_clean_train300_s10_19_20260620/logs/worker_goal_recovery_B_gpu54/libero_goal_t03_s13.log,/data/aviary/models/openvla/openvla-7b-finetuned-libero-goal,/data/liuyu/outputs/cross_suite_clean_train300_s10_19_20260620/goal_gpu26/libero_goal_t03_s13,/data/liuyu/outputs/cross_suite_clean_train300_s10_19_20260620/goal_recovery_B_gpu54/libero_goal_t03_s13,13151,audit_pass,SHARD_B,5,0,a5f44c5795d4b9e5d51402e68cd5a15c0b7941117360684b0a65b0a874a803ec,train_pool,2026-06-20T13:39:42+0800,13,COMPLETE,libero_goal,3,libero_goal
/data/liuyu/outputs/cross_suite_clean_train300_s10_19_20260620/queue_status_worker_goal_recovery_B_gpu54.csv,goal_recovery_B,"5,4",worker_goal_recovery_B_gpu54,libero_goal|3|15|0|CLEAN,/data/aviary/envs/openvla_official_libero_20260525/bin/python /data/liuyu/repos/train300_collector_freeze_141657f/scripts/stageb/run_sc5_cross_suite_clean.py --suite libero_goal --model_path /data/aviary/models/openvla/openvla-7b-finetuned-libero-goal --unnorm_key libero_goal --task_idx 3 --state_id 15 --eval_seed 0 --detector_path /data/liuyu/repos/sc5_census_freeze_cc356f3_20260618/outputs/sc5_canonical_eng/sc5_mlp_s2.pt --source_commit 63793972743f667c6a6bcc12e9700f322f261147 --output_dir /data/liuyu/outputs/cross_suite_clean_train300_s10_19_20260620/goal_recovery_B_gpu54/libero_goal_t03_s15 --render_gpu 5 --save_video,CLEAN,2026-06-20T13:57:01+0800,0,libero_goal_t03_s15,/data/liuyu/outputs/cross_suite_clean_train300_s10_19_20260620/logs/worker_goal_recovery_B_gpu54/libero_goal_t03_s15.log,/data/aviary/models/openvla/openvla-7b-finetuned-libero-goal,/data/liuyu/outputs/cross_suite_clean_train300_s10_19_20260620/goal_gpu26/libero_goal_t03_s15,/data/liuyu/outputs/cross_suite_clean_train300_s10_19_20260620/goal_recovery_B_gpu54/libero_goal_t03_s15,13151,audit_pass,SHARD_B,5,0,a5f44c5795d4b9e5d51402e68cd5a15c0b7941117360684b0a65b0a874a803ec,train_pool,2026-06-20T13:48:22+0800,15,COMPLETE,libero_goal,3,libero_goal
/data/liuyu/outputs/cross_suite_clean_train300_s10_19_20260620/queue_status_worker_goal_recovery_B_gpu54.csv,goal_recovery_B,"5,4",worker_goal_recovery_B_gpu54,libero_goal|3|17|0|CLEAN,/data/aviary/envs/openvla_official_libero_20260525/bin/python /data/liuyu/repos/train300_collector_freeze_141657f/scripts/stageb/run_sc5_cross_suite_clean.py --suite libero_goal --model_path /data/aviary/models/openvla/openvla-7b-finetuned-libero-goal --unnorm_key libero_goal --task_idx 3 --state_id 17 --eval_seed 0 --detector_path /data/liuyu/repos/sc5_census_freeze_cc356f3_20260618/outputs/sc5_canonical_eng/sc5_mlp_s2.pt --source_commit 63793972743f667c6a6bcc12e9700f322f261147 --output_dir /data/liuyu/outputs/cross_suite_clean_train300_s10_19_20260620/goal_recovery_B_gpu54/libero_goal_t03_s17 --render_gpu 5 --save_video,CLEAN,2026-06-20T14:01:48+0800,0,libero_goal_t03_s17,/data/liuyu/outputs/cross_suite_clean_train300_s10_19_20260620/logs/worker_goal_recovery_B_gpu54/libero_goal_t03_s17.log,/data/aviary/models/openvla/openvla-7b-finetuned-libero-goal,/data/liuyu/outputs/cross_suite_clean_train300_s10_19_20260620/goal_gpu26/libero_goal_t03_s17,/data/liuyu/outputs/cross_suite_clean_train300_s10_19_20260620/goal_recovery_B_gpu54/libero_goal_t03_s17,13151,audit_pass,SHARD_B,5,0,a5f44c5795d4b9e5d51402e68cd5a15c0b7941117360684b0a65b0a874a803ec,train_pool,2026-06-20T13:57:01+0800,17,COMPLETE,libero_goal,3,libero_goal
/data/liuyu/outputs/cross_suite_clean_train300_s10_19_20260620/queue_status_worker_goal_recovery_B_gpu54.csv,goal_recovery_B,"5,4",worker_goal_recovery_B_gpu54,libero_goal|3|19|0|CLEAN,/data/aviary/envs/openvla_official_libero_20260525/bin/python /data/liuyu/repos/train300_collector_freeze_141657f/scripts/stageb/run_sc5_cross_suite_clean.py --suite libero_goal --model_path /data/aviary/models/openvla/openvla-7b-finetuned-libero-goal --unnorm_key libero_goal --task_idx 3 --state_id 19 --eval_seed 0 --detector_path /data/liuyu/repos/sc5_census_freeze_cc356f3_20260618/outputs/sc5_canonical_eng/sc5_mlp_s2.pt --source_commit 63793972743f667c6a6bcc12e9700f322f261147 --output_dir /data/liuyu/outputs/cross_suite_clean_train300_s10_19_20260620/goal_recovery_B_gpu54/libero_goal_t03_s19 --render_gpu 5 --save_video,CLEAN,2026-06-20T14:06:33+0800,0,libero_goal_t03_s19,/data/liuyu/outputs/cross_suite_clean_train300_s10_19_20260620/logs/worker_goal_recovery_B_gpu54/libero_goal_t03_s19.log,/data/aviary/models/openvla/openvla-7b-finetuned-libero-goal,/data/liuyu/outputs/cross_suite_clean_train300_s10_19_20260620/goal_gpu26/libero_goal_t03_s19,/data/liuyu/outputs/cross_suite_clean_train300_s10_19_20260620/goal_recovery_B_gpu54/libero_goal_t03_s19,13151,audit_pass,SHARD_B,5,0,a5f44c5795d4b9e5d51402e68cd5a15c0b7941117360684b0a65b0a874a803ec,validation_pool,2026-06-20T14:01:48+0800,19,COMPLETE,libero_goal,3,libero_goal
/data/liuyu/outputs/cross_suite_clean_train300_s10_19_20260620/queue_status_worker_goal_recovery_B_gpu54.csv,goal_recovery_B,"5,4",worker_goal_recovery_B_gpu54,libero_goal|4|11|0|CLEAN,/data/aviary/envs/openvla_official_libero_20260525/bin/python /data/liuyu/repos/train300_collector_freeze_141657f/scripts/stageb/run_sc5_cross_suite_clean.py --suite libero_goal --model_path /data/aviary/models/openvla/openvla-7b-finetuned-libero-goal --unnorm_key libero_goal --task_idx 4 --state_id 11 --eval_seed 0 --detector_path /data/liuyu/repos/sc5_census_freeze_cc356f3_20260618/outputs/sc5_canonical_eng/sc5_mlp_s2.pt --source_commit 63793972743f667c6a6bcc12e9700f322f261147 --output_dir /data/liuyu/outputs/cross_suite_clean_train300_s10_19_20260620/goal_recovery_B_gpu54/libero_goal_t04_s11 --render_gpu 5 --save_video,CLEAN,2026-06-20T14:09:12+0800,0,libero_goal_t04_s11,/data/liuyu/outputs/cross_suite_clean_train300_s10_19_20260620/logs/worker_goal_recovery_B_gpu54/libero_goal_t04_s11.log,/data/aviary/models/openvla/openvla-7b-finetuned-libero-goal,/data/liuyu/outputs/cross_suite_clean_train300_s10_19_20260620/goal_gpu26/libero_goal_t04_s11,/data/liuyu/outputs/cross_suite_clean_train300_s10_19_20260620/goal_recovery_B_gpu54/libero_goal_t04_s11,13151,audit_pass,SHARD_B,5,0,a5f44c5795d4b9e5d51402e68cd5a15c0b7941117360684b0a65b0a874a803ec,train_pool,2026-06-20T14:06:33+0800,11,COMPLETE,libero_goal,4,libero_goal
/data/liuyu/outputs/cross_suite_clean_train300_s10_19_20260620/queue_status_worker_goal_recovery_B_gpu54.csv,goal_recovery_B,"5,4",worker_goal_recovery_B_gpu54,libero_goal|4|13|0|CLEAN,/data/aviary/envs/openvla_official_libero_20260525/bin/python /data/liuyu/repos/train300_collector_freeze_141657f/scripts/stageb/run_sc5_cross_suite_clean.py --suite libero_goal --model_path /data/aviary/models/openvla/openvla-7b-finetuned-libero-goal --unnorm_key libero_goal --task_idx 4 --state_id 13 --eval_seed 0 --detector_path /data/liuyu/repos/sc5_census_freeze_cc356f3_20260618/outputs/sc5_canonical_eng/sc5_mlp_s2.pt --source_commit 63793972743f667c6a6bcc12e9700f322f261147 --output_dir /data/liuyu/outputs/cross_suite_clean_train300_s10_19_20260620/goal_recovery_B_gpu54/libero_goal_t04_s13 --render_gpu 5 --save_video,CLEAN,2026-06-20T14:11:51+0800,0,libero_goal_t04_s13,/data/liuyu/outputs/cross_suite_clean_train300_s10_19_20260620/logs/worker_goal_recovery_B_gpu54/libero_goal_t04_s13.log,/data/aviary/models/openvla/openvla-7b-finetuned-libero-goal,/data/liuyu/outputs/cross_suite_clean_train300_s10_19_20260620/goal_gpu26/libero_goal_t04_s13,/data/liuyu/outputs/cross_suite_clean_train300_s10_19_20260620/goal_recovery_B_gpu54/libero_goal_t04_s13,13151,audit_pass,SHARD_B,5,0,a5f44c5795d4b9e5d51402e68cd5a15c0b7941117360684b0a65b0a874a803ec,train_pool,2026-06-20T14:09:12+0800,13,COMPLETE,libero_goal,4,libero_goal
/data/liuyu/outputs/cross_suite_clean_train300_s10_19_20260620/queue_status_worker_goal_recovery_B_gpu54.csv,goal_recovery_B,"5,4",worker_goal_recovery_B_gpu54,libero_goal|4|15|0|CLEAN,/data/aviary/envs/openvla_official_libero_20260525/bin/python /data/liuyu/repos/train300_collector_freeze_141657f/scripts/stageb/run_sc5_cross_suite_clean.py --suite libero_goal --model_path /data/aviary/models/openvla/openvla-7b-finetuned-libero-goal --unnorm_key libero_goal --task_idx 4 --state_id 15 --eval_seed 0 --detector_path /data/liuyu/repos/sc5_census_freeze_cc356f3_20260618/outputs/sc5_canonical_eng/sc5_mlp_s2.pt --source_commit 63793972743f667c6a6bcc12e9700f322f261147 --output_dir /data/liuyu/outputs/cross_suite_clean_train300_s10_19_20260620/goal_recovery_B_gpu54/libero_goal_t04_s15 --render_gpu 5 --save_video,CLEAN,2026-06-20T14:14:27+0800,0,libero_goal_t04_s15,/data/liuyu/outputs/cross_suite_clean_train300_s10_19_20260620/logs/worker_goal_recovery_B_gpu54/libero_goal_t04_s15.log,/data/aviary/models/openvla/openvla-7b-finetuned-libero-goal,/data/liuyu/outputs/cross_suite_clean_train300_s10_19_20260620/goal_gpu26/libero_goal_t04_s15,/data/liuyu/outputs/cross_suite_clean_train300_s10_19_20260620/goal_recovery_B_gpu54/libero_goal_t04_s15,13151,audit_pass,SHARD_B,5,0,a5f44c5795d4b9e5d51402e68cd5a15c0b7941117360684b0a65b0a874a803ec,train_pool,2026-06-20T14:11:51+0800,15,COMPLETE,libero_goal,4,libero_goal
/data/liuyu/outputs/cross_suite_clean_train300_s10_19_20260620/queue_status_worker_goal_recovery_B_gpu54.csv,goal_recovery_B,"5,4",worker_goal_recovery_B_gpu54,libero_goal|4|17|0|CLEAN,/data/aviary/envs/openvla_official_libero_20260525/bin/python /data/liuyu/repos/train300_collector_freeze_141657f/scripts/stageb/run_sc5_cross_suite_clean.py --suite libero_goal --model_path /data/aviary/models/openvla/openvla-7b-finetuned-libero-goal --unnorm_key libero_goal --task_idx 4 --state_id 17 --eval_seed 0 --detector_path /data/liuyu/repos/sc5_census_freeze_cc356f3_20260618/outputs/sc5_canonical_eng/sc5_mlp_s2.pt --source_commit 63793972743f667c6a6bcc12e9700f322f261147 --output_dir /data/liuyu/outputs/cross_suite_clean_train300_s10_19_20260620/goal_recovery_B_gpu54/libero_goal_t04_s17 --render_gpu 5 --save_video,CLEAN,2026-06-20T14:17:44+0800,0,libero_goal_t04_s17,/data/liuyu/outputs/cross_suite_clean_train300_s10_19_20260620/logs/worker_goal_recovery_B_gpu54/libero_goal_t04_s17.log,/data/aviary/models/openvla/openvla-7b-finetuned-libero-goal,/data/liuyu/outputs/cross_suite_clean_train300_s10_19_20260620/goal_gpu26/libero_goal_t04_s17,/data/liuyu/outputs/cross_suite_clean_train300_s10_19_20260620/goal_recovery_B_gpu54/libero_goal_t04_s17,13151,audit_pass,SHARD_B,5,0,a5f44c5795d4b9e5d51402e68cd5a15c0b7941117360684b0a65b0a874a803ec,train_pool,2026-06-20T14:14:27+0800,17,COMPLETE,libero_goal,4,libero_goal
/data/liuyu/outputs/cross_suite_clean_train300_s10_19_20260620/queue_status_worker_goal_recovery_B_gpu54.csv,goal_recovery_B,"5,4",worker_goal_recovery_B_gpu54,libero_goal|4|19|0|CLEAN,/data/aviary/envs/openvla_official_libero_20260525/bin/python /data/liuyu/repos/train300_collector_freeze_141657f/scripts/stageb/run_sc5_cross_suite_clean.py --suite libero_goal --model_path /data/aviary/models/openvla/openvla-7b-finetuned-libero-goal --unnorm_key libero_goal --task_idx 4 --state_id 19 --eval_seed 0 --detector_path /data/liuyu/repos/sc5_census_freeze_cc356f3_20260618/outputs/sc5_canonical_eng/sc5_mlp_s2.pt --source_commit 63793972743f667c6a6bcc12e9700f322f261147 --output_dir /data/liuyu/outputs/cross_suite_clean_train300_s10_19_20260620/goal_recovery_B_gpu54/libero_goal_t04_s19 --render_gpu 5 --save_video,CLEAN,2026-06-20T14:20:15+0800,0,libero_goal_t04_s19,/data/liuyu/outputs/cross_suite_clean_train300_s10_19_20260620/logs/worker_goal_recovery_B_gpu54/libero_goal_t04_s19.log,/data/aviary/models/openvla/openvla-7b-finetuned-libero-goal,/data/liuyu/outputs/cross_suite_clean_train300_s10_19_20260620/goal_gpu26/libero_goal_t04_s19,/data/liuyu/outputs/cross_suite_clean_train300_s10_19_20260620/goal_recovery_B_gpu54/libero_goal_t04_s19,13151,audit_pass,SHARD_B,5,0,a5f44c5795d4b9e5d51402e68cd5a15c0b7941117360684b0a65b0a874a803ec,validation_pool,2026-06-20T14:17:44+0800,19,COMPLETE,libero_goal,4,libero_goal
/data/liuyu/outputs/cross_suite_clean_train300_s10_19_20260620/queue_status_worker_goal_recovery_B_gpu54.csv,goal_recovery_B,"5,4",worker_goal_recovery_B_gpu54,libero_goal|5|11|0|CLEAN,/data/aviary/envs/openvla_official_libero_20260525/bin/python /data/liuyu/repos/train300_collector_freeze_141657f/scripts/stageb/run_sc5_cross_suite_clean.py --suite libero_goal --model_path /data/aviary/models/openvla/openvla-7b-finetuned-libero-goal --unnorm_key libero_goal --task_idx 5 --state_id 11 --eval_seed 0 --detector_path /data/liuyu/repos/sc5_census_freeze_cc356f3_20260618/outputs/sc5_canonical_eng/sc5_mlp_s2.pt --source_commit 63793972743f667c6a6bcc12e9700f322f261147 --output_dir /data/liuyu/outputs/cross_suite_clean_train300_s10_19_20260620/goal_recovery_B_gpu54/libero_goal_t05_s11 --render_gpu 5 --save_video,CLEAN,2026-06-20T14:28:42+0800,0,libero_goal_t05_s11,/data/liuyu/outputs/cross_suite_clean_train300_s10_19_20260620/logs/worker_goal_recovery_B_gpu54/libero_goal_t05_s11.log,/data/aviary/models/openvla/openvla-7b-finetuned-libero-goal,/data/liuyu/outputs/cross_suite_clean_train300_s10_19_20260620/goal_gpu26/libero_goal_t05_s11,/data/liuyu/outputs/cross_suite_clean_train300_s10_19_20260620/goal_recovery_B_gpu54/libero_goal_t05_s11,13151,audit_pass,SHARD_B,5,0,a5f44c5795d4b9e5d51402e68cd5a15c0b7941117360684b0a65b0a874a803ec,train_pool,2026-06-20T14:20:15+0800,11,COMPLETE,libero_goal,5,libero_goal
/data/liuyu/outputs/cross_suite_clean_train300_s10_19_20260620/queue_status_worker_goal_recovery_B_gpu54.csv,goal_recovery_B,"5,4",worker_goal_recovery_B_gpu54,libero_goal|5|13|0|CLEAN,/data/aviary/envs/openvla_official_libero_20260525/bin/python /data/liuyu/repos/train300_collector_freeze_141657f/scripts/stageb/run_sc5_cross_suite_clean.py --suite libero_goal --model_path /data/aviary/models/openvla/openvla-7b-finetuned-libero-goal --unnorm_key libero_goal --task_idx 5 --state_id 13 --eval_seed 0 --detector_path /data/liuyu/repos/sc5_census_freeze_cc356f3_20260618/outputs/sc5_canonical_eng/sc5_mlp_s2.pt --source_commit 63793972743f667c6a6bcc12e9700f322f261147 --output_dir /data/liuyu/outputs/cross_suite_clean_train300_s10_19_20260620/goal_recovery_B_gpu54/libero_goal_t05_s13 --render_gpu 5 --save_video,CLEAN,2026-06-20T14:37:04+0800,0,libero_goal_t05_s13,/data/liuyu/outputs/cross_suite_clean_train300_s10_19_20260620/logs/worker_goal_recovery_B_gpu54/libero_goal_t05_s13.log,/data/aviary/models/openvla/openvla-7b-finetuned-libero-goal,/data/liuyu/outputs/cross_suite_clean_train300_s10_19_20260620/goal_gpu26/libero_goal_t05_s13,/data/liuyu/outputs/cross_suite_clean_train300_s10_19_20260620/goal_recovery_B_gpu54/libero_goal_t05_s13,13151,audit_pass,SHARD_B,5,0,a5f44c5795d4b9e5d51402e68cd5a15c0b7941117360684b0a65b0a874a803ec,train_pool,2026-06-20T14:28:42+0800,13,COMPLETE,libero_goal,5,libero_goal
/data/liuyu/outputs/cross_suite_clean_train300_s10_19_20260620/queue_status_worker_goal_recovery_B_gpu54.csv,goal_recovery_B,"5,4",worker_goal_recovery_B_gpu54,libero_goal|5|15|0|CLEAN,/data/aviary/envs/openvla_official_libero_20260525/bin/python /data/liuyu/repos/train300_collector_freeze_141657f/scripts/stageb/run_sc5_cross_suite_clean.py --suite libero_goal --model_path /data/aviary/models/openvla/openvla-7b-finetuned-libero-goal --unnorm_key libero_goal --task_idx 5 --state_id 15 --eval_seed 0 --detector_path /data/liuyu/repos/sc5_census_freeze_cc356f3_20260618/outputs/sc5_canonical_eng/sc5_mlp_s2.pt --source_commit 63793972743f667c6a6bcc12e9700f322f261147 --output_dir /data/liuyu/outputs/cross_suite_clean_train300_s10_19_20260620/goal_recovery_B_gpu54/libero_goal_t05_s15 --render_gpu 5 --save_video,CLEAN,2026-06-20T14:42:09+0800,0,libero_goal_t05_s15,/data/liuyu/outputs/cross_suite_clean_train300_s10_19_20260620/logs/worker_goal_recovery_B_gpu54/libero_goal_t05_s15.log,/data/aviary/models/openvla/openvla-7b-finetuned-libero-goal,/data/liuyu/outputs/cross_suite_clean_train300_s10_19_20260620/goal_gpu26/libero_goal_t05_s15,/data/liuyu/outputs/cross_suite_clean_train300_s10_19_20260620/goal_recovery_B_gpu54/libero_goal_t05_s15,13151,audit_pass,SHARD_B,5,0,a5f44c5795d4b9e5d51402e68cd5a15c0b7941117360684b0a65b0a874a803ec,train_pool,2026-06-20T14:37:04+0800,15,COMPLETE,libero_goal,5,libero_goal
/data/liuyu/outputs/cross_suite_clean_train300_s10_19_20260620/queue_status_worker_goal_recovery_B_gpu54.csv,goal_recovery_B,"5,4",worker_goal_recovery_B_gpu54,libero_goal|5|17|0|CLEAN,/data/aviary/envs/openvla_official_libero_20260525/bin/python /data/liuyu/repos/train300_collector_freeze_141657f/scripts/stageb/run_sc5_cross_suite_clean.py --suite libero_goal --model_path /data/aviary/models/openvla/openvla-7b-finetuned-libero-goal --unnorm_key libero_goal --task_idx 5 --state_id 17 --eval_seed 0 --detector_path /data/liuyu/repos/sc5_census_freeze_cc356f3_20260618/outputs/sc5_canonical_eng/sc5_mlp_s2.pt --source_commit 63793972743f667c6a6bcc12e9700f322f261147 --output_dir /data/liuyu/outputs/cross_suite_clean_train300_s10_19_20260620/goal_recovery_B_gpu54/libero_goal_t05_s17 --render_gpu 5 --save_video,CLEAN,2026-06-20T14:45:19+0800,0,libero_goal_t05_s17,/data/liuyu/outputs/cross_suite_clean_train300_s10_19_20260620/logs/worker_goal_recovery_B_gpu54/libero_goal_t05_s17.log,/data/aviary/models/openvla/openvla-7b-finetuned-libero-goal,/data/liuyu/outputs/cross_suite_clean_train300_s10_19_20260620/goal_gpu26/libero_goal_t05_s17,/data/liuyu/outputs/cross_suite_clean_train300_s10_19_20260620/goal_recovery_B_gpu54/libero_goal_t05_s17,13151,audit_pass,SHARD_B,5,0,a5f44c5795d4b9e5d51402e68cd5a15c0b7941117360684b0a65b0a874a803ec,train_pool,2026-06-20T14:42:09+0800,17,COMPLETE,libero_goal,5,libero_goal
/data/liuyu/outputs/cross_suite_clean_train300_s10_19_20260620/queue_status_worker_goal_recovery_B_gpu54.csv,goal_recovery_B,"5,4",worker_goal_recovery_B_gpu54,libero_goal|5|19|0|CLEAN,/data/aviary/envs/openvla_official_libero_20260525/bin/python /data/liuyu/repos/train300_collector_freeze_141657f/scripts/stageb/run_sc5_cross_suite_clean.py --suite libero_goal --model_path /data/aviary/models/openvla/openvla-7b-finetuned-libero-goal --unnorm_key libero_goal --task_idx 5 --state_id 19 --eval_seed 0 --detector_path /data/liuyu/repos/sc5_census_freeze_cc356f3_20260618/outputs/sc5_canonical_eng/sc5_mlp_s2.pt --source_commit 63793972743f667c6a6bcc12e9700f322f261147 --output_dir /data/liuyu/outputs/cross_suite_clean_train300_s10_19_20260620/goal_recovery_B_gpu54/libero_goal_t05_s19 --render_gpu 5 --save_video,CLEAN,2026-06-20T14:48:52+0800,0,libero_goal_t05_s19,/data/liuyu/outputs/cross_suite_clean_train300_s10_19_20260620/logs/worker_goal_recovery_B_gpu54/libero_goal_t05_s19.log,/data/aviary/models/openvla/openvla-7b-finetuned-libero-goal,/data/liuyu/outputs/cross_suite_clean_train300_s10_19_20260620/goal_gpu26/libero_goal_t05_s19,/data/liuyu/outputs/cross_suite_clean_train300_s10_19_20260620/goal_recovery_B_gpu54/libero_goal_t05_s19,13151,audit_pass,SHARD_B,5,0,a5f44c5795d4b9e5d51402e68cd5a15c0b7941117360684b0a65b0a874a803ec,validation_pool,2026-06-20T14:45:19+0800,19,COMPLETE,libero_goal,5,libero_goal
/data/liuyu/outputs/cross_suite_clean_train300_s10_19_20260620/queue_status_worker_goal_recovery_B_gpu54.csv,goal_recovery_B,"5,4",worker_goal_recovery_B_gpu54,libero_goal|6|11|0|CLEAN,/data/aviary/envs/openvla_official_libero_20260525/bin/python /data/liuyu/repos/train300_collector_freeze_141657f/scripts/stageb/run_sc5_cross_suite_clean.py --suite libero_goal --model_path /data/aviary/models/openvla/openvla-7b-finetuned-libero-goal --unnorm_key libero_goal --task_idx 6 --state_id 11 --eval_seed 0 --detector_path /data/liuyu/repos/sc5_census_freeze_cc356f3_20260618/outputs/sc5_canonical_eng/sc5_mlp_s2.pt --source_commit 63793972743f667c6a6bcc12e9700f322f261147 --output_dir /data/liuyu/outputs/cross_suite_clean_train300_s10_19_20260620/goal_recovery_B_gpu54/libero_goal_t06_s11 --render_gpu 5 --save_video,CLEAN,2026-06-20T14:57:38+0800,0,libero_goal_t06_s11,/data/liuyu/outputs/cross_suite_clean_train300_s10_19_20260620/logs/worker_goal_recovery_B_gpu54/libero_goal_t06_s11.log,/data/aviary/models/openvla/openvla-7b-finetuned-libero-goal,/data/liuyu/outputs/cross_suite_clean_train300_s10_19_20260620/goal_gpu26/libero_goal_t06_s11,/data/liuyu/outputs/cross_suite_clean_train300_s10_19_20260620/goal_recovery_B_gpu54/libero_goal_t06_s11,13151,audit_pass,SHARD_B,5,0,a5f44c5795d4b9e5d51402e68cd5a15c0b7941117360684b0a65b0a874a803ec,train_pool,2026-06-20T14:48:52+0800,11,COMPLETE,libero_goal,6,libero_goal
/data/liuyu/outputs/cross_suite_clean_train300_s10_19_20260620/queue_status_worker_goal_recovery_B_gpu54.csv,goal_recovery_B,"5,4",worker_goal_recovery_B_gpu54,libero_goal|6|13|0|CLEAN,/data/aviary/envs/openvla_official_libero_20260525/bin/python /data/liuyu/repos/train300_collector_freeze_141657f/scripts/stageb/run_sc5_cross_suite_clean.py --suite libero_goal --model_path /data/aviary/models/openvla/openvla-7b-finetuned-libero-goal --unnorm_key libero_goal --task_idx 6 --state_id 13 --eval_seed 0 --detector_path /data/liuyu/repos/sc5_census_freeze_cc356f3_20260618/outputs/sc5_canonical_eng/sc5_mlp_s2.pt --source_commit 63793972743f667c6a6bcc12e9700f322f261147 --output_dir /data/liuyu/outputs/cross_suite_clean_train300_s10_19_20260620/goal_recovery_B_gpu54/libero_goal_t06_s13 --render_gpu 5 --save_video,CLEAN,2026-06-20T15:00:26+0800,0,libero_goal_t06_s13,/data/liuyu/outputs/cross_suite_clean_train300_s10_19_20260620/logs/worker_goal_recovery_B_gpu54/libero_goal_t06_s13.log,/data/aviary/models/openvla/openvla-7b-finetuned-libero-goal,/data/liuyu/outputs/cross_suite_clean_train300_s10_19_20260620/goal_gpu26/libero_goal_t06_s13,/data/liuyu/outputs/cross_suite_clean_train300_s10_19_20260620/goal_recovery_B_gpu54/libero_goal_t06_s13,13151,audit_pass,SHARD_B,5,0,a5f44c5795d4b9e5d51402e68cd5a15c0b7941117360684b0a65b0a874a803ec,train_pool,2026-06-20T14:57:38+0800,13,COMPLETE,libero_goal,6,libero_goal
/data/liuyu/outputs/cross_suite_clean_train300_s10_19_20260620/queue_status_worker_goal_recovery_B_gpu54.csv,goal_recovery_B,"5,4",worker_goal_recovery_B_gpu54,libero_goal|6|15|0|CLEAN,/data/aviary/envs/openvla_official_libero_20260525/bin/python /data/liuyu/repos/train300_collector_freeze_141657f/scripts/stageb/run_sc5_cross_suite_clean.py --suite libero_goal --model_path /data/aviary/models/openvla/openvla-7b-finetuned-libero-goal --unnorm_key libero_goal --task_idx 6 --state_id 15 --eval_seed 0 --detector_path /data/liuyu/repos/sc5_census_freeze_cc356f3_20260618/outputs/sc5_canonical_eng/sc5_mlp_s2.pt --source_commit 63793972743f667c6a6bcc12e9700f322f261147 --output_dir /data/liuyu/outputs/cross_suite_clean_train300_s10_19_20260620/goal_recovery_B_gpu54/libero_goal_t06_s15 --render_gpu 5 --save_video,CLEAN,2026-06-20T15:03:21+0800,0,libero_goal_t06_s15,/data/liuyu/outputs/cross_suite_clean_train300_s10_19_20260620/logs/worker_goal_recovery_B_gpu54/libero_goal_t06_s15.log,/data/aviary/models/openvla/openvla-7b-finetuned-libero-goal,/data/liuyu/outputs/cross_suite_clean_train300_s10_19_20260620/goal_gpu26/libero_goal_t06_s15,/data/liuyu/outputs/cross_suite_clean_train300_s10_19_20260620/goal_recovery_B_gpu54/libero_goal_t06_s15,13151,audit_pass,SHARD_B,5,0,a5f44c5795d4b9e5d51402e68cd5a15c0b7941117360684b0a65b0a874a803ec,train_pool,2026-06-20T15:00:26+0800,15,COMPLETE,libero_goal,6,libero_goal
/data/liuyu/outputs/cross_suite_clean_train300_s10_19_20260620/queue_status_worker_goal_recovery_B_gpu54.csv,goal_recovery_B,"5,4",worker_goal_recovery_B_gpu54,libero_goal|6|17|0|CLEAN,/data/aviary/envs/openvla_official_libero_20260525/bin/python /data/liuyu/repos/train300_collector_freeze_141657f/scripts/stageb/run_sc5_cross_suite_clean.py --suite libero_goal --model_path /data/aviary/models/openvla/openvla-7b-finetuned-libero-goal --unnorm_key libero_goal --task_idx 6 --state_id 17 --eval_seed 0 --detector_path /data/liuyu/repos/sc5_census_freeze_cc356f3_20260618/outputs/sc5_canonical_eng/sc5_mlp_s2.pt --source_commit 63793972743f667c6a6bcc12e9700f322f261147 --output_dir /data/liuyu/outputs/cross_suite_clean_train300_s10_19_20260620/goal_recovery_B_gpu54/libero_goal_t06_s17 --render_gpu 5 --save_video,CLEAN,2026-06-20T15:06:09+0800,0,libero_goal_t06_s17,/data/liuyu/outputs/cross_suite_clean_train300_s10_19_20260620/logs/worker_goal_recovery_B_gpu54/libero_goal_t06_s17.log,/data/aviary/models/openvla/openvla-7b-finetuned-libero-goal,/data/liuyu/outputs/cross_suite_clean_train300_s10_19_20260620/goal_gpu26/libero_goal_t06_s17,/data/liuyu/outputs/cross_suite_clean_train300_s10_19_20260620/goal_recovery_B_gpu54/libero_goal_t06_s17,13151,audit_pass,SHARD_B,5,0,a5f44c5795d4b9e5d51402e68cd5a15c0b7941117360684b0a65b0a874a803ec,train_pool,2026-06-20T15:03:21+0800,17,COMPLETE,libero_goal,6,libero_goal
/data/liuyu/outputs/cross_suite_clean_train300_s10_19_20260620/queue_status_worker_goal_recovery_B_gpu54.csv,goal_recovery_B,"5,4",worker_goal_recovery_B_gpu54,libero_goal|6|19|0|CLEAN,/data/aviary/envs/openvla_official_libero_20260525/bin/python /data/liuyu/repos/train300_collector_freeze_141657f/scripts/stageb/run_sc5_cross_suite_clean.py --suite libero_goal --model_path /data/aviary/models/openvla/openvla-7b-finetuned-libero-goal --unnorm_key libero_goal --task_idx 6 --state_id 19 --eval_seed 0 --detector_path /data/liuyu/repos/sc5_census_freeze_cc356f3_20260618/outputs/sc5_canonical_eng/sc5_mlp_s2.pt --source_commit 63793972743f667c6a6bcc12e9700f322f261147 --output_dir /data/liuyu/outputs/cross_suite_clean_train300_s10_19_20260620/goal_recovery_B_gpu54/libero_goal_t06_s19 --render_gpu 5 --save_video,CLEAN,2026-06-20T15:08:27+0800,0,libero_goal_t06_s19,/data/liuyu/outputs/cross_suite_clean_train300_s10_19_20260620/logs/worker_goal_recovery_B_gpu54/libero_goal_t06_s19.log,/data/aviary/models/openvla/openvla-7b-finetuned-libero-goal,/data/liuyu/outputs/cross_suite_clean_train300_s10_19_20260620/goal_gpu26/libero_goal_t06_s19,/data/liuyu/outputs/cross_suite_clean_train300_s10_19_20260620/goal_recovery_B_gpu54/libero_goal_t06_s19,13151,audit_pass,SHARD_B,5,0,a5f44c5795d4b9e5d51402e68cd5a15c0b7941117360684b0a65b0a874a803ec,validation_pool,2026-06-20T15:06:09+0800,19,COMPLETE,libero_goal,6,libero_goal
/data/liuyu/outputs/cross_suite_clean_train300_s10_19_20260620/queue_status_worker_goal_recovery_B_gpu54.csv,goal_recovery_B,"5,4",worker_goal_recovery_B_gpu54,libero_goal|7|11|0|CLEAN,/data/aviary/envs/openvla_official_libero_20260525/bin/python /data/liuyu/repos/train300_collector_freeze_141657f/scripts/stageb/run_sc5_cross_suite_clean.py --suite libero_goal --model_path /data/aviary/models/openvla/openvla-7b-finetuned-libero-goal --unnorm_key libero_goal --task_idx 7 --state_id 11 --eval_seed 0 --detector_path /data/liuyu/repos/sc5_census_freeze_cc356f3_20260618/outputs/sc5_canonical_eng/sc5_mlp_s2.pt --source_commit 63793972743f667c6a6bcc12e9700f322f261147 --output_dir /data/liuyu/outputs/cross_suite_clean_train300_s10_19_20260620/goal_recovery_B_gpu54/libero_goal_t07_s11 --render_gpu 5 --save_video,CLEAN,2026-06-20T15:11:13+0800,0,libero_goal_t07_s11,/data/liuyu/outputs/cross_suite_clean_train300_s10_19_20260620/logs/worker_goal_recovery_B_gpu54/libero_goal_t07_s11.log,/data/aviary/models/openvla/openvla-7b-finetuned-libero-goal,/data/liuyu/outputs/cross_suite_clean_train300_s10_19_20260620/goal_gpu26/libero_goal_t07_s11,/data/liuyu/outputs/cross_suite_clean_train300_s10_19_20260620/goal_recovery_B_gpu54/libero_goal_t07_s11,13151,audit_pass,SHARD_B,5,0,a5f44c5795d4b9e5d51402e68cd5a15c0b7941117360684b0a65b0a874a803ec,train_pool,2026-06-20T15:08:27+0800,11,COMPLETE,libero_goal,7,libero_goal
/data/liuyu/outputs/cross_suite_clean_train300_s10_19_20260620/queue_status_worker_goal_recovery_B_gpu54.csv,goal_recovery_B,"5,4",worker_goal_recovery_B_gpu54,libero_goal|7|13|0|CLEAN,/data/aviary/envs/openvla_official_libero_20260525/bin/python /data/liuyu/repos/train300_collector_freeze_141657f/scripts/stageb/run_sc5_cross_suite_clean.py --suite libero_goal --model_path /data/aviary/models/openvla/openvla-7b-finetuned-libero-goal --unnorm_key libero_goal --task_idx 7 --state_id 13 --eval_seed 0 --detector_path /data/liuyu/repos/sc5_census_freeze_cc356f3_20260618/outputs/sc5_canonical_eng/sc5_mlp_s2.pt --source_commit 63793972743f667c6a6bcc12e9700f322f261147 --output_dir /data/liuyu/outputs/cross_suite_clean_train300_s10_19_20260620/goal_recovery_B_gpu54/libero_goal_t07_s13 --render_gpu 5 --save_video,CLEAN,2026-06-20T15:14:00+0800,0,libero_goal_t07_s13,/data/liuyu/outputs/cross_suite_clean_train300_s10_19_20260620/logs/worker_goal_recovery_B_gpu54/libero_goal_t07_s13.log,/data/aviary/models/openvla/openvla-7b-finetuned-libero-goal,/data/liuyu/outputs/cross_suite_clean_train300_s10_19_20260620/goal_gpu26/libero_goal_t07_s13,/data/liuyu/outputs/cross_suite_clean_train300_s10_19_20260620/goal_recovery_B_gpu54/libero_goal_t07_s13,13151,audit_pass,SHARD_B,5,0,a5f44c5795d4b9e5d51402e68cd5a15c0b7941117360684b0a65b0a874a803ec,train_pool,2026-06-20T15:11:13+0800,13,COMPLETE,libero_goal,7,libero_goal
/data/liuyu/outputs/cross_suite_clean_train300_s10_19_20260620/queue_status_worker_goal_recovery_B_gpu54.csv,goal_recovery_B,"5,4",worker_goal_recovery_B_gpu54,libero_goal|7|15|0|CLEAN,/data/aviary/envs/openvla_official_libero_20260525/bin/python /data/liuyu/repos/train300_collector_freeze_141657f/scripts/stageb/run_sc5_cross_suite_clean.py --suite libero_goal --model_path /data/aviary/models/openvla/openvla-7b-finetuned-libero-goal --unnorm_key libero_goal --task_idx 7 --state_id 15 --eval_seed 0 --detector_path /data/liuyu/repos/sc5_census_freeze_cc356f3_20260618/outputs/sc5_canonical_eng/sc5_mlp_s2.pt --source_commit 63793972743f667c6a6bcc12e9700f322f261147 --output_dir /data/liuyu/outputs/cross_suite_clean_train300_s10_19_20260620/goal_recovery_B_gpu54/libero_goal_t07_s15 --render_gpu 5 --save_video,CLEAN,2026-06-20T15:16:45+0800,0,libero_goal_t07_s15,/data/liuyu/outputs/cross_suite_clean_train300_s10_19_20260620/logs/worker_goal_recovery_B_gpu54/libero_goal_t07_s15.log,/data/aviary/models/openvla/openvla-7b-finetuned-libero-goal,/data/liuyu/outputs/cross_suite_clean_train300_s10_19_20260620/goal_gpu26/libero_goal_t07_s15,/data/liuyu/outputs/cross_suite_clean_train300_s10_19_20260620/goal_recovery_B_gpu54/libero_goal_t07_s15,13151,audit_pass,SHARD_B,5,0,a5f44c5795d4b9e5d51402e68cd5a15c0b7941117360684b0a65b0a874a803ec,train_pool,2026-06-20T15:14:00+0800,15,COMPLETE,libero_goal,7,libero_goal
/data/liuyu/outputs/cross_suite_clean_train300_s10_19_20260620/queue_status_worker_goal_recovery_B_gpu54.csv,goal_recovery_B,"5,4",worker_goal_recovery_B_gpu54,libero_goal|7|17|0|CLEAN,/data/aviary/envs/openvla_official_libero_20260525/bin/python /data/liuyu/repos/train300_collector_freeze_141657f/scripts/stageb/run_sc5_cross_suite_clean.py --suite libero_goal --model_path /data/aviary/models/openvla/openvla-7b-finetuned-libero-goal --unnorm_key libero_goal --task_idx 7 --state_id 17 --eval_seed 0 --detector_path /data/liuyu/repos/sc5_census_freeze_cc356f3_20260618/outputs/sc5_canonical_eng/sc5_mlp_s2.pt --source_commit 63793972743f667c6a6bcc12e9700f322f261147 --output_dir /data/liuyu/outputs/cross_suite_clean_train300_s10_19_20260620/goal_recovery_B_gpu54/libero_goal_t07_s17 --render_gpu 5 --save_video,CLEAN,2026-06-20T15:20:00+0800,0,libero_goal_t07_s17,/data/liuyu/outputs/cross_suite_clean_train300_s10_19_20260620/logs/worker_goal_recovery_B_gpu54/libero_goal_t07_s17.log,/data/aviary/models/openvla/openvla-7b-finetuned-libero-goal,/data/liuyu/outputs/cross_suite_clean_train300_s10_19_20260620/goal_gpu26/libero_goal_t07_s17,/data/liuyu/outputs/cross_suite_clean_train300_s10_19_20260620/goal_recovery_B_gpu54/libero_goal_t07_s17,13151,audit_pass,SHARD_B,5,0,a5f44c5795d4b9e5d51402e68cd5a15c0b7941117360684b0a65b0a874a803ec,train_pool,2026-06-20T15:16:45+0800,17,COMPLETE,libero_goal,7,libero_goal
/data/liuyu/outputs/cross_suite_clean_train300_s10_19_20260620/queue_status_worker_goal_recovery_B_gpu54.csv,goal_recovery_B,"5,4",worker_goal_recovery_B_gpu54,libero_goal|7|19|0|CLEAN,/data/aviary/envs/openvla_official_libero_20260525/bin/python /data/liuyu/repos/train300_collector_freeze_141657f/scripts/stageb/run_sc5_cross_suite_clean.py --suite libero_goal --model_path /data/aviary/models/openvla/openvla-7b-finetuned-libero-goal --unnorm_key libero_goal --task_idx 7 --state_id 19 --eval_seed 0 --detector_path /data/liuyu/repos/sc5_census_freeze_cc356f3_20260618/outputs/sc5_canonical_eng/sc5_mlp_s2.pt --source_commit 63793972743f667c6a6bcc12e9700f322f261147 --output_dir /data/liuyu/outputs/cross_suite_clean_train300_s10_19_20260620/goal_recovery_B_gpu54/libero_goal_t07_s19 --render_gpu 5 --save_video,CLEAN,2026-06-20T15:22:52+0800,0,libero_goal_t07_s19,/data/liuyu/outputs/cross_suite_clean_train300_s10_19_20260620/logs/worker_goal_recovery_B_gpu54/libero_goal_t07_s19.log,/data/aviary/models/openvla/openvla-7b-finetuned-libero-goal,/data/liuyu/outputs/cross_suite_clean_train300_s10_19_20260620/goal_gpu26/libero_goal_t07_s19,/data/liuyu/outputs/cross_suite_clean_train300_s10_19_20260620/goal_recovery_B_gpu54/libero_goal_t07_s19,13151,audit_pass,SHARD_B,5,0,a5f44c5795d4b9e5d51402e68cd5a15c0b7941117360684b0a65b0a874a803ec,validation_pool,2026-06-20T15:20:00+0800,19,COMPLETE,libero_goal,7,libero_goal
/data/liuyu/outputs/cross_suite_clean_train300_s10_19_20260620/queue_status_worker_goal_recovery_B_gpu54.csv,goal_recovery_B,"5,4",worker_goal_recovery_B_gpu54,libero_goal|8|11|0|CLEAN,/data/aviary/envs/openvla_official_libero_20260525/bin/python /data/liuyu/repos/train300_collector_freeze_141657f/scripts/stageb/run_sc5_cross_suite_clean.py --suite libero_goal --model_path /data/aviary/models/openvla/openvla-7b-finetuned-libero-goal --unnorm_key libero_goal --task_idx 8 --state_id 11 --eval_seed 0 --detector_path /data/liuyu/repos/sc5_census_freeze_cc356f3_20260618/outputs/sc5_canonical_eng/sc5_mlp_s2.pt --source_commit 63793972743f667c6a6bcc12e9700f322f261147 --output_dir /data/liuyu/outputs/cross_suite_clean_train300_s10_19_20260620/goal_recovery_B_gpu54/libero_goal_t08_s11 --render_gpu 5 --save_video,CLEAN,2026-06-20T15:26:38+0800,0,libero_goal_t08_s11,/data/liuyu/outputs/cross_suite_clean_train300_s10_19_20260620/logs/worker_goal_recovery_B_gpu54/libero_goal_t08_s11.log,/data/aviary/models/openvla/openvla-7b-finetuned-libero-goal,/data/liuyu/outputs/cross_suite_clean_train300_s10_19_20260620/goal_gpu26/libero_goal_t08_s11,/data/liuyu/outputs/cross_suite_clean_train300_s10_19_20260620/goal_recovery_B_gpu54/libero_goal_t08_s11,13151,audit_pass,SHARD_B,5,0,a5f44c5795d4b9e5d51402e68cd5a15c0b7941117360684b0a65b0a874a803ec,train_pool,2026-06-20T15:22:52+0800,11,COMPLETE,libero_goal,8,libero_goal
/data/liuyu/outputs/cross_suite_clean_train300_s10_19_20260620/queue_status_worker_goal_recovery_B_gpu54.csv,goal_recovery_B,"5,4",worker_goal_recovery_B_gpu54,libero_goal|8|13|0|CLEAN,/data/aviary/envs/openvla_official_libero_20260525/bin/python /data/liuyu/repos/train300_collector_freeze_141657f/scripts/stageb/run_sc5_cross_suite_clean.py --suite libero_goal --model_path /data/aviary/models/openvla/openvla-7b-finetuned-libero-goal --unnorm_key libero_goal --task_idx 8 --state_id 13 --eval_seed 0 --detector_path /data/liuyu/repos/sc5_census_freeze_cc356f3_20260618/outputs/sc5_canonical_eng/sc5_mlp_s2.pt --source_commit 63793972743f667c6a6bcc12e9700f322f261147 --output_dir /data/liuyu/outputs/cross_suite_clean_train300_s10_19_20260620/goal_recovery_B_gpu54/libero_goal_t08_s13 --render_gpu 5 --save_video,CLEAN,2026-06-20T15:35:27+0800,0,libero_goal_t08_s13,/data/liuyu/outputs/cross_suite_clean_train300_s10_19_20260620/logs/worker_goal_recovery_B_gpu54/libero_goal_t08_s13.log,/data/aviary/models/openvla/openvla-7b-finetuned-libero-goal,/data/liuyu/outputs/cross_suite_clean_train300_s10_19_20260620/goal_gpu26/libero_goal_t08_s13,/data/liuyu/outputs/cross_suite_clean_train300_s10_19_20260620/goal_recovery_B_gpu54/libero_goal_t08_s13,13151,audit_pass,SHARD_B,5,0,a5f44c5795d4b9e5d51402e68cd5a15c0b7941117360684b0a65b0a874a803ec,train_pool,2026-06-20T15:26:38+0800,13,COMPLETE,libero_goal,8,libero_goal
/data/liuyu/outputs/cross_suite_clean_train300_s10_19_20260620/queue_status_worker_goal_recovery_B_gpu54.csv,goal_recovery_B,"5,4",worker_goal_recovery_B_gpu54,libero_goal|8|15|0|CLEAN,/data/aviary/envs/openvla_official_libero_20260525/bin/python /data/liuyu/repos/train300_collector_freeze_141657f/scripts/stageb/run_sc5_cross_suite_clean.py --suite libero_goal --model_path /data/aviary/models/openvla/openvla-7b-finetuned-libero-goal --unnorm_key libero_goal --task_idx 8 --state_id 15 --eval_seed 0 --detector_path /data/liuyu/repos/sc5_census_freeze_cc356f3_20260618/outputs/sc5_canonical_eng/sc5_mlp_s2.pt --source_commit 63793972743f667c6a6bcc12e9700f322f261147 --output_dir /data/liuyu/outputs/cross_suite_clean_train300_s10_19_20260620/goal_recovery_B_gpu54/libero_goal_t08_s15 --render_gpu 5 --save_video,CLEAN,2026-06-20T15:38:15+0800,0,libero_goal_t08_s15,/data/liuyu/outputs/cross_suite_clean_train300_s10_19_20260620/logs/worker_goal_recovery_B_gpu54/libero_goal_t08_s15.log,/data/aviary/models/openvla/openvla-7b-finetuned-libero-goal,/data/liuyu/outputs/cross_suite_clean_train300_s10_19_20260620/goal_gpu26/libero_goal_t08_s15,/data/liuyu/outputs/cross_suite_clean_train300_s10_19_20260620/goal_recovery_B_gpu54/libero_goal_t08_s15,13151,audit_pass,SHARD_B,5,0,a5f44c5795d4b9e5d51402e68cd5a15c0b7941117360684b0a65b0a874a803ec,train_pool,2026-06-20T15:35:27+0800,15,COMPLETE,libero_goal,8,libero_goal
/data/liuyu/outputs/cross_suite_clean_train300_s10_19_20260620/queue_status_worker_goal_recovery_B_gpu54.csv,goal_recovery_B,"5,4",worker_goal_recovery_B_gpu54,libero_goal|8|17|0|CLEAN,/data/aviary/envs/openvla_official_libero_20260525/bin/python /data/liuyu/repos/train300_collector_freeze_141657f/scripts/stageb/run_sc5_cross_suite_clean.py --suite libero_goal --model_path /data/aviary/models/openvla/openvla-7b-finetuned-libero-goal --unnorm_key libero_goal --task_idx 8 --state_id 17 --eval_seed 0 --detector_path /data/liuyu/repos/sc5_census_freeze_cc356f3_20260618/outputs/sc5_canonical_eng/sc5_mlp_s2.pt --source_commit 63793972743f667c6a6bcc12e9700f322f261147 --output_dir /data/liuyu/outputs/cross_suite_clean_train300_s10_19_20260620/goal_recovery_B_gpu54/libero_goal_t08_s17 --render_gpu 5 --save_video,CLEAN,2026-06-20T15:46:52+0800,0,libero_goal_t08_s17,/data/liuyu/outputs/cross_suite_clean_train300_s10_19_20260620/logs/worker_goal_recovery_B_gpu54/libero_goal_t08_s17.log,/data/aviary/models/openvla/openvla-7b-finetuned-libero-goal,/data/liuyu/outputs/cross_suite_clean_train300_s10_19_20260620/goal_gpu26/libero_goal_t08_s17,/data/liuyu/outputs/cross_suite_clean_train300_s10_19_20260620/goal_recovery_B_gpu54/libero_goal_t08_s17,13151,audit_pass,SHARD_B,5,0,a5f44c5795d4b9e5d51402e68cd5a15c0b7941117360684b0a65b0a874a803ec,train_pool,2026-06-20T15:38:15+0800,17,COMPLETE,libero_goal,8,libero_goal
/data/liuyu/outputs/cross_suite_clean_train300_s10_19_20260620/queue_status_worker_goal_recovery_B_gpu54.csv,goal_recovery_B,"5,4",worker_goal_recovery_B_gpu54,libero_goal|8|19|0|CLEAN,/data/aviary/envs/openvla_official_libero_20260525/bin/python /data/liuyu/repos/train300_collector_freeze_141657f/scripts/stageb/run_sc5_cross_suite_clean.py --suite libero_goal --model_path /data/aviary/models/openvla/openvla-7b-finetuned-libero-goal --unnorm_key libero_goal --task_idx 8 --state_id 19 --eval_seed 0 --detector_path /data/liuyu/repos/sc5_census_freeze_cc356f3_20260618/outputs/sc5_canonical_eng/sc5_mlp_s2.pt --source_commit 63793972743f667c6a6bcc12e9700f322f261147 --output_dir /data/liuyu/outputs/cross_suite_clean_train300_s10_19_20260620/goal_recovery_B_gpu54/libero_goal_t08_s19 --render_gpu 5 --save_video,CLEAN,2026-06-20T15:49:51+0800,0,libero_goal_t08_s19,/data/liuyu/outputs/cross_suite_clean_train300_s10_19_20260620/logs/worker_goal_recovery_B_gpu54/libero_goal_t08_s19.log,/data/aviary/models/openvla/openvla-7b-finetuned-libero-goal,/data/liuyu/outputs/cross_suite_clean_train300_s10_19_20260620/goal_gpu26/libero_goal_t08_s19,/data/liuyu/outputs/cross_suite_clean_train300_s10_19_20260620/goal_recovery_B_gpu54/libero_goal_t08_s19,13151,audit_pass,SHARD_B,5,0,a5f44c5795d4b9e5d51402e68cd5a15c0b7941117360684b0a65b0a874a803ec,validation_pool,2026-06-20T15:46:52+0800,19,COMPLETE,libero_goal,8,libero_goal
/data/liuyu/outputs/cross_suite_clean_train300_s10_19_20260620/queue_status_worker_goal_recovery_B_gpu54.csv,goal_recovery_B,"5,4",worker_goal_recovery_B_gpu54,libero_goal|9|11|0|CLEAN,/data/aviary/envs/openvla_official_libero_20260525/bin/python /data/liuyu/repos/train300_collector_freeze_141657f/scripts/stageb/run_sc5_cross_suite_clean.py --suite libero_goal --model_path /data/aviary/models/openvla/openvla-7b-finetuned-libero-goal --unnorm_key libero_goal --task_idx 9 --state_id 11 --eval_seed 0 --detector_path /data/liuyu/repos/sc5_census_freeze_cc356f3_20260618/outputs/sc5_canonical_eng/sc5_mlp_s2.pt --source_commit 63793972743f667c6a6bcc12e9700f322f261147 --output_dir /data/liuyu/outputs/cross_suite_clean_train300_s10_19_20260620/goal_recovery_B_gpu54/libero_goal_t09_s11 --render_gpu 5 --save_video,CLEAN,2026-06-20T15:59:00+0800,0,libero_goal_t09_s11,/data/liuyu/outputs/cross_suite_clean_train300_s10_19_20260620/logs/worker_goal_recovery_B_gpu54/libero_goal_t09_s11.log,/data/aviary/models/openvla/openvla-7b-finetuned-libero-goal,/data/liuyu/outputs/cross_suite_clean_train300_s10_19_20260620/goal_gpu26/libero_goal_t09_s11,/data/liuyu/outputs/cross_suite_clean_train300_s10_19_20260620/goal_recovery_B_gpu54/libero_goal_t09_s11,13151,audit_pass,SHARD_B,5,0,a5f44c5795d4b9e5d51402e68cd5a15c0b7941117360684b0a65b0a874a803ec,train_pool,2026-06-20T15:49:51+0800,11,COMPLETE,libero_goal,9,libero_goal
/data/liuyu/outputs/cross_suite_clean_train300_s10_19_20260620/queue_status_worker_goal_recovery_B_gpu54.csv,goal_recovery_B,"5,4",worker_goal_recovery_B_gpu54,libero_goal|9|13|0|CLEAN,/data/aviary/envs/openvla_official_libero_20260525/bin/python /data/liuyu/repos/train300_collector_freeze_141657f/scripts/stageb/run_sc5_cross_suite_clean.py --suite libero_goal --model_path /data/aviary/models/openvla/openvla-7b-finetuned-libero-goal --unnorm_key libero_goal --task_idx 9 --state_id 13 --eval_seed 0 --detector_path /data/liuyu/repos/sc5_census_freeze_cc356f3_20260618/outputs/sc5_canonical_eng/sc5_mlp_s2.pt --source_commit 63793972743f667c6a6bcc12e9700f322f261147 --output_dir /data/liuyu/outputs/cross_suite_clean_train300_s10_19_20260620/goal_recovery_B_gpu54/libero_goal_t09_s13 --render_gpu 5 --save_video,CLEAN,2026-06-20T16:03:02+0800,0,libero_goal_t09_s13,/data/liuyu/outputs/cross_suite_clean_train300_s10_19_20260620/logs/worker_goal_recovery_B_gpu54/libero_goal_t09_s13.log,/data/aviary/models/openvla/openvla-7b-finetuned-libero-goal,/data/liuyu/outputs/cross_suite_clean_train300_s10_19_20260620/goal_gpu26/libero_goal_t09_s13,/data/liuyu/outputs/cross_suite_clean_train300_s10_19_20260620/goal_recovery_B_gpu54/libero_goal_t09_s13,13151,audit_pass,SHARD_B,5,0,a5f44c5795d4b9e5d51402e68cd5a15c0b7941117360684b0a65b0a874a803ec,train_pool,2026-06-20T15:59:00+0800,13,COMPLETE,libero_goal,9,libero_goal
/data/liuyu/outputs/cross_suite_clean_train300_s10_19_20260620/queue_status_worker_goal_recovery_B_gpu54.csv,goal_recovery_B,"5,4",worker_goal_recovery_B_gpu54,libero_goal|9|15|0|CLEAN,/data/aviary/envs/openvla_official_libero_20260525/bin/python /data/liuyu/repos/train300_collector_freeze_141657f/scripts/stageb/run_sc5_cross_suite_clean.py --suite libero_goal --model_path /data/aviary/models/openvla/openvla-7b-finetuned-libero-goal --unnorm_key libero_goal --task_idx 9 --state_id 15 --eval_seed 0 --detector_path /data/liuyu/repos/sc5_census_freeze_cc356f3_20260618/outputs/sc5_canonical_eng/sc5_mlp_s2.pt --source_commit 63793972743f667c6a6bcc12e9700f322f261147 --output_dir /data/liuyu/outputs/cross_suite_clean_train300_s10_19_20260620/goal_recovery_B_gpu54/libero_goal_t09_s15 --render_gpu 5 --save_video,CLEAN,2026-06-20T16:11:52+0800,0,libero_goal_t09_s15,/data/liuyu/outputs/cross_suite_clean_train300_s10_19_20260620/logs/worker_goal_recovery_B_gpu54/libero_goal_t09_s15.log,/data/aviary/models/openvla/openvla-7b-finetuned-libero-goal,/data/liuyu/outputs/cross_suite_clean_train300_s10_19_20260620/goal_gpu26/libero_goal_t09_s15,/data/liuyu/outputs/cross_suite_clean_train300_s10_19_20260620/goal_recovery_B_gpu54/libero_goal_t09_s15,13151,audit_pass,SHARD_B,5,0,a5f44c5795d4b9e5d51402e68cd5a15c0b7941117360684b0a65b0a874a803ec,train_pool,2026-06-20T16:03:02+0800,15,COMPLETE,libero_goal,9,libero_goal
/data/liuyu/outputs/cross_suite_clean_train300_s10_19_20260620/queue_status_worker_goal_recovery_B_gpu54.csv,goal_recovery_B,"5,4",worker_goal_recovery_B_gpu54,libero_goal|9|17|0|CLEAN,/data/aviary/envs/openvla_official_libero_20260525/bin/python /data/liuyu/repos/train300_collector_freeze_141657f/scripts/stageb/run_sc5_cross_suite_clean.py --suite libero_goal --model_path /data/aviary/models/openvla/openvla-7b-finetuned-libero-goal --unnorm_key libero_goal --task_idx 9 --state_id 17 --eval_seed 0 --detector_path /data/liuyu/repos/sc5_census_freeze_cc356f3_20260618/outputs/sc5_canonical_eng/sc5_mlp_s2.pt --source_commit 63793972743f667c6a6bcc12e9700f322f261147 --output_dir /data/liuyu/outputs/cross_suite_clean_train300_s10_19_20260620/goal_recovery_B_gpu54/libero_goal_t09_s17 --render_gpu 5 --save_video,CLEAN,2026-06-20T16:16:31+0800,0,libero_goal_t09_s17,/data/liuyu/outputs/cross_suite_clean_train300_s10_19_20260620/logs/worker_goal_recovery_B_gpu54/libero_goal_t09_s17.log,/data/aviary/models/openvla/openvla-7b-finetuned-libero-goal,/data/liuyu/outputs/cross_suite_clean_train300_s10_19_20260620/goal_gpu26/libero_goal_t09_s17,/data/liuyu/outputs/cross_suite_clean_train300_s10_19_20260620/goal_recovery_B_gpu54/libero_goal_t09_s17,13151,audit_pass,SHARD_B,5,0,a5f44c5795d4b9e5d51402e68cd5a15c0b7941117360684b0a65b0a874a803ec,train_pool,2026-06-20T16:11:52+0800,17,COMPLETE,libero_goal,9,libero_goal
/data/liuyu/outputs/cross_suite_clean_train300_s10_19_20260620/queue_status_worker_goal_recovery_B_gpu54.csv,goal_recovery_B,"5,4",worker_goal_recovery_B_gpu54,libero_goal|9|19|0|CLEAN,/data/aviary/envs/openvla_official_libero_20260525/bin/python /data/liuyu/repos/train300_collector_freeze_141657f/scripts/stageb/run_sc5_cross_suite_clean.py --suite libero_goal --model_path /data/aviary/models/openvla/openvla-7b-finetuned-libero-goal --unnorm_key libero_goal --task_idx 9 --state_id 19 --eval_seed 0 --detector_path /data/liuyu/repos/sc5_census_freeze_cc356f3_20260618/outputs/sc5_canonical_eng/sc5_mlp_s2.pt --source_commit 63793972743f667c6a6bcc12e9700f322f261147 --output_dir /data/liuyu/outputs/cross_suite_clean_train300_s10_19_20260620/goal_recovery_B_gpu54/libero_goal_t09_s19 --render_gpu 5 --save_video,CLEAN,2026-06-20T16:21:17+0800,0,libero_goal_t09_s19,/data/liuyu/outputs/cross_suite_clean_train300_s10_19_20260620/logs/worker_goal_recovery_B_gpu54/libero_goal_t09_s19.log,/data/aviary/models/openvla/openvla-7b-finetuned-libero-goal,/data/liuyu/outputs/cross_suite_clean_train300_s10_19_20260620/goal_gpu26/libero_goal_t09_s19,/data/liuyu/outputs/cross_suite_clean_train300_s10_19_20260620/goal_recovery_B_gpu54/libero_goal_t09_s19,13151,audit_pass,SHARD_B,5,0,a5f44c5795d4b9e5d51402e68cd5a15c0b7941117360684b0a65b0a874a803ec,validation_pool,2026-06-20T16:16:31+0800,19,COMPLETE,libero_goal,9,libero_goal
