suite,task_id,task_name,state_id,seed,run_id,run_dir,clean_success,mechanism_type,mechanism_eligible,available_features,available_labels,missing_fields,split_candidate,notes
libero_spatial,spatial_pick_up_the_black_bowl_between_the_plate_and_the_ramekin_and_place_it_on_the_plate,pick_up_the_black_bowl_between_the_plate_and_the_ramekin_and_place_it_on_the_plate,0,0,official_clean_libero_spatial_pick_up_the_black_bowl_between_the_plate_and_the_ramekin_and_place_it_on_the_plate,,,pick_place_transfer,,action_gripper;eef_vz;eef_z;gripper_qpos;gripper_width,teacher_hazard;teacher_phase;teacher_release_safe,eef_vx;eef_vy;eef_x;eef_y,partial_eef_z_only,metadata_only_no_training
libero_spatial,spatial_pick_up_the_black_bowl_between_the_plate_and_the_ramekin_and_place_it_on_the_plate,pick_up_the_black_bowl_between_the_plate_and_the_ramekin_and_place_it_on_the_plate,1,0,official_clean_libero_spatial_pick_up_the_black_bowl_between_the_plate_and_the_ramekin_and_place_it_on_the_plate,,,pick_place_transfer,,action_gripper;eef_vz;eef_z;gripper_qpos;gripper_width,teacher_hazard;teacher_phase;teacher_release_safe,eef_vx;eef_vy;eef_x;eef_y,partial_eef_z_only,metadata_only_no_training
libero_spatial,spatial_pick_up_the_black_bowl_between_the_plate_and_the_ramekin_and_place_it_on_the_plate,pick_up_the_black_bowl_between_the_plate_and_the_ramekin_and_place_it_on_the_plate,2,0,official_clean_libero_spatial_pick_up_the_black_bowl_between_the_plate_and_the_ramekin_and_place_it_on_the_plate,,,pick_place_transfer,,action_gripper;eef_vz;eef_z;gripper_qpos;gripper_width,teacher_hazard;teacher_phase;teacher_release_safe,eef_vx;eef_vy;eef_x;eef_y,partial_eef_z_only,metadata_only_no_training
libero_spatial,spatial_pick_up_the_black_bowl_between_the_plate_and_the_ramekin_and_place_it_on_the_plate,pick_up_the_black_bowl_between_the_plate_and_the_ramekin_and_place_it_on_the_plate,3,0,official_clean_libero_spatial_pick_up_the_black_bowl_between_the_plate_and_the_ramekin_and_place_it_on_the_plate,,,pick_place_transfer,,action_gripper;eef_vz;eef_z;gripper_qpos;gripper_width,teacher_hazard;teacher_phase;teacher_release_safe,eef_vx;eef_vy;eef_x;eef_y,partial_eef_z_only,metadata_only_no_training
libero_spatial,spatial_pick_up_the_black_bowl_between_the_plate_and_the_ramekin_and_place_it_on_the_plate,pick_up_the_black_bowl_between_the_plate_and_the_ramekin_and_place_it_on_the_plate,4,0,official_clean_libero_spatial_pick_up_the_black_bowl_between_the_plate_and_the_ramekin_and_place_it_on_the_plate,,,pick_place_transfer,,action_gripper;eef_vz;eef_z;gripper_qpos;gripper_width,teacher_hazard;teacher_phase;teacher_release_safe,eef_vx;eef_vy;eef_x;eef_y,partial_eef_z_only,metadata_only_no_training
libero_spatial,spatial_pick_up_the_black_bowl_between_the_plate_and_the_ramekin_and_place_it_on_the_plate,pick_up_the_black_bowl_between_the_plate_and_the_ramekin_and_place_it_on_the_plate,5,0,official_clean_libero_spatial_pick_up_the_black_bowl_between_the_plate_and_the_ramekin_and_place_it_on_the_plate,,,pick_place_transfer,,action_gripper;eef_vz;eef_z;gripper_qpos;gripper_width,teacher_hazard;teacher_phase;teacher_release_safe,eef_vx;eef_vy;eef_x;eef_y,partial_eef_z_only,metadata_only_no_training
libero_spatial,spatial_pick_up_the_black_bowl_between_the_plate_and_the_ramekin_and_place_it_on_the_plate,pick_up_the_black_bowl_between_the_plate_and_the_ramekin_and_place_it_on_the_plate,6,0,official_clean_libero_spatial_pick_up_the_black_bowl_between_the_plate_and_the_ramekin_and_place_it_on_the_plate,,,pick_place_transfer,,action_gripper;eef_vz;eef_z;gripper_qpos;gripper_width,teacher_hazard;teacher_phase;teacher_release_safe,eef_vx;eef_vy;eef_x;eef_y,partial_eef_z_only,metadata_only_no_training
libero_spatial,spatial_pick_up_the_black_bowl_between_the_plate_and_the_ramekin_and_place_it_on_the_plate,pick_up_the_black_bowl_between_the_plate_and_the_ramekin_and_place_it_on_the_plate,7,0,official_clean_libero_spatial_pick_up_the_black_bowl_between_the_plate_and_the_ramekin_and_place_it_on_the_plate,,,pick_place_transfer,,action_gripper;eef_vz;eef_z;gripper_qpos;gripper_width,teacher_hazard;teacher_phase;teacher_release_safe,eef_vx;eef_vy;eef_x;eef_y,partial_eef_z_only,metadata_only_no_training
libero_spatial,spatial_pick_up_the_black_bowl_between_the_plate_and_the_ramekin_and_place_it_on_the_plate,pick_up_the_black_bowl_between_the_plate_and_the_ramekin_and_place_it_on_the_plate,8,0,official_clean_libero_spatial_pick_up_the_black_bowl_between_the_plate_and_the_ramekin_and_place_it_on_the_plate,,,pick_place_transfer,,action_gripper;eef_vz;eef_z;gripper_qpos;gripper_width,teacher_hazard;teacher_phase;teacher_release_safe,eef_vx;eef_vy;eef_x;eef_y,partial_eef_z_only,metadata_only_no_training
libero_spatial,spatial_pick_up_the_black_bowl_between_the_plate_and_the_ramekin_and_place_it_on_the_plate,pick_up_the_black_bowl_between_the_plate_and_the_ramekin_and_place_it_on_the_plate,9,0,official_clean_libero_spatial_pick_up_the_black_bowl_between_the_plate_and_the_ramekin_and_place_it_on_the_plate,,,pick_place_transfer,,action_gripper;eef_vz;eef_z;gripper_qpos;gripper_width,teacher_hazard;teacher_phase;teacher_release_safe,eef_vx;eef_vy;eef_x;eef_y,partial_eef_z_only,metadata_only_no_training
libero_spatial,spatial_pick_up_the_black_bowl_from_table_center_and_place_it_on_the_plate,pick_up_the_black_bowl_from_table_center_and_place_it_on_the_plate,0,0,official_clean_libero_spatial_pick_up_the_black_bowl_from_table_center_and_place_it_on_the_plate,,,pick_place_transfer,,action_gripper;eef_vz;eef_z;gripper_qpos;gripper_width,teacher_hazard;teacher_phase;teacher_release_safe,eef_vx;eef_vy;eef_x;eef_y,partial_eef_z_only,metadata_only_no_training
libero_spatial,spatial_pick_up_the_black_bowl_from_table_center_and_place_it_on_the_plate,pick_up_the_black_bowl_from_table_center_and_place_it_on_the_plate,1,0,official_clean_libero_spatial_pick_up_the_black_bowl_from_table_center_and_place_it_on_the_plate,,,pick_place_transfer,,action_gripper;eef_vz;eef_z;gripper_qpos;gripper_width,teacher_hazard;teacher_phase;teacher_release_safe,eef_vx;eef_vy;eef_x;eef_y,partial_eef_z_only,metadata_only_no_training
libero_spatial,spatial_pick_up_the_black_bowl_from_table_center_and_place_it_on_the_plate,pick_up_the_black_bowl_from_table_center_and_place_it_on_the_plate,2,0,official_clean_libero_spatial_pick_up_the_black_bowl_from_table_center_and_place_it_on_the_plate,,,pick_place_transfer,,action_gripper;eef_vz;eef_z;gripper_qpos;gripper_width,teacher_hazard;teacher_phase;teacher_release_safe,eef_vx;eef_vy;eef_x;eef_y,partial_eef_z_only,metadata_only_no_training
libero_spatial,spatial_pick_up_the_black_bowl_from_table_center_and_place_it_on_the_plate,pick_up_the_black_bowl_from_table_center_and_place_it_on_the_plate,3,0,official_clean_libero_spatial_pick_up_the_black_bowl_from_table_center_and_place_it_on_the_plate,,,pick_place_transfer,,action_gripper;eef_vz;eef_z;gripper_qpos;gripper_width,teacher_hazard;teacher_phase;teacher_release_safe,eef_vx;eef_vy;eef_x;eef_y,partial_eef_z_only,metadata_only_no_training
libero_spatial,spatial_pick_up_the_black_bowl_from_table_center_and_place_it_on_the_plate,pick_up_the_black_bowl_from_table_center_and_place_it_on_the_plate,4,0,official_clean_libero_spatial_pick_up_the_black_bowl_from_table_center_and_place_it_on_the_plate,,,pick_place_transfer,,action_gripper;eef_vz;eef_z;gripper_qpos;gripper_width,teacher_hazard;teacher_phase;teacher_release_safe,eef_vx;eef_vy;eef_x;eef_y,partial_eef_z_only,metadata_only_no_training
libero_spatial,spatial_pick_up_the_black_bowl_from_table_center_and_place_it_on_the_plate,pick_up_the_black_bowl_from_table_center_and_place_it_on_the_plate,5,0,official_clean_libero_spatial_pick_up_the_black_bowl_from_table_center_and_place_it_on_the_plate,,,pick_place_transfer,,action_gripper;eef_vz;eef_z;gripper_qpos;gripper_width,teacher_hazard;teacher_phase;teacher_release_safe,eef_vx;eef_vy;eef_x;eef_y,partial_eef_z_only,metadata_only_no_training
libero_spatial,spatial_pick_up_the_black_bowl_from_table_center_and_place_it_on_the_plate,pick_up_the_black_bowl_from_table_center_and_place_it_on_the_plate,6,0,official_clean_libero_spatial_pick_up_the_black_bowl_from_table_center_and_place_it_on_the_plate,,,pick_place_transfer,,action_gripper;eef_vz;eef_z;gripper_qpos;gripper_width,teacher_hazard;teacher_phase;teacher_release_safe,eef_vx;eef_vy;eef_x;eef_y,partial_eef_z_only,metadata_only_no_training
libero_spatial,spatial_pick_up_the_black_bowl_from_table_center_and_place_it_on_the_plate,pick_up_the_black_bowl_from_table_center_and_place_it_on_the_plate,7,0,official_clean_libero_spatial_pick_up_the_black_bowl_from_table_center_and_place_it_on_the_plate,,,pick_place_transfer,,action_gripper;eef_vz;eef_z;gripper_qpos;gripper_width,teacher_hazard;teacher_phase;teacher_release_safe,eef_vx;eef_vy;eef_x;eef_y,partial_eef_z_only,metadata_only_no_training
libero_spatial,spatial_pick_up_the_black_bowl_from_table_center_and_place_it_on_the_plate,pick_up_the_black_bowl_from_table_center_and_place_it_on_the_plate,8,0,official_clean_libero_spatial_pick_up_the_black_bowl_from_table_center_and_place_it_on_the_plate,,,pick_place_transfer,,action_gripper;eef_vz;eef_z;gripper_qpos;gripper_width,teacher_hazard;teacher_phase;teacher_release_safe,eef_vx;eef_vy;eef_x;eef_y,partial_eef_z_only,metadata_only_no_training
libero_spatial,spatial_pick_up_the_black_bowl_from_table_center_and_place_it_on_the_plate,pick_up_the_black_bowl_from_table_center_and_place_it_on_the_plate,9,0,official_clean_libero_spatial_pick_up_the_black_bowl_from_table_center_and_place_it_on_the_plate,,,pick_place_transfer,,action_gripper;eef_vz;eef_z;gripper_qpos;gripper_width,teacher_hazard;teacher_phase;teacher_release_safe,eef_vx;eef_vy;eef_x;eef_y,partial_eef_z_only,metadata_only_no_training
libero_spatial,spatial_pick_up_the_black_bowl_in_the_top_drawer_of_the_wooden_cabinet_and_place_it_on_the_plate,pick_up_the_black_bowl_in_the_top_drawer_of_the_wooden_cabinet_and_place_it_on_the_plate,0,0,official_clean_libero_spatial_pick_up_the_black_bowl_in_the_top_drawer_of_the_wooden_cabinet_and_place_it_on_the_plate,,,multi_object_transfer,,action_gripper;eef_vz;eef_z;gripper_qpos;gripper_width,teacher_hazard;teacher_phase;teacher_release_safe,eef_vx;eef_vy;eef_x;eef_y,partial_eef_z_only,metadata_only_no_training
libero_spatial,spatial_pick_up_the_black_bowl_in_the_top_drawer_of_the_wooden_cabinet_and_place_it_on_the_plate,pick_up_the_black_bowl_in_the_top_drawer_of_the_wooden_cabinet_and_place_it_on_the_plate,1,0,official_clean_libero_spatial_pick_up_the_black_bowl_in_the_top_drawer_of_the_wooden_cabinet_and_place_it_on_the_plate,,,multi_object_transfer,,action_gripper;eef_vz;eef_z;gripper_qpos;gripper_width,teacher_hazard;teacher_phase;teacher_release_safe,eef_vx;eef_vy;eef_x;eef_y,partial_eef_z_only,metadata_only_no_training
libero_spatial,spatial_pick_up_the_black_bowl_in_the_top_drawer_of_the_wooden_cabinet_and_place_it_on_the_plate,pick_up_the_black_bowl_in_the_top_drawer_of_the_wooden_cabinet_and_place_it_on_the_plate,2,0,official_clean_libero_spatial_pick_up_the_black_bowl_in_the_top_drawer_of_the_wooden_cabinet_and_place_it_on_the_plate,,,multi_object_transfer,,action_gripper;eef_vz;eef_z;gripper_qpos;gripper_width,teacher_hazard;teacher_phase;teacher_release_safe,eef_vx;eef_vy;eef_x;eef_y,partial_eef_z_only,metadata_only_no_training
libero_spatial,spatial_pick_up_the_black_bowl_in_the_top_drawer_of_the_wooden_cabinet_and_place_it_on_the_plate,pick_up_the_black_bowl_in_the_top_drawer_of_the_wooden_cabinet_and_place_it_on_the_plate,3,0,official_clean_libero_spatial_pick_up_the_black_bowl_in_the_top_drawer_of_the_wooden_cabinet_and_place_it_on_the_plate,,,multi_object_transfer,,action_gripper;eef_vz;eef_z;gripper_qpos;gripper_width,teacher_hazard;teacher_phase;teacher_release_safe,eef_vx;eef_vy;eef_x;eef_y,partial_eef_z_only,metadata_only_no_training
libero_spatial,spatial_pick_up_the_black_bowl_in_the_top_drawer_of_the_wooden_cabinet_and_place_it_on_the_plate,pick_up_the_black_bowl_in_the_top_drawer_of_the_wooden_cabinet_and_place_it_on_the_plate,4,0,official_clean_libero_spatial_pick_up_the_black_bowl_in_the_top_drawer_of_the_wooden_cabinet_and_place_it_on_the_plate,,,multi_object_transfer,,action_gripper;eef_vz;eef_z;gripper_qpos;gripper_width,teacher_hazard;teacher_phase;teacher_release_safe,eef_vx;eef_vy;eef_x;eef_y,partial_eef_z_only,metadata_only_no_training
libero_spatial,spatial_pick_up_the_black_bowl_in_the_top_drawer_of_the_wooden_cabinet_and_place_it_on_the_plate,pick_up_the_black_bowl_in_the_top_drawer_of_the_wooden_cabinet_and_place_it_on_the_plate,5,0,official_clean_libero_spatial_pick_up_the_black_bowl_in_the_top_drawer_of_the_wooden_cabinet_and_place_it_on_the_plate,,,multi_object_transfer,,action_gripper;eef_vz;eef_z;gripper_qpos;gripper_width,teacher_hazard;teacher_phase;teacher_release_safe,eef_vx;eef_vy;eef_x;eef_y,partial_eef_z_only,metadata_only_no_training
libero_spatial,spatial_pick_up_the_black_bowl_in_the_top_drawer_of_the_wooden_cabinet_and_place_it_on_the_plate,pick_up_the_black_bowl_in_the_top_drawer_of_the_wooden_cabinet_and_place_it_on_the_plate,6,0,official_clean_libero_spatial_pick_up_the_black_bowl_in_the_top_drawer_of_the_wooden_cabinet_and_place_it_on_the_plate,,,multi_object_transfer,,action_gripper;eef_vz;eef_z;gripper_qpos;gripper_width,teacher_hazard;teacher_phase;teacher_release_safe,eef_vx;eef_vy;eef_x;eef_y,partial_eef_z_only,metadata_only_no_training
libero_spatial,spatial_pick_up_the_black_bowl_in_the_top_drawer_of_the_wooden_cabinet_and_place_it_on_the_plate,pick_up_the_black_bowl_in_the_top_drawer_of_the_wooden_cabinet_and_place_it_on_the_plate,7,0,official_clean_libero_spatial_pick_up_the_black_bowl_in_the_top_drawer_of_the_wooden_cabinet_and_place_it_on_the_plate,,,multi_object_transfer,,action_gripper;eef_vz;eef_z;gripper_qpos;gripper_width,teacher_hazard;teacher_phase;teacher_release_safe,eef_vx;eef_vy;eef_x;eef_y,partial_eef_z_only,metadata_only_no_training
libero_spatial,spatial_pick_up_the_black_bowl_in_the_top_drawer_of_the_wooden_cabinet_and_place_it_on_the_plate,pick_up_the_black_bowl_in_the_top_drawer_of_the_wooden_cabinet_and_place_it_on_the_plate,8,0,official_clean_libero_spatial_pick_up_the_black_bowl_in_the_top_drawer_of_the_wooden_cabinet_and_place_it_on_the_plate,,,multi_object_transfer,,action_gripper;eef_vz;eef_z;gripper_qpos;gripper_width,teacher_hazard;teacher_phase;teacher_release_safe,eef_vx;eef_vy;eef_x;eef_y,partial_eef_z_only,metadata_only_no_training
libero_spatial,spatial_pick_up_the_black_bowl_in_the_top_drawer_of_the_wooden_cabinet_and_place_it_on_the_plate,pick_up_the_black_bowl_in_the_top_drawer_of_the_wooden_cabinet_and_place_it_on_the_plate,9,0,official_clean_libero_spatial_pick_up_the_black_bowl_in_the_top_drawer_of_the_wooden_cabinet_and_place_it_on_the_plate,,,multi_object_transfer,,action_gripper;eef_vz;eef_z;gripper_qpos;gripper_width,teacher_hazard;teacher_phase;teacher_release_safe,eef_vx;eef_vy;eef_x;eef_y,partial_eef_z_only,metadata_only_no_training
libero_spatial,spatial_pick_up_the_black_bowl_next_to_the_cookie_box_and_place_it_on_the_plate,pick_up_the_black_bowl_next_to_the_cookie_box_and_place_it_on_the_plate,0,0,official_clean_libero_spatial_pick_up_the_black_bowl_next_to_the_cookie_box_and_place_it_on_the_plate,,,pick_place_transfer,,action_gripper;eef_vz;eef_z;gripper_qpos;gripper_width,teacher_hazard;teacher_phase;teacher_release_safe,eef_vx;eef_vy;eef_x;eef_y,partial_eef_z_only,metadata_only_no_training
libero_spatial,spatial_pick_up_the_black_bowl_next_to_the_cookie_box_and_place_it_on_the_plate,pick_up_the_black_bowl_next_to_the_cookie_box_and_place_it_on_the_plate,1,0,official_clean_libero_spatial_pick_up_the_black_bowl_next_to_the_cookie_box_and_place_it_on_the_plate,,,pick_place_transfer,,action_gripper;eef_vz;eef_z;gripper_qpos;gripper_width,teacher_hazard;teacher_phase;teacher_release_safe,eef_vx;eef_vy;eef_x;eef_y,partial_eef_z_only,metadata_only_no_training
libero_spatial,spatial_pick_up_the_black_bowl_next_to_the_cookie_box_and_place_it_on_the_plate,pick_up_the_black_bowl_next_to_the_cookie_box_and_place_it_on_the_plate,2,0,official_clean_libero_spatial_pick_up_the_black_bowl_next_to_the_cookie_box_and_place_it_on_the_plate,,,pick_place_transfer,,action_gripper;eef_vz;eef_z;gripper_qpos;gripper_width,teacher_hazard;teacher_phase;teacher_release_safe,eef_vx;eef_vy;eef_x;eef_y,partial_eef_z_only,metadata_only_no_training
libero_spatial,spatial_pick_up_the_black_bowl_next_to_the_cookie_box_and_place_it_on_the_plate,pick_up_the_black_bowl_next_to_the_cookie_box_and_place_it_on_the_plate,3,0,official_clean_libero_spatial_pick_up_the_black_bowl_next_to_the_cookie_box_and_place_it_on_the_plate,,,pick_place_transfer,,action_gripper;eef_vz;eef_z;gripper_qpos;gripper_width,teacher_hazard;teacher_phase;teacher_release_safe,eef_vx;eef_vy;eef_x;eef_y,partial_eef_z_only,metadata_only_no_training
libero_spatial,spatial_pick_up_the_black_bowl_next_to_the_cookie_box_and_place_it_on_the_plate,pick_up_the_black_bowl_next_to_the_cookie_box_and_place_it_on_the_plate,4,0,official_clean_libero_spatial_pick_up_the_black_bowl_next_to_the_cookie_box_and_place_it_on_the_plate,,,pick_place_transfer,,action_gripper;eef_vz;eef_z;gripper_qpos;gripper_width,teacher_hazard;teacher_phase;teacher_release_safe,eef_vx;eef_vy;eef_x;eef_y,partial_eef_z_only,metadata_only_no_training
libero_spatial,spatial_pick_up_the_black_bowl_next_to_the_cookie_box_and_place_it_on_the_plate,pick_up_the_black_bowl_next_to_the_cookie_box_and_place_it_on_the_plate,5,0,official_clean_libero_spatial_pick_up_the_black_bowl_next_to_the_cookie_box_and_place_it_on_the_plate,,,pick_place_transfer,,action_gripper;eef_vz;eef_z;gripper_qpos;gripper_width,teacher_hazard;teacher_phase;teacher_release_safe,eef_vx;eef_vy;eef_x;eef_y,partial_eef_z_only,metadata_only_no_training
libero_spatial,spatial_pick_up_the_black_bowl_next_to_the_cookie_box_and_place_it_on_the_plate,pick_up_the_black_bowl_next_to_the_cookie_box_and_place_it_on_the_plate,6,0,official_clean_libero_spatial_pick_up_the_black_bowl_next_to_the_cookie_box_and_place_it_on_the_plate,,,pick_place_transfer,,action_gripper;eef_vz;eef_z;gripper_qpos;gripper_width,teacher_hazard;teacher_phase;teacher_release_safe,eef_vx;eef_vy;eef_x;eef_y,partial_eef_z_only,metadata_only_no_training
libero_spatial,spatial_pick_up_the_black_bowl_next_to_the_cookie_box_and_place_it_on_the_plate,pick_up_the_black_bowl_next_to_the_cookie_box_and_place_it_on_the_plate,7,0,official_clean_libero_spatial_pick_up_the_black_bowl_next_to_the_cookie_box_and_place_it_on_the_plate,,,pick_place_transfer,,action_gripper;eef_vz;eef_z;gripper_qpos;gripper_width,teacher_hazard;teacher_phase;teacher_release_safe,eef_vx;eef_vy;eef_x;eef_y,partial_eef_z_only,metadata_only_no_training
libero_spatial,spatial_pick_up_the_black_bowl_next_to_the_cookie_box_and_place_it_on_the_plate,pick_up_the_black_bowl_next_to_the_cookie_box_and_place_it_on_the_plate,8,0,official_clean_libero_spatial_pick_up_the_black_bowl_next_to_the_cookie_box_and_place_it_on_the_plate,,,pick_place_transfer,,action_gripper;eef_vz;eef_z;gripper_qpos;gripper_width,teacher_hazard;teacher_phase;teacher_release_safe,eef_vx;eef_vy;eef_x;eef_y,partial_eef_z_only,metadata_only_no_training
libero_spatial,spatial_pick_up_the_black_bowl_next_to_the_cookie_box_and_place_it_on_the_plate,pick_up_the_black_bowl_next_to_the_cookie_box_and_place_it_on_the_plate,9,0,official_clean_libero_spatial_pick_up_the_black_bowl_next_to_the_cookie_box_and_place_it_on_the_plate,,,pick_place_transfer,,action_gripper;eef_vz;eef_z;gripper_qpos;gripper_width,teacher_hazard;teacher_phase;teacher_release_safe,eef_vx;eef_vy;eef_x;eef_y,partial_eef_z_only,metadata_only_no_training
libero_spatial,spatial_pick_up_the_black_bowl_on_the_cookie_box_and_place_it_on_the_plate,pick_up_the_black_bowl_on_the_cookie_box_and_place_it_on_the_plate,0,0,official_retry1_libero_spatial_pick_up_the_black_bowl_on_the_cookie_box_and_place_it_on_the_plate,,,multi_object_transfer,,action_gripper;eef_vz;eef_z;gripper_qpos;gripper_width,teacher_hazard;teacher_phase;teacher_release_safe,eef_vx;eef_vy;eef_x;eef_y,partial_eef_z_only,metadata_only_no_training
libero_spatial,spatial_pick_up_the_black_bowl_on_the_cookie_box_and_place_it_on_the_plate,pick_up_the_black_bowl_on_the_cookie_box_and_place_it_on_the_plate,1,0,official_retry1_libero_spatial_pick_up_the_black_bowl_on_the_cookie_box_and_place_it_on_the_plate,,,multi_object_transfer,,action_gripper;eef_vz;eef_z;gripper_qpos;gripper_width,teacher_hazard;teacher_phase;teacher_release_safe,eef_vx;eef_vy;eef_x;eef_y,partial_eef_z_only,metadata_only_no_training
libero_spatial,spatial_pick_up_the_black_bowl_on_the_cookie_box_and_place_it_on_the_plate,pick_up_the_black_bowl_on_the_cookie_box_and_place_it_on_the_plate,2,0,official_retry1_libero_spatial_pick_up_the_black_bowl_on_the_cookie_box_and_place_it_on_the_plate,,,multi_object_transfer,,action_gripper;eef_vz;eef_z;gripper_qpos;gripper_width,teacher_hazard;teacher_phase;teacher_release_safe,eef_vx;eef_vy;eef_x;eef_y,partial_eef_z_only,metadata_only_no_training
libero_spatial,spatial_pick_up_the_black_bowl_on_the_cookie_box_and_place_it_on_the_plate,pick_up_the_black_bowl_on_the_cookie_box_and_place_it_on_the_plate,3,0,official_retry1_libero_spatial_pick_up_the_black_bowl_on_the_cookie_box_and_place_it_on_the_plate,,,multi_object_transfer,,action_gripper;eef_vz;eef_z;gripper_qpos;gripper_width,teacher_hazard;teacher_phase;teacher_release_safe,eef_vx;eef_vy;eef_x;eef_y,partial_eef_z_only,metadata_only_no_training
libero_spatial,spatial_pick_up_the_black_bowl_on_the_cookie_box_and_place_it_on_the_plate,pick_up_the_black_bowl_on_the_cookie_box_and_place_it_on_the_plate,4,0,official_retry1_libero_spatial_pick_up_the_black_bowl_on_the_cookie_box_and_place_it_on_the_plate,,,multi_object_transfer,,action_gripper;eef_vz;eef_z;gripper_qpos;gripper_width,teacher_hazard;teacher_phase;teacher_release_safe,eef_vx;eef_vy;eef_x;eef_y,partial_eef_z_only,metadata_only_no_training
libero_spatial,spatial_pick_up_the_black_bowl_on_the_cookie_box_and_place_it_on_the_plate,pick_up_the_black_bowl_on_the_cookie_box_and_place_it_on_the_plate,5,0,official_retry1_libero_spatial_pick_up_the_black_bowl_on_the_cookie_box_and_place_it_on_the_plate,,,multi_object_transfer,,action_gripper;eef_vz;eef_z;gripper_qpos;gripper_width,teacher_hazard;teacher_phase;teacher_release_safe,eef_vx;eef_vy;eef_x;eef_y,partial_eef_z_only,metadata_only_no_training
libero_spatial,spatial_pick_up_the_black_bowl_on_the_cookie_box_and_place_it_on_the_plate,pick_up_the_black_bowl_on_the_cookie_box_and_place_it_on_the_plate,6,0,official_retry1_libero_spatial_pick_up_the_black_bowl_on_the_cookie_box_and_place_it_on_the_plate,,,multi_object_transfer,,action_gripper;eef_vz;eef_z;gripper_qpos;gripper_width,teacher_hazard;teacher_phase;teacher_release_safe,eef_vx;eef_vy;eef_x;eef_y,partial_eef_z_only,metadata_only_no_training
libero_spatial,spatial_pick_up_the_black_bowl_on_the_cookie_box_and_place_it_on_the_plate,pick_up_the_black_bowl_on_the_cookie_box_and_place_it_on_the_plate,7,0,official_retry1_libero_spatial_pick_up_the_black_bowl_on_the_cookie_box_and_place_it_on_the_plate,,,multi_object_transfer,,action_gripper;eef_vz;eef_z;gripper_qpos;gripper_width,teacher_hazard;teacher_phase;teacher_release_safe,eef_vx;eef_vy;eef_x;eef_y,partial_eef_z_only,metadata_only_no_training
libero_spatial,spatial_pick_up_the_black_bowl_on_the_cookie_box_and_place_it_on_the_plate,pick_up_the_black_bowl_on_the_cookie_box_and_place_it_on_the_plate,8,0,official_retry1_libero_spatial_pick_up_the_black_bowl_on_the_cookie_box_and_place_it_on_the_plate,,,multi_object_transfer,,action_gripper;eef_vz;eef_z;gripper_qpos;gripper_width,teacher_hazard;teacher_phase;teacher_release_safe,eef_vx;eef_vy;eef_x;eef_y,partial_eef_z_only,metadata_only_no_training
libero_spatial,spatial_pick_up_the_black_bowl_on_the_cookie_box_and_place_it_on_the_plate,pick_up_the_black_bowl_on_the_cookie_box_and_place_it_on_the_plate,9,0,official_retry1_libero_spatial_pick_up_the_black_bowl_on_the_cookie_box_and_place_it_on_the_plate,,,multi_object_transfer,,action_gripper;eef_vz;eef_z;gripper_qpos;gripper_width,teacher_hazard;teacher_phase;teacher_release_safe,eef_vx;eef_vy;eef_x;eef_y,partial_eef_z_only,metadata_only_no_training
libero_spatial,spatial_pick_up_the_black_bowl_next_to_the_plate_and_place_it_on_the_plate,pick_up_the_black_bowl_next_to_the_plate_and_place_it_on_the_plate,0,0,official_clean_libero_spatial_pick_up_the_black_bowl_next_to_the_plate_and_place_it_on_the_plate,,,pick_place_transfer,,action_gripper;eef_vz;eef_z;gripper_qpos;gripper_width,teacher_hazard;teacher_phase;teacher_release_safe,eef_vx;eef_vy;eef_x;eef_y,partial_eef_z_only,metadata_only_no_training
libero_spatial,spatial_pick_up_the_black_bowl_next_to_the_plate_and_place_it_on_the_plate,pick_up_the_black_bowl_next_to_the_plate_and_place_it_on_the_plate,1,0,official_clean_libero_spatial_pick_up_the_black_bowl_next_to_the_plate_and_place_it_on_the_plate,,,pick_place_transfer,,action_gripper;eef_vz;eef_z;gripper_qpos;gripper_width,teacher_hazard;teacher_phase;teacher_release_safe,eef_vx;eef_vy;eef_x;eef_y,partial_eef_z_only,metadata_only_no_training
libero_spatial,spatial_pick_up_the_black_bowl_next_to_the_plate_and_place_it_on_the_plate,pick_up_the_black_bowl_next_to_the_plate_and_place_it_on_the_plate,2,0,official_clean_libero_spatial_pick_up_the_black_bowl_next_to_the_plate_and_place_it_on_the_plate,,,pick_place_transfer,,action_gripper;eef_vz;eef_z;gripper_qpos;gripper_width,teacher_hazard;teacher_phase;teacher_release_safe,eef_vx;eef_vy;eef_x;eef_y,partial_eef_z_only,metadata_only_no_training
libero_spatial,spatial_pick_up_the_black_bowl_next_to_the_plate_and_place_it_on_the_plate,pick_up_the_black_bowl_next_to_the_plate_and_place_it_on_the_plate,3,0,official_clean_libero_spatial_pick_up_the_black_bowl_next_to_the_plate_and_place_it_on_the_plate,,,pick_place_transfer,,action_gripper;eef_vz;eef_z;gripper_qpos;gripper_width,teacher_hazard;teacher_phase;teacher_release_safe,eef_vx;eef_vy;eef_x;eef_y,partial_eef_z_only,metadata_only_no_training
libero_spatial,spatial_pick_up_the_black_bowl_next_to_the_plate_and_place_it_on_the_plate,pick_up_the_black_bowl_next_to_the_plate_and_place_it_on_the_plate,4,0,official_clean_libero_spatial_pick_up_the_black_bowl_next_to_the_plate_and_place_it_on_the_plate,,,pick_place_transfer,,action_gripper;eef_vz;eef_z;gripper_qpos;gripper_width,teacher_hazard;teacher_phase;teacher_release_safe,eef_vx;eef_vy;eef_x;eef_y,partial_eef_z_only,metadata_only_no_training
libero_spatial,spatial_pick_up_the_black_bowl_next_to_the_plate_and_place_it_on_the_plate,pick_up_the_black_bowl_next_to_the_plate_and_place_it_on_the_plate,5,0,official_clean_libero_spatial_pick_up_the_black_bowl_next_to_the_plate_and_place_it_on_the_plate,,,pick_place_transfer,,action_gripper;eef_vz;eef_z;gripper_qpos;gripper_width,teacher_hazard;teacher_phase;teacher_release_safe,eef_vx;eef_vy;eef_x;eef_y,partial_eef_z_only,metadata_only_no_training
libero_spatial,spatial_pick_up_the_black_bowl_next_to_the_plate_and_place_it_on_the_plate,pick_up_the_black_bowl_next_to_the_plate_and_place_it_on_the_plate,6,0,official_clean_libero_spatial_pick_up_the_black_bowl_next_to_the_plate_and_place_it_on_the_plate,,,pick_place_transfer,,action_gripper;eef_vz;eef_z;gripper_qpos;gripper_width,teacher_hazard;teacher_phase;teacher_release_safe,eef_vx;eef_vy;eef_x;eef_y,partial_eef_z_only,metadata_only_no_training
libero_spatial,spatial_pick_up_the_black_bowl_next_to_the_plate_and_place_it_on_the_plate,pick_up_the_black_bowl_next_to_the_plate_and_place_it_on_the_plate,7,0,official_clean_libero_spatial_pick_up_the_black_bowl_next_to_the_plate_and_place_it_on_the_plate,,,pick_place_transfer,,action_gripper;eef_vz;eef_z;gripper_qpos;gripper_width,teacher_hazard;teacher_phase;teacher_release_safe,eef_vx;eef_vy;eef_x;eef_y,partial_eef_z_only,metadata_only_no_training
libero_spatial,spatial_pick_up_the_black_bowl_next_to_the_plate_and_place_it_on_the_plate,pick_up_the_black_bowl_next_to_the_plate_and_place_it_on_the_plate,8,0,official_clean_libero_spatial_pick_up_the_black_bowl_next_to_the_plate_and_place_it_on_the_plate,,,pick_place_transfer,,action_gripper;eef_vz;eef_z;gripper_qpos;gripper_width,teacher_hazard;teacher_phase;teacher_release_safe,eef_vx;eef_vy;eef_x;eef_y,partial_eef_z_only,metadata_only_no_training
libero_spatial,spatial_pick_up_the_black_bowl_next_to_the_plate_and_place_it_on_the_plate,pick_up_the_black_bowl_next_to_the_plate_and_place_it_on_the_plate,9,0,official_clean_libero_spatial_pick_up_the_black_bowl_next_to_the_plate_and_place_it_on_the_plate,,,pick_place_transfer,,action_gripper;eef_vz;eef_z;gripper_qpos;gripper_width,teacher_hazard;teacher_phase;teacher_release_safe,eef_vx;eef_vy;eef_x;eef_y,partial_eef_z_only,metadata_only_no_training
libero_spatial,spatial_pick_up_the_black_bowl_next_to_the_ramekin_and_place_it_on_the_plate,pick_up_the_black_bowl_next_to_the_ramekin_and_place_it_on_the_plate,0,0,official_clean_libero_spatial_pick_up_the_black_bowl_next_to_the_ramekin_and_place_it_on_the_plate,,,pick_place_transfer,,action_gripper;eef_vz;eef_z;gripper_qpos;gripper_width,teacher_hazard;teacher_phase;teacher_release_safe,eef_vx;eef_vy;eef_x;eef_y,partial_eef_z_only,metadata_only_no_training
libero_spatial,spatial_pick_up_the_black_bowl_next_to_the_ramekin_and_place_it_on_the_plate,pick_up_the_black_bowl_next_to_the_ramekin_and_place_it_on_the_plate,1,0,official_clean_libero_spatial_pick_up_the_black_bowl_next_to_the_ramekin_and_place_it_on_the_plate,,,pick_place_transfer,,action_gripper;eef_vz;eef_z;gripper_qpos;gripper_width,teacher_hazard;teacher_phase;teacher_release_safe,eef_vx;eef_vy;eef_x;eef_y,partial_eef_z_only,metadata_only_no_training
libero_spatial,spatial_pick_up_the_black_bowl_next_to_the_ramekin_and_place_it_on_the_plate,pick_up_the_black_bowl_next_to_the_ramekin_and_place_it_on_the_plate,2,0,official_clean_libero_spatial_pick_up_the_black_bowl_next_to_the_ramekin_and_place_it_on_the_plate,,,pick_place_transfer,,action_gripper;eef_vz;eef_z;gripper_qpos;gripper_width,teacher_hazard;teacher_phase;teacher_release_safe,eef_vx;eef_vy;eef_x;eef_y,partial_eef_z_only,metadata_only_no_training
libero_spatial,spatial_pick_up_the_black_bowl_next_to_the_ramekin_and_place_it_on_the_plate,pick_up_the_black_bowl_next_to_the_ramekin_and_place_it_on_the_plate,3,0,official_clean_libero_spatial_pick_up_the_black_bowl_next_to_the_ramekin_and_place_it_on_the_plate,,,pick_place_transfer,,action_gripper;eef_vz;eef_z;gripper_qpos;gripper_width,teacher_hazard;teacher_phase;teacher_release_safe,eef_vx;eef_vy;eef_x;eef_y,partial_eef_z_only,metadata_only_no_training
libero_spatial,spatial_pick_up_the_black_bowl_next_to_the_ramekin_and_place_it_on_the_plate,pick_up_the_black_bowl_next_to_the_ramekin_and_place_it_on_the_plate,4,0,official_clean_libero_spatial_pick_up_the_black_bowl_next_to_the_ramekin_and_place_it_on_the_plate,,,pick_place_transfer,,action_gripper;eef_vz;eef_z;gripper_qpos;gripper_width,teacher_hazard;teacher_phase;teacher_release_safe,eef_vx;eef_vy;eef_x;eef_y,partial_eef_z_only,metadata_only_no_training
libero_spatial,spatial_pick_up_the_black_bowl_next_to_the_ramekin_and_place_it_on_the_plate,pick_up_the_black_bowl_next_to_the_ramekin_and_place_it_on_the_plate,5,0,official_clean_libero_spatial_pick_up_the_black_bowl_next_to_the_ramekin_and_place_it_on_the_plate,,,pick_place_transfer,,action_gripper;eef_vz;eef_z;gripper_qpos;gripper_width,teacher_hazard;teacher_phase;teacher_release_safe,eef_vx;eef_vy;eef_x;eef_y,partial_eef_z_only,metadata_only_no_training
libero_spatial,spatial_pick_up_the_black_bowl_next_to_the_ramekin_and_place_it_on_the_plate,pick_up_the_black_bowl_next_to_the_ramekin_and_place_it_on_the_plate,6,0,official_clean_libero_spatial_pick_up_the_black_bowl_next_to_the_ramekin_and_place_it_on_the_plate,,,pick_place_transfer,,action_gripper;eef_vz;eef_z;gripper_qpos;gripper_width,teacher_hazard;teacher_phase;teacher_release_safe,eef_vx;eef_vy;eef_x;eef_y,partial_eef_z_only,metadata_only_no_training
libero_spatial,spatial_pick_up_the_black_bowl_next_to_the_ramekin_and_place_it_on_the_plate,pick_up_the_black_bowl_next_to_the_ramekin_and_place_it_on_the_plate,7,0,official_clean_libero_spatial_pick_up_the_black_bowl_next_to_the_ramekin_and_place_it_on_the_plate,,,pick_place_transfer,,action_gripper;eef_vz;eef_z;gripper_qpos;gripper_width,teacher_hazard;teacher_phase;teacher_release_safe,eef_vx;eef_vy;eef_x;eef_y,partial_eef_z_only,metadata_only_no_training
libero_spatial,spatial_pick_up_the_black_bowl_next_to_the_ramekin_and_place_it_on_the_plate,pick_up_the_black_bowl_next_to_the_ramekin_and_place_it_on_the_plate,8,0,official_clean_libero_spatial_pick_up_the_black_bowl_next_to_the_ramekin_and_place_it_on_the_plate,,,pick_place_transfer,,action_gripper;eef_vz;eef_z;gripper_qpos;gripper_width,teacher_hazard;teacher_phase;teacher_release_safe,eef_vx;eef_vy;eef_x;eef_y,partial_eef_z_only,metadata_only_no_training
libero_spatial,spatial_pick_up_the_black_bowl_next_to_the_ramekin_and_place_it_on_the_plate,pick_up_the_black_bowl_next_to_the_ramekin_and_place_it_on_the_plate,9,0,official_clean_libero_spatial_pick_up_the_black_bowl_next_to_the_ramekin_and_place_it_on_the_plate,,,pick_place_transfer,,action_gripper;eef_vz;eef_z;gripper_qpos;gripper_width,teacher_hazard;teacher_phase;teacher_release_safe,eef_vx;eef_vy;eef_x;eef_y,partial_eef_z_only,metadata_only_no_training
libero_spatial,spatial_pick_up_the_black_bowl_on_the_wooden_cabinet_and_place_it_on_the_plate,pick_up_the_black_bowl_on_the_wooden_cabinet_and_place_it_on_the_plate,0,0,official_clean_libero_spatial_pick_up_the_black_bowl_on_the_wooden_cabinet_and_place_it_on_the_plate,,,multi_object_transfer,,action_gripper;eef_vz;eef_z;gripper_qpos;gripper_width,teacher_hazard;teacher_phase;teacher_release_safe,eef_vx;eef_vy;eef_x;eef_y,partial_eef_z_only,metadata_only_no_training
libero_spatial,spatial_pick_up_the_black_bowl_on_the_wooden_cabinet_and_place_it_on_the_plate,pick_up_the_black_bowl_on_the_wooden_cabinet_and_place_it_on_the_plate,1,0,official_clean_libero_spatial_pick_up_the_black_bowl_on_the_wooden_cabinet_and_place_it_on_the_plate,,,multi_object_transfer,,action_gripper;eef_vz;eef_z;gripper_qpos;gripper_width,teacher_hazard;teacher_phase;teacher_release_safe,eef_vx;eef_vy;eef_x;eef_y,partial_eef_z_only,metadata_only_no_training
libero_spatial,spatial_pick_up_the_black_bowl_on_the_wooden_cabinet_and_place_it_on_the_plate,pick_up_the_black_bowl_on_the_wooden_cabinet_and_place_it_on_the_plate,2,0,official_clean_libero_spatial_pick_up_the_black_bowl_on_the_wooden_cabinet_and_place_it_on_the_plate,,,multi_object_transfer,,action_gripper;eef_vz;eef_z;gripper_qpos;gripper_width,teacher_hazard;teacher_phase;teacher_release_safe,eef_vx;eef_vy;eef_x;eef_y,partial_eef_z_only,metadata_only_no_training
libero_spatial,spatial_pick_up_the_black_bowl_on_the_wooden_cabinet_and_place_it_on_the_plate,pick_up_the_black_bowl_on_the_wooden_cabinet_and_place_it_on_the_plate,3,0,official_clean_libero_spatial_pick_up_the_black_bowl_on_the_wooden_cabinet_and_place_it_on_the_plate,,,multi_object_transfer,,action_gripper;eef_vz;eef_z;gripper_qpos;gripper_width,teacher_hazard;teacher_phase;teacher_release_safe,eef_vx;eef_vy;eef_x;eef_y,partial_eef_z_only,metadata_only_no_training
libero_spatial,spatial_pick_up_the_black_bowl_on_the_wooden_cabinet_and_place_it_on_the_plate,pick_up_the_black_bowl_on_the_wooden_cabinet_and_place_it_on_the_plate,4,0,official_clean_libero_spatial_pick_up_the_black_bowl_on_the_wooden_cabinet_and_place_it_on_the_plate,,,multi_object_transfer,,action_gripper;eef_vz;eef_z;gripper_qpos;gripper_width,teacher_hazard;teacher_phase;teacher_release_safe,eef_vx;eef_vy;eef_x;eef_y,partial_eef_z_only,metadata_only_no_training
libero_spatial,spatial_pick_up_the_black_bowl_on_the_wooden_cabinet_and_place_it_on_the_plate,pick_up_the_black_bowl_on_the_wooden_cabinet_and_place_it_on_the_plate,5,0,official_clean_libero_spatial_pick_up_the_black_bowl_on_the_wooden_cabinet_and_place_it_on_the_plate,,,multi_object_transfer,,action_gripper;eef_vz;eef_z;gripper_qpos;gripper_width,teacher_hazard;teacher_phase;teacher_release_safe,eef_vx;eef_vy;eef_x;eef_y,partial_eef_z_only,metadata_only_no_training
libero_spatial,spatial_pick_up_the_black_bowl_on_the_wooden_cabinet_and_place_it_on_the_plate,pick_up_the_black_bowl_on_the_wooden_cabinet_and_place_it_on_the_plate,6,0,official_clean_libero_spatial_pick_up_the_black_bowl_on_the_wooden_cabinet_and_place_it_on_the_plate,,,multi_object_transfer,,action_gripper;eef_vz;eef_z;gripper_qpos;gripper_width,teacher_hazard;teacher_phase;teacher_release_safe,eef_vx;eef_vy;eef_x;eef_y,partial_eef_z_only,metadata_only_no_training
libero_spatial,spatial_pick_up_the_black_bowl_on_the_wooden_cabinet_and_place_it_on_the_plate,pick_up_the_black_bowl_on_the_wooden_cabinet_and_place_it_on_the_plate,7,0,official_clean_libero_spatial_pick_up_the_black_bowl_on_the_wooden_cabinet_and_place_it_on_the_plate,,,multi_object_transfer,,action_gripper;eef_vz;eef_z;gripper_qpos;gripper_width,teacher_hazard;teacher_phase;teacher_release_safe,eef_vx;eef_vy;eef_x;eef_y,partial_eef_z_only,metadata_only_no_training
libero_spatial,spatial_pick_up_the_black_bowl_on_the_wooden_cabinet_and_place_it_on_the_plate,pick_up_the_black_bowl_on_the_wooden_cabinet_and_place_it_on_the_plate,8,0,official_clean_libero_spatial_pick_up_the_black_bowl_on_the_wooden_cabinet_and_place_it_on_the_plate,,,multi_object_transfer,,action_gripper;eef_vz;eef_z;gripper_qpos;gripper_width,teacher_hazard;teacher_phase;teacher_release_safe,eef_vx;eef_vy;eef_x;eef_y,partial_eef_z_only,metadata_only_no_training
libero_spatial,spatial_pick_up_the_black_bowl_on_the_wooden_cabinet_and_place_it_on_the_plate,pick_up_the_black_bowl_on_the_wooden_cabinet_and_place_it_on_the_plate,9,0,official_clean_libero_spatial_pick_up_the_black_bowl_on_the_wooden_cabinet_and_place_it_on_the_plate,,,multi_object_transfer,,action_gripper;eef_vz;eef_z;gripper_qpos;gripper_width,teacher_hazard;teacher_phase;teacher_release_safe,eef_vx;eef_vy;eef_x;eef_y,partial_eef_z_only,metadata_only_no_training
libero_spatial,spatial_pick_up_the_black_bowl_on_the_stove_and_place_it_on_the_plate,pick_up_the_black_bowl_on_the_stove_and_place_it_on_the_plate,0,0,official_clean_libero_spatial_pick_up_the_black_bowl_on_the_stove_and_place_it_on_the_plate,,,multi_object_transfer,,action_gripper;eef_vz;eef_z;gripper_qpos;gripper_width,teacher_hazard;teacher_phase;teacher_release_safe,eef_vx;eef_vy;eef_x;eef_y,partial_eef_z_only,metadata_only_no_training
libero_spatial,spatial_pick_up_the_black_bowl_on_the_stove_and_place_it_on_the_plate,pick_up_the_black_bowl_on_the_stove_and_place_it_on_the_plate,1,0,official_clean_libero_spatial_pick_up_the_black_bowl_on_the_stove_and_place_it_on_the_plate,,,multi_object_transfer,,action_gripper;eef_vz;eef_z;gripper_qpos;gripper_width,teacher_hazard;teacher_phase;teacher_release_safe,eef_vx;eef_vy;eef_x;eef_y,partial_eef_z_only,metadata_only_no_training
libero_spatial,spatial_pick_up_the_black_bowl_on_the_stove_and_place_it_on_the_plate,pick_up_the_black_bowl_on_the_stove_and_place_it_on_the_plate,2,0,official_clean_libero_spatial_pick_up_the_black_bowl_on_the_stove_and_place_it_on_the_plate,,,multi_object_transfer,,action_gripper;eef_vz;eef_z;gripper_qpos;gripper_width,teacher_hazard;teacher_phase;teacher_release_safe,eef_vx;eef_vy;eef_x;eef_y,partial_eef_z_only,metadata_only_no_training
libero_spatial,spatial_pick_up_the_black_bowl_on_the_stove_and_place_it_on_the_plate,pick_up_the_black_bowl_on_the_stove_and_place_it_on_the_plate,3,0,official_clean_libero_spatial_pick_up_the_black_bowl_on_the_stove_and_place_it_on_the_plate,,,multi_object_transfer,,action_gripper;eef_vz;eef_z;gripper_qpos;gripper_width,teacher_hazard;teacher_phase;teacher_release_safe,eef_vx;eef_vy;eef_x;eef_y,partial_eef_z_only,metadata_only_no_training
libero_spatial,spatial_pick_up_the_black_bowl_on_the_stove_and_place_it_on_the_plate,pick_up_the_black_bowl_on_the_stove_and_place_it_on_the_plate,4,0,official_clean_libero_spatial_pick_up_the_black_bowl_on_the_stove_and_place_it_on_the_plate,,,multi_object_transfer,,action_gripper;eef_vz;eef_z;gripper_qpos;gripper_width,teacher_hazard;teacher_phase;teacher_release_safe,eef_vx;eef_vy;eef_x;eef_y,partial_eef_z_only,metadata_only_no_training
libero_spatial,spatial_pick_up_the_black_bowl_on_the_stove_and_place_it_on_the_plate,pick_up_the_black_bowl_on_the_stove_and_place_it_on_the_plate,5,0,official_clean_libero_spatial_pick_up_the_black_bowl_on_the_stove_and_place_it_on_the_plate,,,multi_object_transfer,,action_gripper;eef_vz;eef_z;gripper_qpos;gripper_width,teacher_hazard;teacher_phase;teacher_release_safe,eef_vx;eef_vy;eef_x;eef_y,partial_eef_z_only,metadata_only_no_training
libero_spatial,spatial_pick_up_the_black_bowl_on_the_stove_and_place_it_on_the_plate,pick_up_the_black_bowl_on_the_stove_and_place_it_on_the_plate,6,0,official_clean_libero_spatial_pick_up_the_black_bowl_on_the_stove_and_place_it_on_the_plate,,,multi_object_transfer,,action_gripper;eef_vz;eef_z;gripper_qpos;gripper_width,teacher_hazard;teacher_phase;teacher_release_safe,eef_vx;eef_vy;eef_x;eef_y,partial_eef_z_only,metadata_only_no_training
libero_spatial,spatial_pick_up_the_black_bowl_on_the_stove_and_place_it_on_the_plate,pick_up_the_black_bowl_on_the_stove_and_place_it_on_the_plate,7,0,official_clean_libero_spatial_pick_up_the_black_bowl_on_the_stove_and_place_it_on_the_plate,,,multi_object_transfer,,action_gripper;eef_vz;eef_z;gripper_qpos;gripper_width,teacher_hazard;teacher_phase;teacher_release_safe,eef_vx;eef_vy;eef_x;eef_y,partial_eef_z_only,metadata_only_no_training
libero_spatial,spatial_pick_up_the_black_bowl_on_the_stove_and_place_it_on_the_plate,pick_up_the_black_bowl_on_the_stove_and_place_it_on_the_plate,8,0,official_clean_libero_spatial_pick_up_the_black_bowl_on_the_stove_and_place_it_on_the_plate,,,multi_object_transfer,,action_gripper;eef_vz;eef_z;gripper_qpos;gripper_width,teacher_hazard;teacher_phase;teacher_release_safe,eef_vx;eef_vy;eef_x;eef_y,partial_eef_z_only,metadata_only_no_training
libero_spatial,spatial_pick_up_the_black_bowl_on_the_stove_and_place_it_on_the_plate,pick_up_the_black_bowl_on_the_stove_and_place_it_on_the_plate,9,0,official_clean_libero_spatial_pick_up_the_black_bowl_on_the_stove_and_place_it_on_the_plate,,,multi_object_transfer,,action_gripper;eef_vz;eef_z;gripper_qpos;gripper_width,teacher_hazard;teacher_phase;teacher_release_safe,eef_vx;eef_vy;eef_x;eef_y,partial_eef_z_only,metadata_only_no_training
libero_spatial,spatial_pick_up_the_black_bowl_on_the_ramekin_and_place_it_on_the_plate,pick_up_the_black_bowl_on_the_ramekin_and_place_it_on_the_plate,0,0,official_clean_libero_spatial_pick_up_the_black_bowl_on_the_ramekin_and_place_it_on_the_plate,,,multi_object_transfer,,action_gripper;eef_vz;eef_z;gripper_qpos;gripper_width,teacher_hazard;teacher_phase;teacher_release_safe,eef_vx;eef_vy;eef_x;eef_y,partial_eef_z_only,metadata_only_no_training
libero_spatial,spatial_pick_up_the_black_bowl_on_the_ramekin_and_place_it_on_the_plate,pick_up_the_black_bowl_on_the_ramekin_and_place_it_on_the_plate,1,0,official_clean_libero_spatial_pick_up_the_black_bowl_on_the_ramekin_and_place_it_on_the_plate,,,multi_object_transfer,,action_gripper;eef_vz;eef_z;gripper_qpos;gripper_width,teacher_hazard;teacher_phase;teacher_release_safe,eef_vx;eef_vy;eef_x;eef_y,partial_eef_z_only,metadata_only_no_training
libero_spatial,spatial_pick_up_the_black_bowl_on_the_ramekin_and_place_it_on_the_plate,pick_up_the_black_bowl_on_the_ramekin_and_place_it_on_the_plate,2,0,official_clean_libero_spatial_pick_up_the_black_bowl_on_the_ramekin_and_place_it_on_the_plate,,,multi_object_transfer,,action_gripper;eef_vz;eef_z;gripper_qpos;gripper_width,teacher_hazard;teacher_phase;teacher_release_safe,eef_vx;eef_vy;eef_x;eef_y,partial_eef_z_only,metadata_only_no_training
libero_spatial,spatial_pick_up_the_black_bowl_on_the_ramekin_and_place_it_on_the_plate,pick_up_the_black_bowl_on_the_ramekin_and_place_it_on_the_plate,3,0,official_clean_libero_spatial_pick_up_the_black_bowl_on_the_ramekin_and_place_it_on_the_plate,,,multi_object_transfer,,action_gripper;eef_vz;eef_z;gripper_qpos;gripper_width,teacher_hazard;teacher_phase;teacher_release_safe,eef_vx;eef_vy;eef_x;eef_y,partial_eef_z_only,metadata_only_no_training
libero_spatial,spatial_pick_up_the_black_bowl_on_the_ramekin_and_place_it_on_the_plate,pick_up_the_black_bowl_on_the_ramekin_and_place_it_on_the_plate,4,0,official_clean_libero_spatial_pick_up_the_black_bowl_on_the_ramekin_and_place_it_on_the_plate,,,multi_object_transfer,,action_gripper;eef_vz;eef_z;gripper_qpos;gripper_width,teacher_hazard;teacher_phase;teacher_release_safe,eef_vx;eef_vy;eef_x;eef_y,partial_eef_z_only,metadata_only_no_training
libero_spatial,spatial_pick_up_the_black_bowl_on_the_ramekin_and_place_it_on_the_plate,pick_up_the_black_bowl_on_the_ramekin_and_place_it_on_the_plate,5,0,official_clean_libero_spatial_pick_up_the_black_bowl_on_the_ramekin_and_place_it_on_the_plate,,,multi_object_transfer,,action_gripper;eef_vz;eef_z;gripper_qpos;gripper_width,teacher_hazard;teacher_phase;teacher_release_safe,eef_vx;eef_vy;eef_x;eef_y,partial_eef_z_only,metadata_only_no_training
libero_spatial,spatial_pick_up_the_black_bowl_on_the_ramekin_and_place_it_on_the_plate,pick_up_the_black_bowl_on_the_ramekin_and_place_it_on_the_plate,6,0,official_clean_libero_spatial_pick_up_the_black_bowl_on_the_ramekin_and_place_it_on_the_plate,,,multi_object_transfer,,action_gripper;eef_vz;eef_z;gripper_qpos;gripper_width,teacher_hazard;teacher_phase;teacher_release_safe,eef_vx;eef_vy;eef_x;eef_y,partial_eef_z_only,metadata_only_no_training
libero_spatial,spatial_pick_up_the_black_bowl_on_the_ramekin_and_place_it_on_the_plate,pick_up_the_black_bowl_on_the_ramekin_and_place_it_on_the_plate,7,0,official_clean_libero_spatial_pick_up_the_black_bowl_on_the_ramekin_and_place_it_on_the_plate,,,multi_object_transfer,,action_gripper;eef_vz;eef_z;gripper_qpos;gripper_width,teacher_hazard;teacher_phase;teacher_release_safe,eef_vx;eef_vy;eef_x;eef_y,partial_eef_z_only,metadata_only_no_training
libero_spatial,spatial_pick_up_the_black_bowl_on_the_ramekin_and_place_it_on_the_plate,pick_up_the_black_bowl_on_the_ramekin_and_place_it_on_the_plate,8,0,official_clean_libero_spatial_pick_up_the_black_bowl_on_the_ramekin_and_place_it_on_the_plate,,,multi_object_transfer,,action_gripper;eef_vz;eef_z;gripper_qpos;gripper_width,teacher_hazard;teacher_phase;teacher_release_safe,eef_vx;eef_vy;eef_x;eef_y,partial_eef_z_only,metadata_only_no_training
libero_spatial,spatial_pick_up_the_black_bowl_on_the_ramekin_and_place_it_on_the_plate,pick_up_the_black_bowl_on_the_ramekin_and_place_it_on_the_plate,9,0,official_clean_libero_spatial_pick_up_the_black_bowl_on_the_ramekin_and_place_it_on_the_plate,,,multi_object_transfer,,action_gripper;eef_vz;eef_z;gripper_qpos;gripper_width,teacher_hazard;teacher_phase;teacher_release_safe,eef_vx;eef_vy;eef_x;eef_y,partial_eef_z_only,metadata_only_no_training
libero_object,object_pick_up_the_bbq_sauce_and_place_it_in_the_basket,pick_up_the_bbq_sauce_and_place_it_in_the_basket,0,0,official_retry2_libero_object_pick_up_the_bbq_sauce_and_place_it_in_the_basket,,,pick_place_transfer,,action_gripper;eef_vz;eef_z;gripper_qpos;gripper_width,teacher_hazard;teacher_phase;teacher_release_safe,eef_vx;eef_vy;eef_x;eef_y,partial_eef_z_only,metadata_only_no_training
libero_object,object_pick_up_the_bbq_sauce_and_place_it_in_the_basket,pick_up_the_bbq_sauce_and_place_it_in_the_basket,1,0,official_retry2_libero_object_pick_up_the_bbq_sauce_and_place_it_in_the_basket,,,pick_place_transfer,,action_gripper;eef_vz;eef_z;gripper_qpos;gripper_width,teacher_hazard;teacher_phase;teacher_release_safe,eef_vx;eef_vy;eef_x;eef_y,partial_eef_z_only,metadata_only_no_training
libero_object,object_pick_up_the_bbq_sauce_and_place_it_in_the_basket,pick_up_the_bbq_sauce_and_place_it_in_the_basket,2,0,official_retry2_libero_object_pick_up_the_bbq_sauce_and_place_it_in_the_basket,,,pick_place_transfer,,action_gripper;eef_vz;eef_z;gripper_qpos;gripper_width,teacher_hazard;teacher_phase;teacher_release_safe,eef_vx;eef_vy;eef_x;eef_y,partial_eef_z_only,metadata_only_no_training
libero_object,object_pick_up_the_bbq_sauce_and_place_it_in_the_basket,pick_up_the_bbq_sauce_and_place_it_in_the_basket,3,0,official_retry2_libero_object_pick_up_the_bbq_sauce_and_place_it_in_the_basket,,,pick_place_transfer,,action_gripper;eef_vz;eef_z;gripper_qpos;gripper_width,teacher_hazard;teacher_phase;teacher_release_safe,eef_vx;eef_vy;eef_x;eef_y,partial_eef_z_only,metadata_only_no_training
libero_object,object_pick_up_the_bbq_sauce_and_place_it_in_the_basket,pick_up_the_bbq_sauce_and_place_it_in_the_basket,4,0,official_retry2_libero_object_pick_up_the_bbq_sauce_and_place_it_in_the_basket,,,pick_place_transfer,,action_gripper;eef_vz;eef_z;gripper_qpos;gripper_width,teacher_hazard;teacher_phase;teacher_release_safe,eef_vx;eef_vy;eef_x;eef_y,partial_eef_z_only,metadata_only_no_training
libero_object,object_pick_up_the_bbq_sauce_and_place_it_in_the_basket,pick_up_the_bbq_sauce_and_place_it_in_the_basket,5,0,official_retry2_libero_object_pick_up_the_bbq_sauce_and_place_it_in_the_basket,,,pick_place_transfer,,action_gripper;eef_vz;eef_z;gripper_qpos;gripper_width,teacher_hazard;teacher_phase;teacher_release_safe,eef_vx;eef_vy;eef_x;eef_y,partial_eef_z_only,metadata_only_no_training
libero_object,object_pick_up_the_bbq_sauce_and_place_it_in_the_basket,pick_up_the_bbq_sauce_and_place_it_in_the_basket,6,0,official_retry2_libero_object_pick_up_the_bbq_sauce_and_place_it_in_the_basket,,,pick_place_transfer,,action_gripper;eef_vz;eef_z;gripper_qpos;gripper_width,teacher_hazard;teacher_phase;teacher_release_safe,eef_vx;eef_vy;eef_x;eef_y,partial_eef_z_only,metadata_only_no_training
libero_object,object_pick_up_the_bbq_sauce_and_place_it_in_the_basket,pick_up_the_bbq_sauce_and_place_it_in_the_basket,7,0,official_retry2_libero_object_pick_up_the_bbq_sauce_and_place_it_in_the_basket,,,pick_place_transfer,,action_gripper;eef_vz;eef_z;gripper_qpos;gripper_width,teacher_hazard;teacher_phase;teacher_release_safe,eef_vx;eef_vy;eef_x;eef_y,partial_eef_z_only,metadata_only_no_training
libero_object,object_pick_up_the_bbq_sauce_and_place_it_in_the_basket,pick_up_the_bbq_sauce_and_place_it_in_the_basket,8,0,official_retry2_libero_object_pick_up_the_bbq_sauce_and_place_it_in_the_basket,,,pick_place_transfer,,action_gripper;eef_vz;eef_z;gripper_qpos;gripper_width,teacher_hazard;teacher_phase;teacher_release_safe,eef_vx;eef_vy;eef_x;eef_y,partial_eef_z_only,metadata_only_no_training
libero_object,object_pick_up_the_bbq_sauce_and_place_it_in_the_basket,pick_up_the_bbq_sauce_and_place_it_in_the_basket,9,0,official_retry2_libero_object_pick_up_the_bbq_sauce_and_place_it_in_the_basket,,,pick_place_transfer,,action_gripper;eef_vz;eef_z;gripper_qpos;gripper_width,teacher_hazard;teacher_phase;teacher_release_safe,eef_vx;eef_vy;eef_x;eef_y,partial_eef_z_only,metadata_only_no_training
libero_object,object_pick_up_the_butter_and_place_it_in_the_basket,pick_up_the_butter_and_place_it_in_the_basket,0,0,official_clean_libero_object_pick_up_the_butter_and_place_it_in_the_basket,,,pick_place_transfer,,action_gripper;eef_vz;eef_z;gripper_qpos;gripper_width,teacher_hazard;teacher_phase;teacher_release_safe,eef_vx;eef_vy;eef_x;eef_y,partial_eef_z_only,metadata_only_no_training
libero_object,object_pick_up_the_butter_and_place_it_in_the_basket,pick_up_the_butter_and_place_it_in_the_basket,1,0,official_clean_libero_object_pick_up_the_butter_and_place_it_in_the_basket,,,pick_place_transfer,,action_gripper;eef_vz;eef_z;gripper_qpos;gripper_width,teacher_hazard;teacher_phase;teacher_release_safe,eef_vx;eef_vy;eef_x;eef_y,partial_eef_z_only,metadata_only_no_training
libero_object,object_pick_up_the_butter_and_place_it_in_the_basket,pick_up_the_butter_and_place_it_in_the_basket,2,0,official_clean_libero_object_pick_up_the_butter_and_place_it_in_the_basket,,,pick_place_transfer,,action_gripper;eef_vz;eef_z;gripper_qpos;gripper_width,teacher_hazard;teacher_phase;teacher_release_safe,eef_vx;eef_vy;eef_x;eef_y,partial_eef_z_only,metadata_only_no_training
libero_object,object_pick_up_the_butter_and_place_it_in_the_basket,pick_up_the_butter_and_place_it_in_the_basket,3,0,official_clean_libero_object_pick_up_the_butter_and_place_it_in_the_basket,,,pick_place_transfer,,action_gripper;eef_vz;eef_z;gripper_qpos;gripper_width,teacher_hazard;teacher_phase;teacher_release_safe,eef_vx;eef_vy;eef_x;eef_y,partial_eef_z_only,metadata_only_no_training
libero_object,object_pick_up_the_butter_and_place_it_in_the_basket,pick_up_the_butter_and_place_it_in_the_basket,4,0,official_clean_libero_object_pick_up_the_butter_and_place_it_in_the_basket,,,pick_place_transfer,,action_gripper;eef_vz;eef_z;gripper_qpos;gripper_width,teacher_hazard;teacher_phase;teacher_release_safe,eef_vx;eef_vy;eef_x;eef_y,partial_eef_z_only,metadata_only_no_training
libero_object,object_pick_up_the_butter_and_place_it_in_the_basket,pick_up_the_butter_and_place_it_in_the_basket,5,0,official_clean_libero_object_pick_up_the_butter_and_place_it_in_the_basket,,,pick_place_transfer,,action_gripper;eef_vz;eef_z;gripper_qpos;gripper_width,teacher_hazard;teacher_phase;teacher_release_safe,eef_vx;eef_vy;eef_x;eef_y,partial_eef_z_only,metadata_only_no_training
libero_object,object_pick_up_the_butter_and_place_it_in_the_basket,pick_up_the_butter_and_place_it_in_the_basket,6,0,official_clean_libero_object_pick_up_the_butter_and_place_it_in_the_basket,,,pick_place_transfer,,action_gripper;eef_vz;eef_z;gripper_qpos;gripper_width,teacher_hazard;teacher_phase;teacher_release_safe,eef_vx;eef_vy;eef_x;eef_y,partial_eef_z_only,metadata_only_no_training
libero_object,object_pick_up_the_butter_and_place_it_in_the_basket,pick_up_the_butter_and_place_it_in_the_basket,7,0,official_clean_libero_object_pick_up_the_butter_and_place_it_in_the_basket,,,pick_place_transfer,,action_gripper;eef_vz;eef_z;gripper_qpos;gripper_width,teacher_hazard;teacher_phase;teacher_release_safe,eef_vx;eef_vy;eef_x;eef_y,partial_eef_z_only,metadata_only_no_training
libero_object,object_pick_up_the_butter_and_place_it_in_the_basket,pick_up_the_butter_and_place_it_in_the_basket,8,0,official_clean_libero_object_pick_up_the_butter_and_place_it_in_the_basket,,,pick_place_transfer,,action_gripper;eef_vz;eef_z;gripper_qpos;gripper_width,teacher_hazard;teacher_phase;teacher_release_safe,eef_vx;eef_vy;eef_x;eef_y,partial_eef_z_only,metadata_only_no_training
libero_object,object_pick_up_the_butter_and_place_it_in_the_basket,pick_up_the_butter_and_place_it_in_the_basket,9,0,official_clean_libero_object_pick_up_the_butter_and_place_it_in_the_basket,,,pick_place_transfer,,action_gripper;eef_vz;eef_z;gripper_qpos;gripper_width,teacher_hazard;teacher_phase;teacher_release_safe,eef_vx;eef_vy;eef_x;eef_y,partial_eef_z_only,metadata_only_no_training
libero_object,object_pick_up_the_alphabet_soup_and_place_it_in_the_basket,pick_up_the_alphabet_soup_and_place_it_in_the_basket,0,0,official_clean_libero_object_pick_up_the_alphabet_soup_and_place_it_in_the_basket,,,pick_place_transfer,,action_gripper;eef_vz;eef_z;gripper_qpos;gripper_width,teacher_hazard;teacher_phase;teacher_release_safe,eef_vx;eef_vy;eef_x;eef_y,partial_eef_z_only,metadata_only_no_training
libero_object,object_pick_up_the_alphabet_soup_and_place_it_in_the_basket,pick_up_the_alphabet_soup_and_place_it_in_the_basket,1,0,official_clean_libero_object_pick_up_the_alphabet_soup_and_place_it_in_the_basket,,,pick_place_transfer,,action_gripper;eef_vz;eef_z;gripper_qpos;gripper_width,teacher_hazard;teacher_phase;teacher_release_safe,eef_vx;eef_vy;eef_x;eef_y,partial_eef_z_only,metadata_only_no_training
libero_object,object_pick_up_the_alphabet_soup_and_place_it_in_the_basket,pick_up_the_alphabet_soup_and_place_it_in_the_basket,2,0,official_clean_libero_object_pick_up_the_alphabet_soup_and_place_it_in_the_basket,,,pick_place_transfer,,action_gripper;eef_vz;eef_z;gripper_qpos;gripper_width,teacher_hazard;teacher_phase;teacher_release_safe,eef_vx;eef_vy;eef_x;eef_y,partial_eef_z_only,metadata_only_no_training
libero_object,object_pick_up_the_alphabet_soup_and_place_it_in_the_basket,pick_up_the_alphabet_soup_and_place_it_in_the_basket,3,0,official_clean_libero_object_pick_up_the_alphabet_soup_and_place_it_in_the_basket,,,pick_place_transfer,,action_gripper;eef_vz;eef_z;gripper_qpos;gripper_width,teacher_hazard;teacher_phase;teacher_release_safe,eef_vx;eef_vy;eef_x;eef_y,partial_eef_z_only,metadata_only_no_training
libero_object,object_pick_up_the_alphabet_soup_and_place_it_in_the_basket,pick_up_the_alphabet_soup_and_place_it_in_the_basket,4,0,official_clean_libero_object_pick_up_the_alphabet_soup_and_place_it_in_the_basket,,,pick_place_transfer,,action_gripper;eef_vz;eef_z;gripper_qpos;gripper_width,teacher_hazard;teacher_phase;teacher_release_safe,eef_vx;eef_vy;eef_x;eef_y,partial_eef_z_only,metadata_only_no_training
libero_object,object_pick_up_the_alphabet_soup_and_place_it_in_the_basket,pick_up_the_alphabet_soup_and_place_it_in_the_basket,5,0,official_clean_libero_object_pick_up_the_alphabet_soup_and_place_it_in_the_basket,,,pick_place_transfer,,action_gripper;eef_vz;eef_z;gripper_qpos;gripper_width,teacher_hazard;teacher_phase;teacher_release_safe,eef_vx;eef_vy;eef_x;eef_y,partial_eef_z_only,metadata_only_no_training
libero_object,object_pick_up_the_alphabet_soup_and_place_it_in_the_basket,pick_up_the_alphabet_soup_and_place_it_in_the_basket,6,0,official_clean_libero_object_pick_up_the_alphabet_soup_and_place_it_in_the_basket,,,pick_place_transfer,,action_gripper;eef_vz;eef_z;gripper_qpos;gripper_width,teacher_hazard;teacher_phase;teacher_release_safe,eef_vx;eef_vy;eef_x;eef_y,partial_eef_z_only,metadata_only_no_training
libero_object,object_pick_up_the_alphabet_soup_and_place_it_in_the_basket,pick_up_the_alphabet_soup_and_place_it_in_the_basket,7,0,official_clean_libero_object_pick_up_the_alphabet_soup_and_place_it_in_the_basket,,,pick_place_transfer,,action_gripper;eef_vz;eef_z;gripper_qpos;gripper_width,teacher_hazard;teacher_phase;teacher_release_safe,eef_vx;eef_vy;eef_x;eef_y,partial_eef_z_only,metadata_only_no_training
libero_object,object_pick_up_the_alphabet_soup_and_place_it_in_the_basket,pick_up_the_alphabet_soup_and_place_it_in_the_basket,8,0,official_clean_libero_object_pick_up_the_alphabet_soup_and_place_it_in_the_basket,,,pick_place_transfer,,action_gripper;eef_vz;eef_z;gripper_qpos;gripper_width,teacher_hazard;teacher_phase;teacher_release_safe,eef_vx;eef_vy;eef_x;eef_y,partial_eef_z_only,metadata_only_no_training
libero_object,object_pick_up_the_alphabet_soup_and_place_it_in_the_basket,pick_up_the_alphabet_soup_and_place_it_in_the_basket,9,0,official_clean_libero_object_pick_up_the_alphabet_soup_and_place_it_in_the_basket,,,pick_place_transfer,,action_gripper;eef_vz;eef_z;gripper_qpos;gripper_width,teacher_hazard;teacher_phase;teacher_release_safe,eef_vx;eef_vy;eef_x;eef_y,partial_eef_z_only,metadata_only_no_training
libero_object,object_pick_up_the_cream_cheese_and_place_it_in_the_basket,pick_up_the_cream_cheese_and_place_it_in_the_basket,0,0,official_clean_libero_object_pick_up_the_cream_cheese_and_place_it_in_the_basket,,,pick_place_transfer,,action_gripper;eef_vz;eef_z;gripper_qpos;gripper_width,teacher_hazard;teacher_phase;teacher_release_safe,eef_vx;eef_vy;eef_x;eef_y,partial_eef_z_only,metadata_only_no_training
libero_object,object_pick_up_the_cream_cheese_and_place_it_in_the_basket,pick_up_the_cream_cheese_and_place_it_in_the_basket,1,0,official_clean_libero_object_pick_up_the_cream_cheese_and_place_it_in_the_basket,,,pick_place_transfer,,action_gripper;eef_vz;eef_z;gripper_qpos;gripper_width,teacher_hazard;teacher_phase;teacher_release_safe,eef_vx;eef_vy;eef_x;eef_y,partial_eef_z_only,metadata_only_no_training
libero_object,object_pick_up_the_cream_cheese_and_place_it_in_the_basket,pick_up_the_cream_cheese_and_place_it_in_the_basket,2,0,official_clean_libero_object_pick_up_the_cream_cheese_and_place_it_in_the_basket,,,pick_place_transfer,,action_gripper;eef_vz;eef_z;gripper_qpos;gripper_width,teacher_hazard;teacher_phase;teacher_release_safe,eef_vx;eef_vy;eef_x;eef_y,partial_eef_z_only,metadata_only_no_training
libero_object,object_pick_up_the_cream_cheese_and_place_it_in_the_basket,pick_up_the_cream_cheese_and_place_it_in_the_basket,3,0,official_clean_libero_object_pick_up_the_cream_cheese_and_place_it_in_the_basket,,,pick_place_transfer,,action_gripper;eef_vz;eef_z;gripper_qpos;gripper_width,teacher_hazard;teacher_phase;teacher_release_safe,eef_vx;eef_vy;eef_x;eef_y,partial_eef_z_only,metadata_only_no_training
libero_object,object_pick_up_the_cream_cheese_and_place_it_in_the_basket,pick_up_the_cream_cheese_and_place_it_in_the_basket,4,0,official_clean_libero_object_pick_up_the_cream_cheese_and_place_it_in_the_basket,,,pick_place_transfer,,action_gripper;eef_vz;eef_z;gripper_qpos;gripper_width,teacher_hazard;teacher_phase;teacher_release_safe,eef_vx;eef_vy;eef_x;eef_y,partial_eef_z_only,metadata_only_no_training
libero_object,object_pick_up_the_cream_cheese_and_place_it_in_the_basket,pick_up_the_cream_cheese_and_place_it_in_the_basket,5,0,official_clean_libero_object_pick_up_the_cream_cheese_and_place_it_in_the_basket,,,pick_place_transfer,,action_gripper;eef_vz;eef_z;gripper_qpos;gripper_width,teacher_hazard;teacher_phase;teacher_release_safe,eef_vx;eef_vy;eef_x;eef_y,partial_eef_z_only,metadata_only_no_training
libero_object,object_pick_up_the_cream_cheese_and_place_it_in_the_basket,pick_up_the_cream_cheese_and_place_it_in_the_basket,6,0,official_clean_libero_object_pick_up_the_cream_cheese_and_place_it_in_the_basket,,,pick_place_transfer,,action_gripper;eef_vz;eef_z;gripper_qpos;gripper_width,teacher_hazard;teacher_phase;teacher_release_safe,eef_vx;eef_vy;eef_x;eef_y,partial_eef_z_only,metadata_only_no_training
libero_object,object_pick_up_the_cream_cheese_and_place_it_in_the_basket,pick_up_the_cream_cheese_and_place_it_in_the_basket,7,0,official_clean_libero_object_pick_up_the_cream_cheese_and_place_it_in_the_basket,,,pick_place_transfer,,action_gripper;eef_vz;eef_z;gripper_qpos;gripper_width,teacher_hazard;teacher_phase;teacher_release_safe,eef_vx;eef_vy;eef_x;eef_y,partial_eef_z_only,metadata_only_no_training
libero_object,object_pick_up_the_cream_cheese_and_place_it_in_the_basket,pick_up_the_cream_cheese_and_place_it_in_the_basket,8,0,official_clean_libero_object_pick_up_the_cream_cheese_and_place_it_in_the_basket,,,pick_place_transfer,,action_gripper;eef_vz;eef_z;gripper_qpos;gripper_width,teacher_hazard;teacher_phase;teacher_release_safe,eef_vx;eef_vy;eef_x;eef_y,partial_eef_z_only,metadata_only_no_training
libero_object,object_pick_up_the_cream_cheese_and_place_it_in_the_basket,pick_up_the_cream_cheese_and_place_it_in_the_basket,9,0,official_clean_libero_object_pick_up_the_cream_cheese_and_place_it_in_the_basket,,,pick_place_transfer,,action_gripper;eef_vz;eef_z;gripper_qpos;gripper_width,teacher_hazard;teacher_phase;teacher_release_safe,eef_vx;eef_vy;eef_x;eef_y,partial_eef_z_only,metadata_only_no_training
libero_object,object_pick_up_the_ketchup_and_place_it_in_the_basket,pick_up_the_ketchup_and_place_it_in_the_basket,0,0,official_retry3_libero_object_pick_up_the_ketchup_and_place_it_in_the_basket,,,pick_place_transfer,,action_gripper;eef_vz;eef_z;gripper_qpos;gripper_width,teacher_hazard;teacher_phase;teacher_release_safe,eef_vx;eef_vy;eef_x;eef_y,partial_eef_z_only,metadata_only_no_training
libero_object,object_pick_up_the_ketchup_and_place_it_in_the_basket,pick_up_the_ketchup_and_place_it_in_the_basket,1,0,official_retry3_libero_object_pick_up_the_ketchup_and_place_it_in_the_basket,,,pick_place_transfer,,action_gripper;eef_vz;eef_z;gripper_qpos;gripper_width,teacher_hazard;teacher_phase;teacher_release_safe,eef_vx;eef_vy;eef_x;eef_y,partial_eef_z_only,metadata_only_no_training
libero_object,object_pick_up_the_ketchup_and_place_it_in_the_basket,pick_up_the_ketchup_and_place_it_in_the_basket,2,0,official_retry3_libero_object_pick_up_the_ketchup_and_place_it_in_the_basket,,,pick_place_transfer,,action_gripper;eef_vz;eef_z;gripper_qpos;gripper_width,teacher_hazard;teacher_phase;teacher_release_safe,eef_vx;eef_vy;eef_x;eef_y,partial_eef_z_only,metadata_only_no_training
libero_object,object_pick_up_the_ketchup_and_place_it_in_the_basket,pick_up_the_ketchup_and_place_it_in_the_basket,3,0,official_retry3_libero_object_pick_up_the_ketchup_and_place_it_in_the_basket,,,pick_place_transfer,,action_gripper;eef_vz;eef_z;gripper_qpos;gripper_width,teacher_hazard;teacher_phase;teacher_release_safe,eef_vx;eef_vy;eef_x;eef_y,partial_eef_z_only,metadata_only_no_training
libero_object,object_pick_up_the_ketchup_and_place_it_in_the_basket,pick_up_the_ketchup_and_place_it_in_the_basket,4,0,official_retry3_libero_object_pick_up_the_ketchup_and_place_it_in_the_basket,,,pick_place_transfer,,action_gripper;eef_vz;eef_z;gripper_qpos;gripper_width,teacher_hazard;teacher_phase;teacher_release_safe,eef_vx;eef_vy;eef_x;eef_y,partial_eef_z_only,metadata_only_no_training
libero_object,object_pick_up_the_ketchup_and_place_it_in_the_basket,pick_up_the_ketchup_and_place_it_in_the_basket,5,0,official_retry3_libero_object_pick_up_the_ketchup_and_place_it_in_the_basket,,,pick_place_transfer,,action_gripper;eef_vz;eef_z;gripper_qpos;gripper_width,teacher_hazard;teacher_phase;teacher_release_safe,eef_vx;eef_vy;eef_x;eef_y,partial_eef_z_only,metadata_only_no_training
libero_object,object_pick_up_the_ketchup_and_place_it_in_the_basket,pick_up_the_ketchup_and_place_it_in_the_basket,6,0,official_retry3_libero_object_pick_up_the_ketchup_and_place_it_in_the_basket,,,pick_place_transfer,,action_gripper;eef_vz;eef_z;gripper_qpos;gripper_width,teacher_hazard;teacher_phase;teacher_release_safe,eef_vx;eef_vy;eef_x;eef_y,partial_eef_z_only,metadata_only_no_training
libero_object,object_pick_up_the_ketchup_and_place_it_in_the_basket,pick_up_the_ketchup_and_place_it_in_the_basket,7,0,official_retry3_libero_object_pick_up_the_ketchup_and_place_it_in_the_basket,,,pick_place_transfer,,action_gripper;eef_vz;eef_z;gripper_qpos;gripper_width,teacher_hazard;teacher_phase;teacher_release_safe,eef_vx;eef_vy;eef_x;eef_y,partial_eef_z_only,metadata_only_no_training
libero_object,object_pick_up_the_ketchup_and_place_it_in_the_basket,pick_up_the_ketchup_and_place_it_in_the_basket,8,0,official_retry3_libero_object_pick_up_the_ketchup_and_place_it_in_the_basket,,,pick_place_transfer,,action_gripper;eef_vz;eef_z;gripper_qpos;gripper_width,teacher_hazard;teacher_phase;teacher_release_safe,eef_vx;eef_vy;eef_x;eef_y,partial_eef_z_only,metadata_only_no_training
libero_object,object_pick_up_the_ketchup_and_place_it_in_the_basket,pick_up_the_ketchup_and_place_it_in_the_basket,9,0,official_retry3_libero_object_pick_up_the_ketchup_and_place_it_in_the_basket,,,pick_place_transfer,,action_gripper;eef_vz;eef_z;gripper_qpos;gripper_width,teacher_hazard;teacher_phase;teacher_release_safe,eef_vx;eef_vy;eef_x;eef_y,partial_eef_z_only,metadata_only_no_training
libero_object,object_pick_up_the_chocolate_pudding_and_place_it_in_the_basket,pick_up_the_chocolate_pudding_and_place_it_in_the_basket,0,0,official_clean_libero_object_pick_up_the_chocolate_pudding_and_place_it_in_the_basket,,,pick_place_transfer,,action_gripper;eef_vz;eef_z;gripper_qpos;gripper_width,teacher_hazard;teacher_phase;teacher_release_safe,eef_vx;eef_vy;eef_x;eef_y,partial_eef_z_only,metadata_only_no_training
libero_object,object_pick_up_the_chocolate_pudding_and_place_it_in_the_basket,pick_up_the_chocolate_pudding_and_place_it_in_the_basket,1,0,official_clean_libero_object_pick_up_the_chocolate_pudding_and_place_it_in_the_basket,,,pick_place_transfer,,action_gripper;eef_vz;eef_z;gripper_qpos;gripper_width,teacher_hazard;teacher_phase;teacher_release_safe,eef_vx;eef_vy;eef_x;eef_y,partial_eef_z_only,metadata_only_no_training
libero_object,object_pick_up_the_chocolate_pudding_and_place_it_in_the_basket,pick_up_the_chocolate_pudding_and_place_it_in_the_basket,2,0,official_clean_libero_object_pick_up_the_chocolate_pudding_and_place_it_in_the_basket,,,pick_place_transfer,,action_gripper;eef_vz;eef_z;gripper_qpos;gripper_width,teacher_hazard;teacher_phase;teacher_release_safe,eef_vx;eef_vy;eef_x;eef_y,partial_eef_z_only,metadata_only_no_training
libero_object,object_pick_up_the_chocolate_pudding_and_place_it_in_the_basket,pick_up_the_chocolate_pudding_and_place_it_in_the_basket,3,0,official_clean_libero_object_pick_up_the_chocolate_pudding_and_place_it_in_the_basket,,,pick_place_transfer,,action_gripper;eef_vz;eef_z;gripper_qpos;gripper_width,teacher_hazard;teacher_phase;teacher_release_safe,eef_vx;eef_vy;eef_x;eef_y,partial_eef_z_only,metadata_only_no_training
libero_object,object_pick_up_the_chocolate_pudding_and_place_it_in_the_basket,pick_up_the_chocolate_pudding_and_place_it_in_the_basket,4,0,official_clean_libero_object_pick_up_the_chocolate_pudding_and_place_it_in_the_basket,,,pick_place_transfer,,action_gripper;eef_vz;eef_z;gripper_qpos;gripper_width,teacher_hazard;teacher_phase;teacher_release_safe,eef_vx;eef_vy;eef_x;eef_y,partial_eef_z_only,metadata_only_no_training
libero_object,object_pick_up_the_chocolate_pudding_and_place_it_in_the_basket,pick_up_the_chocolate_pudding_and_place_it_in_the_basket,5,0,official_clean_libero_object_pick_up_the_chocolate_pudding_and_place_it_in_the_basket,,,pick_place_transfer,,action_gripper;eef_vz;eef_z;gripper_qpos;gripper_width,teacher_hazard;teacher_phase;teacher_release_safe,eef_vx;eef_vy;eef_x;eef_y,partial_eef_z_only,metadata_only_no_training
libero_object,object_pick_up_the_chocolate_pudding_and_place_it_in_the_basket,pick_up_the_chocolate_pudding_and_place_it_in_the_basket,6,0,official_clean_libero_object_pick_up_the_chocolate_pudding_and_place_it_in_the_basket,,,pick_place_transfer,,action_gripper;eef_vz;eef_z;gripper_qpos;gripper_width,teacher_hazard;teacher_phase;teacher_release_safe,eef_vx;eef_vy;eef_x;eef_y,partial_eef_z_only,metadata_only_no_training
libero_object,object_pick_up_the_chocolate_pudding_and_place_it_in_the_basket,pick_up_the_chocolate_pudding_and_place_it_in_the_basket,7,0,official_clean_libero_object_pick_up_the_chocolate_pudding_and_place_it_in_the_basket,,,pick_place_transfer,,action_gripper;eef_vz;eef_z;gripper_qpos;gripper_width,teacher_hazard;teacher_phase;teacher_release_safe,eef_vx;eef_vy;eef_x;eef_y,partial_eef_z_only,metadata_only_no_training
libero_object,object_pick_up_the_chocolate_pudding_and_place_it_in_the_basket,pick_up_the_chocolate_pudding_and_place_it_in_the_basket,8,0,official_clean_libero_object_pick_up_the_chocolate_pudding_and_place_it_in_the_basket,,,pick_place_transfer,,action_gripper;eef_vz;eef_z;gripper_qpos;gripper_width,teacher_hazard;teacher_phase;teacher_release_safe,eef_vx;eef_vy;eef_x;eef_y,partial_eef_z_only,metadata_only_no_training
libero_object,object_pick_up_the_chocolate_pudding_and_place_it_in_the_basket,pick_up_the_chocolate_pudding_and_place_it_in_the_basket,9,0,official_clean_libero_object_pick_up_the_chocolate_pudding_and_place_it_in_the_basket,,,pick_place_transfer,,action_gripper;eef_vz;eef_z;gripper_qpos;gripper_width,teacher_hazard;teacher_phase;teacher_release_safe,eef_vx;eef_vy;eef_x;eef_y,partial_eef_z_only,metadata_only_no_training
libero_object,object_pick_up_the_orange_juice_and_place_it_in_the_basket,pick_up_the_orange_juice_and_place_it_in_the_basket,0,0,official_clean_libero_object_pick_up_the_orange_juice_and_place_it_in_the_basket,,,pick_place_transfer,,action_gripper;eef_vz;eef_z;gripper_qpos;gripper_width,teacher_hazard;teacher_phase;teacher_release_safe,eef_vx;eef_vy;eef_x;eef_y,partial_eef_z_only,metadata_only_no_training
libero_object,object_pick_up_the_orange_juice_and_place_it_in_the_basket,pick_up_the_orange_juice_and_place_it_in_the_basket,1,0,official_clean_libero_object_pick_up_the_orange_juice_and_place_it_in_the_basket,,,pick_place_transfer,,action_gripper;eef_vz;eef_z;gripper_qpos;gripper_width,teacher_hazard;teacher_phase;teacher_release_safe,eef_vx;eef_vy;eef_x;eef_y,partial_eef_z_only,metadata_only_no_training
libero_object,object_pick_up_the_orange_juice_and_place_it_in_the_basket,pick_up_the_orange_juice_and_place_it_in_the_basket,2,0,official_clean_libero_object_pick_up_the_orange_juice_and_place_it_in_the_basket,,,pick_place_transfer,,action_gripper;eef_vz;eef_z;gripper_qpos;gripper_width,teacher_hazard;teacher_phase;teacher_release_safe,eef_vx;eef_vy;eef_x;eef_y,partial_eef_z_only,metadata_only_no_training
libero_object,object_pick_up_the_orange_juice_and_place_it_in_the_basket,pick_up_the_orange_juice_and_place_it_in_the_basket,3,0,official_clean_libero_object_pick_up_the_orange_juice_and_place_it_in_the_basket,,,pick_place_transfer,,action_gripper;eef_vz;eef_z;gripper_qpos;gripper_width,teacher_hazard;teacher_phase;teacher_release_safe,eef_vx;eef_vy;eef_x;eef_y,partial_eef_z_only,metadata_only_no_training
libero_object,object_pick_up_the_orange_juice_and_place_it_in_the_basket,pick_up_the_orange_juice_and_place_it_in_the_basket,4,0,official_clean_libero_object_pick_up_the_orange_juice_and_place_it_in_the_basket,,,pick_place_transfer,,action_gripper;eef_vz;eef_z;gripper_qpos;gripper_width,teacher_hazard;teacher_phase;teacher_release_safe,eef_vx;eef_vy;eef_x;eef_y,partial_eef_z_only,metadata_only_no_training
libero_object,object_pick_up_the_orange_juice_and_place_it_in_the_basket,pick_up_the_orange_juice_and_place_it_in_the_basket,5,0,official_clean_libero_object_pick_up_the_orange_juice_and_place_it_in_the_basket,,,pick_place_transfer,,action_gripper;eef_vz;eef_z;gripper_qpos;gripper_width,teacher_hazard;teacher_phase;teacher_release_safe,eef_vx;eef_vy;eef_x;eef_y,partial_eef_z_only,metadata_only_no_training
libero_object,object_pick_up_the_orange_juice_and_place_it_in_the_basket,pick_up_the_orange_juice_and_place_it_in_the_basket,6,0,official_clean_libero_object_pick_up_the_orange_juice_and_place_it_in_the_basket,,,pick_place_transfer,,action_gripper;eef_vz;eef_z;gripper_qpos;gripper_width,teacher_hazard;teacher_phase;teacher_release_safe,eef_vx;eef_vy;eef_x;eef_y,partial_eef_z_only,metadata_only_no_training
libero_object,object_pick_up_the_orange_juice_and_place_it_in_the_basket,pick_up_the_orange_juice_and_place_it_in_the_basket,7,0,official_clean_libero_object_pick_up_the_orange_juice_and_place_it_in_the_basket,,,pick_place_transfer,,action_gripper;eef_vz;eef_z;gripper_qpos;gripper_width,teacher_hazard;teacher_phase;teacher_release_safe,eef_vx;eef_vy;eef_x;eef_y,partial_eef_z_only,metadata_only_no_training
libero_object,object_pick_up_the_orange_juice_and_place_it_in_the_basket,pick_up_the_orange_juice_and_place_it_in_the_basket,8,0,official_clean_libero_object_pick_up_the_orange_juice_and_place_it_in_the_basket,,,pick_place_transfer,,action_gripper;eef_vz;eef_z;gripper_qpos;gripper_width,teacher_hazard;teacher_phase;teacher_release_safe,eef_vx;eef_vy;eef_x;eef_y,partial_eef_z_only,metadata_only_no_training
libero_object,object_pick_up_the_orange_juice_and_place_it_in_the_basket,pick_up_the_orange_juice_and_place_it_in_the_basket,9,0,official_clean_libero_object_pick_up_the_orange_juice_and_place_it_in_the_basket,,,pick_place_transfer,,action_gripper;eef_vz;eef_z;gripper_qpos;gripper_width,teacher_hazard;teacher_phase;teacher_release_safe,eef_vx;eef_vy;eef_x;eef_y,partial_eef_z_only,metadata_only_no_training
libero_object,object_pick_up_the_salad_dressing_and_place_it_in_the_basket,pick_up_the_salad_dressing_and_place_it_in_the_basket,0,0,official_clean_libero_object_pick_up_the_salad_dressing_and_place_it_in_the_basket,,,pick_place_transfer,,action_gripper;eef_vz;eef_z;gripper_qpos;gripper_width,teacher_hazard;teacher_phase;teacher_release_safe,eef_vx;eef_vy;eef_x;eef_y,partial_eef_z_only,metadata_only_no_training
libero_object,object_pick_up_the_salad_dressing_and_place_it_in_the_basket,pick_up_the_salad_dressing_and_place_it_in_the_basket,1,0,official_clean_libero_object_pick_up_the_salad_dressing_and_place_it_in_the_basket,,,pick_place_transfer,,action_gripper;eef_vz;eef_z;gripper_qpos;gripper_width,teacher_hazard;teacher_phase;teacher_release_safe,eef_vx;eef_vy;eef_x;eef_y,partial_eef_z_only,metadata_only_no_training
libero_object,object_pick_up_the_salad_dressing_and_place_it_in_the_basket,pick_up_the_salad_dressing_and_place_it_in_the_basket,2,0,official_clean_libero_object_pick_up_the_salad_dressing_and_place_it_in_the_basket,,,pick_place_transfer,,action_gripper;eef_vz;eef_z;gripper_qpos;gripper_width,teacher_hazard;teacher_phase;teacher_release_safe,eef_vx;eef_vy;eef_x;eef_y,partial_eef_z_only,metadata_only_no_training
libero_object,object_pick_up_the_salad_dressing_and_place_it_in_the_basket,pick_up_the_salad_dressing_and_place_it_in_the_basket,3,0,official_clean_libero_object_pick_up_the_salad_dressing_and_place_it_in_the_basket,,,pick_place_transfer,,action_gripper;eef_vz;eef_z;gripper_qpos;gripper_width,teacher_hazard;teacher_phase;teacher_release_safe,eef_vx;eef_vy;eef_x;eef_y,partial_eef_z_only,metadata_only_no_training
libero_object,object_pick_up_the_salad_dressing_and_place_it_in_the_basket,pick_up_the_salad_dressing_and_place_it_in_the_basket,4,0,official_clean_libero_object_pick_up_the_salad_dressing_and_place_it_in_the_basket,,,pick_place_transfer,,action_gripper;eef_vz;eef_z;gripper_qpos;gripper_width,teacher_hazard;teacher_phase;teacher_release_safe,eef_vx;eef_vy;eef_x;eef_y,partial_eef_z_only,metadata_only_no_training
libero_object,object_pick_up_the_salad_dressing_and_place_it_in_the_basket,pick_up_the_salad_dressing_and_place_it_in_the_basket,5,0,official_clean_libero_object_pick_up_the_salad_dressing_and_place_it_in_the_basket,,,pick_place_transfer,,action_gripper;eef_vz;eef_z;gripper_qpos;gripper_width,teacher_hazard;teacher_phase;teacher_release_safe,eef_vx;eef_vy;eef_x;eef_y,partial_eef_z_only,metadata_only_no_training
libero_object,object_pick_up_the_salad_dressing_and_place_it_in_the_basket,pick_up_the_salad_dressing_and_place_it_in_the_basket,6,0,official_clean_libero_object_pick_up_the_salad_dressing_and_place_it_in_the_basket,,,pick_place_transfer,,action_gripper;eef_vz;eef_z;gripper_qpos;gripper_width,teacher_hazard;teacher_phase;teacher_release_safe,eef_vx;eef_vy;eef_x;eef_y,partial_eef_z_only,metadata_only_no_training
libero_object,object_pick_up_the_salad_dressing_and_place_it_in_the_basket,pick_up_the_salad_dressing_and_place_it_in_the_basket,7,0,official_clean_libero_object_pick_up_the_salad_dressing_and_place_it_in_the_basket,,,pick_place_transfer,,action_gripper;eef_vz;eef_z;gripper_qpos;gripper_width,teacher_hazard;teacher_phase;teacher_release_safe,eef_vx;eef_vy;eef_x;eef_y,partial_eef_z_only,metadata_only_no_training
libero_object,object_pick_up_the_salad_dressing_and_place_it_in_the_basket,pick_up_the_salad_dressing_and_place_it_in_the_basket,8,0,official_clean_libero_object_pick_up_the_salad_dressing_and_place_it_in_the_basket,,,pick_place_transfer,,action_gripper;eef_vz;eef_z;gripper_qpos;gripper_width,teacher_hazard;teacher_phase;teacher_release_safe,eef_vx;eef_vy;eef_x;eef_y,partial_eef_z_only,metadata_only_no_training
libero_object,object_pick_up_the_salad_dressing_and_place_it_in_the_basket,pick_up_the_salad_dressing_and_place_it_in_the_basket,9,0,official_clean_libero_object_pick_up_the_salad_dressing_and_place_it_in_the_basket,,,pick_place_transfer,,action_gripper;eef_vz;eef_z;gripper_qpos;gripper_width,teacher_hazard;teacher_phase;teacher_release_safe,eef_vx;eef_vy;eef_x;eef_y,partial_eef_z_only,metadata_only_no_training
libero_object,object_pick_up_the_milk_and_place_it_in_the_basket,pick_up_the_milk_and_place_it_in_the_basket,0,0,official_clean_libero_object_pick_up_the_milk_and_place_it_in_the_basket,,,pick_place_transfer,,action_gripper;eef_vz;eef_z;gripper_qpos;gripper_width,teacher_hazard;teacher_phase;teacher_release_safe,eef_vx;eef_vy;eef_x;eef_y,partial_eef_z_only,metadata_only_no_training
libero_object,object_pick_up_the_milk_and_place_it_in_the_basket,pick_up_the_milk_and_place_it_in_the_basket,1,0,official_clean_libero_object_pick_up_the_milk_and_place_it_in_the_basket,,,pick_place_transfer,,action_gripper;eef_vz;eef_z;gripper_qpos;gripper_width,teacher_hazard;teacher_phase;teacher_release_safe,eef_vx;eef_vy;eef_x;eef_y,partial_eef_z_only,metadata_only_no_training
libero_object,object_pick_up_the_milk_and_place_it_in_the_basket,pick_up_the_milk_and_place_it_in_the_basket,2,0,official_clean_libero_object_pick_up_the_milk_and_place_it_in_the_basket,,,pick_place_transfer,,action_gripper;eef_vz;eef_z;gripper_qpos;gripper_width,teacher_hazard;teacher_phase;teacher_release_safe,eef_vx;eef_vy;eef_x;eef_y,partial_eef_z_only,metadata_only_no_training
libero_object,object_pick_up_the_milk_and_place_it_in_the_basket,pick_up_the_milk_and_place_it_in_the_basket,3,0,official_clean_libero_object_pick_up_the_milk_and_place_it_in_the_basket,,,pick_place_transfer,,action_gripper;eef_vz;eef_z;gripper_qpos;gripper_width,teacher_hazard;teacher_phase;teacher_release_safe,eef_vx;eef_vy;eef_x;eef_y,partial_eef_z_only,metadata_only_no_training
libero_object,object_pick_up_the_milk_and_place_it_in_the_basket,pick_up_the_milk_and_place_it_in_the_basket,4,0,official_clean_libero_object_pick_up_the_milk_and_place_it_in_the_basket,,,pick_place_transfer,,action_gripper;eef_vz;eef_z;gripper_qpos;gripper_width,teacher_hazard;teacher_phase;teacher_release_safe,eef_vx;eef_vy;eef_x;eef_y,partial_eef_z_only,metadata_only_no_training
libero_object,object_pick_up_the_milk_and_place_it_in_the_basket,pick_up_the_milk_and_place_it_in_the_basket,5,0,official_clean_libero_object_pick_up_the_milk_and_place_it_in_the_basket,,,pick_place_transfer,,action_gripper;eef_vz;eef_z;gripper_qpos;gripper_width,teacher_hazard;teacher_phase;teacher_release_safe,eef_vx;eef_vy;eef_x;eef_y,partial_eef_z_only,metadata_only_no_training
libero_object,object_pick_up_the_milk_and_place_it_in_the_basket,pick_up_the_milk_and_place_it_in_the_basket,6,0,official_clean_libero_object_pick_up_the_milk_and_place_it_in_the_basket,,,pick_place_transfer,,action_gripper;eef_vz;eef_z;gripper_qpos;gripper_width,teacher_hazard;teacher_phase;teacher_release_safe,eef_vx;eef_vy;eef_x;eef_y,partial_eef_z_only,metadata_only_no_training
libero_object,object_pick_up_the_milk_and_place_it_in_the_basket,pick_up_the_milk_and_place_it_in_the_basket,7,0,official_clean_libero_object_pick_up_the_milk_and_place_it_in_the_basket,,,pick_place_transfer,,action_gripper;eef_vz;eef_z;gripper_qpos;gripper_width,teacher_hazard;teacher_phase;teacher_release_safe,eef_vx;eef_vy;eef_x;eef_y,partial_eef_z_only,metadata_only_no_training
libero_object,object_pick_up_the_milk_and_place_it_in_the_basket,pick_up_the_milk_and_place_it_in_the_basket,8,0,official_clean_libero_object_pick_up_the_milk_and_place_it_in_the_basket,,,pick_place_transfer,,action_gripper;eef_vz;eef_z;gripper_qpos;gripper_width,teacher_hazard;teacher_phase;teacher_release_safe,eef_vx;eef_vy;eef_x;eef_y,partial_eef_z_only,metadata_only_no_training
libero_object,object_pick_up_the_milk_and_place_it_in_the_basket,pick_up_the_milk_and_place_it_in_the_basket,9,0,official_clean_libero_object_pick_up_the_milk_and_place_it_in_the_basket,,,pick_place_transfer,,action_gripper;eef_vz;eef_z;gripper_qpos;gripper_width,teacher_hazard;teacher_phase;teacher_release_safe,eef_vx;eef_vy;eef_x;eef_y,partial_eef_z_only,metadata_only_no_training
libero_goal,goal_open_the_middle_drawer_of_the_cabinet,open_the_middle_drawer_of_the_cabinet,0,0,official_clean_libero_goal_open_the_middle_drawer_of_the_cabinet,,,articulated_object,,action_gripper;eef_vz;eef_z;gripper_qpos;gripper_width,teacher_hazard;teacher_phase;teacher_release_safe,eef_vx;eef_vy;eef_x;eef_y,partial_eef_z_only,metadata_only_no_training
libero_goal,goal_open_the_middle_drawer_of_the_cabinet,open_the_middle_drawer_of_the_cabinet,1,0,official_clean_libero_goal_open_the_middle_drawer_of_the_cabinet,,,articulated_object,,action_gripper;eef_vz;eef_z;gripper_qpos;gripper_width,teacher_hazard;teacher_phase;teacher_release_safe,eef_vx;eef_vy;eef_x;eef_y,partial_eef_z_only,metadata_only_no_training
libero_goal,goal_open_the_middle_drawer_of_the_cabinet,open_the_middle_drawer_of_the_cabinet,2,0,official_clean_libero_goal_open_the_middle_drawer_of_the_cabinet,,,articulated_object,,action_gripper;eef_vz;eef_z;gripper_qpos;gripper_width,teacher_hazard;teacher_phase;teacher_release_safe,eef_vx;eef_vy;eef_x;eef_y,partial_eef_z_only,metadata_only_no_training
libero_goal,goal_open_the_middle_drawer_of_the_cabinet,open_the_middle_drawer_of_the_cabinet,3,0,official_clean_libero_goal_open_the_middle_drawer_of_the_cabinet,,,articulated_object,,action_gripper;eef_vz;eef_z;gripper_qpos;gripper_width,teacher_hazard;teacher_phase;teacher_release_safe,eef_vx;eef_vy;eef_x;eef_y,partial_eef_z_only,metadata_only_no_training
libero_goal,goal_open_the_middle_drawer_of_the_cabinet,open_the_middle_drawer_of_the_cabinet,4,0,official_clean_libero_goal_open_the_middle_drawer_of_the_cabinet,,,articulated_object,,action_gripper;eef_vz;eef_z;gripper_qpos;gripper_width,teacher_hazard;teacher_phase;teacher_release_safe,eef_vx;eef_vy;eef_x;eef_y,partial_eef_z_only,metadata_only_no_training
libero_goal,goal_open_the_middle_drawer_of_the_cabinet,open_the_middle_drawer_of_the_cabinet,5,0,official_clean_libero_goal_open_the_middle_drawer_of_the_cabinet,,,articulated_object,,action_gripper;eef_vz;eef_z;gripper_qpos;gripper_width,teacher_hazard;teacher_phase;teacher_release_safe,eef_vx;eef_vy;eef_x;eef_y,partial_eef_z_only,metadata_only_no_training
libero_goal,goal_open_the_middle_drawer_of_the_cabinet,open_the_middle_drawer_of_the_cabinet,6,0,official_clean_libero_goal_open_the_middle_drawer_of_the_cabinet,,,articulated_object,,action_gripper;eef_vz;eef_z;gripper_qpos;gripper_width,teacher_hazard;teacher_phase;teacher_release_safe,eef_vx;eef_vy;eef_x;eef_y,partial_eef_z_only,metadata_only_no_training
libero_goal,goal_open_the_middle_drawer_of_the_cabinet,open_the_middle_drawer_of_the_cabinet,7,0,official_clean_libero_goal_open_the_middle_drawer_of_the_cabinet,,,articulated_object,,action_gripper;eef_vz;eef_z;gripper_qpos;gripper_width,teacher_hazard;teacher_phase;teacher_release_safe,eef_vx;eef_vy;eef_x;eef_y,partial_eef_z_only,metadata_only_no_training
libero_goal,goal_open_the_middle_drawer_of_the_cabinet,open_the_middle_drawer_of_the_cabinet,8,0,official_clean_libero_goal_open_the_middle_drawer_of_the_cabinet,,,articulated_object,,action_gripper;eef_vz;eef_z;gripper_qpos;gripper_width,teacher_hazard;teacher_phase;teacher_release_safe,eef_vx;eef_vy;eef_x;eef_y,partial_eef_z_only,metadata_only_no_training
libero_goal,goal_open_the_middle_drawer_of_the_cabinet,open_the_middle_drawer_of_the_cabinet,9,0,official_clean_libero_goal_open_the_middle_drawer_of_the_cabinet,,,articulated_object,,action_gripper;eef_vz;eef_z;gripper_qpos;gripper_width,teacher_hazard;teacher_phase;teacher_release_safe,eef_vx;eef_vy;eef_x;eef_y,partial_eef_z_only,metadata_only_no_training
libero_goal,goal_open_the_top_drawer_and_put_the_bowl_inside,open_the_top_drawer_and_put_the_bowl_inside,0,0,official_clean_libero_goal_open_the_top_drawer_and_put_the_bowl_inside,,,articulated_object,,action_gripper;eef_vz;eef_z;gripper_qpos;gripper_width,teacher_hazard;teacher_phase;teacher_release_safe,eef_vx;eef_vy;eef_x;eef_y,partial_eef_z_only,metadata_only_no_training
libero_goal,goal_open_the_top_drawer_and_put_the_bowl_inside,open_the_top_drawer_and_put_the_bowl_inside,1,0,official_clean_libero_goal_open_the_top_drawer_and_put_the_bowl_inside,,,articulated_object,,action_gripper;eef_vz;eef_z;gripper_qpos;gripper_width,teacher_hazard;teacher_phase;teacher_release_safe,eef_vx;eef_vy;eef_x;eef_y,partial_eef_z_only,metadata_only_no_training
libero_goal,goal_open_the_top_drawer_and_put_the_bowl_inside,open_the_top_drawer_and_put_the_bowl_inside,2,0,official_clean_libero_goal_open_the_top_drawer_and_put_the_bowl_inside,,,articulated_object,,action_gripper;eef_vz;eef_z;gripper_qpos;gripper_width,teacher_hazard;teacher_phase;teacher_release_safe,eef_vx;eef_vy;eef_x;eef_y,partial_eef_z_only,metadata_only_no_training
libero_goal,goal_open_the_top_drawer_and_put_the_bowl_inside,open_the_top_drawer_and_put_the_bowl_inside,3,0,official_clean_libero_goal_open_the_top_drawer_and_put_the_bowl_inside,,,articulated_object,,action_gripper;eef_vz;eef_z;gripper_qpos;gripper_width,teacher_hazard;teacher_phase;teacher_release_safe,eef_vx;eef_vy;eef_x;eef_y,partial_eef_z_only,metadata_only_no_training
libero_goal,goal_open_the_top_drawer_and_put_the_bowl_inside,open_the_top_drawer_and_put_the_bowl_inside,4,0,official_clean_libero_goal_open_the_top_drawer_and_put_the_bowl_inside,,,articulated_object,,action_gripper;eef_vz;eef_z;gripper_qpos;gripper_width,teacher_hazard;teacher_phase;teacher_release_safe,eef_vx;eef_vy;eef_x;eef_y,partial_eef_z_only,metadata_only_no_training
libero_goal,goal_open_the_top_drawer_and_put_the_bowl_inside,open_the_top_drawer_and_put_the_bowl_inside,5,0,official_clean_libero_goal_open_the_top_drawer_and_put_the_bowl_inside,,,articulated_object,,action_gripper;eef_vz;eef_z;gripper_qpos;gripper_width,teacher_hazard;teacher_phase;teacher_release_safe,eef_vx;eef_vy;eef_x;eef_y,partial_eef_z_only,metadata_only_no_training
libero_goal,goal_open_the_top_drawer_and_put_the_bowl_inside,open_the_top_drawer_and_put_the_bowl_inside,6,0,official_clean_libero_goal_open_the_top_drawer_and_put_the_bowl_inside,,,articulated_object,,action_gripper;eef_vz;eef_z;gripper_qpos;gripper_width,teacher_hazard;teacher_phase;teacher_release_safe,eef_vx;eef_vy;eef_x;eef_y,partial_eef_z_only,metadata_only_no_training
libero_goal,goal_open_the_top_drawer_and_put_the_bowl_inside,open_the_top_drawer_and_put_the_bowl_inside,7,0,official_clean_libero_goal_open_the_top_drawer_and_put_the_bowl_inside,,,articulated_object,,action_gripper;eef_vz;eef_z;gripper_qpos;gripper_width,teacher_hazard;teacher_phase;teacher_release_safe,eef_vx;eef_vy;eef_x;eef_y,partial_eef_z_only,metadata_only_no_training
libero_goal,goal_open_the_top_drawer_and_put_the_bowl_inside,open_the_top_drawer_and_put_the_bowl_inside,8,0,official_clean_libero_goal_open_the_top_drawer_and_put_the_bowl_inside,,,articulated_object,,action_gripper;eef_vz;eef_z;gripper_qpos;gripper_width,teacher_hazard;teacher_phase;teacher_release_safe,eef_vx;eef_vy;eef_x;eef_y,partial_eef_z_only,metadata_only_no_training
libero_goal,goal_open_the_top_drawer_and_put_the_bowl_inside,open_the_top_drawer_and_put_the_bowl_inside,9,0,official_clean_libero_goal_open_the_top_drawer_and_put_the_bowl_inside,,,articulated_object,,action_gripper;eef_vz;eef_z;gripper_qpos;gripper_width,teacher_hazard;teacher_phase;teacher_release_safe,eef_vx;eef_vy;eef_x;eef_y,partial_eef_z_only,metadata_only_no_training
libero_goal,goal_put_the_bowl_on_the_plate,put_the_bowl_on_the_plate,0,0,official_clean_libero_goal_put_the_bowl_on_the_plate,,,pick_place_transfer,,action_gripper;eef_vz;eef_z;gripper_qpos;gripper_width,teacher_hazard;teacher_phase;teacher_release_safe,eef_vx;eef_vy;eef_x;eef_y,partial_eef_z_only,metadata_only_no_training
libero_goal,goal_put_the_bowl_on_the_plate,put_the_bowl_on_the_plate,1,0,official_clean_libero_goal_put_the_bowl_on_the_plate,,,pick_place_transfer,,action_gripper;eef_vz;eef_z;gripper_qpos;gripper_width,teacher_hazard;teacher_phase;teacher_release_safe,eef_vx;eef_vy;eef_x;eef_y,partial_eef_z_only,metadata_only_no_training
libero_goal,goal_put_the_bowl_on_the_plate,put_the_bowl_on_the_plate,2,0,official_clean_libero_goal_put_the_bowl_on_the_plate,,,pick_place_transfer,,action_gripper;eef_vz;eef_z;gripper_qpos;gripper_width,teacher_hazard;teacher_phase;teacher_release_safe,eef_vx;eef_vy;eef_x;eef_y,partial_eef_z_only,metadata_only_no_training
libero_goal,goal_put_the_bowl_on_the_plate,put_the_bowl_on_the_plate,3,0,official_clean_libero_goal_put_the_bowl_on_the_plate,,,pick_place_transfer,,action_gripper;eef_vz;eef_z;gripper_qpos;gripper_width,teacher_hazard;teacher_phase;teacher_release_safe,eef_vx;eef_vy;eef_x;eef_y,partial_eef_z_only,metadata_only_no_training
libero_goal,goal_put_the_bowl_on_the_plate,put_the_bowl_on_the_plate,4,0,official_clean_libero_goal_put_the_bowl_on_the_plate,,,pick_place_transfer,,action_gripper;eef_vz;eef_z;gripper_qpos;gripper_width,teacher_hazard;teacher_phase;teacher_release_safe,eef_vx;eef_vy;eef_x;eef_y,partial_eef_z_only,metadata_only_no_training
libero_goal,goal_put_the_bowl_on_the_plate,put_the_bowl_on_the_plate,5,0,official_clean_libero_goal_put_the_bowl_on_the_plate,,,pick_place_transfer,,action_gripper;eef_vz;eef_z;gripper_qpos;gripper_width,teacher_hazard;teacher_phase;teacher_release_safe,eef_vx;eef_vy;eef_x;eef_y,partial_eef_z_only,metadata_only_no_training
libero_goal,goal_put_the_bowl_on_the_plate,put_the_bowl_on_the_plate,6,0,official_clean_libero_goal_put_the_bowl_on_the_plate,,,pick_place_transfer,,action_gripper;eef_vz;eef_z;gripper_qpos;gripper_width,teacher_hazard;teacher_phase;teacher_release_safe,eef_vx;eef_vy;eef_x;eef_y,partial_eef_z_only,metadata_only_no_training
libero_goal,goal_put_the_bowl_on_the_plate,put_the_bowl_on_the_plate,7,0,official_clean_libero_goal_put_the_bowl_on_the_plate,,,pick_place_transfer,,action_gripper;eef_vz;eef_z;gripper_qpos;gripper_width,teacher_hazard;teacher_phase;teacher_release_safe,eef_vx;eef_vy;eef_x;eef_y,partial_eef_z_only,metadata_only_no_training
libero_goal,goal_put_the_bowl_on_the_plate,put_the_bowl_on_the_plate,8,0,official_clean_libero_goal_put_the_bowl_on_the_plate,,,pick_place_transfer,,action_gripper;eef_vz;eef_z;gripper_qpos;gripper_width,teacher_hazard;teacher_phase;teacher_release_safe,eef_vx;eef_vy;eef_x;eef_y,partial_eef_z_only,metadata_only_no_training
libero_goal,goal_put_the_bowl_on_the_plate,put_the_bowl_on_the_plate,9,0,official_clean_libero_goal_put_the_bowl_on_the_plate,,,pick_place_transfer,,action_gripper;eef_vz;eef_z;gripper_qpos;gripper_width,teacher_hazard;teacher_phase;teacher_release_safe,eef_vx;eef_vy;eef_x;eef_y,partial_eef_z_only,metadata_only_no_training
libero_object,object_pick_up_the_tomato_sauce_and_place_it_in_the_basket,pick_up_the_tomato_sauce_and_place_it_in_the_basket,0,0,official_clean_libero_object_pick_up_the_tomato_sauce_and_place_it_in_the_basket,,,pick_place_transfer,,action_gripper;eef_vz;eef_z;gripper_qpos;gripper_width,teacher_hazard;teacher_phase;teacher_release_safe,eef_vx;eef_vy;eef_x;eef_y,partial_eef_z_only,metadata_only_no_training
libero_object,object_pick_up_the_tomato_sauce_and_place_it_in_the_basket,pick_up_the_tomato_sauce_and_place_it_in_the_basket,1,0,official_clean_libero_object_pick_up_the_tomato_sauce_and_place_it_in_the_basket,,,pick_place_transfer,,action_gripper;eef_vz;eef_z;gripper_qpos;gripper_width,teacher_hazard;teacher_phase;teacher_release_safe,eef_vx;eef_vy;eef_x;eef_y,partial_eef_z_only,metadata_only_no_training
libero_object,object_pick_up_the_tomato_sauce_and_place_it_in_the_basket,pick_up_the_tomato_sauce_and_place_it_in_the_basket,2,0,official_clean_libero_object_pick_up_the_tomato_sauce_and_place_it_in_the_basket,,,pick_place_transfer,,action_gripper;eef_vz;eef_z;gripper_qpos;gripper_width,teacher_hazard;teacher_phase;teacher_release_safe,eef_vx;eef_vy;eef_x;eef_y,partial_eef_z_only,metadata_only_no_training
libero_object,object_pick_up_the_tomato_sauce_and_place_it_in_the_basket,pick_up_the_tomato_sauce_and_place_it_in_the_basket,3,0,official_clean_libero_object_pick_up_the_tomato_sauce_and_place_it_in_the_basket,,,pick_place_transfer,,action_gripper;eef_vz;eef_z;gripper_qpos;gripper_width,teacher_hazard;teacher_phase;teacher_release_safe,eef_vx;eef_vy;eef_x;eef_y,partial_eef_z_only,metadata_only_no_training
libero_object,object_pick_up_the_tomato_sauce_and_place_it_in_the_basket,pick_up_the_tomato_sauce_and_place_it_in_the_basket,4,0,official_clean_libero_object_pick_up_the_tomato_sauce_and_place_it_in_the_basket,,,pick_place_transfer,,action_gripper;eef_vz;eef_z;gripper_qpos;gripper_width,teacher_hazard;teacher_phase;teacher_release_safe,eef_vx;eef_vy;eef_x;eef_y,partial_eef_z_only,metadata_only_no_training
libero_object,object_pick_up_the_tomato_sauce_and_place_it_in_the_basket,pick_up_the_tomato_sauce_and_place_it_in_the_basket,5,0,official_clean_libero_object_pick_up_the_tomato_sauce_and_place_it_in_the_basket,,,pick_place_transfer,,action_gripper;eef_vz;eef_z;gripper_qpos;gripper_width,teacher_hazard;teacher_phase;teacher_release_safe,eef_vx;eef_vy;eef_x;eef_y,partial_eef_z_only,metadata_only_no_training
libero_object,object_pick_up_the_tomato_sauce_and_place_it_in_the_basket,pick_up_the_tomato_sauce_and_place_it_in_the_basket,6,0,official_clean_libero_object_pick_up_the_tomato_sauce_and_place_it_in_the_basket,,,pick_place_transfer,,action_gripper;eef_vz;eef_z;gripper_qpos;gripper_width,teacher_hazard;teacher_phase;teacher_release_safe,eef_vx;eef_vy;eef_x;eef_y,partial_eef_z_only,metadata_only_no_training
libero_object,object_pick_up_the_tomato_sauce_and_place_it_in_the_basket,pick_up_the_tomato_sauce_and_place_it_in_the_basket,7,0,official_clean_libero_object_pick_up_the_tomato_sauce_and_place_it_in_the_basket,,,pick_place_transfer,,action_gripper;eef_vz;eef_z;gripper_qpos;gripper_width,teacher_hazard;teacher_phase;teacher_release_safe,eef_vx;eef_vy;eef_x;eef_y,partial_eef_z_only,metadata_only_no_training
libero_object,object_pick_up_the_tomato_sauce_and_place_it_in_the_basket,pick_up_the_tomato_sauce_and_place_it_in_the_basket,8,0,official_clean_libero_object_pick_up_the_tomato_sauce_and_place_it_in_the_basket,,,pick_place_transfer,,action_gripper;eef_vz;eef_z;gripper_qpos;gripper_width,teacher_hazard;teacher_phase;teacher_release_safe,eef_vx;eef_vy;eef_x;eef_y,partial_eef_z_only,metadata_only_no_training
libero_object,object_pick_up_the_tomato_sauce_and_place_it_in_the_basket,pick_up_the_tomato_sauce_and_place_it_in_the_basket,9,0,official_clean_libero_object_pick_up_the_tomato_sauce_and_place_it_in_the_basket,,,pick_place_transfer,,action_gripper;eef_vz;eef_z;gripper_qpos;gripper_width,teacher_hazard;teacher_phase;teacher_release_safe,eef_vx;eef_vy;eef_x;eef_y,partial_eef_z_only,metadata_only_no_training
libero_goal,goal_put_the_bowl_on_the_stove,put_the_bowl_on_the_stove,0,0,official_clean_libero_goal_put_the_bowl_on_the_stove,,,pick_place_transfer,,action_gripper;eef_vz;eef_z;gripper_qpos;gripper_width,teacher_hazard;teacher_phase;teacher_release_safe,eef_vx;eef_vy;eef_x;eef_y,partial_eef_z_only,metadata_only_no_training
libero_goal,goal_put_the_bowl_on_the_stove,put_the_bowl_on_the_stove,1,0,official_clean_libero_goal_put_the_bowl_on_the_stove,,,pick_place_transfer,,action_gripper;eef_vz;eef_z;gripper_qpos;gripper_width,teacher_hazard;teacher_phase;teacher_release_safe,eef_vx;eef_vy;eef_x;eef_y,partial_eef_z_only,metadata_only_no_training
libero_goal,goal_put_the_bowl_on_the_stove,put_the_bowl_on_the_stove,2,0,official_clean_libero_goal_put_the_bowl_on_the_stove,,,pick_place_transfer,,action_gripper;eef_vz;eef_z;gripper_qpos;gripper_width,teacher_hazard;teacher_phase;teacher_release_safe,eef_vx;eef_vy;eef_x;eef_y,partial_eef_z_only,metadata_only_no_training
libero_goal,goal_put_the_bowl_on_the_stove,put_the_bowl_on_the_stove,3,0,official_clean_libero_goal_put_the_bowl_on_the_stove,,,pick_place_transfer,,action_gripper;eef_vz;eef_z;gripper_qpos;gripper_width,teacher_hazard;teacher_phase;teacher_release_safe,eef_vx;eef_vy;eef_x;eef_y,partial_eef_z_only,metadata_only_no_training
libero_goal,goal_put_the_bowl_on_the_stove,put_the_bowl_on_the_stove,4,0,official_clean_libero_goal_put_the_bowl_on_the_stove,,,pick_place_transfer,,action_gripper;eef_vz;eef_z;gripper_qpos;gripper_width,teacher_hazard;teacher_phase;teacher_release_safe,eef_vx;eef_vy;eef_x;eef_y,partial_eef_z_only,metadata_only_no_training
libero_goal,goal_put_the_bowl_on_the_stove,put_the_bowl_on_the_stove,5,0,official_clean_libero_goal_put_the_bowl_on_the_stove,,,pick_place_transfer,,action_gripper;eef_vz;eef_z;gripper_qpos;gripper_width,teacher_hazard;teacher_phase;teacher_release_safe,eef_vx;eef_vy;eef_x;eef_y,partial_eef_z_only,metadata_only_no_training
libero_goal,goal_put_the_bowl_on_the_stove,put_the_bowl_on_the_stove,6,0,official_clean_libero_goal_put_the_bowl_on_the_stove,,,pick_place_transfer,,action_gripper;eef_vz;eef_z;gripper_qpos;gripper_width,teacher_hazard;teacher_phase;teacher_release_safe,eef_vx;eef_vy;eef_x;eef_y,partial_eef_z_only,metadata_only_no_training
libero_goal,goal_put_the_bowl_on_the_stove,put_the_bowl_on_the_stove,7,0,official_clean_libero_goal_put_the_bowl_on_the_stove,,,pick_place_transfer,,action_gripper;eef_vz;eef_z;gripper_qpos;gripper_width,teacher_hazard;teacher_phase;teacher_release_safe,eef_vx;eef_vy;eef_x;eef_y,partial_eef_z_only,metadata_only_no_training
libero_goal,goal_put_the_bowl_on_the_stove,put_the_bowl_on_the_stove,8,0,official_clean_libero_goal_put_the_bowl_on_the_stove,,,pick_place_transfer,,action_gripper;eef_vz;eef_z;gripper_qpos;gripper_width,teacher_hazard;teacher_phase;teacher_release_safe,eef_vx;eef_vy;eef_x;eef_y,partial_eef_z_only,metadata_only_no_training
libero_goal,goal_put_the_bowl_on_the_stove,put_the_bowl_on_the_stove,9,0,official_clean_libero_goal_put_the_bowl_on_the_stove,,,pick_place_transfer,,action_gripper;eef_vz;eef_z;gripper_qpos;gripper_width,teacher_hazard;teacher_phase;teacher_release_safe,eef_vx;eef_vy;eef_x;eef_y,partial_eef_z_only,metadata_only_no_training
libero_goal,goal_put_the_cream_cheese_in_the_bowl,put_the_cream_cheese_in_the_bowl,0,0,official_clean_libero_goal_put_the_cream_cheese_in_the_bowl,,,pick_place_transfer,,action_gripper;eef_vz;eef_z;gripper_qpos;gripper_width,teacher_hazard;teacher_phase;teacher_release_safe,eef_vx;eef_vy;eef_x;eef_y,partial_eef_z_only,metadata_only_no_training
libero_goal,goal_put_the_cream_cheese_in_the_bowl,put_the_cream_cheese_in_the_bowl,1,0,official_clean_libero_goal_put_the_cream_cheese_in_the_bowl,,,pick_place_transfer,,action_gripper;eef_vz;eef_z;gripper_qpos;gripper_width,teacher_hazard;teacher_phase;teacher_release_safe,eef_vx;eef_vy;eef_x;eef_y,partial_eef_z_only,metadata_only_no_training
libero_goal,goal_put_the_cream_cheese_in_the_bowl,put_the_cream_cheese_in_the_bowl,2,0,official_clean_libero_goal_put_the_cream_cheese_in_the_bowl,,,pick_place_transfer,,action_gripper;eef_vz;eef_z;gripper_qpos;gripper_width,teacher_hazard;teacher_phase;teacher_release_safe,eef_vx;eef_vy;eef_x;eef_y,partial_eef_z_only,metadata_only_no_training
libero_goal,goal_put_the_cream_cheese_in_the_bowl,put_the_cream_cheese_in_the_bowl,3,0,official_clean_libero_goal_put_the_cream_cheese_in_the_bowl,,,pick_place_transfer,,action_gripper;eef_vz;eef_z;gripper_qpos;gripper_width,teacher_hazard;teacher_phase;teacher_release_safe,eef_vx;eef_vy;eef_x;eef_y,partial_eef_z_only,metadata_only_no_training
libero_goal,goal_put_the_cream_cheese_in_the_bowl,put_the_cream_cheese_in_the_bowl,4,0,official_clean_libero_goal_put_the_cream_cheese_in_the_bowl,,,pick_place_transfer,,action_gripper;eef_vz;eef_z;gripper_qpos;gripper_width,teacher_hazard;teacher_phase;teacher_release_safe,eef_vx;eef_vy;eef_x;eef_y,partial_eef_z_only,metadata_only_no_training
libero_goal,goal_put_the_cream_cheese_in_the_bowl,put_the_cream_cheese_in_the_bowl,5,0,official_clean_libero_goal_put_the_cream_cheese_in_the_bowl,,,pick_place_transfer,,action_gripper;eef_vz;eef_z;gripper_qpos;gripper_width,teacher_hazard;teacher_phase;teacher_release_safe,eef_vx;eef_vy;eef_x;eef_y,partial_eef_z_only,metadata_only_no_training
libero_goal,goal_put_the_cream_cheese_in_the_bowl,put_the_cream_cheese_in_the_bowl,6,0,official_clean_libero_goal_put_the_cream_cheese_in_the_bowl,,,pick_place_transfer,,action_gripper;eef_vz;eef_z;gripper_qpos;gripper_width,teacher_hazard;teacher_phase;teacher_release_safe,eef_vx;eef_vy;eef_x;eef_y,partial_eef_z_only,metadata_only_no_training
libero_goal,goal_put_the_cream_cheese_in_the_bowl,put_the_cream_cheese_in_the_bowl,7,0,official_clean_libero_goal_put_the_cream_cheese_in_the_bowl,,,pick_place_transfer,,action_gripper;eef_vz;eef_z;gripper_qpos;gripper_width,teacher_hazard;teacher_phase;teacher_release_safe,eef_vx;eef_vy;eef_x;eef_y,partial_eef_z_only,metadata_only_no_training
libero_goal,goal_put_the_cream_cheese_in_the_bowl,put_the_cream_cheese_in_the_bowl,8,0,official_clean_libero_goal_put_the_cream_cheese_in_the_bowl,,,pick_place_transfer,,action_gripper;eef_vz;eef_z;gripper_qpos;gripper_width,teacher_hazard;teacher_phase;teacher_release_safe,eef_vx;eef_vy;eef_x;eef_y,partial_eef_z_only,metadata_only_no_training
libero_goal,goal_put_the_cream_cheese_in_the_bowl,put_the_cream_cheese_in_the_bowl,9,0,official_clean_libero_goal_put_the_cream_cheese_in_the_bowl,,,pick_place_transfer,,action_gripper;eef_vz;eef_z;gripper_qpos;gripper_width,teacher_hazard;teacher_phase;teacher_release_safe,eef_vx;eef_vy;eef_x;eef_y,partial_eef_z_only,metadata_only_no_training
libero_goal,goal_push_the_plate_to_the_front_of_the_stove,push_the_plate_to_the_front_of_the_stove,0,0,official_clean_libero_goal_push_the_plate_to_the_front_of_the_stove,,,rearrangement_or_spatial,,action_gripper;eef_vz;eef_z;gripper_qpos;gripper_width,teacher_hazard;teacher_phase;teacher_release_safe,eef_vx;eef_vy;eef_x;eef_y,partial_eef_z_only,metadata_only_no_training
libero_goal,goal_push_the_plate_to_the_front_of_the_stove,push_the_plate_to_the_front_of_the_stove,1,0,official_clean_libero_goal_push_the_plate_to_the_front_of_the_stove,,,rearrangement_or_spatial,,action_gripper;eef_vz;eef_z;gripper_qpos;gripper_width,teacher_hazard;teacher_phase;teacher_release_safe,eef_vx;eef_vy;eef_x;eef_y,partial_eef_z_only,metadata_only_no_training
libero_goal,goal_push_the_plate_to_the_front_of_the_stove,push_the_plate_to_the_front_of_the_stove,2,0,official_clean_libero_goal_push_the_plate_to_the_front_of_the_stove,,,rearrangement_or_spatial,,action_gripper;eef_vz;eef_z;gripper_qpos;gripper_width,teacher_hazard;teacher_phase;teacher_release_safe,eef_vx;eef_vy;eef_x;eef_y,partial_eef_z_only,metadata_only_no_training
libero_goal,goal_push_the_plate_to_the_front_of_the_stove,push_the_plate_to_the_front_of_the_stove,3,0,official_clean_libero_goal_push_the_plate_to_the_front_of_the_stove,,,rearrangement_or_spatial,,action_gripper;eef_vz;eef_z;gripper_qpos;gripper_width,teacher_hazard;teacher_phase;teacher_release_safe,eef_vx;eef_vy;eef_x;eef_y,partial_eef_z_only,metadata_only_no_training
libero_goal,goal_push_the_plate_to_the_front_of_the_stove,push_the_plate_to_the_front_of_the_stove,4,0,official_clean_libero_goal_push_the_plate_to_the_front_of_the_stove,,,rearrangement_or_spatial,,action_gripper;eef_vz;eef_z;gripper_qpos;gripper_width,teacher_hazard;teacher_phase;teacher_release_safe,eef_vx;eef_vy;eef_x;eef_y,partial_eef_z_only,metadata_only_no_training
libero_goal,goal_push_the_plate_to_the_front_of_the_stove,push_the_plate_to_the_front_of_the_stove,5,0,official_clean_libero_goal_push_the_plate_to_the_front_of_the_stove,,,rearrangement_or_spatial,,action_gripper;eef_vz;eef_z;gripper_qpos;gripper_width,teacher_hazard;teacher_phase;teacher_release_safe,eef_vx;eef_vy;eef_x;eef_y,partial_eef_z_only,metadata_only_no_training
libero_goal,goal_push_the_plate_to_the_front_of_the_stove,push_the_plate_to_the_front_of_the_stove,6,0,official_clean_libero_goal_push_the_plate_to_the_front_of_the_stove,,,rearrangement_or_spatial,,action_gripper;eef_vz;eef_z;gripper_qpos;gripper_width,teacher_hazard;teacher_phase;teacher_release_safe,eef_vx;eef_vy;eef_x;eef_y,partial_eef_z_only,metadata_only_no_training
libero_goal,goal_push_the_plate_to_the_front_of_the_stove,push_the_plate_to_the_front_of_the_stove,7,0,official_clean_libero_goal_push_the_plate_to_the_front_of_the_stove,,,rearrangement_or_spatial,,action_gripper;eef_vz;eef_z;gripper_qpos;gripper_width,teacher_hazard;teacher_phase;teacher_release_safe,eef_vx;eef_vy;eef_x;eef_y,partial_eef_z_only,metadata_only_no_training
libero_goal,goal_push_the_plate_to_the_front_of_the_stove,push_the_plate_to_the_front_of_the_stove,8,0,official_clean_libero_goal_push_the_plate_to_the_front_of_the_stove,,,rearrangement_or_spatial,,action_gripper;eef_vz;eef_z;gripper_qpos;gripper_width,teacher_hazard;teacher_phase;teacher_release_safe,eef_vx;eef_vy;eef_x;eef_y,partial_eef_z_only,metadata_only_no_training
libero_goal,goal_push_the_plate_to_the_front_of_the_stove,push_the_plate_to_the_front_of_the_stove,9,0,official_clean_libero_goal_push_the_plate_to_the_front_of_the_stove,,,rearrangement_or_spatial,,action_gripper;eef_vz;eef_z;gripper_qpos;gripper_width,teacher_hazard;teacher_phase;teacher_release_safe,eef_vx;eef_vy;eef_x;eef_y,partial_eef_z_only,metadata_only_no_training
libero_goal,goal_put_the_wine_bottle_on_the_rack,put_the_wine_bottle_on_the_rack,0,0,official_clean_libero_goal_put_the_wine_bottle_on_the_rack,,,pick_place_transfer,,action_gripper;eef_vz;eef_z;gripper_qpos;gripper_width,teacher_hazard;teacher_phase;teacher_release_safe,eef_vx;eef_vy;eef_x;eef_y,partial_eef_z_only,metadata_only_no_training
libero_goal,goal_put_the_wine_bottle_on_the_rack,put_the_wine_bottle_on_the_rack,1,0,official_clean_libero_goal_put_the_wine_bottle_on_the_rack,,,pick_place_transfer,,action_gripper;eef_vz;eef_z;gripper_qpos;gripper_width,teacher_hazard;teacher_phase;teacher_release_safe,eef_vx;eef_vy;eef_x;eef_y,partial_eef_z_only,metadata_only_no_training
libero_goal,goal_put_the_wine_bottle_on_the_rack,put_the_wine_bottle_on_the_rack,2,0,official_clean_libero_goal_put_the_wine_bottle_on_the_rack,,,pick_place_transfer,,action_gripper;eef_vz;eef_z;gripper_qpos;gripper_width,teacher_hazard;teacher_phase;teacher_release_safe,eef_vx;eef_vy;eef_x;eef_y,partial_eef_z_only,metadata_only_no_training
libero_goal,goal_put_the_wine_bottle_on_the_rack,put_the_wine_bottle_on_the_rack,3,0,official_clean_libero_goal_put_the_wine_bottle_on_the_rack,,,pick_place_transfer,,action_gripper;eef_vz;eef_z;gripper_qpos;gripper_width,teacher_hazard;teacher_phase;teacher_release_safe,eef_vx;eef_vy;eef_x;eef_y,partial_eef_z_only,metadata_only_no_training
libero_goal,goal_put_the_wine_bottle_on_the_rack,put_the_wine_bottle_on_the_rack,4,0,official_clean_libero_goal_put_the_wine_bottle_on_the_rack,,,pick_place_transfer,,action_gripper;eef_vz;eef_z;gripper_qpos;gripper_width,teacher_hazard;teacher_phase;teacher_release_safe,eef_vx;eef_vy;eef_x;eef_y,partial_eef_z_only,metadata_only_no_training
libero_goal,goal_put_the_wine_bottle_on_the_rack,put_the_wine_bottle_on_the_rack,5,0,official_clean_libero_goal_put_the_wine_bottle_on_the_rack,,,pick_place_transfer,,action_gripper;eef_vz;eef_z;gripper_qpos;gripper_width,teacher_hazard;teacher_phase;teacher_release_safe,eef_vx;eef_vy;eef_x;eef_y,partial_eef_z_only,metadata_only_no_training
libero_goal,goal_put_the_wine_bottle_on_the_rack,put_the_wine_bottle_on_the_rack,6,0,official_clean_libero_goal_put_the_wine_bottle_on_the_rack,,,pick_place_transfer,,action_gripper;eef_vz;eef_z;gripper_qpos;gripper_width,teacher_hazard;teacher_phase;teacher_release_safe,eef_vx;eef_vy;eef_x;eef_y,partial_eef_z_only,metadata_only_no_training
libero_goal,goal_put_the_wine_bottle_on_the_rack,put_the_wine_bottle_on_the_rack,7,0,official_clean_libero_goal_put_the_wine_bottle_on_the_rack,,,pick_place_transfer,,action_gripper;eef_vz;eef_z;gripper_qpos;gripper_width,teacher_hazard;teacher_phase;teacher_release_safe,eef_vx;eef_vy;eef_x;eef_y,partial_eef_z_only,metadata_only_no_training
libero_goal,goal_put_the_wine_bottle_on_the_rack,put_the_wine_bottle_on_the_rack,8,0,official_clean_libero_goal_put_the_wine_bottle_on_the_rack,,,pick_place_transfer,,action_gripper;eef_vz;eef_z;gripper_qpos;gripper_width,teacher_hazard;teacher_phase;teacher_release_safe,eef_vx;eef_vy;eef_x;eef_y,partial_eef_z_only,metadata_only_no_training
libero_goal,goal_put_the_wine_bottle_on_the_rack,put_the_wine_bottle_on_the_rack,9,0,official_clean_libero_goal_put_the_wine_bottle_on_the_rack,,,pick_place_transfer,,action_gripper;eef_vz;eef_z;gripper_qpos;gripper_width,teacher_hazard;teacher_phase;teacher_release_safe,eef_vx;eef_vy;eef_x;eef_y,partial_eef_z_only,metadata_only_no_training
libero_goal,goal_turn_on_the_stove,turn_on_the_stove,0,0,official_clean_libero_goal_turn_on_the_stove,,,articulated_object,,action_gripper;eef_vz;eef_z;gripper_qpos;gripper_width,teacher_hazard;teacher_phase;teacher_release_safe,eef_vx;eef_vy;eef_x;eef_y,partial_eef_z_only,metadata_only_no_training
libero_goal,goal_turn_on_the_stove,turn_on_the_stove,1,0,official_clean_libero_goal_turn_on_the_stove,,,articulated_object,,action_gripper;eef_vz;eef_z;gripper_qpos;gripper_width,teacher_hazard;teacher_phase;teacher_release_safe,eef_vx;eef_vy;eef_x;eef_y,partial_eef_z_only,metadata_only_no_training
libero_goal,goal_turn_on_the_stove,turn_on_the_stove,2,0,official_clean_libero_goal_turn_on_the_stove,,,articulated_object,,action_gripper;eef_vz;eef_z;gripper_qpos;gripper_width,teacher_hazard;teacher_phase;teacher_release_safe,eef_vx;eef_vy;eef_x;eef_y,partial_eef_z_only,metadata_only_no_training
libero_goal,goal_turn_on_the_stove,turn_on_the_stove,3,0,official_clean_libero_goal_turn_on_the_stove,,,articulated_object,,action_gripper;eef_vz;eef_z;gripper_qpos;gripper_width,teacher_hazard;teacher_phase;teacher_release_safe,eef_vx;eef_vy;eef_x;eef_y,partial_eef_z_only,metadata_only_no_training
libero_goal,goal_turn_on_the_stove,turn_on_the_stove,4,0,official_clean_libero_goal_turn_on_the_stove,,,articulated_object,,action_gripper;eef_vz;eef_z;gripper_qpos;gripper_width,teacher_hazard;teacher_phase;teacher_release_safe,eef_vx;eef_vy;eef_x;eef_y,partial_eef_z_only,metadata_only_no_training
libero_goal,goal_turn_on_the_stove,turn_on_the_stove,5,0,official_clean_libero_goal_turn_on_the_stove,,,articulated_object,,action_gripper;eef_vz;eef_z;gripper_qpos;gripper_width,teacher_hazard;teacher_phase;teacher_release_safe,eef_vx;eef_vy;eef_x;eef_y,partial_eef_z_only,metadata_only_no_training
libero_goal,goal_turn_on_the_stove,turn_on_the_stove,6,0,official_clean_libero_goal_turn_on_the_stove,,,articulated_object,,action_gripper;eef_vz;eef_z;gripper_qpos;gripper_width,teacher_hazard;teacher_phase;teacher_release_safe,eef_vx;eef_vy;eef_x;eef_y,partial_eef_z_only,metadata_only_no_training
libero_goal,goal_turn_on_the_stove,turn_on_the_stove,7,0,official_clean_libero_goal_turn_on_the_stove,,,articulated_object,,action_gripper;eef_vz;eef_z;gripper_qpos;gripper_width,teacher_hazard;teacher_phase;teacher_release_safe,eef_vx;eef_vy;eef_x;eef_y,partial_eef_z_only,metadata_only_no_training
libero_goal,goal_turn_on_the_stove,turn_on_the_stove,8,0,official_clean_libero_goal_turn_on_the_stove,,,articulated_object,,action_gripper;eef_vz;eef_z;gripper_qpos;gripper_width,teacher_hazard;teacher_phase;teacher_release_safe,eef_vx;eef_vy;eef_x;eef_y,partial_eef_z_only,metadata_only_no_training
libero_goal,goal_turn_on_the_stove,turn_on_the_stove,9,0,official_clean_libero_goal_turn_on_the_stove,,,articulated_object,,action_gripper;eef_vz;eef_z;gripper_qpos;gripper_width,teacher_hazard;teacher_phase;teacher_release_safe,eef_vx;eef_vy;eef_x;eef_y,partial_eef_z_only,metadata_only_no_training
libero_goal,goal_put_the_bowl_on_top_of_the_cabinet,put_the_bowl_on_top_of_the_cabinet,0,0,official_clean_libero_goal_put_the_bowl_on_top_of_the_cabinet,,,pick_place_transfer,,action_gripper;eef_vz;eef_z;gripper_qpos;gripper_width,teacher_hazard;teacher_phase;teacher_release_safe,eef_vx;eef_vy;eef_x;eef_y,partial_eef_z_only,metadata_only_no_training
libero_goal,goal_put_the_bowl_on_top_of_the_cabinet,put_the_bowl_on_top_of_the_cabinet,1,0,official_clean_libero_goal_put_the_bowl_on_top_of_the_cabinet,,,pick_place_transfer,,action_gripper;eef_vz;eef_z;gripper_qpos;gripper_width,teacher_hazard;teacher_phase;teacher_release_safe,eef_vx;eef_vy;eef_x;eef_y,partial_eef_z_only,metadata_only_no_training
libero_goal,goal_put_the_bowl_on_top_of_the_cabinet,put_the_bowl_on_top_of_the_cabinet,2,0,official_clean_libero_goal_put_the_bowl_on_top_of_the_cabinet,,,pick_place_transfer,,action_gripper;eef_vz;eef_z;gripper_qpos;gripper_width,teacher_hazard;teacher_phase;teacher_release_safe,eef_vx;eef_vy;eef_x;eef_y,partial_eef_z_only,metadata_only_no_training
libero_goal,goal_put_the_bowl_on_top_of_the_cabinet,put_the_bowl_on_top_of_the_cabinet,3,0,official_clean_libero_goal_put_the_bowl_on_top_of_the_cabinet,,,pick_place_transfer,,action_gripper;eef_vz;eef_z;gripper_qpos;gripper_width,teacher_hazard;teacher_phase;teacher_release_safe,eef_vx;eef_vy;eef_x;eef_y,partial_eef_z_only,metadata_only_no_training
libero_goal,goal_put_the_bowl_on_top_of_the_cabinet,put_the_bowl_on_top_of_the_cabinet,4,0,official_clean_libero_goal_put_the_bowl_on_top_of_the_cabinet,,,pick_place_transfer,,action_gripper;eef_vz;eef_z;gripper_qpos;gripper_width,teacher_hazard;teacher_phase;teacher_release_safe,eef_vx;eef_vy;eef_x;eef_y,partial_eef_z_only,metadata_only_no_training
libero_goal,goal_put_the_bowl_on_top_of_the_cabinet,put_the_bowl_on_top_of_the_cabinet,5,0,official_clean_libero_goal_put_the_bowl_on_top_of_the_cabinet,,,pick_place_transfer,,action_gripper;eef_vz;eef_z;gripper_qpos;gripper_width,teacher_hazard;teacher_phase;teacher_release_safe,eef_vx;eef_vy;eef_x;eef_y,partial_eef_z_only,metadata_only_no_training
libero_goal,goal_put_the_bowl_on_top_of_the_cabinet,put_the_bowl_on_top_of_the_cabinet,6,0,official_clean_libero_goal_put_the_bowl_on_top_of_the_cabinet,,,pick_place_transfer,,action_gripper;eef_vz;eef_z;gripper_qpos;gripper_width,teacher_hazard;teacher_phase;teacher_release_safe,eef_vx;eef_vy;eef_x;eef_y,partial_eef_z_only,metadata_only_no_training
libero_goal,goal_put_the_bowl_on_top_of_the_cabinet,put_the_bowl_on_top_of_the_cabinet,7,0,official_clean_libero_goal_put_the_bowl_on_top_of_the_cabinet,,,pick_place_transfer,,action_gripper;eef_vz;eef_z;gripper_qpos;gripper_width,teacher_hazard;teacher_phase;teacher_release_safe,eef_vx;eef_vy;eef_x;eef_y,partial_eef_z_only,metadata_only_no_training
libero_goal,goal_put_the_bowl_on_top_of_the_cabinet,put_the_bowl_on_top_of_the_cabinet,8,0,official_clean_libero_goal_put_the_bowl_on_top_of_the_cabinet,,,pick_place_transfer,,action_gripper;eef_vz;eef_z;gripper_qpos;gripper_width,teacher_hazard;teacher_phase;teacher_release_safe,eef_vx;eef_vy;eef_x;eef_y,partial_eef_z_only,metadata_only_no_training
libero_goal,goal_put_the_bowl_on_top_of_the_cabinet,put_the_bowl_on_top_of_the_cabinet,9,0,official_clean_libero_goal_put_the_bowl_on_top_of_the_cabinet,,,pick_place_transfer,,action_gripper;eef_vz;eef_z;gripper_qpos;gripper_width,teacher_hazard;teacher_phase;teacher_release_safe,eef_vx;eef_vy;eef_x;eef_y,partial_eef_z_only,metadata_only_no_training
libero_goal,goal_put_the_wine_bottle_on_top_of_the_cabinet,put_the_wine_bottle_on_top_of_the_cabinet,0,0,official_clean_libero_goal_put_the_wine_bottle_on_top_of_the_cabinet,,,pick_place_transfer,,action_gripper;eef_vz;eef_z;gripper_qpos;gripper_width,teacher_hazard;teacher_phase;teacher_release_safe,eef_vx;eef_vy;eef_x;eef_y,partial_eef_z_only,metadata_only_no_training
libero_goal,goal_put_the_wine_bottle_on_top_of_the_cabinet,put_the_wine_bottle_on_top_of_the_cabinet,1,0,official_clean_libero_goal_put_the_wine_bottle_on_top_of_the_cabinet,,,pick_place_transfer,,action_gripper;eef_vz;eef_z;gripper_qpos;gripper_width,teacher_hazard;teacher_phase;teacher_release_safe,eef_vx;eef_vy;eef_x;eef_y,partial_eef_z_only,metadata_only_no_training
libero_goal,goal_put_the_wine_bottle_on_top_of_the_cabinet,put_the_wine_bottle_on_top_of_the_cabinet,2,0,official_clean_libero_goal_put_the_wine_bottle_on_top_of_the_cabinet,,,pick_place_transfer,,action_gripper;eef_vz;eef_z;gripper_qpos;gripper_width,teacher_hazard;teacher_phase;teacher_release_safe,eef_vx;eef_vy;eef_x;eef_y,partial_eef_z_only,metadata_only_no_training
libero_goal,goal_put_the_wine_bottle_on_top_of_the_cabinet,put_the_wine_bottle_on_top_of_the_cabinet,3,0,official_clean_libero_goal_put_the_wine_bottle_on_top_of_the_cabinet,,,pick_place_transfer,,action_gripper;eef_vz;eef_z;gripper_qpos;gripper_width,teacher_hazard;teacher_phase;teacher_release_safe,eef_vx;eef_vy;eef_x;eef_y,partial_eef_z_only,metadata_only_no_training
libero_goal,goal_put_the_wine_bottle_on_top_of_the_cabinet,put_the_wine_bottle_on_top_of_the_cabinet,4,0,official_clean_libero_goal_put_the_wine_bottle_on_top_of_the_cabinet,,,pick_place_transfer,,action_gripper;eef_vz;eef_z;gripper_qpos;gripper_width,teacher_hazard;teacher_phase;teacher_release_safe,eef_vx;eef_vy;eef_x;eef_y,partial_eef_z_only,metadata_only_no_training
libero_goal,goal_put_the_wine_bottle_on_top_of_the_cabinet,put_the_wine_bottle_on_top_of_the_cabinet,5,0,official_clean_libero_goal_put_the_wine_bottle_on_top_of_the_cabinet,,,pick_place_transfer,,action_gripper;eef_vz;eef_z;gripper_qpos;gripper_width,teacher_hazard;teacher_phase;teacher_release_safe,eef_vx;eef_vy;eef_x;eef_y,partial_eef_z_only,metadata_only_no_training
libero_goal,goal_put_the_wine_bottle_on_top_of_the_cabinet,put_the_wine_bottle_on_top_of_the_cabinet,6,0,official_clean_libero_goal_put_the_wine_bottle_on_top_of_the_cabinet,,,pick_place_transfer,,action_gripper;eef_vz;eef_z;gripper_qpos;gripper_width,teacher_hazard;teacher_phase;teacher_release_safe,eef_vx;eef_vy;eef_x;eef_y,partial_eef_z_only,metadata_only_no_training
libero_goal,goal_put_the_wine_bottle_on_top_of_the_cabinet,put_the_wine_bottle_on_top_of_the_cabinet,7,0,official_clean_libero_goal_put_the_wine_bottle_on_top_of_the_cabinet,,,pick_place_transfer,,action_gripper;eef_vz;eef_z;gripper_qpos;gripper_width,teacher_hazard;teacher_phase;teacher_release_safe,eef_vx;eef_vy;eef_x;eef_y,partial_eef_z_only,metadata_only_no_training
libero_goal,goal_put_the_wine_bottle_on_top_of_the_cabinet,put_the_wine_bottle_on_top_of_the_cabinet,8,0,official_clean_libero_goal_put_the_wine_bottle_on_top_of_the_cabinet,,,pick_place_transfer,,action_gripper;eef_vz;eef_z;gripper_qpos;gripper_width,teacher_hazard;teacher_phase;teacher_release_safe,eef_vx;eef_vy;eef_x;eef_y,partial_eef_z_only,metadata_only_no_training
libero_goal,goal_put_the_wine_bottle_on_top_of_the_cabinet,put_the_wine_bottle_on_top_of_the_cabinet,9,0,official_clean_libero_goal_put_the_wine_bottle_on_top_of_the_cabinet,,,pick_place_transfer,,action_gripper;eef_vz;eef_z;gripper_qpos;gripper_width,teacher_hazard;teacher_phase;teacher_release_safe,eef_vx;eef_vy;eef_x;eef_y,partial_eef_z_only,metadata_only_no_training
libero_10,libero10_kitchen_scene3_turn_on_the_stove_and_put_the_moka_pot_on_it,KITCHEN_SCENE3_turn_on_the_stove_and_put_the_moka_pot_on_it,0,0,official_clean_libero_10_KITCHEN_SCENE3_turn_on_the_stove_and_put_the_moka_pot_on_it,,,multi_object_transfer,,action_gripper;eef_vz;eef_z;gripper_qpos;gripper_width,teacher_hazard;teacher_phase;teacher_release_safe,eef_vx;eef_vy;eef_x;eef_y,partial_eef_z_only,metadata_only_no_training
libero_10,libero10_kitchen_scene3_turn_on_the_stove_and_put_the_moka_pot_on_it,KITCHEN_SCENE3_turn_on_the_stove_and_put_the_moka_pot_on_it,1,0,official_clean_libero_10_KITCHEN_SCENE3_turn_on_the_stove_and_put_the_moka_pot_on_it,,,multi_object_transfer,,action_gripper;eef_vz;eef_z;gripper_qpos;gripper_width,teacher_hazard;teacher_phase;teacher_release_safe,eef_vx;eef_vy;eef_x;eef_y,partial_eef_z_only,metadata_only_no_training
libero_10,libero10_kitchen_scene3_turn_on_the_stove_and_put_the_moka_pot_on_it,KITCHEN_SCENE3_turn_on_the_stove_and_put_the_moka_pot_on_it,2,0,official_clean_libero_10_KITCHEN_SCENE3_turn_on_the_stove_and_put_the_moka_pot_on_it,,,multi_object_transfer,,action_gripper;eef_vz;eef_z;gripper_qpos;gripper_width,teacher_hazard;teacher_phase;teacher_release_safe,eef_vx;eef_vy;eef_x;eef_y,partial_eef_z_only,metadata_only_no_training
libero_10,libero10_kitchen_scene3_turn_on_the_stove_and_put_the_moka_pot_on_it,KITCHEN_SCENE3_turn_on_the_stove_and_put_the_moka_pot_on_it,3,0,official_clean_libero_10_KITCHEN_SCENE3_turn_on_the_stove_and_put_the_moka_pot_on_it,,,multi_object_transfer,,action_gripper;eef_vz;eef_z;gripper_qpos;gripper_width,teacher_hazard;teacher_phase;teacher_release_safe,eef_vx;eef_vy;eef_x;eef_y,partial_eef_z_only,metadata_only_no_training
libero_10,libero10_kitchen_scene3_turn_on_the_stove_and_put_the_moka_pot_on_it,KITCHEN_SCENE3_turn_on_the_stove_and_put_the_moka_pot_on_it,4,0,official_clean_libero_10_KITCHEN_SCENE3_turn_on_the_stove_and_put_the_moka_pot_on_it,,,multi_object_transfer,,action_gripper;eef_vz;eef_z;gripper_qpos;gripper_width,teacher_hazard;teacher_phase;teacher_release_safe,eef_vx;eef_vy;eef_x;eef_y,partial_eef_z_only,metadata_only_no_training
libero_10,libero10_kitchen_scene3_turn_on_the_stove_and_put_the_moka_pot_on_it,KITCHEN_SCENE3_turn_on_the_stove_and_put_the_moka_pot_on_it,5,0,official_clean_libero_10_KITCHEN_SCENE3_turn_on_the_stove_and_put_the_moka_pot_on_it,,,multi_object_transfer,,action_gripper;eef_vz;eef_z;gripper_qpos;gripper_width,teacher_hazard;teacher_phase;teacher_release_safe,eef_vx;eef_vy;eef_x;eef_y,partial_eef_z_only,metadata_only_no_training
libero_10,libero10_kitchen_scene3_turn_on_the_stove_and_put_the_moka_pot_on_it,KITCHEN_SCENE3_turn_on_the_stove_and_put_the_moka_pot_on_it,6,0,official_clean_libero_10_KITCHEN_SCENE3_turn_on_the_stove_and_put_the_moka_pot_on_it,,,multi_object_transfer,,action_gripper;eef_vz;eef_z;gripper_qpos;gripper_width,teacher_hazard;teacher_phase;teacher_release_safe,eef_vx;eef_vy;eef_x;eef_y,partial_eef_z_only,metadata_only_no_training
libero_10,libero10_kitchen_scene3_turn_on_the_stove_and_put_the_moka_pot_on_it,KITCHEN_SCENE3_turn_on_the_stove_and_put_the_moka_pot_on_it,7,0,official_clean_libero_10_KITCHEN_SCENE3_turn_on_the_stove_and_put_the_moka_pot_on_it,,,multi_object_transfer,,action_gripper;eef_vz;eef_z;gripper_qpos;gripper_width,teacher_hazard;teacher_phase;teacher_release_safe,eef_vx;eef_vy;eef_x;eef_y,partial_eef_z_only,metadata_only_no_training
libero_10,libero10_kitchen_scene3_turn_on_the_stove_and_put_the_moka_pot_on_it,KITCHEN_SCENE3_turn_on_the_stove_and_put_the_moka_pot_on_it,8,0,official_clean_libero_10_KITCHEN_SCENE3_turn_on_the_stove_and_put_the_moka_pot_on_it,,,multi_object_transfer,,action_gripper;eef_vz;eef_z;gripper_qpos;gripper_width,teacher_hazard;teacher_phase;teacher_release_safe,eef_vx;eef_vy;eef_x;eef_y,partial_eef_z_only,metadata_only_no_training
libero_10,libero10_kitchen_scene3_turn_on_the_stove_and_put_the_moka_pot_on_it,KITCHEN_SCENE3_turn_on_the_stove_and_put_the_moka_pot_on_it,9,0,official_clean_libero_10_KITCHEN_SCENE3_turn_on_the_stove_and_put_the_moka_pot_on_it,,,multi_object_transfer,,action_gripper;eef_vz;eef_z;gripper_qpos;gripper_width,teacher_hazard;teacher_phase;teacher_release_safe,eef_vx;eef_vy;eef_x;eef_y,partial_eef_z_only,metadata_only_no_training
libero_10,libero10_kitchen_scene6_put_the_yellow_and_white_mug_in_the_microwave_and_close_it,KITCHEN_SCENE6_put_the_yellow_and_white_mug_in_the_microwave_and_close_it,0,0,official_clean_libero_10_KITCHEN_SCENE6_put_the_yellow_and_white_mug_in_the_microwave_and_close_it,,,pick_place_transfer,,action_gripper;eef_vz;eef_z;gripper_qpos;gripper_width,teacher_hazard;teacher_phase;teacher_release_safe,eef_vx;eef_vy;eef_x;eef_y,partial_eef_z_only,metadata_only_no_training
libero_10,libero10_kitchen_scene6_put_the_yellow_and_white_mug_in_the_microwave_and_close_it,KITCHEN_SCENE6_put_the_yellow_and_white_mug_in_the_microwave_and_close_it,1,0,official_clean_libero_10_KITCHEN_SCENE6_put_the_yellow_and_white_mug_in_the_microwave_and_close_it,,,pick_place_transfer,,action_gripper;eef_vz;eef_z;gripper_qpos;gripper_width,teacher_hazard;teacher_phase;teacher_release_safe,eef_vx;eef_vy;eef_x;eef_y,partial_eef_z_only,metadata_only_no_training
libero_10,libero10_kitchen_scene6_put_the_yellow_and_white_mug_in_the_microwave_and_close_it,KITCHEN_SCENE6_put_the_yellow_and_white_mug_in_the_microwave_and_close_it,2,0,official_clean_libero_10_KITCHEN_SCENE6_put_the_yellow_and_white_mug_in_the_microwave_and_close_it,,,pick_place_transfer,,action_gripper;eef_vz;eef_z;gripper_qpos;gripper_width,teacher_hazard;teacher_phase;teacher_release_safe,eef_vx;eef_vy;eef_x;eef_y,partial_eef_z_only,metadata_only_no_training
libero_10,libero10_kitchen_scene6_put_the_yellow_and_white_mug_in_the_microwave_and_close_it,KITCHEN_SCENE6_put_the_yellow_and_white_mug_in_the_microwave_and_close_it,3,0,official_clean_libero_10_KITCHEN_SCENE6_put_the_yellow_and_white_mug_in_the_microwave_and_close_it,,,pick_place_transfer,,action_gripper;eef_vz;eef_z;gripper_qpos;gripper_width,teacher_hazard;teacher_phase;teacher_release_safe,eef_vx;eef_vy;eef_x;eef_y,partial_eef_z_only,metadata_only_no_training
libero_10,libero10_kitchen_scene6_put_the_yellow_and_white_mug_in_the_microwave_and_close_it,KITCHEN_SCENE6_put_the_yellow_and_white_mug_in_the_microwave_and_close_it,4,0,official_clean_libero_10_KITCHEN_SCENE6_put_the_yellow_and_white_mug_in_the_microwave_and_close_it,,,pick_place_transfer,,action_gripper;eef_vz;eef_z;gripper_qpos;gripper_width,teacher_hazard;teacher_phase;teacher_release_safe,eef_vx;eef_vy;eef_x;eef_y,partial_eef_z_only,metadata_only_no_training
libero_10,libero10_kitchen_scene6_put_the_yellow_and_white_mug_in_the_microwave_and_close_it,KITCHEN_SCENE6_put_the_yellow_and_white_mug_in_the_microwave_and_close_it,5,0,official_clean_libero_10_KITCHEN_SCENE6_put_the_yellow_and_white_mug_in_the_microwave_and_close_it,,,pick_place_transfer,,action_gripper;eef_vz;eef_z;gripper_qpos;gripper_width,teacher_hazard;teacher_phase;teacher_release_safe,eef_vx;eef_vy;eef_x;eef_y,partial_eef_z_only,metadata_only_no_training
libero_10,libero10_kitchen_scene6_put_the_yellow_and_white_mug_in_the_microwave_and_close_it,KITCHEN_SCENE6_put_the_yellow_and_white_mug_in_the_microwave_and_close_it,6,0,official_clean_libero_10_KITCHEN_SCENE6_put_the_yellow_and_white_mug_in_the_microwave_and_close_it,,,pick_place_transfer,,action_gripper;eef_vz;eef_z;gripper_qpos;gripper_width,teacher_hazard;teacher_phase;teacher_release_safe,eef_vx;eef_vy;eef_x;eef_y,partial_eef_z_only,metadata_only_no_training
libero_10,libero10_kitchen_scene6_put_the_yellow_and_white_mug_in_the_microwave_and_close_it,KITCHEN_SCENE6_put_the_yellow_and_white_mug_in_the_microwave_and_close_it,7,0,official_clean_libero_10_KITCHEN_SCENE6_put_the_yellow_and_white_mug_in_the_microwave_and_close_it,,,pick_place_transfer,,action_gripper;eef_vz;eef_z;gripper_qpos;gripper_width,teacher_hazard;teacher_phase;teacher_release_safe,eef_vx;eef_vy;eef_x;eef_y,partial_eef_z_only,metadata_only_no_training
libero_10,libero10_kitchen_scene6_put_the_yellow_and_white_mug_in_the_microwave_and_close_it,KITCHEN_SCENE6_put_the_yellow_and_white_mug_in_the_microwave_and_close_it,8,0,official_clean_libero_10_KITCHEN_SCENE6_put_the_yellow_and_white_mug_in_the_microwave_and_close_it,,,pick_place_transfer,,action_gripper;eef_vz;eef_z;gripper_qpos;gripper_width,teacher_hazard;teacher_phase;teacher_release_safe,eef_vx;eef_vy;eef_x;eef_y,partial_eef_z_only,metadata_only_no_training
libero_10,libero10_kitchen_scene6_put_the_yellow_and_white_mug_in_the_microwave_and_close_it,KITCHEN_SCENE6_put_the_yellow_and_white_mug_in_the_microwave_and_close_it,9,0,official_clean_libero_10_KITCHEN_SCENE6_put_the_yellow_and_white_mug_in_the_microwave_and_close_it,,,pick_place_transfer,,action_gripper;eef_vz;eef_z;gripper_qpos;gripper_width,teacher_hazard;teacher_phase;teacher_release_safe,eef_vx;eef_vy;eef_x;eef_y,partial_eef_z_only,metadata_only_no_training
libero_10,libero10_kitchen_scene4_put_the_black_bowl_in_the_bottom_drawer_of_the_cabinet_and_close_it,KITCHEN_SCENE4_put_the_black_bowl_in_the_bottom_drawer_of_the_cabinet_and_close_it,0,0,official_clean_libero_10_KITCHEN_SCENE4_put_the_black_bowl_in_the_bottom_drawer_of_the_cabinet_and_close_it,,,articulated_object,,action_gripper;eef_vz;eef_z;gripper_qpos;gripper_width,teacher_hazard;teacher_phase;teacher_release_safe,eef_vx;eef_vy;eef_x;eef_y,partial_eef_z_only,metadata_only_no_training
libero_10,libero10_kitchen_scene4_put_the_black_bowl_in_the_bottom_drawer_of_the_cabinet_and_close_it,KITCHEN_SCENE4_put_the_black_bowl_in_the_bottom_drawer_of_the_cabinet_and_close_it,1,0,official_clean_libero_10_KITCHEN_SCENE4_put_the_black_bowl_in_the_bottom_drawer_of_the_cabinet_and_close_it,,,articulated_object,,action_gripper;eef_vz;eef_z;gripper_qpos;gripper_width,teacher_hazard;teacher_phase;teacher_release_safe,eef_vx;eef_vy;eef_x;eef_y,partial_eef_z_only,metadata_only_no_training
libero_10,libero10_kitchen_scene4_put_the_black_bowl_in_the_bottom_drawer_of_the_cabinet_and_close_it,KITCHEN_SCENE4_put_the_black_bowl_in_the_bottom_drawer_of_the_cabinet_and_close_it,2,0,official_clean_libero_10_KITCHEN_SCENE4_put_the_black_bowl_in_the_bottom_drawer_of_the_cabinet_and_close_it,,,articulated_object,,action_gripper;eef_vz;eef_z;gripper_qpos;gripper_width,teacher_hazard;teacher_phase;teacher_release_safe,eef_vx;eef_vy;eef_x;eef_y,partial_eef_z_only,metadata_only_no_training
libero_10,libero10_kitchen_scene4_put_the_black_bowl_in_the_bottom_drawer_of_the_cabinet_and_close_it,KITCHEN_SCENE4_put_the_black_bowl_in_the_bottom_drawer_of_the_cabinet_and_close_it,3,0,official_clean_libero_10_KITCHEN_SCENE4_put_the_black_bowl_in_the_bottom_drawer_of_the_cabinet_and_close_it,,,articulated_object,,action_gripper;eef_vz;eef_z;gripper_qpos;gripper_width,teacher_hazard;teacher_phase;teacher_release_safe,eef_vx;eef_vy;eef_x;eef_y,partial_eef_z_only,metadata_only_no_training
libero_10,libero10_kitchen_scene4_put_the_black_bowl_in_the_bottom_drawer_of_the_cabinet_and_close_it,KITCHEN_SCENE4_put_the_black_bowl_in_the_bottom_drawer_of_the_cabinet_and_close_it,4,0,official_clean_libero_10_KITCHEN_SCENE4_put_the_black_bowl_in_the_bottom_drawer_of_the_cabinet_and_close_it,,,articulated_object,,action_gripper;eef_vz;eef_z;gripper_qpos;gripper_width,teacher_hazard;teacher_phase;teacher_release_safe,eef_vx;eef_vy;eef_x;eef_y,partial_eef_z_only,metadata_only_no_training
libero_10,libero10_kitchen_scene4_put_the_black_bowl_in_the_bottom_drawer_of_the_cabinet_and_close_it,KITCHEN_SCENE4_put_the_black_bowl_in_the_bottom_drawer_of_the_cabinet_and_close_it,5,0,official_clean_libero_10_KITCHEN_SCENE4_put_the_black_bowl_in_the_bottom_drawer_of_the_cabinet_and_close_it,,,articulated_object,,action_gripper;eef_vz;eef_z;gripper_qpos;gripper_width,teacher_hazard;teacher_phase;teacher_release_safe,eef_vx;eef_vy;eef_x;eef_y,partial_eef_z_only,metadata_only_no_training
libero_10,libero10_kitchen_scene4_put_the_black_bowl_in_the_bottom_drawer_of_the_cabinet_and_close_it,KITCHEN_SCENE4_put_the_black_bowl_in_the_bottom_drawer_of_the_cabinet_and_close_it,6,0,official_clean_libero_10_KITCHEN_SCENE4_put_the_black_bowl_in_the_bottom_drawer_of_the_cabinet_and_close_it,,,articulated_object,,action_gripper;eef_vz;eef_z;gripper_qpos;gripper_width,teacher_hazard;teacher_phase;teacher_release_safe,eef_vx;eef_vy;eef_x;eef_y,partial_eef_z_only,metadata_only_no_training
libero_10,libero10_kitchen_scene4_put_the_black_bowl_in_the_bottom_drawer_of_the_cabinet_and_close_it,KITCHEN_SCENE4_put_the_black_bowl_in_the_bottom_drawer_of_the_cabinet_and_close_it,7,0,official_clean_libero_10_KITCHEN_SCENE4_put_the_black_bowl_in_the_bottom_drawer_of_the_cabinet_and_close_it,,,articulated_object,,action_gripper;eef_vz;eef_z;gripper_qpos;gripper_width,teacher_hazard;teacher_phase;teacher_release_safe,eef_vx;eef_vy;eef_x;eef_y,partial_eef_z_only,metadata_only_no_training
libero_10,libero10_kitchen_scene4_put_the_black_bowl_in_the_bottom_drawer_of_the_cabinet_and_close_it,KITCHEN_SCENE4_put_the_black_bowl_in_the_bottom_drawer_of_the_cabinet_and_close_it,8,0,official_clean_libero_10_KITCHEN_SCENE4_put_the_black_bowl_in_the_bottom_drawer_of_the_cabinet_and_close_it,,,articulated_object,,action_gripper;eef_vz;eef_z;gripper_qpos;gripper_width,teacher_hazard;teacher_phase;teacher_release_safe,eef_vx;eef_vy;eef_x;eef_y,partial_eef_z_only,metadata_only_no_training
libero_10,libero10_kitchen_scene4_put_the_black_bowl_in_the_bottom_drawer_of_the_cabinet_and_close_it,KITCHEN_SCENE4_put_the_black_bowl_in_the_bottom_drawer_of_the_cabinet_and_close_it,9,0,official_clean_libero_10_KITCHEN_SCENE4_put_the_black_bowl_in_the_bottom_drawer_of_the_cabinet_and_close_it,,,articulated_object,,action_gripper;eef_vz;eef_z;gripper_qpos;gripper_width,teacher_hazard;teacher_phase;teacher_release_safe,eef_vx;eef_vy;eef_x;eef_y,partial_eef_z_only,metadata_only_no_training
libero_10,libero10_kitchen_scene8_put_both_moka_pots_on_the_stove,KITCHEN_SCENE8_put_both_moka_pots_on_the_stove,0,0,official_clean_libero_10_KITCHEN_SCENE8_put_both_moka_pots_on_the_stove,,,multi_object_transfer,,action_gripper;eef_vz;eef_z;gripper_qpos;gripper_width,teacher_hazard;teacher_phase;teacher_release_safe,eef_vx;eef_vy;eef_x;eef_y,partial_eef_z_only,metadata_only_no_training
libero_10,libero10_kitchen_scene8_put_both_moka_pots_on_the_stove,KITCHEN_SCENE8_put_both_moka_pots_on_the_stove,1,0,official_clean_libero_10_KITCHEN_SCENE8_put_both_moka_pots_on_the_stove,,,multi_object_transfer,,action_gripper;eef_vz;eef_z;gripper_qpos;gripper_width,teacher_hazard;teacher_phase;teacher_release_safe,eef_vx;eef_vy;eef_x;eef_y,partial_eef_z_only,metadata_only_no_training
libero_10,libero10_kitchen_scene8_put_both_moka_pots_on_the_stove,KITCHEN_SCENE8_put_both_moka_pots_on_the_stove,2,0,official_clean_libero_10_KITCHEN_SCENE8_put_both_moka_pots_on_the_stove,,,multi_object_transfer,,action_gripper;eef_vz;eef_z;gripper_qpos;gripper_width,teacher_hazard;teacher_phase;teacher_release_safe,eef_vx;eef_vy;eef_x;eef_y,partial_eef_z_only,metadata_only_no_training
libero_10,libero10_kitchen_scene8_put_both_moka_pots_on_the_stove,KITCHEN_SCENE8_put_both_moka_pots_on_the_stove,3,0,official_clean_libero_10_KITCHEN_SCENE8_put_both_moka_pots_on_the_stove,,,multi_object_transfer,,action_gripper;eef_vz;eef_z;gripper_qpos;gripper_width,teacher_hazard;teacher_phase;teacher_release_safe,eef_vx;eef_vy;eef_x;eef_y,partial_eef_z_only,metadata_only_no_training
libero_10,libero10_kitchen_scene8_put_both_moka_pots_on_the_stove,KITCHEN_SCENE8_put_both_moka_pots_on_the_stove,4,0,official_clean_libero_10_KITCHEN_SCENE8_put_both_moka_pots_on_the_stove,,,multi_object_transfer,,action_gripper;eef_vz;eef_z;gripper_qpos;gripper_width,teacher_hazard;teacher_phase;teacher_release_safe,eef_vx;eef_vy;eef_x;eef_y,partial_eef_z_only,metadata_only_no_training
libero_10,libero10_kitchen_scene8_put_both_moka_pots_on_the_stove,KITCHEN_SCENE8_put_both_moka_pots_on_the_stove,5,0,official_clean_libero_10_KITCHEN_SCENE8_put_both_moka_pots_on_the_stove,,,multi_object_transfer,,action_gripper;eef_vz;eef_z;gripper_qpos;gripper_width,teacher_hazard;teacher_phase;teacher_release_safe,eef_vx;eef_vy;eef_x;eef_y,partial_eef_z_only,metadata_only_no_training
libero_10,libero10_kitchen_scene8_put_both_moka_pots_on_the_stove,KITCHEN_SCENE8_put_both_moka_pots_on_the_stove,6,0,official_clean_libero_10_KITCHEN_SCENE8_put_both_moka_pots_on_the_stove,,,multi_object_transfer,,action_gripper;eef_vz;eef_z;gripper_qpos;gripper_width,teacher_hazard;teacher_phase;teacher_release_safe,eef_vx;eef_vy;eef_x;eef_y,partial_eef_z_only,metadata_only_no_training
libero_10,libero10_kitchen_scene8_put_both_moka_pots_on_the_stove,KITCHEN_SCENE8_put_both_moka_pots_on_the_stove,7,0,official_clean_libero_10_KITCHEN_SCENE8_put_both_moka_pots_on_the_stove,,,multi_object_transfer,,action_gripper;eef_vz;eef_z;gripper_qpos;gripper_width,teacher_hazard;teacher_phase;teacher_release_safe,eef_vx;eef_vy;eef_x;eef_y,partial_eef_z_only,metadata_only_no_training
libero_10,libero10_kitchen_scene8_put_both_moka_pots_on_the_stove,KITCHEN_SCENE8_put_both_moka_pots_on_the_stove,8,0,official_clean_libero_10_KITCHEN_SCENE8_put_both_moka_pots_on_the_stove,,,multi_object_transfer,,action_gripper;eef_vz;eef_z;gripper_qpos;gripper_width,teacher_hazard;teacher_phase;teacher_release_safe,eef_vx;eef_vy;eef_x;eef_y,partial_eef_z_only,metadata_only_no_training
libero_10,libero10_kitchen_scene8_put_both_moka_pots_on_the_stove,KITCHEN_SCENE8_put_both_moka_pots_on_the_stove,9,0,official_clean_libero_10_KITCHEN_SCENE8_put_both_moka_pots_on_the_stove,,,multi_object_transfer,,action_gripper;eef_vz;eef_z;gripper_qpos;gripper_width,teacher_hazard;teacher_phase;teacher_release_safe,eef_vx;eef_vy;eef_x;eef_y,partial_eef_z_only,metadata_only_no_training
libero_10,libero10_living_room_scene2_put_both_the_alphabet_soup_and_the_tomato_sauce_in_the_basket,LIVING_ROOM_SCENE2_put_both_the_alphabet_soup_and_the_tomato_sauce_in_the_basket,0,0,official_clean_libero_10_LIVING_ROOM_SCENE2_put_both_the_alphabet_soup_and_the_tomato_sauce_in_the_basket,,,multi_object_transfer,,action_gripper;eef_vz;eef_z;gripper_qpos;gripper_width,teacher_hazard;teacher_phase;teacher_release_safe,eef_vx;eef_vy;eef_x;eef_y,partial_eef_z_only,metadata_only_no_training
libero_10,libero10_living_room_scene2_put_both_the_alphabet_soup_and_the_tomato_sauce_in_the_basket,LIVING_ROOM_SCENE2_put_both_the_alphabet_soup_and_the_tomato_sauce_in_the_basket,1,0,official_clean_libero_10_LIVING_ROOM_SCENE2_put_both_the_alphabet_soup_and_the_tomato_sauce_in_the_basket,,,multi_object_transfer,,action_gripper;eef_vz;eef_z;gripper_qpos;gripper_width,teacher_hazard;teacher_phase;teacher_release_safe,eef_vx;eef_vy;eef_x;eef_y,partial_eef_z_only,metadata_only_no_training
libero_10,libero10_living_room_scene2_put_both_the_alphabet_soup_and_the_tomato_sauce_in_the_basket,LIVING_ROOM_SCENE2_put_both_the_alphabet_soup_and_the_tomato_sauce_in_the_basket,2,0,official_clean_libero_10_LIVING_ROOM_SCENE2_put_both_the_alphabet_soup_and_the_tomato_sauce_in_the_basket,,,multi_object_transfer,,action_gripper;eef_vz;eef_z;gripper_qpos;gripper_width,teacher_hazard;teacher_phase;teacher_release_safe,eef_vx;eef_vy;eef_x;eef_y,partial_eef_z_only,metadata_only_no_training
libero_10,libero10_living_room_scene2_put_both_the_alphabet_soup_and_the_tomato_sauce_in_the_basket,LIVING_ROOM_SCENE2_put_both_the_alphabet_soup_and_the_tomato_sauce_in_the_basket,3,0,official_clean_libero_10_LIVING_ROOM_SCENE2_put_both_the_alphabet_soup_and_the_tomato_sauce_in_the_basket,,,multi_object_transfer,,action_gripper;eef_vz;eef_z;gripper_qpos;gripper_width,teacher_hazard;teacher_phase;teacher_release_safe,eef_vx;eef_vy;eef_x;eef_y,partial_eef_z_only,metadata_only_no_training
libero_10,libero10_living_room_scene2_put_both_the_alphabet_soup_and_the_tomato_sauce_in_the_basket,LIVING_ROOM_SCENE2_put_both_the_alphabet_soup_and_the_tomato_sauce_in_the_basket,4,0,official_clean_libero_10_LIVING_ROOM_SCENE2_put_both_the_alphabet_soup_and_the_tomato_sauce_in_the_basket,,,multi_object_transfer,,action_gripper;eef_vz;eef_z;gripper_qpos;gripper_width,teacher_hazard;teacher_phase;teacher_release_safe,eef_vx;eef_vy;eef_x;eef_y,partial_eef_z_only,metadata_only_no_training
libero_10,libero10_living_room_scene2_put_both_the_alphabet_soup_and_the_tomato_sauce_in_the_basket,LIVING_ROOM_SCENE2_put_both_the_alphabet_soup_and_the_tomato_sauce_in_the_basket,5,0,official_clean_libero_10_LIVING_ROOM_SCENE2_put_both_the_alphabet_soup_and_the_tomato_sauce_in_the_basket,,,multi_object_transfer,,action_gripper;eef_vz;eef_z;gripper_qpos;gripper_width,teacher_hazard;teacher_phase;teacher_release_safe,eef_vx;eef_vy;eef_x;eef_y,partial_eef_z_only,metadata_only_no_training
libero_10,libero10_living_room_scene2_put_both_the_alphabet_soup_and_the_tomato_sauce_in_the_basket,LIVING_ROOM_SCENE2_put_both_the_alphabet_soup_and_the_tomato_sauce_in_the_basket,6,0,official_clean_libero_10_LIVING_ROOM_SCENE2_put_both_the_alphabet_soup_and_the_tomato_sauce_in_the_basket,,,multi_object_transfer,,action_gripper;eef_vz;eef_z;gripper_qpos;gripper_width,teacher_hazard;teacher_phase;teacher_release_safe,eef_vx;eef_vy;eef_x;eef_y,partial_eef_z_only,metadata_only_no_training
libero_10,libero10_living_room_scene2_put_both_the_alphabet_soup_and_the_tomato_sauce_in_the_basket,LIVING_ROOM_SCENE2_put_both_the_alphabet_soup_and_the_tomato_sauce_in_the_basket,7,0,official_clean_libero_10_LIVING_ROOM_SCENE2_put_both_the_alphabet_soup_and_the_tomato_sauce_in_the_basket,,,multi_object_transfer,,action_gripper;eef_vz;eef_z;gripper_qpos;gripper_width,teacher_hazard;teacher_phase;teacher_release_safe,eef_vx;eef_vy;eef_x;eef_y,partial_eef_z_only,metadata_only_no_training
libero_10,libero10_living_room_scene2_put_both_the_alphabet_soup_and_the_tomato_sauce_in_the_basket,LIVING_ROOM_SCENE2_put_both_the_alphabet_soup_and_the_tomato_sauce_in_the_basket,8,0,official_clean_libero_10_LIVING_ROOM_SCENE2_put_both_the_alphabet_soup_and_the_tomato_sauce_in_the_basket,,,multi_object_transfer,,action_gripper;eef_vz;eef_z;gripper_qpos;gripper_width,teacher_hazard;teacher_phase;teacher_release_safe,eef_vx;eef_vy;eef_x;eef_y,partial_eef_z_only,metadata_only_no_training
libero_10,libero10_living_room_scene2_put_both_the_alphabet_soup_and_the_tomato_sauce_in_the_basket,LIVING_ROOM_SCENE2_put_both_the_alphabet_soup_and_the_tomato_sauce_in_the_basket,9,0,official_clean_libero_10_LIVING_ROOM_SCENE2_put_both_the_alphabet_soup_and_the_tomato_sauce_in_the_basket,,,multi_object_transfer,,action_gripper;eef_vz;eef_z;gripper_qpos;gripper_width,teacher_hazard;teacher_phase;teacher_release_safe,eef_vx;eef_vy;eef_x;eef_y,partial_eef_z_only,metadata_only_no_training
libero_10,libero10_living_room_scene1_put_both_the_alphabet_soup_and_the_cream_cheese_box_in_the_basket,LIVING_ROOM_SCENE1_put_both_the_alphabet_soup_and_the_cream_cheese_box_in_the_basket,0,0,official_clean_libero_10_LIVING_ROOM_SCENE1_put_both_the_alphabet_soup_and_the_cream_cheese_box_in_the_basket,,,multi_object_transfer,,action_gripper;eef_vz;eef_z;gripper_qpos;gripper_width,teacher_hazard;teacher_phase;teacher_release_safe,eef_vx;eef_vy;eef_x;eef_y,partial_eef_z_only,metadata_only_no_training
libero_10,libero10_living_room_scene1_put_both_the_alphabet_soup_and_the_cream_cheese_box_in_the_basket,LIVING_ROOM_SCENE1_put_both_the_alphabet_soup_and_the_cream_cheese_box_in_the_basket,1,0,official_clean_libero_10_LIVING_ROOM_SCENE1_put_both_the_alphabet_soup_and_the_cream_cheese_box_in_the_basket,,,multi_object_transfer,,action_gripper;eef_vz;eef_z;gripper_qpos;gripper_width,teacher_hazard;teacher_phase;teacher_release_safe,eef_vx;eef_vy;eef_x;eef_y,partial_eef_z_only,metadata_only_no_training
libero_10,libero10_living_room_scene1_put_both_the_alphabet_soup_and_the_cream_cheese_box_in_the_basket,LIVING_ROOM_SCENE1_put_both_the_alphabet_soup_and_the_cream_cheese_box_in_the_basket,2,0,official_clean_libero_10_LIVING_ROOM_SCENE1_put_both_the_alphabet_soup_and_the_cream_cheese_box_in_the_basket,,,multi_object_transfer,,action_gripper;eef_vz;eef_z;gripper_qpos;gripper_width,teacher_hazard;teacher_phase;teacher_release_safe,eef_vx;eef_vy;eef_x;eef_y,partial_eef_z_only,metadata_only_no_training
libero_10,libero10_living_room_scene1_put_both_the_alphabet_soup_and_the_cream_cheese_box_in_the_basket,LIVING_ROOM_SCENE1_put_both_the_alphabet_soup_and_the_cream_cheese_box_in_the_basket,3,0,official_clean_libero_10_LIVING_ROOM_SCENE1_put_both_the_alphabet_soup_and_the_cream_cheese_box_in_the_basket,,,multi_object_transfer,,action_gripper;eef_vz;eef_z;gripper_qpos;gripper_width,teacher_hazard;teacher_phase;teacher_release_safe,eef_vx;eef_vy;eef_x;eef_y,partial_eef_z_only,metadata_only_no_training
libero_10,libero10_living_room_scene1_put_both_the_alphabet_soup_and_the_cream_cheese_box_in_the_basket,LIVING_ROOM_SCENE1_put_both_the_alphabet_soup_and_the_cream_cheese_box_in_the_basket,4,0,official_clean_libero_10_LIVING_ROOM_SCENE1_put_both_the_alphabet_soup_and_the_cream_cheese_box_in_the_basket,,,multi_object_transfer,,action_gripper;eef_vz;eef_z;gripper_qpos;gripper_width,teacher_hazard;teacher_phase;teacher_release_safe,eef_vx;eef_vy;eef_x;eef_y,partial_eef_z_only,metadata_only_no_training
libero_10,libero10_living_room_scene1_put_both_the_alphabet_soup_and_the_cream_cheese_box_in_the_basket,LIVING_ROOM_SCENE1_put_both_the_alphabet_soup_and_the_cream_cheese_box_in_the_basket,5,0,official_clean_libero_10_LIVING_ROOM_SCENE1_put_both_the_alphabet_soup_and_the_cream_cheese_box_in_the_basket,,,multi_object_transfer,,action_gripper;eef_vz;eef_z;gripper_qpos;gripper_width,teacher_hazard;teacher_phase;teacher_release_safe,eef_vx;eef_vy;eef_x;eef_y,partial_eef_z_only,metadata_only_no_training
libero_10,libero10_living_room_scene1_put_both_the_alphabet_soup_and_the_cream_cheese_box_in_the_basket,LIVING_ROOM_SCENE1_put_both_the_alphabet_soup_and_the_cream_cheese_box_in_the_basket,6,0,official_clean_libero_10_LIVING_ROOM_SCENE1_put_both_the_alphabet_soup_and_the_cream_cheese_box_in_the_basket,,,multi_object_transfer,,action_gripper;eef_vz;eef_z;gripper_qpos;gripper_width,teacher_hazard;teacher_phase;teacher_release_safe,eef_vx;eef_vy;eef_x;eef_y,partial_eef_z_only,metadata_only_no_training
libero_10,libero10_living_room_scene1_put_both_the_alphabet_soup_and_the_cream_cheese_box_in_the_basket,LIVING_ROOM_SCENE1_put_both_the_alphabet_soup_and_the_cream_cheese_box_in_the_basket,7,0,official_clean_libero_10_LIVING_ROOM_SCENE1_put_both_the_alphabet_soup_and_the_cream_cheese_box_in_the_basket,,,multi_object_transfer,,action_gripper;eef_vz;eef_z;gripper_qpos;gripper_width,teacher_hazard;teacher_phase;teacher_release_safe,eef_vx;eef_vy;eef_x;eef_y,partial_eef_z_only,metadata_only_no_training
libero_10,libero10_living_room_scene1_put_both_the_alphabet_soup_and_the_cream_cheese_box_in_the_basket,LIVING_ROOM_SCENE1_put_both_the_alphabet_soup_and_the_cream_cheese_box_in_the_basket,8,0,official_clean_libero_10_LIVING_ROOM_SCENE1_put_both_the_alphabet_soup_and_the_cream_cheese_box_in_the_basket,,,multi_object_transfer,,action_gripper;eef_vz;eef_z;gripper_qpos;gripper_width,teacher_hazard;teacher_phase;teacher_release_safe,eef_vx;eef_vy;eef_x;eef_y,partial_eef_z_only,metadata_only_no_training
libero_10,libero10_living_room_scene1_put_both_the_alphabet_soup_and_the_cream_cheese_box_in_the_basket,LIVING_ROOM_SCENE1_put_both_the_alphabet_soup_and_the_cream_cheese_box_in_the_basket,9,0,official_clean_libero_10_LIVING_ROOM_SCENE1_put_both_the_alphabet_soup_and_the_cream_cheese_box_in_the_basket,,,multi_object_transfer,,action_gripper;eef_vz;eef_z;gripper_qpos;gripper_width,teacher_hazard;teacher_phase;teacher_release_safe,eef_vx;eef_vy;eef_x;eef_y,partial_eef_z_only,metadata_only_no_training
libero_10,libero10_living_room_scene2_put_both_the_cream_cheese_box_and_the_butter_in_the_basket,LIVING_ROOM_SCENE2_put_both_the_cream_cheese_box_and_the_butter_in_the_basket,0,0,official_clean_libero_10_LIVING_ROOM_SCENE2_put_both_the_cream_cheese_box_and_the_butter_in_the_basket,,,multi_object_transfer,,action_gripper;eef_vz;eef_z;gripper_qpos;gripper_width,teacher_hazard;teacher_phase;teacher_release_safe,eef_vx;eef_vy;eef_x;eef_y,partial_eef_z_only,metadata_only_no_training
libero_10,libero10_living_room_scene2_put_both_the_cream_cheese_box_and_the_butter_in_the_basket,LIVING_ROOM_SCENE2_put_both_the_cream_cheese_box_and_the_butter_in_the_basket,1,0,official_clean_libero_10_LIVING_ROOM_SCENE2_put_both_the_cream_cheese_box_and_the_butter_in_the_basket,,,multi_object_transfer,,action_gripper;eef_vz;eef_z;gripper_qpos;gripper_width,teacher_hazard;teacher_phase;teacher_release_safe,eef_vx;eef_vy;eef_x;eef_y,partial_eef_z_only,metadata_only_no_training
libero_10,libero10_living_room_scene2_put_both_the_cream_cheese_box_and_the_butter_in_the_basket,LIVING_ROOM_SCENE2_put_both_the_cream_cheese_box_and_the_butter_in_the_basket,2,0,official_clean_libero_10_LIVING_ROOM_SCENE2_put_both_the_cream_cheese_box_and_the_butter_in_the_basket,,,multi_object_transfer,,action_gripper;eef_vz;eef_z;gripper_qpos;gripper_width,teacher_hazard;teacher_phase;teacher_release_safe,eef_vx;eef_vy;eef_x;eef_y,partial_eef_z_only,metadata_only_no_training
libero_10,libero10_living_room_scene2_put_both_the_cream_cheese_box_and_the_butter_in_the_basket,LIVING_ROOM_SCENE2_put_both_the_cream_cheese_box_and_the_butter_in_the_basket,3,0,official_clean_libero_10_LIVING_ROOM_SCENE2_put_both_the_cream_cheese_box_and_the_butter_in_the_basket,,,multi_object_transfer,,action_gripper;eef_vz;eef_z;gripper_qpos;gripper_width,teacher_hazard;teacher_phase;teacher_release_safe,eef_vx;eef_vy;eef_x;eef_y,partial_eef_z_only,metadata_only_no_training
libero_10,libero10_living_room_scene2_put_both_the_cream_cheese_box_and_the_butter_in_the_basket,LIVING_ROOM_SCENE2_put_both_the_cream_cheese_box_and_the_butter_in_the_basket,4,0,official_clean_libero_10_LIVING_ROOM_SCENE2_put_both_the_cream_cheese_box_and_the_butter_in_the_basket,,,multi_object_transfer,,action_gripper;eef_vz;eef_z;gripper_qpos;gripper_width,teacher_hazard;teacher_phase;teacher_release_safe,eef_vx;eef_vy;eef_x;eef_y,partial_eef_z_only,metadata_only_no_training
libero_10,libero10_living_room_scene2_put_both_the_cream_cheese_box_and_the_butter_in_the_basket,LIVING_ROOM_SCENE2_put_both_the_cream_cheese_box_and_the_butter_in_the_basket,5,0,official_clean_libero_10_LIVING_ROOM_SCENE2_put_both_the_cream_cheese_box_and_the_butter_in_the_basket,,,multi_object_transfer,,action_gripper;eef_vz;eef_z;gripper_qpos;gripper_width,teacher_hazard;teacher_phase;teacher_release_safe,eef_vx;eef_vy;eef_x;eef_y,partial_eef_z_only,metadata_only_no_training
libero_10,libero10_living_room_scene2_put_both_the_cream_cheese_box_and_the_butter_in_the_basket,LIVING_ROOM_SCENE2_put_both_the_cream_cheese_box_and_the_butter_in_the_basket,6,0,official_clean_libero_10_LIVING_ROOM_SCENE2_put_both_the_cream_cheese_box_and_the_butter_in_the_basket,,,multi_object_transfer,,action_gripper;eef_vz;eef_z;gripper_qpos;gripper_width,teacher_hazard;teacher_phase;teacher_release_safe,eef_vx;eef_vy;eef_x;eef_y,partial_eef_z_only,metadata_only_no_training
libero_10,libero10_living_room_scene2_put_both_the_cream_cheese_box_and_the_butter_in_the_basket,LIVING_ROOM_SCENE2_put_both_the_cream_cheese_box_and_the_butter_in_the_basket,7,0,official_clean_libero_10_LIVING_ROOM_SCENE2_put_both_the_cream_cheese_box_and_the_butter_in_the_basket,,,multi_object_transfer,,action_gripper;eef_vz;eef_z;gripper_qpos;gripper_width,teacher_hazard;teacher_phase;teacher_release_safe,eef_vx;eef_vy;eef_x;eef_y,partial_eef_z_only,metadata_only_no_training
libero_10,libero10_living_room_scene2_put_both_the_cream_cheese_box_and_the_butter_in_the_basket,LIVING_ROOM_SCENE2_put_both_the_cream_cheese_box_and_the_butter_in_the_basket,8,0,official_clean_libero_10_LIVING_ROOM_SCENE2_put_both_the_cream_cheese_box_and_the_butter_in_the_basket,,,multi_object_transfer,,action_gripper;eef_vz;eef_z;gripper_qpos;gripper_width,teacher_hazard;teacher_phase;teacher_release_safe,eef_vx;eef_vy;eef_x;eef_y,partial_eef_z_only,metadata_only_no_training
libero_10,libero10_living_room_scene2_put_both_the_cream_cheese_box_and_the_butter_in_the_basket,LIVING_ROOM_SCENE2_put_both_the_cream_cheese_box_and_the_butter_in_the_basket,9,0,official_clean_libero_10_LIVING_ROOM_SCENE2_put_both_the_cream_cheese_box_and_the_butter_in_the_basket,,,multi_object_transfer,,action_gripper;eef_vz;eef_z;gripper_qpos;gripper_width,teacher_hazard;teacher_phase;teacher_release_safe,eef_vx;eef_vy;eef_x;eef_y,partial_eef_z_only,metadata_only_no_training
libero_10,libero10_living_room_scene6_put_the_white_mug_on_the_plate_and_put_the_chocolate_pudding_to_the_right_of_the_plate,LIVING_ROOM_SCENE6_put_the_white_mug_on_the_plate_and_put_the_chocolate_pudding_to_the_right_of_the_plate,0,0,official_clean_libero_10_LIVING_ROOM_SCENE6_put_the_white_mug_on_the_plate_and_put_the_chocolate_pudding_to_the_right_of_the_plate,,,multi_object_transfer,,action_gripper;eef_vz;eef_z;gripper_qpos;gripper_width,teacher_hazard;teacher_phase;teacher_release_safe,eef_vx;eef_vy;eef_x;eef_y,partial_eef_z_only,metadata_only_no_training
libero_10,libero10_living_room_scene6_put_the_white_mug_on_the_plate_and_put_the_chocolate_pudding_to_the_right_of_the_plate,LIVING_ROOM_SCENE6_put_the_white_mug_on_the_plate_and_put_the_chocolate_pudding_to_the_right_of_the_plate,1,0,official_clean_libero_10_LIVING_ROOM_SCENE6_put_the_white_mug_on_the_plate_and_put_the_chocolate_pudding_to_the_right_of_the_plate,,,multi_object_transfer,,action_gripper;eef_vz;eef_z;gripper_qpos;gripper_width,teacher_hazard;teacher_phase;teacher_release_safe,eef_vx;eef_vy;eef_x;eef_y,partial_eef_z_only,metadata_only_no_training
libero_10,libero10_living_room_scene6_put_the_white_mug_on_the_plate_and_put_the_chocolate_pudding_to_the_right_of_the_plate,LIVING_ROOM_SCENE6_put_the_white_mug_on_the_plate_and_put_the_chocolate_pudding_to_the_right_of_the_plate,2,0,official_clean_libero_10_LIVING_ROOM_SCENE6_put_the_white_mug_on_the_plate_and_put_the_chocolate_pudding_to_the_right_of_the_plate,,,multi_object_transfer,,action_gripper;eef_vz;eef_z;gripper_qpos;gripper_width,teacher_hazard;teacher_phase;teacher_release_safe,eef_vx;eef_vy;eef_x;eef_y,partial_eef_z_only,metadata_only_no_training
libero_10,libero10_living_room_scene6_put_the_white_mug_on_the_plate_and_put_the_chocolate_pudding_to_the_right_of_the_plate,LIVING_ROOM_SCENE6_put_the_white_mug_on_the_plate_and_put_the_chocolate_pudding_to_the_right_of_the_plate,3,0,official_clean_libero_10_LIVING_ROOM_SCENE6_put_the_white_mug_on_the_plate_and_put_the_chocolate_pudding_to_the_right_of_the_plate,,,multi_object_transfer,,action_gripper;eef_vz;eef_z;gripper_qpos;gripper_width,teacher_hazard;teacher_phase;teacher_release_safe,eef_vx;eef_vy;eef_x;eef_y,partial_eef_z_only,metadata_only_no_training
libero_10,libero10_living_room_scene6_put_the_white_mug_on_the_plate_and_put_the_chocolate_pudding_to_the_right_of_the_plate,LIVING_ROOM_SCENE6_put_the_white_mug_on_the_plate_and_put_the_chocolate_pudding_to_the_right_of_the_plate,4,0,official_clean_libero_10_LIVING_ROOM_SCENE6_put_the_white_mug_on_the_plate_and_put_the_chocolate_pudding_to_the_right_of_the_plate,,,multi_object_transfer,,action_gripper;eef_vz;eef_z;gripper_qpos;gripper_width,teacher_hazard;teacher_phase;teacher_release_safe,eef_vx;eef_vy;eef_x;eef_y,partial_eef_z_only,metadata_only_no_training
libero_10,libero10_living_room_scene6_put_the_white_mug_on_the_plate_and_put_the_chocolate_pudding_to_the_right_of_the_plate,LIVING_ROOM_SCENE6_put_the_white_mug_on_the_plate_and_put_the_chocolate_pudding_to_the_right_of_the_plate,5,0,official_clean_libero_10_LIVING_ROOM_SCENE6_put_the_white_mug_on_the_plate_and_put_the_chocolate_pudding_to_the_right_of_the_plate,,,multi_object_transfer,,action_gripper;eef_vz;eef_z;gripper_qpos;gripper_width,teacher_hazard;teacher_phase;teacher_release_safe,eef_vx;eef_vy;eef_x;eef_y,partial_eef_z_only,metadata_only_no_training
libero_10,libero10_living_room_scene6_put_the_white_mug_on_the_plate_and_put_the_chocolate_pudding_to_the_right_of_the_plate,LIVING_ROOM_SCENE6_put_the_white_mug_on_the_plate_and_put_the_chocolate_pudding_to_the_right_of_the_plate,6,0,official_clean_libero_10_LIVING_ROOM_SCENE6_put_the_white_mug_on_the_plate_and_put_the_chocolate_pudding_to_the_right_of_the_plate,,,multi_object_transfer,,action_gripper;eef_vz;eef_z;gripper_qpos;gripper_width,teacher_hazard;teacher_phase;teacher_release_safe,eef_vx;eef_vy;eef_x;eef_y,partial_eef_z_only,metadata_only_no_training
libero_10,libero10_living_room_scene6_put_the_white_mug_on_the_plate_and_put_the_chocolate_pudding_to_the_right_of_the_plate,LIVING_ROOM_SCENE6_put_the_white_mug_on_the_plate_and_put_the_chocolate_pudding_to_the_right_of_the_plate,7,0,official_clean_libero_10_LIVING_ROOM_SCENE6_put_the_white_mug_on_the_plate_and_put_the_chocolate_pudding_to_the_right_of_the_plate,,,multi_object_transfer,,action_gripper;eef_vz;eef_z;gripper_qpos;gripper_width,teacher_hazard;teacher_phase;teacher_release_safe,eef_vx;eef_vy;eef_x;eef_y,partial_eef_z_only,metadata_only_no_training
libero_10,libero10_living_room_scene6_put_the_white_mug_on_the_plate_and_put_the_chocolate_pudding_to_the_right_of_the_plate,LIVING_ROOM_SCENE6_put_the_white_mug_on_the_plate_and_put_the_chocolate_pudding_to_the_right_of_the_plate,8,0,official_clean_libero_10_LIVING_ROOM_SCENE6_put_the_white_mug_on_the_plate_and_put_the_chocolate_pudding_to_the_right_of_the_plate,,,multi_object_transfer,,action_gripper;eef_vz;eef_z;gripper_qpos;gripper_width,teacher_hazard;teacher_phase;teacher_release_safe,eef_vx;eef_vy;eef_x;eef_y,partial_eef_z_only,metadata_only_no_training
libero_10,libero10_living_room_scene6_put_the_white_mug_on_the_plate_and_put_the_chocolate_pudding_to_the_right_of_the_plate,LIVING_ROOM_SCENE6_put_the_white_mug_on_the_plate_and_put_the_chocolate_pudding_to_the_right_of_the_plate,9,0,official_clean_libero_10_LIVING_ROOM_SCENE6_put_the_white_mug_on_the_plate_and_put_the_chocolate_pudding_to_the_right_of_the_plate,,,multi_object_transfer,,action_gripper;eef_vz;eef_z;gripper_qpos;gripper_width,teacher_hazard;teacher_phase;teacher_release_safe,eef_vx;eef_vy;eef_x;eef_y,partial_eef_z_only,metadata_only_no_training
libero_10,libero10_study_scene1_pick_up_the_book_and_place_it_in_the_back_compartment_of_the_caddy,STUDY_SCENE1_pick_up_the_book_and_place_it_in_the_back_compartment_of_the_caddy,0,0,official_clean_libero_10_STUDY_SCENE1_pick_up_the_book_and_place_it_in_the_back_compartment_of_the_caddy,,,pick_place_transfer,,action_gripper;eef_vz;eef_z;gripper_qpos;gripper_width,teacher_hazard;teacher_phase;teacher_release_safe,eef_vx;eef_vy;eef_x;eef_y,partial_eef_z_only,metadata_only_no_training
libero_10,libero10_study_scene1_pick_up_the_book_and_place_it_in_the_back_compartment_of_the_caddy,STUDY_SCENE1_pick_up_the_book_and_place_it_in_the_back_compartment_of_the_caddy,1,0,official_clean_libero_10_STUDY_SCENE1_pick_up_the_book_and_place_it_in_the_back_compartment_of_the_caddy,,,pick_place_transfer,,action_gripper;eef_vz;eef_z;gripper_qpos;gripper_width,teacher_hazard;teacher_phase;teacher_release_safe,eef_vx;eef_vy;eef_x;eef_y,partial_eef_z_only,metadata_only_no_training
libero_10,libero10_study_scene1_pick_up_the_book_and_place_it_in_the_back_compartment_of_the_caddy,STUDY_SCENE1_pick_up_the_book_and_place_it_in_the_back_compartment_of_the_caddy,2,0,official_clean_libero_10_STUDY_SCENE1_pick_up_the_book_and_place_it_in_the_back_compartment_of_the_caddy,,,pick_place_transfer,,action_gripper;eef_vz;eef_z;gripper_qpos;gripper_width,teacher_hazard;teacher_phase;teacher_release_safe,eef_vx;eef_vy;eef_x;eef_y,partial_eef_z_only,metadata_only_no_training
libero_10,libero10_study_scene1_pick_up_the_book_and_place_it_in_the_back_compartment_of_the_caddy,STUDY_SCENE1_pick_up_the_book_and_place_it_in_the_back_compartment_of_the_caddy,3,0,official_clean_libero_10_STUDY_SCENE1_pick_up_the_book_and_place_it_in_the_back_compartment_of_the_caddy,,,pick_place_transfer,,action_gripper;eef_vz;eef_z;gripper_qpos;gripper_width,teacher_hazard;teacher_phase;teacher_release_safe,eef_vx;eef_vy;eef_x;eef_y,partial_eef_z_only,metadata_only_no_training
libero_10,libero10_study_scene1_pick_up_the_book_and_place_it_in_the_back_compartment_of_the_caddy,STUDY_SCENE1_pick_up_the_book_and_place_it_in_the_back_compartment_of_the_caddy,4,0,official_clean_libero_10_STUDY_SCENE1_pick_up_the_book_and_place_it_in_the_back_compartment_of_the_caddy,,,pick_place_transfer,,action_gripper;eef_vz;eef_z;gripper_qpos;gripper_width,teacher_hazard;teacher_phase;teacher_release_safe,eef_vx;eef_vy;eef_x;eef_y,partial_eef_z_only,metadata_only_no_training
libero_10,libero10_study_scene1_pick_up_the_book_and_place_it_in_the_back_compartment_of_the_caddy,STUDY_SCENE1_pick_up_the_book_and_place_it_in_the_back_compartment_of_the_caddy,5,0,official_clean_libero_10_STUDY_SCENE1_pick_up_the_book_and_place_it_in_the_back_compartment_of_the_caddy,,,pick_place_transfer,,action_gripper;eef_vz;eef_z;gripper_qpos;gripper_width,teacher_hazard;teacher_phase;teacher_release_safe,eef_vx;eef_vy;eef_x;eef_y,partial_eef_z_only,metadata_only_no_training
libero_10,libero10_study_scene1_pick_up_the_book_and_place_it_in_the_back_compartment_of_the_caddy,STUDY_SCENE1_pick_up_the_book_and_place_it_in_the_back_compartment_of_the_caddy,6,0,official_clean_libero_10_STUDY_SCENE1_pick_up_the_book_and_place_it_in_the_back_compartment_of_the_caddy,,,pick_place_transfer,,action_gripper;eef_vz;eef_z;gripper_qpos;gripper_width,teacher_hazard;teacher_phase;teacher_release_safe,eef_vx;eef_vy;eef_x;eef_y,partial_eef_z_only,metadata_only_no_training
libero_10,libero10_study_scene1_pick_up_the_book_and_place_it_in_the_back_compartment_of_the_caddy,STUDY_SCENE1_pick_up_the_book_and_place_it_in_the_back_compartment_of_the_caddy,7,0,official_clean_libero_10_STUDY_SCENE1_pick_up_the_book_and_place_it_in_the_back_compartment_of_the_caddy,,,pick_place_transfer,,action_gripper;eef_vz;eef_z;gripper_qpos;gripper_width,teacher_hazard;teacher_phase;teacher_release_safe,eef_vx;eef_vy;eef_x;eef_y,partial_eef_z_only,metadata_only_no_training
libero_10,libero10_study_scene1_pick_up_the_book_and_place_it_in_the_back_compartment_of_the_caddy,STUDY_SCENE1_pick_up_the_book_and_place_it_in_the_back_compartment_of_the_caddy,8,0,official_clean_libero_10_STUDY_SCENE1_pick_up_the_book_and_place_it_in_the_back_compartment_of_the_caddy,,,pick_place_transfer,,action_gripper;eef_vz;eef_z;gripper_qpos;gripper_width,teacher_hazard;teacher_phase;teacher_release_safe,eef_vx;eef_vy;eef_x;eef_y,partial_eef_z_only,metadata_only_no_training
libero_10,libero10_study_scene1_pick_up_the_book_and_place_it_in_the_back_compartment_of_the_caddy,STUDY_SCENE1_pick_up_the_book_and_place_it_in_the_back_compartment_of_the_caddy,9,0,official_clean_libero_10_STUDY_SCENE1_pick_up_the_book_and_place_it_in_the_back_compartment_of_the_caddy,,,pick_place_transfer,,action_gripper;eef_vz;eef_z;gripper_qpos;gripper_width,teacher_hazard;teacher_phase;teacher_release_safe,eef_vx;eef_vy;eef_x;eef_y,partial_eef_z_only,metadata_only_no_training
libero_10,libero10_living_room_scene5_put_the_white_mug_on_the_left_plate_and_put_the_yellow_and_white_mug_on_the_right_plate,LIVING_ROOM_SCENE5_put_the_white_mug_on_the_left_plate_and_put_the_yellow_and_white_mug_on_the_right_plate,0,0,official_clean_libero_10_LIVING_ROOM_SCENE5_put_the_white_mug_on_the_left_plate_and_put_the_yellow_and_white_mug_on_the_right_plate,,,multi_object_transfer,,action_gripper;eef_vz;eef_z;gripper_qpos;gripper_width,teacher_hazard;teacher_phase;teacher_release_safe,eef_vx;eef_vy;eef_x;eef_y,partial_eef_z_only,metadata_only_no_training
libero_10,libero10_living_room_scene5_put_the_white_mug_on_the_left_plate_and_put_the_yellow_and_white_mug_on_the_right_plate,LIVING_ROOM_SCENE5_put_the_white_mug_on_the_left_plate_and_put_the_yellow_and_white_mug_on_the_right_plate,1,0,official_clean_libero_10_LIVING_ROOM_SCENE5_put_the_white_mug_on_the_left_plate_and_put_the_yellow_and_white_mug_on_the_right_plate,,,multi_object_transfer,,action_gripper;eef_vz;eef_z;gripper_qpos;gripper_width,teacher_hazard;teacher_phase;teacher_release_safe,eef_vx;eef_vy;eef_x;eef_y,partial_eef_z_only,metadata_only_no_training
libero_10,libero10_living_room_scene5_put_the_white_mug_on_the_left_plate_and_put_the_yellow_and_white_mug_on_the_right_plate,LIVING_ROOM_SCENE5_put_the_white_mug_on_the_left_plate_and_put_the_yellow_and_white_mug_on_the_right_plate,2,0,official_clean_libero_10_LIVING_ROOM_SCENE5_put_the_white_mug_on_the_left_plate_and_put_the_yellow_and_white_mug_on_the_right_plate,,,multi_object_transfer,,action_gripper;eef_vz;eef_z;gripper_qpos;gripper_width,teacher_hazard;teacher_phase;teacher_release_safe,eef_vx;eef_vy;eef_x;eef_y,partial_eef_z_only,metadata_only_no_training
libero_10,libero10_living_room_scene5_put_the_white_mug_on_the_left_plate_and_put_the_yellow_and_white_mug_on_the_right_plate,LIVING_ROOM_SCENE5_put_the_white_mug_on_the_left_plate_and_put_the_yellow_and_white_mug_on_the_right_plate,3,0,official_clean_libero_10_LIVING_ROOM_SCENE5_put_the_white_mug_on_the_left_plate_and_put_the_yellow_and_white_mug_on_the_right_plate,,,multi_object_transfer,,action_gripper;eef_vz;eef_z;gripper_qpos;gripper_width,teacher_hazard;teacher_phase;teacher_release_safe,eef_vx;eef_vy;eef_x;eef_y,partial_eef_z_only,metadata_only_no_training
libero_10,libero10_living_room_scene5_put_the_white_mug_on_the_left_plate_and_put_the_yellow_and_white_mug_on_the_right_plate,LIVING_ROOM_SCENE5_put_the_white_mug_on_the_left_plate_and_put_the_yellow_and_white_mug_on_the_right_plate,4,0,official_clean_libero_10_LIVING_ROOM_SCENE5_put_the_white_mug_on_the_left_plate_and_put_the_yellow_and_white_mug_on_the_right_plate,,,multi_object_transfer,,action_gripper;eef_vz;eef_z;gripper_qpos;gripper_width,teacher_hazard;teacher_phase;teacher_release_safe,eef_vx;eef_vy;eef_x;eef_y,partial_eef_z_only,metadata_only_no_training
libero_10,libero10_living_room_scene5_put_the_white_mug_on_the_left_plate_and_put_the_yellow_and_white_mug_on_the_right_plate,LIVING_ROOM_SCENE5_put_the_white_mug_on_the_left_plate_and_put_the_yellow_and_white_mug_on_the_right_plate,5,0,official_clean_libero_10_LIVING_ROOM_SCENE5_put_the_white_mug_on_the_left_plate_and_put_the_yellow_and_white_mug_on_the_right_plate,,,multi_object_transfer,,action_gripper;eef_vz;eef_z;gripper_qpos;gripper_width,teacher_hazard;teacher_phase;teacher_release_safe,eef_vx;eef_vy;eef_x;eef_y,partial_eef_z_only,metadata_only_no_training
libero_10,libero10_living_room_scene5_put_the_white_mug_on_the_left_plate_and_put_the_yellow_and_white_mug_on_the_right_plate,LIVING_ROOM_SCENE5_put_the_white_mug_on_the_left_plate_and_put_the_yellow_and_white_mug_on_the_right_plate,6,0,official_clean_libero_10_LIVING_ROOM_SCENE5_put_the_white_mug_on_the_left_plate_and_put_the_yellow_and_white_mug_on_the_right_plate,,,multi_object_transfer,,action_gripper;eef_vz;eef_z;gripper_qpos;gripper_width,teacher_hazard;teacher_phase;teacher_release_safe,eef_vx;eef_vy;eef_x;eef_y,partial_eef_z_only,metadata_only_no_training
libero_10,libero10_living_room_scene5_put_the_white_mug_on_the_left_plate_and_put_the_yellow_and_white_mug_on_the_right_plate,LIVING_ROOM_SCENE5_put_the_white_mug_on_the_left_plate_and_put_the_yellow_and_white_mug_on_the_right_plate,7,0,official_clean_libero_10_LIVING_ROOM_SCENE5_put_the_white_mug_on_the_left_plate_and_put_the_yellow_and_white_mug_on_the_right_plate,,,multi_object_transfer,,action_gripper;eef_vz;eef_z;gripper_qpos;gripper_width,teacher_hazard;teacher_phase;teacher_release_safe,eef_vx;eef_vy;eef_x;eef_y,partial_eef_z_only,metadata_only_no_training
libero_10,libero10_living_room_scene5_put_the_white_mug_on_the_left_plate_and_put_the_yellow_and_white_mug_on_the_right_plate,LIVING_ROOM_SCENE5_put_the_white_mug_on_the_left_plate_and_put_the_yellow_and_white_mug_on_the_right_plate,8,0,official_clean_libero_10_LIVING_ROOM_SCENE5_put_the_white_mug_on_the_left_plate_and_put_the_yellow_and_white_mug_on_the_right_plate,,,multi_object_transfer,,action_gripper;eef_vz;eef_z;gripper_qpos;gripper_width,teacher_hazard;teacher_phase;teacher_release_safe,eef_vx;eef_vy;eef_x;eef_y,partial_eef_z_only,metadata_only_no_training
libero_10,libero10_living_room_scene5_put_the_white_mug_on_the_left_plate_and_put_the_yellow_and_white_mug_on_the_right_plate,LIVING_ROOM_SCENE5_put_the_white_mug_on_the_left_plate_and_put_the_yellow_and_white_mug_on_the_right_plate,9,0,official_clean_libero_10_LIVING_ROOM_SCENE5_put_the_white_mug_on_the_left_plate_and_put_the_yellow_and_white_mug_on_the_right_plate,,,multi_object_transfer,,action_gripper;eef_vz;eef_z;gripper_qpos;gripper_width,teacher_hazard;teacher_phase;teacher_release_safe,eef_vx;eef_vy;eef_x;eef_y,partial_eef_z_only,metadata_only_no_training
