episode_path,suite,condition,tier,step_core_complete,features_25d_columns_complete,features_25d_finite_all_rows,detector_fields_complete,sim_state_complete,visual_frames_npz,raw_video_available,privileged_valid,teacher_abstain,same_schema_commit_6379397
/data/liuyu/outputs/rollout_rand7/soup,,RAND_T10,TIER_X_REJECTED,False,False,False,False,False,False,False,False,False,False
/data/liuyu/outputs/rollout_rand7/salad,,RAND_T10,TIER_X_REJECTED,False,False,False,False,False,False,False,False,False,False
/data/liuyu/outputs/rollout_rand7/oj,,RAND_T10,TIER_X_REJECTED,False,False,False,False,False,False,False,False,False,False
/data/liuyu/outputs/rollout_rand7/bbq,,RAND_T10,TIER_X_REJECTED,False,False,False,False,False,False,False,False,False,False
/data/liuyu/outputs/rollout_rand7/tomato,,RAND_T10,TIER_X_REJECTED,False,False,False,False,False,False,False,False,False,False
/data/liuyu/outputs/rollout_rand7/cream,,RAND_T10,TIER_X_REJECTED,False,False,False,False,False,False,False,False,False,False
/data/liuyu/outputs/rollout_rand7/ketchup,,RAND_T10,TIER_X_REJECTED,False,False,False,False,False,False,False,False,False,False
/data/liuyu/outputs/l12_timing_panel_v2_resume_r1/salad_dressing_s24_shadow_attempt1,,CONDITION_UNVERIFIED,TIER_X_REJECTED,False,False,False,False,False,False,False,False,False,False
/data/liuyu/outputs/l12_timing_panel_v2_resume_r1/salad_dressing_s45_shadow_attempt1,,CONDITION_UNVERIFIED,TIER_X_REJECTED,False,False,False,False,False,False,False,False,False,False
/data/liuyu/outputs/l12_timing_panel_v2_resume_r1/tomato_sauce_s23_shadow_attempt2,,CONDITION_UNVERIFIED,TIER_X_REJECTED,False,False,False,False,False,False,False,False,False,False
/data/liuyu/outputs/l12_timing_panel_v2_resume_r1/cream_cheese_s20_shadow_attempt1,,CONDITION_UNVERIFIED,TIER_X_REJECTED,False,False,False,False,False,False,False,False,False,False
/data/liuyu/outputs/l12_timing_panel_v2_resume_r1/butter_s11_shadow_attempt2,,CONDITION_UNVERIFIED,TIER_X_REJECTED,False,False,False,False,False,False,False,False,False,False
/data/liuyu/outputs/l12_timing_panel_v2_resume_r1/salad_dressing_s11_shadow_attempt2,,CONDITION_UNVERIFIED,TIER_X_REJECTED,False,False,False,False,False,False,False,False,False,False
/data/liuyu/outputs/l12_timing_panel_v2_resume_r1/salad_dressing_s11_shadow_attempt1,,CONDITION_UNVERIFIED,TIER_X_REJECTED,False,False,False,False,False,False,False,False,False,False
/data/liuyu/outputs/l12_timing_panel_v2_resume_r1/cream_cheese_s1_shadow_attempt1,,CONDITION_UNVERIFIED,TIER_X_REJECTED,False,False,False,False,False,False,False,False,False,False
/data/liuyu/outputs/l12_timing_panel_v2_resume_r1/ketchup_s34_shadow_attempt1,,CONDITION_UNVERIFIED,TIER_X_REJECTED,False,False,False,False,False,False,False,False,False,False
/data/liuyu/outputs/l12_timing_panel_v2_resume_r1/salad_dressing_s32_shadow_attempt1,,CONDITION_UNVERIFIED,TIER_X_REJECTED,False,False,False,False,False,False,False,False,False,False
/data/liuyu/outputs/repro_black_bowl_strict_guard_20260511/zero_margin_guard_strict_state7_seed1,libero_spatial,CONDITION_UNVERIFIED,TIER_X_REJECTED,False,False,False,False,False,False,False,False,False,False
/data/liuyu/outputs/repro_black_bowl_strict_guard_20260511/clean_guard_strict_state7_seed1,libero_spatial,CLEAN,TIER_X_REJECTED,False,False,False,False,False,False,False,False,False,False
/data/liuyu/outputs/repro_black_bowl_strict_guard_20260511/zero_margin_guard_strict_state7_seed3,libero_spatial,CONDITION_UNVERIFIED,TIER_X_REJECTED,False,False,False,False,False,False,False,False,False,False
/data/liuyu/outputs/repro_black_bowl_strict_guard_20260511/clean_guard_strict_state7_seed2,libero_spatial,CLEAN,TIER_X_REJECTED,False,False,False,False,False,False,False,False,False,False
/data/liuyu/outputs/repro_black_bowl_strict_guard_20260511/oracle_guard_strict_state7_seed2,libero_spatial,CONDITION_UNVERIFIED,TIER_X_REJECTED,False,False,False,False,False,False,False,False,False,False
/data/liuyu/outputs/repro_black_bowl_strict_guard_20260511/vis_guard_strict_state7_seed5,libero_spatial,NON_CLEAN_OR_ATTACK,TIER_X_REJECTED,False,False,False,False,False,False,False,False,False,False
/data/liuyu/outputs/repro_black_bowl_strict_guard_20260511/vis_guard_strict_state7_seed2,libero_spatial,NON_CLEAN_OR_ATTACK,TIER_X_REJECTED,False,False,False,False,False,False,False,False,False,False
/data/liuyu/outputs/repro_black_bowl_strict_guard_20260511/diag_oracle_guard_strict_state7_seed1,libero_spatial,CONDITION_UNVERIFIED,TIER_X_REJECTED,False,False,False,False,False,False,False,False,False,False
/data/liuyu/outputs/repro_black_bowl_strict_guard_20260511/vis_guard_strict_state7_seed4,libero_spatial,NON_CLEAN_OR_ATTACK,TIER_X_REJECTED,False,False,False,False,False,False,False,False,False,False
/data/liuyu/outputs/repro_black_bowl_strict_guard_20260511/zero_margin_guard_strict_state7_seed4,libero_spatial,CONDITION_UNVERIFIED,TIER_X_REJECTED,False,False,False,False,False,False,False,False,False,False
/data/liuyu/outputs/repro_black_bowl_strict_guard_20260511/zero_margin_guard_strict_state7_seed2,libero_spatial,CONDITION_UNVERIFIED,TIER_X_REJECTED,False,False,False,False,False,False,False,False,False,False
/data/liuyu/outputs/repro_black_bowl_strict_guard_20260511/zero_margin_guard_strict_state7_seed1_rerun01,libero_spatial,CONDITION_UNVERIFIED,TIER_X_REJECTED,False,False,False,False,False,False,False,False,False,False
/data/liuyu/outputs/repro_black_bowl_strict_guard_20260511/oracle_guard_strict_state7_seed1,libero_spatial,CONDITION_UNVERIFIED,TIER_X_REJECTED,False,False,False,False,False,False,False,False,False,False
/data/liuyu/outputs/repro_black_bowl_strict_guard_20260511/vis_guard_strict_state7_seed3,libero_spatial,NON_CLEAN_OR_ATTACK,TIER_X_REJECTED,False,False,False,False,False,False,False,False,False,False
/data/liuyu/outputs/repro_black_bowl_strict_guard_20260511/vis_guard_strict_state7_seed1,libero_spatial,NON_CLEAN_OR_ATTACK,TIER_X_REJECTED,False,False,False,False,False,False,False,False,False,False
/data/liuyu/outputs/repro_black_bowl_strict_guard_20260511/oracle_guard_strict_state7_seed1_rerun01,libero_spatial,CONDITION_UNVERIFIED,TIER_X_REJECTED,False,False,False,False,False,False,False,False,False,False
/data/liuyu/outputs/repro_black_bowl_strict_guard_20260511/zero_margin_guard_strict_state7_seed3_rerun01,libero_spatial,CONDITION_UNVERIFIED,TIER_X_REJECTED,False,False,False,False,False,False,False,False,False,False
/data/liuyu/outputs/repro_black_bowl_strict_guard_20260511/zero_margin_guard_strict_state7_seed5,libero_spatial,CONDITION_UNVERIFIED,TIER_X_REJECTED,False,False,False,False,False,False,False,False,False,False
/data/liuyu/outputs/libero_l1b_clean_only_20260521_gpu014526/runs/l1b_object_pick_up_the_ketchup_and_place_it_in_the_basket_state0_seed1_clean,,CLEAN,TIER_X_REJECTED,False,False,False,False,False,False,False,False,False,False
/data/liuyu/outputs/libero_l1b_clean_only_20260521_gpu014526/runs/l1b_goal_put_the_wine_bottle_on_the_rack_state0_seed1_clean,libero_goal,CLEAN,TIER_X_REJECTED,False,False,False,False,False,False,False,False,False,False
/data/liuyu/outputs/libero_l1b_clean_only_20260521_gpu014526/runs/l1b_goal_put_the_wine_bottle_on_top_of_the_cabinet_state0_seed1_clean,libero_goal,CLEAN,TIER_X_REJECTED,False,False,False,False,False,False,False,False,False,False
/data/liuyu/outputs/libero_l1b_clean_only_20260521_gpu014526/runs/l1b_goal_put_the_bowl_on_top_of_the_cabinet_state0_seed1_clean,libero_goal,CLEAN,TIER_X_REJECTED,False,False,False,False,False,False,False,False,False,False
/data/liuyu/outputs/libero_l1b_clean_only_20260521_gpu014526/runs/l1b_goal_put_the_cream_cheese_in_the_bowl_state0_seed1_clean,libero_goal,CLEAN,TIER_X_REJECTED,False,False,False,False,False,False,False,False,False,False
/data/liuyu/outputs/libero_l1b_clean_only_20260521_gpu014526/runs/l1b_object_pick_up_the_bbq_sauce_and_place_it_in_the_basket_state0_seed1_clean,,CLEAN,TIER_X_REJECTED,False,False,False,False,False,False,False,False,False,False
/data/liuyu/outputs/libero_l1b_clean_only_20260521_gpu014526/runs/l1b_goal_put_the_bowl_on_the_plate_state0_seed1_clean,libero_goal,CLEAN,TIER_X_REJECTED,False,False,False,False,False,False,False,False,False,False
/data/liuyu/outputs/libero_l1b_clean_only_20260521_gpu014526/runs/l1b_libero10_kitchen_scene6_put_the_yellow_and_white_mug_in_the_microwave_and_close_it_state0_seed1_clean,libero_10,CLEAN,TIER_X_REJECTED,False,False,False,False,False,False,False,False,False,False
/data/liuyu/outputs/libero_l1b_clean_only_20260521_gpu014526/runs/l1b_goal_put_the_bowl_on_the_stove_state0_seed1_clean,libero_goal,CLEAN,TIER_X_REJECTED,False,False,False,False,False,False,False,False,False,False
/data/liuyu/outputs/d4_3b_panel_f2051d9_r1/milk_s18_reference_attempt1,,CONDITION_UNVERIFIED,TIER_X_REJECTED,False,False,False,False,False,False,False,False,False,False
/data/liuyu/outputs/d4_3b_panel_f2051d9_r1/chocolate_pudding_s7_reference_attempt1,,CONDITION_UNVERIFIED,TIER_X_REJECTED,False,False,False,False,False,False,False,False,False,False
/data/liuyu/outputs/d4_3b_panel_f2051d9_r1/orange_juice_s15_reference_attempt1,,CONDITION_UNVERIFIED,TIER_X_REJECTED,False,False,False,False,False,False,False,False,False,False
/data/liuyu/outputs/d4_3b_panel_f2051d9_r1/butter_s31_reference_attempt1,,CONDITION_UNVERIFIED,TIER_X_REJECTED,False,False,False,False,False,False,False,False,False,False
/data/liuyu/outputs/d4_3b_panel_f2051d9_r1/cream_cheese_s17_reference_attempt1,,CONDITION_UNVERIFIED,TIER_X_REJECTED,False,False,False,False,False,False,False,False,False,False
/data/liuyu/outputs/d4_3b_panel_f2051d9_r1/alphabet_soup_s34_reference_attempt1,,CONDITION_UNVERIFIED,TIER_X_REJECTED,False,False,False,False,False,False,False,False,False,False
/data/liuyu/outputs/d4_3b_panel_f2051d9_r1/ketchup_s8_shadow_attempt1,,CONDITION_UNVERIFIED,TIER_X_REJECTED,False,False,False,False,False,False,False,False,False,False
/data/liuyu/outputs/d4_3b_panel_f2051d9_r1/milk_s18_shadow_attempt1,,CONDITION_UNVERIFIED,TIER_X_REJECTED,False,False,False,False,False,False,False,False,False,False
/data/liuyu/outputs/d4_3b_panel_f2051d9_r1/bbq_sauce_s31_shadow_attempt1,,CONDITION_UNVERIFIED,TIER_X_REJECTED,False,False,False,False,False,False,False,False,False,False
/data/liuyu/outputs/d4_3b_panel_f2051d9_r1/orange_juice_s15_shadow_attempt1,,CONDITION_UNVERIFIED,TIER_X_REJECTED,False,False,False,False,False,False,False,False,False,False
/data/liuyu/outputs/d4_3b_panel_f2051d9_r1/salad_dressing_s9_reference_attempt1,,CONDITION_UNVERIFIED,TIER_X_REJECTED,False,False,False,False,False,False,False,False,False,False
/data/liuyu/outputs/d4_3b_panel_f2051d9_r1/alphabet_soup_s34_shadow_attempt1,,CONDITION_UNVERIFIED,TIER_X_REJECTED,False,False,False,False,False,False,False,False,False,False
/data/liuyu/outputs/d4_3b_panel_f2051d9_r1/chocolate_pudding_s7_shadow_attempt1,,CONDITION_UNVERIFIED,TIER_X_REJECTED,False,False,False,False,False,False,False,False,False,False
/data/liuyu/outputs/d4_3b_panel_f2051d9_r1/ketchup_s8_reference_attempt1,,CONDITION_UNVERIFIED,TIER_X_REJECTED,False,False,False,False,False,False,False,False,False,False
/data/liuyu/outputs/d4_3b_panel_f2051d9_r1/cream_cheese_s17_shadow_attempt1,,CONDITION_UNVERIFIED,TIER_X_REJECTED,False,False,False,False,False,False,False,False,False,False
/data/liuyu/outputs/d4_34_privileged_replay/salad_dressing_s19_shadow_attempt1,,CONDITION_UNVERIFIED,TIER_X_REJECTED,False,False,False,False,False,False,False,False,False,False
/data/liuyu/outputs/d4_34_privileged_replay/bbq_sauce_s48_shadow_attempt1,,CONDITION_UNVERIFIED,TIER_X_REJECTED,False,False,False,False,False,False,False,False,False,False
/data/liuyu/outputs/d4_34_privileged_replay/cream_cheese_s12_shadow_attempt1,,CONDITION_UNVERIFIED,TIER_X_REJECTED,False,False,False,False,False,False,False,False,False,False
/data/liuyu/outputs/d4_34_privileged_replay/milk_s0_shadow_attempt1,,CONDITION_UNVERIFIED,TIER_X_REJECTED,False,False,False,False,False,False,False,False,False,False
/data/liuyu/outputs/d4_34_privileged_replay/butter_s31_shadow_attempt1,,CONDITION_UNVERIFIED,TIER_X_REJECTED,False,False,False,False,False,False,False,False,False,False
/data/liuyu/outputs/d4_34_privileged_replay/tomato_sauce_s8_shadow_attempt1,,CONDITION_UNVERIFIED,TIER_X_REJECTED,False,False,False,False,False,False,False,False,False,False
/data/liuyu/outputs/d4_34_privileged_replay/tomato_sauce_s6_shadow_attempt1,,CONDITION_UNVERIFIED,TIER_X_REJECTED,False,False,False,False,False,False,False,False,False,False
/data/liuyu/outputs/d4_34_privileged_replay/salad_dressing_s9_shadow_attempt1,,CONDITION_UNVERIFIED,TIER_X_REJECTED,False,False,False,False,False,False,False,False,False,False
/data/liuyu/outputs/d4_34_privileged_replay/ketchup_s8_shadow_attempt1,,CONDITION_UNVERIFIED,TIER_X_REJECTED,False,False,False,False,False,False,False,False,False,False
/data/liuyu/outputs/d4_34_privileged_replay/milk_s18_shadow_attempt1,,CONDITION_UNVERIFIED,TIER_X_REJECTED,False,False,False,False,False,False,False,False,False,False
/data/liuyu/outputs/d4_34_privileged_replay/ketchup_s16_shadow_attempt1,,CONDITION_UNVERIFIED,TIER_X_REJECTED,False,False,False,False,False,False,False,False,False,False
/data/liuyu/outputs/d4_34_privileged_replay/bbq_sauce_s31_shadow_attempt1,,CONDITION_UNVERIFIED,TIER_X_REJECTED,False,False,False,False,False,False,False,False,False,False
/data/liuyu/outputs/d4_34_privileged_replay/butter_s9_shadow_attempt1,,CONDITION_UNVERIFIED,TIER_X_REJECTED,False,False,False,False,False,False,False,False,False,False
/data/liuyu/outputs/d4_34_privileged_replay/orange_juice_s15_shadow_attempt1,,CONDITION_UNVERIFIED,TIER_X_REJECTED,False,False,False,False,False,False,False,False,False,False
/data/liuyu/outputs/d4_34_privileged_replay/salad_dressing_s18_shadow_attempt1,,CONDITION_UNVERIFIED,TIER_X_REJECTED,False,False,False,False,False,False,False,False,False,False
/data/liuyu/outputs/d4_34_privileged_replay/alphabet_soup_s34_shadow_attempt1,,CONDITION_UNVERIFIED,TIER_X_REJECTED,False,False,False,False,False,False,False,False,False,False
/data/liuyu/outputs/d4_34_privileged_replay/tomato_sauce_s5_shadow_attempt1,,CONDITION_UNVERIFIED,TIER_X_REJECTED,False,False,False,False,False,False,False,False,False,False
/data/liuyu/outputs/d4_34_privileged_replay/cream_cheese_s30_shadow_attempt1,,CONDITION_UNVERIFIED,TIER_X_REJECTED,False,False,False,False,False,False,False,False,False,False
/data/liuyu/outputs/d4_34_privileged_replay/chocolate_pudding_s7_shadow_attempt1,,CONDITION_UNVERIFIED,TIER_X_REJECTED,False,False,False,False,False,False,False,False,False,False
/data/liuyu/outputs/d4_34_privileged_replay/bbq_sauce_s2_shadow_attempt1,,CONDITION_UNVERIFIED,TIER_X_REJECTED,False,False,False,False,False,False,False,False,False,False
/data/liuyu/outputs/d4_34_privileged_replay/alphabet_soup_s7_shadow_attempt1,,CONDITION_UNVERIFIED,TIER_X_REJECTED,False,False,False,False,False,False,False,False,False,False
/data/liuyu/outputs/d4_34_privileged_replay/butter_s49_shadow_attempt1,,CONDITION_UNVERIFIED,TIER_X_REJECTED,False,False,False,False,False,False,False,False,False,False
/data/liuyu/outputs/d4_34_privileged_replay/salad_dressing_s12_shadow_attempt1,,CONDITION_UNVERIFIED,TIER_X_REJECTED,False,False,False,False,False,False,False,False,False,False
/data/liuyu/outputs/d4_34_privileged_replay/tomato_sauce_s16_shadow_attempt1,,CONDITION_UNVERIFIED,TIER_X_REJECTED,False,False,False,False,False,False,False,False,False,False
/data/liuyu/outputs/d4_34_privileged_replay/orange_juice_s17_shadow_attempt1,,CONDITION_UNVERIFIED,TIER_X_REJECTED,False,False,False,False,False,False,False,False,False,False
/data/liuyu/outputs/d4_34_privileged_replay/milk_s23_shadow_attempt1,,CONDITION_UNVERIFIED,TIER_X_REJECTED,False,False,False,False,False,False,False,False,False,False
/data/liuyu/outputs/d4_34_privileged_replay/bbq_sauce_s36_shadow_attempt1,,CONDITION_UNVERIFIED,TIER_X_REJECTED,False,False,False,False,False,False,False,False,False,False
/data/liuyu/outputs/d4_34_privileged_replay/chocolate_pudding_s15_shadow_attempt1,,CONDITION_UNVERIFIED,TIER_X_REJECTED,False,False,False,False,False,False,False,False,False,False
/data/liuyu/outputs/d4_34_privileged_replay/ketchup_s29_shadow_attempt1,,CONDITION_UNVERIFIED,TIER_X_REJECTED,False,False,False,False,False,False,False,False,False,False
/data/liuyu/outputs/d4_34_privileged_replay/orange_juice_s48_shadow_attempt1,,CONDITION_UNVERIFIED,TIER_X_REJECTED,False,False,False,False,False,False,False,False,False,False
/data/liuyu/outputs/d4_34_privileged_replay/chocolate_pudding_s27_shadow_attempt1,,CONDITION_UNVERIFIED,TIER_X_REJECTED,False,False,False,False,False,False,False,False,False,False
/data/liuyu/outputs/d4_34_privileged_replay/milk_s1_shadow_attempt1,,CONDITION_UNVERIFIED,TIER_X_REJECTED,False,False,False,False,False,False,False,False,False,False
/data/liuyu/outputs/d4_34_privileged_replay/cream_cheese_s17_shadow_attempt1,,CONDITION_UNVERIFIED,TIER_X_REJECTED,False,False,False,False,False,False,False,False,False,False
/data/liuyu/outputs/d4_34_privileged_replay/alphabet_soup_s11_shadow_attempt1,,CONDITION_UNVERIFIED,TIER_X_REJECTED,False,False,False,False,False,False,False,False,False,False
/data/liuyu/outputs/d4_sidecar_smoke_off_v2/salad_dressing_s19_shadow_attempt1,,CONDITION_UNVERIFIED,TIER_X_REJECTED,False,False,False,False,False,False,False,False,False,False
/data/liuyu/outputs/d4_sidecar_smoke_off_v2/milk_s23_shadow_attempt1,,CONDITION_UNVERIFIED,TIER_X_REJECTED,False,False,False,False,False,False,False,False,False,False
/data/liuyu/outputs/bowl_plate_targeted_vis_states123_parallel_static_20260522/runs/bowl_plate_state2_VIS_gripper_open_region_ce,libero_goal,NON_CLEAN_OR_ATTACK,TIER_X_REJECTED,False,False,False,False,False,False,False,False,False,False
/data/liuyu/outputs/bowl_plate_targeted_vis_states123_parallel_static_20260522/runs/bowl_plate_state1_VIS_current,libero_goal,NON_CLEAN_OR_ATTACK,TIER_X_REJECTED,False,False,False,False,False,False,False,False,False,False
/data/liuyu/outputs/bowl_plate_targeted_vis_states123_parallel_static_20260522/runs/bowl_plate_state3_best_VIS_gripper_targeted_stronger,libero_goal,NON_CLEAN_OR_ATTACK,TIER_X_REJECTED,False,False,False,False,False,False,False,False,False,False
/data/liuyu/outputs/bowl_plate_targeted_vis_states123_parallel_static_20260522/runs/bowl_plate_state1_random_same_budget,libero_goal,NON_CLEAN_OR_ATTACK,TIER_X_REJECTED,False,False,False,False,False,False,False,False,False,False
/data/liuyu/outputs/bowl_plate_targeted_vis_states123_parallel_static_20260522/runs/bowl_plate_state2_random_same_budget,libero_goal,NON_CLEAN_OR_ATTACK,TIER_X_REJECTED,False,False,False,False,False,False,False,False,False,False
/data/liuyu/outputs/bowl_plate_targeted_vis_states123_parallel_static_20260522/runs/bowl_plate_state1_clean_repeat,libero_goal,CLEAN,TIER_X_REJECTED,False,False,False,False,False,False,False,False,False,False
/data/liuyu/outputs/bowl_plate_targeted_vis_states123_parallel_static_20260522/runs/bowl_plate_state3_VIS_current,libero_goal,NON_CLEAN_OR_ATTACK,TIER_X_REJECTED,False,False,False,False,False,False,False,False,False,False
/data/liuyu/outputs/bowl_plate_targeted_vis_states123_parallel_static_20260522/runs/bowl_plate_state2_best_VIS_gripper_targeted_stronger,libero_goal,NON_CLEAN_OR_ATTACK,TIER_X_REJECTED,False,False,False,False,False,False,False,False,False,False
/data/liuyu/outputs/bowl_plate_targeted_vis_states123_parallel_static_20260522/runs/bowl_plate_state2_clean_repeat,libero_goal,CLEAN,TIER_X_REJECTED,False,False,False,False,False,False,False,False,False,False
/data/liuyu/outputs/bowl_plate_targeted_vis_states123_parallel_static_20260522/runs/bowl_plate_state1_best_VIS_gripper_targeted_stronger,libero_goal,NON_CLEAN_OR_ATTACK,TIER_X_REJECTED,False,False,False,False,False,False,False,False,False,False
/data/liuyu/outputs/bowl_plate_targeted_vis_states123_parallel_static_20260522/runs/bowl_plate_state3_clean_repeat,libero_goal,CLEAN,TIER_X_REJECTED,False,False,False,False,False,False,False,False,False,False
/data/liuyu/outputs/bowl_plate_targeted_vis_states123_parallel_static_20260522/runs/bowl_plate_state1_VIS_gripper_open_region_ce,libero_goal,NON_CLEAN_OR_ATTACK,TIER_X_REJECTED,False,False,False,False,False,False,False,False,False,False
/data/liuyu/outputs/bowl_plate_targeted_vis_states123_parallel_static_20260522/runs/bowl_plate_state3_VIS_gripper_open_region_ce,libero_goal,NON_CLEAN_OR_ATTACK,TIER_X_REJECTED,False,False,False,False,False,False,False,False,False,False
/data/liuyu/outputs/bowl_plate_targeted_vis_states123_parallel_static_20260522/runs/bowl_plate_state1_command_open_0.75_reference,libero_goal,NON_CLEAN_OR_ATTACK,TIER_X_REJECTED,False,False,False,False,False,False,False,False,False,False
/data/liuyu/outputs/bowl_plate_targeted_vis_states123_parallel_static_20260522/runs/bowl_plate_state2_VIS_current,libero_goal,NON_CLEAN_OR_ATTACK,TIER_X_REJECTED,False,False,False,False,False,False,False,False,False,False
/data/liuyu/outputs/bowl_plate_targeted_vis_states123_parallel_static_20260522/runs/bowl_plate_state3_random_same_budget,libero_goal,NON_CLEAN_OR_ATTACK,TIER_X_REJECTED,False,False,False,False,False,False,False,False,False,False
/data/liuyu/outputs/bowl_plate_targeted_vis_states123_parallel_static_20260522/runs/bowl_plate_state2_command_open_0.75_reference,libero_goal,NON_CLEAN_OR_ATTACK,TIER_X_REJECTED,False,False,False,False,False,False,False,False,False,False
/data/liuyu/outputs/bowl_plate_targeted_vis_states123_parallel_static_20260522/runs/bowl_plate_state3_command_open_0.75_reference,libero_goal,NON_CLEAN_OR_ATTACK,TIER_X_REJECTED,False,False,False,False,False,False,False,False,False,False
/data/liuyu/outputs/milestone_3a_crosssuite_proprio_shadow_20260531/runs/libero_goal/cs_goal_t9_put_the_wine_bottle_on_the_rack_s0,libero_goal,CONDITION_UNVERIFIED,TIER_X_REJECTED,False,False,False,False,False,False,False,False,False,False
/data/liuyu/outputs/milestone_3a_crosssuite_proprio_shadow_20260531/runs/libero_goal/cs_goal_t8_put_the_bowl_on_the_plate_s0,libero_goal,CONDITION_UNVERIFIED,TIER_X_REJECTED,False,False,False,False,False,False,False,False,False,False
/data/liuyu/outputs/milestone_3a_crosssuite_proprio_shadow_20260531/runs/libero_goal/cs_goal_t9_put_the_wine_bottle_on_the_rack_s1,libero_goal,CONDITION_UNVERIFIED,TIER_X_REJECTED,False,False,False,False,False,False,False,False,False,False
/data/liuyu/outputs/milestone_3a_crosssuite_proprio_shadow_20260531/runs/libero_goal/cs_goal_t4_put_the_bowl_on_top_of_the_cabinet_s1,libero_goal,CONDITION_UNVERIFIED,TIER_X_REJECTED,False,False,False,False,False,False,False,False,False,False
/data/liuyu/outputs/milestone_3a_crosssuite_proprio_shadow_20260531/runs/libero_goal/cs_goal_t2_put_the_wine_bottle_on_top_of_the_cabinet_s0,libero_goal,CONDITION_UNVERIFIED,TIER_X_REJECTED,False,False,False,False,False,False,False,False,False,False
/data/liuyu/outputs/milestone_3a_crosssuite_proprio_shadow_20260531/runs/libero_goal/cs_goal_t1_put_the_bowl_on_the_stove_s1,libero_goal,CONDITION_UNVERIFIED,TIER_X_REJECTED,False,False,False,False,False,False,False,False,False,False
/data/liuyu/outputs/milestone_3a_crosssuite_proprio_shadow_20260531/runs/libero_goal/cs_goal_t6_put_the_cream_cheese_in_the_bowl_s1,libero_goal,CONDITION_UNVERIFIED,TIER_X_REJECTED,False,False,False,False,False,False,False,False,False,False
/data/liuyu/outputs/milestone_3a_crosssuite_proprio_shadow_20260531/runs/libero_goal/cs_goal_t1_put_the_bowl_on_the_stove_s0,libero_goal,CONDITION_UNVERIFIED,TIER_X_REJECTED,False,False,False,False,False,False,False,False,False,False
/data/liuyu/outputs/milestone_3a_crosssuite_proprio_shadow_20260531/runs/libero_goal/cs_goal_t6_put_the_cream_cheese_in_the_bowl_s0,libero_goal,CONDITION_UNVERIFIED,TIER_X_REJECTED,False,False,False,False,False,False,False,False,False,False
/data/liuyu/outputs/milestone_3a_crosssuite_proprio_shadow_20260531/runs/libero_goal/cs_goal_t4_put_the_bowl_on_top_of_the_cabinet_s0,libero_goal,CONDITION_UNVERIFIED,TIER_X_REJECTED,False,False,False,False,False,False,False,False,False,False
/data/liuyu/outputs/milestone_3a_crosssuite_proprio_shadow_20260531/runs/libero_goal/cs_goal_t8_put_the_bowl_on_the_plate_s1,libero_goal,CONDITION_UNVERIFIED,TIER_X_REJECTED,False,False,False,False,False,False,False,False,False,False
/data/liuyu/outputs/milestone_3a_crosssuite_proprio_shadow_20260531/runs/libero_goal/cs_goal_t2_put_the_wine_bottle_on_top_of_the_cabinet_s1,libero_goal,CONDITION_UNVERIFIED,TIER_X_REJECTED,False,False,False,False,False,False,False,False,False,False
/data/liuyu/outputs/milestone_3a_crosssuite_proprio_shadow_20260531/runs/libero_spatial/cs_spatial_t6_black_bowl_next_to_the_cookie_box_and_place_it_on_the_plate_s1,libero_spatial,CONDITION_UNVERIFIED,TIER_X_REJECTED,False,False,False,False,False,False,False,False,False,False
/data/liuyu/outputs/milestone_3a_crosssuite_proprio_shadow_20260531/runs/libero_spatial/cs_spatial_t8_black_bowl_next_to_the_plate_and_place_it_on_the_plate_s1,libero_spatial,CONDITION_UNVERIFIED,TIER_X_REJECTED,False,False,False,False,False,False,False,False,False,False
/data/liuyu/outputs/milestone_3a_crosssuite_proprio_shadow_20260531/runs/libero_spatial/cs_spatial_t4_black_bowl_in_the_top_drawer_of_the_wooden_cabinet_and_place_it_on_the_plate_s0,libero_spatial,CONDITION_UNVERIFIED,TIER_X_REJECTED,False,False,False,False,False,False,False,False,False,False
/data/liuyu/outputs/milestone_3a_crosssuite_proprio_shadow_20260531/runs/libero_spatial/cs_spatial_t4_black_bowl_in_the_top_drawer_of_the_wooden_cabinet_and_place_it_on_the_plate_s1,libero_spatial,CONDITION_UNVERIFIED,TIER_X_REJECTED,False,False,False,False,False,False,False,False,False,False
/data/liuyu/outputs/milestone_3a_crosssuite_proprio_shadow_20260531/runs/libero_spatial/cs_spatial_t6_black_bowl_next_to_the_cookie_box_and_place_it_on_the_plate_s0,libero_spatial,CONDITION_UNVERIFIED,TIER_X_REJECTED,False,False,False,False,False,False,False,False,False,False
/data/liuyu/outputs/milestone_3a_crosssuite_proprio_shadow_20260531/runs/libero_spatial/cs_spatial_t3_black_bowl_on_the_cookie_box_and_place_it_on_the_plate_s1,libero_spatial,CONDITION_UNVERIFIED,TIER_X_REJECTED,False,False,False,False,False,False,False,False,False,False
/data/liuyu/outputs/milestone_3a_crosssuite_proprio_shadow_20260531/runs/libero_spatial/cs_spatial_t2_black_bowl_from_table_center_and_place_it_on_the_plate_s1,libero_spatial,CONDITION_UNVERIFIED,TIER_X_REJECTED,False,False,False,False,False,False,False,False,False,False
/data/liuyu/outputs/milestone_3a_crosssuite_proprio_shadow_20260531/runs/libero_spatial/cs_spatial_t9_black_bowl_on_the_wooden_cabinet_and_place_it_on_the_plate_s0,libero_spatial,CONDITION_UNVERIFIED,TIER_X_REJECTED,False,False,False,False,False,False,False,False,False,False
/data/liuyu/outputs/milestone_3a_crosssuite_proprio_shadow_20260531/runs/libero_spatial/cs_spatial_t1_black_bowl_next_to_the_ramekin_and_place_it_on_the_plate_s0,libero_spatial,CONDITION_UNVERIFIED,TIER_X_REJECTED,False,False,False,False,False,False,False,False,False,False
/data/liuyu/outputs/milestone_3a_crosssuite_proprio_shadow_20260531/runs/libero_spatial/cs_spatial_t1_black_bowl_next_to_the_ramekin_and_place_it_on_the_plate_s1,libero_spatial,CONDITION_UNVERIFIED,TIER_X_REJECTED,False,False,False,False,False,False,False,False,False,False
/data/liuyu/outputs/milestone_3a_crosssuite_proprio_shadow_20260531/runs/libero_spatial/cs_spatial_t8_black_bowl_next_to_the_plate_and_place_it_on_the_plate_s0,libero_spatial,CONDITION_UNVERIFIED,TIER_X_REJECTED,False,False,False,False,False,False,False,False,False,False
/data/liuyu/outputs/milestone_3a_crosssuite_proprio_shadow_20260531/runs/libero_spatial/cs_spatial_t9_black_bowl_on_the_wooden_cabinet_and_place_it_on_the_plate_s1,libero_spatial,CONDITION_UNVERIFIED,TIER_X_REJECTED,False,False,False,False,False,False,False,False,False,False
/data/liuyu/outputs/milestone_3a_crosssuite_proprio_shadow_20260531/runs/libero_spatial/cs_spatial_t0_black_bowl_between_the_plate_and_the_ramekin_and_place_it_on_the_plate_s0,libero_spatial,CONDITION_UNVERIFIED,TIER_X_REJECTED,False,False,False,False,False,False,False,False,False,False
/data/liuyu/outputs/milestone_3a_crosssuite_proprio_shadow_20260531/runs/libero_spatial/cs_spatial_t2_black_bowl_from_table_center_and_place_it_on_the_plate_s0,libero_spatial,CONDITION_UNVERIFIED,TIER_X_REJECTED,False,False,False,False,False,False,False,False,False,False
/data/liuyu/outputs/milestone_3a_crosssuite_proprio_shadow_20260531/runs/libero_spatial/cs_spatial_t5_black_bowl_on_the_ramekin_and_place_it_on_the_plate_s0,libero_spatial,CONDITION_UNVERIFIED,TIER_X_REJECTED,False,False,False,False,False,False,False,False,False,False
/data/liuyu/outputs/milestone_3a_crosssuite_proprio_shadow_20260531/runs/libero_spatial/cs_spatial_t7_black_bowl_on_the_stove_and_place_it_on_the_plate_s0,libero_spatial,CONDITION_UNVERIFIED,TIER_X_REJECTED,False,False,False,False,False,False,False,False,False,False
/data/liuyu/outputs/milestone_3a_crosssuite_proprio_shadow_20260531/runs/libero_spatial/cs_spatial_t7_black_bowl_on_the_stove_and_place_it_on_the_plate_s1,libero_spatial,CONDITION_UNVERIFIED,TIER_X_REJECTED,False,False,False,False,False,False,False,False,False,False
/data/liuyu/outputs/milestone_3a_crosssuite_proprio_shadow_20260531/runs/libero_spatial/cs_spatial_t0_black_bowl_between_the_plate_and_the_ramekin_and_place_it_on_the_plate_s1,libero_spatial,CONDITION_UNVERIFIED,TIER_X_REJECTED,False,False,False,False,False,False,False,False,False,False
/data/liuyu/outputs/milestone_3a_crosssuite_proprio_shadow_20260531/runs/libero_spatial/cs_spatial_t5_black_bowl_on_the_ramekin_and_place_it_on_the_plate_s1,libero_spatial,CONDITION_UNVERIFIED,TIER_X_REJECTED,False,False,False,False,False,False,False,False,False,False
/data/liuyu/outputs/milestone_3a_crosssuite_proprio_shadow_20260531/runs/libero_spatial/cs_spatial_t3_black_bowl_on_the_cookie_box_and_place_it_on_the_plate_s0,libero_spatial,CONDITION_UNVERIFIED,TIER_X_REJECTED,False,False,False,False,False,False,False,False,False,False
/data/liuyu/outputs/milestone_2e5_goal100_parser_v2_privileged_rerun_20260527/runs/libero_goal/open_the_top_drawer_and_put_the_bowl_inside_state3,libero_goal,CONDITION_UNVERIFIED,TIER_X_REJECTED,False,False,False,False,False,False,False,False,False,False
/data/liuyu/outputs/milestone_2e5_goal100_parser_v2_privileged_rerun_20260527/runs/libero_goal/open_the_top_drawer_and_put_the_bowl_inside_state2,libero_goal,CONDITION_UNVERIFIED,TIER_X_REJECTED,False,False,False,False,False,False,False,False,False,False
/data/liuyu/outputs/milestone_2e5_goal100_parser_v2_privileged_rerun_20260527/runs/libero_goal/open_the_top_drawer_and_put_the_bowl_inside_state9,libero_goal,CONDITION_UNVERIFIED,TIER_X_REJECTED,False,False,False,False,False,False,False,False,False,False
/data/liuyu/outputs/milestone_2e5_goal100_parser_v2_privileged_rerun_20260527/runs/libero_goal/push_the_plate_to_the_front_of_the_stove_state8,libero_goal,CONDITION_UNVERIFIED,TIER_X_REJECTED,False,False,False,False,False,False,False,False,False,False
/data/liuyu/outputs/milestone_2e5_goal100_parser_v2_privileged_rerun_20260527/runs/libero_goal/open_the_top_drawer_and_put_the_bowl_inside_state5,libero_goal,CONDITION_UNVERIFIED,TIER_X_REJECTED,False,False,False,False,False,False,False,False,False,False
/data/liuyu/outputs/milestone_2e5_goal100_parser_v2_privileged_rerun_20260527/runs/libero_goal/push_the_plate_to_the_front_of_the_stove_state4,libero_goal,CONDITION_UNVERIFIED,TIER_X_REJECTED,False,False,False,False,False,False,False,False,False,False
/data/liuyu/outputs/milestone_2e5_goal100_parser_v2_privileged_rerun_20260527/runs/libero_goal/open_the_middle_drawer_of_the_cabinet_state5,libero_goal,CONDITION_UNVERIFIED,TIER_X_REJECTED,False,False,False,False,False,False,False,False,False,False
/data/liuyu/outputs/milestone_2e5_goal100_parser_v2_privileged_rerun_20260527/runs/libero_goal/put_the_wine_bottle_on_top_of_the_cabinet_state3,libero_goal,CONDITION_UNVERIFIED,TIER_X_REJECTED,False,False,False,False,False,False,False,False,False,False
/data/liuyu/outputs/milestone_2e5_goal100_parser_v2_privileged_rerun_20260527/runs/libero_goal/push_the_plate_to_the_front_of_the_stove_state3,libero_goal,CONDITION_UNVERIFIED,TIER_X_REJECTED,False,False,False,False,False,False,False,False,False,False
/data/liuyu/outputs/milestone_2e5_goal100_parser_v2_privileged_rerun_20260527/runs/libero_goal/put_the_bowl_on_the_stove_state2,libero_goal,CONDITION_UNVERIFIED,TIER_X_REJECTED,False,False,False,False,False,False,False,False,False,False
/data/liuyu/outputs/milestone_2e5_goal100_parser_v2_privileged_rerun_20260527/runs/libero_goal/open_the_middle_drawer_of_the_cabinet_state2,libero_goal,CONDITION_UNVERIFIED,TIER_X_REJECTED,False,False,False,False,False,False,False,False,False,False
/data/liuyu/outputs/milestone_2e5_goal100_parser_v2_privileged_rerun_20260527/runs/libero_goal/put_the_bowl_on_the_plate_state3,libero_goal,CONDITION_UNVERIFIED,TIER_X_REJECTED,False,False,False,False,False,False,False,False,False,False
/data/liuyu/outputs/milestone_2e5_goal100_parser_v2_privileged_rerun_20260527/runs/libero_goal/open_the_middle_drawer_of_the_cabinet_state3,libero_goal,CONDITION_UNVERIFIED,TIER_X_REJECTED,False,False,False,False,False,False,False,False,False,False
/data/liuyu/outputs/milestone_2e5_goal100_parser_v2_privileged_rerun_20260527/runs/libero_goal/open_the_middle_drawer_of_the_cabinet_state8,libero_goal,CONDITION_UNVERIFIED,TIER_X_REJECTED,False,False,False,False,False,False,False,False,False,False
/data/liuyu/outputs/milestone_2e5_goal100_parser_v2_privileged_rerun_20260527/runs/libero_goal/open_the_top_drawer_and_put_the_bowl_inside_state8,libero_goal,CONDITION_UNVERIFIED,TIER_X_REJECTED,False,False,False,False,False,False,False,False,False,False
/data/liuyu/outputs/milestone_2e5_goal100_parser_v2_privileged_rerun_20260527/runs/libero_goal/put_the_bowl_on_the_plate_state5,libero_goal,CONDITION_UNVERIFIED,TIER_X_REJECTED,False,False,False,False,False,False,False,False,False,False
/data/liuyu/outputs/milestone_2e5_goal100_parser_v2_privileged_rerun_20260527/runs/libero_goal/turn_on_the_stove_state0,libero_goal,CONDITION_UNVERIFIED,TIER_X_REJECTED,False,False,False,False,False,False,False,False,False,False
/data/liuyu/outputs/milestone_2e5_goal100_parser_v2_privileged_rerun_20260527/runs/libero_goal/put_the_wine_bottle_on_top_of_the_cabinet_state8,libero_goal,CONDITION_UNVERIFIED,TIER_X_REJECTED,False,False,False,False,False,False,False,False,False,False
/data/liuyu/outputs/milestone_2e5_goal100_parser_v2_privileged_rerun_20260527/runs/libero_goal/put_the_wine_bottle_on_the_rack_state1,libero_goal,CONDITION_UNVERIFIED,TIER_X_REJECTED,False,False,False,False,False,False,False,False,False,False
/data/liuyu/outputs/milestone_2e5_goal100_parser_v2_privileged_rerun_20260527/runs/libero_goal/put_the_bowl_on_top_of_the_cabinet_state5,libero_goal,CONDITION_UNVERIFIED,TIER_X_REJECTED,False,False,False,False,False,False,False,False,False,False
/data/liuyu/outputs/milestone_2e5_goal100_parser_v2_privileged_rerun_20260527/runs/libero_goal/put_the_bowl_on_the_plate_state0,libero_goal,CONDITION_UNVERIFIED,TIER_X_REJECTED,False,False,False,False,False,False,False,False,False,False
/data/liuyu/outputs/milestone_2e5_goal100_parser_v2_privileged_rerun_20260527/runs/libero_goal/put_the_cream_cheese_in_the_bowl_state2,libero_goal,CONDITION_UNVERIFIED,TIER_X_REJECTED,False,False,False,False,False,False,False,False,False,False
/data/liuyu/outputs/milestone_2e5_goal100_parser_v2_privileged_rerun_20260527/runs/libero_goal/put_the_wine_bottle_on_the_rack_state9,libero_goal,CONDITION_UNVERIFIED,TIER_X_REJECTED,False,False,False,False,False,False,False,False,False,False
/data/liuyu/outputs/milestone_2e5_goal100_parser_v2_privileged_rerun_20260527/runs/libero_goal/put_the_wine_bottle_on_the_rack_state7,libero_goal,CONDITION_UNVERIFIED,TIER_X_REJECTED,False,False,False,False,False,False,False,False,False,False
/data/liuyu/outputs/milestone_2e5_goal100_parser_v2_privileged_rerun_20260527/runs/libero_goal/put_the_cream_cheese_in_the_bowl_state0,libero_goal,CONDITION_UNVERIFIED,TIER_X_REJECTED,False,False,False,False,False,False,False,False,False,False
/data/liuyu/outputs/milestone_2e5_goal100_parser_v2_privileged_rerun_20260527/runs/libero_goal/put_the_wine_bottle_on_top_of_the_cabinet_state4,libero_goal,CONDITION_UNVERIFIED,TIER_X_REJECTED,False,False,False,False,False,False,False,False,False,False
/data/liuyu/outputs/milestone_2e5_goal100_parser_v2_privileged_rerun_20260527/runs/libero_goal/turn_on_the_stove_state9,libero_goal,CONDITION_UNVERIFIED,TIER_X_REJECTED,False,False,False,False,False,False,False,False,False,False
/data/liuyu/outputs/milestone_2e5_goal100_parser_v2_privileged_rerun_20260527/runs/libero_goal/turn_on_the_stove_state3,libero_goal,CONDITION_UNVERIFIED,TIER_X_REJECTED,False,False,False,False,False,False,False,False,False,False
/data/liuyu/outputs/milestone_2e5_goal100_parser_v2_privileged_rerun_20260527/runs/libero_goal/put_the_bowl_on_the_stove_state1,libero_goal,CONDITION_UNVERIFIED,TIER_X_REJECTED,False,False,False,False,False,False,False,False,False,False
/data/liuyu/outputs/milestone_2e5_goal100_parser_v2_privileged_rerun_20260527/runs/libero_goal/put_the_bowl_on_the_plate_state4,libero_goal,CONDITION_UNVERIFIED,TIER_X_REJECTED,False,False,False,False,False,False,False,False,False,False
/data/liuyu/outputs/milestone_2e5_goal100_parser_v2_privileged_rerun_20260527/runs/libero_goal/put_the_cream_cheese_in_the_bowl_state9,libero_goal,CONDITION_UNVERIFIED,TIER_X_REJECTED,False,False,False,False,False,False,False,False,False,False
/data/liuyu/outputs/milestone_2e5_goal100_parser_v2_privileged_rerun_20260527/runs/libero_goal/put_the_bowl_on_top_of_the_cabinet_state2,libero_goal,CONDITION_UNVERIFIED,TIER_X_REJECTED,False,False,False,False,False,False,False,False,False,False
/data/liuyu/outputs/milestone_2e5_goal100_parser_v2_privileged_rerun_20260527/runs/libero_goal/put_the_wine_bottle_on_the_rack_state0,libero_goal,CONDITION_UNVERIFIED,TIER_X_REJECTED,False,False,False,False,False,False,False,False,False,False
/data/liuyu/outputs/milestone_2e5_goal100_parser_v2_privileged_rerun_20260527/runs/libero_goal/turn_on_the_stove_state8,libero_goal,CONDITION_UNVERIFIED,TIER_X_REJECTED,False,False,False,False,False,False,False,False,False,False
/data/liuyu/outputs/milestone_2e5_goal100_parser_v2_privileged_rerun_20260527/runs/libero_goal/open_the_top_drawer_and_put_the_bowl_inside_state1,libero_goal,CONDITION_UNVERIFIED,TIER_X_REJECTED,False,False,False,False,False,False,False,False,False,False
/data/liuyu/outputs/milestone_2e5_goal100_parser_v2_privileged_rerun_20260527/runs/libero_goal/put_the_bowl_on_top_of_the_cabinet_state4,libero_goal,CONDITION_UNVERIFIED,TIER_X_REJECTED,False,False,False,False,False,False,False,False,False,False
/data/liuyu/outputs/milestone_2e5_goal100_parser_v2_privileged_rerun_20260527/runs/libero_goal/put_the_bowl_on_top_of_the_cabinet_state8,libero_goal,CONDITION_UNVERIFIED,TIER_X_REJECTED,False,False,False,False,False,False,False,False,False,False
/data/liuyu/outputs/milestone_2e5_goal100_parser_v2_privileged_rerun_20260527/runs/libero_goal/put_the_wine_bottle_on_top_of_the_cabinet_state0,libero_goal,CONDITION_UNVERIFIED,TIER_X_REJECTED,False,False,False,False,False,False,False,False,False,False
/data/liuyu/outputs/milestone_2e5_goal100_parser_v2_privileged_rerun_20260527/runs/libero_goal/put_the_cream_cheese_in_the_bowl_state8,libero_goal,CONDITION_UNVERIFIED,TIER_X_REJECTED,False,False,False,False,False,False,False,False,False,False
/data/liuyu/outputs/milestone_2e5_goal100_parser_v2_privileged_rerun_20260527/runs/libero_goal/put_the_bowl_on_the_plate_state9,libero_goal,CONDITION_UNVERIFIED,TIER_X_REJECTED,False,False,False,False,False,False,False,False,False,False
/data/liuyu/outputs/milestone_2e5_goal100_parser_v2_privileged_rerun_20260527/runs/libero_goal/turn_on_the_stove_state5,libero_goal,CONDITION_UNVERIFIED,TIER_X_REJECTED,False,False,False,False,False,False,False,False,False,False
/data/liuyu/outputs/milestone_2e5_goal100_parser_v2_privileged_rerun_20260527/runs/libero_goal/turn_on_the_stove_state6,libero_goal,CONDITION_UNVERIFIED,TIER_X_REJECTED,False,False,False,False,False,False,False,False,False,False
/data/liuyu/outputs/milestone_2e5_goal100_parser_v2_privileged_rerun_20260527/runs/libero_goal/put_the_bowl_on_the_stove_state4,libero_goal,CONDITION_UNVERIFIED,TIER_X_REJECTED,False,False,False,False,False,False,False,False,False,False
/data/liuyu/outputs/milestone_2e5_goal100_parser_v2_privileged_rerun_20260527/runs/libero_goal/open_the_top_drawer_and_put_the_bowl_inside_state7,libero_goal,CONDITION_UNVERIFIED,TIER_X_REJECTED,False,False,False,False,False,False,False,False,False,False
/data/liuyu/outputs/milestone_2e5_goal100_parser_v2_privileged_rerun_20260527/runs/libero_goal/open_the_middle_drawer_of_the_cabinet_state7,libero_goal,CONDITION_UNVERIFIED,TIER_X_REJECTED,False,False,False,False,False,False,False,False,False,False
/data/liuyu/outputs/milestone_2e5_goal100_parser_v2_privileged_rerun_20260527/runs/libero_goal/open_the_top_drawer_and_put_the_bowl_inside_state6,libero_goal,CONDITION_UNVERIFIED,TIER_X_REJECTED,False,False,False,False,False,False,False,False,False,False
/data/liuyu/outputs/milestone_2e5_goal100_parser_v2_privileged_rerun_20260527/runs/libero_goal/put_the_cream_cheese_in_the_bowl_state4,libero_goal,CONDITION_UNVERIFIED,TIER_X_REJECTED,False,False,False,False,False,False,False,False,False,False
/data/liuyu/outputs/milestone_2e5_goal100_parser_v2_privileged_rerun_20260527/runs/libero_goal/put_the_bowl_on_the_stove_state5,libero_goal,CONDITION_UNVERIFIED,TIER_X_REJECTED,False,False,False,False,False,False,False,False,False,False
/data/liuyu/outputs/milestone_2e5_goal100_parser_v2_privileged_rerun_20260527/runs/libero_goal/put_the_wine_bottle_on_the_rack_state3,libero_goal,CONDITION_UNVERIFIED,TIER_X_REJECTED,False,False,False,False,False,False,False,False,False,False
/data/liuyu/outputs/milestone_2e5_goal100_parser_v2_privileged_rerun_20260527/runs/libero_goal/push_the_plate_to_the_front_of_the_stove_state1,libero_goal,CONDITION_UNVERIFIED,TIER_X_REJECTED,False,False,False,False,False,False,False,False,False,False
/data/liuyu/outputs/milestone_2e5_goal100_parser_v2_privileged_rerun_20260527/runs/libero_goal/turn_on_the_stove_state1,libero_goal,CONDITION_UNVERIFIED,TIER_X_REJECTED,False,False,False,False,False,False,False,False,False,False
/data/liuyu/outputs/milestone_2e5_goal100_parser_v2_privileged_rerun_20260527/runs/libero_goal/put_the_bowl_on_the_stove_state6,libero_goal,CONDITION_UNVERIFIED,TIER_X_REJECTED,False,False,False,False,False,False,False,False,False,False
/data/liuyu/outputs/milestone_2e5_goal100_parser_v2_privileged_rerun_20260527/runs/libero_goal/put_the_bowl_on_top_of_the_cabinet_state0,libero_goal,CONDITION_UNVERIFIED,TIER_X_REJECTED,False,False,False,False,False,False,False,False,False,False
/data/liuyu/outputs/milestone_2e5_goal100_parser_v2_privileged_rerun_20260527/runs/libero_goal/put_the_wine_bottle_on_the_rack_state8,libero_goal,CONDITION_UNVERIFIED,TIER_X_REJECTED,False,False,False,False,False,False,False,False,False,False
/data/liuyu/outputs/milestone_2e5_goal100_parser_v2_privileged_rerun_20260527/runs/libero_goal/open_the_middle_drawer_of_the_cabinet_state9,libero_goal,CONDITION_UNVERIFIED,TIER_X_REJECTED,False,False,False,False,False,False,False,False,False,False
/data/liuyu/outputs/milestone_2e5_goal100_parser_v2_privileged_rerun_20260527/runs/libero_goal/turn_on_the_stove_state7,libero_goal,CONDITION_UNVERIFIED,TIER_X_REJECTED,False,False,False,False,False,False,False,False,False,False
/data/liuyu/outputs/milestone_2e5_goal100_parser_v2_privileged_rerun_20260527/runs/libero_goal/open_the_top_drawer_and_put_the_bowl_inside_state4,libero_goal,CONDITION_UNVERIFIED,TIER_X_REJECTED,False,False,False,False,False,False,False,False,False,False
/data/liuyu/outputs/milestone_2e5_goal100_parser_v2_privileged_rerun_20260527/runs/libero_goal/put_the_wine_bottle_on_the_rack_state4,libero_goal,CONDITION_UNVERIFIED,TIER_X_REJECTED,False,False,False,False,False,False,False,False,False,False
/data/liuyu/outputs/milestone_2e5_goal100_parser_v2_privileged_rerun_20260527/runs/libero_goal/open_the_middle_drawer_of_the_cabinet_state4,libero_goal,CONDITION_UNVERIFIED,TIER_X_REJECTED,False,False,False,False,False,False,False,False,False,False
/data/liuyu/outputs/milestone_2e5_goal100_parser_v2_privileged_rerun_20260527/runs/libero_goal/put_the_cream_cheese_in_the_bowl_state7,libero_goal,CONDITION_UNVERIFIED,TIER_X_REJECTED,False,False,False,False,False,False,False,False,False,False
/data/liuyu/outputs/milestone_2e5_goal100_parser_v2_privileged_rerun_20260527/runs/libero_goal/open_the_middle_drawer_of_the_cabinet_state1,libero_goal,CONDITION_UNVERIFIED,TIER_X_REJECTED,False,False,False,False,False,False,False,False,False,False
/data/liuyu/outputs/milestone_2e5_goal100_parser_v2_privileged_rerun_20260527/runs/libero_goal/put_the_wine_bottle_on_top_of_the_cabinet_state6,libero_goal,CONDITION_UNVERIFIED,TIER_X_REJECTED,False,False,False,False,False,False,False,False,False,False
/data/liuyu/outputs/milestone_2e5_goal100_parser_v2_privileged_rerun_20260527/runs/libero_goal/push_the_plate_to_the_front_of_the_stove_state9,libero_goal,CONDITION_UNVERIFIED,TIER_X_REJECTED,False,False,False,False,False,False,False,False,False,False
/data/liuyu/outputs/milestone_2e5_goal100_parser_v2_privileged_rerun_20260527/runs/libero_goal/put_the_cream_cheese_in_the_bowl_state6,libero_goal,CONDITION_UNVERIFIED,TIER_X_REJECTED,False,False,False,False,False,False,False,False,False,False
/data/liuyu/outputs/milestone_2e5_goal100_parser_v2_privileged_rerun_20260527/runs/libero_goal/put_the_bowl_on_the_plate_state6,libero_goal,CONDITION_UNVERIFIED,TIER_X_REJECTED,False,False,False,False,False,False,False,False,False,False
/data/liuyu/outputs/milestone_2e5_goal100_parser_v2_privileged_rerun_20260527/runs/libero_goal/put_the_wine_bottle_on_the_rack_state6,libero_goal,CONDITION_UNVERIFIED,TIER_X_REJECTED,False,False,False,False,False,False,False,False,False,False
/data/liuyu/outputs/milestone_2e5_goal100_parser_v2_privileged_rerun_20260527/runs/libero_goal/turn_on_the_stove_state4,libero_goal,CONDITION_UNVERIFIED,TIER_X_REJECTED,False,False,False,False,False,False,False,False,False,False
/data/liuyu/outputs/milestone_2e5_goal100_parser_v2_privileged_rerun_20260527/runs/libero_goal/turn_on_the_stove_state2,libero_goal,CONDITION_UNVERIFIED,TIER_X_REJECTED,False,False,False,False,False,False,False,False,False,False
/data/liuyu/outputs/milestone_2e5_goal100_parser_v2_privileged_rerun_20260527/runs/libero_goal/put_the_cream_cheese_in_the_bowl_state5,libero_goal,CONDITION_UNVERIFIED,TIER_X_REJECTED,False,False,False,False,False,False,False,False,False,False
/data/liuyu/outputs/milestone_2e5_goal100_parser_v2_privileged_rerun_20260527/runs/libero_goal/push_the_plate_to_the_front_of_the_stove_state2,libero_goal,CONDITION_UNVERIFIED,TIER_X_REJECTED,False,False,False,False,False,False,False,False,False,False
/data/liuyu/outputs/milestone_2e5_goal100_parser_v2_privileged_rerun_20260527/runs/libero_goal/put_the_wine_bottle_on_the_rack_state2,libero_goal,CONDITION_UNVERIFIED,TIER_X_REJECTED,False,False,False,False,False,False,False,False,False,False
/data/liuyu/outputs/milestone_2e5_goal100_parser_v2_privileged_rerun_20260527/runs/libero_goal/put_the_wine_bottle_on_top_of_the_cabinet_state9,libero_goal,CONDITION_UNVERIFIED,TIER_X_REJECTED,False,False,False,False,False,False,False,False,False,False
/data/liuyu/outputs/milestone_2e5_goal100_parser_v2_privileged_rerun_20260527/runs/libero_goal/put_the_cream_cheese_in_the_bowl_state1,libero_goal,CONDITION_UNVERIFIED,TIER_X_REJECTED,False,False,False,False,False,False,False,False,False,False
/data/liuyu/outputs/milestone_2e5_goal100_parser_v2_privileged_rerun_20260527/runs/libero_goal/put_the_bowl_on_top_of_the_cabinet_state9,libero_goal,CONDITION_UNVERIFIED,TIER_X_REJECTED,False,False,False,False,False,False,False,False,False,False
/data/liuyu/outputs/milestone_2e5_goal100_parser_v2_privileged_rerun_20260527/runs/libero_goal/put_the_bowl_on_top_of_the_cabinet_state3,libero_goal,CONDITION_UNVERIFIED,TIER_X_REJECTED,False,False,False,False,False,False,False,False,False,False
/data/liuyu/outputs/milestone_2e5_goal100_parser_v2_privileged_rerun_20260527/runs/libero_goal/put_the_cream_cheese_in_the_bowl_state3,libero_goal,CONDITION_UNVERIFIED,TIER_X_REJECTED,False,False,False,False,False,False,False,False,False,False
/data/liuyu/outputs/milestone_2e5_goal100_parser_v2_privileged_rerun_20260527/runs/libero_goal/put_the_wine_bottle_on_top_of_the_cabinet_state1,libero_goal,CONDITION_UNVERIFIED,TIER_X_REJECTED,False,False,False,False,False,False,False,False,False,False
/data/liuyu/outputs/milestone_2e5_goal100_parser_v2_privileged_rerun_20260527/runs/libero_goal/push_the_plate_to_the_front_of_the_stove_state5,libero_goal,CONDITION_UNVERIFIED,TIER_X_REJECTED,False,False,False,False,False,False,False,False,False,False
/data/liuyu/outputs/milestone_2e5_goal100_parser_v2_privileged_rerun_20260527/runs/libero_goal/put_the_bowl_on_the_stove_state0,libero_goal,CONDITION_UNVERIFIED,TIER_X_REJECTED,False,False,False,False,False,False,False,False,False,False
/data/liuyu/outputs/milestone_2e5_goal100_parser_v2_privileged_rerun_20260527/runs/libero_goal/put_the_bowl_on_top_of_the_cabinet_state6,libero_goal,CONDITION_UNVERIFIED,TIER_X_REJECTED,False,False,False,False,False,False,False,False,False,False
/data/liuyu/outputs/milestone_2e5_goal100_parser_v2_privileged_rerun_20260527/runs/libero_goal/put_the_wine_bottle_on_top_of_the_cabinet_state2,libero_goal,CONDITION_UNVERIFIED,TIER_X_REJECTED,False,False,False,False,False,False,False,False,False,False
/data/liuyu/outputs/milestone_2e5_goal100_parser_v2_privileged_rerun_20260527/runs/libero_goal/put_the_bowl_on_the_stove_state9,libero_goal,CONDITION_UNVERIFIED,TIER_X_REJECTED,False,False,False,False,False,False,False,False,False,False
/data/liuyu/outputs/milestone_2e5_goal100_parser_v2_privileged_rerun_20260527/runs/libero_goal/put_the_bowl_on_top_of_the_cabinet_state7,libero_goal,CONDITION_UNVERIFIED,TIER_X_REJECTED,False,False,False,False,False,False,False,False,False,False
/data/liuyu/outputs/milestone_2e5_goal100_parser_v2_privileged_rerun_20260527/runs/libero_goal/put_the_wine_bottle_on_top_of_the_cabinet_state7,libero_goal,CONDITION_UNVERIFIED,TIER_X_REJECTED,False,False,False,False,False,False,False,False,False,False
/data/liuyu/outputs/milestone_2e5_goal100_parser_v2_privileged_rerun_20260527/runs/libero_goal/open_the_middle_drawer_of_the_cabinet_state6,libero_goal,CONDITION_UNVERIFIED,TIER_X_REJECTED,False,False,False,False,False,False,False,False,False,False
/data/liuyu/outputs/milestone_2e5_goal100_parser_v2_privileged_rerun_20260527/runs/libero_goal/push_the_plate_to_the_front_of_the_stove_state7,libero_goal,CONDITION_UNVERIFIED,TIER_X_REJECTED,False,False,False,False,False,False,False,False,False,False
/data/liuyu/outputs/milestone_2e5_goal100_parser_v2_privileged_rerun_20260527/runs/libero_goal/push_the_plate_to_the_front_of_the_stove_state0,libero_goal,CONDITION_UNVERIFIED,TIER_X_REJECTED,False,False,False,False,False,False,False,False,False,False
/data/liuyu/outputs/milestone_2e5_goal100_parser_v2_privileged_rerun_20260527/runs/libero_goal/put_the_bowl_on_the_plate_state8,libero_goal,CONDITION_UNVERIFIED,TIER_X_REJECTED,False,False,False,False,False,False,False,False,False,False
/data/liuyu/outputs/milestone_2e5_goal100_parser_v2_privileged_rerun_20260527/runs/libero_goal/put_the_bowl_on_the_plate_state7,libero_goal,CONDITION_UNVERIFIED,TIER_X_REJECTED,False,False,False,False,False,False,False,False,False,False
/data/liuyu/outputs/milestone_2e5_goal100_parser_v2_privileged_rerun_20260527/runs/libero_goal/push_the_plate_to_the_front_of_the_stove_state6,libero_goal,CONDITION_UNVERIFIED,TIER_X_REJECTED,False,False,False,False,False,False,False,False,False,False
/data/liuyu/outputs/milestone_2e5_goal100_parser_v2_privileged_rerun_20260527/runs/libero_goal/open_the_middle_drawer_of_the_cabinet_state0,libero_goal,CONDITION_UNVERIFIED,TIER_X_REJECTED,False,False,False,False,False,False,False,False,False,False
/data/liuyu/outputs/milestone_2e5_goal100_parser_v2_privileged_rerun_20260527/runs/libero_goal/open_the_top_drawer_and_put_the_bowl_inside_state0,libero_goal,CONDITION_UNVERIFIED,TIER_X_REJECTED,False,False,False,False,False,False,False,False,False,False
/data/liuyu/outputs/milestone_2e5_goal100_parser_v2_privileged_rerun_20260527/runs/libero_goal/put_the_wine_bottle_on_top_of_the_cabinet_state5,libero_goal,CONDITION_UNVERIFIED,TIER_X_REJECTED,False,False,False,False,False,False,False,False,False,False
/data/liuyu/outputs/milestone_2e5_goal100_parser_v2_privileged_rerun_20260527/runs/libero_goal/put_the_bowl_on_the_stove_state3,libero_goal,CONDITION_UNVERIFIED,TIER_X_REJECTED,False,False,False,False,False,False,False,False,False,False
/data/liuyu/outputs/milestone_2e5_goal100_parser_v2_privileged_rerun_20260527/runs/libero_goal/put_the_bowl_on_the_plate_state1,libero_goal,CONDITION_UNVERIFIED,TIER_X_REJECTED,False,False,False,False,False,False,False,False,False,False
/data/liuyu/outputs/milestone_2e5_goal100_parser_v2_privileged_rerun_20260527/runs/libero_goal/put_the_bowl_on_the_plate_state2,libero_goal,CONDITION_UNVERIFIED,TIER_X_REJECTED,False,False,False,False,False,False,False,False,False,False
/data/liuyu/outputs/milestone_2e5_goal100_parser_v2_privileged_rerun_20260527/runs/libero_goal/put_the_bowl_on_the_stove_state8,libero_goal,CONDITION_UNVERIFIED,TIER_X_REJECTED,False,False,False,False,False,False,False,False,False,False
/data/liuyu/outputs/milestone_2e5_goal100_parser_v2_privileged_rerun_20260527/runs/libero_goal/put_the_bowl_on_top_of_the_cabinet_state1,libero_goal,CONDITION_UNVERIFIED,TIER_X_REJECTED,False,False,False,False,False,False,False,False,False,False
/data/liuyu/outputs/milestone_2e5_goal100_parser_v2_privileged_rerun_20260527/runs/libero_goal/put_the_bowl_on_the_stove_state7,libero_goal,CONDITION_UNVERIFIED,TIER_X_REJECTED,False,False,False,False,False,False,False,False,False,False
/data/liuyu/outputs/milestone_2e5_goal100_parser_v2_privileged_rerun_20260527/runs/libero_goal/put_the_wine_bottle_on_the_rack_state5,libero_goal,CONDITION_UNVERIFIED,TIER_X_REJECTED,False,False,False,False,False,False,False,False,False,False
/data/liuyu/outputs/vis_payload_contact_frame_collection_20260601/runs/libero_object/vis_payload_contact_pick_up_the_ketchup_and_place_it_in_the_basket_clean_tomato_sauce_s0,,CLEAN,TIER_X_REJECTED,False,False,False,False,False,False,False,False,False,False
/data/liuyu/outputs/d4_gpu45_diag/milk_s1_reference_attempt1,,CONDITION_UNVERIFIED,TIER_X_REJECTED,False,False,False,False,False,False,False,False,False,False
/data/liuyu/outputs/d4_gpu45_diag/milk_s1_shadow_attempt1,,CONDITION_UNVERIFIED,TIER_X_REJECTED,False,False,False,False,False,False,False,False,False,False
/data/liuyu/outputs/milestone_2i_visual_fusion_online_detector_pilot_20260530/runs/libero_object/vis_ketchup_clean_ketchup_s0,,CLEAN,TIER_X_REJECTED,False,False,False,False,False,False,False,False,False,False
/data/liuyu/outputs/milestone_2i_visual_fusion_online_detector_pilot_20260530/runs/libero_object/vis_ketchup_clean_ketchup_s1,,CLEAN,TIER_X_REJECTED,False,False,False,False,False,False,False,False,False,False
/data/liuyu/outputs/milestone_2i_visual_fusion_online_detector_pilot_20260530/runs/libero_object/vis_salad_clean_salad_dressing_s1,,CLEAN,TIER_X_REJECTED,False,False,False,False,False,False,False,False,False,False
/data/liuyu/outputs/milestone_2i_visual_fusion_online_detector_pilot_20260530/runs/libero_object/vis_salad_clean_salad_dressing_s0,,CLEAN,TIER_X_REJECTED,False,False,False,False,False,False,False,False,False,False
/data/liuyu/outputs/milestone_2i_visual_fusion_online_detector_pilot_20260530/runs/libero_object/vis_ketchup_clean_ketchup_s2,,CLEAN,TIER_X_REJECTED,False,False,False,False,False,False,False,False,False,False
/data/liuyu/outputs/milestone_2i_visual_fusion_online_detector_pilot_20260530/runs/libero_object/vis_cream_clean_cream_cheese_s1,,CLEAN,TIER_X_REJECTED,False,False,False,False,False,False,False,False,False,False
/data/liuyu/outputs/milestone_2i_visual_fusion_online_detector_pilot_20260530/runs/libero_object/vis_tomato_clean_tomato_sauce_s0,,CLEAN,TIER_X_REJECTED,False,False,False,False,False,False,False,False,False,False
/data/liuyu/outputs/milestone_2i_visual_fusion_online_detector_pilot_20260530/runs/libero_object/vis_cream_sus30_cream_cheese_s0,,NON_CLEAN_OR_ATTACK,TIER_X_REJECTED,False,False,False,False,False,False,False,False,False,False
/data/liuyu/outputs/milestone_2i_visual_fusion_online_detector_pilot_20260530/runs/libero_object/vis_tomato_clean_tomato_sauce_s2,,CLEAN,TIER_X_REJECTED,False,False,False,False,False,False,False,False,False,False
/data/liuyu/outputs/milestone_2i_visual_fusion_online_detector_pilot_20260530/runs/libero_object/vis_tomato_sus30_tomato_sauce_s1,,NON_CLEAN_OR_ATTACK,TIER_X_REJECTED,False,False,False,False,False,False,False,False,False,False
/data/liuyu/outputs/milestone_2i_visual_fusion_online_detector_pilot_20260530/runs/libero_object/vis_salad_sus30_salad_dressing_s0,,NON_CLEAN_OR_ATTACK,TIER_X_REJECTED,False,False,False,False,False,False,False,False,False,False
/data/liuyu/outputs/milestone_2i_visual_fusion_online_detector_pilot_20260530/runs/libero_object/vis_ketchup_sus30_ketchup_s0,,NON_CLEAN_OR_ATTACK,TIER_X_REJECTED,False,False,False,False,False,False,False,False,False,False
/data/liuyu/outputs/milestone_2i_visual_fusion_online_detector_pilot_20260530/runs/libero_object/vis_cream_sus30_cream_cheese_s2,,NON_CLEAN_OR_ATTACK,TIER_X_REJECTED,False,False,False,False,False,False,False,False,False,False
/data/liuyu/outputs/milestone_2i_visual_fusion_online_detector_pilot_20260530/runs/libero_object/vis_salad_clean_salad_dressing_s2,,CLEAN,TIER_X_REJECTED,False,False,False,False,False,False,False,False,False,False
/data/liuyu/outputs/milestone_2i_visual_fusion_online_detector_pilot_20260530/runs/libero_object/vis_cream_clean_cream_cheese_s0,,CLEAN,TIER_X_REJECTED,False,False,False,False,False,False,False,False,False,False
/data/liuyu/outputs/milestone_2i_visual_fusion_online_detector_pilot_20260530/runs/libero_object/vis_tomato_sus30_tomato_sauce_s2,,NON_CLEAN_OR_ATTACK,TIER_X_REJECTED,False,False,False,False,False,False,False,False,False,False
/data/liuyu/outputs/milestone_2i_visual_fusion_online_detector_pilot_20260530/runs/libero_object/vis_tomato_clean_tomato_sauce_s1,,CLEAN,TIER_X_REJECTED,False,False,False,False,False,False,False,False,False,False
/data/liuyu/outputs/milestone_2i_visual_fusion_online_detector_pilot_20260530/runs/libero_object/vis_cream_clean_cream_cheese_s2,,CLEAN,TIER_X_REJECTED,False,False,False,False,False,False,False,False,False,False
/data/liuyu/outputs/milestone_2i_visual_fusion_online_detector_pilot_20260530/runs/libero_object/vis_salad_sus30_salad_dressing_s1,,NON_CLEAN_OR_ATTACK,TIER_X_REJECTED,False,False,False,False,False,False,False,False,False,False
/data/liuyu/outputs/milestone_2i_visual_fusion_online_detector_pilot_20260530/runs/libero_object/vis_salad_sus30_salad_dressing_s2,,NON_CLEAN_OR_ATTACK,TIER_X_REJECTED,False,False,False,False,False,False,False,False,False,False
/data/liuyu/outputs/milestone_2i_visual_fusion_online_detector_pilot_20260530/runs/libero_object/vis_ketchup_sus30_ketchup_s1,,NON_CLEAN_OR_ATTACK,TIER_X_REJECTED,False,False,False,False,False,False,False,False,False,False
/data/liuyu/outputs/milestone_2i_visual_fusion_online_detector_pilot_20260530/runs/libero_object/vis_cream_sus30_cream_cheese_s1,,NON_CLEAN_OR_ATTACK,TIER_X_REJECTED,False,False,False,False,False,False,False,False,False,False
/data/liuyu/outputs/milestone_2i_visual_fusion_online_detector_pilot_20260530/runs/libero_object/vis_ketchup_sus30_ketchup_s2,,NON_CLEAN_OR_ATTACK,TIER_X_REJECTED,False,False,False,False,False,False,False,False,False,False
/data/liuyu/outputs/milestone_2i_visual_fusion_online_detector_pilot_20260530/runs/libero_object/vis_tomato_sus30_tomato_sauce_s0,,NON_CLEAN_OR_ATTACK,TIER_X_REJECTED,False,False,False,False,False,False,False,False,False,False
/data/liuyu/outputs/d4_smoke_51_postreboot_on/milk_s23_shadow_attempt1,,CONDITION_UNVERIFIED,TIER_X_REJECTED,False,False,False,False,False,False,False,False,False,False
/data/liuyu/outputs/milestone_1d_object_mujoco237_compat_20260526/mj237_canary_cream_s2_gpu2,,CONDITION_UNVERIFIED,TIER_X_REJECTED,False,False,False,False,False,False,False,False,False,False
/data/liuyu/outputs/milestone_1d_object_mujoco237_compat_20260526/mj237_canary_ketchup_s2_gpu2,,CONDITION_UNVERIFIED,TIER_X_REJECTED,False,False,False,False,False,False,False,False,False,False
/data/liuyu/outputs/milestone_1d_object_mujoco237_compat_20260526/mj237_canary_milk_s1_gpu4,,CONDITION_UNVERIFIED,TIER_X_REJECTED,False,False,False,False,False,False,False,False,False,False
/data/liuyu/outputs/milestone_1d_object_mujoco237_compat_20260526/mj237_clean_bbq_sauce_s0,,CLEAN,TIER_X_REJECTED,False,False,False,False,False,False,False,False,False,False
/data/liuyu/outputs/milestone_1d_object_mujoco237_compat_20260526/canary_table1_setup/mj38t1_cream_s1,,CONDITION_UNVERIFIED,TIER_X_REJECTED,False,False,False,False,False,False,False,False,False,False
/data/liuyu/outputs/milestone_1d_object_mujoco237_compat_20260526/canary_table1_setup/mj38t1_ketchup_s1,,CONDITION_UNVERIFIED,TIER_X_REJECTED,False,False,False,False,False,False,False,False,False,False
/data/liuyu/outputs/milestone_1d_object_mujoco237_compat_20260526/canary_table1_setup/mj38t1_milk_s1,,CONDITION_UNVERIFIED,TIER_X_REJECTED,False,False,False,False,False,False,False,False,False,False
/data/liuyu/outputs/milestone_1d_object_mujoco237_compat_20260526/canary_table1_setup/mj38t1_milk_s0,,CONDITION_UNVERIFIED,TIER_X_REJECTED,False,False,False,False,False,False,False,False,False,False
/data/liuyu/outputs/milestone_1d_object_mujoco237_compat_20260526/canary_table1_setup/mj38t1_ketchup_s2,,CONDITION_UNVERIFIED,TIER_X_REJECTED,False,False,False,False,False,False,False,False,False,False
/data/liuyu/outputs/milestone_1d_object_mujoco237_compat_20260526/canary_table1_setup/mj38t1_bbq_s1,,CONDITION_UNVERIFIED,TIER_X_REJECTED,False,False,False,False,False,False,False,False,False,False
/data/liuyu/outputs/milestone_1d_object_mujoco237_compat_20260526/canary_table1_setup/mj38t1_cream_s0,,CONDITION_UNVERIFIED,TIER_X_REJECTED,False,False,False,False,False,False,False,False,False,False
/data/liuyu/outputs/milestone_1d_object_mujoco237_compat_20260526/canary_table1_setup/mj38t1_bbq_s2,,CONDITION_UNVERIFIED,TIER_X_REJECTED,False,False,False,False,False,False,False,False,False,False
/data/liuyu/outputs/milestone_1d_object_mujoco237_compat_20260526/canary_table1_setup/mj38t1_bbq_s0,,CONDITION_UNVERIFIED,TIER_X_REJECTED,False,False,False,False,False,False,False,False,False,False
/data/liuyu/outputs/milestone_1d_object_mujoco237_compat_20260526/canary_table1_setup/mj38t1_cream_s2,,CONDITION_UNVERIFIED,TIER_X_REJECTED,False,False,False,False,False,False,False,False,False,False
/data/liuyu/outputs/milestone_1d_object_mujoco237_compat_20260526/canary_table1_setup/mj38t1_milk_s2,,CONDITION_UNVERIFIED,TIER_X_REJECTED,False,False,False,False,False,False,False,False,False,False
/data/liuyu/outputs/milestone_1d_object_mujoco237_compat_20260526/canary_table1_setup/mj38t1_ketchup_s0,,CONDITION_UNVERIFIED,TIER_X_REJECTED,False,False,False,False,False,False,False,False,False,False
/data/liuyu/outputs/milestone_1d_object_mujoco237_compat_20260526/mj237fix_debug_ketchup_s0,,CONDITION_UNVERIFIED,TIER_X_REJECTED,False,False,False,False,False,False,False,False,False,False
/data/liuyu/outputs/milestone_1d_object_mujoco237_compat_20260526/mj237_canary_milk_s2_gpu2,,CONDITION_UNVERIFIED,TIER_X_REJECTED,False,False,False,False,False,False,False,False,False,False
/data/liuyu/outputs/milestone_1d_object_mujoco237_compat_20260526/mj237_canary_cream_s1_gpu4,,CONDITION_UNVERIFIED,TIER_X_REJECTED,False,False,False,False,False,False,False,False,False,False
/data/liuyu/outputs/milestone_1d_object_mujoco237_compat_20260526/mj237_canary_ketchup_s0_gpu0,,CONDITION_UNVERIFIED,TIER_X_REJECTED,False,False,False,False,False,False,False,False,False,False
/data/liuyu/outputs/milestone_1d_object_mujoco237_compat_20260526/mj237_val_bbq_s0,,CONDITION_UNVERIFIED,TIER_X_REJECTED,False,False,False,False,False,False,False,False,False,False
/data/liuyu/outputs/milestone_1d_object_mujoco237_compat_20260526/mj237_canary_milk_s0_gpu0,,CONDITION_UNVERIFIED,TIER_X_REJECTED,False,False,False,False,False,False,False,False,False,False
/data/liuyu/outputs/milestone_1d_object_mujoco237_compat_20260526/mj237_canary_cream_s0_gpu0,,CONDITION_UNVERIFIED,TIER_X_REJECTED,False,False,False,False,False,False,False,False,False,False
/data/liuyu/outputs/milestone_1d_object_mujoco237_compat_20260526/mj237_canary_bbq_s0_gpu0,,CONDITION_UNVERIFIED,TIER_X_REJECTED,False,False,False,False,False,False,False,False,False,False
/data/liuyu/outputs/milestone_1d_object_mujoco237_compat_20260526/mj237fix_bbq_s2,,CONDITION_UNVERIFIED,TIER_X_REJECTED,False,False,False,False,False,False,False,False,False,False
/data/liuyu/outputs/milestone_1d_object_mujoco237_compat_20260526/canary_mj38_official/mj38offix_milk_s2,,CONDITION_UNVERIFIED,TIER_X_REJECTED,False,False,False,False,False,False,False,False,False,False
/data/liuyu/outputs/milestone_1d_object_mujoco237_compat_20260526/canary_mj38_official/mj38offix_bbq_s0,,CONDITION_UNVERIFIED,TIER_X_REJECTED,False,False,False,False,False,False,False,False,False,False
/data/liuyu/outputs/milestone_1d_object_mujoco237_compat_20260526/canary_mj38_official/mj38offix_cream_s0,,CONDITION_UNVERIFIED,TIER_X_REJECTED,False,False,False,False,False,False,False,False,False,False
/data/liuyu/outputs/milestone_1d_object_mujoco237_compat_20260526/canary_mj38_official/mj38offix_ketchup_s1,,CONDITION_UNVERIFIED,TIER_X_REJECTED,False,False,False,False,False,False,False,False,False,False
/data/liuyu/outputs/milestone_1d_object_mujoco237_compat_20260526/canary_mj38_official/mj38offix_cream_s2,,CONDITION_UNVERIFIED,TIER_X_REJECTED,False,False,False,False,False,False,False,False,False,False
/data/liuyu/outputs/milestone_1d_object_mujoco237_compat_20260526/canary_mj38_official/mj38offix_milk_s1,,CONDITION_UNVERIFIED,TIER_X_REJECTED,False,False,False,False,False,False,False,False,False,False
/data/liuyu/outputs/milestone_1d_object_mujoco237_compat_20260526/canary_mj38_official/mj38offix_bbq_s2,,CONDITION_UNVERIFIED,TIER_X_REJECTED,False,False,False,False,False,False,False,False,False,False
/data/liuyu/outputs/milestone_1d_object_mujoco237_compat_20260526/canary_mj38_official/mj38offix_ketchup_s0,,CONDITION_UNVERIFIED,TIER_X_REJECTED,False,False,False,False,False,False,False,False,False,False
/data/liuyu/outputs/milestone_1d_object_mujoco237_compat_20260526/canary_mj38_official/mj38offix_ketchup_s2,,CONDITION_UNVERIFIED,TIER_X_REJECTED,False,False,False,False,False,False,False,False,False,False
/data/liuyu/outputs/milestone_1d_object_mujoco237_compat_20260526/canary_mj38_official/mj38offix_milk_s0,,CONDITION_UNVERIFIED,TIER_X_REJECTED,False,False,False,False,False,False,False,False,False,False
/data/liuyu/outputs/milestone_1d_object_mujoco237_compat_20260526/canary_mj38_official/mj38offix_cream_s1,,CONDITION_UNVERIFIED,TIER_X_REJECTED,False,False,False,False,False,False,False,False,False,False
/data/liuyu/outputs/milestone_1d_object_mujoco237_compat_20260526/canary_mj38_official/mj38offix_bbq_s1,,CONDITION_UNVERIFIED,TIER_X_REJECTED,False,False,False,False,False,False,False,False,False,False
/data/liuyu/outputs/milestone_1d_object_mujoco237_compat_20260526/canary_mj38/mj38fix_cream_s1,,CONDITION_UNVERIFIED,TIER_X_REJECTED,False,False,False,False,False,False,False,False,False,False
/data/liuyu/outputs/milestone_1d_object_mujoco237_compat_20260526/canary_mj38/mj38fix_ketchup_s2,,CONDITION_UNVERIFIED,TIER_X_REJECTED,False,False,False,False,False,False,False,False,False,False
/data/liuyu/outputs/milestone_1d_object_mujoco237_compat_20260526/canary_mj38/mj38fix_milk_s2,,CONDITION_UNVERIFIED,TIER_X_REJECTED,False,False,False,False,False,False,False,False,False,False
/data/liuyu/outputs/milestone_1d_object_mujoco237_compat_20260526/canary_mj38/mj38fix_cream_s2,,CONDITION_UNVERIFIED,TIER_X_REJECTED,False,False,False,False,False,False,False,False,False,False
/data/liuyu/outputs/milestone_1d_object_mujoco237_compat_20260526/canary_mj38/mj38fix_ketchup_s0,,CONDITION_UNVERIFIED,TIER_X_REJECTED,False,False,False,False,False,False,False,False,False,False
/data/liuyu/outputs/milestone_1d_object_mujoco237_compat_20260526/canary_mj38/mj38fix_milk_s1,,CONDITION_UNVERIFIED,TIER_X_REJECTED,False,False,False,False,False,False,False,False,False,False
/data/liuyu/outputs/milestone_1d_object_mujoco237_compat_20260526/canary_mj38/mj38fix_cream_s0,,CONDITION_UNVERIFIED,TIER_X_REJECTED,False,False,False,False,False,False,False,False,False,False
/data/liuyu/outputs/milestone_1d_object_mujoco237_compat_20260526/canary_mj38/mj38fix_milk_s0,,CONDITION_UNVERIFIED,TIER_X_REJECTED,False,False,False,False,False,False,False,False,False,False
/data/liuyu/outputs/milestone_1d_object_mujoco237_compat_20260526/canary_mj38/mj38fix_bbq_s2,,CONDITION_UNVERIFIED,TIER_X_REJECTED,False,False,False,False,False,False,False,False,False,False
/data/liuyu/outputs/milestone_1d_object_mujoco237_compat_20260526/canary_mj38/mj38fix_bbq_s1,,CONDITION_UNVERIFIED,TIER_X_REJECTED,False,False,False,False,False,False,False,False,False,False
/data/liuyu/outputs/milestone_1d_object_mujoco237_compat_20260526/canary_mj38/mj38fix_bbq_s0,,CONDITION_UNVERIFIED,TIER_X_REJECTED,False,False,False,False,False,False,False,False,False,False
/data/liuyu/outputs/milestone_1d_object_mujoco237_compat_20260526/canary_mj38/mj38fix_ketchup_s1,,CONDITION_UNVERIFIED,TIER_X_REJECTED,False,False,False,False,False,False,False,False,False,False
/data/liuyu/outputs/milestone_1d_object_mujoco237_compat_20260526/canary_mj237/mj237fix2_bbq_s1,,CONDITION_UNVERIFIED,TIER_X_REJECTED,False,False,False,False,False,False,False,False,False,False
/data/liuyu/outputs/milestone_1d_object_mujoco237_compat_20260526/canary_mj237/mj237fix2_cream_s0,,CONDITION_UNVERIFIED,TIER_X_REJECTED,False,False,False,False,False,False,False,False,False,False
/data/liuyu/outputs/milestone_1d_object_mujoco237_compat_20260526/canary_mj237/mj237fix2_bbq_s0,,CONDITION_UNVERIFIED,TIER_X_REJECTED,False,False,False,False,False,False,False,False,False,False
/data/liuyu/outputs/milestone_1d_object_mujoco237_compat_20260526/canary_mj237/mj237fix2_bbq_s2,,CONDITION_UNVERIFIED,TIER_X_REJECTED,False,False,False,False,False,False,False,False,False,False
/data/liuyu/outputs/milestone_1d_object_mujoco237_compat_20260526/canary_mj237/mj237fix2_milk_s0,,CONDITION_UNVERIFIED,TIER_X_REJECTED,False,False,False,False,False,False,False,False,False,False
/data/liuyu/outputs/milestone_1d_object_mujoco237_compat_20260526/canary_mj237/mj237fix2_ketchup_s0,,CONDITION_UNVERIFIED,TIER_X_REJECTED,False,False,False,False,False,False,False,False,False,False
/data/liuyu/outputs/milestone_1d_object_mujoco237_compat_20260526/canary_mj237/mj237fix2_cream_s1,,CONDITION_UNVERIFIED,TIER_X_REJECTED,False,False,False,False,False,False,False,False,False,False
/data/liuyu/outputs/milestone_1d_object_mujoco237_compat_20260526/canary_mj237/mj237fix2_ketchup_s2,,CONDITION_UNVERIFIED,TIER_X_REJECTED,False,False,False,False,False,False,False,False,False,False
/data/liuyu/outputs/milestone_1d_object_mujoco237_compat_20260526/canary_mj237/mj237fix2_milk_s1,,CONDITION_UNVERIFIED,TIER_X_REJECTED,False,False,False,False,False,False,False,False,False,False
/data/liuyu/outputs/milestone_1d_object_mujoco237_compat_20260526/canary_mj237/mj237fix2_cream_s2,,CONDITION_UNVERIFIED,TIER_X_REJECTED,False,False,False,False,False,False,False,False,False,False
/data/liuyu/outputs/milestone_1d_object_mujoco237_compat_20260526/canary_mj237/mj237fix2_ketchup_s1,,CONDITION_UNVERIFIED,TIER_X_REJECTED,False,False,False,False,False,False,False,False,False,False
/data/liuyu/outputs/milestone_1d_object_mujoco237_compat_20260526/mj237_direct_ketchup_s0,,CONDITION_UNVERIFIED,TIER_X_REJECTED,False,False,False,False,False,False,False,False,False,False
/data/liuyu/outputs/milestone_1d_object_mujoco237_compat_20260526/object_full_10x10/obj_orange_juice_s2,,CONDITION_UNVERIFIED,TIER_X_REJECTED,False,False,False,False,False,False,False,False,False,False
/data/liuyu/outputs/milestone_1d_object_mujoco237_compat_20260526/object_full_10x10/obj_tomato_sauce_s7,,CONDITION_UNVERIFIED,TIER_X_REJECTED,False,False,False,False,False,False,False,False,False,False
/data/liuyu/outputs/milestone_1d_object_mujoco237_compat_20260526/object_full_10x10/obj_milk_s4,,CONDITION_UNVERIFIED,TIER_X_REJECTED,False,False,False,False,False,False,False,False,False,False
/data/liuyu/outputs/milestone_1d_object_mujoco237_compat_20260526/object_full_10x10/obj_alphabet_soup_s1,,CONDITION_UNVERIFIED,TIER_X_REJECTED,False,False,False,False,False,False,False,False,False,False
/data/liuyu/outputs/milestone_1d_object_mujoco237_compat_20260526/object_full_10x10/obj_tomato_sauce_s1,,CONDITION_UNVERIFIED,TIER_X_REJECTED,False,False,False,False,False,False,False,False,False,False
/data/liuyu/outputs/milestone_1d_object_mujoco237_compat_20260526/object_full_10x10/obj_butter_s7,,CONDITION_UNVERIFIED,TIER_X_REJECTED,False,False,False,False,False,False,False,False,False,False
/data/liuyu/outputs/milestone_1d_object_mujoco237_compat_20260526/object_full_10x10/obj_chocolate_pudding_s6,,CONDITION_UNVERIFIED,TIER_X_REJECTED,False,False,False,False,False,False,False,False,False,False
/data/liuyu/outputs/milestone_1d_object_mujoco237_compat_20260526/object_full_10x10/obj_cream_cheese_s4,,CONDITION_UNVERIFIED,TIER_X_REJECTED,False,False,False,False,False,False,False,False,False,False
/data/liuyu/outputs/milestone_1d_object_mujoco237_compat_20260526/object_full_10x10/obj_ketchup_s1,,CONDITION_UNVERIFIED,TIER_X_REJECTED,False,False,False,False,False,False,False,False,False,False
/data/liuyu/outputs/milestone_1d_object_mujoco237_compat_20260526/object_full_10x10/obj_milk_s6,,CONDITION_UNVERIFIED,TIER_X_REJECTED,False,False,False,False,False,False,False,False,False,False
/data/liuyu/outputs/milestone_1d_object_mujoco237_compat_20260526/object_full_10x10/obj_milk_s1,,CONDITION_UNVERIFIED,TIER_X_REJECTED,False,False,False,False,False,False,False,False,False,False
/data/liuyu/outputs/milestone_1d_object_mujoco237_compat_20260526/object_full_10x10/obj_butter_s3,,CONDITION_UNVERIFIED,TIER_X_REJECTED,False,False,False,False,False,False,False,False,False,False
/data/liuyu/outputs/milestone_1d_object_mujoco237_compat_20260526/object_full_10x10/obj_cream_cheese_s9,,CONDITION_UNVERIFIED,TIER_X_REJECTED,False,False,False,False,False,False,False,False,False,False
/data/liuyu/outputs/milestone_1d_object_mujoco237_compat_20260526/object_full_10x10/obj_chocolate_pudding_s4,,CONDITION_UNVERIFIED,TIER_X_REJECTED,False,False,False,False,False,False,False,False,False,False
/data/liuyu/outputs/milestone_1d_object_mujoco237_compat_20260526/object_full_10x10/obj_bbq_sauce_s3,,CONDITION_UNVERIFIED,TIER_X_REJECTED,False,False,False,False,False,False,False,False,False,False
/data/liuyu/outputs/milestone_1d_object_mujoco237_compat_20260526/object_full_10x10/obj_cream_cheese_s5,,CONDITION_UNVERIFIED,TIER_X_REJECTED,False,False,False,False,False,False,False,False,False,False
/data/liuyu/outputs/milestone_1d_object_mujoco237_compat_20260526/object_full_10x10/obj_chocolate_pudding_s1,,CONDITION_UNVERIFIED,TIER_X_REJECTED,False,False,False,False,False,False,False,False,False,False
/data/liuyu/outputs/milestone_1d_object_mujoco237_compat_20260526/object_full_10x10/obj_butter_s2,,CONDITION_UNVERIFIED,TIER_X_REJECTED,False,False,False,False,False,False,False,False,False,False
/data/liuyu/outputs/milestone_1d_object_mujoco237_compat_20260526/object_full_10x10/obj_butter_s9,,CONDITION_UNVERIFIED,TIER_X_REJECTED,False,False,False,False,False,False,False,False,False,False
/data/liuyu/outputs/milestone_1d_object_mujoco237_compat_20260526/object_full_10x10/obj_bbq_sauce_s2,,CONDITION_UNVERIFIED,TIER_X_REJECTED,False,False,False,False,False,False,False,False,False,False
/data/liuyu/outputs/milestone_1d_object_mujoco237_compat_20260526/object_full_10x10/obj_orange_juice_s6,,CONDITION_UNVERIFIED,TIER_X_REJECTED,False,False,False,False,False,False,False,False,False,False
/data/liuyu/outputs/milestone_1d_object_mujoco237_compat_20260526/object_full_10x10/obj_bbq_sauce_s9,,CONDITION_UNVERIFIED,TIER_X_REJECTED,False,False,False,False,False,False,False,False,False,False
/data/liuyu/outputs/milestone_1d_object_mujoco237_compat_20260526/object_full_10x10/obj_chocolate_pudding_s5,,CONDITION_UNVERIFIED,TIER_X_REJECTED,False,False,False,False,False,False,False,False,False,False
/data/liuyu/outputs/milestone_1d_object_mujoco237_compat_20260526/object_full_10x10/obj_milk_s7,,CONDITION_UNVERIFIED,TIER_X_REJECTED,False,False,False,False,False,False,False,False,False,False
/data/liuyu/outputs/milestone_1d_object_mujoco237_compat_20260526/object_full_10x10/obj_chocolate_pudding_s9,,CONDITION_UNVERIFIED,TIER_X_REJECTED,False,False,False,False,False,False,False,False,False,False
/data/liuyu/outputs/milestone_1d_object_mujoco237_compat_20260526/object_full_10x10/obj_tomato_sauce_s6,,CONDITION_UNVERIFIED,TIER_X_REJECTED,False,False,False,False,False,False,False,False,False,False
/data/liuyu/outputs/milestone_1d_object_mujoco237_compat_20260526/object_full_10x10/obj_alphabet_soup_s0,,CONDITION_UNVERIFIED,TIER_X_REJECTED,False,False,False,False,False,False,False,False,False,False
/data/liuyu/outputs/milestone_1d_object_mujoco237_compat_20260526/object_full_10x10/obj_milk_s9,,CONDITION_UNVERIFIED,TIER_X_REJECTED,False,False,False,False,False,False,False,False,False,False
/data/liuyu/outputs/milestone_1d_object_mujoco237_compat_20260526/object_full_10x10/obj_orange_juice_s3,,CONDITION_UNVERIFIED,TIER_X_REJECTED,False,False,False,False,False,False,False,False,False,False
/data/liuyu/outputs/milestone_1d_object_mujoco237_compat_20260526/object_full_10x10/obj_tomato_sauce_s0,,CONDITION_UNVERIFIED,TIER_X_REJECTED,False,False,False,False,False,False,False,False,False,False
/data/liuyu/outputs/milestone_1d_object_mujoco237_compat_20260526/object_full_10x10/obj_tomato_sauce_s4,,CONDITION_UNVERIFIED,TIER_X_REJECTED,False,False,False,False,False,False,False,False,False,False
/data/liuyu/outputs/milestone_1d_object_mujoco237_compat_20260526/object_full_10x10/obj_butter_s0,,CONDITION_UNVERIFIED,TIER_X_REJECTED,False,False,False,False,False,False,False,False,False,False
/data/liuyu/outputs/milestone_1d_object_mujoco237_compat_20260526/object_full_10x10/obj_ketchup_s8,,CONDITION_UNVERIFIED,TIER_X_REJECTED,False,False,False,False,False,False,False,False,False,False
/data/liuyu/outputs/milestone_1d_object_mujoco237_compat_20260526/object_full_10x10/obj_ketchup_s6,,CONDITION_UNVERIFIED,TIER_X_REJECTED,False,False,False,False,False,False,False,False,False,False
/data/liuyu/outputs/milestone_1d_object_mujoco237_compat_20260526/object_full_10x10/obj_cream_cheese_s8,,CONDITION_UNVERIFIED,TIER_X_REJECTED,False,False,False,False,False,False,False,False,False,False
/data/liuyu/outputs/milestone_1d_object_mujoco237_compat_20260526/object_full_10x10/obj_cream_cheese_s3,,CONDITION_UNVERIFIED,TIER_X_REJECTED,False,False,False,False,False,False,False,False,False,False
/data/liuyu/outputs/milestone_1d_object_mujoco237_compat_20260526/object_full_10x10/obj_cream_cheese_s6,,CONDITION_UNVERIFIED,TIER_X_REJECTED,False,False,False,False,False,False,False,False,False,False
/data/liuyu/outputs/milestone_1d_object_mujoco237_compat_20260526/object_full_10x10/obj_salad_dressing_s8,,CONDITION_UNVERIFIED,TIER_X_REJECTED,False,False,False,False,False,False,False,False,False,False
/data/liuyu/outputs/milestone_1d_object_mujoco237_compat_20260526/object_full_10x10/obj_cream_cheese_s2,,CONDITION_UNVERIFIED,TIER_X_REJECTED,False,False,False,False,False,False,False,False,False,False
/data/liuyu/outputs/milestone_1d_object_mujoco237_compat_20260526/object_full_10x10/obj_alphabet_soup_s5,,CONDITION_UNVERIFIED,TIER_X_REJECTED,False,False,False,False,False,False,False,False,False,False
/data/liuyu/outputs/milestone_1d_object_mujoco237_compat_20260526/object_full_10x10/obj_ketchup_s0,,CONDITION_UNVERIFIED,TIER_X_REJECTED,False,False,False,False,False,False,False,False,False,False
/data/liuyu/outputs/milestone_1d_object_mujoco237_compat_20260526/object_full_10x10/obj_alphabet_soup_s6,,CONDITION_UNVERIFIED,TIER_X_REJECTED,False,False,False,False,False,False,False,False,False,False
/data/liuyu/outputs/milestone_1d_object_mujoco237_compat_20260526/object_full_10x10/obj_chocolate_pudding_s3,,CONDITION_UNVERIFIED,TIER_X_REJECTED,False,False,False,False,False,False,False,False,False,False
/data/liuyu/outputs/milestone_1d_object_mujoco237_compat_20260526/object_full_10x10/obj_bbq_sauce_s7,,CONDITION_UNVERIFIED,TIER_X_REJECTED,False,False,False,False,False,False,False,False,False,False
/data/liuyu/outputs/milestone_1d_object_mujoco237_compat_20260526/object_full_10x10/obj_cream_cheese_s0,,CONDITION_UNVERIFIED,TIER_X_REJECTED,False,False,False,False,False,False,False,False,False,False
/data/liuyu/outputs/milestone_1d_object_mujoco237_compat_20260526/object_full_10x10/obj_salad_dressing_s1,,CONDITION_UNVERIFIED,TIER_X_REJECTED,False,False,False,False,False,False,False,False,False,False
/data/liuyu/outputs/milestone_1d_object_mujoco237_compat_20260526/object_full_10x10/obj_salad_dressing_s2,,CONDITION_UNVERIFIED,TIER_X_REJECTED,False,False,False,False,False,False,False,False,False,False
/data/liuyu/outputs/milestone_1d_object_mujoco237_compat_20260526/object_full_10x10/obj_butter_s1,,CONDITION_UNVERIFIED,TIER_X_REJECTED,False,False,False,False,False,False,False,False,False,False
/data/liuyu/outputs/milestone_1d_object_mujoco237_compat_20260526/object_full_10x10/obj_bbq_sauce_s1,,CONDITION_UNVERIFIED,TIER_X_REJECTED,False,False,False,False,False,False,False,False,False,False
/data/liuyu/outputs/milestone_1d_object_mujoco237_compat_20260526/object_full_10x10/obj_tomato_sauce_s5,,CONDITION_UNVERIFIED,TIER_X_REJECTED,False,False,False,False,False,False,False,False,False,False
/data/liuyu/outputs/milestone_1d_object_mujoco237_compat_20260526/object_full_10x10/obj_butter_s5,,CONDITION_UNVERIFIED,TIER_X_REJECTED,False,False,False,False,False,False,False,False,False,False
/data/liuyu/outputs/milestone_1d_object_mujoco237_compat_20260526/object_full_10x10/obj_orange_juice_s5,,CONDITION_UNVERIFIED,TIER_X_REJECTED,False,False,False,False,False,False,False,False,False,False
/data/liuyu/outputs/milestone_1d_object_mujoco237_compat_20260526/object_full_10x10/obj_butter_s8,,CONDITION_UNVERIFIED,TIER_X_REJECTED,False,False,False,False,False,False,False,False,False,False
/data/liuyu/outputs/milestone_1d_object_mujoco237_compat_20260526/object_full_10x10/obj_ketchup_s5,,CONDITION_UNVERIFIED,TIER_X_REJECTED,False,False,False,False,False,False,False,False,False,False
/data/liuyu/outputs/milestone_1d_object_mujoco237_compat_20260526/object_full_10x10/obj_bbq_sauce_s4,,CONDITION_UNVERIFIED,TIER_X_REJECTED,False,False,False,False,False,False,False,False,False,False
/data/liuyu/outputs/milestone_1d_object_mujoco237_compat_20260526/object_full_10x10/obj_milk_s3,,CONDITION_UNVERIFIED,TIER_X_REJECTED,False,False,False,False,False,False,False,False,False,False
/data/liuyu/outputs/milestone_1d_object_mujoco237_compat_20260526/object_full_10x10/obj_bbq_sauce_s0,,CONDITION_UNVERIFIED,TIER_X_REJECTED,False,False,False,False,False,False,False,False,False,False
/data/liuyu/outputs/milestone_1d_object_mujoco237_compat_20260526/object_full_10x10/obj_ketchup_s2,,CONDITION_UNVERIFIED,TIER_X_REJECTED,False,False,False,False,False,False,False,False,False,False
/data/liuyu/outputs/milestone_1d_object_mujoco237_compat_20260526/object_full_10x10/obj_salad_dressing_s7,,CONDITION_UNVERIFIED,TIER_X_REJECTED,False,False,False,False,False,False,False,False,False,False
/data/liuyu/outputs/milestone_1d_object_mujoco237_compat_20260526/object_full_10x10/obj_alphabet_soup_s9,,CONDITION_UNVERIFIED,TIER_X_REJECTED,False,False,False,False,False,False,False,False,False,False
/data/liuyu/outputs/milestone_1d_object_mujoco237_compat_20260526/object_full_10x10/obj_ketchup_s3,,CONDITION_UNVERIFIED,TIER_X_REJECTED,False,False,False,False,False,False,False,False,False,False
/data/liuyu/outputs/milestone_1d_object_mujoco237_compat_20260526/object_full_10x10/obj_orange_juice_s0,,CONDITION_UNVERIFIED,TIER_X_REJECTED,False,False,False,False,False,False,False,False,False,False
/data/liuyu/outputs/milestone_1d_object_mujoco237_compat_20260526/object_full_10x10/obj_tomato_sauce_s3,,CONDITION_UNVERIFIED,TIER_X_REJECTED,False,False,False,False,False,False,False,False,False,False
/data/liuyu/outputs/milestone_1d_object_mujoco237_compat_20260526/object_full_10x10/obj_salad_dressing_s0,,CONDITION_UNVERIFIED,TIER_X_REJECTED,False,False,False,False,False,False,False,False,False,False
/data/liuyu/outputs/milestone_1d_object_mujoco237_compat_20260526/object_full_10x10/obj_orange_juice_s7,,CONDITION_UNVERIFIED,TIER_X_REJECTED,False,False,False,False,False,False,False,False,False,False
/data/liuyu/outputs/milestone_1d_object_mujoco237_compat_20260526/object_full_10x10/obj_alphabet_soup_s7,,CONDITION_UNVERIFIED,TIER_X_REJECTED,False,False,False,False,False,False,False,False,False,False
/data/liuyu/outputs/milestone_1d_object_mujoco237_compat_20260526/object_full_10x10/obj_bbq_sauce_s6,,CONDITION_UNVERIFIED,TIER_X_REJECTED,False,False,False,False,False,False,False,False,False,False
/data/liuyu/outputs/milestone_1d_object_mujoco237_compat_20260526/object_full_10x10/obj_milk_s8,,CONDITION_UNVERIFIED,TIER_X_REJECTED,False,False,False,False,False,False,False,False,False,False
/data/liuyu/outputs/milestone_1d_object_mujoco237_compat_20260526/object_full_10x10/obj_salad_dressing_s5,,CONDITION_UNVERIFIED,TIER_X_REJECTED,False,False,False,False,False,False,False,False,False,False
/data/liuyu/outputs/milestone_1d_object_mujoco237_compat_20260526/object_full_10x10/obj_chocolate_pudding_s2,,CONDITION_UNVERIFIED,TIER_X_REJECTED,False,False,False,False,False,False,False,False,False,False
/data/liuyu/outputs/milestone_1d_object_mujoco237_compat_20260526/object_full_10x10/obj_salad_dressing_s4,,CONDITION_UNVERIFIED,TIER_X_REJECTED,False,False,False,False,False,False,False,False,False,False
/data/liuyu/outputs/milestone_1d_object_mujoco237_compat_20260526/object_full_10x10/obj_cream_cheese_s7,,CONDITION_UNVERIFIED,TIER_X_REJECTED,False,False,False,False,False,False,False,False,False,False
/data/liuyu/outputs/milestone_1d_object_mujoco237_compat_20260526/object_full_10x10/obj_bbq_sauce_s5,,CONDITION_UNVERIFIED,TIER_X_REJECTED,False,False,False,False,False,False,False,False,False,False
/data/liuyu/outputs/milestone_1d_object_mujoco237_compat_20260526/object_full_10x10/obj_alphabet_soup_s8,,CONDITION_UNVERIFIED,TIER_X_REJECTED,False,False,False,False,False,False,False,False,False,False
/data/liuyu/outputs/milestone_1d_object_mujoco237_compat_20260526/object_full_10x10/obj_salad_dressing_s3,,CONDITION_UNVERIFIED,TIER_X_REJECTED,False,False,False,False,False,False,False,False,False,False
/data/liuyu/outputs/milestone_1d_object_mujoco237_compat_20260526/object_full_10x10/obj_ketchup_s4,,CONDITION_UNVERIFIED,TIER_X_REJECTED,False,False,False,False,False,False,False,False,False,False
/data/liuyu/outputs/milestone_1d_object_mujoco237_compat_20260526/object_full_10x10/obj_milk_s0,,CONDITION_UNVERIFIED,TIER_X_REJECTED,False,False,False,False,False,False,False,False,False,False
/data/liuyu/outputs/milestone_1d_object_mujoco237_compat_20260526/object_full_10x10/obj_salad_dressing_s6,,CONDITION_UNVERIFIED,TIER_X_REJECTED,False,False,False,False,False,False,False,False,False,False
/data/liuyu/outputs/milestone_1d_object_mujoco237_compat_20260526/object_full_10x10/obj_butter_s4,,CONDITION_UNVERIFIED,TIER_X_REJECTED,False,False,False,False,False,False,False,False,False,False
/data/liuyu/outputs/milestone_1d_object_mujoco237_compat_20260526/object_full_10x10/obj_orange_juice_s9,,CONDITION_UNVERIFIED,TIER_X_REJECTED,False,False,False,False,False,False,False,False,False,False
/data/liuyu/outputs/milestone_1d_object_mujoco237_compat_20260526/object_full_10x10/obj_orange_juice_s1,,CONDITION_UNVERIFIED,TIER_X_REJECTED,False,False,False,False,False,False,False,False,False,False
/data/liuyu/outputs/milestone_1d_object_mujoco237_compat_20260526/object_full_10x10/obj_cream_cheese_s1,,CONDITION_UNVERIFIED,TIER_X_REJECTED,False,False,False,False,False,False,False,False,False,False
/data/liuyu/outputs/milestone_1d_object_mujoco237_compat_20260526/object_full_10x10/obj_orange_juice_s8,,CONDITION_UNVERIFIED,TIER_X_REJECTED,False,False,False,False,False,False,False,False,False,False
/data/liuyu/outputs/milestone_1d_object_mujoco237_compat_20260526/object_full_10x10/obj_ketchup_s7,,CONDITION_UNVERIFIED,TIER_X_REJECTED,False,False,False,False,False,False,False,False,False,False
/data/liuyu/outputs/milestone_1d_object_mujoco237_compat_20260526/object_full_10x10/obj_tomato_sauce_s2,,CONDITION_UNVERIFIED,TIER_X_REJECTED,False,False,False,False,False,False,False,False,False,False
/data/liuyu/outputs/milestone_1d_object_mujoco237_compat_20260526/object_full_10x10/obj_alphabet_soup_s4,,CONDITION_UNVERIFIED,TIER_X_REJECTED,False,False,False,False,False,False,False,False,False,False
/data/liuyu/outputs/milestone_1d_object_mujoco237_compat_20260526/object_full_10x10/obj_chocolate_pudding_s8,,CONDITION_UNVERIFIED,TIER_X_REJECTED,False,False,False,False,False,False,False,False,False,False
/data/liuyu/outputs/milestone_1d_object_mujoco237_compat_20260526/object_full_10x10/obj_salad_dressing_s9,,CONDITION_UNVERIFIED,TIER_X_REJECTED,False,False,False,False,False,False,False,False,False,False
/data/liuyu/outputs/milestone_1d_object_mujoco237_compat_20260526/object_full_10x10/obj_alphabet_soup_s3,,CONDITION_UNVERIFIED,TIER_X_REJECTED,False,False,False,False,False,False,False,False,False,False
/data/liuyu/outputs/milestone_1d_object_mujoco237_compat_20260526/object_full_10x10/obj_tomato_sauce_s8,,CONDITION_UNVERIFIED,TIER_X_REJECTED,False,False,False,False,False,False,False,False,False,False
/data/liuyu/outputs/milestone_1d_object_mujoco237_compat_20260526/object_full_10x10/obj_chocolate_pudding_s7,,CONDITION_UNVERIFIED,TIER_X_REJECTED,False,False,False,False,False,False,False,False,False,False
/data/liuyu/outputs/milestone_1d_object_mujoco237_compat_20260526/object_full_10x10/obj_bbq_sauce_s8,,CONDITION_UNVERIFIED,TIER_X_REJECTED,False,False,False,False,False,False,False,False,False,False
/data/liuyu/outputs/milestone_1d_object_mujoco237_compat_20260526/object_full_10x10/obj_butter_s6,,CONDITION_UNVERIFIED,TIER_X_REJECTED,False,False,False,False,False,False,False,False,False,False
/data/liuyu/outputs/milestone_1d_object_mujoco237_compat_20260526/object_full_10x10/obj_chocolate_pudding_s0,,CONDITION_UNVERIFIED,TIER_X_REJECTED,False,False,False,False,False,False,False,False,False,False
/data/liuyu/outputs/milestone_1d_object_mujoco237_compat_20260526/object_full_10x10/obj_ketchup_s9,,CONDITION_UNVERIFIED,TIER_X_REJECTED,False,False,False,False,False,False,False,False,False,False
/data/liuyu/outputs/milestone_1d_object_mujoco237_compat_20260526/object_full_10x10/obj_milk_s2,,CONDITION_UNVERIFIED,TIER_X_REJECTED,False,False,False,False,False,False,False,False,False,False
/data/liuyu/outputs/milestone_1d_object_mujoco237_compat_20260526/object_full_10x10/obj_alphabet_soup_s2,,CONDITION_UNVERIFIED,TIER_X_REJECTED,False,False,False,False,False,False,False,False,False,False
/data/liuyu/outputs/milestone_1d_object_mujoco237_compat_20260526/object_full_10x10/obj_orange_juice_s4,,CONDITION_UNVERIFIED,TIER_X_REJECTED,False,False,False,False,False,False,False,False,False,False
/data/liuyu/outputs/milestone_1d_object_mujoco237_compat_20260526/object_full_10x10/obj_milk_s5,,CONDITION_UNVERIFIED,TIER_X_REJECTED,False,False,False,False,False,False,False,False,False,False
/data/liuyu/outputs/milestone_1d_object_mujoco237_compat_20260526/object_full_10x10/obj_tomato_sauce_s9,,CONDITION_UNVERIFIED,TIER_X_REJECTED,False,False,False,False,False,False,False,False,False,False
/data/liuyu/outputs/milestone_1d_object_mujoco237_compat_20260526/mj237_canary_bbq_s1_gpu4,,CONDITION_UNVERIFIED,TIER_X_REJECTED,False,False,False,False,False,False,False,False,False,False
/data/liuyu/outputs/milestone_1d_object_mujoco237_compat_20260526/mj237_canary_ketchup_s1_gpu4,,CONDITION_UNVERIFIED,TIER_X_REJECTED,False,False,False,False,False,False,False,False,False,False
/data/liuyu/outputs/d4_smoke_on/milk_s23_shadow_attempt1,,CONDITION_UNVERIFIED,TIER_X_REJECTED,False,False,False,False,False,False,False,False,False,False
/data/liuyu/outputs/d4_smoke_on/bbq_sauce_s36_shadow_attempt1,,CONDITION_UNVERIFIED,TIER_X_REJECTED,False,False,False,False,False,False,False,False,False,False
/data/liuyu/outputs/gripper_targeted_vis_single_slot_validation_bowl_plate_20260522/runs/targetvis_single_slot_VIS_gripper_open_region_ce,libero_goal,NON_CLEAN_OR_ATTACK,TIER_X_REJECTED,False,False,False,False,False,False,False,False,False,False
/data/liuyu/outputs/gripper_targeted_vis_single_slot_validation_bowl_plate_20260522/runs/targetvis_single_slot_clean_repeat,libero_goal,CLEAN,TIER_X_REJECTED,False,False,False,False,False,False,False,False,False,False
/data/liuyu/outputs/gripper_targeted_vis_single_slot_validation_bowl_plate_20260522/runs/targetvis_single_slot_VIS_gripper_logit_margin_cw,libero_goal,NON_CLEAN_OR_ATTACK,TIER_X_REJECTED,False,False,False,False,False,False,False,False,False,False
/data/liuyu/outputs/gripper_targeted_vis_single_slot_validation_bowl_plate_20260522/runs/targetvis_single_slot_command_open_1.00_reference,libero_goal,NON_CLEAN_OR_ATTACK,TIER_X_REJECTED,False,False,False,False,False,False,False,False,False,False
/data/liuyu/outputs/gripper_targeted_vis_single_slot_validation_bowl_plate_20260522/runs/targetvis_single_slot_VIS_current,libero_goal,NON_CLEAN_OR_ATTACK,TIER_X_REJECTED,False,False,False,False,False,False,False,False,False,False
/data/liuyu/outputs/gripper_targeted_vis_single_slot_validation_bowl_plate_20260522/runs/targetvis_single_slot_best_VIS_gripper_targeted_stronger,libero_goal,NON_CLEAN_OR_ATTACK,TIER_X_REJECTED,False,False,False,False,False,False,False,False,False,False
/data/liuyu/outputs/gripper_targeted_vis_single_slot_validation_bowl_plate_20260522/runs/targetvis_single_slot_command_open_0.75_reference,libero_goal,NON_CLEAN_OR_ATTACK,TIER_X_REJECTED,False,False,False,False,False,False,False,False,False,False
/data/liuyu/outputs/gripper_targeted_vis_single_slot_validation_bowl_plate_20260522/runs/targetvis_single_slot_random_same_budget,libero_goal,NON_CLEAN_OR_ATTACK,TIER_X_REJECTED,False,False,False,False,False,False,False,False,False,False
/data/liuyu/outputs/milestone_2j_visual_fusion_online_pilot_v5_20260530/runs/libero_object/v5_cream_sus30_cream_cheese_s1,,NON_CLEAN_OR_ATTACK,TIER_X_REJECTED,False,False,False,False,False,False,False,False,False,False
/data/liuyu/outputs/milestone_2j_visual_fusion_online_pilot_v5_20260530/runs/libero_object/v5_ketchup_sus30_ketchup_s0,,NON_CLEAN_OR_ATTACK,TIER_X_REJECTED,False,False,False,False,False,False,False,False,False,False
/data/liuyu/outputs/milestone_2j_visual_fusion_online_pilot_v5_20260530/runs/libero_object/v5_ketchup_clean_ketchup_s2,,CLEAN,TIER_X_REJECTED,False,False,False,False,False,False,False,False,False,False
/data/liuyu/outputs/milestone_2j_visual_fusion_online_pilot_v5_20260530/runs/libero_object/v5_salad_sus30_salad_dressing_s0,,NON_CLEAN_OR_ATTACK,TIER_X_REJECTED,False,False,False,False,False,False,False,False,False,False
/data/liuyu/outputs/milestone_2j_visual_fusion_online_pilot_v5_20260530/runs/libero_object/v5_cream_sus30_cream_cheese_s2,,NON_CLEAN_OR_ATTACK,TIER_X_REJECTED,False,False,False,False,False,False,False,False,False,False
/data/liuyu/outputs/milestone_2j_visual_fusion_online_pilot_v5_20260530/runs/libero_object/v5_ketchup_clean_ketchup_s1,,CLEAN,TIER_X_REJECTED,False,False,False,False,False,False,False,False,False,False
/data/liuyu/outputs/milestone_2j_visual_fusion_online_pilot_v5_20260530/runs/libero_object/v5_cream_clean_cream_cheese_s0,,CLEAN,TIER_X_REJECTED,False,False,False,False,False,False,False,False,False,False
/data/liuyu/outputs/milestone_2j_visual_fusion_online_pilot_v5_20260530/runs/libero_object/v5_ketchup_sus30_ketchup_s2,,NON_CLEAN_OR_ATTACK,TIER_X_REJECTED,False,False,False,False,False,False,False,False,False,False
/data/liuyu/outputs/milestone_2j_visual_fusion_online_pilot_v5_20260530/runs/libero_object/v5_salad_sus30_salad_dressing_s1,,NON_CLEAN_OR_ATTACK,TIER_X_REJECTED,False,False,False,False,False,False,False,False,False,False
/data/liuyu/outputs/milestone_2j_visual_fusion_online_pilot_v5_20260530/runs/libero_object/v5_tomato_sus30_tomato_sauce_s2,,NON_CLEAN_OR_ATTACK,TIER_X_REJECTED,False,False,False,False,False,False,False,False,False,False
/data/liuyu/outputs/milestone_2j_visual_fusion_online_pilot_v5_20260530/runs/libero_object/v5_cream_clean_cream_cheese_s2,,CLEAN,TIER_X_REJECTED,False,False,False,False,False,False,False,False,False,False
/data/liuyu/outputs/milestone_2j_visual_fusion_online_pilot_v5_20260530/runs/libero_object/v5_tomato_clean_tomato_sauce_s2,,CLEAN,TIER_X_REJECTED,False,False,False,False,False,False,False,False,False,False
/data/liuyu/outputs/milestone_2j_visual_fusion_online_pilot_v5_20260530/runs/libero_object/v5_salad_clean_salad_dressing_s2,,CLEAN,TIER_X_REJECTED,False,False,False,False,False,False,False,False,False,False
/data/liuyu/outputs/milestone_2j_visual_fusion_online_pilot_v5_20260530/runs/libero_object/v5_tomato_sus30_tomato_sauce_s1,,NON_CLEAN_OR_ATTACK,TIER_X_REJECTED,False,False,False,False,False,False,False,False,False,False
/data/liuyu/outputs/milestone_2j_visual_fusion_online_pilot_v5_20260530/runs/libero_object/v5_tomato_clean_tomato_sauce_s1,,CLEAN,TIER_X_REJECTED,False,False,False,False,False,False,False,False,False,False
/data/liuyu/outputs/milestone_2j_visual_fusion_online_pilot_v5_20260530/runs/libero_object/v5_salad_clean_salad_dressing_s1,,CLEAN,TIER_X_REJECTED,False,False,False,False,False,False,False,False,False,False
/data/liuyu/outputs/milestone_2j_visual_fusion_online_pilot_v5_20260530/runs/libero_object/v5_cream_clean_cream_cheese_s1,,CLEAN,TIER_X_REJECTED,False,False,False,False,False,False,False,False,False,False
/data/liuyu/outputs/milestone_2j_visual_fusion_online_pilot_v5_20260530/runs/libero_object/v5_tomato_sus30_tomato_sauce_s0,,NON_CLEAN_OR_ATTACK,TIER_X_REJECTED,False,False,False,False,False,False,False,False,False,False
/data/liuyu/outputs/milestone_2j_visual_fusion_online_pilot_v5_20260530/runs/libero_object/v5_ketchup_clean_ketchup_s0,,CLEAN,TIER_X_REJECTED,False,False,False,False,False,False,False,False,False,False
/data/liuyu/outputs/milestone_2j_visual_fusion_online_pilot_v5_20260530/runs/libero_object/v5_cream_sus30_cream_cheese_s0,,NON_CLEAN_OR_ATTACK,TIER_X_REJECTED,False,False,False,False,False,False,False,False,False,False
/data/liuyu/outputs/milestone_2j_visual_fusion_online_pilot_v5_20260530/runs/libero_object/v5_ketchup_sus30_ketchup_s1,,NON_CLEAN_OR_ATTACK,TIER_X_REJECTED,False,False,False,False,False,False,False,False,False,False
/data/liuyu/outputs/milestone_2j_visual_fusion_online_pilot_v5_20260530/runs/libero_object/v5_salad_clean_salad_dressing_s0,,CLEAN,TIER_X_REJECTED,False,False,False,False,False,False,False,False,False,False
/data/liuyu/outputs/milestone_2j_visual_fusion_online_pilot_v5_20260530/runs/libero_object/v5_salad_sus30_salad_dressing_s2,,NON_CLEAN_OR_ATTACK,TIER_X_REJECTED,False,False,False,False,False,False,False,False,False,False
/data/liuyu/outputs/milestone_2j_visual_fusion_online_pilot_v5_20260530/runs/libero_object/v5_tomato_clean_tomato_sauce_s0,,CLEAN,TIER_X_REJECTED,False,False,False,False,False,False,False,False,False,False
/data/liuyu/outputs/overnight_multilane_followup_20260522/goal_put_the_bowl_on_the_plate_s5_r7_clean_detect,libero_spatial,CLEAN,TIER_X_REJECTED,False,False,False,False,False,False,False,False,False,False
/data/liuyu/outputs/overnight_multilane_followup_20260522/goal_put_the_bowl_on_the_plate_s0_r6_clean_detect,libero_spatial,CLEAN,TIER_X_REJECTED,False,False,False,False,False,False,False,False,False,False
/data/liuyu/outputs/overnight_multilane_followup_20260522/goal_put_the_bowl_on_the_plate_s5_r4_clean_detect,libero_spatial,CLEAN,TIER_X_REJECTED,False,False,False,False,False,False,False,False,False,False
/data/liuyu/outputs/overnight_multilane_followup_20260522/goal_put_the_bowl_on_the_plate_s5_r8_clean_detect,libero_spatial,CLEAN,TIER_X_REJECTED,False,False,False,False,False,False,False,False,False,False
/data/liuyu/outputs/overnight_multilane_followup_20260522/goal_put_the_bowl_on_the_plate_s4_r3_clean_detect,libero_spatial,CLEAN,TIER_X_REJECTED,False,False,False,False,False,False,False,False,False,False
/data/liuyu/outputs/overnight_multilane_followup_20260522/goal_put_the_bowl_on_the_plate_s5_r11_clean_detect,libero_spatial,CLEAN,TIER_X_REJECTED,False,False,False,False,False,False,False,False,False,False
/data/liuyu/outputs/overnight_multilane_followup_20260522/goal_put_the_bowl_on_the_plate_s4_r6_clean_detect,libero_spatial,CLEAN,TIER_X_REJECTED,False,False,False,False,False,False,False,False,False,False
/data/liuyu/outputs/overnight_multilane_followup_20260522/goal_put_the_bowl_on_the_plate_s0_r5_clean_detect,libero_spatial,CLEAN,TIER_X_REJECTED,False,False,False,False,False,False,False,False,False,False
/data/liuyu/outputs/overnight_multilane_followup_20260522/goal_put_the_bowl_on_the_plate_s5_r9_clean_detect,libero_spatial,CLEAN,TIER_X_REJECTED,False,False,False,False,False,False,False,False,False,False
/data/liuyu/outputs/overnight_multilane_followup_20260522/goal_put_the_bowl_on_the_plate_s4_r7_clean_detect,libero_spatial,CLEAN,TIER_X_REJECTED,False,False,False,False,False,False,False,False,False,False
/data/liuyu/outputs/overnight_multilane_followup_20260522/goal_put_the_bowl_on_the_plate_s5_r6_clean_detect,libero_spatial,CLEAN,TIER_X_REJECTED,False,False,False,False,False,False,False,False,False,False
/data/liuyu/outputs/overnight_multilane_followup_20260522/goal_put_the_bowl_on_the_plate_s5_r5_clean_detect,libero_spatial,CLEAN,TIER_X_REJECTED,False,False,False,False,False,False,False,False,False,False
/data/liuyu/outputs/overnight_multilane_followup_20260522/goal_put_the_bowl_on_the_plate_s5_r3_clean_detect,libero_spatial,CLEAN,TIER_X_REJECTED,False,False,False,False,False,False,False,False,False,False
/data/liuyu/outputs/overnight_multilane_followup_20260522/goal_put_the_bowl_on_the_plate_s0_r7_clean_detect,libero_spatial,CLEAN,TIER_X_REJECTED,False,False,False,False,False,False,False,False,False,False
/data/liuyu/outputs/overnight_multilane_followup_20260522/goal_put_the_bowl_on_the_plate_s5_r12_clean_detect,libero_spatial,CLEAN,TIER_X_REJECTED,False,False,False,False,False,False,False,False,False,False
/data/liuyu/outputs/overnight_multilane_followup_20260522/goal_put_the_bowl_on_the_plate_s5_r10_clean_detect,libero_spatial,CLEAN,TIER_X_REJECTED,False,False,False,False,False,False,False,False,False,False
/data/liuyu/outputs/overnight_multilane_followup_20260522/goal_put_the_bowl_on_the_plate_s4_r4_clean_detect,libero_spatial,CLEAN,TIER_X_REJECTED,False,False,False,False,False,False,False,False,False,False
/data/liuyu/outputs/overnight_multilane_followup_20260522/goal_put_the_bowl_on_the_plate_s4_r5_clean_detect,libero_spatial,CLEAN,TIER_X_REJECTED,False,False,False,False,False,False,False,False,False,False
/data/liuyu/outputs/overnight_multilane_followup_20260522/goal_put_the_bowl_on_the_plate_s0_r3_clean_detect,libero_spatial,CLEAN,TIER_X_REJECTED,False,False,False,False,False,False,False,False,False,False
/data/liuyu/outputs/overnight_multilane_followup_20260522/goal_put_the_bowl_on_the_plate_s0_r4_clean_detect,libero_spatial,CLEAN,TIER_X_REJECTED,False,False,False,False,False,False,False,False,False,False
/data/liuyu/outputs/milestone_2j_visual_fusion_online_pilot_v3_20260530/runs/libero_object/v3_tomato_sus30_tomato_sauce_s0,,NON_CLEAN_OR_ATTACK,TIER_X_REJECTED,False,False,False,False,False,False,False,False,False,False
/data/liuyu/outputs/milestone_2j_visual_fusion_online_pilot_v3_20260530/runs/libero_object/v3_tomato_clean_tomato_sauce_s0,,CLEAN,TIER_X_REJECTED,False,False,False,False,False,False,False,False,False,False
/data/liuyu/outputs/milestone_2j_visual_fusion_online_pilot_v3_20260530/runs/libero_object/v3_tomato_clean_tomato_sauce_s1,,CLEAN,TIER_X_REJECTED,False,False,False,False,False,False,False,False,False,False
/data/liuyu/outputs/milestone_2j_visual_fusion_online_pilot_v3_20260530/runs/libero_object/v3_cream_sus30_cream_cheese_s1,,NON_CLEAN_OR_ATTACK,TIER_X_REJECTED,False,False,False,False,False,False,False,False,False,False
/data/liuyu/outputs/milestone_2j_visual_fusion_online_pilot_v3_20260530/runs/libero_object/v3_tomato_clean_tomato_sauce_s2,,CLEAN,TIER_X_REJECTED,False,False,False,False,False,False,False,False,False,False
/data/liuyu/outputs/milestone_2j_visual_fusion_online_pilot_v3_20260530/runs/libero_object/v3_salad_clean_salad_dressing_s0,,CLEAN,TIER_X_REJECTED,False,False,False,False,False,False,False,False,False,False
/data/liuyu/outputs/milestone_2j_visual_fusion_online_pilot_v3_20260530/runs/libero_object/v3_cream_clean_cream_cheese_s0,,CLEAN,TIER_X_REJECTED,False,False,False,False,False,False,False,False,False,False
/data/liuyu/outputs/milestone_2j_visual_fusion_online_pilot_v3_20260530/runs/libero_object/v3_ketchup_sus30_ketchup_s2,,NON_CLEAN_OR_ATTACK,TIER_X_REJECTED,False,False,False,False,False,False,False,False,False,False
/data/liuyu/outputs/milestone_2j_visual_fusion_online_pilot_v3_20260530/runs/libero_object/v3_ketchup_sus30_ketchup_s1,,NON_CLEAN_OR_ATTACK,TIER_X_REJECTED,False,False,False,False,False,False,False,False,False,False
/data/liuyu/outputs/milestone_2j_visual_fusion_online_pilot_v3_20260530/runs/libero_object/v3_tomato_sus30_tomato_sauce_s1,,NON_CLEAN_OR_ATTACK,TIER_X_REJECTED,False,False,False,False,False,False,False,False,False,False
/data/liuyu/outputs/milestone_2j_visual_fusion_online_pilot_v3_20260530/runs/libero_object/v3_cream_sus30_cream_cheese_s2,,NON_CLEAN_OR_ATTACK,TIER_X_REJECTED,False,False,False,False,False,False,False,False,False,False
/data/liuyu/outputs/milestone_2j_visual_fusion_online_pilot_v3_20260530/runs/libero_object/v3_ketchup_clean_ketchup_s0,,CLEAN,TIER_X_REJECTED,False,False,False,False,False,False,False,False,False,False
/data/liuyu/outputs/milestone_2j_visual_fusion_online_pilot_v3_20260530/runs/libero_object/v3_cream_sus30_cream_cheese_s0,,NON_CLEAN_OR_ATTACK,TIER_X_REJECTED,False,False,False,False,False,False,False,False,False,False
/data/liuyu/outputs/milestone_2j_visual_fusion_online_pilot_v3_20260530/runs/libero_object/v3_salad_sus30_salad_dressing_s0,,NON_CLEAN_OR_ATTACK,TIER_X_REJECTED,False,False,False,False,False,False,False,False,False,False
/data/liuyu/outputs/milestone_2j_visual_fusion_online_pilot_v3_20260530/runs/libero_object/v3_salad_sus30_salad_dressing_s1,,NON_CLEAN_OR_ATTACK,TIER_X_REJECTED,False,False,False,False,False,False,False,False,False,False
/data/liuyu/outputs/milestone_2j_visual_fusion_online_pilot_v3_20260530/runs/libero_object/v3_salad_clean_salad_dressing_s2,,CLEAN,TIER_X_REJECTED,False,False,False,False,False,False,False,False,False,False
/data/liuyu/outputs/milestone_2j_visual_fusion_online_pilot_v3_20260530/runs/libero_object/v3_ketchup_clean_ketchup_s2,,CLEAN,TIER_X_REJECTED,False,False,False,False,False,False,False,False,False,False
/data/liuyu/outputs/milestone_2j_visual_fusion_online_pilot_v3_20260530/runs/libero_object/v3_tomato_sus30_tomato_sauce_s2,,NON_CLEAN_OR_ATTACK,TIER_X_REJECTED,False,False,False,False,False,False,False,False,False,False
/data/liuyu/outputs/milestone_2j_visual_fusion_online_pilot_v3_20260530/runs/libero_object/v3_salad_clean_salad_dressing_s1,,CLEAN,TIER_X_REJECTED,False,False,False,False,False,False,False,False,False,False
/data/liuyu/outputs/milestone_2j_visual_fusion_online_pilot_v3_20260530/runs/libero_object/v3_cream_clean_cream_cheese_s1,,CLEAN,TIER_X_REJECTED,False,False,False,False,False,False,False,False,False,False
/data/liuyu/outputs/milestone_2j_visual_fusion_online_pilot_v3_20260530/runs/libero_object/v3_ketchup_sus30_ketchup_s0,,NON_CLEAN_OR_ATTACK,TIER_X_REJECTED,False,False,False,False,False,False,False,False,False,False
/data/liuyu/outputs/milestone_2j_visual_fusion_online_pilot_v3_20260530/runs/libero_object/v3_cream_clean_cream_cheese_s2,,CLEAN,TIER_X_REJECTED,False,False,False,False,False,False,False,False,False,False
/data/liuyu/outputs/milestone_2j_visual_fusion_online_pilot_v3_20260530/runs/libero_object/v3_salad_sus30_salad_dressing_s2,,NON_CLEAN_OR_ATTACK,TIER_X_REJECTED,False,False,False,False,False,False,False,False,False,False
/data/liuyu/outputs/milestone_2j_visual_fusion_online_pilot_v3_20260530/runs/libero_object/v3_ketchup_clean_ketchup_s1,,CLEAN,TIER_X_REJECTED,False,False,False,False,False,False,False,False,False,False
/data/liuyu/outputs/cross_suite_clean_300_20260619_r1_6379397/A/waveA_libero_spatial_t08_s02,libero_spatial,CLEAN,CURRENT_IN_PROGRESS,False,False,False,False,False,False,False,False,False,False
/data/liuyu/outputs/cross_suite_clean_300_20260619_r1_6379397/A/waveA_libero_spatial_t01_s00,libero_spatial,CLEAN,CURRENT_IN_PROGRESS,False,False,False,False,False,False,False,False,False,False
/data/liuyu/outputs/cross_suite_clean_300_20260619_r1_6379397/A/waveA_libero_spatial_t09_s00,libero_spatial,CLEAN,CURRENT_IN_PROGRESS,False,False,False,False,False,False,False,False,False,False
/data/liuyu/outputs/cross_suite_clean_300_20260619_r1_6379397/A/waveA_libero_spatial_t00_s01,libero_spatial,CLEAN,CURRENT_IN_PROGRESS,False,False,False,False,False,False,False,False,False,False
/data/liuyu/outputs/cross_suite_clean_300_20260619_r1_6379397/A/waveA_libero_spatial_t05_s02,libero_spatial,CLEAN,CURRENT_IN_PROGRESS,False,False,False,False,False,False,False,False,False,False
/data/liuyu/outputs/cross_suite_clean_300_20260619_r1_6379397/A/waveA_libero_spatial_t07_s01,libero_spatial,CLEAN,CURRENT_IN_PROGRESS,False,False,False,False,False,False,False,False,False,False
/data/liuyu/outputs/cross_suite_clean_300_20260619_r1_6379397/A/waveA_libero_spatial_t07_s04,libero_spatial,CLEAN,CURRENT_IN_PROGRESS,False,False,False,False,False,False,False,False,False,False
/data/liuyu/outputs/cross_suite_clean_300_20260619_r1_6379397/A/waveA_libero_spatial_t08_s04,libero_spatial,CLEAN,CURRENT_IN_PROGRESS,False,False,False,False,False,False,False,False,False,False
/data/liuyu/outputs/cross_suite_clean_300_20260619_r1_6379397/A/waveA_libero_spatial_t01_s03,libero_spatial,CLEAN,CURRENT_IN_PROGRESS,False,False,False,False,False,False,False,False,False,False
/data/liuyu/outputs/cross_suite_clean_300_20260619_r1_6379397/A/waveA_libero_spatial_t04_s00,libero_spatial,CLEAN,CURRENT_IN_PROGRESS,False,False,False,False,False,False,False,False,False,False
/data/liuyu/outputs/cross_suite_clean_300_20260619_r1_6379397/A/waveA_libero_spatial_t01_s02,libero_spatial,CLEAN,CURRENT_IN_PROGRESS,False,False,False,False,False,False,False,False,False,False
/data/liuyu/outputs/cross_suite_clean_300_20260619_r1_6379397/A/waveA_libero_spatial_t02_s04,libero_spatial,CLEAN,CURRENT_IN_PROGRESS,False,False,False,False,False,False,False,False,False,False
/data/liuyu/outputs/cross_suite_clean_300_20260619_r1_6379397/A/waveA_libero_spatial_t09_s01,libero_spatial,CLEAN,CURRENT_IN_PROGRESS,False,False,False,False,False,False,False,False,False,False
/data/liuyu/outputs/cross_suite_clean_300_20260619_r1_6379397/A/waveA_libero_spatial_t07_s00,libero_spatial,CLEAN,CURRENT_IN_PROGRESS,False,False,False,False,False,False,False,False,False,False
/data/liuyu/outputs/cross_suite_clean_300_20260619_r1_6379397/A/waveA_libero_spatial_t07_s02,libero_spatial,CLEAN,CURRENT_IN_PROGRESS,False,False,False,False,False,False,False,False,False,False
/data/liuyu/outputs/cross_suite_clean_300_20260619_r1_6379397/A/waveA_libero_spatial_t02_s00,libero_spatial,CLEAN,CURRENT_IN_PROGRESS,False,False,False,False,False,False,False,False,False,False
/data/liuyu/outputs/cross_suite_clean_300_20260619_r1_6379397/A/waveA_libero_spatial_t03_s03,libero_spatial,CLEAN,CURRENT_IN_PROGRESS,False,False,False,False,False,False,False,False,False,False
/data/liuyu/outputs/cross_suite_clean_300_20260619_r1_6379397/A/waveA_libero_spatial_t06_s02,libero_spatial,CLEAN,CURRENT_IN_PROGRESS,False,False,False,False,False,False,False,False,False,False
/data/liuyu/outputs/cross_suite_clean_300_20260619_r1_6379397/A/waveA_libero_spatial_t06_s04,libero_spatial,CLEAN,CURRENT_IN_PROGRESS,False,False,False,False,False,False,False,False,False,False
/data/liuyu/outputs/cross_suite_clean_300_20260619_r1_6379397/A/waveA_libero_spatial_t00_s03,libero_spatial,CLEAN,CURRENT_IN_PROGRESS,False,False,False,False,False,False,False,False,False,False
/data/liuyu/outputs/cross_suite_clean_300_20260619_r1_6379397/A/waveA_libero_spatial_t05_s04,libero_spatial,CLEAN,CURRENT_IN_PROGRESS,False,False,False,False,False,False,False,False,False,False
/data/liuyu/outputs/cross_suite_clean_300_20260619_r1_6379397/A/waveA_libero_spatial_t00_s00,libero_spatial,CLEAN,CURRENT_IN_PROGRESS,False,False,False,False,False,False,False,False,False,False
/data/liuyu/outputs/cross_suite_clean_300_20260619_r1_6379397/A/waveA_libero_spatial_t00_s02,libero_spatial,CLEAN,CURRENT_IN_PROGRESS,False,False,False,False,False,False,False,False,False,False
/data/liuyu/outputs/cross_suite_clean_300_20260619_r1_6379397/A/waveA_libero_spatial_t08_s01,libero_spatial,CLEAN,CURRENT_IN_PROGRESS,False,False,False,False,False,False,False,False,False,False
/data/liuyu/outputs/cross_suite_clean_300_20260619_r1_6379397/A/waveA_libero_spatial_t06_s01,libero_spatial,CLEAN,CURRENT_IN_PROGRESS,False,False,False,False,False,False,False,False,False,False
/data/liuyu/outputs/cross_suite_clean_300_20260619_r1_6379397/A/waveA_libero_spatial_t03_s02,libero_spatial,CLEAN,CURRENT_IN_PROGRESS,False,False,False,False,False,False,False,False,False,False
/data/liuyu/outputs/cross_suite_clean_300_20260619_r1_6379397/A/waveA_libero_spatial_t09_s02,libero_spatial,CLEAN,CURRENT_IN_PROGRESS,False,False,False,False,False,False,False,False,False,False
/data/liuyu/outputs/cross_suite_clean_300_20260619_r1_6379397/A/waveA_libero_spatial_t04_s04,libero_spatial,CLEAN,CURRENT_IN_PROGRESS,False,False,False,False,False,False,False,False,False,False
/data/liuyu/outputs/cross_suite_clean_300_20260619_r1_6379397/A/waveA_libero_spatial_t03_s00,libero_spatial,CLEAN,CURRENT_IN_PROGRESS,False,False,False,False,False,False,False,False,False,False
/data/liuyu/outputs/cross_suite_clean_300_20260619_r1_6379397/A/waveA_libero_spatial_t08_s03,libero_spatial,CLEAN,CURRENT_IN_PROGRESS,False,False,False,False,False,False,False,False,False,False
/data/liuyu/outputs/cross_suite_clean_300_20260619_r1_6379397/A/waveA_libero_spatial_t01_s04,libero_spatial,CLEAN,CURRENT_IN_PROGRESS,False,False,False,False,False,False,False,False,False,False
/data/liuyu/outputs/cross_suite_clean_300_20260619_r1_6379397/A/waveA_libero_spatial_t06_s00,libero_spatial,CLEAN,CURRENT_IN_PROGRESS,False,False,False,False,False,False,False,False,False,False
/data/liuyu/outputs/cross_suite_clean_300_20260619_r1_6379397/A/waveA_libero_spatial_t06_s03,libero_spatial,CLEAN,CURRENT_IN_PROGRESS,False,False,False,False,False,False,False,False,False,False
/data/liuyu/outputs/cross_suite_clean_300_20260619_r1_6379397/A/waveA_libero_spatial_t05_s03,libero_spatial,CLEAN,CURRENT_IN_PROGRESS,False,False,False,False,False,False,False,False,False,False
/data/liuyu/outputs/cross_suite_clean_300_20260619_r1_6379397/A/waveA_libero_spatial_t05_s01,libero_spatial,CLEAN,CURRENT_IN_PROGRESS,False,False,False,False,False,False,False,False,False,False
/data/liuyu/outputs/cross_suite_clean_300_20260619_r1_6379397/A/waveA_libero_spatial_t02_s01,libero_spatial,CLEAN,CURRENT_IN_PROGRESS,False,False,False,False,False,False,False,False,False,False
/data/liuyu/outputs/cross_suite_clean_300_20260619_r1_6379397/A/waveA_libero_spatial_t03_s01,libero_spatial,CLEAN,CURRENT_IN_PROGRESS,False,False,False,False,False,False,False,False,False,False
/data/liuyu/outputs/cross_suite_clean_300_20260619_r1_6379397/A/waveA_libero_spatial_t09_s04,libero_spatial,CLEAN,CURRENT_IN_PROGRESS,False,False,False,False,False,False,False,False,False,False
/data/liuyu/outputs/cross_suite_clean_300_20260619_r1_6379397/A/waveA_libero_spatial_t08_s00,libero_spatial,CLEAN,CURRENT_IN_PROGRESS,False,False,False,False,False,False,False,False,False,False
/data/liuyu/outputs/cross_suite_clean_300_20260619_r1_6379397/A/waveA_libero_spatial_t02_s02,libero_spatial,CLEAN,CURRENT_IN_PROGRESS,False,False,False,False,False,False,False,False,False,False
/data/liuyu/outputs/cross_suite_clean_300_20260619_r1_6379397/A/waveA_libero_goal_t00_s00,libero_goal,CLEAN,CURRENT_IN_PROGRESS,False,False,False,False,False,False,False,False,False,False
/data/liuyu/outputs/cross_suite_clean_300_20260619_r1_6379397/A/waveA_libero_spatial_t01_s01,libero_spatial,CLEAN,CURRENT_IN_PROGRESS,False,False,False,False,False,False,False,False,False,False
/data/liuyu/outputs/cross_suite_clean_300_20260619_r1_6379397/A/waveA_libero_spatial_t05_s00,libero_spatial,CLEAN,CURRENT_IN_PROGRESS,False,False,False,False,False,False,False,False,False,False
/data/liuyu/outputs/cross_suite_clean_300_20260619_r1_6379397/A/waveA_libero_spatial_t02_s03,libero_spatial,CLEAN,CURRENT_IN_PROGRESS,False,False,False,False,False,False,False,False,False,False
/data/liuyu/outputs/cross_suite_clean_300_20260619_r1_6379397/A/waveA_libero_spatial_t00_s04,libero_spatial,CLEAN,CURRENT_IN_PROGRESS,False,False,False,False,False,False,False,False,False,False
/data/liuyu/outputs/cross_suite_clean_300_20260619_r1_6379397/A/waveA_libero_spatial_t09_s03,libero_spatial,CLEAN,CURRENT_IN_PROGRESS,False,False,False,False,False,False,False,False,False,False
/data/liuyu/outputs/cross_suite_clean_300_20260619_r1_6379397/A/waveA_libero_spatial_t04_s02,libero_spatial,CLEAN,CURRENT_IN_PROGRESS,False,False,False,False,False,False,False,False,False,False
/data/liuyu/outputs/cross_suite_clean_300_20260619_r1_6379397/A/waveA_libero_spatial_t04_s01,libero_spatial,CLEAN,CURRENT_IN_PROGRESS,False,False,False,False,False,False,False,False,False,False
/data/liuyu/outputs/cross_suite_clean_300_20260619_r1_6379397/A/waveA_libero_spatial_t03_s04,libero_spatial,CLEAN,CURRENT_IN_PROGRESS,False,False,False,False,False,False,False,False,False,False
/data/liuyu/outputs/cross_suite_clean_300_20260619_r1_6379397/A/waveA_libero_spatial_t04_s03,libero_spatial,CLEAN,CURRENT_IN_PROGRESS,False,False,False,False,False,False,False,False,False,False
/data/liuyu/outputs/cross_suite_clean_300_20260619_r1_6379397/A/waveA_libero_spatial_t07_s03,libero_spatial,CLEAN,CURRENT_IN_PROGRESS,False,False,False,False,False,False,False,False,False,False
/data/liuyu/outputs/milestone_2d_phase_c2_privileged_artifact_rich_object_smoke_20260527/runs/libero_object/pick_up_the_cream_cheese_and_place_it_in_the_basket_state6,,CONDITION_UNVERIFIED,TIER_X_REJECTED,False,False,False,False,False,False,False,False,False,False
/data/liuyu/outputs/milestone_2d_phase_c2_privileged_artifact_rich_object_smoke_20260527/runs/libero_object/pick_up_the_cream_cheese_and_place_it_in_the_basket_state5,,CONDITION_UNVERIFIED,TIER_X_REJECTED,False,False,False,False,False,False,False,False,False,False
/data/liuyu/outputs/milestone_2d_phase_c2_privileged_artifact_rich_object_smoke_20260527/runs/libero_object/pick_up_the_bbq_sauce_and_place_it_in_the_basket_state8,,CONDITION_UNVERIFIED,TIER_X_REJECTED,False,False,False,False,False,False,False,False,False,False
/data/liuyu/outputs/milestone_2d_phase_c2_privileged_artifact_rich_object_smoke_20260527/runs/libero_object/pick_up_the_bbq_sauce_and_place_it_in_the_basket_state6,,CONDITION_UNVERIFIED,TIER_X_REJECTED,False,False,False,False,False,False,False,False,False,False
/data/liuyu/outputs/milestone_2d_phase_c2_privileged_artifact_rich_object_smoke_20260527/runs/libero_object/pick_up_the_bbq_sauce_and_place_it_in_the_basket_state1,,CONDITION_UNVERIFIED,TIER_X_REJECTED,False,False,False,False,False,False,False,False,False,False
/data/liuyu/outputs/milestone_2d_phase_c2_privileged_artifact_rich_object_smoke_20260527/runs/libero_object/pick_up_the_milk_and_place_it_in_the_basket_state1,,CONDITION_UNVERIFIED,TIER_X_REJECTED,False,False,False,False,False,False,False,False,False,False
/data/liuyu/outputs/milestone_2d_phase_c2_privileged_artifact_rich_object_smoke_20260527/runs/libero_object/pick_up_the_milk_and_place_it_in_the_basket_state9,,CONDITION_UNVERIFIED,TIER_X_REJECTED,False,False,False,False,False,False,False,False,False,False
/data/liuyu/outputs/milestone_2d_phase_c2_privileged_artifact_rich_object_smoke_20260527/runs/libero_object/pick_up_the_milk_and_place_it_in_the_basket_state4,,CONDITION_UNVERIFIED,TIER_X_REJECTED,False,False,False,False,False,False,False,False,False,False
/data/liuyu/outputs/milestone_2d_phase_c2_privileged_artifact_rich_object_smoke_20260527/runs/libero_object/pick_up_the_milk_and_place_it_in_the_basket_state5,,CONDITION_UNVERIFIED,TIER_X_REJECTED,False,False,False,False,False,False,False,False,False,False
/data/liuyu/outputs/milestone_2d_phase_c2_privileged_artifact_rich_object_smoke_20260527/runs/libero_object/pick_up_the_bbq_sauce_and_place_it_in_the_basket_state5,,CONDITION_UNVERIFIED,TIER_X_REJECTED,False,False,False,False,False,False,False,False,False,False
/data/liuyu/outputs/milestone_2d_phase_c2_privileged_artifact_rich_object_smoke_20260527/runs/libero_object/pick_up_the_cream_cheese_and_place_it_in_the_basket_state3,,CONDITION_UNVERIFIED,TIER_X_REJECTED,False,False,False,False,False,False,False,False,False,False
/data/liuyu/outputs/milestone_2d_phase_c2_privileged_artifact_rich_object_smoke_20260527/runs/libero_object/pick_up_the_cream_cheese_and_place_it_in_the_basket_state7,,CONDITION_UNVERIFIED,TIER_X_REJECTED,False,False,False,False,False,False,False,False,False,False
/data/liuyu/outputs/milestone_2d_phase_c2_privileged_artifact_rich_object_smoke_20260527/runs/libero_object/pick_up_the_cream_cheese_and_place_it_in_the_basket_state4,,CONDITION_UNVERIFIED,TIER_X_REJECTED,False,False,False,False,False,False,False,False,False,False
/data/liuyu/outputs/milestone_2d_phase_c2_privileged_artifact_rich_object_smoke_20260527/runs/libero_object/pick_up_the_cream_cheese_and_place_it_in_the_basket_state8,,CONDITION_UNVERIFIED,TIER_X_REJECTED,False,False,False,False,False,False,False,False,False,False
/data/liuyu/outputs/milestone_2d_phase_c2_privileged_artifact_rich_object_smoke_20260527/runs/libero_object/pick_up_the_bbq_sauce_and_place_it_in_the_basket_state2,,CONDITION_UNVERIFIED,TIER_X_REJECTED,False,False,False,False,False,False,False,False,False,False
/data/liuyu/outputs/milestone_2d_phase_c2_privileged_artifact_rich_object_smoke_20260527/runs/libero_object/pick_up_the_milk_and_place_it_in_the_basket_state3,,CONDITION_UNVERIFIED,TIER_X_REJECTED,False,False,False,False,False,False,False,False,False,False
/data/liuyu/outputs/milestone_2d_phase_c2_privileged_artifact_rich_object_smoke_20260527/runs/libero_object/pick_up_the_milk_and_place_it_in_the_basket_state0,,CONDITION_UNVERIFIED,TIER_X_REJECTED,False,False,False,False,False,False,False,False,False,False
/data/liuyu/outputs/milestone_2d_phase_c2_privileged_artifact_rich_object_smoke_20260527/runs/libero_object/pick_up_the_cream_cheese_and_place_it_in_the_basket_state9,,CONDITION_UNVERIFIED,TIER_X_REJECTED,False,False,False,False,False,False,False,False,False,False
/data/liuyu/outputs/milestone_2d_phase_c2_privileged_artifact_rich_object_smoke_20260527/runs/libero_object/pick_up_the_milk_and_place_it_in_the_basket_state8,,CONDITION_UNVERIFIED,TIER_X_REJECTED,False,False,False,False,False,False,False,False,False,False
/data/liuyu/outputs/milestone_2d_phase_c2_privileged_artifact_rich_object_smoke_20260527/runs/libero_object/pick_up_the_bbq_sauce_and_place_it_in_the_basket_state7,,CONDITION_UNVERIFIED,TIER_X_REJECTED,False,False,False,False,False,False,False,False,False,False
/data/liuyu/outputs/milestone_2d_phase_c2_privileged_artifact_rich_object_smoke_20260527/runs/libero_object/pick_up_the_milk_and_place_it_in_the_basket_state7,,CONDITION_UNVERIFIED,TIER_X_REJECTED,False,False,False,False,False,False,False,False,False,False
/data/liuyu/outputs/milestone_2d_phase_c2_privileged_artifact_rich_object_smoke_20260527/runs/libero_object/pick_up_the_cream_cheese_and_place_it_in_the_basket_state1,,CONDITION_UNVERIFIED,TIER_X_REJECTED,False,False,False,False,False,False,False,False,False,False
/data/liuyu/outputs/milestone_2d_phase_c2_privileged_artifact_rich_object_smoke_20260527/runs/libero_object/pick_up_the_bbq_sauce_and_place_it_in_the_basket_state3,,CONDITION_UNVERIFIED,TIER_X_REJECTED,False,False,False,False,False,False,False,False,False,False
/data/liuyu/outputs/milestone_2d_phase_c2_privileged_artifact_rich_object_smoke_20260527/runs/libero_object/pick_up_the_bbq_sauce_and_place_it_in_the_basket_state4,,CONDITION_UNVERIFIED,TIER_X_REJECTED,False,False,False,False,False,False,False,False,False,False
/data/liuyu/outputs/milestone_2d_phase_c2_privileged_artifact_rich_object_smoke_20260527/runs/libero_object/pick_up_the_milk_and_place_it_in_the_basket_state6,,CONDITION_UNVERIFIED,TIER_X_REJECTED,False,False,False,False,False,False,False,False,False,False
/data/liuyu/outputs/milestone_2d_phase_c2_privileged_artifact_rich_object_smoke_20260527/runs/libero_object/pick_up_the_cream_cheese_and_place_it_in_the_basket_state2,,CONDITION_UNVERIFIED,TIER_X_REJECTED,False,False,False,False,False,False,False,False,False,False
/data/liuyu/outputs/milestone_2d_phase_c2_privileged_artifact_rich_object_smoke_20260527/runs/libero_object/pick_up_the_bbq_sauce_and_place_it_in_the_basket_state9,,CONDITION_UNVERIFIED,TIER_X_REJECTED,False,False,False,False,False,False,False,False,False,False
/data/liuyu/outputs/milestone_2d_phase_c2_privileged_artifact_rich_object_smoke_20260527/runs/libero_object/pick_up_the_milk_and_place_it_in_the_basket_state2,,CONDITION_UNVERIFIED,TIER_X_REJECTED,False,False,False,False,False,False,False,False,False,False
/data/liuyu/outputs/milestone_2d_phase_c2_privileged_artifact_rich_object_smoke_20260527/runs/libero_object/pick_up_the_cream_cheese_and_place_it_in_the_basket_state0,,CONDITION_UNVERIFIED,TIER_X_REJECTED,False,False,False,False,False,False,False,False,False,False
/data/liuyu/outputs/milestone_2d_phase_c2_privileged_artifact_rich_object_smoke_20260527/runs/libero_object/pick_up_the_bbq_sauce_and_place_it_in_the_basket_state0,,CONDITION_UNVERIFIED,TIER_X_REJECTED,False,False,False,False,False,False,False,False,False,False
/data/liuyu/outputs/libero_full4_state0_balanced_clean_20260519_gpu014526/old2080ti_20260518_full4_clean_goal_turn_on_the_stove_state2_seed1_clean,libero_goal,CLEAN,TIER_X_REJECTED,False,False,False,False,False,False,False,False,False,False
/data/liuyu/outputs/libero_full4_state0_balanced_clean_20260519_gpu014526/old2080ti_20260518_full4_clean_spatial_pick_up_the_black_bowl_next_to_the_ramekin_and_place_it_on_the_plate_state1_seed1_clean,libero_spatial,CLEAN,TIER_X_REJECTED,False,False,False,False,False,False,False,False,False,False
/data/liuyu/outputs/libero_full4_state0_balanced_clean_20260519_gpu014526/old2080ti_20260518_full4_clean_goal_open_the_middle_drawer_of_the_cabinet_state1_seed1_clean,libero_goal,CLEAN,TIER_X_REJECTED,False,False,False,False,False,False,False,False,False,False
/data/liuyu/outputs/libero_full4_state0_balanced_clean_20260519_gpu014526/old2080ti_20260518_full4_clean_goal_open_the_top_drawer_and_put_the_bowl_inside_state1_seed1_clean,libero_goal,CLEAN,TIER_X_REJECTED,False,False,False,False,False,False,False,False,False,False
/data/liuyu/outputs/libero_full4_state0_balanced_clean_20260519_gpu014526/old2080ti_20260518_full4_clean_object_pick_up_the_milk_and_place_it_in_the_basket_state0_seed1_clean,,CLEAN,TIER_X_REJECTED,False,False,False,False,False,False,False,False,False,False
/data/liuyu/outputs/libero_full4_state0_balanced_clean_20260519_gpu014526/old2080ti_20260518_full4_clean_spatial_pick_up_the_black_bowl_next_to_the_plate_and_place_it_on_the_plate_state0_seed1_clean,libero_spatial,CLEAN,TIER_X_REJECTED,False,False,False,False,False,False,False,False,False,False
/data/liuyu/outputs/libero_full4_state0_balanced_clean_20260519_gpu014526/old2080ti_20260518_full4_clean_object_pick_up_the_bbq_sauce_and_place_it_in_the_basket_state0_seed1_clean,,CLEAN,TIER_X_REJECTED,False,False,False,False,False,False,False,False,False,False
/data/liuyu/outputs/libero_full4_state0_balanced_clean_20260519_gpu014526/old2080ti_20260518_full4_clean_object_pick_up_the_ketchup_and_place_it_in_the_basket_state1_seed1_clean,,CLEAN,TIER_X_REJECTED,False,False,False,False,False,False,False,False,False,False
/data/liuyu/outputs/libero_full4_state0_balanced_clean_20260519_gpu014526/old2080ti_20260518_full4_clean_object_pick_up_the_chocolate_pudding_and_place_it_in_the_basket_state2_seed1_clean,,CLEAN,TIER_X_REJECTED,False,False,False,False,False,False,False,False,False,False
/data/liuyu/outputs/libero_full4_state0_balanced_clean_20260519_gpu014526/old2080ti_20260518_full4_clean_goal_push_the_plate_to_the_front_of_the_stove_state2_seed1_clean,libero_goal,CLEAN,TIER_X_REJECTED,False,False,False,False,False,False,False,False,False,False
/data/liuyu/outputs/libero_full4_state0_balanced_clean_20260519_gpu014526/old2080ti_20260518_full4_clean_spatial_pick_up_the_black_bowl_on_the_stove_and_place_it_on_the_plate_state2_seed1_clean,libero_spatial,CLEAN,TIER_X_REJECTED,False,False,False,False,False,False,False,False,False,False
/data/liuyu/outputs/libero_full4_state0_balanced_clean_20260519_gpu014526/old2080ti_20260518_full4_clean_object_pick_up_the_cream_cheese_and_place_it_in_the_basket_state1_seed1_clean,,CLEAN,TIER_X_REJECTED,False,False,False,False,False,False,False,False,False,False
/data/liuyu/outputs/libero_full4_state0_balanced_clean_20260519_gpu014526/old2080ti_20260518_full4_clean_spatial_pick_up_the_black_bowl_on_the_stove_and_place_it_on_the_plate_state1_seed1_clean,libero_spatial,CLEAN,TIER_X_REJECTED,False,False,False,False,False,False,False,False,False,False
/data/liuyu/outputs/libero_full4_state0_balanced_clean_20260519_gpu014526/old2080ti_20260518_full4_clean_spatial_pick_up_the_black_bowl_on_the_wooden_cabinet_and_place_it_on_the_plate_state0_seed1_clean,libero_spatial,CLEAN,TIER_X_REJECTED,False,False,False,False,False,False,False,False,False,False
/data/liuyu/outputs/libero_full4_state0_balanced_clean_20260519_gpu014526/old2080ti_20260518_full4_clean_spatial_pick_up_the_black_bowl_on_the_ramekin_and_place_it_on_the_plate_state1_seed1_clean,libero_spatial,CLEAN,TIER_X_REJECTED,False,False,False,False,False,False,False,False,False,False
/data/liuyu/outputs/libero_full4_state0_balanced_clean_20260519_gpu014526/old2080ti_20260518_full4_clean_spatial_pick_up_the_black_bowl_in_the_top_drawer_of_the_wooden_cabinet_and_place_it_on_the_plate_state0_seed1_clean,libero_spatial,CLEAN,TIER_X_REJECTED,False,False,False,False,False,False,False,False,False,False
/data/liuyu/outputs/libero_full4_state0_balanced_clean_20260519_gpu014526/old2080ti_20260518_full4_smoke_goal_open_the_middle_drawer_of_the_cabinet_state0_seed1_clean,libero_goal,CLEAN,TIER_X_REJECTED,False,False,False,False,False,False,False,False,False,False
/data/liuyu/outputs/libero_full4_state0_balanced_clean_20260519_gpu014526/old2080ti_20260518_full4_clean_goal_open_the_top_drawer_and_put_the_bowl_inside_state2_seed1_clean,libero_goal,CLEAN,TIER_X_REJECTED,False,False,False,False,False,False,False,False,False,False
/data/liuyu/outputs/libero_full4_state0_balanced_clean_20260519_gpu014526/old2080ti_20260518_full4_clean_goal_push_the_plate_to_the_front_of_the_stove_state1_seed1_clean,libero_goal,CLEAN,TIER_X_REJECTED,False,False,False,False,False,False,False,False,False,False
/data/liuyu/outputs/libero_full4_state0_balanced_clean_20260519_gpu014526/old2080ti_20260518_full4_clean_libero10_kitchen_scene8_put_both_moka_pots_on_the_stove_state0_seed1_clean,libero_10,CLEAN,TIER_X_REJECTED,False,False,False,False,False,False,False,False,False,False
/data/liuyu/outputs/libero_full4_state0_balanced_clean_20260519_gpu014526/old2080ti_20260518_full4_clean_object_pick_up_the_alphabet_soup_and_place_it_in_the_basket_state1_seed1_clean,,CLEAN,TIER_X_REJECTED,False,False,False,False,False,False,False,False,False,False
/data/liuyu/outputs/libero_full4_state0_balanced_clean_20260519_gpu014526/old2080ti_20260518_full4_clean_object_pick_up_the_ketchup_and_place_it_in_the_basket_state2_seed1_clean,,CLEAN,TIER_X_REJECTED,False,False,False,False,False,False,False,False,False,False
/data/liuyu/outputs/libero_full4_state0_balanced_clean_20260519_gpu014526/old2080ti_20260518_full4_clean_goal_put_the_bowl_on_top_of_the_cabinet_state1_seed1_clean,libero_goal,CLEAN,TIER_X_REJECTED,False,False,False,False,False,False,False,False,False,False
/data/liuyu/outputs/libero_full4_state0_balanced_clean_20260519_gpu014526/old2080ti_20260518_full4_clean_goal_put_the_bowl_on_the_plate_state2_seed1_clean,libero_goal,CLEAN,TIER_X_REJECTED,False,False,False,False,False,False,False,False,False,False
/data/liuyu/outputs/libero_full4_state0_balanced_clean_20260519_gpu014526/old2080ti_20260518_full4_clean_libero10_kitchen_scene6_put_the_yellow_and_white_mug_in_the_microwave_and_close_it_state0_seed1_clean,libero_10,CLEAN,TIER_X_REJECTED,False,False,False,False,False,False,False,False,False,False
/data/liuyu/outputs/libero_full4_state0_balanced_clean_20260519_gpu014526/old2080ti_20260518_full4_clean_object_pick_up_the_tomato_sauce_and_place_it_in_the_basket_state2_seed1_clean,,CLEAN,TIER_X_REJECTED,False,False,False,False,False,False,False,False,False,False
/data/liuyu/outputs/libero_full4_state0_balanced_clean_20260519_gpu014526/old2080ti_20260518_full4_clean_spatial_pick_up_the_black_bowl_next_to_the_plate_and_place_it_on_the_plate_state1_seed1_clean,libero_spatial,CLEAN,TIER_X_REJECTED,False,False,False,False,False,False,False,False,False,False
/data/liuyu/outputs/libero_full4_state0_balanced_clean_20260519_gpu014526/old2080ti_20260518_full4_smoke_object_pick_up_the_alphabet_soup_and_place_it_in_the_basket_state0_seed1_clean,,CLEAN,TIER_X_REJECTED,False,False,False,False,False,False,False,False,False,False
/data/liuyu/outputs/libero_full4_state0_balanced_clean_20260519_gpu014526/old2080ti_20260518_full4_clean_goal_open_the_top_drawer_and_put_the_bowl_inside_state0_seed1_clean,libero_goal,CLEAN,TIER_X_REJECTED,False,False,False,False,False,False,False,False,False,False
/data/liuyu/outputs/libero_full4_state0_balanced_clean_20260519_gpu014526/old2080ti_20260518_full4_clean_libero10_living_room_scene2_put_both_the_cream_cheese_box_and_the_butter_in_the_basket_state0_seed1_clean,libero_10,CLEAN,TIER_X_REJECTED,False,False,False,False,False,False,False,False,False,False
/data/liuyu/outputs/libero_full4_state0_balanced_clean_20260519_gpu014526/old2080ti_20260518_full4_clean_goal_put_the_cream_cheese_in_the_bowl_state1_seed1_clean,libero_goal,CLEAN,TIER_X_REJECTED,False,False,False,False,False,False,False,False,False,False
/data/liuyu/outputs/libero_full4_state0_balanced_clean_20260519_gpu014526/old2080ti_20260518_full4_clean_goal_put_the_bowl_on_the_stove_state0_seed1_clean,libero_goal,CLEAN,TIER_X_REJECTED,False,False,False,False,False,False,False,False,False,False
/data/liuyu/outputs/libero_full4_state0_balanced_clean_20260519_gpu014526/old2080ti_20260518_full4_clean_goal_open_the_middle_drawer_of_the_cabinet_state0_seed1_clean,libero_goal,CLEAN,TIER_X_REJECTED,False,False,False,False,False,False,False,False,False,False
/data/liuyu/outputs/libero_full4_state0_balanced_clean_20260519_gpu014526/old2080ti_20260518_full4_clean_object_pick_up_the_alphabet_soup_and_place_it_in_the_basket_state2_seed1_clean,,CLEAN,TIER_X_REJECTED,False,False,False,False,False,False,False,False,False,False
/data/liuyu/outputs/libero_full4_state0_balanced_clean_20260519_gpu014526/old2080ti_20260518_full4_sanity_spatial_pick_up_the_black_bowl_between_the_plate_and_the_ramekin_and_place_it_on_the_plate_state0_seed1_clean,libero_spatial,CLEAN,TIER_X_REJECTED,False,False,False,False,False,False,False,False,False,False
/data/liuyu/outputs/libero_full4_state0_balanced_clean_20260519_gpu014526/old2080ti_20260518_full4_clean_goal_put_the_bowl_on_top_of_the_cabinet_state0_seed1_clean,libero_goal,CLEAN,TIER_X_REJECTED,False,False,False,False,False,False,False,False,False,False
/data/liuyu/outputs/libero_full4_state0_balanced_clean_20260519_gpu014526/old2080ti_20260518_full4_clean_object_pick_up_the_chocolate_pudding_and_place_it_in_the_basket_state0_seed1_clean,,CLEAN,TIER_X_REJECTED,False,False,False,False,False,False,False,False,False,False
/data/liuyu/outputs/libero_full4_state0_balanced_clean_20260519_gpu014526/old2080ti_20260518_full4_clean_spatial_pick_up_the_black_bowl_on_the_cookie_box_and_place_it_on_the_plate_state2_seed1_clean,libero_spatial,CLEAN,TIER_X_REJECTED,False,False,False,False,False,False,False,False,False,False
/data/liuyu/outputs/libero_full4_state0_balanced_clean_20260519_gpu014526/old2080ti_20260518_full4_smoke_spatial_pick_up_the_black_bowl_between_the_plate_and_the_ramekin_and_place_it_on_the_plate_state0_seed1_clean,libero_spatial,CLEAN,TIER_X_REJECTED,False,False,False,False,False,False,False,False,False,False
/data/liuyu/outputs/libero_full4_state0_balanced_clean_20260519_gpu014526/old2080ti_20260518_full4_clean_goal_turn_on_the_stove_state1_seed1_clean,libero_goal,CLEAN,TIER_X_REJECTED,False,False,False,False,False,False,False,False,False,False
/data/liuyu/outputs/libero_full4_state0_balanced_clean_20260519_gpu014526/old2080ti_20260518_full4_clean_libero10_living_room_scene2_put_both_the_alphabet_soup_and_the_tomato_sauce_in_the_basket_state0_seed1_clean,libero_10,CLEAN,TIER_X_REJECTED,False,False,False,False,False,False,False,False,False,False
/data/liuyu/outputs/libero_full4_state0_balanced_clean_20260519_gpu014526/old2080ti_20260518_full4_clean_spatial_pick_up_the_black_bowl_in_the_top_drawer_of_the_wooden_cabinet_and_place_it_on_the_plate_state1_seed1_clean,libero_spatial,CLEAN,TIER_X_REJECTED,False,False,False,False,False,False,False,False,False,False
/data/liuyu/outputs/libero_full4_state0_balanced_clean_20260519_gpu014526/old2080ti_20260518_full4_clean_goal_put_the_wine_bottle_on_top_of_the_cabinet_state2_seed1_clean,libero_goal,CLEAN,TIER_X_REJECTED,False,False,False,False,False,False,False,False,False,False
/data/liuyu/outputs/libero_full4_state0_balanced_clean_20260519_gpu014526/old2080ti_20260518_full4_clean_goal_put_the_bowl_on_the_plate_state0_seed1_clean,libero_goal,CLEAN,TIER_X_REJECTED,False,False,False,False,False,False,False,False,False,False
/data/liuyu/outputs/libero_full4_state0_balanced_clean_20260519_gpu014526/old2080ti_20260518_full4_clean_goal_put_the_bowl_on_top_of_the_cabinet_state2_seed1_clean,libero_goal,CLEAN,TIER_X_REJECTED,False,False,False,False,False,False,False,False,False,False
/data/liuyu/outputs/libero_full4_state0_balanced_clean_20260519_gpu014526/old2080ti_20260518_full4_clean_spatial_pick_up_the_black_bowl_on_the_cookie_box_and_place_it_on_the_plate_state1_seed1_clean,libero_spatial,CLEAN,TIER_X_REJECTED,False,False,False,False,False,False,False,False,False,False
/data/liuyu/outputs/libero_full4_state0_balanced_clean_20260519_gpu014526/old2080ti_20260518_full4_clean_goal_turn_on_the_stove_state0_seed1_clean,libero_goal,CLEAN,TIER_X_REJECTED,False,False,False,False,False,False,False,False,False,False
/data/liuyu/outputs/libero_full4_state0_balanced_clean_20260519_gpu014526/old2080ti_20260518_full4_clean_libero10_kitchen_scene4_put_the_black_bowl_in_the_bottom_drawer_of_the_cabinet_and_close_it_state0_seed1_clean,libero_10,CLEAN,TIER_X_REJECTED,False,False,False,False,False,False,False,False,False,False
/data/liuyu/outputs/libero_full4_state0_balanced_clean_20260519_gpu014526/old2080ti_20260518_full4_clean_object_pick_up_the_tomato_sauce_and_place_it_in_the_basket_state1_seed1_clean,,CLEAN,TIER_X_REJECTED,False,False,False,False,False,False,False,False,False,False
/data/liuyu/outputs/libero_full4_state0_balanced_clean_20260519_gpu014526/old2080ti_20260518_full4_clean_object_pick_up_the_cream_cheese_and_place_it_in_the_basket_state0_seed1_clean,,CLEAN,TIER_X_REJECTED,False,False,False,False,False,False,False,False,False,False
/data/liuyu/outputs/libero_full4_state0_balanced_clean_20260519_gpu014526/old2080ti_20260518_full4_clean_object_pick_up_the_butter_and_place_it_in_the_basket_state2_seed1_clean,,CLEAN,TIER_X_REJECTED,False,False,False,False,False,False,False,False,False,False
/data/liuyu/outputs/libero_full4_state0_balanced_clean_20260519_gpu014526/old2080ti_20260518_full4_clean_goal_put_the_wine_bottle_on_top_of_the_cabinet_state1_seed1_clean,libero_goal,CLEAN,TIER_X_REJECTED,False,False,False,False,False,False,False,False,False,False
/data/liuyu/outputs/libero_full4_state0_balanced_clean_20260519_gpu014526/old2080ti_20260518_full4_clean_object_pick_up_the_butter_and_place_it_in_the_basket_state0_seed1_clean,,CLEAN,TIER_X_REJECTED,False,False,False,False,False,False,False,False,False,False
/data/liuyu/outputs/libero_full4_state0_balanced_clean_20260519_gpu014526/old2080ti_20260518_full4_clean_object_pick_up_the_butter_and_place_it_in_the_basket_state1_seed1_clean,,CLEAN,TIER_X_REJECTED,False,False,False,False,False,False,False,False,False,False
/data/liuyu/outputs/libero_full4_state0_balanced_clean_20260519_gpu014526/old2080ti_20260518_full4_clean_spatial_pick_up_the_black_bowl_next_to_the_cookie_box_and_place_it_on_the_plate_state0_seed1_clean,libero_spatial,CLEAN,TIER_X_REJECTED,False,False,False,False,False,False,False,False,False,False
/data/liuyu/outputs/libero_full4_state0_balanced_clean_20260519_gpu014526/old2080ti_20260518_full4_clean_object_pick_up_the_salad_dressing_and_place_it_in_the_basket_state0_seed1_clean,,CLEAN,TIER_X_REJECTED,False,False,False,False,False,False,False,False,False,False
/data/liuyu/outputs/libero_full4_state0_balanced_clean_20260519_gpu014526/old2080ti_20260518_full4_clean_goal_open_the_middle_drawer_of_the_cabinet_state2_seed1_clean,libero_goal,CLEAN,TIER_X_REJECTED,False,False,False,False,False,False,False,False,False,False
/data/liuyu/outputs/libero_full4_state0_balanced_clean_20260519_gpu014526/old2080ti_20260518_full4_clean_object_pick_up_the_chocolate_pudding_and_place_it_in_the_basket_state1_seed1_clean,,CLEAN,TIER_X_REJECTED,False,False,False,False,False,False,False,False,False,False
/data/liuyu/outputs/libero_full4_state0_balanced_clean_20260519_gpu014526/old2080ti_20260518_full4_clean_spatial_pick_up_the_black_bowl_on_the_ramekin_and_place_it_on_the_plate_state0_seed1_clean,libero_spatial,CLEAN,TIER_X_REJECTED,False,False,False,False,False,False,False,False,False,False
/data/liuyu/outputs/libero_full4_state0_balanced_clean_20260519_gpu014526/old2080ti_20260518_full4_clean_object_pick_up_the_milk_and_place_it_in_the_basket_state2_seed1_clean,,CLEAN,TIER_X_REJECTED,False,False,False,False,False,False,False,False,False,False
/data/liuyu/outputs/libero_full4_state0_balanced_clean_20260519_gpu014526/old2080ti_20260518_full4_clean_libero10_kitchen_scene3_turn_on_the_stove_and_put_the_moka_pot_on_it_state0_seed1_clean,libero_10,CLEAN,TIER_X_REJECTED,False,False,False,False,False,False,False,False,False,False
/data/liuyu/outputs/libero_full4_state0_balanced_clean_20260519_gpu014526/old2080ti_20260518_full4_clean_object_pick_up_the_salad_dressing_and_place_it_in_the_basket_state1_seed1_clean,,CLEAN,TIER_X_REJECTED,False,False,False,False,False,False,False,False,False,False
/data/liuyu/outputs/libero_full4_state0_balanced_clean_20260519_gpu014526/old2080ti_20260518_full4_clean_spatial_pick_up_the_black_bowl_next_to_the_cookie_box_and_place_it_on_the_plate_state2_seed1_clean,libero_spatial,CLEAN,TIER_X_REJECTED,False,False,False,False,False,False,False,False,False,False
/data/liuyu/outputs/libero_full4_state0_balanced_clean_20260519_gpu014526/old2080ti_20260518_full4_clean_object_pick_up_the_tomato_sauce_and_place_it_in_the_basket_state0_seed1_clean,,CLEAN,TIER_X_REJECTED,False,False,False,False,False,False,False,False,False,False
/data/liuyu/outputs/libero_full4_state0_balanced_clean_20260519_gpu014526/old2080ti_20260518_full4_clean_spatial_pick_up_the_black_bowl_between_the_plate_and_the_ramekin_and_place_it_on_the_plate_state1_seed1_clean,libero_spatial,CLEAN,TIER_X_REJECTED,False,False,False,False,False,False,False,False,False,False
/data/liuyu/outputs/libero_full4_state0_balanced_clean_20260519_gpu014526/old2080ti_20260518_full4_clean_spatial_pick_up_the_black_bowl_from_table_center_and_place_it_on_the_plate_state0_seed1_clean,libero_spatial,CLEAN,TIER_X_REJECTED,False,False,False,False,False,False,False,False,False,False
/data/liuyu/outputs/libero_full4_state0_balanced_clean_20260519_gpu014526/old2080ti_20260518_full4_clean_goal_put_the_wine_bottle_on_the_rack_state1_seed1_clean,libero_goal,CLEAN,TIER_X_REJECTED,False,False,False,False,False,False,False,False,False,False
/data/liuyu/outputs/libero_full4_state0_balanced_clean_20260519_gpu014526/old2080ti_20260518_full4_clean_object_pick_up_the_alphabet_soup_and_place_it_in_the_basket_state0_seed1_clean,,CLEAN,TIER_X_REJECTED,False,False,False,False,False,False,False,False,False,False
/data/liuyu/outputs/libero_full4_state0_balanced_clean_20260519_gpu014526/old2080ti_20260518_full4_clean_spatial_pick_up_the_black_bowl_next_to_the_plate_and_place_it_on_the_plate_state2_seed1_clean,libero_spatial,CLEAN,TIER_X_REJECTED,False,False,False,False,False,False,False,False,False,False
/data/liuyu/outputs/libero_full4_state0_balanced_clean_20260519_gpu014526/old2080ti_20260518_full4_clean_object_pick_up_the_ketchup_and_place_it_in_the_basket_state0_seed1_clean,,CLEAN,TIER_X_REJECTED,False,False,False,False,False,False,False,False,False,False
/data/liuyu/outputs/libero_full4_state0_balanced_clean_20260519_gpu014526/old2080ti_20260518_full4_clean_spatial_pick_up_the_black_bowl_on_the_wooden_cabinet_and_place_it_on_the_plate_state1_seed1_clean,libero_spatial,CLEAN,TIER_X_REJECTED,False,False,False,False,False,False,False,False,False,False
/data/liuyu/outputs/libero_full4_state0_balanced_clean_20260519_gpu014526/old2080ti_20260518_full4_clean_goal_put_the_cream_cheese_in_the_bowl_state0_seed1_clean,libero_goal,CLEAN,TIER_X_REJECTED,False,False,False,False,False,False,False,False,False,False
/data/liuyu/outputs/libero_full4_state0_balanced_clean_20260519_gpu014526/old2080ti_20260518_full4_clean_object_pick_up_the_cream_cheese_and_place_it_in_the_basket_state2_seed1_clean,,CLEAN,TIER_X_REJECTED,False,False,False,False,False,False,False,False,False,False
/data/liuyu/outputs/libero_full4_state0_balanced_clean_20260519_gpu014526/old2080ti_20260518_full4_clean_goal_put_the_wine_bottle_on_the_rack_state0_seed1_clean,libero_goal,CLEAN,TIER_X_REJECTED,False,False,False,False,False,False,False,False,False,False
/data/liuyu/outputs/libero_full4_state0_balanced_clean_20260519_gpu014526/old2080ti_20260518_full4_clean_spatial_pick_up_the_black_bowl_from_table_center_and_place_it_on_the_plate_state2_seed1_clean,libero_spatial,CLEAN,TIER_X_REJECTED,False,False,False,False,False,False,False,False,False,False
/data/liuyu/outputs/libero_full4_state0_balanced_clean_20260519_gpu014526/old2080ti_20260518_full4_clean_object_pick_up_the_salad_dressing_and_place_it_in_the_basket_state2_seed1_clean,,CLEAN,TIER_X_REJECTED,False,False,False,False,False,False,False,False,False,False
/data/liuyu/outputs/libero_full4_state0_balanced_clean_20260519_gpu014526/old2080ti_20260518_full4_clean_goal_put_the_wine_bottle_on_top_of_the_cabinet_state0_seed1_clean,libero_goal,CLEAN,TIER_X_REJECTED,False,False,False,False,False,False,False,False,False,False
/data/liuyu/outputs/libero_full4_state0_balanced_clean_20260519_gpu014526/old2080ti_20260518_full4_clean_spatial_pick_up_the_black_bowl_next_to_the_cookie_box_and_place_it_on_the_plate_state1_seed1_clean,libero_spatial,CLEAN,TIER_X_REJECTED,False,False,False,False,False,False,False,False,False,False
/data/liuyu/outputs/libero_full4_state0_balanced_clean_20260519_gpu014526/old2080ti_20260518_full4_clean_spatial_pick_up_the_black_bowl_on_the_cookie_box_and_place_it_on_the_plate_state0_seed1_clean,libero_spatial,CLEAN,TIER_X_REJECTED,False,False,False,False,False,False,False,False,False,False
/data/liuyu/outputs/libero_full4_state0_balanced_clean_20260519_gpu014526/old2080ti_20260518_full4_clean_spatial_pick_up_the_black_bowl_on_the_stove_and_place_it_on_the_plate_state0_seed1_clean,libero_spatial,CLEAN,TIER_X_REJECTED,False,False,False,False,False,False,False,False,False,False
/data/liuyu/outputs/libero_full4_state0_balanced_clean_20260519_gpu014526/old2080ti_20260518_full4_clean_spatial_pick_up_the_black_bowl_on_the_ramekin_and_place_it_on_the_plate_state2_seed1_clean,libero_spatial,CLEAN,TIER_X_REJECTED,False,False,False,False,False,False,False,False,False,False
/data/liuyu/outputs/libero_full4_state0_balanced_clean_20260519_gpu014526/old2080ti_20260518_full4_clean_goal_put_the_bowl_on_the_stove_state2_seed1_clean,libero_goal,CLEAN,TIER_X_REJECTED,False,False,False,False,False,False,False,False,False,False
/data/liuyu/outputs/libero_full4_state0_balanced_clean_20260519_gpu014526/old2080ti_20260518_full4_clean_spatial_pick_up_the_black_bowl_next_to_the_ramekin_and_place_it_on_the_plate_state2_seed1_clean,libero_spatial,CLEAN,TIER_X_REJECTED,False,False,False,False,False,False,False,False,False,False
/data/liuyu/outputs/libero_full4_state0_balanced_clean_20260519_gpu014526/old2080ti_20260518_full4_clean_object_pick_up_the_bbq_sauce_and_place_it_in_the_basket_state2_seed1_clean,,CLEAN,TIER_X_REJECTED,False,False,False,False,False,False,False,False,False,False
/data/liuyu/outputs/libero_full4_state0_balanced_clean_20260519_gpu014526/old2080ti_20260518_full4_clean_object_pick_up_the_milk_and_place_it_in_the_basket_state1_seed1_clean,,CLEAN,TIER_X_REJECTED,False,False,False,False,False,False,False,False,False,False
/data/liuyu/outputs/libero_full4_state0_balanced_clean_20260519_gpu014526/old2080ti_20260518_full4_clean_object_pick_up_the_bbq_sauce_and_place_it_in_the_basket_state1_seed1_clean,,CLEAN,TIER_X_REJECTED,False,False,False,False,False,False,False,False,False,False
/data/liuyu/outputs/libero_full4_state0_balanced_clean_20260519_gpu014526/old2080ti_20260518_full4_clean_spatial_pick_up_the_black_bowl_in_the_top_drawer_of_the_wooden_cabinet_and_place_it_on_the_plate_state2_seed1_clean,libero_spatial,CLEAN,TIER_X_REJECTED,False,False,False,False,False,False,False,False,False,False
/data/liuyu/outputs/libero_full4_state0_balanced_clean_20260519_gpu014526/old2080ti_20260518_full4_clean_goal_put_the_bowl_on_the_stove_state1_seed1_clean,libero_goal,CLEAN,TIER_X_REJECTED,False,False,False,False,False,False,False,False,False,False
/data/liuyu/outputs/libero_full4_state0_balanced_clean_20260519_gpu014526/old2080ti_20260518_full4_clean_spatial_pick_up_the_black_bowl_next_to_the_ramekin_and_place_it_on_the_plate_state0_seed1_clean,libero_spatial,CLEAN,TIER_X_REJECTED,False,False,False,False,False,False,False,False,False,False
/data/liuyu/outputs/libero_full4_state0_balanced_clean_20260519_gpu014526/old2080ti_20260518_full4_clean_object_pick_up_the_orange_juice_and_place_it_in_the_basket_state0_seed1_clean,,CLEAN,TIER_X_REJECTED,False,False,False,False,False,False,False,False,False,False
/data/liuyu/outputs/libero_full4_state0_balanced_clean_20260519_gpu014526/old2080ti_20260518_full4_clean_spatial_pick_up_the_black_bowl_between_the_plate_and_the_ramekin_and_place_it_on_the_plate_state2_seed1_clean,libero_spatial,CLEAN,TIER_X_REJECTED,False,False,False,False,False,False,False,False,False,False
/data/liuyu/outputs/libero_full4_state0_balanced_clean_20260519_gpu014526/old2080ti_20260518_full4_clean_libero10_living_room_scene6_put_the_white_mug_on_the_plate_and_put_the_chocolate_pudding_to_the_right_of_the_plate_state0_seed1_clean,libero_10,CLEAN,TIER_X_REJECTED,False,False,False,False,False,False,False,False,False,False
/data/liuyu/outputs/libero_full4_state0_balanced_clean_20260519_gpu014526/old2080ti_20260518_full4_sanity_spatial_pick_up_the_black_bowl_between_the_plate_and_the_ramekin_and_place_it_on_the_plate_state0_seed2_clean,libero_spatial,CLEAN,TIER_X_REJECTED,False,False,False,False,False,False,False,False,False,False
/data/liuyu/outputs/libero_full4_state0_balanced_clean_20260519_gpu014526/old2080ti_20260518_full4_clean_spatial_pick_up_the_black_bowl_from_table_center_and_place_it_on_the_plate_state1_seed1_clean,libero_spatial,CLEAN,TIER_X_REJECTED,False,False,False,False,False,False,False,False,False,False
/data/liuyu/outputs/libero_full4_state0_balanced_clean_20260519_gpu014526/old2080ti_20260518_full4_clean_object_pick_up_the_orange_juice_and_place_it_in_the_basket_state2_seed1_clean,,CLEAN,TIER_X_REJECTED,False,False,False,False,False,False,False,False,False,False
/data/liuyu/outputs/libero_full4_state0_balanced_clean_20260519_gpu014526/old2080ti_20260518_full4_clean_libero10_living_room_scene1_put_both_the_alphabet_soup_and_the_cream_cheese_box_in_the_basket_state0_seed1_clean,libero_10,CLEAN,TIER_X_REJECTED,False,False,False,False,False,False,False,False,False,False
/data/liuyu/outputs/libero_full4_state0_balanced_clean_20260519_gpu014526/old2080ti_20260518_full4_clean_goal_put_the_cream_cheese_in_the_bowl_state2_seed1_clean,libero_goal,CLEAN,TIER_X_REJECTED,False,False,False,False,False,False,False,False,False,False
/data/liuyu/outputs/libero_full4_state0_balanced_clean_20260519_gpu014526/old2080ti_20260518_full4_clean_libero10_study_scene1_pick_up_the_book_and_place_it_in_the_back_compartment_of_the_caddy_state0_seed1_clean,libero_10,CLEAN,TIER_X_REJECTED,False,False,False,False,False,False,False,False,False,False
/data/liuyu/outputs/libero_full4_state0_balanced_clean_20260519_gpu014526/old2080ti_20260518_full4_clean_goal_push_the_plate_to_the_front_of_the_stove_state0_seed1_clean,libero_goal,CLEAN,TIER_X_REJECTED,False,False,False,False,False,False,False,False,False,False
/data/liuyu/outputs/libero_full4_state0_balanced_clean_20260519_gpu014526/old2080ti_20260518_full4_clean_spatial_pick_up_the_black_bowl_on_the_wooden_cabinet_and_place_it_on_the_plate_state2_seed1_clean,libero_spatial,CLEAN,TIER_X_REJECTED,False,False,False,False,False,False,False,False,False,False
/data/liuyu/outputs/libero_full4_state0_balanced_clean_20260519_gpu014526/old2080ti_20260518_full4_sanity_spatial_pick_up_the_black_bowl_between_the_plate_and_the_ramekin_and_place_it_on_the_plate_state0_seed3_clean,libero_spatial,CLEAN,TIER_X_REJECTED,False,False,False,False,False,False,False,False,False,False
/data/liuyu/outputs/libero_full4_state0_balanced_clean_20260519_gpu014526/old2080ti_20260518_full4_clean_goal_put_the_bowl_on_the_plate_state1_seed1_clean,libero_goal,CLEAN,TIER_X_REJECTED,False,False,False,False,False,False,False,False,False,False
/data/liuyu/outputs/libero_full4_state0_balanced_clean_20260519_gpu014526/old2080ti_20260518_full4_smoke_libero10_kitchen_scene8_put_both_moka_pots_on_the_stove_state0_seed1_clean,libero_10,CLEAN,TIER_X_REJECTED,False,False,False,False,False,False,False,False,False,False
/data/liuyu/outputs/libero_full4_state0_balanced_clean_20260519_gpu014526/old2080ti_20260518_full4_clean_libero10_living_room_scene5_put_the_white_mug_on_the_left_plate_and_put_the_yellow_and_white_mug_on_the_right_plate_state0_seed1_clean,libero_10,CLEAN,TIER_X_REJECTED,False,False,False,False,False,False,False,False,False,False
/data/liuyu/outputs/libero_full4_state0_balanced_clean_20260519_gpu014526/old2080ti_20260518_full4_clean_object_pick_up_the_orange_juice_and_place_it_in_the_basket_state1_seed1_clean,,CLEAN,TIER_X_REJECTED,False,False,False,False,False,False,False,False,False,False
/data/liuyu/outputs/libero_full4_state0_balanced_clean_20260519_gpu014526/old2080ti_20260518_full4_clean_goal_put_the_wine_bottle_on_the_rack_state2_seed1_clean,libero_goal,CLEAN,TIER_X_REJECTED,False,False,False,False,False,False,False,False,False,False
/data/liuyu/outputs/libero_full4_state0_balanced_clean_20260519_gpu014526/old2080ti_20260518_full4_clean_spatial_pick_up_the_black_bowl_between_the_plate_and_the_ramekin_and_place_it_on_the_plate_state0_seed1_clean,libero_spatial,CLEAN,TIER_X_REJECTED,False,False,False,False,False,False,False,False,False,False
/data/liuyu/outputs/phase_span_oracle_ablation_longrun_20260524_retry01/runs/canary_libero10_study_scene1_pick_up_the_book_and_place_it_in_the_back_compartment_of_the_caddy_s3_seed1_W10_random,libero_10,NON_CLEAN_OR_ATTACK,TIER_X_REJECTED,False,False,False,False,False,False,False,False,False,False
/data/liuyu/outputs/phase_span_oracle_ablation_longrun_20260524_retry01/runs/canary_libero10_kitchen_scene8_put_both_moka_pots_on_the_stove_s4_seed3_W30_cmdopen_neg075,libero_10,CONDITION_UNVERIFIED,TIER_X_REJECTED,False,False,False,False,False,False,False,False,False,False
/data/liuyu/outputs/phase_span_oracle_ablation_longrun_20260524_retry01/runs/canary_libero10_kitchen_scene8_put_both_moka_pots_on_the_stove_s4_seed3_Wphase40_cmdopen_pos075,libero_10,CONDITION_UNVERIFIED,TIER_X_REJECTED,False,False,False,False,False,False,False,False,False,False
/data/liuyu/outputs/phase_span_oracle_ablation_longrun_20260524_retry01/runs/canary_libero10_kitchen_scene8_put_both_moka_pots_on_the_stove_s4_seed3_W10_random,libero_10,NON_CLEAN_OR_ATTACK,TIER_X_REJECTED,False,False,False,False,False,False,False,False,False,False
/data/liuyu/outputs/phase_span_oracle_ablation_longrun_20260524_retry01/runs/canary_libero10_kitchen_scene8_put_both_moka_pots_on_the_stove_s4_seed3_W30_random,libero_10,NON_CLEAN_OR_ATTACK,TIER_X_REJECTED,False,False,False,False,False,False,False,False,False,False
/data/liuyu/outputs/phase_span_oracle_ablation_longrun_20260524_retry01/runs/canary_libero10_kitchen_scene8_put_both_moka_pots_on_the_stove_s4_seed3_W10_cmdopen_neg075,libero_10,CONDITION_UNVERIFIED,TIER_X_REJECTED,False,False,False,False,False,False,False,False,False,False
/data/liuyu/outputs/phase_span_oracle_ablation_longrun_20260524_retry01/runs/canary_libero10_kitchen_scene8_put_both_moka_pots_on_the_stove_s4_seed3_Wphase40_cmdopen_neg075,libero_10,CONDITION_UNVERIFIED,TIER_X_REJECTED,False,False,False,False,False,False,False,False,False,False
/data/liuyu/outputs/phase_span_oracle_ablation_longrun_20260524_retry01/runs/canary_libero10_study_scene1_pick_up_the_book_and_place_it_in_the_back_compartment_of_the_caddy_s3_seed1_W10_cmdopen_neg075,libero_10,CONDITION_UNVERIFIED,TIER_X_REJECTED,False,False,False,False,False,False,False,False,False,False
/data/liuyu/outputs/phase_span_oracle_ablation_longrun_20260524_retry01/runs/canary_libero10_kitchen_scene8_put_both_moka_pots_on_the_stove_s4_seed3_W20_random,libero_10,NON_CLEAN_OR_ATTACK,TIER_X_REJECTED,False,False,False,False,False,False,False,False,False,False
/data/liuyu/outputs/phase_span_oracle_ablation_longrun_20260524_retry01/runs/canary_libero10_study_scene1_pick_up_the_book_and_place_it_in_the_back_compartment_of_the_caddy_s3_seed1_W10_cmdopen_pos075,libero_10,CONDITION_UNVERIFIED,TIER_X_REJECTED,False,False,False,False,False,False,False,False,False,False
/data/liuyu/outputs/phase_span_oracle_ablation_longrun_20260524_retry01/runs/canary_libero10_kitchen_scene8_put_both_moka_pots_on_the_stove_s4_seed3_W10_cmdopen_pos075,libero_10,CONDITION_UNVERIFIED,TIER_X_REJECTED,False,False,False,False,False,False,False,False,False,False
/data/liuyu/outputs/phase_span_oracle_ablation_longrun_20260524_retry01/runs/canary_libero10_kitchen_scene8_put_both_moka_pots_on_the_stove_s4_seed3_W20_cmdopen_neg075,libero_10,CONDITION_UNVERIFIED,TIER_X_REJECTED,False,False,False,False,False,False,False,False,False,False
/data/liuyu/outputs/phase_span_oracle_ablation_longrun_20260524_retry01/runs/canary_libero10_kitchen_scene8_put_both_moka_pots_on_the_stove_s4_seed3_W20_cmdopen_pos075,libero_10,CONDITION_UNVERIFIED,TIER_X_REJECTED,False,False,False,False,False,False,False,False,False,False
/data/liuyu/outputs/phase_span_oracle_ablation_longrun_20260524_retry01/runs/canary_libero10_kitchen_scene8_put_both_moka_pots_on_the_stove_s4_seed3_Wphase40_random,libero_10,NON_CLEAN_OR_ATTACK,TIER_X_REJECTED,False,False,False,False,False,False,False,False,False,False
/data/liuyu/outputs/phase_span_oracle_ablation_longrun_20260524_retry01/runs/canary_libero10_kitchen_scene8_put_both_moka_pots_on_the_stove_s4_seed3_W30_cmdopen_pos075,libero_10,CONDITION_UNVERIFIED,TIER_X_REJECTED,False,False,False,False,False,False,False,False,False,False
/data/liuyu/outputs/g4r2_canary/butter_s2_shadow_attempt1,,CONDITION_UNVERIFIED,TIER_X_REJECTED,False,False,False,False,False,False,False,False,False,False
/data/liuyu/outputs/g4r2_canary/bbq_sauce_s27_shadow_attempt1,,CONDITION_UNVERIFIED,TIER_X_REJECTED,False,False,False,False,False,False,False,False,False,False
/data/liuyu/outputs/g4r2_canary/orange_juice_s8_reference_attempt1,,CONDITION_UNVERIFIED,TIER_X_REJECTED,False,False,False,False,False,False,False,False,False,False
/data/liuyu/outputs/g4r2_canary/tomato_sauce_s2_shadow_attempt1,,CONDITION_UNVERIFIED,TIER_X_REJECTED,False,False,False,False,False,False,False,False,False,False
/data/liuyu/outputs/g4r2_canary/orange_juice_s8_shadow_attempt1,,CONDITION_UNVERIFIED,TIER_X_REJECTED,False,False,False,False,False,False,False,False,False,False
/data/liuyu/outputs/g4r2_canary/alphabet_soup_s17_reference_attempt1,,CONDITION_UNVERIFIED,TIER_X_REJECTED,False,False,False,False,False,False,False,False,False,False
/data/liuyu/outputs/g4r2_canary/alphabet_soup_s17_shadow_attempt1,,CONDITION_UNVERIFIED,TIER_X_REJECTED,False,False,False,False,False,False,False,False,False,False
/data/liuyu/outputs/g4r2_canary/tomato_sauce_s2_reference_attempt1,,CONDITION_UNVERIFIED,TIER_X_REJECTED,False,False,False,False,False,False,False,False,False,False
/data/liuyu/outputs/g4r2_canary/butter_s2_reference_attempt1,,CONDITION_UNVERIFIED,TIER_X_REJECTED,False,False,False,False,False,False,False,False,False,False
/data/liuyu/outputs/g4r2_canary/bbq_sauce_s27_reference_attempt1,,CONDITION_UNVERIFIED,TIER_X_REJECTED,False,False,False,False,False,False,False,False,False,False
/data/liuyu/outputs/gpu37_isolated_test_20260525/runs/gpu37_loop_render3_ep06,libero_spatial,CONDITION_UNVERIFIED,TIER_X_REJECTED,False,False,False,False,False,False,False,False,False,False
/data/liuyu/outputs/gpu37_isolated_test_20260525/runs/gpu37_render3_state0,libero_spatial,CONDITION_UNVERIFIED,TIER_X_REJECTED,False,False,False,False,False,False,False,False,False,False
/data/liuyu/outputs/gpu37_isolated_test_20260525/runs/gpu37_loop_render3_ep04,libero_spatial,CONDITION_UNVERIFIED,TIER_X_REJECTED,False,False,False,False,False,False,False,False,False,False
/data/liuyu/outputs/gpu37_isolated_test_20260525/runs/gpu37_loop_render3_ep08,libero_spatial,CONDITION_UNVERIFIED,TIER_X_REJECTED,False,False,False,False,False,False,False,False,False,False
/data/liuyu/outputs/gpu37_isolated_test_20260525/runs/gpu3_render_test_state0,libero_spatial,CONDITION_UNVERIFIED,TIER_X_REJECTED,False,False,False,False,False,False,False,False,False,False
/data/liuyu/outputs/gpu37_isolated_test_20260525/runs/gpu37_loop_render3_ep01,libero_spatial,CONDITION_UNVERIFIED,TIER_X_REJECTED,False,False,False,False,False,False,False,False,False,False
/data/liuyu/outputs/gpu37_isolated_test_20260525/runs/gpu37_loop_render3_ep09,libero_spatial,CONDITION_UNVERIFIED,TIER_X_REJECTED,False,False,False,False,False,False,False,False,False,False
/data/liuyu/outputs/gpu37_isolated_test_20260525/runs/gpu37_loop_render3_ep02,libero_spatial,CONDITION_UNVERIFIED,TIER_X_REJECTED,False,False,False,False,False,False,False,False,False,False
/data/liuyu/outputs/gpu37_isolated_test_20260525/runs/gpu37_loop_render3_ep05,libero_spatial,CONDITION_UNVERIFIED,TIER_X_REJECTED,False,False,False,False,False,False,False,False,False,False
/data/liuyu/outputs/gpu37_isolated_test_20260525/runs/gpu7_render_test_state0,libero_spatial,CONDITION_UNVERIFIED,TIER_X_REJECTED,False,False,False,False,False,False,False,False,False,False
/data/liuyu/outputs/gpu37_isolated_test_20260525/runs/gpu37_loop_render3_ep10,libero_spatial,CONDITION_UNVERIFIED,TIER_X_REJECTED,False,False,False,False,False,False,False,False,False,False
/data/liuyu/outputs/gpu37_isolated_test_20260525/runs/gpu37_loop_render3_ep07,libero_spatial,CONDITION_UNVERIFIED,TIER_X_REJECTED,False,False,False,False,False,False,False,False,False,False
/data/liuyu/outputs/gpu37_isolated_test_20260525/runs/gpu37_render7_state0,libero_spatial,CONDITION_UNVERIFIED,TIER_X_REJECTED,False,False,False,False,False,False,False,False,False,False
/data/liuyu/outputs/gpu37_isolated_test_20260525/runs/gpu37_loop_render3_ep03,libero_spatial,CONDITION_UNVERIFIED,TIER_X_REJECTED,False,False,False,False,False,False,False,False,False,False
/data/liuyu/outputs/rollout_e2e,,TRUE_T10,TIER_X_REJECTED,False,False,False,False,False,False,False,False,False,False
/data/liuyu/outputs/d4_sidecar_smoke_on/milk_s23_shadow_attempt1,,CONDITION_UNVERIFIED,TIER_X_REJECTED,False,False,False,False,False,False,False,False,False,False
/data/liuyu/outputs/d4_3b_gpu45_smoke/alphabet_soup_s7_reference_attempt1,,CONDITION_UNVERIFIED,TIER_X_REJECTED,False,False,False,False,False,False,False,False,False,False
/data/liuyu/outputs/d4_3b_gpu45_smoke/alphabet_soup_s7_shadow_attempt1,,CONDITION_UNVERIFIED,TIER_X_REJECTED,False,False,False,False,False,False,False,False,False,False
/data/liuyu/outputs/cross_suite_clean_20260619_dryrun/spatial0_s0,libero_spatial,CLEAN,TIER_X_REJECTED,False,False,False,False,False,False,False,False,False,False
/data/liuyu/outputs/milestone_2d_phase_b_artifact_rich_object_smoke_20260527/runs/libero_object/pick_up_the_cream_cheese_and_place_it_in_the_basket_state6,,CONDITION_UNVERIFIED,TIER_X_REJECTED,False,False,False,False,False,False,False,False,False,False
/data/liuyu/outputs/milestone_2d_phase_b_artifact_rich_object_smoke_20260527/runs/libero_object/pick_up_the_cream_cheese_and_place_it_in_the_basket_state5,,CONDITION_UNVERIFIED,TIER_X_REJECTED,False,False,False,False,False,False,False,False,False,False
/data/liuyu/outputs/milestone_2d_phase_b_artifact_rich_object_smoke_20260527/runs/libero_object/pick_up_the_bbq_sauce_and_place_it_in_the_basket_state8,,CONDITION_UNVERIFIED,TIER_X_REJECTED,False,False,False,False,False,False,False,False,False,False
/data/liuyu/outputs/milestone_2d_phase_b_artifact_rich_object_smoke_20260527/runs/libero_object/pick_up_the_bbq_sauce_and_place_it_in_the_basket_state6,,CONDITION_UNVERIFIED,TIER_X_REJECTED,False,False,False,False,False,False,False,False,False,False
/data/liuyu/outputs/milestone_2d_phase_b_artifact_rich_object_smoke_20260527/runs/libero_object/pick_up_the_bbq_sauce_and_place_it_in_the_basket_state1,,CONDITION_UNVERIFIED,TIER_X_REJECTED,False,False,False,False,False,False,False,False,False,False
/data/liuyu/outputs/milestone_2d_phase_b_artifact_rich_object_smoke_20260527/runs/libero_object/pick_up_the_milk_and_place_it_in_the_basket_state1,,CONDITION_UNVERIFIED,TIER_X_REJECTED,False,False,False,False,False,False,False,False,False,False
/data/liuyu/outputs/milestone_2d_phase_b_artifact_rich_object_smoke_20260527/runs/libero_object/pick_up_the_milk_and_place_it_in_the_basket_state9,,CONDITION_UNVERIFIED,TIER_X_REJECTED,False,False,False,False,False,False,False,False,False,False
/data/liuyu/outputs/milestone_2d_phase_b_artifact_rich_object_smoke_20260527/runs/libero_object/pick_up_the_milk_and_place_it_in_the_basket_state4,,CONDITION_UNVERIFIED,TIER_X_REJECTED,False,False,False,False,False,False,False,False,False,False
/data/liuyu/outputs/milestone_2d_phase_b_artifact_rich_object_smoke_20260527/runs/libero_object/pick_up_the_milk_and_place_it_in_the_basket_state5,,CONDITION_UNVERIFIED,TIER_X_REJECTED,False,False,False,False,False,False,False,False,False,False
/data/liuyu/outputs/milestone_2d_phase_b_artifact_rich_object_smoke_20260527/runs/libero_object/pick_up_the_bbq_sauce_and_place_it_in_the_basket_state5,,CONDITION_UNVERIFIED,TIER_X_REJECTED,False,False,False,False,False,False,False,False,False,False
/data/liuyu/outputs/milestone_2d_phase_b_artifact_rich_object_smoke_20260527/runs/libero_object/pick_up_the_cream_cheese_and_place_it_in_the_basket_state3,,CONDITION_UNVERIFIED,TIER_X_REJECTED,False,False,False,False,False,False,False,False,False,False
/data/liuyu/outputs/milestone_2d_phase_b_artifact_rich_object_smoke_20260527/runs/libero_object/pick_up_the_cream_cheese_and_place_it_in_the_basket_state7,,CONDITION_UNVERIFIED,TIER_X_REJECTED,False,False,False,False,False,False,False,False,False,False
/data/liuyu/outputs/milestone_2d_phase_b_artifact_rich_object_smoke_20260527/runs/libero_object/pick_up_the_cream_cheese_and_place_it_in_the_basket_state4,,CONDITION_UNVERIFIED,TIER_X_REJECTED,False,False,False,False,False,False,False,False,False,False
/data/liuyu/outputs/milestone_2d_phase_b_artifact_rich_object_smoke_20260527/runs/libero_object/pick_up_the_cream_cheese_and_place_it_in_the_basket_state8,,CONDITION_UNVERIFIED,TIER_X_REJECTED,False,False,False,False,False,False,False,False,False,False
/data/liuyu/outputs/milestone_2d_phase_b_artifact_rich_object_smoke_20260527/runs/libero_object/pick_up_the_bbq_sauce_and_place_it_in_the_basket_state2,,CONDITION_UNVERIFIED,TIER_X_REJECTED,False,False,False,False,False,False,False,False,False,False
/data/liuyu/outputs/milestone_2d_phase_b_artifact_rich_object_smoke_20260527/runs/libero_object/pick_up_the_milk_and_place_it_in_the_basket_state3,,CONDITION_UNVERIFIED,TIER_X_REJECTED,False,False,False,False,False,False,False,False,False,False
/data/liuyu/outputs/milestone_2d_phase_b_artifact_rich_object_smoke_20260527/runs/libero_object/pick_up_the_milk_and_place_it_in_the_basket_state0,,CONDITION_UNVERIFIED,TIER_X_REJECTED,False,False,False,False,False,False,False,False,False,False
/data/liuyu/outputs/milestone_2d_phase_b_artifact_rich_object_smoke_20260527/runs/libero_object/pick_up_the_cream_cheese_and_place_it_in_the_basket_state9,,CONDITION_UNVERIFIED,TIER_X_REJECTED,False,False,False,False,False,False,False,False,False,False
/data/liuyu/outputs/milestone_2d_phase_b_artifact_rich_object_smoke_20260527/runs/libero_object/pick_up_the_milk_and_place_it_in_the_basket_state8,,CONDITION_UNVERIFIED,TIER_X_REJECTED,False,False,False,False,False,False,False,False,False,False
/data/liuyu/outputs/milestone_2d_phase_b_artifact_rich_object_smoke_20260527/runs/libero_object/pick_up_the_bbq_sauce_and_place_it_in_the_basket_state7,,CONDITION_UNVERIFIED,TIER_X_REJECTED,False,False,False,False,False,False,False,False,False,False
/data/liuyu/outputs/milestone_2d_phase_b_artifact_rich_object_smoke_20260527/runs/libero_object/pick_up_the_milk_and_place_it_in_the_basket_state7,,CONDITION_UNVERIFIED,TIER_X_REJECTED,False,False,False,False,False,False,False,False,False,False
/data/liuyu/outputs/milestone_2d_phase_b_artifact_rich_object_smoke_20260527/runs/libero_object/pick_up_the_cream_cheese_and_place_it_in_the_basket_state1,,CONDITION_UNVERIFIED,TIER_X_REJECTED,False,False,False,False,False,False,False,False,False,False
/data/liuyu/outputs/milestone_2d_phase_b_artifact_rich_object_smoke_20260527/runs/libero_object/pick_up_the_bbq_sauce_and_place_it_in_the_basket_state3,,CONDITION_UNVERIFIED,TIER_X_REJECTED,False,False,False,False,False,False,False,False,False,False
/data/liuyu/outputs/milestone_2d_phase_b_artifact_rich_object_smoke_20260527/runs/libero_object/pick_up_the_bbq_sauce_and_place_it_in_the_basket_state4,,CONDITION_UNVERIFIED,TIER_X_REJECTED,False,False,False,False,False,False,False,False,False,False
/data/liuyu/outputs/milestone_2d_phase_b_artifact_rich_object_smoke_20260527/runs/libero_object/pick_up_the_milk_and_place_it_in_the_basket_state6,,CONDITION_UNVERIFIED,TIER_X_REJECTED,False,False,False,False,False,False,False,False,False,False
/data/liuyu/outputs/milestone_2d_phase_b_artifact_rich_object_smoke_20260527/runs/libero_object/pick_up_the_cream_cheese_and_place_it_in_the_basket_state2,,CONDITION_UNVERIFIED,TIER_X_REJECTED,False,False,False,False,False,False,False,False,False,False
/data/liuyu/outputs/milestone_2d_phase_b_artifact_rich_object_smoke_20260527/runs/libero_object/pick_up_the_bbq_sauce_and_place_it_in_the_basket_state9,,CONDITION_UNVERIFIED,TIER_X_REJECTED,False,False,False,False,False,False,False,False,False,False
/data/liuyu/outputs/milestone_2d_phase_b_artifact_rich_object_smoke_20260527/runs/libero_object/pick_up_the_milk_and_place_it_in_the_basket_state2,,CONDITION_UNVERIFIED,TIER_X_REJECTED,False,False,False,False,False,False,False,False,False,False
/data/liuyu/outputs/milestone_2d_phase_b_artifact_rich_object_smoke_20260527/runs/libero_object/pick_up_the_cream_cheese_and_place_it_in_the_basket_state0,,CONDITION_UNVERIFIED,TIER_X_REJECTED,False,False,False,False,False,False,False,False,False,False
/data/liuyu/outputs/milestone_2d_phase_b_artifact_rich_object_smoke_20260527/runs/libero_object/pick_up_the_bbq_sauce_and_place_it_in_the_basket_state0,,CONDITION_UNVERIFIED,TIER_X_REJECTED,False,False,False,False,False,False,False,False,False,False
/data/liuyu/outputs/libero10_asset_smoke_until_pass_20260521/libero10_asset_smoke_after_microwave_deps_state0_seed1_clean,libero_10,CLEAN,TIER_X_REJECTED,False,False,False,False,False,False,False,False,False,False
/data/liuyu/outputs/extended_longrun_genericv4_libero_20260516_2080ti/old2080ti_20260516_ext_genericv4_bb_s7_seed5_vis_w68_77,libero_spatial,NON_CLEAN_OR_ATTACK,TIER_X_REJECTED,False,False,False,False,False,False,False,False,False,False
/data/liuyu/outputs/extended_longrun_genericv4_libero_20260516_2080ti/old2080ti_20260516_ext_genericv4_bb_s7_seed2_clean,libero_spatial,CLEAN,TIER_X_REJECTED,False,False,False,False,False,False,False,False,False,False
/data/liuyu/outputs/extended_longrun_genericv4_libero_20260516_2080ti/old2080ti_20260516_ext_genericv4_bb_s7_seed5_clean,libero_spatial,CLEAN,TIER_X_REJECTED,False,False,False,False,False,False,False,False,False,False
/data/liuyu/outputs/extended_longrun_genericv4_libero_20260516_2080ti/old2080ti_20260516_ext_genericv4_bb_s5_seed4_random_w75_84,libero_spatial,NON_CLEAN_OR_ATTACK,TIER_X_REJECTED,False,False,False,False,False,False,False,False,False,False
/data/liuyu/outputs/extended_longrun_genericv4_libero_20260516_2080ti/old2080ti_20260516_ext_genericv4_bb_s5_seed3_random_w75_84,libero_spatial,NON_CLEAN_OR_ATTACK,TIER_X_REJECTED,False,False,False,False,False,False,False,False,False,False
/data/liuyu/outputs/extended_longrun_genericv4_libero_20260516_2080ti/old2080ti_20260516_ext_genericv4_bb_s5_seed5_random_w75_84,libero_spatial,NON_CLEAN_OR_ATTACK,TIER_X_REJECTED,False,False,False,False,False,False,False,False,False,False
/data/liuyu/outputs/extended_longrun_genericv4_libero_20260516_2080ti/old2080ti_20260516_ext_genericv4_bb_s5_seed5_vis_w75_84,libero_spatial,NON_CLEAN_OR_ATTACK,TIER_X_REJECTED,False,False,False,False,False,False,False,False,False,False
/data/liuyu/outputs/extended_longrun_genericv4_libero_20260516_2080ti/old2080ti_20260516_ext_genericv4_bb_s7_seed2_vis_w68_77,libero_spatial,NON_CLEAN_OR_ATTACK,TIER_X_REJECTED,False,False,False,False,False,False,False,False,False,False
/data/liuyu/outputs/extended_longrun_genericv4_libero_20260516_2080ti/old2080ti_20260516_ext_genericv4_bb_s7_seed1_vis_w68_77,libero_spatial,NON_CLEAN_OR_ATTACK,TIER_X_REJECTED,False,False,False,False,False,False,False,False,False,False
/data/liuyu/outputs/extended_longrun_genericv4_libero_20260516_2080ti/old2080ti_20260516_ext_genericv4_bb_s5_seed3_clean,libero_spatial,CLEAN,TIER_X_REJECTED,False,False,False,False,False,False,False,False,False,False
/data/liuyu/outputs/extended_longrun_genericv4_libero_20260516_2080ti/old2080ti_20260516_ext_genericv4_bb_s7_seed1_random_w68_77,libero_spatial,NON_CLEAN_OR_ATTACK,TIER_X_REJECTED,False,False,False,False,False,False,False,False,False,False
/data/liuyu/outputs/extended_longrun_genericv4_libero_20260516_2080ti/old2080ti_20260516_ext_genericv4_bb_s7_seed4_random_w68_77,libero_spatial,NON_CLEAN_OR_ATTACK,TIER_X_REJECTED,False,False,False,False,False,False,False,False,False,False
/data/liuyu/outputs/extended_longrun_genericv4_libero_20260516_2080ti/old2080ti_20260516_ext_genericv4_bb_s5_seed2_random_w75_84,libero_spatial,NON_CLEAN_OR_ATTACK,TIER_X_REJECTED,False,False,False,False,False,False,False,False,False,False
/data/liuyu/outputs/extended_longrun_genericv4_libero_20260516_2080ti/old2080ti_20260516_ext_genericv4_bb_s7_seed3_vis_w68_77,libero_spatial,NON_CLEAN_OR_ATTACK,TIER_X_REJECTED,False,False,False,False,False,False,False,False,False,False
/data/liuyu/outputs/extended_longrun_genericv4_libero_20260516_2080ti/old2080ti_20260516_ext_genericv4_bb_s5_seed1_vis_w75_84,libero_spatial,NON_CLEAN_OR_ATTACK,TIER_X_REJECTED,False,False,False,False,False,False,False,False,False,False
/data/liuyu/outputs/extended_longrun_genericv4_libero_20260516_2080ti/old2080ti_20260516_ext_genericv4_bb_s5_seed4_clean,libero_spatial,CLEAN,TIER_X_REJECTED,False,False,False,False,False,False,False,False,False,False
/data/liuyu/outputs/extended_longrun_genericv4_libero_20260516_2080ti/old2080ti_20260516_ext_genericv4_bb_s5_seed1_random_w75_84,libero_spatial,NON_CLEAN_OR_ATTACK,TIER_X_REJECTED,False,False,False,False,False,False,False,False,False,False
/data/liuyu/outputs/extended_longrun_genericv4_libero_20260516_2080ti/old2080ti_20260516_ext_genericv4_bb_s7_seed2_random_w68_77,libero_spatial,NON_CLEAN_OR_ATTACK,TIER_X_REJECTED,False,False,False,False,False,False,False,False,False,False
/data/liuyu/outputs/extended_longrun_genericv4_libero_20260516_2080ti/old2080ti_20260516_ext_genericv4_bb_s5_seed5_clean,libero_spatial,CLEAN,TIER_X_REJECTED,False,False,False,False,False,False,False,False,False,False
/data/liuyu/outputs/extended_longrun_genericv4_libero_20260516_2080ti/old2080ti_20260516_ext_genericv4_bb_s7_seed3_random_w68_77,libero_spatial,NON_CLEAN_OR_ATTACK,TIER_X_REJECTED,False,False,False,False,False,False,False,False,False,False
/data/liuyu/outputs/extended_longrun_genericv4_libero_20260516_2080ti/old2080ti_20260516_ext_genericv4_bb_s5_seed4_vis_w75_84,libero_spatial,NON_CLEAN_OR_ATTACK,TIER_X_REJECTED,False,False,False,False,False,False,False,False,False,False
/data/liuyu/outputs/extended_longrun_genericv4_libero_20260516_2080ti/old2080ti_20260516_ext_genericv4_bb_s5_seed2_vis_w75_84,libero_spatial,NON_CLEAN_OR_ATTACK,TIER_X_REJECTED,False,False,False,False,False,False,False,False,False,False
/data/liuyu/outputs/extended_longrun_genericv4_libero_20260516_2080ti/old2080ti_20260516_ext_genericv4_bb_s5_seed1_clean,libero_spatial,CLEAN,TIER_X_REJECTED,False,False,False,False,False,False,False,False,False,False
/data/liuyu/outputs/extended_longrun_genericv4_libero_20260516_2080ti/old2080ti_20260516_ext_genericv4_bb_s7_seed1_clean,libero_spatial,CLEAN,TIER_X_REJECTED,False,False,False,False,False,False,False,False,False,False
/data/liuyu/outputs/extended_longrun_genericv4_libero_20260516_2080ti/old2080ti_20260516_ext_genericv4_bb_s5_seed2_clean,libero_spatial,CLEAN,TIER_X_REJECTED,False,False,False,False,False,False,False,False,False,False
/data/liuyu/outputs/extended_longrun_genericv4_libero_20260516_2080ti/old2080ti_20260516_ext_genericv4_bb_s7_seed3_clean,libero_spatial,CLEAN,TIER_X_REJECTED,False,False,False,False,False,False,False,False,False,False
/data/liuyu/outputs/extended_longrun_genericv4_libero_20260516_2080ti/old2080ti_20260516_ext_genericv4_bb_s7_seed4_vis_w68_77,libero_spatial,NON_CLEAN_OR_ATTACK,TIER_X_REJECTED,False,False,False,False,False,False,False,False,False,False
/data/liuyu/outputs/extended_longrun_genericv4_libero_20260516_2080ti/old2080ti_20260516_ext_genericv4_bb_s7_seed4_clean,libero_spatial,CLEAN,TIER_X_REJECTED,False,False,False,False,False,False,False,False,False,False
/data/liuyu/outputs/extended_longrun_genericv4_libero_20260516_2080ti/old2080ti_20260516_ext_genericv4_bb_s7_seed5_random_w68_77,libero_spatial,NON_CLEAN_OR_ATTACK,TIER_X_REJECTED,False,False,False,False,False,False,False,False,False,False
/data/liuyu/outputs/extended_longrun_genericv4_libero_20260516_2080ti/old2080ti_20260516_ext_genericv4_bb_s5_seed3_vis_w75_84,libero_spatial,NON_CLEAN_OR_ATTACK,TIER_X_REJECTED,False,False,False,False,False,False,False,False,False,False
/data/liuyu/outputs/libero_object_official_aligned_eager_extra_2x10states_20260526/runs/extra_20_29_object_pick_up_the_butter_and_place_it_in_the_basket,,CONDITION_UNVERIFIED,TIER_X_REJECTED,False,False,False,False,False,False,False,False,False,False
/data/liuyu/outputs/libero_object_official_aligned_eager_extra_2x10states_20260526/runs/extra_10_19_object_pick_up_the_milk_and_place_it_in_the_basket,,CONDITION_UNVERIFIED,TIER_X_REJECTED,False,False,False,False,False,False,False,False,False,False
/data/liuyu/outputs/libero_object_official_aligned_eager_extra_2x10states_20260526/runs/extra_20_29_object_pick_up_the_milk_and_place_it_in_the_basket,,CONDITION_UNVERIFIED,TIER_X_REJECTED,False,False,False,False,False,False,False,False,False,False
/data/liuyu/outputs/libero_object_official_aligned_eager_extra_2x10states_20260526/runs/extra_10_19_object_pick_up_the_ketchup_and_place_it_in_the_basket,,CONDITION_UNVERIFIED,TIER_X_REJECTED,False,False,False,False,False,False,False,False,False,False
/data/liuyu/outputs/libero_object_official_aligned_eager_extra_2x10states_20260526/runs/extra_10_19_object_pick_up_the_bbq_sauce_and_place_it_in_the_basket,,CONDITION_UNVERIFIED,TIER_X_REJECTED,False,False,False,False,False,False,False,False,False,False
/data/liuyu/outputs/libero_object_official_aligned_eager_extra_2x10states_20260526/runs/extra_20_29_object_pick_up_the_chocolate_pudding_and_place_it_in_the_basket,,CONDITION_UNVERIFIED,TIER_X_REJECTED,False,False,False,False,False,False,False,False,False,False
/data/liuyu/outputs/libero_object_official_aligned_eager_extra_2x10states_20260526/runs/extra_20_29_object_pick_up_the_alphabet_soup_and_place_it_in_the_basket,,CONDITION_UNVERIFIED,TIER_X_REJECTED,False,False,False,False,False,False,False,False,False,False
/data/liuyu/outputs/libero_object_official_aligned_eager_extra_2x10states_20260526/runs/extra_10_19_object_pick_up_the_alphabet_soup_and_place_it_in_the_basket,,CONDITION_UNVERIFIED,TIER_X_REJECTED,False,False,False,False,False,False,False,False,False,False
/data/liuyu/outputs/libero_object_official_aligned_eager_extra_2x10states_20260526/runs/extra_10_19_object_pick_up_the_chocolate_pudding_and_place_it_in_the_basket,,CONDITION_UNVERIFIED,TIER_X_REJECTED,False,False,False,False,False,False,False,False,False,False
/data/liuyu/outputs/libero_object_official_aligned_eager_extra_2x10states_20260526/runs/extra_10_19_object_pick_up_the_cream_cheese_and_place_it_in_the_basket,,CONDITION_UNVERIFIED,TIER_X_REJECTED,False,False,False,False,False,False,False,False,False,False
/data/liuyu/outputs/libero_object_official_aligned_eager_extra_2x10states_20260526/runs/extra_20_29_object_pick_up_the_ketchup_and_place_it_in_the_basket,,CONDITION_UNVERIFIED,TIER_X_REJECTED,False,False,False,False,False,False,False,False,False,False
/data/liuyu/outputs/libero_object_official_aligned_eager_extra_2x10states_20260526/runs/extra_20_29_object_pick_up_the_cream_cheese_and_place_it_in_the_basket,,CONDITION_UNVERIFIED,TIER_X_REJECTED,False,False,False,False,False,False,False,False,False,False
/data/liuyu/outputs/libero_object_official_aligned_eager_extra_2x10states_20260526/runs/extra_20_29_object_pick_up_the_bbq_sauce_and_place_it_in_the_basket,,CONDITION_UNVERIFIED,TIER_X_REJECTED,False,False,False,False,False,False,False,False,False,False
/data/liuyu/outputs/libero_object_official_aligned_eager_extra_2x10states_20260526/runs/extra_10_19_object_pick_up_the_butter_and_place_it_in_the_basket,,CONDITION_UNVERIFIED,TIER_X_REJECTED,False,False,False,False,False,False,False,False,False,False
/data/liuyu/outputs/autowindow_blackbowl_sanity_20260515_2080ti/old2080ti_20260515_autowindow_blackbowl_s5_seed1_random,libero_spatial,NON_CLEAN_OR_ATTACK,TIER_X_REJECTED,False,False,False,False,False,False,False,False,False,False
/data/liuyu/outputs/autowindow_blackbowl_sanity_20260515_2080ti/old2080ti_20260515_autowindow_blackbowl_s7_seed1_random,libero_spatial,NON_CLEAN_OR_ATTACK,TIER_X_REJECTED,False,False,False,False,False,False,False,False,False,False
/data/liuyu/outputs/autowindow_blackbowl_sanity_20260515_2080ti/old2080ti_20260515_autowindow_blackbowl_s7_seed1_vis,libero_spatial,NON_CLEAN_OR_ATTACK,TIER_X_REJECTED,False,False,False,False,False,False,False,False,False,False
/data/liuyu/outputs/autowindow_blackbowl_sanity_20260515_2080ti/old2080ti_20260515_logging_smoke_blackbowl_s7_seed1_clean,libero_spatial,CLEAN,TIER_X_REJECTED,False,False,False,False,False,False,False,False,False,False
/data/liuyu/outputs/autowindow_blackbowl_sanity_20260515_2080ti/old2080ti_20260515_logging_smoke_blackbowl_s5_seed1_vis_w78_87,libero_spatial,NON_CLEAN_OR_ATTACK,TIER_X_REJECTED,False,False,False,False,False,False,False,False,False,False
/data/liuyu/outputs/autowindow_blackbowl_sanity_20260515_2080ti/old2080ti_20260515_autowindow_blackbowl_s5_seed1_vis,libero_spatial,NON_CLEAN_OR_ATTACK,TIER_X_REJECTED,False,False,False,False,False,False,False,False,False,False
/data/liuyu/outputs/autowindow_blackbowl_sanity_20260515_2080ti/old2080ti_20260515_logging_smoke_blackbowl_s5_seed1_clean,libero_spatial,CLEAN,TIER_X_REJECTED,False,False,False,False,False,False,False,False,False,False
/data/liuyu/outputs/d4_crossover_gpu26_v2/tomato_sauce_s5_reference_attempt1,,CONDITION_UNVERIFIED,TIER_X_REJECTED,False,False,False,False,False,False,False,False,False,False
/data/liuyu/outputs/d4_crossover_gpu26_v2/chocolate_pudding_s15_reference_attempt1,,CONDITION_UNVERIFIED,TIER_X_REJECTED,False,False,False,False,False,False,False,False,False,False
/data/liuyu/outputs/d4_crossover_gpu26_v2/alphabet_soup_s7_reference_attempt1,,CONDITION_UNVERIFIED,TIER_X_REJECTED,False,False,False,False,False,False,False,False,False,False
/data/liuyu/outputs/d4_crossover_gpu26_v2/bbq_sauce_s2_reference_attempt1,,CONDITION_UNVERIFIED,TIER_X_REJECTED,False,False,False,False,False,False,False,False,False,False
/data/liuyu/outputs/d4_crossover_gpu26_v2/butter_s49_reference_attempt1,,CONDITION_UNVERIFIED,TIER_X_REJECTED,False,False,False,False,False,False,False,False,False,False
/data/liuyu/outputs/d4_crossover_gpu26_v2/tomato_sauce_s5_shadow_attempt1,,CONDITION_UNVERIFIED,TIER_X_REJECTED,False,False,False,False,False,False,False,False,False,False
/data/liuyu/outputs/d4_crossover_gpu26_v2/cream_cheese_s30_shadow_attempt1,,CONDITION_UNVERIFIED,TIER_X_REJECTED,False,False,False,False,False,False,False,False,False,False
/data/liuyu/outputs/d4_crossover_gpu26_v2/bbq_sauce_s2_shadow_attempt1,,CONDITION_UNVERIFIED,TIER_X_REJECTED,False,False,False,False,False,False,False,False,False,False
/data/liuyu/outputs/d4_crossover_gpu26_v2/alphabet_soup_s7_shadow_attempt1,,CONDITION_UNVERIFIED,TIER_X_REJECTED,False,False,False,False,False,False,False,False,False,False
/data/liuyu/outputs/d4_crossover_gpu26_v2/salad_dressing_s12_reference_attempt1,,CONDITION_UNVERIFIED,TIER_X_REJECTED,False,False,False,False,False,False,False,False,False,False
/data/liuyu/outputs/d4_crossover_gpu26_v2/butter_s49_shadow_attempt1,,CONDITION_UNVERIFIED,TIER_X_REJECTED,False,False,False,False,False,False,False,False,False,False
/data/liuyu/outputs/d4_crossover_gpu26_v2/salad_dressing_s12_shadow_attempt1,,CONDITION_UNVERIFIED,TIER_X_REJECTED,False,False,False,False,False,False,False,False,False,False
/data/liuyu/outputs/d4_crossover_gpu26_v2/milk_s1_reference_attempt1,,CONDITION_UNVERIFIED,TIER_X_REJECTED,False,False,False,False,False,False,False,False,False,False
/data/liuyu/outputs/d4_crossover_gpu26_v2/ketchup_s29_reference_attempt1,,CONDITION_UNVERIFIED,TIER_X_REJECTED,False,False,False,False,False,False,False,False,False,False
/data/liuyu/outputs/d4_crossover_gpu26_v2/chocolate_pudding_s15_shadow_attempt1,,CONDITION_UNVERIFIED,TIER_X_REJECTED,False,False,False,False,False,False,False,False,False,False
/data/liuyu/outputs/d4_crossover_gpu26_v2/orange_juice_s48_reference_attempt1,,CONDITION_UNVERIFIED,TIER_X_REJECTED,False,False,False,False,False,False,False,False,False,False
/data/liuyu/outputs/d4_crossover_gpu26_v2/ketchup_s29_shadow_attempt1,,CONDITION_UNVERIFIED,TIER_X_REJECTED,False,False,False,False,False,False,False,False,False,False
/data/liuyu/outputs/d4_crossover_gpu26_v2/orange_juice_s48_shadow_attempt1,,CONDITION_UNVERIFIED,TIER_X_REJECTED,False,False,False,False,False,False,False,False,False,False
/data/liuyu/outputs/d4_crossover_gpu26_v2/cream_cheese_s30_reference_attempt1,,CONDITION_UNVERIFIED,TIER_X_REJECTED,False,False,False,False,False,False,False,False,False,False
/data/liuyu/outputs/d4_crossover_gpu26_v2/milk_s1_shadow_attempt1,,CONDITION_UNVERIFIED,TIER_X_REJECTED,False,False,False,False,False,False,False,False,False,False
/data/liuyu/outputs/milestone_2g_object100_attack_pilot_20260529/runs/libero_object/pick_up_the_cream_cheese_and_place_it_in_the_basket_state0,,NON_CLEAN_OR_ATTACK,TIER_X_REJECTED,False,False,False,False,False,False,False,False,False,False
/data/liuyu/outputs/milestone_2g_object100_attack_pilot_20260529/tcn_cream_cheese_s0_clean,,CLEAN,TIER_X_REJECTED,False,False,False,False,False,False,False,False,False,False
/data/liuyu/outputs/vis_payload_contact_frame_collection_20260601_official/runs/libero_object/vis_payload_contact_pick_up_the_tomato_sauce_and_place_it_in_the_basket_clean_tomato_sauce_s0,,CLEAN,TIER_X_REJECTED,False,False,False,False,False,False,False,False,False,False
/data/liuyu/outputs/vis_payload_contact_frame_collection_20260601_official/runs/libero_object/vis_payload_contact_pick_up_the_ketchup_and_place_it_in_the_basket_clean_ketchup_s0,,CLEAN,TIER_X_REJECTED,False,False,False,False,False,False,False,False,False,False
/data/liuyu/outputs/vis_payload_contact_frame_collection_20260601_official/runs/libero_object/vis_payload_contact_pick_up_the_cream_cheese_and_place_it_in_the_basket_clean_cream_cheese_s0,,CLEAN,TIER_X_REJECTED,False,False,False,False,False,False,False,False,False,False
/data/liuyu/outputs/d4_3b_retry_v2/alphabet_soup_s7_reference_attempt1,,CONDITION_UNVERIFIED,TIER_X_REJECTED,False,False,False,False,False,False,False,False,False,False
/data/liuyu/outputs/gpu_repair_smoke_20260515/gpu7/gpu7_blackbowl_clean_40_20260515,libero_spatial,CLEAN,TIER_X_REJECTED,False,False,False,False,False,False,False,False,False,False
/data/liuyu/outputs/gpu_repair_smoke_20260515/gpu3/gpu3_blackbowl_clean_40_20260515,libero_spatial,CLEAN,TIER_X_REJECTED,False,False,False,False,False,False,False,False,False,False
/data/liuyu/outputs/generic_v4_autowindow_blackbowl_attack_sanity_20260516_2080ti/old2080ti_20260516_genericv4_autowindow_blackbowl_s5_seed1_vis_w75_84,libero_spatial,NON_CLEAN_OR_ATTACK,TIER_X_REJECTED,False,False,False,False,False,False,False,False,False,False
/data/liuyu/outputs/generic_v4_autowindow_blackbowl_attack_sanity_20260516_2080ti/old2080ti_20260516_genericv4_autowindow_blackbowl_s7_seed1_vis_w68_77,libero_spatial,NON_CLEAN_OR_ATTACK,TIER_X_REJECTED,False,False,False,False,False,False,False,False,False,False
/data/liuyu/outputs/generic_v4_autowindow_blackbowl_attack_sanity_20260516_2080ti/old2080ti_20260516_genericv4_autowindow_blackbowl_s7_seed1_random_w68_77,libero_spatial,NON_CLEAN_OR_ATTACK,TIER_X_REJECTED,False,False,False,False,False,False,False,False,False,False
/data/liuyu/outputs/generic_v4_autowindow_blackbowl_attack_sanity_20260516_2080ti/old2080ti_20260516_genericv4_autowindow_blackbowl_s5_seed1_random_w75_84,libero_spatial,NON_CLEAN_OR_ATTACK,TIER_X_REJECTED,False,False,False,False,False,False,False,False,False,False
/data/liuyu/outputs/milestone_2d_phase_c1_privileged_state_micro_smoke_20260527/runs/libero_object/pick_up_the_milk_and_place_it_in_the_basket_state0,,CONDITION_UNVERIFIED,TIER_X_REJECTED,False,False,False,False,False,False,False,False,False,False
/data/liuyu/outputs/overnight_bowl_plate_table2small_with_relay_20260522/runs/goal_put_the_bowl_on_the_plate_s0_r0_best_VIS_gripper_targeted_stronger_same_autowindow,libero_goal,NON_CLEAN_OR_ATTACK,TIER_X_REJECTED,False,False,False,False,False,False,False,False,False,False
/data/liuyu/outputs/overnight_bowl_plate_table2small_with_relay_20260522/runs/goal_put_the_bowl_on_the_plate_s5_r1_VIS_current_same_autowindow,libero_goal,NON_CLEAN_OR_ATTACK,TIER_X_REJECTED,False,False,False,False,False,False,False,False,False,False
/data/liuyu/outputs/overnight_bowl_plate_table2small_with_relay_20260522/runs/goal_put_the_bowl_on_the_plate_s0_r0_clean_detect,libero_goal,CLEAN,TIER_X_REJECTED,False,False,False,False,False,False,False,False,False,False
/data/liuyu/outputs/overnight_bowl_plate_table2small_with_relay_20260522/runs/goal_put_the_bowl_on_the_plate_s0_r2_clean_detect,libero_goal,CLEAN,TIER_X_REJECTED,False,False,False,False,False,False,False,False,False,False
/data/liuyu/outputs/overnight_bowl_plate_table2small_with_relay_20260522/runs/goal_put_the_bowl_on_the_plate_s0_r0_random_same_autowindow,libero_goal,NON_CLEAN_OR_ATTACK,TIER_X_REJECTED,False,False,False,False,False,False,False,False,False,False
/data/liuyu/outputs/overnight_bowl_plate_table2small_with_relay_20260522/runs/goal_put_the_bowl_on_the_plate_s4_r1_VIS_current_same_autowindow,libero_goal,NON_CLEAN_OR_ATTACK,TIER_X_REJECTED,False,False,False,False,False,False,False,False,False,False
/data/liuyu/outputs/overnight_bowl_plate_table2small_with_relay_20260522/runs/goal_put_the_bowl_on_the_plate_s4_r1_clean_detect,libero_goal,CLEAN,TIER_X_REJECTED,False,False,False,False,False,False,False,False,False,False
/data/liuyu/outputs/overnight_bowl_plate_table2small_with_relay_20260522/runs/goal_put_the_bowl_on_the_plate_s4_r2_clean_detect,libero_goal,CLEAN,TIER_X_REJECTED,False,False,False,False,False,False,False,False,False,False
/data/liuyu/outputs/overnight_bowl_plate_table2small_with_relay_20260522/runs/goal_put_the_bowl_on_the_plate_s5_r0_best_VIS_gripper_targeted_stronger_same_autowindow,libero_goal,NON_CLEAN_OR_ATTACK,TIER_X_REJECTED,False,False,False,False,False,False,False,False,False,False
/data/liuyu/outputs/overnight_bowl_plate_table2small_with_relay_20260522/runs/goal_put_the_bowl_on_the_plate_s0_r1_VIS_current_same_autowindow,libero_goal,NON_CLEAN_OR_ATTACK,TIER_X_REJECTED,False,False,False,False,False,False,False,False,False,False
/data/liuyu/outputs/overnight_bowl_plate_table2small_with_relay_20260522/runs/goal_put_the_bowl_on_the_plate_s0_r2_random_same_autowindow,libero_goal,NON_CLEAN_OR_ATTACK,TIER_X_REJECTED,False,False,False,False,False,False,False,False,False,False
/data/liuyu/outputs/overnight_bowl_plate_table2small_with_relay_20260522/runs/goal_put_the_bowl_on_the_plate_s0_r0_command_open_0.75_same_autowindow,libero_goal,CONDITION_UNVERIFIED,TIER_X_REJECTED,False,False,False,False,False,False,False,False,False,False
/data/liuyu/outputs/overnight_bowl_plate_table2small_with_relay_20260522/runs/goal_put_the_bowl_on_the_plate_s4_r0_command_open_0.75_same_autowindow,libero_goal,CONDITION_UNVERIFIED,TIER_X_REJECTED,False,False,False,False,False,False,False,False,False,False
/data/liuyu/outputs/overnight_bowl_plate_table2small_with_relay_20260522/runs/goal_put_the_bowl_on_the_plate_s5_r0_clean_detect,libero_goal,CLEAN,TIER_X_REJECTED,False,False,False,False,False,False,False,False,False,False
/data/liuyu/outputs/overnight_bowl_plate_table2small_with_relay_20260522/runs/goal_put_the_bowl_on_the_plate_s5_r2_best_VIS_gripper_targeted_stronger_same_autowindow,libero_goal,NON_CLEAN_OR_ATTACK,TIER_X_REJECTED,False,False,False,False,False,False,False,False,False,False
/data/liuyu/outputs/overnight_bowl_plate_table2small_with_relay_20260522/runs/goal_put_the_bowl_on_the_plate_s0_r1_best_VIS_gripper_targeted_stronger_same_autowindow,libero_goal,NON_CLEAN_OR_ATTACK,TIER_X_REJECTED,False,False,False,False,False,False,False,False,False,False
/data/liuyu/outputs/overnight_bowl_plate_table2small_with_relay_20260522/runs/goal_put_the_bowl_on_the_plate_s4_r1_best_VIS_gripper_targeted_stronger_same_autowindow,libero_goal,NON_CLEAN_OR_ATTACK,TIER_X_REJECTED,False,False,False,False,False,False,False,False,False,False
/data/liuyu/outputs/overnight_bowl_plate_table2small_with_relay_20260522/runs/goal_put_the_bowl_on_the_plate_s4_r0_clean_detect,libero_goal,CLEAN,TIER_X_REJECTED,False,False,False,False,False,False,False,False,False,False
/data/liuyu/outputs/overnight_bowl_plate_table2small_with_relay_20260522/runs/goal_put_the_bowl_on_the_plate_s0_r2_VIS_current_same_autowindow,libero_goal,NON_CLEAN_OR_ATTACK,TIER_X_REJECTED,False,False,False,False,False,False,False,False,False,False
/data/liuyu/outputs/overnight_bowl_plate_table2small_with_relay_20260522/runs/goal_put_the_bowl_on_the_plate_s5_r1_best_VIS_gripper_targeted_stronger_same_autowindow,libero_goal,NON_CLEAN_OR_ATTACK,TIER_X_REJECTED,False,False,False,False,False,False,False,False,False,False
/data/liuyu/outputs/overnight_bowl_plate_table2small_with_relay_20260522/runs/goal_put_the_bowl_on_the_plate_s5_r0_command_open_0.75_same_autowindow,libero_goal,CONDITION_UNVERIFIED,TIER_X_REJECTED,False,False,False,False,False,False,False,False,False,False
/data/liuyu/outputs/overnight_bowl_plate_table2small_with_relay_20260522/runs/goal_put_the_bowl_on_the_plate_s5_r0_random_same_autowindow,libero_goal,NON_CLEAN_OR_ATTACK,TIER_X_REJECTED,False,False,False,False,False,False,False,False,False,False
/data/liuyu/outputs/overnight_bowl_plate_table2small_with_relay_20260522/runs/goal_put_the_bowl_on_the_plate_s0_r1_random_same_autowindow,libero_goal,NON_CLEAN_OR_ATTACK,TIER_X_REJECTED,False,False,False,False,False,False,False,False,False,False
/data/liuyu/outputs/overnight_bowl_plate_table2small_with_relay_20260522/runs/goal_put_the_bowl_on_the_plate_s4_r0_random_same_autowindow,libero_goal,NON_CLEAN_OR_ATTACK,TIER_X_REJECTED,False,False,False,False,False,False,False,False,False,False
/data/liuyu/outputs/overnight_bowl_plate_table2small_with_relay_20260522/runs/goal_put_the_bowl_on_the_plate_s5_r2_command_open_0.75_same_autowindow,libero_goal,CONDITION_UNVERIFIED,TIER_X_REJECTED,False,False,False,False,False,False,False,False,False,False
/data/liuyu/outputs/overnight_bowl_plate_table2small_with_relay_20260522/runs/goal_put_the_bowl_on_the_plate_s0_r1_command_open_0.75_same_autowindow,libero_goal,CONDITION_UNVERIFIED,TIER_X_REJECTED,False,False,False,False,False,False,False,False,False,False
/data/liuyu/outputs/overnight_bowl_plate_table2small_with_relay_20260522/runs/goal_put_the_bowl_on_the_plate_s0_r2_command_open_0.75_same_autowindow,libero_goal,CONDITION_UNVERIFIED,TIER_X_REJECTED,False,False,False,False,False,False,False,False,False,False
/data/liuyu/outputs/overnight_bowl_plate_table2small_with_relay_20260522/runs/goal_put_the_bowl_on_the_plate_s5_r0_VIS_current_same_autowindow,libero_goal,NON_CLEAN_OR_ATTACK,TIER_X_REJECTED,False,False,False,False,False,False,False,False,False,False
/data/liuyu/outputs/overnight_bowl_plate_table2small_with_relay_20260522/runs/goal_put_the_bowl_on_the_plate_s0_r0_VIS_current_same_autowindow,libero_goal,NON_CLEAN_OR_ATTACK,TIER_X_REJECTED,False,False,False,False,False,False,False,False,False,False
/data/liuyu/outputs/overnight_bowl_plate_table2small_with_relay_20260522/runs/goal_put_the_bowl_on_the_plate_s0_r1_clean_detect,libero_goal,CLEAN,TIER_X_REJECTED,False,False,False,False,False,False,False,False,False,False
/data/liuyu/outputs/overnight_bowl_plate_table2small_with_relay_20260522/runs/goal_put_the_bowl_on_the_plate_s4_r0_best_VIS_gripper_targeted_stronger_same_autowindow,libero_goal,NON_CLEAN_OR_ATTACK,TIER_X_REJECTED,False,False,False,False,False,False,False,False,False,False
/data/liuyu/outputs/overnight_bowl_plate_table2small_with_relay_20260522/runs/goal_put_the_bowl_on_the_plate_s5_r1_clean_detect,libero_goal,CLEAN,TIER_X_REJECTED,False,False,False,False,False,False,False,False,False,False
/data/liuyu/outputs/overnight_bowl_plate_table2small_with_relay_20260522/runs/goal_put_the_bowl_on_the_plate_s5_r2_VIS_current_same_autowindow,libero_goal,NON_CLEAN_OR_ATTACK,TIER_X_REJECTED,False,False,False,False,False,False,False,False,False,False
/data/liuyu/outputs/overnight_bowl_plate_table2small_with_relay_20260522/runs/goal_put_the_bowl_on_the_plate_s4_r1_command_open_0.75_same_autowindow,libero_goal,CONDITION_UNVERIFIED,TIER_X_REJECTED,False,False,False,False,False,False,False,False,False,False
/data/liuyu/outputs/overnight_bowl_plate_table2small_with_relay_20260522/runs/goal_put_the_bowl_on_the_plate_s5_r1_command_open_0.75_same_autowindow,libero_goal,CONDITION_UNVERIFIED,TIER_X_REJECTED,False,False,False,False,False,False,False,False,False,False
/data/liuyu/outputs/overnight_bowl_plate_table2small_with_relay_20260522/runs/goal_put_the_bowl_on_the_plate_s5_r2_random_same_autowindow,libero_goal,NON_CLEAN_OR_ATTACK,TIER_X_REJECTED,False,False,False,False,False,False,False,False,False,False
/data/liuyu/outputs/overnight_bowl_plate_table2small_with_relay_20260522/runs/goal_put_the_bowl_on_the_plate_s4_r1_random_same_autowindow,libero_goal,NON_CLEAN_OR_ATTACK,TIER_X_REJECTED,False,False,False,False,False,False,False,False,False,False
/data/liuyu/outputs/overnight_bowl_plate_table2small_with_relay_20260522/runs/goal_put_the_bowl_on_the_plate_s4_r2_random_same_autowindow,libero_goal,NON_CLEAN_OR_ATTACK,TIER_X_REJECTED,False,False,False,False,False,False,False,False,False,False
/data/liuyu/outputs/overnight_bowl_plate_table2small_with_relay_20260522/runs/goal_put_the_bowl_on_the_plate_s0_r2_best_VIS_gripper_targeted_stronger_same_autowindow,libero_goal,NON_CLEAN_OR_ATTACK,TIER_X_REJECTED,False,False,False,False,False,False,False,False,False,False
/data/liuyu/outputs/overnight_bowl_plate_table2small_with_relay_20260522/runs/goal_put_the_bowl_on_the_plate_s5_r2_clean_detect,libero_goal,CLEAN,TIER_X_REJECTED,False,False,False,False,False,False,False,False,False,False
/data/liuyu/outputs/overnight_bowl_plate_table2small_with_relay_20260522/runs/goal_put_the_bowl_on_the_plate_s5_r1_random_same_autowindow,libero_goal,NON_CLEAN_OR_ATTACK,TIER_X_REJECTED,False,False,False,False,False,False,False,False,False,False
/data/liuyu/outputs/overnight_bowl_plate_table2small_with_relay_20260522/runs/goal_put_the_bowl_on_the_plate_s4_r2_VIS_current_same_autowindow,libero_goal,NON_CLEAN_OR_ATTACK,TIER_X_REJECTED,False,False,False,False,False,False,False,False,False,False
/data/liuyu/outputs/overnight_bowl_plate_table2small_with_relay_20260522/runs/goal_put_the_bowl_on_the_plate_s4_r2_command_open_0.75_same_autowindow,libero_goal,CONDITION_UNVERIFIED,TIER_X_REJECTED,False,False,False,False,False,False,False,False,False,False
/data/liuyu/outputs/overnight_bowl_plate_table2small_with_relay_20260522/runs/goal_put_the_bowl_on_the_plate_s4_r0_VIS_current_same_autowindow,libero_goal,NON_CLEAN_OR_ATTACK,TIER_X_REJECTED,False,False,False,False,False,False,False,False,False,False
/data/liuyu/outputs/overnight_bowl_plate_table2small_with_relay_20260522/runs/goal_put_the_bowl_on_the_plate_s4_r2_best_VIS_gripper_targeted_stronger_same_autowindow,libero_goal,NON_CLEAN_OR_ATTACK,TIER_X_REJECTED,False,False,False,False,False,False,False,False,False,False
/data/liuyu/outputs/moka_twopot_window_theory_series_20260512/relay_s1/moka_clean_gate_state1_seed1_rep3,libero_10,CLEAN,TIER_X_REJECTED,False,False,False,False,False,False,False,False,False,False
/data/liuyu/outputs/moka_twopot_window_theory_series_20260512/relay_s1/moka_clean_gate_state1_seed1_rep2,libero_10,CLEAN,TIER_X_REJECTED,False,False,False,False,False,False,False,False,False,False
/data/liuyu/outputs/moka_twopot_window_theory_series_20260512/relay_s1/moka_clean_gate_state1_seed1_rep1,libero_10,CLEAN,TIER_X_REJECTED,False,False,False,False,False,False,False,False,False,False
/data/liuyu/outputs/moka_twopot_window_theory_series_20260512/relay_s1/moka_clean_gate_state1_seed1_rep4,libero_10,CLEAN,TIER_X_REJECTED,False,False,False,False,False,False,False,False,False,False
/data/liuyu/outputs/moka_twopot_window_theory_series_20260512/relay_s1/moka_oracle_state1_seed1_rel0_30,libero_10,CONDITION_UNVERIFIED,TIER_X_REJECTED,False,False,False,False,False,False,False,False,False,False
/data/liuyu/outputs/moka_twopot_window_theory_series_20260512/relay_s1/moka_vis_state1_seed1_rel0_30,libero_10,NON_CLEAN_OR_ATTACK,TIER_X_REJECTED,False,False,False,False,False,False,False,False,False,False
/data/liuyu/outputs/moka_twopot_window_theory_series_20260512/relay_s1/moka_clean_gate_state1_seed1_rep5,libero_10,CLEAN,TIER_X_REJECTED,False,False,False,False,False,False,False,False,False,False
/data/liuyu/outputs/moka_twopot_window_theory_series_20260512/relay_s3/moka_clean_gate_state1_seed3_rep2,libero_10,CLEAN,TIER_X_REJECTED,False,False,False,False,False,False,False,False,False,False
/data/liuyu/outputs/moka_twopot_window_theory_series_20260512/relay_s3/moka_clean_gate_state1_seed3_rep1,libero_10,CLEAN,TIER_X_REJECTED,False,False,False,False,False,False,False,False,False,False
/data/liuyu/outputs/moka_twopot_window_theory_series_20260512/relay_s3/moka_clean_gate_state1_seed3_rep5,libero_10,CLEAN,TIER_X_REJECTED,False,False,False,False,False,False,False,False,False,False
/data/liuyu/outputs/moka_twopot_window_theory_series_20260512/relay_s3/moka_clean_gate_state1_seed3_rep3,libero_10,CLEAN,TIER_X_REJECTED,False,False,False,False,False,False,False,False,False,False
/data/liuyu/outputs/moka_twopot_window_theory_series_20260512/relay_s2/moka_clean_gate_state1_seed2_rep2,libero_10,CLEAN,TIER_X_REJECTED,False,False,False,False,False,False,False,False,False,False
/data/liuyu/outputs/moka_twopot_window_theory_series_20260512/relay_s2/moka_clean_gate_state1_seed2_rep3,libero_10,CLEAN,TIER_X_REJECTED,False,False,False,False,False,False,False,False,False,False
/data/liuyu/outputs/moka_twopot_window_theory_series_20260512/relay_s2/moka_clean_gate_state1_seed2_rep5,libero_10,CLEAN,TIER_X_REJECTED,False,False,False,False,False,False,False,False,False,False
/data/liuyu/outputs/moka_twopot_window_theory_series_20260512/relay_s2/moka_oracle_state1_seed2_rel0_30,libero_10,CONDITION_UNVERIFIED,TIER_X_REJECTED,False,False,False,False,False,False,False,False,False,False
/data/liuyu/outputs/moka_twopot_window_theory_series_20260512/relay_s2/moka_clean_gate_state1_seed2_rep1,libero_10,CLEAN,TIER_X_REJECTED,False,False,False,False,False,False,False,False,False,False
/data/liuyu/outputs/moka_twopot_window_theory_series_20260512/relay_s2/moka_clean_gate_state1_seed2_rep4,libero_10,CLEAN,TIER_X_REJECTED,False,False,False,False,False,False,False,False,False,False
/data/liuyu/outputs/libero_full4_state0_balanced_clean_20260518/old2080ti_20260518_full4_smoke_goal_open_the_middle_drawer_of_the_cabinet_state0_seed1_clean,libero_goal,CLEAN,TIER_X_REJECTED,False,False,False,False,False,False,False,False,False,False
/data/liuyu/outputs/libero_full4_state0_balanced_clean_20260518/old2080ti_20260518_full4_smoke_object_pick_up_the_alphabet_soup_and_place_it_in_the_basket_state0_seed1_clean,,CLEAN,TIER_X_REJECTED,False,False,False,False,False,False,False,False,False,False
/data/liuyu/outputs/libero_full4_state0_balanced_clean_20260518/old2080ti_20260518_full4_smoke_spatial_pick_up_the_black_bowl_between_the_plate_and_the_ramekin_and_place_it_on_the_plate_state0_seed1_clean,libero_spatial,CLEAN,TIER_X_REJECTED,False,False,False,False,False,False,False,False,False,False
/data/liuyu/outputs/libero_full4_state0_balanced_clean_20260518/old2080ti_20260518_full4_smoke_libero10_kitchen_scene8_put_both_moka_pots_on_the_stove_state0_seed1_clean,libero_10,CLEAN,TIER_X_REJECTED,False,False,False,False,False,False,False,False,False,False
/data/liuyu/outputs/d4_smoke_gpu26_r2/milk_s23_shadow_attempt1,,CONDITION_UNVERIFIED,TIER_X_REJECTED,False,False,False,False,False,False,False,False,False,False
/data/liuyu/outputs/moka_first_pot_vis_control_20260512/moka_ctrl_same_gate_zero_margin_state1_seed2_w790_805,libero_10,NON_CLEAN_OR_ATTACK,TIER_X_REJECTED,False,False,False,False,False,False,False,False,False,False
/data/liuyu/outputs/moka_first_pot_vis_control_20260512/moka_oracle_state1_seed2_w790_805_visctrl_ref,libero_10,NON_CLEAN_OR_ATTACK,TIER_X_REJECTED,False,False,False,False,False,False,False,False,False,False
/data/liuyu/outputs/moka_first_pot_vis_control_20260512/moka_vis_margin_prevdelta_state1_seed2_w790_805,libero_10,NON_CLEAN_OR_ATTACK,TIER_X_REJECTED,False,False,False,False,False,False,False,False,False,False
/data/liuyu/outputs/moka_first_pot_vis_control_20260512/moka_clean_state1_seed2_visctrl_ref,libero_10,CLEAN,TIER_X_REJECTED,False,False,False,False,False,False,False,False,False,False
/data/liuyu/outputs/moka_first_pot_vis_control_20260512/moka_ctrl_random_direction_state1_seed2_w790_805,libero_10,NON_CLEAN_OR_ATTACK,TIER_X_REJECTED,False,False,False,False,False,False,False,False,False,False
/data/liuyu/outputs/l3_h5_v2_integration_r1/seed81_TRUE,,TRUE,TIER_X_REJECTED,False,False,False,False,False,False,False,False,False,False
/data/liuyu/outputs/l3_h5_v2_integration_r1/seed81_RAND,,RAND,TIER_X_REJECTED,False,False,False,False,False,False,False,False,False,False
/data/liuyu/outputs/l3_h5_v2_integration_r1/seed81_SHUFFLED,,SHUFFLED,TIER_X_REJECTED,False,False,False,False,False,False,False,False,False,False
/data/liuyu/outputs/l3_h5_v2_integration_r1/seed81_CLEAN,,CLEAN,TIER_D_LEGACY_REFERENCE_ONLY,False,False,False,False,False,False,False,False,False,False
/data/liuyu/outputs/libero_full4_clean_official_aligned_eager_10states_20260525_preflight_canary/runs/official_eager_canary_spatial_state0,libero_spatial,CLEAN,TIER_X_REJECTED,False,False,False,False,False,False,False,False,False,False
/data/liuyu/outputs/milestone_2e4_cross_suite300_privileged_artifact_rich_20260527/runs/libero_10/LIVING_ROOM_SCENE6_put_the_white_mug_on_the_plate_and_put_the_chocolate_pudding_to_the_right_of_the_plate_state8,libero_10,CONDITION_UNVERIFIED,TIER_X_REJECTED,False,False,False,False,False,False,False,False,False,False
/data/liuyu/outputs/milestone_2e4_cross_suite300_privileged_artifact_rich_20260527/runs/libero_10/STUDY_SCENE1_pick_up_the_book_and_place_it_in_the_back_compartment_of_the_caddy_state1,libero_10,CONDITION_UNVERIFIED,TIER_X_REJECTED,False,False,False,False,False,False,False,False,False,False
/data/liuyu/outputs/milestone_2e4_cross_suite300_privileged_artifact_rich_20260527/runs/libero_10/STUDY_SCENE1_pick_up_the_book_and_place_it_in_the_back_compartment_of_the_caddy_state8,libero_10,CONDITION_UNVERIFIED,TIER_X_REJECTED,False,False,False,False,False,False,False,False,False,False
/data/liuyu/outputs/milestone_2e4_cross_suite300_privileged_artifact_rich_20260527/runs/libero_10/LIVING_ROOM_SCENE1_put_both_the_alphabet_soup_and_the_cream_cheese_box_in_the_basket_state3,libero_10,CONDITION_UNVERIFIED,TIER_X_REJECTED,False,False,False,False,False,False,False,False,False,False
/data/liuyu/outputs/milestone_2e4_cross_suite300_privileged_artifact_rich_20260527/runs/libero_10/KITCHEN_SCENE3_turn_on_the_stove_and_put_the_moka_pot_on_it_state7,libero_10,CONDITION_UNVERIFIED,TIER_X_REJECTED,False,False,False,False,False,False,False,False,False,False
/data/liuyu/outputs/milestone_2e4_cross_suite300_privileged_artifact_rich_20260527/runs/libero_10/LIVING_ROOM_SCENE2_put_both_the_cream_cheese_box_and_the_butter_in_the_basket_state9,libero_10,CONDITION_UNVERIFIED,TIER_X_REJECTED,False,False,False,False,False,False,False,False,False,False
/data/liuyu/outputs/milestone_2e4_cross_suite300_privileged_artifact_rich_20260527/runs/libero_10/LIVING_ROOM_SCENE6_put_the_white_mug_on_the_plate_and_put_the_chocolate_pudding_to_the_right_of_the_plate_state0,libero_10,CONDITION_UNVERIFIED,TIER_X_REJECTED,False,False,False,False,False,False,False,False,False,False
/data/liuyu/outputs/milestone_2e4_cross_suite300_privileged_artifact_rich_20260527/runs/libero_10/LIVING_ROOM_SCENE1_put_both_the_alphabet_soup_and_the_cream_cheese_box_in_the_basket_state0,libero_10,CONDITION_UNVERIFIED,TIER_X_REJECTED,False,False,False,False,False,False,False,False,False,False
/data/liuyu/outputs/milestone_2e4_cross_suite300_privileged_artifact_rich_20260527/runs/libero_10/LIVING_ROOM_SCENE6_put_the_white_mug_on_the_plate_and_put_the_chocolate_pudding_to_the_right_of_the_plate_state4,libero_10,CONDITION_UNVERIFIED,TIER_X_REJECTED,False,False,False,False,False,False,False,False,False,False
/data/liuyu/outputs/milestone_2e4_cross_suite300_privileged_artifact_rich_20260527/runs/libero_10/STUDY_SCENE1_pick_up_the_book_and_place_it_in_the_back_compartment_of_the_caddy_state6,libero_10,CONDITION_UNVERIFIED,TIER_X_REJECTED,False,False,False,False,False,False,False,False,False,False
/data/liuyu/outputs/milestone_2e4_cross_suite300_privileged_artifact_rich_20260527/runs/libero_10/KITCHEN_SCENE4_put_the_black_bowl_in_the_bottom_drawer_of_the_cabinet_and_close_it_state5,libero_10,CONDITION_UNVERIFIED,TIER_X_REJECTED,False,False,False,False,False,False,False,False,False,False
/data/liuyu/outputs/milestone_2e4_cross_suite300_privileged_artifact_rich_20260527/runs/libero_10/KITCHEN_SCENE3_turn_on_the_stove_and_put_the_moka_pot_on_it_state4,libero_10,CONDITION_UNVERIFIED,TIER_X_REJECTED,False,False,False,False,False,False,False,False,False,False
/data/liuyu/outputs/milestone_2e4_cross_suite300_privileged_artifact_rich_20260527/runs/libero_10/KITCHEN_SCENE8_put_both_moka_pots_on_the_stove_state9,libero_10,CONDITION_UNVERIFIED,TIER_X_REJECTED,False,False,False,False,False,False,False,False,False,False
/data/liuyu/outputs/milestone_2e4_cross_suite300_privileged_artifact_rich_20260527/runs/libero_10/KITCHEN_SCENE3_turn_on_the_stove_and_put_the_moka_pot_on_it_state6,libero_10,CONDITION_UNVERIFIED,TIER_X_REJECTED,False,False,False,False,False,False,False,False,False,False
/data/liuyu/outputs/milestone_2e4_cross_suite300_privileged_artifact_rich_20260527/runs/libero_10/LIVING_ROOM_SCENE2_put_both_the_alphabet_soup_and_the_tomato_sauce_in_the_basket_state4,libero_10,CONDITION_UNVERIFIED,TIER_X_REJECTED,False,False,False,False,False,False,False,False,False,False
/data/liuyu/outputs/milestone_2e4_cross_suite300_privileged_artifact_rich_20260527/runs/libero_10/LIVING_ROOM_SCENE5_put_the_white_mug_on_the_left_plate_and_put_the_yellow_and_white_mug_on_the_right_plate_state0,libero_10,CONDITION_UNVERIFIED,TIER_X_REJECTED,False,False,False,False,False,False,False,False,False,False
/data/liuyu/outputs/milestone_2e4_cross_suite300_privileged_artifact_rich_20260527/runs/libero_10/KITCHEN_SCENE8_put_both_moka_pots_on_the_stove_state3,libero_10,CONDITION_UNVERIFIED,TIER_X_REJECTED,False,False,False,False,False,False,False,False,False,False
/data/liuyu/outputs/milestone_2e4_cross_suite300_privileged_artifact_rich_20260527/runs/libero_10/LIVING_ROOM_SCENE2_put_both_the_alphabet_soup_and_the_tomato_sauce_in_the_basket_state0,libero_10,CONDITION_UNVERIFIED,TIER_X_REJECTED,False,False,False,False,False,False,False,False,False,False
/data/liuyu/outputs/milestone_2e4_cross_suite300_privileged_artifact_rich_20260527/runs/libero_10/LIVING_ROOM_SCENE6_put_the_white_mug_on_the_plate_and_put_the_chocolate_pudding_to_the_right_of_the_plate_state7,libero_10,CONDITION_UNVERIFIED,TIER_X_REJECTED,False,False,False,False,False,False,False,False,False,False
/data/liuyu/outputs/milestone_2e4_cross_suite300_privileged_artifact_rich_20260527/runs/libero_10/LIVING_ROOM_SCENE2_put_both_the_cream_cheese_box_and_the_butter_in_the_basket_state0,libero_10,CONDITION_UNVERIFIED,TIER_X_REJECTED,False,False,False,False,False,False,False,False,False,False
/data/liuyu/outputs/milestone_2e4_cross_suite300_privileged_artifact_rich_20260527/runs/libero_10/KITCHEN_SCENE4_put_the_black_bowl_in_the_bottom_drawer_of_the_cabinet_and_close_it_state8,libero_10,CONDITION_UNVERIFIED,TIER_X_REJECTED,False,False,False,False,False,False,False,False,False,False
/data/liuyu/outputs/milestone_2e4_cross_suite300_privileged_artifact_rich_20260527/runs/libero_10/KITCHEN_SCENE6_put_the_yellow_and_white_mug_in_the_microwave_and_close_it_state6,libero_10,CONDITION_UNVERIFIED,TIER_X_REJECTED,False,False,False,False,False,False,False,False,False,False
/data/liuyu/outputs/milestone_2e4_cross_suite300_privileged_artifact_rich_20260527/runs/libero_10/LIVING_ROOM_SCENE5_put_the_white_mug_on_the_left_plate_and_put_the_yellow_and_white_mug_on_the_right_plate_state5,libero_10,CONDITION_UNVERIFIED,TIER_X_REJECTED,False,False,False,False,False,False,False,False,False,False
/data/liuyu/outputs/milestone_2e4_cross_suite300_privileged_artifact_rich_20260527/runs/libero_10/KITCHEN_SCENE6_put_the_yellow_and_white_mug_in_the_microwave_and_close_it_state4,libero_10,CONDITION_UNVERIFIED,TIER_X_REJECTED,False,False,False,False,False,False,False,False,False,False
/data/liuyu/outputs/milestone_2e4_cross_suite300_privileged_artifact_rich_20260527/runs/libero_10/LIVING_ROOM_SCENE5_put_the_white_mug_on_the_left_plate_and_put_the_yellow_and_white_mug_on_the_right_plate_state3,libero_10,CONDITION_UNVERIFIED,TIER_X_REJECTED,False,False,False,False,False,False,False,False,False,False
/data/liuyu/outputs/milestone_2e4_cross_suite300_privileged_artifact_rich_20260527/runs/libero_10/KITCHEN_SCENE6_put_the_yellow_and_white_mug_in_the_microwave_and_close_it_state9,libero_10,CONDITION_UNVERIFIED,TIER_X_REJECTED,False,False,False,False,False,False,False,False,False,False
/data/liuyu/outputs/milestone_2e4_cross_suite300_privileged_artifact_rich_20260527/runs/libero_10/LIVING_ROOM_SCENE2_put_both_the_alphabet_soup_and_the_tomato_sauce_in_the_basket_state1,libero_10,CONDITION_UNVERIFIED,TIER_X_REJECTED,False,False,False,False,False,False,False,False,False,False
/data/liuyu/outputs/milestone_2e4_cross_suite300_privileged_artifact_rich_20260527/runs/libero_10/LIVING_ROOM_SCENE2_put_both_the_alphabet_soup_and_the_tomato_sauce_in_the_basket_state7,libero_10,CONDITION_UNVERIFIED,TIER_X_REJECTED,False,False,False,False,False,False,False,False,False,False
/data/liuyu/outputs/milestone_2e4_cross_suite300_privileged_artifact_rich_20260527/runs/libero_10/KITCHEN_SCENE3_turn_on_the_stove_and_put_the_moka_pot_on_it_state5,libero_10,CONDITION_UNVERIFIED,TIER_X_REJECTED,False,False,False,False,False,False,False,False,False,False
/data/liuyu/outputs/milestone_2e4_cross_suite300_privileged_artifact_rich_20260527/runs/libero_10/LIVING_ROOM_SCENE2_put_both_the_alphabet_soup_and_the_tomato_sauce_in_the_basket_state8,libero_10,CONDITION_UNVERIFIED,TIER_X_REJECTED,False,False,False,False,False,False,False,False,False,False
/data/liuyu/outputs/milestone_2e4_cross_suite300_privileged_artifact_rich_20260527/runs/libero_10/LIVING_ROOM_SCENE2_put_both_the_alphabet_soup_and_the_tomato_sauce_in_the_basket_state9,libero_10,CONDITION_UNVERIFIED,TIER_X_REJECTED,False,False,False,False,False,False,False,False,False,False
/data/liuyu/outputs/milestone_2e4_cross_suite300_privileged_artifact_rich_20260527/runs/libero_10/LIVING_ROOM_SCENE2_put_both_the_cream_cheese_box_and_the_butter_in_the_basket_state7,libero_10,CONDITION_UNVERIFIED,TIER_X_REJECTED,False,False,False,False,False,False,False,False,False,False
/data/liuyu/outputs/milestone_2e4_cross_suite300_privileged_artifact_rich_20260527/runs/libero_10/KITCHEN_SCENE4_put_the_black_bowl_in_the_bottom_drawer_of_the_cabinet_and_close_it_state7,libero_10,CONDITION_UNVERIFIED,TIER_X_REJECTED,False,False,False,False,False,False,False,False,False,False
/data/liuyu/outputs/milestone_2e4_cross_suite300_privileged_artifact_rich_20260527/runs/libero_10/LIVING_ROOM_SCENE2_put_both_the_cream_cheese_box_and_the_butter_in_the_basket_state3,libero_10,CONDITION_UNVERIFIED,TIER_X_REJECTED,False,False,False,False,False,False,False,False,False,False
/data/liuyu/outputs/milestone_2e4_cross_suite300_privileged_artifact_rich_20260527/runs/libero_10/LIVING_ROOM_SCENE6_put_the_white_mug_on_the_plate_and_put_the_chocolate_pudding_to_the_right_of_the_plate_state2,libero_10,CONDITION_UNVERIFIED,TIER_X_REJECTED,False,False,False,False,False,False,False,False,False,False
/data/liuyu/outputs/milestone_2e4_cross_suite300_privileged_artifact_rich_20260527/runs/libero_10/LIVING_ROOM_SCENE5_put_the_white_mug_on_the_left_plate_and_put_the_yellow_and_white_mug_on_the_right_plate_state4,libero_10,CONDITION_UNVERIFIED,TIER_X_REJECTED,False,False,False,False,False,False,False,False,False,False
/data/liuyu/outputs/milestone_2e4_cross_suite300_privileged_artifact_rich_20260527/runs/libero_10/LIVING_ROOM_SCENE1_put_both_the_alphabet_soup_and_the_cream_cheese_box_in_the_basket_state9,libero_10,CONDITION_UNVERIFIED,TIER_X_REJECTED,False,False,False,False,False,False,False,False,False,False
/data/liuyu/outputs/milestone_2e4_cross_suite300_privileged_artifact_rich_20260527/runs/libero_10/KITCHEN_SCENE3_turn_on_the_stove_and_put_the_moka_pot_on_it_state2,libero_10,CONDITION_UNVERIFIED,TIER_X_REJECTED,False,False,False,False,False,False,False,False,False,False
/data/liuyu/outputs/milestone_2e4_cross_suite300_privileged_artifact_rich_20260527/runs/libero_10/LIVING_ROOM_SCENE2_put_both_the_cream_cheese_box_and_the_butter_in_the_basket_state2,libero_10,CONDITION_UNVERIFIED,TIER_X_REJECTED,False,False,False,False,False,False,False,False,False,False
/data/liuyu/outputs/milestone_2e4_cross_suite300_privileged_artifact_rich_20260527/runs/libero_10/LIVING_ROOM_SCENE2_put_both_the_alphabet_soup_and_the_tomato_sauce_in_the_basket_state5,libero_10,CONDITION_UNVERIFIED,TIER_X_REJECTED,False,False,False,False,False,False,False,False,False,False
/data/liuyu/outputs/milestone_2e4_cross_suite300_privileged_artifact_rich_20260527/runs/libero_10/KITCHEN_SCENE8_put_both_moka_pots_on_the_stove_state0,libero_10,CONDITION_UNVERIFIED,TIER_X_REJECTED,False,False,False,False,False,False,False,False,False,False
/data/liuyu/outputs/milestone_2e4_cross_suite300_privileged_artifact_rich_20260527/runs/libero_10/LIVING_ROOM_SCENE1_put_both_the_alphabet_soup_and_the_cream_cheese_box_in_the_basket_state5,libero_10,CONDITION_UNVERIFIED,TIER_X_REJECTED,False,False,False,False,False,False,False,False,False,False
/data/liuyu/outputs/milestone_2e4_cross_suite300_privileged_artifact_rich_20260527/runs/libero_10/LIVING_ROOM_SCENE5_put_the_white_mug_on_the_left_plate_and_put_the_yellow_and_white_mug_on_the_right_plate_state2,libero_10,CONDITION_UNVERIFIED,TIER_X_REJECTED,False,False,False,False,False,False,False,False,False,False
/data/liuyu/outputs/milestone_2e4_cross_suite300_privileged_artifact_rich_20260527/runs/libero_10/KITCHEN_SCENE6_put_the_yellow_and_white_mug_in_the_microwave_and_close_it_state8,libero_10,CONDITION_UNVERIFIED,TIER_X_REJECTED,False,False,False,False,False,False,False,False,False,False
/data/liuyu/outputs/milestone_2e4_cross_suite300_privileged_artifact_rich_20260527/runs/libero_10/KITCHEN_SCENE6_put_the_yellow_and_white_mug_in_the_microwave_and_close_it_state3,libero_10,CONDITION_UNVERIFIED,TIER_X_REJECTED,False,False,False,False,False,False,False,False,False,False
/data/liuyu/outputs/milestone_2e4_cross_suite300_privileged_artifact_rich_20260527/runs/libero_10/LIVING_ROOM_SCENE2_put_both_the_cream_cheese_box_and_the_butter_in_the_basket_state1,libero_10,CONDITION_UNVERIFIED,TIER_X_REJECTED,False,False,False,False,False,False,False,False,False,False
/data/liuyu/outputs/milestone_2e4_cross_suite300_privileged_artifact_rich_20260527/runs/libero_10/KITCHEN_SCENE3_turn_on_the_stove_and_put_the_moka_pot_on_it_state8,libero_10,CONDITION_UNVERIFIED,TIER_X_REJECTED,False,False,False,False,False,False,False,False,False,False
/data/liuyu/outputs/milestone_2e4_cross_suite300_privileged_artifact_rich_20260527/runs/libero_10/LIVING_ROOM_SCENE6_put_the_white_mug_on_the_plate_and_put_the_chocolate_pudding_to_the_right_of_the_plate_state9,libero_10,CONDITION_UNVERIFIED,TIER_X_REJECTED,False,False,False,False,False,False,False,False,False,False
/data/liuyu/outputs/milestone_2e4_cross_suite300_privileged_artifact_rich_20260527/runs/libero_10/KITCHEN_SCENE6_put_the_yellow_and_white_mug_in_the_microwave_and_close_it_state7,libero_10,CONDITION_UNVERIFIED,TIER_X_REJECTED,False,False,False,False,False,False,False,False,False,False
/data/liuyu/outputs/milestone_2e4_cross_suite300_privileged_artifact_rich_20260527/runs/libero_10/LIVING_ROOM_SCENE5_put_the_white_mug_on_the_left_plate_and_put_the_yellow_and_white_mug_on_the_right_plate_state7,libero_10,CONDITION_UNVERIFIED,TIER_X_REJECTED,False,False,False,False,False,False,False,False,False,False
/data/liuyu/outputs/milestone_2e4_cross_suite300_privileged_artifact_rich_20260527/runs/libero_10/KITCHEN_SCENE6_put_the_yellow_and_white_mug_in_the_microwave_and_close_it_state2,libero_10,CONDITION_UNVERIFIED,TIER_X_REJECTED,False,False,False,False,False,False,False,False,False,False
/data/liuyu/outputs/milestone_2e4_cross_suite300_privileged_artifact_rich_20260527/runs/libero_10/KITCHEN_SCENE8_put_both_moka_pots_on_the_stove_state4,libero_10,CONDITION_UNVERIFIED,TIER_X_REJECTED,False,False,False,False,False,False,False,False,False,False
/data/liuyu/outputs/milestone_2e4_cross_suite300_privileged_artifact_rich_20260527/runs/libero_10/LIVING_ROOM_SCENE2_put_both_the_alphabet_soup_and_the_tomato_sauce_in_the_basket_state6,libero_10,CONDITION_UNVERIFIED,TIER_X_REJECTED,False,False,False,False,False,False,False,False,False,False
/data/liuyu/outputs/milestone_2e4_cross_suite300_privileged_artifact_rich_20260527/runs/libero_10/STUDY_SCENE1_pick_up_the_book_and_place_it_in_the_back_compartment_of_the_caddy_state3,libero_10,CONDITION_UNVERIFIED,TIER_X_REJECTED,False,False,False,False,False,False,False,False,False,False
/data/liuyu/outputs/milestone_2e4_cross_suite300_privileged_artifact_rich_20260527/runs/libero_10/KITCHEN_SCENE6_put_the_yellow_and_white_mug_in_the_microwave_and_close_it_state0,libero_10,CONDITION_UNVERIFIED,TIER_X_REJECTED,False,False,False,False,False,False,False,False,False,False
/data/liuyu/outputs/milestone_2e4_cross_suite300_privileged_artifact_rich_20260527/runs/libero_10/LIVING_ROOM_SCENE5_put_the_white_mug_on_the_left_plate_and_put_the_yellow_and_white_mug_on_the_right_plate_state9,libero_10,CONDITION_UNVERIFIED,TIER_X_REJECTED,False,False,False,False,False,False,False,False,False,False
/data/liuyu/outputs/milestone_2e4_cross_suite300_privileged_artifact_rich_20260527/runs/libero_10/KITCHEN_SCENE8_put_both_moka_pots_on_the_stove_state7,libero_10,CONDITION_UNVERIFIED,TIER_X_REJECTED,False,False,False,False,False,False,False,False,False,False
/data/liuyu/outputs/milestone_2e4_cross_suite300_privileged_artifact_rich_20260527/runs/libero_10/LIVING_ROOM_SCENE2_put_both_the_alphabet_soup_and_the_tomato_sauce_in_the_basket_state2,libero_10,CONDITION_UNVERIFIED,TIER_X_REJECTED,False,False,False,False,False,False,False,False,False,False
/data/liuyu/outputs/milestone_2e4_cross_suite300_privileged_artifact_rich_20260527/runs/libero_10/LIVING_ROOM_SCENE5_put_the_white_mug_on_the_left_plate_and_put_the_yellow_and_white_mug_on_the_right_plate_state6,libero_10,CONDITION_UNVERIFIED,TIER_X_REJECTED,False,False,False,False,False,False,False,False,False,False
/data/liuyu/outputs/milestone_2e4_cross_suite300_privileged_artifact_rich_20260527/runs/libero_10/KITCHEN_SCENE8_put_both_moka_pots_on_the_stove_state8,libero_10,CONDITION_UNVERIFIED,TIER_X_REJECTED,False,False,False,False,False,False,False,False,False,False
/data/liuyu/outputs/milestone_2e4_cross_suite300_privileged_artifact_rich_20260527/runs/libero_10/KITCHEN_SCENE4_put_the_black_bowl_in_the_bottom_drawer_of_the_cabinet_and_close_it_state0,libero_10,CONDITION_UNVERIFIED,TIER_X_REJECTED,False,False,False,False,False,False,False,False,False,False
/data/liuyu/outputs/milestone_2e4_cross_suite300_privileged_artifact_rich_20260527/runs/libero_10/STUDY_SCENE1_pick_up_the_book_and_place_it_in_the_back_compartment_of_the_caddy_state7,libero_10,CONDITION_UNVERIFIED,TIER_X_REJECTED,False,False,False,False,False,False,False,False,False,False
/data/liuyu/outputs/milestone_2e4_cross_suite300_privileged_artifact_rich_20260527/runs/libero_10/STUDY_SCENE1_pick_up_the_book_and_place_it_in_the_back_compartment_of_the_caddy_state4,libero_10,CONDITION_UNVERIFIED,TIER_X_REJECTED,False,False,False,False,False,False,False,False,False,False
/data/liuyu/outputs/milestone_2e4_cross_suite300_privileged_artifact_rich_20260527/runs/libero_10/LIVING_ROOM_SCENE2_put_both_the_cream_cheese_box_and_the_butter_in_the_basket_state6,libero_10,CONDITION_UNVERIFIED,TIER_X_REJECTED,False,False,False,False,False,False,False,False,False,False
/data/liuyu/outputs/milestone_2e4_cross_suite300_privileged_artifact_rich_20260527/runs/libero_10/KITCHEN_SCENE4_put_the_black_bowl_in_the_bottom_drawer_of_the_cabinet_and_close_it_state1,libero_10,CONDITION_UNVERIFIED,TIER_X_REJECTED,False,False,False,False,False,False,False,False,False,False
/data/liuyu/outputs/milestone_2e4_cross_suite300_privileged_artifact_rich_20260527/runs/libero_10/KITCHEN_SCENE4_put_the_black_bowl_in_the_bottom_drawer_of_the_cabinet_and_close_it_state6,libero_10,CONDITION_UNVERIFIED,TIER_X_REJECTED,False,False,False,False,False,False,False,False,False,False
/data/liuyu/outputs/milestone_2e4_cross_suite300_privileged_artifact_rich_20260527/runs/libero_10/STUDY_SCENE1_pick_up_the_book_and_place_it_in_the_back_compartment_of_the_caddy_state2,libero_10,CONDITION_UNVERIFIED,TIER_X_REJECTED,False,False,False,False,False,False,False,False,False,False
/data/liuyu/outputs/milestone_2e4_cross_suite300_privileged_artifact_rich_20260527/runs/libero_10/LIVING_ROOM_SCENE2_put_both_the_cream_cheese_box_and_the_butter_in_the_basket_state8,libero_10,CONDITION_UNVERIFIED,TIER_X_REJECTED,False,False,False,False,False,False,False,False,False,False
/data/liuyu/outputs/milestone_2e4_cross_suite300_privileged_artifact_rich_20260527/runs/libero_10/LIVING_ROOM_SCENE6_put_the_white_mug_on_the_plate_and_put_the_chocolate_pudding_to_the_right_of_the_plate_state5,libero_10,CONDITION_UNVERIFIED,TIER_X_REJECTED,False,False,False,False,False,False,False,False,False,False
/data/liuyu/outputs/milestone_2e4_cross_suite300_privileged_artifact_rich_20260527/runs/libero_10/LIVING_ROOM_SCENE5_put_the_white_mug_on_the_left_plate_and_put_the_yellow_and_white_mug_on_the_right_plate_state8,libero_10,CONDITION_UNVERIFIED,TIER_X_REJECTED,False,False,False,False,False,False,False,False,False,False
/data/liuyu/outputs/milestone_2e4_cross_suite300_privileged_artifact_rich_20260527/runs/libero_10/LIVING_ROOM_SCENE2_put_both_the_alphabet_soup_and_the_tomato_sauce_in_the_basket_state3,libero_10,CONDITION_UNVERIFIED,TIER_X_REJECTED,False,False,False,False,False,False,False,False,False,False
/data/liuyu/outputs/milestone_2e4_cross_suite300_privileged_artifact_rich_20260527/runs/libero_10/LIVING_ROOM_SCENE1_put_both_the_alphabet_soup_and_the_cream_cheese_box_in_the_basket_state4,libero_10,CONDITION_UNVERIFIED,TIER_X_REJECTED,False,False,False,False,False,False,False,False,False,False
/data/liuyu/outputs/milestone_2e4_cross_suite300_privileged_artifact_rich_20260527/runs/libero_10/KITCHEN_SCENE4_put_the_black_bowl_in_the_bottom_drawer_of_the_cabinet_and_close_it_state3,libero_10,CONDITION_UNVERIFIED,TIER_X_REJECTED,False,False,False,False,False,False,False,False,False,False
/data/liuyu/outputs/milestone_2e4_cross_suite300_privileged_artifact_rich_20260527/runs/libero_10/KITCHEN_SCENE4_put_the_black_bowl_in_the_bottom_drawer_of_the_cabinet_and_close_it_state9,libero_10,CONDITION_UNVERIFIED,TIER_X_REJECTED,False,False,False,False,False,False,False,False,False,False
/data/liuyu/outputs/milestone_2e4_cross_suite300_privileged_artifact_rich_20260527/runs/libero_10/LIVING_ROOM_SCENE1_put_both_the_alphabet_soup_and_the_cream_cheese_box_in_the_basket_state7,libero_10,CONDITION_UNVERIFIED,TIER_X_REJECTED,False,False,False,False,False,False,False,False,False,False
/data/liuyu/outputs/milestone_2e4_cross_suite300_privileged_artifact_rich_20260527/runs/libero_10/KITCHEN_SCENE8_put_both_moka_pots_on_the_stove_state2,libero_10,CONDITION_UNVERIFIED,TIER_X_REJECTED,False,False,False,False,False,False,False,False,False,False
/data/liuyu/outputs/milestone_2e4_cross_suite300_privileged_artifact_rich_20260527/runs/libero_10/KITCHEN_SCENE3_turn_on_the_stove_and_put_the_moka_pot_on_it_state0,libero_10,CONDITION_UNVERIFIED,TIER_X_REJECTED,False,False,False,False,False,False,False,False,False,False
/data/liuyu/outputs/milestone_2e4_cross_suite300_privileged_artifact_rich_20260527/runs/libero_10/LIVING_ROOM_SCENE6_put_the_white_mug_on_the_plate_and_put_the_chocolate_pudding_to_the_right_of_the_plate_state6,libero_10,CONDITION_UNVERIFIED,TIER_X_REJECTED,False,False,False,False,False,False,False,False,False,False
/data/liuyu/outputs/milestone_2e4_cross_suite300_privileged_artifact_rich_20260527/runs/libero_10/KITCHEN_SCENE3_turn_on_the_stove_and_put_the_moka_pot_on_it_state3,libero_10,CONDITION_UNVERIFIED,TIER_X_REJECTED,False,False,False,False,False,False,False,False,False,False
/data/liuyu/outputs/milestone_2e4_cross_suite300_privileged_artifact_rich_20260527/runs/libero_10/KITCHEN_SCENE8_put_both_moka_pots_on_the_stove_state6,libero_10,CONDITION_UNVERIFIED,TIER_X_REJECTED,False,False,False,False,False,False,False,False,False,False
/data/liuyu/outputs/milestone_2e4_cross_suite300_privileged_artifact_rich_20260527/runs/libero_10/KITCHEN_SCENE4_put_the_black_bowl_in_the_bottom_drawer_of_the_cabinet_and_close_it_state4,libero_10,CONDITION_UNVERIFIED,TIER_X_REJECTED,False,False,False,False,False,False,False,False,False,False
/data/liuyu/outputs/milestone_2e4_cross_suite300_privileged_artifact_rich_20260527/runs/libero_10/LIVING_ROOM_SCENE2_put_both_the_cream_cheese_box_and_the_butter_in_the_basket_state5,libero_10,CONDITION_UNVERIFIED,TIER_X_REJECTED,False,False,False,False,False,False,False,False,False,False
/data/liuyu/outputs/milestone_2e4_cross_suite300_privileged_artifact_rich_20260527/runs/libero_10/KITCHEN_SCENE4_put_the_black_bowl_in_the_bottom_drawer_of_the_cabinet_and_close_it_state2,libero_10,CONDITION_UNVERIFIED,TIER_X_REJECTED,False,False,False,False,False,False,False,False,False,False
/data/liuyu/outputs/milestone_2e4_cross_suite300_privileged_artifact_rich_20260527/runs/libero_10/LIVING_ROOM_SCENE1_put_both_the_alphabet_soup_and_the_cream_cheese_box_in_the_basket_state2,libero_10,CONDITION_UNVERIFIED,TIER_X_REJECTED,False,False,False,False,False,False,False,False,False,False
/data/liuyu/outputs/milestone_2e4_cross_suite300_privileged_artifact_rich_20260527/runs/libero_10/STUDY_SCENE1_pick_up_the_book_and_place_it_in_the_back_compartment_of_the_caddy_state0,libero_10,CONDITION_UNVERIFIED,TIER_X_REJECTED,False,False,False,False,False,False,False,False,False,False
/data/liuyu/outputs/milestone_2e4_cross_suite300_privileged_artifact_rich_20260527/runs/libero_10/LIVING_ROOM_SCENE1_put_both_the_alphabet_soup_and_the_cream_cheese_box_in_the_basket_state1,libero_10,CONDITION_UNVERIFIED,TIER_X_REJECTED,False,False,False,False,False,False,False,False,False,False
/data/liuyu/outputs/milestone_2e4_cross_suite300_privileged_artifact_rich_20260527/runs/libero_10/KITCHEN_SCENE3_turn_on_the_stove_and_put_the_moka_pot_on_it_state1,libero_10,CONDITION_UNVERIFIED,TIER_X_REJECTED,False,False,False,False,False,False,False,False,False,False
/data/liuyu/outputs/milestone_2e4_cross_suite300_privileged_artifact_rich_20260527/runs/libero_10/KITCHEN_SCENE8_put_both_moka_pots_on_the_stove_state1,libero_10,CONDITION_UNVERIFIED,TIER_X_REJECTED,False,False,False,False,False,False,False,False,False,False
/data/liuyu/outputs/milestone_2e4_cross_suite300_privileged_artifact_rich_20260527/runs/libero_10/LIVING_ROOM_SCENE2_put_both_the_cream_cheese_box_and_the_butter_in_the_basket_state4,libero_10,CONDITION_UNVERIFIED,TIER_X_REJECTED,False,False,False,False,False,False,False,False,False,False
/data/liuyu/outputs/milestone_2e4_cross_suite300_privileged_artifact_rich_20260527/runs/libero_10/STUDY_SCENE1_pick_up_the_book_and_place_it_in_the_back_compartment_of_the_caddy_state9,libero_10,CONDITION_UNVERIFIED,TIER_X_REJECTED,False,False,False,False,False,False,False,False,False,False
/data/liuyu/outputs/milestone_2e4_cross_suite300_privileged_artifact_rich_20260527/runs/libero_10/STUDY_SCENE1_pick_up_the_book_and_place_it_in_the_back_compartment_of_the_caddy_state5,libero_10,CONDITION_UNVERIFIED,TIER_X_REJECTED,False,False,False,False,False,False,False,False,False,False
/data/liuyu/outputs/milestone_2e4_cross_suite300_privileged_artifact_rich_20260527/runs/libero_10/LIVING_ROOM_SCENE6_put_the_white_mug_on_the_plate_and_put_the_chocolate_pudding_to_the_right_of_the_plate_state3,libero_10,CONDITION_UNVERIFIED,TIER_X_REJECTED,False,False,False,False,False,False,False,False,False,False
/data/liuyu/outputs/milestone_2e4_cross_suite300_privileged_artifact_rich_20260527/runs/libero_10/LIVING_ROOM_SCENE1_put_both_the_alphabet_soup_and_the_cream_cheese_box_in_the_basket_state6,libero_10,CONDITION_UNVERIFIED,TIER_X_REJECTED,False,False,False,False,False,False,False,False,False,False
/data/liuyu/outputs/milestone_2e4_cross_suite300_privileged_artifact_rich_20260527/runs/libero_10/LIVING_ROOM_SCENE5_put_the_white_mug_on_the_left_plate_and_put_the_yellow_and_white_mug_on_the_right_plate_state1,libero_10,CONDITION_UNVERIFIED,TIER_X_REJECTED,False,False,False,False,False,False,False,False,False,False
/data/liuyu/outputs/milestone_2e4_cross_suite300_privileged_artifact_rich_20260527/runs/libero_10/KITCHEN_SCENE3_turn_on_the_stove_and_put_the_moka_pot_on_it_state9,libero_10,CONDITION_UNVERIFIED,TIER_X_REJECTED,False,False,False,False,False,False,False,False,False,False
/data/liuyu/outputs/milestone_2e4_cross_suite300_privileged_artifact_rich_20260527/runs/libero_10/LIVING_ROOM_SCENE1_put_both_the_alphabet_soup_and_the_cream_cheese_box_in_the_basket_state8,libero_10,CONDITION_UNVERIFIED,TIER_X_REJECTED,False,False,False,False,False,False,False,False,False,False
/data/liuyu/outputs/milestone_2e4_cross_suite300_privileged_artifact_rich_20260527/runs/libero_10/KITCHEN_SCENE8_put_both_moka_pots_on_the_stove_state5,libero_10,CONDITION_UNVERIFIED,TIER_X_REJECTED,False,False,False,False,False,False,False,False,False,False
/data/liuyu/outputs/milestone_2e4_cross_suite300_privileged_artifact_rich_20260527/runs/libero_10/KITCHEN_SCENE6_put_the_yellow_and_white_mug_in_the_microwave_and_close_it_state1,libero_10,CONDITION_UNVERIFIED,TIER_X_REJECTED,False,False,False,False,False,False,False,False,False,False
/data/liuyu/outputs/milestone_2e4_cross_suite300_privileged_artifact_rich_20260527/runs/libero_10/LIVING_ROOM_SCENE6_put_the_white_mug_on_the_plate_and_put_the_chocolate_pudding_to_the_right_of_the_plate_state1,libero_10,CONDITION_UNVERIFIED,TIER_X_REJECTED,False,False,False,False,False,False,False,False,False,False
/data/liuyu/outputs/milestone_2e4_cross_suite300_privileged_artifact_rich_20260527/runs/libero_10/KITCHEN_SCENE6_put_the_yellow_and_white_mug_in_the_microwave_and_close_it_state5,libero_10,CONDITION_UNVERIFIED,TIER_X_REJECTED,False,False,False,False,False,False,False,False,False,False
/data/liuyu/outputs/milestone_2e4_cross_suite300_privileged_artifact_rich_20260527/runs/libero_goal/open_the_top_drawer_and_put_the_bowl_inside_state3,libero_goal,CONDITION_UNVERIFIED,TIER_X_REJECTED,False,False,False,False,False,False,False,False,False,False
/data/liuyu/outputs/milestone_2e4_cross_suite300_privileged_artifact_rich_20260527/runs/libero_goal/open_the_top_drawer_and_put_the_bowl_inside_state2,libero_goal,CONDITION_UNVERIFIED,TIER_X_REJECTED,False,False,False,False,False,False,False,False,False,False
/data/liuyu/outputs/milestone_2e4_cross_suite300_privileged_artifact_rich_20260527/runs/libero_goal/open_the_top_drawer_and_put_the_bowl_inside_state9,libero_goal,CONDITION_UNVERIFIED,TIER_X_REJECTED,False,False,False,False,False,False,False,False,False,False
/data/liuyu/outputs/milestone_2e4_cross_suite300_privileged_artifact_rich_20260527/runs/libero_goal/push_the_plate_to_the_front_of_the_stove_state8,libero_goal,CONDITION_UNVERIFIED,TIER_X_REJECTED,False,False,False,False,False,False,False,False,False,False
/data/liuyu/outputs/milestone_2e4_cross_suite300_privileged_artifact_rich_20260527/runs/libero_goal/open_the_top_drawer_and_put_the_bowl_inside_state5,libero_goal,CONDITION_UNVERIFIED,TIER_X_REJECTED,False,False,False,False,False,False,False,False,False,False
/data/liuyu/outputs/milestone_2e4_cross_suite300_privileged_artifact_rich_20260527/runs/libero_goal/push_the_plate_to_the_front_of_the_stove_state4,libero_goal,CONDITION_UNVERIFIED,TIER_X_REJECTED,False,False,False,False,False,False,False,False,False,False
/data/liuyu/outputs/milestone_2e4_cross_suite300_privileged_artifact_rich_20260527/runs/libero_goal/open_the_middle_drawer_of_the_cabinet_state5,libero_goal,CONDITION_UNVERIFIED,TIER_X_REJECTED,False,False,False,False,False,False,False,False,False,False
/data/liuyu/outputs/milestone_2e4_cross_suite300_privileged_artifact_rich_20260527/runs/libero_goal/put_the_wine_bottle_on_top_of_the_cabinet_state3,libero_goal,CONDITION_UNVERIFIED,TIER_X_REJECTED,False,False,False,False,False,False,False,False,False,False
/data/liuyu/outputs/milestone_2e4_cross_suite300_privileged_artifact_rich_20260527/runs/libero_goal/push_the_plate_to_the_front_of_the_stove_state3,libero_goal,CONDITION_UNVERIFIED,TIER_X_REJECTED,False,False,False,False,False,False,False,False,False,False
/data/liuyu/outputs/milestone_2e4_cross_suite300_privileged_artifact_rich_20260527/runs/libero_goal/put_the_bowl_on_the_stove_state2,libero_goal,CONDITION_UNVERIFIED,TIER_X_REJECTED,False,False,False,False,False,False,False,False,False,False
/data/liuyu/outputs/milestone_2e4_cross_suite300_privileged_artifact_rich_20260527/runs/libero_goal/open_the_middle_drawer_of_the_cabinet_state2,libero_goal,CONDITION_UNVERIFIED,TIER_X_REJECTED,False,False,False,False,False,False,False,False,False,False
/data/liuyu/outputs/milestone_2e4_cross_suite300_privileged_artifact_rich_20260527/runs/libero_goal/put_the_bowl_on_the_plate_state3,libero_goal,CONDITION_UNVERIFIED,TIER_X_REJECTED,False,False,False,False,False,False,False,False,False,False
/data/liuyu/outputs/milestone_2e4_cross_suite300_privileged_artifact_rich_20260527/runs/libero_goal/open_the_middle_drawer_of_the_cabinet_state3,libero_goal,CONDITION_UNVERIFIED,TIER_X_REJECTED,False,False,False,False,False,False,False,False,False,False
/data/liuyu/outputs/milestone_2e4_cross_suite300_privileged_artifact_rich_20260527/runs/libero_goal/open_the_middle_drawer_of_the_cabinet_state8,libero_goal,CONDITION_UNVERIFIED,TIER_X_REJECTED,False,False,False,False,False,False,False,False,False,False
/data/liuyu/outputs/milestone_2e4_cross_suite300_privileged_artifact_rich_20260527/runs/libero_goal/open_the_top_drawer_and_put_the_bowl_inside_state8,libero_goal,CONDITION_UNVERIFIED,TIER_X_REJECTED,False,False,False,False,False,False,False,False,False,False
/data/liuyu/outputs/milestone_2e4_cross_suite300_privileged_artifact_rich_20260527/runs/libero_goal/put_the_bowl_on_the_plate_state5,libero_goal,CONDITION_UNVERIFIED,TIER_X_REJECTED,False,False,False,False,False,False,False,False,False,False
/data/liuyu/outputs/milestone_2e4_cross_suite300_privileged_artifact_rich_20260527/runs/libero_goal/turn_on_the_stove_state0,libero_goal,CONDITION_UNVERIFIED,TIER_X_REJECTED,False,False,False,False,False,False,False,False,False,False
/data/liuyu/outputs/milestone_2e4_cross_suite300_privileged_artifact_rich_20260527/runs/libero_goal/put_the_wine_bottle_on_top_of_the_cabinet_state8,libero_goal,CONDITION_UNVERIFIED,TIER_X_REJECTED,False,False,False,False,False,False,False,False,False,False
/data/liuyu/outputs/milestone_2e4_cross_suite300_privileged_artifact_rich_20260527/runs/libero_goal/put_the_wine_bottle_on_the_rack_state1,libero_goal,CONDITION_UNVERIFIED,TIER_X_REJECTED,False,False,False,False,False,False,False,False,False,False
/data/liuyu/outputs/milestone_2e4_cross_suite300_privileged_artifact_rich_20260527/runs/libero_goal/put_the_bowl_on_top_of_the_cabinet_state5,libero_goal,CONDITION_UNVERIFIED,TIER_X_REJECTED,False,False,False,False,False,False,False,False,False,False
/data/liuyu/outputs/milestone_2e4_cross_suite300_privileged_artifact_rich_20260527/runs/libero_goal/put_the_bowl_on_the_plate_state0,libero_goal,CONDITION_UNVERIFIED,TIER_X_REJECTED,False,False,False,False,False,False,False,False,False,False
/data/liuyu/outputs/milestone_2e4_cross_suite300_privileged_artifact_rich_20260527/runs/libero_goal/put_the_cream_cheese_in_the_bowl_state2,libero_goal,CONDITION_UNVERIFIED,TIER_X_REJECTED,False,False,False,False,False,False,False,False,False,False
/data/liuyu/outputs/milestone_2e4_cross_suite300_privileged_artifact_rich_20260527/runs/libero_goal/put_the_wine_bottle_on_the_rack_state9,libero_goal,CONDITION_UNVERIFIED,TIER_X_REJECTED,False,False,False,False,False,False,False,False,False,False
/data/liuyu/outputs/milestone_2e4_cross_suite300_privileged_artifact_rich_20260527/runs/libero_goal/put_the_wine_bottle_on_the_rack_state7,libero_goal,CONDITION_UNVERIFIED,TIER_X_REJECTED,False,False,False,False,False,False,False,False,False,False
/data/liuyu/outputs/milestone_2e4_cross_suite300_privileged_artifact_rich_20260527/runs/libero_goal/put_the_cream_cheese_in_the_bowl_state0,libero_goal,CONDITION_UNVERIFIED,TIER_X_REJECTED,False,False,False,False,False,False,False,False,False,False
/data/liuyu/outputs/milestone_2e4_cross_suite300_privileged_artifact_rich_20260527/runs/libero_goal/put_the_wine_bottle_on_top_of_the_cabinet_state4,libero_goal,CONDITION_UNVERIFIED,TIER_X_REJECTED,False,False,False,False,False,False,False,False,False,False
/data/liuyu/outputs/milestone_2e4_cross_suite300_privileged_artifact_rich_20260527/runs/libero_goal/turn_on_the_stove_state9,libero_goal,CONDITION_UNVERIFIED,TIER_X_REJECTED,False,False,False,False,False,False,False,False,False,False
/data/liuyu/outputs/milestone_2e4_cross_suite300_privileged_artifact_rich_20260527/runs/libero_goal/turn_on_the_stove_state3,libero_goal,CONDITION_UNVERIFIED,TIER_X_REJECTED,False,False,False,False,False,False,False,False,False,False
/data/liuyu/outputs/milestone_2e4_cross_suite300_privileged_artifact_rich_20260527/runs/libero_goal/put_the_bowl_on_the_stove_state1,libero_goal,CONDITION_UNVERIFIED,TIER_X_REJECTED,False,False,False,False,False,False,False,False,False,False
/data/liuyu/outputs/milestone_2e4_cross_suite300_privileged_artifact_rich_20260527/runs/libero_goal/put_the_bowl_on_the_plate_state4,libero_goal,CONDITION_UNVERIFIED,TIER_X_REJECTED,False,False,False,False,False,False,False,False,False,False
/data/liuyu/outputs/milestone_2e4_cross_suite300_privileged_artifact_rich_20260527/runs/libero_goal/put_the_cream_cheese_in_the_bowl_state9,libero_goal,CONDITION_UNVERIFIED,TIER_X_REJECTED,False,False,False,False,False,False,False,False,False,False
/data/liuyu/outputs/milestone_2e4_cross_suite300_privileged_artifact_rich_20260527/runs/libero_goal/put_the_bowl_on_top_of_the_cabinet_state2,libero_goal,CONDITION_UNVERIFIED,TIER_X_REJECTED,False,False,False,False,False,False,False,False,False,False
/data/liuyu/outputs/milestone_2e4_cross_suite300_privileged_artifact_rich_20260527/runs/libero_goal/put_the_wine_bottle_on_the_rack_state0,libero_goal,CONDITION_UNVERIFIED,TIER_X_REJECTED,False,False,False,False,False,False,False,False,False,False
/data/liuyu/outputs/milestone_2e4_cross_suite300_privileged_artifact_rich_20260527/runs/libero_goal/turn_on_the_stove_state8,libero_goal,CONDITION_UNVERIFIED,TIER_X_REJECTED,False,False,False,False,False,False,False,False,False,False
/data/liuyu/outputs/milestone_2e4_cross_suite300_privileged_artifact_rich_20260527/runs/libero_goal/open_the_top_drawer_and_put_the_bowl_inside_state1,libero_goal,CONDITION_UNVERIFIED,TIER_X_REJECTED,False,False,False,False,False,False,False,False,False,False
/data/liuyu/outputs/milestone_2e4_cross_suite300_privileged_artifact_rich_20260527/runs/libero_goal/put_the_bowl_on_top_of_the_cabinet_state4,libero_goal,CONDITION_UNVERIFIED,TIER_X_REJECTED,False,False,False,False,False,False,False,False,False,False
/data/liuyu/outputs/milestone_2e4_cross_suite300_privileged_artifact_rich_20260527/runs/libero_goal/put_the_bowl_on_top_of_the_cabinet_state8,libero_goal,CONDITION_UNVERIFIED,TIER_X_REJECTED,False,False,False,False,False,False,False,False,False,False
/data/liuyu/outputs/milestone_2e4_cross_suite300_privileged_artifact_rich_20260527/runs/libero_goal/put_the_wine_bottle_on_top_of_the_cabinet_state0,libero_goal,CONDITION_UNVERIFIED,TIER_X_REJECTED,False,False,False,False,False,False,False,False,False,False
/data/liuyu/outputs/milestone_2e4_cross_suite300_privileged_artifact_rich_20260527/runs/libero_goal/put_the_cream_cheese_in_the_bowl_state8,libero_goal,CONDITION_UNVERIFIED,TIER_X_REJECTED,False,False,False,False,False,False,False,False,False,False
/data/liuyu/outputs/milestone_2e4_cross_suite300_privileged_artifact_rich_20260527/runs/libero_goal/put_the_bowl_on_the_plate_state9,libero_goal,CONDITION_UNVERIFIED,TIER_X_REJECTED,False,False,False,False,False,False,False,False,False,False
/data/liuyu/outputs/milestone_2e4_cross_suite300_privileged_artifact_rich_20260527/runs/libero_goal/turn_on_the_stove_state5,libero_goal,CONDITION_UNVERIFIED,TIER_X_REJECTED,False,False,False,False,False,False,False,False,False,False
/data/liuyu/outputs/milestone_2e4_cross_suite300_privileged_artifact_rich_20260527/runs/libero_goal/turn_on_the_stove_state6,libero_goal,CONDITION_UNVERIFIED,TIER_X_REJECTED,False,False,False,False,False,False,False,False,False,False
/data/liuyu/outputs/milestone_2e4_cross_suite300_privileged_artifact_rich_20260527/runs/libero_goal/put_the_bowl_on_the_stove_state4,libero_goal,CONDITION_UNVERIFIED,TIER_X_REJECTED,False,False,False,False,False,False,False,False,False,False
/data/liuyu/outputs/milestone_2e4_cross_suite300_privileged_artifact_rich_20260527/runs/libero_goal/open_the_top_drawer_and_put_the_bowl_inside_state7,libero_goal,CONDITION_UNVERIFIED,TIER_X_REJECTED,False,False,False,False,False,False,False,False,False,False
/data/liuyu/outputs/milestone_2e4_cross_suite300_privileged_artifact_rich_20260527/runs/libero_goal/open_the_middle_drawer_of_the_cabinet_state7,libero_goal,CONDITION_UNVERIFIED,TIER_X_REJECTED,False,False,False,False,False,False,False,False,False,False
/data/liuyu/outputs/milestone_2e4_cross_suite300_privileged_artifact_rich_20260527/runs/libero_goal/open_the_top_drawer_and_put_the_bowl_inside_state6,libero_goal,CONDITION_UNVERIFIED,TIER_X_REJECTED,False,False,False,False,False,False,False,False,False,False
/data/liuyu/outputs/milestone_2e4_cross_suite300_privileged_artifact_rich_20260527/runs/libero_goal/put_the_cream_cheese_in_the_bowl_state4,libero_goal,CONDITION_UNVERIFIED,TIER_X_REJECTED,False,False,False,False,False,False,False,False,False,False
/data/liuyu/outputs/milestone_2e4_cross_suite300_privileged_artifact_rich_20260527/runs/libero_goal/put_the_bowl_on_the_stove_state5,libero_goal,CONDITION_UNVERIFIED,TIER_X_REJECTED,False,False,False,False,False,False,False,False,False,False
/data/liuyu/outputs/milestone_2e4_cross_suite300_privileged_artifact_rich_20260527/runs/libero_goal/put_the_wine_bottle_on_the_rack_state3,libero_goal,CONDITION_UNVERIFIED,TIER_X_REJECTED,False,False,False,False,False,False,False,False,False,False
/data/liuyu/outputs/milestone_2e4_cross_suite300_privileged_artifact_rich_20260527/runs/libero_goal/push_the_plate_to_the_front_of_the_stove_state1,libero_goal,CONDITION_UNVERIFIED,TIER_X_REJECTED,False,False,False,False,False,False,False,False,False,False
/data/liuyu/outputs/milestone_2e4_cross_suite300_privileged_artifact_rich_20260527/runs/libero_goal/turn_on_the_stove_state1,libero_goal,CONDITION_UNVERIFIED,TIER_X_REJECTED,False,False,False,False,False,False,False,False,False,False
/data/liuyu/outputs/milestone_2e4_cross_suite300_privileged_artifact_rich_20260527/runs/libero_goal/put_the_bowl_on_the_stove_state6,libero_goal,CONDITION_UNVERIFIED,TIER_X_REJECTED,False,False,False,False,False,False,False,False,False,False
/data/liuyu/outputs/milestone_2e4_cross_suite300_privileged_artifact_rich_20260527/runs/libero_goal/put_the_bowl_on_top_of_the_cabinet_state0,libero_goal,CONDITION_UNVERIFIED,TIER_X_REJECTED,False,False,False,False,False,False,False,False,False,False
/data/liuyu/outputs/milestone_2e4_cross_suite300_privileged_artifact_rich_20260527/runs/libero_goal/put_the_wine_bottle_on_the_rack_state8,libero_goal,CONDITION_UNVERIFIED,TIER_X_REJECTED,False,False,False,False,False,False,False,False,False,False
/data/liuyu/outputs/milestone_2e4_cross_suite300_privileged_artifact_rich_20260527/runs/libero_goal/open_the_middle_drawer_of_the_cabinet_state9,libero_goal,CONDITION_UNVERIFIED,TIER_X_REJECTED,False,False,False,False,False,False,False,False,False,False
/data/liuyu/outputs/milestone_2e4_cross_suite300_privileged_artifact_rich_20260527/runs/libero_goal/turn_on_the_stove_state7,libero_goal,CONDITION_UNVERIFIED,TIER_X_REJECTED,False,False,False,False,False,False,False,False,False,False
/data/liuyu/outputs/milestone_2e4_cross_suite300_privileged_artifact_rich_20260527/runs/libero_goal/open_the_top_drawer_and_put_the_bowl_inside_state4,libero_goal,CONDITION_UNVERIFIED,TIER_X_REJECTED,False,False,False,False,False,False,False,False,False,False
/data/liuyu/outputs/milestone_2e4_cross_suite300_privileged_artifact_rich_20260527/runs/libero_goal/put_the_wine_bottle_on_the_rack_state4,libero_goal,CONDITION_UNVERIFIED,TIER_X_REJECTED,False,False,False,False,False,False,False,False,False,False
/data/liuyu/outputs/milestone_2e4_cross_suite300_privileged_artifact_rich_20260527/runs/libero_goal/open_the_middle_drawer_of_the_cabinet_state4,libero_goal,CONDITION_UNVERIFIED,TIER_X_REJECTED,False,False,False,False,False,False,False,False,False,False
/data/liuyu/outputs/milestone_2e4_cross_suite300_privileged_artifact_rich_20260527/runs/libero_goal/put_the_cream_cheese_in_the_bowl_state7,libero_goal,CONDITION_UNVERIFIED,TIER_X_REJECTED,False,False,False,False,False,False,False,False,False,False
/data/liuyu/outputs/milestone_2e4_cross_suite300_privileged_artifact_rich_20260527/runs/libero_goal/open_the_middle_drawer_of_the_cabinet_state1,libero_goal,CONDITION_UNVERIFIED,TIER_X_REJECTED,False,False,False,False,False,False,False,False,False,False
/data/liuyu/outputs/milestone_2e4_cross_suite300_privileged_artifact_rich_20260527/runs/libero_goal/put_the_wine_bottle_on_top_of_the_cabinet_state6,libero_goal,CONDITION_UNVERIFIED,TIER_X_REJECTED,False,False,False,False,False,False,False,False,False,False
/data/liuyu/outputs/milestone_2e4_cross_suite300_privileged_artifact_rich_20260527/runs/libero_goal/push_the_plate_to_the_front_of_the_stove_state9,libero_goal,CONDITION_UNVERIFIED,TIER_X_REJECTED,False,False,False,False,False,False,False,False,False,False
/data/liuyu/outputs/milestone_2e4_cross_suite300_privileged_artifact_rich_20260527/runs/libero_goal/put_the_cream_cheese_in_the_bowl_state6,libero_goal,CONDITION_UNVERIFIED,TIER_X_REJECTED,False,False,False,False,False,False,False,False,False,False
/data/liuyu/outputs/milestone_2e4_cross_suite300_privileged_artifact_rich_20260527/runs/libero_goal/put_the_bowl_on_the_plate_state6,libero_goal,CONDITION_UNVERIFIED,TIER_X_REJECTED,False,False,False,False,False,False,False,False,False,False
/data/liuyu/outputs/milestone_2e4_cross_suite300_privileged_artifact_rich_20260527/runs/libero_goal/put_the_wine_bottle_on_the_rack_state6,libero_goal,CONDITION_UNVERIFIED,TIER_X_REJECTED,False,False,False,False,False,False,False,False,False,False
/data/liuyu/outputs/milestone_2e4_cross_suite300_privileged_artifact_rich_20260527/runs/libero_goal/turn_on_the_stove_state4,libero_goal,CONDITION_UNVERIFIED,TIER_X_REJECTED,False,False,False,False,False,False,False,False,False,False
/data/liuyu/outputs/milestone_2e4_cross_suite300_privileged_artifact_rich_20260527/runs/libero_goal/turn_on_the_stove_state2,libero_goal,CONDITION_UNVERIFIED,TIER_X_REJECTED,False,False,False,False,False,False,False,False,False,False
/data/liuyu/outputs/milestone_2e4_cross_suite300_privileged_artifact_rich_20260527/runs/libero_goal/put_the_cream_cheese_in_the_bowl_state5,libero_goal,CONDITION_UNVERIFIED,TIER_X_REJECTED,False,False,False,False,False,False,False,False,False,False
/data/liuyu/outputs/milestone_2e4_cross_suite300_privileged_artifact_rich_20260527/runs/libero_goal/push_the_plate_to_the_front_of_the_stove_state2,libero_goal,CONDITION_UNVERIFIED,TIER_X_REJECTED,False,False,False,False,False,False,False,False,False,False
/data/liuyu/outputs/milestone_2e4_cross_suite300_privileged_artifact_rich_20260527/runs/libero_goal/put_the_wine_bottle_on_the_rack_state2,libero_goal,CONDITION_UNVERIFIED,TIER_X_REJECTED,False,False,False,False,False,False,False,False,False,False
/data/liuyu/outputs/milestone_2e4_cross_suite300_privileged_artifact_rich_20260527/runs/libero_goal/put_the_wine_bottle_on_top_of_the_cabinet_state9,libero_goal,CONDITION_UNVERIFIED,TIER_X_REJECTED,False,False,False,False,False,False,False,False,False,False
/data/liuyu/outputs/milestone_2e4_cross_suite300_privileged_artifact_rich_20260527/runs/libero_goal/put_the_cream_cheese_in_the_bowl_state1,libero_goal,CONDITION_UNVERIFIED,TIER_X_REJECTED,False,False,False,False,False,False,False,False,False,False
/data/liuyu/outputs/milestone_2e4_cross_suite300_privileged_artifact_rich_20260527/runs/libero_goal/put_the_bowl_on_top_of_the_cabinet_state9,libero_goal,CONDITION_UNVERIFIED,TIER_X_REJECTED,False,False,False,False,False,False,False,False,False,False
/data/liuyu/outputs/milestone_2e4_cross_suite300_privileged_artifact_rich_20260527/runs/libero_goal/put_the_bowl_on_top_of_the_cabinet_state3,libero_goal,CONDITION_UNVERIFIED,TIER_X_REJECTED,False,False,False,False,False,False,False,False,False,False
/data/liuyu/outputs/milestone_2e4_cross_suite300_privileged_artifact_rich_20260527/runs/libero_goal/put_the_cream_cheese_in_the_bowl_state3,libero_goal,CONDITION_UNVERIFIED,TIER_X_REJECTED,False,False,False,False,False,False,False,False,False,False
/data/liuyu/outputs/milestone_2e4_cross_suite300_privileged_artifact_rich_20260527/runs/libero_goal/put_the_wine_bottle_on_top_of_the_cabinet_state1,libero_goal,CONDITION_UNVERIFIED,TIER_X_REJECTED,False,False,False,False,False,False,False,False,False,False
/data/liuyu/outputs/milestone_2e4_cross_suite300_privileged_artifact_rich_20260527/runs/libero_goal/push_the_plate_to_the_front_of_the_stove_state5,libero_goal,CONDITION_UNVERIFIED,TIER_X_REJECTED,False,False,False,False,False,False,False,False,False,False
/data/liuyu/outputs/milestone_2e4_cross_suite300_privileged_artifact_rich_20260527/runs/libero_goal/put_the_bowl_on_the_stove_state0,libero_goal,CONDITION_UNVERIFIED,TIER_X_REJECTED,False,False,False,False,False,False,False,False,False,False
/data/liuyu/outputs/milestone_2e4_cross_suite300_privileged_artifact_rich_20260527/runs/libero_goal/put_the_bowl_on_top_of_the_cabinet_state6,libero_goal,CONDITION_UNVERIFIED,TIER_X_REJECTED,False,False,False,False,False,False,False,False,False,False
/data/liuyu/outputs/milestone_2e4_cross_suite300_privileged_artifact_rich_20260527/runs/libero_goal/put_the_wine_bottle_on_top_of_the_cabinet_state2,libero_goal,CONDITION_UNVERIFIED,TIER_X_REJECTED,False,False,False,False,False,False,False,False,False,False
/data/liuyu/outputs/milestone_2e4_cross_suite300_privileged_artifact_rich_20260527/runs/libero_goal/put_the_bowl_on_the_stove_state9,libero_goal,CONDITION_UNVERIFIED,TIER_X_REJECTED,False,False,False,False,False,False,False,False,False,False
/data/liuyu/outputs/milestone_2e4_cross_suite300_privileged_artifact_rich_20260527/runs/libero_goal/put_the_bowl_on_top_of_the_cabinet_state7,libero_goal,CONDITION_UNVERIFIED,TIER_X_REJECTED,False,False,False,False,False,False,False,False,False,False
/data/liuyu/outputs/milestone_2e4_cross_suite300_privileged_artifact_rich_20260527/runs/libero_goal/put_the_wine_bottle_on_top_of_the_cabinet_state7,libero_goal,CONDITION_UNVERIFIED,TIER_X_REJECTED,False,False,False,False,False,False,False,False,False,False
/data/liuyu/outputs/milestone_2e4_cross_suite300_privileged_artifact_rich_20260527/runs/libero_goal/open_the_middle_drawer_of_the_cabinet_state6,libero_goal,CONDITION_UNVERIFIED,TIER_X_REJECTED,False,False,False,False,False,False,False,False,False,False
/data/liuyu/outputs/milestone_2e4_cross_suite300_privileged_artifact_rich_20260527/runs/libero_goal/push_the_plate_to_the_front_of_the_stove_state7,libero_goal,CONDITION_UNVERIFIED,TIER_X_REJECTED,False,False,False,False,False,False,False,False,False,False
/data/liuyu/outputs/milestone_2e4_cross_suite300_privileged_artifact_rich_20260527/runs/libero_goal/push_the_plate_to_the_front_of_the_stove_state0,libero_goal,CONDITION_UNVERIFIED,TIER_X_REJECTED,False,False,False,False,False,False,False,False,False,False
/data/liuyu/outputs/milestone_2e4_cross_suite300_privileged_artifact_rich_20260527/runs/libero_goal/put_the_bowl_on_the_plate_state8,libero_goal,CONDITION_UNVERIFIED,TIER_X_REJECTED,False,False,False,False,False,False,False,False,False,False
/data/liuyu/outputs/milestone_2e4_cross_suite300_privileged_artifact_rich_20260527/runs/libero_goal/put_the_bowl_on_the_plate_state7,libero_goal,CONDITION_UNVERIFIED,TIER_X_REJECTED,False,False,False,False,False,False,False,False,False,False
/data/liuyu/outputs/milestone_2e4_cross_suite300_privileged_artifact_rich_20260527/runs/libero_goal/push_the_plate_to_the_front_of_the_stove_state6,libero_goal,CONDITION_UNVERIFIED,TIER_X_REJECTED,False,False,False,False,False,False,False,False,False,False
/data/liuyu/outputs/milestone_2e4_cross_suite300_privileged_artifact_rich_20260527/runs/libero_goal/open_the_middle_drawer_of_the_cabinet_state0,libero_goal,CONDITION_UNVERIFIED,TIER_X_REJECTED,False,False,False,False,False,False,False,False,False,False
/data/liuyu/outputs/milestone_2e4_cross_suite300_privileged_artifact_rich_20260527/runs/libero_goal/open_the_top_drawer_and_put_the_bowl_inside_state0,libero_goal,CONDITION_UNVERIFIED,TIER_X_REJECTED,False,False,False,False,False,False,False,False,False,False
/data/liuyu/outputs/milestone_2e4_cross_suite300_privileged_artifact_rich_20260527/runs/libero_goal/put_the_wine_bottle_on_top_of_the_cabinet_state5,libero_goal,CONDITION_UNVERIFIED,TIER_X_REJECTED,False,False,False,False,False,False,False,False,False,False
/data/liuyu/outputs/milestone_2e4_cross_suite300_privileged_artifact_rich_20260527/runs/libero_goal/put_the_bowl_on_the_stove_state3,libero_goal,CONDITION_UNVERIFIED,TIER_X_REJECTED,False,False,False,False,False,False,False,False,False,False
/data/liuyu/outputs/milestone_2e4_cross_suite300_privileged_artifact_rich_20260527/runs/libero_goal/put_the_bowl_on_the_plate_state1,libero_goal,CONDITION_UNVERIFIED,TIER_X_REJECTED,False,False,False,False,False,False,False,False,False,False
/data/liuyu/outputs/milestone_2e4_cross_suite300_privileged_artifact_rich_20260527/runs/libero_goal/put_the_bowl_on_the_plate_state2,libero_goal,CONDITION_UNVERIFIED,TIER_X_REJECTED,False,False,False,False,False,False,False,False,False,False
/data/liuyu/outputs/milestone_2e4_cross_suite300_privileged_artifact_rich_20260527/runs/libero_goal/put_the_bowl_on_the_stove_state8,libero_goal,CONDITION_UNVERIFIED,TIER_X_REJECTED,False,False,False,False,False,False,False,False,False,False
/data/liuyu/outputs/milestone_2e4_cross_suite300_privileged_artifact_rich_20260527/runs/libero_goal/put_the_bowl_on_top_of_the_cabinet_state1,libero_goal,CONDITION_UNVERIFIED,TIER_X_REJECTED,False,False,False,False,False,False,False,False,False,False
/data/liuyu/outputs/milestone_2e4_cross_suite300_privileged_artifact_rich_20260527/runs/libero_goal/put_the_bowl_on_the_stove_state7,libero_goal,CONDITION_UNVERIFIED,TIER_X_REJECTED,False,False,False,False,False,False,False,False,False,False
/data/liuyu/outputs/milestone_2e4_cross_suite300_privileged_artifact_rich_20260527/runs/libero_goal/put_the_wine_bottle_on_the_rack_state5,libero_goal,CONDITION_UNVERIFIED,TIER_X_REJECTED,False,False,False,False,False,False,False,False,False,False
/data/liuyu/outputs/milestone_2e4_cross_suite300_privileged_artifact_rich_20260527/runs/libero_spatial/pick_up_the_black_bowl_on_the_cookie_box_and_place_it_on_the_plate_state1,libero_spatial,CONDITION_UNVERIFIED,TIER_X_REJECTED,False,False,False,False,False,False,False,False,False,False
/data/liuyu/outputs/milestone_2e4_cross_suite300_privileged_artifact_rich_20260527/runs/libero_spatial/pick_up_the_black_bowl_on_the_wooden_cabinet_and_place_it_on_the_plate_state1,libero_spatial,CONDITION_UNVERIFIED,TIER_X_REJECTED,False,False,False,False,False,False,False,False,False,False
/data/liuyu/outputs/milestone_2e4_cross_suite300_privileged_artifact_rich_20260527/runs/libero_spatial/pick_up_the_black_bowl_in_the_top_drawer_of_the_wooden_cabinet_and_place_it_on_the_plate_state6,libero_spatial,CONDITION_UNVERIFIED,TIER_X_REJECTED,False,False,False,False,False,False,False,False,False,False
/data/liuyu/outputs/milestone_2e4_cross_suite300_privileged_artifact_rich_20260527/runs/libero_spatial/pick_up_the_black_bowl_on_the_cookie_box_and_place_it_on_the_plate_state7,libero_spatial,CONDITION_UNVERIFIED,TIER_X_REJECTED,False,False,False,False,False,False,False,False,False,False
/data/liuyu/outputs/milestone_2e4_cross_suite300_privileged_artifact_rich_20260527/runs/libero_spatial/pick_up_the_black_bowl_on_the_stove_and_place_it_on_the_plate_state4,libero_spatial,CONDITION_UNVERIFIED,TIER_X_REJECTED,False,False,False,False,False,False,False,False,False,False
/data/liuyu/outputs/milestone_2e4_cross_suite300_privileged_artifact_rich_20260527/runs/libero_spatial/pick_up_the_black_bowl_on_the_stove_and_place_it_on_the_plate_state9,libero_spatial,CONDITION_UNVERIFIED,TIER_X_REJECTED,False,False,False,False,False,False,False,False,False,False
/data/liuyu/outputs/milestone_2e4_cross_suite300_privileged_artifact_rich_20260527/runs/libero_spatial/pick_up_the_black_bowl_between_the_plate_and_the_ramekin_and_place_it_on_the_plate_state4,libero_spatial,CONDITION_UNVERIFIED,TIER_X_REJECTED,False,False,False,False,False,False,False,False,False,False
/data/liuyu/outputs/milestone_2e4_cross_suite300_privileged_artifact_rich_20260527/runs/libero_spatial/pick_up_the_black_bowl_next_to_the_ramekin_and_place_it_on_the_plate_state7,libero_spatial,CONDITION_UNVERIFIED,TIER_X_REJECTED,False,False,False,False,False,False,False,False,False,False
/data/liuyu/outputs/milestone_2e4_cross_suite300_privileged_artifact_rich_20260527/runs/libero_spatial/pick_up_the_black_bowl_on_the_wooden_cabinet_and_place_it_on_the_plate_state3,libero_spatial,CONDITION_UNVERIFIED,TIER_X_REJECTED,False,False,False,False,False,False,False,False,False,False
/data/liuyu/outputs/milestone_2e4_cross_suite300_privileged_artifact_rich_20260527/runs/libero_spatial/pick_up_the_black_bowl_on_the_ramekin_and_place_it_on_the_plate_state9,libero_spatial,CONDITION_UNVERIFIED,TIER_X_REJECTED,False,False,False,False,False,False,False,False,False,False
/data/liuyu/outputs/milestone_2e4_cross_suite300_privileged_artifact_rich_20260527/runs/libero_spatial/pick_up_the_black_bowl_in_the_top_drawer_of_the_wooden_cabinet_and_place_it_on_the_plate_state4,libero_spatial,CONDITION_UNVERIFIED,TIER_X_REJECTED,False,False,False,False,False,False,False,False,False,False
/data/liuyu/outputs/milestone_2e4_cross_suite300_privileged_artifact_rich_20260527/runs/libero_spatial/pick_up_the_black_bowl_on_the_wooden_cabinet_and_place_it_on_the_plate_state0,libero_spatial,CONDITION_UNVERIFIED,TIER_X_REJECTED,False,False,False,False,False,False,False,False,False,False
/data/liuyu/outputs/milestone_2e4_cross_suite300_privileged_artifact_rich_20260527/runs/libero_spatial/pick_up_the_black_bowl_next_to_the_cookie_box_and_place_it_on_the_plate_state7,libero_spatial,CONDITION_UNVERIFIED,TIER_X_REJECTED,False,False,False,False,False,False,False,False,False,False
/data/liuyu/outputs/milestone_2e4_cross_suite300_privileged_artifact_rich_20260527/runs/libero_spatial/pick_up_the_black_bowl_next_to_the_plate_and_place_it_on_the_plate_state7,libero_spatial,CONDITION_UNVERIFIED,TIER_X_REJECTED,False,False,False,False,False,False,False,False,False,False
/data/liuyu/outputs/milestone_2e4_cross_suite300_privileged_artifact_rich_20260527/runs/libero_spatial/pick_up_the_black_bowl_on_the_cookie_box_and_place_it_on_the_plate_state2,libero_spatial,CONDITION_UNVERIFIED,TIER_X_REJECTED,False,False,False,False,False,False,False,False,False,False
/data/liuyu/outputs/milestone_2e4_cross_suite300_privileged_artifact_rich_20260527/runs/libero_spatial/pick_up_the_black_bowl_on_the_ramekin_and_place_it_on_the_plate_state6,libero_spatial,CONDITION_UNVERIFIED,TIER_X_REJECTED,False,False,False,False,False,False,False,False,False,False
/data/liuyu/outputs/milestone_2e4_cross_suite300_privileged_artifact_rich_20260527/runs/libero_spatial/pick_up_the_black_bowl_next_to_the_ramekin_and_place_it_on_the_plate_state4,libero_spatial,CONDITION_UNVERIFIED,TIER_X_REJECTED,False,False,False,False,False,False,False,False,False,False
/data/liuyu/outputs/milestone_2e4_cross_suite300_privileged_artifact_rich_20260527/runs/libero_spatial/pick_up_the_black_bowl_on_the_ramekin_and_place_it_on_the_plate_state7,libero_spatial,CONDITION_UNVERIFIED,TIER_X_REJECTED,False,False,False,False,False,False,False,False,False,False
/data/liuyu/outputs/milestone_2e4_cross_suite300_privileged_artifact_rich_20260527/runs/libero_spatial/pick_up_the_black_bowl_from_table_center_and_place_it_on_the_plate_state6,libero_spatial,CONDITION_UNVERIFIED,TIER_X_REJECTED,False,False,False,False,False,False,False,False,False,False
/data/liuyu/outputs/milestone_2e4_cross_suite300_privileged_artifact_rich_20260527/runs/libero_spatial/pick_up_the_black_bowl_in_the_top_drawer_of_the_wooden_cabinet_and_place_it_on_the_plate_state5,libero_spatial,CONDITION_UNVERIFIED,TIER_X_REJECTED,False,False,False,False,False,False,False,False,False,False
/data/liuyu/outputs/milestone_2e4_cross_suite300_privileged_artifact_rich_20260527/runs/libero_spatial/pick_up_the_black_bowl_on_the_ramekin_and_place_it_on_the_plate_state3,libero_spatial,CONDITION_UNVERIFIED,TIER_X_REJECTED,False,False,False,False,False,False,False,False,False,False
/data/liuyu/outputs/milestone_2e4_cross_suite300_privileged_artifact_rich_20260527/runs/libero_spatial/pick_up_the_black_bowl_on_the_cookie_box_and_place_it_on_the_plate_state3,libero_spatial,CONDITION_UNVERIFIED,TIER_X_REJECTED,False,False,False,False,False,False,False,False,False,False
/data/liuyu/outputs/milestone_2e4_cross_suite300_privileged_artifact_rich_20260527/runs/libero_spatial/pick_up_the_black_bowl_on_the_cookie_box_and_place_it_on_the_plate_state5,libero_spatial,CONDITION_UNVERIFIED,TIER_X_REJECTED,False,False,False,False,False,False,False,False,False,False
/data/liuyu/outputs/milestone_2e4_cross_suite300_privileged_artifact_rich_20260527/runs/libero_spatial/pick_up_the_black_bowl_next_to_the_cookie_box_and_place_it_on_the_plate_state0,libero_spatial,CONDITION_UNVERIFIED,TIER_X_REJECTED,False,False,False,False,False,False,False,False,False,False
/data/liuyu/outputs/milestone_2e4_cross_suite300_privileged_artifact_rich_20260527/runs/libero_spatial/pick_up_the_black_bowl_next_to_the_ramekin_and_place_it_on_the_plate_state2,libero_spatial,CONDITION_UNVERIFIED,TIER_X_REJECTED,False,False,False,False,False,False,False,False,False,False
/data/liuyu/outputs/milestone_2e4_cross_suite300_privileged_artifact_rich_20260527/runs/libero_spatial/pick_up_the_black_bowl_on_the_ramekin_and_place_it_on_the_plate_state1,libero_spatial,CONDITION_UNVERIFIED,TIER_X_REJECTED,False,False,False,False,False,False,False,False,False,False
/data/liuyu/outputs/milestone_2e4_cross_suite300_privileged_artifact_rich_20260527/runs/libero_spatial/pick_up_the_black_bowl_from_table_center_and_place_it_on_the_plate_state7,libero_spatial,CONDITION_UNVERIFIED,TIER_X_REJECTED,False,False,False,False,False,False,False,False,False,False
/data/liuyu/outputs/milestone_2e4_cross_suite300_privileged_artifact_rich_20260527/runs/libero_spatial/pick_up_the_black_bowl_in_the_top_drawer_of_the_wooden_cabinet_and_place_it_on_the_plate_state9,libero_spatial,CONDITION_UNVERIFIED,TIER_X_REJECTED,False,False,False,False,False,False,False,False,False,False
/data/liuyu/outputs/milestone_2e4_cross_suite300_privileged_artifact_rich_20260527/runs/libero_spatial/pick_up_the_black_bowl_next_to_the_plate_and_place_it_on_the_plate_state8,libero_spatial,CONDITION_UNVERIFIED,TIER_X_REJECTED,False,False,False,False,False,False,False,False,False,False
/data/liuyu/outputs/milestone_2e4_cross_suite300_privileged_artifact_rich_20260527/runs/libero_spatial/pick_up_the_black_bowl_in_the_top_drawer_of_the_wooden_cabinet_and_place_it_on_the_plate_state8,libero_spatial,CONDITION_UNVERIFIED,TIER_X_REJECTED,False,False,False,False,False,False,False,False,False,False
/data/liuyu/outputs/milestone_2e4_cross_suite300_privileged_artifact_rich_20260527/runs/libero_spatial/pick_up_the_black_bowl_next_to_the_ramekin_and_place_it_on_the_plate_state8,libero_spatial,CONDITION_UNVERIFIED,TIER_X_REJECTED,False,False,False,False,False,False,False,False,False,False
/data/liuyu/outputs/milestone_2e4_cross_suite300_privileged_artifact_rich_20260527/runs/libero_spatial/pick_up_the_black_bowl_on_the_cookie_box_and_place_it_on_the_plate_state9,libero_spatial,CONDITION_UNVERIFIED,TIER_X_REJECTED,False,False,False,False,False,False,False,False,False,False
/data/liuyu/outputs/milestone_2e4_cross_suite300_privileged_artifact_rich_20260527/runs/libero_spatial/pick_up_the_black_bowl_next_to_the_plate_and_place_it_on_the_plate_state5,libero_spatial,CONDITION_UNVERIFIED,TIER_X_REJECTED,False,False,False,False,False,False,False,False,False,False
/data/liuyu/outputs/milestone_2e4_cross_suite300_privileged_artifact_rich_20260527/runs/libero_spatial/pick_up_the_black_bowl_next_to_the_cookie_box_and_place_it_on_the_plate_state9,libero_spatial,CONDITION_UNVERIFIED,TIER_X_REJECTED,False,False,False,False,False,False,False,False,False,False
/data/liuyu/outputs/milestone_2e4_cross_suite300_privileged_artifact_rich_20260527/runs/libero_spatial/pick_up_the_black_bowl_on_the_stove_and_place_it_on_the_plate_state3,libero_spatial,CONDITION_UNVERIFIED,TIER_X_REJECTED,False,False,False,False,False,False,False,False,False,False
/data/liuyu/outputs/milestone_2e4_cross_suite300_privileged_artifact_rich_20260527/runs/libero_spatial/pick_up_the_black_bowl_next_to_the_ramekin_and_place_it_on_the_plate_state5,libero_spatial,CONDITION_UNVERIFIED,TIER_X_REJECTED,False,False,False,False,False,False,False,False,False,False
/data/liuyu/outputs/milestone_2e4_cross_suite300_privileged_artifact_rich_20260527/runs/libero_spatial/pick_up_the_black_bowl_between_the_plate_and_the_ramekin_and_place_it_on_the_plate_state2,libero_spatial,CONDITION_UNVERIFIED,TIER_X_REJECTED,False,False,False,False,False,False,False,False,False,False
/data/liuyu/outputs/milestone_2e4_cross_suite300_privileged_artifact_rich_20260527/runs/libero_spatial/pick_up_the_black_bowl_next_to_the_plate_and_place_it_on_the_plate_state2,libero_spatial,CONDITION_UNVERIFIED,TIER_X_REJECTED,False,False,False,False,False,False,False,False,False,False
/data/liuyu/outputs/milestone_2e4_cross_suite300_privileged_artifact_rich_20260527/runs/libero_spatial/pick_up_the_black_bowl_between_the_plate_and_the_ramekin_and_place_it_on_the_plate_state5,libero_spatial,CONDITION_UNVERIFIED,TIER_X_REJECTED,False,False,False,False,False,False,False,False,False,False
/data/liuyu/outputs/milestone_2e4_cross_suite300_privileged_artifact_rich_20260527/runs/libero_spatial/pick_up_the_black_bowl_next_to_the_ramekin_and_place_it_on_the_plate_state6,libero_spatial,CONDITION_UNVERIFIED,TIER_X_REJECTED,False,False,False,False,False,False,False,False,False,False
/data/liuyu/outputs/milestone_2e4_cross_suite300_privileged_artifact_rich_20260527/runs/libero_spatial/pick_up_the_black_bowl_next_to_the_cookie_box_and_place_it_on_the_plate_state5,libero_spatial,CONDITION_UNVERIFIED,TIER_X_REJECTED,False,False,False,False,False,False,False,False,False,False
/data/liuyu/outputs/milestone_2e4_cross_suite300_privileged_artifact_rich_20260527/runs/libero_spatial/pick_up_the_black_bowl_on_the_stove_and_place_it_on_the_plate_state6,libero_spatial,CONDITION_UNVERIFIED,TIER_X_REJECTED,False,False,False,False,False,False,False,False,False,False
/data/liuyu/outputs/milestone_2e4_cross_suite300_privileged_artifact_rich_20260527/runs/libero_spatial/pick_up_the_black_bowl_between_the_plate_and_the_ramekin_and_place_it_on_the_plate_state9,libero_spatial,CONDITION_UNVERIFIED,TIER_X_REJECTED,False,False,False,False,False,False,False,False,False,False
/data/liuyu/outputs/milestone_2e4_cross_suite300_privileged_artifact_rich_20260527/runs/libero_spatial/pick_up_the_black_bowl_next_to_the_cookie_box_and_place_it_on_the_plate_state3,libero_spatial,CONDITION_UNVERIFIED,TIER_X_REJECTED,False,False,False,False,False,False,False,False,False,False
/data/liuyu/outputs/milestone_2e4_cross_suite300_privileged_artifact_rich_20260527/runs/libero_spatial/pick_up_the_black_bowl_from_table_center_and_place_it_on_the_plate_state1,libero_spatial,CONDITION_UNVERIFIED,TIER_X_REJECTED,False,False,False,False,False,False,False,False,False,False
/data/liuyu/outputs/milestone_2e4_cross_suite300_privileged_artifact_rich_20260527/runs/libero_spatial/pick_up_the_black_bowl_next_to_the_plate_and_place_it_on_the_plate_state4,libero_spatial,CONDITION_UNVERIFIED,TIER_X_REJECTED,False,False,False,False,False,False,False,False,False,False
/data/liuyu/outputs/milestone_2e4_cross_suite300_privileged_artifact_rich_20260527/runs/libero_spatial/pick_up_the_black_bowl_between_the_plate_and_the_ramekin_and_place_it_on_the_plate_state3,libero_spatial,CONDITION_UNVERIFIED,TIER_X_REJECTED,False,False,False,False,False,False,False,False,False,False
/data/liuyu/outputs/milestone_2e4_cross_suite300_privileged_artifact_rich_20260527/runs/libero_spatial/pick_up_the_black_bowl_on_the_wooden_cabinet_and_place_it_on_the_plate_state9,libero_spatial,CONDITION_UNVERIFIED,TIER_X_REJECTED,False,False,False,False,False,False,False,False,False,False
/data/liuyu/outputs/milestone_2e4_cross_suite300_privileged_artifact_rich_20260527/runs/libero_spatial/pick_up_the_black_bowl_next_to_the_plate_and_place_it_on_the_plate_state1,libero_spatial,CONDITION_UNVERIFIED,TIER_X_REJECTED,False,False,False,False,False,False,False,False,False,False
/data/liuyu/outputs/milestone_2e4_cross_suite300_privileged_artifact_rich_20260527/runs/libero_spatial/pick_up_the_black_bowl_on_the_ramekin_and_place_it_on_the_plate_state8,libero_spatial,CONDITION_UNVERIFIED,TIER_X_REJECTED,False,False,False,False,False,False,False,False,False,False
/data/liuyu/outputs/milestone_2e4_cross_suite300_privileged_artifact_rich_20260527/runs/libero_spatial/pick_up_the_black_bowl_on_the_stove_and_place_it_on_the_plate_state0,libero_spatial,CONDITION_UNVERIFIED,TIER_X_REJECTED,False,False,False,False,False,False,False,False,False,False
/data/liuyu/outputs/milestone_2e4_cross_suite300_privileged_artifact_rich_20260527/runs/libero_spatial/pick_up_the_black_bowl_on_the_wooden_cabinet_and_place_it_on_the_plate_state4,libero_spatial,CONDITION_UNVERIFIED,TIER_X_REJECTED,False,False,False,False,False,False,False,False,False,False
/data/liuyu/outputs/milestone_2e4_cross_suite300_privileged_artifact_rich_20260527/runs/libero_spatial/pick_up_the_black_bowl_on_the_stove_and_place_it_on_the_plate_state5,libero_spatial,CONDITION_UNVERIFIED,TIER_X_REJECTED,False,False,False,False,False,False,False,False,False,False
/data/liuyu/outputs/milestone_2e4_cross_suite300_privileged_artifact_rich_20260527/runs/libero_spatial/pick_up_the_black_bowl_in_the_top_drawer_of_the_wooden_cabinet_and_place_it_on_the_plate_state2,libero_spatial,CONDITION_UNVERIFIED,TIER_X_REJECTED,False,False,False,False,False,False,False,False,False,False
/data/liuyu/outputs/milestone_2e4_cross_suite300_privileged_artifact_rich_20260527/runs/libero_spatial/pick_up_the_black_bowl_on_the_cookie_box_and_place_it_on_the_plate_state8,libero_spatial,CONDITION_UNVERIFIED,TIER_X_REJECTED,False,False,False,False,False,False,False,False,False,False
/data/liuyu/outputs/milestone_2e4_cross_suite300_privileged_artifact_rich_20260527/runs/libero_spatial/pick_up_the_black_bowl_next_to_the_cookie_box_and_place_it_on_the_plate_state8,libero_spatial,CONDITION_UNVERIFIED,TIER_X_REJECTED,False,False,False,False,False,False,False,False,False,False
/data/liuyu/outputs/milestone_2e4_cross_suite300_privileged_artifact_rich_20260527/runs/libero_spatial/pick_up_the_black_bowl_next_to_the_cookie_box_and_place_it_on_the_plate_state4,libero_spatial,CONDITION_UNVERIFIED,TIER_X_REJECTED,False,False,False,False,False,False,False,False,False,False
/data/liuyu/outputs/milestone_2e4_cross_suite300_privileged_artifact_rich_20260527/runs/libero_spatial/pick_up_the_black_bowl_from_table_center_and_place_it_on_the_plate_state3,libero_spatial,CONDITION_UNVERIFIED,TIER_X_REJECTED,False,False,False,False,False,False,False,False,False,False
/data/liuyu/outputs/milestone_2e4_cross_suite300_privileged_artifact_rich_20260527/runs/libero_spatial/pick_up_the_black_bowl_from_table_center_and_place_it_on_the_plate_state5,libero_spatial,CONDITION_UNVERIFIED,TIER_X_REJECTED,False,False,False,False,False,False,False,False,False,False
/data/liuyu/outputs/milestone_2e4_cross_suite300_privileged_artifact_rich_20260527/runs/libero_spatial/pick_up_the_black_bowl_on_the_wooden_cabinet_and_place_it_on_the_plate_state6,libero_spatial,CONDITION_UNVERIFIED,TIER_X_REJECTED,False,False,False,False,False,False,False,False,False,False
/data/liuyu/outputs/milestone_2e4_cross_suite300_privileged_artifact_rich_20260527/runs/libero_spatial/pick_up_the_black_bowl_between_the_plate_and_the_ramekin_and_place_it_on_the_plate_state6,libero_spatial,CONDITION_UNVERIFIED,TIER_X_REJECTED,False,False,False,False,False,False,False,False,False,False
/data/liuyu/outputs/milestone_2e4_cross_suite300_privileged_artifact_rich_20260527/runs/libero_spatial/pick_up_the_black_bowl_on_the_ramekin_and_place_it_on_the_plate_state0,libero_spatial,CONDITION_UNVERIFIED,TIER_X_REJECTED,False,False,False,False,False,False,False,False,False,False
/data/liuyu/outputs/milestone_2e4_cross_suite300_privileged_artifact_rich_20260527/runs/libero_spatial/pick_up_the_black_bowl_between_the_plate_and_the_ramekin_and_place_it_on_the_plate_state1,libero_spatial,CONDITION_UNVERIFIED,TIER_X_REJECTED,False,False,False,False,False,False,False,False,False,False
/data/liuyu/outputs/milestone_2e4_cross_suite300_privileged_artifact_rich_20260527/runs/libero_spatial/pick_up_the_black_bowl_next_to_the_plate_and_place_it_on_the_plate_state0,libero_spatial,CONDITION_UNVERIFIED,TIER_X_REJECTED,False,False,False,False,False,False,False,False,False,False
/data/liuyu/outputs/milestone_2e4_cross_suite300_privileged_artifact_rich_20260527/runs/libero_spatial/pick_up_the_black_bowl_on_the_ramekin_and_place_it_on_the_plate_state4,libero_spatial,CONDITION_UNVERIFIED,TIER_X_REJECTED,False,False,False,False,False,False,False,False,False,False
/data/liuyu/outputs/milestone_2e4_cross_suite300_privileged_artifact_rich_20260527/runs/libero_spatial/pick_up_the_black_bowl_on_the_wooden_cabinet_and_place_it_on_the_plate_state5,libero_spatial,CONDITION_UNVERIFIED,TIER_X_REJECTED,False,False,False,False,False,False,False,False,False,False
/data/liuyu/outputs/milestone_2e4_cross_suite300_privileged_artifact_rich_20260527/runs/libero_spatial/pick_up_the_black_bowl_between_the_plate_and_the_ramekin_and_place_it_on_the_plate_state0,libero_spatial,CONDITION_UNVERIFIED,TIER_X_REJECTED,False,False,False,False,False,False,False,False,False,False
/data/liuyu/outputs/milestone_2e4_cross_suite300_privileged_artifact_rich_20260527/runs/libero_spatial/pick_up_the_black_bowl_next_to_the_ramekin_and_place_it_on_the_plate_state1,libero_spatial,CONDITION_UNVERIFIED,TIER_X_REJECTED,False,False,False,False,False,False,False,False,False,False
/data/liuyu/outputs/milestone_2e4_cross_suite300_privileged_artifact_rich_20260527/runs/libero_spatial/pick_up_the_black_bowl_on_the_wooden_cabinet_and_place_it_on_the_plate_state2,libero_spatial,CONDITION_UNVERIFIED,TIER_X_REJECTED,False,False,False,False,False,False,False,False,False,False
/data/liuyu/outputs/milestone_2e4_cross_suite300_privileged_artifact_rich_20260527/runs/libero_spatial/pick_up_the_black_bowl_on_the_cookie_box_and_place_it_on_the_plate_state6,libero_spatial,CONDITION_UNVERIFIED,TIER_X_REJECTED,False,False,False,False,False,False,False,False,False,False
/data/liuyu/outputs/milestone_2e4_cross_suite300_privileged_artifact_rich_20260527/runs/libero_spatial/pick_up_the_black_bowl_on_the_cookie_box_and_place_it_on_the_plate_state4,libero_spatial,CONDITION_UNVERIFIED,TIER_X_REJECTED,False,False,False,False,False,False,False,False,False,False
/data/liuyu/outputs/milestone_2e4_cross_suite300_privileged_artifact_rich_20260527/runs/libero_spatial/pick_up_the_black_bowl_next_to_the_cookie_box_and_place_it_on_the_plate_state6,libero_spatial,CONDITION_UNVERIFIED,TIER_X_REJECTED,False,False,False,False,False,False,False,False,False,False
/data/liuyu/outputs/milestone_2e4_cross_suite300_privileged_artifact_rich_20260527/runs/libero_spatial/pick_up_the_black_bowl_in_the_top_drawer_of_the_wooden_cabinet_and_place_it_on_the_plate_state3,libero_spatial,CONDITION_UNVERIFIED,TIER_X_REJECTED,False,False,False,False,False,False,False,False,False,False
/data/liuyu/outputs/milestone_2e4_cross_suite300_privileged_artifact_rich_20260527/runs/libero_spatial/pick_up_the_black_bowl_in_the_top_drawer_of_the_wooden_cabinet_and_place_it_on_the_plate_state0,libero_spatial,CONDITION_UNVERIFIED,TIER_X_REJECTED,False,False,False,False,False,False,False,False,False,False
/data/liuyu/outputs/milestone_2e4_cross_suite300_privileged_artifact_rich_20260527/runs/libero_spatial/pick_up_the_black_bowl_from_table_center_and_place_it_on_the_plate_state0,libero_spatial,CONDITION_UNVERIFIED,TIER_X_REJECTED,False,False,False,False,False,False,False,False,False,False
/data/liuyu/outputs/milestone_2e4_cross_suite300_privileged_artifact_rich_20260527/runs/libero_spatial/pick_up_the_black_bowl_next_to_the_ramekin_and_place_it_on_the_plate_state0,libero_spatial,CONDITION_UNVERIFIED,TIER_X_REJECTED,False,False,False,False,False,False,False,False,False,False
/data/liuyu/outputs/milestone_2e4_cross_suite300_privileged_artifact_rich_20260527/runs/libero_spatial/pick_up_the_black_bowl_on_the_stove_and_place_it_on_the_plate_state8,libero_spatial,CONDITION_UNVERIFIED,TIER_X_REJECTED,False,False,False,False,False,False,False,False,False,False
/data/liuyu/outputs/milestone_2e4_cross_suite300_privileged_artifact_rich_20260527/runs/libero_spatial/pick_up_the_black_bowl_next_to_the_ramekin_and_place_it_on_the_plate_state3,libero_spatial,CONDITION_UNVERIFIED,TIER_X_REJECTED,False,False,False,False,False,False,False,False,False,False
/data/liuyu/outputs/milestone_2e4_cross_suite300_privileged_artifact_rich_20260527/runs/libero_spatial/pick_up_the_black_bowl_on_the_stove_and_place_it_on_the_plate_state2,libero_spatial,CONDITION_UNVERIFIED,TIER_X_REJECTED,False,False,False,False,False,False,False,False,False,False
/data/liuyu/outputs/milestone_2e4_cross_suite300_privileged_artifact_rich_20260527/runs/libero_spatial/pick_up_the_black_bowl_next_to_the_plate_and_place_it_on_the_plate_state9,libero_spatial,CONDITION_UNVERIFIED,TIER_X_REJECTED,False,False,False,False,False,False,False,False,False,False
/data/liuyu/outputs/milestone_2e4_cross_suite300_privileged_artifact_rich_20260527/runs/libero_spatial/pick_up_the_black_bowl_in_the_top_drawer_of_the_wooden_cabinet_and_place_it_on_the_plate_state7,libero_spatial,CONDITION_UNVERIFIED,TIER_X_REJECTED,False,False,False,False,False,False,False,False,False,False
/data/liuyu/outputs/milestone_2e4_cross_suite300_privileged_artifact_rich_20260527/runs/libero_spatial/pick_up_the_black_bowl_next_to_the_cookie_box_and_place_it_on_the_plate_state1,libero_spatial,CONDITION_UNVERIFIED,TIER_X_REJECTED,False,False,False,False,False,False,False,False,False,False
/data/liuyu/outputs/milestone_2e4_cross_suite300_privileged_artifact_rich_20260527/runs/libero_spatial/pick_up_the_black_bowl_next_to_the_cookie_box_and_place_it_on_the_plate_state2,libero_spatial,CONDITION_UNVERIFIED,TIER_X_REJECTED,False,False,False,False,False,False,False,False,False,False
/data/liuyu/outputs/milestone_2e4_cross_suite300_privileged_artifact_rich_20260527/runs/libero_spatial/pick_up_the_black_bowl_on_the_wooden_cabinet_and_place_it_on_the_plate_state8,libero_spatial,CONDITION_UNVERIFIED,TIER_X_REJECTED,False,False,False,False,False,False,False,False,False,False
/data/liuyu/outputs/milestone_2e4_cross_suite300_privileged_artifact_rich_20260527/runs/libero_spatial/pick_up_the_black_bowl_from_table_center_and_place_it_on_the_plate_state9,libero_spatial,CONDITION_UNVERIFIED,TIER_X_REJECTED,False,False,False,False,False,False,False,False,False,False
/data/liuyu/outputs/milestone_2e4_cross_suite300_privileged_artifact_rich_20260527/runs/libero_spatial/pick_up_the_black_bowl_on_the_ramekin_and_place_it_on_the_plate_state5,libero_spatial,CONDITION_UNVERIFIED,TIER_X_REJECTED,False,False,False,False,False,False,False,False,False,False
/data/liuyu/outputs/milestone_2e4_cross_suite300_privileged_artifact_rich_20260527/runs/libero_spatial/pick_up_the_black_bowl_between_the_plate_and_the_ramekin_and_place_it_on_the_plate_state7,libero_spatial,CONDITION_UNVERIFIED,TIER_X_REJECTED,False,False,False,False,False,False,False,False,False,False
/data/liuyu/outputs/milestone_2e4_cross_suite300_privileged_artifact_rich_20260527/runs/libero_spatial/pick_up_the_black_bowl_next_to_the_plate_and_place_it_on_the_plate_state6,libero_spatial,CONDITION_UNVERIFIED,TIER_X_REJECTED,False,False,False,False,False,False,False,False,False,False
/data/liuyu/outputs/milestone_2e4_cross_suite300_privileged_artifact_rich_20260527/runs/libero_spatial/pick_up_the_black_bowl_between_the_plate_and_the_ramekin_and_place_it_on_the_plate_state8,libero_spatial,CONDITION_UNVERIFIED,TIER_X_REJECTED,False,False,False,False,False,False,False,False,False,False
/data/liuyu/outputs/milestone_2e4_cross_suite300_privileged_artifact_rich_20260527/runs/libero_spatial/pick_up_the_black_bowl_in_the_top_drawer_of_the_wooden_cabinet_and_place_it_on_the_plate_state1,libero_spatial,CONDITION_UNVERIFIED,TIER_X_REJECTED,False,False,False,False,False,False,False,False,False,False
/data/liuyu/outputs/milestone_2e4_cross_suite300_privileged_artifact_rich_20260527/runs/libero_spatial/pick_up_the_black_bowl_on_the_stove_and_place_it_on_the_plate_state1,libero_spatial,CONDITION_UNVERIFIED,TIER_X_REJECTED,False,False,False,False,False,False,False,False,False,False
/data/liuyu/outputs/milestone_2e4_cross_suite300_privileged_artifact_rich_20260527/runs/libero_spatial/pick_up_the_black_bowl_from_table_center_and_place_it_on_the_plate_state2,libero_spatial,CONDITION_UNVERIFIED,TIER_X_REJECTED,False,False,False,False,False,False,False,False,False,False
/data/liuyu/outputs/milestone_2e4_cross_suite300_privileged_artifact_rich_20260527/runs/libero_spatial/pick_up_the_black_bowl_from_table_center_and_place_it_on_the_plate_state4,libero_spatial,CONDITION_UNVERIFIED,TIER_X_REJECTED,False,False,False,False,False,False,False,False,False,False
/data/liuyu/outputs/milestone_2e4_cross_suite300_privileged_artifact_rich_20260527/runs/libero_spatial/pick_up_the_black_bowl_on_the_cookie_box_and_place_it_on_the_plate_state0,libero_spatial,CONDITION_UNVERIFIED,TIER_X_REJECTED,False,False,False,False,False,False,False,False,False,False
/data/liuyu/outputs/milestone_2e4_cross_suite300_privileged_artifact_rich_20260527/runs/libero_spatial/pick_up_the_black_bowl_next_to_the_plate_and_place_it_on_the_plate_state3,libero_spatial,CONDITION_UNVERIFIED,TIER_X_REJECTED,False,False,False,False,False,False,False,False,False,False
/data/liuyu/outputs/milestone_2e4_cross_suite300_privileged_artifact_rich_20260527/runs/libero_spatial/pick_up_the_black_bowl_on_the_stove_and_place_it_on_the_plate_state7,libero_spatial,CONDITION_UNVERIFIED,TIER_X_REJECTED,False,False,False,False,False,False,False,False,False,False
/data/liuyu/outputs/milestone_2e4_cross_suite300_privileged_artifact_rich_20260527/runs/libero_spatial/pick_up_the_black_bowl_next_to_the_ramekin_and_place_it_on_the_plate_state9,libero_spatial,CONDITION_UNVERIFIED,TIER_X_REJECTED,False,False,False,False,False,False,False,False,False,False
/data/liuyu/outputs/milestone_2e4_cross_suite300_privileged_artifact_rich_20260527/runs/libero_spatial/pick_up_the_black_bowl_from_table_center_and_place_it_on_the_plate_state8,libero_spatial,CONDITION_UNVERIFIED,TIER_X_REJECTED,False,False,False,False,False,False,False,False,False,False
/data/liuyu/outputs/milestone_2e4_cross_suite300_privileged_artifact_rich_20260527/runs/libero_spatial/pick_up_the_black_bowl_on_the_ramekin_and_place_it_on_the_plate_state2,libero_spatial,CONDITION_UNVERIFIED,TIER_X_REJECTED,False,False,False,False,False,False,False,False,False,False
/data/liuyu/outputs/milestone_2e4_cross_suite300_privileged_artifact_rich_20260527/runs/libero_spatial/pick_up_the_black_bowl_on_the_wooden_cabinet_and_place_it_on_the_plate_state7,libero_spatial,CONDITION_UNVERIFIED,TIER_X_REJECTED,False,False,False,False,False,False,False,False,False,False
/data/liuyu/outputs/milestone_2f_object_oracle_expansion_after_pilot_v2_20260529/runs/libero_object/oexp_clean_ketchup_ketchup_s1,,CLEAN,TIER_X_REJECTED,False,False,False,False,False,False,False,False,False,False
/data/liuyu/outputs/milestone_2f_object_oracle_expansion_after_pilot_v2_20260529/runs/libero_object/oexp_oracle_salad_salad_dressing_s0,,CONDITION_UNVERIFIED,TIER_X_REJECTED,False,False,False,False,False,False,False,False,False,False
/data/liuyu/outputs/milestone_2f_object_oracle_expansion_after_pilot_v2_20260529/runs/libero_object/oexp_clean_salad_salad_dressing_s0,,CLEAN,TIER_X_REJECTED,False,False,False,False,False,False,False,False,False,False
/data/liuyu/outputs/milestone_2f_object_oracle_expansion_after_pilot_v2_20260529/runs/libero_object/oexp_clean_ketchup_ketchup_s0,,CLEAN,TIER_X_REJECTED,False,False,False,False,False,False,False,False,False,False
/data/liuyu/outputs/milestone_2f_object_oracle_expansion_after_pilot_v2_20260529/runs/libero_object/oexp_oracle_ketchup_ketchup_s0,,CONDITION_UNVERIFIED,TIER_X_REJECTED,False,False,False,False,False,False,False,False,False,False
/data/liuyu/outputs/milestone_2f_object_oracle_expansion_after_pilot_v2_20260529/runs/libero_object/oexp_oracle_salad_salad_dressing_s2,,CONDITION_UNVERIFIED,TIER_X_REJECTED,False,False,False,False,False,False,False,False,False,False
/data/liuyu/outputs/milestone_2f_object_oracle_expansion_after_pilot_v2_20260529/runs/libero_object/oexp_oracle_ketchup_ketchup_s1,,CONDITION_UNVERIFIED,TIER_X_REJECTED,False,False,False,False,False,False,False,False,False,False
/data/liuyu/outputs/milestone_2f_object_oracle_expansion_after_pilot_v2_20260529/runs/libero_object/oexp_clean_salad_salad_dressing_s2,,CLEAN,TIER_X_REJECTED,False,False,False,False,False,False,False,False,False,False
/data/liuyu/outputs/milestone_2f_object_oracle_expansion_after_pilot_v2_20260529/runs/libero_object/oexp_oracle_salad_salad_dressing_s1,,CONDITION_UNVERIFIED,TIER_X_REJECTED,False,False,False,False,False,False,False,False,False,False
/data/liuyu/outputs/milestone_2f_object_oracle_expansion_after_pilot_v2_20260529/runs/libero_object/oexp_oracle_ketchup_ketchup_s2,,CONDITION_UNVERIFIED,TIER_X_REJECTED,False,False,False,False,False,False,False,False,False,False
/data/liuyu/outputs/milestone_2f_object_oracle_expansion_after_pilot_v2_20260529/runs/libero_object/oexp_clean_salad_salad_dressing_s1,,CLEAN,TIER_X_REJECTED,False,False,False,False,False,False,False,False,False,False
/data/liuyu/outputs/milestone_2f_object_oracle_expansion_after_pilot_v2_20260529/runs/libero_object/oexp_clean_ketchup_ketchup_s2,,CLEAN,TIER_X_REJECTED,False,False,False,False,False,False,False,False,False,False
/data/liuyu/outputs/moka_first_pot_multiseed_relay_20260513/moka_oracle_state1_seed4_w790_805_relay,libero_10,CONDITION_UNVERIFIED,TIER_X_REJECTED,False,False,False,False,False,False,False,False,False,False
/data/liuyu/outputs/moka_first_pot_multiseed_relay_20260513/moka_oracle_state1_seed0_w790_805_relay,libero_10,CONDITION_UNVERIFIED,TIER_X_REJECTED,False,False,False,False,False,False,False,False,False,False
/data/liuyu/outputs/moka_first_pot_multiseed_relay_20260513/moka_oracle_state1_seed11_w790_805_relay,libero_10,CONDITION_UNVERIFIED,TIER_X_REJECTED,False,False,False,False,False,False,False,False,False,False
/data/liuyu/outputs/moka_first_pot_multiseed_relay_20260513/moka_clean_state1_seed11_relay,libero_10,CLEAN,TIER_X_REJECTED,False,False,False,False,False,False,False,False,False,False
/data/liuyu/outputs/moka_first_pot_multiseed_relay_20260513/moka_vis_margin_prevdelta_state1_seed6_w790_805_relay,libero_10,NON_CLEAN_OR_ATTACK,TIER_X_REJECTED,False,False,False,False,False,False,False,False,False,False
/data/liuyu/outputs/moka_first_pot_multiseed_relay_20260513/moka_clean_state1_seed0_relay,libero_10,CLEAN,TIER_X_REJECTED,False,False,False,False,False,False,False,False,False,False
/data/liuyu/outputs/moka_first_pot_multiseed_relay_20260513/moka_oracle_state1_seed5_w790_805_relay,libero_10,CONDITION_UNVERIFIED,TIER_X_REJECTED,False,False,False,False,False,False,False,False,False,False
/data/liuyu/outputs/moka_first_pot_multiseed_relay_20260513/moka_vis_margin_prevdelta_state1_seed11_w790_805_relay,libero_10,NON_CLEAN_OR_ATTACK,TIER_X_REJECTED,False,False,False,False,False,False,False,False,False,False
/data/liuyu/outputs/moka_first_pot_multiseed_relay_20260513/moka_vis_margin_prevdelta_state1_seed5_w790_805_relay,libero_10,NON_CLEAN_OR_ATTACK,TIER_X_REJECTED,False,False,False,False,False,False,False,False,False,False
/data/liuyu/outputs/moka_first_pot_multiseed_relay_20260513/moka_oracle_state1_seed12_w790_805_relay,libero_10,CONDITION_UNVERIFIED,TIER_X_REJECTED,False,False,False,False,False,False,False,False,False,False
/data/liuyu/outputs/moka_first_pot_multiseed_relay_20260513/moka_oracle_state1_seed6_w790_805_relay,libero_10,CONDITION_UNVERIFIED,TIER_X_REJECTED,False,False,False,False,False,False,False,False,False,False
/data/liuyu/outputs/moka_first_pot_multiseed_relay_20260513/moka_clean_state1_seed13_relay,libero_10,CLEAN,TIER_X_REJECTED,False,False,False,False,False,False,False,False,False,False
/data/liuyu/outputs/moka_first_pot_multiseed_relay_20260513/moka_ctrl_random_direction_state1_seed4_w790_805_relay,libero_10,NON_CLEAN_OR_ATTACK,TIER_X_REJECTED,False,False,False,False,False,False,False,False,False,False
/data/liuyu/outputs/moka_first_pot_multiseed_relay_20260513/moka_ctrl_random_direction_state1_seed5_w790_805_relay,libero_10,NON_CLEAN_OR_ATTACK,TIER_X_REJECTED,False,False,False,False,False,False,False,False,False,False
/data/liuyu/outputs/moka_first_pot_multiseed_relay_20260513/moka_ctrl_random_direction_state1_seed0_w790_805_relay,libero_10,NON_CLEAN_OR_ATTACK,TIER_X_REJECTED,False,False,False,False,False,False,False,False,False,False
/data/liuyu/outputs/moka_first_pot_multiseed_relay_20260513/moka_oracle_state1_seed3_w790_805_relay,libero_10,CONDITION_UNVERIFIED,TIER_X_REJECTED,False,False,False,False,False,False,False,False,False,False
/data/liuyu/outputs/moka_first_pot_multiseed_relay_20260513/moka_ctrl_random_direction_state1_seed8_w790_805_relay,libero_10,NON_CLEAN_OR_ATTACK,TIER_X_REJECTED,False,False,False,False,False,False,False,False,False,False
/data/liuyu/outputs/moka_first_pot_multiseed_relay_20260513/moka_clean_state1_seed1_relay,libero_10,CLEAN,TIER_X_REJECTED,False,False,False,False,False,False,False,False,False,False
/data/liuyu/outputs/moka_first_pot_multiseed_relay_20260513/moka_clean_state1_seed10_relay,libero_10,CLEAN,TIER_X_REJECTED,False,False,False,False,False,False,False,False,False,False
/data/liuyu/outputs/moka_first_pot_multiseed_relay_20260513/moka_oracle_state1_seed8_w790_805_relay,libero_10,CONDITION_UNVERIFIED,TIER_X_REJECTED,False,False,False,False,False,False,False,False,False,False
/data/liuyu/outputs/moka_first_pot_multiseed_relay_20260513/moka_clean_state1_seed3_relay,libero_10,CLEAN,TIER_X_REJECTED,False,False,False,False,False,False,False,False,False,False
/data/liuyu/outputs/moka_first_pot_multiseed_relay_20260513/moka_vis_margin_prevdelta_state1_seed0_w790_805_relay,libero_10,NON_CLEAN_OR_ATTACK,TIER_X_REJECTED,False,False,False,False,False,False,False,False,False,False
/data/liuyu/outputs/moka_first_pot_multiseed_relay_20260513/moka_clean_state1_seed5_relay,libero_10,CLEAN,TIER_X_REJECTED,False,False,False,False,False,False,False,False,False,False
/data/liuyu/outputs/moka_first_pot_multiseed_relay_20260513/moka_clean_state1_seed6_relay,libero_10,CLEAN,TIER_X_REJECTED,False,False,False,False,False,False,False,False,False,False
/data/liuyu/outputs/moka_first_pot_multiseed_relay_20260513/moka_vis_margin_prevdelta_state1_seed4_w790_805_relay,libero_10,NON_CLEAN_OR_ATTACK,TIER_X_REJECTED,False,False,False,False,False,False,False,False,False,False
/data/liuyu/outputs/moka_first_pot_multiseed_relay_20260513/moka_clean_state1_seed4_relay,libero_10,CLEAN,TIER_X_REJECTED,False,False,False,False,False,False,False,False,False,False
/data/liuyu/outputs/moka_first_pot_multiseed_relay_20260513/moka_vis_margin_prevdelta_state1_seed8_w790_805_relay,libero_10,NON_CLEAN_OR_ATTACK,TIER_X_REJECTED,False,False,False,False,False,False,False,False,False,False
/data/liuyu/outputs/moka_first_pot_multiseed_relay_20260513/moka_clean_state1_seed7_relay,libero_10,CLEAN,TIER_X_REJECTED,False,False,False,False,False,False,False,False,False,False
/data/liuyu/outputs/moka_first_pot_multiseed_relay_20260513/moka_ctrl_random_direction_state1_seed6_w790_805_relay,libero_10,NON_CLEAN_OR_ATTACK,TIER_X_REJECTED,False,False,False,False,False,False,False,False,False,False
/data/liuyu/outputs/moka_first_pot_multiseed_relay_20260513/moka_ctrl_random_direction_state1_seed13_w790_805_relay,libero_10,NON_CLEAN_OR_ATTACK,TIER_X_REJECTED,False,False,False,False,False,False,False,False,False,False
/data/liuyu/outputs/moka_first_pot_multiseed_relay_20260513/moka_vis_margin_prevdelta_state1_seed13_w790_805_relay,libero_10,NON_CLEAN_OR_ATTACK,TIER_X_REJECTED,False,False,False,False,False,False,False,False,False,False
/data/liuyu/outputs/moka_first_pot_multiseed_relay_20260513/moka_ctrl_random_direction_state1_seed11_w790_805_relay,libero_10,NON_CLEAN_OR_ATTACK,TIER_X_REJECTED,False,False,False,False,False,False,False,False,False,False
/data/liuyu/outputs/moka_first_pot_multiseed_relay_20260513/moka_clean_state1_seed2_relay,libero_10,CLEAN,TIER_X_REJECTED,False,False,False,False,False,False,False,False,False,False
/data/liuyu/outputs/moka_first_pot_multiseed_relay_20260513/moka_oracle_state1_seed10_w790_805_relay,libero_10,CONDITION_UNVERIFIED,TIER_X_REJECTED,False,False,False,False,False,False,False,False,False,False
/data/liuyu/outputs/moka_first_pot_multiseed_relay_20260513/moka_clean_state1_seed14_relay,libero_10,CLEAN,TIER_X_REJECTED,False,False,False,False,False,False,False,False,False,False
/data/liuyu/outputs/moka_first_pot_multiseed_relay_20260513/moka_clean_state1_seed8_relay,libero_10,CLEAN,TIER_X_REJECTED,False,False,False,False,False,False,False,False,False,False
/data/liuyu/outputs/moka_first_pot_multiseed_relay_20260513/moka_clean_state1_seed9_relay,libero_10,CLEAN,TIER_X_REJECTED,False,False,False,False,False,False,False,False,False,False
/data/liuyu/outputs/moka_first_pot_multiseed_relay_20260513/moka_clean_state1_seed12_relay,libero_10,CLEAN,TIER_X_REJECTED,False,False,False,False,False,False,False,False,False,False
/data/liuyu/outputs/moka_first_pot_multiseed_relay_20260513/moka_oracle_state1_seed13_w790_805_relay,libero_10,CONDITION_UNVERIFIED,TIER_X_REJECTED,False,False,False,False,False,False,False,False,False,False
/data/liuyu/outputs/milestone_6_duration_calibration_20260601/runs/libero_object/dc_cream_cheese_s0_det_d75_cream_cheese_s0,,CONDITION_UNVERIFIED,TIER_X_REJECTED,False,False,False,False,False,False,False,False,False,False
/data/liuyu/outputs/milestone_6_duration_calibration_20260601/runs/libero_object/dc_salad_dressing_s0_det_d75_salad_dressing_s0,,CONDITION_UNVERIFIED,TIER_X_REJECTED,False,False,False,False,False,False,False,False,False,False
/data/liuyu/outputs/milestone_6_duration_calibration_20260601/runs/libero_object/dc_cream_cheese_s0_early_d75_cream_cheese_s0,,CONDITION_UNVERIFIED,TIER_X_REJECTED,False,False,False,False,False,False,False,False,False,False
/data/liuyu/outputs/milestone_6_duration_calibration_20260601/runs/libero_object/dc_salad_dressing_s0_det_d90_salad_dressing_s0,,CONDITION_UNVERIFIED,TIER_X_REJECTED,False,False,False,False,False,False,False,False,False,False
/data/liuyu/outputs/milestone_6_duration_calibration_20260601/runs/libero_object/dc_tomato_sauce_s0_early_d75_tomato_sauce_s0,,CONDITION_UNVERIFIED,TIER_X_REJECTED,False,False,False,False,False,False,False,False,False,False
/data/liuyu/outputs/milestone_6_duration_calibration_20260601/runs/libero_object/dc_tomato_sauce_s0_det_d60_tomato_sauce_s0,,CONDITION_UNVERIFIED,TIER_X_REJECTED,False,False,False,False,False,False,False,False,False,False
/data/liuyu/outputs/milestone_6_duration_calibration_20260601/runs/libero_object/dc_ketchup_s0_det_d75_ketchup_s0,,CONDITION_UNVERIFIED,TIER_X_REJECTED,False,False,False,False,False,False,False,False,False,False
/data/liuyu/outputs/milestone_6_duration_calibration_20260601/runs/libero_object/dc_cream_cheese_s0_det_d60_cream_cheese_s0,,CONDITION_UNVERIFIED,TIER_X_REJECTED,False,False,False,False,False,False,False,False,False,False
/data/liuyu/outputs/milestone_6_duration_calibration_20260601/runs/libero_object/dc_tomato_sauce_s0_det_d75_tomato_sauce_s0,,CONDITION_UNVERIFIED,TIER_X_REJECTED,False,False,False,False,False,False,False,False,False,False
/data/liuyu/outputs/milestone_6_duration_calibration_20260601/runs/libero_object/dc_tomato_sauce_s0_early_d60_tomato_sauce_s0,,CONDITION_UNVERIFIED,TIER_X_REJECTED,False,False,False,False,False,False,False,False,False,False
/data/liuyu/outputs/milestone_6_duration_calibration_20260601/runs/libero_object/dc_cream_cheese_s0_early_d60_cream_cheese_s0,,CONDITION_UNVERIFIED,TIER_X_REJECTED,False,False,False,False,False,False,False,False,False,False
/data/liuyu/outputs/milestone_6_duration_calibration_20260601/runs/libero_object/dc_ketchup_s0_det_d60_ketchup_s0,,CONDITION_UNVERIFIED,TIER_X_REJECTED,False,False,False,False,False,False,False,False,False,False
/data/liuyu/outputs/milestone_6_duration_calibration_20260601/runs/libero_object/dc_ketchup_s0_det_d90_ketchup_s0,,CONDITION_UNVERIFIED,TIER_X_REJECTED,False,False,False,False,False,False,False,False,False,False
/data/liuyu/outputs/milestone_6_duration_calibration_20260601/runs/libero_object/dc_salad_dressing_s0_det_d60_salad_dressing_s0,,CONDITION_UNVERIFIED,TIER_X_REJECTED,False,False,False,False,False,False,False,False,False,False
/data/liuyu/outputs/gpu_repair_reboot_20260515/gpu3_secondary/gpu3_secondary_render2_40_20260515,libero_spatial,CONDITION_UNVERIFIED,TIER_X_REJECTED,False,False,False,False,False,False,False,False,False,False
/data/liuyu/outputs/gpu_repair_reboot_20260515/gpu3_primary/gpu3_primary_render2_40_20260515,libero_spatial,CONDITION_UNVERIFIED,TIER_X_REJECTED,False,False,False,False,False,False,False,False,False,False
/data/liuyu/outputs/layer123_videos/TRUE_T10/soup_s0,,TRUE_T10,TIER_X_REJECTED,False,False,False,False,False,False,False,False,False,False
/data/liuyu/outputs/layer123_videos/TRUE_T10/cream_s0,,TRUE_T10,TIER_X_REJECTED,False,False,False,False,False,False,False,False,False,False
/data/liuyu/outputs/milestone_2f_object_pilot_v2_detector_clean_missing_rerun_20260529/runs/libero_object/detclean45_milk_rerun_milk_s0,,CLEAN,TIER_X_REJECTED,False,False,False,False,False,False,False,False,False,False
/data/liuyu/outputs/milestone_2f_object_pilot_v2_detector_clean_missing_rerun_20260529/runs/libero_object/detclean26_tomato_rerun_tomato_sauce_s1,,CLEAN,TIER_X_REJECTED,False,False,False,False,False,False,False,False,False,False
/data/liuyu/outputs/milestone_2f_object_pilot_v2_detector_clean_missing_rerun_20260529/runs/libero_object/detclean13_ketchup_rerun_salad_dressing_s0,,CLEAN,TIER_X_REJECTED,False,False,False,False,False,False,False,False,False,False
/data/liuyu/outputs/milestone_2f_object_pilot_v2_detector_clean_missing_rerun_20260529/runs/libero_object/detclean13_ketchup_corrected_ketchup_s1,,CLEAN,TIER_X_REJECTED,False,False,False,False,False,False,False,False,False,False
/data/liuyu/outputs/milestone_2f_object_pilot_v2_detector_clean_missing_rerun_20260529/runs/libero_object/detclean26_tomato_rerun_tomato_sauce_s2,,CLEAN,TIER_X_REJECTED,False,False,False,False,False,False,False,False,False,False
/data/liuyu/outputs/milestone_2f_object_pilot_v2_detector_clean_missing_rerun_20260529/runs/libero_object/detclean13_ketchup_corrected_ketchup_s2,,CLEAN,TIER_X_REJECTED,False,False,False,False,False,False,False,False,False,False
/data/liuyu/outputs/milestone_2f_object_pilot_v2_detector_clean_missing_rerun_20260529/runs/libero_object/detclean45_milk_rerun_milk_s2,,CLEAN,TIER_X_REJECTED,False,False,False,False,False,False,False,False,False,False
/data/liuyu/outputs/milestone_2f_object_pilot_v2_detector_clean_missing_rerun_20260529/runs/libero_object/detclean45_milk_rerun_milk_s1,,CLEAN,TIER_X_REJECTED,False,False,False,False,False,False,False,False,False,False
/data/liuyu/outputs/milestone_2f_object_pilot_v2_detector_clean_missing_rerun_20260529/runs/libero_object/detclean13_ketchup_rerun_salad_dressing_s1,,CLEAN,TIER_X_REJECTED,False,False,False,False,False,False,False,False,False,False
/data/liuyu/outputs/milestone_2f_object_pilot_v2_detector_clean_missing_rerun_20260529/runs/libero_object/detclean13_ketchup_corrected_ketchup_s0,,CLEAN,TIER_X_REJECTED,False,False,False,False,False,False,False,False,False,False
/data/liuyu/outputs/milestone_2f_object_pilot_v2_detector_clean_missing_rerun_20260529/runs/libero_object/detclean13_ketchup_rerun_salad_dressing_s2,,CLEAN,TIER_X_REJECTED,False,False,False,False,False,False,False,False,False,False
/data/liuyu/outputs/milestone_2f_object_pilot_v2_detector_clean_missing_rerun_20260529/runs/libero_object/detclean26_tomato_rerun_tomato_sauce_s0,,CLEAN,TIER_X_REJECTED,False,False,False,False,False,False,False,False,False,False
/data/liuyu/outputs/moka_twopot_window_theory_20260512_parallel4/slot45/moka_clean_gate_state1_seed3_rep2,libero_10,CLEAN,TIER_X_REJECTED,False,False,False,False,False,False,False,False,False,False
/data/liuyu/outputs/moka_twopot_window_theory_20260512_parallel4/slot45/moka_clean_gate_state1_seed3_rep4,libero_10,CLEAN,TIER_X_REJECTED,False,False,False,False,False,False,False,False,False,False
/data/liuyu/outputs/moka_twopot_window_theory_20260512_parallel4/slot45/moka_clean_gate_state1_seed3_rep1,libero_10,CLEAN,TIER_X_REJECTED,False,False,False,False,False,False,False,False,False,False
/data/liuyu/outputs/moka_twopot_window_theory_20260512_parallel4/slot45/moka_clean_gate_state1_seed3_rep5,libero_10,CLEAN,TIER_X_REJECTED,False,False,False,False,False,False,False,False,False,False
/data/liuyu/outputs/moka_twopot_window_theory_20260512_parallel4/slot45/moka_oracle_state1_seed3_rel0_30,libero_10,CONDITION_UNVERIFIED,TIER_X_REJECTED,False,False,False,False,False,False,False,False,False,False
/data/liuyu/outputs/moka_twopot_window_theory_20260512_parallel4/slot45/moka_clean_gate_state1_seed3_rep3,libero_10,CLEAN,TIER_X_REJECTED,False,False,False,False,False,False,False,False,False,False
/data/liuyu/outputs/moka_twopot_window_theory_20260512_parallel4/slot23/moka_clean_gate_state1_seed2_rep2,libero_10,CLEAN,TIER_X_REJECTED,False,False,False,False,False,False,False,False,False,False
/data/liuyu/outputs/moka_twopot_window_theory_20260512_parallel4/slot23/moka_clean_gate_state1_seed2_rep3,libero_10,CLEAN,TIER_X_REJECTED,False,False,False,False,False,False,False,False,False,False
/data/liuyu/outputs/moka_twopot_window_theory_20260512_parallel4/slot23/moka_clean_gate_state1_seed2_rep5,libero_10,CLEAN,TIER_X_REJECTED,False,False,False,False,False,False,False,False,False,False
/data/liuyu/outputs/moka_twopot_window_theory_20260512_parallel4/slot23/moka_clean_gate_state1_seed2_rep1,libero_10,CLEAN,TIER_X_REJECTED,False,False,False,False,False,False,False,False,False,False
/data/liuyu/outputs/moka_twopot_window_theory_20260512_parallel4/slot23/moka_clean_gate_state1_seed2_rep4,libero_10,CLEAN,TIER_X_REJECTED,False,False,False,False,False,False,False,False,False,False
/data/liuyu/outputs/moka_twopot_window_theory_20260512_parallel4/slot01/moka_clean_gate_state1_seed1_rep3,libero_10,CLEAN,TIER_X_REJECTED,False,False,False,False,False,False,False,False,False,False
/data/liuyu/outputs/moka_twopot_window_theory_20260512_parallel4/slot01/moka_clean_gate_state1_seed1_rep2,libero_10,CLEAN,TIER_X_REJECTED,False,False,False,False,False,False,False,False,False,False
/data/liuyu/outputs/moka_twopot_window_theory_20260512_parallel4/slot01/moka_clean_gate_state1_seed1_rep1,libero_10,CLEAN,TIER_X_REJECTED,False,False,False,False,False,False,False,False,False,False
/data/liuyu/outputs/moka_twopot_window_theory_20260512_parallel4/slot01/moka_clean_gate_state1_seed1_rep4,libero_10,CLEAN,TIER_X_REJECTED,False,False,False,False,False,False,False,False,False,False
/data/liuyu/outputs/moka_twopot_window_theory_20260512_parallel4/slot01/moka_oracle_state1_seed1_rel0_30,libero_10,CONDITION_UNVERIFIED,TIER_X_REJECTED,False,False,False,False,False,False,False,False,False,False
/data/liuyu/outputs/moka_twopot_window_theory_20260512_parallel4/slot01/moka_vis_state1_seed1_rel0_30,libero_10,NON_CLEAN_OR_ATTACK,TIER_X_REJECTED,False,False,False,False,False,False,False,False,False,False
/data/liuyu/outputs/moka_twopot_window_theory_20260512_parallel4/slot01/moka_clean_gate_state1_seed1_rep5,libero_10,CLEAN,TIER_X_REJECTED,False,False,False,False,False,False,False,False,False,False
/data/liuyu/outputs/moka_twopot_window_theory_20260512_parallel4/slot67/moka_clean_gate_state1_seed4_rep3,libero_10,CLEAN,TIER_X_REJECTED,False,False,False,False,False,False,False,False,False,False
/data/liuyu/outputs/moka_twopot_window_theory_20260512_parallel4/slot67/moka_clean_gate_state1_seed4_rep1,libero_10,CLEAN,TIER_X_REJECTED,False,False,False,False,False,False,False,False,False,False
/data/liuyu/outputs/moka_twopot_window_theory_20260512_parallel4/slot67/moka_clean_gate_state1_seed4_rep5,libero_10,CLEAN,TIER_X_REJECTED,False,False,False,False,False,False,False,False,False,False
/data/liuyu/outputs/moka_twopot_window_theory_20260512_parallel4/slot67/moka_clean_gate_state1_seed4_rep2,libero_10,CLEAN,TIER_X_REJECTED,False,False,False,False,False,False,False,False,False,False
/data/liuyu/outputs/moka_twopot_window_theory_20260512_parallel4/slot67/moka_clean_gate_state1_seed4_rep4,libero_10,CLEAN,TIER_X_REJECTED,False,False,False,False,False,False,False,False,False,False
/data/liuyu/outputs/milestone_2f_object_pilot_v2_clean_candidate_scan_20260529/runs/libero_object/scan2_pure_ketchup_s2,,CLEAN,TIER_X_REJECTED,False,False,False,False,False,False,False,False,False,False
/data/liuyu/outputs/milestone_2f_object_pilot_v2_clean_candidate_scan_20260529/runs/libero_object/scan2_pure_milk_s1,,CLEAN,TIER_X_REJECTED,False,False,False,False,False,False,False,False,False,False
/data/liuyu/outputs/milestone_2f_object_pilot_v2_clean_candidate_scan_20260529/runs/libero_object/scan2_pure_salad_dressing_s0,,CLEAN,TIER_X_REJECTED,False,False,False,False,False,False,False,False,False,False
/data/liuyu/outputs/milestone_2f_object_pilot_v2_clean_candidate_scan_20260529/runs/libero_object/scan2_pure_ketchup_s1,,CLEAN,TIER_X_REJECTED,False,False,False,False,False,False,False,False,False,False
/data/liuyu/outputs/milestone_2f_object_pilot_v2_clean_candidate_scan_20260529/runs/libero_object/scan2_pure_cream_cheese_s0,,CLEAN,TIER_X_REJECTED,False,False,False,False,False,False,False,False,False,False
/data/liuyu/outputs/milestone_2f_object_pilot_v2_clean_candidate_scan_20260529/runs/libero_object/scan2_pure_salad_dressing_s1,,CLEAN,TIER_X_REJECTED,False,False,False,False,False,False,False,False,False,False
/data/liuyu/outputs/milestone_2f_object_pilot_v2_clean_candidate_scan_20260529/runs/libero_object/scan2_pure_tomato_sauce_s2,,CLEAN,TIER_X_REJECTED,False,False,False,False,False,False,False,False,False,False
/data/liuyu/outputs/milestone_2f_object_pilot_v2_clean_candidate_scan_20260529/runs/libero_object/scan2_det_salad_dressing_s2,,CLEAN,TIER_X_REJECTED,False,False,False,False,False,False,False,False,False,False
/data/liuyu/outputs/milestone_2f_object_pilot_v2_clean_candidate_scan_20260529/runs/libero_object/scan2_det_cream_cheese_s2,,CLEAN,TIER_X_REJECTED,False,False,False,False,False,False,False,False,False,False
/data/liuyu/outputs/milestone_2f_object_pilot_v2_clean_candidate_scan_20260529/runs/libero_object/scan2_pure_ketchup_s0,,CLEAN,TIER_X_REJECTED,False,False,False,False,False,False,False,False,False,False
/data/liuyu/outputs/milestone_2f_object_pilot_v2_clean_candidate_scan_20260529/runs/libero_object/scan2_det_salad_dressing_s1,,CLEAN,TIER_X_REJECTED,False,False,False,False,False,False,False,False,False,False
/data/liuyu/outputs/milestone_2f_object_pilot_v2_clean_candidate_scan_20260529/runs/libero_object/scan2_pure_cream_cheese_s1,,CLEAN,TIER_X_REJECTED,False,False,False,False,False,False,False,False,False,False
/data/liuyu/outputs/milestone_2f_object_pilot_v2_clean_candidate_scan_20260529/runs/libero_object/scan2_det_cream_cheese_s0,,CLEAN,TIER_X_REJECTED,False,False,False,False,False,False,False,False,False,False
/data/liuyu/outputs/milestone_2f_object_pilot_v2_clean_candidate_scan_20260529/runs/libero_object/scan2_pure_salad_dressing_s2,,CLEAN,TIER_X_REJECTED,False,False,False,False,False,False,False,False,False,False
/data/liuyu/outputs/milestone_2f_object_pilot_v2_clean_candidate_scan_20260529/runs/libero_object/scan2_det_salad_dressing_s0,,CLEAN,TIER_X_REJECTED,False,False,False,False,False,False,False,False,False,False
/data/liuyu/outputs/milestone_2f_object_pilot_v2_clean_candidate_scan_20260529/runs/libero_object/scan2_pure_cream_cheese_s2,,CLEAN,TIER_X_REJECTED,False,False,False,False,False,False,False,False,False,False
/data/liuyu/outputs/milestone_2f_object_pilot_v2_clean_candidate_scan_20260529/runs/libero_object/scan2_pure_milk_s0,,CLEAN,TIER_X_REJECTED,False,False,False,False,False,False,False,False,False,False
/data/liuyu/outputs/milestone_2f_object_pilot_v2_clean_candidate_scan_20260529/runs/libero_object/scan2_det_ketchup_s0,,CLEAN,TIER_X_REJECTED,False,False,False,False,False,False,False,False,False,False
/data/liuyu/outputs/milestone_2f_object_pilot_v2_clean_candidate_scan_20260529/runs/libero_object/scan2_pure_milk_s2,,CLEAN,TIER_X_REJECTED,False,False,False,False,False,False,False,False,False,False
/data/liuyu/outputs/milestone_2f_object_pilot_v2_clean_candidate_scan_20260529/runs/libero_object/scan2_pure_tomato_sauce_s0,,CLEAN,TIER_X_REJECTED,False,False,False,False,False,False,False,False,False,False
/data/liuyu/outputs/milestone_2f_object_pilot_v2_clean_candidate_scan_20260529/runs/libero_object/scan2_det_cream_cheese_s1,,CLEAN,TIER_X_REJECTED,False,False,False,False,False,False,False,False,False,False
/data/liuyu/outputs/milestone_2f_object_pilot_v2_clean_candidate_scan_20260529/runs/libero_object/scan2_pure_tomato_sauce_s1,,CLEAN,TIER_X_REJECTED,False,False,False,False,False,False,False,False,False,False
/data/liuyu/outputs/milestone_2f_object_pilot_v2_clean_candidate_scan_20260529/quarantine/detclean_duplicate_loop_stop_20260529/scan2_det_ketchup_s1,,CLEAN,TIER_X_REJECTED,False,False,False,False,False,False,False,False,False,False
/data/liuyu/outputs/gripper_targeted_vis_calibration_bowl_plate_20260522/runs/targetvis_bowlplate_VIS_current,libero_goal,NON_CLEAN_OR_ATTACK,TIER_X_REJECTED,False,False,False,False,False,False,False,False,False,False
/data/liuyu/outputs/gripper_targeted_vis_calibration_bowl_plate_20260522/runs/targetvis_bowlplate_VIS_gripper_open_region_ce,libero_goal,NON_CLEAN_OR_ATTACK,TIER_X_REJECTED,False,False,False,False,False,False,False,False,False,False
/data/liuyu/outputs/gripper_targeted_vis_calibration_bowl_plate_20260522/runs/targetvis_bowlplate_VIS_gripper_logit_margin_cw,libero_goal,NON_CLEAN_OR_ATTACK,TIER_X_REJECTED,False,False,False,False,False,False,False,False,False,False
/data/liuyu/outputs/gripper_targeted_vis_calibration_bowl_plate_20260522/runs/targetvis_bowlplate_random_same_budget,libero_goal,NON_CLEAN_OR_ATTACK,TIER_X_REJECTED,False,False,False,False,False,False,False,False,False,False
/data/liuyu/outputs/gripper_targeted_vis_calibration_bowl_plate_20260522/runs/targetvis_bowlplate_clean_repeat,libero_goal,CLEAN,TIER_X_REJECTED,False,False,False,False,False,False,False,False,False,False
/data/liuyu/outputs/gripper_targeted_vis_calibration_bowl_plate_20260522/runs/targetvis_bowlplate_command_open_0.75_reference,libero_goal,NON_CLEAN_OR_ATTACK,TIER_X_REJECTED,False,False,False,False,False,False,False,False,False,False
/data/liuyu/outputs/gripper_targeted_vis_calibration_bowl_plate_20260522/runs/targetvis_bowlplate_best_VIS_gripper_targeted_stronger,libero_goal,NON_CLEAN_OR_ATTACK,TIER_X_REJECTED,False,False,False,False,False,False,False,False,False,False
/data/liuyu/outputs/l3_h5_oracle_closed_loop_20260617_r1/preflight_clean_seed81,,CLEAN,TIER_D_LEGACY_REFERENCE_ONLY,False,False,False,False,False,False,False,False,False,False
/data/liuyu/outputs/l3_h5_oracle_closed_loop_20260617_r1/preflight_gpu6,,CLEAN,TIER_D_LEGACY_REFERENCE_ONLY,False,False,False,False,False,False,False,False,False,False
/data/liuyu/outputs/d4_sidecar_smoke_on_v2/salad_dressing_s19_shadow_attempt1,,CONDITION_UNVERIFIED,TIER_X_REJECTED,False,False,False,False,False,False,False,False,False,False
/data/liuyu/outputs/d4_sidecar_smoke_on_v2/milk_s23_shadow_attempt1,,CONDITION_UNVERIFIED,TIER_X_REJECTED,False,False,False,False,False,False,False,False,False,False
/data/liuyu/outputs/phase_span_oracle_ablation_longrun_20260524_retry02/runs/canary_libero10_study_scene1_pick_up_the_book_and_place_it_in_the_back_compartment_of_the_caddy_s3_seed1_W30_cmdopen_pos075,libero_10,CONDITION_UNVERIFIED,TIER_X_REJECTED,False,False,False,False,False,False,False,False,False,False
/data/liuyu/outputs/phase_span_oracle_ablation_longrun_20260524_retry02/runs/canary_object_pick_up_the_orange_juice_and_place_it_in_the_basket_s7_seed1_W20_random,,NON_CLEAN_OR_ATTACK,TIER_X_REJECTED,False,False,False,False,False,False,False,False,False,False
/data/liuyu/outputs/phase_span_oracle_ablation_longrun_20260524_retry02/runs/canary_object_pick_up_the_orange_juice_and_place_it_in_the_basket_s7_seed1_W20_cmdopen_neg075,,CONDITION_UNVERIFIED,TIER_X_REJECTED,False,False,False,False,False,False,False,False,False,False
/data/liuyu/outputs/phase_span_oracle_ablation_longrun_20260524_retry02/runs/canary_object_pick_up_the_orange_juice_and_place_it_in_the_basket_s7_seed1_W10_random,,NON_CLEAN_OR_ATTACK,TIER_X_REJECTED,False,False,False,False,False,False,False,False,False,False
/data/liuyu/outputs/phase_span_oracle_ablation_longrun_20260524_retry02/runs/canary_object_pick_up_the_orange_juice_and_place_it_in_the_basket_s7_seed1_W10_cmdopen_neg075,,CONDITION_UNVERIFIED,TIER_X_REJECTED,False,False,False,False,False,False,False,False,False,False
/data/liuyu/outputs/phase_span_oracle_ablation_longrun_20260524_retry02/runs/canary_object_pick_up_the_ketchup_and_place_it_in_the_basket_s0_seed1_Wphase40_cmdopen_pos075,,CONDITION_UNVERIFIED,TIER_X_REJECTED,False,False,False,False,False,False,False,False,False,False
/data/liuyu/outputs/phase_span_oracle_ablation_longrun_20260524_retry02/runs/canary_object_pick_up_the_orange_juice_and_place_it_in_the_basket_s7_seed1_W30_cmdopen_neg075,,CONDITION_UNVERIFIED,TIER_X_REJECTED,False,False,False,False,False,False,False,False,False,False
/data/liuyu/outputs/phase_span_oracle_ablation_longrun_20260524_retry02/runs/canary_libero10_study_scene1_pick_up_the_book_and_place_it_in_the_back_compartment_of_the_caddy_s3_seed1_W30_cmdopen_neg075,libero_10,CONDITION_UNVERIFIED,TIER_X_REJECTED,False,False,False,False,False,False,False,False,False,False
/data/liuyu/outputs/phase_span_oracle_ablation_longrun_20260524_retry02/runs/canary_object_pick_up_the_orange_juice_and_place_it_in_the_basket_s7_seed1_W30_cmdopen_pos075,,CONDITION_UNVERIFIED,TIER_X_REJECTED,False,False,False,False,False,False,False,False,False,False
/data/liuyu/outputs/phase_span_oracle_ablation_longrun_20260524_retry02/runs/canary_object_pick_up_the_orange_juice_and_place_it_in_the_basket_s7_seed1_W20_cmdopen_pos075,,CONDITION_UNVERIFIED,TIER_X_REJECTED,False,False,False,False,False,False,False,False,False,False
/data/liuyu/outputs/phase_span_oracle_ablation_longrun_20260524_retry02/runs/canary_object_pick_up_the_ketchup_and_place_it_in_the_basket_s0_seed1_W10_cmdopen_neg075,,CONDITION_UNVERIFIED,TIER_X_REJECTED,False,False,False,False,False,False,False,False,False,False
/data/liuyu/outputs/phase_span_oracle_ablation_longrun_20260524_retry02/runs/canary_object_pick_up_the_ketchup_and_place_it_in_the_basket_s0_seed1_W10_cmdopen_pos075,,CONDITION_UNVERIFIED,TIER_X_REJECTED,False,False,False,False,False,False,False,False,False,False
/data/liuyu/outputs/phase_span_oracle_ablation_longrun_20260524_retry02/runs/canary_object_pick_up_the_ketchup_and_place_it_in_the_basket_s0_seed1_Wphase40_cmdopen_neg075,,CONDITION_UNVERIFIED,TIER_X_REJECTED,False,False,False,False,False,False,False,False,False,False
/data/liuyu/outputs/phase_span_oracle_ablation_longrun_20260524_retry02/runs/canary_object_pick_up_the_ketchup_and_place_it_in_the_basket_s0_seed1_W20_cmdopen_neg075,,CONDITION_UNVERIFIED,TIER_X_REJECTED,False,False,False,False,False,False,False,False,False,False
/data/liuyu/outputs/phase_span_oracle_ablation_longrun_20260524_retry02/runs/canary_libero10_study_scene1_pick_up_the_book_and_place_it_in_the_back_compartment_of_the_caddy_s3_seed1_W20_random,libero_10,NON_CLEAN_OR_ATTACK,TIER_X_REJECTED,False,False,False,False,False,False,False,False,False,False
/data/liuyu/outputs/phase_span_oracle_ablation_longrun_20260524_retry02/runs/canary_libero10_study_scene1_pick_up_the_book_and_place_it_in_the_back_compartment_of_the_caddy_s3_seed1_W30_random,libero_10,NON_CLEAN_OR_ATTACK,TIER_X_REJECTED,False,False,False,False,False,False,False,False,False,False
/data/liuyu/outputs/phase_span_oracle_ablation_longrun_20260524_retry02/runs/canary_object_pick_up_the_ketchup_and_place_it_in_the_basket_s0_seed1_Wphase40_random,,NON_CLEAN_OR_ATTACK,TIER_X_REJECTED,False,False,False,False,False,False,False,False,False,False
/data/liuyu/outputs/phase_span_oracle_ablation_longrun_20260524_retry02/runs/canary_object_pick_up_the_ketchup_and_place_it_in_the_basket_s0_seed1_W20_cmdopen_pos075,,CONDITION_UNVERIFIED,TIER_X_REJECTED,False,False,False,False,False,False,False,False,False,False
/data/liuyu/outputs/phase_span_oracle_ablation_longrun_20260524_retry02/runs/canary_libero10_study_scene1_pick_up_the_book_and_place_it_in_the_back_compartment_of_the_caddy_s3_seed1_Wphase40_cmdopen_pos075,libero_10,CONDITION_UNVERIFIED,TIER_X_REJECTED,False,False,False,False,False,False,False,False,False,False
/data/liuyu/outputs/phase_span_oracle_ablation_longrun_20260524_retry02/runs/canary_libero10_study_scene1_pick_up_the_book_and_place_it_in_the_back_compartment_of_the_caddy_s3_seed1_W20_cmdopen_neg075,libero_10,CONDITION_UNVERIFIED,TIER_X_REJECTED,False,False,False,False,False,False,False,False,False,False
/data/liuyu/outputs/phase_span_oracle_ablation_longrun_20260524_retry02/runs/canary_object_pick_up_the_orange_juice_and_place_it_in_the_basket_s7_seed1_W30_random,,NON_CLEAN_OR_ATTACK,TIER_X_REJECTED,False,False,False,False,False,False,False,False,False,False
/data/liuyu/outputs/phase_span_oracle_ablation_longrun_20260524_retry02/runs/canary_libero10_study_scene1_pick_up_the_book_and_place_it_in_the_back_compartment_of_the_caddy_s3_seed1_Wphase40_cmdopen_neg075,libero_10,CONDITION_UNVERIFIED,TIER_X_REJECTED,False,False,False,False,False,False,False,False,False,False
/data/liuyu/outputs/phase_span_oracle_ablation_longrun_20260524_retry02/runs/canary_object_pick_up_the_orange_juice_and_place_it_in_the_basket_s7_seed1_Wphase40_random,,NON_CLEAN_OR_ATTACK,TIER_X_REJECTED,False,False,False,False,False,False,False,False,False,False
/data/liuyu/outputs/phase_span_oracle_ablation_longrun_20260524_retry02/runs/canary_object_pick_up_the_orange_juice_and_place_it_in_the_basket_s7_seed1_W10_cmdopen_pos075,,CONDITION_UNVERIFIED,TIER_X_REJECTED,False,False,False,False,False,False,False,False,False,False
/data/liuyu/outputs/phase_span_oracle_ablation_longrun_20260524_retry02/runs/canary_libero10_study_scene1_pick_up_the_book_and_place_it_in_the_back_compartment_of_the_caddy_s3_seed1_W20_cmdopen_pos075,libero_10,CONDITION_UNVERIFIED,TIER_X_REJECTED,False,False,False,False,False,False,False,False,False,False
/data/liuyu/outputs/phase_span_oracle_ablation_longrun_20260524_retry02/runs/canary_object_pick_up_the_ketchup_and_place_it_in_the_basket_s0_seed1_W30_cmdopen_pos075,,CONDITION_UNVERIFIED,TIER_X_REJECTED,False,False,False,False,False,False,False,False,False,False
/data/liuyu/outputs/phase_span_oracle_ablation_longrun_20260524_retry02/runs/canary_object_pick_up_the_ketchup_and_place_it_in_the_basket_s0_seed1_W20_random,,NON_CLEAN_OR_ATTACK,TIER_X_REJECTED,False,False,False,False,False,False,False,False,False,False
/data/liuyu/outputs/phase_span_oracle_ablation_longrun_20260524_retry02/runs/canary_object_pick_up_the_ketchup_and_place_it_in_the_basket_s0_seed1_W30_cmdopen_neg075,,CONDITION_UNVERIFIED,TIER_X_REJECTED,False,False,False,False,False,False,False,False,False,False
/data/liuyu/outputs/phase_span_oracle_ablation_longrun_20260524_retry02/runs/canary_object_pick_up_the_orange_juice_and_place_it_in_the_basket_s7_seed1_Wphase40_cmdopen_pos075,,CONDITION_UNVERIFIED,TIER_X_REJECTED,False,False,False,False,False,False,False,False,False,False
/data/liuyu/outputs/phase_span_oracle_ablation_longrun_20260524_retry02/runs/canary_object_pick_up_the_ketchup_and_place_it_in_the_basket_s0_seed1_W30_random,,NON_CLEAN_OR_ATTACK,TIER_X_REJECTED,False,False,False,False,False,False,False,False,False,False
/data/liuyu/outputs/phase_span_oracle_ablation_longrun_20260524_retry02/runs/canary_libero10_study_scene1_pick_up_the_book_and_place_it_in_the_back_compartment_of_the_caddy_s3_seed1_Wphase40_random,libero_10,NON_CLEAN_OR_ATTACK,TIER_X_REJECTED,False,False,False,False,False,False,False,False,False,False
/data/liuyu/outputs/phase_span_oracle_ablation_longrun_20260524_retry02/runs/canary_object_pick_up_the_orange_juice_and_place_it_in_the_basket_s7_seed1_Wphase40_cmdopen_neg075,,CONDITION_UNVERIFIED,TIER_X_REJECTED,False,False,False,False,False,False,False,False,False,False
/data/liuyu/outputs/phase_span_oracle_ablation_longrun_20260524_retry02/runs/canary_object_pick_up_the_ketchup_and_place_it_in_the_basket_s0_seed1_W10_random,,NON_CLEAN_OR_ATTACK,TIER_X_REJECTED,False,False,False,False,False,False,False,False,False,False
/data/liuyu/outputs/v2_butter_s11_canary,,CONDITION_UNVERIFIED,TIER_X_REJECTED,False,False,False,False,False,False,False,False,False,False
/data/liuyu/outputs/milestone_2h_sustained_proxy_natural_micro_20260530/runs/libero_object/nat_ketchup_sus30_ketchup_s0,,CONDITION_UNVERIFIED,TIER_X_REJECTED,False,False,False,False,False,False,False,False,False,False
/data/liuyu/outputs/milestone_2h_sustained_proxy_natural_micro_20260530/runs/libero_object/nat_cream_sus60_cream_cheese_s0,,CONDITION_UNVERIFIED,TIER_X_REJECTED,False,False,False,False,False,False,False,False,False,False
/data/liuyu/outputs/milestone_2h_sustained_proxy_natural_micro_20260530/runs/libero_object/nat_tom_sus30_tomato_sauce_s0,,CONDITION_UNVERIFIED,TIER_X_REJECTED,False,False,False,False,False,False,False,False,False,False
/data/liuyu/outputs/milestone_2h_sustained_proxy_natural_micro_20260530/runs/libero_object/nat_cream_sus30_cream_cheese_s0,,CONDITION_UNVERIFIED,TIER_X_REJECTED,False,False,False,False,False,False,False,False,False,False
/data/liuyu/outputs/milestone_2h_sustained_proxy_natural_micro_20260530/runs/libero_object/nat_tom_oracle_open_tomato_sauce_s0,,CONDITION_UNVERIFIED,TIER_X_REJECTED,False,False,False,False,False,False,False,False,False,False
/data/liuyu/outputs/milestone_2h_sustained_proxy_natural_micro_20260530/runs/libero_object/nat_cream_oracle_open_cream_cheese_s0,,CONDITION_UNVERIFIED,TIER_X_REJECTED,False,False,False,False,False,False,False,False,False,False
/data/liuyu/outputs/milestone_2h_sustained_proxy_natural_micro_20260530/runs/libero_object/nat_ketchup_oracle_open_ketchup_s0,,CONDITION_UNVERIFIED,TIER_X_REJECTED,False,False,False,False,False,False,False,False,False,False
/data/liuyu/outputs/milestone_2h_sustained_proxy_natural_micro_20260530/runs/libero_object/nat_cream_clean_cream_cheese_s0,,CLEAN,TIER_X_REJECTED,False,False,False,False,False,False,False,False,False,False
/data/liuyu/outputs/milestone_2h_sustained_proxy_natural_micro_20260530/runs/libero_object/nat_ketchup_clean_ketchup_s0,,CLEAN,TIER_X_REJECTED,False,False,False,False,False,False,False,False,False,False
/data/liuyu/outputs/milestone_2h_sustained_proxy_natural_micro_20260530/runs/libero_object/nat_tom_clean_tomato_sauce_s0,,CLEAN,TIER_X_REJECTED,False,False,False,False,False,False,False,False,False,False
/data/liuyu/outputs/milestone_2h_sustained_proxy_natural_micro_20260530/runs/libero_object/nat_ketchup_sus60_ketchup_s0,,CONDITION_UNVERIFIED,TIER_X_REJECTED,False,False,False,False,False,False,False,False,False,False
/data/liuyu/outputs/milestone_2h_sustained_proxy_natural_micro_20260530/runs/libero_object/nat_tom_sus60_tomato_sauce_s0,,CONDITION_UNVERIFIED,TIER_X_REJECTED,False,False,False,False,False,False,False,False,False,False
/data/liuyu/outputs/moka_phase_gated_decomp_20260513/moka_decomp_s6_w780_787_random_unclamped,libero_10,NON_CLEAN_OR_ATTACK,TIER_X_REJECTED,False,False,False,False,False,False,False,False,False,False
/data/liuyu/outputs/moka_phase_gated_decomp_20260513/moka_egl_test_gpu7,libero_10,CONDITION_UNVERIFIED,TIER_X_REJECTED,False,False,False,False,False,False,False,False,False,False
/data/liuyu/outputs/moka_phase_gated_decomp_20260513/moka_pgd_s4_oracle_gripper_only_pg,libero_10,CONDITION_UNVERIFIED,TIER_X_REJECTED,False,False,False,False,False,False,False,False,False,False
/data/liuyu/outputs/moka_phase_gated_decomp_20260513/moka_decomp_s6_w780_787_oracle_gripper_only,libero_10,CONDITION_UNVERIFIED,TIER_X_REJECTED,False,False,False,False,False,False,False,False,False,False
/data/liuyu/outputs/moka_phase_gated_decomp_20260513/moka_egl_test_gpu6,libero_10,CONDITION_UNVERIFIED,TIER_X_REJECTED,False,False,False,False,False,False,False,False,False,False
/data/liuyu/outputs/moka_phase_gated_decomp_20260513/moka_decomp_s6_w780_787_random_unclamped_w780_787,libero_10,NON_CLEAN_OR_ATTACK,TIER_X_REJECTED,False,False,False,False,False,False,False,False,False,False
/data/liuyu/outputs/moka_phase_gated_decomp_20260513/moka_decomp_s6_w780_787_oracle_gripper_only_w780_787,libero_10,CONDITION_UNVERIFIED,TIER_X_REJECTED,False,False,False,False,False,False,False,False,False,False
/data/liuyu/outputs/d4_3a_canary_eecd0f8_r2/tomato_sauce_s6_reference_attempt1,,CONDITION_UNVERIFIED,TIER_X_REJECTED,False,False,False,False,False,False,False,False,False,False
/data/liuyu/outputs/d4_3a_canary_eecd0f8_r2/bbq_sauce_s36_reference_attempt1,,CONDITION_UNVERIFIED,TIER_X_REJECTED,False,False,False,False,False,False,False,False,False,False
/data/liuyu/outputs/d4_smoke_gpu57_renderonly/milk_s23_shadow_attempt1,,CONDITION_UNVERIFIED,TIER_X_REJECTED,False,False,False,False,False,False,False,False,False,False
/data/liuyu/outputs/d4_3b_panel_d2e2a0a_r2/bbq_sauce_s31_reference_attempt1,,CONDITION_UNVERIFIED,TIER_X_REJECTED,False,False,False,False,False,False,False,False,False,False
/data/liuyu/outputs/d4_3b_panel_d2e2a0a_r2/alphabet_soup_s34_reference_attempt1,,CONDITION_UNVERIFIED,TIER_X_REJECTED,False,False,False,False,False,False,False,False,False,False
/data/liuyu/outputs/d4_3b_panel_d2e2a0a_r2/alphabet_soup_s34_shadow_attempt1,,CONDITION_UNVERIFIED,TIER_X_REJECTED,False,False,False,False,False,False,False,False,False,False
/data/liuyu/outputs/libero_full4_clean_official_aligned_eager_10states_20260525/runs/official_clean_libero_object_pick_up_the_milk_and_place_it_in_the_basket,,CLEAN,TIER_X_REJECTED,False,False,False,False,False,False,False,False,False,False
/data/liuyu/outputs/libero_full4_clean_official_aligned_eager_10states_20260525/runs/official_clean_libero_10_LIVING_ROOM_SCENE5_put_the_white_mug_on_the_left_plate_and_put_the_yellow_and_white_mug_on_the_right_plate,libero_10,CLEAN,TIER_X_REJECTED,False,False,False,False,False,False,False,False,False,False
/data/liuyu/outputs/libero_full4_clean_official_aligned_eager_10states_20260525/runs/official_clean_libero_goal_put_the_bowl_on_the_plate,libero_goal,CLEAN,TIER_X_REJECTED,False,False,False,False,False,False,False,False,False,False
/data/liuyu/outputs/libero_full4_clean_official_aligned_eager_10states_20260525/runs/official_clean_libero_spatial_pick_up_the_black_bowl_on_the_cookie_box_and_place_it_on_the_plate,libero_spatial,CLEAN,TIER_X_REJECTED,False,False,False,False,False,False,False,False,False,False
/data/liuyu/outputs/libero_full4_clean_official_aligned_eager_10states_20260525/runs/official_clean_libero_10_LIVING_ROOM_SCENE6_put_the_white_mug_on_the_plate_and_put_the_chocolate_pudding_to_the_right_of_the_plate,libero_10,CLEAN,TIER_X_REJECTED,False,False,False,False,False,False,False,False,False,False
/data/liuyu/outputs/libero_full4_clean_official_aligned_eager_10states_20260525/runs/official_clean_libero_10_LIVING_ROOM_SCENE2_put_both_the_cream_cheese_box_and_the_butter_in_the_basket,libero_10,CLEAN,TIER_X_REJECTED,False,False,False,False,False,False,False,False,False,False
/data/liuyu/outputs/libero_full4_clean_official_aligned_eager_10states_20260525/runs/official_clean_libero_goal_open_the_middle_drawer_of_the_cabinet,libero_goal,CLEAN,TIER_X_REJECTED,False,False,False,False,False,False,False,False,False,False
/data/liuyu/outputs/libero_full4_clean_official_aligned_eager_10states_20260525/runs/official_clean_libero_object_pick_up_the_bbq_sauce_and_place_it_in_the_basket,,CLEAN,TIER_X_REJECTED,False,False,False,False,False,False,False,False,False,False
/data/liuyu/outputs/libero_full4_clean_official_aligned_eager_10states_20260525/runs/official_clean_libero_10_STUDY_SCENE1_pick_up_the_book_and_place_it_in_the_back_compartment_of_the_caddy,libero_10,CLEAN,TIER_X_REJECTED,False,False,False,False,False,False,False,False,False,False
/data/liuyu/outputs/libero_full4_clean_official_aligned_eager_10states_20260525/runs/official_clean_libero_goal_put_the_cream_cheese_in_the_bowl,libero_goal,CLEAN,TIER_X_REJECTED,False,False,False,False,False,False,False,False,False,False
/data/liuyu/outputs/libero_full4_clean_official_aligned_eager_10states_20260525/runs/official_clean_libero_spatial_pick_up_the_black_bowl_next_to_the_plate_and_place_it_on_the_plate,libero_spatial,CLEAN,TIER_X_REJECTED,False,False,False,False,False,False,False,False,False,False
/data/liuyu/outputs/libero_full4_clean_official_aligned_eager_10states_20260525/runs/official_clean_libero_spatial_pick_up_the_black_bowl_on_the_stove_and_place_it_on_the_plate,libero_spatial,CLEAN,TIER_X_REJECTED,False,False,False,False,False,False,False,False,False,False
/data/liuyu/outputs/libero_full4_clean_official_aligned_eager_10states_20260525/runs/official_clean_libero_goal_put_the_bowl_on_top_of_the_cabinet,libero_goal,CLEAN,TIER_X_REJECTED,False,False,False,False,False,False,False,False,False,False
/data/liuyu/outputs/libero_full4_clean_official_aligned_eager_10states_20260525/runs/official_clean_libero_goal_turn_on_the_stove,libero_goal,CLEAN,TIER_X_REJECTED,False,False,False,False,False,False,False,False,False,False
/data/liuyu/outputs/libero_full4_clean_official_aligned_eager_10states_20260525/runs/official_clean_libero_10_LIVING_ROOM_SCENE1_put_both_the_alphabet_soup_and_the_cream_cheese_box_in_the_basket,libero_10,CLEAN,TIER_X_REJECTED,False,False,False,False,False,False,False,False,False,False
/data/liuyu/outputs/libero_full4_clean_official_aligned_eager_10states_20260525/runs/official_clean_libero_10_KITCHEN_SCENE3_turn_on_the_stove_and_put_the_moka_pot_on_it,libero_10,CLEAN,TIER_X_REJECTED,False,False,False,False,False,False,False,False,False,False
/data/liuyu/outputs/libero_full4_clean_official_aligned_eager_10states_20260525/runs/official_clean_libero_spatial_pick_up_the_black_bowl_on_the_ramekin_and_place_it_on_the_plate,libero_spatial,CLEAN,TIER_X_REJECTED,False,False,False,False,False,False,False,False,False,False
/data/liuyu/outputs/libero_full4_clean_official_aligned_eager_10states_20260525/runs/official_clean_libero_spatial_pick_up_the_black_bowl_from_table_center_and_place_it_on_the_plate,libero_spatial,CLEAN,TIER_X_REJECTED,False,False,False,False,False,False,False,False,False,False
/data/liuyu/outputs/libero_full4_clean_official_aligned_eager_10states_20260525/runs/official_clean_libero_10_KITCHEN_SCENE4_put_the_black_bowl_in_the_bottom_drawer_of_the_cabinet_and_close_it,libero_10,CLEAN,TIER_X_REJECTED,False,False,False,False,False,False,False,False,False,False
/data/liuyu/outputs/libero_full4_clean_official_aligned_eager_10states_20260525/runs/official_clean_libero_object_pick_up_the_ketchup_and_place_it_in_the_basket,,CLEAN,TIER_X_REJECTED,False,False,False,False,False,False,False,False,False,False
/data/liuyu/outputs/libero_full4_clean_official_aligned_eager_10states_20260525/runs/official_clean_libero_spatial_pick_up_the_black_bowl_next_to_the_cookie_box_and_place_it_on_the_plate,libero_spatial,CLEAN,TIER_X_REJECTED,False,False,False,False,False,False,False,False,False,False
/data/liuyu/outputs/libero_full4_clean_official_aligned_eager_10states_20260525/runs/official_clean_libero_goal_put_the_wine_bottle_on_top_of_the_cabinet,libero_goal,CLEAN,TIER_X_REJECTED,False,False,False,False,False,False,False,False,False,False
/data/liuyu/outputs/libero_full4_clean_official_aligned_eager_10states_20260525/runs/official_clean_libero_spatial_pick_up_the_black_bowl_in_the_top_drawer_of_the_wooden_cabinet_and_place_it_on_the_plate,libero_spatial,CLEAN,TIER_X_REJECTED,False,False,False,False,False,False,False,False,False,False
/data/liuyu/outputs/libero_full4_clean_official_aligned_eager_10states_20260525/runs/official_clean_libero_goal_put_the_wine_bottle_on_the_rack,libero_goal,CLEAN,TIER_X_REJECTED,False,False,False,False,False,False,False,False,False,False
/data/liuyu/outputs/libero_full4_clean_official_aligned_eager_10states_20260525/runs/official_clean_libero_10_LIVING_ROOM_SCENE2_put_both_the_alphabet_soup_and_the_tomato_sauce_in_the_basket,libero_10,CLEAN,TIER_X_REJECTED,False,False,False,False,False,False,False,False,False,False
/data/liuyu/outputs/libero_full4_clean_official_aligned_eager_10states_20260525/runs/official_clean_libero_object_pick_up_the_chocolate_pudding_and_place_it_in_the_basket,,CLEAN,TIER_X_REJECTED,False,False,False,False,False,False,False,False,False,False
/data/liuyu/outputs/libero_full4_clean_official_aligned_eager_10states_20260525/runs/official_clean_libero_10_KITCHEN_SCENE8_put_both_moka_pots_on_the_stove,libero_10,CLEAN,TIER_X_REJECTED,False,False,False,False,False,False,False,False,False,False
/data/liuyu/outputs/libero_full4_clean_official_aligned_eager_10states_20260525/runs/official_clean_libero_object_pick_up_the_orange_juice_and_place_it_in_the_basket,,CLEAN,TIER_X_REJECTED,False,False,False,False,False,False,False,False,False,False
/data/liuyu/outputs/libero_full4_clean_official_aligned_eager_10states_20260525/runs/official_clean_libero_spatial_pick_up_the_black_bowl_next_to_the_ramekin_and_place_it_on_the_plate,libero_spatial,CLEAN,TIER_X_REJECTED,False,False,False,False,False,False,False,False,False,False
/data/liuyu/outputs/libero_full4_clean_official_aligned_eager_10states_20260525/runs/official_clean_libero_object_pick_up_the_salad_dressing_and_place_it_in_the_basket,,CLEAN,TIER_X_REJECTED,False,False,False,False,False,False,False,False,False,False
/data/liuyu/outputs/libero_full4_clean_official_aligned_eager_10states_20260525/runs/official_clean_libero_goal_open_the_top_drawer_and_put_the_bowl_inside,libero_goal,CLEAN,TIER_X_REJECTED,False,False,False,False,False,False,False,False,False,False
/data/liuyu/outputs/libero_full4_clean_official_aligned_eager_10states_20260525/runs/official_clean_libero_goal_push_the_plate_to_the_front_of_the_stove,libero_goal,CLEAN,TIER_X_REJECTED,False,False,False,False,False,False,False,False,False,False
/data/liuyu/outputs/libero_full4_clean_official_aligned_eager_10states_20260525/runs/official_clean_libero_spatial_pick_up_the_black_bowl_between_the_plate_and_the_ramekin_and_place_it_on_the_plate,libero_spatial,CLEAN,TIER_X_REJECTED,False,False,False,False,False,False,False,False,False,False
/data/liuyu/outputs/libero_full4_clean_official_aligned_eager_10states_20260525/runs/official_clean_libero_spatial_pick_up_the_black_bowl_on_the_wooden_cabinet_and_place_it_on_the_plate,libero_spatial,CLEAN,TIER_X_REJECTED,False,False,False,False,False,False,False,False,False,False
/data/liuyu/outputs/libero_full4_clean_official_aligned_eager_10states_20260525/runs/official_clean_libero_goal_put_the_bowl_on_the_stove,libero_goal,CLEAN,TIER_X_REJECTED,False,False,False,False,False,False,False,False,False,False
/data/liuyu/outputs/libero_full4_clean_official_aligned_eager_10states_20260525/runs/official_clean_libero_object_pick_up_the_tomato_sauce_and_place_it_in_the_basket,,CLEAN,TIER_X_REJECTED,False,False,False,False,False,False,False,False,False,False
/data/liuyu/outputs/libero_full4_clean_official_aligned_eager_10states_20260525/runs/official_clean_libero_10_KITCHEN_SCENE6_put_the_yellow_and_white_mug_in_the_microwave_and_close_it,libero_10,CLEAN,TIER_X_REJECTED,False,False,False,False,False,False,False,False,False,False
/data/liuyu/outputs/libero_full4_clean_official_aligned_eager_10states_20260525/runs/official_clean_libero_object_pick_up_the_butter_and_place_it_in_the_basket,,CLEAN,TIER_X_REJECTED,False,False,False,False,False,False,False,False,False,False
/data/liuyu/outputs/libero_full4_clean_official_aligned_eager_10states_20260525/runs/official_clean_libero_object_pick_up_the_cream_cheese_and_place_it_in_the_basket,,CLEAN,TIER_X_REJECTED,False,False,False,False,False,False,False,False,False,False
/data/liuyu/outputs/libero_full4_clean_official_aligned_eager_10states_20260525/runs/official_clean_libero_object_pick_up_the_alphabet_soup_and_place_it_in_the_basket,,CLEAN,TIER_X_REJECTED,False,False,False,False,False,False,False,False,False,False
/data/liuyu/outputs/libero_full4_clean_official_aligned_eager_10states_20260525/retry_runs/official_retry2_libero_object_pick_up_the_bbq_sauce_and_place_it_in_the_basket,,CLEAN,TIER_X_REJECTED,False,False,False,False,False,False,False,False,False,False
/data/liuyu/outputs/libero_full4_clean_official_aligned_eager_10states_20260525/retry_runs/official_retry1_libero_spatial_pick_up_the_black_bowl_on_the_cookie_box_and_place_it_on_the_plate,libero_spatial,CLEAN,TIER_X_REJECTED,False,False,False,False,False,False,False,False,False,False
/data/liuyu/outputs/libero_full4_clean_official_aligned_eager_10states_20260525/retry_runs/official_retry3_libero_object_pick_up_the_ketchup_and_place_it_in_the_basket,,CLEAN,TIER_X_REJECTED,False,False,False,False,False,False,False,False,False,False
/data/liuyu/outputs/g4r1_preflight/alphabet_soup_s2_reference_attempt1,,CONDITION_UNVERIFIED,TIER_X_REJECTED,False,False,False,False,False,False,False,False,False,False
/data/liuyu/outputs/g4r1_preflight/alphabet_soup_s2_shadow_attempt1,,CONDITION_UNVERIFIED,TIER_X_REJECTED,False,False,False,False,False,False,False,False,False,False
/data/liuyu/outputs/repro_black_bowl_retry_20260511/vis_guard_retry_state7_seed1,libero_spatial,NON_CLEAN_OR_ATTACK,TIER_X_REJECTED,False,False,False,False,False,False,False,False,False,False
/data/liuyu/outputs/repro_black_bowl_retry_20260511/diag_oracle_guard_state7_seed1,libero_spatial,CONDITION_UNVERIFIED,TIER_X_REJECTED,False,False,False,False,False,False,False,False,False,False
/data/liuyu/outputs/repro_black_bowl_retry_20260511/oracle_guard_retry_state7_seed1,libero_spatial,CONDITION_UNVERIFIED,TIER_X_REJECTED,False,False,False,False,False,False,False,False,False,False
/data/liuyu/outputs/repro_black_bowl_retry_20260511/zero_margin_guard_retry_state7_seed3,libero_spatial,CONDITION_UNVERIFIED,TIER_X_REJECTED,False,False,False,False,False,False,False,False,False,False
/data/liuyu/outputs/repro_black_bowl_retry_20260511/zero_margin_guard_retry_state7_seed2,libero_spatial,CONDITION_UNVERIFIED,TIER_X_REJECTED,False,False,False,False,False,False,False,False,False,False
/data/liuyu/outputs/repro_black_bowl_retry_20260511/oracle_guard_retry_state7_seed2,libero_spatial,CONDITION_UNVERIFIED,TIER_X_REJECTED,False,False,False,False,False,False,False,False,False,False
/data/liuyu/outputs/repro_black_bowl_retry_20260511/vis_guard_retry_state7_seed2,libero_spatial,NON_CLEAN_OR_ATTACK,TIER_X_REJECTED,False,False,False,False,False,False,False,False,False,False
/data/liuyu/outputs/repro_black_bowl_retry_20260511/diag_vis_guard_state7_seed1,libero_spatial,NON_CLEAN_OR_ATTACK,TIER_X_REJECTED,False,False,False,False,False,False,False,False,False,False
/data/liuyu/outputs/repro_black_bowl_retry_20260511/zero_margin_guard_retry_state7_seed1,libero_spatial,CONDITION_UNVERIFIED,TIER_X_REJECTED,False,False,False,False,False,False,False,False,False,False
/data/liuyu/outputs/repro_black_bowl_retry_20260511/vis_guard_retry_state7_seed4,libero_spatial,NON_CLEAN_OR_ATTACK,TIER_X_REJECTED,False,False,False,False,False,False,False,False,False,False
/data/liuyu/outputs/repro_black_bowl_retry_20260511/zero_margin_guard_retry_state7_seed5,libero_spatial,CONDITION_UNVERIFIED,TIER_X_REJECTED,False,False,False,False,False,False,False,False,False,False
/data/liuyu/outputs/repro_black_bowl_retry_20260511/zero_margin_guard_retry_state7_seed4,libero_spatial,CONDITION_UNVERIFIED,TIER_X_REJECTED,False,False,False,False,False,False,False,False,False,False
/data/liuyu/outputs/repro_black_bowl_retry_20260511/vis_guard_retry_state7_seed3,libero_spatial,NON_CLEAN_OR_ATTACK,TIER_X_REJECTED,False,False,False,False,False,False,False,False,False,False
/data/liuyu/outputs/repro_black_bowl_retry_20260511/vis_guard_retry_state7_seed5,libero_spatial,NON_CLEAN_OR_ATTACK,TIER_X_REJECTED,False,False,False,False,False,False,False,False,False,False
/data/liuyu/outputs/d4_3b_panel_9894493_parallel_r1/tomato_sauce_s5_reference_attempt1,,CONDITION_UNVERIFIED,TIER_X_REJECTED,False,False,False,False,False,False,False,False,False,False
/data/liuyu/outputs/d4_3b_panel_9894493_parallel_r1/chocolate_pudding_s15_reference_attempt1,,CONDITION_UNVERIFIED,TIER_X_REJECTED,False,False,False,False,False,False,False,False,False,False
/data/liuyu/outputs/d4_3b_panel_9894493_parallel_r1/bbq_sauce_s48_shadow_attempt1,,CONDITION_UNVERIFIED,TIER_X_REJECTED,False,False,False,False,False,False,False,False,False,False
/data/liuyu/outputs/d4_3b_panel_9894493_parallel_r1/cream_cheese_s12_shadow_attempt1,,CONDITION_UNVERIFIED,TIER_X_REJECTED,False,False,False,False,False,False,False,False,False,False
/data/liuyu/outputs/d4_3b_panel_9894493_parallel_r1/salad_dressing_s18_reference_attempt1,,CONDITION_UNVERIFIED,TIER_X_REJECTED,False,False,False,False,False,False,False,False,False,False
/data/liuyu/outputs/d4_3b_panel_9894493_parallel_r1/tomato_sauce_s16_reference_attempt1,,CONDITION_UNVERIFIED,TIER_X_REJECTED,False,False,False,False,False,False,False,False,False,False
/data/liuyu/outputs/d4_3b_panel_9894493_parallel_r1/milk_s18_reference_attempt1,,CONDITION_UNVERIFIED,TIER_X_REJECTED,False,False,False,False,False,False,False,False,False,False
/data/liuyu/outputs/d4_3b_panel_9894493_parallel_r1/tomato_sauce_s8_reference_attempt1,,CONDITION_UNVERIFIED,TIER_X_REJECTED,False,False,False,False,False,False,False,False,False,False
/data/liuyu/outputs/d4_3b_panel_9894493_parallel_r1/milk_s0_shadow_attempt1,,CONDITION_UNVERIFIED,TIER_X_REJECTED,False,False,False,False,False,False,False,False,False,False
/data/liuyu/outputs/d4_3b_panel_9894493_parallel_r1/butter_s31_shadow_attempt1,,CONDITION_UNVERIFIED,TIER_X_REJECTED,False,False,False,False,False,False,False,False,False,False
/data/liuyu/outputs/d4_3b_panel_9894493_parallel_r1/chocolate_pudding_s7_reference_attempt1,,CONDITION_UNVERIFIED,TIER_X_REJECTED,False,False,False,False,False,False,False,False,False,False
/data/liuyu/outputs/d4_3b_panel_9894493_parallel_r1/orange_juice_s15_reference_attempt1,,CONDITION_UNVERIFIED,TIER_X_REJECTED,False,False,False,False,False,False,False,False,False,False
/data/liuyu/outputs/d4_3b_panel_9894493_parallel_r1/bbq_sauce_s31_reference_attempt1,,CONDITION_UNVERIFIED,TIER_X_REJECTED,False,False,False,False,False,False,False,False,False,False
/data/liuyu/outputs/d4_3b_panel_9894493_parallel_r1/alphabet_soup_s7_reference_attempt1,,CONDITION_UNVERIFIED,TIER_X_REJECTED,False,False,False,False,False,False,False,False,False,False
/data/liuyu/outputs/d4_3b_panel_9894493_parallel_r1/tomato_sauce_s8_shadow_attempt1,,CONDITION_UNVERIFIED,TIER_X_REJECTED,False,False,False,False,False,False,False,False,False,False
/data/liuyu/outputs/d4_3b_panel_9894493_parallel_r1/butter_s31_reference_attempt1,,CONDITION_UNVERIFIED,TIER_X_REJECTED,False,False,False,False,False,False,False,False,False,False
/data/liuyu/outputs/d4_3b_panel_9894493_parallel_r1/cream_cheese_s17_reference_attempt1,,CONDITION_UNVERIFIED,TIER_X_REJECTED,False,False,False,False,False,False,False,False,False,False
/data/liuyu/outputs/d4_3b_panel_9894493_parallel_r1/bbq_sauce_s48_reference_attempt1,,CONDITION_UNVERIFIED,TIER_X_REJECTED,False,False,False,False,False,False,False,False,False,False
/data/liuyu/outputs/d4_3b_panel_9894493_parallel_r1/salad_dressing_s9_shadow_attempt1,,CONDITION_UNVERIFIED,TIER_X_REJECTED,False,False,False,False,False,False,False,False,False,False
/data/liuyu/outputs/d4_3b_panel_9894493_parallel_r1/bbq_sauce_s2_reference_attempt1,,CONDITION_UNVERIFIED,TIER_X_REJECTED,False,False,False,False,False,False,False,False,False,False
/data/liuyu/outputs/d4_3b_panel_9894493_parallel_r1/butter_s49_reference_attempt1,,CONDITION_UNVERIFIED,TIER_X_REJECTED,False,False,False,False,False,False,False,False,False,False
/data/liuyu/outputs/d4_3b_panel_9894493_parallel_r1/alphabet_soup_s34_reference_attempt1,,CONDITION_UNVERIFIED,TIER_X_REJECTED,False,False,False,False,False,False,False,False,False,False
/data/liuyu/outputs/d4_3b_panel_9894493_parallel_r1/ketchup_s8_shadow_attempt1,,CONDITION_UNVERIFIED,TIER_X_REJECTED,False,False,False,False,False,False,False,False,False,False
/data/liuyu/outputs/d4_3b_panel_9894493_parallel_r1/milk_s18_shadow_attempt1,,CONDITION_UNVERIFIED,TIER_X_REJECTED,False,False,False,False,False,False,False,False,False,False
/data/liuyu/outputs/d4_3b_panel_9894493_parallel_r1/ketchup_s16_shadow_attempt1,,CONDITION_UNVERIFIED,TIER_X_REJECTED,False,False,False,False,False,False,False,False,False,False
/data/liuyu/outputs/d4_3b_panel_9894493_parallel_r1/bbq_sauce_s31_shadow_attempt1,,CONDITION_UNVERIFIED,TIER_X_REJECTED,False,False,False,False,False,False,False,False,False,False
/data/liuyu/outputs/d4_3b_panel_9894493_parallel_r1/butter_s9_shadow_attempt1,,CONDITION_UNVERIFIED,TIER_X_REJECTED,False,False,False,False,False,False,False,False,False,False
/data/liuyu/outputs/d4_3b_panel_9894493_parallel_r1/cream_cheese_s12_reference_attempt1,,CONDITION_UNVERIFIED,TIER_X_REJECTED,False,False,False,False,False,False,False,False,False,False
/data/liuyu/outputs/d4_3b_panel_9894493_parallel_r1/orange_juice_s15_shadow_attempt1,,CONDITION_UNVERIFIED,TIER_X_REJECTED,False,False,False,False,False,False,False,False,False,False
/data/liuyu/outputs/d4_3b_panel_9894493_parallel_r1/salad_dressing_s18_shadow_attempt1,,CONDITION_UNVERIFIED,TIER_X_REJECTED,False,False,False,False,False,False,False,False,False,False
/data/liuyu/outputs/d4_3b_panel_9894493_parallel_r1/salad_dressing_s9_reference_attempt1,,CONDITION_UNVERIFIED,TIER_X_REJECTED,False,False,False,False,False,False,False,False,False,False
/data/liuyu/outputs/d4_3b_panel_9894493_parallel_r1/alphabet_soup_s34_shadow_attempt1,,CONDITION_UNVERIFIED,TIER_X_REJECTED,False,False,False,False,False,False,False,False,False,False
/data/liuyu/outputs/d4_3b_panel_9894493_parallel_r1/tomato_sauce_s5_shadow_attempt1,,CONDITION_UNVERIFIED,TIER_X_REJECTED,False,False,False,False,False,False,False,False,False,False
/data/liuyu/outputs/d4_3b_panel_9894493_parallel_r1/cream_cheese_s30_shadow_attempt1,,CONDITION_UNVERIFIED,TIER_X_REJECTED,False,False,False,False,False,False,False,False,False,False
/data/liuyu/outputs/d4_3b_panel_9894493_parallel_r1/chocolate_pudding_s7_shadow_attempt1,,CONDITION_UNVERIFIED,TIER_X_REJECTED,False,False,False,False,False,False,False,False,False,False
/data/liuyu/outputs/d4_3b_panel_9894493_parallel_r1/bbq_sauce_s2_shadow_attempt1,,CONDITION_UNVERIFIED,TIER_X_REJECTED,False,False,False,False,False,False,False,False,False,False
/data/liuyu/outputs/d4_3b_panel_9894493_parallel_r1/alphabet_soup_s7_shadow_attempt1,,CONDITION_UNVERIFIED,TIER_X_REJECTED,False,False,False,False,False,False,False,False,False,False
/data/liuyu/outputs/d4_3b_panel_9894493_parallel_r1/salad_dressing_s12_reference_attempt1,,CONDITION_UNVERIFIED,TIER_X_REJECTED,False,False,False,False,False,False,False,False,False,False
/data/liuyu/outputs/d4_3b_panel_9894493_parallel_r1/alphabet_soup_s11_reference_attempt1,,CONDITION_UNVERIFIED,TIER_X_REJECTED,False,False,False,False,False,False,False,False,False,False
/data/liuyu/outputs/d4_3b_panel_9894493_parallel_r1/butter_s49_shadow_attempt1,,CONDITION_UNVERIFIED,TIER_X_REJECTED,False,False,False,False,False,False,False,False,False,False
/data/liuyu/outputs/d4_3b_panel_9894493_parallel_r1/milk_s0_reference_attempt1,,CONDITION_UNVERIFIED,TIER_X_REJECTED,False,False,False,False,False,False,False,False,False,False
/data/liuyu/outputs/d4_3b_panel_9894493_parallel_r1/chocolate_pudding_s27_reference_attempt1,,CONDITION_UNVERIFIED,TIER_X_REJECTED,False,False,False,False,False,False,False,False,False,False
/data/liuyu/outputs/d4_3b_panel_9894493_parallel_r1/salad_dressing_s12_shadow_attempt1,,CONDITION_UNVERIFIED,TIER_X_REJECTED,False,False,False,False,False,False,False,False,False,False
/data/liuyu/outputs/d4_3b_panel_9894493_parallel_r1/ketchup_s8_reference_attempt1,,CONDITION_UNVERIFIED,TIER_X_REJECTED,False,False,False,False,False,False,False,False,False,False
/data/liuyu/outputs/d4_3b_panel_9894493_parallel_r1/butter_s9_reference_attempt1,,CONDITION_UNVERIFIED,TIER_X_REJECTED,False,False,False,False,False,False,False,False,False,False
/data/liuyu/outputs/d4_3b_panel_9894493_parallel_r1/tomato_sauce_s16_shadow_attempt1,,CONDITION_UNVERIFIED,TIER_X_REJECTED,False,False,False,False,False,False,False,False,False,False
/data/liuyu/outputs/d4_3b_panel_9894493_parallel_r1/orange_juice_s17_shadow_attempt1,,CONDITION_UNVERIFIED,TIER_X_REJECTED,False,False,False,False,False,False,False,False,False,False
/data/liuyu/outputs/d4_3b_panel_9894493_parallel_r1/milk_s1_reference_attempt1,,CONDITION_UNVERIFIED,TIER_X_REJECTED,False,False,False,False,False,False,False,False,False,False
/data/liuyu/outputs/d4_3b_panel_9894493_parallel_r1/ketchup_s16_reference_attempt1,,CONDITION_UNVERIFIED,TIER_X_REJECTED,False,False,False,False,False,False,False,False,False,False
/data/liuyu/outputs/d4_3b_panel_9894493_parallel_r1/ketchup_s29_reference_attempt1,,CONDITION_UNVERIFIED,TIER_X_REJECTED,False,False,False,False,False,False,False,False,False,False
/data/liuyu/outputs/d4_3b_panel_9894493_parallel_r1/chocolate_pudding_s15_shadow_attempt1,,CONDITION_UNVERIFIED,TIER_X_REJECTED,False,False,False,False,False,False,False,False,False,False
/data/liuyu/outputs/d4_3b_panel_9894493_parallel_r1/orange_juice_s48_reference_attempt1,,CONDITION_UNVERIFIED,TIER_X_REJECTED,False,False,False,False,False,False,False,False,False,False
/data/liuyu/outputs/d4_3b_panel_9894493_parallel_r1/ketchup_s29_shadow_attempt1,,CONDITION_UNVERIFIED,TIER_X_REJECTED,False,False,False,False,False,False,False,False,False,False
/data/liuyu/outputs/d4_3b_panel_9894493_parallel_r1/orange_juice_s48_shadow_attempt1,,CONDITION_UNVERIFIED,TIER_X_REJECTED,False,False,False,False,False,False,False,False,False,False
/data/liuyu/outputs/d4_3b_panel_9894493_parallel_r1/cream_cheese_s30_reference_attempt1,,CONDITION_UNVERIFIED,TIER_X_REJECTED,False,False,False,False,False,False,False,False,False,False
/data/liuyu/outputs/d4_3b_panel_9894493_parallel_r1/chocolate_pudding_s27_shadow_attempt1,,CONDITION_UNVERIFIED,TIER_X_REJECTED,False,False,False,False,False,False,False,False,False,False
/data/liuyu/outputs/d4_3b_panel_9894493_parallel_r1/milk_s1_shadow_attempt1,,CONDITION_UNVERIFIED,TIER_X_REJECTED,False,False,False,False,False,False,False,False,False,False
/data/liuyu/outputs/d4_3b_panel_9894493_parallel_r1/orange_juice_s17_reference_attempt1,,CONDITION_UNVERIFIED,TIER_X_REJECTED,False,False,False,False,False,False,False,False,False,False
/data/liuyu/outputs/d4_3b_panel_9894493_parallel_r1/cream_cheese_s17_shadow_attempt1,,CONDITION_UNVERIFIED,TIER_X_REJECTED,False,False,False,False,False,False,False,False,False,False
/data/liuyu/outputs/d4_3b_panel_9894493_parallel_r1/alphabet_soup_s11_shadow_attempt1,,CONDITION_UNVERIFIED,TIER_X_REJECTED,False,False,False,False,False,False,False,False,False,False
/data/liuyu/outputs/vis_payload_upgrade_contact_frames_20260601/runs/libero_object/vis_payload_clean_contact_ketchup_s0,,CLEAN,TIER_X_REJECTED,False,False,False,False,False,False,False,False,False,False
/data/liuyu/outputs/vis_payload_upgrade_contact_frames_20260601/runs/libero_object/vis_payload_clean_contact_bbq_sauce_s0,,CLEAN,TIER_X_REJECTED,False,False,False,False,False,False,False,False,False,False
/data/liuyu/outputs/vis_payload_upgrade_contact_frames_20260601/runs/libero_object/vis_payload_clean_contact_tomato_sauce_s0,,CLEAN,TIER_X_REJECTED,False,False,False,False,False,False,False,False,False,False
/data/liuyu/outputs/vis_payload_upgrade_contact_frames_20260601/runs/libero_object/vis_payload_clean_contact_salad_dressing_s0,,CLEAN,TIER_X_REJECTED,False,False,False,False,False,False,False,False,False,False
/data/liuyu/outputs/vis_payload_upgrade_contact_frames_20260601/runs/libero_object/vis_payload_clean_contact_cream_cheese_s0,,CLEAN,TIER_X_REJECTED,False,False,False,False,False,False,False,False,False,False
/data/liuyu/outputs/d4_smoke_off/milk_s23_shadow_attempt1,,CONDITION_UNVERIFIED,TIER_X_REJECTED,False,False,False,False,False,False,False,False,False,False
/data/liuyu/outputs/d4_smoke_off/bbq_sauce_s36_shadow_attempt1,,CONDITION_UNVERIFIED,TIER_X_REJECTED,False,False,False,False,False,False,False,False,False,False
/data/liuyu/outputs/l12_timing_panel_v2/tomato_sauce_s23_shadow_attempt1,,CONDITION_UNVERIFIED,TIER_X_REJECTED,False,False,False,False,False,False,False,False,False,False
/data/liuyu/outputs/l12_timing_panel_v2/alphabet_soup_s2_reference_attempt1,,CONDITION_UNVERIFIED,TIER_X_REJECTED,False,False,False,False,False,False,False,False,False,False
/data/liuyu/outputs/l12_timing_panel_v2/bbq_sauce_s27_shadow_attempt1,,CONDITION_UNVERIFIED,TIER_X_REJECTED,False,False,False,False,False,False,False,False,False,False
/data/liuyu/outputs/l12_timing_panel_v2/milk_s7_shadow_attempt1,,CONDITION_UNVERIFIED,TIER_X_REJECTED,False,False,False,False,False,False,False,False,False,False
/data/liuyu/outputs/l12_timing_panel_v2/salad_dressing_s24_shadow_attempt1,,CONDITION_UNVERIFIED,TIER_X_REJECTED,False,False,False,False,False,False,False,False,False,False
/data/liuyu/outputs/l12_timing_panel_v2/salad_dressing_s45_shadow_attempt1,,CONDITION_UNVERIFIED,TIER_X_REJECTED,False,False,False,False,False,False,False,False,False,False
/data/liuyu/outputs/l12_timing_panel_v2/tomato_sauce_s23_shadow_attempt2,,CONDITION_UNVERIFIED,TIER_X_REJECTED,False,False,False,False,False,False,False,False,False,False
/data/liuyu/outputs/l12_timing_panel_v2/cream_cheese_s20_shadow_attempt1,,CONDITION_UNVERIFIED,TIER_X_REJECTED,False,False,False,False,False,False,False,False,False,False
/data/liuyu/outputs/l12_timing_panel_v2/orange_juice_s29_shadow_attempt1,,CONDITION_UNVERIFIED,TIER_X_REJECTED,False,False,False,False,False,False,False,False,False,False
/data/liuyu/outputs/l12_timing_panel_v2/bbq_sauce_s40_shadow_attempt1,,CONDITION_UNVERIFIED,TIER_X_REJECTED,False,False,False,False,False,False,False,False,False,False
/data/liuyu/outputs/l12_timing_panel_v2/butter_s11_shadow_attempt2,,CONDITION_UNVERIFIED,TIER_X_REJECTED,False,False,False,False,False,False,False,False,False,False
/data/liuyu/outputs/l12_timing_panel_v2/ketchup_s18_shadow_attempt1,,CONDITION_UNVERIFIED,TIER_X_REJECTED,False,False,False,False,False,False,False,False,False,False
/data/liuyu/outputs/l12_timing_panel_v2/salad_dressing_s11_shadow_attempt2,,CONDITION_UNVERIFIED,TIER_X_REJECTED,False,False,False,False,False,False,False,False,False,False
/data/liuyu/outputs/l12_timing_panel_v2/alphabet_soup_s2_shadow_attempt1,,CONDITION_UNVERIFIED,TIER_X_REJECTED,False,False,False,False,False,False,False,False,False,False
/data/liuyu/outputs/l12_timing_panel_v2/salad_dressing_s11_shadow_attempt1,,CONDITION_UNVERIFIED,TIER_X_REJECTED,False,False,False,False,False,False,False,False,False,False
/data/liuyu/outputs/l12_timing_panel_v2/cream_cheese_s1_shadow_attempt1,,CONDITION_UNVERIFIED,TIER_X_REJECTED,False,False,False,False,False,False,False,False,False,False
/data/liuyu/outputs/l12_timing_panel_v2/ketchup_s34_shadow_attempt1,,CONDITION_UNVERIFIED,TIER_X_REJECTED,False,False,False,False,False,False,False,False,False,False
/data/liuyu/outputs/l12_timing_panel_v2/salad_dressing_s32_shadow_attempt1,,CONDITION_UNVERIFIED,TIER_X_REJECTED,False,False,False,False,False,False,False,False,False,False
/data/liuyu/outputs/l12_timing_panel_v2/butter_s11_shadow_attempt1,,CONDITION_UNVERIFIED,TIER_X_REJECTED,False,False,False,False,False,False,False,False,False,False
/data/liuyu/outputs/milestone_6_window_optimality_20260601/runs/libero_object/wv2_tomato_sauce_det_tomato_sauce_s0,,CONDITION_UNVERIFIED,TIER_X_REJECTED,False,False,False,False,False,False,False,False,False,False
/data/liuyu/outputs/milestone_6_window_optimality_20260601/runs/libero_object/wv2_cream_cheese_vearly26_cream_cheese_s0,,CONDITION_UNVERIFIED,TIER_X_REJECTED,False,False,False,False,False,False,False,False,False,False
/data/liuyu/outputs/milestone_6_window_optimality_20260601/runs/libero_object/wv2_salad_dressing_early26_salad_dressing_s0,,CONDITION_UNVERIFIED,TIER_X_REJECTED,False,False,False,False,False,False,False,False,False,False
/data/liuyu/outputs/milestone_6_window_optimality_20260601/runs/libero_object/win_kt_early_ketchup_s0,,CONDITION_UNVERIFIED,TIER_X_REJECTED,False,False,False,False,False,False,False,False,False,False
/data/liuyu/outputs/milestone_6_window_optimality_20260601/runs/libero_object/wv2_cream_cheese_det_cream_cheese_s0,,CONDITION_UNVERIFIED,TIER_X_REJECTED,False,False,False,False,False,False,False,False,False,False
/data/liuyu/outputs/milestone_6_window_optimality_20260601/runs/libero_object/win_ts_vearly_tomato_sauce_s0,,CONDITION_UNVERIFIED,TIER_X_REJECTED,False,False,False,False,False,False,False,False,False,False
/data/liuyu/outputs/milestone_6_window_optimality_20260601/runs/libero_object/win_cc_det_cream_cheese_s0,,CONDITION_UNVERIFIED,TIER_X_REJECTED,False,False,False,False,False,False,False,False,False,False
/data/liuyu/outputs/milestone_6_window_optimality_20260601/runs/libero_object/wv2_cream_cheese_late_cream_cheese_s0,,CONDITION_UNVERIFIED,TIER_X_REJECTED,False,False,False,False,False,False,False,False,False,False
/data/liuyu/outputs/milestone_6_window_optimality_20260601/runs/libero_object/win_ts_early_tomato_sauce_s0,,CONDITION_UNVERIFIED,TIER_X_REJECTED,False,False,False,False,False,False,False,False,False,False
/data/liuyu/outputs/milestone_6_window_optimality_20260601/runs/libero_object/win_ts_det_tomato_sauce_s0,,CONDITION_UNVERIFIED,TIER_X_REJECTED,False,False,False,False,False,False,False,False,False,False
/data/liuyu/outputs/milestone_6_window_optimality_20260601/runs/libero_object/wv2_tomato_sauce_vearly26_tomato_sauce_s0,,CONDITION_UNVERIFIED,TIER_X_REJECTED,False,False,False,False,False,False,False,False,False,False
/data/liuyu/outputs/milestone_6_window_optimality_20260601/runs/libero_object/win_cc_late_cream_cheese_s0,,CONDITION_UNVERIFIED,TIER_X_REJECTED,False,False,False,False,False,False,False,False,False,False
/data/liuyu/outputs/milestone_6_window_optimality_20260601/runs/libero_object/wv2_ketchup_det_ketchup_s0,,CONDITION_UNVERIFIED,TIER_X_REJECTED,False,False,False,False,False,False,False,False,False,False
/data/liuyu/outputs/milestone_6_window_optimality_20260601/runs/libero_object/win_cc_vearly_cream_cheese_s0,,CONDITION_UNVERIFIED,TIER_X_REJECTED,False,False,False,False,False,False,False,False,False,False
/data/liuyu/outputs/milestone_6_window_optimality_20260601/runs/libero_object/wv2_tomato_sauce_late_tomato_sauce_s0,,CONDITION_UNVERIFIED,TIER_X_REJECTED,False,False,False,False,False,False,False,False,False,False
/data/liuyu/outputs/milestone_6_window_optimality_20260601/runs/libero_object/win_sd_early_salad_dressing_s0,,CONDITION_UNVERIFIED,TIER_X_REJECTED,False,False,False,False,False,False,False,False,False,False
/data/liuyu/outputs/milestone_6_window_optimality_20260601/runs/libero_object/win_ts_late_tomato_sauce_s0,,CONDITION_UNVERIFIED,TIER_X_REJECTED,False,False,False,False,False,False,False,False,False,False
/data/liuyu/outputs/milestone_6_window_optimality_20260601/runs/libero_object/win_sd_det_salad_dressing_s0,,CONDITION_UNVERIFIED,TIER_X_REJECTED,False,False,False,False,False,False,False,False,False,False
/data/liuyu/outputs/milestone_6_window_optimality_20260601/runs/libero_object/win_cc_early_cream_cheese_s0,,CONDITION_UNVERIFIED,TIER_X_REJECTED,False,False,False,False,False,False,False,False,False,False
/data/liuyu/outputs/milestone_6_window_optimality_20260601/runs/libero_object/wv2_cream_cheese_early_cream_cheese_s0,,CONDITION_UNVERIFIED,TIER_X_REJECTED,False,False,False,False,False,False,False,False,False,False
/data/liuyu/outputs/milestone_6_window_optimality_20260601/runs/libero_object/win_kt_det_ketchup_s0,,CONDITION_UNVERIFIED,TIER_X_REJECTED,False,False,False,False,False,False,False,False,False,False
/data/liuyu/outputs/milestone_6_window_optimality_20260601/runs/libero_object/wv2_ketchup_early26_ketchup_s0,,CONDITION_UNVERIFIED,TIER_X_REJECTED,False,False,False,False,False,False,False,False,False,False
/data/liuyu/outputs/milestone_6_window_optimality_20260601/runs/libero_object/wv2_tomato_sauce_early_tomato_sauce_s0,,CONDITION_UNVERIFIED,TIER_X_REJECTED,False,False,False,False,False,False,False,False,False,False
/data/liuyu/outputs/blackbowl_action_clamp_backtest_20260514_autocontinue/blackbowl_autocont_s1_vis_arm_clean_rerun,libero_spatial,CLEAN,TIER_X_REJECTED,False,False,False,False,False,False,False,False,False,False
/data/liuyu/outputs/blackbowl_action_clamp_backtest_20260514_autocontinue/blackbowl_autocont_s3_vis_unclamped_repeat_rerun,libero_spatial,NON_CLEAN_OR_ATTACK,TIER_X_REJECTED,False,False,False,False,False,False,False,False,False,False
/data/liuyu/outputs/blackbowl_action_clamp_backtest_20260514_autocontinue/blackbowl_autocont_s5_vis_unclamped_repeat_rerun,libero_spatial,NON_CLEAN_OR_ATTACK,TIER_X_REJECTED,False,False,False,False,False,False,False,False,False,False
/data/liuyu/outputs/blackbowl_action_clamp_backtest_20260514_autocontinue/bb_rerun_s1_vis_force_open_fix,libero_spatial,NON_CLEAN_OR_ATTACK,TIER_X_REJECTED,False,False,False,False,False,False,False,False,False,False
/data/liuyu/outputs/blackbowl_action_clamp_backtest_20260514_autocontinue/bb_rerun_s3_vis_force_open_fix,libero_spatial,NON_CLEAN_OR_ATTACK,TIER_X_REJECTED,False,False,False,False,False,False,False,False,False,False
/data/liuyu/outputs/milestone_2f_pilot_clean_parity_audit_gpu45_20260529/runs/libero_object/parity_det_clean_cream_cheese_s0,,CLEAN,TIER_X_REJECTED,False,False,False,False,False,False,False,False,False,False
/data/liuyu/outputs/milestone_2f_pilot_clean_parity_audit_gpu45_20260529/runs/libero_object/parity_det_clean_cream_cheese_s1,,CLEAN,TIER_X_REJECTED,False,False,False,False,False,False,False,False,False,False
/data/liuyu/outputs/milestone_2f_pilot_clean_parity_audit_gpu45_20260529/runs/libero_object/parity_pure_clean_cream_cheese_s0,,CLEAN,TIER_X_REJECTED,False,False,False,False,False,False,False,False,False,False
/data/liuyu/outputs/milestone_2f_pilot_clean_parity_audit_gpu45_20260529/runs/libero_object/parity_pure_clean_cream_cheese_s1,,CLEAN,TIER_X_REJECTED,False,False,False,False,False,False,False,False,False,False
/data/liuyu/outputs/milestone_2i_visual_fusion_online_detector_pilot_20260530_v2/runs/libero_object/visv2_ketchup_clean_ketchup_s2,,CLEAN,TIER_X_REJECTED,False,False,False,False,False,False,False,False,False,False
/data/liuyu/outputs/milestone_2i_visual_fusion_online_detector_pilot_20260530_v2/runs/libero_object/visv2_ketchup_sus30_ketchup_s2,,NON_CLEAN_OR_ATTACK,TIER_X_REJECTED,False,False,False,False,False,False,False,False,False,False
/data/liuyu/outputs/milestone_2i_visual_fusion_online_detector_pilot_20260530_v2/runs/libero_object/visv2_cream_clean_cream_cheese_s2,,CLEAN,TIER_X_REJECTED,False,False,False,False,False,False,False,False,False,False
/data/liuyu/outputs/milestone_2i_visual_fusion_online_detector_pilot_20260530_v2/runs/libero_object/visv2_cream_clean_cream_cheese_s0,,CLEAN,TIER_X_REJECTED,False,False,False,False,False,False,False,False,False,False
/data/liuyu/outputs/milestone_2i_visual_fusion_online_detector_pilot_20260530_v2/runs/libero_object/visv2_ketchup_clean_ketchup_s1,,CLEAN,TIER_X_REJECTED,False,False,False,False,False,False,False,False,False,False
/data/liuyu/outputs/milestone_2i_visual_fusion_online_detector_pilot_20260530_v2/runs/libero_object/visv2_ketchup_clean_ketchup_s0,,CLEAN,TIER_X_REJECTED,False,False,False,False,False,False,False,False,False,False
/data/liuyu/outputs/milestone_2i_visual_fusion_online_detector_pilot_20260530_v2/runs/libero_object/visv2_salad_clean_salad_dressing_s1,,CLEAN,TIER_X_REJECTED,False,False,False,False,False,False,False,False,False,False
/data/liuyu/outputs/milestone_2i_visual_fusion_online_detector_pilot_20260530_v2/runs/libero_object/visv2_tomato_sus30_tomato_sauce_s2,,NON_CLEAN_OR_ATTACK,TIER_X_REJECTED,False,False,False,False,False,False,False,False,False,False
/data/liuyu/outputs/milestone_2i_visual_fusion_online_detector_pilot_20260530_v2/runs/libero_object/visv2_cream_clean_cream_cheese_s1,,CLEAN,TIER_X_REJECTED,False,False,False,False,False,False,False,False,False,False
/data/liuyu/outputs/milestone_2i_visual_fusion_online_detector_pilot_20260530_v2/runs/libero_object/visv2_salad_sus30_salad_dressing_s2,,NON_CLEAN_OR_ATTACK,TIER_X_REJECTED,False,False,False,False,False,False,False,False,False,False
/data/liuyu/outputs/milestone_2i_visual_fusion_online_detector_pilot_20260530_v2/runs/libero_object/visv2_tomato_sus30_tomato_sauce_s1,,NON_CLEAN_OR_ATTACK,TIER_X_REJECTED,False,False,False,False,False,False,False,False,False,False
/data/liuyu/outputs/milestone_2i_visual_fusion_online_detector_pilot_20260530_v2/runs/libero_object/visv2_salad_sus30_salad_dressing_s0,,NON_CLEAN_OR_ATTACK,TIER_X_REJECTED,False,False,False,False,False,False,False,False,False,False
/data/liuyu/outputs/milestone_2i_visual_fusion_online_detector_pilot_20260530_v2/runs/libero_object/visv2_salad_clean_salad_dressing_s2,,CLEAN,TIER_X_REJECTED,False,False,False,False,False,False,False,False,False,False
/data/liuyu/outputs/milestone_2i_visual_fusion_online_detector_pilot_20260530_v2/runs/libero_object/visv2_tomato_clean_tomato_sauce_s1,,CLEAN,TIER_X_REJECTED,False,False,False,False,False,False,False,False,False,False
/data/liuyu/outputs/milestone_2i_visual_fusion_online_detector_pilot_20260530_v2/runs/libero_object/visv2_cream_sus30_cream_cheese_s1,,NON_CLEAN_OR_ATTACK,TIER_X_REJECTED,False,False,False,False,False,False,False,False,False,False
/data/liuyu/outputs/milestone_2i_visual_fusion_online_detector_pilot_20260530_v2/runs/libero_object/visv2_tomato_clean_tomato_sauce_s2,,CLEAN,TIER_X_REJECTED,False,False,False,False,False,False,False,False,False,False
/data/liuyu/outputs/milestone_2i_visual_fusion_online_detector_pilot_20260530_v2/runs/libero_object/visv2_salad_clean_salad_dressing_s0,,CLEAN,TIER_X_REJECTED,False,False,False,False,False,False,False,False,False,False
/data/liuyu/outputs/milestone_2i_visual_fusion_online_detector_pilot_20260530_v2/runs/libero_object/visv2_tomato_clean_tomato_sauce_s0,,CLEAN,TIER_X_REJECTED,False,False,False,False,False,False,False,False,False,False
/data/liuyu/outputs/milestone_2i_visual_fusion_online_detector_pilot_20260530_v2/runs/libero_object/visv2_cream_sus30_cream_cheese_s2,,NON_CLEAN_OR_ATTACK,TIER_X_REJECTED,False,False,False,False,False,False,False,False,False,False
/data/liuyu/outputs/milestone_2i_visual_fusion_online_detector_pilot_20260530_v2/runs/libero_object/visv2_ketchup_sus30_ketchup_s1,,NON_CLEAN_OR_ATTACK,TIER_X_REJECTED,False,False,False,False,False,False,False,False,False,False
/data/liuyu/outputs/milestone_2i_visual_fusion_online_detector_pilot_20260530_v2/runs/libero_object/visv2_cream_sus30_cream_cheese_s0,,NON_CLEAN_OR_ATTACK,TIER_X_REJECTED,False,False,False,False,False,False,False,False,False,False
/data/liuyu/outputs/milestone_2i_visual_fusion_online_detector_pilot_20260530_v2/runs/libero_object/visv2_tomato_sus30_tomato_sauce_s0,,NON_CLEAN_OR_ATTACK,TIER_X_REJECTED,False,False,False,False,False,False,False,False,False,False
/data/liuyu/outputs/milestone_2i_visual_fusion_online_detector_pilot_20260530_v2/runs/libero_object/visv2_salad_sus30_salad_dressing_s1,,NON_CLEAN_OR_ATTACK,TIER_X_REJECTED,False,False,False,False,False,False,False,False,False,False
/data/liuyu/outputs/milestone_2i_visual_fusion_online_detector_pilot_20260530_v2/runs/libero_object/visv2_ketchup_sus30_ketchup_s0,,NON_CLEAN_OR_ATTACK,TIER_X_REJECTED,False,False,False,False,False,False,False,False,False,False
/data/liuyu/outputs/rollout_objects/soup,,TRUE_T10,TIER_X_REJECTED,False,False,False,False,False,False,False,False,False,False
/data/liuyu/outputs/rollout_objects/salad,,TRUE_T10,TIER_X_REJECTED,False,False,False,False,False,False,False,False,False,False
/data/liuyu/outputs/rollout_objects/oj,,TRUE_T10,TIER_X_REJECTED,False,False,False,False,False,False,False,False,False,False
/data/liuyu/outputs/rollout_objects/bbq,,TRUE_T10,TIER_X_REJECTED,False,False,False,False,False,False,False,False,False,False
/data/liuyu/outputs/rollout_objects/tomato,,TRUE_T10,TIER_X_REJECTED,False,False,False,False,False,False,False,False,False,False
/data/liuyu/outputs/rollout_objects/cream,,TRUE_T10,TIER_X_REJECTED,False,False,False,False,False,False,False,False,False,False
/data/liuyu/outputs/rollout_objects/ketchup,,TRUE_T10,TIER_X_REJECTED,False,False,False,False,False,False,False,False,False,False
/data/liuyu/outputs/d4_smoke_milk_r1/milk_s23_shadow_attempt1,,CONDITION_UNVERIFIED,TIER_X_REJECTED,False,False,False,False,False,False,False,False,False,False
/data/liuyu/outputs/gpu07_engineering_smoke_object_detector_20260529/runs/libero_object/pick_up_the_cream_cheese_and_place_it_in_the_basket_state0,,CONDITION_UNVERIFIED,TIER_X_REJECTED,False,False,False,False,False,False,False,False,False,False
/data/liuyu/outputs/libero_asset_apply_smoke_20260521_porcelain_rerun2_014526/smoke_clean/porcelain_rerun_libero10_kitchen_scene6_put_the_yellow_and_white_mug_in_the_microwave_and_close_it_state0_seed1_clean,libero_10,CLEAN,TIER_X_REJECTED,False,False,False,False,False,False,False,False,False,False
/data/liuyu/outputs/libero_asset_apply_smoke_20260521_porcelain_rerun2_014526/smoke_clean/porcelain_rerun_object_pick_up_the_bbq_sauce_and_place_it_in_the_basket_state0_seed1_clean,,CLEAN,TIER_X_REJECTED,False,False,False,False,False,False,False,False,False,False
/data/liuyu/outputs/libero_asset_apply_smoke_20260521_porcelain_rerun2_014526/smoke_clean/porcelain_rerun_object_pick_up_the_ketchup_and_place_it_in_the_basket_state0_seed1_clean,,CLEAN,TIER_X_REJECTED,False,False,False,False,False,False,False,False,False,False
/data/liuyu/outputs/milestone_2f_object_oracle_sensitivity_full10x5_20260529/runs/libero_object/full10_gpu13_clean_alphabet_alphabet_soup_s4,,CLEAN,TIER_X_REJECTED,False,False,False,False,False,False,False,False,False,False
/data/liuyu/outputs/milestone_2f_object_oracle_sensitivity_full10x5_20260529/runs/libero_object/full10_gpu26_clean_milk_milk_s2,,CLEAN,TIER_X_REJECTED,False,False,False,False,False,False,False,False,False,False
/data/liuyu/outputs/milestone_2f_object_oracle_sensitivity_full10x5_20260529/runs/libero_object/full10_gpu26_clean_milk_milk_s3,,CLEAN,TIER_X_REJECTED,False,False,False,False,False,False,False,False,False,False
/data/liuyu/outputs/milestone_2f_object_oracle_sensitivity_full10x5_20260529/runs/libero_object/full10_gpu45_clean_bbq_bbq_sauce_s2,,CLEAN,TIER_X_REJECTED,False,False,False,False,False,False,False,False,False,False
/data/liuyu/outputs/milestone_2f_object_oracle_sensitivity_full10x5_20260529/runs/libero_object/full10_gpu45_oracle_bbq_bbq_sauce_s3,,CONDITION_UNVERIFIED,TIER_X_REJECTED,False,False,False,False,False,False,False,False,False,False
/data/liuyu/outputs/milestone_2f_object_oracle_sensitivity_full10x5_20260529/runs/libero_object/full10_gpu26_clean_tomato_tomato_sauce_s4,,CLEAN,TIER_X_REJECTED,False,False,False,False,False,False,False,False,False,False
/data/liuyu/outputs/milestone_2f_object_oracle_sensitivity_full10x5_20260529/runs/libero_object/full10_gpu13_oracle_cream_cream_cheese_s2,,CONDITION_UNVERIFIED,TIER_X_REJECTED,False,False,False,False,False,False,False,False,False,False
/data/liuyu/outputs/milestone_2f_object_oracle_sensitivity_full10x5_20260529/runs/libero_object/full10_gpu26_oracle_milk_milk_s2,,CONDITION_UNVERIFIED,TIER_X_REJECTED,False,False,False,False,False,False,False,False,False,False
/data/liuyu/outputs/milestone_2f_object_oracle_sensitivity_full10x5_20260529/runs/libero_object/full10_gpu26_oracle_tomato_tomato_sauce_s2,,CONDITION_UNVERIFIED,TIER_X_REJECTED,False,False,False,False,False,False,False,False,False,False
/data/liuyu/outputs/milestone_2f_object_oracle_sensitivity_full10x5_20260529/runs/libero_object/full10_gpu45_oracle_butter_butter_s3,,CONDITION_UNVERIFIED,TIER_X_REJECTED,False,False,False,False,False,False,False,False,False,False
/data/liuyu/outputs/milestone_2f_object_oracle_sensitivity_full10x5_20260529/runs/libero_object/full10_gpu13_oracle_alphabet_alphabet_soup_s1,,CONDITION_UNVERIFIED,TIER_X_REJECTED,False,False,False,False,False,False,False,False,False,False
/data/liuyu/outputs/milestone_2f_object_oracle_sensitivity_full10x5_20260529/runs/libero_object/full10_gpu45_clean_chocolate_chocolate_pudding_s4,,CLEAN,TIER_X_REJECTED,False,False,False,False,False,False,False,False,False,False
/data/liuyu/outputs/milestone_2f_object_oracle_sensitivity_full10x5_20260529/runs/libero_object/full10_gpu13_clean_ketchup_ketchup_s1,,CLEAN,TIER_X_REJECTED,False,False,False,False,False,False,False,False,False,False
/data/liuyu/outputs/milestone_2f_object_oracle_sensitivity_full10x5_20260529/runs/libero_object/full10_gpu45_oracle_chocolate_chocolate_pudding_s3,,CONDITION_UNVERIFIED,TIER_X_REJECTED,False,False,False,False,False,False,False,False,False,False
/data/liuyu/outputs/milestone_2f_object_oracle_sensitivity_full10x5_20260529/runs/libero_object/full10_gpu26_clean_ojuice_orange_juice_s2,,CLEAN,TIER_X_REJECTED,False,False,False,False,False,False,False,False,False,False
/data/liuyu/outputs/milestone_2f_object_oracle_sensitivity_full10x5_20260529/runs/libero_object/full10_gpu13_clean_alphabet_alphabet_soup_s3,,CLEAN,TIER_X_REJECTED,False,False,False,False,False,False,False,False,False,False
/data/liuyu/outputs/milestone_2f_object_oracle_sensitivity_full10x5_20260529/runs/libero_object/full10_gpu13_oracle_ketchup_ketchup_s4,,CONDITION_UNVERIFIED,TIER_X_REJECTED,False,False,False,False,False,False,False,False,False,False
/data/liuyu/outputs/milestone_2f_object_oracle_sensitivity_full10x5_20260529/runs/libero_object/full10_gpu13_clean_cream_cream_cheese_s3,,CLEAN,TIER_X_REJECTED,False,False,False,False,False,False,False,False,False,False
/data/liuyu/outputs/milestone_2f_object_oracle_sensitivity_full10x5_20260529/runs/libero_object/full10_gpu13_oracle_salad_salad_dressing_s4,,CONDITION_UNVERIFIED,TIER_X_REJECTED,False,False,False,False,False,False,False,False,False,False
/data/liuyu/outputs/milestone_2f_object_oracle_sensitivity_full10x5_20260529/runs/libero_object/full10_gpu26_clean_tomato_tomato_sauce_s3,,CLEAN,TIER_X_REJECTED,False,False,False,False,False,False,False,False,False,False
/data/liuyu/outputs/milestone_2f_object_oracle_sensitivity_full10x5_20260529/runs/libero_object/full10_gpu13_clean_ketchup_ketchup_s3,,CLEAN,TIER_X_REJECTED,False,False,False,False,False,False,False,False,False,False
/data/liuyu/outputs/milestone_2f_object_oracle_sensitivity_full10x5_20260529/runs/libero_object/full10_gpu45_oracle_bbq_bbq_sauce_s0,,CONDITION_UNVERIFIED,TIER_X_REJECTED,False,False,False,False,False,False,False,False,False,False
/data/liuyu/outputs/milestone_2f_object_oracle_sensitivity_full10x5_20260529/runs/libero_object/full10_gpu45_oracle_chocolate_chocolate_pudding_s4,,CONDITION_UNVERIFIED,TIER_X_REJECTED,False,False,False,False,False,False,False,False,False,False
/data/liuyu/outputs/milestone_2f_object_oracle_sensitivity_full10x5_20260529/runs/libero_object/full10_gpu13_clean_salad_salad_dressing_s3,,CLEAN,TIER_X_REJECTED,False,False,False,False,False,False,False,False,False,False
/data/liuyu/outputs/milestone_2f_object_oracle_sensitivity_full10x5_20260529/runs/libero_object/full10_gpu26_clean_ojuice_orange_juice_s1,,CLEAN,TIER_X_REJECTED,False,False,False,False,False,False,False,False,False,False
/data/liuyu/outputs/milestone_2f_object_oracle_sensitivity_full10x5_20260529/runs/libero_object/full10_gpu45_oracle_bbq_bbq_sauce_s1,,CONDITION_UNVERIFIED,TIER_X_REJECTED,False,False,False,False,False,False,False,False,False,False
/data/liuyu/outputs/milestone_2f_object_oracle_sensitivity_full10x5_20260529/runs/libero_object/full10_gpu13_clean_ketchup_ketchup_s4,,CLEAN,TIER_X_REJECTED,False,False,False,False,False,False,False,False,False,False
/data/liuyu/outputs/milestone_2f_object_oracle_sensitivity_full10x5_20260529/runs/libero_object/full10_gpu13_oracle_salad_salad_dressing_s2,,CONDITION_UNVERIFIED,TIER_X_REJECTED,False,False,False,False,False,False,False,False,False,False
/data/liuyu/outputs/milestone_2f_object_oracle_sensitivity_full10x5_20260529/runs/libero_object/full10_gpu45_clean_butter_butter_s2,,CLEAN,TIER_X_REJECTED,False,False,False,False,False,False,False,False,False,False
/data/liuyu/outputs/milestone_2f_object_oracle_sensitivity_full10x5_20260529/runs/libero_object/full10_gpu13_oracle_salad_salad_dressing_s1,,CONDITION_UNVERIFIED,TIER_X_REJECTED,False,False,False,False,False,False,False,False,False,False
/data/liuyu/outputs/milestone_2f_object_oracle_sensitivity_full10x5_20260529/runs/libero_object/full10_gpu45_clean_butter_butter_s4,,CLEAN,TIER_X_REJECTED,False,False,False,False,False,False,False,False,False,False
/data/liuyu/outputs/milestone_2f_object_oracle_sensitivity_full10x5_20260529/runs/libero_object/full10_gpu13_oracle_ketchup_ketchup_s2,,CONDITION_UNVERIFIED,TIER_X_REJECTED,False,False,False,False,False,False,False,False,False,False
/data/liuyu/outputs/milestone_2f_object_oracle_sensitivity_full10x5_20260529/runs/libero_object/full10_gpu45_oracle_chocolate_chocolate_pudding_s2,,CONDITION_UNVERIFIED,TIER_X_REJECTED,False,False,False,False,False,False,False,False,False,False
/data/liuyu/outputs/milestone_2f_object_oracle_sensitivity_full10x5_20260529/runs/libero_object/full10_gpu26_clean_milk_milk_s0,,CLEAN,TIER_X_REJECTED,False,False,False,False,False,False,False,False,False,False
/data/liuyu/outputs/milestone_2f_object_oracle_sensitivity_full10x5_20260529/runs/libero_object/full10_gpu45_oracle_chocolate_chocolate_pudding_s1,,CONDITION_UNVERIFIED,TIER_X_REJECTED,False,False,False,False,False,False,False,False,False,False
/data/liuyu/outputs/milestone_2f_object_oracle_sensitivity_full10x5_20260529/runs/libero_object/full10_gpu45_oracle_bbq_bbq_sauce_s2,,CONDITION_UNVERIFIED,TIER_X_REJECTED,False,False,False,False,False,False,False,False,False,False
/data/liuyu/outputs/milestone_2f_object_oracle_sensitivity_full10x5_20260529/runs/libero_object/full10_gpu26_clean_tomato_tomato_sauce_s2,,CLEAN,TIER_X_REJECTED,False,False,False,False,False,False,False,False,False,False
/data/liuyu/outputs/milestone_2f_object_oracle_sensitivity_full10x5_20260529/runs/libero_object/full10_gpu26_clean_tomato_tomato_sauce_s1,,CLEAN,TIER_X_REJECTED,False,False,False,False,False,False,False,False,False,False
/data/liuyu/outputs/milestone_2f_object_oracle_sensitivity_full10x5_20260529/runs/libero_object/full10_gpu13_clean_cream_cream_cheese_s4,,CLEAN,TIER_X_REJECTED,False,False,False,False,False,False,False,False,False,False
/data/liuyu/outputs/milestone_2f_object_oracle_sensitivity_full10x5_20260529/runs/libero_object/full10_gpu26_clean_ojuice_orange_juice_s3,,CLEAN,TIER_X_REJECTED,False,False,False,False,False,False,False,False,False,False
/data/liuyu/outputs/milestone_2f_object_oracle_sensitivity_full10x5_20260529/runs/libero_object/full10_gpu13_oracle_cream_cream_cheese_s4,,CONDITION_UNVERIFIED,TIER_X_REJECTED,False,False,False,False,False,False,False,False,False,False
/data/liuyu/outputs/milestone_2f_object_oracle_sensitivity_full10x5_20260529/runs/libero_object/full10_gpu26_oracle_ojuice_orange_juice_s3,,CONDITION_UNVERIFIED,TIER_X_REJECTED,False,False,False,False,False,False,False,False,False,False
/data/liuyu/outputs/milestone_2f_object_oracle_sensitivity_full10x5_20260529/runs/libero_object/full10_gpu26_oracle_tomato_tomato_sauce_s3,,CONDITION_UNVERIFIED,TIER_X_REJECTED,False,False,False,False,False,False,False,False,False,False
/data/liuyu/outputs/milestone_2f_object_oracle_sensitivity_full10x5_20260529/runs/libero_object/full10_gpu26_clean_tomato_tomato_sauce_s0,,CLEAN,TIER_X_REJECTED,False,False,False,False,False,False,False,False,False,False
/data/liuyu/outputs/milestone_2f_object_oracle_sensitivity_full10x5_20260529/runs/libero_object/full10_gpu26_oracle_tomato_tomato_sauce_s0,,CONDITION_UNVERIFIED,TIER_X_REJECTED,False,False,False,False,False,False,False,False,False,False
/data/liuyu/outputs/milestone_2f_object_oracle_sensitivity_full10x5_20260529/runs/libero_object/full10_gpu13_oracle_ketchup_ketchup_s0,,CONDITION_UNVERIFIED,TIER_X_REJECTED,False,False,False,False,False,False,False,False,False,False
/data/liuyu/outputs/milestone_2f_object_oracle_sensitivity_full10x5_20260529/runs/libero_object/full10_gpu26_oracle_ojuice_orange_juice_s1,,CONDITION_UNVERIFIED,TIER_X_REJECTED,False,False,False,False,False,False,False,False,False,False
/data/liuyu/outputs/milestone_2f_object_oracle_sensitivity_full10x5_20260529/runs/libero_object/full10_gpu13_clean_ketchup_ketchup_s2,,CLEAN,TIER_X_REJECTED,False,False,False,False,False,False,False,False,False,False
/data/liuyu/outputs/milestone_2f_object_oracle_sensitivity_full10x5_20260529/runs/libero_object/full10_gpu13_clean_cream_cream_cheese_s0,,CLEAN,TIER_X_REJECTED,False,False,False,False,False,False,False,False,False,False
/data/liuyu/outputs/milestone_2f_object_oracle_sensitivity_full10x5_20260529/runs/libero_object/full10_gpu45_clean_butter_butter_s0,,CLEAN,TIER_X_REJECTED,False,False,False,False,False,False,False,False,False,False
/data/liuyu/outputs/milestone_2f_object_oracle_sensitivity_full10x5_20260529/runs/libero_object/full10_gpu26_clean_ojuice_orange_juice_s4,,CLEAN,TIER_X_REJECTED,False,False,False,False,False,False,False,False,False,False
/data/liuyu/outputs/milestone_2f_object_oracle_sensitivity_full10x5_20260529/runs/libero_object/full10_gpu26_clean_milk_milk_s4,,CLEAN,TIER_X_REJECTED,False,False,False,False,False,False,False,False,False,False
/data/liuyu/outputs/milestone_2f_object_oracle_sensitivity_full10x5_20260529/runs/libero_object/full10_gpu13_clean_alphabet_alphabet_soup_s0,,CLEAN,TIER_X_REJECTED,False,False,False,False,False,False,False,False,False,False
/data/liuyu/outputs/milestone_2f_object_oracle_sensitivity_full10x5_20260529/runs/libero_object/full10_gpu45_oracle_butter_butter_s1,,CONDITION_UNVERIFIED,TIER_X_REJECTED,False,False,False,False,False,False,False,False,False,False
/data/liuyu/outputs/milestone_2f_object_oracle_sensitivity_full10x5_20260529/runs/libero_object/full10_gpu13_clean_salad_salad_dressing_s0,,CLEAN,TIER_X_REJECTED,False,False,False,False,False,False,False,False,False,False
/data/liuyu/outputs/milestone_2f_object_oracle_sensitivity_full10x5_20260529/runs/libero_object/full10_gpu26_oracle_milk_milk_s0,,CONDITION_UNVERIFIED,TIER_X_REJECTED,False,False,False,False,False,False,False,False,False,False
/data/liuyu/outputs/milestone_2f_object_oracle_sensitivity_full10x5_20260529/runs/libero_object/full10_gpu26_oracle_ojuice_orange_juice_s4,,CONDITION_UNVERIFIED,TIER_X_REJECTED,False,False,False,False,False,False,False,False,False,False
/data/liuyu/outputs/milestone_2f_object_oracle_sensitivity_full10x5_20260529/runs/libero_object/full10_gpu45_clean_bbq_bbq_sauce_s1,,CLEAN,TIER_X_REJECTED,False,False,False,False,False,False,False,False,False,False
/data/liuyu/outputs/milestone_2f_object_oracle_sensitivity_full10x5_20260529/runs/libero_object/full10_gpu13_oracle_cream_cream_cheese_s3,,CONDITION_UNVERIFIED,TIER_X_REJECTED,False,False,False,False,False,False,False,False,False,False
/data/liuyu/outputs/milestone_2f_object_oracle_sensitivity_full10x5_20260529/runs/libero_object/full10_gpu13_oracle_alphabet_alphabet_soup_s0,,CONDITION_UNVERIFIED,TIER_X_REJECTED,False,False,False,False,False,False,False,False,False,False
/data/liuyu/outputs/milestone_2f_object_oracle_sensitivity_full10x5_20260529/runs/libero_object/full10_gpu26_oracle_milk_milk_s1,,CONDITION_UNVERIFIED,TIER_X_REJECTED,False,False,False,False,False,False,False,False,False,False
/data/liuyu/outputs/milestone_2f_object_oracle_sensitivity_full10x5_20260529/runs/libero_object/full10_gpu13_oracle_ketchup_ketchup_s1,,CONDITION_UNVERIFIED,TIER_X_REJECTED,False,False,False,False,False,False,False,False,False,False
/data/liuyu/outputs/milestone_2f_object_oracle_sensitivity_full10x5_20260529/runs/libero_object/full10_gpu13_clean_ketchup_ketchup_s0,,CLEAN,TIER_X_REJECTED,False,False,False,False,False,False,False,False,False,False
/data/liuyu/outputs/milestone_2f_object_oracle_sensitivity_full10x5_20260529/runs/libero_object/full10_gpu45_clean_chocolate_chocolate_pudding_s3,,CLEAN,TIER_X_REJECTED,False,False,False,False,False,False,False,False,False,False
/data/liuyu/outputs/milestone_2f_object_oracle_sensitivity_full10x5_20260529/runs/libero_object/full10_gpu26_oracle_tomato_tomato_sauce_s1,,CONDITION_UNVERIFIED,TIER_X_REJECTED,False,False,False,False,False,False,False,False,False,False
/data/liuyu/outputs/milestone_2f_object_oracle_sensitivity_full10x5_20260529/runs/libero_object/full10_gpu45_oracle_bbq_bbq_sauce_s4,,CONDITION_UNVERIFIED,TIER_X_REJECTED,False,False,False,False,False,False,False,False,False,False
/data/liuyu/outputs/milestone_2f_object_oracle_sensitivity_full10x5_20260529/runs/libero_object/full10_gpu13_oracle_cream_cream_cheese_s1,,CONDITION_UNVERIFIED,TIER_X_REJECTED,False,False,False,False,False,False,False,False,False,False
/data/liuyu/outputs/milestone_2f_object_oracle_sensitivity_full10x5_20260529/runs/libero_object/full10_gpu45_oracle_butter_butter_s4,,CONDITION_UNVERIFIED,TIER_X_REJECTED,False,False,False,False,False,False,False,False,False,False
/data/liuyu/outputs/milestone_2f_object_oracle_sensitivity_full10x5_20260529/runs/libero_object/full10_gpu45_clean_butter_butter_s1,,CLEAN,TIER_X_REJECTED,False,False,False,False,False,False,False,False,False,False
/data/liuyu/outputs/milestone_2f_object_oracle_sensitivity_full10x5_20260529/runs/libero_object/full10_gpu26_oracle_milk_milk_s4,,CONDITION_UNVERIFIED,TIER_X_REJECTED,False,False,False,False,False,False,False,False,False,False
/data/liuyu/outputs/milestone_2f_object_oracle_sensitivity_full10x5_20260529/runs/libero_object/full10_gpu13_oracle_cream_cream_cheese_s0,,CONDITION_UNVERIFIED,TIER_X_REJECTED,False,False,False,False,False,False,False,False,False,False
/data/liuyu/outputs/milestone_2f_object_oracle_sensitivity_full10x5_20260529/runs/libero_object/full10_gpu45_clean_chocolate_chocolate_pudding_s0,,CLEAN,TIER_X_REJECTED,False,False,False,False,False,False,False,False,False,False
/data/liuyu/outputs/milestone_2f_object_oracle_sensitivity_full10x5_20260529/runs/libero_object/full10_gpu26_oracle_ojuice_orange_juice_s0,,CONDITION_UNVERIFIED,TIER_X_REJECTED,False,False,False,False,False,False,False,False,False,False
/data/liuyu/outputs/milestone_2f_object_oracle_sensitivity_full10x5_20260529/runs/libero_object/full10_gpu26_oracle_ojuice_orange_juice_s2,,CONDITION_UNVERIFIED,TIER_X_REJECTED,False,False,False,False,False,False,False,False,False,False
/data/liuyu/outputs/milestone_2f_object_oracle_sensitivity_full10x5_20260529/runs/libero_object/full10_gpu13_clean_cream_cream_cheese_s2,,CLEAN,TIER_X_REJECTED,False,False,False,False,False,False,False,False,False,False
/data/liuyu/outputs/milestone_2f_object_oracle_sensitivity_full10x5_20260529/runs/libero_object/full10_gpu13_oracle_alphabet_alphabet_soup_s4,,CONDITION_UNVERIFIED,TIER_X_REJECTED,False,False,False,False,False,False,False,False,False,False
/data/liuyu/outputs/milestone_2f_object_oracle_sensitivity_full10x5_20260529/runs/libero_object/full10_gpu45_oracle_butter_butter_s2,,CONDITION_UNVERIFIED,TIER_X_REJECTED,False,False,False,False,False,False,False,False,False,False
/data/liuyu/outputs/milestone_2f_object_oracle_sensitivity_full10x5_20260529/runs/libero_object/full10_gpu26_clean_ojuice_orange_juice_s0,,CLEAN,TIER_X_REJECTED,False,False,False,False,False,False,False,False,False,False
/data/liuyu/outputs/milestone_2f_object_oracle_sensitivity_full10x5_20260529/runs/libero_object/full10_gpu13_oracle_alphabet_alphabet_soup_s2,,CONDITION_UNVERIFIED,TIER_X_REJECTED,False,False,False,False,False,False,False,False,False,False
/data/liuyu/outputs/milestone_2f_object_oracle_sensitivity_full10x5_20260529/runs/libero_object/full10_gpu13_oracle_alphabet_alphabet_soup_s3,,CONDITION_UNVERIFIED,TIER_X_REJECTED,False,False,False,False,False,False,False,False,False,False
/data/liuyu/outputs/milestone_2f_object_oracle_sensitivity_full10x5_20260529/runs/libero_object/full10_gpu26_clean_milk_milk_s1,,CLEAN,TIER_X_REJECTED,False,False,False,False,False,False,False,False,False,False
/data/liuyu/outputs/milestone_2f_object_oracle_sensitivity_full10x5_20260529/runs/libero_object/full10_gpu13_clean_salad_salad_dressing_s2,,CLEAN,TIER_X_REJECTED,False,False,False,False,False,False,False,False,False,False
/data/liuyu/outputs/milestone_2f_object_oracle_sensitivity_full10x5_20260529/runs/libero_object/full10_gpu45_clean_chocolate_chocolate_pudding_s2,,CLEAN,TIER_X_REJECTED,False,False,False,False,False,False,False,False,False,False
/data/liuyu/outputs/milestone_2f_object_oracle_sensitivity_full10x5_20260529/runs/libero_object/full10_gpu13_clean_salad_salad_dressing_s1,,CLEAN,TIER_X_REJECTED,False,False,False,False,False,False,False,False,False,False
/data/liuyu/outputs/milestone_2f_object_oracle_sensitivity_full10x5_20260529/runs/libero_object/full10_gpu13_oracle_salad_salad_dressing_s3,,CONDITION_UNVERIFIED,TIER_X_REJECTED,False,False,False,False,False,False,False,False,False,False
/data/liuyu/outputs/milestone_2f_object_oracle_sensitivity_full10x5_20260529/runs/libero_object/full10_gpu45_clean_bbq_bbq_sauce_s0,,CLEAN,TIER_X_REJECTED,False,False,False,False,False,False,False,False,False,False
/data/liuyu/outputs/milestone_2f_object_oracle_sensitivity_full10x5_20260529/runs/libero_object/full10_gpu45_clean_chocolate_chocolate_pudding_s1,,CLEAN,TIER_X_REJECTED,False,False,False,False,False,False,False,False,False,False
/data/liuyu/outputs/milestone_2f_object_oracle_sensitivity_full10x5_20260529/runs/libero_object/full10_gpu45_clean_bbq_bbq_sauce_s4,,CLEAN,TIER_X_REJECTED,False,False,False,False,False,False,False,False,False,False
/data/liuyu/outputs/milestone_2f_object_oracle_sensitivity_full10x5_20260529/runs/libero_object/full10_gpu45_clean_bbq_bbq_sauce_s3,,CLEAN,TIER_X_REJECTED,False,False,False,False,False,False,False,False,False,False
/data/liuyu/outputs/milestone_2f_object_oracle_sensitivity_full10x5_20260529/runs/libero_object/full10_gpu13_clean_cream_cream_cheese_s1,,CLEAN,TIER_X_REJECTED,False,False,False,False,False,False,False,False,False,False
/data/liuyu/outputs/milestone_2f_object_oracle_sensitivity_full10x5_20260529/runs/libero_object/full10_gpu13_oracle_ketchup_ketchup_s3,,CONDITION_UNVERIFIED,TIER_X_REJECTED,False,False,False,False,False,False,False,False,False,False
/data/liuyu/outputs/milestone_2f_object_oracle_sensitivity_full10x5_20260529/runs/libero_object/full10_gpu45_clean_butter_butter_s3,,CLEAN,TIER_X_REJECTED,False,False,False,False,False,False,False,False,False,False
/data/liuyu/outputs/milestone_2f_object_oracle_sensitivity_full10x5_20260529/runs/libero_object/full10_gpu26_oracle_tomato_tomato_sauce_s4,,CONDITION_UNVERIFIED,TIER_X_REJECTED,False,False,False,False,False,False,False,False,False,False
/data/liuyu/outputs/milestone_2f_object_oracle_sensitivity_full10x5_20260529/runs/libero_object/full10_gpu13_clean_salad_salad_dressing_s4,,CLEAN,TIER_X_REJECTED,False,False,False,False,False,False,False,False,False,False
/data/liuyu/outputs/milestone_2f_object_oracle_sensitivity_full10x5_20260529/runs/libero_object/full10_gpu45_oracle_chocolate_chocolate_pudding_s0,,CONDITION_UNVERIFIED,TIER_X_REJECTED,False,False,False,False,False,False,False,False,False,False
/data/liuyu/outputs/milestone_2f_object_oracle_sensitivity_full10x5_20260529/runs/libero_object/full10_gpu13_clean_alphabet_alphabet_soup_s1,,CLEAN,TIER_X_REJECTED,False,False,False,False,False,False,False,False,False,False
/data/liuyu/outputs/milestone_2f_object_oracle_sensitivity_full10x5_20260529/runs/libero_object/full10_gpu26_oracle_milk_milk_s3,,CONDITION_UNVERIFIED,TIER_X_REJECTED,False,False,False,False,False,False,False,False,False,False
/data/liuyu/outputs/milestone_2f_object_oracle_sensitivity_full10x5_20260529/runs/libero_object/full10_gpu13_clean_alphabet_alphabet_soup_s2,,CLEAN,TIER_X_REJECTED,False,False,False,False,False,False,False,False,False,False
/data/liuyu/outputs/milestone_2f_object_oracle_sensitivity_full10x5_20260529/runs/libero_object/full10_gpu45_oracle_butter_butter_s0,,CONDITION_UNVERIFIED,TIER_X_REJECTED,False,False,False,False,False,False,False,False,False,False
/data/liuyu/outputs/milestone_2f_object_oracle_sensitivity_full10x5_20260529/runs/libero_object/full10_gpu13_oracle_salad_salad_dressing_s0,,CONDITION_UNVERIFIED,TIER_X_REJECTED,False,False,False,False,False,False,False,False,False,False
/data/liuyu/outputs/state5_three_lane_exact_protocol_repair_20260523/runs/goal_put_the_bowl_on_the_plate_s5_r13_clean_detect,libero_spatial,CLEAN,TIER_X_REJECTED,False,False,False,False,False,False,False,False,False,False
/data/liuyu/outputs/state5_three_lane_exact_protocol_repair_20260523/runs/goal_put_the_bowl_on_the_plate_s5_r13_best_VIS_gripper_targeted_stronger_same_autowindow,libero_spatial,NON_CLEAN_OR_ATTACK,TIER_X_REJECTED,False,False,False,False,False,False,False,False,False,False
/data/liuyu/outputs/state5_three_lane_exact_protocol_repair_20260523/runs/goal_put_the_bowl_on_the_plate_s5_r5_VIS_gripper_open_region_ce_same_autowindow,libero_spatial,NON_CLEAN_OR_ATTACK,TIER_X_REJECTED,False,False,False,False,False,False,False,False,False,False
/data/liuyu/outputs/state5_three_lane_exact_protocol_repair_20260523/runs/goal_put_the_bowl_on_the_plate_s5_r5_random_same_autowindow,libero_spatial,NON_CLEAN_OR_ATTACK,TIER_X_REJECTED,False,False,False,False,False,False,False,False,False,False
/data/liuyu/outputs/state5_three_lane_exact_protocol_repair_20260523/runs/goal_put_the_bowl_on_the_plate_s5_r18_clean_detect,libero_spatial,CLEAN,TIER_X_REJECTED,False,False,False,False,False,False,False,False,False,False
/data/liuyu/outputs/state5_three_lane_exact_protocol_repair_20260523/runs/goal_put_the_bowl_on_the_plate_s5_r13_command_open_0.75_same_autowindow,libero_spatial,CONDITION_UNVERIFIED,TIER_X_REJECTED,False,False,False,False,False,False,False,False,False,False
/data/liuyu/outputs/state5_three_lane_exact_protocol_repair_20260523/runs/goal_put_the_bowl_on_the_plate_s5_r13_random_same_autowindow,libero_spatial,NON_CLEAN_OR_ATTACK,TIER_X_REJECTED,False,False,False,False,False,False,False,False,False,False
/data/liuyu/outputs/state5_three_lane_exact_protocol_repair_20260523/runs/goal_put_the_bowl_on_the_plate_s5_r18_random_same_autowindow,libero_spatial,NON_CLEAN_OR_ATTACK,TIER_X_REJECTED,False,False,False,False,False,False,False,False,False,False
/data/liuyu/outputs/state5_three_lane_exact_protocol_repair_20260523/runs/goal_put_the_bowl_on_the_plate_s5_r13_VIS_gripper_open_region_ce_same_autowindow,libero_spatial,NON_CLEAN_OR_ATTACK,TIER_X_REJECTED,False,False,False,False,False,False,False,False,False,False
/data/liuyu/outputs/state5_three_lane_exact_protocol_repair_20260523/runs/goal_put_the_bowl_on_the_plate_s5_r18_VIS_gripper_open_region_ce_same_autowindow,libero_spatial,NON_CLEAN_OR_ATTACK,TIER_X_REJECTED,False,False,False,False,False,False,False,False,False,False
/data/liuyu/outputs/state5_three_lane_exact_protocol_repair_20260523/runs/goal_put_the_bowl_on_the_plate_s5_r5_command_open_0.75_same_autowindow,libero_spatial,CONDITION_UNVERIFIED,TIER_X_REJECTED,False,False,False,False,False,False,False,False,False,False
/data/liuyu/outputs/state5_three_lane_exact_protocol_repair_20260523/runs/goal_put_the_bowl_on_the_plate_s5_r13_VIS_current_same_autowindow,libero_spatial,NON_CLEAN_OR_ATTACK,TIER_X_REJECTED,False,False,False,False,False,False,False,False,False,False
/data/liuyu/outputs/state5_three_lane_exact_protocol_repair_20260523/runs/goal_put_the_bowl_on_the_plate_s5_r18_VIS_current_same_autowindow,libero_spatial,NON_CLEAN_OR_ATTACK,TIER_X_REJECTED,False,False,False,False,False,False,False,False,False,False
/data/liuyu/outputs/state5_three_lane_exact_protocol_repair_20260523/runs/goal_put_the_bowl_on_the_plate_s5_r5_best_VIS_gripper_targeted_stronger_same_autowindow,libero_spatial,NON_CLEAN_OR_ATTACK,TIER_X_REJECTED,False,False,False,False,False,False,False,False,False,False
/data/liuyu/outputs/state5_three_lane_exact_protocol_repair_20260523/runs/goal_put_the_bowl_on_the_plate_s5_r18_best_VIS_gripper_targeted_stronger_same_autowindow,libero_spatial,NON_CLEAN_OR_ATTACK,TIER_X_REJECTED,False,False,False,False,False,False,False,False,False,False
/data/liuyu/outputs/state5_three_lane_exact_protocol_repair_20260523/runs/goal_put_the_bowl_on_the_plate_s5_r5_VIS_current_same_autowindow,libero_spatial,NON_CLEAN_OR_ATTACK,TIER_X_REJECTED,False,False,False,False,False,False,False,False,False,False
/data/liuyu/outputs/state5_three_lane_exact_protocol_repair_20260523/runs/goal_put_the_bowl_on_the_plate_s5_r18_command_open_0.75_same_autowindow,libero_spatial,CONDITION_UNVERIFIED,TIER_X_REJECTED,False,False,False,False,False,False,False,False,False,False
/data/liuyu/outputs/milestone_2e5_l10100_parser_v2_privileged_rerun_20260527/runs/libero_10/LIVING_ROOM_SCENE6_put_the_white_mug_on_the_plate_and_put_the_chocolate_pudding_to_the_right_of_the_plate_state8,libero_10,CONDITION_UNVERIFIED,TIER_X_REJECTED,False,False,False,False,False,False,False,False,False,False
/data/liuyu/outputs/milestone_2e5_l10100_parser_v2_privileged_rerun_20260527/runs/libero_10/STUDY_SCENE1_pick_up_the_book_and_place_it_in_the_back_compartment_of_the_caddy_state1,libero_10,CONDITION_UNVERIFIED,TIER_X_REJECTED,False,False,False,False,False,False,False,False,False,False
/data/liuyu/outputs/milestone_2e5_l10100_parser_v2_privileged_rerun_20260527/runs/libero_10/STUDY_SCENE1_pick_up_the_book_and_place_it_in_the_back_compartment_of_the_caddy_state8,libero_10,CONDITION_UNVERIFIED,TIER_X_REJECTED,False,False,False,False,False,False,False,False,False,False
/data/liuyu/outputs/milestone_2e5_l10100_parser_v2_privileged_rerun_20260527/runs/libero_10/LIVING_ROOM_SCENE1_put_both_the_alphabet_soup_and_the_cream_cheese_box_in_the_basket_state3,libero_10,CONDITION_UNVERIFIED,TIER_X_REJECTED,False,False,False,False,False,False,False,False,False,False
/data/liuyu/outputs/milestone_2e5_l10100_parser_v2_privileged_rerun_20260527/runs/libero_10/KITCHEN_SCENE3_turn_on_the_stove_and_put_the_moka_pot_on_it_state7,libero_10,CONDITION_UNVERIFIED,TIER_X_REJECTED,False,False,False,False,False,False,False,False,False,False
/data/liuyu/outputs/milestone_2e5_l10100_parser_v2_privileged_rerun_20260527/runs/libero_10/LIVING_ROOM_SCENE2_put_both_the_cream_cheese_box_and_the_butter_in_the_basket_state9,libero_10,CONDITION_UNVERIFIED,TIER_X_REJECTED,False,False,False,False,False,False,False,False,False,False
/data/liuyu/outputs/milestone_2e5_l10100_parser_v2_privileged_rerun_20260527/runs/libero_10/LIVING_ROOM_SCENE6_put_the_white_mug_on_the_plate_and_put_the_chocolate_pudding_to_the_right_of_the_plate_state0,libero_10,CONDITION_UNVERIFIED,TIER_X_REJECTED,False,False,False,False,False,False,False,False,False,False
/data/liuyu/outputs/milestone_2e5_l10100_parser_v2_privileged_rerun_20260527/runs/libero_10/LIVING_ROOM_SCENE1_put_both_the_alphabet_soup_and_the_cream_cheese_box_in_the_basket_state0,libero_10,CONDITION_UNVERIFIED,TIER_X_REJECTED,False,False,False,False,False,False,False,False,False,False
/data/liuyu/outputs/milestone_2e5_l10100_parser_v2_privileged_rerun_20260527/runs/libero_10/LIVING_ROOM_SCENE6_put_the_white_mug_on_the_plate_and_put_the_chocolate_pudding_to_the_right_of_the_plate_state4,libero_10,CONDITION_UNVERIFIED,TIER_X_REJECTED,False,False,False,False,False,False,False,False,False,False
/data/liuyu/outputs/milestone_2e5_l10100_parser_v2_privileged_rerun_20260527/runs/libero_10/STUDY_SCENE1_pick_up_the_book_and_place_it_in_the_back_compartment_of_the_caddy_state6,libero_10,CONDITION_UNVERIFIED,TIER_X_REJECTED,False,False,False,False,False,False,False,False,False,False
/data/liuyu/outputs/milestone_2e5_l10100_parser_v2_privileged_rerun_20260527/runs/libero_10/KITCHEN_SCENE4_put_the_black_bowl_in_the_bottom_drawer_of_the_cabinet_and_close_it_state5,libero_10,CONDITION_UNVERIFIED,TIER_X_REJECTED,False,False,False,False,False,False,False,False,False,False
/data/liuyu/outputs/milestone_2e5_l10100_parser_v2_privileged_rerun_20260527/runs/libero_10/KITCHEN_SCENE3_turn_on_the_stove_and_put_the_moka_pot_on_it_state4,libero_10,CONDITION_UNVERIFIED,TIER_X_REJECTED,False,False,False,False,False,False,False,False,False,False
/data/liuyu/outputs/milestone_2e5_l10100_parser_v2_privileged_rerun_20260527/runs/libero_10/KITCHEN_SCENE8_put_both_moka_pots_on_the_stove_state9,libero_10,CONDITION_UNVERIFIED,TIER_X_REJECTED,False,False,False,False,False,False,False,False,False,False
/data/liuyu/outputs/milestone_2e5_l10100_parser_v2_privileged_rerun_20260527/runs/libero_10/KITCHEN_SCENE3_turn_on_the_stove_and_put_the_moka_pot_on_it_state6,libero_10,CONDITION_UNVERIFIED,TIER_X_REJECTED,False,False,False,False,False,False,False,False,False,False
/data/liuyu/outputs/milestone_2e5_l10100_parser_v2_privileged_rerun_20260527/runs/libero_10/LIVING_ROOM_SCENE2_put_both_the_alphabet_soup_and_the_tomato_sauce_in_the_basket_state4,libero_10,CONDITION_UNVERIFIED,TIER_X_REJECTED,False,False,False,False,False,False,False,False,False,False
/data/liuyu/outputs/milestone_2e5_l10100_parser_v2_privileged_rerun_20260527/runs/libero_10/LIVING_ROOM_SCENE5_put_the_white_mug_on_the_left_plate_and_put_the_yellow_and_white_mug_on_the_right_plate_state0,libero_10,CONDITION_UNVERIFIED,TIER_X_REJECTED,False,False,False,False,False,False,False,False,False,False
/data/liuyu/outputs/milestone_2e5_l10100_parser_v2_privileged_rerun_20260527/runs/libero_10/KITCHEN_SCENE8_put_both_moka_pots_on_the_stove_state3,libero_10,CONDITION_UNVERIFIED,TIER_X_REJECTED,False,False,False,False,False,False,False,False,False,False
/data/liuyu/outputs/milestone_2e5_l10100_parser_v2_privileged_rerun_20260527/runs/libero_10/LIVING_ROOM_SCENE2_put_both_the_alphabet_soup_and_the_tomato_sauce_in_the_basket_state0,libero_10,CONDITION_UNVERIFIED,TIER_X_REJECTED,False,False,False,False,False,False,False,False,False,False
/data/liuyu/outputs/milestone_2e5_l10100_parser_v2_privileged_rerun_20260527/runs/libero_10/LIVING_ROOM_SCENE6_put_the_white_mug_on_the_plate_and_put_the_chocolate_pudding_to_the_right_of_the_plate_state7,libero_10,CONDITION_UNVERIFIED,TIER_X_REJECTED,False,False,False,False,False,False,False,False,False,False
/data/liuyu/outputs/milestone_2e5_l10100_parser_v2_privileged_rerun_20260527/runs/libero_10/LIVING_ROOM_SCENE2_put_both_the_cream_cheese_box_and_the_butter_in_the_basket_state0,libero_10,CONDITION_UNVERIFIED,TIER_X_REJECTED,False,False,False,False,False,False,False,False,False,False
/data/liuyu/outputs/milestone_2e5_l10100_parser_v2_privileged_rerun_20260527/runs/libero_10/KITCHEN_SCENE4_put_the_black_bowl_in_the_bottom_drawer_of_the_cabinet_and_close_it_state8,libero_10,CONDITION_UNVERIFIED,TIER_X_REJECTED,False,False,False,False,False,False,False,False,False,False
/data/liuyu/outputs/milestone_2e5_l10100_parser_v2_privileged_rerun_20260527/runs/libero_10/KITCHEN_SCENE6_put_the_yellow_and_white_mug_in_the_microwave_and_close_it_state6,libero_10,CONDITION_UNVERIFIED,TIER_X_REJECTED,False,False,False,False,False,False,False,False,False,False
/data/liuyu/outputs/milestone_2e5_l10100_parser_v2_privileged_rerun_20260527/runs/libero_10/LIVING_ROOM_SCENE5_put_the_white_mug_on_the_left_plate_and_put_the_yellow_and_white_mug_on_the_right_plate_state5,libero_10,CONDITION_UNVERIFIED,TIER_X_REJECTED,False,False,False,False,False,False,False,False,False,False
/data/liuyu/outputs/milestone_2e5_l10100_parser_v2_privileged_rerun_20260527/runs/libero_10/KITCHEN_SCENE6_put_the_yellow_and_white_mug_in_the_microwave_and_close_it_state4,libero_10,CONDITION_UNVERIFIED,TIER_X_REJECTED,False,False,False,False,False,False,False,False,False,False
/data/liuyu/outputs/milestone_2e5_l10100_parser_v2_privileged_rerun_20260527/runs/libero_10/LIVING_ROOM_SCENE5_put_the_white_mug_on_the_left_plate_and_put_the_yellow_and_white_mug_on_the_right_plate_state3,libero_10,CONDITION_UNVERIFIED,TIER_X_REJECTED,False,False,False,False,False,False,False,False,False,False
/data/liuyu/outputs/milestone_2e5_l10100_parser_v2_privileged_rerun_20260527/runs/libero_10/KITCHEN_SCENE6_put_the_yellow_and_white_mug_in_the_microwave_and_close_it_state9,libero_10,CONDITION_UNVERIFIED,TIER_X_REJECTED,False,False,False,False,False,False,False,False,False,False
/data/liuyu/outputs/milestone_2e5_l10100_parser_v2_privileged_rerun_20260527/runs/libero_10/LIVING_ROOM_SCENE2_put_both_the_alphabet_soup_and_the_tomato_sauce_in_the_basket_state1,libero_10,CONDITION_UNVERIFIED,TIER_X_REJECTED,False,False,False,False,False,False,False,False,False,False
/data/liuyu/outputs/milestone_2e5_l10100_parser_v2_privileged_rerun_20260527/runs/libero_10/LIVING_ROOM_SCENE2_put_both_the_alphabet_soup_and_the_tomato_sauce_in_the_basket_state7,libero_10,CONDITION_UNVERIFIED,TIER_X_REJECTED,False,False,False,False,False,False,False,False,False,False
/data/liuyu/outputs/milestone_2e5_l10100_parser_v2_privileged_rerun_20260527/runs/libero_10/KITCHEN_SCENE3_turn_on_the_stove_and_put_the_moka_pot_on_it_state5,libero_10,CONDITION_UNVERIFIED,TIER_X_REJECTED,False,False,False,False,False,False,False,False,False,False
/data/liuyu/outputs/milestone_2e5_l10100_parser_v2_privileged_rerun_20260527/runs/libero_10/LIVING_ROOM_SCENE2_put_both_the_alphabet_soup_and_the_tomato_sauce_in_the_basket_state8,libero_10,CONDITION_UNVERIFIED,TIER_X_REJECTED,False,False,False,False,False,False,False,False,False,False
/data/liuyu/outputs/milestone_2e5_l10100_parser_v2_privileged_rerun_20260527/runs/libero_10/LIVING_ROOM_SCENE2_put_both_the_alphabet_soup_and_the_tomato_sauce_in_the_basket_state9,libero_10,CONDITION_UNVERIFIED,TIER_X_REJECTED,False,False,False,False,False,False,False,False,False,False
/data/liuyu/outputs/milestone_2e5_l10100_parser_v2_privileged_rerun_20260527/runs/libero_10/LIVING_ROOM_SCENE2_put_both_the_cream_cheese_box_and_the_butter_in_the_basket_state7,libero_10,CONDITION_UNVERIFIED,TIER_X_REJECTED,False,False,False,False,False,False,False,False,False,False
/data/liuyu/outputs/milestone_2e5_l10100_parser_v2_privileged_rerun_20260527/runs/libero_10/KITCHEN_SCENE4_put_the_black_bowl_in_the_bottom_drawer_of_the_cabinet_and_close_it_state7,libero_10,CONDITION_UNVERIFIED,TIER_X_REJECTED,False,False,False,False,False,False,False,False,False,False
/data/liuyu/outputs/milestone_2e5_l10100_parser_v2_privileged_rerun_20260527/runs/libero_10/LIVING_ROOM_SCENE2_put_both_the_cream_cheese_box_and_the_butter_in_the_basket_state3,libero_10,CONDITION_UNVERIFIED,TIER_X_REJECTED,False,False,False,False,False,False,False,False,False,False
/data/liuyu/outputs/milestone_2e5_l10100_parser_v2_privileged_rerun_20260527/runs/libero_10/LIVING_ROOM_SCENE6_put_the_white_mug_on_the_plate_and_put_the_chocolate_pudding_to_the_right_of_the_plate_state2,libero_10,CONDITION_UNVERIFIED,TIER_X_REJECTED,False,False,False,False,False,False,False,False,False,False
/data/liuyu/outputs/milestone_2e5_l10100_parser_v2_privileged_rerun_20260527/runs/libero_10/LIVING_ROOM_SCENE5_put_the_white_mug_on_the_left_plate_and_put_the_yellow_and_white_mug_on_the_right_plate_state4,libero_10,CONDITION_UNVERIFIED,TIER_X_REJECTED,False,False,False,False,False,False,False,False,False,False
/data/liuyu/outputs/milestone_2e5_l10100_parser_v2_privileged_rerun_20260527/runs/libero_10/LIVING_ROOM_SCENE1_put_both_the_alphabet_soup_and_the_cream_cheese_box_in_the_basket_state9,libero_10,CONDITION_UNVERIFIED,TIER_X_REJECTED,False,False,False,False,False,False,False,False,False,False
/data/liuyu/outputs/milestone_2e5_l10100_parser_v2_privileged_rerun_20260527/runs/libero_10/KITCHEN_SCENE3_turn_on_the_stove_and_put_the_moka_pot_on_it_state2,libero_10,CONDITION_UNVERIFIED,TIER_X_REJECTED,False,False,False,False,False,False,False,False,False,False
/data/liuyu/outputs/milestone_2e5_l10100_parser_v2_privileged_rerun_20260527/runs/libero_10/LIVING_ROOM_SCENE2_put_both_the_cream_cheese_box_and_the_butter_in_the_basket_state2,libero_10,CONDITION_UNVERIFIED,TIER_X_REJECTED,False,False,False,False,False,False,False,False,False,False
/data/liuyu/outputs/milestone_2e5_l10100_parser_v2_privileged_rerun_20260527/runs/libero_10/LIVING_ROOM_SCENE2_put_both_the_alphabet_soup_and_the_tomato_sauce_in_the_basket_state5,libero_10,CONDITION_UNVERIFIED,TIER_X_REJECTED,False,False,False,False,False,False,False,False,False,False
/data/liuyu/outputs/milestone_2e5_l10100_parser_v2_privileged_rerun_20260527/runs/libero_10/KITCHEN_SCENE8_put_both_moka_pots_on_the_stove_state0,libero_10,CONDITION_UNVERIFIED,TIER_X_REJECTED,False,False,False,False,False,False,False,False,False,False
/data/liuyu/outputs/milestone_2e5_l10100_parser_v2_privileged_rerun_20260527/runs/libero_10/LIVING_ROOM_SCENE1_put_both_the_alphabet_soup_and_the_cream_cheese_box_in_the_basket_state5,libero_10,CONDITION_UNVERIFIED,TIER_X_REJECTED,False,False,False,False,False,False,False,False,False,False
/data/liuyu/outputs/milestone_2e5_l10100_parser_v2_privileged_rerun_20260527/runs/libero_10/LIVING_ROOM_SCENE5_put_the_white_mug_on_the_left_plate_and_put_the_yellow_and_white_mug_on_the_right_plate_state2,libero_10,CONDITION_UNVERIFIED,TIER_X_REJECTED,False,False,False,False,False,False,False,False,False,False
/data/liuyu/outputs/milestone_2e5_l10100_parser_v2_privileged_rerun_20260527/runs/libero_10/KITCHEN_SCENE6_put_the_yellow_and_white_mug_in_the_microwave_and_close_it_state8,libero_10,CONDITION_UNVERIFIED,TIER_X_REJECTED,False,False,False,False,False,False,False,False,False,False
/data/liuyu/outputs/milestone_2e5_l10100_parser_v2_privileged_rerun_20260527/runs/libero_10/KITCHEN_SCENE6_put_the_yellow_and_white_mug_in_the_microwave_and_close_it_state3,libero_10,CONDITION_UNVERIFIED,TIER_X_REJECTED,False,False,False,False,False,False,False,False,False,False
/data/liuyu/outputs/milestone_2e5_l10100_parser_v2_privileged_rerun_20260527/runs/libero_10/LIVING_ROOM_SCENE2_put_both_the_cream_cheese_box_and_the_butter_in_the_basket_state1,libero_10,CONDITION_UNVERIFIED,TIER_X_REJECTED,False,False,False,False,False,False,False,False,False,False
/data/liuyu/outputs/milestone_2e5_l10100_parser_v2_privileged_rerun_20260527/runs/libero_10/KITCHEN_SCENE3_turn_on_the_stove_and_put_the_moka_pot_on_it_state8,libero_10,CONDITION_UNVERIFIED,TIER_X_REJECTED,False,False,False,False,False,False,False,False,False,False
/data/liuyu/outputs/milestone_2e5_l10100_parser_v2_privileged_rerun_20260527/runs/libero_10/LIVING_ROOM_SCENE6_put_the_white_mug_on_the_plate_and_put_the_chocolate_pudding_to_the_right_of_the_plate_state9,libero_10,CONDITION_UNVERIFIED,TIER_X_REJECTED,False,False,False,False,False,False,False,False,False,False
/data/liuyu/outputs/milestone_2e5_l10100_parser_v2_privileged_rerun_20260527/runs/libero_10/KITCHEN_SCENE6_put_the_yellow_and_white_mug_in_the_microwave_and_close_it_state7,libero_10,CONDITION_UNVERIFIED,TIER_X_REJECTED,False,False,False,False,False,False,False,False,False,False
/data/liuyu/outputs/milestone_2e5_l10100_parser_v2_privileged_rerun_20260527/runs/libero_10/LIVING_ROOM_SCENE5_put_the_white_mug_on_the_left_plate_and_put_the_yellow_and_white_mug_on_the_right_plate_state7,libero_10,CONDITION_UNVERIFIED,TIER_X_REJECTED,False,False,False,False,False,False,False,False,False,False
/data/liuyu/outputs/milestone_2e5_l10100_parser_v2_privileged_rerun_20260527/runs/libero_10/KITCHEN_SCENE6_put_the_yellow_and_white_mug_in_the_microwave_and_close_it_state2,libero_10,CONDITION_UNVERIFIED,TIER_X_REJECTED,False,False,False,False,False,False,False,False,False,False
/data/liuyu/outputs/milestone_2e5_l10100_parser_v2_privileged_rerun_20260527/runs/libero_10/KITCHEN_SCENE8_put_both_moka_pots_on_the_stove_state4,libero_10,CONDITION_UNVERIFIED,TIER_X_REJECTED,False,False,False,False,False,False,False,False,False,False
/data/liuyu/outputs/milestone_2e5_l10100_parser_v2_privileged_rerun_20260527/runs/libero_10/LIVING_ROOM_SCENE2_put_both_the_alphabet_soup_and_the_tomato_sauce_in_the_basket_state6,libero_10,CONDITION_UNVERIFIED,TIER_X_REJECTED,False,False,False,False,False,False,False,False,False,False
/data/liuyu/outputs/milestone_2e5_l10100_parser_v2_privileged_rerun_20260527/runs/libero_10/STUDY_SCENE1_pick_up_the_book_and_place_it_in_the_back_compartment_of_the_caddy_state3,libero_10,CONDITION_UNVERIFIED,TIER_X_REJECTED,False,False,False,False,False,False,False,False,False,False
/data/liuyu/outputs/milestone_2e5_l10100_parser_v2_privileged_rerun_20260527/runs/libero_10/KITCHEN_SCENE6_put_the_yellow_and_white_mug_in_the_microwave_and_close_it_state0,libero_10,CONDITION_UNVERIFIED,TIER_X_REJECTED,False,False,False,False,False,False,False,False,False,False
/data/liuyu/outputs/milestone_2e5_l10100_parser_v2_privileged_rerun_20260527/runs/libero_10/LIVING_ROOM_SCENE5_put_the_white_mug_on_the_left_plate_and_put_the_yellow_and_white_mug_on_the_right_plate_state9,libero_10,CONDITION_UNVERIFIED,TIER_X_REJECTED,False,False,False,False,False,False,False,False,False,False
/data/liuyu/outputs/milestone_2e5_l10100_parser_v2_privileged_rerun_20260527/runs/libero_10/KITCHEN_SCENE8_put_both_moka_pots_on_the_stove_state7,libero_10,CONDITION_UNVERIFIED,TIER_X_REJECTED,False,False,False,False,False,False,False,False,False,False
/data/liuyu/outputs/milestone_2e5_l10100_parser_v2_privileged_rerun_20260527/runs/libero_10/LIVING_ROOM_SCENE2_put_both_the_alphabet_soup_and_the_tomato_sauce_in_the_basket_state2,libero_10,CONDITION_UNVERIFIED,TIER_X_REJECTED,False,False,False,False,False,False,False,False,False,False
/data/liuyu/outputs/milestone_2e5_l10100_parser_v2_privileged_rerun_20260527/runs/libero_10/LIVING_ROOM_SCENE5_put_the_white_mug_on_the_left_plate_and_put_the_yellow_and_white_mug_on_the_right_plate_state6,libero_10,CONDITION_UNVERIFIED,TIER_X_REJECTED,False,False,False,False,False,False,False,False,False,False
/data/liuyu/outputs/milestone_2e5_l10100_parser_v2_privileged_rerun_20260527/runs/libero_10/KITCHEN_SCENE8_put_both_moka_pots_on_the_stove_state8,libero_10,CONDITION_UNVERIFIED,TIER_X_REJECTED,False,False,False,False,False,False,False,False,False,False
/data/liuyu/outputs/milestone_2e5_l10100_parser_v2_privileged_rerun_20260527/runs/libero_10/KITCHEN_SCENE4_put_the_black_bowl_in_the_bottom_drawer_of_the_cabinet_and_close_it_state0,libero_10,CONDITION_UNVERIFIED,TIER_X_REJECTED,False,False,False,False,False,False,False,False,False,False
/data/liuyu/outputs/milestone_2e5_l10100_parser_v2_privileged_rerun_20260527/runs/libero_10/STUDY_SCENE1_pick_up_the_book_and_place_it_in_the_back_compartment_of_the_caddy_state7,libero_10,CONDITION_UNVERIFIED,TIER_X_REJECTED,False,False,False,False,False,False,False,False,False,False
/data/liuyu/outputs/milestone_2e5_l10100_parser_v2_privileged_rerun_20260527/runs/libero_10/STUDY_SCENE1_pick_up_the_book_and_place_it_in_the_back_compartment_of_the_caddy_state4,libero_10,CONDITION_UNVERIFIED,TIER_X_REJECTED,False,False,False,False,False,False,False,False,False,False
/data/liuyu/outputs/milestone_2e5_l10100_parser_v2_privileged_rerun_20260527/runs/libero_10/LIVING_ROOM_SCENE2_put_both_the_cream_cheese_box_and_the_butter_in_the_basket_state6,libero_10,CONDITION_UNVERIFIED,TIER_X_REJECTED,False,False,False,False,False,False,False,False,False,False
/data/liuyu/outputs/milestone_2e5_l10100_parser_v2_privileged_rerun_20260527/runs/libero_10/KITCHEN_SCENE4_put_the_black_bowl_in_the_bottom_drawer_of_the_cabinet_and_close_it_state1,libero_10,CONDITION_UNVERIFIED,TIER_X_REJECTED,False,False,False,False,False,False,False,False,False,False
/data/liuyu/outputs/milestone_2e5_l10100_parser_v2_privileged_rerun_20260527/runs/libero_10/KITCHEN_SCENE4_put_the_black_bowl_in_the_bottom_drawer_of_the_cabinet_and_close_it_state6,libero_10,CONDITION_UNVERIFIED,TIER_X_REJECTED,False,False,False,False,False,False,False,False,False,False
/data/liuyu/outputs/milestone_2e5_l10100_parser_v2_privileged_rerun_20260527/runs/libero_10/STUDY_SCENE1_pick_up_the_book_and_place_it_in_the_back_compartment_of_the_caddy_state2,libero_10,CONDITION_UNVERIFIED,TIER_X_REJECTED,False,False,False,False,False,False,False,False,False,False
/data/liuyu/outputs/milestone_2e5_l10100_parser_v2_privileged_rerun_20260527/runs/libero_10/LIVING_ROOM_SCENE2_put_both_the_cream_cheese_box_and_the_butter_in_the_basket_state8,libero_10,CONDITION_UNVERIFIED,TIER_X_REJECTED,False,False,False,False,False,False,False,False,False,False
/data/liuyu/outputs/milestone_2e5_l10100_parser_v2_privileged_rerun_20260527/runs/libero_10/LIVING_ROOM_SCENE6_put_the_white_mug_on_the_plate_and_put_the_chocolate_pudding_to_the_right_of_the_plate_state5,libero_10,CONDITION_UNVERIFIED,TIER_X_REJECTED,False,False,False,False,False,False,False,False,False,False
/data/liuyu/outputs/milestone_2e5_l10100_parser_v2_privileged_rerun_20260527/runs/libero_10/LIVING_ROOM_SCENE5_put_the_white_mug_on_the_left_plate_and_put_the_yellow_and_white_mug_on_the_right_plate_state8,libero_10,CONDITION_UNVERIFIED,TIER_X_REJECTED,False,False,False,False,False,False,False,False,False,False
/data/liuyu/outputs/milestone_2e5_l10100_parser_v2_privileged_rerun_20260527/runs/libero_10/LIVING_ROOM_SCENE2_put_both_the_alphabet_soup_and_the_tomato_sauce_in_the_basket_state3,libero_10,CONDITION_UNVERIFIED,TIER_X_REJECTED,False,False,False,False,False,False,False,False,False,False
/data/liuyu/outputs/milestone_2e5_l10100_parser_v2_privileged_rerun_20260527/runs/libero_10/LIVING_ROOM_SCENE1_put_both_the_alphabet_soup_and_the_cream_cheese_box_in_the_basket_state4,libero_10,CONDITION_UNVERIFIED,TIER_X_REJECTED,False,False,False,False,False,False,False,False,False,False
/data/liuyu/outputs/milestone_2e5_l10100_parser_v2_privileged_rerun_20260527/runs/libero_10/KITCHEN_SCENE4_put_the_black_bowl_in_the_bottom_drawer_of_the_cabinet_and_close_it_state3,libero_10,CONDITION_UNVERIFIED,TIER_X_REJECTED,False,False,False,False,False,False,False,False,False,False
/data/liuyu/outputs/milestone_2e5_l10100_parser_v2_privileged_rerun_20260527/runs/libero_10/KITCHEN_SCENE4_put_the_black_bowl_in_the_bottom_drawer_of_the_cabinet_and_close_it_state9,libero_10,CONDITION_UNVERIFIED,TIER_X_REJECTED,False,False,False,False,False,False,False,False,False,False
/data/liuyu/outputs/milestone_2e5_l10100_parser_v2_privileged_rerun_20260527/runs/libero_10/LIVING_ROOM_SCENE1_put_both_the_alphabet_soup_and_the_cream_cheese_box_in_the_basket_state7,libero_10,CONDITION_UNVERIFIED,TIER_X_REJECTED,False,False,False,False,False,False,False,False,False,False
/data/liuyu/outputs/milestone_2e5_l10100_parser_v2_privileged_rerun_20260527/runs/libero_10/KITCHEN_SCENE8_put_both_moka_pots_on_the_stove_state2,libero_10,CONDITION_UNVERIFIED,TIER_X_REJECTED,False,False,False,False,False,False,False,False,False,False
/data/liuyu/outputs/milestone_2e5_l10100_parser_v2_privileged_rerun_20260527/runs/libero_10/KITCHEN_SCENE3_turn_on_the_stove_and_put_the_moka_pot_on_it_state0,libero_10,CONDITION_UNVERIFIED,TIER_X_REJECTED,False,False,False,False,False,False,False,False,False,False
/data/liuyu/outputs/milestone_2e5_l10100_parser_v2_privileged_rerun_20260527/runs/libero_10/LIVING_ROOM_SCENE6_put_the_white_mug_on_the_plate_and_put_the_chocolate_pudding_to_the_right_of_the_plate_state6,libero_10,CONDITION_UNVERIFIED,TIER_X_REJECTED,False,False,False,False,False,False,False,False,False,False
/data/liuyu/outputs/milestone_2e5_l10100_parser_v2_privileged_rerun_20260527/runs/libero_10/KITCHEN_SCENE3_turn_on_the_stove_and_put_the_moka_pot_on_it_state3,libero_10,CONDITION_UNVERIFIED,TIER_X_REJECTED,False,False,False,False,False,False,False,False,False,False
/data/liuyu/outputs/milestone_2e5_l10100_parser_v2_privileged_rerun_20260527/runs/libero_10/KITCHEN_SCENE8_put_both_moka_pots_on_the_stove_state6,libero_10,CONDITION_UNVERIFIED,TIER_X_REJECTED,False,False,False,False,False,False,False,False,False,False
/data/liuyu/outputs/milestone_2e5_l10100_parser_v2_privileged_rerun_20260527/runs/libero_10/KITCHEN_SCENE4_put_the_black_bowl_in_the_bottom_drawer_of_the_cabinet_and_close_it_state4,libero_10,CONDITION_UNVERIFIED,TIER_X_REJECTED,False,False,False,False,False,False,False,False,False,False
/data/liuyu/outputs/milestone_2e5_l10100_parser_v2_privileged_rerun_20260527/runs/libero_10/LIVING_ROOM_SCENE2_put_both_the_cream_cheese_box_and_the_butter_in_the_basket_state5,libero_10,CONDITION_UNVERIFIED,TIER_X_REJECTED,False,False,False,False,False,False,False,False,False,False
/data/liuyu/outputs/milestone_2e5_l10100_parser_v2_privileged_rerun_20260527/runs/libero_10/KITCHEN_SCENE4_put_the_black_bowl_in_the_bottom_drawer_of_the_cabinet_and_close_it_state2,libero_10,CONDITION_UNVERIFIED,TIER_X_REJECTED,False,False,False,False,False,False,False,False,False,False
/data/liuyu/outputs/milestone_2e5_l10100_parser_v2_privileged_rerun_20260527/runs/libero_10/LIVING_ROOM_SCENE1_put_both_the_alphabet_soup_and_the_cream_cheese_box_in_the_basket_state2,libero_10,CONDITION_UNVERIFIED,TIER_X_REJECTED,False,False,False,False,False,False,False,False,False,False
/data/liuyu/outputs/milestone_2e5_l10100_parser_v2_privileged_rerun_20260527/runs/libero_10/STUDY_SCENE1_pick_up_the_book_and_place_it_in_the_back_compartment_of_the_caddy_state0,libero_10,CONDITION_UNVERIFIED,TIER_X_REJECTED,False,False,False,False,False,False,False,False,False,False
/data/liuyu/outputs/milestone_2e5_l10100_parser_v2_privileged_rerun_20260527/runs/libero_10/LIVING_ROOM_SCENE1_put_both_the_alphabet_soup_and_the_cream_cheese_box_in_the_basket_state1,libero_10,CONDITION_UNVERIFIED,TIER_X_REJECTED,False,False,False,False,False,False,False,False,False,False
/data/liuyu/outputs/milestone_2e5_l10100_parser_v2_privileged_rerun_20260527/runs/libero_10/KITCHEN_SCENE3_turn_on_the_stove_and_put_the_moka_pot_on_it_state1,libero_10,CONDITION_UNVERIFIED,TIER_X_REJECTED,False,False,False,False,False,False,False,False,False,False
/data/liuyu/outputs/milestone_2e5_l10100_parser_v2_privileged_rerun_20260527/runs/libero_10/KITCHEN_SCENE8_put_both_moka_pots_on_the_stove_state1,libero_10,CONDITION_UNVERIFIED,TIER_X_REJECTED,False,False,False,False,False,False,False,False,False,False
/data/liuyu/outputs/milestone_2e5_l10100_parser_v2_privileged_rerun_20260527/runs/libero_10/LIVING_ROOM_SCENE2_put_both_the_cream_cheese_box_and_the_butter_in_the_basket_state4,libero_10,CONDITION_UNVERIFIED,TIER_X_REJECTED,False,False,False,False,False,False,False,False,False,False
/data/liuyu/outputs/milestone_2e5_l10100_parser_v2_privileged_rerun_20260527/runs/libero_10/STUDY_SCENE1_pick_up_the_book_and_place_it_in_the_back_compartment_of_the_caddy_state9,libero_10,CONDITION_UNVERIFIED,TIER_X_REJECTED,False,False,False,False,False,False,False,False,False,False
/data/liuyu/outputs/milestone_2e5_l10100_parser_v2_privileged_rerun_20260527/runs/libero_10/STUDY_SCENE1_pick_up_the_book_and_place_it_in_the_back_compartment_of_the_caddy_state5,libero_10,CONDITION_UNVERIFIED,TIER_X_REJECTED,False,False,False,False,False,False,False,False,False,False
/data/liuyu/outputs/milestone_2e5_l10100_parser_v2_privileged_rerun_20260527/runs/libero_10/LIVING_ROOM_SCENE6_put_the_white_mug_on_the_plate_and_put_the_chocolate_pudding_to_the_right_of_the_plate_state3,libero_10,CONDITION_UNVERIFIED,TIER_X_REJECTED,False,False,False,False,False,False,False,False,False,False
/data/liuyu/outputs/milestone_2e5_l10100_parser_v2_privileged_rerun_20260527/runs/libero_10/LIVING_ROOM_SCENE1_put_both_the_alphabet_soup_and_the_cream_cheese_box_in_the_basket_state6,libero_10,CONDITION_UNVERIFIED,TIER_X_REJECTED,False,False,False,False,False,False,False,False,False,False
/data/liuyu/outputs/milestone_2e5_l10100_parser_v2_privileged_rerun_20260527/runs/libero_10/LIVING_ROOM_SCENE5_put_the_white_mug_on_the_left_plate_and_put_the_yellow_and_white_mug_on_the_right_plate_state1,libero_10,CONDITION_UNVERIFIED,TIER_X_REJECTED,False,False,False,False,False,False,False,False,False,False
/data/liuyu/outputs/milestone_2e5_l10100_parser_v2_privileged_rerun_20260527/runs/libero_10/KITCHEN_SCENE3_turn_on_the_stove_and_put_the_moka_pot_on_it_state9,libero_10,CONDITION_UNVERIFIED,TIER_X_REJECTED,False,False,False,False,False,False,False,False,False,False
/data/liuyu/outputs/milestone_2e5_l10100_parser_v2_privileged_rerun_20260527/runs/libero_10/LIVING_ROOM_SCENE1_put_both_the_alphabet_soup_and_the_cream_cheese_box_in_the_basket_state8,libero_10,CONDITION_UNVERIFIED,TIER_X_REJECTED,False,False,False,False,False,False,False,False,False,False
/data/liuyu/outputs/milestone_2e5_l10100_parser_v2_privileged_rerun_20260527/runs/libero_10/KITCHEN_SCENE8_put_both_moka_pots_on_the_stove_state5,libero_10,CONDITION_UNVERIFIED,TIER_X_REJECTED,False,False,False,False,False,False,False,False,False,False
/data/liuyu/outputs/milestone_2e5_l10100_parser_v2_privileged_rerun_20260527/runs/libero_10/KITCHEN_SCENE6_put_the_yellow_and_white_mug_in_the_microwave_and_close_it_state1,libero_10,CONDITION_UNVERIFIED,TIER_X_REJECTED,False,False,False,False,False,False,False,False,False,False
/data/liuyu/outputs/milestone_2e5_l10100_parser_v2_privileged_rerun_20260527/runs/libero_10/LIVING_ROOM_SCENE6_put_the_white_mug_on_the_plate_and_put_the_chocolate_pudding_to_the_right_of_the_plate_state1,libero_10,CONDITION_UNVERIFIED,TIER_X_REJECTED,False,False,False,False,False,False,False,False,False,False
/data/liuyu/outputs/milestone_2e5_l10100_parser_v2_privileged_rerun_20260527/runs/libero_10/KITCHEN_SCENE6_put_the_yellow_and_white_mug_in_the_microwave_and_close_it_state5,libero_10,CONDITION_UNVERIFIED,TIER_X_REJECTED,False,False,False,False,False,False,False,False,False,False
/data/liuyu/outputs/libero_asset_apply_smoke_20260521_physrender_014526/smoke_clean/assetapply_smoke_object_pick_up_the_bbq_sauce_and_place_it_in_the_basket_state0_seed1_clean,,CLEAN,TIER_X_REJECTED,False,False,False,False,False,False,False,False,False,False
/data/liuyu/outputs/libero_asset_apply_smoke_20260521_physrender_014526/smoke_clean/assetapply_smoke_object_pick_up_the_ketchup_and_place_it_in_the_basket_state0_seed1_clean,,CLEAN,TIER_X_REJECTED,False,False,False,False,False,False,False,False,False,False
/data/liuyu/outputs/libero_asset_apply_smoke_20260521_physrender_014526/smoke_clean/assetapply_smoke_libero10_kitchen_scene6_put_the_yellow_and_white_mug_in_the_microwave_and_close_it_state0_seed1_clean,libero_10,CLEAN,TIER_X_REJECTED,False,False,False,False,False,False,False,False,False,False
/data/liuyu/outputs/d44d_balanced120_gpu26_r1/butter_s45_shadow_attempt1,,CONDITION_UNVERIFIED,TIER_X_REJECTED,False,False,False,False,False,False,False,False,False,False
/data/liuyu/outputs/d44d_balanced120_gpu26_r1/tomato_sauce_s34_shadow_attempt1,,CONDITION_UNVERIFIED,TIER_X_REJECTED,False,False,False,False,False,False,False,False,False,False
/data/liuyu/outputs/d44d_balanced120_gpu26_r1/milk_s2_shadow_attempt1,,CONDITION_UNVERIFIED,TIER_X_REJECTED,False,False,False,False,False,False,False,False,False,False
/data/liuyu/outputs/d44d_balanced120_gpu26_r1/salad_dressing_s14_shadow_attempt1,,CONDITION_UNVERIFIED,TIER_X_REJECTED,False,False,False,False,False,False,False,False,False,False
/data/liuyu/outputs/d44d_balanced120_gpu26_r1/bbq_sauce_s10_shadow_attempt1,,CONDITION_UNVERIFIED,TIER_X_REJECTED,False,False,False,False,False,False,False,False,False,False
/data/liuyu/outputs/d44d_balanced120_gpu26_r1/ketchup_s30_shadow_attempt1,,CONDITION_UNVERIFIED,TIER_X_REJECTED,False,False,False,False,False,False,False,False,False,False
/data/liuyu/outputs/d44d_balanced120_gpu26_r1/ketchup_s9_shadow_attempt1,,CONDITION_UNVERIFIED,TIER_X_REJECTED,False,False,False,False,False,False,False,False,False,False
/data/liuyu/outputs/d44d_balanced120_gpu26_r1/salad_dressing_s48_shadow_attempt1,,CONDITION_UNVERIFIED,TIER_X_REJECTED,False,False,False,False,False,False,False,False,False,False
/data/liuyu/outputs/d44d_balanced120_gpu26_r1/bbq_sauce_s18_shadow_attempt1,,CONDITION_UNVERIFIED,TIER_X_REJECTED,False,False,False,False,False,False,False,False,False,False
/data/liuyu/outputs/d44d_balanced120_gpu26_r1/butter_s24_shadow_attempt1,,CONDITION_UNVERIFIED,TIER_X_REJECTED,False,False,False,False,False,False,False,False,False,False
/data/liuyu/outputs/d44d_balanced120_gpu26_r1/ketchup_s2_shadow_attempt1,,CONDITION_UNVERIFIED,TIER_X_REJECTED,False,False,False,False,False,False,False,False,False,False
/data/liuyu/outputs/d44d_balanced120_gpu26_r1/tomato_sauce_s49_shadow_attempt1,,CONDITION_UNVERIFIED,TIER_X_REJECTED,False,False,False,False,False,False,False,False,False,False
/data/liuyu/outputs/d44d_balanced120_gpu26_r1/orange_juice_s31_shadow_attempt1,,CONDITION_UNVERIFIED,TIER_X_REJECTED,False,False,False,False,False,False,False,False,False,False
/data/liuyu/outputs/d44d_balanced120_gpu26_r1/chocolate_pudding_s37_shadow_attempt1,,CONDITION_UNVERIFIED,TIER_X_REJECTED,False,False,False,False,False,False,False,False,False,False
/data/liuyu/outputs/d44d_balanced120_gpu26_r1/bbq_sauce_s21_shadow_attempt1,,CONDITION_UNVERIFIED,TIER_X_REJECTED,False,False,False,False,False,False,False,False,False,False
/data/liuyu/outputs/d44d_balanced120_gpu26_r1/orange_juice_s41_shadow_attempt1,,CONDITION_UNVERIFIED,TIER_X_REJECTED,False,False,False,False,False,False,False,False,False,False
/data/liuyu/outputs/d44d_balanced120_gpu26_r1/chocolate_pudding_s47_shadow_attempt1,,CONDITION_UNVERIFIED,TIER_X_REJECTED,False,False,False,False,False,False,False,False,False,False
/data/liuyu/outputs/d44d_balanced120_gpu26_r1/bbq_sauce_s27_shadow_attempt1,,CONDITION_UNVERIFIED,TIER_X_REJECTED,False,False,False,False,False,False,False,False,False,False
/data/liuyu/outputs/d44d_balanced120_gpu26_r1/ketchup_s7_shadow_attempt1,,CONDITION_UNVERIFIED,TIER_X_REJECTED,False,False,False,False,False,False,False,False,False,False
/data/liuyu/outputs/d44d_balanced120_gpu26_r1/milk_s7_shadow_attempt1,,CONDITION_UNVERIFIED,TIER_X_REJECTED,False,False,False,False,False,False,False,False,False,False
/data/liuyu/outputs/d44d_balanced120_gpu26_r1/tomato_sauce_s47_shadow_attempt1,,CONDITION_UNVERIFIED,TIER_X_REJECTED,False,False,False,False,False,False,False,False,False,False
/data/liuyu/outputs/d44d_balanced120_gpu26_r1/salad_dressing_s26_shadow_attempt1,,CONDITION_UNVERIFIED,TIER_X_REJECTED,False,False,False,False,False,False,False,False,False,False
/data/liuyu/outputs/d44d_balanced120_gpu26_r1/bbq_sauce_s33_shadow_attempt1,,CONDITION_UNVERIFIED,TIER_X_REJECTED,False,False,False,False,False,False,False,False,False,False
/data/liuyu/outputs/d44d_balanced120_gpu26_r1/tomato_sauce_s19_shadow_attempt1,,CONDITION_UNVERIFIED,TIER_X_REJECTED,False,False,False,False,False,False,False,False,False,False
/data/liuyu/outputs/d44d_balanced120_gpu26_r1/milk_s15_shadow_attempt1,,CONDITION_UNVERIFIED,TIER_X_REJECTED,False,False,False,False,False,False,False,False,False,False
/data/liuyu/outputs/d44d_balanced120_gpu26_r1/salad_dressing_s1_shadow_attempt1,,CONDITION_UNVERIFIED,TIER_X_REJECTED,False,False,False,False,False,False,False,False,False,False
/data/liuyu/outputs/d44d_balanced120_gpu26_r1/cream_cheese_s49_shadow_attempt1,,CONDITION_UNVERIFIED,TIER_X_REJECTED,False,False,False,False,False,False,False,False,False,False
/data/liuyu/outputs/d44d_balanced120_gpu26_r1/butter_s16_shadow_attempt1,,CONDITION_UNVERIFIED,TIER_X_REJECTED,False,False,False,False,False,False,False,False,False,False
/data/liuyu/outputs/d44d_balanced120_gpu26_r1/chocolate_pudding_s23_shadow_attempt1,,CONDITION_UNVERIFIED,TIER_X_REJECTED,False,False,False,False,False,False,False,False,False,False
/data/liuyu/outputs/d44d_balanced120_gpu26_r1/milk_s36_shadow_attempt1,,CONDITION_UNVERIFIED,TIER_X_REJECTED,False,False,False,False,False,False,False,False,False,False
/data/liuyu/outputs/d44d_balanced120_gpu26_r1/salad_dressing_s24_shadow_attempt1,,CONDITION_UNVERIFIED,TIER_X_REJECTED,False,False,False,False,False,False,False,False,False,False
/data/liuyu/outputs/d44d_balanced120_gpu26_r1/orange_juice_s30_shadow_attempt1,,CONDITION_UNVERIFIED,TIER_X_REJECTED,False,False,False,False,False,False,False,False,False,False
/data/liuyu/outputs/d44d_balanced120_gpu26_r1/chocolate_pudding_s2_shadow_attempt1,,CONDITION_UNVERIFIED,TIER_X_REJECTED,False,False,False,False,False,False,False,False,False,False
/data/liuyu/outputs/d44d_balanced120_gpu26_r1/tomato_sauce_s24_shadow_attempt1,,CONDITION_UNVERIFIED,TIER_X_REJECTED,False,False,False,False,False,False,False,False,False,False
/data/liuyu/outputs/d44d_balanced120_gpu26_r1/tomato_sauce_s18_shadow_attempt1,,CONDITION_UNVERIFIED,TIER_X_REJECTED,False,False,False,False,False,False,False,False,False,False
/data/liuyu/outputs/d44d_balanced120_gpu26_r1/cream_cheese_s2_shadow_attempt1,,CONDITION_UNVERIFIED,TIER_X_REJECTED,False,False,False,False,False,False,False,False,False,False
/data/liuyu/outputs/d44d_balanced120_gpu26_r1/tomato_sauce_s2_shadow_attempt1,,CONDITION_UNVERIFIED,TIER_X_REJECTED,False,False,False,False,False,False,False,False,False,False
/data/liuyu/outputs/d44d_balanced120_gpu26_r1/butter_s12_shadow_attempt1,,CONDITION_UNVERIFIED,TIER_X_REJECTED,False,False,False,False,False,False,False,False,False,False
/data/liuyu/outputs/d44d_balanced120_gpu26_r1/cream_cheese_s14_shadow_attempt1,,CONDITION_UNVERIFIED,TIER_X_REJECTED,False,False,False,False,False,False,False,False,False,False
/data/liuyu/outputs/d44d_balanced120_gpu26_r1/orange_juice_s29_shadow_attempt1,,CONDITION_UNVERIFIED,TIER_X_REJECTED,False,False,False,False,False,False,False,False,False,False
/data/liuyu/outputs/d44d_balanced120_gpu26_r1/salad_dressing_s29_shadow_attempt1,,CONDITION_UNVERIFIED,TIER_X_REJECTED,False,False,False,False,False,False,False,False,False,False
/data/liuyu/outputs/d44d_balanced120_gpu26_r1/bbq_sauce_s30_shadow_attempt1,,CONDITION_UNVERIFIED,TIER_X_REJECTED,False,False,False,False,False,False,False,False,False,False
/data/liuyu/outputs/d44d_balanced120_gpu26_r1/bbq_sauce_s40_shadow_attempt1,,CONDITION_UNVERIFIED,TIER_X_REJECTED,False,False,False,False,False,False,False,False,False,False
/data/liuyu/outputs/d44d_balanced120_gpu26_r1/chocolate_pudding_s40_shadow_attempt1,,CONDITION_UNVERIFIED,TIER_X_REJECTED,False,False,False,False,False,False,False,False,False,False
/data/liuyu/outputs/d44d_balanced120_gpu26_r1/milk_s11_shadow_attempt1,,CONDITION_UNVERIFIED,TIER_X_REJECTED,False,False,False,False,False,False,False,False,False,False
/data/liuyu/outputs/d44d_balanced120_gpu26_r1/orange_juice_s10_shadow_attempt1,,CONDITION_UNVERIFIED,TIER_X_REJECTED,False,False,False,False,False,False,False,False,False,False
/data/liuyu/outputs/d44d_balanced120_gpu26_r1/chocolate_pudding_s22_shadow_attempt1,,CONDITION_UNVERIFIED,TIER_X_REJECTED,False,False,False,False,False,False,False,False,False,False
/data/liuyu/outputs/d44d_balanced120_gpu26_r1/tomato_sauce_s26_shadow_attempt1,,CONDITION_UNVERIFIED,TIER_X_REJECTED,False,False,False,False,False,False,False,False,False,False
/data/liuyu/outputs/d44d_balanced120_gpu26_r1/tomato_sauce_s45_shadow_attempt1,,CONDITION_UNVERIFIED,TIER_X_REJECTED,False,False,False,False,False,False,False,False,False,False
/data/liuyu/outputs/d44d_balanced120_gpu26_r1/butter_s26_shadow_attempt1,,CONDITION_UNVERIFIED,TIER_X_REJECTED,False,False,False,False,False,False,False,False,False,False
/data/liuyu/outputs/d44d_balanced120_gpu26_r1/cream_cheese_s4_shadow_attempt1,,CONDITION_UNVERIFIED,TIER_X_REJECTED,False,False,False,False,False,False,False,False,False,False
/data/liuyu/outputs/d44d_balanced120_gpu26_r1/cream_cheese_s1_shadow_attempt1,,CONDITION_UNVERIFIED,TIER_X_REJECTED,False,False,False,False,False,False,False,False,False,False
/data/liuyu/outputs/d44d_balanced120_gpu26_r1/cream_cheese_s29_shadow_attempt1,,CONDITION_UNVERIFIED,TIER_X_REJECTED,False,False,False,False,False,False,False,False,False,False
/data/liuyu/outputs/d44d_balanced120_gpu26_r1/cream_cheese_s25_shadow_attempt1,,CONDITION_UNVERIFIED,TIER_X_REJECTED,False,False,False,False,False,False,False,False,False,False
/data/liuyu/outputs/d44d_balanced120_gpu26_r1/salad_dressing_s27_shadow_attempt1,,CONDITION_UNVERIFIED,TIER_X_REJECTED,False,False,False,False,False,False,False,False,False,False
/data/liuyu/outputs/d44d_balanced120_gpu26_r1/milk_s30_shadow_attempt1,,CONDITION_UNVERIFIED,TIER_X_REJECTED,False,False,False,False,False,False,False,False,False,False
/data/liuyu/outputs/d44d_balanced120_gpu26_r1/butter_s11_shadow_attempt1,,CONDITION_UNVERIFIED,TIER_X_REJECTED,False,False,False,False,False,False,False,False,False,False
/data/liuyu/outputs/d44d_balanced120_gpu26_r1/milk_s10_shadow_attempt1,,CONDITION_UNVERIFIED,TIER_X_REJECTED,False,False,False,False,False,False,False,False,False,False
/data/liuyu/outputs/d44d_balanced120_gpu26_r1/butter_s15_shadow_attempt1,,CONDITION_UNVERIFIED,TIER_X_REJECTED,False,False,False,False,False,False,False,False,False,False
/data/liuyu/outputs/d44d_balanced120_gpu26_r1/butter_s22_shadow_attempt1,,CONDITION_UNVERIFIED,TIER_X_REJECTED,False,False,False,False,False,False,False,False,False,False
/data/liuyu/outputs/d44d_balanced120_gpu26_r1/ketchup_s31_shadow_attempt1,,CONDITION_UNVERIFIED,TIER_X_REJECTED,False,False,False,False,False,False,False,False,False,False
/data/liuyu/outputs/d44d_balanced120_gpu26_r1/bbq_sauce_s5_shadow_attempt1,,CONDITION_UNVERIFIED,TIER_X_REJECTED,False,False,False,False,False,False,False,False,False,False
/data/liuyu/outputs/d44d_balanced120_gpu26_r1/milk_s31_shadow_attempt1,,CONDITION_UNVERIFIED,TIER_X_REJECTED,False,False,False,False,False,False,False,False,False,False
/data/liuyu/outputs/d44d_balanced120_gpu26_r1/orange_juice_s39_shadow_attempt1,,CONDITION_UNVERIFIED,TIER_X_REJECTED,False,False,False,False,False,False,False,False,False,False
/data/liuyu/outputs/vis_contact_frame_dump_clean_20260531/runs/libero_object/vis_contact_frame_clean_cream_cheese_s0,,CLEAN,TIER_X_REJECTED,False,False,False,False,False,False,False,False,False,False
/data/liuyu/outputs/vis_contact_frame_dump_clean_20260531/runs/libero_object/vis_contact_frame_clean_ketchup_s0,,CLEAN,TIER_X_REJECTED,False,False,False,False,False,False,False,False,False,False
/data/liuyu/outputs/vis_contact_frame_dump_clean_20260531/runs/libero_object/vis_contact_frame_clean_tomato_sauce_s0,,CLEAN,TIER_X_REJECTED,False,False,False,False,False,False,False,False,False,False
/data/liuyu/outputs/v2_phase3_pilot/s2/HOLD_SG5_K10,,HOLD_SG5_K10,TIER_X_REJECTED,False,False,False,False,False,False,False,False,False,False
/data/liuyu/outputs/v2_phase3_pilot/s2/HOLD_SC5_K10,,HOLD_SC5_K10,TIER_X_REJECTED,False,False,False,False,False,False,False,False,False,False
/data/liuyu/outputs/v2_phase3_pilot/s2/HOLD_D5_K10,,HOLD_D5_K10,TIER_X_REJECTED,False,False,False,False,False,False,False,False,False,False
/data/liuyu/outputs/v2_phase3_pilot/s2/CLEAN,,CLEAN,TIER_D_LEGACY_REFERENCE_ONLY,False,False,False,False,False,False,False,False,False,False
/data/liuyu/outputs/v2_phase3_pilot/s3/HOLD_SG5_K10,,HOLD_SG5_K10,TIER_X_REJECTED,False,False,False,False,False,False,False,False,False,False
/data/liuyu/outputs/v2_phase3_pilot/s3/HOLD_SC5_K10,,HOLD_SC5_K10,TIER_X_REJECTED,False,False,False,False,False,False,False,False,False,False
/data/liuyu/outputs/v2_phase3_pilot/s3/HOLD_D5_K10,,HOLD_D5_K10,TIER_X_REJECTED,False,False,False,False,False,False,False,False,False,False
/data/liuyu/outputs/v2_phase3_pilot/s3/CLEAN,,CLEAN,TIER_D_LEGACY_REFERENCE_ONLY,False,False,False,False,False,False,False,False,False,False
/data/liuyu/outputs/v2_phase3_pilot/s3/HOLD_MID_K10,,HOLD_MID_K10,TIER_X_REJECTED,False,False,False,False,False,False,False,False,False,False
/data/liuyu/outputs/v2_phase3_pilot/s6/HOLD_SG5_K10,,HOLD_SG5_K10,TIER_X_REJECTED,False,False,False,False,False,False,False,False,False,False
/data/liuyu/outputs/v2_phase3_pilot/s6/HOLD_SC5_K10,,HOLD_SC5_K10,TIER_X_REJECTED,False,False,False,False,False,False,False,False,False,False
/data/liuyu/outputs/v2_phase3_pilot/s6/HOLD_D5_K10,,HOLD_D5_K10,TIER_X_REJECTED,False,False,False,False,False,False,False,False,False,False
/data/liuyu/outputs/v2_phase3_pilot/s6/CLEAN,,CLEAN,TIER_D_LEGACY_REFERENCE_ONLY,False,False,False,False,False,False,False,False,False,False
/data/liuyu/outputs/v2_phase3_pilot/s6/HOLD_MID_K10,,HOLD_MID_K10,TIER_X_REJECTED,False,False,False,False,False,False,False,False,False,False
/data/liuyu/outputs/v2_phase3_pilot/s5/HOLD_SG5_K10,,HOLD_SG5_K10,TIER_X_REJECTED,False,False,False,False,False,False,False,False,False,False
/data/liuyu/outputs/v2_phase3_pilot/s5/HOLD_SC5_K10,,HOLD_SC5_K10,TIER_X_REJECTED,False,False,False,False,False,False,False,False,False,False
/data/liuyu/outputs/v2_phase3_pilot/s5/HOLD_D5_K10,,HOLD_D5_K10,TIER_X_REJECTED,False,False,False,False,False,False,False,False,False,False
/data/liuyu/outputs/v2_phase3_pilot/s5/CLEAN,,CLEAN,TIER_D_LEGACY_REFERENCE_ONLY,False,False,False,False,False,False,False,False,False,False
/data/liuyu/outputs/v2_phase3_pilot/s7/HOLD_SG5_K10,,HOLD_SG5_K10,TIER_X_REJECTED,False,False,False,False,False,False,False,False,False,False
/data/liuyu/outputs/v2_phase3_pilot/s7/HOLD_SC5_K10,,HOLD_SC5_K10,TIER_X_REJECTED,False,False,False,False,False,False,False,False,False,False
/data/liuyu/outputs/v2_phase3_pilot/s7/HOLD_D5_K10,,HOLD_D5_K10,TIER_X_REJECTED,False,False,False,False,False,False,False,False,False,False
/data/liuyu/outputs/v2_phase3_pilot/s7/CLEAN,,CLEAN,TIER_D_LEGACY_REFERENCE_ONLY,False,False,False,False,False,False,False,False,False,False
/data/liuyu/outputs/v2_phase3_pilot/s7/HOLD_MID_K10,,HOLD_MID_K10,TIER_X_REJECTED,False,False,False,False,False,False,False,False,False,False
/data/liuyu/outputs/v2_phase3_pilot/s8/HOLD_SG5_K10,,HOLD_SG5_K10,TIER_X_REJECTED,False,False,False,False,False,False,False,False,False,False
/data/liuyu/outputs/v2_phase3_pilot/s8/HOLD_SC5_K10,,HOLD_SC5_K10,TIER_X_REJECTED,False,False,False,False,False,False,False,False,False,False
/data/liuyu/outputs/v2_phase3_pilot/s8/HOLD_D5_K10,,HOLD_D5_K10,TIER_X_REJECTED,False,False,False,False,False,False,False,False,False,False
/data/liuyu/outputs/v2_phase3_pilot/s8/CLEAN,,CLEAN,TIER_D_LEGACY_REFERENCE_ONLY,False,False,False,False,False,False,False,False,False,False
/data/liuyu/outputs/v2_phase3_pilot/s8/HOLD_MID_K10,,HOLD_MID_K10,TIER_X_REJECTED,False,False,False,False,False,False,False,False,False,False
/data/liuyu/outputs/v2_phase3_pilot/s9/HOLD_SG5_K10,,HOLD_SG5_K10,TIER_X_REJECTED,False,False,False,False,False,False,False,False,False,False
/data/liuyu/outputs/v2_phase3_pilot/s9/HOLD_SC5_K10,,HOLD_SC5_K10,TIER_X_REJECTED,False,False,False,False,False,False,False,False,False,False
/data/liuyu/outputs/v2_phase3_pilot/s9/HOLD_D5_K10,,HOLD_D5_K10,TIER_X_REJECTED,False,False,False,False,False,False,False,False,False,False
/data/liuyu/outputs/v2_phase3_pilot/s9/CLEAN,,CLEAN,TIER_D_LEGACY_REFERENCE_ONLY,False,False,False,False,False,False,False,False,False,False
/data/liuyu/outputs/v2_phase3_pilot/s9/HOLD_MID_K10,,HOLD_MID_K10,TIER_X_REJECTED,False,False,False,False,False,False,False,False,False,False
/data/liuyu/outputs/v2_phase3_pilot/s0/HOLD_SG5_K10,,HOLD_SG5_K10,TIER_X_REJECTED,False,False,False,False,False,False,False,False,False,False
/data/liuyu/outputs/v2_phase3_pilot/s0/HOLD_SC5_K10,,HOLD_SC5_K10,TIER_X_REJECTED,False,False,False,False,False,False,False,False,False,False
/data/liuyu/outputs/v2_phase3_pilot/s0/HOLD_D5_K10,,HOLD_D5_K10,TIER_X_REJECTED,False,False,False,False,False,False,False,False,False,False
/data/liuyu/outputs/v2_phase3_pilot/s0/CLEAN,,CLEAN,TIER_D_LEGACY_REFERENCE_ONLY,False,False,False,False,False,False,False,False,False,False
/data/liuyu/outputs/v2_phase3_pilot/s0/HOLD_MID_K10,,HOLD_MID_K10,TIER_X_REJECTED,False,False,False,False,False,False,False,False,False,False
/data/liuyu/outputs/d44d_balanced120_gpu13_r1/cream_cheese_s34_shadow_attempt1,,CONDITION_UNVERIFIED,TIER_X_REJECTED,False,False,False,False,False,False,False,False,False,False
/data/liuyu/outputs/d44d_balanced120_gpu13_r1/cream_cheese_s42_shadow_attempt1,,CONDITION_UNVERIFIED,TIER_X_REJECTED,False,False,False,False,False,False,False,False,False,False
/data/liuyu/outputs/d44d_balanced120_gpu13_r1/alphabet_soup_s10_shadow_attempt1,,CONDITION_UNVERIFIED,TIER_X_REJECTED,False,False,False,False,False,False,False,False,False,False
/data/liuyu/outputs/d44d_balanced120_gpu13_r1/bbq_sauce_s47_shadow_attempt1,,CONDITION_UNVERIFIED,TIER_X_REJECTED,False,False,False,False,False,False,False,False,False,False
/data/liuyu/outputs/d44d_balanced120_gpu13_r1/cream_cheese_s21_shadow_attempt1,,CONDITION_UNVERIFIED,TIER_X_REJECTED,False,False,False,False,False,False,False,False,False,False
/data/liuyu/outputs/d44d_balanced120_gpu13_r1/salad_dressing_s45_shadow_attempt1,,CONDITION_UNVERIFIED,TIER_X_REJECTED,False,False,False,False,False,False,False,False,False,False
/data/liuyu/outputs/d44d_balanced120_gpu13_r1/alphabet_soup_s15_shadow_attempt1,,CONDITION_UNVERIFIED,TIER_X_REJECTED,False,False,False,False,False,False,False,False,False,False
/data/liuyu/outputs/d44d_balanced120_gpu13_r1/cream_cheese_s20_shadow_attempt1,,CONDITION_UNVERIFIED,TIER_X_REJECTED,False,False,False,False,False,False,False,False,False,False
/data/liuyu/outputs/d44d_balanced120_gpu13_r1/cream_cheese_s47_shadow_attempt1,,CONDITION_UNVERIFIED,TIER_X_REJECTED,False,False,False,False,False,False,False,False,False,False
/data/liuyu/outputs/d44d_balanced120_gpu13_r1/alphabet_soup_s17_shadow_attempt1,,CONDITION_UNVERIFIED,TIER_X_REJECTED,False,False,False,False,False,False,False,False,False,False
/data/liuyu/outputs/d44d_balanced120_gpu13_r1/salad_dressing_s32_shadow_attempt1,,CONDITION_UNVERIFIED,TIER_X_REJECTED,False,False,False,False,False,False,False,False,False,False
/data/liuyu/outputs/d44d_balanced120_gpu13_r1/salad_dressing_s16_shadow_attempt1,,CONDITION_UNVERIFIED,TIER_X_REJECTED,False,False,False,False,False,False,False,False,False,False
/data/liuyu/outputs/milestone_2e2_object100_privileged_artifact_rich_20260527/runs/libero_object/pick_up_the_butter_and_place_it_in_the_basket_state7,,CONDITION_UNVERIFIED,TIER_X_REJECTED,False,False,False,False,False,False,False,False,False,False
/data/liuyu/outputs/milestone_2e2_object100_privileged_artifact_rich_20260527/runs/libero_object/pick_up_the_cream_cheese_and_place_it_in_the_basket_state6,,CONDITION_UNVERIFIED,TIER_X_REJECTED,False,False,False,False,False,False,False,False,False,False
/data/liuyu/outputs/milestone_2e2_object100_privileged_artifact_rich_20260527/runs/libero_object/pick_up_the_orange_juice_and_place_it_in_the_basket_state1,,CONDITION_UNVERIFIED,TIER_X_REJECTED,False,False,False,False,False,False,False,False,False,False
/data/liuyu/outputs/milestone_2e2_object100_privileged_artifact_rich_20260527/runs/libero_object/pick_up_the_salad_dressing_and_place_it_in_the_basket_state6,,CONDITION_UNVERIFIED,TIER_X_REJECTED,False,False,False,False,False,False,False,False,False,False
/data/liuyu/outputs/milestone_2e2_object100_privileged_artifact_rich_20260527/runs/libero_object/pick_up_the_chocolate_pudding_and_place_it_in_the_basket_state3,,CONDITION_UNVERIFIED,TIER_X_REJECTED,False,False,False,False,False,False,False,False,False,False
/data/liuyu/outputs/milestone_2e2_object100_privileged_artifact_rich_20260527/runs/libero_object/pick_up_the_cream_cheese_and_place_it_in_the_basket_state5,,CONDITION_UNVERIFIED,TIER_X_REJECTED,False,False,False,False,False,False,False,False,False,False
/data/liuyu/outputs/milestone_2e2_object100_privileged_artifact_rich_20260527/runs/libero_object/pick_up_the_salad_dressing_and_place_it_in_the_basket_state4,,CONDITION_UNVERIFIED,TIER_X_REJECTED,False,False,False,False,False,False,False,False,False,False
/data/liuyu/outputs/milestone_2e2_object100_privileged_artifact_rich_20260527/runs/libero_object/pick_up_the_bbq_sauce_and_place_it_in_the_basket_state8,,CONDITION_UNVERIFIED,TIER_X_REJECTED,False,False,False,False,False,False,False,False,False,False
/data/liuyu/outputs/milestone_2e2_object100_privileged_artifact_rich_20260527/runs/libero_object/pick_up_the_orange_juice_and_place_it_in_the_basket_state5,,CONDITION_UNVERIFIED,TIER_X_REJECTED,False,False,False,False,False,False,False,False,False,False
/data/liuyu/outputs/milestone_2e2_object100_privileged_artifact_rich_20260527/runs/libero_object/pick_up_the_salad_dressing_and_place_it_in_the_basket_state1,,CONDITION_UNVERIFIED,TIER_X_REJECTED,False,False,False,False,False,False,False,False,False,False
/data/liuyu/outputs/milestone_2e2_object100_privileged_artifact_rich_20260527/runs/libero_object/pick_up_the_bbq_sauce_and_place_it_in_the_basket_state6,,CONDITION_UNVERIFIED,TIER_X_REJECTED,False,False,False,False,False,False,False,False,False,False
/data/liuyu/outputs/milestone_2e2_object100_privileged_artifact_rich_20260527/runs/libero_object/pick_up_the_bbq_sauce_and_place_it_in_the_basket_state1,,CONDITION_UNVERIFIED,TIER_X_REJECTED,False,False,False,False,False,False,False,False,False,False
/data/liuyu/outputs/milestone_2e2_object100_privileged_artifact_rich_20260527/runs/libero_object/pick_up_the_butter_and_place_it_in_the_basket_state1,,CONDITION_UNVERIFIED,TIER_X_REJECTED,False,False,False,False,False,False,False,False,False,False
/data/liuyu/outputs/milestone_2e2_object100_privileged_artifact_rich_20260527/runs/libero_object/pick_up_the_milk_and_place_it_in_the_basket_state1,,CONDITION_UNVERIFIED,TIER_X_REJECTED,False,False,False,False,False,False,False,False,False,False
/data/liuyu/outputs/milestone_2e2_object100_privileged_artifact_rich_20260527/runs/libero_object/pick_up_the_orange_juice_and_place_it_in_the_basket_state7,,CONDITION_UNVERIFIED,TIER_X_REJECTED,False,False,False,False,False,False,False,False,False,False
/data/liuyu/outputs/milestone_2e2_object100_privileged_artifact_rich_20260527/runs/libero_object/pick_up_the_salad_dressing_and_place_it_in_the_basket_state0,,CONDITION_UNVERIFIED,TIER_X_REJECTED,False,False,False,False,False,False,False,False,False,False
/data/liuyu/outputs/milestone_2e2_object100_privileged_artifact_rich_20260527/runs/libero_object/pick_up_the_salad_dressing_and_place_it_in_the_basket_state7,,CONDITION_UNVERIFIED,TIER_X_REJECTED,False,False,False,False,False,False,False,False,False,False
/data/liuyu/outputs/milestone_2e2_object100_privileged_artifact_rich_20260527/runs/libero_object/pick_up_the_chocolate_pudding_and_place_it_in_the_basket_state0,,CONDITION_UNVERIFIED,TIER_X_REJECTED,False,False,False,False,False,False,False,False,False,False
/data/liuyu/outputs/milestone_2e2_object100_privileged_artifact_rich_20260527/runs/libero_object/pick_up_the_alphabet_soup_and_place_it_in_the_basket_state1,,CONDITION_UNVERIFIED,TIER_X_REJECTED,False,False,False,False,False,False,False,False,False,False
/data/liuyu/outputs/milestone_2e2_object100_privileged_artifact_rich_20260527/runs/libero_object/pick_up_the_milk_and_place_it_in_the_basket_state9,,CONDITION_UNVERIFIED,TIER_X_REJECTED,False,False,False,False,False,False,False,False,False,False
/data/liuyu/outputs/milestone_2e2_object100_privileged_artifact_rich_20260527/runs/libero_object/pick_up_the_ketchup_and_place_it_in_the_basket_state1,,CONDITION_UNVERIFIED,TIER_X_REJECTED,False,False,False,False,False,False,False,False,False,False
/data/liuyu/outputs/milestone_2e2_object100_privileged_artifact_rich_20260527/runs/libero_object/pick_up_the_salad_dressing_and_place_it_in_the_basket_state5,,CONDITION_UNVERIFIED,TIER_X_REJECTED,False,False,False,False,False,False,False,False,False,False
/data/liuyu/outputs/milestone_2e2_object100_privileged_artifact_rich_20260527/runs/libero_object/pick_up_the_tomato_sauce_and_place_it_in_the_basket_state3,,CONDITION_UNVERIFIED,TIER_X_REJECTED,False,False,False,False,False,False,False,False,False,False
/data/liuyu/outputs/milestone_2e2_object100_privileged_artifact_rich_20260527/runs/libero_object/pick_up_the_chocolate_pudding_and_place_it_in_the_basket_state9,,CONDITION_UNVERIFIED,TIER_X_REJECTED,False,False,False,False,False,False,False,False,False,False
/data/liuyu/outputs/milestone_2e2_object100_privileged_artifact_rich_20260527/runs/libero_object/pick_up_the_alphabet_soup_and_place_it_in_the_basket_state0,,CONDITION_UNVERIFIED,TIER_X_REJECTED,False,False,False,False,False,False,False,False,False,False
/data/liuyu/outputs/milestone_2e2_object100_privileged_artifact_rich_20260527/runs/libero_object/pick_up_the_tomato_sauce_and_place_it_in_the_basket_state0,,CONDITION_UNVERIFIED,TIER_X_REJECTED,False,False,False,False,False,False,False,False,False,False
/data/liuyu/outputs/milestone_2e2_object100_privileged_artifact_rich_20260527/runs/libero_object/pick_up_the_butter_and_place_it_in_the_basket_state2,,CONDITION_UNVERIFIED,TIER_X_REJECTED,False,False,False,False,False,False,False,False,False,False
/data/liuyu/outputs/milestone_2e2_object100_privileged_artifact_rich_20260527/runs/libero_object/pick_up_the_milk_and_place_it_in_the_basket_state4,,CONDITION_UNVERIFIED,TIER_X_REJECTED,False,False,False,False,False,False,False,False,False,False
/data/liuyu/outputs/milestone_2e2_object100_privileged_artifact_rich_20260527/runs/libero_object/pick_up_the_butter_and_place_it_in_the_basket_state4,,CONDITION_UNVERIFIED,TIER_X_REJECTED,False,False,False,False,False,False,False,False,False,False
/data/liuyu/outputs/milestone_2e2_object100_privileged_artifact_rich_20260527/runs/libero_object/pick_up_the_chocolate_pudding_and_place_it_in_the_basket_state2,,CONDITION_UNVERIFIED,TIER_X_REJECTED,False,False,False,False,False,False,False,False,False,False
/data/liuyu/outputs/milestone_2e2_object100_privileged_artifact_rich_20260527/runs/libero_object/pick_up_the_orange_juice_and_place_it_in_the_basket_state0,,CONDITION_UNVERIFIED,TIER_X_REJECTED,False,False,False,False,False,False,False,False,False,False
/data/liuyu/outputs/milestone_2e2_object100_privileged_artifact_rich_20260527/runs/libero_object/pick_up_the_butter_and_place_it_in_the_basket_state6,,CONDITION_UNVERIFIED,TIER_X_REJECTED,False,False,False,False,False,False,False,False,False,False
/data/liuyu/outputs/milestone_2e2_object100_privileged_artifact_rich_20260527/runs/libero_object/pick_up_the_alphabet_soup_and_place_it_in_the_basket_state6,,CONDITION_UNVERIFIED,TIER_X_REJECTED,False,False,False,False,False,False,False,False,False,False
/data/liuyu/outputs/milestone_2e2_object100_privileged_artifact_rich_20260527/runs/libero_object/pick_up_the_milk_and_place_it_in_the_basket_state5,,CONDITION_UNVERIFIED,TIER_X_REJECTED,False,False,False,False,False,False,False,False,False,False
/data/liuyu/outputs/milestone_2e2_object100_privileged_artifact_rich_20260527/runs/libero_object/pick_up_the_ketchup_and_place_it_in_the_basket_state7,,CONDITION_UNVERIFIED,TIER_X_REJECTED,False,False,False,False,False,False,False,False,False,False
/data/liuyu/outputs/milestone_2e2_object100_privileged_artifact_rich_20260527/runs/libero_object/pick_up_the_chocolate_pudding_and_place_it_in_the_basket_state8,,CONDITION_UNVERIFIED,TIER_X_REJECTED,False,False,False,False,False,False,False,False,False,False
/data/liuyu/outputs/milestone_2e2_object100_privileged_artifact_rich_20260527/runs/libero_object/pick_up_the_bbq_sauce_and_place_it_in_the_basket_state5,,CONDITION_UNVERIFIED,TIER_X_REJECTED,False,False,False,False,False,False,False,False,False,False
/data/liuyu/outputs/milestone_2e2_object100_privileged_artifact_rich_20260527/runs/libero_object/pick_up_the_tomato_sauce_and_place_it_in_the_basket_state2,,CONDITION_UNVERIFIED,TIER_X_REJECTED,False,False,False,False,False,False,False,False,False,False
/data/liuyu/outputs/milestone_2e2_object100_privileged_artifact_rich_20260527/runs/libero_object/pick_up_the_cream_cheese_and_place_it_in_the_basket_state3,,CONDITION_UNVERIFIED,TIER_X_REJECTED,False,False,False,False,False,False,False,False,False,False
/data/liuyu/outputs/milestone_2e2_object100_privileged_artifact_rich_20260527/runs/libero_object/pick_up_the_cream_cheese_and_place_it_in_the_basket_state7,,CONDITION_UNVERIFIED,TIER_X_REJECTED,False,False,False,False,False,False,False,False,False,False
/data/liuyu/outputs/milestone_2e2_object100_privileged_artifact_rich_20260527/runs/libero_object/pick_up_the_cream_cheese_and_place_it_in_the_basket_state4,,CONDITION_UNVERIFIED,TIER_X_REJECTED,False,False,False,False,False,False,False,False,False,False
/data/liuyu/outputs/milestone_2e2_object100_privileged_artifact_rich_20260527/runs/libero_object/pick_up_the_salad_dressing_and_place_it_in_the_basket_state2,,CONDITION_UNVERIFIED,TIER_X_REJECTED,False,False,False,False,False,False,False,False,False,False
/data/liuyu/outputs/milestone_2e2_object100_privileged_artifact_rich_20260527/runs/libero_object/pick_up_the_cream_cheese_and_place_it_in_the_basket_state8,,CONDITION_UNVERIFIED,TIER_X_REJECTED,False,False,False,False,False,False,False,False,False,False
/data/liuyu/outputs/milestone_2e2_object100_privileged_artifact_rich_20260527/runs/libero_object/pick_up_the_salad_dressing_and_place_it_in_the_basket_state8,,CONDITION_UNVERIFIED,TIER_X_REJECTED,False,False,False,False,False,False,False,False,False,False
/data/liuyu/outputs/milestone_2e2_object100_privileged_artifact_rich_20260527/runs/libero_object/pick_up_the_butter_and_place_it_in_the_basket_state8,,CONDITION_UNVERIFIED,TIER_X_REJECTED,False,False,False,False,False,False,False,False,False,False
/data/liuyu/outputs/milestone_2e2_object100_privileged_artifact_rich_20260527/runs/libero_object/pick_up_the_butter_and_place_it_in_the_basket_state3,,CONDITION_UNVERIFIED,TIER_X_REJECTED,False,False,False,False,False,False,False,False,False,False
/data/liuyu/outputs/milestone_2e2_object100_privileged_artifact_rich_20260527/runs/libero_object/pick_up_the_bbq_sauce_and_place_it_in_the_basket_state2,,CONDITION_UNVERIFIED,TIER_X_REJECTED,False,False,False,False,False,False,False,False,False,False
/data/liuyu/outputs/milestone_2e2_object100_privileged_artifact_rich_20260527/runs/libero_object/pick_up_the_ketchup_and_place_it_in_the_basket_state8,,CONDITION_UNVERIFIED,TIER_X_REJECTED,False,False,False,False,False,False,False,False,False,False
/data/liuyu/outputs/milestone_2e2_object100_privileged_artifact_rich_20260527/runs/libero_object/pick_up_the_ketchup_and_place_it_in_the_basket_state0,,CONDITION_UNVERIFIED,TIER_X_REJECTED,False,False,False,False,False,False,False,False,False,False
/data/liuyu/outputs/milestone_2e2_object100_privileged_artifact_rich_20260527/runs/libero_object/pick_up_the_milk_and_place_it_in_the_basket_state3,,CONDITION_UNVERIFIED,TIER_X_REJECTED,False,False,False,False,False,False,False,False,False,False
/data/liuyu/outputs/milestone_2e2_object100_privileged_artifact_rich_20260527/runs/libero_object/pick_up_the_tomato_sauce_and_place_it_in_the_basket_state1,,CONDITION_UNVERIFIED,TIER_X_REJECTED,False,False,False,False,False,False,False,False,False,False
/data/liuyu/outputs/milestone_2e2_object100_privileged_artifact_rich_20260527/runs/libero_object/pick_up_the_tomato_sauce_and_place_it_in_the_basket_state9,,CONDITION_UNVERIFIED,TIER_X_REJECTED,False,False,False,False,False,False,False,False,False,False
/data/liuyu/outputs/milestone_2e2_object100_privileged_artifact_rich_20260527/runs/libero_object/pick_up_the_milk_and_place_it_in_the_basket_state0,,CONDITION_UNVERIFIED,TIER_X_REJECTED,False,False,False,False,False,False,False,False,False,False
/data/liuyu/outputs/milestone_2e2_object100_privileged_artifact_rich_20260527/runs/libero_object/pick_up_the_tomato_sauce_and_place_it_in_the_basket_state7,,CONDITION_UNVERIFIED,TIER_X_REJECTED,False,False,False,False,False,False,False,False,False,False
/data/liuyu/outputs/milestone_2e2_object100_privileged_artifact_rich_20260527/runs/libero_object/pick_up_the_alphabet_soup_and_place_it_in_the_basket_state3,,CONDITION_UNVERIFIED,TIER_X_REJECTED,False,False,False,False,False,False,False,False,False,False
/data/liuyu/outputs/milestone_2e2_object100_privileged_artifact_rich_20260527/runs/libero_object/pick_up_the_tomato_sauce_and_place_it_in_the_basket_state6,,CONDITION_UNVERIFIED,TIER_X_REJECTED,False,False,False,False,False,False,False,False,False,False
/data/liuyu/outputs/milestone_2e2_object100_privileged_artifact_rich_20260527/runs/libero_object/pick_up_the_cream_cheese_and_place_it_in_the_basket_state9,,CONDITION_UNVERIFIED,TIER_X_REJECTED,False,False,False,False,False,False,False,False,False,False
/data/liuyu/outputs/milestone_2e2_object100_privileged_artifact_rich_20260527/runs/libero_object/pick_up_the_milk_and_place_it_in_the_basket_state8,,CONDITION_UNVERIFIED,TIER_X_REJECTED,False,False,False,False,False,False,False,False,False,False
/data/liuyu/outputs/milestone_2e2_object100_privileged_artifact_rich_20260527/runs/libero_object/pick_up_the_bbq_sauce_and_place_it_in_the_basket_state7,,CONDITION_UNVERIFIED,TIER_X_REJECTED,False,False,False,False,False,False,False,False,False,False
/data/liuyu/outputs/milestone_2e2_object100_privileged_artifact_rich_20260527/runs/libero_object/pick_up_the_milk_and_place_it_in_the_basket_state7,,CONDITION_UNVERIFIED,TIER_X_REJECTED,False,False,False,False,False,False,False,False,False,False
/data/liuyu/outputs/milestone_2e2_object100_privileged_artifact_rich_20260527/runs/libero_object/pick_up_the_alphabet_soup_and_place_it_in_the_basket_state2,,CONDITION_UNVERIFIED,TIER_X_REJECTED,False,False,False,False,False,False,False,False,False,False
/data/liuyu/outputs/milestone_2e2_object100_privileged_artifact_rich_20260527/runs/libero_object/pick_up_the_cream_cheese_and_place_it_in_the_basket_state1,,CONDITION_UNVERIFIED,TIER_X_REJECTED,False,False,False,False,False,False,False,False,False,False
/data/liuyu/outputs/milestone_2e2_object100_privileged_artifact_rich_20260527/runs/libero_object/pick_up_the_ketchup_and_place_it_in_the_basket_state6,,CONDITION_UNVERIFIED,TIER_X_REJECTED,False,False,False,False,False,False,False,False,False,False
/data/liuyu/outputs/milestone_2e2_object100_privileged_artifact_rich_20260527/runs/libero_object/pick_up_the_bbq_sauce_and_place_it_in_the_basket_state3,,CONDITION_UNVERIFIED,TIER_X_REJECTED,False,False,False,False,False,False,False,False,False,False
/data/liuyu/outputs/milestone_2e2_object100_privileged_artifact_rich_20260527/runs/libero_object/pick_up_the_orange_juice_and_place_it_in_the_basket_state3,,CONDITION_UNVERIFIED,TIER_X_REJECTED,False,False,False,False,False,False,False,False,False,False
/data/liuyu/outputs/milestone_2e2_object100_privileged_artifact_rich_20260527/runs/libero_object/pick_up_the_orange_juice_and_place_it_in_the_basket_state6,,CONDITION_UNVERIFIED,TIER_X_REJECTED,False,False,False,False,False,False,False,False,False,False
/data/liuyu/outputs/milestone_2e2_object100_privileged_artifact_rich_20260527/runs/libero_object/pick_up_the_chocolate_pudding_and_place_it_in_the_basket_state4,,CONDITION_UNVERIFIED,TIER_X_REJECTED,False,False,False,False,False,False,False,False,False,False
/data/liuyu/outputs/milestone_2e2_object100_privileged_artifact_rich_20260527/runs/libero_object/pick_up_the_chocolate_pudding_and_place_it_in_the_basket_state7,,CONDITION_UNVERIFIED,TIER_X_REJECTED,False,False,False,False,False,False,False,False,False,False
/data/liuyu/outputs/milestone_2e2_object100_privileged_artifact_rich_20260527/runs/libero_object/pick_up_the_orange_juice_and_place_it_in_the_basket_state8,,CONDITION_UNVERIFIED,TIER_X_REJECTED,False,False,False,False,False,False,False,False,False,False
/data/liuyu/outputs/milestone_2e2_object100_privileged_artifact_rich_20260527/runs/libero_object/pick_up_the_bbq_sauce_and_place_it_in_the_basket_state4,,CONDITION_UNVERIFIED,TIER_X_REJECTED,False,False,False,False,False,False,False,False,False,False
/data/liuyu/outputs/milestone_2e2_object100_privileged_artifact_rich_20260527/runs/libero_object/pick_up_the_ketchup_and_place_it_in_the_basket_state5,,CONDITION_UNVERIFIED,TIER_X_REJECTED,False,False,False,False,False,False,False,False,False,False
/data/liuyu/outputs/milestone_2e2_object100_privileged_artifact_rich_20260527/runs/libero_object/pick_up_the_chocolate_pudding_and_place_it_in_the_basket_state6,,CONDITION_UNVERIFIED,TIER_X_REJECTED,False,False,False,False,False,False,False,False,False,False
/data/liuyu/outputs/milestone_2e2_object100_privileged_artifact_rich_20260527/runs/libero_object/pick_up_the_tomato_sauce_and_place_it_in_the_basket_state5,,CONDITION_UNVERIFIED,TIER_X_REJECTED,False,False,False,False,False,False,False,False,False,False
/data/liuyu/outputs/milestone_2e2_object100_privileged_artifact_rich_20260527/runs/libero_object/pick_up_the_milk_and_place_it_in_the_basket_state6,,CONDITION_UNVERIFIED,TIER_X_REJECTED,False,False,False,False,False,False,False,False,False,False
/data/liuyu/outputs/milestone_2e2_object100_privileged_artifact_rich_20260527/runs/libero_object/pick_up_the_cream_cheese_and_place_it_in_the_basket_state2,,CONDITION_UNVERIFIED,TIER_X_REJECTED,False,False,False,False,False,False,False,False,False,False
/data/liuyu/outputs/milestone_2e2_object100_privileged_artifact_rich_20260527/runs/libero_object/pick_up_the_ketchup_and_place_it_in_the_basket_state4,,CONDITION_UNVERIFIED,TIER_X_REJECTED,False,False,False,False,False,False,False,False,False,False
/data/liuyu/outputs/milestone_2e2_object100_privileged_artifact_rich_20260527/runs/libero_object/pick_up_the_alphabet_soup_and_place_it_in_the_basket_state8,,CONDITION_UNVERIFIED,TIER_X_REJECTED,False,False,False,False,False,False,False,False,False,False
/data/liuyu/outputs/milestone_2e2_object100_privileged_artifact_rich_20260527/runs/libero_object/pick_up_the_butter_and_place_it_in_the_basket_state0,,CONDITION_UNVERIFIED,TIER_X_REJECTED,False,False,False,False,False,False,False,False,False,False
/data/liuyu/outputs/milestone_2e2_object100_privileged_artifact_rich_20260527/runs/libero_object/pick_up_the_salad_dressing_and_place_it_in_the_basket_state9,,CONDITION_UNVERIFIED,TIER_X_REJECTED,False,False,False,False,False,False,False,False,False,False
/data/liuyu/outputs/milestone_2e2_object100_privileged_artifact_rich_20260527/runs/libero_object/pick_up_the_tomato_sauce_and_place_it_in_the_basket_state4,,CONDITION_UNVERIFIED,TIER_X_REJECTED,False,False,False,False,False,False,False,False,False,False
/data/liuyu/outputs/milestone_2e2_object100_privileged_artifact_rich_20260527/runs/libero_object/pick_up_the_ketchup_and_place_it_in_the_basket_state2,,CONDITION_UNVERIFIED,TIER_X_REJECTED,False,False,False,False,False,False,False,False,False,False
/data/liuyu/outputs/milestone_2e2_object100_privileged_artifact_rich_20260527/runs/libero_object/pick_up_the_alphabet_soup_and_place_it_in_the_basket_state9,,CONDITION_UNVERIFIED,TIER_X_REJECTED,False,False,False,False,False,False,False,False,False,False
/data/liuyu/outputs/milestone_2e2_object100_privileged_artifact_rich_20260527/runs/libero_object/pick_up_the_bbq_sauce_and_place_it_in_the_basket_state9,,CONDITION_UNVERIFIED,TIER_X_REJECTED,False,False,False,False,False,False,False,False,False,False
/data/liuyu/outputs/milestone_2e2_object100_privileged_artifact_rich_20260527/runs/libero_object/pick_up_the_salad_dressing_and_place_it_in_the_basket_state3,,CONDITION_UNVERIFIED,TIER_X_REJECTED,False,False,False,False,False,False,False,False,False,False
/data/liuyu/outputs/milestone_2e2_object100_privileged_artifact_rich_20260527/runs/libero_object/pick_up_the_orange_juice_and_place_it_in_the_basket_state2,,CONDITION_UNVERIFIED,TIER_X_REJECTED,False,False,False,False,False,False,False,False,False,False
/data/liuyu/outputs/milestone_2e2_object100_privileged_artifact_rich_20260527/runs/libero_object/pick_up_the_chocolate_pudding_and_place_it_in_the_basket_state1,,CONDITION_UNVERIFIED,TIER_X_REJECTED,False,False,False,False,False,False,False,False,False,False
/data/liuyu/outputs/milestone_2e2_object100_privileged_artifact_rich_20260527/runs/libero_object/pick_up_the_milk_and_place_it_in_the_basket_state2,,CONDITION_UNVERIFIED,TIER_X_REJECTED,False,False,False,False,False,False,False,False,False,False
/data/liuyu/outputs/milestone_2e2_object100_privileged_artifact_rich_20260527/runs/libero_object/pick_up_the_chocolate_pudding_and_place_it_in_the_basket_state5,,CONDITION_UNVERIFIED,TIER_X_REJECTED,False,False,False,False,False,False,False,False,False,False
/data/liuyu/outputs/milestone_2e2_object100_privileged_artifact_rich_20260527/runs/libero_object/pick_up_the_cream_cheese_and_place_it_in_the_basket_state0,,CONDITION_UNVERIFIED,TIER_X_REJECTED,False,False,False,False,False,False,False,False,False,False
/data/liuyu/outputs/milestone_2e2_object100_privileged_artifact_rich_20260527/runs/libero_object/pick_up_the_tomato_sauce_and_place_it_in_the_basket_state8,,CONDITION_UNVERIFIED,TIER_X_REJECTED,False,False,False,False,False,False,False,False,False,False
/data/liuyu/outputs/milestone_2e2_object100_privileged_artifact_rich_20260527/runs/libero_object/pick_up_the_orange_juice_and_place_it_in_the_basket_state4,,CONDITION_UNVERIFIED,TIER_X_REJECTED,False,False,False,False,False,False,False,False,False,False
/data/liuyu/outputs/milestone_2e2_object100_privileged_artifact_rich_20260527/runs/libero_object/pick_up_the_alphabet_soup_and_place_it_in_the_basket_state5,,CONDITION_UNVERIFIED,TIER_X_REJECTED,False,False,False,False,False,False,False,False,False,False
/data/liuyu/outputs/milestone_2e2_object100_privileged_artifact_rich_20260527/runs/libero_object/pick_up_the_ketchup_and_place_it_in_the_basket_state3,,CONDITION_UNVERIFIED,TIER_X_REJECTED,False,False,False,False,False,False,False,False,False,False
/data/liuyu/outputs/milestone_2e2_object100_privileged_artifact_rich_20260527/runs/libero_object/pick_up_the_ketchup_and_place_it_in_the_basket_state9,,CONDITION_UNVERIFIED,TIER_X_REJECTED,False,False,False,False,False,False,False,False,False,False
/data/liuyu/outputs/milestone_2e2_object100_privileged_artifact_rich_20260527/runs/libero_object/pick_up_the_alphabet_soup_and_place_it_in_the_basket_state7,,CONDITION_UNVERIFIED,TIER_X_REJECTED,False,False,False,False,False,False,False,False,False,False
/data/liuyu/outputs/milestone_2e2_object100_privileged_artifact_rich_20260527/runs/libero_object/pick_up_the_butter_and_place_it_in_the_basket_state5,,CONDITION_UNVERIFIED,TIER_X_REJECTED,False,False,False,False,False,False,False,False,False,False
/data/liuyu/outputs/milestone_2e2_object100_privileged_artifact_rich_20260527/runs/libero_object/pick_up_the_bbq_sauce_and_place_it_in_the_basket_state0,,CONDITION_UNVERIFIED,TIER_X_REJECTED,False,False,False,False,False,False,False,False,False,False
/data/liuyu/outputs/milestone_2e2_object100_privileged_artifact_rich_20260527/runs/libero_object/pick_up_the_butter_and_place_it_in_the_basket_state9,,CONDITION_UNVERIFIED,TIER_X_REJECTED,False,False,False,False,False,False,False,False,False,False
/data/liuyu/outputs/milestone_2e2_object100_privileged_artifact_rich_20260527/runs/libero_object/pick_up_the_alphabet_soup_and_place_it_in_the_basket_state4,,CONDITION_UNVERIFIED,TIER_X_REJECTED,False,False,False,False,False,False,False,False,False,False
/data/liuyu/outputs/milestone_2e2_object100_privileged_artifact_rich_20260527/runs/libero_object/pick_up_the_orange_juice_and_place_it_in_the_basket_state9,,CONDITION_UNVERIFIED,TIER_X_REJECTED,False,False,False,False,False,False,False,False,False,False
/data/liuyu/outputs/d4_sidecar_smoke_off/milk_s23_shadow_attempt1,,CONDITION_UNVERIFIED,TIER_X_REJECTED,False,False,False,False,False,False,False,False,False,False
/data/liuyu/outputs/libero_microbreadth_pilot_primary4_20260522/runs/pilot_primary4_goal_put_the_bowl_on_top_of_the_cabinet_state0_randomwin,libero_goal,NON_CLEAN_OR_ATTACK,TIER_X_REJECTED,False,False,False,False,False,False,False,False,False,False
/data/liuyu/outputs/libero_microbreadth_pilot_primary4_20260522/runs/pilot_primary4_goal_open_the_top_drawer_and_put_the_bowl_inside_state0_randomwin,libero_goal,NON_CLEAN_OR_ATTACK,TIER_X_REJECTED,False,False,False,False,False,False,False,False,False,False
/data/liuyu/outputs/libero_microbreadth_pilot_primary4_20260522/runs/pilot_primary4_goal_put_the_bowl_on_the_plate_state0_viswin,libero_goal,NON_CLEAN_OR_ATTACK,TIER_X_REJECTED,False,False,False,False,False,False,False,False,False,False
/data/liuyu/outputs/libero_microbreadth_pilot_primary4_20260522/runs/pilot_primary4_l10_kitchen_scene8_put_both_moka_pots_on_the_stove_state0_randomwin,libero_10,NON_CLEAN_OR_ATTACK,TIER_X_REJECTED,False,False,False,False,False,False,False,False,False,False
/data/liuyu/outputs/libero_microbreadth_pilot_primary4_20260522/runs/pilot_primary4_goal_put_the_bowl_on_the_plate_state0_cleanrepeat,libero_goal,CLEAN,TIER_X_REJECTED,False,False,False,False,False,False,False,False,False,False
/data/liuyu/outputs/libero_microbreadth_pilot_primary4_20260522/runs/pilot_primary4_l10_kitchen_scene8_put_both_moka_pots_on_the_stove_state0_cleanrepeat,libero_10,CLEAN,TIER_X_REJECTED,False,False,False,False,False,False,False,False,False,False
/data/liuyu/outputs/libero_microbreadth_pilot_primary4_20260522/runs/pilot_primary4_goal_open_the_top_drawer_and_put_the_bowl_inside_state0_cleanrepeat,libero_goal,CLEAN,TIER_X_REJECTED,False,False,False,False,False,False,False,False,False,False
/data/liuyu/outputs/libero_microbreadth_pilot_primary4_20260522/runs/pilot_primary4_l10_kitchen_scene8_put_both_moka_pots_on_the_stove_state0_viswin,libero_10,NON_CLEAN_OR_ATTACK,TIER_X_REJECTED,False,False,False,False,False,False,False,False,False,False
/data/liuyu/outputs/libero_microbreadth_pilot_primary4_20260522/runs/pilot_primary4_goal_open_the_top_drawer_and_put_the_bowl_inside_state0_viswin,libero_goal,NON_CLEAN_OR_ATTACK,TIER_X_REJECTED,False,False,False,False,False,False,False,False,False,False
/data/liuyu/outputs/libero_microbreadth_pilot_primary4_20260522/runs/pilot_primary4_goal_put_the_bowl_on_top_of_the_cabinet_state0_cleanrepeat,libero_goal,CLEAN,TIER_X_REJECTED,False,False,False,False,False,False,False,False,False,False
/data/liuyu/outputs/libero_microbreadth_pilot_primary4_20260522/runs/pilot_primary4_goal_put_the_bowl_on_top_of_the_cabinet_state0_viswin,libero_goal,NON_CLEAN_OR_ATTACK,TIER_X_REJECTED,False,False,False,False,False,False,False,False,False,False
/data/liuyu/outputs/libero_microbreadth_pilot_primary4_20260522/runs/pilot_primary4_goal_put_the_bowl_on_the_plate_state0_randomwin,libero_goal,NON_CLEAN_OR_ATTACK,TIER_X_REJECTED,False,False,False,False,False,False,False,False,False,False
/data/liuyu/outputs/milestone_6_window_duration_ablation_20260601/runs/libero_object/wd_cc_s0_det_d30_cream_cheese_s0,,CONDITION_UNVERIFIED,TIER_X_REJECTED,False,False,False,False,False,False,False,False,False,False
/data/liuyu/outputs/milestone_6_window_duration_ablation_20260601/runs/libero_object/wd_cc_s1_early_d150_cream_cheese_s0,,CONDITION_UNVERIFIED,TIER_X_REJECTED,False,False,False,False,False,False,False,False,False,False
/data/liuyu/outputs/milestone_6_window_duration_ablation_20260601/runs/libero_object/wd_cc_s1_det_d150_cream_cheese_s0,,CONDITION_UNVERIFIED,TIER_X_REJECTED,False,False,False,False,False,False,False,False,False,False
/data/liuyu/outputs/milestone_6_window_duration_ablation_20260601/runs/libero_object/wd_cc_s1_late_d30_cream_cheese_s0,,CONDITION_UNVERIFIED,TIER_X_REJECTED,False,False,False,False,False,False,False,False,False,False
/data/liuyu/outputs/milestone_6_window_duration_ablation_20260601/runs/libero_object/wd_sd_s0_early_d150_salad_dressing_s0,,CONDITION_UNVERIFIED,TIER_X_REJECTED,False,False,False,False,False,False,False,False,False,False
/data/liuyu/outputs/milestone_6_window_duration_ablation_20260601/runs/libero_object/wd_ts_s1_det_d150_tomato_sauce_s0,,CONDITION_UNVERIFIED,TIER_X_REJECTED,False,False,False,False,False,False,False,False,False,False
/data/liuyu/outputs/milestone_6_window_duration_ablation_20260601/runs/libero_object/wd_cc_s1_late_d90_cream_cheese_s0,,CONDITION_UNVERIFIED,TIER_X_REJECTED,False,False,False,False,False,False,False,False,False,False
/data/liuyu/outputs/milestone_6_window_duration_ablation_20260601/runs/libero_object/wd_ts_s1_early_d30_tomato_sauce_s0,,CONDITION_UNVERIFIED,TIER_X_REJECTED,False,False,False,False,False,False,False,False,False,False
/data/liuyu/outputs/milestone_6_window_duration_ablation_20260601/runs/libero_object/wd_ts_s1_late_d30_tomato_sauce_s0,,CONDITION_UNVERIFIED,TIER_X_REJECTED,False,False,False,False,False,False,False,False,False,False
/data/liuyu/outputs/milestone_6_window_duration_ablation_20260601/runs/libero_object/wd_cc_s0_late_d150_cream_cheese_s0,,CONDITION_UNVERIFIED,TIER_X_REJECTED,False,False,False,False,False,False,False,False,False,False
/data/liuyu/outputs/milestone_6_window_duration_ablation_20260601/runs/libero_object/wd_cc_s0_late_d90_cream_cheese_s0,,CONDITION_UNVERIFIED,TIER_X_REJECTED,False,False,False,False,False,False,False,False,False,False
/data/liuyu/outputs/milestone_6_window_duration_ablation_20260601/runs/libero_object/wd_sd_s1_det_d150_salad_dressing_s0,,CONDITION_UNVERIFIED,TIER_X_REJECTED,False,False,False,False,False,False,False,False,False,False
/data/liuyu/outputs/milestone_6_window_duration_ablation_20260601/runs/libero_object/wd_ts_s1_det_d90_tomato_sauce_s0,,CONDITION_UNVERIFIED,TIER_X_REJECTED,False,False,False,False,False,False,False,False,False,False
/data/liuyu/outputs/milestone_6_window_duration_ablation_20260601/runs/libero_object/wd_cc_s1_det_d30_cream_cheese_s0,,CONDITION_UNVERIFIED,TIER_X_REJECTED,False,False,False,False,False,False,False,False,False,False
/data/liuyu/outputs/milestone_6_window_duration_ablation_20260601/runs/libero_object/wd_cc_s1_det_d90_cream_cheese_s0,,CONDITION_UNVERIFIED,TIER_X_REJECTED,False,False,False,False,False,False,False,False,False,False
/data/liuyu/outputs/milestone_6_window_duration_ablation_20260601/runs/libero_object/wd_ts_s1_late_d90_tomato_sauce_s0,,CONDITION_UNVERIFIED,TIER_X_REJECTED,False,False,False,False,False,False,False,False,False,False
/data/liuyu/outputs/milestone_6_window_duration_ablation_20260601/runs/libero_object/wd_cc_s0_late_d30_cream_cheese_s0,,CONDITION_UNVERIFIED,TIER_X_REJECTED,False,False,False,False,False,False,False,False,False,False
/data/liuyu/outputs/milestone_6_window_duration_ablation_20260601/runs/libero_object/wd_cc_s0_early_d30_cream_cheese_s0,,CONDITION_UNVERIFIED,TIER_X_REJECTED,False,False,False,False,False,False,False,False,False,False
/data/liuyu/outputs/milestone_6_window_duration_ablation_20260601/runs/libero_object/wd_ts_s1_early_d150_tomato_sauce_s0,,CONDITION_UNVERIFIED,TIER_X_REJECTED,False,False,False,False,False,False,False,False,False,False
/data/liuyu/outputs/milestone_6_window_duration_ablation_20260601/runs/libero_object/wd_kt_s0_det_d150_ketchup_s0,,CONDITION_UNVERIFIED,TIER_X_REJECTED,False,False,False,False,False,False,False,False,False,False
/data/liuyu/outputs/milestone_6_window_duration_ablation_20260601/runs/libero_object/wd_sd_s1_early_d150_salad_dressing_s0,,CONDITION_UNVERIFIED,TIER_X_REJECTED,False,False,False,False,False,False,False,False,False,False
/data/liuyu/outputs/milestone_6_window_duration_ablation_20260601/runs/libero_object/wd_ts_s0_early_d150_tomato_sauce_s0,,CONDITION_UNVERIFIED,TIER_X_REJECTED,False,False,False,False,False,False,False,False,False,False
/data/liuyu/outputs/milestone_6_window_duration_ablation_20260601/runs/libero_object/wd_cc_s0_det_d150_cream_cheese_s0,,CONDITION_UNVERIFIED,TIER_X_REJECTED,False,False,False,False,False,False,False,False,False,False
/data/liuyu/outputs/milestone_6_window_duration_ablation_20260601/runs/libero_object/wd_ts_s0_late_d90_tomato_sauce_s0,,CONDITION_UNVERIFIED,TIER_X_REJECTED,False,False,False,False,False,False,False,False,False,False
/data/liuyu/outputs/milestone_6_window_duration_ablation_20260601/runs/libero_object/wd_ts_s0_late_d150_tomato_sauce_s0,,CONDITION_UNVERIFIED,TIER_X_REJECTED,False,False,False,False,False,False,False,False,False,False
/data/liuyu/outputs/milestone_6_window_duration_ablation_20260601/runs/libero_object/wd_ts_s0_early_d90_tomato_sauce_s0,,CONDITION_UNVERIFIED,TIER_X_REJECTED,False,False,False,False,False,False,False,False,False,False
/data/liuyu/outputs/milestone_6_window_duration_ablation_20260601/runs/libero_object/wd_ts_s0_late_d30_tomato_sauce_s0,,CONDITION_UNVERIFIED,TIER_X_REJECTED,False,False,False,False,False,False,False,False,False,False
/data/liuyu/outputs/milestone_6_window_duration_ablation_20260601/runs/libero_object/wd_cc_s0_early_d150_cream_cheese_s0,,CONDITION_UNVERIFIED,TIER_X_REJECTED,False,False,False,False,False,False,False,False,False,False
/data/liuyu/outputs/milestone_6_window_duration_ablation_20260601/runs/libero_object/wd_ts_s1_late_d150_tomato_sauce_s0,,CONDITION_UNVERIFIED,TIER_X_REJECTED,False,False,False,False,False,False,False,False,False,False
/data/liuyu/outputs/milestone_6_window_duration_ablation_20260601/runs/libero_object/wd_kt_s1_early_d150_ketchup_s0,,CONDITION_UNVERIFIED,TIER_X_REJECTED,False,False,False,False,False,False,False,False,False,False
/data/liuyu/outputs/milestone_6_window_duration_ablation_20260601/runs/libero_object/wd_ts_s1_det_d30_tomato_sauce_s0,,CONDITION_UNVERIFIED,TIER_X_REJECTED,False,False,False,False,False,False,False,False,False,False
/data/liuyu/outputs/milestone_6_window_duration_ablation_20260601/runs/libero_object/wd_kt_s1_det_d150_ketchup_s0,,CONDITION_UNVERIFIED,TIER_X_REJECTED,False,False,False,False,False,False,False,False,False,False
/data/liuyu/outputs/milestone_6_window_duration_ablation_20260601/runs/libero_object/wd_ts_s1_early_d90_tomato_sauce_s0,,CONDITION_UNVERIFIED,TIER_X_REJECTED,False,False,False,False,False,False,False,False,False,False
/data/liuyu/outputs/milestone_6_window_duration_ablation_20260601/runs/libero_object/wd_ts_s0_det_d90_tomato_sauce_s0,,CONDITION_UNVERIFIED,TIER_X_REJECTED,False,False,False,False,False,False,False,False,False,False
/data/liuyu/outputs/milestone_6_window_duration_ablation_20260601/runs/libero_object/wd_cc_s1_late_d150_cream_cheese_s0,,CONDITION_UNVERIFIED,TIER_X_REJECTED,False,False,False,False,False,False,False,False,False,False
/data/liuyu/outputs/milestone_6_window_duration_ablation_20260601/runs/libero_object/wd_cc_s0_det_d90_cream_cheese_s0,,CONDITION_UNVERIFIED,TIER_X_REJECTED,False,False,False,False,False,False,False,False,False,False
/data/liuyu/outputs/milestone_6_window_duration_ablation_20260601/runs/libero_object/wd_sd_s0_det_d150_salad_dressing_s0,,CONDITION_UNVERIFIED,TIER_X_REJECTED,False,False,False,False,False,False,False,False,False,False
/data/liuyu/outputs/milestone_6_window_duration_ablation_20260601/runs/libero_object/wd_ts_s0_det_d30_tomato_sauce_s0,,CONDITION_UNVERIFIED,TIER_X_REJECTED,False,False,False,False,False,False,False,False,False,False
/data/liuyu/outputs/milestone_6_window_duration_ablation_20260601/runs/libero_object/wd_cc_s0_early_d90_cream_cheese_s0,,CONDITION_UNVERIFIED,TIER_X_REJECTED,False,False,False,False,False,False,False,False,False,False
/data/liuyu/outputs/milestone_6_window_duration_ablation_20260601/runs/libero_object/wd_kt_s0_early_d150_ketchup_s0,,CONDITION_UNVERIFIED,TIER_X_REJECTED,False,False,False,False,False,False,False,False,False,False
/data/liuyu/outputs/milestone_6_window_duration_ablation_20260601/runs/libero_object/wd_cc_s1_early_d90_cream_cheese_s0,,CONDITION_UNVERIFIED,TIER_X_REJECTED,False,False,False,False,False,False,False,False,False,False
/data/liuyu/outputs/milestone_6_window_duration_ablation_20260601/runs/libero_object/wd_cc_s1_early_d30_cream_cheese_s0,,CONDITION_UNVERIFIED,TIER_X_REJECTED,False,False,False,False,False,False,False,False,False,False
/data/liuyu/outputs/milestone_6_window_duration_ablation_20260601/runs/libero_object/wd_ts_s0_det_d150_tomato_sauce_s0,,CONDITION_UNVERIFIED,TIER_X_REJECTED,False,False,False,False,False,False,False,False,False,False
/data/liuyu/outputs/milestone_6_window_duration_ablation_20260601/runs/libero_object/wd_ts_s0_early_d30_tomato_sauce_s0,,CONDITION_UNVERIFIED,TIER_X_REJECTED,False,False,False,False,False,False,False,False,False,False
/data/liuyu/outputs/randtest,,RAND_T10,TIER_X_REJECTED,False,False,False,False,False,False,False,False,False,False
/data/liuyu/outputs/vtest2/VIS/soup_s0,,TRUE_T10,TIER_X_REJECTED,False,False,False,False,False,False,False,False,False,False
/data/liuyu/outputs/d4_crossover_debug/alphabet_soup_s7_reference_attempt1,,CONDITION_UNVERIFIED,TIER_X_REJECTED,False,False,False,False,False,False,False,False,False,False
/data/liuyu/outputs/d4_smoke_gpu26_r1/milk_s23_shadow_attempt1,,CONDITION_UNVERIFIED,TIER_X_REJECTED,False,False,False,False,False,False,False,False,False,False
/data/liuyu/outputs/milestone_2f_object_detector_forced_micro_gpu26_20260529/runs/libero_object/micro_random_control_cream_cheese_s0,,NON_CLEAN_OR_ATTACK,TIER_X_REJECTED,False,False,False,False,False,False,False,False,False,False
/data/liuyu/outputs/milestone_2f_object_detector_forced_micro_gpu26_20260529/runs/libero_object/micro_clean_cream_cheese_s0,,CLEAN,TIER_X_REJECTED,False,False,False,False,False,False,False,False,False,False
/data/liuyu/outputs/milestone_2f_object_detector_forced_micro_gpu26_20260529/runs/libero_object/micro_gripper_inversion_proxy_cream_cheese_s0,,CONDITION_UNVERIFIED,TIER_X_REJECTED,False,False,False,False,False,False,False,False,False,False
/data/liuyu/outputs/milestone_2f_object_detector_forced_micro_gpu26_20260529/runs/libero_object/micro_oracle_open_cream_cheese_s0,,CONDITION_UNVERIFIED,TIER_X_REJECTED,False,False,False,False,False,False,False,False,False,False
/data/liuyu/outputs/blackbowl_action_clamp_backtest_20260513/blackbowl_clamp_s2_random_gripper_clean,libero_spatial,CLEAN,TIER_X_REJECTED,False,False,False,False,False,False,False,False,False,False
/data/liuyu/outputs/blackbowl_action_clamp_backtest_20260513/blackbowl_clamp_s4_vis_unclamped_repeat,libero_spatial,NON_CLEAN_OR_ATTACK,TIER_X_REJECTED,False,False,False,False,False,False,False,False,False,False
/data/liuyu/outputs/blackbowl_action_clamp_backtest_20260513/blackbowl_clamp_s5_vis_unclamped_repeat,libero_spatial,NON_CLEAN_OR_ATTACK,TIER_X_REJECTED,False,False,False,False,False,False,False,False,False,False
/data/liuyu/outputs/blackbowl_action_clamp_backtest_20260513/blackbowl_test_gpu0_egl,libero_spatial,CONDITION_UNVERIFIED,TIER_X_REJECTED,False,False,False,False,False,False,False,False,False,False
/data/liuyu/outputs/blackbowl_action_clamp_backtest_20260513/blackbowl_clamp_s5_random_gripper_clean,libero_spatial,CLEAN,TIER_X_REJECTED,False,False,False,False,False,False,False,False,False,False
/data/liuyu/outputs/blackbowl_action_clamp_backtest_20260513/blackbowl_clamp_s5_vis_arm_clean,libero_spatial,CLEAN,TIER_X_REJECTED,False,False,False,False,False,False,False,False,False,False
/data/liuyu/outputs/blackbowl_action_clamp_backtest_20260513/blackbowl_clamp_s2_vis_arm_clean,libero_spatial,CLEAN,TIER_X_REJECTED,False,False,False,False,False,False,False,False,False,False
/data/liuyu/outputs/blackbowl_action_clamp_backtest_20260513/blackbowl_clamp_s4_vis_arm_clean,libero_spatial,CLEAN,TIER_X_REJECTED,False,False,False,False,False,False,False,False,False,False
/data/liuyu/outputs/blackbowl_action_clamp_backtest_20260513/blackbowl_clamp_s3_random_unclamped_repeat,libero_spatial,NON_CLEAN_OR_ATTACK,TIER_X_REJECTED,False,False,False,False,False,False,False,False,False,False
/data/liuyu/outputs/blackbowl_action_clamp_backtest_20260513/blackbowl_clamp_s1_random_gripper_clean,libero_spatial,CLEAN,TIER_X_REJECTED,False,False,False,False,False,False,False,False,False,False
/data/liuyu/outputs/blackbowl_action_clamp_backtest_20260513/blackbowl_clamp_s1_vis_arm_clean,libero_spatial,CLEAN,TIER_X_REJECTED,False,False,False,False,False,False,False,False,False,False
/data/liuyu/outputs/blackbowl_action_clamp_backtest_20260513/blackbowl_clamp_s2_vis_unclamped_repeat,libero_spatial,NON_CLEAN_OR_ATTACK,TIER_X_REJECTED,False,False,False,False,False,False,False,False,False,False
/data/liuyu/outputs/blackbowl_action_clamp_backtest_20260513/blackbowl_clamp_s3_vis_arm_clean,libero_spatial,CLEAN,TIER_X_REJECTED,False,False,False,False,False,False,False,False,False,False
/data/liuyu/outputs/blackbowl_action_clamp_backtest_20260513/blackbowl_clamp_s4_random_gripper_clean,libero_spatial,CLEAN,TIER_X_REJECTED,False,False,False,False,False,False,False,False,False,False
/data/liuyu/outputs/blackbowl_action_clamp_backtest_20260513/blackbowl_clamp_s5_random_unclamped_repeat,libero_spatial,NON_CLEAN_OR_ATTACK,TIER_X_REJECTED,False,False,False,False,False,False,False,False,False,False
/data/liuyu/outputs/blackbowl_action_clamp_backtest_20260513/blackbowl_clamp_s3_random_gripper_clean,libero_spatial,CLEAN,TIER_X_REJECTED,False,False,False,False,False,False,False,False,False,False
/data/liuyu/outputs/blackbowl_action_clamp_backtest_20260513/blackbowl_clamp_s2_random_unclamped_repeat,libero_spatial,NON_CLEAN_OR_ATTACK,TIER_X_REJECTED,False,False,False,False,False,False,False,False,False,False
/data/liuyu/outputs/blackbowl_action_clamp_backtest_20260513/blackbowl_clamp_s4_random_unclamped_repeat,libero_spatial,NON_CLEAN_OR_ATTACK,TIER_X_REJECTED,False,False,False,False,False,False,False,False,False,False
/data/liuyu/outputs/blackbowl_action_clamp_backtest_20260513/blackbowl_clamp_s3_vis_unclamped_repeat,libero_spatial,NON_CLEAN_OR_ATTACK,TIER_X_REJECTED,False,False,False,False,False,False,False,False,False,False
/data/liuyu/outputs/blackbowl_action_clamp_backtest_20260513/blackbowl_clamp_s1_vis_unclamped_repeat,libero_spatial,NON_CLEAN_OR_ATTACK,TIER_X_REJECTED,False,False,False,False,False,False,False,False,False,False
/data/liuyu/outputs/blackbowl_action_clamp_backtest_20260513/blackbowl_clamp_s1_random_unclamped_repeat,libero_spatial,NON_CLEAN_OR_ATTACK,TIER_X_REJECTED,False,False,False,False,False,False,False,False,False,False
/data/liuyu/outputs/blackbowl_state5_validation_20260514/blackbowl_state5_s2_oracle_continuous,libero_spatial,CONDITION_UNVERIFIED,TIER_X_REJECTED,False,False,False,False,False,False,False,False,False,False
/data/liuyu/outputs/blackbowl_state5_validation_20260514/blackbowl_state5_s3_vis_arm_clean,libero_spatial,CLEAN,TIER_X_REJECTED,False,False,False,False,False,False,False,False,False,False
/data/liuyu/outputs/blackbowl_state5_validation_20260514/blackbowl_state5_s1_oracle_continuous,libero_spatial,CONDITION_UNVERIFIED,TIER_X_REJECTED,False,False,False,False,False,False,False,False,False,False
/data/liuyu/outputs/blackbowl_state5_validation_20260514/blackbowl_state5_s2_random_gripper_clean,libero_spatial,CLEAN,TIER_X_REJECTED,False,False,False,False,False,False,False,False,False,False
/data/liuyu/outputs/blackbowl_state5_validation_20260514/blackbowl_state5_s1_random_gripper_clean,libero_spatial,CLEAN,TIER_X_REJECTED,False,False,False,False,False,False,False,False,False,False
/data/liuyu/outputs/blackbowl_state5_validation_20260514/blackbowl_state5_s3_oracle_continuous,libero_spatial,CONDITION_UNVERIFIED,TIER_X_REJECTED,False,False,False,False,False,False,False,False,False,False
/data/liuyu/outputs/blackbowl_state5_validation_20260514/blackbowl_state5_s3_clean,libero_spatial,CLEAN,TIER_X_REJECTED,False,False,False,False,False,False,False,False,False,False
/data/liuyu/outputs/blackbowl_state5_validation_20260514/blackbowl_state5_s2_clean,libero_spatial,CLEAN,TIER_X_REJECTED,False,False,False,False,False,False,False,False,False,False
/data/liuyu/outputs/blackbowl_state5_validation_20260514/blackbowl_state5_s3_random_gripper_clean,libero_spatial,CLEAN,TIER_X_REJECTED,False,False,False,False,False,False,False,False,False,False
/data/liuyu/outputs/blackbowl_state5_validation_20260514/drycheck_state5_vis_arm_clean,libero_spatial,CLEAN,TIER_X_REJECTED,False,False,False,False,False,False,False,False,False,False
/data/liuyu/outputs/blackbowl_state5_validation_20260514/dryrun_state5_vis_arm_clean,libero_spatial,CLEAN,TIER_X_REJECTED,False,False,False,False,False,False,False,False,False,False
/data/liuyu/outputs/blackbowl_state5_validation_20260514/blackbowl_state5_s1_clean,libero_spatial,CLEAN,TIER_X_REJECTED,False,False,False,False,False,False,False,False,False,False
/data/liuyu/outputs/blackbowl_state5_validation_20260514/blackbowl_state5_s2_vis_arm_clean,libero_spatial,CLEAN,TIER_X_REJECTED,False,False,False,False,False,False,False,False,False,False
/data/liuyu/outputs/blackbowl_state5_validation_20260514/blackbowl_state5_s1_vis_arm_clean,libero_spatial,CLEAN,TIER_X_REJECTED,False,False,False,False,False,False,False,False,False,False
/data/liuyu/outputs/l3_h5_v2_runner_c_r1/true_seed81,,TRUE,TIER_X_REJECTED,False,False,False,False,False,False,False,False,False,False
/data/liuyu/outputs/l3_h5_v2_runner_c_r1/SHUFFLED_seed82,,SHUFFLED,TIER_X_REJECTED,False,False,False,False,False,False,False,False,False,False
/data/liuyu/outputs/l3_h5_v2_runner_c_r1/RAND_seed82,,RAND,TIER_X_REJECTED,False,False,False,False,False,False,False,False,False,False
/data/liuyu/outputs/l3_h5_v2_runner_c_r1/TRUE_seed82,,TRUE,TIER_X_REJECTED,False,False,False,False,False,False,False,False,False,False
/data/liuyu/outputs/l3_h5_v2_runner_c_r1/clean_seed81,,CLEAN,TIER_D_LEGACY_REFERENCE_ONLY,False,False,False,False,False,False,False,False,False,False
/data/liuyu/outputs/l3_h5_v2_runner_c_r1/RAND_seed81,,RAND,TIER_X_REJECTED,False,False,False,False,False,False,False,False,False,False
/data/liuyu/outputs/l3_h5_v2_runner_c_r1/SHUFFLED_seed81,,SHUFFLED,TIER_X_REJECTED,False,False,False,False,False,False,False,False,False,False
/data/liuyu/outputs/libero_asset_apply_smoke_20260521_retry_oomfix/smoke_clean/assetapply_smoke_object_pick_up_the_bbq_sauce_and_place_it_in_the_basket_state0_seed1_clean,,CLEAN,TIER_X_REJECTED,False,False,False,False,False,False,False,False,False,False
/data/liuyu/outputs/longrun_codex_post_confirmatory_20260524/runs/breadth_goal_open_the_top_drawer_and_put_the_bowl_inside_s4_random,libero_goal,NON_CLEAN_OR_ATTACK,TIER_X_REJECTED,False,False,False,False,False,False,False,False,False,False
/data/liuyu/outputs/longrun_codex_post_confirmatory_20260524/runs/breadth_object_pick_up_the_ketchup_and_place_it_in_the_basket_s2_random,,NON_CLEAN_OR_ATTACK,TIER_X_REJECTED,False,False,False,False,False,False,False,False,False,False
/data/liuyu/outputs/longrun_codex_post_confirmatory_20260524/runs/breadth_goal_put_the_bowl_on_the_plate_s4_cmdopen_neg075,libero_goal,CONDITION_UNVERIFIED,TIER_X_REJECTED,False,False,False,False,False,False,False,False,False,False
/data/liuyu/outputs/longrun_codex_post_confirmatory_20260524/runs/breadth_object_pick_up_the_ketchup_and_place_it_in_the_basket_s8_cmdopen_neg075,,CONDITION_UNVERIFIED,TIER_X_REJECTED,False,False,False,False,False,False,False,False,False,False
/data/liuyu/outputs/longrun_codex_post_confirmatory_20260524/runs/breadth_libero10_kitchen_scene8_put_both_moka_pots_on_the_stove_s9_random,libero_10,NON_CLEAN_OR_ATTACK,TIER_X_REJECTED,False,False,False,False,False,False,False,False,False,False
/data/liuyu/outputs/longrun_codex_post_confirmatory_20260524/runs/breadth_object_pick_up_the_ketchup_and_place_it_in_the_basket_s9_random,,NON_CLEAN_OR_ATTACK,TIER_X_REJECTED,False,False,False,False,False,False,False,False,False,False
/data/liuyu/outputs/longrun_codex_post_confirmatory_20260524/runs/breadth_libero10_kitchen_scene8_put_both_moka_pots_on_the_stove_s0_cmdopen_pos075,libero_10,CONDITION_UNVERIFIED,TIER_X_REJECTED,False,False,False,False,False,False,False,False,False,False
/data/liuyu/outputs/longrun_codex_post_confirmatory_20260524/runs/breadth_goal_put_the_bowl_on_the_plate_s9_random,libero_goal,NON_CLEAN_OR_ATTACK,TIER_X_REJECTED,False,False,False,False,False,False,False,False,False,False
/data/liuyu/outputs/longrun_codex_post_confirmatory_20260524/runs/breadth_goal_put_the_bowl_on_the_plate_s8_random,libero_goal,NON_CLEAN_OR_ATTACK,TIER_X_REJECTED,False,False,False,False,False,False,False,False,False,False
/data/liuyu/outputs/longrun_codex_post_confirmatory_20260524/runs/breadth_goal_put_the_bowl_on_the_plate_s7_cmdopen_pos075,libero_goal,CONDITION_UNVERIFIED,TIER_X_REJECTED,False,False,False,False,False,False,False,False,False,False
/data/liuyu/outputs/longrun_codex_post_confirmatory_20260524/runs/breadth_object_pick_up_the_ketchup_and_place_it_in_the_basket_s6_random,,NON_CLEAN_OR_ATTACK,TIER_X_REJECTED,False,False,False,False,False,False,False,False,False,False
/data/liuyu/outputs/longrun_codex_post_confirmatory_20260524/runs/breadth_libero10_kitchen_scene8_put_both_moka_pots_on_the_stove_s9_cmdopen_pos075,libero_10,CONDITION_UNVERIFIED,TIER_X_REJECTED,False,False,False,False,False,False,False,False,False,False
/data/liuyu/outputs/longrun_codex_post_confirmatory_20260524/runs/breadth_object_pick_up_the_ketchup_and_place_it_in_the_basket_s0_random,,NON_CLEAN_OR_ATTACK,TIER_X_REJECTED,False,False,False,False,False,False,False,False,False,False
/data/liuyu/outputs/longrun_codex_post_confirmatory_20260524/runs/breadth_goal_put_the_bowl_on_the_stove_s0_cmdopen_pos075,libero_goal,CONDITION_UNVERIFIED,TIER_X_REJECTED,False,False,False,False,False,False,False,False,False,False
/data/liuyu/outputs/longrun_codex_post_confirmatory_20260524/runs/breadth_goal_put_the_bowl_on_the_stove_s2_cmdopen_neg075,libero_goal,CONDITION_UNVERIFIED,TIER_X_REJECTED,False,False,False,False,False,False,False,False,False,False
/data/liuyu/outputs/longrun_codex_post_confirmatory_20260524/runs/breadth_goal_put_the_bowl_on_the_plate_s4_random,libero_goal,NON_CLEAN_OR_ATTACK,TIER_X_REJECTED,False,False,False,False,False,False,False,False,False,False
/data/liuyu/outputs/longrun_codex_post_confirmatory_20260524/runs/breadth_goal_put_the_bowl_on_the_plate_s8_cmdopen_pos075,libero_goal,CONDITION_UNVERIFIED,TIER_X_REJECTED,False,False,False,False,False,False,False,False,False,False
/data/liuyu/outputs/longrun_codex_post_confirmatory_20260524/runs/breadth_goal_put_the_bowl_on_the_plate_s5_cmdopen_neg075,libero_goal,CONDITION_UNVERIFIED,TIER_X_REJECTED,False,False,False,False,False,False,False,False,False,False
/data/liuyu/outputs/longrun_codex_post_confirmatory_20260524/runs/breadth_goal_put_the_bowl_on_the_plate_s8_cmdopen_neg075,libero_goal,CONDITION_UNVERIFIED,TIER_X_REJECTED,False,False,False,False,False,False,False,False,False,False
/data/liuyu/outputs/longrun_codex_post_confirmatory_20260524/runs/breadth_goal_put_the_bowl_on_the_stove_s2_random,libero_goal,NON_CLEAN_OR_ATTACK,TIER_X_REJECTED,False,False,False,False,False,False,False,False,False,False
/data/liuyu/outputs/longrun_codex_post_confirmatory_20260524/runs/breadth_goal_open_the_top_drawer_and_put_the_bowl_inside_s5_random,libero_goal,NON_CLEAN_OR_ATTACK,TIER_X_REJECTED,False,False,False,False,False,False,False,False,False,False
/data/liuyu/outputs/longrun_codex_post_confirmatory_20260524/runs/breadth_goal_open_the_top_drawer_and_put_the_bowl_inside_s2_cmdopen_neg075,libero_goal,CONDITION_UNVERIFIED,TIER_X_REJECTED,False,False,False,False,False,False,False,False,False,False
/data/liuyu/outputs/longrun_codex_post_confirmatory_20260524/runs/breadth_goal_open_the_top_drawer_and_put_the_bowl_inside_s2_random,libero_goal,NON_CLEAN_OR_ATTACK,TIER_X_REJECTED,False,False,False,False,False,False,False,False,False,False
/data/liuyu/outputs/longrun_codex_post_confirmatory_20260524/runs/breadth_object_pick_up_the_ketchup_and_place_it_in_the_basket_s9_cmdopen_pos075,,CONDITION_UNVERIFIED,TIER_X_REJECTED,False,False,False,False,False,False,False,False,False,False
/data/liuyu/outputs/longrun_codex_post_confirmatory_20260524/runs/breadth_goal_put_the_bowl_on_the_plate_s3_cmdopen_pos075,libero_goal,CONDITION_UNVERIFIED,TIER_X_REJECTED,False,False,False,False,False,False,False,False,False,False
/data/liuyu/outputs/longrun_codex_post_confirmatory_20260524/runs/breadth_goal_put_the_bowl_on_the_plate_s0_cmdopen_pos075,libero_goal,CONDITION_UNVERIFIED,TIER_X_REJECTED,False,False,False,False,False,False,False,False,False,False
/data/liuyu/outputs/longrun_codex_post_confirmatory_20260524/runs/breadth_goal_put_the_bowl_on_the_stove_s0_cmdopen_neg075,libero_goal,CONDITION_UNVERIFIED,TIER_X_REJECTED,False,False,False,False,False,False,False,False,False,False
/data/liuyu/outputs/longrun_codex_post_confirmatory_20260524/runs/breadth_object_pick_up_the_ketchup_and_place_it_in_the_basket_s6_cmdopen_neg075,,CONDITION_UNVERIFIED,TIER_X_REJECTED,False,False,False,False,False,False,False,False,False,False
/data/liuyu/outputs/longrun_codex_post_confirmatory_20260524/runs/breadth_goal_open_the_top_drawer_and_put_the_bowl_inside_s4_cmdopen_neg075,libero_goal,CONDITION_UNVERIFIED,TIER_X_REJECTED,False,False,False,False,False,False,False,False,False,False
/data/liuyu/outputs/longrun_codex_post_confirmatory_20260524/runs/breadth_object_pick_up_the_ketchup_and_place_it_in_the_basket_s2_cmdopen_pos075,,CONDITION_UNVERIFIED,TIER_X_REJECTED,False,False,False,False,False,False,False,False,False,False
/data/liuyu/outputs/longrun_codex_post_confirmatory_20260524/runs/breadth_goal_open_the_top_drawer_and_put_the_bowl_inside_s0_cmdopen_pos075,libero_goal,CONDITION_UNVERIFIED,TIER_X_REJECTED,False,False,False,False,False,False,False,False,False,False
/data/liuyu/outputs/longrun_codex_post_confirmatory_20260524/runs/breadth_object_pick_up_the_ketchup_and_place_it_in_the_basket_s0_cmdopen_neg075,,CONDITION_UNVERIFIED,TIER_X_REJECTED,False,False,False,False,False,False,False,False,False,False
/data/liuyu/outputs/longrun_codex_post_confirmatory_20260524/runs/breadth_goal_put_the_bowl_on_the_stove_s2_cmdopen_pos075,libero_goal,CONDITION_UNVERIFIED,TIER_X_REJECTED,False,False,False,False,False,False,False,False,False,False
/data/liuyu/outputs/longrun_codex_post_confirmatory_20260524/runs/breadth_goal_put_the_bowl_on_the_plate_s0_random,libero_goal,NON_CLEAN_OR_ATTACK,TIER_X_REJECTED,False,False,False,False,False,False,False,False,False,False
/data/liuyu/outputs/longrun_codex_post_confirmatory_20260524/runs/breadth_object_pick_up_the_ketchup_and_place_it_in_the_basket_s6_cmdopen_pos075,,CONDITION_UNVERIFIED,TIER_X_REJECTED,False,False,False,False,False,False,False,False,False,False
/data/liuyu/outputs/longrun_codex_post_confirmatory_20260524/runs/breadth_libero10_kitchen_scene8_put_both_moka_pots_on_the_stove_s0_random,libero_10,NON_CLEAN_OR_ATTACK,TIER_X_REJECTED,False,False,False,False,False,False,False,False,False,False
/data/liuyu/outputs/longrun_codex_post_confirmatory_20260524/runs/breadth_goal_put_the_bowl_on_the_plate_s5_cmdopen_pos075,libero_goal,CONDITION_UNVERIFIED,TIER_X_REJECTED,False,False,False,False,False,False,False,False,False,False
/data/liuyu/outputs/longrun_codex_post_confirmatory_20260524/runs/breadth_goal_put_the_bowl_on_the_plate_s3_cmdopen_neg075,libero_goal,CONDITION_UNVERIFIED,TIER_X_REJECTED,False,False,False,False,False,False,False,False,False,False
/data/liuyu/outputs/longrun_codex_post_confirmatory_20260524/runs/breadth_object_pick_up_the_ketchup_and_place_it_in_the_basket_s8_cmdopen_pos075,,CONDITION_UNVERIFIED,TIER_X_REJECTED,False,False,False,False,False,False,False,False,False,False
/data/liuyu/outputs/longrun_codex_post_confirmatory_20260524/runs/breadth_goal_put_the_bowl_on_the_plate_s0_cmdopen_neg075,libero_goal,CONDITION_UNVERIFIED,TIER_X_REJECTED,False,False,False,False,False,False,False,False,False,False
/data/liuyu/outputs/longrun_codex_post_confirmatory_20260524/runs/breadth_libero10_kitchen_scene8_put_both_moka_pots_on_the_stove_s9_cmdopen_neg075,libero_10,CONDITION_UNVERIFIED,TIER_X_REJECTED,False,False,False,False,False,False,False,False,False,False
/data/liuyu/outputs/longrun_codex_post_confirmatory_20260524/runs/breadth_goal_put_the_bowl_on_the_plate_s3_random,libero_goal,NON_CLEAN_OR_ATTACK,TIER_X_REJECTED,False,False,False,False,False,False,False,False,False,False
/data/liuyu/outputs/longrun_codex_post_confirmatory_20260524/runs/breadth_goal_open_the_top_drawer_and_put_the_bowl_inside_s2_cmdopen_pos075,libero_goal,CONDITION_UNVERIFIED,TIER_X_REJECTED,False,False,False,False,False,False,False,False,False,False
/data/liuyu/outputs/longrun_codex_post_confirmatory_20260524/runs/breadth_goal_open_the_top_drawer_and_put_the_bowl_inside_s0_random,libero_goal,NON_CLEAN_OR_ATTACK,TIER_X_REJECTED,False,False,False,False,False,False,False,False,False,False
/data/liuyu/outputs/longrun_codex_post_confirmatory_20260524/runs/breadth_goal_open_the_top_drawer_and_put_the_bowl_inside_s0_cmdopen_neg075,libero_goal,CONDITION_UNVERIFIED,TIER_X_REJECTED,False,False,False,False,False,False,False,False,False,False
/data/liuyu/outputs/longrun_codex_post_confirmatory_20260524/runs/breadth_object_pick_up_the_ketchup_and_place_it_in_the_basket_s9_cmdopen_neg075,,CONDITION_UNVERIFIED,TIER_X_REJECTED,False,False,False,False,False,False,False,False,False,False
/data/liuyu/outputs/longrun_codex_post_confirmatory_20260524/runs/breadth_goal_put_the_bowl_on_the_plate_s4_cmdopen_pos075,libero_goal,CONDITION_UNVERIFIED,TIER_X_REJECTED,False,False,False,False,False,False,False,False,False,False
/data/liuyu/outputs/longrun_codex_post_confirmatory_20260524/runs/breadth_goal_put_the_bowl_on_the_plate_s9_cmdopen_neg075,libero_goal,CONDITION_UNVERIFIED,TIER_X_REJECTED,False,False,False,False,False,False,False,False,False,False
/data/liuyu/outputs/longrun_codex_post_confirmatory_20260524/runs/breadth_object_pick_up_the_ketchup_and_place_it_in_the_basket_s2_cmdopen_neg075,,CONDITION_UNVERIFIED,TIER_X_REJECTED,False,False,False,False,False,False,False,False,False,False
/data/liuyu/outputs/longrun_codex_post_confirmatory_20260524/runs/breadth_goal_put_the_bowl_on_the_plate_s9_cmdopen_pos075,libero_goal,CONDITION_UNVERIFIED,TIER_X_REJECTED,False,False,False,False,False,False,False,False,False,False
/data/liuyu/outputs/longrun_codex_post_confirmatory_20260524/runs/breadth_goal_open_the_top_drawer_and_put_the_bowl_inside_s5_cmdopen_pos075,libero_goal,CONDITION_UNVERIFIED,TIER_X_REJECTED,False,False,False,False,False,False,False,False,False,False
/data/liuyu/outputs/longrun_codex_post_confirmatory_20260524/runs/breadth_goal_put_the_bowl_on_the_stove_s0_random,libero_goal,NON_CLEAN_OR_ATTACK,TIER_X_REJECTED,False,False,False,False,False,False,False,False,False,False
/data/liuyu/outputs/longrun_codex_post_confirmatory_20260524/runs/breadth_goal_put_the_bowl_on_the_plate_s7_cmdopen_neg075,libero_goal,CONDITION_UNVERIFIED,TIER_X_REJECTED,False,False,False,False,False,False,False,False,False,False
/data/liuyu/outputs/longrun_codex_post_confirmatory_20260524/runs/breadth_goal_put_the_bowl_on_the_plate_s5_random,libero_goal,NON_CLEAN_OR_ATTACK,TIER_X_REJECTED,False,False,False,False,False,False,False,False,False,False
/data/liuyu/outputs/longrun_codex_post_confirmatory_20260524/runs/breadth_object_pick_up_the_ketchup_and_place_it_in_the_basket_s8_random,,NON_CLEAN_OR_ATTACK,TIER_X_REJECTED,False,False,False,False,False,False,False,False,False,False
/data/liuyu/outputs/longrun_codex_post_confirmatory_20260524/runs/breadth_libero10_kitchen_scene8_put_both_moka_pots_on_the_stove_s0_cmdopen_neg075,libero_10,CONDITION_UNVERIFIED,TIER_X_REJECTED,False,False,False,False,False,False,False,False,False,False
/data/liuyu/outputs/longrun_codex_post_confirmatory_20260524/runs/breadth_goal_open_the_top_drawer_and_put_the_bowl_inside_s4_cmdopen_pos075,libero_goal,CONDITION_UNVERIFIED,TIER_X_REJECTED,False,False,False,False,False,False,False,False,False,False
/data/liuyu/outputs/longrun_codex_post_confirmatory_20260524/runs/breadth_goal_put_the_bowl_on_the_plate_s7_random,libero_goal,NON_CLEAN_OR_ATTACK,TIER_X_REJECTED,False,False,False,False,False,False,False,False,False,False
/data/liuyu/outputs/longrun_codex_post_confirmatory_20260524/runs/breadth_object_pick_up_the_ketchup_and_place_it_in_the_basket_s0_cmdopen_pos075,,CONDITION_UNVERIFIED,TIER_X_REJECTED,False,False,False,False,False,False,False,False,False,False
/data/liuyu/outputs/longrun_codex_post_confirmatory_20260524/runs/breadth_goal_open_the_top_drawer_and_put_the_bowl_inside_s5_cmdopen_neg075,libero_goal,CONDITION_UNVERIFIED,TIER_X_REJECTED,False,False,False,False,False,False,False,False,False,False
/data/liuyu/outputs/milestone_2f_object_detector_clean_full10x5_prep_20260529/runs/libero_object/detclean_full10_t6_butter_s1,,CLEAN,TIER_X_REJECTED,False,False,False,False,False,False,False,False,False,False
/data/liuyu/outputs/milestone_2f_object_detector_clean_full10x5_prep_20260529/runs/libero_object/detclean_full10_t9_orange_juice_s4,,CLEAN,TIER_X_REJECTED,False,False,False,False,False,False,False,False,False,False
/data/liuyu/outputs/milestone_2f_object_detector_clean_full10x5_prep_20260529/runs/libero_object/detclean_full10_t5_tomato_sauce_s1,,CLEAN,TIER_X_REJECTED,False,False,False,False,False,False,False,False,False,False
/data/liuyu/outputs/milestone_2f_object_detector_clean_full10x5_prep_20260529/runs/libero_object/detclean_full10_t3_bbq_sauce_s4,,CLEAN,TIER_X_REJECTED,False,False,False,False,False,False,False,False,False,False
/data/liuyu/outputs/milestone_2f_object_detector_clean_full10x5_prep_20260529/runs/libero_object/detclean_full10_t6_butter_s0,,CLEAN,TIER_X_REJECTED,False,False,False,False,False,False,False,False,False,False
/data/liuyu/outputs/milestone_2f_object_detector_clean_full10x5_prep_20260529/runs/libero_object/detclean_full10_t0_alphabet_soup_s1,,CLEAN,TIER_X_REJECTED,False,False,False,False,False,False,False,False,False,False
/data/liuyu/outputs/milestone_2f_object_detector_clean_full10x5_prep_20260529/runs/libero_object/detclean_full10_t8_chocolate_pudding_s1,,CLEAN,TIER_X_REJECTED,False,False,False,False,False,False,False,False,False,False
/data/liuyu/outputs/milestone_2f_object_detector_clean_full10x5_prep_20260529/runs/libero_object/detclean_full10_t8_chocolate_pudding_s4,,CLEAN,TIER_X_REJECTED,False,False,False,False,False,False,False,False,False,False
/data/liuyu/outputs/milestone_2f_object_detector_clean_full10x5_prep_20260529/runs/libero_object/detclean_full10_t5_tomato_sauce_s2,,CLEAN,TIER_X_REJECTED,False,False,False,False,False,False,False,False,False,False
/data/liuyu/outputs/milestone_2f_object_detector_clean_full10x5_prep_20260529/runs/libero_object/detclean_full10_t1_cream_cheese_s1,,CLEAN,TIER_X_REJECTED,False,False,False,False,False,False,False,False,False,False
/data/liuyu/outputs/milestone_2f_object_detector_clean_full10x5_prep_20260529/runs/libero_object/detclean_full10_t9_orange_juice_s1,,CLEAN,TIER_X_REJECTED,False,False,False,False,False,False,False,False,False,False
/data/liuyu/outputs/milestone_2f_object_detector_clean_full10x5_prep_20260529/runs/libero_object/detclean_full10_t9_orange_juice_s0,,CLEAN,TIER_X_REJECTED,False,False,False,False,False,False,False,False,False,False
/data/liuyu/outputs/milestone_2f_object_detector_clean_full10x5_prep_20260529/runs/libero_object/detclean_full10_t3_bbq_sauce_s1,,CLEAN,TIER_X_REJECTED,False,False,False,False,False,False,False,False,False,False
/data/liuyu/outputs/milestone_2f_object_detector_clean_full10x5_prep_20260529/runs/libero_object/detclean_full10_t3_bbq_sauce_s0,,CLEAN,TIER_X_REJECTED,False,False,False,False,False,False,False,False,False,False
/data/liuyu/outputs/milestone_2f_object_detector_clean_full10x5_prep_20260529/runs/libero_object/detclean_full10_t8_chocolate_pudding_s0,,CLEAN,TIER_X_REJECTED,False,False,False,False,False,False,False,False,False,False
/data/liuyu/outputs/milestone_2f_object_detector_clean_full10x5_prep_20260529/runs/libero_object/detclean_full10_t7_milk_s2,,CLEAN,TIER_X_REJECTED,False,False,False,False,False,False,False,False,False,False
/data/liuyu/outputs/milestone_2f_object_detector_clean_full10x5_prep_20260529/runs/libero_object/detclean_full10_t2_salad_dressing_s0,,CLEAN,TIER_X_REJECTED,False,False,False,False,False,False,False,False,False,False
/data/liuyu/outputs/milestone_2f_object_detector_clean_full10x5_prep_20260529/runs/libero_object/detclean_full10_t3_bbq_sauce_s3,,CLEAN,TIER_X_REJECTED,False,False,False,False,False,False,False,False,False,False
/data/liuyu/outputs/milestone_2f_object_detector_clean_full10x5_prep_20260529/runs/libero_object/detclean_full10_t4_ketchup_s4,,CLEAN,TIER_X_REJECTED,False,False,False,False,False,False,False,False,False,False
/data/liuyu/outputs/milestone_2f_object_detector_clean_full10x5_prep_20260529/runs/libero_object/detclean_full10_t9_orange_juice_s3,,CLEAN,TIER_X_REJECTED,False,False,False,False,False,False,False,False,False,False
/data/liuyu/outputs/milestone_2f_object_detector_clean_full10x5_prep_20260529/runs/libero_object/detclean_full10_t2_salad_dressing_s3,,CLEAN,TIER_X_REJECTED,False,False,False,False,False,False,False,False,False,False
/data/liuyu/outputs/milestone_2f_object_detector_clean_full10x5_prep_20260529/runs/libero_object/detclean_full10_t8_chocolate_pudding_s3,,CLEAN,TIER_X_REJECTED,False,False,False,False,False,False,False,False,False,False
/data/liuyu/outputs/milestone_2f_object_detector_clean_full10x5_prep_20260529/runs/libero_object/detclean_full10_t4_ketchup_s1,,CLEAN,TIER_X_REJECTED,False,False,False,False,False,False,False,False,False,False
/data/liuyu/outputs/milestone_2f_object_detector_clean_full10x5_prep_20260529/runs/libero_object/detclean_full10_t7_milk_s3,,CLEAN,TIER_X_REJECTED,False,False,False,False,False,False,False,False,False,False
/data/liuyu/outputs/milestone_2f_object_detector_clean_full10x5_prep_20260529/runs/libero_object/detclean_full10_t2_salad_dressing_s2,,CLEAN,TIER_X_REJECTED,False,False,False,False,False,False,False,False,False,False
/data/liuyu/outputs/milestone_2f_object_detector_clean_full10x5_prep_20260529/runs/libero_object/detclean_full10_t4_ketchup_s3,,CLEAN,TIER_X_REJECTED,False,False,False,False,False,False,False,False,False,False
/data/liuyu/outputs/milestone_2f_object_detector_clean_full10x5_prep_20260529/runs/libero_object/detclean_full10_t6_butter_s2,,CLEAN,TIER_X_REJECTED,False,False,False,False,False,False,False,False,False,False
/data/liuyu/outputs/milestone_2f_object_detector_clean_full10x5_prep_20260529/runs/libero_object/detclean_full10_t6_butter_s4,,CLEAN,TIER_X_REJECTED,False,False,False,False,False,False,False,False,False,False
/data/liuyu/outputs/milestone_2f_object_detector_clean_full10x5_prep_20260529/runs/libero_object/detclean_full10_t0_alphabet_soup_s0,,CLEAN,TIER_X_REJECTED,False,False,False,False,False,False,False,False,False,False
/data/liuyu/outputs/milestone_2f_object_detector_clean_full10x5_prep_20260529/runs/libero_object/detclean_full10_t0_alphabet_soup_s3,,CLEAN,TIER_X_REJECTED,False,False,False,False,False,False,False,False,False,False
/data/liuyu/outputs/milestone_2f_object_detector_clean_full10x5_prep_20260529/runs/libero_object/detclean_full10_t9_orange_juice_s2,,CLEAN,TIER_X_REJECTED,False,False,False,False,False,False,False,False,False,False
/data/liuyu/outputs/milestone_2f_object_detector_clean_full10x5_prep_20260529/runs/libero_object/detclean_full10_t1_cream_cheese_s0,,CLEAN,TIER_X_REJECTED,False,False,False,False,False,False,False,False,False,False
/data/liuyu/outputs/milestone_2f_object_detector_clean_full10x5_prep_20260529/runs/libero_object/detclean_full10_t1_cream_cheese_s4,,CLEAN,TIER_X_REJECTED,False,False,False,False,False,False,False,False,False,False
/data/liuyu/outputs/milestone_2f_object_detector_clean_full10x5_prep_20260529/runs/libero_object/detclean_full10_t0_alphabet_soup_s4,,CLEAN,TIER_X_REJECTED,False,False,False,False,False,False,False,False,False,False
/data/liuyu/outputs/milestone_2f_object_detector_clean_full10x5_prep_20260529/runs/libero_object/detclean_full10_t1_cream_cheese_s3,,CLEAN,TIER_X_REJECTED,False,False,False,False,False,False,False,False,False,False
/data/liuyu/outputs/milestone_2f_object_detector_clean_full10x5_prep_20260529/runs/libero_object/detclean_full10_t4_ketchup_s2,,CLEAN,TIER_X_REJECTED,False,False,False,False,False,False,False,False,False,False
/data/liuyu/outputs/milestone_2f_object_detector_clean_full10x5_prep_20260529/runs/libero_object/detclean_full10_t3_bbq_sauce_s2,,CLEAN,TIER_X_REJECTED,False,False,False,False,False,False,False,False,False,False
/data/liuyu/outputs/milestone_2f_object_detector_clean_full10x5_prep_20260529/runs/libero_object/detclean_full10_t1_cream_cheese_s2,,CLEAN,TIER_X_REJECTED,False,False,False,False,False,False,False,False,False,False
/data/liuyu/outputs/milestone_2f_object_detector_clean_full10x5_prep_20260529/runs/libero_object/detclean_full10_t5_tomato_sauce_s3,,CLEAN,TIER_X_REJECTED,False,False,False,False,False,False,False,False,False,False
/data/liuyu/outputs/milestone_2f_object_detector_clean_full10x5_prep_20260529/runs/libero_object/detclean_full10_t8_chocolate_pudding_s2,,CLEAN,TIER_X_REJECTED,False,False,False,False,False,False,False,False,False,False
/data/liuyu/outputs/milestone_2f_object_detector_clean_full10x5_prep_20260529/runs/libero_object/detclean_full10_t0_alphabet_soup_s2,,CLEAN,TIER_X_REJECTED,False,False,False,False,False,False,False,False,False,False
/data/liuyu/outputs/milestone_2f_object_detector_clean_full10x5_prep_20260529/runs/libero_object/detclean_full10_t2_salad_dressing_s1,,CLEAN,TIER_X_REJECTED,False,False,False,False,False,False,False,False,False,False
/data/liuyu/outputs/milestone_2f_object_detector_clean_full10x5_prep_20260529/runs/libero_object/detclean_full10_t4_ketchup_s0,,CLEAN,TIER_X_REJECTED,False,False,False,False,False,False,False,False,False,False
/data/liuyu/outputs/milestone_2f_object_detector_clean_full10x5_prep_20260529/runs/libero_object/detclean_full10_t5_tomato_sauce_s0,,CLEAN,TIER_X_REJECTED,False,False,False,False,False,False,False,False,False,False
/data/liuyu/outputs/milestone_2f_object_detector_clean_full10x5_prep_20260529/runs/libero_object/detclean_full10_t6_butter_s3,,CLEAN,TIER_X_REJECTED,False,False,False,False,False,False,False,False,False,False
/data/liuyu/outputs/milestone_2f_object_detector_clean_full10x5_prep_20260529/runs/libero_object/detclean_full10_t7_milk_s0,,CLEAN,TIER_X_REJECTED,False,False,False,False,False,False,False,False,False,False
/data/liuyu/outputs/milestone_2f_object_detector_clean_full10x5_prep_20260529/runs/libero_object/detclean_full10_t7_milk_s4,,CLEAN,TIER_X_REJECTED,False,False,False,False,False,False,False,False,False,False
/data/liuyu/outputs/milestone_2f_object_detector_clean_full10x5_prep_20260529/runs/libero_object/detclean_full10_t5_tomato_sauce_s4,,CLEAN,TIER_X_REJECTED,False,False,False,False,False,False,False,False,False,False
/data/liuyu/outputs/milestone_2f_object_detector_clean_full10x5_prep_20260529/runs/libero_object/detclean_full10_t2_salad_dressing_s4,,CLEAN,TIER_X_REJECTED,False,False,False,False,False,False,False,False,False,False
/data/liuyu/outputs/milestone_2f_object_detector_clean_full10x5_prep_20260529/runs/libero_object/detclean_full10_t7_milk_s1,,CLEAN,TIER_X_REJECTED,False,False,False,False,False,False,False,False,False,False
/data/liuyu/outputs/moka_secondpot_mainline_20260513/moka_secondpot_s6_w796_803_random_gripper_clean,libero_10,CLEAN,TIER_X_REJECTED,False,False,False,False,False,False,False,False,False,False
/data/liuyu/outputs/moka_secondpot_mainline_20260513/moka_secondpot_s13_w796_803_oracle_gripper_only,libero_10,CONDITION_UNVERIFIED,TIER_X_REJECTED,False,False,False,False,False,False,False,False,False,False
/data/liuyu/outputs/moka_secondpot_mainline_20260513/moka_secondpot_s0_w804_811_random_gripper_clean,libero_10,CLEAN,TIER_X_REJECTED,False,False,False,False,False,False,False,False,False,False
/data/liuyu/outputs/moka_secondpot_mainline_20260513/moka_secondpot_s0_w780_787_vis_arm_clean,libero_10,CLEAN,TIER_X_REJECTED,False,False,False,False,False,False,False,False,False,False
/data/liuyu/outputs/moka_secondpot_mainline_20260513/moka_secondpot_s0_w788_795_random_gripper_clean,libero_10,CLEAN,TIER_X_REJECTED,False,False,False,False,False,False,False,False,False,False
/data/liuyu/outputs/moka_secondpot_mainline_20260513/moka_secondpot_s0_w804_811_vis_arm_clean,libero_10,CLEAN,TIER_X_REJECTED,False,False,False,False,False,False,False,False,False,False
/data/liuyu/outputs/moka_secondpot_mainline_20260513/moka_secondpot_s6_w804_811_random_gripper_clean,libero_10,CLEAN,TIER_X_REJECTED,False,False,False,False,False,False,False,False,False,False
/data/liuyu/outputs/moka_secondpot_mainline_20260513/moka_secondpot_s0_w780_787_random_gripper_clean,libero_10,CLEAN,TIER_X_REJECTED,False,False,False,False,False,False,False,False,False,False
/data/liuyu/outputs/moka_secondpot_mainline_20260513/moka_secondpot_s6_w780_787_vis_arm_clean,libero_10,CLEAN,TIER_X_REJECTED,False,False,False,False,False,False,False,False,False,False
/data/liuyu/outputs/moka_secondpot_mainline_20260513/moka_secondpot_s6_w788_795_vis_arm_clean,libero_10,CLEAN,TIER_X_REJECTED,False,False,False,False,False,False,False,False,False,False
/data/liuyu/outputs/moka_secondpot_mainline_20260513/moka_secondpot_s0_w788_795_vis_arm_clean,libero_10,CLEAN,TIER_X_REJECTED,False,False,False,False,False,False,False,False,False,False
/data/liuyu/outputs/moka_secondpot_mainline_20260513/moka_secondpot_s6_w788_795_random_gripper_clean,libero_10,CLEAN,TIER_X_REJECTED,False,False,False,False,False,False,False,False,False,False
/data/liuyu/outputs/moka_secondpot_mainline_20260513/moka_secondpot_s6_w796_803_oracle_gripper_only,libero_10,CONDITION_UNVERIFIED,TIER_X_REJECTED,False,False,False,False,False,False,False,False,False,False
/data/liuyu/outputs/moka_secondpot_mainline_20260513/moka_secondpot_s13_w780_787_vis_arm_clean,libero_10,CLEAN,TIER_X_REJECTED,False,False,False,False,False,False,False,False,False,False
/data/liuyu/outputs/moka_secondpot_mainline_20260513/moka_secondpot_s6_w780_787_oracle_gripper_only,libero_10,CONDITION_UNVERIFIED,TIER_X_REJECTED,False,False,False,False,False,False,False,False,False,False
/data/liuyu/outputs/moka_secondpot_mainline_20260513/moka_secondpot_s13_w804_811_vis_arm_clean,libero_10,CLEAN,TIER_X_REJECTED,False,False,False,False,False,False,False,False,False,False
/data/liuyu/outputs/moka_secondpot_mainline_20260513/moka_secondpot_s0_w796_803_random_gripper_clean,libero_10,CLEAN,TIER_X_REJECTED,False,False,False,False,False,False,False,False,False,False
/data/liuyu/outputs/moka_secondpot_mainline_20260513/moka_secondpot_s13_w796_803_vis_arm_clean,libero_10,CLEAN,TIER_X_REJECTED,False,False,False,False,False,False,False,False,False,False
/data/liuyu/outputs/moka_secondpot_mainline_20260513/moka_secondpot_s13_w796_803_random_gripper_clean,libero_10,CLEAN,TIER_X_REJECTED,False,False,False,False,False,False,False,False,False,False
/data/liuyu/outputs/moka_secondpot_mainline_20260513/moka_secondpot_s13_w780_787_random_gripper_clean,libero_10,CLEAN,TIER_X_REJECTED,False,False,False,False,False,False,False,False,False,False
/data/liuyu/outputs/moka_secondpot_mainline_20260513/moka_secondpot_s13_w804_811_random_gripper_clean,libero_10,CLEAN,TIER_X_REJECTED,False,False,False,False,False,False,False,False,False,False
/data/liuyu/outputs/moka_secondpot_mainline_20260513/moka_secondpot_s0_w780_787_oracle_gripper_only,libero_10,CONDITION_UNVERIFIED,TIER_X_REJECTED,False,False,False,False,False,False,False,False,False,False
/data/liuyu/outputs/moka_secondpot_mainline_20260513/moka_secondpot_s6_w796_803_vis_arm_clean,libero_10,CLEAN,TIER_X_REJECTED,False,False,False,False,False,False,False,False,False,False
/data/liuyu/outputs/moka_secondpot_mainline_20260513/moka_secondpot_s6_w780_787_random_gripper_clean,libero_10,CLEAN,TIER_X_REJECTED,False,False,False,False,False,False,False,False,False,False
/data/liuyu/outputs/moka_secondpot_mainline_20260513/moka_secondpot_s6_w788_795_oracle_gripper_only,libero_10,CONDITION_UNVERIFIED,TIER_X_REJECTED,False,False,False,False,False,False,False,False,False,False
/data/liuyu/outputs/moka_secondpot_mainline_20260513/moka_secondpot_s0_w796_803_oracle_gripper_only,libero_10,CONDITION_UNVERIFIED,TIER_X_REJECTED,False,False,False,False,False,False,False,False,False,False
/data/liuyu/outputs/moka_secondpot_mainline_20260513/moka_secondpot_s13_w788_795_vis_arm_clean,libero_10,CLEAN,TIER_X_REJECTED,False,False,False,False,False,False,False,False,False,False
/data/liuyu/outputs/moka_secondpot_mainline_20260513/moka_secondpot_s6_w804_811_vis_arm_clean,libero_10,CLEAN,TIER_X_REJECTED,False,False,False,False,False,False,False,False,False,False
/data/liuyu/outputs/moka_secondpot_mainline_20260513/moka_secondpot_s13_w788_795_random_gripper_clean,libero_10,CLEAN,TIER_X_REJECTED,False,False,False,False,False,False,False,False,False,False
/data/liuyu/outputs/moka_secondpot_mainline_20260513/moka_secondpot_s13_w780_787_oracle_gripper_only,libero_10,CONDITION_UNVERIFIED,TIER_X_REJECTED,False,False,False,False,False,False,False,False,False,False
/data/liuyu/outputs/moka_secondpot_mainline_20260513/moka_secondpot_s13_w788_795_oracle_gripper_only,libero_10,CONDITION_UNVERIFIED,TIER_X_REJECTED,False,False,False,False,False,False,False,False,False,False
/data/liuyu/outputs/moka_secondpot_mainline_20260513/moka_secondpot_s6_w804_811_oracle_gripper_only,libero_10,CONDITION_UNVERIFIED,TIER_X_REJECTED,False,False,False,False,False,False,False,False,False,False
/data/liuyu/outputs/moka_secondpot_mainline_20260513/moka_secondpot_s0_w788_795_oracle_gripper_only,libero_10,CONDITION_UNVERIFIED,TIER_X_REJECTED,False,False,False,False,False,False,False,False,False,False
/data/liuyu/outputs/moka_secondpot_mainline_20260513/moka_secondpot_s13_w804_811_oracle_gripper_only,libero_10,CONDITION_UNVERIFIED,TIER_X_REJECTED,False,False,False,False,False,False,False,False,False,False
/data/liuyu/outputs/moka_secondpot_mainline_20260513/moka_secondpot_s0_w796_803_vis_arm_clean,libero_10,CLEAN,TIER_X_REJECTED,False,False,False,False,False,False,False,False,False,False
/data/liuyu/outputs/moka_secondpot_mainline_20260513/moka_secondpot_s0_w804_811_oracle_gripper_only,libero_10,CONDITION_UNVERIFIED,TIER_X_REJECTED,False,False,False,False,False,False,False,False,False,False
/data/liuyu/outputs/blackbowl_action_clamp_backtest_20260513_v2/blackbowl_clamp_s2_random_gripper_clean,libero_spatial,CLEAN,TIER_X_REJECTED,False,False,False,False,False,False,False,False,False,False
/data/liuyu/outputs/blackbowl_action_clamp_backtest_20260513_v2/blackbowl_clamp_s4_vis_unclamped_repeat,libero_spatial,NON_CLEAN_OR_ATTACK,TIER_X_REJECTED,False,False,False,False,False,False,False,False,False,False
/data/liuyu/outputs/blackbowl_action_clamp_backtest_20260513_v2/blackbowl_clamp_s1_vis_arm_clean_retry01s,libero_spatial,CLEAN,TIER_X_REJECTED,False,False,False,False,False,False,False,False,False,False
/data/liuyu/outputs/blackbowl_action_clamp_backtest_20260513_v2/blackbowl_clamp_s1_vis_arm_clean_retry23a,libero_spatial,CLEAN,TIER_X_REJECTED,False,False,False,False,False,False,False,False,False,False
/data/liuyu/outputs/blackbowl_action_clamp_backtest_20260513_v2/blackbowl_clamp_s5_vis_unclamped_repeat,libero_spatial,NON_CLEAN_OR_ATTACK,TIER_X_REJECTED,False,False,False,False,False,False,False,False,False,False
/data/liuyu/outputs/blackbowl_action_clamp_backtest_20260513_v2/blackbowl_clamp_s5_vis_unclamped_repeat_retry23a,libero_spatial,NON_CLEAN_OR_ATTACK,TIER_X_REJECTED,False,False,False,False,False,False,False,False,False,False
/data/liuyu/outputs/blackbowl_action_clamp_backtest_20260513_v2/blackbowl_clamp_s1_vis_arm_clean_retry45s,libero_spatial,CLEAN,TIER_X_REJECTED,False,False,False,False,False,False,False,False,False,False
/data/liuyu/outputs/blackbowl_action_clamp_backtest_20260513_v2/blackbowl_clamp_s5_random_gripper_clean,libero_spatial,CLEAN,TIER_X_REJECTED,False,False,False,False,False,False,False,False,False,False
/data/liuyu/outputs/blackbowl_action_clamp_backtest_20260513_v2/blackbowl_clamp_s5_vis_arm_clean,libero_spatial,CLEAN,TIER_X_REJECTED,False,False,False,False,False,False,False,False,False,False
/data/liuyu/outputs/blackbowl_action_clamp_backtest_20260513_v2/blackbowl_clamp_s3_vis_unclamped_repeat_retry23_20260513_2149,libero_spatial,NON_CLEAN_OR_ATTACK,TIER_X_REJECTED,False,False,False,False,False,False,False,False,False,False
/data/liuyu/outputs/blackbowl_action_clamp_backtest_20260513_v2/blackbowl_clamp_s2_vis_arm_clean,libero_spatial,CLEAN,TIER_X_REJECTED,False,False,False,False,False,False,False,False,False,False
/data/liuyu/outputs/blackbowl_action_clamp_backtest_20260513_v2/blackbowl_clamp_s4_vis_arm_clean,libero_spatial,CLEAN,TIER_X_REJECTED,False,False,False,False,False,False,False,False,False,False
/data/liuyu/outputs/blackbowl_action_clamp_backtest_20260513_v2/smoke_blackbowl_slot67_probe,libero_spatial,CONDITION_UNVERIFIED,TIER_X_REJECTED,False,False,False,False,False,False,False,False,False,False
/data/liuyu/outputs/blackbowl_action_clamp_backtest_20260513_v2/blackbowl_clamp_s3_random_unclamped_repeat,libero_spatial,NON_CLEAN_OR_ATTACK,TIER_X_REJECTED,False,False,False,False,False,False,False,False,False,False
/data/liuyu/outputs/blackbowl_action_clamp_backtest_20260513_v2/blackbowl_clamp_s1_random_gripper_clean,libero_spatial,CLEAN,TIER_X_REJECTED,False,False,False,False,False,False,False,False,False,False
/data/liuyu/outputs/blackbowl_action_clamp_backtest_20260513_v2/blackbowl_clamp_s1_vis_arm_clean,libero_spatial,CLEAN,TIER_X_REJECTED,False,False,False,False,False,False,False,False,False,False
/data/liuyu/outputs/blackbowl_action_clamp_backtest_20260513_v2/blackbowl_clamp_s2_vis_unclamped_repeat,libero_spatial,NON_CLEAN_OR_ATTACK,TIER_X_REJECTED,False,False,False,False,False,False,False,False,False,False
/data/liuyu/outputs/blackbowl_action_clamp_backtest_20260513_v2/blackbowl_clamp_s3_vis_arm_clean,libero_spatial,CLEAN,TIER_X_REJECTED,False,False,False,False,False,False,False,False,False,False
/data/liuyu/outputs/blackbowl_action_clamp_backtest_20260513_v2/blackbowl_clamp_s4_random_gripper_clean,libero_spatial,CLEAN,TIER_X_REJECTED,False,False,False,False,False,False,False,False,False,False
/data/liuyu/outputs/blackbowl_action_clamp_backtest_20260513_v2/blackbowl_clamp_s5_random_unclamped_repeat,libero_spatial,NON_CLEAN_OR_ATTACK,TIER_X_REJECTED,False,False,False,False,False,False,False,False,False,False
/data/liuyu/outputs/blackbowl_action_clamp_backtest_20260513_v2/blackbowl_clamp_s3_random_gripper_clean,libero_spatial,CLEAN,TIER_X_REJECTED,False,False,False,False,False,False,False,False,False,False
/data/liuyu/outputs/blackbowl_action_clamp_backtest_20260513_v2/blackbowl_clamp_s2_random_unclamped_repeat,libero_spatial,NON_CLEAN_OR_ATTACK,TIER_X_REJECTED,False,False,False,False,False,False,False,False,False,False
/data/liuyu/outputs/blackbowl_action_clamp_backtest_20260513_v2/blackbowl_clamp_s4_random_unclamped_repeat,libero_spatial,NON_CLEAN_OR_ATTACK,TIER_X_REJECTED,False,False,False,False,False,False,False,False,False,False
/data/liuyu/outputs/blackbowl_action_clamp_backtest_20260513_v2/blackbowl_clamp_s3_vis_unclamped_repeat,libero_spatial,NON_CLEAN_OR_ATTACK,TIER_X_REJECTED,False,False,False,False,False,False,False,False,False,False
/data/liuyu/outputs/blackbowl_action_clamp_backtest_20260513_v2/smoke_blackbowl_slot23_probe,libero_spatial,CONDITION_UNVERIFIED,TIER_X_REJECTED,False,False,False,False,False,False,False,False,False,False
/data/liuyu/outputs/blackbowl_action_clamp_backtest_20260513_v2/blackbowl_clamp_s1_vis_unclamped_repeat,libero_spatial,NON_CLEAN_OR_ATTACK,TIER_X_REJECTED,False,False,False,False,False,False,False,False,False,False
/data/liuyu/outputs/blackbowl_action_clamp_backtest_20260513_v2/blackbowl_clamp_s1_random_unclamped_repeat,libero_spatial,NON_CLEAN_OR_ATTACK,TIER_X_REJECTED,False,False,False,False,False,False,False,False,False,False
/data/liuyu/outputs/blackbowl_action_clamp_backtest_20260513_v2/blackbowl_clamp_s1_vis_arm_clean_retry67a,libero_spatial,CLEAN,TIER_X_REJECTED,False,False,False,False,False,False,False,False,False,False
/data/liuyu/outputs/v2_vis_sc5_bridge/s2/SC5_TRUE_T10,,TRUE_T10,TIER_X_REJECTED,False,False,False,False,False,False,False,False,False,False
/data/liuyu/outputs/v2_vis_sc5_bridge/s2/SC5_SHUFFLED_T10,,SHUFFLED_T10,TIER_X_REJECTED,False,False,False,False,False,False,False,False,False,False
/data/liuyu/outputs/v2_vis_sc5_bridge/s2/D5_TRUE_T10,,TRUE_T10,TIER_X_REJECTED,False,False,False,False,False,False,False,False,False,False
/data/liuyu/outputs/v2_vis_sc5_bridge/s2/SC5_RAND_T10,,RAND_T10,TIER_X_REJECTED,False,False,False,False,False,False,False,False,False,False
/data/liuyu/outputs/v2_vis_sc5_bridge/s2/CLEAN,,CLEAN,TIER_D_LEGACY_REFERENCE_ONLY,False,False,False,False,False,False,False,False,False,False
/data/liuyu/outputs/v2_vis_sc5_bridge/s0/SC5_TRUE_T10,,TRUE_T10,TIER_X_REJECTED,False,False,False,False,False,False,False,False,False,False
/data/liuyu/outputs/v2_vis_sc5_bridge/s0/SC5_SHUFFLED_T10,,SHUFFLED_T10,TIER_X_REJECTED,False,False,False,False,False,False,False,False,False,False
/data/liuyu/outputs/v2_vis_sc5_bridge/s0/D5_TRUE_T10,,TRUE_T10,TIER_X_REJECTED,False,False,False,False,False,False,False,False,False,False
/data/liuyu/outputs/v2_vis_sc5_bridge/s0/SC5_RAND_T10,,RAND_T10,TIER_X_REJECTED,False,False,False,False,False,False,False,False,False,False
/data/liuyu/outputs/v2_vis_sc5_bridge/s0/CLEAN,,CLEAN,TIER_D_LEGACY_REFERENCE_ONLY,False,False,False,False,False,False,False,False,False,False
/data/liuyu/outputs/milestone_2f_object_detector_matched_attack_pilot_20260529/runs/libero_object/atk26_clean_milk_s4,,CLEAN,TIER_X_REJECTED,False,False,False,False,False,False,False,False,False,False
/data/liuyu/outputs/milestone_2f_object_detector_matched_attack_pilot_20260529/runs/libero_object/atk26_oracle_open_cream_cheese_s0,,NON_CLEAN_OR_ATTACK,TIER_X_REJECTED,False,False,False,False,False,False,False,False,False,False
/data/liuyu/outputs/milestone_2f_object_detector_matched_attack_pilot_20260529/runs/libero_object/atk26_oracle_open_cream_cheese_s4,,NON_CLEAN_OR_ATTACK,TIER_X_REJECTED,False,False,False,False,False,False,False,False,False,False
/data/liuyu/outputs/milestone_2f_object_detector_matched_attack_pilot_20260529/runs/libero_object/atk26_clean_milk_s3,,CLEAN,TIER_X_REJECTED,False,False,False,False,False,False,False,False,False,False
/data/liuyu/outputs/milestone_2f_object_detector_matched_attack_pilot_20260529/runs/libero_object/atk26_clean_milk_s0,,CLEAN,TIER_X_REJECTED,False,False,False,False,False,False,False,False,False,False
/data/liuyu/outputs/milestone_2f_object_detector_matched_attack_pilot_20260529/runs/libero_object/atk26_clean_milk_s2,,CLEAN,TIER_X_REJECTED,False,False,False,False,False,False,False,False,False,False
/data/liuyu/outputs/milestone_2f_object_detector_matched_attack_pilot_20260529/runs/libero_object/atk26_clean_cream_cheese_s3,,CLEAN,TIER_X_REJECTED,False,False,False,False,False,False,False,False,False,False
/data/liuyu/outputs/milestone_2f_object_detector_matched_attack_pilot_20260529/runs/libero_object/atk26_clean_cream_cheese_s2,,CLEAN,TIER_X_REJECTED,False,False,False,False,False,False,False,False,False,False
/data/liuyu/outputs/milestone_2f_object_detector_matched_attack_pilot_20260529/runs/libero_object/atk26_oracle_open_cream_cheese_s2,,NON_CLEAN_OR_ATTACK,TIER_X_REJECTED,False,False,False,False,False,False,False,False,False,False
/data/liuyu/outputs/milestone_2f_object_detector_matched_attack_pilot_20260529/runs/libero_object/atk26_clean_cream_cheese_s0,,CLEAN,TIER_X_REJECTED,False,False,False,False,False,False,False,False,False,False
/data/liuyu/outputs/milestone_2f_object_detector_matched_attack_pilot_20260529/runs/libero_object/atk26_clean_milk_s1,,CLEAN,TIER_X_REJECTED,False,False,False,False,False,False,False,False,False,False
/data/liuyu/outputs/milestone_2f_object_detector_matched_attack_pilot_20260529/runs/libero_object/atk26_clean_cream_cheese_s1,,CLEAN,TIER_X_REJECTED,False,False,False,False,False,False,False,False,False,False
/data/liuyu/outputs/milestone_2f_object_detector_matched_attack_pilot_20260529/runs/libero_object/atk26_clean_cream_cheese_s4,,CLEAN,TIER_X_REJECTED,False,False,False,False,False,False,False,False,False,False
/data/liuyu/outputs/milestone_2f_object_detector_matched_attack_pilot_20260529/runs/libero_object/atk26_oracle_open_cream_cheese_s1,,NON_CLEAN_OR_ATTACK,TIER_X_REJECTED,False,False,False,False,False,False,False,False,False,False
/data/liuyu/outputs/milestone_2f_object_detector_matched_attack_pilot_20260529/runs/libero_object/atk26_oracle_open_cream_cheese_s3,,NON_CLEAN_OR_ATTACK,TIER_X_REJECTED,False,False,False,False,False,False,False,False,False,False
/data/liuyu/outputs/l3_deepseek_autonomous_20260617_r1/h2_v4_primary,,CONDITION_UNVERIFIED,TIER_X_REJECTED,False,False,False,False,False,False,False,False,False,False
/data/liuyu/outputs/libero_full4_clean_table1_10state_20260521_gpu014526/runs/table1_libero10_kitchen_scene6_put_the_yellow_and_white_mug_in_the_microwave_and_close_it_state0_seed1_clean,libero_10,CLEAN,TIER_X_REJECTED,False,False,False,False,False,False,False,False,False,False
/data/liuyu/outputs/libero_full4_clean_table1_10state_20260521_gpu014526/runs/table1_libero10_kitchen_scene3_turn_on_the_stove_and_put_the_moka_pot_on_it_state0_seed1_clean,libero_10,CLEAN,TIER_X_REJECTED,False,False,False,False,False,False,False,False,False,False
/data/liuyu/outputs/libero_full4_clean_table1_10state_20260521_gpu014526/runs/table1_libero10_kitchen_scene4_put_the_black_bowl_in_the_bottom_drawer_of_the_cabinet_and_close_it_state0_seed1_clean,libero_10,CLEAN,TIER_X_REJECTED,False,False,False,False,False,False,False,False,False,False
/data/liuyu/outputs/libero_full4_clean_table1_10state_20260521_gpu014526/runs/table1_libero10_kitchen_scene8_put_both_moka_pots_on_the_stove_state0_seed1_clean,libero_10,CLEAN,TIER_X_REJECTED,False,False,False,False,False,False,False,False,False,False
/data/liuyu/outputs/d4_smoke_milk_r2/milk_s23_shadow_attempt1,,CONDITION_UNVERIFIED,TIER_X_REJECTED,False,False,False,False,False,False,False,False,False,False
/data/liuyu/outputs/g5c_regression/alphabet_soup_s2_reference_attempt1,,CONDITION_UNVERIFIED,TIER_X_REJECTED,False,False,False,False,False,False,False,False,False,False
/data/liuyu/outputs/g5c_regression/alphabet_soup_s2_shadow_attempt1,,CONDITION_UNVERIFIED,TIER_X_REJECTED,False,False,False,False,False,False,False,False,False,False
/data/liuyu/outputs/l3_h5_v2_telemetry_d_r1/seed82_SHUFFLED,,SHUFFLED,TIER_X_REJECTED,False,False,False,False,False,False,False,False,False,False
/data/liuyu/outputs/l3_h5_v2_telemetry_d_r1/seed82_parity_RAND,,RAND,TIER_X_REJECTED,False,False,False,False,False,False,False,False,False,False
/data/liuyu/outputs/l3_h5_v2_telemetry_d_r1/seed82_TRUE,,TRUE,TIER_X_REJECTED,False,False,False,False,False,False,False,False,False,False
/data/liuyu/outputs/l3_h5_v2_telemetry_d_r1/seed82_RAND,,RAND,TIER_X_REJECTED,False,False,False,False,False,False,False,False,False,False
/data/liuyu/outputs/l3_h5_v2_telemetry_d_r1/seed82_CLEAN,,CLEAN,TIER_D_LEGACY_REFERENCE_ONLY,False,False,False,False,False,False,False,False,False,False
/data/liuyu/outputs/l3_h5_v2_telemetry_d_r1/seed82_parity_SHUFFLED,,SHUFFLED,TIER_X_REJECTED,False,False,False,False,False,False,False,False,False,False
/data/liuyu/outputs/l3_h5_v2_telemetry_d_r1/seed82_parity_TRUE,,TRUE,TIER_X_REJECTED,False,False,False,False,False,False,False,False,False,False
/data/liuyu/outputs/moka_window_control_decomp_20260513/moka_decomp_s0_w804_811_vis_unclamped,libero_10,NON_CLEAN_OR_ATTACK,TIER_X_REJECTED,False,False,False,False,False,False,False,False,False,False
/data/liuyu/outputs/moka_window_control_decomp_20260513/moka_decomp_s0_w796_803_vis_unclamped,libero_10,NON_CLEAN_OR_ATTACK,TIER_X_REJECTED,False,False,False,False,False,False,False,False,False,False
/data/liuyu/outputs/moka_window_control_decomp_20260513/moka_decomp_s6_w790_805_oracle_gripper_only,libero_10,CONDITION_UNVERIFIED,TIER_X_REJECTED,False,False,False,False,False,False,False,False,False,False
/data/liuyu/outputs/moka_window_control_decomp_20260513/moka_decomp_s0_w796_803_vis_arm_clean,libero_10,CLEAN,TIER_X_REJECTED,False,False,False,False,False,False,False,False,False,False
/data/liuyu/outputs/moka_window_control_decomp_20260513/moka_decomp_s13_w796_803_oracle_gripper_only,libero_10,CONDITION_UNVERIFIED,TIER_X_REJECTED,False,False,False,False,False,False,False,False,False,False
/data/liuyu/outputs/moka_window_control_decomp_20260513/moka_decomp_s6_w780_787_vis_unclamped,libero_10,NON_CLEAN_OR_ATTACK,TIER_X_REJECTED,False,False,False,False,False,False,False,False,False,False
/data/liuyu/outputs/moka_window_control_decomp_20260513/moka_decomp_s13_w796_803_random_gripper_clean,libero_10,CLEAN,TIER_X_REJECTED,False,False,False,False,False,False,False,False,False,False
/data/liuyu/outputs/moka_window_control_decomp_20260513/moka_decomp_s6_w780_787_vis_arm_clean,libero_10,CLEAN,TIER_X_REJECTED,False,False,False,False,False,False,False,False,False,False
/data/liuyu/outputs/moka_window_control_decomp_20260513/moka_decomp_s13_w780_787_random_gripper_clean,libero_10,CLEAN,TIER_X_REJECTED,False,False,False,False,False,False,False,False,False,False
/data/liuyu/outputs/moka_window_control_decomp_20260513/moka_decomp_s13_w796_803_vis_unclamped,libero_10,NON_CLEAN_OR_ATTACK,TIER_X_REJECTED,False,False,False,False,False,False,False,False,False,False
/data/liuyu/outputs/moka_window_control_decomp_20260513/moka_decomp_s6_w790_805_random_unclamped,libero_10,NON_CLEAN_OR_ATTACK,TIER_X_REJECTED,False,False,False,False,False,False,False,False,False,False
/data/liuyu/outputs/moka_window_control_decomp_20260513/moka_decomp_s6_w804_811_oracle_gripper_only,libero_10,CONDITION_UNVERIFIED,TIER_X_REJECTED,False,False,False,False,False,False,False,False,False,False
/data/liuyu/outputs/moka_window_control_decomp_20260513/moka_decomp_s0_w788_795_random_gripper_clean,libero_10,CLEAN,TIER_X_REJECTED,False,False,False,False,False,False,False,False,False,False
/data/liuyu/outputs/moka_window_control_decomp_20260513/moka_decomp_s6_w804_811_vis_arm_clean,libero_10,CLEAN,TIER_X_REJECTED,False,False,False,False,False,False,False,False,False,False
/data/liuyu/outputs/moka_window_control_decomp_20260513/moka_decomp_s0_w788_795_vis_arm_clean,libero_10,CLEAN,TIER_X_REJECTED,False,False,False,False,False,False,False,False,False,False
/data/liuyu/outputs/moka_window_control_decomp_20260513/moka_decomp_s13_w790_805_random_gripper_clean,libero_10,CLEAN,TIER_X_REJECTED,False,False,False,False,False,False,False,False,False,False
/data/liuyu/outputs/moka_window_control_decomp_20260513/moka_decomp_s13_w796_803_vis_arm_clean,libero_10,CLEAN,TIER_X_REJECTED,False,False,False,False,False,False,False,False,False,False
/data/liuyu/outputs/moka_window_control_decomp_20260513/moka_decomp_s0_w780_787_oracle_gripper_only,libero_10,CONDITION_UNVERIFIED,TIER_X_REJECTED,False,False,False,False,False,False,False,False,False,False
/data/liuyu/outputs/moka_window_control_decomp_20260513/moka_decomp_s13_w790_805_random_unclamped,libero_10,NON_CLEAN_OR_ATTACK,TIER_X_REJECTED,False,False,False,False,False,False,False,False,False,False
/data/liuyu/outputs/moka_window_control_decomp_20260513/moka_decomp_s0_w788_795_oracle_gripper_only,libero_10,CONDITION_UNVERIFIED,TIER_X_REJECTED,False,False,False,False,False,False,False,False,False,False
/data/liuyu/outputs/moka_window_control_decomp_20260513/moka_decomp_s0_w796_803_oracle_gripper_only,libero_10,CONDITION_UNVERIFIED,TIER_X_REJECTED,False,False,False,False,False,False,False,False,False,False
/data/liuyu/outputs/moka_window_control_decomp_20260513/moka_decomp_s0_w790_805_random_unclamped,libero_10,NON_CLEAN_OR_ATTACK,TIER_X_REJECTED,False,False,False,False,False,False,False,False,False,False
/data/liuyu/outputs/moka_window_control_decomp_20260513/moka_decomp_s0_w804_811_oracle_gripper_only,libero_10,CONDITION_UNVERIFIED,TIER_X_REJECTED,False,False,False,False,False,False,False,False,False,False
/data/liuyu/outputs/moka_window_control_decomp_20260513/moka_decomp_s6_w780_787_random_unclamped,libero_10,NON_CLEAN_OR_ATTACK,TIER_X_REJECTED,False,False,False,False,False,False,False,False,False,False
/data/liuyu/outputs/moka_window_control_decomp_20260513/moka_decomp_s6_w788_795_random_unclamped,libero_10,NON_CLEAN_OR_ATTACK,TIER_X_REJECTED,False,False,False,False,False,False,False,False,False,False
/data/liuyu/outputs/moka_window_control_decomp_20260513/moka_decomp_s13_w788_795_random_unclamped,libero_10,NON_CLEAN_OR_ATTACK,TIER_X_REJECTED,False,False,False,False,False,False,False,False,False,False
/data/liuyu/outputs/moka_window_control_decomp_20260513/moka_decomp_s13_w804_811_vis_arm_clean,libero_10,CLEAN,TIER_X_REJECTED,False,False,False,False,False,False,False,False,False,False
/data/liuyu/outputs/moka_window_control_decomp_20260513/moka_decomp_s6_w796_803_random_gripper_clean,libero_10,CLEAN,TIER_X_REJECTED,False,False,False,False,False,False,False,False,False,False
/data/liuyu/outputs/moka_window_control_decomp_20260513/moka_decomp_s13_w788_795_vis_unclamped,libero_10,NON_CLEAN_OR_ATTACK,TIER_X_REJECTED,False,False,False,False,False,False,False,False,False,False
/data/liuyu/outputs/moka_window_control_decomp_20260513/moka_decomp_s13_w790_805_vis_arm_clean,libero_10,CLEAN,TIER_X_REJECTED,False,False,False,False,False,False,False,False,False,False
/data/liuyu/outputs/moka_window_control_decomp_20260513/moka_decomp_s6_w788_795_random_gripper_clean,libero_10,CLEAN,TIER_X_REJECTED,False,False,False,False,False,False,False,False,False,False
/data/liuyu/outputs/moka_window_control_decomp_20260513/moka_decomp_s6_w780_787_random_gripper_clean,libero_10,CLEAN,TIER_X_REJECTED,False,False,False,False,False,False,False,False,False,False
/data/liuyu/outputs/moka_window_control_decomp_20260513/moka_decomp_s6_w790_805_vis_unclamped,libero_10,NON_CLEAN_OR_ATTACK,TIER_X_REJECTED,False,False,False,False,False,False,False,False,False,False
/data/liuyu/outputs/moka_window_control_decomp_20260513/moka_decomp_s13_w804_811_oracle_gripper_only,libero_10,CONDITION_UNVERIFIED,TIER_X_REJECTED,False,False,False,False,False,False,False,False,False,False
/data/liuyu/outputs/moka_window_control_decomp_20260513/moka_decomp_s0_w780_787_vis_arm_clean,libero_10,CLEAN,TIER_X_REJECTED,False,False,False,False,False,False,False,False,False,False
/data/liuyu/outputs/moka_window_control_decomp_20260513/moka_decomp_s6_w796_803_vis_arm_clean,libero_10,CLEAN,TIER_X_REJECTED,False,False,False,False,False,False,False,False,False,False
/data/liuyu/outputs/moka_window_control_decomp_20260513/moka_decomp_s0_w790_805_random_gripper_clean,libero_10,CLEAN,TIER_X_REJECTED,False,False,False,False,False,False,False,False,False,False
/data/liuyu/outputs/moka_window_control_decomp_20260513/moka_decomp_s13_w788_795_random_gripper_clean,libero_10,CLEAN,TIER_X_REJECTED,False,False,False,False,False,False,False,False,False,False
/data/liuyu/outputs/moka_window_control_decomp_20260513/moka_decomp_s13_w788_795_vis_arm_clean,libero_10,CLEAN,TIER_X_REJECTED,False,False,False,False,False,False,False,False,False,False
/data/liuyu/outputs/moka_window_control_decomp_20260513/moka_decomp_s6_w788_795_oracle_gripper_only,libero_10,CONDITION_UNVERIFIED,TIER_X_REJECTED,False,False,False,False,False,False,False,False,False,False
/data/liuyu/outputs/moka_window_control_decomp_20260513/moka_decomp_s6_w780_787_oracle_gripper_only,libero_10,CONDITION_UNVERIFIED,TIER_X_REJECTED,False,False,False,False,False,False,False,False,False,False
/data/liuyu/outputs/moka_window_control_decomp_20260513/moka_decomp_s0_w796_803_random_unclamped,libero_10,NON_CLEAN_OR_ATTACK,TIER_X_REJECTED,False,False,False,False,False,False,False,False,False,False
/data/liuyu/outputs/moka_window_control_decomp_20260513/moka_decomp_s6_w804_811_random_gripper_clean,libero_10,CLEAN,TIER_X_REJECTED,False,False,False,False,False,False,False,False,False,False
/data/liuyu/outputs/moka_window_control_decomp_20260513/moka_decomp_s6_w788_795_vis_arm_clean,libero_10,CLEAN,TIER_X_REJECTED,False,False,False,False,False,False,False,False,False,False
/data/liuyu/outputs/moka_window_control_decomp_20260513/moka_decomp_s13_w780_787_oracle_gripper_only,libero_10,CONDITION_UNVERIFIED,TIER_X_REJECTED,False,False,False,False,False,False,False,False,False,False
/data/liuyu/outputs/moka_window_control_decomp_20260513/moka_decomp_s13_w790_805_oracle_gripper_only,libero_10,CONDITION_UNVERIFIED,TIER_X_REJECTED,False,False,False,False,False,False,False,False,False,False
/data/liuyu/outputs/moka_window_control_decomp_20260513/moka_decomp_s0_w788_795_random_unclamped,libero_10,NON_CLEAN_OR_ATTACK,TIER_X_REJECTED,False,False,False,False,False,False,False,False,False,False
/data/liuyu/outputs/moka_window_control_decomp_20260513/moka_decomp_s0_w804_811_random_gripper_clean,libero_10,CLEAN,TIER_X_REJECTED,False,False,False,False,False,False,False,False,False,False
/data/liuyu/outputs/moka_window_control_decomp_20260513/moka_decomp_s0_w790_805_oracle_gripper_only,libero_10,CONDITION_UNVERIFIED,TIER_X_REJECTED,False,False,False,False,False,False,False,False,False,False
/data/liuyu/outputs/moka_window_control_decomp_20260513/moka_decomp_s13_w796_803_random_unclamped,libero_10,NON_CLEAN_OR_ATTACK,TIER_X_REJECTED,False,False,False,False,False,False,False,False,False,False
/data/liuyu/outputs/moka_window_control_decomp_20260513/moka_decomp_s13_w780_787_vis_unclamped,libero_10,NON_CLEAN_OR_ATTACK,TIER_X_REJECTED,False,False,False,False,False,False,False,False,False,False
/data/liuyu/outputs/moka_window_control_decomp_20260513/moka_decomp_s13_w790_805_vis_unclamped,libero_10,NON_CLEAN_OR_ATTACK,TIER_X_REJECTED,False,False,False,False,False,False,False,False,False,False
/data/liuyu/outputs/moka_window_control_decomp_20260513/moka_decomp_s13_w788_795_oracle_gripper_only,libero_10,CONDITION_UNVERIFIED,TIER_X_REJECTED,False,False,False,False,False,False,False,False,False,False
/data/liuyu/outputs/moka_window_control_decomp_20260513/moka_decomp_s13_w780_787_vis_arm_clean,libero_10,CLEAN,TIER_X_REJECTED,False,False,False,False,False,False,False,False,False,False
/data/liuyu/outputs/moka_window_control_decomp_20260513/moka_decomp_s0_w790_805_vis_arm_clean,libero_10,CLEAN,TIER_X_REJECTED,False,False,False,False,False,False,False,False,False,False
/data/liuyu/outputs/moka_window_control_decomp_20260513/moka_decomp_s6_w796_803_vis_unclamped,libero_10,NON_CLEAN_OR_ATTACK,TIER_X_REJECTED,False,False,False,False,False,False,False,False,False,False
/data/liuyu/outputs/moka_window_control_decomp_20260513/moka_decomp_s13_w780_787_random_unclamped,libero_10,NON_CLEAN_OR_ATTACK,TIER_X_REJECTED,False,False,False,False,False,False,False,False,False,False
/data/liuyu/outputs/moka_window_control_decomp_20260513/moka_decomp_s6_w790_805_vis_arm_clean,libero_10,CLEAN,TIER_X_REJECTED,False,False,False,False,False,False,False,False,False,False
/data/liuyu/outputs/moka_window_control_decomp_20260513/moka_decomp_s13_w804_811_vis_unclamped,libero_10,NON_CLEAN_OR_ATTACK,TIER_X_REJECTED,False,False,False,False,False,False,False,False,False,False
/data/liuyu/outputs/moka_window_control_decomp_20260513/moka_decomp_s0_w796_803_random_gripper_clean,libero_10,CLEAN,TIER_X_REJECTED,False,False,False,False,False,False,False,False,False,False
/data/liuyu/outputs/moka_window_control_decomp_20260513/moka_decomp_s6_w804_811_random_unclamped,libero_10,NON_CLEAN_OR_ATTACK,TIER_X_REJECTED,False,False,False,False,False,False,False,False,False,False
/data/liuyu/outputs/moka_window_control_decomp_20260513/moka_decomp_s0_w780_787_vis_unclamped,libero_10,NON_CLEAN_OR_ATTACK,TIER_X_REJECTED,False,False,False,False,False,False,False,False,False,False
/data/liuyu/outputs/moka_window_control_decomp_20260513/moka_decomp_s0_w804_811_vis_arm_clean,libero_10,CLEAN,TIER_X_REJECTED,False,False,False,False,False,False,False,False,False,False
/data/liuyu/outputs/moka_window_control_decomp_20260513/moka_decomp_s6_w804_811_vis_unclamped,libero_10,NON_CLEAN_OR_ATTACK,TIER_X_REJECTED,False,False,False,False,False,False,False,False,False,False
/data/liuyu/outputs/moka_window_control_decomp_20260513/moka_decomp_s13_w804_811_random_unclamped,libero_10,NON_CLEAN_OR_ATTACK,TIER_X_REJECTED,False,False,False,False,False,False,False,False,False,False
/data/liuyu/outputs/moka_window_control_decomp_20260513/moka_decomp_s13_w804_811_random_gripper_clean,libero_10,CLEAN,TIER_X_REJECTED,False,False,False,False,False,False,False,False,False,False
/data/liuyu/outputs/moka_window_control_decomp_20260513/moka_decomp_s6_w790_805_random_gripper_clean,libero_10,CLEAN,TIER_X_REJECTED,False,False,False,False,False,False,False,False,False,False
/data/liuyu/outputs/moka_window_control_decomp_20260513/moka_decomp_s0_w790_805_vis_unclamped,libero_10,NON_CLEAN_OR_ATTACK,TIER_X_REJECTED,False,False,False,False,False,False,False,False,False,False
/data/liuyu/outputs/moka_window_control_decomp_20260513/moka_decomp_s0_w780_787_random_gripper_clean,libero_10,CLEAN,TIER_X_REJECTED,False,False,False,False,False,False,False,False,False,False
/data/liuyu/outputs/moka_window_control_decomp_20260513/moka_decomp_s0_w780_787_random_unclamped,libero_10,NON_CLEAN_OR_ATTACK,TIER_X_REJECTED,False,False,False,False,False,False,False,False,False,False
/data/liuyu/outputs/moka_window_control_decomp_20260513/moka_decomp_s6_w796_803_random_unclamped,libero_10,NON_CLEAN_OR_ATTACK,TIER_X_REJECTED,False,False,False,False,False,False,False,False,False,False
/data/liuyu/outputs/moka_window_control_decomp_20260513/moka_decomp_s0_w804_811_random_unclamped,libero_10,NON_CLEAN_OR_ATTACK,TIER_X_REJECTED,False,False,False,False,False,False,False,False,False,False
/data/liuyu/outputs/moka_window_control_decomp_20260513/moka_decomp_s0_w788_795_vis_unclamped,libero_10,NON_CLEAN_OR_ATTACK,TIER_X_REJECTED,False,False,False,False,False,False,False,False,False,False
/data/liuyu/outputs/moka_window_control_decomp_20260513/moka_decomp_s6_w788_795_vis_unclamped,libero_10,NON_CLEAN_OR_ATTACK,TIER_X_REJECTED,False,False,False,False,False,False,False,False,False,False
/data/liuyu/outputs/moka_window_control_decomp_20260513/moka_decomp_s6_w796_803_oracle_gripper_only,libero_10,CONDITION_UNVERIFIED,TIER_X_REJECTED,False,False,False,False,False,False,False,False,False,False
/data/liuyu/outputs/moka_crossdataset_diagnostic_20260512/runs/moka_diag_clean_state7_seed7_rep2_20260512,libero_10,CLEAN,TIER_X_REJECTED,False,False,False,False,False,False,False,False,False,False
/data/liuyu/outputs/moka_crossdataset_diagnostic_20260512/runs/moka_diag_clean_state7_seed7_rep1_20260512,libero_10,CLEAN,TIER_X_REJECTED,False,False,False,False,False,False,False,False,False,False
/data/liuyu/outputs/moka_crossdataset_diagnostic_20260512/runs/moka_diag_clean_state7_seed7_rep3_20260512,libero_10,CLEAN,TIER_X_REJECTED,False,False,False,False,False,False,False,False,False,False
/data/liuyu/outputs/moka_crossdataset_diagnostic_20260512/runs/moka_diag_clean_state7_seed7_targetfix_20260512,libero_10,CLEAN,TIER_X_REJECTED,False,False,False,False,False,False,False,False,False,False
/data/liuyu/outputs/moka_crossdataset_diagnostic_20260512/runs_oldrepo/moka_diag_clean_state7_seed7_oldrepo_repro_20260512,libero_10,CLEAN,TIER_X_REJECTED,False,False,False,False,False,False,False,False,False,False
/data/liuyu/outputs/milestone_2f_success_predicate_fix_verify_20260529/runs/libero_object/verify_fix_cream_cheese_s1,,CONDITION_UNVERIFIED,TIER_X_REJECTED,False,False,False,False,False,False,False,False,False,False
/data/liuyu/outputs/milestone_2f_success_predicate_fix_verify_20260529/runs/libero_object/verify_fix_cream_cheese_s2,,CONDITION_UNVERIFIED,TIER_X_REJECTED,False,False,False,False,False,False,False,False,False,False
/data/liuyu/outputs/milestone_2f_success_predicate_fix_verify_20260529/runs/libero_object/verify_fix_cream_cheese_s3,,CONDITION_UNVERIFIED,TIER_X_REJECTED,False,False,False,False,False,False,False,False,False,False
/data/liuyu/outputs/milestone_2f_success_predicate_fix_verify_20260529/runs/libero_object/verify_fix_cream_cheese_s4,,CONDITION_UNVERIFIED,TIER_X_REJECTED,False,False,False,False,False,False,False,False,False,False
/data/liuyu/outputs/milestone_2f_success_predicate_fix_verify_20260529/runs/libero_object/verify_fix_cream_cheese_s0,,CONDITION_UNVERIFIED,TIER_X_REJECTED,False,False,False,False,False,False,False,False,False,False
/data/liuyu/outputs/breadth_pilot_20260515_2080ti/pilot0_old2080_20260515_alphabet_state0_seed1_clean,,CLEAN,TIER_X_REJECTED,False,False,False,False,False,False,False,False,False,False
/data/liuyu/outputs/breadth_pilot_20260515_2080ti/pilot0_old2080_20260515_moka_state1_seed13_oracle_gripper_only,libero_10,CONDITION_UNVERIFIED,TIER_X_REJECTED,False,False,False,False,False,False,False,False,False,False
/data/liuyu/outputs/breadth_pilot_20260515_2080ti/pilot0_old2080_20260515_blackbowl_state7_seed1_random_gripper_clean,libero_spatial,CLEAN,TIER_X_REJECTED,False,False,False,False,False,False,False,False,False,False
/data/liuyu/outputs/breadth_pilot_20260515_2080ti/pilot0_old2080_20260515_blackbowl_state7_seed1_clean,libero_spatial,CLEAN,TIER_X_REJECTED,False,False,False,False,False,False,False,False,False,False
/data/liuyu/outputs/breadth_pilot_20260515_2080ti/pilot0_old2080_20260515_blackbowl_state7_seed1_vis_arm_clean,libero_spatial,CLEAN,TIER_X_REJECTED,False,False,False,False,False,False,False,False,False,False
/data/liuyu/outputs/breadth_pilot_20260515_2080ti/pilot0_old2080_20260515_alphabet_state1_seed1_clean,,CLEAN,TIER_X_REJECTED,False,False,False,False,False,False,False,False,False,False
/data/liuyu/outputs/breadth_pilot_20260515_2080ti/pilot0_old2080_20260515_moka_state1_seed6_vis_arm_clean,libero_10,CLEAN,TIER_X_REJECTED,False,False,False,False,False,False,False,False,False,False
/data/liuyu/outputs/breadth_pilot_20260515_2080ti/pilot0_old2080_20260515_moka_state1_seed0_clean,libero_10,CLEAN,TIER_X_REJECTED,False,False,False,False,False,False,False,False,False,False
/data/liuyu/outputs/breadth_pilot_20260515_2080ti/pilot0_old2080_20260515_moka_state1_seed13_clean,libero_10,CLEAN,TIER_X_REJECTED,False,False,False,False,False,False,False,False,False,False
/data/liuyu/outputs/breadth_pilot_20260515_2080ti/pilot0_old2080_20260515_drawer_state1_seed1_clean,libero_goal,CLEAN,TIER_X_REJECTED,False,False,False,False,False,False,False,False,False,False
/data/liuyu/outputs/breadth_pilot_20260515_2080ti/pilot0_old2080_20260515_moka_state1_seed0_vis_arm_clean,libero_10,CLEAN,TIER_X_REJECTED,False,False,False,False,False,False,False,False,False,False
/data/liuyu/outputs/breadth_pilot_20260515_2080ti/pilot0_old2080_20260515_alphabet_state2_seed1_clean,,CLEAN,TIER_X_REJECTED,False,False,False,False,False,False,False,False,False,False
/data/liuyu/outputs/breadth_pilot_20260515_2080ti/pilot0_old2080_20260515_blackbowl_state5_seed1_clean,libero_spatial,CLEAN,TIER_X_REJECTED,False,False,False,False,False,False,False,False,False,False
/data/liuyu/outputs/breadth_pilot_20260515_2080ti/pilot0_old2080_20260515_drawer_state2_seed1_clean,libero_goal,CLEAN,TIER_X_REJECTED,False,False,False,False,False,False,False,False,False,False
/data/liuyu/outputs/breadth_pilot_20260515_2080ti/pilot0_old2080_20260515_moka_state1_seed6_clean,libero_10,CLEAN,TIER_X_REJECTED,False,False,False,False,False,False,False,False,False,False
/data/liuyu/outputs/breadth_pilot_20260515_2080ti/pilot0_old2080_20260515_blackbowl_state5_seed1_vis_arm_clean,libero_spatial,CLEAN,TIER_X_REJECTED,False,False,False,False,False,False,False,False,False,False
/data/liuyu/outputs/breadth_pilot_20260515_2080ti/pilot0_old2080_20260515_moka_state1_seed6_oracle_gripper_only,libero_10,CONDITION_UNVERIFIED,TIER_X_REJECTED,False,False,False,False,False,False,False,False,False,False
/data/liuyu/outputs/breadth_pilot_20260515_2080ti/pilot0_old2080_20260515_moka_state1_seed0_random_gripper_clean,libero_10,CLEAN,TIER_X_REJECTED,False,False,False,False,False,False,False,False,False,False
/data/liuyu/outputs/breadth_pilot_20260515_2080ti/pilot0_old2080_20260515_blackbowl_state5_seed1_random_gripper_clean,libero_spatial,CLEAN,TIER_X_REJECTED,False,False,False,False,False,False,False,False,False,False
/data/liuyu/outputs/breadth_pilot_20260515_2080ti/pilot0_old2080_20260515_moka_state1_seed13_random_gripper_clean,libero_10,CLEAN,TIER_X_REJECTED,False,False,False,False,False,False,False,False,False,False
/data/liuyu/outputs/breadth_pilot_20260515_2080ti/pilot0_old2080_20260515_moka_state1_seed6_random_gripper_clean,libero_10,CLEAN,TIER_X_REJECTED,False,False,False,False,False,False,False,False,False,False
/data/liuyu/outputs/breadth_pilot_20260515_2080ti/pilot0_old2080_20260515_drawer_state0_seed1_clean,libero_goal,CLEAN,TIER_X_REJECTED,False,False,False,False,False,False,False,False,False,False
/data/liuyu/outputs/breadth_pilot_20260515_2080ti/pilot0_old2080_20260515_moka_state1_seed0_oracle_gripper_only,libero_10,CONDITION_UNVERIFIED,TIER_X_REJECTED,False,False,False,False,False,False,False,False,False,False
/data/liuyu/outputs/breadth_pilot_20260515_2080ti/pilot0_old2080_20260515_moka_state1_seed13_vis_arm_clean,libero_10,CLEAN,TIER_X_REJECTED,False,False,False,False,False,False,False,False,False,False
/data/liuyu/outputs/rollout_sc5_vis,,CLEAN,TIER_D_LEGACY_REFERENCE_ONLY,False,False,False,False,False,False,False,False,False,False
/data/liuyu/outputs/d4_3a_canary_final_r1/milk_s23_reference_attempt1,,CONDITION_UNVERIFIED,TIER_X_REJECTED,False,False,False,False,False,False,False,False,False,False
/data/liuyu/outputs/milestone_2f_gpu07_control_rehearsal_20260529/runs/libero_object/pick_up_the_milk_and_place_it_in_the_basket_state0,,CONDITION_UNVERIFIED,TIER_X_REJECTED,False,False,False,False,False,False,False,False,False,False
/data/liuyu/outputs/milestone_2f_gpu07_control_rehearsal_20260529/runs/libero_object/pick_up_the_cream_cheese_and_place_it_in_the_basket_state0,,CONDITION_UNVERIFIED,TIER_X_REJECTED,False,False,False,False,False,False,False,False,False,False
/data/liuyu/outputs/state5_repair_only_followup_20260522/runs/goal_put_the_bowl_on_the_plate_s5_r13_clean_detect,libero_spatial,CLEAN,TIER_X_REJECTED,False,False,False,False,False,False,False,False,False,False
/data/liuyu/outputs/state5_repair_only_followup_20260522/runs/goal_put_the_bowl_on_the_plate_s5_r15_clean_detect,libero_spatial,CLEAN,TIER_X_REJECTED,False,False,False,False,False,False,False,False,False,False
/data/liuyu/outputs/state5_repair_only_followup_20260522/runs/goal_put_the_bowl_on_the_plate_s5_r5_repair_best_VIS_gripper_targeted_stronger_same_autowindow,libero_spatial,NON_CLEAN_OR_ATTACK,TIER_X_REJECTED,False,False,False,False,False,False,False,False,False,False
/data/liuyu/outputs/state5_repair_only_followup_20260522/runs/goal_put_the_bowl_on_the_plate_s5_r18_clean_detect,libero_spatial,CLEAN,TIER_X_REJECTED,False,False,False,False,False,False,False,False,False,False
/data/liuyu/outputs/state5_repair_only_followup_20260522/runs/goal_put_the_bowl_on_the_plate_s5_r5_repair_random_same_autowindow,libero_spatial,NON_CLEAN_OR_ATTACK,TIER_X_REJECTED,False,False,False,False,False,False,False,False,False,False
/data/liuyu/outputs/state5_repair_only_followup_20260522/runs/goal_put_the_bowl_on_the_plate_s5_r16_clean_detect,libero_spatial,CLEAN,TIER_X_REJECTED,False,False,False,False,False,False,False,False,False,False
/data/liuyu/outputs/state5_repair_only_followup_20260522/runs/goal_put_the_bowl_on_the_plate_s5_r19_clean_detect,libero_spatial,CLEAN,TIER_X_REJECTED,False,False,False,False,False,False,False,False,False,False
/data/liuyu/outputs/state5_repair_only_followup_20260522/runs/goal_put_the_bowl_on_the_plate_s5_r14_clean_detect,libero_spatial,CLEAN,TIER_X_REJECTED,False,False,False,False,False,False,False,False,False,False
/data/liuyu/outputs/state5_repair_only_followup_20260522/runs/goal_put_the_bowl_on_the_plate_s5_r17_clean_detect,libero_spatial,CLEAN,TIER_X_REJECTED,False,False,False,False,False,False,False,False,False,False
/data/liuyu/outputs/state5_repair_only_followup_20260522/runs/goal_put_the_bowl_on_the_plate_s5_r5_repair_VIS_current_same_autowindow,libero_spatial,NON_CLEAN_OR_ATTACK,TIER_X_REJECTED,False,False,False,False,False,False,False,False,False,False
/data/liuyu/outputs/state5_repair_only_followup_20260522/runs/goal_put_the_bowl_on_the_plate_s5_r20_clean_detect,libero_spatial,CLEAN,TIER_X_REJECTED,False,False,False,False,False,False,False,False,False,False
/data/liuyu/outputs/state5_repair_only_followup_20260522/runs/goal_put_the_bowl_on_the_plate_s5_r5_repair_VIS_gripper_open_region_ce_same_autowindow,libero_spatial,NON_CLEAN_OR_ATTACK,TIER_X_REJECTED,False,False,False,False,False,False,False,False,False,False
/data/liuyu/outputs/state5_repair_only_followup_20260522/runs/goal_put_the_bowl_on_the_plate_s5_r5_repair_command_open_0.75_same_autowindow,libero_spatial,CONDITION_UNVERIFIED,TIER_X_REJECTED,False,False,False,False,False,False,False,False,False,False
/data/liuyu/outputs/repro_black_bowl/vis_guard_state7_seed3,libero_spatial,NON_CLEAN_OR_ATTACK,TIER_X_REJECTED,False,False,False,False,False,False,False,False,False,False
/data/liuyu/outputs/repro_black_bowl/vis_guard_state7_seed5,libero_spatial,NON_CLEAN_OR_ATTACK,TIER_X_REJECTED,False,False,False,False,False,False,False,False,False,False
/data/liuyu/outputs/repro_black_bowl/constant_delta_state7_seed1,libero_spatial,CONDITION_UNVERIFIED,TIER_X_REJECTED,False,False,False,False,False,False,False,False,False,False
/data/liuyu/outputs/repro_black_bowl/noise_baseline_state7_seed3,libero_spatial,CONDITION_UNVERIFIED,TIER_X_REJECTED,False,False,False,False,False,False,False,False,False,False
/data/liuyu/outputs/repro_black_bowl/oracle_state7_seed5_fix,libero_spatial,CONDITION_UNVERIFIED,TIER_X_REJECTED,False,False,False,False,False,False,False,False,False,False
/data/liuyu/outputs/repro_black_bowl/noise_baseline_state7_seed2,libero_spatial,CONDITION_UNVERIFIED,TIER_X_REJECTED,False,False,False,False,False,False,False,False,False,False
/data/liuyu/outputs/repro_black_bowl/zero_margin_guard_state7_seed4,libero_spatial,CONDITION_UNVERIFIED,TIER_X_REJECTED,False,False,False,False,False,False,False,False,False,False
/data/liuyu/outputs/repro_black_bowl/oracle_state7_seed4_fix,libero_spatial,CONDITION_UNVERIFIED,TIER_X_REJECTED,False,False,False,False,False,False,False,False,False,False
/data/liuyu/outputs/repro_black_bowl/vis_guard_state7_seed2,libero_spatial,NON_CLEAN_OR_ATTACK,TIER_X_REJECTED,False,False,False,False,False,False,False,False,False,False
/data/liuyu/outputs/repro_black_bowl/oracle_guard_state7_seed1,libero_spatial,CONDITION_UNVERIFIED,TIER_X_REJECTED,False,False,False,False,False,False,False,False,False,False
/data/liuyu/outputs/repro_black_bowl/noise_baseline_state7_seed1,libero_spatial,CONDITION_UNVERIFIED,TIER_X_REJECTED,False,False,False,False,False,False,False,False,False,False
/data/liuyu/outputs/repro_black_bowl/zero_margin_guard_state7_seed5,libero_spatial,CONDITION_UNVERIFIED,TIER_X_REJECTED,False,False,False,False,False,False,False,False,False,False
/data/liuyu/outputs/repro_black_bowl/zero_margin_guard_state7_seed3,libero_spatial,CONDITION_UNVERIFIED,TIER_X_REJECTED,False,False,False,False,False,False,False,False,False,False
/data/liuyu/outputs/repro_black_bowl/oracle_guard_state7_seed2,libero_spatial,CONDITION_UNVERIFIED,TIER_X_REJECTED,False,False,False,False,False,False,False,False,False,False
/data/liuyu/outputs/repro_black_bowl/test_clean_state7_seed1,libero_spatial,CLEAN,TIER_X_REJECTED,False,False,False,False,False,False,False,False,False,False
/data/liuyu/outputs/repro_black_bowl/test_real_final,libero_spatial,CONDITION_UNVERIFIED,TIER_X_REJECTED,False,False,False,False,False,False,False,False,False,False
/data/liuyu/outputs/repro_black_bowl/test_clean_state7_seed1_v2,libero_spatial,CLEAN,TIER_X_REJECTED,False,False,False,False,False,False,False,False,False,False
/data/liuyu/outputs/repro_black_bowl/zero_margin_guard_state7_seed1,libero_spatial,CONDITION_UNVERIFIED,TIER_X_REJECTED,False,False,False,False,False,False,False,False,False,False
/data/liuyu/outputs/repro_black_bowl/constant_delta_state7_seed2,libero_spatial,CONDITION_UNVERIFIED,TIER_X_REJECTED,False,False,False,False,False,False,False,False,False,False
/data/liuyu/outputs/repro_black_bowl/zero_margin_guard_state7_seed2,libero_spatial,CONDITION_UNVERIFIED,TIER_X_REJECTED,False,False,False,False,False,False,False,False,False,False
/data/liuyu/outputs/repro_black_bowl/oracle_state7_seed3_fix,libero_spatial,CONDITION_UNVERIFIED,TIER_X_REJECTED,False,False,False,False,False,False,False,False,False,False
/data/liuyu/outputs/repro_black_bowl/vis_guard_state7_seed4,libero_spatial,NON_CLEAN_OR_ATTACK,TIER_X_REJECTED,False,False,False,False,False,False,False,False,False,False
/data/liuyu/outputs/repro_black_bowl/test_final_v2,libero_spatial,CONDITION_UNVERIFIED,TIER_X_REJECTED,False,False,False,False,False,False,False,False,False,False
/data/liuyu/outputs/repro_black_bowl/noise_baseline_state7_seed4,libero_spatial,CONDITION_UNVERIFIED,TIER_X_REJECTED,False,False,False,False,False,False,False,False,False,False
/data/liuyu/outputs/repro_black_bowl/vis_guard_state7_seed1,libero_spatial,NON_CLEAN_OR_ATTACK,TIER_X_REJECTED,False,False,False,False,False,False,False,False,False,False
/data/liuyu/outputs/repro_black_bowl/noise_baseline_state7_seed5,libero_spatial,CONDITION_UNVERIFIED,TIER_X_REJECTED,False,False,False,False,False,False,False,False,False,False
/data/liuyu/outputs/moka_clean_config_audit_20260512/moka_clean_state1_seed2_check_success_audit,libero_10,CLEAN,TIER_X_REJECTED,False,False,False,False,False,False,False,False,False,False
/data/liuyu/outputs/moka_clean_config_audit_20260512/moka_clean_state1_seed3_check_success_audit,libero_10,CLEAN,TIER_X_REJECTED,False,False,False,False,False,False,False,False,False,False
/data/liuyu/outputs/moka_clean_config_audit_20260512/moka_clean_state1_seed2_done_audit,libero_10,CLEAN,TIER_X_REJECTED,False,False,False,False,False,False,False,False,False,False
/data/liuyu/outputs/moka_clean_config_audit_20260512/moka_clean_state1_seed3_done_audit,libero_10,CLEAN,TIER_X_REJECTED,False,False,False,False,False,False,False,False,False,False
/data/liuyu/outputs/moka_clean_config_audit_20260512/moka_clean_state1_seed2_check_success_stable01,libero_10,CLEAN,TIER_X_REJECTED,False,False,False,False,False,False,False,False,False,False
/data/liuyu/outputs/persistence_diag/butter_K4,,CONDITION_UNVERIFIED,TIER_X_REJECTED,False,False,False,False,False,False,False,False,False,False
/data/liuyu/outputs/persistence_diag/ketchup_K2,,CONDITION_UNVERIFIED,TIER_X_REJECTED,False,False,False,False,False,False,False,False,False,False
/data/liuyu/outputs/persistence_diag/ketchup_K1,,CONDITION_UNVERIFIED,TIER_X_REJECTED,False,False,False,False,False,False,False,False,False,False
/data/liuyu/outputs/persistence_diag/ketchup_K3,,CONDITION_UNVERIFIED,TIER_X_REJECTED,False,False,False,False,False,False,False,False,False,False
/data/liuyu/outputs/persistence_diag/butter_K2,,CONDITION_UNVERIFIED,TIER_X_REJECTED,False,False,False,False,False,False,False,False,False,False
/data/liuyu/outputs/persistence_diag/ketchup_K4,,CONDITION_UNVERIFIED,TIER_X_REJECTED,False,False,False,False,False,False,False,False,False,False
/data/liuyu/outputs/persistence_diag/butter_K5,,CONDITION_UNVERIFIED,TIER_X_REJECTED,False,False,False,False,False,False,False,False,False,False
/data/liuyu/outputs/persistence_diag/butter_K3,,CONDITION_UNVERIFIED,TIER_X_REJECTED,False,False,False,False,False,False,False,False,False,False
/data/liuyu/outputs/persistence_diag/butter_K1,,CONDITION_UNVERIFIED,TIER_X_REJECTED,False,False,False,False,False,False,False,False,False,False
/data/liuyu/outputs/state5_exact_codex_protocol_repair_20260523/runs/goal_put_the_bowl_on_the_plate_s5_r13_clean_detect,libero_spatial,CLEAN,TIER_X_REJECTED,False,False,False,False,False,False,False,False,False,False
/data/liuyu/outputs/state5_exact_codex_protocol_repair_20260523/runs/goal_put_the_bowl_on_the_plate_s5_r13_best_VIS_gripper_targeted_stronger_same_autowindow,libero_spatial,NON_CLEAN_OR_ATTACK,TIER_X_REJECTED,False,False,False,False,False,False,False,False,False,False
/data/liuyu/outputs/state5_exact_codex_protocol_repair_20260523/runs/goal_put_the_bowl_on_the_plate_s5_r5_VIS_gripper_open_region_ce_same_autowindow,libero_spatial,NON_CLEAN_OR_ATTACK,TIER_X_REJECTED,False,False,False,False,False,False,False,False,False,False
/data/liuyu/outputs/state5_exact_codex_protocol_repair_20260523/runs/goal_put_the_bowl_on_the_plate_s5_r5_random_same_autowindow,libero_spatial,NON_CLEAN_OR_ATTACK,TIER_X_REJECTED,False,False,False,False,False,False,False,False,False,False
/data/liuyu/outputs/state5_exact_codex_protocol_repair_20260523/runs/goal_put_the_bowl_on_the_plate_s5_r18_clean_detect,libero_spatial,CLEAN,TIER_X_REJECTED,False,False,False,False,False,False,False,False,False,False
/data/liuyu/outputs/state5_exact_codex_protocol_repair_20260523/runs/goal_put_the_bowl_on_the_plate_s5_r13_command_open_0.75_same_autowindow,libero_spatial,CONDITION_UNVERIFIED,TIER_X_REJECTED,False,False,False,False,False,False,False,False,False,False
/data/liuyu/outputs/state5_exact_codex_protocol_repair_20260523/runs/goal_put_the_bowl_on_the_plate_s5_r13_random_same_autowindow,libero_spatial,NON_CLEAN_OR_ATTACK,TIER_X_REJECTED,False,False,False,False,False,False,False,False,False,False
/data/liuyu/outputs/state5_exact_codex_protocol_repair_20260523/runs/goal_put_the_bowl_on_the_plate_s5_r18_random_same_autowindow,libero_spatial,NON_CLEAN_OR_ATTACK,TIER_X_REJECTED,False,False,False,False,False,False,False,False,False,False
/data/liuyu/outputs/state5_exact_codex_protocol_repair_20260523/runs/goal_put_the_bowl_on_the_plate_s5_r13_VIS_gripper_open_region_ce_same_autowindow,libero_spatial,NON_CLEAN_OR_ATTACK,TIER_X_REJECTED,False,False,False,False,False,False,False,False,False,False
/data/liuyu/outputs/state5_exact_codex_protocol_repair_20260523/runs/goal_put_the_bowl_on_the_plate_s5_r18_VIS_gripper_open_region_ce_same_autowindow,libero_spatial,NON_CLEAN_OR_ATTACK,TIER_X_REJECTED,False,False,False,False,False,False,False,False,False,False
/data/liuyu/outputs/state5_exact_codex_protocol_repair_20260523/runs/goal_put_the_bowl_on_the_plate_s5_r5_command_open_0.75_same_autowindow,libero_spatial,CONDITION_UNVERIFIED,TIER_X_REJECTED,False,False,False,False,False,False,False,False,False,False
/data/liuyu/outputs/state5_exact_codex_protocol_repair_20260523/runs/goal_put_the_bowl_on_the_plate_s5_r13_VIS_current_same_autowindow,libero_spatial,NON_CLEAN_OR_ATTACK,TIER_X_REJECTED,False,False,False,False,False,False,False,False,False,False
/data/liuyu/outputs/state5_exact_codex_protocol_repair_20260523/runs/goal_put_the_bowl_on_the_plate_s5_r18_VIS_current_same_autowindow,libero_spatial,NON_CLEAN_OR_ATTACK,TIER_X_REJECTED,False,False,False,False,False,False,False,False,False,False
/data/liuyu/outputs/state5_exact_codex_protocol_repair_20260523/runs/goal_put_the_bowl_on_the_plate_s5_r5_best_VIS_gripper_targeted_stronger_same_autowindow,libero_spatial,NON_CLEAN_OR_ATTACK,TIER_X_REJECTED,False,False,False,False,False,False,False,False,False,False
/data/liuyu/outputs/state5_exact_codex_protocol_repair_20260523/runs/goal_put_the_bowl_on_the_plate_s5_r18_best_VIS_gripper_targeted_stronger_same_autowindow,libero_spatial,NON_CLEAN_OR_ATTACK,TIER_X_REJECTED,False,False,False,False,False,False,False,False,False,False
/data/liuyu/outputs/state5_exact_codex_protocol_repair_20260523/runs/goal_put_the_bowl_on_the_plate_s5_r5_VIS_current_same_autowindow,libero_spatial,NON_CLEAN_OR_ATTACK,TIER_X_REJECTED,False,False,False,False,False,False,False,False,False,False
/data/liuyu/outputs/state5_exact_codex_protocol_repair_20260523/runs/goal_put_the_bowl_on_the_plate_s5_r18_command_open_0.75_same_autowindow,libero_spatial,CONDITION_UNVERIFIED,TIER_X_REJECTED,False,False,False,False,False,False,False,False,False,False
/data/liuyu/outputs/cross_suite_clean_20260619_postfix_canary_1f13c41/libero10_t0_s0_emit,libero_10,CLEAN,TIER_B_DETECTOR_COMPATIBLE,True,True,True,True,True,True,True,False,True,False
/data/liuyu/outputs/cross_suite_clean_20260619_postfix_canary_1f13c41/spatial_t0_s0_noemit,libero_spatial,CLEAN,TIER_B_DETECTOR_COMPATIBLE,True,True,True,True,True,True,True,False,True,False
/data/liuyu/outputs/libero_asset_apply_smoke_20260521_porcelain_rerun3_014526/smoke_clean/porcelain_rerun_libero10_kitchen_scene6_put_the_yellow_and_white_mug_in_the_microwave_and_close_it_state0_seed1_clean,libero_10,CLEAN,TIER_X_REJECTED,False,False,False,False,False,False,False,False,False,False
/data/liuyu/outputs/libero_asset_apply_smoke_20260521_porcelain_rerun3_014526/smoke_clean/porcelain_rerun_object_pick_up_the_bbq_sauce_and_place_it_in_the_basket_state0_seed1_clean,,CLEAN,TIER_X_REJECTED,False,False,False,False,False,False,False,False,False,False
/data/liuyu/outputs/libero_asset_apply_smoke_20260521_porcelain_rerun3_014526/smoke_clean/porcelain_rerun_object_pick_up_the_ketchup_and_place_it_in_the_basket_state0_seed1_clean,,CLEAN,TIER_X_REJECTED,False,False,False,False,False,False,False,False,False,False
/data/liuyu/outputs/milestone_2f_object_detector_matched_pilot_v2_successfix_20260529/runs/libero_object/pilotv2_random_v2_tomato_sauce_s0,,NON_CLEAN_OR_ATTACK,TIER_X_REJECTED,False,False,False,False,False,False,False,False,False,False
/data/liuyu/outputs/milestone_2f_object_detector_matched_pilot_v2_successfix_20260529/runs/libero_object/pilotv2_clean_tomato_sauce_s0,,CLEAN,TIER_X_REJECTED,False,False,False,False,False,False,False,False,False,False
/data/liuyu/outputs/milestone_2f_object_detector_matched_pilot_v2_successfix_20260529/runs/libero_object/pilotv2_clean_tomato_sauce_s2,,CLEAN,TIER_X_REJECTED,False,False,False,False,False,False,False,False,False,False
/data/liuyu/outputs/milestone_2f_object_detector_matched_pilot_v2_successfix_20260529/runs/libero_object/pilotv2_oracle_open_milk_s0,,CONDITION_UNVERIFIED,TIER_X_REJECTED,False,False,False,False,False,False,False,False,False,False
/data/liuyu/outputs/milestone_2f_object_detector_matched_pilot_v2_successfix_20260529/runs/libero_object/pilotv2_random_control_milk_s1,,NON_CLEAN_OR_ATTACK,TIER_X_REJECTED,False,False,False,False,False,False,False,False,False,False
/data/liuyu/outputs/milestone_2f_object_detector_matched_pilot_v2_successfix_20260529/runs/libero_object/pilotv2_clean_milk_s0,,CLEAN,TIER_X_REJECTED,False,False,False,False,False,False,False,False,False,False
/data/liuyu/outputs/milestone_2f_object_detector_matched_pilot_v2_successfix_20260529/runs/libero_object/pilotv2_oracle_open_tomato_sauce_s1,,CONDITION_UNVERIFIED,TIER_X_REJECTED,False,False,False,False,False,False,False,False,False,False
/data/liuyu/outputs/milestone_2f_object_detector_matched_pilot_v2_successfix_20260529/runs/libero_object/pilotv2_random_control_milk_s0,,NON_CLEAN_OR_ATTACK,TIER_X_REJECTED,False,False,False,False,False,False,False,False,False,False
/data/liuyu/outputs/milestone_2f_object_detector_matched_pilot_v2_successfix_20260529/runs/libero_object/pilotv2_gripper_inversion_proxy_milk_s2,,CONDITION_UNVERIFIED,TIER_X_REJECTED,False,False,False,False,False,False,False,False,False,False
/data/liuyu/outputs/milestone_2f_object_detector_matched_pilot_v2_successfix_20260529/runs/libero_object/pilotv2_random_control_milk_s2,,NON_CLEAN_OR_ATTACK,TIER_X_REJECTED,False,False,False,False,False,False,False,False,False,False
/data/liuyu/outputs/milestone_2f_object_detector_matched_pilot_v2_successfix_20260529/runs/libero_object/pilotv2_clean_tomato_sauce_s1,,CLEAN,TIER_X_REJECTED,False,False,False,False,False,False,False,False,False,False
/data/liuyu/outputs/milestone_2f_object_detector_matched_pilot_v2_successfix_20260529/runs/libero_object/pilotv2_oracle_open_tomato_sauce_s0,,CONDITION_UNVERIFIED,TIER_X_REJECTED,False,False,False,False,False,False,False,False,False,False
/data/liuyu/outputs/milestone_2f_object_detector_matched_pilot_v2_successfix_20260529/runs/libero_object/pilotv2_clean_milk_s2,,CLEAN,TIER_X_REJECTED,False,False,False,False,False,False,False,False,False,False
/data/liuyu/outputs/milestone_2f_object_detector_matched_pilot_v2_successfix_20260529/runs/libero_object/pilotv2_gripper_inversion_proxy_tomato_sauce_s1,,CONDITION_UNVERIFIED,TIER_X_REJECTED,False,False,False,False,False,False,False,False,False,False
/data/liuyu/outputs/milestone_2f_object_detector_matched_pilot_v2_successfix_20260529/runs/libero_object/pilotv2_oracle_open_tomato_sauce_s2,,CONDITION_UNVERIFIED,TIER_X_REJECTED,False,False,False,False,False,False,False,False,False,False
/data/liuyu/outputs/milestone_2f_object_detector_matched_pilot_v2_successfix_20260529/runs/libero_object/pilotv2_random_v2_tomato_sauce_s1,,NON_CLEAN_OR_ATTACK,TIER_X_REJECTED,False,False,False,False,False,False,False,False,False,False
/data/liuyu/outputs/milestone_2f_object_detector_matched_pilot_v2_successfix_20260529/runs/libero_object/pilotv2_clean_milk_s1,,CLEAN,TIER_X_REJECTED,False,False,False,False,False,False,False,False,False,False
/data/liuyu/outputs/milestone_2f_object_detector_matched_pilot_v2_successfix_20260529/runs/libero_object/pilotv2_random_v2_tomato_sauce_s2,,NON_CLEAN_OR_ATTACK,TIER_X_REJECTED,False,False,False,False,False,False,False,False,False,False
/data/liuyu/outputs/milestone_2f_object_detector_matched_pilot_v2_successfix_20260529/runs/libero_object/pilotv2_gripper_inversion_proxy_tomato_sauce_s2,,CONDITION_UNVERIFIED,TIER_X_REJECTED,False,False,False,False,False,False,False,False,False,False
/data/liuyu/outputs/milestone_2f_object_detector_matched_pilot_v2_successfix_20260529/runs/libero_object/pilotv2_oracle_open_milk_s2,,CONDITION_UNVERIFIED,TIER_X_REJECTED,False,False,False,False,False,False,False,False,False,False
/data/liuyu/outputs/milestone_2f_object_detector_matched_pilot_v2_successfix_20260529/runs/libero_object/pilotv2_oracle_open_milk_s1,,CONDITION_UNVERIFIED,TIER_X_REJECTED,False,False,False,False,False,False,False,False,False,False
/data/liuyu/outputs/milestone_2f_object_detector_matched_pilot_v2_successfix_20260529/runs/libero_object/pilotv2_gripper_inversion_proxy_tomato_sauce_s0,,CONDITION_UNVERIFIED,TIER_X_REJECTED,False,False,False,False,False,False,False,False,False,False
/data/liuyu/outputs/milestone_2f_object_detector_matched_pilot_v2_successfix_20260529/runs/libero_object/pilotv2_gripper_inversion_proxy_milk_s0,,CONDITION_UNVERIFIED,TIER_X_REJECTED,False,False,False,False,False,False,False,False,False,False
/data/liuyu/outputs/milestone_2f_object_detector_matched_pilot_v2_successfix_20260529/runs/libero_object/pilotv2_gripper_inversion_proxy_milk_s1,,CONDITION_UNVERIFIED,TIER_X_REJECTED,False,False,False,False,False,False,False,False,False,False
/data/liuyu/outputs/milestone_2f_object_detector_matched_pilot_v2_successfix_20260529/quarantine/random_control_tomato_duplicate/pilotv2_random_control_tomato_sauce_s0,,NON_CLEAN_OR_ATTACK,TIER_X_REJECTED,False,False,False,False,False,False,False,False,False,False
/data/liuyu/outputs/milestone_2f_object_detector_matched_pilot_v2_successfix_20260529/quarantine/random_control_tomato_duplicate/pilotv2_random_control_tomato_sauce_s1,,NON_CLEAN_OR_ATTACK,TIER_X_REJECTED,False,False,False,False,False,False,False,False,False,False
/data/liuyu/outputs/milestone_2f_object_detector_matched_pilot_v2_successfix_20260529/quarantine/random_control_tomato_duplicate/pilotv2_random_control_tomato_sauce_s2,,NON_CLEAN_OR_ATTACK,TIER_X_REJECTED,False,False,False,False,False,False,False,False,False,False
/data/liuyu/outputs/moka_strict_replication_20260516_2080ti/old2080ti_20260516_moka_state1_seed0_oracle_gripper_only,libero_10,CONDITION_UNVERIFIED,TIER_X_REJECTED,False,False,False,False,False,False,False,False,False,False
/data/liuyu/outputs/moka_strict_replication_20260516_2080ti/old2080ti_20260516_moka_state1_seed0_vis_arm_clean,libero_10,CLEAN,TIER_X_REJECTED,False,False,False,False,False,False,False,False,False,False
/data/liuyu/outputs/moka_strict_replication_20260516_2080ti/old2080ti_20260516_moka_state1_seed6_random_gripper_clean,libero_10,CLEAN,TIER_X_REJECTED,False,False,False,False,False,False,False,False,False,False
/data/liuyu/outputs/moka_strict_replication_20260516_2080ti/old2080ti_20260516_moka_state1_seed6_oracle_gripper_only,libero_10,CONDITION_UNVERIFIED,TIER_X_REJECTED,False,False,False,False,False,False,False,False,False,False
/data/liuyu/outputs/moka_strict_replication_20260516_2080ti/old2080ti_20260516_moka_state1_seed6_clean,libero_10,CLEAN,TIER_X_REJECTED,False,False,False,False,False,False,False,False,False,False
/data/liuyu/outputs/moka_strict_replication_20260516_2080ti/old2080ti_20260516_moka_state1_seed0_clean,libero_10,CLEAN,TIER_X_REJECTED,False,False,False,False,False,False,False,False,False,False
/data/liuyu/outputs/moka_strict_replication_20260516_2080ti/old2080ti_20260516_moka_state1_seed0_random_gripper_clean,libero_10,CLEAN,TIER_X_REJECTED,False,False,False,False,False,False,False,False,False,False
/data/liuyu/outputs/moka_strict_replication_20260516_2080ti/old2080ti_20260516_moka_state1_seed13_oracle_gripper_only,libero_10,CONDITION_UNVERIFIED,TIER_X_REJECTED,False,False,False,False,False,False,False,False,False,False
/data/liuyu/outputs/moka_strict_replication_20260516_2080ti/old2080ti_20260516_moka_state1_seed6_vis_arm_clean,libero_10,CLEAN,TIER_X_REJECTED,False,False,False,False,False,False,False,False,False,False
/data/liuyu/outputs/moka_strict_replication_20260516_2080ti/old2080ti_20260516_moka_state1_seed13_clean,libero_10,CLEAN,TIER_X_REJECTED,False,False,False,False,False,False,False,False,False,False
/data/liuyu/outputs/moka_strict_replication_20260516_2080ti/old2080ti_20260516_moka_state1_seed13_vis_arm_clean,libero_10,CLEAN,TIER_X_REJECTED,False,False,False,False,False,False,False,False,False,False
/data/liuyu/outputs/moka_strict_replication_20260516_2080ti/old2080ti_20260516_moka_state1_seed13_random_gripper_clean,libero_10,CLEAN,TIER_X_REJECTED,False,False,False,False,False,False,False,False,False,False
/data/liuyu/outputs/milestone_2h_sustained_proxy_full10x5_sus30_20260530/runs/libero_object/sus30full_t9_orange_juice_s0,,CONDITION_UNVERIFIED,TIER_X_REJECTED,False,False,False,False,False,False,False,False,False,False
/data/liuyu/outputs/milestone_2h_sustained_proxy_full10x5_sus30_20260530/runs/libero_object/sus30full_t2_salad_dressing_s2,,CONDITION_UNVERIFIED,TIER_X_REJECTED,False,False,False,False,False,False,False,False,False,False
/data/liuyu/outputs/milestone_2h_sustained_proxy_full10x5_sus30_20260530/runs/libero_object/sus30full_t3_bbq_sauce_s3,,CONDITION_UNVERIFIED,TIER_X_REJECTED,False,False,False,False,False,False,False,False,False,False
/data/liuyu/outputs/milestone_2h_sustained_proxy_full10x5_sus30_20260530/runs/libero_object/sus30full_t1_cream_cheese_s2,,CONDITION_UNVERIFIED,TIER_X_REJECTED,False,False,False,False,False,False,False,False,False,False
/data/liuyu/outputs/milestone_2h_sustained_proxy_full10x5_sus30_20260530/runs/libero_object/sus30full_t3_bbq_sauce_s0,,CONDITION_UNVERIFIED,TIER_X_REJECTED,False,False,False,False,False,False,False,False,False,False
/data/liuyu/outputs/milestone_2h_sustained_proxy_full10x5_sus30_20260530/runs/libero_object/sus30full_t6_butter_s2,,CONDITION_UNVERIFIED,TIER_X_REJECTED,False,False,False,False,False,False,False,False,False,False
/data/liuyu/outputs/milestone_2h_sustained_proxy_full10x5_sus30_20260530/runs/libero_object/sus30full_t8_chocolate_pudding_s1,,CONDITION_UNVERIFIED,TIER_X_REJECTED,False,False,False,False,False,False,False,False,False,False
/data/liuyu/outputs/milestone_2h_sustained_proxy_full10x5_sus30_20260530/runs/libero_object/sus30full_t0_alphabet_soup_s0,,CONDITION_UNVERIFIED,TIER_X_REJECTED,False,False,False,False,False,False,False,False,False,False
/data/liuyu/outputs/milestone_2h_sustained_proxy_full10x5_sus30_20260530/runs/libero_object/sus30full_t1_cream_cheese_s4,,CONDITION_UNVERIFIED,TIER_X_REJECTED,False,False,False,False,False,False,False,False,False,False
/data/liuyu/outputs/milestone_2h_sustained_proxy_full10x5_sus30_20260530/runs/libero_object/sus30full_t4_ketchup_s2,,CONDITION_UNVERIFIED,TIER_X_REJECTED,False,False,False,False,False,False,False,False,False,False
/data/liuyu/outputs/milestone_2h_sustained_proxy_full10x5_sus30_20260530/runs/libero_object/sus30full_t5_tomato_sauce_s4,,CONDITION_UNVERIFIED,TIER_X_REJECTED,False,False,False,False,False,False,False,False,False,False
/data/liuyu/outputs/milestone_2h_sustained_proxy_full10x5_sus30_20260530/runs/libero_object/sus30full_t9_orange_juice_s3,,CONDITION_UNVERIFIED,TIER_X_REJECTED,False,False,False,False,False,False,False,False,False,False
/data/liuyu/outputs/milestone_2h_sustained_proxy_full10x5_sus30_20260530/runs/libero_object/sus30full_t6_butter_s0,,CONDITION_UNVERIFIED,TIER_X_REJECTED,False,False,False,False,False,False,False,False,False,False
/data/liuyu/outputs/milestone_2h_sustained_proxy_full10x5_sus30_20260530/runs/libero_object/sus30full_t9_orange_juice_s1,,CONDITION_UNVERIFIED,TIER_X_REJECTED,False,False,False,False,False,False,False,False,False,False
/data/liuyu/outputs/milestone_2h_sustained_proxy_full10x5_sus30_20260530/runs/libero_object/sus30full_t6_butter_s4,,CONDITION_UNVERIFIED,TIER_X_REJECTED,False,False,False,False,False,False,False,False,False,False
/data/liuyu/outputs/milestone_2h_sustained_proxy_full10x5_sus30_20260530/runs/libero_object/sus30full_t0_alphabet_soup_s1,,CONDITION_UNVERIFIED,TIER_X_REJECTED,False,False,False,False,False,False,False,False,False,False
/data/liuyu/outputs/milestone_2h_sustained_proxy_full10x5_sus30_20260530/runs/libero_object/sus30full_t7_milk_s0,,CONDITION_UNVERIFIED,TIER_X_REJECTED,False,False,False,False,False,False,False,False,False,False
/data/liuyu/outputs/milestone_2h_sustained_proxy_full10x5_sus30_20260530/runs/libero_object/sus30full_t2_salad_dressing_s4,,CONDITION_UNVERIFIED,TIER_X_REJECTED,False,False,False,False,False,False,False,False,False,False
/data/liuyu/outputs/milestone_2h_sustained_proxy_full10x5_sus30_20260530/runs/libero_object/sus30full_t9_orange_juice_s4,,CONDITION_UNVERIFIED,TIER_X_REJECTED,False,False,False,False,False,False,False,False,False,False
/data/liuyu/outputs/milestone_2h_sustained_proxy_full10x5_sus30_20260530/runs/libero_object/sus30full_t4_ketchup_s3,,CONDITION_UNVERIFIED,TIER_X_REJECTED,False,False,False,False,False,False,False,False,False,False
/data/liuyu/outputs/milestone_2h_sustained_proxy_full10x5_sus30_20260530/runs/libero_object/sus30full_t0_alphabet_soup_s3,,CONDITION_UNVERIFIED,TIER_X_REJECTED,False,False,False,False,False,False,False,False,False,False
/data/liuyu/outputs/milestone_2h_sustained_proxy_full10x5_sus30_20260530/runs/libero_object/sus30full_t4_ketchup_s0,,CONDITION_UNVERIFIED,TIER_X_REJECTED,False,False,False,False,False,False,False,False,False,False
/data/liuyu/outputs/milestone_2h_sustained_proxy_full10x5_sus30_20260530/runs/libero_object/sus30full_t5_tomato_sauce_s1,,CONDITION_UNVERIFIED,TIER_X_REJECTED,False,False,False,False,False,False,False,False,False,False
/data/liuyu/outputs/milestone_2h_sustained_proxy_full10x5_sus30_20260530/runs/libero_object/sus30full_t4_ketchup_s4,,CONDITION_UNVERIFIED,TIER_X_REJECTED,False,False,False,False,False,False,False,False,False,False
/data/liuyu/outputs/milestone_2h_sustained_proxy_full10x5_sus30_20260530/runs/libero_object/sus30full_t7_milk_s3,,CONDITION_UNVERIFIED,TIER_X_REJECTED,False,False,False,False,False,False,False,False,False,False
/data/liuyu/outputs/milestone_2h_sustained_proxy_full10x5_sus30_20260530/runs/libero_object/sus30full_t5_tomato_sauce_s0,,CONDITION_UNVERIFIED,TIER_X_REJECTED,False,False,False,False,False,False,False,False,False,False
/data/liuyu/outputs/milestone_2h_sustained_proxy_full10x5_sus30_20260530/runs/libero_object/sus30full_t8_chocolate_pudding_s0,,CONDITION_UNVERIFIED,TIER_X_REJECTED,False,False,False,False,False,False,False,False,False,False
/data/liuyu/outputs/milestone_2h_sustained_proxy_full10x5_sus30_20260530/runs/libero_object/sus30full_t9_orange_juice_s2,,CONDITION_UNVERIFIED,TIER_X_REJECTED,False,False,False,False,False,False,False,False,False,False
/data/liuyu/outputs/milestone_2h_sustained_proxy_full10x5_sus30_20260530/runs/libero_object/sus30full_t4_ketchup_s1,,CONDITION_UNVERIFIED,TIER_X_REJECTED,False,False,False,False,False,False,False,False,False,False
/data/liuyu/outputs/milestone_2h_sustained_proxy_full10x5_sus30_20260530/runs/libero_object/sus30full_t1_cream_cheese_s3,,CONDITION_UNVERIFIED,TIER_X_REJECTED,False,False,False,False,False,False,False,False,False,False
/data/liuyu/outputs/milestone_2h_sustained_proxy_full10x5_sus30_20260530/runs/libero_object/sus30full_t2_salad_dressing_s1,,CONDITION_UNVERIFIED,TIER_X_REJECTED,False,False,False,False,False,False,False,False,False,False
/data/liuyu/outputs/milestone_2h_sustained_proxy_full10x5_sus30_20260530/runs/libero_object/sus30full_t0_alphabet_soup_s4,,CONDITION_UNVERIFIED,TIER_X_REJECTED,False,False,False,False,False,False,False,False,False,False
/data/liuyu/outputs/milestone_2h_sustained_proxy_full10x5_sus30_20260530/runs/libero_object/sus30full_t8_chocolate_pudding_s4,,CONDITION_UNVERIFIED,TIER_X_REJECTED,False,False,False,False,False,False,False,False,False,False
/data/liuyu/outputs/milestone_2h_sustained_proxy_full10x5_sus30_20260530/runs/libero_object/sus30full_t8_chocolate_pudding_s3,,CONDITION_UNVERIFIED,TIER_X_REJECTED,False,False,False,False,False,False,False,False,False,False
/data/liuyu/outputs/milestone_2h_sustained_proxy_full10x5_sus30_20260530/runs/libero_object/sus30full_t7_milk_s2,,CONDITION_UNVERIFIED,TIER_X_REJECTED,False,False,False,False,False,False,False,False,False,False
/data/liuyu/outputs/milestone_2h_sustained_proxy_full10x5_sus30_20260530/runs/libero_object/sus30full_t5_tomato_sauce_s2,,CONDITION_UNVERIFIED,TIER_X_REJECTED,False,False,False,False,False,False,False,False,False,False
/data/liuyu/outputs/milestone_2h_sustained_proxy_full10x5_sus30_20260530/runs/libero_object/sus30full_t7_milk_s4,,CONDITION_UNVERIFIED,TIER_X_REJECTED,False,False,False,False,False,False,False,False,False,False
/data/liuyu/outputs/milestone_2h_sustained_proxy_full10x5_sus30_20260530/runs/libero_object/sus30full_t6_butter_s1,,CONDITION_UNVERIFIED,TIER_X_REJECTED,False,False,False,False,False,False,False,False,False,False
/data/liuyu/outputs/milestone_2h_sustained_proxy_full10x5_sus30_20260530/runs/libero_object/sus30full_t3_bbq_sauce_s1,,CONDITION_UNVERIFIED,TIER_X_REJECTED,False,False,False,False,False,False,False,False,False,False
/data/liuyu/outputs/milestone_2h_sustained_proxy_full10x5_sus30_20260530/runs/libero_object/sus30full_t2_salad_dressing_s0,,CONDITION_UNVERIFIED,TIER_X_REJECTED,False,False,False,False,False,False,False,False,False,False
/data/liuyu/outputs/milestone_2h_sustained_proxy_full10x5_sus30_20260530/runs/libero_object/sus30full_t7_milk_s1,,CONDITION_UNVERIFIED,TIER_X_REJECTED,False,False,False,False,False,False,False,False,False,False
/data/liuyu/outputs/milestone_2h_sustained_proxy_full10x5_sus30_20260530/runs/libero_object/sus30full_t8_chocolate_pudding_s2,,CONDITION_UNVERIFIED,TIER_X_REJECTED,False,False,False,False,False,False,False,False,False,False
/data/liuyu/outputs/milestone_2h_sustained_proxy_full10x5_sus30_20260530/runs/libero_object/sus30full_t3_bbq_sauce_s4,,CONDITION_UNVERIFIED,TIER_X_REJECTED,False,False,False,False,False,False,False,False,False,False
/data/liuyu/outputs/milestone_2h_sustained_proxy_full10x5_sus30_20260530/runs/libero_object/sus30full_t3_bbq_sauce_s2,,CONDITION_UNVERIFIED,TIER_X_REJECTED,False,False,False,False,False,False,False,False,False,False
/data/liuyu/outputs/milestone_2h_sustained_proxy_full10x5_sus30_20260530/runs/libero_object/sus30full_t6_butter_s3,,CONDITION_UNVERIFIED,TIER_X_REJECTED,False,False,False,False,False,False,False,False,False,False
/data/liuyu/outputs/milestone_2h_sustained_proxy_full10x5_sus30_20260530/runs/libero_object/sus30full_t2_salad_dressing_s3,,CONDITION_UNVERIFIED,TIER_X_REJECTED,False,False,False,False,False,False,False,False,False,False
/data/liuyu/outputs/milestone_2h_sustained_proxy_full10x5_sus30_20260530/runs/libero_object/sus30full_t1_cream_cheese_s0,,CONDITION_UNVERIFIED,TIER_X_REJECTED,False,False,False,False,False,False,False,False,False,False
/data/liuyu/outputs/milestone_2h_sustained_proxy_full10x5_sus30_20260530/runs/libero_object/sus30full_t5_tomato_sauce_s3,,CONDITION_UNVERIFIED,TIER_X_REJECTED,False,False,False,False,False,False,False,False,False,False
/data/liuyu/outputs/milestone_2h_sustained_proxy_full10x5_sus30_20260530/runs/libero_object/sus30full_t1_cream_cheese_s1,,CONDITION_UNVERIFIED,TIER_X_REJECTED,False,False,False,False,False,False,False,False,False,False
/data/liuyu/outputs/milestone_2h_sustained_proxy_full10x5_sus30_20260530/runs/libero_object/sus30full_t0_alphabet_soup_s2,,CONDITION_UNVERIFIED,TIER_X_REJECTED,False,False,False,False,False,False,False,False,False,False
/data/liuyu/outputs/phase_span_position_budget_disentangle_longrun_20260524/runs/posbud_object_pick_up_the_ketchup_and_place_it_in_the_basket_s0_seed1_W30_early_cmdopen_neg075,,CONDITION_UNVERIFIED,TIER_X_REJECTED,False,False,False,False,False,False,False,False,False,False
/data/liuyu/outputs/phase_span_position_budget_disentangle_longrun_20260524/runs/posbud_object_pick_up_the_orange_juice_and_place_it_in_the_basket_s7_seed1_W10_early_random,,NON_CLEAN_OR_ATTACK,TIER_X_REJECTED,False,False,False,False,False,False,False,False,False,False
/data/liuyu/outputs/phase_span_position_budget_disentangle_longrun_20260524/runs/posbud_object_pick_up_the_orange_juice_and_place_it_in_the_basket_s7_seed1_W10_mid1_random,,NON_CLEAN_OR_ATTACK,TIER_X_REJECTED,False,False,False,False,False,False,False,False,False,False
/data/liuyu/outputs/phase_span_position_budget_disentangle_longrun_20260524/runs/posbud_object_pick_up_the_ketchup_and_place_it_in_the_basket_s0_seed1_W30_early_random,,NON_CLEAN_OR_ATTACK,TIER_X_REJECTED,False,False,False,False,False,False,False,False,False,False
/data/liuyu/outputs/phase_span_position_budget_disentangle_longrun_20260524/runs/posbud_object_pick_up_the_orange_juice_and_place_it_in_the_basket_s7_seed1_W10_mid2_random,,NON_CLEAN_OR_ATTACK,TIER_X_REJECTED,False,False,False,False,False,False,False,False,False,False
/data/liuyu/outputs/phase_span_position_budget_disentangle_longrun_20260524/runs/posbud_libero10_study_scene1_pick_up_the_book_and_place_it_in_the_back_compartment_of_the_caddy_s3_seed1_W20_early_cmdopen_neg075,libero_10,CONDITION_UNVERIFIED,TIER_X_REJECTED,False,False,False,False,False,False,False,False,False,False
/data/liuyu/outputs/phase_span_position_budget_disentangle_longrun_20260524/runs/posbud_object_pick_up_the_ketchup_and_place_it_in_the_basket_s0_seed1_W10_early_random,,NON_CLEAN_OR_ATTACK,TIER_X_REJECTED,False,False,False,False,False,False,False,False,False,False
/data/liuyu/outputs/phase_span_position_budget_disentangle_longrun_20260524/runs/posbud_object_pick_up_the_ketchup_and_place_it_in_the_basket_s0_seed1_W10_early_cmdopen_pos075,,CONDITION_UNVERIFIED,TIER_X_REJECTED,False,False,False,False,False,False,False,False,False,False
/data/liuyu/outputs/phase_span_position_budget_disentangle_longrun_20260524/runs/posbud_object_pick_up_the_ketchup_and_place_it_in_the_basket_s0_seed1_W20_early_cmdopen_pos075,,CONDITION_UNVERIFIED,TIER_X_REJECTED,False,False,False,False,False,False,False,False,False,False
/data/liuyu/outputs/phase_span_position_budget_disentangle_longrun_20260524/runs/posbud_object_pick_up_the_ketchup_and_place_it_in_the_basket_s0_seed1_W10_mid2_cmdopen_pos075,,CONDITION_UNVERIFIED,TIER_X_REJECTED,False,False,False,False,False,False,False,False,False,False
/data/liuyu/outputs/phase_span_position_budget_disentangle_longrun_20260524/runs/posbud_object_pick_up_the_ketchup_and_place_it_in_the_basket_s0_seed1_W30_early_cmdopen_pos075,,CONDITION_UNVERIFIED,TIER_X_REJECTED,False,False,False,False,False,False,False,False,False,False
/data/liuyu/outputs/phase_span_position_budget_disentangle_longrun_20260524/runs/posbud_object_pick_up_the_orange_juice_and_place_it_in_the_basket_s7_seed1_W30_early_cmdopen_pos075,,CONDITION_UNVERIFIED,TIER_X_REJECTED,False,False,False,False,False,False,False,False,False,False
/data/liuyu/outputs/phase_span_position_budget_disentangle_longrun_20260524/runs/posbud_libero10_study_scene1_pick_up_the_book_and_place_it_in_the_back_compartment_of_the_caddy_s3_seed1_W20_early_random,libero_10,NON_CLEAN_OR_ATTACK,TIER_X_REJECTED,False,False,False,False,False,False,False,False,False,False
/data/liuyu/outputs/phase_span_position_budget_disentangle_longrun_20260524/runs/posbud_libero10_study_scene1_pick_up_the_book_and_place_it_in_the_back_compartment_of_the_caddy_s3_seed1_W10_mid1_random,libero_10,NON_CLEAN_OR_ATTACK,TIER_X_REJECTED,False,False,False,False,False,False,False,False,False,False
/data/liuyu/outputs/phase_span_position_budget_disentangle_longrun_20260524/runs/posbud_object_pick_up_the_orange_juice_and_place_it_in_the_basket_s7_seed1_W30_early_random,,NON_CLEAN_OR_ATTACK,TIER_X_REJECTED,False,False,False,False,False,False,False,False,False,False
/data/liuyu/outputs/phase_span_position_budget_disentangle_longrun_20260524/runs/posbud_libero10_study_scene1_pick_up_the_book_and_place_it_in_the_back_compartment_of_the_caddy_s3_seed1_W10_mid1_cmdopen_pos075,libero_10,CONDITION_UNVERIFIED,TIER_X_REJECTED,False,False,False,False,False,False,False,False,False,False
/data/liuyu/outputs/phase_span_position_budget_disentangle_longrun_20260524/runs/posbud_object_pick_up_the_ketchup_and_place_it_in_the_basket_s0_seed1_W20_early_random,,NON_CLEAN_OR_ATTACK,TIER_X_REJECTED,False,False,False,False,False,False,False,False,False,False
/data/liuyu/outputs/phase_span_position_budget_disentangle_longrun_20260524/runs/posbud_object_pick_up_the_orange_juice_and_place_it_in_the_basket_s7_seed1_W10_mid1_cmdopen_pos075,,CONDITION_UNVERIFIED,TIER_X_REJECTED,False,False,False,False,False,False,False,False,False,False
/data/liuyu/outputs/phase_span_position_budget_disentangle_longrun_20260524/runs/posbud_libero10_study_scene1_pick_up_the_book_and_place_it_in_the_back_compartment_of_the_caddy_s3_seed1_W10_mid2_cmdopen_pos075,libero_10,CONDITION_UNVERIFIED,TIER_X_REJECTED,False,False,False,False,False,False,False,False,False,False
/data/liuyu/outputs/phase_span_position_budget_disentangle_longrun_20260524/runs/posbud_object_pick_up_the_orange_juice_and_place_it_in_the_basket_s7_seed1_W10_mid2_cmdopen_pos075,,CONDITION_UNVERIFIED,TIER_X_REJECTED,False,False,False,False,False,False,False,False,False,False
/data/liuyu/outputs/phase_span_position_budget_disentangle_longrun_20260524/runs/posbud_object_pick_up_the_ketchup_and_place_it_in_the_basket_s0_seed1_W10_mid1_random,,NON_CLEAN_OR_ATTACK,TIER_X_REJECTED,False,False,False,False,False,False,False,False,False,False
/data/liuyu/outputs/phase_span_position_budget_disentangle_longrun_20260524/runs/posbud_libero10_study_scene1_pick_up_the_book_and_place_it_in_the_back_compartment_of_the_caddy_s3_seed1_W10_early_random,libero_10,NON_CLEAN_OR_ATTACK,TIER_X_REJECTED,False,False,False,False,False,False,False,False,False,False
/data/liuyu/outputs/phase_span_position_budget_disentangle_longrun_20260524/runs/posbud_object_pick_up_the_orange_juice_and_place_it_in_the_basket_s7_seed1_W30_early_cmdopen_neg075,,CONDITION_UNVERIFIED,TIER_X_REJECTED,False,False,False,False,False,False,False,False,False,False
/data/liuyu/outputs/phase_span_position_budget_disentangle_longrun_20260524/runs/posbud_object_pick_up_the_orange_juice_and_place_it_in_the_basket_s7_seed1_W20_early_cmdopen_neg075,,CONDITION_UNVERIFIED,TIER_X_REJECTED,False,False,False,False,False,False,False,False,False,False
/data/liuyu/outputs/phase_span_position_budget_disentangle_longrun_20260524/runs/posbud_libero10_study_scene1_pick_up_the_book_and_place_it_in_the_back_compartment_of_the_caddy_s3_seed1_W10_early_cmdopen_pos075,libero_10,CONDITION_UNVERIFIED,TIER_X_REJECTED,False,False,False,False,False,False,False,False,False,False
/data/liuyu/outputs/phase_span_position_budget_disentangle_longrun_20260524/runs/posbud_object_pick_up_the_ketchup_and_place_it_in_the_basket_s0_seed1_W10_mid1_cmdopen_neg075,,CONDITION_UNVERIFIED,TIER_X_REJECTED,False,False,False,False,False,False,False,False,False,False
/data/liuyu/outputs/phase_span_position_budget_disentangle_longrun_20260524/runs/posbud_object_pick_up_the_orange_juice_and_place_it_in_the_basket_s7_seed1_W10_early_cmdopen_neg075,,CONDITION_UNVERIFIED,TIER_X_REJECTED,False,False,False,False,False,False,False,False,False,False
/data/liuyu/outputs/phase_span_position_budget_disentangle_longrun_20260524/runs/posbud_object_pick_up_the_ketchup_and_place_it_in_the_basket_s0_seed1_W10_mid2_random,,NON_CLEAN_OR_ATTACK,TIER_X_REJECTED,False,False,False,False,False,False,False,False,False,False
/data/liuyu/outputs/phase_span_position_budget_disentangle_longrun_20260524/runs/posbud_libero10_study_scene1_pick_up_the_book_and_place_it_in_the_back_compartment_of_the_caddy_s3_seed1_W10_early_cmdopen_neg075,libero_10,CONDITION_UNVERIFIED,TIER_X_REJECTED,False,False,False,False,False,False,False,False,False,False
/data/liuyu/outputs/phase_span_position_budget_disentangle_longrun_20260524/runs/posbud_libero10_study_scene1_pick_up_the_book_and_place_it_in_the_back_compartment_of_the_caddy_s3_seed1_W30_early_cmdopen_neg075,libero_10,CONDITION_UNVERIFIED,TIER_X_REJECTED,False,False,False,False,False,False,False,False,False,False
/data/liuyu/outputs/phase_span_position_budget_disentangle_longrun_20260524/runs/posbud_libero10_study_scene1_pick_up_the_book_and_place_it_in_the_back_compartment_of_the_caddy_s3_seed1_W20_early_cmdopen_pos075,libero_10,CONDITION_UNVERIFIED,TIER_X_REJECTED,False,False,False,False,False,False,False,False,False,False
/data/liuyu/outputs/phase_span_position_budget_disentangle_longrun_20260524/runs/posbud_object_pick_up_the_orange_juice_and_place_it_in_the_basket_s7_seed1_W20_early_cmdopen_pos075,,CONDITION_UNVERIFIED,TIER_X_REJECTED,False,False,False,False,False,False,False,False,False,False
/data/liuyu/outputs/phase_span_position_budget_disentangle_longrun_20260524/runs/posbud_object_pick_up_the_orange_juice_and_place_it_in_the_basket_s7_seed1_W10_mid1_cmdopen_neg075,,CONDITION_UNVERIFIED,TIER_X_REJECTED,False,False,False,False,False,False,False,False,False,False
/data/liuyu/outputs/phase_span_position_budget_disentangle_longrun_20260524/runs/posbud_libero10_study_scene1_pick_up_the_book_and_place_it_in_the_back_compartment_of_the_caddy_s3_seed1_W10_mid2_cmdopen_neg075,libero_10,CONDITION_UNVERIFIED,TIER_X_REJECTED,False,False,False,False,False,False,False,False,False,False
/data/liuyu/outputs/phase_span_position_budget_disentangle_longrun_20260524/runs/posbud_object_pick_up_the_ketchup_and_place_it_in_the_basket_s0_seed1_W10_mid2_cmdopen_neg075,,CONDITION_UNVERIFIED,TIER_X_REJECTED,False,False,False,False,False,False,False,False,False,False
/data/liuyu/outputs/phase_span_position_budget_disentangle_longrun_20260524/runs/posbud_object_pick_up_the_orange_juice_and_place_it_in_the_basket_s7_seed1_W20_early_random,,NON_CLEAN_OR_ATTACK,TIER_X_REJECTED,False,False,False,False,False,False,False,False,False,False
/data/liuyu/outputs/phase_span_position_budget_disentangle_longrun_20260524/runs/posbud_object_pick_up_the_ketchup_and_place_it_in_the_basket_s0_seed1_W10_early_cmdopen_neg075,,CONDITION_UNVERIFIED,TIER_X_REJECTED,False,False,False,False,False,False,False,False,False,False
/data/liuyu/outputs/phase_span_position_budget_disentangle_longrun_20260524/runs/posbud_libero10_study_scene1_pick_up_the_book_and_place_it_in_the_back_compartment_of_the_caddy_s3_seed1_W10_mid2_random,libero_10,NON_CLEAN_OR_ATTACK,TIER_X_REJECTED,False,False,False,False,False,False,False,False,False,False
/data/liuyu/outputs/phase_span_position_budget_disentangle_longrun_20260524/runs/posbud_libero10_study_scene1_pick_up_the_book_and_place_it_in_the_back_compartment_of_the_caddy_s3_seed1_W10_mid1_cmdopen_neg075,libero_10,CONDITION_UNVERIFIED,TIER_X_REJECTED,False,False,False,False,False,False,False,False,False,False
/data/liuyu/outputs/phase_span_position_budget_disentangle_longrun_20260524/runs/posbud_object_pick_up_the_orange_juice_and_place_it_in_the_basket_s7_seed1_W10_mid2_cmdopen_neg075,,CONDITION_UNVERIFIED,TIER_X_REJECTED,False,False,False,False,False,False,False,False,False,False
/data/liuyu/outputs/phase_span_position_budget_disentangle_longrun_20260524/runs/posbud_object_pick_up_the_ketchup_and_place_it_in_the_basket_s0_seed1_W10_mid1_cmdopen_pos075,,CONDITION_UNVERIFIED,TIER_X_REJECTED,False,False,False,False,False,False,False,False,False,False
/data/liuyu/outputs/phase_span_position_budget_disentangle_longrun_20260524/runs/posbud_libero10_study_scene1_pick_up_the_book_and_place_it_in_the_back_compartment_of_the_caddy_s3_seed1_W30_early_random,libero_10,NON_CLEAN_OR_ATTACK,TIER_X_REJECTED,False,False,False,False,False,False,False,False,False,False
/data/liuyu/outputs/phase_span_position_budget_disentangle_longrun_20260524/runs/posbud_libero10_study_scene1_pick_up_the_book_and_place_it_in_the_back_compartment_of_the_caddy_s3_seed1_W30_early_cmdopen_pos075,libero_10,CONDITION_UNVERIFIED,TIER_X_REJECTED,False,False,False,False,False,False,False,False,False,False
/data/liuyu/outputs/phase_span_position_budget_disentangle_longrun_20260524/runs/posbud_object_pick_up_the_orange_juice_and_place_it_in_the_basket_s7_seed1_W10_early_cmdopen_pos075,,CONDITION_UNVERIFIED,TIER_X_REJECTED,False,False,False,False,False,False,False,False,False,False
/data/liuyu/outputs/phase_span_position_budget_disentangle_longrun_20260524/runs/posbud_object_pick_up_the_ketchup_and_place_it_in_the_basket_s0_seed1_W20_early_cmdopen_neg075,,CONDITION_UNVERIFIED,TIER_X_REJECTED,False,False,False,False,False,False,False,False,False,False
/data/liuyu/outputs/milestone_2j_visual_fusion_online_pilot_v6_20260530/runs/libero_object/v6_tomato_clean_tomato_sauce_s0,,CLEAN,TIER_X_REJECTED,False,False,False,False,False,False,False,False,False,False
/data/liuyu/outputs/milestone_2j_visual_fusion_online_pilot_v6_20260530/runs/libero_object/v6_cream_clean_cream_cheese_s0,,CLEAN,TIER_X_REJECTED,False,False,False,False,False,False,False,False,False,False
/data/liuyu/outputs/milestone_2j_visual_fusion_online_pilot_v6_20260530/runs/libero_object/v6_ketchup_clean_ketchup_s2,,CLEAN,TIER_X_REJECTED,False,False,False,False,False,False,False,False,False,False
/data/liuyu/outputs/milestone_2j_visual_fusion_online_pilot_v6_20260530/runs/libero_object/v6_ketchup_clean_ketchup_s0,,CLEAN,TIER_X_REJECTED,False,False,False,False,False,False,False,False,False,False
/data/liuyu/outputs/milestone_2j_visual_fusion_online_pilot_v6_20260530/runs/libero_object/v6_tomato_sus30_tomato_sauce_s0,,NON_CLEAN_OR_ATTACK,TIER_X_REJECTED,False,False,False,False,False,False,False,False,False,False
/data/liuyu/outputs/milestone_2j_visual_fusion_online_pilot_v6_20260530/runs/libero_object/v6_cream_sus30_cream_cheese_s2,,NON_CLEAN_OR_ATTACK,TIER_X_REJECTED,False,False,False,False,False,False,False,False,False,False
/data/liuyu/outputs/milestone_2j_visual_fusion_online_pilot_v6_20260530/runs/libero_object/v6_salad_sus30_salad_dressing_s0,,NON_CLEAN_OR_ATTACK,TIER_X_REJECTED,False,False,False,False,False,False,False,False,False,False
/data/liuyu/outputs/milestone_2j_visual_fusion_online_pilot_v6_20260530/runs/libero_object/v6_tomato_clean_tomato_sauce_s2,,CLEAN,TIER_X_REJECTED,False,False,False,False,False,False,False,False,False,False
/data/liuyu/outputs/milestone_2j_visual_fusion_online_pilot_v6_20260530/runs/libero_object/v6_ketchup_sus30_ketchup_s2,,NON_CLEAN_OR_ATTACK,TIER_X_REJECTED,False,False,False,False,False,False,False,False,False,False
/data/liuyu/outputs/milestone_2j_visual_fusion_online_pilot_v6_20260530/runs/libero_object/v6_tomato_sus30_tomato_sauce_s2,,NON_CLEAN_OR_ATTACK,TIER_X_REJECTED,False,False,False,False,False,False,False,False,False,False
/data/liuyu/outputs/milestone_2j_visual_fusion_online_pilot_v6_20260530/runs/libero_object/v6_salad_sus30_salad_dressing_s2,,NON_CLEAN_OR_ATTACK,TIER_X_REJECTED,False,False,False,False,False,False,False,False,False,False
/data/liuyu/outputs/milestone_2j_visual_fusion_online_pilot_v6_20260530/runs/libero_object/v6_ketchup_clean_ketchup_s1,,CLEAN,TIER_X_REJECTED,False,False,False,False,False,False,False,False,False,False
/data/liuyu/outputs/milestone_2j_visual_fusion_online_pilot_v6_20260530/runs/libero_object/v6_salad_clean_salad_dressing_s1,,CLEAN,TIER_X_REJECTED,False,False,False,False,False,False,False,False,False,False
/data/liuyu/outputs/milestone_2j_visual_fusion_online_pilot_v6_20260530/runs/libero_object/v6_cream_clean_cream_cheese_s1,,CLEAN,TIER_X_REJECTED,False,False,False,False,False,False,False,False,False,False
/data/liuyu/outputs/milestone_2j_visual_fusion_online_pilot_v6_20260530/runs/libero_object/v6_salad_clean_salad_dressing_s0,,CLEAN,TIER_X_REJECTED,False,False,False,False,False,False,False,False,False,False
/data/liuyu/outputs/milestone_2j_visual_fusion_online_pilot_v6_20260530/runs/libero_object/v6_cream_sus30_cream_cheese_s1,,NON_CLEAN_OR_ATTACK,TIER_X_REJECTED,False,False,False,False,False,False,False,False,False,False
/data/liuyu/outputs/milestone_2j_visual_fusion_online_pilot_v6_20260530/runs/libero_object/v6_ketchup_sus30_ketchup_s0,,NON_CLEAN_OR_ATTACK,TIER_X_REJECTED,False,False,False,False,False,False,False,False,False,False
/data/liuyu/outputs/milestone_2j_visual_fusion_online_pilot_v6_20260530/runs/libero_object/v6_salad_sus30_salad_dressing_s1,,NON_CLEAN_OR_ATTACK,TIER_X_REJECTED,False,False,False,False,False,False,False,False,False,False
/data/liuyu/outputs/milestone_2j_visual_fusion_online_pilot_v6_20260530/runs/libero_object/v6_cream_sus30_cream_cheese_s0,,NON_CLEAN_OR_ATTACK,TIER_X_REJECTED,False,False,False,False,False,False,False,False,False,False
/data/liuyu/outputs/milestone_2j_visual_fusion_online_pilot_v6_20260530/runs/libero_object/v6_tomato_sus30_tomato_sauce_s1,,NON_CLEAN_OR_ATTACK,TIER_X_REJECTED,False,False,False,False,False,False,False,False,False,False
/data/liuyu/outputs/milestone_2j_visual_fusion_online_pilot_v6_20260530/runs/libero_object/v6_cream_clean_cream_cheese_s2,,CLEAN,TIER_X_REJECTED,False,False,False,False,False,False,False,False,False,False
/data/liuyu/outputs/milestone_2j_visual_fusion_online_pilot_v6_20260530/runs/libero_object/v6_salad_clean_salad_dressing_s2,,CLEAN,TIER_X_REJECTED,False,False,False,False,False,False,False,False,False,False
/data/liuyu/outputs/milestone_2j_visual_fusion_online_pilot_v6_20260530/runs/libero_object/v6_tomato_clean_tomato_sauce_s1,,CLEAN,TIER_X_REJECTED,False,False,False,False,False,False,False,False,False,False
/data/liuyu/outputs/milestone_2j_visual_fusion_online_pilot_v6_20260530/runs/libero_object/v6_ketchup_sus30_ketchup_s1,,NON_CLEAN_OR_ATTACK,TIER_X_REJECTED,False,False,False,False,False,False,False,False,False,False
/data/liuyu/outputs/overnight_true_nonbb_relay_20260523/runs/p3a_object_pick_up_the_orange_juice_and_plac_s0_clean,,CLEAN,TIER_X_REJECTED,False,False,False,False,False,False,False,False,False,False
/data/liuyu/outputs/overnight_true_nonbb_relay_20260523/runs/ketchup_s6_r1_clean_sweep,,CLEAN,TIER_X_REJECTED,False,False,False,False,False,False,False,False,False,False
/data/liuyu/outputs/overnight_true_nonbb_relay_20260523/runs/p3a_goal_put_the_bowl_on_the_stove_s0_clean,libero_goal,CLEAN,TIER_X_REJECTED,False,False,False,False,False,False,False,False,False,False
/data/liuyu/outputs/overnight_true_nonbb_relay_20260523/runs/ketchup_s0_r1_random_fresh_window,,NON_CLEAN_OR_ATTACK,TIER_X_REJECTED,False,False,False,False,False,False,False,False,False,False
/data/liuyu/outputs/overnight_true_nonbb_relay_20260523/runs/p3a_object_pick_up_the_tomato_sauce_and_plac_s0_clean,,CLEAN,TIER_X_REJECTED,False,False,False,False,False,False,False,False,False,False
/data/liuyu/outputs/overnight_true_nonbb_relay_20260523/runs/p3a_libero10_kitchen_scene3_turn_on_the_stov_s0_clean,libero_10,CLEAN,TIER_X_REJECTED,False,False,False,False,False,False,False,False,False,False
/data/liuyu/outputs/overnight_true_nonbb_relay_20260523/runs/p3a_libero10_kitchen_scene8_put_both_moka_po_s9_clean,libero_10,CLEAN,TIER_X_REJECTED,False,False,False,False,False,False,False,False,False,False
/data/liuyu/outputs/overnight_true_nonbb_relay_20260523/runs/ketchup_s0_r1_cmdopen_neg075,,NON_CLEAN_OR_ATTACK,TIER_X_REJECTED,False,False,False,False,False,False,False,False,False,False
/data/liuyu/outputs/overnight_true_nonbb_relay_20260523/runs/ketchup_s2_r1_clean_sweep,,CLEAN,TIER_X_REJECTED,False,False,False,False,False,False,False,False,False,False
/data/liuyu/outputs/overnight_true_nonbb_relay_20260523/runs/ketchup_s0_r1_cmdopen_pos075,,NON_CLEAN_OR_ATTACK,TIER_X_REJECTED,False,False,False,False,False,False,False,False,False,False
/data/liuyu/outputs/overnight_true_nonbb_relay_20260523/runs/ketchup_s0_r1_clean_repair,,CLEAN,TIER_X_REJECTED,False,False,False,False,False,False,False,False,False,False
/data/liuyu/outputs/overnight_true_nonbb_relay_20260523/runs/ketchup_s8_r1_clean_sweep,,CLEAN,TIER_X_REJECTED,False,False,False,False,False,False,False,False,False,False
/data/liuyu/outputs/overnight_true_nonbb_relay_20260523/runs/ketchup_s0_r1_clean_detect,,CLEAN,TIER_X_REJECTED,False,False,False,False,False,False,False,False,False,False
/data/liuyu/outputs/overnight_true_nonbb_relay_20260523/runs/p3a_object_pick_up_the_milk_and_place_it_in__s0_clean,,CLEAN,TIER_X_REJECTED,False,False,False,False,False,False,False,False,False,False
/data/liuyu/outputs/overnight_true_nonbb_relay_20260523/runs/p3a_goal_open_the_middle_drawer_of_the_cabin_s0_clean,libero_goal,CLEAN,TIER_X_REJECTED,False,False,False,False,False,False,False,False,False,False
/data/liuyu/outputs/overnight_true_nonbb_relay_20260523/runs/ketchup_s9_r1_clean_sweep,,CLEAN,TIER_X_REJECTED,False,False,False,False,False,False,False,False,False,False
/data/liuyu/outputs/overnight_true_nonbb_relay_20260523/runs/p3a_libero10_kitchen_scene8_put_both_moka_po_s0_clean,libero_10,CLEAN,TIER_X_REJECTED,False,False,False,False,False,False,False,False,False,False
/data/liuyu/outputs/rollout_milk,,TRUE_T10,TIER_X_REJECTED,False,False,False,False,False,False,False,False,False,False
/data/liuyu/outputs/true_nonbb_candidate_gated_pilot_20260523/runs/true_nonbb_cream_cheese_s0_c2_clean_detect,,CLEAN,TIER_X_REJECTED,False,False,False,False,False,False,False,False,False,False
/data/liuyu/outputs/true_nonbb_candidate_gated_pilot_20260523/runs/true_nonbb_ketchup_s0_c0_clean_detect,,CLEAN,TIER_X_REJECTED,False,False,False,False,False,False,False,False,False,False
/data/liuyu/outputs/true_nonbb_candidate_gated_pilot_20260523/runs/true_nonbb_alphabet_soup_s0_c1_clean_detect,,CLEAN,TIER_X_REJECTED,False,False,False,False,False,False,False,False,False,False
/data/liuyu/outputs/true_nonbb_candidate_gated_pilot_20260523/parallel_candidates/cream_cheese_to_basket/runs/true_nonbb_creamcheese_s0_clean_detect,,CLEAN,TIER_X_REJECTED,False,False,False,False,False,False,False,False,False,False
/data/liuyu/outputs/true_nonbb_candidate_gated_pilot_20260523/parallel_candidates/ketchup_to_basket/runs/true_nonbb_ketchup_s0_random_same_autowindow,,NON_CLEAN_OR_ATTACK,TIER_X_REJECTED,False,False,False,False,False,False,False,False,False,False
/data/liuyu/outputs/true_nonbb_candidate_gated_pilot_20260523/parallel_candidates/ketchup_to_basket/runs/true_nonbb_ketchup_s0_clean_detect,,CLEAN,TIER_X_REJECTED,False,False,False,False,False,False,False,False,False,False
/data/liuyu/outputs/true_nonbb_candidate_gated_pilot_20260523/parallel_candidates/ketchup_to_basket/runs/true_nonbb_ketchup_s0_command_open_0.75,,NON_CLEAN_OR_ATTACK,TIER_X_REJECTED,False,False,False,False,False,False,False,False,False,False
/data/liuyu/outputs/true_nonbb_candidate_gated_pilot_20260523/parallel_candidates/alphabet_soup_to_basket/runs/true_nonbb_alphabetsoup_s0_clean_detect,,CLEAN,TIER_X_REJECTED,False,False,False,False,False,False,False,False,False,False
/data/liuyu/outputs/libero_full4_state0_balanced_clean_20260518_single_probe_after_quarantine/probe_single_after_quarantine_spatial_state0_seed1_clean,libero_spatial,CLEAN,TIER_X_REJECTED,False,False,False,False,False,False,False,False,False,False
/data/liuyu/outputs/libero_asset_apply_smoke_20260521_gpu_groups_014526/smoke_clean/assetapply_smoke_object_pick_up_the_bbq_sauce_and_place_it_in_the_basket_state0_seed1_clean,,CLEAN,TIER_X_REJECTED,False,False,False,False,False,False,False,False,False,False
/data/liuyu/outputs/libero_asset_apply_smoke_20260521_gpu_groups_014526/smoke_clean/assetapply_smoke_object_pick_up_the_ketchup_and_place_it_in_the_basket_state0_seed1_clean,,CLEAN,TIER_X_REJECTED,False,False,False,False,False,False,False,False,False,False
/data/liuyu/outputs/cross_suite_clean_20260619_canary_retry26_after_gpu4_fail_877c9c0/spatial_t4_s0,libero_spatial,CLEAN,TIER_B_DETECTOR_COMPATIBLE,True,True,True,True,False,True,True,False,True,False
/data/liuyu/outputs/cross_suite_clean_20260619_canary_retry26_after_gpu4_fail_877c9c0/libero10_t0_s0,libero_10,CLEAN,TIER_B_DETECTOR_COMPATIBLE,True,True,True,True,False,True,True,False,True,False
/data/liuyu/outputs/cross_suite_clean_20260619_canary_retry26_after_gpu4_fail_877c9c0/goal_t0_s0,libero_goal,CLEAN,TIER_B_DETECTOR_COMPATIBLE,True,True,True,True,False,True,True,False,True,False
/data/liuyu/outputs/milestone_2h_sustained_proxy_validation_pilot_20260530/runs/libero_object/pilot_salad_oracle_open_salad_dressing_s0,,CONDITION_UNVERIFIED,TIER_X_REJECTED,False,False,False,False,False,False,False,False,False,False
/data/liuyu/outputs/milestone_2h_sustained_proxy_validation_pilot_20260530/runs/libero_object/pilot_ketchup_oracle_open_ketchup_s1,,CONDITION_UNVERIFIED,TIER_X_REJECTED,False,False,False,False,False,False,False,False,False,False
/data/liuyu/outputs/milestone_2h_sustained_proxy_validation_pilot_20260530/runs/libero_object/pilot_cream_oracle_open_cream_cheese_s2,,CONDITION_UNVERIFIED,TIER_X_REJECTED,False,False,False,False,False,False,False,False,False,False
/data/liuyu/outputs/milestone_2h_sustained_proxy_validation_pilot_20260530/runs/libero_object/pilot_ketchup_sus30_ketchup_s2,,CONDITION_UNVERIFIED,TIER_X_REJECTED,False,False,False,False,False,False,False,False,False,False
/data/liuyu/outputs/milestone_2h_sustained_proxy_validation_pilot_20260530/runs/libero_object/pilot_cream_sus30_cream_cheese_s0,,CONDITION_UNVERIFIED,TIER_X_REJECTED,False,False,False,False,False,False,False,False,False,False
/data/liuyu/outputs/milestone_2h_sustained_proxy_validation_pilot_20260530/runs/libero_object/pilot_salad_oracle_open_salad_dressing_s2,,CONDITION_UNVERIFIED,TIER_X_REJECTED,False,False,False,False,False,False,False,False,False,False
/data/liuyu/outputs/milestone_2h_sustained_proxy_validation_pilot_20260530/runs/libero_object/pilot_cream_sus30_cream_cheese_s2,,CONDITION_UNVERIFIED,TIER_X_REJECTED,False,False,False,False,False,False,False,False,False,False
/data/liuyu/outputs/milestone_2h_sustained_proxy_validation_pilot_20260530/runs/libero_object/pilot_cream_sus60_cream_cheese_s1,,CONDITION_UNVERIFIED,TIER_X_REJECTED,False,False,False,False,False,False,False,False,False,False
/data/liuyu/outputs/milestone_2h_sustained_proxy_validation_pilot_20260530/runs/libero_object/pilot_tomato_oracle_open_tomato_sauce_s2,,CONDITION_UNVERIFIED,TIER_X_REJECTED,False,False,False,False,False,False,False,False,False,False
/data/liuyu/outputs/milestone_2h_sustained_proxy_validation_pilot_20260530/runs/libero_object/pilot_ketchup_clean_ketchup_s1,,CLEAN,TIER_X_REJECTED,False,False,False,False,False,False,False,False,False,False
/data/liuyu/outputs/milestone_2h_sustained_proxy_validation_pilot_20260530/runs/libero_object/pilot_ketchup_sus30_ketchup_s0,,CONDITION_UNVERIFIED,TIER_X_REJECTED,False,False,False,False,False,False,False,False,False,False
/data/liuyu/outputs/milestone_2h_sustained_proxy_validation_pilot_20260530/runs/libero_object/pilot_cream_clean_cream_cheese_s1,,CLEAN,TIER_X_REJECTED,False,False,False,False,False,False,False,False,False,False
/data/liuyu/outputs/milestone_2h_sustained_proxy_validation_pilot_20260530/runs/libero_object/pilot_ketchup_sus60_ketchup_s2,,CONDITION_UNVERIFIED,TIER_X_REJECTED,False,False,False,False,False,False,False,False,False,False
/data/liuyu/outputs/milestone_2h_sustained_proxy_validation_pilot_20260530/runs/libero_object/pilot_tomato_sus30_tomato_sauce_s2,,CONDITION_UNVERIFIED,TIER_X_REJECTED,False,False,False,False,False,False,False,False,False,False
/data/liuyu/outputs/milestone_2h_sustained_proxy_validation_pilot_20260530/runs/libero_object/pilot_salad_sus30_salad_dressing_s0,,CONDITION_UNVERIFIED,TIER_X_REJECTED,False,False,False,False,False,False,False,False,False,False
/data/liuyu/outputs/milestone_2h_sustained_proxy_validation_pilot_20260530/runs/libero_object/pilot_tomato_sus60_tomato_sauce_s0,,CONDITION_UNVERIFIED,TIER_X_REJECTED,False,False,False,False,False,False,False,False,False,False
/data/liuyu/outputs/milestone_2h_sustained_proxy_validation_pilot_20260530/runs/libero_object/pilot_tomato_clean_tomato_sauce_s1,,CLEAN,TIER_X_REJECTED,False,False,False,False,False,False,False,False,False,False
/data/liuyu/outputs/milestone_2h_sustained_proxy_validation_pilot_20260530/runs/libero_object/pilot_salad_sus60_salad_dressing_s1,,CONDITION_UNVERIFIED,TIER_X_REJECTED,False,False,False,False,False,False,False,False,False,False
/data/liuyu/outputs/milestone_2h_sustained_proxy_validation_pilot_20260530/runs/libero_object/pilot_tomato_oracle_open_tomato_sauce_s1,,CONDITION_UNVERIFIED,TIER_X_REJECTED,False,False,False,False,False,False,False,False,False,False
/data/liuyu/outputs/milestone_2h_sustained_proxy_validation_pilot_20260530/runs/libero_object/pilot_salad_clean_salad_dressing_s0,,CLEAN,TIER_X_REJECTED,False,False,False,False,False,False,False,False,False,False
/data/liuyu/outputs/milestone_2h_sustained_proxy_validation_pilot_20260530/runs/libero_object/pilot_salad_sus60_salad_dressing_s0,,CONDITION_UNVERIFIED,TIER_X_REJECTED,False,False,False,False,False,False,False,False,False,False
/data/liuyu/outputs/milestone_2h_sustained_proxy_validation_pilot_20260530/runs/libero_object/pilot_ketchup_oracle_open_ketchup_s2,,CONDITION_UNVERIFIED,TIER_X_REJECTED,False,False,False,False,False,False,False,False,False,False
/data/liuyu/outputs/milestone_2h_sustained_proxy_validation_pilot_20260530/runs/libero_object/pilot_cream_clean_cream_cheese_s2,,CLEAN,TIER_X_REJECTED,False,False,False,False,False,False,False,False,False,False
/data/liuyu/outputs/milestone_2h_sustained_proxy_validation_pilot_20260530/runs/libero_object/pilot_tomato_clean_tomato_sauce_s2,,CLEAN,TIER_X_REJECTED,False,False,False,False,False,False,False,False,False,False
/data/liuyu/outputs/milestone_2h_sustained_proxy_validation_pilot_20260530/runs/libero_object/pilot_salad_sus30_salad_dressing_s1,,CONDITION_UNVERIFIED,TIER_X_REJECTED,False,False,False,False,False,False,False,False,False,False
/data/liuyu/outputs/milestone_2h_sustained_proxy_validation_pilot_20260530/runs/libero_object/pilot_ketchup_sus60_ketchup_s0,,CONDITION_UNVERIFIED,TIER_X_REJECTED,False,False,False,False,False,False,False,False,False,False
/data/liuyu/outputs/milestone_2h_sustained_proxy_validation_pilot_20260530/runs/libero_object/pilot_ketchup_sus30_ketchup_s1,,CONDITION_UNVERIFIED,TIER_X_REJECTED,False,False,False,False,False,False,False,False,False,False
/data/liuyu/outputs/milestone_2h_sustained_proxy_validation_pilot_20260530/runs/libero_object/pilot_tomato_clean_tomato_sauce_s0,,CLEAN,TIER_X_REJECTED,False,False,False,False,False,False,False,False,False,False
/data/liuyu/outputs/milestone_2h_sustained_proxy_validation_pilot_20260530/runs/libero_object/pilot_cream_sus60_cream_cheese_s0,,CONDITION_UNVERIFIED,TIER_X_REJECTED,False,False,False,False,False,False,False,False,False,False
/data/liuyu/outputs/milestone_2h_sustained_proxy_validation_pilot_20260530/runs/libero_object/pilot_tomato_sus60_tomato_sauce_s2,,CONDITION_UNVERIFIED,TIER_X_REJECTED,False,False,False,False,False,False,False,False,False,False
/data/liuyu/outputs/milestone_2h_sustained_proxy_validation_pilot_20260530/runs/libero_object/pilot_tomato_sus30_tomato_sauce_s1,,CONDITION_UNVERIFIED,TIER_X_REJECTED,False,False,False,False,False,False,False,False,False,False
/data/liuyu/outputs/milestone_2h_sustained_proxy_validation_pilot_20260530/runs/libero_object/pilot_salad_clean_salad_dressing_s2,,CLEAN,TIER_X_REJECTED,False,False,False,False,False,False,False,False,False,False
/data/liuyu/outputs/milestone_2h_sustained_proxy_validation_pilot_20260530/runs/libero_object/pilot_cream_sus30_cream_cheese_s1,,CONDITION_UNVERIFIED,TIER_X_REJECTED,False,False,False,False,False,False,False,False,False,False
/data/liuyu/outputs/milestone_2h_sustained_proxy_validation_pilot_20260530/runs/libero_object/pilot_ketchup_oracle_open_ketchup_s0,,CONDITION_UNVERIFIED,TIER_X_REJECTED,False,False,False,False,False,False,False,False,False,False
/data/liuyu/outputs/milestone_2h_sustained_proxy_validation_pilot_20260530/runs/libero_object/pilot_salad_oracle_open_salad_dressing_s1,,CONDITION_UNVERIFIED,TIER_X_REJECTED,False,False,False,False,False,False,False,False,False,False
/data/liuyu/outputs/milestone_2h_sustained_proxy_validation_pilot_20260530/runs/libero_object/pilot_salad_clean_salad_dressing_s1,,CLEAN,TIER_X_REJECTED,False,False,False,False,False,False,False,False,False,False
/data/liuyu/outputs/milestone_2h_sustained_proxy_validation_pilot_20260530/runs/libero_object/pilot_cream_clean_cream_cheese_s0,,CLEAN,TIER_X_REJECTED,False,False,False,False,False,False,False,False,False,False
/data/liuyu/outputs/milestone_2h_sustained_proxy_validation_pilot_20260530/runs/libero_object/pilot_cream_oracle_open_cream_cheese_s0,,CONDITION_UNVERIFIED,TIER_X_REJECTED,False,False,False,False,False,False,False,False,False,False
/data/liuyu/outputs/milestone_2h_sustained_proxy_validation_pilot_20260530/runs/libero_object/pilot_salad_sus30_salad_dressing_s2,,CONDITION_UNVERIFIED,TIER_X_REJECTED,False,False,False,False,False,False,False,False,False,False
/data/liuyu/outputs/milestone_2h_sustained_proxy_validation_pilot_20260530/runs/libero_object/pilot_ketchup_clean_ketchup_s0,,CLEAN,TIER_X_REJECTED,False,False,False,False,False,False,False,False,False,False
/data/liuyu/outputs/milestone_2h_sustained_proxy_validation_pilot_20260530/runs/libero_object/pilot_ketchup_clean_ketchup_s2,,CLEAN,TIER_X_REJECTED,False,False,False,False,False,False,False,False,False,False
/data/liuyu/outputs/milestone_2h_sustained_proxy_validation_pilot_20260530/runs/libero_object/pilot_cream_sus60_cream_cheese_s2,,CONDITION_UNVERIFIED,TIER_X_REJECTED,False,False,False,False,False,False,False,False,False,False
/data/liuyu/outputs/milestone_2h_sustained_proxy_validation_pilot_20260530/runs/libero_object/pilot_salad_sus60_salad_dressing_s2,,CONDITION_UNVERIFIED,TIER_X_REJECTED,False,False,False,False,False,False,False,False,False,False
/data/liuyu/outputs/milestone_2h_sustained_proxy_validation_pilot_20260530/runs/libero_object/pilot_cream_oracle_open_cream_cheese_s1,,CONDITION_UNVERIFIED,TIER_X_REJECTED,False,False,False,False,False,False,False,False,False,False
/data/liuyu/outputs/milestone_2h_sustained_proxy_validation_pilot_20260530/runs/libero_object/pilot_ketchup_sus60_ketchup_s1,,CONDITION_UNVERIFIED,TIER_X_REJECTED,False,False,False,False,False,False,False,False,False,False
/data/liuyu/outputs/milestone_2h_sustained_proxy_validation_pilot_20260530/runs/libero_object/pilot_tomato_oracle_open_tomato_sauce_s0,,CONDITION_UNVERIFIED,TIER_X_REJECTED,False,False,False,False,False,False,False,False,False,False
/data/liuyu/outputs/milestone_2h_sustained_proxy_validation_pilot_20260530/runs/libero_object/pilot_tomato_sus60_tomato_sauce_s1,,CONDITION_UNVERIFIED,TIER_X_REJECTED,False,False,False,False,False,False,False,False,False,False
/data/liuyu/outputs/milestone_2h_sustained_proxy_validation_pilot_20260530/runs/libero_object/pilot_tomato_sus30_tomato_sauce_s0,,CONDITION_UNVERIFIED,TIER_X_REJECTED,False,False,False,False,False,False,False,False,False,False
/data/liuyu/outputs/vis_to_gripper_debug_bowl_plate_20260522/runs/visdebug_bowlplate_earlier_long_window_command_open_strength_0.50,libero_goal,NON_CLEAN_OR_ATTACK,TIER_X_REJECTED,False,False,False,False,False,False,False,False,False,False
/data/liuyu/outputs/vis_to_gripper_debug_bowl_plate_20260522/runs/visdebug_bowlplate_earlier_long_window_command_open_strength_0.75,libero_goal,NON_CLEAN_OR_ATTACK,TIER_X_REJECTED,False,False,False,False,False,False,False,False,False,False
/data/liuyu/outputs/vis_to_gripper_debug_bowl_plate_20260522/runs/visdebug_bowlplate_base_window_command_open_strength_0.50,libero_goal,NON_CLEAN_OR_ATTACK,TIER_X_REJECTED,False,False,False,False,False,False,False,False,False,False
/data/liuyu/outputs/vis_to_gripper_debug_bowl_plate_20260522/runs/visdebug_bowlplate_base_window_command_open_strength_0.75,libero_goal,NON_CLEAN_OR_ATTACK,TIER_X_REJECTED,False,False,False,False,False,False,False,False,False,False
/data/liuyu/outputs/vis_to_gripper_debug_bowl_plate_20260522/runs/visdebug_bowlplate_earlier_long_window_clean_repeat,libero_goal,CLEAN,TIER_X_REJECTED,False,False,False,False,False,False,False,False,False,False
/data/liuyu/outputs/vis_to_gripper_debug_bowl_plate_20260522/runs/visdebug_bowlplate_earlier_long_window_command_open_strength_0.25,libero_goal,NON_CLEAN_OR_ATTACK,TIER_X_REJECTED,False,False,False,False,False,False,False,False,False,False
/data/liuyu/outputs/vis_to_gripper_debug_bowl_plate_20260522/runs/visdebug_bowlplate_base_window_command_open_strength_1.00,libero_goal,NON_CLEAN_OR_ATTACK,TIER_X_REJECTED,False,False,False,False,False,False,False,False,False,False
/data/liuyu/outputs/vis_to_gripper_debug_bowl_plate_20260522/runs/visdebug_bowlplate_base_window_command_open_strength_0.25,libero_goal,NON_CLEAN_OR_ATTACK,TIER_X_REJECTED,False,False,False,False,False,False,False,False,False,False
/data/liuyu/outputs/vis_to_gripper_debug_bowl_plate_20260522/runs/visdebug_bowlplate_base_window_clean_repeat,libero_goal,CLEAN,TIER_X_REJECTED,False,False,False,False,False,False,False,False,False,False
/data/liuyu/outputs/vis_to_gripper_debug_bowl_plate_20260522/runs/visdebug_bowlplate_earlier_long_window_command_open_strength_1.00,libero_goal,NON_CLEAN_OR_ATTACK,TIER_X_REJECTED,False,False,False,False,False,False,False,False,False,False
/data/liuyu/outputs/l12_sidecar_smoke/butter_s2_shadow_attempt1,,CONDITION_UNVERIFIED,TIER_X_REJECTED,False,False,False,False,False,False,False,False,False,False
/data/liuyu/outputs/l12_sidecar_smoke/alphabet_soup_s2_reference_attempt1,,CONDITION_UNVERIFIED,TIER_X_REJECTED,False,False,False,False,False,False,False,False,False,False
/data/liuyu/outputs/l12_sidecar_smoke/bbq_sauce_s27_shadow_attempt1,,CONDITION_UNVERIFIED,TIER_X_REJECTED,False,False,False,False,False,False,False,False,False,False
/data/liuyu/outputs/l12_sidecar_smoke/orange_juice_s8_reference_attempt1,,CONDITION_UNVERIFIED,TIER_X_REJECTED,False,False,False,False,False,False,False,False,False,False
/data/liuyu/outputs/l12_sidecar_smoke/tomato_sauce_s2_shadow_attempt1,,CONDITION_UNVERIFIED,TIER_X_REJECTED,False,False,False,False,False,False,False,False,False,False
/data/liuyu/outputs/l12_sidecar_smoke/orange_juice_s8_shadow_attempt1,,CONDITION_UNVERIFIED,TIER_X_REJECTED,False,False,False,False,False,False,False,False,False,False
/data/liuyu/outputs/l12_sidecar_smoke/alphabet_soup_s2_shadow_attempt1,,CONDITION_UNVERIFIED,TIER_X_REJECTED,False,False,False,False,False,False,False,False,False,False
/data/liuyu/outputs/l12_sidecar_smoke/tomato_sauce_s2_reference_attempt1,,CONDITION_UNVERIFIED,TIER_X_REJECTED,False,False,False,False,False,False,False,False,False,False
/data/liuyu/outputs/l12_sidecar_smoke/butter_s2_reference_attempt1,,CONDITION_UNVERIFIED,TIER_X_REJECTED,False,False,False,False,False,False,False,False,False,False
/data/liuyu/outputs/l12_sidecar_smoke/bbq_sauce_s27_reference_attempt1,,CONDITION_UNVERIFIED,TIER_X_REJECTED,False,False,False,False,False,False,False,False,False,False
/data/liuyu/outputs/d4_3a_canary_e70507f_cleanroot_r1/salad_dressing_s19_shadow_attempt1,,CLEAN,TIER_X_REJECTED,False,False,False,False,False,False,False,False,False,False
/data/liuyu/outputs/d4_3a_canary_e70507f_cleanroot_r1/tomato_sauce_s6_shadow_attempt1,,CLEAN,TIER_X_REJECTED,False,False,False,False,False,False,False,False,False,False
/data/liuyu/outputs/d4_3a_canary_e70507f_cleanroot_r1/salad_dressing_s19_reference_attempt1,,CLEAN,TIER_X_REJECTED,False,False,False,False,False,False,False,False,False,False
/data/liuyu/outputs/d4_3a_canary_e70507f_cleanroot_r1/milk_s23_reference_attempt1,,CLEAN,TIER_X_REJECTED,False,False,False,False,False,False,False,False,False,False
/data/liuyu/outputs/d4_3a_canary_e70507f_cleanroot_r1/milk_s23_shadow_attempt1,,CLEAN,TIER_X_REJECTED,False,False,False,False,False,False,False,False,False,False
/data/liuyu/outputs/d4_3a_canary_e70507f_cleanroot_r1/tomato_sauce_s6_reference_attempt1,,CLEAN,TIER_X_REJECTED,False,False,False,False,False,False,False,False,False,False
/data/liuyu/outputs/d4_3a_canary_e70507f_cleanroot_r1/bbq_sauce_s36_shadow_attempt1,,CLEAN,TIER_X_REJECTED,False,False,False,False,False,False,False,False,False,False
/data/liuyu/outputs/d4_3a_canary_e70507f_cleanroot_r1/bbq_sauce_s36_reference_attempt1,,CLEAN,TIER_X_REJECTED,False,False,False,False,False,False,False,False,False,False
/data/liuyu/outputs/bowl_plate_state_specific_autowindow_gated_diag_20260522/runs/bowl_plate_state4_VIS_current_same_window,libero_goal,NON_CLEAN_OR_ATTACK,TIER_X_REJECTED,False,False,False,False,False,False,False,False,False,False
/data/liuyu/outputs/bowl_plate_state_specific_autowindow_gated_diag_20260522/runs/bowl_plate_state5_VIS_current_same_window,libero_goal,NON_CLEAN_OR_ATTACK,TIER_X_REJECTED,False,False,False,False,False,False,False,False,False,False
/data/liuyu/outputs/bowl_plate_state_specific_autowindow_gated_diag_20260522/runs/bowl_plate_state9_clean_repeat,libero_goal,CLEAN,TIER_X_REJECTED,False,False,False,False,False,False,False,False,False,False
/data/liuyu/outputs/bowl_plate_state_specific_autowindow_gated_diag_20260522/runs/bowl_plate_state5_random_same_window,libero_goal,NON_CLEAN_OR_ATTACK,TIER_X_REJECTED,False,False,False,False,False,False,False,False,False,False
/data/liuyu/outputs/bowl_plate_state_specific_autowindow_gated_diag_20260522/runs/bowl_plate_state9_random_same_window,libero_goal,NON_CLEAN_OR_ATTACK,TIER_X_REJECTED,False,False,False,False,False,False,False,False,False,False
/data/liuyu/outputs/bowl_plate_state_specific_autowindow_gated_diag_20260522/runs/bowl_plate_state4_clean_repeat,libero_goal,CLEAN,TIER_X_REJECTED,False,False,False,False,False,False,False,False,False,False
/data/liuyu/outputs/bowl_plate_state_specific_autowindow_gated_diag_20260522/runs/bowl_plate_state3_command_open_0.75_same_window,libero_goal,CONDITION_UNVERIFIED,TIER_X_REJECTED,False,False,False,False,False,False,False,False,False,False
/data/liuyu/outputs/bowl_plate_state_specific_autowindow_gated_diag_20260522/runs/bowl_plate_state4_best_VIS_gripper_targeted_stronger_same_window,libero_goal,NON_CLEAN_OR_ATTACK,TIER_X_REJECTED,False,False,False,False,False,False,False,False,False,False
/data/liuyu/outputs/bowl_plate_state_specific_autowindow_gated_diag_20260522/runs/bowl_plate_state9_best_VIS_gripper_targeted_stronger_same_window,libero_goal,NON_CLEAN_OR_ATTACK,TIER_X_REJECTED,False,False,False,False,False,False,False,False,False,False
/data/liuyu/outputs/bowl_plate_state_specific_autowindow_gated_diag_20260522/runs/bowl_plate_state4_VIS_gripper_open_region_ce_same_window,libero_goal,NON_CLEAN_OR_ATTACK,TIER_X_REJECTED,False,False,False,False,False,False,False,False,False,False
/data/liuyu/outputs/bowl_plate_state_specific_autowindow_gated_diag_20260522/runs/bowl_plate_state4_command_open_0.75_same_window,libero_goal,CONDITION_UNVERIFIED,TIER_X_REJECTED,False,False,False,False,False,False,False,False,False,False
/data/liuyu/outputs/bowl_plate_state_specific_autowindow_gated_diag_20260522/runs/bowl_plate_state8_command_open_0.75_same_window,libero_goal,CONDITION_UNVERIFIED,TIER_X_REJECTED,False,False,False,False,False,False,False,False,False,False
/data/liuyu/outputs/bowl_plate_state_specific_autowindow_gated_diag_20260522/runs/bowl_plate_state9_VIS_current_same_window,libero_goal,NON_CLEAN_OR_ATTACK,TIER_X_REJECTED,False,False,False,False,False,False,False,False,False,False
/data/liuyu/outputs/bowl_plate_state_specific_autowindow_gated_diag_20260522/runs/bowl_plate_state3_random_same_window,libero_goal,NON_CLEAN_OR_ATTACK,TIER_X_REJECTED,False,False,False,False,False,False,False,False,False,False
/data/liuyu/outputs/bowl_plate_state_specific_autowindow_gated_diag_20260522/runs/bowl_plate_state5_clean_repeat,libero_goal,CLEAN,TIER_X_REJECTED,False,False,False,False,False,False,False,False,False,False
/data/liuyu/outputs/bowl_plate_state_specific_autowindow_gated_diag_20260522/runs/bowl_plate_state3_clean_repeat,libero_goal,CLEAN,TIER_X_REJECTED,False,False,False,False,False,False,False,False,False,False
/data/liuyu/outputs/bowl_plate_state_specific_autowindow_gated_diag_20260522/runs/bowl_plate_state7_random_same_window,libero_goal,NON_CLEAN_OR_ATTACK,TIER_X_REJECTED,False,False,False,False,False,False,False,False,False,False
/data/liuyu/outputs/bowl_plate_state_specific_autowindow_gated_diag_20260522/runs/bowl_plate_state9_command_open_0.75_same_window,libero_goal,CONDITION_UNVERIFIED,TIER_X_REJECTED,False,False,False,False,False,False,False,False,False,False
/data/liuyu/outputs/bowl_plate_state_specific_autowindow_gated_diag_20260522/runs/bowl_plate_state8_clean_repeat,libero_goal,CLEAN,TIER_X_REJECTED,False,False,False,False,False,False,False,False,False,False
/data/liuyu/outputs/bowl_plate_state_specific_autowindow_gated_diag_20260522/runs/bowl_plate_state4_random_same_window,libero_goal,NON_CLEAN_OR_ATTACK,TIER_X_REJECTED,False,False,False,False,False,False,False,False,False,False
/data/liuyu/outputs/bowl_plate_state_specific_autowindow_gated_diag_20260522/runs/bowl_plate_state5_command_open_0.75_same_window,libero_goal,CONDITION_UNVERIFIED,TIER_X_REJECTED,False,False,False,False,False,False,False,False,False,False
/data/liuyu/outputs/bowl_plate_state_specific_autowindow_gated_diag_20260522/runs/bowl_plate_state5_best_VIS_gripper_targeted_stronger_same_window,libero_goal,NON_CLEAN_OR_ATTACK,TIER_X_REJECTED,False,False,False,False,False,False,False,False,False,False
/data/liuyu/outputs/bowl_plate_state_specific_autowindow_gated_diag_20260522/runs/bowl_plate_state7_command_open_0.75_same_window,libero_goal,CONDITION_UNVERIFIED,TIER_X_REJECTED,False,False,False,False,False,False,False,False,False,False
/data/liuyu/outputs/bowl_plate_state_specific_autowindow_gated_diag_20260522/runs/bowl_plate_state9_VIS_gripper_open_region_ce_same_window,libero_goal,NON_CLEAN_OR_ATTACK,TIER_X_REJECTED,False,False,False,False,False,False,False,False,False,False
/data/liuyu/outputs/bowl_plate_state_specific_autowindow_gated_diag_20260522/runs/bowl_plate_state5_VIS_gripper_open_region_ce_same_window,libero_goal,NON_CLEAN_OR_ATTACK,TIER_X_REJECTED,False,False,False,False,False,False,False,False,False,False
/data/liuyu/outputs/bowl_plate_state_specific_autowindow_gated_diag_20260522/runs/bowl_plate_state8_random_same_window,libero_goal,NON_CLEAN_OR_ATTACK,TIER_X_REJECTED,False,False,False,False,False,False,False,False,False,False
/data/liuyu/outputs/bowl_plate_state_specific_autowindow_gated_diag_20260522/runs/bowl_plate_state7_clean_repeat,libero_goal,CLEAN,TIER_X_REJECTED,False,False,False,False,False,False,False,False,False,False
/data/liuyu/outputs/libero_primary4_mechanism_diagnostic_20260522/runs/diag_primary4_goal_open_the_top_drawer_and_put_the_bowl_inside_state0_viscurrent,libero_goal,NON_CLEAN_OR_ATTACK,TIER_X_REJECTED,False,False,False,False,False,False,False,False,False,False
/data/liuyu/outputs/libero_primary4_mechanism_diagnostic_20260522/runs/diag_primary4_goal_open_the_top_drawer_and_put_the_bowl_inside_state0_randomwin,libero_goal,NON_CLEAN_OR_ATTACK,TIER_X_REJECTED,False,False,False,False,False,False,False,False,False,False
/data/liuyu/outputs/libero_primary4_mechanism_diagnostic_20260522/runs/diag_primary4_goal_put_the_bowl_on_the_plate_state0_visstrong,libero_goal,NON_CLEAN_OR_ATTACK,TIER_X_REJECTED,False,False,False,False,False,False,False,False,False,False
/data/liuyu/outputs/libero_primary4_mechanism_diagnostic_20260522/runs/diag_primary4_goal_put_the_bowl_on_the_plate_state0_randomwin,libero_goal,NON_CLEAN_OR_ATTACK,TIER_X_REJECTED,False,False,False,False,False,False,False,False,False,False
/data/liuyu/outputs/libero_primary4_mechanism_diagnostic_20260522/runs/diag_primary4_l10_kitchen_scene8_put_both_moka_pots_on_the_stove_state0_viscurrent,libero_10,NON_CLEAN_OR_ATTACK,TIER_X_REJECTED,False,False,False,False,False,False,False,False,False,False
/data/liuyu/outputs/libero_primary4_mechanism_diagnostic_20260522/runs/diag_primary4_l10_kitchen_scene8_put_both_moka_pots_on_the_stove_state0_cleanrepeat,libero_10,CLEAN,TIER_X_REJECTED,False,False,False,False,False,False,False,False,False,False
/data/liuyu/outputs/libero_primary4_mechanism_diagnostic_20260522/runs/diag_primary4_goal_open_the_top_drawer_and_put_the_bowl_inside_state0_visstrong,libero_goal,NON_CLEAN_OR_ATTACK,TIER_X_REJECTED,False,False,False,False,False,False,False,False,False,False
/data/liuyu/outputs/libero_primary4_mechanism_diagnostic_20260522/runs/diag_primary4_l10_kitchen_scene8_put_both_moka_pots_on_the_stove_state0_cmdopenub,libero_10,CONDITION_UNVERIFIED,TIER_X_REJECTED,False,False,False,False,False,False,False,False,False,False
/data/liuyu/outputs/libero_primary4_mechanism_diagnostic_20260522/runs/diag_primary4_goal_open_the_top_drawer_and_put_the_bowl_inside_state0_cmdopenub,libero_goal,CONDITION_UNVERIFIED,TIER_X_REJECTED,False,False,False,False,False,False,False,False,False,False
/data/liuyu/outputs/libero_primary4_mechanism_diagnostic_20260522/runs/diag_primary4_goal_open_the_top_drawer_and_put_the_bowl_inside_state0_cleanrepeat,libero_goal,CLEAN,TIER_X_REJECTED,False,False,False,False,False,False,False,False,False,False
/data/liuyu/outputs/libero_primary4_mechanism_diagnostic_20260522/runs/diag_primary4_goal_put_the_bowl_on_the_plate_state0_cleanrepeat,libero_goal,CLEAN,TIER_X_REJECTED,False,False,False,False,False,False,False,False,False,False
/data/liuyu/outputs/libero_primary4_mechanism_diagnostic_20260522/runs/diag_primary4_goal_put_the_bowl_on_the_plate_state0_viscurrent,libero_goal,NON_CLEAN_OR_ATTACK,TIER_X_REJECTED,False,False,False,False,False,False,False,False,False,False
/data/liuyu/outputs/libero_primary4_mechanism_diagnostic_20260522/runs/diag_primary4_goal_put_the_bowl_on_the_plate_state0_cmdopenub,libero_goal,CONDITION_UNVERIFIED,TIER_X_REJECTED,False,False,False,False,False,False,False,False,False,False
/data/liuyu/outputs/libero_primary4_mechanism_diagnostic_20260522/runs/diag_primary4_l10_kitchen_scene8_put_both_moka_pots_on_the_stove_state0_randomwin,libero_10,NON_CLEAN_OR_ATTACK,TIER_X_REJECTED,False,False,False,False,False,False,False,False,False,False
/data/liuyu/outputs/libero_primary4_mechanism_diagnostic_20260522/runs/diag_primary4_l10_kitchen_scene8_put_both_moka_pots_on_the_stove_state0_visstrong,libero_10,NON_CLEAN_OR_ATTACK,TIER_X_REJECTED,False,False,False,False,False,False,False,False,False,False
/data/liuyu/outputs/moka_first_pot_oracle_probe_20260512/moka_oracle_s1s2_w790_800_v3,libero_10,CONDITION_UNVERIFIED,TIER_X_REJECTED,False,False,False,False,False,False,False,False,False,False
/data/liuyu/outputs/moka_first_pot_oracle_probe_20260512/moka_oracle_state1_seed1_w790_805,libero_10,CONDITION_UNVERIFIED,TIER_X_REJECTED,False,False,False,False,False,False,False,False,False,False
/data/liuyu/outputs/moka_first_pot_oracle_probe_20260512/moka_oracle_state1_seed2_w790_800,libero_10,CONDITION_UNVERIFIED,TIER_X_REJECTED,False,False,False,False,False,False,False,False,False,False
/data/liuyu/outputs/moka_first_pot_oracle_probe_20260512/moka_clean_state1_seed2_fresh,libero_10,CLEAN,TIER_X_REJECTED,False,False,False,False,False,False,False,False,False,False
/data/liuyu/outputs/moka_first_pot_oracle_probe_20260512/moka_oracle_state1_seed2_w780_805,libero_10,CONDITION_UNVERIFIED,TIER_X_REJECTED,False,False,False,False,False,False,False,False,False,False
/data/liuyu/outputs/moka_first_pot_oracle_probe_20260512/moka_oracle_state1_seed2_w790_800_v2,libero_10,CONDITION_UNVERIFIED,TIER_X_REJECTED,False,False,False,False,False,False,False,False,False,False
/data/liuyu/outputs/moka_first_pot_oracle_probe_20260512/moka_oracle_state1_seed2_w798_809,libero_10,CONDITION_UNVERIFIED,TIER_X_REJECTED,False,False,False,False,False,False,False,False,False,False
/data/liuyu/outputs/moka_first_pot_oracle_probe_20260512/moka_oracle_state1_seed2_w790_805,libero_10,CONDITION_UNVERIFIED,TIER_X_REJECTED,False,False,False,False,False,False,False,False,False,False
/data/liuyu/outputs/rollout_e2e_s0,,TRUE_T10,TIER_X_REJECTED,False,False,False,False,False,False,False,False,False,False
/data/liuyu/outputs/blackbowl_repro_confirm_20260512/black_bowl_state7_seed1_clean,libero_spatial,CLEAN,TIER_X_REJECTED,False,False,False,False,False,False,False,False,False,False
/data/liuyu/outputs/blackbowl_repro_confirm_20260512/black_bowl_state7_seed1_vis_margin_prevdelta,libero_spatial,NON_CLEAN_OR_ATTACK,TIER_X_REJECTED,False,False,False,False,False,False,False,False,False,False
/data/liuyu/outputs/phase3_moka_s4_confirmatory_repeats_20260524/runs/moka_s4_r2_clean,libero_10,CLEAN,TIER_X_REJECTED,False,False,False,False,False,False,False,False,False,False
/data/liuyu/outputs/phase3_moka_s4_confirmatory_repeats_20260524/runs/moka_s4_r4_clean,libero_10,CLEAN,TIER_X_REJECTED,False,False,False,False,False,False,False,False,False,False
/data/liuyu/outputs/phase3_moka_s4_confirmatory_repeats_20260524/runs/moka_s4_r3_targeted,libero_10,CONDITION_UNVERIFIED,TIER_X_REJECTED,False,False,False,False,False,False,False,False,False,False
/data/liuyu/outputs/phase3_moka_s4_confirmatory_repeats_20260524/runs/moka_s4_r3_VIS_current,libero_10,NON_CLEAN_OR_ATTACK,TIER_X_REJECTED,False,False,False,False,False,False,False,False,False,False
/data/liuyu/outputs/phase3_moka_s4_confirmatory_repeats_20260524/runs/moka_s4_r3_random,libero_10,NON_CLEAN_OR_ATTACK,TIER_X_REJECTED,False,False,False,False,False,False,False,False,False,False
/data/liuyu/outputs/phase3_moka_s4_confirmatory_repeats_20260524/runs/moka_s4_r4_random,libero_10,NON_CLEAN_OR_ATTACK,TIER_X_REJECTED,False,False,False,False,False,False,False,False,False,False
/data/liuyu/outputs/phase3_moka_s4_confirmatory_repeats_20260524/runs/moka_s4_r3_cmdopen_neg075,libero_10,CONDITION_UNVERIFIED,TIER_X_REJECTED,False,False,False,False,False,False,False,False,False,False
/data/liuyu/outputs/phase3_moka_s4_confirmatory_repeats_20260524/runs/moka_s4_r2_targeted,libero_10,CONDITION_UNVERIFIED,TIER_X_REJECTED,False,False,False,False,False,False,False,False,False,False
/data/liuyu/outputs/phase3_moka_s4_confirmatory_repeats_20260524/runs/moka_s4_r3_clean,libero_10,CLEAN,TIER_X_REJECTED,False,False,False,False,False,False,False,False,False,False
/data/liuyu/outputs/phase3_moka_s4_confirmatory_repeats_20260524/runs/moka_s4_r4_VIS_current,libero_10,NON_CLEAN_OR_ATTACK,TIER_X_REJECTED,False,False,False,False,False,False,False,False,False,False
/data/liuyu/outputs/phase3_moka_s4_confirmatory_repeats_20260524/runs/moka_s4_r2_random,libero_10,NON_CLEAN_OR_ATTACK,TIER_X_REJECTED,False,False,False,False,False,False,False,False,False,False
/data/liuyu/outputs/phase3_moka_s4_confirmatory_repeats_20260524/runs/moka_s4_r2_cmdopen_neg075,libero_10,CONDITION_UNVERIFIED,TIER_X_REJECTED,False,False,False,False,False,False,False,False,False,False
/data/liuyu/outputs/phase3_moka_s4_confirmatory_repeats_20260524/runs/moka_s4_r4_targeted,libero_10,CONDITION_UNVERIFIED,TIER_X_REJECTED,False,False,False,False,False,False,False,False,False,False
/data/liuyu/outputs/phase3_moka_s4_confirmatory_repeats_20260524/runs/moka_s4_r4_cmdopen_neg075,libero_10,CONDITION_UNVERIFIED,TIER_X_REJECTED,False,False,False,False,False,False,False,False,False,False
/data/liuyu/outputs/phase3_moka_s4_confirmatory_repeats_20260524/runs/moka_s4_r2_VIS_current,libero_10,NON_CLEAN_OR_ATTACK,TIER_X_REJECTED,False,False,False,False,False,False,False,False,False,False
/data/liuyu/outputs/cohort_ketchup_g3_r1/seed81_TRUE,,TRUE,TIER_X_REJECTED,False,False,False,False,False,False,False,False,False,False
/data/liuyu/outputs/cohort_ketchup_g3_r1/seed81_RAND,,RAND,TIER_X_REJECTED,False,False,False,False,False,False,False,False,False,False
/data/liuyu/outputs/cohort_ketchup_g3_r1/seed81_SHUFFLED,,SHUFFLED,TIER_X_REJECTED,False,False,False,False,False,False,False,False,False,False
/data/liuyu/outputs/cohort_ketchup_g3_r1/seed81_CLEAN,,CLEAN,TIER_D_LEGACY_REFERENCE_ONLY,False,False,False,False,False,False,False,False,False,False
/data/liuyu/outputs/d5_120_privileged_capture/alphabet_soup_s22_shadow_attempt1,,CONDITION_UNVERIFIED,TIER_X_REJECTED,False,False,False,False,False,False,False,False,False,False
/data/liuyu/outputs/d5_120_privileged_capture/alphabet_soup_s18_shadow_attempt1,,CONDITION_UNVERIFIED,TIER_X_REJECTED,False,False,False,False,False,False,False,False,False,False
/data/liuyu/outputs/d5_120_privileged_capture/alphabet_soup_s40_shadow_attempt1,,CONDITION_UNVERIFIED,TIER_X_REJECTED,False,False,False,False,False,False,False,False,False,False
/data/liuyu/outputs/d5_120_privileged_capture/alphabet_soup_s15_shadow_attempt1,,CONDITION_UNVERIFIED,TIER_X_REJECTED,False,False,False,False,False,False,False,False,False,False
/data/liuyu/outputs/d5_120_privileged_capture/alphabet_soup_s2_shadow_attempt1,,CONDITION_UNVERIFIED,TIER_X_REJECTED,False,False,False,False,False,False,False,False,False,False
/data/liuyu/outputs/d5_120_privileged_capture/alphabet_soup_s17_shadow_attempt1,,CONDITION_UNVERIFIED,TIER_X_REJECTED,False,False,False,False,False,False,False,False,False,False
/data/liuyu/outputs/d5_120_privileged_capture/alphabet_soup_s14_shadow_attempt1,,CONDITION_UNVERIFIED,TIER_X_REJECTED,False,False,False,False,False,False,False,False,False,False
/data/liuyu/outputs/d5_120_privileged_capture/alphabet_soup_s44_shadow_attempt1,,CONDITION_UNVERIFIED,TIER_X_REJECTED,False,False,False,False,False,False,False,False,False,False
/data/liuyu/outputs/d5_120_privileged_capture/alphabet_soup_s35_shadow_attempt1,,CONDITION_UNVERIFIED,TIER_X_REJECTED,False,False,False,False,False,False,False,False,False,False
/data/liuyu/outputs/d5_120_privileged_capture/alphabet_soup_s13_shadow_attempt1,,CONDITION_UNVERIFIED,TIER_X_REJECTED,False,False,False,False,False,False,False,False,False,False
/data/liuyu/outputs/d5_120_privileged_capture/alphabet_soup_s20_shadow_attempt1,,CONDITION_UNVERIFIED,TIER_X_REJECTED,False,False,False,False,False,False,False,False,False,False
/data/liuyu/outputs/l3_d5_vis_temporal_r1/smoke_clean,,CLEAN_D5,TIER_X_REJECTED,False,False,False,False,False,False,False,False,False,False
/data/liuyu/outputs/l3_d5_vis_temporal_r1/seed81/TRUE_TEMPORAL_K10,,TRUE_TEMPORAL_K10,TIER_X_REJECTED,False,False,False,False,False,False,False,False,False,False
/data/liuyu/outputs/l3_d5_vis_temporal_r1/seed81/RAND_TEMPORAL_K10,,RAND_TEMPORAL_K10,TIER_X_REJECTED,False,False,False,False,False,False,False,False,False,False
/data/liuyu/outputs/l3_d5_vis_temporal_r1/seed81/TRUE_SINGLE,,TRUE_SINGLE,TIER_X_REJECTED,False,False,False,False,False,False,False,False,False,False
/data/liuyu/outputs/l3_d5_vis_temporal_r1/seed81/CLEAN_D5,,CLEAN_D5,TIER_X_REJECTED,False,False,False,False,False,False,False,False,False,False
/data/liuyu/outputs/l3_d5_vis_temporal_r1/seed81/SHUFFLED_TEMPORAL_K10,,SHUFFLED_TEMPORAL_K10,TIER_X_REJECTED,False,False,False,False,False,False,False,False,False,False
/data/liuyu/outputs/l3_d5_vis_temporal_r1/seed82/TRUE_TEMPORAL_K10,,TRUE_TEMPORAL_K10,TIER_X_REJECTED,False,False,False,False,False,False,False,False,False,False
/data/liuyu/outputs/l3_d5_vis_temporal_r1/seed82/RAND_TEMPORAL_K10,,RAND_TEMPORAL_K10,TIER_X_REJECTED,False,False,False,False,False,False,False,False,False,False
/data/liuyu/outputs/l3_d5_vis_temporal_r1/seed82/TRUE_SINGLE,,TRUE_SINGLE,TIER_X_REJECTED,False,False,False,False,False,False,False,False,False,False
/data/liuyu/outputs/l3_d5_vis_temporal_r1/seed82/CLEAN_D5,,CLEAN_D5,TIER_X_REJECTED,False,False,False,False,False,False,False,False,False,False
/data/liuyu/outputs/l3_d5_vis_temporal_r1/seed82/SHUFFLED_TEMPORAL_K10,,SHUFFLED_TEMPORAL_K10,TIER_X_REJECTED,False,False,False,False,False,False,False,False,False,False
/data/liuyu/outputs/l3_d5_vis_temporal_r1/parity_gpu26_clean,,CLEAN_D5,TIER_X_REJECTED,False,False,False,False,False,False,False,False,False,False
/data/liuyu/outputs/l3_d5_vis_temporal_r1/parity_gpu15_clean,,CLEAN_D5,TIER_X_REJECTED,False,False,False,False,False,False,False,False,False,False
/data/liuyu/outputs/g5_final_regression/alphabet_soup_s2_reference_attempt1,,CONDITION_UNVERIFIED,TIER_X_REJECTED,False,False,False,False,False,False,False,False,False,False
/data/liuyu/outputs/g5_final_regression/alphabet_soup_s2_shadow_attempt1,,CONDITION_UNVERIFIED,TIER_X_REJECTED,False,False,False,False,False,False,False,False,False,False
/data/liuyu/outputs/milestone_2e4_parser_micro_smoke_20260527/runs/libero_10/LIVING_ROOM_SCENE2_put_both_the_alphabet_soup_and_the_tomato_sauce_in_the_basket_state0,libero_10,CONDITION_UNVERIFIED,TIER_X_REJECTED,False,False,False,False,False,False,False,False,False,False
/data/liuyu/outputs/milestone_2e4_parser_micro_smoke_20260527/runs/libero_10/LIVING_ROOM_SCENE2_put_both_the_cream_cheese_box_and_the_butter_in_the_basket_state0,libero_10,CONDITION_UNVERIFIED,TIER_X_REJECTED,False,False,False,False,False,False,False,False,False,False
/data/liuyu/outputs/milestone_2e4_parser_micro_smoke_20260527/runs/libero_10/LIVING_ROOM_SCENE2_put_both_the_alphabet_soup_and_the_tomato_sauce_in_the_basket_state1,libero_10,CONDITION_UNVERIFIED,TIER_X_REJECTED,False,False,False,False,False,False,False,False,False,False
/data/liuyu/outputs/milestone_2e4_parser_micro_smoke_20260527/runs/libero_10/LIVING_ROOM_SCENE2_put_both_the_cream_cheese_box_and_the_butter_in_the_basket_state1,libero_10,CONDITION_UNVERIFIED,TIER_X_REJECTED,False,False,False,False,False,False,False,False,False,False
/data/liuyu/outputs/milestone_2e4_parser_micro_smoke_20260527/runs/libero_goal/put_the_bowl_on_the_stove_state1,libero_goal,CONDITION_UNVERIFIED,TIER_X_REJECTED,False,False,False,False,False,False,False,False,False,False
/data/liuyu/outputs/milestone_2e4_parser_micro_smoke_20260527/runs/libero_goal/open_the_middle_drawer_of_the_cabinet_state1,libero_goal,CONDITION_UNVERIFIED,TIER_X_REJECTED,False,False,False,False,False,False,False,False,False,False
/data/liuyu/outputs/milestone_2e4_parser_micro_smoke_20260527/runs/libero_goal/put_the_bowl_on_the_stove_state0,libero_goal,CONDITION_UNVERIFIED,TIER_X_REJECTED,False,False,False,False,False,False,False,False,False,False
/data/liuyu/outputs/milestone_2e4_parser_micro_smoke_20260527/runs/libero_goal/open_the_middle_drawer_of_the_cabinet_state0,libero_goal,CONDITION_UNVERIFIED,TIER_X_REJECTED,False,False,False,False,False,False,False,False,False,False
/data/liuyu/outputs/d4_smoke_51_postreboot_off/milk_s23_shadow_attempt1,,CONDITION_UNVERIFIED,TIER_X_REJECTED,False,False,False,False,False,False,False,False,False,False
/data/liuyu/outputs/milestone_2e5_l10_parser_v2_micro_recheck_20260527/runs/libero_10/LIVING_ROOM_SCENE2_put_both_the_alphabet_soup_and_the_tomato_sauce_in_the_basket_state0,libero_10,CONDITION_UNVERIFIED,TIER_X_REJECTED,False,False,False,False,False,False,False,False,False,False
/data/liuyu/outputs/milestone_2e5_l10_parser_v2_micro_recheck_20260527/runs/libero_10/LIVING_ROOM_SCENE2_put_both_the_alphabet_soup_and_the_tomato_sauce_in_the_basket_state1,libero_10,CONDITION_UNVERIFIED,TIER_X_REJECTED,False,False,False,False,False,False,False,False,False,False
/data/liuyu/outputs/libero_full4_clean_table1_10state_20260521_official_assets_gpu014526/runs/table1_spatial_pick_up_the_black_bowl_next_to_the_ramekin_and_place_it_on_the_plate_state0_seed1_clean,libero_spatial,CLEAN,TIER_X_REJECTED,False,False,False,False,False,False,False,False,False,False
/data/liuyu/outputs/libero_full4_clean_table1_10state_20260521_official_assets_gpu014526/runs/table1_object_pick_up_the_ketchup_and_place_it_in_the_basket_state7_seed1_clean,,CLEAN,TIER_X_REJECTED,False,False,False,False,False,False,False,False,False,False
/data/liuyu/outputs/libero_full4_clean_table1_10state_20260521_official_assets_gpu014526/runs/table1_libero10_kitchen_scene8_put_both_moka_pots_on_the_stove_state8_seed1_clean,libero_10,CLEAN,TIER_X_REJECTED,False,False,False,False,False,False,False,False,False,False
/data/liuyu/outputs/libero_full4_clean_table1_10state_20260521_official_assets_gpu014526/runs/table1_spatial_pick_up_the_black_bowl_in_the_top_drawer_of_the_wooden_cabinet_and_place_it_on_the_plate_state7_seed1_clean,libero_spatial,CLEAN,TIER_X_REJECTED,False,False,False,False,False,False,False,False,False,False
/data/liuyu/outputs/libero_full4_clean_table1_10state_20260521_official_assets_gpu014526/runs/table1_object_pick_up_the_alphabet_soup_and_place_it_in_the_basket_state3_seed1_clean,,CLEAN,TIER_X_REJECTED,False,False,False,False,False,False,False,False,False,False
/data/liuyu/outputs/libero_full4_clean_table1_10state_20260521_official_assets_gpu014526/runs/table1_object_pick_up_the_chocolate_pudding_and_place_it_in_the_basket_state3_seed1_clean,,CLEAN,TIER_X_REJECTED,False,False,False,False,False,False,False,False,False,False
/data/liuyu/outputs/libero_full4_clean_table1_10state_20260521_official_assets_gpu014526/runs/table1_object_pick_up_the_chocolate_pudding_and_place_it_in_the_basket_state2_seed1_clean,,CLEAN,TIER_X_REJECTED,False,False,False,False,False,False,False,False,False,False
/data/liuyu/outputs/libero_full4_clean_table1_10state_20260521_official_assets_gpu014526/runs/table1_spatial_pick_up_the_black_bowl_between_the_plate_and_the_ramekin_and_place_it_on_the_plate_state7_seed1_clean,libero_spatial,CLEAN,TIER_X_REJECTED,False,False,False,False,False,False,False,False,False,False
/data/liuyu/outputs/libero_full4_clean_table1_10state_20260521_official_assets_gpu014526/runs/table1_object_pick_up_the_tomato_sauce_and_place_it_in_the_basket_state3_seed1_clean,,CLEAN,TIER_X_REJECTED,False,False,False,False,False,False,False,False,False,False
/data/liuyu/outputs/libero_full4_clean_table1_10state_20260521_official_assets_gpu014526/runs/table1_libero10_kitchen_scene8_put_both_moka_pots_on_the_stove_state4_seed1_clean,libero_10,CLEAN,TIER_X_REJECTED,False,False,False,False,False,False,False,False,False,False
/data/liuyu/outputs/libero_full4_clean_table1_10state_20260521_official_assets_gpu014526/runs/table1_goal_push_the_plate_to_the_front_of_the_stove_state1_seed1_clean,libero_goal,CLEAN,TIER_X_REJECTED,False,False,False,False,False,False,False,False,False,False
/data/liuyu/outputs/libero_full4_clean_table1_10state_20260521_official_assets_gpu014526/runs/table1_spatial_pick_up_the_black_bowl_on_the_stove_and_place_it_on_the_plate_state5_seed1_clean,libero_spatial,CLEAN,TIER_X_REJECTED,False,False,False,False,False,False,False,False,False,False
/data/liuyu/outputs/libero_full4_clean_table1_10state_20260521_official_assets_gpu014526/runs/table1_goal_put_the_wine_bottle_on_the_rack_state3_seed1_clean,libero_goal,CLEAN,TIER_X_REJECTED,False,False,False,False,False,False,False,False,False,False
/data/liuyu/outputs/libero_full4_clean_table1_10state_20260521_official_assets_gpu014526/runs/table1_object_pick_up_the_bbq_sauce_and_place_it_in_the_basket_state0_seed1_clean,,CLEAN,TIER_X_REJECTED,False,False,False,False,False,False,False,False,False,False
/data/liuyu/outputs/libero_full4_clean_table1_10state_20260521_official_assets_gpu014526/runs/table1_goal_put_the_bowl_on_top_of_the_cabinet_state7_seed1_clean,libero_goal,CLEAN,TIER_X_REJECTED,False,False,False,False,False,False,False,False,False,False
/data/liuyu/outputs/libero_full4_clean_table1_10state_20260521_official_assets_gpu014526/runs/table1_libero10_kitchen_scene6_put_the_yellow_and_white_mug_in_the_microwave_and_close_it_state5_seed1_clean,libero_10,CLEAN,TIER_X_REJECTED,False,False,False,False,False,False,False,False,False,False
/data/liuyu/outputs/libero_full4_clean_table1_10state_20260521_official_assets_gpu014526/runs/table1_libero10_kitchen_scene3_turn_on_the_stove_and_put_the_moka_pot_on_it_state2_seed1_clean,libero_10,CLEAN,TIER_X_REJECTED,False,False,False,False,False,False,False,False,False,False
/data/liuyu/outputs/libero_full4_clean_table1_10state_20260521_official_assets_gpu014526/runs/table1_libero10_kitchen_scene3_turn_on_the_stove_and_put_the_moka_pot_on_it_state1_seed1_clean,libero_10,CLEAN,TIER_X_REJECTED,False,False,False,False,False,False,False,False,False,False
/data/liuyu/outputs/libero_full4_clean_table1_10state_20260521_official_assets_gpu014526/runs/table1_object_pick_up_the_alphabet_soup_and_place_it_in_the_basket_state6_seed1_clean,,CLEAN,TIER_X_REJECTED,False,False,False,False,False,False,False,False,False,False
/data/liuyu/outputs/libero_full4_clean_table1_10state_20260521_official_assets_gpu014526/runs/table1_libero10_living_room_scene2_put_both_the_alphabet_soup_and_the_tomato_sauce_in_the_basket_state5_seed1_clean,libero_10,CLEAN,TIER_X_REJECTED,False,False,False,False,False,False,False,False,False,False
/data/liuyu/outputs/libero_full4_clean_table1_10state_20260521_official_assets_gpu014526/runs/table1_spatial_pick_up_the_black_bowl_between_the_plate_and_the_ramekin_and_place_it_on_the_plate_state2_seed1_clean,libero_spatial,CLEAN,TIER_X_REJECTED,False,False,False,False,False,False,False,False,False,False
/data/liuyu/outputs/libero_full4_clean_table1_10state_20260521_official_assets_gpu014526/runs/table1_object_pick_up_the_butter_and_place_it_in_the_basket_state6_seed1_clean,,CLEAN,TIER_X_REJECTED,False,False,False,False,False,False,False,False,False,False
/data/liuyu/outputs/libero_full4_clean_table1_10state_20260521_official_assets_gpu014526/runs/table1_goal_open_the_top_drawer_and_put_the_bowl_inside_state8_seed1_clean,libero_goal,CLEAN,TIER_X_REJECTED,False,False,False,False,False,False,False,False,False,False
/data/liuyu/outputs/libero_full4_clean_table1_10state_20260521_official_assets_gpu014526/runs/table1_spatial_pick_up_the_black_bowl_next_to_the_ramekin_and_place_it_on_the_plate_state9_seed1_clean,libero_spatial,CLEAN,TIER_X_REJECTED,False,False,False,False,False,False,False,False,False,False
/data/liuyu/outputs/libero_full4_clean_table1_10state_20260521_official_assets_gpu014526/runs/table1_libero10_living_room_scene2_put_both_the_cream_cheese_box_and_the_butter_in_the_basket_state1_seed1_clean,libero_10,CLEAN,TIER_X_REJECTED,False,False,False,False,False,False,False,False,False,False
/data/liuyu/outputs/libero_full4_clean_table1_10state_20260521_official_assets_gpu014526/runs/table1_object_pick_up_the_cream_cheese_and_place_it_in_the_basket_state5_seed1_clean,,CLEAN,TIER_X_REJECTED,False,False,False,False,False,False,False,False,False,False
/data/liuyu/outputs/libero_full4_clean_table1_10state_20260521_official_assets_gpu014526/runs/table1_object_pick_up_the_butter_and_place_it_in_the_basket_state4_seed1_clean,,CLEAN,TIER_X_REJECTED,False,False,False,False,False,False,False,False,False,False
/data/liuyu/outputs/libero_full4_clean_table1_10state_20260521_official_assets_gpu014526/runs/table1_spatial_pick_up_the_black_bowl_in_the_top_drawer_of_the_wooden_cabinet_and_place_it_on_the_plate_state6_seed1_clean,libero_spatial,CLEAN,TIER_X_REJECTED,False,False,False,False,False,False,False,False,False,False
/data/liuyu/outputs/libero_full4_clean_table1_10state_20260521_official_assets_gpu014526/runs/table1_object_pick_up_the_cream_cheese_and_place_it_in_the_basket_state6_seed1_clean,,CLEAN,TIER_X_REJECTED,False,False,False,False,False,False,False,False,False,False
/data/liuyu/outputs/libero_full4_clean_table1_10state_20260521_official_assets_gpu014526/runs/table1_spatial_pick_up_the_black_bowl_on_the_ramekin_and_place_it_on_the_plate_state6_seed1_clean,libero_spatial,CLEAN,TIER_X_REJECTED,False,False,False,False,False,False,False,False,False,False
/data/liuyu/outputs/libero_full4_clean_table1_10state_20260521_official_assets_gpu014526/runs/table1_spatial_pick_up_the_black_bowl_on_the_wooden_cabinet_and_place_it_on_the_plate_state8_seed1_clean,libero_spatial,CLEAN,TIER_X_REJECTED,False,False,False,False,False,False,False,False,False,False
/data/liuyu/outputs/libero_full4_clean_table1_10state_20260521_official_assets_gpu014526/runs/table1_object_pick_up_the_cream_cheese_and_place_it_in_the_basket_state0_seed1_clean,,CLEAN,TIER_X_REJECTED,False,False,False,False,False,False,False,False,False,False
/data/liuyu/outputs/libero_full4_clean_table1_10state_20260521_official_assets_gpu014526/runs/table1_libero10_living_room_scene6_put_the_white_mug_on_the_plate_and_put_the_chocolate_pudding_to_the_right_of_the_plate_state4_seed1_clean,libero_10,CLEAN,TIER_X_REJECTED,False,False,False,False,False,False,False,False,False,False
/data/liuyu/outputs/libero_full4_clean_table1_10state_20260521_official_assets_gpu014526/runs/table1_spatial_pick_up_the_black_bowl_next_to_the_ramekin_and_place_it_on_the_plate_state4_seed1_clean,libero_spatial,CLEAN,TIER_X_REJECTED,False,False,False,False,False,False,False,False,False,False
/data/liuyu/outputs/libero_full4_clean_table1_10state_20260521_official_assets_gpu014526/runs/table1_libero10_living_room_scene2_put_both_the_cream_cheese_box_and_the_butter_in_the_basket_state2_seed1_clean,libero_10,CLEAN,TIER_X_REJECTED,False,False,False,False,False,False,False,False,False,False
/data/liuyu/outputs/libero_full4_clean_table1_10state_20260521_official_assets_gpu014526/runs/table1_libero10_living_room_scene2_put_both_the_cream_cheese_box_and_the_butter_in_the_basket_state4_seed1_clean,libero_10,CLEAN,TIER_X_REJECTED,False,False,False,False,False,False,False,False,False,False
/data/liuyu/outputs/libero_full4_clean_table1_10state_20260521_official_assets_gpu014526/runs/table1_object_pick_up_the_ketchup_and_place_it_in_the_basket_state9_seed1_clean,,CLEAN,TIER_X_REJECTED,False,False,False,False,False,False,False,False,False,False
/data/liuyu/outputs/libero_full4_clean_table1_10state_20260521_official_assets_gpu014526/runs/table1_spatial_pick_up_the_black_bowl_between_the_plate_and_the_ramekin_and_place_it_on_the_plate_state9_seed1_clean,libero_spatial,CLEAN,TIER_X_REJECTED,False,False,False,False,False,False,False,False,False,False
/data/liuyu/outputs/libero_full4_clean_table1_10state_20260521_official_assets_gpu014526/runs/table1_spatial_pick_up_the_black_bowl_next_to_the_cookie_box_and_place_it_on_the_plate_state8_seed1_clean,libero_spatial,CLEAN,TIER_X_REJECTED,False,False,False,False,False,False,False,False,False,False
/data/liuyu/outputs/libero_full4_clean_table1_10state_20260521_official_assets_gpu014526/runs/table1_spatial_pick_up_the_black_bowl_on_the_wooden_cabinet_and_place_it_on_the_plate_state5_seed1_clean,libero_spatial,CLEAN,TIER_X_REJECTED,False,False,False,False,False,False,False,False,False,False
/data/liuyu/outputs/libero_full4_clean_table1_10state_20260521_official_assets_gpu014526/runs/table1_goal_put_the_bowl_on_top_of_the_cabinet_state8_seed1_clean,libero_goal,CLEAN,TIER_X_REJECTED,False,False,False,False,False,False,False,False,False,False
/data/liuyu/outputs/libero_full4_clean_table1_10state_20260521_official_assets_gpu014526/runs/table1_libero10_living_room_scene2_put_both_the_alphabet_soup_and_the_tomato_sauce_in_the_basket_state1_seed1_clean,libero_10,CLEAN,TIER_X_REJECTED,False,False,False,False,False,False,False,False,False,False
/data/liuyu/outputs/libero_full4_clean_table1_10state_20260521_official_assets_gpu014526/runs/table1_libero10_kitchen_scene3_turn_on_the_stove_and_put_the_moka_pot_on_it_state9_seed1_clean,libero_10,CLEAN,TIER_X_REJECTED,False,False,False,False,False,False,False,False,False,False
/data/liuyu/outputs/libero_full4_clean_table1_10state_20260521_official_assets_gpu014526/runs/table1_goal_put_the_cream_cheese_in_the_bowl_state9_seed1_clean,libero_goal,CLEAN,TIER_X_REJECTED,False,False,False,False,False,False,False,False,False,False
/data/liuyu/outputs/libero_full4_clean_table1_10state_20260521_official_assets_gpu014526/runs/table1_libero10_living_room_scene1_put_both_the_alphabet_soup_and_the_cream_cheese_box_in_the_basket_state4_seed1_clean,libero_10,CLEAN,TIER_X_REJECTED,False,False,False,False,False,False,False,False,False,False
/data/liuyu/outputs/libero_full4_clean_table1_10state_20260521_official_assets_gpu014526/runs/table1_object_pick_up_the_bbq_sauce_and_place_it_in_the_basket_state4_seed1_clean,,CLEAN,TIER_X_REJECTED,False,False,False,False,False,False,False,False,False,False
/data/liuyu/outputs/libero_full4_clean_table1_10state_20260521_official_assets_gpu014526/runs/table1_goal_open_the_middle_drawer_of_the_cabinet_state0_seed1_clean,libero_goal,CLEAN,TIER_X_REJECTED,False,False,False,False,False,False,False,False,False,False
/data/liuyu/outputs/libero_full4_clean_table1_10state_20260521_official_assets_gpu014526/runs/table1_object_pick_up_the_milk_and_place_it_in_the_basket_state2_seed1_clean,,CLEAN,TIER_X_REJECTED,False,False,False,False,False,False,False,False,False,False
/data/liuyu/outputs/libero_full4_clean_table1_10state_20260521_official_assets_gpu014526/runs/table1_object_pick_up_the_salad_dressing_and_place_it_in_the_basket_state1_seed1_clean,,CLEAN,TIER_X_REJECTED,False,False,False,False,False,False,False,False,False,False
/data/liuyu/outputs/libero_full4_clean_table1_10state_20260521_official_assets_gpu014526/runs/table1_goal_push_the_plate_to_the_front_of_the_stove_state4_seed1_clean,libero_goal,CLEAN,TIER_X_REJECTED,False,False,False,False,False,False,False,False,False,False
/data/liuyu/outputs/libero_full4_clean_table1_10state_20260521_official_assets_gpu014526/runs/table1_libero10_living_room_scene1_put_both_the_alphabet_soup_and_the_cream_cheese_box_in_the_basket_state0_seed1_clean,libero_10,CLEAN,TIER_X_REJECTED,False,False,False,False,False,False,False,False,False,False
/data/liuyu/outputs/libero_full4_clean_table1_10state_20260521_official_assets_gpu014526/runs/table1_libero10_living_room_scene2_put_both_the_cream_cheese_box_and_the_butter_in_the_basket_state7_seed1_clean,libero_10,CLEAN,TIER_X_REJECTED,False,False,False,False,False,False,False,False,False,False
/data/liuyu/outputs/libero_full4_clean_table1_10state_20260521_official_assets_gpu014526/runs/table1_libero10_kitchen_scene6_put_the_yellow_and_white_mug_in_the_microwave_and_close_it_state2_seed1_clean,libero_10,CLEAN,TIER_X_REJECTED,False,False,False,False,False,False,False,False,False,False
/data/liuyu/outputs/libero_full4_clean_table1_10state_20260521_official_assets_gpu014526/runs/table1_spatial_pick_up_the_black_bowl_on_the_ramekin_and_place_it_on_the_plate_state7_seed1_clean,libero_spatial,CLEAN,TIER_X_REJECTED,False,False,False,False,False,False,False,False,False,False
/data/liuyu/outputs/libero_full4_clean_table1_10state_20260521_official_assets_gpu014526/runs/table1_object_pick_up_the_orange_juice_and_place_it_in_the_basket_state9_seed1_clean,,CLEAN,TIER_X_REJECTED,False,False,False,False,False,False,False,False,False,False
/data/liuyu/outputs/libero_full4_clean_table1_10state_20260521_official_assets_gpu014526/runs/table1_goal_put_the_wine_bottle_on_top_of_the_cabinet_state7_seed1_clean,libero_goal,CLEAN,TIER_X_REJECTED,False,False,False,False,False,False,False,False,False,False
/data/liuyu/outputs/libero_full4_clean_table1_10state_20260521_official_assets_gpu014526/runs/table1_object_pick_up_the_butter_and_place_it_in_the_basket_state3_seed1_clean,,CLEAN,TIER_X_REJECTED,False,False,False,False,False,False,False,False,False,False
/data/liuyu/outputs/libero_full4_clean_table1_10state_20260521_official_assets_gpu014526/runs/table1_goal_put_the_bowl_on_top_of_the_cabinet_state2_seed1_clean,libero_goal,CLEAN,TIER_X_REJECTED,False,False,False,False,False,False,False,False,False,False
/data/liuyu/outputs/libero_full4_clean_table1_10state_20260521_official_assets_gpu014526/runs/table1_object_pick_up_the_cream_cheese_and_place_it_in_the_basket_state4_seed1_clean,,CLEAN,TIER_X_REJECTED,False,False,False,False,False,False,False,False,False,False
/data/liuyu/outputs/libero_full4_clean_table1_10state_20260521_official_assets_gpu014526/runs/table1_spatial_pick_up_the_black_bowl_in_the_top_drawer_of_the_wooden_cabinet_and_place_it_on_the_plate_state0_seed1_clean,libero_spatial,CLEAN,TIER_X_REJECTED,False,False,False,False,False,False,False,False,False,False
/data/liuyu/outputs/libero_full4_clean_table1_10state_20260521_official_assets_gpu014526/runs/table1_goal_put_the_bowl_on_the_plate_state7_seed1_clean,libero_goal,CLEAN,TIER_X_REJECTED,False,False,False,False,False,False,False,False,False,False
/data/liuyu/outputs/libero_full4_clean_table1_10state_20260521_official_assets_gpu014526/runs/table1_spatial_pick_up_the_black_bowl_between_the_plate_and_the_ramekin_and_place_it_on_the_plate_state5_seed1_clean,libero_spatial,CLEAN,TIER_X_REJECTED,False,False,False,False,False,False,False,False,False,False
/data/liuyu/outputs/libero_full4_clean_table1_10state_20260521_official_assets_gpu014526/runs/table1_object_pick_up_the_tomato_sauce_and_place_it_in_the_basket_state0_seed1_clean,,CLEAN,TIER_X_REJECTED,False,False,False,False,False,False,False,False,False,False
/data/liuyu/outputs/libero_full4_clean_table1_10state_20260521_official_assets_gpu014526/runs/table1_object_pick_up_the_chocolate_pudding_and_place_it_in_the_basket_state1_seed1_clean,,CLEAN,TIER_X_REJECTED,False,False,False,False,False,False,False,False,False,False
/data/liuyu/outputs/libero_full4_clean_table1_10state_20260521_official_assets_gpu014526/runs/table1_object_pick_up_the_orange_juice_and_place_it_in_the_basket_state0_seed1_clean,,CLEAN,TIER_X_REJECTED,False,False,False,False,False,False,False,False,False,False
/data/liuyu/outputs/libero_full4_clean_table1_10state_20260521_official_assets_gpu014526/runs/table1_libero10_living_room_scene5_put_the_white_mug_on_the_left_plate_and_put_the_yellow_and_white_mug_on_the_right_plate_state3_seed1_clean,libero_10,CLEAN,TIER_X_REJECTED,False,False,False,False,False,False,False,False,False,False
/data/liuyu/outputs/libero_full4_clean_table1_10state_20260521_official_assets_gpu014526/runs/table1_object_pick_up_the_cream_cheese_and_place_it_in_the_basket_state1_seed1_clean,,CLEAN,TIER_X_REJECTED,False,False,False,False,False,False,False,False,False,False
/data/liuyu/outputs/libero_full4_clean_table1_10state_20260521_official_assets_gpu014526/runs/table1_goal_turn_on_the_stove_state9_seed1_clean,libero_goal,CLEAN,TIER_X_REJECTED,False,False,False,False,False,False,False,False,False,False
/data/liuyu/outputs/libero_full4_clean_table1_10state_20260521_official_assets_gpu014526/runs/table1_goal_put_the_wine_bottle_on_top_of_the_cabinet_state5_seed1_clean,libero_goal,CLEAN,TIER_X_REJECTED,False,False,False,False,False,False,False,False,False,False
/data/liuyu/outputs/libero_full4_clean_table1_10state_20260521_official_assets_gpu014526/runs/table1_libero10_living_room_scene1_put_both_the_alphabet_soup_and_the_cream_cheese_box_in_the_basket_state9_seed1_clean,libero_10,CLEAN,TIER_X_REJECTED,False,False,False,False,False,False,False,False,False,False
/data/liuyu/outputs/libero_full4_clean_table1_10state_20260521_official_assets_gpu014526/runs/table1_object_pick_up_the_butter_and_place_it_in_the_basket_state9_seed1_clean,,CLEAN,TIER_X_REJECTED,False,False,False,False,False,False,False,False,False,False
/data/liuyu/outputs/libero_full4_clean_table1_10state_20260521_official_assets_gpu014526/runs/table1_spatial_pick_up_the_black_bowl_on_the_cookie_box_and_place_it_on_the_plate_state1_seed1_clean,libero_spatial,CLEAN,TIER_X_REJECTED,False,False,False,False,False,False,False,False,False,False
/data/liuyu/outputs/libero_full4_clean_table1_10state_20260521_official_assets_gpu014526/runs/table1_spatial_pick_up_the_black_bowl_next_to_the_ramekin_and_place_it_on_the_plate_state3_seed1_clean,libero_spatial,CLEAN,TIER_X_REJECTED,False,False,False,False,False,False,False,False,False,False
/data/liuyu/outputs/libero_full4_clean_table1_10state_20260521_official_assets_gpu014526/runs/table1_spatial_pick_up_the_black_bowl_in_the_top_drawer_of_the_wooden_cabinet_and_place_it_on_the_plate_state3_seed1_clean,libero_spatial,CLEAN,TIER_X_REJECTED,False,False,False,False,False,False,False,False,False,False
/data/liuyu/outputs/libero_full4_clean_table1_10state_20260521_official_assets_gpu014526/runs/table1_object_pick_up_the_tomato_sauce_and_place_it_in_the_basket_state5_seed1_clean,,CLEAN,TIER_X_REJECTED,False,False,False,False,False,False,False,False,False,False
/data/liuyu/outputs/libero_full4_clean_table1_10state_20260521_official_assets_gpu014526/runs/table1_libero10_kitchen_scene4_put_the_black_bowl_in_the_bottom_drawer_of_the_cabinet_and_close_it_state1_seed1_clean,libero_10,CLEAN,TIER_X_REJECTED,False,False,False,False,False,False,False,False,False,False
/data/liuyu/outputs/libero_full4_clean_table1_10state_20260521_official_assets_gpu014526/runs/table1_goal_open_the_middle_drawer_of_the_cabinet_state6_seed1_clean,libero_goal,CLEAN,TIER_X_REJECTED,False,False,False,False,False,False,False,False,False,False
/data/liuyu/outputs/libero_full4_clean_table1_10state_20260521_official_assets_gpu014526/runs/table1_goal_put_the_wine_bottle_on_the_rack_state4_seed1_clean,libero_goal,CLEAN,TIER_X_REJECTED,False,False,False,False,False,False,False,False,False,False
/data/liuyu/outputs/libero_full4_clean_table1_10state_20260521_official_assets_gpu014526/runs/table1_libero10_living_room_scene1_put_both_the_alphabet_soup_and_the_cream_cheese_box_in_the_basket_state6_seed1_clean,libero_10,CLEAN,TIER_X_REJECTED,False,False,False,False,False,False,False,False,False,False
/data/liuyu/outputs/libero_full4_clean_table1_10state_20260521_official_assets_gpu014526/runs/table1_libero10_living_room_scene6_put_the_white_mug_on_the_plate_and_put_the_chocolate_pudding_to_the_right_of_the_plate_state2_seed1_clean,libero_10,CLEAN,TIER_X_REJECTED,False,False,False,False,False,False,False,False,False,False
/data/liuyu/outputs/libero_full4_clean_table1_10state_20260521_official_assets_gpu014526/runs/table1_goal_put_the_bowl_on_top_of_the_cabinet_state0_seed1_clean,libero_goal,CLEAN,TIER_X_REJECTED,False,False,False,False,False,False,False,False,False,False
/data/liuyu/outputs/libero_full4_clean_table1_10state_20260521_official_assets_gpu014526/runs/table1_libero10_kitchen_scene6_put_the_yellow_and_white_mug_in_the_microwave_and_close_it_state3_seed1_clean,libero_10,CLEAN,TIER_X_REJECTED,False,False,False,False,False,False,False,False,False,False
/data/liuyu/outputs/libero_full4_clean_table1_10state_20260521_official_assets_gpu014526/runs/table1_goal_put_the_wine_bottle_on_the_rack_state6_seed1_clean,libero_goal,CLEAN,TIER_X_REJECTED,False,False,False,False,False,False,False,False,False,False
/data/liuyu/outputs/libero_full4_clean_table1_10state_20260521_official_assets_gpu014526/runs/table1_libero10_living_room_scene5_put_the_white_mug_on_the_left_plate_and_put_the_yellow_and_white_mug_on_the_right_plate_state8_seed1_clean,libero_10,CLEAN,TIER_X_REJECTED,False,False,False,False,False,False,False,False,False,False
/data/liuyu/outputs/libero_full4_clean_table1_10state_20260521_official_assets_gpu014526/runs/table1_spatial_pick_up_the_black_bowl_next_to_the_cookie_box_and_place_it_on_the_plate_state6_seed1_clean,libero_spatial,CLEAN,TIER_X_REJECTED,False,False,False,False,False,False,False,False,False,False
/data/liuyu/outputs/libero_full4_clean_table1_10state_20260521_official_assets_gpu014526/runs/table1_goal_put_the_wine_bottle_on_top_of_the_cabinet_state0_seed1_clean,libero_goal,CLEAN,TIER_X_REJECTED,False,False,False,False,False,False,False,False,False,False
/data/liuyu/outputs/libero_full4_clean_table1_10state_20260521_official_assets_gpu014526/runs/table1_libero10_living_room_scene2_put_both_the_cream_cheese_box_and_the_butter_in_the_basket_state6_seed1_clean,libero_10,CLEAN,TIER_X_REJECTED,False,False,False,False,False,False,False,False,False,False
/data/liuyu/outputs/libero_full4_clean_table1_10state_20260521_official_assets_gpu014526/runs/table1_object_pick_up_the_salad_dressing_and_place_it_in_the_basket_state7_seed1_clean,,CLEAN,TIER_X_REJECTED,False,False,False,False,False,False,False,False,False,False
/data/liuyu/outputs/libero_full4_clean_table1_10state_20260521_official_assets_gpu014526/runs/table1_spatial_pick_up_the_black_bowl_next_to_the_plate_and_place_it_on_the_plate_state7_seed1_clean,libero_spatial,CLEAN,TIER_X_REJECTED,False,False,False,False,False,False,False,False,False,False
/data/liuyu/outputs/libero_full4_clean_table1_10state_20260521_official_assets_gpu014526/runs/table1_object_pick_up_the_ketchup_and_place_it_in_the_basket_state0_seed1_clean,,CLEAN,TIER_X_REJECTED,False,False,False,False,False,False,False,False,False,False
/data/liuyu/outputs/libero_full4_clean_table1_10state_20260521_official_assets_gpu014526/runs/table1_object_pick_up_the_bbq_sauce_and_place_it_in_the_basket_state8_seed1_clean,,CLEAN,TIER_X_REJECTED,False,False,False,False,False,False,False,False,False,False
/data/liuyu/outputs/libero_full4_clean_table1_10state_20260521_official_assets_gpu014526/runs/table1_libero10_living_room_scene1_put_both_the_alphabet_soup_and_the_cream_cheese_box_in_the_basket_state2_seed1_clean,libero_10,CLEAN,TIER_X_REJECTED,False,False,False,False,False,False,False,False,False,False
/data/liuyu/outputs/libero_full4_clean_table1_10state_20260521_official_assets_gpu014526/runs/table1_goal_turn_on_the_stove_state6_seed1_clean,libero_goal,CLEAN,TIER_X_REJECTED,False,False,False,False,False,False,False,False,False,False
/data/liuyu/outputs/libero_full4_clean_table1_10state_20260521_official_assets_gpu014526/runs/table1_libero10_living_room_scene2_put_both_the_alphabet_soup_and_the_tomato_sauce_in_the_basket_state7_seed1_clean,libero_10,CLEAN,TIER_X_REJECTED,False,False,False,False,False,False,False,False,False,False
/data/liuyu/outputs/libero_full4_clean_table1_10state_20260521_official_assets_gpu014526/runs/table1_spatial_pick_up_the_black_bowl_next_to_the_ramekin_and_place_it_on_the_plate_state8_seed1_clean,libero_spatial,CLEAN,TIER_X_REJECTED,False,False,False,False,False,False,False,False,False,False
/data/liuyu/outputs/libero_full4_clean_table1_10state_20260521_official_assets_gpu014526/runs/table1_spatial_pick_up_the_black_bowl_on_the_wooden_cabinet_and_place_it_on_the_plate_state3_seed1_clean,libero_spatial,CLEAN,TIER_X_REJECTED,False,False,False,False,False,False,False,False,False,False
/data/liuyu/outputs/libero_full4_clean_table1_10state_20260521_official_assets_gpu014526/runs/table1_object_pick_up_the_tomato_sauce_and_place_it_in_the_basket_state1_seed1_clean,,CLEAN,TIER_X_REJECTED,False,False,False,False,False,False,False,False,False,False
/data/liuyu/outputs/libero_full4_clean_table1_10state_20260521_official_assets_gpu014526/runs/table1_libero10_kitchen_scene4_put_the_black_bowl_in_the_bottom_drawer_of_the_cabinet_and_close_it_state3_seed1_clean,libero_10,CLEAN,TIER_X_REJECTED,False,False,False,False,False,False,False,False,False,False
/data/liuyu/outputs/libero_full4_clean_table1_10state_20260521_official_assets_gpu014526/runs/table1_libero10_kitchen_scene3_turn_on_the_stove_and_put_the_moka_pot_on_it_state5_seed1_clean,libero_10,CLEAN,TIER_X_REJECTED,False,False,False,False,False,False,False,False,False,False
/data/liuyu/outputs/libero_full4_clean_table1_10state_20260521_official_assets_gpu014526/runs/table1_object_pick_up_the_tomato_sauce_and_place_it_in_the_basket_state4_seed1_clean,,CLEAN,TIER_X_REJECTED,False,False,False,False,False,False,False,False,False,False
/data/liuyu/outputs/libero_full4_clean_table1_10state_20260521_official_assets_gpu014526/runs/table1_spatial_pick_up_the_black_bowl_on_the_ramekin_and_place_it_on_the_plate_state4_seed1_clean,libero_spatial,CLEAN,TIER_X_REJECTED,False,False,False,False,False,False,False,False,False,False
/data/liuyu/outputs/libero_full4_clean_table1_10state_20260521_official_assets_gpu014526/runs/table1_spatial_pick_up_the_black_bowl_from_table_center_and_place_it_on_the_plate_state3_seed1_clean,libero_spatial,CLEAN,TIER_X_REJECTED,False,False,False,False,False,False,False,False,False,False
/data/liuyu/outputs/libero_full4_clean_table1_10state_20260521_official_assets_gpu014526/runs/table1_libero10_kitchen_scene8_put_both_moka_pots_on_the_stove_state9_seed1_clean,libero_10,CLEAN,TIER_X_REJECTED,False,False,False,False,False,False,False,False,False,False
/data/liuyu/outputs/libero_full4_clean_table1_10state_20260521_official_assets_gpu014526/runs/table1_object_pick_up_the_alphabet_soup_and_place_it_in_the_basket_state4_seed1_clean,,CLEAN,TIER_X_REJECTED,False,False,False,False,False,False,False,False,False,False
/data/liuyu/outputs/libero_full4_clean_table1_10state_20260521_official_assets_gpu014526/runs/table1_object_pick_up_the_milk_and_place_it_in_the_basket_state9_seed1_clean,,CLEAN,TIER_X_REJECTED,False,False,False,False,False,False,False,False,False,False
/data/liuyu/outputs/libero_full4_clean_table1_10state_20260521_official_assets_gpu014526/runs/table1_goal_put_the_wine_bottle_on_top_of_the_cabinet_state1_seed1_clean,libero_goal,CLEAN,TIER_X_REJECTED,False,False,False,False,False,False,False,False,False,False
/data/liuyu/outputs/libero_full4_clean_table1_10state_20260521_official_assets_gpu014526/runs/table1_libero10_kitchen_scene8_put_both_moka_pots_on_the_stove_state2_seed1_clean,libero_10,CLEAN,TIER_X_REJECTED,False,False,False,False,False,False,False,False,False,False
/data/liuyu/outputs/libero_full4_clean_table1_10state_20260521_official_assets_gpu014526/runs/table1_spatial_pick_up_the_black_bowl_next_to_the_ramekin_and_place_it_on_the_plate_state2_seed1_clean,libero_spatial,CLEAN,TIER_X_REJECTED,False,False,False,False,False,False,False,False,False,False
/data/liuyu/outputs/libero_full4_clean_table1_10state_20260521_official_assets_gpu014526/runs/table1_spatial_pick_up_the_black_bowl_next_to_the_ramekin_and_place_it_on_the_plate_state6_seed1_clean,libero_spatial,CLEAN,TIER_X_REJECTED,False,False,False,False,False,False,False,False,False,False
/data/liuyu/outputs/libero_full4_clean_table1_10state_20260521_official_assets_gpu014526/runs/table1_goal_open_the_middle_drawer_of_the_cabinet_state2_seed1_clean,libero_goal,CLEAN,TIER_X_REJECTED,False,False,False,False,False,False,False,False,False,False
/data/liuyu/outputs/libero_full4_clean_table1_10state_20260521_official_assets_gpu014526/runs/table1_libero10_kitchen_scene6_put_the_yellow_and_white_mug_in_the_microwave_and_close_it_state4_seed1_clean,libero_10,CLEAN,TIER_X_REJECTED,False,False,False,False,False,False,False,False,False,False
/data/liuyu/outputs/libero_full4_clean_table1_10state_20260521_official_assets_gpu014526/runs/table1_goal_put_the_bowl_on_top_of_the_cabinet_state6_seed1_clean,libero_goal,CLEAN,TIER_X_REJECTED,False,False,False,False,False,False,False,False,False,False
/data/liuyu/outputs/libero_full4_clean_table1_10state_20260521_official_assets_gpu014526/runs/table1_goal_open_the_middle_drawer_of_the_cabinet_state1_seed1_clean,libero_goal,CLEAN,TIER_X_REJECTED,False,False,False,False,False,False,False,False,False,False
/data/liuyu/outputs/libero_full4_clean_table1_10state_20260521_official_assets_gpu014526/runs/table1_spatial_pick_up_the_black_bowl_on_the_stove_and_place_it_on_the_plate_state3_seed1_clean,libero_spatial,CLEAN,TIER_X_REJECTED,False,False,False,False,False,False,False,False,False,False
/data/liuyu/outputs/libero_full4_clean_table1_10state_20260521_official_assets_gpu014526/runs/table1_spatial_pick_up_the_black_bowl_next_to_the_cookie_box_and_place_it_on_the_plate_state3_seed1_clean,libero_spatial,CLEAN,TIER_X_REJECTED,False,False,False,False,False,False,False,False,False,False
/data/liuyu/outputs/libero_full4_clean_table1_10state_20260521_official_assets_gpu014526/runs/table1_object_pick_up_the_ketchup_and_place_it_in_the_basket_state5_seed1_clean,,CLEAN,TIER_X_REJECTED,False,False,False,False,False,False,False,False,False,False
/data/liuyu/outputs/libero_full4_clean_table1_10state_20260521_official_assets_gpu014526/runs/table1_libero10_kitchen_scene3_turn_on_the_stove_and_put_the_moka_pot_on_it_state4_seed1_clean,libero_10,CLEAN,TIER_X_REJECTED,False,False,False,False,False,False,False,False,False,False
/data/liuyu/outputs/libero_full4_clean_table1_10state_20260521_official_assets_gpu014526/runs/table1_goal_open_the_middle_drawer_of_the_cabinet_state4_seed1_clean,libero_goal,CLEAN,TIER_X_REJECTED,False,False,False,False,False,False,False,False,False,False
/data/liuyu/outputs/libero_full4_clean_table1_10state_20260521_official_assets_gpu014526/runs/table1_goal_put_the_bowl_on_the_plate_state8_seed1_clean,libero_goal,CLEAN,TIER_X_REJECTED,False,False,False,False,False,False,False,False,False,False
/data/liuyu/outputs/libero_full4_clean_table1_10state_20260521_official_assets_gpu014526/runs/table1_spatial_pick_up_the_black_bowl_on_the_cookie_box_and_place_it_on_the_plate_state7_seed1_clean,libero_spatial,CLEAN,TIER_X_REJECTED,False,False,False,False,False,False,False,False,False,False
/data/liuyu/outputs/libero_full4_clean_table1_10state_20260521_official_assets_gpu014526/runs/table1_object_pick_up_the_orange_juice_and_place_it_in_the_basket_state5_seed1_clean,,CLEAN,TIER_X_REJECTED,False,False,False,False,False,False,False,False,False,False
/data/liuyu/outputs/libero_full4_clean_table1_10state_20260521_official_assets_gpu014526/runs/table1_libero10_living_room_scene2_put_both_the_cream_cheese_box_and_the_butter_in_the_basket_state5_seed1_clean,libero_10,CLEAN,TIER_X_REJECTED,False,False,False,False,False,False,False,False,False,False
/data/liuyu/outputs/libero_full4_clean_table1_10state_20260521_official_assets_gpu014526/runs/table1_libero10_living_room_scene2_put_both_the_alphabet_soup_and_the_tomato_sauce_in_the_basket_state8_seed1_clean,libero_10,CLEAN,TIER_X_REJECTED,False,False,False,False,False,False,False,False,False,False
/data/liuyu/outputs/libero_full4_clean_table1_10state_20260521_official_assets_gpu014526/runs/table1_libero10_living_room_scene2_put_both_the_alphabet_soup_and_the_tomato_sauce_in_the_basket_state3_seed1_clean,libero_10,CLEAN,TIER_X_REJECTED,False,False,False,False,False,False,False,False,False,False
/data/liuyu/outputs/libero_full4_clean_table1_10state_20260521_official_assets_gpu014526/runs/table1_object_pick_up_the_chocolate_pudding_and_place_it_in_the_basket_state4_seed1_clean,,CLEAN,TIER_X_REJECTED,False,False,False,False,False,False,False,False,False,False
/data/liuyu/outputs/libero_full4_clean_table1_10state_20260521_official_assets_gpu014526/runs/table1_libero10_living_room_scene6_put_the_white_mug_on_the_plate_and_put_the_chocolate_pudding_to_the_right_of_the_plate_state1_seed1_clean,libero_10,CLEAN,TIER_X_REJECTED,False,False,False,False,False,False,False,False,False,False
/data/liuyu/outputs/libero_full4_clean_table1_10state_20260521_official_assets_gpu014526/runs/table1_libero10_study_scene1_pick_up_the_book_and_place_it_in_the_back_compartment_of_the_caddy_state6_seed1_clean,libero_10,CLEAN,TIER_X_REJECTED,False,False,False,False,False,False,False,False,False,False
/data/liuyu/outputs/libero_full4_clean_table1_10state_20260521_official_assets_gpu014526/runs/table1_object_pick_up_the_chocolate_pudding_and_place_it_in_the_basket_state6_seed1_clean,,CLEAN,TIER_X_REJECTED,False,False,False,False,False,False,False,False,False,False
/data/liuyu/outputs/libero_full4_clean_table1_10state_20260521_official_assets_gpu014526/runs/table1_spatial_pick_up_the_black_bowl_between_the_plate_and_the_ramekin_and_place_it_on_the_plate_state8_seed1_clean,libero_spatial,CLEAN,TIER_X_REJECTED,False,False,False,False,False,False,False,False,False,False
/data/liuyu/outputs/libero_full4_clean_table1_10state_20260521_official_assets_gpu014526/runs/table1_goal_turn_on_the_stove_state1_seed1_clean,libero_goal,CLEAN,TIER_X_REJECTED,False,False,False,False,False,False,False,False,False,False
/data/liuyu/outputs/libero_full4_clean_table1_10state_20260521_official_assets_gpu014526/runs/table1_object_pick_up_the_salad_dressing_and_place_it_in_the_basket_state3_seed1_clean,,CLEAN,TIER_X_REJECTED,False,False,False,False,False,False,False,False,False,False
/data/liuyu/outputs/libero_full4_clean_table1_10state_20260521_official_assets_gpu014526/runs/table1_libero10_kitchen_scene3_turn_on_the_stove_and_put_the_moka_pot_on_it_state7_seed1_clean,libero_10,CLEAN,TIER_X_REJECTED,False,False,False,False,False,False,False,False,False,False
/data/liuyu/outputs/libero_full4_clean_table1_10state_20260521_official_assets_gpu014526/runs/table1_spatial_pick_up_the_black_bowl_on_the_cookie_box_and_place_it_on_the_plate_state0_seed1_clean,libero_spatial,CLEAN,TIER_X_REJECTED,False,False,False,False,False,False,False,False,False,False
/data/liuyu/outputs/libero_full4_clean_table1_10state_20260521_official_assets_gpu014526/runs/table1_spatial_pick_up_the_black_bowl_next_to_the_cookie_box_and_place_it_on_the_plate_state2_seed1_clean,libero_spatial,CLEAN,TIER_X_REJECTED,False,False,False,False,False,False,False,False,False,False
/data/liuyu/outputs/libero_full4_clean_table1_10state_20260521_official_assets_gpu014526/runs/table1_libero10_study_scene1_pick_up_the_book_and_place_it_in_the_back_compartment_of_the_caddy_state2_seed1_clean,libero_10,CLEAN,TIER_X_REJECTED,False,False,False,False,False,False,False,False,False,False
/data/liuyu/outputs/libero_full4_clean_table1_10state_20260521_official_assets_gpu014526/runs/table1_object_pick_up_the_milk_and_place_it_in_the_basket_state0_seed1_clean,,CLEAN,TIER_X_REJECTED,False,False,False,False,False,False,False,False,False,False
/data/liuyu/outputs/libero_full4_clean_table1_10state_20260521_official_assets_gpu014526/runs/table1_goal_put_the_bowl_on_top_of_the_cabinet_state3_seed1_clean,libero_goal,CLEAN,TIER_X_REJECTED,False,False,False,False,False,False,False,False,False,False
/data/liuyu/outputs/libero_full4_clean_table1_10state_20260521_official_assets_gpu014526/runs/table1_spatial_pick_up_the_black_bowl_on_the_wooden_cabinet_and_place_it_on_the_plate_state9_seed1_clean,libero_spatial,CLEAN,TIER_X_REJECTED,False,False,False,False,False,False,False,False,False,False
/data/liuyu/outputs/libero_full4_clean_table1_10state_20260521_official_assets_gpu014526/runs/table1_goal_put_the_cream_cheese_in_the_bowl_state0_seed1_clean,libero_goal,CLEAN,TIER_X_REJECTED,False,False,False,False,False,False,False,False,False,False
/data/liuyu/outputs/libero_full4_clean_table1_10state_20260521_official_assets_gpu014526/runs/table1_libero10_kitchen_scene8_put_both_moka_pots_on_the_stove_state5_seed1_clean,libero_10,CLEAN,TIER_X_REJECTED,False,False,False,False,False,False,False,False,False,False
/data/liuyu/outputs/libero_full4_clean_table1_10state_20260521_official_assets_gpu014526/runs/table1_libero10_kitchen_scene8_put_both_moka_pots_on_the_stove_state1_seed1_clean,libero_10,CLEAN,TIER_X_REJECTED,False,False,False,False,False,False,False,False,False,False
/data/liuyu/outputs/libero_full4_clean_table1_10state_20260521_official_assets_gpu014526/runs/table1_object_pick_up_the_cream_cheese_and_place_it_in_the_basket_state2_seed1_clean,,CLEAN,TIER_X_REJECTED,False,False,False,False,False,False,False,False,False,False
/data/liuyu/outputs/libero_full4_clean_table1_10state_20260521_official_assets_gpu014526/runs/table1_goal_put_the_bowl_on_the_stove_state3_seed1_clean,libero_goal,CLEAN,TIER_X_REJECTED,False,False,False,False,False,False,False,False,False,False
/data/liuyu/outputs/libero_full4_clean_table1_10state_20260521_official_assets_gpu014526/runs/table1_libero10_living_room_scene2_put_both_the_alphabet_soup_and_the_tomato_sauce_in_the_basket_state4_seed1_clean,libero_10,CLEAN,TIER_X_REJECTED,False,False,False,False,False,False,False,False,False,False
/data/liuyu/outputs/libero_full4_clean_table1_10state_20260521_official_assets_gpu014526/runs/table1_goal_open_the_top_drawer_and_put_the_bowl_inside_state5_seed1_clean,libero_goal,CLEAN,TIER_X_REJECTED,False,False,False,False,False,False,False,False,False,False
/data/liuyu/outputs/libero_full4_clean_table1_10state_20260521_official_assets_gpu014526/runs/table1_spatial_pick_up_the_black_bowl_on_the_wooden_cabinet_and_place_it_on_the_plate_state4_seed1_clean,libero_spatial,CLEAN,TIER_X_REJECTED,False,False,False,False,False,False,False,False,False,False
/data/liuyu/outputs/libero_full4_clean_table1_10state_20260521_official_assets_gpu014526/runs/table1_object_pick_up_the_ketchup_and_place_it_in_the_basket_state8_seed1_clean,,CLEAN,TIER_X_REJECTED,False,False,False,False,False,False,False,False,False,False
/data/liuyu/outputs/libero_full4_clean_table1_10state_20260521_official_assets_gpu014526/runs/table1_goal_push_the_plate_to_the_front_of_the_stove_state6_seed1_clean,libero_goal,CLEAN,TIER_X_REJECTED,False,False,False,False,False,False,False,False,False,False
/data/liuyu/outputs/libero_full4_clean_table1_10state_20260521_official_assets_gpu014526/runs/table1_libero10_kitchen_scene8_put_both_moka_pots_on_the_stove_state6_seed1_clean,libero_10,CLEAN,TIER_X_REJECTED,False,False,False,False,False,False,False,False,False,False
/data/liuyu/outputs/libero_full4_clean_table1_10state_20260521_official_assets_gpu014526/runs/table1_libero10_kitchen_scene3_turn_on_the_stove_and_put_the_moka_pot_on_it_state3_seed1_clean,libero_10,CLEAN,TIER_X_REJECTED,False,False,False,False,False,False,False,False,False,False
/data/liuyu/outputs/libero_full4_clean_table1_10state_20260521_official_assets_gpu014526/runs/table1_libero10_living_room_scene1_put_both_the_alphabet_soup_and_the_cream_cheese_box_in_the_basket_state7_seed1_clean,libero_10,CLEAN,TIER_X_REJECTED,False,False,False,False,False,False,False,False,False,False
/data/liuyu/outputs/libero_full4_clean_table1_10state_20260521_official_assets_gpu014526/runs/table1_object_pick_up_the_chocolate_pudding_and_place_it_in_the_basket_state8_seed1_clean,,CLEAN,TIER_X_REJECTED,False,False,False,False,False,False,False,False,False,False
/data/liuyu/outputs/libero_full4_clean_table1_10state_20260521_official_assets_gpu014526/runs/table1_goal_open_the_top_drawer_and_put_the_bowl_inside_state3_seed1_clean,libero_goal,CLEAN,TIER_X_REJECTED,False,False,False,False,False,False,False,False,False,False
/data/liuyu/outputs/libero_full4_clean_table1_10state_20260521_official_assets_gpu014526/runs/table1_libero10_living_room_scene5_put_the_white_mug_on_the_left_plate_and_put_the_yellow_and_white_mug_on_the_right_plate_state2_seed1_clean,libero_10,CLEAN,TIER_X_REJECTED,False,False,False,False,False,False,False,False,False,False
/data/liuyu/outputs/libero_full4_clean_table1_10state_20260521_official_assets_gpu014526/runs/table1_goal_put_the_wine_bottle_on_top_of_the_cabinet_state6_seed1_clean,libero_goal,CLEAN,TIER_X_REJECTED,False,False,False,False,False,False,False,False,False,False
/data/liuyu/outputs/libero_full4_clean_table1_10state_20260521_official_assets_gpu014526/runs/table1_goal_put_the_cream_cheese_in_the_bowl_state8_seed1_clean,libero_goal,CLEAN,TIER_X_REJECTED,False,False,False,False,False,False,False,False,False,False
/data/liuyu/outputs/libero_full4_clean_table1_10state_20260521_official_assets_gpu014526/runs/table1_object_pick_up_the_bbq_sauce_and_place_it_in_the_basket_state6_seed1_clean,,CLEAN,TIER_X_REJECTED,False,False,False,False,False,False,False,False,False,False
/data/liuyu/outputs/libero_full4_clean_table1_10state_20260521_official_assets_gpu014526/runs/table1_libero10_living_room_scene6_put_the_white_mug_on_the_plate_and_put_the_chocolate_pudding_to_the_right_of_the_plate_state6_seed1_clean,libero_10,CLEAN,TIER_X_REJECTED,False,False,False,False,False,False,False,False,False,False
/data/liuyu/outputs/libero_full4_clean_table1_10state_20260521_official_assets_gpu014526/runs/table1_libero10_study_scene1_pick_up_the_book_and_place_it_in_the_back_compartment_of_the_caddy_state7_seed1_clean,libero_10,CLEAN,TIER_X_REJECTED,False,False,False,False,False,False,False,False,False,False
/data/liuyu/outputs/libero_full4_clean_table1_10state_20260521_official_assets_gpu014526/runs/table1_spatial_pick_up_the_black_bowl_in_the_top_drawer_of_the_wooden_cabinet_and_place_it_on_the_plate_state1_seed1_clean,libero_spatial,CLEAN,TIER_X_REJECTED,False,False,False,False,False,False,False,False,False,False
/data/liuyu/outputs/libero_full4_clean_table1_10state_20260521_official_assets_gpu014526/runs/table1_spatial_pick_up_the_black_bowl_from_table_center_and_place_it_on_the_plate_state2_seed1_clean,libero_spatial,CLEAN,TIER_X_REJECTED,False,False,False,False,False,False,False,False,False,False
/data/liuyu/outputs/libero_full4_clean_table1_10state_20260521_official_assets_gpu014526/runs/table1_libero10_kitchen_scene8_put_both_moka_pots_on_the_stove_state7_seed1_clean,libero_10,CLEAN,TIER_X_REJECTED,False,False,False,False,False,False,False,False,False,False
/data/liuyu/outputs/libero_full4_clean_table1_10state_20260521_official_assets_gpu014526/runs/table1_spatial_pick_up_the_black_bowl_in_the_top_drawer_of_the_wooden_cabinet_and_place_it_on_the_plate_state4_seed1_clean,libero_spatial,CLEAN,TIER_X_REJECTED,False,False,False,False,False,False,False,False,False,False
/data/liuyu/outputs/libero_full4_clean_table1_10state_20260521_official_assets_gpu014526/runs/table1_spatial_pick_up_the_black_bowl_next_to_the_plate_and_place_it_on_the_plate_state1_seed1_clean,libero_spatial,CLEAN,TIER_X_REJECTED,False,False,False,False,False,False,False,False,False,False
/data/liuyu/outputs/libero_full4_clean_table1_10state_20260521_official_assets_gpu014526/runs/table1_spatial_pick_up_the_black_bowl_on_the_wooden_cabinet_and_place_it_on_the_plate_state7_seed1_clean,libero_spatial,CLEAN,TIER_X_REJECTED,False,False,False,False,False,False,False,False,False,False
/data/liuyu/outputs/libero_full4_clean_table1_10state_20260521_official_assets_gpu014526/runs/table1_goal_open_the_top_drawer_and_put_the_bowl_inside_state9_seed1_clean,libero_goal,CLEAN,TIER_X_REJECTED,False,False,False,False,False,False,False,False,False,False
/data/liuyu/outputs/libero_full4_clean_table1_10state_20260521_official_assets_gpu014526/runs/table1_libero10_living_room_scene1_put_both_the_alphabet_soup_and_the_cream_cheese_box_in_the_basket_state1_seed1_clean,libero_10,CLEAN,TIER_X_REJECTED,False,False,False,False,False,False,False,False,False,False
/data/liuyu/outputs/libero_full4_clean_table1_10state_20260521_official_assets_gpu014526/runs/table1_object_pick_up_the_salad_dressing_and_place_it_in_the_basket_state0_seed1_clean,,CLEAN,TIER_X_REJECTED,False,False,False,False,False,False,False,False,False,False
/data/liuyu/outputs/libero_full4_clean_table1_10state_20260521_official_assets_gpu014526/runs/table1_object_pick_up_the_milk_and_place_it_in_the_basket_state3_seed1_clean,,CLEAN,TIER_X_REJECTED,False,False,False,False,False,False,False,False,False,False
/data/liuyu/outputs/libero_full4_clean_table1_10state_20260521_official_assets_gpu014526/runs/table1_object_pick_up_the_chocolate_pudding_and_place_it_in_the_basket_state9_seed1_clean,,CLEAN,TIER_X_REJECTED,False,False,False,False,False,False,False,False,False,False
/data/liuyu/outputs/libero_full4_clean_table1_10state_20260521_official_assets_gpu014526/runs/table1_libero10_living_room_scene1_put_both_the_alphabet_soup_and_the_cream_cheese_box_in_the_basket_state3_seed1_clean,libero_10,CLEAN,TIER_X_REJECTED,False,False,False,False,False,False,False,False,False,False
/data/liuyu/outputs/libero_full4_clean_table1_10state_20260521_official_assets_gpu014526/runs/table1_goal_push_the_plate_to_the_front_of_the_stove_state7_seed1_clean,libero_goal,CLEAN,TIER_X_REJECTED,False,False,False,False,False,False,False,False,False,False
/data/liuyu/outputs/libero_full4_clean_table1_10state_20260521_official_assets_gpu014526/runs/table1_libero10_kitchen_scene6_put_the_yellow_and_white_mug_in_the_microwave_and_close_it_state0_seed1_clean,libero_10,CLEAN,TIER_X_REJECTED,False,False,False,False,False,False,False,False,False,False
/data/liuyu/outputs/libero_full4_clean_table1_10state_20260521_official_assets_gpu014526/runs/table1_spatial_pick_up_the_black_bowl_on_the_wooden_cabinet_and_place_it_on_the_plate_state2_seed1_clean,libero_spatial,CLEAN,TIER_X_REJECTED,False,False,False,False,False,False,False,False,False,False
/data/liuyu/outputs/libero_full4_clean_table1_10state_20260521_official_assets_gpu014526/runs/table1_spatial_pick_up_the_black_bowl_next_to_the_plate_and_place_it_on_the_plate_state2_seed1_clean,libero_spatial,CLEAN,TIER_X_REJECTED,False,False,False,False,False,False,False,False,False,False
/data/liuyu/outputs/libero_full4_clean_table1_10state_20260521_official_assets_gpu014526/runs/table1_spatial_pick_up_the_black_bowl_next_to_the_cookie_box_and_place_it_on_the_plate_state5_seed1_clean,libero_spatial,CLEAN,TIER_X_REJECTED,False,False,False,False,False,False,False,False,False,False
/data/liuyu/outputs/libero_full4_clean_table1_10state_20260521_official_assets_gpu014526/runs/table1_libero10_kitchen_scene4_put_the_black_bowl_in_the_bottom_drawer_of_the_cabinet_and_close_it_state7_seed1_clean,libero_10,CLEAN,TIER_X_REJECTED,False,False,False,False,False,False,False,False,False,False
/data/liuyu/outputs/libero_full4_clean_table1_10state_20260521_official_assets_gpu014526/runs/table1_libero10_living_room_scene5_put_the_white_mug_on_the_left_plate_and_put_the_yellow_and_white_mug_on_the_right_plate_state0_seed1_clean,libero_10,CLEAN,TIER_X_REJECTED,False,False,False,False,False,False,False,False,False,False
/data/liuyu/outputs/libero_full4_clean_table1_10state_20260521_official_assets_gpu014526/runs/table1_goal_put_the_bowl_on_top_of_the_cabinet_state4_seed1_clean,libero_goal,CLEAN,TIER_X_REJECTED,False,False,False,False,False,False,False,False,False,False
/data/liuyu/outputs/libero_full4_clean_table1_10state_20260521_official_assets_gpu014526/runs/table1_object_pick_up_the_bbq_sauce_and_place_it_in_the_basket_state7_seed1_clean,,CLEAN,TIER_X_REJECTED,False,False,False,False,False,False,False,False,False,False
/data/liuyu/outputs/libero_full4_clean_table1_10state_20260521_official_assets_gpu014526/runs/table1_object_pick_up_the_milk_and_place_it_in_the_basket_state1_seed1_clean,,CLEAN,TIER_X_REJECTED,False,False,False,False,False,False,False,False,False,False
/data/liuyu/outputs/libero_full4_clean_table1_10state_20260521_official_assets_gpu014526/runs/table1_goal_put_the_bowl_on_the_stove_state6_seed1_clean,libero_goal,CLEAN,TIER_X_REJECTED,False,False,False,False,False,False,False,False,False,False
/data/liuyu/outputs/libero_full4_clean_table1_10state_20260521_official_assets_gpu014526/runs/table1_libero10_kitchen_scene3_turn_on_the_stove_and_put_the_moka_pot_on_it_state8_seed1_clean,libero_10,CLEAN,TIER_X_REJECTED,False,False,False,False,False,False,False,False,False,False
/data/liuyu/outputs/libero_full4_clean_table1_10state_20260521_official_assets_gpu014526/runs/table1_goal_put_the_bowl_on_the_plate_state0_seed1_clean,libero_goal,CLEAN,TIER_X_REJECTED,False,False,False,False,False,False,False,False,False,False
/data/liuyu/outputs/libero_full4_clean_table1_10state_20260521_official_assets_gpu014526/runs/table1_libero10_study_scene1_pick_up_the_book_and_place_it_in_the_back_compartment_of_the_caddy_state0_seed1_clean,libero_10,CLEAN,TIER_X_REJECTED,False,False,False,False,False,False,False,False,False,False
/data/liuyu/outputs/libero_full4_clean_table1_10state_20260521_official_assets_gpu014526/runs/table1_object_pick_up_the_butter_and_place_it_in_the_basket_state5_seed1_clean,,CLEAN,TIER_X_REJECTED,False,False,False,False,False,False,False,False,False,False
/data/liuyu/outputs/libero_full4_clean_table1_10state_20260521_official_assets_gpu014526/runs/table1_libero10_kitchen_scene6_put_the_yellow_and_white_mug_in_the_microwave_and_close_it_state9_seed1_clean,libero_10,CLEAN,TIER_X_REJECTED,False,False,False,False,False,False,False,False,False,False
/data/liuyu/outputs/libero_full4_clean_table1_10state_20260521_official_assets_gpu014526/runs/table1_goal_turn_on_the_stove_state0_seed1_clean,libero_goal,CLEAN,TIER_X_REJECTED,False,False,False,False,False,False,False,False,False,False
/data/liuyu/outputs/libero_full4_clean_table1_10state_20260521_official_assets_gpu014526/runs/table1_goal_put_the_wine_bottle_on_the_rack_state7_seed1_clean,libero_goal,CLEAN,TIER_X_REJECTED,False,False,False,False,False,False,False,False,False,False
/data/liuyu/outputs/libero_full4_clean_table1_10state_20260521_official_assets_gpu014526/runs/table1_object_pick_up_the_salad_dressing_and_place_it_in_the_basket_state2_seed1_clean,,CLEAN,TIER_X_REJECTED,False,False,False,False,False,False,False,False,False,False
/data/liuyu/outputs/libero_full4_clean_table1_10state_20260521_official_assets_gpu014526/runs/table1_spatial_pick_up_the_black_bowl_next_to_the_plate_and_place_it_on_the_plate_state9_seed1_clean,libero_spatial,CLEAN,TIER_X_REJECTED,False,False,False,False,False,False,False,False,False,False
/data/liuyu/outputs/libero_full4_clean_table1_10state_20260521_official_assets_gpu014526/runs/table1_libero10_kitchen_scene6_put_the_yellow_and_white_mug_in_the_microwave_and_close_it_state8_seed1_clean,libero_10,CLEAN,TIER_X_REJECTED,False,False,False,False,False,False,False,False,False,False
/data/liuyu/outputs/libero_full4_clean_table1_10state_20260521_official_assets_gpu014526/runs/table1_object_pick_up_the_alphabet_soup_and_place_it_in_the_basket_state1_seed1_clean,,CLEAN,TIER_X_REJECTED,False,False,False,False,False,False,False,False,False,False
/data/liuyu/outputs/libero_full4_clean_table1_10state_20260521_official_assets_gpu014526/runs/table1_object_pick_up_the_butter_and_place_it_in_the_basket_state2_seed1_clean,,CLEAN,TIER_X_REJECTED,False,False,False,False,False,False,False,False,False,False
/data/liuyu/outputs/libero_full4_clean_table1_10state_20260521_official_assets_gpu014526/runs/table1_libero10_study_scene1_pick_up_the_book_and_place_it_in_the_back_compartment_of_the_caddy_state4_seed1_clean,libero_10,CLEAN,TIER_X_REJECTED,False,False,False,False,False,False,False,False,False,False
/data/liuyu/outputs/libero_full4_clean_table1_10state_20260521_official_assets_gpu014526/runs/table1_goal_open_the_top_drawer_and_put_the_bowl_inside_state0_seed1_clean,libero_goal,CLEAN,TIER_X_REJECTED,False,False,False,False,False,False,False,False,False,False
/data/liuyu/outputs/libero_full4_clean_table1_10state_20260521_official_assets_gpu014526/runs/table1_goal_put_the_bowl_on_the_stove_state7_seed1_clean,libero_goal,CLEAN,TIER_X_REJECTED,False,False,False,False,False,False,False,False,False,False
/data/liuyu/outputs/libero_full4_clean_table1_10state_20260521_official_assets_gpu014526/runs/table1_object_pick_up_the_orange_juice_and_place_it_in_the_basket_state7_seed1_clean,,CLEAN,TIER_X_REJECTED,False,False,False,False,False,False,False,False,False,False
/data/liuyu/outputs/libero_full4_clean_table1_10state_20260521_official_assets_gpu014526/runs/table1_spatial_pick_up_the_black_bowl_next_to_the_ramekin_and_place_it_on_the_plate_state5_seed1_clean,libero_spatial,CLEAN,TIER_X_REJECTED,False,False,False,False,False,False,False,False,False,False
/data/liuyu/outputs/libero_full4_clean_table1_10state_20260521_official_assets_gpu014526/runs/table1_object_pick_up_the_alphabet_soup_and_place_it_in_the_basket_state7_seed1_clean,,CLEAN,TIER_X_REJECTED,False,False,False,False,False,False,False,False,False,False
/data/liuyu/outputs/libero_full4_clean_table1_10state_20260521_official_assets_gpu014526/runs/table1_object_pick_up_the_tomato_sauce_and_place_it_in_the_basket_state9_seed1_clean,,CLEAN,TIER_X_REJECTED,False,False,False,False,False,False,False,False,False,False
/data/liuyu/outputs/libero_full4_clean_table1_10state_20260521_official_assets_gpu014526/runs/table1_goal_turn_on_the_stove_state5_seed1_clean,libero_goal,CLEAN,TIER_X_REJECTED,False,False,False,False,False,False,False,False,False,False
/data/liuyu/outputs/libero_full4_clean_table1_10state_20260521_official_assets_gpu014526/runs/table1_object_pick_up_the_orange_juice_and_place_it_in_the_basket_state3_seed1_clean,,CLEAN,TIER_X_REJECTED,False,False,False,False,False,False,False,False,False,False
/data/liuyu/outputs/libero_full4_clean_table1_10state_20260521_official_assets_gpu014526/runs/table1_libero10_living_room_scene2_put_both_the_cream_cheese_box_and_the_butter_in_the_basket_state9_seed1_clean,libero_10,CLEAN,TIER_X_REJECTED,False,False,False,False,False,False,False,False,False,False
/data/liuyu/outputs/libero_full4_clean_table1_10state_20260521_official_assets_gpu014526/runs/table1_libero10_study_scene1_pick_up_the_book_and_place_it_in_the_back_compartment_of_the_caddy_state9_seed1_clean,libero_10,CLEAN,TIER_X_REJECTED,False,False,False,False,False,False,False,False,False,False
/data/liuyu/outputs/libero_full4_clean_table1_10state_20260521_official_assets_gpu014526/runs/table1_libero10_living_room_scene5_put_the_white_mug_on_the_left_plate_and_put_the_yellow_and_white_mug_on_the_right_plate_state6_seed1_clean,libero_10,CLEAN,TIER_X_REJECTED,False,False,False,False,False,False,False,False,False,False
/data/liuyu/outputs/libero_full4_clean_table1_10state_20260521_official_assets_gpu014526/runs/table1_goal_put_the_bowl_on_top_of_the_cabinet_state5_seed1_clean,libero_goal,CLEAN,TIER_X_REJECTED,False,False,False,False,False,False,False,False,False,False
/data/liuyu/outputs/libero_full4_clean_table1_10state_20260521_official_assets_gpu014526/runs/table1_spatial_pick_up_the_black_bowl_next_to_the_cookie_box_and_place_it_on_the_plate_state4_seed1_clean,libero_spatial,CLEAN,TIER_X_REJECTED,False,False,False,False,False,False,False,False,False,False
/data/liuyu/outputs/libero_full4_clean_table1_10state_20260521_official_assets_gpu014526/runs/table1_object_pick_up_the_milk_and_place_it_in_the_basket_state8_seed1_clean,,CLEAN,TIER_X_REJECTED,False,False,False,False,False,False,False,False,False,False
/data/liuyu/outputs/libero_full4_clean_table1_10state_20260521_official_assets_gpu014526/runs/table1_object_pick_up_the_milk_and_place_it_in_the_basket_state6_seed1_clean,,CLEAN,TIER_X_REJECTED,False,False,False,False,False,False,False,False,False,False
/data/liuyu/outputs/libero_full4_clean_table1_10state_20260521_official_assets_gpu014526/runs/table1_object_pick_up_the_cream_cheese_and_place_it_in_the_basket_state3_seed1_clean,,CLEAN,TIER_X_REJECTED,False,False,False,False,False,False,False,False,False,False
/data/liuyu/outputs/libero_full4_clean_table1_10state_20260521_official_assets_gpu014526/runs/table1_goal_push_the_plate_to_the_front_of_the_stove_state9_seed1_clean,libero_goal,CLEAN,TIER_X_REJECTED,False,False,False,False,False,False,False,False,False,False
/data/liuyu/outputs/libero_full4_clean_table1_10state_20260521_official_assets_gpu014526/runs/table1_libero10_living_room_scene1_put_both_the_alphabet_soup_and_the_cream_cheese_box_in_the_basket_state8_seed1_clean,libero_10,CLEAN,TIER_X_REJECTED,False,False,False,False,False,False,False,False,False,False
/data/liuyu/outputs/libero_full4_clean_table1_10state_20260521_official_assets_gpu014526/runs/table1_goal_put_the_cream_cheese_in_the_bowl_state1_seed1_clean,libero_goal,CLEAN,TIER_X_REJECTED,False,False,False,False,False,False,False,False,False,False
/data/liuyu/outputs/libero_full4_clean_table1_10state_20260521_official_assets_gpu014526/runs/table1_libero10_kitchen_scene4_put_the_black_bowl_in_the_bottom_drawer_of_the_cabinet_and_close_it_state8_seed1_clean,libero_10,CLEAN,TIER_X_REJECTED,False,False,False,False,False,False,False,False,False,False
/data/liuyu/outputs/libero_full4_clean_table1_10state_20260521_official_assets_gpu014526/runs/table1_libero10_study_scene1_pick_up_the_book_and_place_it_in_the_back_compartment_of_the_caddy_state1_seed1_clean,libero_10,CLEAN,TIER_X_REJECTED,False,False,False,False,False,False,False,False,False,False
/data/liuyu/outputs/libero_full4_clean_table1_10state_20260521_official_assets_gpu014526/runs/table1_object_pick_up_the_bbq_sauce_and_place_it_in_the_basket_state3_seed1_clean,,CLEAN,TIER_X_REJECTED,False,False,False,False,False,False,False,False,False,False
/data/liuyu/outputs/libero_full4_clean_table1_10state_20260521_official_assets_gpu014526/runs/table1_object_pick_up_the_orange_juice_and_place_it_in_the_basket_state1_seed1_clean,,CLEAN,TIER_X_REJECTED,False,False,False,False,False,False,False,False,False,False
/data/liuyu/outputs/libero_full4_clean_table1_10state_20260521_official_assets_gpu014526/runs/table1_libero10_living_room_scene6_put_the_white_mug_on_the_plate_and_put_the_chocolate_pudding_to_the_right_of_the_plate_state5_seed1_clean,libero_10,CLEAN,TIER_X_REJECTED,False,False,False,False,False,False,False,False,False,False
/data/liuyu/outputs/libero_full4_clean_table1_10state_20260521_official_assets_gpu014526/runs/table1_spatial_pick_up_the_black_bowl_between_the_plate_and_the_ramekin_and_place_it_on_the_plate_state3_seed1_clean,libero_spatial,CLEAN,TIER_X_REJECTED,False,False,False,False,False,False,False,False,False,False
/data/liuyu/outputs/libero_full4_clean_table1_10state_20260521_official_assets_gpu014526/runs/table1_spatial_pick_up_the_black_bowl_from_table_center_and_place_it_on_the_plate_state0_seed1_clean,libero_spatial,CLEAN,TIER_X_REJECTED,False,False,False,False,False,False,False,False,False,False
/data/liuyu/outputs/libero_full4_clean_table1_10state_20260521_official_assets_gpu014526/runs/table1_object_pick_up_the_tomato_sauce_and_place_it_in_the_basket_state2_seed1_clean,,CLEAN,TIER_X_REJECTED,False,False,False,False,False,False,False,False,False,False
/data/liuyu/outputs/libero_full4_clean_table1_10state_20260521_official_assets_gpu014526/runs/table1_goal_open_the_middle_drawer_of_the_cabinet_state5_seed1_clean,libero_goal,CLEAN,TIER_X_REJECTED,False,False,False,False,False,False,False,False,False,False
/data/liuyu/outputs/libero_full4_clean_table1_10state_20260521_official_assets_gpu014526/runs/table1_libero10_living_room_scene2_put_both_the_alphabet_soup_and_the_tomato_sauce_in_the_basket_state6_seed1_clean,libero_10,CLEAN,TIER_X_REJECTED,False,False,False,False,False,False,False,False,False,False
/data/liuyu/outputs/libero_full4_clean_table1_10state_20260521_official_assets_gpu014526/runs/table1_spatial_pick_up_the_black_bowl_on_the_cookie_box_and_place_it_on_the_plate_state5_seed1_clean,libero_spatial,CLEAN,TIER_X_REJECTED,False,False,False,False,False,False,False,False,False,False
/data/liuyu/outputs/libero_full4_clean_table1_10state_20260521_official_assets_gpu014526/runs/table1_object_pick_up_the_ketchup_and_place_it_in_the_basket_state3_seed1_clean,,CLEAN,TIER_X_REJECTED,False,False,False,False,False,False,False,False,False,False
/data/liuyu/outputs/libero_full4_clean_table1_10state_20260521_official_assets_gpu014526/runs/table1_object_pick_up_the_alphabet_soup_and_place_it_in_the_basket_state5_seed1_clean,,CLEAN,TIER_X_REJECTED,False,False,False,False,False,False,False,False,False,False
/data/liuyu/outputs/libero_full4_clean_table1_10state_20260521_official_assets_gpu014526/runs/table1_object_pick_up_the_bbq_sauce_and_place_it_in_the_basket_state1_seed1_clean,,CLEAN,TIER_X_REJECTED,False,False,False,False,False,False,False,False,False,False
/data/liuyu/outputs/libero_full4_clean_table1_10state_20260521_official_assets_gpu014526/runs/table1_spatial_pick_up_the_black_bowl_next_to_the_plate_and_place_it_on_the_plate_state3_seed1_clean,libero_spatial,CLEAN,TIER_X_REJECTED,False,False,False,False,False,False,False,False,False,False
/data/liuyu/outputs/libero_full4_clean_table1_10state_20260521_official_assets_gpu014526/runs/table1_object_pick_up_the_orange_juice_and_place_it_in_the_basket_state4_seed1_clean,,CLEAN,TIER_X_REJECTED,False,False,False,False,False,False,False,False,False,False
/data/liuyu/outputs/libero_full4_clean_table1_10state_20260521_official_assets_gpu014526/runs/table1_libero10_study_scene1_pick_up_the_book_and_place_it_in_the_back_compartment_of_the_caddy_state5_seed1_clean,libero_10,CLEAN,TIER_X_REJECTED,False,False,False,False,False,False,False,False,False,False
/data/liuyu/outputs/libero_full4_clean_table1_10state_20260521_official_assets_gpu014526/runs/table1_goal_push_the_plate_to_the_front_of_the_stove_state5_seed1_clean,libero_goal,CLEAN,TIER_X_REJECTED,False,False,False,False,False,False,False,False,False,False
/data/liuyu/outputs/libero_full4_clean_table1_10state_20260521_official_assets_gpu014526/runs/table1_spatial_pick_up_the_black_bowl_on_the_ramekin_and_place_it_on_the_plate_state3_seed1_clean,libero_spatial,CLEAN,TIER_X_REJECTED,False,False,False,False,False,False,False,False,False,False
/data/liuyu/outputs/libero_full4_clean_table1_10state_20260521_official_assets_gpu014526/runs/table1_libero10_kitchen_scene6_put_the_yellow_and_white_mug_in_the_microwave_and_close_it_state7_seed1_clean,libero_10,CLEAN,TIER_X_REJECTED,False,False,False,False,False,False,False,False,False,False
/data/liuyu/outputs/libero_full4_clean_table1_10state_20260521_official_assets_gpu014526/runs/table1_spatial_pick_up_the_black_bowl_next_to_the_ramekin_and_place_it_on_the_plate_state1_seed1_clean,libero_spatial,CLEAN,TIER_X_REJECTED,False,False,False,False,False,False,False,False,False,False
/data/liuyu/outputs/libero_full4_clean_table1_10state_20260521_official_assets_gpu014526/runs/table1_object_pick_up_the_milk_and_place_it_in_the_basket_state5_seed1_clean,,CLEAN,TIER_X_REJECTED,False,False,False,False,False,False,False,False,False,False
/data/liuyu/outputs/libero_full4_clean_table1_10state_20260521_official_assets_gpu014526/runs/table1_object_pick_up_the_salad_dressing_and_place_it_in_the_basket_state5_seed1_clean,,CLEAN,TIER_X_REJECTED,False,False,False,False,False,False,False,False,False,False
/data/liuyu/outputs/libero_full4_clean_table1_10state_20260521_official_assets_gpu014526/runs/table1_spatial_pick_up_the_black_bowl_in_the_top_drawer_of_the_wooden_cabinet_and_place_it_on_the_plate_state5_seed1_clean,libero_spatial,CLEAN,TIER_X_REJECTED,False,False,False,False,False,False,False,False,False,False
/data/liuyu/outputs/libero_full4_clean_table1_10state_20260521_official_assets_gpu014526/runs/table1_object_pick_up_the_bbq_sauce_and_place_it_in_the_basket_state5_seed1_clean,,CLEAN,TIER_X_REJECTED,False,False,False,False,False,False,False,False,False,False
/data/liuyu/outputs/libero_full4_clean_table1_10state_20260521_official_assets_gpu014526/runs/table1_libero10_kitchen_scene6_put_the_yellow_and_white_mug_in_the_microwave_and_close_it_state1_seed1_clean,libero_10,CLEAN,TIER_X_REJECTED,False,False,False,False,False,False,False,False,False,False
/data/liuyu/outputs/libero_full4_clean_table1_10state_20260521_official_assets_gpu014526/runs/table1_goal_put_the_bowl_on_the_plate_state3_seed1_clean,libero_goal,CLEAN,TIER_X_REJECTED,False,False,False,False,False,False,False,False,False,False
/data/liuyu/outputs/libero_full4_clean_table1_10state_20260521_official_assets_gpu014526/runs/table1_libero10_living_room_scene2_put_both_the_cream_cheese_box_and_the_butter_in_the_basket_state8_seed1_clean,libero_10,CLEAN,TIER_X_REJECTED,False,False,False,False,False,False,False,False,False,False
/data/liuyu/outputs/libero_full4_clean_table1_10state_20260521_official_assets_gpu014526/runs/table1_libero10_living_room_scene5_put_the_white_mug_on_the_left_plate_and_put_the_yellow_and_white_mug_on_the_right_plate_state4_seed1_clean,libero_10,CLEAN,TIER_X_REJECTED,False,False,False,False,False,False,False,False,False,False
/data/liuyu/outputs/libero_full4_clean_table1_10state_20260521_official_assets_gpu014526/runs/table1_spatial_pick_up_the_black_bowl_on_the_wooden_cabinet_and_place_it_on_the_plate_state6_seed1_clean,libero_spatial,CLEAN,TIER_X_REJECTED,False,False,False,False,False,False,False,False,False,False
/data/liuyu/outputs/libero_full4_clean_table1_10state_20260521_official_assets_gpu014526/runs/table1_goal_put_the_wine_bottle_on_the_rack_state5_seed1_clean,libero_goal,CLEAN,TIER_X_REJECTED,False,False,False,False,False,False,False,False,False,False
/data/liuyu/outputs/libero_full4_clean_table1_10state_20260521_official_assets_gpu014526/runs/table1_goal_open_the_middle_drawer_of_the_cabinet_state7_seed1_clean,libero_goal,CLEAN,TIER_X_REJECTED,False,False,False,False,False,False,False,False,False,False
/data/liuyu/outputs/libero_full4_clean_table1_10state_20260521_official_assets_gpu014526/runs/table1_goal_push_the_plate_to_the_front_of_the_stove_state0_seed1_clean,libero_goal,CLEAN,TIER_X_REJECTED,False,False,False,False,False,False,False,False,False,False
/data/liuyu/outputs/libero_full4_clean_table1_10state_20260521_official_assets_gpu014526/runs/table1_libero10_kitchen_scene4_put_the_black_bowl_in_the_bottom_drawer_of_the_cabinet_and_close_it_state2_seed1_clean,libero_10,CLEAN,TIER_X_REJECTED,False,False,False,False,False,False,False,False,False,False
/data/liuyu/outputs/libero_full4_clean_table1_10state_20260521_official_assets_gpu014526/runs/table1_spatial_pick_up_the_black_bowl_on_the_stove_and_place_it_on_the_plate_state2_seed1_clean,libero_spatial,CLEAN,TIER_X_REJECTED,False,False,False,False,False,False,False,False,False,False
/data/liuyu/outputs/libero_full4_clean_table1_10state_20260521_official_assets_gpu014526/runs/table1_goal_put_the_bowl_on_top_of_the_cabinet_state9_seed1_clean,libero_goal,CLEAN,TIER_X_REJECTED,False,False,False,False,False,False,False,False,False,False
/data/liuyu/outputs/libero_full4_clean_table1_10state_20260521_official_assets_gpu014526/runs/table1_goal_turn_on_the_stove_state7_seed1_clean,libero_goal,CLEAN,TIER_X_REJECTED,False,False,False,False,False,False,False,False,False,False
/data/liuyu/outputs/libero_full4_clean_table1_10state_20260521_official_assets_gpu014526/runs/table1_spatial_pick_up_the_black_bowl_from_table_center_and_place_it_on_the_plate_state7_seed1_clean,libero_spatial,CLEAN,TIER_X_REJECTED,False,False,False,False,False,False,False,False,False,False
/data/liuyu/outputs/libero_full4_clean_table1_10state_20260521_official_assets_gpu014526/runs/table1_libero10_living_room_scene2_put_both_the_cream_cheese_box_and_the_butter_in_the_basket_state3_seed1_clean,libero_10,CLEAN,TIER_X_REJECTED,False,False,False,False,False,False,False,False,False,False
/data/liuyu/outputs/libero_full4_clean_table1_10state_20260521_official_assets_gpu014526/runs/table1_spatial_pick_up_the_black_bowl_on_the_stove_and_place_it_on_the_plate_state1_seed1_clean,libero_spatial,CLEAN,TIER_X_REJECTED,False,False,False,False,False,False,False,False,False,False
/data/liuyu/outputs/libero_full4_clean_table1_10state_20260521_official_assets_gpu014526/runs/table1_spatial_pick_up_the_black_bowl_next_to_the_cookie_box_and_place_it_on_the_plate_state0_seed1_clean,libero_spatial,CLEAN,TIER_X_REJECTED,False,False,False,False,False,False,False,False,False,False
/data/liuyu/outputs/libero_full4_clean_table1_10state_20260521_official_assets_gpu014526/runs/table1_libero10_kitchen_scene4_put_the_black_bowl_in_the_bottom_drawer_of_the_cabinet_and_close_it_state4_seed1_clean,libero_10,CLEAN,TIER_X_REJECTED,False,False,False,False,False,False,False,False,False,False
/data/liuyu/outputs/libero_full4_clean_table1_10state_20260521_official_assets_gpu014526/runs/table1_object_pick_up_the_salad_dressing_and_place_it_in_the_basket_state6_seed1_clean,,CLEAN,TIER_X_REJECTED,False,False,False,False,False,False,False,False,False,False
/data/liuyu/outputs/libero_full4_clean_table1_10state_20260521_official_assets_gpu014526/runs/table1_object_pick_up_the_butter_and_place_it_in_the_basket_state0_seed1_clean,,CLEAN,TIER_X_REJECTED,False,False,False,False,False,False,False,False,False,False
/data/liuyu/outputs/libero_full4_clean_table1_10state_20260521_official_assets_gpu014526/runs/table1_spatial_pick_up_the_black_bowl_next_to_the_plate_and_place_it_on_the_plate_state4_seed1_clean,libero_spatial,CLEAN,TIER_X_REJECTED,False,False,False,False,False,False,False,False,False,False
/data/liuyu/outputs/libero_full4_clean_table1_10state_20260521_official_assets_gpu014526/runs/table1_goal_push_the_plate_to_the_front_of_the_stove_state2_seed1_clean,libero_goal,CLEAN,TIER_X_REJECTED,False,False,False,False,False,False,False,False,False,False
/data/liuyu/outputs/libero_full4_clean_table1_10state_20260521_official_assets_gpu014526/runs/table1_goal_put_the_cream_cheese_in_the_bowl_state5_seed1_clean,libero_goal,CLEAN,TIER_X_REJECTED,False,False,False,False,False,False,False,False,False,False
/data/liuyu/outputs/libero_full4_clean_table1_10state_20260521_official_assets_gpu014526/runs/table1_object_pick_up_the_orange_juice_and_place_it_in_the_basket_state6_seed1_clean,,CLEAN,TIER_X_REJECTED,False,False,False,False,False,False,False,False,False,False
/data/liuyu/outputs/libero_full4_clean_table1_10state_20260521_official_assets_gpu014526/runs/table1_object_pick_up_the_bbq_sauce_and_place_it_in_the_basket_state9_seed1_clean,,CLEAN,TIER_X_REJECTED,False,False,False,False,False,False,False,False,False,False
/data/liuyu/outputs/libero_full4_clean_table1_10state_20260521_official_assets_gpu014526/runs/table1_spatial_pick_up_the_black_bowl_between_the_plate_and_the_ramekin_and_place_it_on_the_plate_state1_seed1_clean,libero_spatial,CLEAN,TIER_X_REJECTED,False,False,False,False,False,False,False,False,False,False
/data/liuyu/outputs/libero_full4_clean_table1_10state_20260521_official_assets_gpu014526/runs/table1_libero10_study_scene1_pick_up_the_book_and_place_it_in_the_back_compartment_of_the_caddy_state8_seed1_clean,libero_10,CLEAN,TIER_X_REJECTED,False,False,False,False,False,False,False,False,False,False
/data/liuyu/outputs/libero_full4_clean_table1_10state_20260521_official_assets_gpu014526/runs/table1_spatial_pick_up_the_black_bowl_on_the_ramekin_and_place_it_on_the_plate_state0_seed1_clean,libero_spatial,CLEAN,TIER_X_REJECTED,False,False,False,False,False,False,False,False,False,False
/data/liuyu/outputs/libero_full4_clean_table1_10state_20260521_official_assets_gpu014526/runs/table1_spatial_pick_up_the_black_bowl_on_the_stove_and_place_it_on_the_plate_state4_seed1_clean,libero_spatial,CLEAN,TIER_X_REJECTED,False,False,False,False,False,False,False,False,False,False
/data/liuyu/outputs/libero_full4_clean_table1_10state_20260521_official_assets_gpu014526/runs/table1_goal_put_the_wine_bottle_on_the_rack_state1_seed1_clean,libero_goal,CLEAN,TIER_X_REJECTED,False,False,False,False,False,False,False,False,False,False
/data/liuyu/outputs/libero_full4_clean_table1_10state_20260521_official_assets_gpu014526/runs/table1_libero10_living_room_scene1_put_both_the_alphabet_soup_and_the_cream_cheese_box_in_the_basket_state5_seed1_clean,libero_10,CLEAN,TIER_X_REJECTED,False,False,False,False,False,False,False,False,False,False
/data/liuyu/outputs/libero_full4_clean_table1_10state_20260521_official_assets_gpu014526/runs/table1_spatial_pick_up_the_black_bowl_next_to_the_cookie_box_and_place_it_on_the_plate_state1_seed1_clean,libero_spatial,CLEAN,TIER_X_REJECTED,False,False,False,False,False,False,False,False,False,False
/data/liuyu/outputs/libero_full4_clean_table1_10state_20260521_official_assets_gpu014526/runs/table1_goal_put_the_cream_cheese_in_the_bowl_state4_seed1_clean,libero_goal,CLEAN,TIER_X_REJECTED,False,False,False,False,False,False,False,False,False,False
/data/liuyu/outputs/libero_full4_clean_table1_10state_20260521_official_assets_gpu014526/runs/table1_spatial_pick_up_the_black_bowl_between_the_plate_and_the_ramekin_and_place_it_on_the_plate_state0_seed1_clean,libero_spatial,CLEAN,TIER_X_REJECTED,False,False,False,False,False,False,False,False,False,False
/data/liuyu/outputs/libero_full4_clean_table1_10state_20260521_official_assets_gpu014526/runs/table1_libero10_living_room_scene6_put_the_white_mug_on_the_plate_and_put_the_chocolate_pudding_to_the_right_of_the_plate_state9_seed1_clean,libero_10,CLEAN,TIER_X_REJECTED,False,False,False,False,False,False,False,False,False,False
/data/liuyu/outputs/libero_full4_clean_table1_10state_20260521_official_assets_gpu014526/runs/table1_object_pick_up_the_salad_dressing_and_place_it_in_the_basket_state8_seed1_clean,,CLEAN,TIER_X_REJECTED,False,False,False,False,False,False,False,False,False,False
/data/liuyu/outputs/libero_full4_clean_table1_10state_20260521_official_assets_gpu014526/runs/table1_libero10_living_room_scene5_put_the_white_mug_on_the_left_plate_and_put_the_yellow_and_white_mug_on_the_right_plate_state9_seed1_clean,libero_10,CLEAN,TIER_X_REJECTED,False,False,False,False,False,False,False,False,False,False
/data/liuyu/outputs/libero_full4_clean_table1_10state_20260521_official_assets_gpu014526/runs/table1_object_pick_up_the_alphabet_soup_and_place_it_in_the_basket_state9_seed1_clean,,CLEAN,TIER_X_REJECTED,False,False,False,False,False,False,False,False,False,False
/data/liuyu/outputs/libero_full4_clean_table1_10state_20260521_official_assets_gpu014526/runs/table1_goal_put_the_wine_bottle_on_the_rack_state2_seed1_clean,libero_goal,CLEAN,TIER_X_REJECTED,False,False,False,False,False,False,False,False,False,False
/data/liuyu/outputs/libero_full4_clean_table1_10state_20260521_official_assets_gpu014526/runs/table1_object_pick_up_the_butter_and_place_it_in_the_basket_state7_seed1_clean,,CLEAN,TIER_X_REJECTED,False,False,False,False,False,False,False,False,False,False
/data/liuyu/outputs/libero_full4_clean_table1_10state_20260521_official_assets_gpu014526/runs/table1_spatial_pick_up_the_black_bowl_on_the_stove_and_place_it_on_the_plate_state9_seed1_clean,libero_spatial,CLEAN,TIER_X_REJECTED,False,False,False,False,False,False,False,False,False,False
/data/liuyu/outputs/libero_full4_clean_table1_10state_20260521_official_assets_gpu014526/runs/table1_object_pick_up_the_salad_dressing_and_place_it_in_the_basket_state4_seed1_clean,,CLEAN,TIER_X_REJECTED,False,False,False,False,False,False,False,False,False,False
/data/liuyu/outputs/libero_full4_clean_table1_10state_20260521_official_assets_gpu014526/runs/table1_object_pick_up_the_ketchup_and_place_it_in_the_basket_state2_seed1_clean,,CLEAN,TIER_X_REJECTED,False,False,False,False,False,False,False,False,False,False
/data/liuyu/outputs/libero_full4_clean_table1_10state_20260521_official_assets_gpu014526/runs/table1_libero10_living_room_scene6_put_the_white_mug_on_the_plate_and_put_the_chocolate_pudding_to_the_right_of_the_plate_state8_seed1_clean,libero_10,CLEAN,TIER_X_REJECTED,False,False,False,False,False,False,False,False,False,False
/data/liuyu/outputs/libero_full4_clean_table1_10state_20260521_official_assets_gpu014526/runs/table1_object_pick_up_the_chocolate_pudding_and_place_it_in_the_basket_state7_seed1_clean,,CLEAN,TIER_X_REJECTED,False,False,False,False,False,False,False,False,False,False
/data/liuyu/outputs/libero_full4_clean_table1_10state_20260521_official_assets_gpu014526/runs/table1_libero10_kitchen_scene8_put_both_moka_pots_on_the_stove_state3_seed1_clean,libero_10,CLEAN,TIER_X_REJECTED,False,False,False,False,False,False,False,False,False,False
/data/liuyu/outputs/libero_full4_clean_table1_10state_20260521_official_assets_gpu014526/runs/table1_libero10_kitchen_scene6_put_the_yellow_and_white_mug_in_the_microwave_and_close_it_state6_seed1_clean,libero_10,CLEAN,TIER_X_REJECTED,False,False,False,False,False,False,False,False,False,False
/data/liuyu/outputs/libero_full4_clean_table1_10state_20260521_official_assets_gpu014526/runs/table1_goal_put_the_cream_cheese_in_the_bowl_state3_seed1_clean,libero_goal,CLEAN,TIER_X_REJECTED,False,False,False,False,False,False,False,False,False,False
/data/liuyu/outputs/libero_full4_clean_table1_10state_20260521_official_assets_gpu014526/runs/table1_goal_open_the_top_drawer_and_put_the_bowl_inside_state6_seed1_clean,libero_goal,CLEAN,TIER_X_REJECTED,False,False,False,False,False,False,False,False,False,False
/data/liuyu/outputs/libero_full4_clean_table1_10state_20260521_official_assets_gpu014526/runs/table1_goal_put_the_bowl_on_the_stove_state1_seed1_clean,libero_goal,CLEAN,TIER_X_REJECTED,False,False,False,False,False,False,False,False,False,False
/data/liuyu/outputs/libero_full4_clean_table1_10state_20260521_official_assets_gpu014526/runs/table1_goal_turn_on_the_stove_state8_seed1_clean,libero_goal,CLEAN,TIER_X_REJECTED,False,False,False,False,False,False,False,False,False,False
/data/liuyu/outputs/libero_full4_clean_table1_10state_20260521_official_assets_gpu014526/runs/table1_object_pick_up_the_salad_dressing_and_place_it_in_the_basket_state9_seed1_clean,,CLEAN,TIER_X_REJECTED,False,False,False,False,False,False,False,False,False,False
/data/liuyu/outputs/libero_full4_clean_table1_10state_20260521_official_assets_gpu014526/runs/table1_goal_open_the_middle_drawer_of_the_cabinet_state3_seed1_clean,libero_goal,CLEAN,TIER_X_REJECTED,False,False,False,False,False,False,False,False,False,False
/data/liuyu/outputs/libero_full4_clean_table1_10state_20260521_official_assets_gpu014526/runs/table1_goal_put_the_bowl_on_the_stove_state4_seed1_clean,libero_goal,CLEAN,TIER_X_REJECTED,False,False,False,False,False,False,False,False,False,False
/data/liuyu/outputs/libero_full4_clean_table1_10state_20260521_official_assets_gpu014526/runs/table1_spatial_pick_up_the_black_bowl_on_the_stove_and_place_it_on_the_plate_state0_seed1_clean,libero_spatial,CLEAN,TIER_X_REJECTED,False,False,False,False,False,False,False,False,False,False
/data/liuyu/outputs/libero_full4_clean_table1_10state_20260521_official_assets_gpu014526/runs/table1_goal_put_the_bowl_on_the_stove_state9_seed1_clean,libero_goal,CLEAN,TIER_X_REJECTED,False,False,False,False,False,False,False,False,False,False
/data/liuyu/outputs/libero_full4_clean_table1_10state_20260521_official_assets_gpu014526/runs/table1_object_pick_up_the_butter_and_place_it_in_the_basket_state8_seed1_clean,,CLEAN,TIER_X_REJECTED,False,False,False,False,False,False,False,False,False,False
/data/liuyu/outputs/libero_full4_clean_table1_10state_20260521_official_assets_gpu014526/runs/table1_object_pick_up_the_milk_and_place_it_in_the_basket_state7_seed1_clean,,CLEAN,TIER_X_REJECTED,False,False,False,False,False,False,False,False,False,False
/data/liuyu/outputs/libero_full4_clean_table1_10state_20260521_official_assets_gpu014526/runs/table1_object_pick_up_the_ketchup_and_place_it_in_the_basket_state4_seed1_clean,,CLEAN,TIER_X_REJECTED,False,False,False,False,False,False,False,False,False,False
/data/liuyu/outputs/libero_full4_clean_table1_10state_20260521_official_assets_gpu014526/runs/table1_libero10_kitchen_scene3_turn_on_the_stove_and_put_the_moka_pot_on_it_state0_seed1_clean,libero_10,CLEAN,TIER_X_REJECTED,False,False,False,False,False,False,False,False,False,False
/data/liuyu/outputs/libero_full4_clean_table1_10state_20260521_official_assets_gpu014526/runs/table1_libero10_kitchen_scene4_put_the_black_bowl_in_the_bottom_drawer_of_the_cabinet_and_close_it_state5_seed1_clean,libero_10,CLEAN,TIER_X_REJECTED,False,False,False,False,False,False,False,False,False,False
/data/liuyu/outputs/libero_full4_clean_table1_10state_20260521_official_assets_gpu014526/runs/table1_spatial_pick_up_the_black_bowl_on_the_ramekin_and_place_it_on_the_plate_state5_seed1_clean,libero_spatial,CLEAN,TIER_X_REJECTED,False,False,False,False,False,False,False,False,False,False
/data/liuyu/outputs/libero_full4_clean_table1_10state_20260521_official_assets_gpu014526/runs/table1_libero10_living_room_scene6_put_the_white_mug_on_the_plate_and_put_the_chocolate_pudding_to_the_right_of_the_plate_state0_seed1_clean,libero_10,CLEAN,TIER_X_REJECTED,False,False,False,False,False,False,False,False,False,False
/data/liuyu/outputs/libero_full4_clean_table1_10state_20260521_official_assets_gpu014526/runs/table1_goal_put_the_bowl_on_top_of_the_cabinet_state1_seed1_clean,libero_goal,CLEAN,TIER_X_REJECTED,False,False,False,False,False,False,False,False,False,False
/data/liuyu/outputs/libero_full4_clean_table1_10state_20260521_official_assets_gpu014526/runs/table1_libero10_kitchen_scene4_put_the_black_bowl_in_the_bottom_drawer_of_the_cabinet_and_close_it_state9_seed1_clean,libero_10,CLEAN,TIER_X_REJECTED,False,False,False,False,False,False,False,False,False,False
/data/liuyu/outputs/libero_full4_clean_table1_10state_20260521_official_assets_gpu014526/runs/table1_goal_put_the_bowl_on_the_plate_state4_seed1_clean,libero_goal,CLEAN,TIER_X_REJECTED,False,False,False,False,False,False,False,False,False,False
/data/liuyu/outputs/libero_full4_clean_table1_10state_20260521_official_assets_gpu014526/runs/table1_object_pick_up_the_ketchup_and_place_it_in_the_basket_state6_seed1_clean,,CLEAN,TIER_X_REJECTED,False,False,False,False,False,False,False,False,False,False
/data/liuyu/outputs/libero_full4_clean_table1_10state_20260521_official_assets_gpu014526/runs/table1_spatial_pick_up_the_black_bowl_between_the_plate_and_the_ramekin_and_place_it_on_the_plate_state6_seed1_clean,libero_spatial,CLEAN,TIER_X_REJECTED,False,False,False,False,False,False,False,False,False,False
/data/liuyu/outputs/libero_full4_clean_table1_10state_20260521_official_assets_gpu014526/runs/table1_goal_open_the_top_drawer_and_put_the_bowl_inside_state1_seed1_clean,libero_goal,CLEAN,TIER_X_REJECTED,False,False,False,False,False,False,False,False,False,False
/data/liuyu/outputs/libero_full4_clean_table1_10state_20260521_official_assets_gpu014526/runs/table1_spatial_pick_up_the_black_bowl_on_the_ramekin_and_place_it_on_the_plate_state1_seed1_clean,libero_spatial,CLEAN,TIER_X_REJECTED,False,False,False,False,False,False,False,False,False,False
/data/liuyu/outputs/libero_full4_clean_table1_10state_20260521_official_assets_gpu014526/runs/table1_libero10_living_room_scene2_put_both_the_alphabet_soup_and_the_tomato_sauce_in_the_basket_state9_seed1_clean,libero_10,CLEAN,TIER_X_REJECTED,False,False,False,False,False,False,False,False,False,False
/data/liuyu/outputs/libero_full4_clean_table1_10state_20260521_official_assets_gpu014526/runs/table1_goal_put_the_bowl_on_the_plate_state2_seed1_clean,libero_goal,CLEAN,TIER_X_REJECTED,False,False,False,False,False,False,False,False,False,False
/data/liuyu/outputs/libero_full4_clean_table1_10state_20260521_official_assets_gpu014526/runs/table1_spatial_pick_up_the_black_bowl_between_the_plate_and_the_ramekin_and_place_it_on_the_plate_state4_seed1_clean,libero_spatial,CLEAN,TIER_X_REJECTED,False,False,False,False,False,False,False,False,False,False
/data/liuyu/outputs/libero_full4_clean_table1_10state_20260521_official_assets_gpu014526/runs/table1_spatial_pick_up_the_black_bowl_next_to_the_plate_and_place_it_on_the_plate_state6_seed1_clean,libero_spatial,CLEAN,TIER_X_REJECTED,False,False,False,False,False,False,False,False,False,False
/data/liuyu/outputs/libero_full4_clean_table1_10state_20260521_official_assets_gpu014526/runs/table1_spatial_pick_up_the_black_bowl_from_table_center_and_place_it_on_the_plate_state1_seed1_clean,libero_spatial,CLEAN,TIER_X_REJECTED,False,False,False,False,False,False,False,False,False,False
/data/liuyu/outputs/libero_full4_clean_table1_10state_20260521_official_assets_gpu014526/runs/table1_goal_put_the_bowl_on_the_plate_state9_seed1_clean,libero_goal,CLEAN,TIER_X_REJECTED,False,False,False,False,False,False,False,False,False,False
/data/liuyu/outputs/libero_full4_clean_table1_10state_20260521_official_assets_gpu014526/runs/table1_spatial_pick_up_the_black_bowl_on_the_stove_and_place_it_on_the_plate_state8_seed1_clean,libero_spatial,CLEAN,TIER_X_REJECTED,False,False,False,False,False,False,False,False,False,False
/data/liuyu/outputs/libero_full4_clean_table1_10state_20260521_official_assets_gpu014526/runs/table1_object_pick_up_the_chocolate_pudding_and_place_it_in_the_basket_state5_seed1_clean,,CLEAN,TIER_X_REJECTED,False,False,False,False,False,False,False,False,False,False
/data/liuyu/outputs/libero_full4_clean_table1_10state_20260521_official_assets_gpu014526/runs/table1_spatial_pick_up_the_black_bowl_on_the_ramekin_and_place_it_on_the_plate_state8_seed1_clean,libero_spatial,CLEAN,TIER_X_REJECTED,False,False,False,False,False,False,False,False,False,False
/data/liuyu/outputs/libero_full4_clean_table1_10state_20260521_official_assets_gpu014526/runs/table1_goal_put_the_wine_bottle_on_top_of_the_cabinet_state8_seed1_clean,libero_goal,CLEAN,TIER_X_REJECTED,False,False,False,False,False,False,False,False,False,False
/data/liuyu/outputs/libero_full4_clean_table1_10state_20260521_official_assets_gpu014526/runs/table1_goal_open_the_middle_drawer_of_the_cabinet_state8_seed1_clean,libero_goal,CLEAN,TIER_X_REJECTED,False,False,False,False,False,False,False,False,False,False
/data/liuyu/outputs/libero_full4_clean_table1_10state_20260521_official_assets_gpu014526/runs/table1_object_pick_up_the_bbq_sauce_and_place_it_in_the_basket_state2_seed1_clean,,CLEAN,TIER_X_REJECTED,False,False,False,False,False,False,False,False,False,False
/data/liuyu/outputs/libero_full4_clean_table1_10state_20260521_official_assets_gpu014526/runs/table1_object_pick_up_the_chocolate_pudding_and_place_it_in_the_basket_state0_seed1_clean,,CLEAN,TIER_X_REJECTED,False,False,False,False,False,False,False,False,False,False
/data/liuyu/outputs/libero_full4_clean_table1_10state_20260521_official_assets_gpu014526/runs/table1_spatial_pick_up_the_black_bowl_next_to_the_plate_and_place_it_on_the_plate_state5_seed1_clean,libero_spatial,CLEAN,TIER_X_REJECTED,False,False,False,False,False,False,False,False,False,False
/data/liuyu/outputs/libero_full4_clean_table1_10state_20260521_official_assets_gpu014526/runs/table1_libero10_kitchen_scene4_put_the_black_bowl_in_the_bottom_drawer_of_the_cabinet_and_close_it_state6_seed1_clean,libero_10,CLEAN,TIER_X_REJECTED,False,False,False,False,False,False,False,False,False,False
/data/liuyu/outputs/libero_full4_clean_table1_10state_20260521_official_assets_gpu014526/runs/table1_libero10_living_room_scene5_put_the_white_mug_on_the_left_plate_and_put_the_yellow_and_white_mug_on_the_right_plate_state1_seed1_clean,libero_10,CLEAN,TIER_X_REJECTED,False,False,False,False,False,False,False,False,False,False
/data/liuyu/outputs/libero_full4_clean_table1_10state_20260521_official_assets_gpu014526/runs/table1_libero10_living_room_scene6_put_the_white_mug_on_the_plate_and_put_the_chocolate_pudding_to_the_right_of_the_plate_state7_seed1_clean,libero_10,CLEAN,TIER_X_REJECTED,False,False,False,False,False,False,False,False,False,False
/data/liuyu/outputs/libero_full4_clean_table1_10state_20260521_official_assets_gpu014526/runs/table1_spatial_pick_up_the_black_bowl_on_the_stove_and_place_it_on_the_plate_state7_seed1_clean,libero_spatial,CLEAN,TIER_X_REJECTED,False,False,False,False,False,False,False,False,False,False
/data/liuyu/outputs/libero_full4_clean_table1_10state_20260521_official_assets_gpu014526/runs/table1_goal_put_the_wine_bottle_on_the_rack_state0_seed1_clean,libero_goal,CLEAN,TIER_X_REJECTED,False,False,False,False,False,False,False,False,False,False
/data/liuyu/outputs/libero_full4_clean_table1_10state_20260521_official_assets_gpu014526/runs/table1_goal_put_the_bowl_on_the_stove_state5_seed1_clean,libero_goal,CLEAN,TIER_X_REJECTED,False,False,False,False,False,False,False,False,False,False
/data/liuyu/outputs/libero_full4_clean_table1_10state_20260521_official_assets_gpu014526/runs/table1_spatial_pick_up_the_black_bowl_on_the_cookie_box_and_place_it_on_the_plate_state3_seed1_clean,libero_spatial,CLEAN,TIER_X_REJECTED,False,False,False,False,False,False,False,False,False,False
/data/liuyu/outputs/libero_full4_clean_table1_10state_20260521_official_assets_gpu014526/runs/table1_spatial_pick_up_the_black_bowl_from_table_center_and_place_it_on_the_plate_state4_seed1_clean,libero_spatial,CLEAN,TIER_X_REJECTED,False,False,False,False,False,False,False,False,False,False
/data/liuyu/outputs/libero_full4_clean_table1_10state_20260521_official_assets_gpu014526/runs/table1_spatial_pick_up_the_black_bowl_in_the_top_drawer_of_the_wooden_cabinet_and_place_it_on_the_plate_state8_seed1_clean,libero_spatial,CLEAN,TIER_X_REJECTED,False,False,False,False,False,False,False,False,False,False
/data/liuyu/outputs/libero_full4_clean_table1_10state_20260521_official_assets_gpu014526/runs/table1_spatial_pick_up_the_black_bowl_from_table_center_and_place_it_on_the_plate_state5_seed1_clean,libero_spatial,CLEAN,TIER_X_REJECTED,False,False,False,False,False,False,False,False,False,False
/data/liuyu/outputs/libero_full4_clean_table1_10state_20260521_official_assets_gpu014526/runs/table1_spatial_pick_up_the_black_bowl_on_the_wooden_cabinet_and_place_it_on_the_plate_state0_seed1_clean,libero_spatial,CLEAN,TIER_X_REJECTED,False,False,False,False,False,False,False,False,False,False
/data/liuyu/outputs/libero_full4_clean_table1_10state_20260521_official_assets_gpu014526/runs/table1_spatial_pick_up_the_black_bowl_from_table_center_and_place_it_on_the_plate_state9_seed1_clean,libero_spatial,CLEAN,TIER_X_REJECTED,False,False,False,False,False,False,False,False,False,False
/data/liuyu/outputs/libero_full4_clean_table1_10state_20260521_official_assets_gpu014526/runs/table1_goal_put_the_cream_cheese_in_the_bowl_state7_seed1_clean,libero_goal,CLEAN,TIER_X_REJECTED,False,False,False,False,False,False,False,False,False,False
/data/liuyu/outputs/libero_full4_clean_table1_10state_20260521_official_assets_gpu014526/runs/table1_object_pick_up_the_alphabet_soup_and_place_it_in_the_basket_state2_seed1_clean,,CLEAN,TIER_X_REJECTED,False,False,False,False,False,False,False,False,False,False
/data/liuyu/outputs/libero_full4_clean_table1_10state_20260521_official_assets_gpu014526/runs/table1_spatial_pick_up_the_black_bowl_next_to_the_plate_and_place_it_on_the_plate_state8_seed1_clean,libero_spatial,CLEAN,TIER_X_REJECTED,False,False,False,False,False,False,False,False,False,False
/data/liuyu/outputs/libero_full4_clean_table1_10state_20260521_official_assets_gpu014526/runs/table1_object_pick_up_the_tomato_sauce_and_place_it_in_the_basket_state6_seed1_clean,,CLEAN,TIER_X_REJECTED,False,False,False,False,False,False,False,False,False,False
/data/liuyu/outputs/libero_full4_clean_table1_10state_20260521_official_assets_gpu014526/runs/table1_goal_put_the_bowl_on_the_stove_state0_seed1_clean,libero_goal,CLEAN,TIER_X_REJECTED,False,False,False,False,False,False,False,False,False,False
/data/liuyu/outputs/libero_full4_clean_table1_10state_20260521_official_assets_gpu014526/runs/table1_object_pick_up_the_cream_cheese_and_place_it_in_the_basket_state9_seed1_clean,,CLEAN,TIER_X_REJECTED,False,False,False,False,False,False,False,False,False,False
/data/liuyu/outputs/libero_full4_clean_table1_10state_20260521_official_assets_gpu014526/runs/table1_goal_put_the_wine_bottle_on_top_of_the_cabinet_state2_seed1_clean,libero_goal,CLEAN,TIER_X_REJECTED,False,False,False,False,False,False,False,False,False,False
/data/liuyu/outputs/libero_full4_clean_table1_10state_20260521_official_assets_gpu014526/runs/table1_goal_push_the_plate_to_the_front_of_the_stove_state3_seed1_clean,libero_goal,CLEAN,TIER_X_REJECTED,False,False,False,False,False,False,False,False,False,False
/data/liuyu/outputs/libero_full4_clean_table1_10state_20260521_official_assets_gpu014526/runs/table1_spatial_pick_up_the_black_bowl_in_the_top_drawer_of_the_wooden_cabinet_and_place_it_on_the_plate_state2_seed1_clean,libero_spatial,CLEAN,TIER_X_REJECTED,False,False,False,False,False,False,False,False,False,False
/data/liuyu/outputs/libero_full4_clean_table1_10state_20260521_official_assets_gpu014526/runs/table1_goal_put_the_wine_bottle_on_top_of_the_cabinet_state3_seed1_clean,libero_goal,CLEAN,TIER_X_REJECTED,False,False,False,False,False,False,False,False,False,False
/data/liuyu/outputs/libero_full4_clean_table1_10state_20260521_official_assets_gpu014526/runs/table1_object_pick_up_the_orange_juice_and_place_it_in_the_basket_state8_seed1_clean,,CLEAN,TIER_X_REJECTED,False,False,False,False,False,False,False,False,False,False
/data/liuyu/outputs/libero_full4_clean_table1_10state_20260521_official_assets_gpu014526/runs/table1_libero10_study_scene1_pick_up_the_book_and_place_it_in_the_back_compartment_of_the_caddy_state3_seed1_clean,libero_10,CLEAN,TIER_X_REJECTED,False,False,False,False,False,False,False,False,False,False
/data/liuyu/outputs/libero_full4_clean_table1_10state_20260521_official_assets_gpu014526/runs/table1_object_pick_up_the_alphabet_soup_and_place_it_in_the_basket_state0_seed1_clean,,CLEAN,TIER_X_REJECTED,False,False,False,False,False,False,False,False,False,False
/data/liuyu/outputs/libero_full4_clean_table1_10state_20260521_official_assets_gpu014526/runs/table1_object_pick_up_the_alphabet_soup_and_place_it_in_the_basket_state8_seed1_clean,,CLEAN,TIER_X_REJECTED,False,False,False,False,False,False,False,False,False,False
/data/liuyu/outputs/libero_full4_clean_table1_10state_20260521_official_assets_gpu014526/runs/table1_libero10_living_room_scene2_put_both_the_cream_cheese_box_and_the_butter_in_the_basket_state0_seed1_clean,libero_10,CLEAN,TIER_X_REJECTED,False,False,False,False,False,False,False,False,False,False
/data/liuyu/outputs/libero_full4_clean_table1_10state_20260521_official_assets_gpu014526/runs/table1_libero10_kitchen_scene4_put_the_black_bowl_in_the_bottom_drawer_of_the_cabinet_and_close_it_state0_seed1_clean,libero_10,CLEAN,TIER_X_REJECTED,False,False,False,False,False,False,False,False,False,False
/data/liuyu/outputs/libero_full4_clean_table1_10state_20260521_official_assets_gpu014526/runs/table1_object_pick_up_the_cream_cheese_and_place_it_in_the_basket_state8_seed1_clean,,CLEAN,TIER_X_REJECTED,False,False,False,False,False,False,False,False,False,False
/data/liuyu/outputs/libero_full4_clean_table1_10state_20260521_official_assets_gpu014526/runs/table1_goal_open_the_top_drawer_and_put_the_bowl_inside_state7_seed1_clean,libero_goal,CLEAN,TIER_X_REJECTED,False,False,False,False,False,False,False,False,False,False
/data/liuyu/outputs/libero_full4_clean_table1_10state_20260521_official_assets_gpu014526/runs/table1_goal_put_the_bowl_on_the_plate_state6_seed1_clean,libero_goal,CLEAN,TIER_X_REJECTED,False,False,False,False,False,False,False,False,False,False
/data/liuyu/outputs/libero_full4_clean_table1_10state_20260521_official_assets_gpu014526/runs/table1_goal_push_the_plate_to_the_front_of_the_stove_state8_seed1_clean,libero_goal,CLEAN,TIER_X_REJECTED,False,False,False,False,False,False,False,False,False,False
/data/liuyu/outputs/libero_full4_clean_table1_10state_20260521_official_assets_gpu014526/runs/table1_libero10_living_room_scene5_put_the_white_mug_on_the_left_plate_and_put_the_yellow_and_white_mug_on_the_right_plate_state7_seed1_clean,libero_10,CLEAN,TIER_X_REJECTED,False,False,False,False,False,False,False,False,False,False
/data/liuyu/outputs/libero_full4_clean_table1_10state_20260521_official_assets_gpu014526/runs/table1_goal_turn_on_the_stove_state2_seed1_clean,libero_goal,CLEAN,TIER_X_REJECTED,False,False,False,False,False,False,False,False,False,False
/data/liuyu/outputs/libero_full4_clean_table1_10state_20260521_official_assets_gpu014526/runs/table1_goal_open_the_top_drawer_and_put_the_bowl_inside_state4_seed1_clean,libero_goal,CLEAN,TIER_X_REJECTED,False,False,False,False,False,False,False,False,False,False
/data/liuyu/outputs/libero_full4_clean_table1_10state_20260521_official_assets_gpu014526/runs/table1_spatial_pick_up_the_black_bowl_on_the_cookie_box_and_place_it_on_the_plate_state9_seed1_clean,libero_spatial,CLEAN,TIER_X_REJECTED,False,False,False,False,False,False,False,False,False,False
/data/liuyu/outputs/libero_full4_clean_table1_10state_20260521_official_assets_gpu014526/runs/table1_spatial_pick_up_the_black_bowl_on_the_cookie_box_and_place_it_on_the_plate_state4_seed1_clean,libero_spatial,CLEAN,TIER_X_REJECTED,False,False,False,False,False,False,False,False,False,False
/data/liuyu/outputs/libero_full4_clean_table1_10state_20260521_official_assets_gpu014526/runs/table1_object_pick_up_the_tomato_sauce_and_place_it_in_the_basket_state7_seed1_clean,,CLEAN,TIER_X_REJECTED,False,False,False,False,False,False,False,False,False,False
/data/liuyu/outputs/libero_full4_clean_table1_10state_20260521_official_assets_gpu014526/runs/table1_spatial_pick_up_the_black_bowl_on_the_cookie_box_and_place_it_on_the_plate_state6_seed1_clean,libero_spatial,CLEAN,TIER_X_REJECTED,False,False,False,False,False,False,False,False,False,False
/data/liuyu/outputs/libero_full4_clean_table1_10state_20260521_official_assets_gpu014526/runs/table1_goal_put_the_wine_bottle_on_the_rack_state8_seed1_clean,libero_goal,CLEAN,TIER_X_REJECTED,False,False,False,False,False,False,False,False,False,False
/data/liuyu/outputs/libero_full4_clean_table1_10state_20260521_official_assets_gpu014526/runs/table1_spatial_pick_up_the_black_bowl_on_the_stove_and_place_it_on_the_plate_state6_seed1_clean,libero_spatial,CLEAN,TIER_X_REJECTED,False,False,False,False,False,False,False,False,False,False
/data/liuyu/outputs/libero_full4_clean_table1_10state_20260521_official_assets_gpu014526/runs/table1_goal_put_the_cream_cheese_in_the_bowl_state2_seed1_clean,libero_goal,CLEAN,TIER_X_REJECTED,False,False,False,False,False,False,False,False,False,False
/data/liuyu/outputs/libero_full4_clean_table1_10state_20260521_official_assets_gpu014526/runs/table1_libero10_living_room_scene5_put_the_white_mug_on_the_left_plate_and_put_the_yellow_and_white_mug_on_the_right_plate_state5_seed1_clean,libero_10,CLEAN,TIER_X_REJECTED,False,False,False,False,False,False,False,False,False,False
/data/liuyu/outputs/libero_full4_clean_table1_10state_20260521_official_assets_gpu014526/runs/table1_object_pick_up_the_ketchup_and_place_it_in_the_basket_state1_seed1_clean,,CLEAN,TIER_X_REJECTED,False,False,False,False,False,False,False,False,False,False
/data/liuyu/outputs/libero_full4_clean_table1_10state_20260521_official_assets_gpu014526/runs/table1_object_pick_up_the_orange_juice_and_place_it_in_the_basket_state2_seed1_clean,,CLEAN,TIER_X_REJECTED,False,False,False,False,False,False,False,False,False,False
/data/liuyu/outputs/libero_full4_clean_table1_10state_20260521_official_assets_gpu014526/runs/table1_spatial_pick_up_the_black_bowl_in_the_top_drawer_of_the_wooden_cabinet_and_place_it_on_the_plate_state9_seed1_clean,libero_spatial,CLEAN,TIER_X_REJECTED,False,False,False,False,False,False,False,False,False,False
/data/liuyu/outputs/libero_full4_clean_table1_10state_20260521_official_assets_gpu014526/runs/table1_goal_put_the_bowl_on_the_stove_state8_seed1_clean,libero_goal,CLEAN,TIER_X_REJECTED,False,False,False,False,False,False,False,False,False,False
/data/liuyu/outputs/libero_full4_clean_table1_10state_20260521_official_assets_gpu014526/runs/table1_goal_put_the_wine_bottle_on_top_of_the_cabinet_state4_seed1_clean,libero_goal,CLEAN,TIER_X_REJECTED,False,False,False,False,False,False,False,False,False,False
/data/liuyu/outputs/libero_full4_clean_table1_10state_20260521_official_assets_gpu014526/runs/table1_libero10_living_room_scene2_put_both_the_alphabet_soup_and_the_tomato_sauce_in_the_basket_state0_seed1_clean,libero_10,CLEAN,TIER_X_REJECTED,False,False,False,False,False,False,False,False,False,False
/data/liuyu/outputs/libero_full4_clean_table1_10state_20260521_official_assets_gpu014526/runs/table1_spatial_pick_up_the_black_bowl_from_table_center_and_place_it_on_the_plate_state6_seed1_clean,libero_spatial,CLEAN,TIER_X_REJECTED,False,False,False,False,False,False,False,False,False,False
/data/liuyu/outputs/libero_full4_clean_table1_10state_20260521_official_assets_gpu014526/runs/table1_goal_open_the_top_drawer_and_put_the_bowl_inside_state2_seed1_clean,libero_goal,CLEAN,TIER_X_REJECTED,False,False,False,False,False,False,False,False,False,False
/data/liuyu/outputs/libero_full4_clean_table1_10state_20260521_official_assets_gpu014526/runs/table1_goal_put_the_cream_cheese_in_the_bowl_state6_seed1_clean,libero_goal,CLEAN,TIER_X_REJECTED,False,False,False,False,False,False,False,False,False,False
/data/liuyu/outputs/libero_full4_clean_table1_10state_20260521_official_assets_gpu014526/runs/table1_spatial_pick_up_the_black_bowl_on_the_ramekin_and_place_it_on_the_plate_state9_seed1_clean,libero_spatial,CLEAN,TIER_X_REJECTED,False,False,False,False,False,False,False,False,False,False
/data/liuyu/outputs/libero_full4_clean_table1_10state_20260521_official_assets_gpu014526/runs/table1_libero10_kitchen_scene8_put_both_moka_pots_on_the_stove_state0_seed1_clean,libero_10,CLEAN,TIER_X_REJECTED,False,False,False,False,False,False,False,False,False,False
/data/liuyu/outputs/libero_full4_clean_table1_10state_20260521_official_assets_gpu014526/runs/table1_libero10_living_room_scene2_put_both_the_alphabet_soup_and_the_tomato_sauce_in_the_basket_state2_seed1_clean,libero_10,CLEAN,TIER_X_REJECTED,False,False,False,False,False,False,False,False,False,False
/data/liuyu/outputs/libero_full4_clean_table1_10state_20260521_official_assets_gpu014526/runs/table1_spatial_pick_up_the_black_bowl_on_the_wooden_cabinet_and_place_it_on_the_plate_state1_seed1_clean,libero_spatial,CLEAN,TIER_X_REJECTED,False,False,False,False,False,False,False,False,False,False
/data/liuyu/outputs/libero_full4_clean_table1_10state_20260521_official_assets_gpu014526/runs/table1_spatial_pick_up_the_black_bowl_on_the_cookie_box_and_place_it_on_the_plate_state2_seed1_clean,libero_spatial,CLEAN,TIER_X_REJECTED,False,False,False,False,False,False,False,False,False,False
/data/liuyu/outputs/libero_full4_clean_table1_10state_20260521_official_assets_gpu014526/runs/table1_goal_put_the_bowl_on_the_plate_state1_seed1_clean,libero_goal,CLEAN,TIER_X_REJECTED,False,False,False,False,False,False,False,False,False,False
/data/liuyu/outputs/libero_full4_clean_table1_10state_20260521_official_assets_gpu014526/runs/table1_spatial_pick_up_the_black_bowl_next_to_the_plate_and_place_it_on_the_plate_state0_seed1_clean,libero_spatial,CLEAN,TIER_X_REJECTED,False,False,False,False,False,False,False,False,False,False
/data/liuyu/outputs/libero_full4_clean_table1_10state_20260521_official_assets_gpu014526/runs/table1_goal_turn_on_the_stove_state4_seed1_clean,libero_goal,CLEAN,TIER_X_REJECTED,False,False,False,False,False,False,False,False,False,False
/data/liuyu/outputs/libero_full4_clean_table1_10state_20260521_official_assets_gpu014526/runs/table1_goal_put_the_wine_bottle_on_top_of_the_cabinet_state9_seed1_clean,libero_goal,CLEAN,TIER_X_REJECTED,False,False,False,False,False,False,False,False,False,False
/data/liuyu/outputs/libero_full4_clean_table1_10state_20260521_official_assets_gpu014526/runs/table1_spatial_pick_up_the_black_bowl_on_the_cookie_box_and_place_it_on_the_plate_state8_seed1_clean,libero_spatial,CLEAN,TIER_X_REJECTED,False,False,False,False,False,False,False,False,False,False
/data/liuyu/outputs/libero_full4_clean_table1_10state_20260521_official_assets_gpu014526/runs/table1_object_pick_up_the_milk_and_place_it_in_the_basket_state4_seed1_clean,,CLEAN,TIER_X_REJECTED,False,False,False,False,False,False,False,False,False,False
/data/liuyu/outputs/libero_full4_clean_table1_10state_20260521_official_assets_gpu014526/runs/table1_spatial_pick_up_the_black_bowl_next_to_the_cookie_box_and_place_it_on_the_plate_state7_seed1_clean,libero_spatial,CLEAN,TIER_X_REJECTED,False,False,False,False,False,False,False,False,False,False
/data/liuyu/outputs/libero_full4_clean_table1_10state_20260521_official_assets_gpu014526/runs/table1_object_pick_up_the_tomato_sauce_and_place_it_in_the_basket_state8_seed1_clean,,CLEAN,TIER_X_REJECTED,False,False,False,False,False,False,False,False,False,False
/data/liuyu/outputs/libero_full4_clean_table1_10state_20260521_official_assets_gpu014526/runs/table1_object_pick_up_the_cream_cheese_and_place_it_in_the_basket_state7_seed1_clean,,CLEAN,TIER_X_REJECTED,False,False,False,False,False,False,False,False,False,False
/data/liuyu/outputs/libero_full4_clean_table1_10state_20260521_official_assets_gpu014526/runs/table1_object_pick_up_the_butter_and_place_it_in_the_basket_state1_seed1_clean,,CLEAN,TIER_X_REJECTED,False,False,False,False,False,False,False,False,False,False
/data/liuyu/outputs/libero_full4_clean_table1_10state_20260521_official_assets_gpu014526/runs/table1_libero10_kitchen_scene3_turn_on_the_stove_and_put_the_moka_pot_on_it_state6_seed1_clean,libero_10,CLEAN,TIER_X_REJECTED,False,False,False,False,False,False,False,False,False,False
/data/liuyu/outputs/libero_full4_clean_table1_10state_20260521_official_assets_gpu014526/runs/table1_spatial_pick_up_the_black_bowl_next_to_the_ramekin_and_place_it_on_the_plate_state7_seed1_clean,libero_spatial,CLEAN,TIER_X_REJECTED,False,False,False,False,False,False,False,False,False,False
/data/liuyu/outputs/libero_full4_clean_table1_10state_20260521_official_assets_gpu014526/runs/table1_spatial_pick_up_the_black_bowl_on_the_ramekin_and_place_it_on_the_plate_state2_seed1_clean,libero_spatial,CLEAN,TIER_X_REJECTED,False,False,False,False,False,False,False,False,False,False
/data/liuyu/outputs/libero_full4_clean_table1_10state_20260521_official_assets_gpu014526/runs/table1_libero10_living_room_scene6_put_the_white_mug_on_the_plate_and_put_the_chocolate_pudding_to_the_right_of_the_plate_state3_seed1_clean,libero_10,CLEAN,TIER_X_REJECTED,False,False,False,False,False,False,False,False,False,False
/data/liuyu/outputs/libero_full4_clean_table1_10state_20260521_official_assets_gpu014526/runs/table1_goal_put_the_bowl_on_the_stove_state2_seed1_clean,libero_goal,CLEAN,TIER_X_REJECTED,False,False,False,False,False,False,False,False,False,False
/data/liuyu/outputs/libero_full4_clean_table1_10state_20260521_official_assets_gpu014526/runs/table1_goal_put_the_wine_bottle_on_the_rack_state9_seed1_clean,libero_goal,CLEAN,TIER_X_REJECTED,False,False,False,False,False,False,False,False,False,False
/data/liuyu/outputs/libero_full4_clean_table1_10state_20260521_official_assets_gpu014526/runs/table1_goal_put_the_bowl_on_the_plate_state5_seed1_clean,libero_goal,CLEAN,TIER_X_REJECTED,False,False,False,False,False,False,False,False,False,False
/data/liuyu/outputs/libero_full4_clean_table1_10state_20260521_official_assets_gpu014526/runs/table1_spatial_pick_up_the_black_bowl_from_table_center_and_place_it_on_the_plate_state8_seed1_clean,libero_spatial,CLEAN,TIER_X_REJECTED,False,False,False,False,False,False,False,False,False,False
/data/liuyu/outputs/libero_full4_clean_table1_10state_20260521_official_assets_gpu014526/runs/table1_goal_open_the_middle_drawer_of_the_cabinet_state9_seed1_clean,libero_goal,CLEAN,TIER_X_REJECTED,False,False,False,False,False,False,False,False,False,False
/data/liuyu/outputs/libero_full4_clean_table1_10state_20260521_official_assets_gpu014526/runs/table1_spatial_pick_up_the_black_bowl_next_to_the_cookie_box_and_place_it_on_the_plate_state9_seed1_clean,libero_spatial,CLEAN,TIER_X_REJECTED,False,False,False,False,False,False,False,False,False,False
/data/liuyu/outputs/libero_full4_clean_table1_10state_20260521_official_assets_gpu014526/runs/table1_goal_turn_on_the_stove_state3_seed1_clean,libero_goal,CLEAN,TIER_X_REJECTED,False,False,False,False,False,False,False,False,False,False
/data/liuyu/outputs/libero_full4_clean_table1_10state_20260521_official_assets_gpu014526/canary_runs/canary_official_assets_slot26_libero10_kitchen_scene4_put_the_black_bowl_in_the_bottom_drawer_of_the_cabinet_and_close_it_state0_seed1_clean,libero_10,CLEAN,TIER_X_REJECTED,False,False,False,False,False,False,False,False,False,False
/data/liuyu/outputs/libero_full4_clean_table1_10state_20260521_official_assets_gpu014526/canary_runs/canary_official_assets_slot45_object_pick_up_the_bbq_sauce_and_place_it_in_the_basket_state0_seed1_clean,,CLEAN,TIER_X_REJECTED,False,False,False,False,False,False,False,False,False,False
/data/liuyu/outputs/libero_full4_clean_table1_10state_20260521_official_assets_gpu014526/canary_runs/canary_official_assets_slot01_goal_put_the_bowl_on_the_plate_state0_seed1_clean,libero_goal,CLEAN,TIER_X_REJECTED,False,False,False,False,False,False,False,False,False,False
/data/liuyu/outputs/videos/test_bridge,,TRUE_T10,TIER_X_REJECTED,False,False,False,False,False,False,False,False,False,False
/data/liuyu/outputs/milestone_2d_phase_b_gpu07_engineering_smoke_20260527/runs/libero_object/pick_up_the_milk_and_place_it_in_the_basket_state0,,CONDITION_UNVERIFIED,TIER_X_REJECTED,False,False,False,False,False,False,False,False,False,False
/data/liuyu/outputs/rollout_rand,,RAND_T10,TIER_X_REJECTED,False,False,False,False,False,False,False,False,False,False
/data/liuyu/outputs/libero_clean_denominator_genericv4_cqv2_20260517_2080ti/old2080ti_20260517_cleandenom_libero_spatial_libero_spatial_black_bowl_state1_seed1_clean,libero_spatial,CLEAN,TIER_X_REJECTED,False,False,False,False,False,False,False,False,False,False
/data/liuyu/outputs/libero_clean_denominator_genericv4_cqv2_20260517_2080ti/old2080ti_20260517_cleandenom_libero_object_libero_object_alphabet_soup_state2_seed1_clean,,CLEAN,TIER_X_REJECTED,False,False,False,False,False,False,False,False,False,False
/data/liuyu/outputs/libero_clean_denominator_genericv4_cqv2_20260517_2080ti/old2080ti_20260517_cleandenom_libero_spatial_libero_spatial_black_bowl_state0_seed1_clean,libero_spatial,CLEAN,TIER_X_REJECTED,False,False,False,False,False,False,False,False,False,False
/data/liuyu/outputs/libero_clean_denominator_genericv4_cqv2_20260517_2080ti/old2080ti_20260517_cleandenom_libero_spatial_libero_spatial_black_bowl_state2_seed1_clean,libero_spatial,CLEAN,TIER_X_REJECTED,False,False,False,False,False,False,False,False,False,False
/data/liuyu/outputs/libero_clean_denominator_genericv4_cqv2_20260517_2080ti/old2080ti_20260517_cleandenom_libero_goal_libero_goal_open_middle_drawer_state2_seed1_clean,libero_goal,CLEAN,TIER_X_REJECTED,False,False,False,False,False,False,False,False,False,False
/data/liuyu/outputs/libero_clean_denominator_genericv4_cqv2_20260517_2080ti/old2080ti_20260517_cleandenom_libero_10_libero10_moka_pots_state1_seed1_clean,libero_10,CLEAN,TIER_X_REJECTED,False,False,False,False,False,False,False,False,False,False
/data/liuyu/outputs/libero_clean_denominator_genericv4_cqv2_20260517_2080ti/old2080ti_20260517_cleandenom_libero_10_libero10_moka_pots_state2_seed1_clean,libero_10,CLEAN,TIER_X_REJECTED,False,False,False,False,False,False,False,False,False,False
/data/liuyu/outputs/libero_clean_denominator_genericv4_cqv2_20260517_2080ti/old2080ti_20260517_cleandenom_libero_10_libero10_moka_pots_state0_seed1_clean,libero_10,CLEAN,TIER_X_REJECTED,False,False,False,False,False,False,False,False,False,False
/data/liuyu/outputs/libero_clean_denominator_genericv4_cqv2_20260517_2080ti/old2080ti_20260517_cleandenom_libero_object_libero_object_alphabet_soup_state0_seed1_clean,,CLEAN,TIER_X_REJECTED,False,False,False,False,False,False,False,False,False,False
/data/liuyu/outputs/libero_clean_denominator_genericv4_cqv2_20260517_2080ti/old2080ti_20260517_cleandenom_libero_goal_libero_goal_open_middle_drawer_state0_seed1_clean,libero_goal,CLEAN,TIER_X_REJECTED,False,False,False,False,False,False,False,False,False,False
/data/liuyu/outputs/libero_clean_denominator_genericv4_cqv2_20260517_2080ti/old2080ti_20260517_cleandenom_libero_goal_libero_goal_open_middle_drawer_state1_seed1_clean,libero_goal,CLEAN,TIER_X_REJECTED,False,False,False,False,False,False,False,False,False,False
/data/liuyu/outputs/libero_clean_denominator_genericv4_cqv2_20260517_2080ti/old2080ti_20260517_cleandenom_libero_object_libero_object_alphabet_soup_state1_seed1_clean,,CLEAN,TIER_X_REJECTED,False,False,False,False,False,False,False,False,False,False
/data/liuyu/outputs/libero_asset_apply_smoke_20260520/smoke_clean/assetapply_smoke_object_pick_up_the_bbq_sauce_and_place_it_in_the_basket_state0_seed1_clean,,CLEAN,TIER_X_REJECTED,False,False,False,False,False,False,False,False,False,False
/data/liuyu/outputs/repro_black_bowl_retry_20260511_formal/vis_guard_formal_state7_seed4,libero_spatial,NON_CLEAN_OR_ATTACK,TIER_X_REJECTED,False,False,False,False,False,False,False,False,False,False
/data/liuyu/outputs/repro_black_bowl_retry_20260511_formal/zero_margin_guard_formal_state7_seed1,libero_spatial,CONDITION_UNVERIFIED,TIER_X_REJECTED,False,False,False,False,False,False,False,False,False,False
/data/liuyu/outputs/repro_black_bowl_retry_20260511_formal/vis_guard_formal_state7_seed3,libero_spatial,NON_CLEAN_OR_ATTACK,TIER_X_REJECTED,False,False,False,False,False,False,False,False,False,False
/data/liuyu/outputs/repro_black_bowl_retry_20260511_formal/zero_margin_guard_formal_state7_seed2,libero_spatial,CONDITION_UNVERIFIED,TIER_X_REJECTED,False,False,False,False,False,False,False,False,False,False
/data/liuyu/outputs/repro_black_bowl_retry_20260511_formal/zero_margin_guard_formal_state7_seed3,libero_spatial,CONDITION_UNVERIFIED,TIER_X_REJECTED,False,False,False,False,False,False,False,False,False,False
/data/liuyu/outputs/repro_black_bowl_retry_20260511_formal/zero_margin_guard_formal_state7_seed5,libero_spatial,CONDITION_UNVERIFIED,TIER_X_REJECTED,False,False,False,False,False,False,False,False,False,False
/data/liuyu/outputs/repro_black_bowl_retry_20260511_formal/vis_guard_formal_state7_seed2,libero_spatial,NON_CLEAN_OR_ATTACK,TIER_X_REJECTED,False,False,False,False,False,False,False,False,False,False
/data/liuyu/outputs/repro_black_bowl_retry_20260511_formal/vis_guard_formal_state7_seed1,libero_spatial,NON_CLEAN_OR_ATTACK,TIER_X_REJECTED,False,False,False,False,False,False,False,False,False,False
/data/liuyu/outputs/repro_black_bowl_retry_20260511_formal/oracle_guard_formal_state7_seed2,libero_spatial,CONDITION_UNVERIFIED,TIER_X_REJECTED,False,False,False,False,False,False,False,False,False,False
/data/liuyu/outputs/repro_black_bowl_retry_20260511_formal/oracle_guard_formal_state7_seed1,libero_spatial,CONDITION_UNVERIFIED,TIER_X_REJECTED,False,False,False,False,False,False,False,False,False,False
/data/liuyu/outputs/repro_black_bowl_retry_20260511_formal/vis_guard_formal_state7_seed5,libero_spatial,NON_CLEAN_OR_ATTACK,TIER_X_REJECTED,False,False,False,False,False,False,False,False,False,False
/data/liuyu/outputs/repro_black_bowl_retry_20260511_formal/zero_margin_guard_formal_state7_seed4,libero_spatial,CONDITION_UNVERIFIED,TIER_X_REJECTED,False,False,False,False,False,False,False,False,False,False
/data/liuyu/outputs/rollout_xval,,TRUE_T10,TIER_X_REJECTED,False,False,False,False,False,False,False,False,False,False
/data/liuyu/outputs/milestone_2h_sustained_proxy_forced_micro_20260530/runs/libero_object/micro_clean_tomato_sauce_s0,,CLEAN,TIER_X_REJECTED,False,False,False,False,False,False,False,False,False,False
/data/liuyu/outputs/milestone_2h_sustained_proxy_forced_micro_20260530/runs/libero_object/micro_oracle_tomato_sauce_s0,,CONDITION_UNVERIFIED,TIER_X_REJECTED,False,False,False,False,False,False,False,False,False,False
/data/liuyu/outputs/milestone_2h_sustained_proxy_forced_micro_20260530/runs/libero_object/micro_sus30_tomato_sauce_s0,,CONDITION_UNVERIFIED,TIER_X_REJECTED,False,False,False,False,False,False,False,False,False,False
/data/liuyu/outputs/milestone_2h_sustained_proxy_forced_micro_20260530/runs/libero_object/micro_sus60_tomato_sauce_s0,,CONDITION_UNVERIFIED,TIER_X_REJECTED,False,False,False,False,False,False,False,False,False,False
/data/liuyu/outputs/libero_full4_clean_official_aligned_20260525_preflight_canary/runs/official_canary_spatial_state0,libero_spatial,CLEAN,TIER_X_REJECTED,False,False,False,False,False,False,False,False,False,False
/data/liuyu/outputs/d4_sidecar_smoke_noservice/milk_s23_shadow_attempt1,,CONDITION_UNVERIFIED,TIER_X_REJECTED,False,False,False,False,False,False,False,False,False,False
/data/liuyu/outputs/layer123_final3/bbq_sauce_s0/RAND_T10,,RAND_T10,TIER_X_REJECTED,False,False,False,False,False,False,False,False,False,False
/data/liuyu/outputs/layer123_final3/bbq_sauce_s0/CLEAN,,CLEAN,TIER_D_LEGACY_REFERENCE_ONLY,False,False,False,False,False,False,False,False,False,False
/data/liuyu/outputs/layer123_final3/bbq_sauce_s0/TRUE_T10,,TRUE_T10,TIER_X_REJECTED,False,False,False,False,False,False,False,False,False,False
/data/liuyu/outputs/layer123_final3/cream_cheese_s0/RAND_T10,,RAND_T10,TIER_X_REJECTED,False,False,False,False,False,False,False,False,False,False
/data/liuyu/outputs/layer123_final3/cream_cheese_s0/CLEAN,,CLEAN,TIER_D_LEGACY_REFERENCE_ONLY,False,False,False,False,False,False,False,False,False,False
/data/liuyu/outputs/layer123_final3/cream_cheese_s0/TRUE_T10,,TRUE_T10,TIER_X_REJECTED,False,False,False,False,False,False,False,False,False,False
/data/liuyu/outputs/layer123_final3/tomato_sauce_s0/RAND_T10,,RAND_T10,TIER_X_REJECTED,False,False,False,False,False,False,False,False,False,False
/data/liuyu/outputs/layer123_final3/tomato_sauce_s0/CLEAN,,CLEAN,TIER_D_LEGACY_REFERENCE_ONLY,False,False,False,False,False,False,False,False,False,False
/data/liuyu/outputs/layer123_final3/tomato_sauce_s0/TRUE_T10,,TRUE_T10,TIER_X_REJECTED,False,False,False,False,False,False,False,False,False,False
/data/liuyu/outputs/layer123_final3/butter_s2/RAND_T10,,RAND_T10,TIER_X_REJECTED,False,False,False,False,False,False,False,False,False,False
/data/liuyu/outputs/layer123_final3/butter_s2/CLEAN,,CLEAN,TIER_D_LEGACY_REFERENCE_ONLY,False,False,False,False,False,False,False,False,False,False
/data/liuyu/outputs/layer123_final3/butter_s2/TRUE_T10,,TRUE_T10,TIER_X_REJECTED,False,False,False,False,False,False,False,False,False,False
/data/liuyu/outputs/layer123_final3/butter_s0/RAND_T10,,RAND_T10,TIER_X_REJECTED,False,False,False,False,False,False,False,False,False,False
/data/liuyu/outputs/layer123_final3/butter_s0/CLEAN,,CLEAN,TIER_D_LEGACY_REFERENCE_ONLY,False,False,False,False,False,False,False,False,False,False
/data/liuyu/outputs/layer123_final3/butter_s0/TRUE_T10,,TRUE_T10,TIER_X_REJECTED,False,False,False,False,False,False,False,False,False,False
/data/liuyu/outputs/layer123_final3/salad_dressing_s0/RAND_T10,,RAND_T10,TIER_X_REJECTED,False,False,False,False,False,False,False,False,False,False
/data/liuyu/outputs/layer123_final3/salad_dressing_s0/CLEAN,,CLEAN,TIER_D_LEGACY_REFERENCE_ONLY,False,False,False,False,False,False,False,False,False,False
/data/liuyu/outputs/layer123_final3/salad_dressing_s0/TRUE_T10,,TRUE_T10,TIER_X_REJECTED,False,False,False,False,False,False,False,False,False,False
/data/liuyu/outputs/layer123_final3/chocolate_pudding_s2/RAND_T10,,RAND_T10,TIER_X_REJECTED,False,False,False,False,False,False,False,False,False,False
/data/liuyu/outputs/layer123_final3/chocolate_pudding_s2/CLEAN,,CLEAN,TIER_D_LEGACY_REFERENCE_ONLY,False,False,False,False,False,False,False,False,False,False
/data/liuyu/outputs/layer123_final3/chocolate_pudding_s2/TRUE_T10,,TRUE_T10,TIER_X_REJECTED,False,False,False,False,False,False,False,False,False,False
/data/liuyu/outputs/layer123_final3/milk_s4/RAND_T10,,RAND_T10,TIER_X_REJECTED,False,False,False,False,False,False,False,False,False,False
/data/liuyu/outputs/layer123_final3/milk_s4/CLEAN,,CLEAN,TIER_D_LEGACY_REFERENCE_ONLY,False,False,False,False,False,False,False,False,False,False
/data/liuyu/outputs/layer123_final3/orange_juice_s0/RAND_T10,,RAND_T10,TIER_X_REJECTED,False,False,False,False,False,False,False,False,False,False
/data/liuyu/outputs/layer123_final3/orange_juice_s0/CLEAN,,CLEAN,TIER_D_LEGACY_REFERENCE_ONLY,False,False,False,False,False,False,False,False,False,False
/data/liuyu/outputs/layer123_final3/orange_juice_s0/TRUE_T10,,TRUE_T10,TIER_X_REJECTED,False,False,False,False,False,False,False,False,False,False
/data/liuyu/outputs/layer123_final3/ketchup_s0/RAND_T10,,RAND_T10,TIER_X_REJECTED,False,False,False,False,False,False,False,False,False,False
/data/liuyu/outputs/layer123_final3/ketchup_s0/CLEAN,,CLEAN,TIER_D_LEGACY_REFERENCE_ONLY,False,False,False,False,False,False,False,False,False,False
/data/liuyu/outputs/layer123_final3/ketchup_s0/TRUE_T10,,TRUE_T10,TIER_X_REJECTED,False,False,False,False,False,False,False,False,False,False
/data/liuyu/outputs/layer123_final3/alphabet_soup_s0/RAND_T10,,RAND_T10,TIER_X_REJECTED,False,False,False,False,False,False,False,False,False,False
/data/liuyu/outputs/layer123_final3/alphabet_soup_s0/CLEAN,,CLEAN,TIER_D_LEGACY_REFERENCE_ONLY,False,False,False,False,False,False,False,False,False,False
/data/liuyu/outputs/d44d_balanced120_gpu50_r1/chocolate_pudding_s3_shadow_attempt1,,CONDITION_UNVERIFIED,TIER_X_REJECTED,False,False,False,False,False,False,False,False,False,False
/data/liuyu/outputs/d44d_balanced120_gpu50_r1/tomato_sauce_s23_shadow_attempt1,,CONDITION_UNVERIFIED,TIER_X_REJECTED,False,False,False,False,False,False,False,False,False,False
/data/liuyu/outputs/d44d_balanced120_gpu50_r1/butter_s32_shadow_attempt1,,CONDITION_UNVERIFIED,TIER_X_REJECTED,False,False,False,False,False,False,False,False,False,False
/data/liuyu/outputs/d44d_balanced120_gpu50_r1/milk_s40_shadow_attempt1,,CONDITION_UNVERIFIED,TIER_X_REJECTED,False,False,False,False,False,False,False,False,False,False
/data/liuyu/outputs/d44d_balanced120_gpu50_r1/orange_juice_s13_shadow_attempt1,,CONDITION_UNVERIFIED,TIER_X_REJECTED,False,False,False,False,False,False,False,False,False,False
/data/liuyu/outputs/d44d_balanced120_gpu50_r1/butter_s2_shadow_attempt1,,CONDITION_UNVERIFIED,TIER_X_REJECTED,False,False,False,False,False,False,False,False,False,False
/data/liuyu/outputs/d44d_balanced120_gpu50_r1/ketchup_s42_shadow_attempt1,,CONDITION_UNVERIFIED,TIER_X_REJECTED,False,False,False,False,False,False,False,False,False,False
/data/liuyu/outputs/d44d_balanced120_gpu50_r1/bbq_sauce_s26_shadow_attempt1,,CONDITION_UNVERIFIED,TIER_X_REJECTED,False,False,False,False,False,False,False,False,False,False
/data/liuyu/outputs/d44d_balanced120_gpu50_r1/chocolate_pudding_s10_shadow_attempt1,,CONDITION_UNVERIFIED,TIER_X_REJECTED,False,False,False,False,False,False,False,False,False,False
/data/liuyu/outputs/d44d_balanced120_gpu50_r1/milk_s27_shadow_attempt1,,CONDITION_UNVERIFIED,TIER_X_REJECTED,False,False,False,False,False,False,False,False,False,False
/data/liuyu/outputs/d44d_balanced120_gpu50_r1/butter_s28_shadow_attempt1,,CONDITION_UNVERIFIED,TIER_X_REJECTED,False,False,False,False,False,False,False,False,False,False
/data/liuyu/outputs/d44d_balanced120_gpu50_r1/bbq_sauce_s27_shadow_attempt1,,CONDITION_UNVERIFIED,TIER_X_REJECTED,False,False,False,False,False,False,False,False,False,False
/data/liuyu/outputs/d44d_balanced120_gpu50_r1/chocolate_pudding_s0_shadow_attempt1,,CONDITION_UNVERIFIED,TIER_X_REJECTED,False,False,False,False,False,False,False,False,False,False
/data/liuyu/outputs/d44d_balanced120_gpu50_r1/tomato_sauce_s36_shadow_attempt1,,CONDITION_UNVERIFIED,TIER_X_REJECTED,False,False,False,False,False,False,False,False,False,False
/data/liuyu/outputs/d44d_balanced120_gpu50_r1/milk_s12_shadow_attempt1,,CONDITION_UNVERIFIED,TIER_X_REJECTED,False,False,False,False,False,False,False,False,False,False
/data/liuyu/outputs/d44d_balanced120_gpu50_r1/chocolate_pudding_s36_shadow_attempt1,,CONDITION_UNVERIFIED,TIER_X_REJECTED,False,False,False,False,False,False,False,False,False,False
/data/liuyu/outputs/d44d_balanced120_gpu50_r1/tomato_sauce_s29_shadow_attempt1,,CONDITION_UNVERIFIED,TIER_X_REJECTED,False,False,False,False,False,False,False,False,False,False
/data/liuyu/outputs/d44d_balanced120_gpu50_r1/orange_juice_s25_shadow_attempt1,,CONDITION_UNVERIFIED,TIER_X_REJECTED,False,False,False,False,False,False,False,False,False,False
/data/liuyu/outputs/d44d_balanced120_gpu50_r1/butter_s10_shadow_attempt1,,CONDITION_UNVERIFIED,TIER_X_REJECTED,False,False,False,False,False,False,False,False,False,False
/data/liuyu/outputs/d44d_balanced120_gpu50_r1/orange_juice_s16_shadow_attempt1,,CONDITION_UNVERIFIED,TIER_X_REJECTED,False,False,False,False,False,False,False,False,False,False
/data/liuyu/outputs/d44d_balanced120_gpu50_r1/orange_juice_s8_shadow_attempt1,,CONDITION_UNVERIFIED,TIER_X_REJECTED,False,False,False,False,False,False,False,False,False,False
/data/liuyu/outputs/d44d_balanced120_gpu50_r1/ketchup_s28_shadow_attempt1,,CONDITION_UNVERIFIED,TIER_X_REJECTED,False,False,False,False,False,False,False,False,False,False
/data/liuyu/outputs/d44d_balanced120_gpu50_r1/ketchup_s18_shadow_attempt1,,CONDITION_UNVERIFIED,TIER_X_REJECTED,False,False,False,False,False,False,False,False,False,False
/data/liuyu/outputs/d44d_balanced120_gpu50_r1/ketchup_s24_shadow_attempt1,,CONDITION_UNVERIFIED,TIER_X_REJECTED,False,False,False,False,False,False,False,False,False,False
/data/liuyu/outputs/d44d_balanced120_gpu50_r1/chocolate_pudding_s8_shadow_attempt1,,CONDITION_UNVERIFIED,TIER_X_REJECTED,False,False,False,False,False,False,False,False,False,False
/data/liuyu/outputs/d44d_balanced120_gpu50_r1/orange_juice_s36_shadow_attempt1,,CONDITION_UNVERIFIED,TIER_X_REJECTED,False,False,False,False,False,False,False,False,False,False
/data/liuyu/outputs/d44d_balanced120_gpu50_r1/salad_dressing_s11_shadow_attempt1,,CONDITION_UNVERIFIED,TIER_X_REJECTED,False,False,False,False,False,False,False,False,False,False
/data/liuyu/outputs/d44d_balanced120_gpu50_r1/bbq_sauce_s29_shadow_attempt1,,CONDITION_UNVERIFIED,TIER_X_REJECTED,False,False,False,False,False,False,False,False,False,False
/data/liuyu/outputs/d44d_balanced120_gpu50_r1/orange_juice_s49_shadow_attempt1,,CONDITION_UNVERIFIED,TIER_X_REJECTED,False,False,False,False,False,False,False,False,False,False
/data/liuyu/outputs/d44d_balanced120_gpu50_r1/salad_dressing_s3_shadow_attempt1,,CONDITION_UNVERIFIED,TIER_X_REJECTED,False,False,False,False,False,False,False,False,False,False
/data/liuyu/outputs/d44d_balanced120_gpu50_r1/ketchup_s34_shadow_attempt1,,CONDITION_UNVERIFIED,TIER_X_REJECTED,False,False,False,False,False,False,False,False,False,False
/data/liuyu/outputs/d44d_balanced120_gpu50_r1/ketchup_s10_shadow_attempt1,,CONDITION_UNVERIFIED,TIER_X_REJECTED,False,False,False,False,False,False,False,False,False,False
/data/liuyu/outputs/d44d_balanced120_gpu50_r1/milk_s9_shadow_attempt1,,CONDITION_UNVERIFIED,TIER_X_REJECTED,False,False,False,False,False,False,False,False,False,False
/data/liuyu/outputs/d44d_balanced120_gpu50_r1/bbq_sauce_s17_shadow_attempt1,,CONDITION_UNVERIFIED,TIER_X_REJECTED,False,False,False,False,False,False,False,False,False,False
/data/liuyu/outputs/d44d_balanced120_gpu50_r1/ketchup_s37_shadow_attempt1,,CONDITION_UNVERIFIED,TIER_X_REJECTED,False,False,False,False,False,False,False,False,False,False
/data/liuyu/outputs/d44d_balanced120_gpu50_r1/chocolate_pudding_s11_shadow_attempt1,,CONDITION_UNVERIFIED,TIER_X_REJECTED,False,False,False,False,False,False,False,False,False,False
/data/liuyu/outputs/l3_h5_v2_final_seal_r1/h6_seed81_SHUFFLED,,SHUFFLED,TIER_X_REJECTED,False,False,False,False,False,False,False,False,False,False
/data/liuyu/outputs/l3_h5_v2_final_seal_r1/h6_seed81_CLEAN,,CLEAN,TIER_D_LEGACY_REFERENCE_ONLY,False,False,False,False,False,False,False,False,False,False
/data/liuyu/outputs/l3_h5_v2_final_seal_r1/h6_seed81_RAND,,RAND,TIER_X_REJECTED,False,False,False,False,False,False,False,False,False,False
/data/liuyu/outputs/l3_h5_v2_final_seal_r1/h6_seed81_TRUE,,TRUE,TIER_X_REJECTED,False,False,False,False,False,False,False,False,False,False
/data/liuyu/outputs/cross_suite_clean_20260619_canary_877c9c0/spatial_t0_s0,libero_spatial,CLEAN,TIER_B_DETECTOR_COMPATIBLE,True,True,True,True,False,True,True,False,True,False
/data/liuyu/outputs/cross_suite_clean_20260619_canary_877c9c0/spatial_t4_s0,libero_spatial,CLEAN,TIER_B_DETECTOR_COMPATIBLE,True,True,True,True,False,True,True,False,True,False
/data/liuyu/outputs/cross_suite_clean_20260619_canary_877c9c0/goal_t1_s0,libero_goal,CLEAN,TIER_B_DETECTOR_COMPATIBLE,True,True,True,True,False,True,True,False,True,False
/data/liuyu/outputs/cross_suite_clean_20260619_canary_877c9c0/libero10_t5_s0,libero_10,CLEAN,TIER_B_DETECTOR_COMPATIBLE,True,True,True,True,False,True,True,False,True,False
/data/liuyu/outputs/cross_suite_clean_20260619_canary_877c9c0/goal_t0_s0,libero_goal,CLEAN,TIER_X_REJECTED,False,False,False,False,False,False,False,False,False,False
/data/liuyu/outputs/overnight_full_generic_autowindow_true_nonbb_20260524/runs/p2b_10_book_r1_random,libero_10,NON_CLEAN_OR_ATTACK,TIER_X_REJECTED,False,False,False,False,False,False,False,False,False,False
/data/liuyu/outputs/overnight_full_generic_autowindow_true_nonbb_20260524/runs/p3_moka_clean,libero_10,CLEAN,TIER_X_REJECTED,False,False,False,False,False,False,False,False,False,False
/data/liuyu/outputs/overnight_full_generic_autowindow_true_nonbb_20260524/runs/p2b_10_moka4_r1_cmdopen_pos075,libero_10,NON_CLEAN_OR_ATTACK,TIER_X_REJECTED,False,False,False,False,False,False,False,False,False,False
/data/liuyu/outputs/overnight_full_generic_autowindow_true_nonbb_20260524/runs/p2b_goal_wine_r1_random,libero_goal,NON_CLEAN_OR_ATTACK,TIER_X_REJECTED,False,False,False,False,False,False,False,False,False,False
/data/liuyu/outputs/overnight_full_generic_autowindow_true_nonbb_20260524/runs/ketchup_s8_r1_random,,NON_CLEAN_OR_ATTACK,TIER_X_REJECTED,False,False,False,False,False,False,False,False,False,False
/data/liuyu/outputs/overnight_full_generic_autowindow_true_nonbb_20260524/runs/p2b_obj_cream_r1_cmdopen_pos075,,NON_CLEAN_OR_ATTACK,TIER_X_REJECTED,False,False,False,False,False,False,False,False,False,False
/data/liuyu/outputs/overnight_full_generic_autowindow_true_nonbb_20260524/runs/ketchup_s9_r1_cmdopen_neg075,,NON_CLEAN_OR_ATTACK,TIER_X_REJECTED,False,False,False,False,False,False,False,False,False,False
/data/liuyu/outputs/overnight_full_generic_autowindow_true_nonbb_20260524/runs/p2b_10_book_r1_cmdopen_neg075,libero_10,NON_CLEAN_OR_ATTACK,TIER_X_REJECTED,False,False,False,False,False,False,False,False,False,False
/data/liuyu/outputs/overnight_full_generic_autowindow_true_nonbb_20260524/runs/p3_moka_random,libero_10,NON_CLEAN_OR_ATTACK,TIER_X_REJECTED,False,False,False,False,False,False,False,False,False,False
/data/liuyu/outputs/overnight_full_generic_autowindow_true_nonbb_20260524/runs/p3_book_VIS_current,libero_10,NON_CLEAN_OR_ATTACK,TIER_X_REJECTED,False,False,False,False,False,False,False,False,False,False
/data/liuyu/outputs/overnight_full_generic_autowindow_true_nonbb_20260524/runs/p2b_10_moka4_r1_random,libero_10,NON_CLEAN_OR_ATTACK,TIER_X_REJECTED,False,False,False,False,False,False,False,False,False,False
/data/liuyu/outputs/overnight_full_generic_autowindow_true_nonbb_20260524/runs/p2b_obj_orange_r1_cmdopen_pos075,,NON_CLEAN_OR_ATTACK,TIER_X_REJECTED,False,False,False,False,False,False,False,False,False,False
/data/liuyu/outputs/overnight_full_generic_autowindow_true_nonbb_20260524/runs/p2b_obj_cream_r1_random,,NON_CLEAN_OR_ATTACK,TIER_X_REJECTED,False,False,False,False,False,False,False,False,False,False
/data/liuyu/outputs/overnight_full_generic_autowindow_true_nonbb_20260524/runs/ketchup_s8_r1_cmdopen_pos075,,NON_CLEAN_OR_ATTACK,TIER_X_REJECTED,False,False,False,False,False,False,False,False,False,False
/data/liuyu/outputs/overnight_full_generic_autowindow_true_nonbb_20260524/runs/ketchup_s9_r1_random,,NON_CLEAN_OR_ATTACK,TIER_X_REJECTED,False,False,False,False,False,False,False,False,False,False
/data/liuyu/outputs/overnight_full_generic_autowindow_true_nonbb_20260524/runs/p2b_goal_top_r1_cmdopen_neg075,libero_goal,NON_CLEAN_OR_ATTACK,TIER_X_REJECTED,False,False,False,False,False,False,False,False,False,False
/data/liuyu/outputs/overnight_full_generic_autowindow_true_nonbb_20260524/runs/p3_book_random,libero_10,NON_CLEAN_OR_ATTACK,TIER_X_REJECTED,False,False,False,False,False,False,False,False,False,False
/data/liuyu/outputs/overnight_full_generic_autowindow_true_nonbb_20260524/runs/p2b_goal_top_r1_cmdopen_pos075,libero_goal,NON_CLEAN_OR_ATTACK,TIER_X_REJECTED,False,False,False,False,False,False,False,False,False,False
/data/liuyu/outputs/overnight_full_generic_autowindow_true_nonbb_20260524/runs/p2b_goal_stove_r1_random,libero_goal,NON_CLEAN_OR_ATTACK,TIER_X_REJECTED,False,False,False,False,False,False,False,False,False,False
/data/liuyu/outputs/overnight_full_generic_autowindow_true_nonbb_20260524/runs/p3_moka_targeted,libero_10,NON_CLEAN_OR_ATTACK,TIER_X_REJECTED,False,False,False,False,False,False,False,False,False,False
/data/liuyu/outputs/overnight_full_generic_autowindow_true_nonbb_20260524/runs/p3_moka_cmdopen_neg075,libero_10,NON_CLEAN_OR_ATTACK,TIER_X_REJECTED,False,False,False,False,False,False,False,False,False,False
/data/liuyu/outputs/overnight_full_generic_autowindow_true_nonbb_20260524/runs/p3_book_cmdopen_neg075,libero_10,NON_CLEAN_OR_ATTACK,TIER_X_REJECTED,False,False,False,False,False,False,False,False,False,False
/data/liuyu/outputs/overnight_full_generic_autowindow_true_nonbb_20260524/runs/p2b_10_moka4_r1_cmdopen_neg075,libero_10,NON_CLEAN_OR_ATTACK,TIER_X_REJECTED,False,False,False,False,False,False,False,False,False,False
/data/liuyu/outputs/overnight_full_generic_autowindow_true_nonbb_20260524/runs/p2b_obj_orange_r1_random,,NON_CLEAN_OR_ATTACK,TIER_X_REJECTED,False,False,False,False,False,False,False,False,False,False
/data/liuyu/outputs/overnight_full_generic_autowindow_true_nonbb_20260524/runs/moka_s9_r1_cmdopen_neg075,libero_10,NON_CLEAN_OR_ATTACK,TIER_X_REJECTED,False,False,False,False,False,False,False,False,False,False
/data/liuyu/outputs/overnight_full_generic_autowindow_true_nonbb_20260524/runs/ketchup_s9_r1_cmdopen_pos075,,NON_CLEAN_OR_ATTACK,TIER_X_REJECTED,False,False,False,False,False,False,False,False,False,False
/data/liuyu/outputs/overnight_full_generic_autowindow_true_nonbb_20260524/runs/p3_moka_VIS_current,libero_10,NON_CLEAN_OR_ATTACK,TIER_X_REJECTED,False,False,False,False,False,False,False,False,False,False
/data/liuyu/outputs/overnight_full_generic_autowindow_true_nonbb_20260524/runs/p3_book_clean,libero_10,CLEAN,TIER_X_REJECTED,False,False,False,False,False,False,False,False,False,False
/data/liuyu/outputs/overnight_full_generic_autowindow_true_nonbb_20260524/runs/moka_s9_r1_random,libero_10,NON_CLEAN_OR_ATTACK,TIER_X_REJECTED,False,False,False,False,False,False,False,False,False,False
/data/liuyu/outputs/overnight_full_generic_autowindow_true_nonbb_20260524/runs/p2b_10_book_r1_cmdopen_pos075,libero_10,NON_CLEAN_OR_ATTACK,TIER_X_REJECTED,False,False,False,False,False,False,False,False,False,False
/data/liuyu/outputs/overnight_full_generic_autowindow_true_nonbb_20260524/runs/p2b_obj_tomato_r1_random,,NON_CLEAN_OR_ATTACK,TIER_X_REJECTED,False,False,False,False,False,False,False,False,False,False
/data/liuyu/outputs/overnight_full_generic_autowindow_true_nonbb_20260524/runs/p2b_goal_top_r1_random,libero_goal,NON_CLEAN_OR_ATTACK,TIER_X_REJECTED,False,False,False,False,False,False,False,False,False,False
/data/liuyu/outputs/overnight_full_generic_autowindow_true_nonbb_20260524/runs/p2b_goal_stove_r1_cmdopen_neg075,libero_goal,NON_CLEAN_OR_ATTACK,TIER_X_REJECTED,False,False,False,False,False,False,False,False,False,False
/data/liuyu/outputs/overnight_full_generic_autowindow_true_nonbb_20260524/runs/moka_s9_r1_cmdopen_pos075,libero_10,NON_CLEAN_OR_ATTACK,TIER_X_REJECTED,False,False,False,False,False,False,False,False,False,False
/data/liuyu/outputs/overnight_full_generic_autowindow_true_nonbb_20260524/runs/p2b_obj_cream_r1_cmdopen_neg075,,NON_CLEAN_OR_ATTACK,TIER_X_REJECTED,False,False,False,False,False,False,False,False,False,False
/data/liuyu/outputs/overnight_full_generic_autowindow_true_nonbb_20260524/runs/p3_book_targeted,libero_10,NON_CLEAN_OR_ATTACK,TIER_X_REJECTED,False,False,False,False,False,False,False,False,False,False
/data/liuyu/outputs/overnight_full_generic_autowindow_true_nonbb_20260524/runs/p2b_goal_stove_r1_cmdopen_pos075,libero_goal,NON_CLEAN_OR_ATTACK,TIER_X_REJECTED,False,False,False,False,False,False,False,False,False,False
/data/liuyu/outputs/overnight_full_generic_autowindow_true_nonbb_20260524/runs/p2b_obj_orange_r1_cmdopen_neg075,,NON_CLEAN_OR_ATTACK,TIER_X_REJECTED,False,False,False,False,False,False,False,False,False,False
/data/liuyu/outputs/overnight_full_generic_autowindow_true_nonbb_20260524/runs/ketchup_s8_r1_cmdopen_neg075,,NON_CLEAN_OR_ATTACK,TIER_X_REJECTED,False,False,False,False,False,False,False,False,False,False
/data/liuyu/outputs/overnight_multilane_followup_20260522_fixed/test_legacy_run_fallback,,CONDITION_UNVERIFIED,TIER_X_REJECTED,False,False,False,False,False,False,False,False,False,False
/data/liuyu/outputs/overnight_multilane_followup_20260522_fixed/runs/goal_put_the_bowl_on_the_plate_s0_r7_VIS_current_same_autowindow,libero_spatial,NON_CLEAN_OR_ATTACK,TIER_X_REJECTED,False,False,False,False,False,False,False,False,False,False
/data/liuyu/outputs/overnight_multilane_followup_20260522_fixed/runs/goal_put_the_bowl_on_the_plate_s0_r3_random_same_autowindow,libero_spatial,NON_CLEAN_OR_ATTACK,TIER_X_REJECTED,False,False,False,False,False,False,False,False,False,False
/data/liuyu/outputs/overnight_multilane_followup_20260522_fixed/runs/goal_put_the_bowl_on_the_plate_s0_r6_clean_detect,libero_spatial,CLEAN,TIER_X_REJECTED,False,False,False,False,False,False,False,False,False,False
/data/liuyu/outputs/overnight_multilane_followup_20260522_fixed/runs/goal_put_the_bowl_on_the_plate_s5_r4_clean_detect,libero_spatial,CLEAN,TIER_X_REJECTED,False,False,False,False,False,False,False,False,False,False
/data/liuyu/outputs/overnight_multilane_followup_20260522_fixed/runs/goal_put_the_bowl_on_the_plate_s0_r4_best_VIS_gripper_targeted_stronger_same_autowindow,libero_spatial,NON_CLEAN_OR_ATTACK,TIER_X_REJECTED,False,False,False,False,False,False,False,False,False,False
/data/liuyu/outputs/overnight_multilane_followup_20260522_fixed/runs/goal_put_the_bowl_on_the_plate_s0_r6_random_same_autowindow,libero_spatial,NON_CLEAN_OR_ATTACK,TIER_X_REJECTED,False,False,False,False,False,False,False,False,False,False
/data/liuyu/outputs/overnight_multilane_followup_20260522_fixed/runs/goal_put_the_bowl_on_the_plate_s0_r7_command_open_0.75_same_autowindow,libero_spatial,CONDITION_UNVERIFIED,TIER_X_REJECTED,False,False,False,False,False,False,False,False,False,False
/data/liuyu/outputs/overnight_multilane_followup_20260522_fixed/runs/goal_put_the_bowl_on_the_plate_s5_r8_clean_detect,libero_spatial,CLEAN,TIER_X_REJECTED,False,False,False,False,False,False,False,False,False,False
/data/liuyu/outputs/overnight_multilane_followup_20260522_fixed/runs/test_run_001,,CONDITION_UNVERIFIED,TIER_X_REJECTED,False,False,False,False,False,False,False,False,False,False
/data/liuyu/outputs/overnight_multilane_followup_20260522_fixed/runs/goal_put_the_bowl_on_the_plate_s0_r5_command_open_1.00_same_autowindow,libero_spatial,CONDITION_UNVERIFIED,TIER_X_REJECTED,False,False,False,False,False,False,False,False,False,False
/data/liuyu/outputs/overnight_multilane_followup_20260522_fixed/runs/goal_put_the_bowl_on_the_plate_s0_r4_command_open_1.00_same_autowindow,libero_spatial,CONDITION_UNVERIFIED,TIER_X_REJECTED,False,False,False,False,False,False,False,False,False,False
/data/liuyu/outputs/overnight_multilane_followup_20260522_fixed/runs/goal_put_the_bowl_on_the_plate_s4_r3_clean_detect,libero_spatial,CLEAN,TIER_X_REJECTED,False,False,False,False,False,False,False,False,False,False
/data/liuyu/outputs/overnight_multilane_followup_20260522_fixed/runs/goal_put_the_bowl_on_the_plate_s4_r4_command_open_0.75_same_autowindow,libero_spatial,CONDITION_UNVERIFIED,TIER_X_REJECTED,False,False,False,False,False,False,False,False,False,False
/data/liuyu/outputs/overnight_multilane_followup_20260522_fixed/runs/goal_put_the_bowl_on_the_plate_s0_r4_random_same_autowindow,libero_spatial,NON_CLEAN_OR_ATTACK,TIER_X_REJECTED,False,False,False,False,False,False,False,False,False,False
/data/liuyu/outputs/overnight_multilane_followup_20260522_fixed/runs/goal_put_the_bowl_on_the_plate_s0_r5_command_open_0.75_same_autowindow,libero_spatial,CONDITION_UNVERIFIED,TIER_X_REJECTED,False,False,False,False,False,False,False,False,False,False
/data/liuyu/outputs/overnight_multilane_followup_20260522_fixed/runs/goal_put_the_bowl_on_the_plate_s4_r3_command_open_0.75_same_autowindow,libero_spatial,CONDITION_UNVERIFIED,TIER_X_REJECTED,False,False,False,False,False,False,False,False,False,False
/data/liuyu/outputs/overnight_multilane_followup_20260522_fixed/runs/goal_put_the_bowl_on_the_plate_s0_r7_best_VIS_gripper_targeted_stronger_same_autowindow,libero_spatial,NON_CLEAN_OR_ATTACK,TIER_X_REJECTED,False,False,False,False,False,False,False,False,False,False
/data/liuyu/outputs/overnight_multilane_followup_20260522_fixed/runs/goal_put_the_bowl_on_the_plate_s4_r4_random_same_autowindow,libero_spatial,NON_CLEAN_OR_ATTACK,TIER_X_REJECTED,False,False,False,False,False,False,False,False,False,False
/data/liuyu/outputs/overnight_multilane_followup_20260522_fixed/runs/goal_put_the_bowl_on_the_plate_s0_r4_VIS_current_same_autowindow,libero_spatial,NON_CLEAN_OR_ATTACK,TIER_X_REJECTED,False,False,False,False,False,False,False,False,False,False
/data/liuyu/outputs/overnight_multilane_followup_20260522_fixed/runs/goal_put_the_bowl_on_the_plate_s5_r11_clean_detect,libero_spatial,CLEAN,TIER_X_REJECTED,False,False,False,False,False,False,False,False,False,False
/data/liuyu/outputs/overnight_multilane_followup_20260522_fixed/runs/goal_put_the_bowl_on_the_plate_s4_r3_command_open_1.00_same_autowindow,libero_spatial,CONDITION_UNVERIFIED,TIER_X_REJECTED,False,False,False,False,False,False,False,False,False,False
/data/liuyu/outputs/overnight_multilane_followup_20260522_fixed/runs/goal_put_the_bowl_on_the_plate_s0_r6_command_open_0.75_same_autowindow,libero_spatial,CONDITION_UNVERIFIED,TIER_X_REJECTED,False,False,False,False,False,False,False,False,False,False
/data/liuyu/outputs/overnight_multilane_followup_20260522_fixed/runs/goal_put_the_bowl_on_the_plate_s0_r5_clean_detect,libero_spatial,CLEAN,TIER_X_REJECTED,False,False,False,False,False,False,False,False,False,False
/data/liuyu/outputs/overnight_multilane_followup_20260522_fixed/runs/goal_put_the_bowl_on_the_plate_s0_r7_command_open_1.00_same_autowindow,libero_spatial,CONDITION_UNVERIFIED,TIER_X_REJECTED,False,False,False,False,False,False,False,False,False,False
/data/liuyu/outputs/overnight_multilane_followup_20260522_fixed/runs/goal_put_the_bowl_on_the_plate_s0_r4_command_open_0.75_same_autowindow,libero_spatial,CONDITION_UNVERIFIED,TIER_X_REJECTED,False,False,False,False,False,False,False,False,False,False
/data/liuyu/outputs/overnight_multilane_followup_20260522_fixed/runs/goal_put_the_bowl_on_the_plate_s5_r9_clean_detect,libero_spatial,CLEAN,TIER_X_REJECTED,False,False,False,False,False,False,False,False,False,False
/data/liuyu/outputs/overnight_multilane_followup_20260522_fixed/runs/goal_put_the_bowl_on_the_plate_s0_r7_random_same_autowindow,libero_spatial,NON_CLEAN_OR_ATTACK,TIER_X_REJECTED,False,False,False,False,False,False,False,False,False,False
/data/liuyu/outputs/overnight_multilane_followup_20260522_fixed/runs/goal_put_the_bowl_on_the_plate_s4_r3_random_same_autowindow,libero_spatial,NON_CLEAN_OR_ATTACK,TIER_X_REJECTED,False,False,False,False,False,False,False,False,False,False
/data/liuyu/outputs/overnight_multilane_followup_20260522_fixed/runs/goal_put_the_bowl_on_the_plate_s0_r5_random_same_autowindow,libero_spatial,NON_CLEAN_OR_ATTACK,TIER_X_REJECTED,False,False,False,False,False,False,False,False,False,False
/data/liuyu/outputs/overnight_multilane_followup_20260522_fixed/runs/goal_put_the_bowl_on_the_plate_s0_r3_VIS_current_same_autowindow,libero_spatial,NON_CLEAN_OR_ATTACK,TIER_X_REJECTED,False,False,False,False,False,False,False,False,False,False
/data/liuyu/outputs/overnight_multilane_followup_20260522_fixed/runs/goal_put_the_bowl_on_the_plate_s5_r5_clean_detect,libero_spatial,CLEAN,TIER_X_REJECTED,False,False,False,False,False,False,False,False,False,False
/data/liuyu/outputs/overnight_multilane_followup_20260522_fixed/runs/goal_put_the_bowl_on_the_plate_s0_r5_VIS_current_same_autowindow,libero_spatial,NON_CLEAN_OR_ATTACK,TIER_X_REJECTED,False,False,False,False,False,False,False,False,False,False
/data/liuyu/outputs/overnight_multilane_followup_20260522_fixed/runs/goal_put_the_bowl_on_the_plate_s5_r3_clean_detect,libero_spatial,CLEAN,TIER_X_REJECTED,False,False,False,False,False,False,False,False,False,False
/data/liuyu/outputs/overnight_multilane_followup_20260522_fixed/runs/goal_put_the_bowl_on_the_plate_s4_r4_VIS_current_same_autowindow,libero_spatial,NON_CLEAN_OR_ATTACK,TIER_X_REJECTED,False,False,False,False,False,False,False,False,False,False
/data/liuyu/outputs/overnight_multilane_followup_20260522_fixed/runs/goal_put_the_bowl_on_the_plate_s0_r7_clean_detect,libero_spatial,CLEAN,TIER_X_REJECTED,False,False,False,False,False,False,False,False,False,False
/data/liuyu/outputs/overnight_multilane_followup_20260522_fixed/runs/goal_put_the_bowl_on_the_plate_s0_r3_best_VIS_gripper_targeted_stronger_same_autowindow,libero_spatial,NON_CLEAN_OR_ATTACK,TIER_X_REJECTED,False,False,False,False,False,False,False,False,False,False
/data/liuyu/outputs/overnight_multilane_followup_20260522_fixed/runs/goal_put_the_bowl_on_the_plate_s4_r4_command_open_1.00_same_autowindow,libero_spatial,CONDITION_UNVERIFIED,TIER_X_REJECTED,False,False,False,False,False,False,False,False,False,False
/data/liuyu/outputs/overnight_multilane_followup_20260522_fixed/runs/goal_put_the_bowl_on_the_plate_s5_r12_clean_detect,libero_spatial,CLEAN,TIER_X_REJECTED,False,False,False,False,False,False,False,False,False,False
/data/liuyu/outputs/overnight_multilane_followup_20260522_fixed/runs/goal_put_the_bowl_on_the_plate_s5_r10_clean_detect,libero_spatial,CLEAN,TIER_X_REJECTED,False,False,False,False,False,False,False,False,False,False
/data/liuyu/outputs/overnight_multilane_followup_20260522_fixed/runs/goal_put_the_bowl_on_the_plate_s4_r4_best_VIS_gripper_targeted_stronger_same_autowindow,libero_spatial,NON_CLEAN_OR_ATTACK,TIER_X_REJECTED,False,False,False,False,False,False,False,False,False,False
/data/liuyu/outputs/overnight_multilane_followup_20260522_fixed/runs/goal_put_the_bowl_on_the_plate_s4_r3_best_VIS_gripper_targeted_stronger_same_autowindow,libero_spatial,NON_CLEAN_OR_ATTACK,TIER_X_REJECTED,False,False,False,False,False,False,False,False,False,False
/data/liuyu/outputs/overnight_multilane_followup_20260522_fixed/runs/goal_put_the_bowl_on_the_plate_s4_r4_clean_detect,libero_spatial,CLEAN,TIER_X_REJECTED,False,False,False,False,False,False,False,False,False,False
/data/liuyu/outputs/overnight_multilane_followup_20260522_fixed/runs/goal_put_the_bowl_on_the_plate_s0_r3_command_open_1.00_same_autowindow,libero_spatial,CONDITION_UNVERIFIED,TIER_X_REJECTED,False,False,False,False,False,False,False,False,False,False
/data/liuyu/outputs/overnight_multilane_followup_20260522_fixed/runs/goal_put_the_bowl_on_the_plate_s0_r3_command_open_0.75_same_autowindow,libero_spatial,CONDITION_UNVERIFIED,TIER_X_REJECTED,False,False,False,False,False,False,False,False,False,False
/data/liuyu/outputs/overnight_multilane_followup_20260522_fixed/runs/goal_put_the_bowl_on_the_plate_s0_r3_clean_detect,libero_spatial,CLEAN,TIER_X_REJECTED,False,False,False,False,False,False,False,False,False,False
/data/liuyu/outputs/overnight_multilane_followup_20260522_fixed/runs/goal_put_the_bowl_on_the_plate_s0_r6_best_VIS_gripper_targeted_stronger_same_autowindow,libero_spatial,NON_CLEAN_OR_ATTACK,TIER_X_REJECTED,False,False,False,False,False,False,False,False,False,False
/data/liuyu/outputs/overnight_multilane_followup_20260522_fixed/runs/goal_put_the_bowl_on_the_plate_s0_r6_VIS_current_same_autowindow,libero_spatial,NON_CLEAN_OR_ATTACK,TIER_X_REJECTED,False,False,False,False,False,False,False,False,False,False
/data/liuyu/outputs/overnight_multilane_followup_20260522_fixed/runs/goal_put_the_bowl_on_the_plate_s0_r4_clean_detect,libero_spatial,CLEAN,TIER_X_REJECTED,False,False,False,False,False,False,False,False,False,False
/data/liuyu/outputs/overnight_multilane_followup_20260522_fixed/runs/goal_put_the_bowl_on_the_plate_s4_r3_VIS_current_same_autowindow,libero_spatial,NON_CLEAN_OR_ATTACK,TIER_X_REJECTED,False,False,False,False,False,False,False,False,False,False
/data/liuyu/outputs/overnight_multilane_followup_20260522_fixed/runs/goal_put_the_bowl_on_the_plate_s0_r5_best_VIS_gripper_targeted_stronger_same_autowindow,libero_spatial,NON_CLEAN_OR_ATTACK,TIER_X_REJECTED,False,False,False,False,False,False,False,False,False,False
/data/liuyu/outputs/overnight_multilane_followup_20260522_fixed/runs/goal_put_the_bowl_on_the_plate_s0_r6_command_open_1.00_same_autowindow,libero_spatial,CONDITION_UNVERIFIED,TIER_X_REJECTED,False,False,False,False,False,False,False,False,False,False
