episode_id,task_key,state_id,split,window_start,window_end,actual_window_len,T_gform,relative_lead,candidate_source,delay,clean_open_count,clean_open_ratio,raw_gripper_mean,qpos_start,qpos_end,qpos_min,qpos_max,qpos_delta_abs,qpos_opening_proxy,qpos_velocity_mean,eef_speed_mean,eef_speed_max,eef_displacement,eef_z_delta,dist_to_T_open_onset,dist_to_T_qpos_motion,dist_to_T_qpos_min,dist_to_T_qpos_stable,dist_to_T_eef_slowdown,dist_to_T_done,phase_bin_proxy,phase_bin_reason,phase_bin_confidence,notes,VIS_OPEN,qpos_opening_delta,VIS_done,denominator_status,claim_usable,taxonomy,provenance_status
obj100_alphabet_soup_alphabet_soup_s0,alphabet_soup,0,train,3,20,18,53,-50,teacher_oracle,-50,0,0.0,0.9961,0.03896,0.039446,0.03896,0.039446,0.000485,0.0,2.9e-05,0.191531,0.45281,0.091411,0.002977,-49,-46,-50,-54,-4,-146,approach_far_closed_proxy,ws<T_gform-40(13),high,,18-18,0.027619,True,polluted_or_incomplete,False,action_positive_physical_weak+denominator_polluted,audit_complete
obj100_alphabet_soup_alphabet_soup_s2,alphabet_soup,2,train,11,28,18,61,-50,teacher_oracle,-50,0,0.0,0.9961,0.039245,0.039526,0.039245,0.039526,0.000281,0.0,1.7e-05,0.097849,0.306105,0.155952,-0.002617,-46,-49,-50,-51,8,-124,approach_far_closed_proxy,ws<T_gform-40(21),high,,,,,,,,pending_vis
obj100_alphabet_soup_alphabet_soup_s3,alphabet_soup,3,train,21,38,18,71,-50,teacher_oracle,-50,0,0.0,0.9961,0.039474,0.039695,0.039474,0.039695,0.000221,0.0,1.3e-05,0.204413,0.3334,0.149097,0.000672,-33,-36,-50,-51,19,-134,approach_near_closed_proxy,"ws_in[T_motion-40,T_motion-20)=[17,37)",medium,,,,,,,,pending_vis
obj100_alphabet_soup_alphabet_soup_s4,alphabet_soup,4,val,4,21,18,54,-50,teacher_oracle,-50,0,0.0,0.9961,0.038958,0.039421,0.038958,0.039421,0.000464,0.0,2.7e-05,0.177058,0.279043,0.161617,-0.001491,-45,-48,-50,-51,-9,-138,approach_far_closed_proxy,ws<T_gform-40(14),high,,,,,,,,pending_vis
obj100_alphabet_soup_alphabet_soup_s6,alphabet_soup,6,test,40,57,18,90,-50,teacher_oracle,-50,0,0.0,0.9961,0.039443,0.040236,0.039443,0.040277,0.000835,0.0,5.2e-05,0.266514,0.497758,0.160372,-0.00427,-20,-25,-105,,9,-106,approach_near_closed_proxy,"ws_in[T_motion-40,T_motion-20)=[25,45)",medium,,,,,,,,pending_vis
obj100_alphabet_soup_alphabet_soup_s7,alphabet_soup,7,train,60,77,18,110,-50,teacher_oracle,-50,0,0.0,0.9961,0.039842,0.039917,0.039841,0.039917,7.6e-05,1e-06,5e-06,0.085706,0.539658,0.120357,-0.000696,-31,-34,-50,-51,57,-109,approach_near_closed_proxy,"ws_in[T_motion-40,T_motion-20)=[54,74)",medium,,,,,,,,pending_vis
obj100_alphabet_soup_alphabet_soup_s8,alphabet_soup,8,val,12,29,18,62,-50,teacher_oracle,-50,0,0.0,0.9961,0.039286,0.039596,0.039286,0.039596,0.00031,0.0,1.8e-05,0.144828,0.47996,0.167885,-0.001633,-36,-36,-50,-51,9,-130,approach_near_closed_proxy,"ws_in[T_motion-40,T_motion-20)=[8,28)",medium,,,,,,,,pending_vis
obj100_bbq_sauce_bbq_sauce_s0,bbq_sauce,0,test,25,42,18,75,-50,teacher_oracle,-50,0,0.0,0.9961,0.039573,0.039798,0.039573,0.039798,0.000226,0.0,1.3e-05,0.201002,0.65909,0.089821,-0.008019,-22,-25,-50,-69,-8,-142,approach_near_closed_proxy,"ws_in[T_motion-40,T_motion-20)=[10,30)",medium,,,,,,,,pending_vis
obj100_bbq_sauce_bbq_sauce_s4,bbq_sauce,4,test,14,31,18,64,-50,teacher_oracle,-50,0,0.0,0.9961,0.039345,0.039681,0.039345,0.039681,0.000335,0.0,2e-05,0.678403,0.832874,0.08751,0.001845,-43,-46,-50,-51,7,-123,approach_far_closed_proxy,ws<T_gform-40(24),high,,,,,,,,pending_vis
obj100_bbq_sauce_bbq_sauce_s5,bbq_sauce,5,train,27,44,18,77,-50,teacher_oracle,-50,0,0.0,0.9961,0.039597,0.039794,0.039597,0.039794,0.000197,0.0,1.2e-05,0.461394,0.816582,0.069451,-0.006061,-37,-40,-50,-63,20,-163,approach_near_closed_proxy,"ws_in[T_motion-40,T_motion-20)=[27,47)",medium,,,,,,,,pending_vis
obj100_bbq_sauce_bbq_sauce_s9,bbq_sauce,9,train,22,39,18,72,-50,teacher_oracle,-50,0,0.0,0.9961,0.039511,0.039743,0.039511,0.039743,0.000232,0.0,1.4e-05,0.518122,0.778577,0.100018,-0.004175,-39,-42,-50,-51,-16,-116,approach_far_closed_proxy,ws<T_gform-40(32),high,,,,,,,,pending_vis
obj100_butter_butter_s0,butter,0,val,29,46,18,79,-50,teacher_oracle,-50,0,0.0,0.9961,0.039567,0.039815,0.039567,0.039815,0.000248,0.0,1.5e-05,0.185809,0.535832,0.183535,-0.006529,-23,-23,-50,-51,-1,-112,approach_near_closed_proxy,"ws_in[T_motion-40,T_motion-20)=[12,32)",medium,,18-18,0.037905,True,polluted_or_incomplete,False,denominator_polluted,audit_complete
obj100_butter_butter_s2,butter,2,test,23,40,18,73,-50,teacher_oracle,-50,0,0.0,0.9961,0.039125,0.039569,0.039125,0.039569,0.000445,0.0,2.6e-05,0.219564,0.469022,0.133047,0.004535,-41,-44,-50,-57,-21,-175,approach_far_closed_proxy,ws<T_gform-40(33),high,,,,,,,,pending_vis
obj100_butter_butter_s3,butter,3,train,29,46,18,79,-50,teacher_oracle,-50,0,0.0,0.9961,0.0396,0.039825,0.0396,0.039825,0.000225,0.0,1.3e-05,0.068024,0.143406,0.144226,-0.002098,-29,-32,-115,-119,-12,-204,approach_near_closed_proxy,"ws_in[T_motion-40,T_motion-20)=[21,41)",medium,,,,,,,,pending_vis
obj100_butter_butter_s5,butter,5,train,25,42,18,75,-50,teacher_oracle,-50,0,0.0,0.9961,0.039218,0.039639,0.039218,0.039639,0.00042,0.0,2.5e-05,0.256534,0.463585,0.09829,0.003503,-40,-43,-50,-59,-19,-142,approach_far_closed_proxy,ws<T_gform-40(35),high,,,,,,,,pending_vis
obj100_butter_butter_s6,butter,6,test,34,51,18,84,-50,teacher_oracle,-50,0,0.0,0.9961,0.039593,0.039807,0.039593,0.039807,0.000214,0.0,1.3e-05,0.218435,0.535823,0.19474,-0.007209,-19,-22,-50,-52,6,-191,approach_near_closed_proxy,"ws_in[T_motion-40,T_motion-20)=[16,36)",medium,,,,,,,,pending_vis
obj100_butter_butter_s7,butter,7,train,10,27,18,60,-50,teacher_oracle,-50,0,0.0,0.9961,0.039214,0.039555,0.039214,0.039555,0.000341,0.0,2e-05,0.326147,0.577707,0.163698,0.000468,-42,-41,-50,-51,-23,-140,approach_far_closed_proxy,ws<T_gform-40(20),high,,,,,,,,pending_vis
obj100_butter_butter_s8,butter,8,train,36,53,18,86,-50,teacher_oracle,-50,0,0.0,0.9961,0.039731,0.039866,0.039731,0.039866,0.000135,0.0,8e-06,0.063268,0.116249,0.14341,-0.000954,-34,-37,-50,-51,29,-134,approach_near_closed_proxy,"ws_in[T_motion-40,T_motion-20)=[33,53)",medium,,,,,,,,pending_vis
obj100_butter_butter_s9,butter,9,train,11,28,18,61,-50,teacher_oracle,-50,0,0.0,0.9961,0.039246,0.039569,0.039246,0.039569,0.000323,0.0,1.9e-05,0.245953,0.469021,0.143005,-0.001344,-43,-46,-50,-51,-19,-129,approach_far_closed_proxy,ws<T_gform-40(21),high,,,,,,,,pending_vis
obj100_chocolate_pudding_rerun_chocolate_pudding_s2,chocolate_pudding,2,test,14,31,18,64,-50,teacher_oracle,-50,0,0.0,0.9961,0.0393,0.039609,0.0393,0.039609,0.000309,0.0,1.8e-05,0.198046,0.311592,0.152205,0.000139,-44,-47,-50,-51,-24,-141,approach_far_closed_proxy,ws<T_gform-40(24),high,,,,,,,,pending_vis
obj100_chocolate_pudding_rerun_chocolate_pudding_s3,chocolate_pudding,3,train,40,57,18,90,-50,teacher_oracle,-50,0,0.0,0.9961,0.039715,0.039852,0.039715,0.039852,0.000137,0.0,8e-06,0.10068,0.302334,0.169451,-0.00219,-21,-24,-50,-51,39,-120,approach_near_closed_proxy,"ws_in[T_motion-40,T_motion-20)=[24,44)",medium,,,,,,,,pending_vis
obj100_chocolate_pudding_rerun_chocolate_pudding_s4,chocolate_pudding,4,train,15,32,18,65,-50,teacher_oracle,-50,0,0.0,0.9961,0.039355,0.039631,0.039355,0.039631,0.000276,0.0,1.6e-05,0.20226,0.27364,0.164582,0.000658,-45,-43,-50,-51,10,-203,approach_far_closed_proxy,ws<T_gform-40(25),high,,,,,,,,pending_vis
obj100_chocolate_pudding_rerun_chocolate_pudding_s5,chocolate_pudding,5,train,32,49,18,82,-50,teacher_oracle,-50,0,0.0,0.9961,0.039627,0.039819,0.039627,0.039819,0.000192,0.0,1.1e-05,0.106356,0.344129,0.150196,-0.004163,-23,-26,-124,,-8,-125,approach_near_closed_proxy,"ws_in[T_motion-40,T_motion-20)=[18,38)",medium,,,,,,,,pending_vis
obj100_chocolate_pudding_rerun_chocolate_pudding_s6,chocolate_pudding,6,val,36,53,18,86,-50,teacher_oracle,-50,0,0.0,0.9961,0.039646,0.038893,0.038893,0.039846,0.000953,0.000753,6.8e-05,0.235996,0.535799,0.184282,-0.007097,-21,-18,-50,-51,32,-127,pre_lock_closed_proxy,"ws_in[T_motion-20,T_motion)=[34,54)",medium,,,,,,,,pending_vis
obj100_chocolate_pudding_rerun_chocolate_pudding_s9,chocolate_pudding,9,train,28,45,18,78,-50,teacher_oracle,-50,0,0.0,0.9961,0.039577,0.039812,0.039577,0.039812,0.000235,0.0,1.4e-05,0.141296,0.367492,0.169828,-0.004951,-22,-25,-50,-51,-27,-162,approach_near_closed_proxy,"ws_in[T_motion-40,T_motion-20)=[13,33)",medium,,,,,,,,pending_vis
obj100_cream_cheese_cream_cheese_s4,cream_cheese,4,train,28,45,18,78,-50,teacher_oracle,-50,0,0.0,0.9961,0.039611,0.039798,0.039611,0.039798,0.000187,0.0,1.1e-05,0.201349,0.534198,0.124191,-0.008407,-24,-27,-50,-63,-10,-149,approach_near_closed_proxy,"ws_in[T_motion-40,T_motion-20)=[15,35)",medium,,,,,,,,pending_vis
obj100_ketchup_ketchup_s0,ketchup,0,train,16,33,18,66,-50,teacher_oracle,-50,0,0.0,0.9961,0.039393,0.039618,0.039393,0.039618,0.000225,0.0,1.3e-05,0.237649,0.317095,0.161107,0.000636,-42,-45,-50,-51,14,-143,approach_far_closed_proxy,ws<T_gform-40(26),high,,18-18,0.038042,True,clean,True,claim_usable,audit_complete
obj100_ketchup_ketchup_s1,ketchup,1,val,21,38,18,71,-50,teacher_oracle,-50,0,0.0,0.9961,0.039467,0.039735,0.039467,0.039735,0.000268,0.0,1.6e-05,0.138752,0.420269,0.12664,-0.002513,-24,-27,-50,-52,-11,-159,approach_near_closed_proxy,"ws_in[T_motion-40,T_motion-20)=[8,28)",medium,,,,,,,,pending_vis
obj100_ketchup_ketchup_s2,ketchup,2,val,25,42,18,75,-50,teacher_oracle,-50,0,0.0,0.9961,0.039447,0.039716,0.039447,0.039716,0.000269,0.0,1.6e-05,0.105624,0.251934,0.103617,-0.002737,-31,-34,-50,-51,-7,-115,approach_near_closed_proxy,"ws_in[T_motion-40,T_motion-20)=[19,39)",medium,,,,,,,,pending_vis
obj100_ketchup_ketchup_s5,ketchup,5,test,9,26,18,59,-50,teacher_oracle,-50,0,0.0,0.9961,0.039183,0.039554,0.039183,0.039554,0.000372,0.0,2.2e-05,0.211658,0.317106,0.172393,0.000444,-38,-41,-50,-51,-21,-115,approach_far_closed_proxy,ws<T_gform-40(19),high,,,,,,,,pending_vis
obj100_ketchup_ketchup_s9,ketchup,9,train,41,58,18,91,-50,teacher_oracle,-50,0,0.0,0.9961,0.039733,0.039887,0.039733,0.039887,0.000154,0.0,9e-06,0.132809,0.41087,0.117176,-0.005182,-30,-32,-50,-51,37,-118,approach_near_closed_proxy,"ws_in[T_motion-40,T_motion-20)=[33,53)",medium,,,,,,,,pending_vis
obj100_milk_milk_s4,milk,4,train,19,36,18,69,-50,teacher_oracle,-50,0,0.0,0.9961,0.039075,0.03959,0.039075,0.03959,0.000515,0.0,3e-05,0.075715,0.170705,0.112683,-0.002447,-29,-32,-50,-51,13,-106,approach_near_closed_proxy,"ws_in[T_motion-40,T_motion-20)=[11,31)",medium,,,,,,,,pending_vis
obj100_milk_milk_s5,milk,5,test,25,42,18,75,-50,teacher_oracle,-50,0,0.0,0.9961,0.039581,0.039742,0.039581,0.039742,0.000161,0.0,9e-06,0.305673,0.398552,0.169368,0.00089,-43,-45,-50,-51,14,-216,approach_far_closed_proxy,ws<T_gform-40(35),high,,,,,,,,pending_vis
obj100_milk_milk_s8,milk,8,train,8,25,18,58,-50,teacher_oracle,-50,0,0.0,0.9961,0.039165,0.039521,0.039165,0.039521,0.000356,0.0,2.1e-05,0.286591,0.398554,0.138903,0.002589,-45,-48,-50,-51,2,-144,approach_far_closed_proxy,ws<T_gform-40(18),high,,,,,,,,pending_vis
obj100_orange_juice_orange_juice_s0,orange_juice,0,train,50,67,18,100,-50,teacher_oracle,-50,0,0.0,0.9961,0.039862,0.039948,0.039862,0.039948,8.6e-05,0.0,5e-06,0.225158,0.361896,0.00977,-0.002746,-20,-23,-50,-52,5,-163,approach_near_closed_proxy,"ws_in[T_motion-40,T_motion-20)=[33,53)",medium,,,,,,,,pending_vis
obj100_orange_juice_orange_juice_s1,orange_juice,1,train,10,27,18,60,-50,teacher_oracle,-50,0,0.0,0.9961,0.039204,0.039621,0.039204,0.039621,0.000417,0.0,2.5e-05,0.602981,0.84374,0.064716,-0.005211,-31,-34,-118,,-19,-126,approach_near_closed_proxy,"ws_in[T_motion-40,T_motion-20)=[4,24)",medium,,,,,,,,pending_vis
obj100_orange_juice_orange_juice_s2,orange_juice,2,test,33,50,18,83,-50,teacher_oracle,-50,0,0.0,0.9961,0.039484,0.039765,0.039484,0.039765,0.000281,0.0,1.7e-05,0.299122,0.583079,0.110929,-0.011618,-23,-26,-50,-51,29,-100,approach_near_closed_proxy,"ws_in[T_motion-40,T_motion-20)=[19,39)",medium,,,,,,,,pending_vis
obj100_orange_juice_orange_juice_s6,orange_juice,6,train,31,48,18,81,-50,teacher_oracle,-50,1,0.0556,0.9407,0.039681,0.039241,0.03863,0.039716,0.001086,0.001051,0.000102,0.671462,0.843727,0.073709,-0.003654,-33,-36,-99,,28,-103,approach_near_closed_proxy,"ws_in[T_motion-40,T_motion-20)=[27,47)",medium,,,,,,,,pending_vis
obj100_orange_juice_orange_juice_s7,orange_juice,7,train,37,54,18,87,-50,teacher_oracle,-50,0,0.0,0.9961,0.039199,0.039608,0.039199,0.039608,0.000409,0.0,2.4e-05,0.267053,0.393008,0.105699,-0.00906,-25,-28,-151,,-30,-153,approach_near_closed_proxy,"ws_in[T_motion-40,T_motion-20)=[25,45)",medium,,,,,,,,pending_vis
obj100_salad_dressing_salad_dressing_s0,salad_dressing,0,test,7,24,18,57,-50,teacher_oracle,-50,0,0.0,0.9961,0.039124,0.039545,0.039124,0.039545,0.000421,0.0,2.5e-05,0.704641,0.843728,0.074829,0.008032,-41,-44,-50,-51,-29,-114,approach_far_closed_proxy,ws<T_gform-40(17),high,,,,,,,,pending_vis
obj100_salad_dressing_salad_dressing_s1,salad_dressing,1,train,26,43,18,76,-50,teacher_oracle,-50,0,0.0,0.9961,0.039588,0.039781,0.039588,0.039781,0.000194,0.0,1.1e-05,0.501323,0.843727,0.065669,-0.006885,-31,-34,-97,,25,-98,approach_near_closed_proxy,"ws_in[T_motion-40,T_motion-20)=[20,40)",medium,,,,,,,,pending_vis
obj100_salad_dressing_salad_dressing_s2,salad_dressing,2,train,9,26,18,59,-50,teacher_oracle,-50,0,0.0,0.9961,0.03919,0.039604,0.03919,0.039604,0.000414,0.0,2.4e-05,0.709774,0.843737,0.073835,0.001652,-31,-34,-101,,8,-102,approach_near_closed_proxy,"ws_in[T_motion-40,T_motion-20)=[3,23)",medium,,,,,,,,pending_vis
obj100_salad_dressing_salad_dressing_s4,salad_dressing,4,train,22,39,18,72,-50,teacher_oracle,-50,0,0.0,0.9961,0.039524,0.039765,0.039524,0.039765,0.000241,0.0,1.4e-05,0.313348,0.800281,0.093694,-0.010279,-31,-34,-50,-51,-31,-96,approach_near_closed_proxy,"ws_in[T_motion-40,T_motion-20)=[16,36)",medium,,,,,,,,pending_vis
obj100_salad_dressing_salad_dressing_s5,salad_dressing,5,val,28,45,18,78,-50,teacher_oracle,-50,0,0.0,0.9961,0.039647,0.039805,0.039647,0.039805,0.000159,0.0,9e-06,0.652756,0.843752,0.088513,0.005262,-42,-45,-50,-58,21,-131,approach_far_closed_proxy,ws<T_gform-40(38),high,,,,,,,,pending_vis
obj100_tomato_sauce_tomato_sauce_s0,tomato_sauce,0,test,49,66,18,99,-50,teacher_oracle,-50,0,0.0,0.9961,0.039841,0.039916,0.039841,0.039916,7.5e-05,0.0,4e-06,0.279699,0.697106,0.080016,-0.010412,-31,-37,-50,-65,46,-160,approach_near_closed_proxy,"ws_in[T_motion-40,T_motion-20)=[46,66)",medium,,,,,,,,pending_vis
obj100_tomato_sauce_tomato_sauce_s1,tomato_sauce,1,train,23,40,18,73,-50,teacher_oracle,-50,0,0.0,0.9961,0.039545,0.039771,0.039545,0.039771,0.000226,0.0,1.3e-05,0.331893,0.805716,0.08374,-0.008337,-30,-33,-50,-63,-30,-162,approach_near_closed_proxy,"ws_in[T_motion-40,T_motion-20)=[16,36)",medium,,,,,,,,pending_vis
obj100_tomato_sauce_tomato_sauce_s3,tomato_sauce,3,train,17,34,18,67,-50,teacher_oracle,-50,0,0.0,0.9961,0.039435,0.039709,0.039435,0.039709,0.000274,0.0,1.6e-05,0.754419,0.843718,0.065662,0.005254,-46,-49,-50,-51,-26,-124,approach_far_closed_proxy,ws<T_gform-40(27),high,,,,,,,,pending_vis
obj100_tomato_sauce_tomato_sauce_s4,tomato_sauce,4,test,40,57,18,90,-50,teacher_oracle,-50,0,0.0,0.9961,0.039784,0.039873,0.039784,0.039873,8.9e-05,0.0,5e-06,0.546556,0.745967,0.070409,-0.004645,-41,-44,-50,-51,24,-122,approach_far_closed_proxy,ws<T_gform-40(50),high,,,,,,,,pending_vis
obj100_alphabet_soup_alphabet_soup_s4,alphabet_soup,4,val,3,20,18,54,-51,negative_delay_sweep,-50,0,0.0,0.9961,0.038912,0.039402,0.038912,0.039402,0.00049,0.0,2.9e-05,0.185772,0.279043,0.154304,-0.000863,-46,-49,-51,-52,-10,-139,approach_far_closed_proxy,ws<T_gform-40(14),high,,,,,,,,pending_vis
obj100_alphabet_soup_alphabet_soup_s4,alphabet_soup,4,val,13,30,18,54,-41,negative_delay_sweep,-40,0,0.0,0.9961,0.039253,0.039605,0.039253,0.039605,0.000352,0.0,2.1e-05,0.154478,0.268154,0.152583,0.001498,-36,-39,-41,-42,0,-129,approach_near_closed_proxy,"ws_in[T_motion-40,T_motion-20)=[12,32)",medium,,,,,,,,pending_vis
obj100_alphabet_soup_alphabet_soup_s4,alphabet_soup,4,val,18,35,18,54,-36,negative_delay_sweep,-35,0,0.0,0.9961,0.039362,0.039692,0.039362,0.039692,0.00033,0.0,1.9e-05,0.143961,0.268154,0.12214,-3.2e-05,-31,-34,-36,-37,5,-124,approach_near_closed_proxy,"ws_in[T_gform-40,T_gform-20)=[14,34)",high,,,,,,,,pending_vis
obj100_alphabet_soup_alphabet_soup_s4,alphabet_soup,4,val,23,40,18,54,-31,negative_delay_sweep,-30,0,0.0,0.9961,0.03946,0.039757,0.03946,0.039757,0.000297,0.0,1.7e-05,0.182913,0.34036,0.12926,-0.00407,-26,-29,-31,-32,10,-119,approach_near_closed_proxy,"ws_in[T_gform-40,T_gform-20)=[14,34)",high,,,,,,,,pending_vis
obj100_alphabet_soup_alphabet_soup_s4,alphabet_soup,4,val,28,45,18,54,-26,negative_delay_sweep,-25,0,0.0,0.9961,0.039564,0.039809,0.039564,0.039809,0.000245,0.0,1.4e-05,0.216223,0.443513,0.16574,-0.008104,-21,-24,-26,-27,15,-114,approach_near_closed_proxy,"ws_in[T_gform-40,T_gform-20)=[14,34)",high,,,,,,,,pending_vis
obj100_alphabet_soup_alphabet_soup_s4,alphabet_soup,4,val,33,50,18,54,-21,negative_delay_sweep,-20,3,0.1667,0.8301,0.039661,0.038538,0.038538,0.039827,0.001289,0.001122,8.6e-05,0.249508,0.443513,0.171162,-0.006944,-16,-19,-21,-22,20,-109,unknown_proxy,no_rule_matched,low,,,,,,,,pending_vis
obj100_alphabet_soup_alphabet_soup_s4,alphabet_soup,4,val,38,55,18,54,-16,negative_delay_sweep,-15,8,0.4444,0.5534,0.039732,0.029386,0.028953,0.039827,0.010874,0.010779,0.000671,0.215635,0.443513,0.114961,8e-06,-11,-14,-16,-17,25,-104,natural_open_or_release_proxy,open_ratio>0.3,medium,,,,,,,,pending_vis
obj100_alphabet_soup_alphabet_soup_s4,alphabet_soup,4,val,43,60,18,54,-11,negative_delay_sweep,-10,13,0.7222,0.2767,0.039791,0.029385,0.028953,0.039827,0.010874,0.010838,0.000668,0.179905,0.443513,0.0243,0.003005,-6,-9,-11,-12,30,-99,natural_open_or_release_proxy,open_ratio>0.3,high,,,,,,,,pending_vis
obj100_alphabet_soup_alphabet_soup_s4,alphabet_soup,4,val,48,65,18,54,-6,negative_delay_sweep,-5,17,0.9444,0.0553,0.039435,0.029375,0.028953,0.039435,0.010482,0.010482,0.000644,0.1602,0.393147,0.084834,0.008524,-1,-4,-6,-7,35,-94,natural_open_or_release_proxy,open_ratio>0.3,high,,,,,,,,pending_vis
obj100_alphabet_soup_alphabet_soup_s4,alphabet_soup,4,val,53,70,18,54,-1,negative_delay_sweep,0,18,1.0,0.0,0.02971,0.029367,0.028953,0.02971,0.000758,0.000758,7.2e-05,0.166918,0.393147,0.1598,0.003709,4,1,-1,-2,40,-89,natural_open_or_release_proxy,open_ratio>0.3,high,,,,,,,,pending_vis
obj100_alphabet_soup_alphabet_soup_s4,alphabet_soup,4,val,58,75,18,54,4,negative_delay_sweep,5,18,1.0,0.0,0.029391,0.029381,0.029367,0.029391,2.4e-05,2.4e-05,3e-06,0.210474,0.393147,0.185888,0.003812,9,6,4,3,45,-84,natural_open_or_release_proxy,open_ratio>0.3,high,,,,,,,,pending_vis
obj100_alphabet_soup_alphabet_soup_s4,alphabet_soup,4,val,63,80,18,54,9,negative_delay_sweep,10,18,1.0,0.0,0.029378,0.029406,0.029367,0.029406,3.9e-05,1.1e-05,3e-06,0.206285,0.393147,0.182189,4.1e-05,14,11,9,8,50,-79,natural_open_or_release_proxy,open_ratio>0.3,high,,,,,,,,pending_vis
obj100_alphabet_soup_alphabet_soup_s8,alphabet_soup,8,val,9,26,18,62,-53,negative_delay_sweep,-50,0,0.0,0.9961,0.039199,0.039539,0.039199,0.039539,0.00034,0.0,2e-05,0.169983,0.47996,0.158916,-0.001103,-39,-39,-53,-54,6,-133,approach_near_closed_proxy,"ws_in[T_motion-40,T_motion-20)=[8,28)",medium,,,,,,,,pending_vis
obj100_alphabet_soup_alphabet_soup_s8,alphabet_soup,8,val,19,36,18,62,-43,negative_delay_sweep,-40,0,0.0,0.9961,0.039429,0.039716,0.039429,0.039716,0.000286,0.0,1.7e-05,0.051346,0.165233,0.136617,-0.001865,-29,-29,-43,-44,16,-123,approach_near_closed_proxy,"ws_in[T_motion-40,T_motion-20)=[8,28)",medium,,,,,,,,pending_vis
obj100_alphabet_soup_alphabet_soup_s8,alphabet_soup,8,val,24,41,18,62,-38,negative_delay_sweep,-35,0,0.0,0.9961,0.039506,0.039773,0.039506,0.039773,0.000266,0.0,1.6e-05,0.051134,0.210094,0.138375,-0.001391,-24,-24,-38,-39,21,-118,approach_near_closed_proxy,"ws_in[T_gform-40,T_gform-20)=[22,42)",high,,,,,,,,pending_vis
obj100_alphabet_soup_alphabet_soup_s8,alphabet_soup,8,val,29,46,18,62,-33,negative_delay_sweep,-30,0,0.0,0.9961,0.039596,0.040179,0.039596,0.040179,0.000584,0.0,3.4e-05,0.082254,0.334847,0.154589,-0.000451,-19,-19,-33,-34,26,-113,pre_lock_closed_proxy,"ws_in[T_motion-20,T_motion)=[28,48)",medium,,,,,,,,pending_vis
obj100_alphabet_soup_alphabet_soup_s8,alphabet_soup,8,val,34,51,18,62,-28,negative_delay_sweep,-25,4,0.2222,0.7747,0.039685,0.031814,0.031814,0.040179,0.008365,0.007871,0.000521,0.08862,0.334847,0.116328,-0.000933,-14,-14,-28,-29,31,-108,grasp_formation_pre_lock_proxy,"overlaps_qpos_motion[48,63]",high,,,,,,,,pending_vis
obj100_alphabet_soup_alphabet_soup_s8,alphabet_soup,8,val,39,56,18,62,-23,negative_delay_sweep,-20,9,0.5,0.498,0.039751,0.030536,0.030536,0.040179,0.009644,0.009216,0.000595,0.116959,0.334847,0.047326,0.002045,-9,-9,-23,-24,36,-103,natural_open_or_release_proxy,open_ratio>0.3,medium,,,,,,,,pending_vis
obj100_alphabet_soup_alphabet_soup_s8,alphabet_soup,8,val,44,61,18,62,-18,negative_delay_sweep,-15,14,0.7778,0.2214,0.039802,0.030482,0.030482,0.040179,0.009697,0.00932,0.000596,0.129722,0.334847,0.057513,0.003272,-4,-4,-18,-19,41,-98,natural_open_or_release_proxy,open_ratio>0.3,high,,,,,,,,pending_vis
obj100_alphabet_soup_alphabet_soup_s8,alphabet_soup,8,val,49,66,18,62,-13,negative_delay_sweep,-10,18,1.0,0.0,0.03289,0.030482,0.030478,0.03289,0.002412,0.002412,0.000145,0.135915,0.252066,0.130471,0.001345,1,1,-13,-14,46,-93,natural_open_or_release_proxy,open_ratio>0.3,high,,,,,,,,pending_vis
obj100_alphabet_soup_alphabet_soup_s8,alphabet_soup,8,val,54,71,18,62,-8,negative_delay_sweep,-5,18,1.0,0.0,0.030609,0.030484,0.030478,0.030609,0.00013,0.00013,9e-06,0.217731,0.458152,0.141979,0.001069,6,6,-8,-9,51,-88,natural_open_or_release_proxy,open_ratio>0.3,high,,,,,,,,pending_vis
obj100_alphabet_soup_alphabet_soup_s8,alphabet_soup,8,val,59,76,18,62,-3,negative_delay_sweep,0,18,1.0,0.0,0.030496,0.030502,0.030478,0.030502,2.4e-05,1.7e-05,3e-06,0.207926,0.458152,0.152557,0.001366,11,11,-3,-4,56,-83,natural_open_or_release_proxy,open_ratio>0.3,high,,,,,,,,pending_vis
obj100_alphabet_soup_alphabet_soup_s8,alphabet_soup,8,val,64,81,18,62,2,negative_delay_sweep,5,18,1.0,0.0,0.030484,0.030532,0.030482,0.030532,5e-05,2e-06,3e-06,0.218149,0.458152,0.141029,0.00065,16,16,2,1,61,-78,natural_open_or_release_proxy,open_ratio>0.3,high,,,,,,,,pending_vis
obj100_alphabet_soup_alphabet_soup_s8,alphabet_soup,8,val,69,86,18,62,7,negative_delay_sweep,10,18,1.0,0.0,0.030484,0.030567,0.030483,0.030567,8.4e-05,1e-06,5e-06,0.231973,0.458152,0.156382,0.001586,21,21,7,6,66,-73,natural_open_or_release_proxy,open_ratio>0.3,high,,,,,,,,pending_vis
obj100_butter_butter_s0,butter,0,val,7,24,18,79,-72,negative_delay_sweep,-50,0,0.0,0.9961,0.039126,0.039507,0.039126,0.039507,0.000381,0.0,2.2e-05,0.311615,0.545125,0.133909,0.003902,-45,-45,-72,-73,-23,-134,approach_far_closed_proxy,ws<T_gform-40(39),high,,,,,,,,pending_vis
obj100_butter_butter_s0,butter,0,val,17,34,18,79,-62,negative_delay_sweep,-40,0,0.0,0.9961,0.039392,0.039659,0.039392,0.039659,0.000266,0.0,1.6e-05,0.206329,0.545125,0.163543,-0.000514,-35,-35,-62,-63,-13,-124,approach_near_closed_proxy,"ws_in[T_motion-40,T_motion-20)=[12,32)",medium,,,,,,,,pending_vis
obj100_butter_butter_s0,butter,0,val,22,39,18,79,-57,negative_delay_sweep,-35,0,0.0,0.9961,0.039478,0.039731,0.039478,0.039731,0.000253,0.0,1.5e-05,0.117429,0.40009,0.1579,-0.006929,-30,-30,-57,-58,-8,-119,approach_near_closed_proxy,"ws_in[T_motion-40,T_motion-20)=[12,32)",medium,,,,,,,,pending_vis
obj100_butter_butter_s0,butter,0,val,27,44,18,79,-52,negative_delay_sweep,-30,0,0.0,0.9961,0.039544,0.039792,0.039544,0.039792,0.000248,0.0,1.5e-05,0.157048,0.535832,0.176755,-0.008475,-25,-25,-52,-53,-3,-114,approach_near_closed_proxy,"ws_in[T_motion-40,T_motion-20)=[12,32)",medium,,,,,,,,pending_vis
obj100_butter_butter_s0,butter,0,val,32,49,18,79,-47,negative_delay_sweep,-25,0,0.0,0.9961,0.039623,0.039844,0.039623,0.039844,0.000221,0.0,1.3e-05,0.249931,0.535832,0.188946,-0.007688,-20,-20,-47,-48,2,-109,pre_lock_closed_proxy,"ws_in[T_motion-20,T_motion)=[32,52)",medium,,,,,,,,pending_vis
obj100_butter_butter_s0,butter,0,val,37,54,18,79,-42,negative_delay_sweep,-20,3,0.1667,0.8301,0.039706,0.028214,0.028214,0.039854,0.01164,0.011492,0.000693,0.310496,0.535832,0.160428,-0.001202,-15,-15,-42,-43,7,-104,grasp_formation_pre_lock_proxy,"overlaps_qpos_motion[52,80]",high,,,,,,,,pending_vis
obj100_butter_butter_s0,butter,0,val,42,59,18,79,-37,negative_delay_sweep,-15,8,0.4444,0.5534,0.039766,0.020346,0.020088,0.039854,0.019766,0.019678,0.001183,0.293416,0.535832,0.096046,0.007244,-10,-10,-37,-38,12,-99,natural_open_or_release_proxy,open_ratio>0.3,medium,,,,,,,,pending_vis
obj100_butter_butter_s0,butter,0,val,47,64,18,79,-32,negative_delay_sweep,-10,13,0.7222,0.2767,0.039825,0.020032,0.020032,0.039854,0.019823,0.019793,0.001198,0.298383,0.476015,0.010059,0.007168,-5,-5,-32,-33,17,-94,natural_open_or_release_proxy,open_ratio>0.3,high,,,,,,,,pending_vis
obj100_butter_butter_s0,butter,0,val,52,69,18,79,-27,negative_delay_sweep,-5,18,1.0,0.0,0.036659,0.019782,0.019782,0.036659,0.016877,0.016877,0.001023,0.293755,0.469152,0.095646,0.007863,0,0,-27,-28,22,-89,natural_open_or_release_proxy,open_ratio>0.3,high,,,,,,,,pending_vis
obj100_butter_butter_s0,butter,0,val,57,74,18,79,-22,negative_delay_sweep,0,18,1.0,0.0,0.023021,0.019665,0.019665,0.023021,0.003356,0.003356,0.000228,0.348769,0.469152,0.161729,0.003119,5,5,-22,-23,27,-84,natural_open_or_release_proxy,open_ratio>0.3,high,,,,,,,,pending_vis
obj100_butter_butter_s0,butter,0,val,62,79,18,79,-17,negative_delay_sweep,5,18,1.0,0.0,0.020169,0.019632,0.019632,0.020169,0.000537,0.000537,3.2e-05,0.321117,0.469152,0.207148,0.001717,10,10,-17,-18,32,-79,natural_open_or_release_proxy,open_ratio>0.3,high,,,,,,,,pending_vis
obj100_butter_butter_s0,butter,0,val,67,84,18,79,-12,negative_delay_sweep,10,18,1.0,0.0,0.019861,0.019643,0.019632,0.019861,0.000229,0.000229,1.4e-05,0.250368,0.469152,0.209754,-0.002228,15,15,-12,-13,37,-74,natural_open_or_release_proxy,open_ratio>0.3,high,,,,,,,,pending_vis
obj100_chocolate_pudding_rerun_chocolate_pudding_s6,chocolate_pudding,6,val,2,19,18,86,-84,negative_delay_sweep,-60,1,0.0556,0.9407,0.038913,0.039238,0.038217,0.039238,0.001021,0.000696,0.000101,0.175939,0.327892,0.131853,0.00312,-55,-52,-84,-85,-2,-161,approach_far_closed_proxy,ws<T_gform-40(46),high,,,,,,,,pending_vis
obj100_chocolate_pudding_rerun_chocolate_pudding_s6,chocolate_pudding,6,val,12,29,18,86,-74,negative_delay_sweep,-50,0,0.0,0.9961,0.039029,0.0395,0.039029,0.0395,0.000471,0.0,2.8e-05,0.223034,0.28457,0.153422,0.000478,-45,-42,-74,-75,8,-151,approach_far_closed_proxy,ws<T_gform-40(46),high,,,,,,,,pending_vis
obj100_chocolate_pudding_rerun_chocolate_pudding_s6,chocolate_pudding,6,val,22,39,18,86,-64,negative_delay_sweep,-40,0,0.0,0.9961,0.03932,0.039697,0.03932,0.039697,0.000376,0.0,2.2e-05,0.172293,0.279002,0.116285,-0.002083,-35,-32,-64,-65,18,-141,approach_near_closed_proxy,"ws_in[T_motion-40,T_motion-20)=[14,34)",medium,,,,,,,,pending_vis
obj100_chocolate_pudding_rerun_chocolate_pudding_s6,chocolate_pudding,6,val,27,44,18,86,-59,negative_delay_sweep,-35,0,0.0,0.9961,0.039452,0.039766,0.039452,0.039766,0.000314,0.0,1.8e-05,0.143852,0.279002,0.153678,-0.004752,-30,-27,-59,-60,23,-136,approach_near_closed_proxy,"ws_in[T_motion-40,T_motion-20)=[14,34)",medium,,,,,,,,pending_vis
obj100_chocolate_pudding_rerun_chocolate_pudding_s6,chocolate_pudding,6,val,32,49,18,86,-54,negative_delay_sweep,-30,0,0.0,0.9961,0.039572,0.039818,0.039572,0.039818,0.000246,0.0,1.4e-05,0.170254,0.535799,0.182441,-0.009249,-25,-22,-54,-55,28,-131,approach_near_closed_proxy,"ws_in[T_motion-40,T_motion-20)=[14,34)",medium,,,,,,,,pending_vis
obj100_chocolate_pudding_rerun_chocolate_pudding_s6,chocolate_pudding,6,val,37,54,18,86,-49,negative_delay_sweep,-25,0,0.0,0.9961,0.039662,0.03441,0.03441,0.039846,0.005436,0.005252,0.000331,0.246487,0.535799,0.174605,-0.003253,-20,-17,-49,-50,33,-126,grasp_formation_pre_lock_proxy,"overlaps_qpos_motion[54,87]",high,,,,,,,,pending_vis
obj100_chocolate_pudding_rerun_chocolate_pudding_s6,chocolate_pudding,6,val,42,59,18,86,-44,negative_delay_sweep,-20,3,0.1667,0.8301,0.039741,0.028457,0.024848,0.039846,0.014998,0.014893,0.001101,0.30485,0.535799,0.118505,-0.001815,-15,-12,-44,-45,38,-121,grasp_formation_pre_lock_proxy,"overlaps_qpos_motion[54,87]",high,,,,,,,,pending_vis
obj100_chocolate_pudding_rerun_chocolate_pudding_s6,chocolate_pudding,6,val,47,64,18,86,-39,negative_delay_sweep,-15,8,0.4444,0.5534,0.039799,0.023212,0.023167,0.039846,0.016679,0.016632,0.001422,0.246467,0.53577,0.053964,0.002743,-10,-7,-39,-40,43,-116,natural_open_or_release_proxy,open_ratio>0.3,medium,,,,,,,,pending_vis
obj100_chocolate_pudding_rerun_chocolate_pudding_s6,chocolate_pudding,6,val,52,69,18,86,-34,negative_delay_sweep,-10,13,0.7222,0.2767,0.039846,0.023023,0.023023,0.039846,0.016823,0.016823,0.001431,0.183642,0.53577,0.059771,0.006396,-5,-2,-34,-35,48,-111,natural_open_or_release_proxy,open_ratio>0.3,high,,,,,,,,pending_vis
obj100_chocolate_pudding_rerun_chocolate_pudding_s6,chocolate_pudding,6,val,57,74,18,86,-29,negative_delay_sweep,-5,18,1.0,0.0,0.024848,0.022826,0.022826,0.028551,0.005725,0.002022,0.00056,0.128014,0.322584,0.123371,0.002043,0,3,-29,-30,53,-106,natural_open_or_release_proxy,open_ratio>0.3,high,,,,,,,,pending_vis
obj100_chocolate_pudding_rerun_chocolate_pudding_s6,chocolate_pudding,6,val,62,79,18,86,-24,negative_delay_sweep,0,18,1.0,0.0,0.023663,0.022653,0.022653,0.023663,0.00101,0.00101,6.5e-05,0.111259,0.322584,0.179343,0.004592,5,8,-24,-25,58,-101,natural_open_or_release_proxy,open_ratio>0.3,high,,,,,,,,pending_vis
obj100_chocolate_pudding_rerun_chocolate_pudding_s6,chocolate_pudding,6,val,67,84,18,86,-19,negative_delay_sweep,5,18,1.0,0.0,0.023108,0.022534,0.022534,0.023108,0.000573,0.000573,3.4e-05,0.191739,0.458198,0.177651,0.001887,10,13,-19,-20,63,-96,natural_open_or_release_proxy,open_ratio>0.3,high,,,,,,,,pending_vis
obj100_chocolate_pudding_rerun_chocolate_pudding_s6,chocolate_pudding,6,val,72,89,18,86,-14,negative_delay_sweep,10,18,1.0,0.0,0.022903,0.022528,0.022525,0.022903,0.000378,0.000378,2.2e-05,0.20077,0.458198,0.156205,0.000914,15,18,-14,-15,68,-91,natural_open_or_release_proxy,open_ratio>0.3,high,,,,,,,,pending_vis
obj100_cream_cheese_cream_cheese_s1,cream_cheese,1,val,49,66,18,105,-56,negative_delay_sweep,-60,8,0.4444,0.5534,0.039731,0.022068,0.022068,0.039798,0.01773,0.017663,0.001068,0.333296,0.535744,0.075354,0.000486,-11,-14,-56,-57,-14,-104,natural_open_or_release_proxy,open_ratio>0.3,medium,,,,,,,,pending_vis
obj100_cream_cheese_cream_cheese_s1,cream_cheese,1,val,59,76,18,105,-46,negative_delay_sweep,-50,17,0.9444,0.0553,0.038767,0.021932,0.021932,0.038862,0.01693,0.016835,0.001045,0.080989,0.497696,0.011372,0.005466,-1,-4,-46,-47,-4,-94,natural_open_or_release_proxy,open_ratio>0.3,high,,,,,,,,pending_vis
obj100_cream_cheese_cream_cheese_s1,cream_cheese,1,val,69,86,18,105,-36,negative_delay_sweep,-40,18,1.0,0.0,0.022381,0.021053,0.021053,0.022381,0.001328,0.001328,8.5e-05,0.005251,0.012595,0.074254,-0.00031,9,6,-36,-37,6,-84,natural_open_or_release_proxy,open_ratio>0.3,high,,,,,,,,pending_vis
obj100_cream_cheese_cream_cheese_s1,cream_cheese,1,val,74,91,18,105,-31,negative_delay_sweep,-35,18,1.0,0.0,0.022136,0.020587,0.020587,0.022136,0.00155,0.00155,9.1e-05,0.008022,0.012674,0.130289,-0.000919,14,11,-31,-32,11,-79,natural_open_or_release_proxy,open_ratio>0.3,high,,,,,,,,pending_vis
obj100_cream_cheese_cream_cheese_s1,cream_cheese,1,val,79,96,18,105,-26,negative_delay_sweep,-30,18,1.0,0.0,0.021626,0.020267,0.020267,0.021626,0.001359,0.001359,8e-05,0.010496,0.013161,0.175804,-0.000622,19,16,-26,-27,16,-74,natural_open_or_release_proxy,open_ratio>0.3,high,,,,,,,,pending_vis
obj100_cream_cheese_cream_cheese_s1,cream_cheese,1,val,84,101,18,105,-21,negative_delay_sweep,-25,18,1.0,0.0,0.021204,0.020002,0.020002,0.021204,0.001202,0.001202,7.1e-05,0.019967,0.118047,0.179231,-0.000842,24,21,-21,-22,21,-69,natural_open_or_release_proxy,open_ratio>0.3,high,,,,,,,,pending_vis
obj100_cream_cheese_cream_cheese_s1,cream_cheese,1,val,89,106,18,105,-16,negative_delay_sweep,-20,18,1.0,0.0,0.020767,0.019859,0.019854,0.020767,0.000913,0.000913,5.4e-05,0.019668,0.118047,0.172828,-0.000235,29,26,-16,-17,26,-64,natural_open_or_release_proxy,open_ratio>0.3,high,,,,,,,,pending_vis
obj100_cream_cheese_cream_cheese_s1,cream_cheese,1,val,94,111,18,105,-11,negative_delay_sweep,-15,18,1.0,0.0,0.020369,0.020004,0.019854,0.020369,0.000515,0.000515,3.9e-05,0.049726,0.215536,0.180098,-0.00061,34,31,-11,-12,31,-59,natural_open_or_release_proxy,open_ratio>0.3,high,,,,,,,,pending_vis
obj100_cream_cheese_cream_cheese_s1,cream_cheese,1,val,99,116,18,105,-6,negative_delay_sweep,-10,18,1.0,0.0,0.020113,0.020086,0.019854,0.020113,0.000259,0.000259,2.9e-05,0.044604,0.215536,0.181659,-0.000376,39,36,-6,-7,36,-54,natural_open_or_release_proxy,open_ratio>0.3,high,,,,,,,,pending_vis
obj100_cream_cheese_cream_cheese_s1,cream_cheese,1,val,104,121,18,105,-1,negative_delay_sweep,-5,18,1.0,0.0,0.01988,0.020082,0.019854,0.020099,0.000245,2.6e-05,1.7e-05,0.076104,0.215536,0.163317,-0.000887,44,41,-1,-2,41,-49,natural_open_or_release_proxy,open_ratio>0.3,high,,,,,,,,pending_vis
obj100_cream_cheese_cream_cheese_s1,cream_cheese,1,val,109,126,18,105,4,negative_delay_sweep,0,17,0.9444,0.0553,0.019949,0.02006,0.019949,0.020099,0.000149,0.0,1.1e-05,0.068683,0.183007,0.125014,0.000369,49,46,4,3,46,-44,natural_open_or_release_proxy,open_ratio>0.3,high,,,,,,,,pending_vis
obj100_cream_cheese_cream_cheese_s1,cream_cheese,1,val,114,131,18,105,9,negative_delay_sweep,5,14,0.7778,0.2214,0.020054,0.02056,0.020054,0.02056,0.000507,0.0,3.5e-05,0.047214,0.155783,0.082389,0.000181,54,51,9,8,51,-39,natural_open_or_release_proxy,open_ratio>0.3,high,,,,,,,,pending_vis
obj100_cream_cheese_cream_cheese_s1,cream_cheese,1,val,119,136,18,105,14,negative_delay_sweep,10,12,0.6667,0.332,0.020089,0.021151,0.02006,0.021151,0.001092,3e-05,6.6e-05,0.039742,0.155783,0.035246,0.00198,59,56,14,13,56,-34,natural_open_or_release_proxy,open_ratio>0.3,high,,,,,,,,pending_vis
obj100_ketchup_ketchup_s1,ketchup,1,val,8,25,18,71,-63,negative_delay_sweep,-50,0,0.0,0.9961,0.03916,0.039523,0.03916,0.039523,0.000364,0.0,2.1e-05,0.276332,0.420269,0.12957,0.001284,-37,-40,-63,-65,-24,-172,approach_near_closed_proxy,"ws_in[T_motion-40,T_motion-20)=[8,28)",medium,,,,,,,,pending_vis
obj100_ketchup_ketchup_s1,ketchup,1,val,18,35,18,71,-53,negative_delay_sweep,-40,0,0.0,0.9961,0.039418,0.03969,0.039418,0.03969,0.000272,0.0,1.6e-05,0.175619,0.420269,0.144841,-0.002757,-27,-30,-53,-55,-14,-162,approach_near_closed_proxy,"ws_in[T_motion-40,T_motion-20)=[8,28)",medium,,,,,,,,pending_vis
obj100_ketchup_ketchup_s1,ketchup,1,val,23,40,18,71,-48,negative_delay_sweep,-35,0,0.0,0.9961,0.039496,0.039758,0.039496,0.039758,0.000262,0.0,1.5e-05,0.123537,0.258892,0.120662,-0.005135,-22,-25,-48,-50,-9,-157,approach_near_closed_proxy,"ws_in[T_motion-40,T_motion-20)=[8,28)",medium,,,,,,,,pending_vis
obj100_ketchup_ketchup_s1,ketchup,1,val,28,45,18,71,-43,negative_delay_sweep,-30,1,0.0556,0.9407,0.039563,0.039818,0.039563,0.039818,0.000255,0.0,1.5e-05,0.097265,0.258892,0.117098,-0.00495,-17,-20,-43,-45,-4,-152,pre_lock_closed_proxy,"ws_in[T_motion-20,T_motion)=[28,48)",medium,,,,,,,,pending_vis
obj100_ketchup_ketchup_s1,ketchup,1,val,33,50,18,71,-38,negative_delay_sweep,-25,6,0.3333,0.6641,0.039657,0.025452,0.025452,0.039818,0.014366,0.014205,0.000855,0.076813,0.258892,0.105743,-0.000946,-12,-15,-38,-40,1,-147,natural_open_or_release_proxy,open_ratio>0.3,medium,,,,,,,,pending_vis
obj100_ketchup_ketchup_s1,ketchup,1,val,38,55,18,71,-33,negative_delay_sweep,-20,11,0.6111,0.3874,0.039735,0.004267,0.004267,0.039818,0.035551,0.035468,0.002096,0.071346,0.258892,0.069544,-0.001272,-7,-10,-33,-35,6,-142,natural_open_or_release_proxy,open_ratio>0.3,high,,,,,,,,pending_vis
obj100_ketchup_ketchup_s1,ketchup,1,val,43,60,18,71,-28,negative_delay_sweep,-15,16,0.8889,0.1107,0.039797,0.001213,0.001213,0.039818,0.038605,0.038584,0.002272,0.030492,0.139377,0.012883,0.002815,-2,-5,-28,-30,11,-137,natural_open_or_release_proxy,open_ratio>0.3,high,,,,,,,,pending_vis
obj100_ketchup_ketchup_s1,ketchup,1,val,48,65,18,71,-23,negative_delay_sweep,-10,18,1.0,0.0,0.033985,0.000935,0.000935,0.033985,0.033049,0.033049,0.001944,0.030439,0.094528,0.034584,0.001504,3,0,-23,-25,16,-132,natural_open_or_release_proxy,open_ratio>0.3,high,,,,,,,,pending_vis
obj100_ketchup_ketchup_s1,ketchup,1,val,53,70,18,71,-18,negative_delay_sweep,-5,18,1.0,0.0,0.010988,0.00075,0.00075,0.010988,0.010239,0.010239,0.000602,0.032707,0.094528,0.073374,0.000772,8,5,-18,-20,21,-127,natural_open_or_release_proxy,open_ratio>0.3,high,,,,,,,,pending_vis
obj100_ketchup_ketchup_s1,ketchup,1,val,58,75,18,71,-13,negative_delay_sweep,0,15,0.8333,0.166,0.001588,0.001481,0.000718,0.001588,0.00087,0.00087,0.00012,0.03312,0.094528,0.084944,0.001668,13,10,-13,-15,26,-122,natural_open_or_release_proxy,open_ratio>0.3,high,,,,,,,,pending_vis
obj100_ketchup_ketchup_s1,ketchup,1,val,63,80,18,71,-8,negative_delay_sweep,5,12,0.6667,0.332,0.001022,0.010995,0.000718,0.010995,0.010277,0.000304,0.000646,0.009409,0.089143,0.0452,-0.000773,18,15,-8,-10,31,-117,natural_open_or_release_proxy,open_ratio>0.3,high,,,,,,,,pending_vis
obj100_ketchup_ketchup_s1,ketchup,1,val,68,85,18,71,-3,negative_delay_sweep,10,7,0.3889,0.6087,0.000819,0.024966,0.000718,0.024966,0.024249,0.000101,0.001456,0.011684,0.139422,0.004542,0.000352,23,20,-3,-5,36,-112,natural_open_or_release_proxy,open_ratio>0.3,medium,,,,,,,,pending_vis
obj100_ketchup_ketchup_s2,ketchup,2,val,4,21,18,75,-71,negative_delay_sweep,-60,0,0.0,0.9961,0.038685,0.039371,0.038685,0.039371,0.000686,0.0,4e-05,0.180637,0.311669,0.077897,0.003864,-52,-55,-71,-72,-28,-136,approach_far_closed_proxy,ws<T_gform-40(35),high,,,,,,,,pending_vis
obj100_ketchup_ketchup_s2,ketchup,2,val,14,31,18,75,-61,negative_delay_sweep,-50,0,0.0,0.9961,0.039216,0.039541,0.039216,0.039541,0.000326,0.0,1.9e-05,0.211308,0.322534,0.160759,-0.0011,-42,-45,-61,-62,-18,-126,approach_far_closed_proxy,ws<T_gform-40(35),high,,,,,,,,pending_vis
obj100_ketchup_ketchup_s2,ketchup,2,val,24,41,18,75,-51,negative_delay_sweep,-40,0,0.0,0.9961,0.039427,0.039703,0.039427,0.039703,0.000276,0.0,1.6e-05,0.1167,0.322534,0.109455,-0.002398,-32,-35,-51,-52,-8,-116,approach_near_closed_proxy,"ws_in[T_motion-40,T_motion-20)=[19,39)",medium,,,,,,,,pending_vis
obj100_ketchup_ketchup_s2,ketchup,2,val,29,46,18,75,-46,negative_delay_sweep,-35,0,0.0,0.9961,0.039513,0.039763,0.039513,0.039763,0.000251,0.0,1.5e-05,0.082386,0.251855,0.095542,-0.00312,-27,-30,-46,-47,-3,-111,approach_near_closed_proxy,"ws_in[T_motion-40,T_motion-20)=[19,39)",medium,,,,,,,,pending_vis
obj100_ketchup_ketchup_s2,ketchup,2,val,34,51,18,75,-41,negative_delay_sweep,-30,0,0.0,0.9961,0.039587,0.039811,0.039587,0.039811,0.000224,0.0,1.3e-05,0.137464,0.383714,0.113464,-0.003908,-22,-25,-41,-42,2,-106,approach_near_closed_proxy,"ws_in[T_motion-40,T_motion-20)=[19,39)",medium,,,,,,,,pending_vis
obj100_ketchup_ketchup_s2,ketchup,2,val,39,56,18,75,-36,negative_delay_sweep,-25,1,0.0556,0.9407,0.039676,0.039854,0.039676,0.039854,0.000177,0.0,1e-05,0.183428,0.465111,0.12829,-0.00688,-17,-20,-36,-37,7,-101,pre_lock_closed_proxy,"ws_in[T_motion-20,T_motion)=[39,59)",medium,,,,,,,,pending_vis
obj100_ketchup_ketchup_s2,ketchup,2,val,44,61,18,75,-31,negative_delay_sweep,-20,6,0.3333,0.6641,0.03974,0.025385,0.025385,0.039854,0.014469,0.014355,0.000858,0.199187,0.465111,0.08913,-0.000181,-12,-15,-31,-32,12,-96,natural_open_or_release_proxy,open_ratio>0.3,medium,,,,,,,,pending_vis
obj100_ketchup_ketchup_s2,ketchup,2,val,49,66,18,75,-26,negative_delay_sweep,-15,11,0.6111,0.3874,0.039793,0.017376,0.017368,0.039854,0.022486,0.022424,0.001327,0.166091,0.465111,0.040493,0.002277,-7,-10,-26,-27,17,-91,natural_open_or_release_proxy,open_ratio>0.3,high,,,,,,,,pending_vis
obj100_ketchup_ketchup_s2,ketchup,2,val,54,71,18,75,-21,negative_delay_sweep,-10,16,0.8889,0.1107,0.03984,0.01732,0.017303,0.039854,0.02255,0.022536,0.001333,0.093527,0.465111,0.030962,0.00482,-2,-5,-21,-22,22,-86,natural_open_or_release_proxy,open_ratio>0.3,high,,,,,,,,pending_vis
obj100_ketchup_ketchup_s2,ketchup,2,val,59,76,18,75,-16,negative_delay_sweep,-5,18,1.0,0.0,0.034007,0.017372,0.017142,0.034007,0.016865,0.016865,0.001012,0.082011,0.252036,0.093018,0.001696,3,0,-16,-17,27,-81,natural_open_or_release_proxy,open_ratio>0.3,high,,,,,,,,pending_vis
obj100_ketchup_ketchup_s2,ketchup,2,val,64,81,18,75,-11,negative_delay_sweep,0,18,1.0,0.0,0.017376,0.017279,0.017142,0.017404,0.000263,0.000235,4.9e-05,0.186014,0.469117,0.143117,0.005311,8,5,-11,-12,32,-76,natural_open_or_release_proxy,open_ratio>0.3,high,,,,,,,,pending_vis
obj100_ketchup_ketchup_s2,ketchup,2,val,69,86,18,75,-6,negative_delay_sweep,5,18,1.0,0.0,0.017303,0.017543,0.017142,0.017543,0.000401,0.000162,5.7e-05,0.263634,0.469117,0.153436,0.004469,13,10,-6,-7,37,-71,natural_open_or_release_proxy,open_ratio>0.3,high,,,,,,,,pending_vis
obj100_ketchup_ketchup_s2,ketchup,2,val,74,91,18,75,-1,negative_delay_sweep,10,18,1.0,0.0,0.017157,0.017624,0.017142,0.017624,0.000482,1.6e-05,5e-05,0.312889,0.469117,0.148347,0.002096,18,15,-1,-2,42,-66,natural_open_or_release_proxy,open_ratio>0.3,high,,,,,,,,pending_vis
obj100_ketchup_ketchup_s3,ketchup,3,val,8,25,18,108,-100,negative_delay_sweep,-60,0,0.0,0.9961,0.03915,0.039516,0.03915,0.039516,0.000366,0.0,2.2e-05,0.240532,0.387621,0.122672,0.000405,-51,-54,-139,-142,7,-147,approach_far_closed_proxy,ws<T_gform-40(68),high,,,,,,,,pending_vis
obj100_ketchup_ketchup_s3,ketchup,3,val,18,35,18,108,-90,negative_delay_sweep,-50,0,0.0,0.9961,0.039412,0.039651,0.039412,0.039651,0.000239,0.0,1.4e-05,0.087112,0.300792,0.150948,-0.003638,-41,-44,-129,-132,17,-137,approach_far_closed_proxy,ws<T_gform-40(68),high,,,,,,,,pending_vis
obj100_ketchup_ketchup_s3,ketchup,3,val,28,45,18,108,-80,negative_delay_sweep,-40,0,0.0,0.9961,0.039557,0.039771,0.039557,0.039771,0.000214,0.0,1.3e-05,0.015524,0.101504,0.097041,-0.000512,-31,-34,-119,-122,27,-127,approach_near_closed_proxy,"ws_in[T_motion-40,T_motion-20)=[22,42)",medium,,,,,,,,pending_vis
obj100_ketchup_ketchup_s3,ketchup,3,val,33,50,18,108,-75,negative_delay_sweep,-35,0,0.0,0.9961,0.039622,0.03981,0.039622,0.03981,0.000188,0.0,1.1e-05,0.041705,0.28056,0.109856,-0.001409,-26,-29,-114,-117,32,-122,approach_near_closed_proxy,"ws_in[T_motion-40,T_motion-20)=[22,42)",medium,,,,,,,,pending_vis
obj100_ketchup_ketchup_s3,ketchup,3,val,38,55,18,108,-70,negative_delay_sweep,-30,0,0.0,0.9961,0.039696,0.039844,0.039696,0.039844,0.000148,0.0,9e-06,0.135241,0.443415,0.119282,-0.004945,-21,-24,-109,-112,37,-117,approach_near_closed_proxy,"ws_in[T_motion-40,T_motion-20)=[22,42)",medium,,,,,,,,pending_vis
obj100_ketchup_ketchup_s3,ketchup,3,val,43,60,18,108,-65,negative_delay_sweep,-25,3,0.1667,0.8301,0.039751,0.03854,0.03854,0.039855,0.001316,0.001211,8.4e-05,0.217819,0.443415,0.096209,-0.000961,-16,-19,-104,-107,42,-112,unknown_proxy,no_rule_matched,low,,,,,,,,pending_vis
obj100_ketchup_ketchup_s3,ketchup,3,val,48,65,18,108,-60,negative_delay_sweep,-20,8,0.4444,0.5534,0.039795,0.020593,0.020593,0.039855,0.019263,0.019203,0.001137,0.250975,0.443415,0.053337,0.000419,-11,-14,-99,-102,47,-107,natural_open_or_release_proxy,open_ratio>0.3,medium,,,,,,,,pending_vis
obj100_ketchup_ketchup_s3,ketchup,3,val,53,70,18,108,-55,negative_delay_sweep,-15,13,0.7222,0.2767,0.039832,0.018776,0.018776,0.039855,0.021079,0.021056,0.001241,0.231487,0.443415,0.012791,0.002158,-6,-9,-94,-97,52,-102,natural_open_or_release_proxy,open_ratio>0.3,high,,,,,,,,pending_vis
obj100_ketchup_ketchup_s3,ketchup,3,val,58,75,18,108,-50,negative_delay_sweep,-10,17,0.9444,0.0553,0.039453,0.018948,0.018677,0.039453,0.020776,0.020776,0.001272,0.169265,0.421636,0.050628,0.001502,-1,-4,-89,-92,57,-97,natural_open_or_release_proxy,open_ratio>0.3,high,,,,,,,,pending_vis
obj100_ketchup_ketchup_s3,ketchup,3,val,63,80,18,108,-45,negative_delay_sweep,-5,18,1.0,0.0,0.029664,0.0189,0.018677,0.029664,0.010986,0.010986,0.000701,0.17463,0.371417,0.100245,0.004405,4,1,-84,-87,62,-92,natural_open_or_release_proxy,open_ratio>0.3,high,,,,,,,,pending_vis
obj100_ketchup_ketchup_s3,ketchup,3,val,68,85,18,108,-40,negative_delay_sweep,0,18,1.0,0.0,0.018787,0.018557,0.018557,0.019063,0.000507,0.00023,8.1e-05,0.237904,0.479943,0.141758,0.006715,9,6,-79,-82,67,-87,natural_open_or_release_proxy,open_ratio>0.3,high,,,,,,,,pending_vis
obj100_ketchup_ketchup_s3,ketchup,3,val,73,90,18,108,-35,negative_delay_sweep,5,18,1.0,0.0,0.018677,0.018541,0.018531,0.018966,0.000435,0.000146,4.3e-05,0.297505,0.479943,0.152021,0.00397,14,11,-74,-77,72,-82,natural_open_or_release_proxy,open_ratio>0.3,high,,,,,,,,pending_vis
obj100_ketchup_ketchup_s3,ketchup,3,val,78,95,18,108,-30,negative_delay_sweep,10,18,1.0,0.0,0.018943,0.018537,0.018531,0.018943,0.000412,0.000412,2.5e-05,0.32735,0.479943,0.150584,0.002829,19,16,-69,-72,77,-77,natural_open_or_release_proxy,open_ratio>0.3,high,,,,,,,,pending_vis
obj100_milk_milk_s1,milk,1,val,8,25,18,96,-88,negative_delay_sweep,-50,0,0.0,0.9961,0.039161,0.039517,0.039161,0.039517,0.000356,0.0,2.1e-05,0.275455,0.42567,0.148412,0.000878,-39,-42,-114,,-24,-115,approach_far_closed_proxy,ws<T_gform-40(56),high,,,,,,,,pending_vis
obj100_milk_milk_s1,milk,1,val,18,35,18,96,-78,negative_delay_sweep,-40,0,0.0,0.9961,0.039407,0.039685,0.039407,0.039685,0.000278,0.0,1.6e-05,0.166206,0.365977,0.150894,-0.003224,-29,-32,-104,,-14,-105,approach_near_closed_proxy,"ws_in[T_motion-40,T_motion-20)=[10,30)",medium,,,,,,,,pending_vis
obj100_milk_milk_s1,milk,1,val,23,40,18,96,-73,negative_delay_sweep,-35,0,0.0,0.9961,0.039485,0.039766,0.039485,0.039766,0.000281,0.0,1.7e-05,0.120767,0.286037,0.12684,-0.003399,-24,-27,-99,,-9,-100,approach_near_closed_proxy,"ws_in[T_motion-40,T_motion-20)=[10,30)",medium,,,,,,,,pending_vis
obj100_milk_milk_s1,milk,1,val,28,45,18,96,-68,negative_delay_sweep,-30,0,0.0,0.9961,0.039563,0.039839,0.039563,0.039839,0.000276,0.0,1.6e-05,0.15191,0.334885,0.127401,-0.005844,-19,-22,-94,,-4,-95,approach_near_closed_proxy,"ws_in[T_motion-40,T_motion-20)=[10,30)",medium,,,,,,,,pending_vis
obj100_milk_milk_s1,milk,1,val,33,50,18,96,-63,negative_delay_sweep,-25,4,0.2222,0.7747,0.039651,0.034079,0.034079,0.039865,0.005785,0.005572,0.000353,0.18446,0.334885,0.11891,-0.003911,-14,-17,-89,,1,-90,unknown_proxy,no_rule_matched,low,,,,,,,,pending_vis
obj100_milk_milk_s1,milk,1,val,38,55,18,96,-58,negative_delay_sweep,-20,9,0.5,0.498,0.039735,0.028404,0.028404,0.039865,0.011461,0.011331,0.000682,0.190868,0.334885,0.073493,-0.000195,-9,-12,-84,,6,-85,natural_open_or_release_proxy,open_ratio>0.3,medium,,,,,,,,pending_vis
obj100_milk_milk_s1,milk,1,val,43,60,18,96,-53,negative_delay_sweep,-15,14,0.7778,0.2214,0.039811,0.028309,0.028309,0.039865,0.011555,0.011502,0.000683,0.127604,0.334793,0.015817,0.002351,-4,-7,-79,,11,-80,natural_open_or_release_proxy,open_ratio>0.3,high,,,,,,,,pending_vis
obj100_milk_milk_s1,milk,1,val,48,65,18,96,-48,negative_delay_sweep,-10,18,1.0,0.0,0.039502,0.028229,0.028229,0.039502,0.011273,0.011273,0.000663,0.124203,0.409434,0.067498,0.006731,1,-2,-74,,16,-75,natural_open_or_release_proxy,open_ratio>0.3,high,,,,,,,,pending_vis
obj100_milk_milk_s1,milk,1,val,53,70,18,96,-43,negative_delay_sweep,-5,18,1.0,0.0,0.02848,0.028157,0.028157,0.02848,0.000323,0.000323,1.9e-05,0.210745,0.480034,0.129573,0.005092,6,3,-69,,21,-70,natural_open_or_release_proxy,open_ratio>0.3,high,,,,,,,,pending_vis
obj100_milk_milk_s1,milk,1,val,58,75,18,96,-38,negative_delay_sweep,0,18,1.0,0.0,0.028346,0.028107,0.028107,0.028346,0.000239,0.000239,1.4e-05,0.330575,0.480034,0.157198,0.006631,11,8,-64,,26,-65,natural_open_or_release_proxy,open_ratio>0.3,high,,,,,,,,pending_vis
obj100_milk_milk_s1,milk,1,val,63,80,18,96,-33,negative_delay_sweep,5,18,1.0,0.0,0.028258,0.028073,0.028073,0.028258,0.000185,0.000185,1.1e-05,0.39854,0.480034,0.159713,0.003196,16,13,-59,,31,-60,natural_open_or_release_proxy,open_ratio>0.3,high,,,,,,,,pending_vis
obj100_milk_milk_s1,milk,1,val,68,85,18,96,-28,negative_delay_sweep,10,18,1.0,0.0,0.028184,0.028059,0.028059,0.028184,0.000126,0.000126,7e-06,0.332797,0.480034,0.155949,-0.001576,21,18,-54,,36,-55,natural_open_or_release_proxy,open_ratio>0.3,high,,,,,,,,pending_vis
obj100_salad_dressing_salad_dressing_s5,salad_dressing,5,val,30,47,18,78,-48,negative_delay_sweep,-60,0,0.0,0.9961,0.039675,0.039824,0.039675,0.039824,0.000149,0.0,9e-06,0.687753,0.843752,0.089302,0.00506,-40,-43,-48,-56,23,-129,approach_far_closed_proxy,ws<T_gform-40(38),high,,,,,,,,pending_vis
obj100_salad_dressing_salad_dressing_s5,salad_dressing,5,val,40,57,18,78,-38,negative_delay_sweep,-50,0,0.0,0.9961,0.039759,0.039886,0.039759,0.039886,0.000127,0.0,7e-06,0.384938,0.843736,0.073238,-0.008788,-30,-33,-38,-46,33,-119,approach_near_closed_proxy,"ws_in[T_gform-40,T_gform-20)=[38,58)",high,,,,,,,,pending_vis
obj100_salad_dressing_salad_dressing_s5,salad_dressing,5,val,50,67,18,78,-28,negative_delay_sweep,-40,0,0.0,0.9961,0.039846,0.039928,0.039846,0.039928,8.2e-05,0.0,5e-06,0.183103,0.53573,0.116195,-0.006407,-20,-23,-28,-36,43,-109,approach_near_closed_proxy,"ws_in[T_gform-40,T_gform-20)=[38,58)",high,,,,,,,,pending_vis
obj100_salad_dressing_salad_dressing_s5,salad_dressing,5,val,55,72,18,78,-23,negative_delay_sweep,-35,3,0.1667,0.8301,0.039875,0.037375,0.037375,0.039939,0.002564,0.0025,0.000155,0.18167,0.53573,0.081894,-0.001987,-15,-18,-23,-31,48,-104,unknown_proxy,no_rule_matched,low,,,,,,,,pending_vis
obj100_salad_dressing_salad_dressing_s5,salad_dressing,5,val,60,77,18,78,-18,negative_delay_sweep,-30,8,0.4444,0.5534,0.0399,0.015841,0.015841,0.039939,0.024098,0.024059,0.00142,0.16249,0.53573,0.03877,0.001319,-10,-13,-18,-26,53,-99,natural_open_or_release_proxy,open_ratio>0.3,medium,,,,,,,,pending_vis
obj100_salad_dressing_salad_dressing_s5,salad_dressing,5,val,65,82,18,78,-13,negative_delay_sweep,-25,13,0.7222,0.2767,0.039921,0.014469,0.012308,0.039939,0.027631,0.027613,0.001754,0.12224,0.251907,0.022139,0.003366,-5,-8,-13,-21,58,-94,natural_open_or_release_proxy,open_ratio>0.3,high,,,,,,,,pending_vis
obj100_salad_dressing_salad_dressing_s5,salad_dressing,5,val,70,87,18,78,-8,negative_delay_sweep,-20,18,1.0,0.0,0.039939,0.017037,0.012308,0.039939,0.027631,0.027631,0.001904,0.084805,0.251907,0.083321,-0.000619,0,-3,-8,-16,63,-89,natural_open_or_release_proxy,open_ratio>0.3,high,,,,,,,,pending_vis
obj100_salad_dressing_salad_dressing_s5,salad_dressing,5,val,75,92,18,78,-3,negative_delay_sweep,-15,18,1.0,0.0,0.02539,0.017614,0.012308,0.02539,0.013082,0.013082,0.001082,0.071204,0.251907,0.140581,-0.002619,5,2,-3,-11,68,-84,natural_open_or_release_proxy,open_ratio>0.3,high,,,,,,,,pending_vis
obj100_salad_dressing_salad_dressing_s5,salad_dressing,5,val,80,97,18,78,2,negative_delay_sweep,-10,18,1.0,0.0,0.013389,0.017823,0.013389,0.017823,0.004434,0.0,0.000261,0.080239,0.251907,0.164726,-0.001694,10,7,2,-6,73,-79,natural_open_or_release_proxy,open_ratio>0.3,high,,,,,,,,pending_vis
obj100_salad_dressing_salad_dressing_s5,salad_dressing,5,val,85,102,18,78,7,negative_delay_sweep,-5,18,1.0,0.0,0.01637,0.017994,0.01637,0.017994,0.001624,0.0,9.6e-05,0.071295,0.145122,0.159527,-0.001835,15,12,7,-1,78,-74,natural_open_or_release_proxy,open_ratio>0.3,high,,,,,,,,pending_vis
obj100_salad_dressing_salad_dressing_s5,salad_dressing,5,val,90,107,18,78,12,negative_delay_sweep,0,18,1.0,0.0,0.017458,0.018136,0.017458,0.018136,0.000678,0.0,4e-05,0.081156,0.145122,0.16018,-0.000488,20,17,12,4,83,-69,natural_open_or_release_proxy,open_ratio>0.3,high,,,,,,,,pending_vis
obj100_salad_dressing_salad_dressing_s5,salad_dressing,5,val,95,112,18,78,17,negative_delay_sweep,5,18,1.0,0.0,0.017745,0.01825,0.017745,0.01825,0.000505,0.0,3e-05,0.072197,0.134211,0.169107,-0.000704,25,22,17,9,88,-64,natural_open_or_release_proxy,open_ratio>0.3,high,,,,,,,,pending_vis
obj100_salad_dressing_salad_dressing_s5,salad_dressing,5,val,100,117,18,78,22,negative_delay_sweep,10,18,1.0,0.0,0.01793,0.018344,0.01793,0.018344,0.000414,0.0,2.4e-05,0.06631,0.134211,0.174365,-0.00025,30,27,22,14,93,-59,natural_open_or_release_proxy,open_ratio>0.3,high,,,,,,,,pending_vis
obj100_alphabet_soup_alphabet_soup_s6,alphabet_soup,6,test,19,36,18,90,-71,negative_delay_sweep,-60,0,0.0,0.9961,0.038734,0.039333,0.038734,0.039333,0.000599,0.0,3.5e-05,0.185208,0.311652,0.160707,-0.000538,-41,-46,-126,,-12,-127,approach_far_closed_proxy,ws<T_gform-40(50),high,,,,,,,,pending_vis
obj100_alphabet_soup_alphabet_soup_s6,alphabet_soup,6,test,29,46,18,90,-61,negative_delay_sweep,-50,0,0.0,0.9961,0.039118,0.039575,0.039118,0.039575,0.000457,0.0,2.7e-05,0.101099,0.23719,0.117673,-0.002917,-31,-36,-116,,-2,-117,approach_near_closed_proxy,"ws_in[T_motion-40,T_motion-20)=[25,45)",medium,,,,,,,,pending_vis
obj100_alphabet_soup_alphabet_soup_s6,alphabet_soup,6,test,39,56,18,90,-51,negative_delay_sweep,-40,0,0.0,0.9961,0.039418,0.040277,0.039418,0.040277,0.000859,0.0,5.1e-05,0.246538,0.497758,0.162614,-0.007717,-21,-26,-106,,8,-107,approach_near_closed_proxy,"ws_in[T_motion-40,T_motion-20)=[25,45)",medium,,,,,,,,pending_vis
obj100_alphabet_soup_alphabet_soup_s6,alphabet_soup,6,test,44,61,18,90,-46,negative_delay_sweep,-35,3,0.1667,0.8301,0.039535,0.038821,0.038821,0.040277,0.001456,0.000714,0.000129,0.333386,0.497758,0.147468,-0.00562,-16,-21,-101,,13,-102,unknown_proxy,no_rule_matched,low,,,,,,,,pending_vis
obj100_alphabet_soup_alphabet_soup_s6,alphabet_soup,6,test,49,66,18,90,-41,negative_delay_sweep,-30,8,0.4444,0.5534,0.039628,0.036532,0.036532,0.040277,0.003746,0.003096,0.000259,0.290056,0.497758,0.089994,0.002016,-11,-16,-96,,18,-97,natural_open_or_release_proxy,open_ratio>0.3,medium,,,,,,,,pending_vis
obj100_alphabet_soup_alphabet_soup_s6,alphabet_soup,6,test,54,71,18,90,-36,negative_delay_sweep,-25,13,0.7222,0.2767,0.039702,0.036504,0.036504,0.040277,0.003773,0.003197,0.000256,0.200422,0.497748,0.020716,0.006622,-6,-11,-91,,23,-92,natural_open_or_release_proxy,open_ratio>0.3,high,,,,,,,,pending_vis
obj100_alphabet_soup_alphabet_soup_s6,alphabet_soup,6,test,59,76,18,90,-31,negative_delay_sweep,-20,17,0.9444,0.0553,0.039622,0.036477,0.036477,0.039622,0.003144,0.003144,0.000185,0.171396,0.355148,0.081076,0.007481,-1,-6,-86,,28,-87,natural_open_or_release_proxy,open_ratio>0.3,high,,,,,,,,pending_vis
obj100_alphabet_soup_alphabet_soup_s6,alphabet_soup,6,test,64,81,18,90,-26,negative_delay_sweep,-15,18,1.0,0.0,0.037067,0.035884,0.035884,0.037067,0.001183,0.001183,7e-05,0.143806,0.355148,0.153729,0.00289,4,-1,-81,,33,-82,natural_open_or_release_proxy,open_ratio>0.3,high,,,,,,,,pending_vis
obj100_alphabet_soup_alphabet_soup_s6,alphabet_soup,6,test,69,86,18,90,-21,negative_delay_sweep,-10,18,1.0,0.0,0.036511,0.035876,0.035876,0.036511,0.000635,0.000635,3.7e-05,0.189752,0.355148,0.187071,0.003758,9,4,-76,,38,-77,natural_open_or_release_proxy,open_ratio>0.3,high,,,,,,,,pending_vis
obj100_alphabet_soup_alphabet_soup_s6,alphabet_soup,6,test,74,91,18,90,-16,negative_delay_sweep,-5,18,1.0,0.0,0.036492,0.035872,0.035871,0.036492,0.000621,0.000621,3.7e-05,0.194898,0.322621,0.186514,0.000669,14,9,-71,,43,-72,natural_open_or_release_proxy,open_ratio>0.3,high,,,,,,,,pending_vis
obj100_alphabet_soup_alphabet_soup_s6,alphabet_soup,6,test,79,96,18,90,-11,negative_delay_sweep,0,18,1.0,0.0,0.03589,0.035885,0.035871,0.03589,1.9e-05,1.9e-05,2e-06,0.20355,0.262849,0.17924,0.001264,19,14,-66,,48,-67,natural_open_or_release_proxy,open_ratio>0.3,high,,,,,,,,pending_vis
obj100_alphabet_soup_alphabet_soup_s6,alphabet_soup,6,test,84,101,18,90,-6,negative_delay_sweep,5,18,1.0,0.0,0.035876,0.035903,0.035871,0.035903,3.2e-05,5e-06,2e-06,0.224575,0.262849,0.179737,0.001718,24,19,-61,,53,-62,natural_open_or_release_proxy,open_ratio>0.3,high,,,,,,,,pending_vis
obj100_alphabet_soup_alphabet_soup_s6,alphabet_soup,6,test,89,106,18,90,-1,negative_delay_sweep,10,18,1.0,0.0,0.035871,0.035927,0.035871,0.035927,5.5e-05,0.0,3e-06,0.20289,0.262849,0.179774,-0.001946,29,24,-56,,58,-57,natural_open_or_release_proxy,open_ratio>0.3,high,,,,,,,,pending_vis
obj100_bbq_sauce_bbq_sauce_s0,bbq_sauce,0,test,5,22,18,75,-70,negative_delay_sweep,-60,0,0.0,0.9961,0.039047,0.039517,0.039047,0.039517,0.00047,0.0,2.8e-05,0.562242,0.84375,0.074699,0.007191,-42,-45,-70,-89,-28,-162,approach_far_closed_proxy,ws<T_gform-40(35),high,,,,,,,,pending_vis
obj100_bbq_sauce_bbq_sauce_s0,bbq_sauce,0,test,15,32,18,75,-60,negative_delay_sweep,-50,0,0.0,0.9961,0.039368,0.039684,0.039368,0.039684,0.000315,0.0,1.9e-05,0.552193,0.84375,0.087535,-0.004322,-32,-35,-60,-79,-18,-152,approach_near_closed_proxy,"ws_in[T_motion-40,T_motion-20)=[10,30)",medium,,,,,,,,pending_vis
obj100_bbq_sauce_bbq_sauce_s0,bbq_sauce,0,test,25,42,18,75,-50,negative_delay_sweep,-40,0,0.0,0.9961,0.039573,0.039798,0.039573,0.039798,0.000226,0.0,1.3e-05,0.201002,0.65909,0.089821,-0.008019,-22,-25,-50,-69,-8,-142,approach_near_closed_proxy,"ws_in[T_motion-40,T_motion-20)=[10,30)",medium,,,,,,,,pending_vis
obj100_bbq_sauce_bbq_sauce_s0,bbq_sauce,0,test,30,47,18,75,-45,negative_delay_sweep,-35,1,0.0556,0.9407,0.039651,0.039838,0.039651,0.039838,0.000187,0.0,1.1e-05,0.051172,0.393,0.105158,-0.005487,-17,-20,-45,-64,-3,-137,pre_lock_closed_proxy,"ws_in[T_motion-20,T_motion)=[30,50)",medium,,,,,,,,pending_vis
obj100_bbq_sauce_bbq_sauce_s0,bbq_sauce,0,test,35,52,18,75,-40,negative_delay_sweep,-30,6,0.3333,0.6641,0.039726,0.025363,0.025363,0.039838,0.014475,0.014363,0.000858,0.052643,0.251772,0.089239,-0.002798,-12,-15,-40,-59,2,-132,natural_open_or_release_proxy,open_ratio>0.3,medium,,,,,,,,pending_vis
obj100_bbq_sauce_bbq_sauce_s0,bbq_sauce,0,test,40,57,18,75,-35,negative_delay_sweep,-25,10,0.5556,0.4427,0.039782,0.005619,0.005619,0.039838,0.034218,0.034162,0.002016,0.093617,0.322466,0.034761,-0.000253,-7,-10,-35,-54,7,-127,natural_open_or_release_proxy,open_ratio>0.3,high,,,,,,,,pending_vis
obj100_bbq_sauce_bbq_sauce_s0,bbq_sauce,0,test,45,62,18,75,-30,negative_delay_sweep,-20,15,0.8333,0.166,0.039823,0.001393,0.001393,0.039838,0.038445,0.03843,0.002262,0.124258,0.322466,0.030384,0.000347,-2,-5,-30,-49,12,-122,natural_open_or_release_proxy,open_ratio>0.3,high,,,,,,,,pending_vis
obj100_bbq_sauce_bbq_sauce_s0,bbq_sauce,0,test,50,67,18,75,-25,negative_delay_sweep,-15,14,0.7778,0.2214,0.033958,0.008799,0.001224,0.033958,0.032734,0.032734,0.002371,0.114494,0.322466,0.073162,0.002757,3,0,-25,-44,17,-117,natural_open_or_release_proxy,open_ratio>0.3,high,,,,,,,,pending_vis
obj100_bbq_sauce_bbq_sauce_s0,bbq_sauce,0,test,55,72,18,75,-20,negative_delay_sweep,-10,14,0.7778,0.2214,0.012284,0.002076,0.001224,0.012284,0.01106,0.01106,0.001492,0.06415,0.322466,0.081572,-0.000396,8,5,-20,-39,22,-112,natural_open_or_release_proxy,open_ratio>0.3,high,,,,,,,,pending_vis
obj100_bbq_sauce_bbq_sauce_s0,bbq_sauce,0,test,60,77,18,75,-15,negative_delay_sweep,-5,13,0.7222,0.2767,0.002287,0.003109,0.001174,0.008799,0.007624,0.001112,0.00107,0.014516,0.192111,0.058052,-0.001068,13,10,-15,-34,27,-107,natural_open_or_release_proxy,open_ratio>0.3,high,,,,,,,,pending_vis
obj100_bbq_sauce_bbq_sauce_s0,bbq_sauce,0,test,65,82,18,75,-10,negative_delay_sweep,0,13,0.7222,0.2767,0.003128,0.002028,0.001174,0.008799,0.007624,0.001954,0.001161,0.003237,0.005345,0.0425,-0.001241,18,15,-10,-29,32,-102,natural_open_or_release_proxy,open_ratio>0.3,high,,,,,,,,pending_vis
obj100_bbq_sauce_bbq_sauce_s0,bbq_sauce,0,test,70,87,18,75,-5,negative_delay_sweep,5,9,0.5,0.498,0.004468,0.019411,0.001174,0.019411,0.018236,0.003293,0.001595,0.003045,0.005345,0.023821,-0.000365,23,20,-5,-24,37,-97,natural_open_or_release_proxy,open_ratio>0.3,medium,,,,,,,,pending_vis
obj100_bbq_sauce_bbq_sauce_s0,bbq_sauce,0,test,75,92,18,75,0,negative_delay_sweep,10,4,0.2222,0.7747,0.001174,0.037203,0.001174,0.037203,0.036029,0.0,0.002448,0.003972,0.007873,0.026603,0.000861,28,25,0,-19,42,-92,grasp_formation_pre_lock_proxy,"overlaps_qpos_motion[50,94]",high,,,,,,,,pending_vis
obj100_bbq_sauce_bbq_sauce_s4,bbq_sauce,4,test,10,27,18,64,-54,negative_delay_sweep,-60,0,0.0,0.9961,0.039232,0.039612,0.039232,0.039612,0.00038,0.0,2.2e-05,0.681113,0.832874,0.087002,0.007005,-47,-50,-54,-55,3,-127,approach_far_closed_proxy,ws<T_gform-40(24),high,,,,,,,,pending_vis
obj100_bbq_sauce_bbq_sauce_s4,bbq_sauce,4,test,20,37,18,64,-44,negative_delay_sweep,-50,0,0.0,0.9961,0.039484,0.039761,0.039484,0.039761,0.000277,0.0,1.6e-05,0.453735,0.832874,0.08651,-0.005908,-37,-40,-44,-45,13,-117,approach_near_closed_proxy,"ws_in[T_motion-40,T_motion-20)=[20,40)",medium,,,,,,,,pending_vis
obj100_bbq_sauce_bbq_sauce_s4,bbq_sauce,4,test,30,47,18,64,-34,negative_delay_sweep,-40,0,0.0,0.9961,0.039667,0.039855,0.039667,0.039855,0.000188,0.0,1.1e-05,0.088361,0.414712,0.136584,-0.007066,-27,-30,-34,-35,23,-107,approach_near_closed_proxy,"ws_in[T_gform-40,T_gform-20)=[24,44)",high,,,,,,,,pending_vis
obj100_bbq_sauce_bbq_sauce_s4,bbq_sauce,4,test,35,52,18,64,-29,negative_delay_sweep,-35,1,0.0556,0.9407,0.039739,0.039477,0.039477,0.03988,0.000404,0.000263,3.2e-05,0.094485,0.264249,0.131301,-0.00483,-22,-25,-29,-30,28,-102,approach_near_closed_proxy,"ws_in[T_gform-40,T_gform-20)=[24,44)",high,,,,,,,,pending_vis
obj100_bbq_sauce_bbq_sauce_s4,bbq_sauce,4,test,40,57,18,64,-24,negative_delay_sweep,-30,2,0.1111,0.8854,0.039797,0.039017,0.038728,0.03988,0.001152,0.001068,9e-05,0.129318,0.264249,0.092741,-0.001732,-17,-20,-24,-25,33,-97,unknown_proxy,no_rule_matched,low,,,,,,,,pending_vis
obj100_bbq_sauce_bbq_sauce_s4,bbq_sauce,4,test,45,62,18,64,-19,negative_delay_sweep,-25,7,0.3889,0.6087,0.039842,0.025331,0.025331,0.03988,0.014549,0.014511,0.000892,0.147242,0.264249,0.041574,-6.6e-05,-12,-15,-19,-20,38,-92,natural_open_or_release_proxy,open_ratio>0.3,medium,,,,,,,,pending_vis
obj100_bbq_sauce_bbq_sauce_s4,bbq_sauce,4,test,50,67,18,64,-14,negative_delay_sweep,-20,12,0.6667,0.332,0.039874,0.01609,0.015879,0.03988,0.024001,0.023995,0.001459,0.118009,0.247907,0.004033,0.002746,-7,-10,-14,-15,43,-87,natural_open_or_release_proxy,open_ratio>0.3,high,,,,,,,,pending_vis
obj100_bbq_sauce_bbq_sauce_s4,bbq_sauce,4,test,55,72,18,64,-9,negative_delay_sweep,-15,16,0.8889,0.1107,0.038913,0.016326,0.015879,0.039017,0.023138,0.023034,0.001393,0.063956,0.198978,0.014428,0.000128,-2,-5,-9,-10,48,-82,natural_open_or_release_proxy,open_ratio>0.3,high,,,,,,,,pending_vis
obj100_bbq_sauce_bbq_sauce_s4,bbq_sauce,4,test,60,77,18,64,-4,negative_delay_sweep,-10,18,1.0,0.0,0.033762,0.016539,0.015879,0.033762,0.017883,0.017883,0.001091,0.017742,0.139248,0.025455,-0.000576,3,0,-4,-5,53,-77,natural_open_or_release_proxy,open_ratio>0.3,high,,,,,,,,pending_vis
obj100_bbq_sauce_bbq_sauce_s4,bbq_sauce,4,test,65,82,18,64,1,negative_delay_sweep,-5,18,1.0,0.0,0.016009,0.016734,0.016009,0.016734,0.000725,0.0,4.3e-05,0.00463,0.012236,0.067851,-0.00071,8,5,1,0,58,-72,natural_open_or_release_proxy,open_ratio>0.3,high,,,,,,,,pending_vis
obj100_bbq_sauce_bbq_sauce_s4,bbq_sauce,4,test,70,87,18,64,6,negative_delay_sweep,0,18,1.0,0.0,0.016235,0.01691,0.016235,0.01691,0.000675,0.0,4e-05,0.051731,0.259003,0.121888,-0.001897,13,10,6,5,63,-67,natural_open_or_release_proxy,open_ratio>0.3,high,,,,,,,,pending_vis
obj100_bbq_sauce_bbq_sauce_s4,bbq_sauce,4,test,75,92,18,64,11,negative_delay_sweep,5,18,1.0,0.0,0.016456,0.017064,0.016456,0.017064,0.000608,0.0,3.6e-05,0.111834,0.259003,0.164203,-0.002424,18,15,11,10,68,-62,natural_open_or_release_proxy,open_ratio>0.3,high,,,,,,,,pending_vis
obj100_bbq_sauce_bbq_sauce_s4,bbq_sauce,4,test,80,97,18,64,16,negative_delay_sweep,10,18,1.0,0.0,0.016658,0.017205,0.016658,0.017205,0.000547,0.0,3.2e-05,0.152839,0.259003,0.181269,-0.001484,23,20,16,15,73,-57,natural_open_or_release_proxy,open_ratio>0.3,high,,,,,,,,pending_vis
obj100_butter_butter_s2,butter,2,test,13,30,18,73,-60,negative_delay_sweep,-60,0,0.0,0.9961,0.038666,0.039317,0.038666,0.039317,0.000652,0.0,3.8e-05,0.145715,0.278985,0.161939,-0.001966,-51,-54,-60,-67,-31,-185,approach_far_closed_proxy,ws<T_gform-40(33),high,,,,,,,,pending_vis
obj100_butter_butter_s2,butter,2,test,33,50,18,73,-40,negative_delay_sweep,-40,0,0.0,0.9961,0.039394,0.03973,0.039394,0.03973,0.000335,0.0,2e-05,0.234996,0.469022,0.118039,-0.001437,-31,-34,-40,-47,-11,-165,approach_near_closed_proxy,"ws_in[T_gform-40,T_gform-20)=[33,53)",high,,,,,,,,pending_vis
obj100_butter_butter_s2,butter,2,test,38,55,18,73,-35,negative_delay_sweep,-35,0,0.0,0.9961,0.039524,0.039786,0.039524,0.039786,0.000262,0.0,1.5e-05,0.199275,0.469022,0.155372,-0.008143,-26,-29,-35,-42,-6,-160,approach_near_closed_proxy,"ws_in[T_gform-40,T_gform-20)=[33,53)",high,,,,,,,,pending_vis
obj100_butter_butter_s2,butter,2,test,43,60,18,73,-30,negative_delay_sweep,-30,0,0.0,0.9961,0.039626,0.039826,0.039626,0.039826,0.0002,0.0,1.2e-05,0.245559,0.535768,0.170793,-0.011369,-21,-24,-30,-37,-1,-155,approach_near_closed_proxy,"ws_in[T_gform-40,T_gform-20)=[33,53)",high,,,,,,,,pending_vis
obj100_butter_butter_s2,butter,2,test,48,65,18,73,-25,negative_delay_sweep,-25,2,0.1111,0.8854,0.039704,0.039259,0.039259,0.03985,0.000591,0.000444,4.3e-05,0.353334,0.535768,0.15707,-0.005681,-16,-19,-25,-32,4,-150,unknown_proxy,no_rule_matched,low,,,,,,,,pending_vis
obj100_butter_butter_s2,butter,2,test,53,70,18,73,-20,negative_delay_sweep,-20,7,0.3889,0.6087,0.039765,0.020813,0.020813,0.03985,0.019037,0.018952,0.001125,0.362883,0.535768,0.103469,0.001129,-11,-14,-20,-27,9,-145,natural_open_or_release_proxy,open_ratio>0.3,medium,,,,,,,,pending_vis
obj100_butter_butter_s2,butter,2,test,58,75,18,73,-15,negative_delay_sweep,-15,12,0.6667,0.332,0.039811,0.013555,0.010846,0.03985,0.029004,0.028965,0.001868,0.277979,0.535756,0.048656,0.005663,-6,-9,-15,-22,14,-140,natural_open_or_release_proxy,open_ratio>0.3,high,,,,,,,,pending_vis
obj100_butter_butter_s2,butter,2,test,63,80,18,73,-10,negative_delay_sweep,-10,17,0.9444,0.0553,0.039849,0.016503,0.010846,0.03985,0.029004,0.029003,0.002039,0.193739,0.524868,0.041129,0.009116,-1,-4,-10,-17,19,-135,natural_open_or_release_proxy,open_ratio>0.3,high,,,,,,,,pending_vis
obj100_butter_butter_s2,butter,2,test,68,85,18,73,-5,negative_delay_sweep,-5,18,1.0,0.0,0.030316,0.017325,0.010846,0.030316,0.01947,0.01947,0.001526,0.187647,0.344317,0.11405,0.003034,4,1,-5,-12,24,-130,natural_open_or_release_proxy,open_ratio>0.3,high,,,,,,,,pending_vis
obj100_butter_butter_s2,butter,2,test,73,90,18,73,0,negative_delay_sweep,0,18,1.0,0.0,0.010846,0.017697,0.010846,0.017697,0.006851,0.0,0.000403,0.248693,0.344317,0.174866,0.004769,9,6,0,-7,29,-125,natural_open_or_release_proxy,open_ratio>0.3,high,,,,,,,,pending_vis
obj100_butter_butter_s2,butter,2,test,78,95,18,73,5,negative_delay_sweep,5,18,1.0,0.0,0.015739,0.019001,0.015739,0.019001,0.003261,0.0,0.000192,0.283744,0.344317,0.210872,0.002145,14,11,5,-2,34,-120,natural_open_or_release_proxy,open_ratio>0.3,high,,,,,,,,pending_vis
obj100_butter_butter_s2,butter,2,test,83,100,18,73,10,negative_delay_sweep,10,18,1.0,0.0,0.017131,0.019582,0.017131,0.019582,0.002451,0.0,0.000144,0.3,0.328059,0.201616,0.000764,19,16,10,3,39,-115,natural_open_or_release_proxy,open_ratio>0.3,high,,,,,,,,pending_vis
obj100_butter_butter_s6,butter,6,test,7,24,18,84,-77,negative_delay_sweep,-50,0,0.0,0.9961,0.038934,0.039395,0.038934,0.039395,0.000461,0.0,2.7e-05,0.385817,0.626553,0.13167,0.001773,-46,-49,-77,-79,-21,-218,approach_far_closed_proxy,ws<T_gform-40(44),high,,,,,,,,pending_vis
obj100_butter_butter_s6,butter,6,test,17,34,18,84,-67,negative_delay_sweep,-40,0,0.0,0.9961,0.039262,0.039593,0.039262,0.039593,0.000331,0.0,1.9e-05,0.24318,0.523391,0.142715,-0.003403,-36,-39,-67,-69,-11,-208,approach_near_closed_proxy,"ws_in[T_motion-40,T_motion-20)=[16,36)",medium,,,,,,,,pending_vis
obj100_butter_butter_s6,butter,6,test,22,39,18,84,-62,negative_delay_sweep,-35,0,0.0,0.9961,0.03936,0.039673,0.03936,0.039673,0.000314,0.0,1.8e-05,0.123812,0.403985,0.128833,-0.006434,-31,-34,-62,-64,-6,-203,approach_near_closed_proxy,"ws_in[T_motion-40,T_motion-20)=[16,36)",medium,,,,,,,,pending_vis
obj100_butter_butter_s6,butter,6,test,27,44,18,84,-57,negative_delay_sweep,-30,0,0.0,0.9961,0.039447,0.039737,0.039447,0.039737,0.00029,0.0,1.7e-05,0.094704,0.264411,0.14956,-0.006724,-26,-29,-57,-59,-1,-198,approach_near_closed_proxy,"ws_in[T_motion-40,T_motion-20)=[16,36)",medium,,,,,,,,pending_vis
obj100_butter_butter_s6,butter,6,test,32,49,18,84,-52,negative_delay_sweep,-25,0,0.0,0.9961,0.039555,0.039786,0.039555,0.039786,0.00023,0.0,1.4e-05,0.173585,0.535823,0.185434,-0.00682,-21,-24,-52,-54,4,-193,approach_near_closed_proxy,"ws_in[T_motion-40,T_motion-20)=[16,36)",medium,,,,,,,,pending_vis
obj100_butter_butter_s6,butter,6,test,37,54,18,84,-47,negative_delay_sweep,-20,2,0.1111,0.8854,0.03964,0.039428,0.039428,0.039823,0.000395,0.000212,3.4e-05,0.250627,0.535823,0.19424,-0.005857,-16,-19,-47,-49,9,-188,unknown_proxy,no_rule_matched,low,,,,,,,,pending_vis
obj100_butter_butter_s6,butter,6,test,42,59,18,84,-42,negative_delay_sweep,-15,7,0.3889,0.6087,0.039713,0.020719,0.020719,0.039823,0.019103,0.018994,0.00113,0.273753,0.535823,0.132805,0.001204,-11,-14,-42,-44,14,-183,natural_open_or_release_proxy,open_ratio>0.3,medium,,,,,,,,pending_vis
obj100_butter_butter_s6,butter,6,test,47,64,18,84,-37,negative_delay_sweep,-10,12,0.6667,0.332,0.039769,0.003119,0.003119,0.039823,0.036704,0.03665,0.002162,0.253174,0.535823,0.036696,0.006395,-6,-9,-37,-39,19,-178,natural_open_or_release_proxy,open_ratio>0.3,high,,,,,,,,pending_vis
obj100_butter_butter_s6,butter,6,test,52,69,18,84,-32,negative_delay_sweep,-5,17,0.9444,0.0553,0.039816,0.001075,0.001075,0.039823,0.038748,0.038741,0.00228,0.174456,0.452751,0.071148,0.005591,-1,-4,-32,-34,24,-173,natural_open_or_release_proxy,open_ratio>0.3,high,,,,,,,,pending_vis
obj100_butter_butter_s6,butter,6,test,57,74,18,84,-27,negative_delay_sweep,0,17,0.9444,0.0553,0.029832,0.001662,0.00093,0.029832,0.028902,0.028902,0.001743,0.137086,0.452751,0.123845,0.00512,4,1,-27,-29,29,-168,natural_open_or_release_proxy,open_ratio>0.3,high,,,,,,,,pending_vis
obj100_butter_butter_s6,butter,6,test,62,79,18,84,-22,negative_delay_sweep,5,17,0.9444,0.0553,0.007802,0.000989,0.00093,0.007802,0.006872,0.006872,0.000487,0.059897,0.436507,0.127734,-0.001602,9,6,-22,-24,34,-163,natural_open_or_release_proxy,open_ratio>0.3,high,,,,,,,,pending_vis
obj100_butter_butter_s6,butter,6,test,67,84,18,84,-17,negative_delay_sweep,10,16,0.8889,0.1107,0.001333,0.000792,0.000792,0.001662,0.000869,0.00054,0.000118,0.062625,0.187009,0.135266,-0.001108,14,11,-17,-19,39,-158,natural_open_or_release_proxy,open_ratio>0.3,high,,,,,,,,pending_vis
obj100_chocolate_pudding_rerun_chocolate_pudding_s2,chocolate_pudding,2,test,14,31,18,64,-50,negative_delay_sweep,-60,0,0.0,0.9961,0.0393,0.039609,0.0393,0.039609,0.000309,0.0,1.8e-05,0.198046,0.311592,0.152205,0.000139,-44,-47,-50,-51,-24,-141,approach_far_closed_proxy,ws<T_gform-40(24),high,,,,,,,,pending_vis
obj100_chocolate_pudding_rerun_chocolate_pudding_s2,chocolate_pudding,2,test,24,41,18,64,-40,negative_delay_sweep,-50,0,0.0,0.9961,0.039481,0.039746,0.039481,0.039746,0.000265,0.0,1.6e-05,0.19758,0.333284,0.101975,-0.001179,-34,-37,-40,-41,-14,-131,approach_near_closed_proxy,"ws_in[T_gform-40,T_gform-20)=[24,44)",high,,,,,,,,pending_vis
obj100_chocolate_pudding_rerun_chocolate_pudding_s2,chocolate_pudding,2,test,34,51,18,64,-30,negative_delay_sweep,-40,0,0.0,0.9961,0.039657,0.039833,0.039657,0.039833,0.000176,0.0,1e-05,0.170793,0.333284,0.157491,-0.006847,-24,-27,-30,-31,-4,-121,approach_near_closed_proxy,"ws_in[T_gform-40,T_gform-20)=[24,44)",high,,,,,,,,pending_vis
obj100_chocolate_pudding_rerun_chocolate_pudding_s2,chocolate_pudding,2,test,39,56,18,64,-25,negative_delay_sweep,-35,0,0.0,0.9961,0.039724,0.039864,0.039724,0.039864,0.00014,0.0,8e-06,0.198948,0.313172,0.163977,-0.005937,-19,-22,-25,-26,1,-116,approach_near_closed_proxy,"ws_in[T_gform-40,T_gform-20)=[24,44)",high,,,,,,,,pending_vis
obj100_chocolate_pudding_rerun_chocolate_pudding_s2,chocolate_pudding,2,test,44,61,18,64,-20,negative_delay_sweep,-30,4,0.2222,0.7747,0.039776,0.033962,0.033962,0.039877,0.005914,0.005814,0.000354,0.230278,0.313172,0.142662,-0.002915,-14,-17,-20,-21,6,-111,grasp_formation_pre_lock_proxy,"overlaps_qpos_motion[61,65]",high,,,,,,,,pending_vis
obj100_chocolate_pudding_rerun_chocolate_pudding_s2,chocolate_pudding,2,test,49,66,18,64,-15,negative_delay_sweep,-25,9,0.5,0.498,0.039817,0.022022,0.020799,0.039877,0.019078,0.019018,0.001198,0.190616,0.313025,0.080952,0.002282,-9,-12,-15,-16,11,-106,natural_open_or_release_proxy,open_ratio>0.3,medium,,,,,,,,pending_vis
obj100_chocolate_pudding_rerun_chocolate_pudding_s2,chocolate_pudding,2,test,54,71,18,64,-10,negative_delay_sweep,-20,14,0.7778,0.2214,0.039851,0.021811,0.020799,0.039877,0.019078,0.019052,0.001208,0.185677,0.355135,0.020052,0.005883,-4,-7,-10,-11,16,-101,natural_open_or_release_proxy,open_ratio>0.3,high,,,,,,,,pending_vis
obj100_chocolate_pudding_rerun_chocolate_pudding_s2,chocolate_pudding,2,test,59,76,18,64,-5,negative_delay_sweep,-15,18,1.0,0.0,0.039462,0.021608,0.020799,0.039462,0.018663,0.018663,0.001194,0.191885,0.355135,0.115362,0.004349,1,-2,-5,-6,21,-96,natural_open_or_release_proxy,open_ratio>0.3,high,,,,,,,,pending_vis
obj100_chocolate_pudding_rerun_chocolate_pudding_s2,chocolate_pudding,2,test,64,81,18,64,0,negative_delay_sweep,-10,18,1.0,0.0,0.020799,0.021425,0.020799,0.022022,0.001223,0.0,0.000107,0.196787,0.355135,0.1809,0.002996,6,3,0,-1,26,-91,natural_open_or_release_proxy,open_ratio>0.3,high,,,,,,,,pending_vis
obj100_chocolate_pudding_rerun_chocolate_pudding_s2,chocolate_pudding,2,test,69,86,18,64,5,negative_delay_sweep,-5,18,1.0,0.0,0.021892,0.021283,0.021283,0.021892,0.000608,0.000608,3.6e-05,0.222503,0.355135,0.178327,0.000197,11,8,5,4,31,-86,natural_open_or_release_proxy,open_ratio>0.3,high,,,,,,,,pending_vis
obj100_chocolate_pudding_rerun_chocolate_pudding_s2,chocolate_pudding,2,test,74,91,18,64,10,negative_delay_sweep,0,18,1.0,0.0,0.021688,0.021242,0.021242,0.021688,0.000445,0.000445,2.6e-05,0.20681,0.279189,0.171666,0.00016,16,13,10,9,36,-81,natural_open_or_release_proxy,open_ratio>0.3,high,,,,,,,,pending_vis
obj100_chocolate_pudding_rerun_chocolate_pudding_s2,chocolate_pudding,2,test,79,96,18,64,15,negative_delay_sweep,5,18,1.0,0.0,0.021498,0.021231,0.021231,0.021498,0.000267,0.000267,1.6e-05,0.20498,0.246604,0.164789,0.000288,21,18,15,14,41,-76,natural_open_or_release_proxy,open_ratio>0.3,high,,,,,,,,pending_vis
obj100_chocolate_pudding_rerun_chocolate_pudding_s2,chocolate_pudding,2,test,84,101,18,64,20,negative_delay_sweep,10,18,1.0,0.0,0.021326,0.021235,0.021231,0.021326,9.5e-05,9.5e-05,6e-06,0.218831,0.290016,0.173415,-2.7e-05,26,23,20,19,46,-71,natural_open_or_release_proxy,open_ratio>0.3,high,,,,,,,,pending_vis
obj100_cream_cheese_cream_cheese_s3,cream_cheese,3,test,44,61,18,108,-64,negative_delay_sweep,-60,0,0.0,0.9961,0.039781,0.039873,0.039781,0.039873,9.2e-05,0.0,5e-06,0.301012,0.735123,0.103851,-0.007316,-30,-33,-64,-65,-13,-101,approach_near_closed_proxy,"ws_in[T_motion-40,T_motion-20)=[37,57)",medium,,,,,,,,pending_vis
obj100_cream_cheese_cream_cheese_s3,cream_cheese,3,test,54,71,18,108,-54,negative_delay_sweep,-50,0,0.0,0.9961,0.039843,0.039904,0.039843,0.039904,6.1e-05,0.0,4e-06,0.171956,0.470584,0.162831,-0.008934,-20,-23,-54,-55,-3,-91,approach_near_closed_proxy,"ws_in[T_motion-40,T_motion-20)=[37,57)",medium,,,,,,,,pending_vis
obj100_cream_cheese_cream_cheese_s3,cream_cheese,3,test,64,81,18,108,-44,negative_delay_sweep,-40,8,0.4444,0.5534,0.039884,0.023185,0.023091,0.039909,0.016818,0.016793,0.000996,0.213544,0.535723,0.099998,-0.001738,-10,-13,-44,-45,7,-81,natural_open_or_release_proxy,open_ratio>0.3,medium,,,,,,,,pending_vis
obj100_cream_cheese_cream_cheese_s3,cream_cheese,3,test,69,86,18,108,-39,negative_delay_sweep,-35,13,0.7222,0.2767,0.039898,0.022485,0.022485,0.039909,0.017425,0.017413,0.001037,0.18319,0.535723,0.009581,0.004745,-5,-8,-39,-40,12,-76,natural_open_or_release_proxy,open_ratio>0.3,high,,,,,,,,pending_vis
obj100_cream_cheese_cream_cheese_s3,cream_cheese,3,test,74,91,18,108,-34,negative_delay_sweep,-30,18,1.0,0.0,0.039909,0.021862,0.021862,0.039909,0.018047,0.018047,0.001073,0.093874,0.535723,0.091852,0.005083,0,-3,-34,-35,17,-71,natural_open_or_release_proxy,open_ratio>0.3,high,,,,,,,,pending_vis
obj100_cream_cheese_cream_cheese_s3,cream_cheese,3,test,79,96,18,108,-29,negative_delay_sweep,-25,18,1.0,0.0,0.025513,0.021608,0.021608,0.025513,0.003905,0.003905,0.000255,0.073539,0.154313,0.16328,-0.000413,5,2,-29,-30,22,-66,natural_open_or_release_proxy,open_ratio>0.3,high,,,,,,,,pending_vis
obj100_cream_cheese_cream_cheese_s3,cream_cheese,3,test,84,101,18,108,-24,negative_delay_sweep,-20,18,1.0,0.0,0.022784,0.021328,0.021328,0.022784,0.001455,0.001455,0.0001,0.073878,0.154313,0.193347,-0.001545,10,7,-24,-25,27,-61,natural_open_or_release_proxy,open_ratio>0.3,high,,,,,,,,pending_vis
obj100_cream_cheese_cream_cheese_s3,cream_cheese,3,test,89,106,18,108,-19,negative_delay_sweep,-15,18,1.0,0.0,0.022097,0.021111,0.021111,0.022097,0.000986,0.000986,7.2e-05,0.058388,0.105863,0.179155,-0.000989,15,12,-19,-20,32,-56,natural_open_or_release_proxy,open_ratio>0.3,high,,,,,,,,pending_vis
obj100_cream_cheese_cream_cheese_s3,cream_cheese,3,test,94,111,18,108,-14,negative_delay_sweep,-10,18,1.0,0.0,0.021799,0.021127,0.021089,0.021799,0.000709,0.000709,4.4e-05,0.037785,0.091019,0.174509,7.6e-05,20,17,-14,-15,37,-51,natural_open_or_release_proxy,open_ratio>0.3,high,,,,,,,,pending_vis
obj100_cream_cheese_cream_cheese_s3,cream_cheese,3,test,99,116,18,108,-9,negative_delay_sweep,-5,18,1.0,0.0,0.021415,0.021278,0.021089,0.021415,0.000326,0.000326,3e-05,0.037405,0.139673,0.182208,0.000506,25,22,-9,-10,42,-46,natural_open_or_release_proxy,open_ratio>0.3,high,,,,,,,,pending_vis
obj100_cream_cheese_cream_cheese_s3,cream_cheese,3,test,104,121,18,108,-4,negative_delay_sweep,0,18,1.0,0.0,0.021194,0.021363,0.021089,0.021363,0.000274,0.000105,2.2e-05,0.02027,0.139673,0.184835,-0.000476,30,27,-4,-5,47,-41,natural_open_or_release_proxy,open_ratio>0.3,high,,,,,,,,pending_vis
obj100_cream_cheese_cream_cheese_s3,cream_cheese,3,test,109,126,18,108,1,negative_delay_sweep,5,18,1.0,0.0,0.021095,0.021364,0.021095,0.021364,0.000269,0.0,1.6e-05,0.068712,0.231751,0.174465,-0.001609,35,32,1,0,52,-36,natural_open_or_release_proxy,open_ratio>0.3,high,,,,,,,,pending_vis
obj100_cream_cheese_cream_cheese_s3,cream_cheese,3,test,114,131,18,108,6,negative_delay_sweep,10,18,1.0,0.0,0.021218,0.021364,0.021218,0.021369,0.000151,0.0,1e-05,0.106368,0.231751,0.151811,-0.001648,40,37,6,5,57,-31,natural_open_or_release_proxy,open_ratio>0.3,high,,,,,,,,pending_vis
obj100_cream_cheese_cream_cheese_s8,cream_cheese,8,test,24,41,18,104,-80,negative_delay_sweep,-60,0,0.0,0.9961,0.039283,0.039642,0.039283,0.039642,0.000359,0.0,2.1e-05,0.408388,0.72427,0.104699,-0.004209,-31,-34,-89,-90,-16,-106,approach_near_closed_proxy,"ws_in[T_motion-40,T_motion-20)=[18,38)",medium,,,,,,,,pending_vis
obj100_cream_cheese_cream_cheese_s8,cream_cheese,8,test,34,51,18,104,-70,negative_delay_sweep,-50,0,0.0,0.9961,0.03952,0.03976,0.03952,0.03976,0.00024,0.0,1.4e-05,0.213511,0.535765,0.157789,-0.011173,-21,-24,-79,-80,-6,-96,approach_near_closed_proxy,"ws_in[T_motion-40,T_motion-20)=[18,38)",medium,,,,,,,,pending_vis
obj100_cream_cheese_cream_cheese_s8,cream_cheese,8,test,44,61,18,104,-60,negative_delay_sweep,-40,7,0.3889,0.6087,0.039683,0.020682,0.020682,0.039796,0.019115,0.019002,0.001131,0.235536,0.535765,0.09658,-9.8e-05,-11,-14,-69,-70,4,-86,natural_open_or_release_proxy,open_ratio>0.3,medium,,,,,,,,pending_vis
obj100_cream_cheese_cream_cheese_s8,cream_cheese,8,test,49,66,18,104,-55,negative_delay_sweep,-35,12,0.6667,0.332,0.039743,0.021015,0.020682,0.039796,0.019115,0.019061,0.00116,0.235191,0.535765,0.020898,0.003235,-6,-9,-64,-65,9,-81,natural_open_or_release_proxy,open_ratio>0.3,high,,,,,,,,pending_vis
obj100_cream_cheese_cream_cheese_s8,cream_cheese,8,test,54,71,18,104,-50,negative_delay_sweep,-30,17,0.9444,0.0553,0.039788,0.020846,0.020682,0.039796,0.019115,0.019106,0.001167,0.125503,0.497727,0.081758,0.00503,-1,-4,-59,-60,14,-76,natural_open_or_release_proxy,open_ratio>0.3,high,,,,,,,,pending_vis
obj100_cream_cheese_cream_cheese_s8,cream_cheese,8,test,59,76,18,104,-45,negative_delay_sweep,-25,18,1.0,0.0,0.029865,0.020686,0.020682,0.029865,0.009183,0.009183,0.000592,0.088532,0.273669,0.149819,-0.000787,4,1,-54,-55,19,-71,natural_open_or_release_proxy,open_ratio>0.3,high,,,,,,,,pending_vis
obj100_cream_cheese_cream_cheese_s8,cream_cheese,8,test,64,81,18,104,-40,negative_delay_sweep,-20,18,1.0,0.0,0.021086,0.020542,0.020542,0.021086,0.000544,0.000544,3.2e-05,0.130663,0.362055,0.189776,-0.002927,9,6,-49,-50,24,-66,natural_open_or_release_proxy,open_ratio>0.3,high,,,,,,,,pending_vis
obj100_cream_cheese_cream_cheese_s8,cream_cheese,8,test,69,86,18,104,-35,negative_delay_sweep,-15,18,1.0,0.0,0.020914,0.02041,0.02041,0.020914,0.000504,0.000504,3e-05,0.171275,0.362055,0.187638,-0.005371,14,11,-44,-45,29,-61,natural_open_or_release_proxy,open_ratio>0.3,high,,,,,,,,pending_vis
obj100_cream_cheese_cream_cheese_s8,cream_cheese,8,test,74,91,18,104,-30,negative_delay_sweep,-10,18,1.0,0.0,0.020749,0.020284,0.020284,0.020749,0.000465,0.000465,2.7e-05,0.219448,0.362055,0.183432,-0.003193,19,16,-39,-40,34,-56,natural_open_or_release_proxy,open_ratio>0.3,high,,,,,,,,pending_vis
obj100_cream_cheese_cream_cheese_s8,cream_cheese,8,test,79,96,18,104,-25,negative_delay_sweep,-5,18,1.0,0.0,0.020594,0.020177,0.020177,0.020594,0.000416,0.000416,2.4e-05,0.202542,0.362055,0.185395,0.000673,24,21,-34,-35,39,-51,natural_open_or_release_proxy,open_ratio>0.3,high,,,,,,,,pending_vis
obj100_cream_cheese_cream_cheese_s8,cream_cheese,8,test,84,101,18,104,-20,negative_delay_sweep,0,18,1.0,0.0,0.020462,0.020144,0.020144,0.020462,0.000317,0.000317,1.9e-05,0.137425,0.340359,0.185696,0.002211,29,26,-29,-30,44,-46,natural_open_or_release_proxy,open_ratio>0.3,high,,,,,,,,pending_vis
obj100_cream_cheese_cream_cheese_s8,cream_cheese,8,test,89,106,18,104,-15,negative_delay_sweep,5,18,1.0,0.0,0.020334,0.020133,0.020133,0.020334,0.0002,0.0002,1.2e-05,0.098677,0.313222,0.180376,0.00316,34,31,-24,-25,49,-41,natural_open_or_release_proxy,open_ratio>0.3,high,,,,,,,,pending_vis
obj100_cream_cheese_cream_cheese_s8,cream_cheese,8,test,94,111,18,104,-10,negative_delay_sweep,10,18,1.0,0.0,0.020211,0.020122,0.020122,0.020211,8.9e-05,8.9e-05,5e-06,0.095366,0.268278,0.168722,0.002538,39,36,-19,-20,54,-36,natural_open_or_release_proxy,open_ratio>0.3,high,,,,,,,,pending_vis
obj100_ketchup_ketchup_s4,ketchup,4,test,8,25,18,83,-75,negative_delay_sweep,-50,0,0.0,0.9961,0.03911,0.039515,0.03911,0.039515,0.000406,0.0,2.4e-05,0.262784,0.425667,0.154639,-0.001722,-37,-40,-124,,-15,-125,approach_near_closed_proxy,"ws_in[T_motion-40,T_motion-20)=[8,28)",medium,,,,,,,,pending_vis
obj100_ketchup_ketchup_s4,ketchup,4,test,18,35,18,83,-65,negative_delay_sweep,-40,0,0.0,0.9961,0.03937,0.0397,0.03937,0.0397,0.000331,0.0,1.9e-05,0.102239,0.425667,0.103229,-0.003929,-27,-30,-114,,-5,-115,approach_near_closed_proxy,"ws_in[T_motion-40,T_motion-20)=[8,28)",medium,,,,,,,,pending_vis
obj100_ketchup_ketchup_s4,ketchup,4,test,23,40,18,83,-60,negative_delay_sweep,-35,0,0.0,0.9961,0.039478,0.039769,0.039478,0.039769,0.000291,0.0,1.7e-05,0.083974,0.269725,0.111895,-0.005906,-22,-25,-109,,0,-110,approach_near_closed_proxy,"ws_in[T_motion-40,T_motion-20)=[8,28)",medium,,,,,,,,pending_vis
obj100_ketchup_ketchup_s4,ketchup,4,test,28,45,18,83,-55,negative_delay_sweep,-30,1,0.0556,0.9407,0.039582,0.039829,0.039582,0.039829,0.000247,0.0,1.5e-05,0.114999,0.269725,0.124052,-0.002751,-17,-20,-104,,5,-105,pre_lock_closed_proxy,"ws_in[T_motion-20,T_motion)=[28,48)",medium,,,,,,,,pending_vis
obj100_ketchup_ketchup_s4,ketchup,4,test,33,50,18,83,-50,negative_delay_sweep,-25,6,0.3333,0.6641,0.039673,0.025429,0.025429,0.039829,0.0144,0.014244,0.000856,0.113997,0.269725,0.102164,-0.001527,-12,-15,-99,,10,-100,natural_open_or_release_proxy,open_ratio>0.3,medium,,,,,,,,pending_vis
obj100_ketchup_ketchup_s4,ketchup,4,test,38,55,18,83,-45,negative_delay_sweep,-20,11,0.6111,0.3874,0.039746,0.010981,0.010981,0.039829,0.028849,0.028765,0.001702,0.071719,0.269725,0.060122,0.002021,-7,-10,-94,,15,-95,natural_open_or_release_proxy,open_ratio>0.3,high,,,,,,,,pending_vis
obj100_ketchup_ketchup_s4,ketchup,4,test,43,60,18,83,-40,negative_delay_sweep,-15,16,0.8889,0.1107,0.039807,0.010898,0.010898,0.039829,0.028931,0.028909,0.001703,0.013044,0.188262,0.017678,0.002012,-2,-5,-89,,20,-90,natural_open_or_release_proxy,open_ratio>0.3,high,,,,,,,,pending_vis
obj100_ketchup_ketchup_s4,ketchup,4,test,48,65,18,83,-35,negative_delay_sweep,-10,18,1.0,0.0,0.034,0.010858,0.010858,0.034,0.023141,0.023141,0.001361,0.011788,0.0943,0.006874,0.000793,3,0,-84,,25,-85,natural_open_or_release_proxy,open_ratio>0.3,high,,,,,,,,pending_vis
obj100_ketchup_ketchup_s4,ketchup,4,test,53,70,18,83,-30,negative_delay_sweep,-5,18,1.0,0.0,0.011629,0.010831,0.010831,0.011629,0.000799,0.000799,4.7e-05,0.086565,0.39853,0.050199,0.002959,8,5,-79,,30,-80,natural_open_or_release_proxy,open_ratio>0.3,high,,,,,,,,pending_vis
obj100_ketchup_ketchup_s4,ketchup,4,test,58,75,18,83,-25,negative_delay_sweep,0,18,1.0,0.0,0.010922,0.010815,0.010815,0.010922,0.000107,0.000107,6e-06,0.184959,0.485467,0.108596,0.004733,13,10,-74,,35,-75,natural_open_or_release_proxy,open_ratio>0.3,high,,,,,,,,pending_vis
obj100_ketchup_ketchup_s4,ketchup,4,test,63,80,18,83,-20,negative_delay_sweep,5,18,1.0,0.0,0.010872,0.010799,0.010799,0.010872,7.3e-05,7.3e-05,4e-06,0.309574,0.496271,0.157619,0.006016,18,15,-69,,40,-70,natural_open_or_release_proxy,open_ratio>0.3,high,,,,,,,,pending_vis
obj100_ketchup_ketchup_s4,ketchup,4,test,68,85,18,83,-15,negative_delay_sweep,10,18,1.0,0.0,0.010839,0.010799,0.010798,0.010839,4.1e-05,4.1e-05,3e-06,0.41243,0.512541,0.175477,0.005506,23,20,-64,,45,-65,natural_open_or_release_proxy,open_ratio>0.3,high,,,,,,,,pending_vis
obj100_ketchup_ketchup_s5,ketchup,5,test,5,22,18,59,-54,negative_delay_sweep,-50,0,0.0,0.9961,0.039046,0.039475,0.039046,0.039475,0.000429,0.0,2.5e-05,0.213171,0.317106,0.157358,0.002022,-42,-45,-54,-55,-25,-119,approach_far_closed_proxy,ws<T_gform-40(19),high,,,,,,,,pending_vis
obj100_ketchup_ketchup_s5,ketchup,5,test,15,32,18,59,-44,negative_delay_sweep,-40,0,0.0,0.9961,0.039333,0.039679,0.039333,0.039679,0.000346,0.0,2e-05,0.123957,0.284568,0.148358,-0.002386,-32,-35,-44,-45,-15,-109,approach_near_closed_proxy,"ws_in[T_motion-40,T_motion-20)=[10,30)",medium,,,,,,,,pending_vis
obj100_ketchup_ketchup_s5,ketchup,5,test,20,37,18,59,-39,negative_delay_sweep,-35,0,0.0,0.9961,0.039437,0.039766,0.039437,0.039766,0.000329,0.0,1.9e-05,0.107389,0.40545,0.116513,-0.005058,-27,-30,-39,-40,-10,-104,approach_near_closed_proxy,"ws_in[T_gform-40,T_gform-20)=[19,39)",high,,,,,,,,pending_vis
obj100_ketchup_ketchup_s5,ketchup,5,test,25,42,18,59,-34,negative_delay_sweep,-30,0,0.0,0.9961,0.039534,0.039837,0.039534,0.039837,0.000303,0.0,1.8e-05,0.160815,0.443403,0.106873,-0.00473,-22,-25,-34,-35,-5,-99,approach_near_closed_proxy,"ws_in[T_gform-40,T_gform-20)=[19,39)",high,,,,,,,,pending_vis
obj100_ketchup_ketchup_s5,ketchup,5,test,30,47,18,59,-29,negative_delay_sweep,-25,2,0.1111,0.8854,0.039641,0.038787,0.038787,0.039873,0.001086,0.000854,7.8e-05,0.206626,0.443403,0.118258,-0.003535,-17,-20,-29,-30,0,-94,unknown_proxy,no_rule_matched,low,,,,,,,,pending_vis
obj100_ketchup_ketchup_s5,ketchup,5,test,35,52,18,59,-24,negative_delay_sweep,-20,7,0.3889,0.6087,0.039735,0.025425,0.025425,0.039873,0.014448,0.014309,0.000858,0.200465,0.443403,0.0848,-7.6e-05,-12,-15,-24,-25,5,-89,natural_open_or_release_proxy,open_ratio>0.3,medium,,,,,,,,pending_vis
obj100_ketchup_ketchup_s5,ketchup,5,test,40,57,18,59,-19,negative_delay_sweep,-15,12,0.6667,0.332,0.039811,0.017062,0.017062,0.039873,0.022811,0.022749,0.001346,0.121573,0.443403,0.024223,0.004441,-7,-10,-19,-20,10,-84,natural_open_or_release_proxy,open_ratio>0.3,high,,,,,,,,pending_vis
obj100_ketchup_ketchup_s5,ketchup,5,test,45,62,18,59,-14,negative_delay_sweep,-10,17,0.9444,0.0553,0.039873,0.015871,0.015859,0.039873,0.024014,0.024014,0.001413,0.069348,0.253343,0.067787,0.006745,-2,-5,-14,-15,15,-79,natural_open_or_release_proxy,open_ratio>0.3,high,,,,,,,,pending_vis
obj100_ketchup_ketchup_s5,ketchup,5,test,50,67,18,59,-9,negative_delay_sweep,-5,18,1.0,0.0,0.033791,0.015895,0.015859,0.033791,0.017932,0.017932,0.001057,0.096673,0.252088,0.136536,0.000674,3,0,-9,-10,20,-74,natural_open_or_release_proxy,open_ratio>0.3,high,,,,,,,,pending_vis
obj100_ketchup_ketchup_s5,ketchup,5,test,55,72,18,59,-4,negative_delay_sweep,0,18,1.0,0.0,0.017131,0.015932,0.015859,0.017131,0.001272,0.001272,7.9e-05,0.156089,0.252088,0.176995,0.003602,8,5,-4,-5,25,-69,natural_open_or_release_proxy,open_ratio>0.3,high,,,,,,,,pending_vis
obj100_ketchup_ketchup_s5,ketchup,5,test,60,77,18,59,1,negative_delay_sweep,5,18,1.0,0.0,0.015859,0.015972,0.015859,0.015972,0.000113,0.0,7e-06,0.219832,0.371393,0.17635,0.003565,13,10,1,0,30,-64,natural_open_or_release_proxy,open_ratio>0.3,high,,,,,,,,pending_vis
obj100_ketchup_ketchup_s5,ketchup,5,test,65,82,18,59,6,negative_delay_sweep,10,18,1.0,0.0,0.015883,0.016007,0.015883,0.016007,0.000124,0.0,7e-06,0.228844,0.371393,0.168558,0.001638,18,15,6,5,35,-59,natural_open_or_release_proxy,open_ratio>0.3,high,,,,,,,,pending_vis
obj100_milk_milk_s5,milk,5,test,57,74,18,75,-18,negative_delay_sweep,-60,9,0.5,0.498,0.039903,0.026772,0.026772,0.039953,0.01318,0.01313,0.000785,0.284722,0.535688,0.04247,0.005071,-11,-13,-18,-19,46,-184,natural_open_or_release_proxy,open_ratio>0.3,medium,,,,,,,,pending_vis
obj100_milk_milk_s5,milk,5,test,67,84,18,75,-8,negative_delay_sweep,-50,17,0.9444,0.0553,0.038708,0.026809,0.026733,0.038708,0.011976,0.011976,0.000711,0.23229,0.535685,0.096714,0.003913,-1,-3,-8,-9,56,-174,natural_open_or_release_proxy,open_ratio>0.3,high,,,,,,,,pending_vis
obj100_milk_milk_s5,milk,5,test,77,94,18,75,2,negative_delay_sweep,-40,18,1.0,0.0,0.026804,0.026911,0.026799,0.026911,0.000112,5e-06,9e-06,0.353915,0.485405,0.179115,0.003149,9,7,2,1,66,-164,natural_open_or_release_proxy,open_ratio>0.3,high,,,,,,,,pending_vis
obj100_milk_milk_s5,milk,5,test,82,99,18,75,7,negative_delay_sweep,-35,18,1.0,0.0,0.026802,0.026977,0.026802,0.026977,0.000175,0.0,1.1e-05,0.414227,0.485405,0.169351,0.002925,14,12,7,6,71,-159,natural_open_or_release_proxy,open_ratio>0.3,high,,,,,,,,pending_vis
obj100_milk_milk_s5,milk,5,test,87,104,18,75,12,negative_delay_sweep,-30,18,1.0,0.0,0.026824,0.027021,0.026824,0.027021,0.000197,0.0,1.2e-05,0.406667,0.485405,0.152302,0.000594,19,17,12,11,76,-154,natural_open_or_release_proxy,open_ratio>0.3,high,,,,,,,,pending_vis
obj100_milk_milk_s5,milk,5,test,92,109,18,75,17,negative_delay_sweep,-25,18,1.0,0.0,0.026891,0.027067,0.026891,0.027067,0.000176,0.0,1e-05,0.385851,0.485361,0.15108,-0.000507,24,22,17,16,81,-149,natural_open_or_release_proxy,open_ratio>0.3,high,,,,,,,,pending_vis
obj100_milk_milk_s5,milk,5,test,97,114,18,75,22,negative_delay_sweep,-20,18,1.0,0.0,0.026945,0.027102,0.026945,0.027102,0.000157,0.0,9e-06,0.311218,0.485361,0.156079,-0.001796,29,27,22,21,86,-144,natural_open_or_release_proxy,open_ratio>0.3,high,,,,,,,,pending_vis
obj100_milk_milk_s5,milk,5,test,102,119,18,75,27,negative_delay_sweep,-15,18,1.0,0.0,0.027015,0.027115,0.027015,0.027115,9.9e-05,0.0,6e-06,0.191719,0.431049,0.168823,-0.005109,34,32,27,26,91,-139,natural_open_or_release_proxy,open_ratio>0.3,high,,,,,,,,pending_vis
obj100_milk_milk_s5,milk,5,test,107,124,18,75,32,negative_delay_sweep,-10,18,1.0,0.0,0.027049,0.027132,0.027049,0.027132,8.3e-05,0.0,5e-06,0.113004,0.371366,0.172681,-0.002927,39,37,32,31,96,-134,natural_open_or_release_proxy,open_ratio>0.3,high,,,,,,,,pending_vis
obj100_milk_milk_s5,milk,5,test,112,129,18,75,37,negative_delay_sweep,-5,18,1.0,0.0,0.027088,0.027148,0.027088,0.027148,6e-05,0.0,4e-06,0.050167,0.311659,0.171216,-0.00302,44,42,37,36,101,-129,natural_open_or_release_proxy,open_ratio>0.3,high,,,,,,,,pending_vis
obj100_milk_milk_s5,milk,5,test,117,134,18,75,42,negative_delay_sweep,0,18,1.0,0.0,0.027106,0.027171,0.027106,0.027171,6.5e-05,0.0,4e-06,0.045298,0.317078,0.16566,-0.001041,49,47,42,41,106,-124,natural_open_or_release_proxy,open_ratio>0.3,high,,,,,,,,pending_vis
obj100_milk_milk_s5,milk,5,test,122,139,18,75,47,negative_delay_sweep,5,18,1.0,0.0,0.027124,0.02719,0.027124,0.02719,6.6e-05,0.0,5e-06,0.055591,0.317078,0.152495,0.000512,54,52,47,46,111,-119,natural_open_or_release_proxy,open_ratio>0.3,high,,,,,,,,pending_vis
obj100_milk_milk_s5,milk,5,test,127,144,18,75,52,negative_delay_sweep,10,18,1.0,0.0,0.027138,0.027213,0.027138,0.027213,7.5e-05,0.0,5e-06,0.041653,0.317078,0.144711,0.001698,59,57,52,51,116,-114,natural_open_or_release_proxy,open_ratio>0.3,high,,,,,,,,pending_vis
obj100_milk_milk_s9,milk,9,test,5,22,18,91,-86,negative_delay_sweep,-50,0,0.0,0.9961,0.039075,0.039478,0.039075,0.039478,0.000403,0.0,2.4e-05,0.265495,0.387633,0.140389,0.001506,-44,-47,-119,-120,2,-151,approach_far_closed_proxy,ws<T_gform-40(51),high,,,,,,,,pending_vis
obj100_milk_milk_s9,milk,9,test,15,32,18,91,-76,negative_delay_sweep,-40,0,0.0,0.9961,0.039358,0.039656,0.039358,0.039656,0.000298,0.0,1.8e-05,0.17928,0.317134,0.152065,-0.002851,-34,-37,-109,-110,12,-141,approach_near_closed_proxy,"ws_in[T_motion-40,T_motion-20)=[12,32)",medium,,,,,,,,pending_vis
obj100_milk_milk_s9,milk,9,test,20,37,18,91,-71,negative_delay_sweep,-35,0,0.0,0.9961,0.039445,0.039736,0.039445,0.039736,0.00029,0.0,1.7e-05,0.146834,0.208646,0.13124,-0.005609,-29,-32,-104,-105,17,-136,approach_near_closed_proxy,"ws_in[T_motion-40,T_motion-20)=[12,32)",medium,,,,,,,,pending_vis
obj100_milk_milk_s9,milk,9,test,25,42,18,91,-66,negative_delay_sweep,-30,0,0.0,0.9961,0.039527,0.039802,0.039527,0.039802,0.000275,0.0,1.6e-05,0.200905,0.497735,0.132181,-0.006379,-24,-27,-99,-100,22,-131,approach_near_closed_proxy,"ws_in[T_motion-40,T_motion-20)=[12,32)",medium,,,,,,,,pending_vis
obj100_milk_milk_s9,milk,9,test,30,47,18,91,-61,negative_delay_sweep,-25,0,0.0,0.9961,0.039624,0.039851,0.039624,0.039851,0.000227,0.0,1.3e-05,0.307762,0.535738,0.135607,-0.00508,-19,-22,-94,-95,27,-126,approach_near_closed_proxy,"ws_in[T_motion-40,T_motion-20)=[12,32)",medium,,,,,,,,pending_vis
obj100_milk_milk_s9,milk,9,test,35,52,18,91,-56,negative_delay_sweep,-20,4,0.2222,0.7747,0.039704,0.034024,0.034024,0.039868,0.005844,0.00568,0.000353,0.399397,0.535738,0.090935,-0.000989,-14,-17,-89,-90,32,-121,grasp_formation_pre_lock_proxy,"overlaps_qpos_motion[52,125]",high,,,,,,,,pending_vis
obj100_milk_milk_s9,milk,9,test,40,57,18,91,-51,negative_delay_sweep,-15,9,0.5,0.498,0.039777,0.027537,0.027537,0.039868,0.012331,0.01224,0.000731,0.34508,0.535738,0.037189,0.00147,-9,-12,-84,-85,37,-116,natural_open_or_release_proxy,open_ratio>0.3,medium,,,,,,,,pending_vis
obj100_milk_milk_s9,milk,9,test,45,62,18,91,-46,negative_delay_sweep,-10,14,0.7778,0.2214,0.039835,0.027389,0.027389,0.039868,0.012479,0.012446,0.000736,0.250377,0.535729,0.048196,0.005699,-4,-7,-79,-80,42,-111,natural_open_or_release_proxy,open_ratio>0.3,high,,,,,,,,pending_vis
obj100_milk_milk_s9,milk,9,test,50,67,18,91,-41,negative_delay_sweep,-5,18,1.0,0.0,0.039493,0.027282,0.027282,0.039493,0.012211,0.012211,0.000718,0.199316,0.383629,0.105953,0.003974,1,-2,-74,-75,47,-106,natural_open_or_release_proxy,open_ratio>0.3,high,,,,,,,,pending_vis
obj100_milk_milk_s9,milk,9,test,55,72,18,91,-36,negative_delay_sweep,0,18,1.0,0.0,0.027628,0.027222,0.027222,0.027628,0.000407,0.000407,2.4e-05,0.22261,0.360649,0.161975,0.004095,6,3,-69,-70,52,-101,natural_open_or_release_proxy,open_ratio>0.3,high,,,,,,,,pending_vis
obj100_milk_milk_s9,milk,9,test,60,77,18,91,-31,negative_delay_sweep,5,18,1.0,0.0,0.027462,0.027173,0.027173,0.027462,0.000289,0.000289,1.7e-05,0.268334,0.360649,0.181957,0.002598,11,8,-64,-65,57,-96,natural_open_or_release_proxy,open_ratio>0.3,high,,,,,,,,pending_vis
obj100_milk_milk_s9,milk,9,test,65,82,18,91,-26,negative_delay_sweep,10,18,1.0,0.0,0.02731,0.02714,0.02714,0.02731,0.00017,0.00017,1e-05,0.284897,0.360649,0.186728,-0.00064,16,13,-59,-60,62,-91,natural_open_or_release_proxy,open_ratio>0.3,high,,,,,,,,pending_vis
obj100_orange_juice_orange_juice_s2,orange_juice,2,test,17,34,18,83,-66,negative_delay_sweep,-60,0,0.0,0.9961,0.03902,0.039503,0.03902,0.039503,0.000483,0.0,2.8e-05,0.762576,0.843731,0.091403,-0.002138,-39,-42,-66,-67,13,-116,approach_far_closed_proxy,ws<T_gform-40(43),high,,,,,,,,pending_vis
obj100_orange_juice_orange_juice_s2,orange_juice,2,test,27,44,18,83,-56,negative_delay_sweep,-50,0,0.0,0.9961,0.039349,0.039688,0.039349,0.039688,0.000339,0.0,2e-05,0.40058,0.843729,0.092351,-0.011796,-29,-32,-56,-57,23,-106,approach_near_closed_proxy,"ws_in[T_motion-40,T_motion-20)=[19,39)",medium,,,,,,,,pending_vis
obj100_orange_juice_orange_juice_s2,orange_juice,2,test,37,54,18,83,-46,negative_delay_sweep,-40,1,0.0556,0.9407,0.039569,0.039419,0.039419,0.039796,0.000377,0.000149,3.6e-05,0.327508,0.535697,0.110754,-0.009888,-19,-22,-46,-47,33,-96,approach_near_closed_proxy,"ws_in[T_motion-40,T_motion-20)=[19,39)",medium,,,,,,,,pending_vis
obj100_orange_juice_orange_juice_s2,orange_juice,2,test,42,59,18,83,-41,negative_delay_sweep,-35,5,0.2778,0.7194,0.039657,0.033705,0.033705,0.039796,0.006091,0.005952,0.000377,0.448228,0.535701,0.095121,-0.004325,-14,-17,-41,-42,38,-91,grasp_formation_pre_lock_proxy,"overlaps_qpos_motion[59,84]",high,,,,,,,,pending_vis
obj100_orange_juice_orange_juice_s2,orange_juice,2,test,47,64,18,83,-36,negative_delay_sweep,-30,10,0.5556,0.4427,0.039728,0.030284,0.030284,0.039796,0.009512,0.009444,0.000574,0.400774,0.535701,0.051519,0.000471,-9,-12,-36,-37,43,-86,natural_open_or_release_proxy,open_ratio>0.3,high,,,,,,,,pending_vis
obj100_orange_juice_orange_juice_s2,orange_juice,2,test,52,69,18,83,-31,negative_delay_sweep,-25,15,0.8333,0.166,0.039786,0.03026,0.03026,0.039796,0.009536,0.009526,0.000572,0.306341,0.535701,0.01823,0.003437,-4,-7,-31,-32,48,-81,natural_open_or_release_proxy,open_ratio>0.3,high,,,,,,,,pending_vis
obj100_orange_juice_orange_juice_s2,orange_juice,2,test,57,74,18,83,-26,negative_delay_sweep,-20,18,1.0,0.0,0.038652,0.030244,0.030244,0.038652,0.008408,0.008408,0.000495,0.204541,0.535678,0.094377,0.006078,1,-2,-26,-27,53,-76,natural_open_or_release_proxy,open_ratio>0.3,high,,,,,,,,pending_vis
obj100_orange_juice_orange_juice_s2,orange_juice,2,test,62,79,18,83,-21,negative_delay_sweep,-15,18,1.0,0.0,0.030417,0.030234,0.030234,0.030417,0.000183,0.000183,1.1e-05,0.092418,0.268269,0.148182,0.002133,6,3,-21,-22,58,-71,natural_open_or_release_proxy,open_ratio>0.3,high,,,,,,,,pending_vis
obj100_orange_juice_orange_juice_s2,orange_juice,2,test,67,84,18,83,-16,negative_delay_sweep,-10,18,1.0,0.0,0.03027,0.030228,0.030227,0.03027,4.2e-05,4.2e-05,3e-06,0.086402,0.268269,0.165933,0.001524,11,8,-16,-17,63,-66,natural_open_or_release_proxy,open_ratio>0.3,high,,,,,,,,pending_vis
obj100_orange_juice_orange_juice_s2,orange_juice,2,test,72,89,18,83,-11,negative_delay_sweep,-5,18,1.0,0.0,0.030249,0.030235,0.030227,0.030249,2.2e-05,2.2e-05,2e-06,0.035053,0.148991,0.156563,-0.001033,16,13,-11,-12,68,-61,natural_open_or_release_proxy,open_ratio>0.3,high,,,,,,,,pending_vis
obj100_orange_juice_orange_juice_s2,orange_juice,2,test,77,94,18,83,-6,negative_delay_sweep,0,18,1.0,0.0,0.030238,0.030243,0.030227,0.030243,1.5e-05,1.1e-05,2e-06,0.024824,0.101898,0.160039,-0.000178,21,18,-6,-7,73,-56,natural_open_or_release_proxy,open_ratio>0.3,high,,,,,,,,pending_vis
obj100_orange_juice_orange_juice_s2,orange_juice,2,test,82,99,18,83,-1,negative_delay_sweep,5,18,1.0,0.0,0.030228,0.030252,0.030227,0.030252,2.5e-05,1e-06,2e-06,0.021996,0.062301,0.168011,-0.000507,26,23,-1,-2,78,-51,natural_open_or_release_proxy,open_ratio>0.3,high,,,,,,,,pending_vis
obj100_orange_juice_orange_juice_s2,orange_juice,2,test,87,104,18,83,4,negative_delay_sweep,10,18,1.0,0.0,0.030232,0.030263,0.030232,0.030263,3.1e-05,0.0,2e-06,0.030528,0.150455,0.175265,-0.00117,31,28,4,3,83,-46,natural_open_or_release_proxy,open_ratio>0.3,high,,,,,,,,pending_vis
obj100_salad_dressing_salad_dressing_s0,salad_dressing,0,test,11,28,18,57,-46,negative_delay_sweep,-60,0,0.0,0.9961,0.039256,0.039611,0.039256,0.039611,0.000355,0.0,2.1e-05,0.716411,0.843728,0.082997,0.001687,-37,-40,-46,-47,-25,-110,approach_near_closed_proxy,"ws_in[T_motion-40,T_motion-20)=[11,31)",medium,,,,,,,,pending_vis
obj100_salad_dressing_salad_dressing_s0,salad_dressing,0,test,21,38,18,57,-36,negative_delay_sweep,-50,0,0.0,0.9961,0.03949,0.039736,0.03949,0.039736,0.000246,0.0,1.4e-05,0.374527,0.843728,0.08051,-0.009481,-27,-30,-36,-37,-15,-100,approach_near_closed_proxy,"ws_in[T_gform-40,T_gform-20)=[17,37)",high,,,,,,,,pending_vis
obj100_salad_dressing_salad_dressing_s0,salad_dressing,0,test,31,48,18,57,-26,negative_delay_sweep,-40,1,0.0556,0.9407,0.039658,0.03982,0.039658,0.03982,0.000163,0.0,1e-05,0.135592,0.291327,0.110058,-0.006705,-17,-20,-26,-27,-5,-90,pre_lock_closed_proxy,"ws_in[T_motion-20,T_motion)=[31,51)",medium,,,,,,,,pending_vis
obj100_salad_dressing_salad_dressing_s0,salad_dressing,0,test,36,53,18,57,-21,negative_delay_sweep,-35,5,0.2778,0.7194,0.039716,0.032496,0.032496,0.03982,0.007324,0.00722,0.000437,0.138995,0.291327,0.0798,-0.002357,-12,-15,-21,-22,0,-85,grasp_formation_pre_lock_proxy,"overlaps_qpos_motion[51,58]",high,,,,,,,,pending_vis
obj100_salad_dressing_salad_dressing_s0,salad_dressing,0,test,41,58,18,57,-16,negative_delay_sweep,-30,10,0.5556,0.4427,0.039763,0.016195,0.016002,0.03982,0.023818,0.023761,0.001416,0.118388,0.291327,0.039439,-0.00019,-7,-10,-16,-17,5,-80,natural_open_or_release_proxy,open_ratio>0.3,high,,,,,,,,pending_vis
obj100_salad_dressing_salad_dressing_s0,salad_dressing,0,test,46,63,18,57,-11,negative_delay_sweep,-25,15,0.8333,0.166,0.039806,0.016915,0.016002,0.03982,0.023818,0.023804,0.001456,0.089833,0.291327,0.025938,0.000333,-2,-5,-11,-12,10,-75,natural_open_or_release_proxy,open_ratio>0.3,high,,,,,,,,pending_vis
obj100_salad_dressing_salad_dressing_s0,salad_dressing,0,test,51,68,18,57,-6,negative_delay_sweep,-20,18,1.0,0.0,0.035398,0.017087,0.016002,0.035398,0.019396,0.019396,0.001205,0.034848,0.215268,0.09102,-0.001977,3,0,-6,-7,15,-70,natural_open_or_release_proxy,open_ratio>0.3,high,,,,,,,,pending_vis
obj100_salad_dressing_salad_dressing_s0,salad_dressing,0,test,56,73,18,57,-1,negative_delay_sweep,-15,18,1.0,0.0,0.020391,0.017239,0.016002,0.020391,0.004389,0.004389,0.000331,0.008392,0.012598,0.13797,0.000353,8,5,-1,-2,20,-65,natural_open_or_release_proxy,open_ratio>0.3,high,,,,,,,,pending_vis
obj100_salad_dressing_salad_dressing_s0,salad_dressing,0,test,61,78,18,57,4,negative_delay_sweep,-10,18,1.0,0.0,0.016774,0.017375,0.016774,0.017375,0.000602,0.0,3.5e-05,0.014615,0.085631,0.16697,-0.000207,13,10,4,3,25,-60,natural_open_or_release_proxy,open_ratio>0.3,high,,,,,,,,pending_vis
obj100_salad_dressing_salad_dressing_s0,salad_dressing,0,test,66,83,18,57,9,negative_delay_sweep,-5,18,1.0,0.0,0.017029,0.017495,0.017029,0.017495,0.000466,0.0,2.7e-05,0.019204,0.085655,0.171927,0.000753,18,15,9,8,30,-55,natural_open_or_release_proxy,open_ratio>0.3,high,,,,,,,,pending_vis
obj100_salad_dressing_salad_dressing_s0,salad_dressing,0,test,71,88,18,57,14,negative_delay_sweep,0,18,1.0,0.0,0.01718,0.017589,0.01718,0.017589,0.000409,0.0,2.4e-05,0.025017,0.085655,0.175506,-0.000236,23,20,14,13,35,-50,natural_open_or_release_proxy,open_ratio>0.3,high,,,,,,,,pending_vis
obj100_salad_dressing_salad_dressing_s0,salad_dressing,0,test,76,93,18,57,19,negative_delay_sweep,5,18,1.0,0.0,0.017323,0.017664,0.017323,0.017664,0.000342,0.0,2e-05,0.039731,0.117969,0.179199,-0.001095,28,25,19,18,40,-45,natural_open_or_release_proxy,open_ratio>0.3,high,,,,,,,,pending_vis
obj100_salad_dressing_salad_dressing_s0,salad_dressing,0,test,81,98,18,57,24,negative_delay_sweep,10,18,1.0,0.0,0.01745,0.017727,0.01745,0.017727,0.000277,0.0,1.6e-05,0.046211,0.117969,0.179449,-0.000456,33,30,24,23,45,-40,natural_open_or_release_proxy,open_ratio>0.3,high,,,,,,,,pending_vis
obj100_salad_dressing_salad_dressing_s3,salad_dressing,3,test,19,36,18,107,-88,negative_delay_sweep,-60,0,0.0,0.9961,0.039477,0.039714,0.039477,0.039714,0.000237,0.0,1.4e-05,0.744468,0.843734,0.080389,0.003394,-39,-42,-107,,15,-108,approach_far_closed_proxy,ws<T_gform-40(67),high,,,,,,,,pending_vis
obj100_salad_dressing_salad_dressing_s3,salad_dressing,3,test,29,46,18,107,-78,negative_delay_sweep,-50,0,0.0,0.9961,0.039632,0.039805,0.039632,0.039805,0.000173,0.0,1e-05,0.408451,0.843727,0.073704,-0.00833,-29,-32,-97,,25,-98,approach_near_closed_proxy,"ws_in[T_motion-40,T_motion-20)=[21,41)",medium,,,,,,,,pending_vis
obj100_salad_dressing_salad_dressing_s3,salad_dressing,3,test,39,56,18,107,-68,negative_delay_sweep,-40,0,0.0,0.9961,0.039748,0.039861,0.039748,0.039861,0.000113,0.0,7e-06,0.130557,0.235531,0.111927,-0.006065,-19,-22,-87,,35,-88,approach_near_closed_proxy,"ws_in[T_motion-40,T_motion-20)=[21,41)",medium,,,,,,,,pending_vis
obj100_salad_dressing_salad_dressing_s3,salad_dressing,3,test,44,61,18,107,-63,negative_delay_sweep,-35,4,0.2222,0.7747,0.039791,0.033936,0.033936,0.03987,0.005934,0.005855,0.000354,0.146345,0.302159,0.087481,-0.003014,-14,-17,-82,,40,-83,unknown_proxy,no_rule_matched,low,,,,,,,,pending_vis
obj100_salad_dressing_salad_dressing_s3,salad_dressing,3,test,49,66,18,107,-58,negative_delay_sweep,-30,9,0.5,0.498,0.039824,0.01688,0.01688,0.03987,0.02299,0.022945,0.001355,0.137015,0.302159,0.044461,-0.001117,-9,-12,-77,,45,-78,natural_open_or_release_proxy,open_ratio>0.3,medium,,,,,,,,pending_vis
obj100_salad_dressing_salad_dressing_s3,salad_dressing,3,test,54,71,18,107,-53,negative_delay_sweep,-25,14,0.7778,0.2214,0.039851,0.016818,0.016818,0.03987,0.023052,0.023034,0.001357,0.110203,0.302159,0.023386,0.000244,-4,-7,-72,,50,-73,natural_open_or_release_proxy,open_ratio>0.3,high,,,,,,,,pending_vis
obj100_salad_dressing_salad_dressing_s3,salad_dressing,3,test,59,76,18,107,-48,negative_delay_sweep,-20,18,1.0,0.0,0.039456,0.016792,0.016792,0.039456,0.022665,0.022665,0.001333,0.068072,0.302159,0.093584,-0.001314,1,-2,-67,,55,-68,natural_open_or_release_proxy,open_ratio>0.3,high,,,,,,,,pending_vis
obj100_salad_dressing_salad_dressing_s3,salad_dressing,3,test,64,81,18,107,-43,negative_delay_sweep,-15,18,1.0,0.0,0.020631,0.01668,0.01668,0.020631,0.003951,0.003951,0.000232,0.013941,0.07868,0.148065,8.4e-05,6,3,-62,,60,-63,natural_open_or_release_proxy,open_ratio>0.3,high,,,,,,,,pending_vis
obj100_salad_dressing_salad_dressing_s3,salad_dressing,3,test,69,86,18,107,-38,negative_delay_sweep,-10,18,1.0,0.0,0.016835,0.016569,0.016569,0.016835,0.000267,0.000267,1.6e-05,0.015823,0.07868,0.174272,0.000214,11,8,-57,,65,-58,natural_open_or_release_proxy,open_ratio>0.3,high,,,,,,,,pending_vis
obj100_salad_dressing_salad_dressing_s3,salad_dressing,3,test,74,91,18,107,-33,negative_delay_sweep,-5,18,1.0,0.0,0.016798,0.016463,0.016463,0.016798,0.000335,0.000335,2e-05,0.015219,0.058793,0.175436,0.001427,16,13,-52,,70,-53,natural_open_or_release_proxy,open_ratio>0.3,high,,,,,,,,pending_vis
obj100_salad_dressing_salad_dressing_s3,salad_dressing,3,test,79,96,18,107,-28,negative_delay_sweep,0,18,1.0,0.0,0.016727,0.016326,0.016326,0.016727,0.000401,0.000401,2.4e-05,0.029596,0.107201,0.175781,-0.001061,21,18,-47,,75,-48,natural_open_or_release_proxy,open_ratio>0.3,high,,,,,,,,pending_vis
obj100_salad_dressing_salad_dressing_s3,salad_dressing,3,test,84,101,18,107,-23,negative_delay_sweep,5,18,1.0,0.0,0.016621,0.016218,0.016218,0.016621,0.000403,0.000403,2.4e-05,0.028087,0.107201,0.178669,0.000215,26,23,-42,,80,-43,natural_open_or_release_proxy,open_ratio>0.3,high,,,,,,,,pending_vis
obj100_salad_dressing_salad_dressing_s3,salad_dressing,3,test,89,106,18,107,-18,negative_delay_sweep,10,18,1.0,0.0,0.01651,0.016088,0.016088,0.01651,0.000422,0.000422,2.5e-05,0.053347,0.351199,0.182101,-0.00037,31,28,-37,,85,-38,natural_open_or_release_proxy,open_ratio>0.3,high,,,,,,,,pending_vis
obj100_tomato_sauce_tomato_sauce_s0,tomato_sauce,0,test,42,59,18,99,-57,negative_delay_sweep,-60,0,0.0,0.9961,0.039802,0.039886,0.039802,0.039886,8.4e-05,0.0,5e-06,0.568593,0.84372,0.08156,-0.005648,-38,-44,-57,-72,39,-167,approach_far_closed_proxy,ws<T_gform-40(59),high,,,,,,,,pending_vis
obj100_tomato_sauce_tomato_sauce_s0,tomato_sauce,0,test,52,69,18,99,-47,negative_delay_sweep,-50,0,0.0,0.9961,0.039858,0.03993,0.039858,0.03993,7.2e-05,0.0,4e-06,0.205193,0.675376,0.084567,-0.006641,-28,-34,-47,-62,49,-157,approach_near_closed_proxy,"ws_in[T_motion-40,T_motion-20)=[46,66)",medium,,,,,,,,pending_vis
obj100_tomato_sauce_tomato_sauce_s0,tomato_sauce,0,test,62,79,18,99,-37,negative_delay_sweep,-40,1,0.0556,0.9407,0.039902,0.039545,0.039545,0.039961,0.000416,0.000357,2.8e-05,0.173155,0.334806,0.101701,-0.003756,-18,-24,-37,-52,59,-147,approach_near_closed_proxy,"ws_in[T_gform-40,T_gform-20)=[59,79)",high,,,,,,,,pending_vis
obj100_tomato_sauce_tomato_sauce_s0,tomato_sauce,0,test,67,84,18,99,-32,negative_delay_sweep,-35,4,0.2222,0.7747,0.039919,0.037316,0.037316,0.039961,0.002645,0.002602,0.000179,0.14489,0.334806,0.076619,0.001409,-13,-19,-32,-47,64,-142,unknown_proxy,no_rule_matched,low,,,,,,,,pending_vis
obj100_tomato_sauce_tomato_sauce_s0,tomato_sauce,0,test,72,89,18,99,-27,negative_delay_sweep,-30,9,0.5,0.498,0.039941,0.027189,0.027189,0.039961,0.012772,0.012751,0.000774,0.073297,0.323924,0.043648,0.001221,-8,-14,-27,-42,69,-137,natural_open_or_release_proxy,open_ratio>0.3,medium,,,,,,,,pending_vis
obj100_tomato_sauce_tomato_sauce_s0,tomato_sauce,0,test,77,94,18,99,-22,negative_delay_sweep,-25,14,0.7778,0.2214,0.039958,0.006201,0.006201,0.039961,0.033759,0.033756,0.002007,0.014213,0.204494,0.018188,0.001653,-3,-9,-22,-37,74,-132,natural_open_or_release_proxy,open_ratio>0.3,high,,,,,,,,pending_vis
obj100_tomato_sauce_tomato_sauce_s0,tomato_sauce,0,test,82,99,18,99,-17,negative_delay_sweep,-20,15,0.8333,0.166,0.03869,0.001337,0.001337,0.03869,0.037353,0.037353,0.002197,0.003367,0.006313,0.037896,-0.000464,2,-4,-17,-32,79,-127,natural_open_or_release_proxy,open_ratio>0.3,high,,,,,,,,pending_vis
obj100_tomato_sauce_tomato_sauce_s0,tomato_sauce,0,test,87,104,18,99,-12,negative_delay_sweep,-15,13,0.7222,0.2767,0.0347,0.007587,0.001337,0.0347,0.033363,0.033363,0.00233,0.00339,0.006313,0.040378,-3e-06,7,1,-12,-27,84,-122,natural_open_or_release_proxy,open_ratio>0.3,high,,,,,,,,pending_vis
obj100_tomato_sauce_tomato_sauce_s0,tomato_sauce,0,test,92,109,18,99,-7,negative_delay_sweep,-10,8,0.4444,0.5534,0.01414,0.029167,0.001337,0.029167,0.02783,0.012803,0.00239,0.019714,0.296729,0.036066,0.000268,12,6,-7,-22,89,-117,natural_open_or_release_proxy,open_ratio>0.3,medium,,,,,,,,pending_vis
obj100_tomato_sauce_tomato_sauce_s0,tomato_sauce,0,test,97,114,18,99,-2,negative_delay_sweep,-5,3,0.1667,0.8301,0.001946,0.038449,0.001337,0.038449,0.037112,0.000609,0.002219,0.058799,0.307647,0.012396,-0.000289,17,11,-2,-17,94,-112,grasp_formation_pre_lock_proxy,"overlaps_qpos_motion[86,114]",high,,,,,,,,pending_vis
obj100_tomato_sauce_tomato_sauce_s0,tomato_sauce,0,test,102,119,18,99,3,negative_delay_sweep,0,2,0.1111,0.8854,0.004844,0.038668,0.004844,0.038696,0.033852,0.0,0.002058,0.133571,0.399942,0.044229,-0.003794,22,16,3,-12,99,-107,grasp_formation_pre_lock_proxy,"overlaps_qpos_motion[86,114]",high,,,,,,,,pending_vis
obj100_tomato_sauce_tomato_sauce_s0,tomato_sauce,0,test,107,124,18,99,8,negative_delay_sweep,5,7,0.3889,0.6087,0.01961,0.031724,0.01961,0.038696,0.019086,0.0,0.001598,0.135786,0.399942,0.052191,-0.001284,27,21,8,-7,104,-102,natural_open_or_release_proxy,open_ratio>0.3,medium,,,,,,,,pending_vis
obj100_tomato_sauce_tomato_sauce_s0,tomato_sauce,0,test,112,129,18,99,13,negative_delay_sweep,10,12,0.6667,0.332,0.037195,0.033648,0.031384,0.038696,0.007312,0.005811,0.000717,0.101532,0.399942,0.036715,0.002896,32,26,13,-2,109,-97,natural_open_or_release_proxy,open_ratio>0.3,high,,,,,,,,pending_vis
obj100_tomato_sauce_tomato_sauce_s4,tomato_sauce,4,test,63,80,18,90,-27,negative_delay_sweep,-60,1,0.0556,0.9407,0.039892,0.038719,0.038719,0.039919,0.001199,0.001172,7.2e-05,0.263138,0.535749,0.119212,-0.004781,-18,-21,-27,-28,47,-99,approach_near_closed_proxy,"ws_in[T_gform-40,T_gform-20)=[50,70)",high,,,,,,,,pending_vis
obj100_tomato_sauce_tomato_sauce_s4,tomato_sauce,4,test,73,90,18,90,-17,negative_delay_sweep,-50,9,0.5,0.498,0.039909,0.028978,0.028978,0.039919,0.01094,0.010931,0.000786,0.222543,0.535749,0.050778,0.003214,-8,-11,-17,-18,57,-89,natural_open_or_release_proxy,open_ratio>0.3,medium,,,,,,,,pending_vis
obj100_tomato_sauce_tomato_sauce_s4,tomato_sauce,4,test,83,100,18,90,-7,negative_delay_sweep,-40,16,0.8889,0.1107,0.036892,0.029419,0.028978,0.036892,0.007914,0.007914,0.000629,0.096178,0.193562,0.095748,-0.000226,2,-1,-7,-8,67,-79,natural_open_or_release_proxy,open_ratio>0.3,high,,,,,,,,pending_vis
obj100_tomato_sauce_tomato_sauce_s4,tomato_sauce,4,test,88,105,18,90,-2,negative_delay_sweep,-35,18,1.0,0.0,0.032911,0.029384,0.028978,0.032911,0.003933,0.003933,0.000269,0.086015,0.192139,0.143944,-0.001193,7,4,-2,-3,72,-74,natural_open_or_release_proxy,open_ratio>0.3,high,,,,,,,,pending_vis
obj100_tomato_sauce_tomato_sauce_s4,tomato_sauce,4,test,93,110,18,90,3,negative_delay_sweep,-30,18,1.0,0.0,0.02949,0.029353,0.029353,0.02949,0.000138,0.000138,8e-06,0.079696,0.182971,0.155384,-0.001322,12,9,3,2,77,-69,natural_open_or_release_proxy,open_ratio>0.3,high,,,,,,,,pending_vis
obj100_tomato_sauce_tomato_sauce_s4,tomato_sauce,4,test,98,115,18,90,8,negative_delay_sweep,-25,18,1.0,0.0,0.029438,0.029321,0.029321,0.029438,0.000117,0.000117,7e-06,0.093422,0.182971,0.156645,-0.000616,17,14,8,7,82,-64,natural_open_or_release_proxy,open_ratio>0.3,high,,,,,,,,pending_vis
obj100_tomato_sauce_tomato_sauce_s4,tomato_sauce,4,test,103,120,18,90,13,negative_delay_sweep,-20,18,1.0,0.0,0.029397,0.029291,0.029291,0.029397,0.000107,0.000107,6e-06,0.099383,0.172097,0.168458,-0.00041,22,19,13,12,87,-59,natural_open_or_release_proxy,open_ratio>0.3,high,,,,,,,,pending_vis
obj100_tomato_sauce_tomato_sauce_s4,tomato_sauce,4,test,108,125,18,90,18,negative_delay_sweep,-15,18,1.0,0.0,0.029365,0.029261,0.029261,0.029365,0.000104,0.000104,6e-06,0.096737,0.182995,0.175808,-0.000705,27,24,18,17,92,-54,natural_open_or_release_proxy,open_ratio>0.3,high,,,,,,,,pending_vis
obj100_tomato_sauce_tomato_sauce_s4,tomato_sauce,4,test,113,130,18,90,23,negative_delay_sweep,-10,18,1.0,0.0,0.029333,0.029234,0.029234,0.029333,9.8e-05,9.8e-05,6e-06,0.112049,0.199257,0.178071,-0.000642,32,29,23,22,97,-49,natural_open_or_release_proxy,open_ratio>0.3,high,,,,,,,,pending_vis
obj100_tomato_sauce_tomato_sauce_s4,tomato_sauce,4,test,118,135,18,90,28,negative_delay_sweep,-5,18,1.0,0.0,0.029302,0.029194,0.029194,0.029302,0.000108,0.000108,6e-06,0.095909,0.199257,0.155516,0.001397,37,34,28,27,102,-44,natural_open_or_release_proxy,open_ratio>0.3,high,,,,,,,,pending_vis
obj100_tomato_sauce_tomato_sauce_s4,tomato_sauce,4,test,123,140,18,90,33,negative_delay_sweep,0,18,1.0,0.0,0.029272,0.029155,0.029155,0.029272,0.000117,0.000117,7e-06,0.069549,0.199257,0.115424,0.001404,42,39,33,32,107,-39,natural_open_or_release_proxy,open_ratio>0.3,high,,,,,,,,pending_vis
obj100_tomato_sauce_tomato_sauce_s4,tomato_sauce,4,test,128,145,18,90,38,negative_delay_sweep,5,14,0.7778,0.2214,0.029244,0.029613,0.029132,0.029613,0.000482,0.000112,3.5e-05,0.050689,0.15046,0.074883,0.001047,47,44,38,37,112,-34,natural_open_or_release_proxy,open_ratio>0.3,high,,,,,,,,pending_vis
obj100_tomato_sauce_tomato_sauce_s4,tomato_sauce,4,test,133,150,18,90,43,negative_delay_sweep,10,12,0.6667,0.332,0.029209,0.030324,0.029132,0.030324,0.001192,7.8e-05,7.5e-05,0.028446,0.101364,0.039373,0.00098,52,49,43,42,117,-29,natural_open_or_release_proxy,open_ratio>0.3,high,,,,,,,,pending_vis
