candidate_step,candidate_index,is_teacher_p,distance_to_p,total_score,raw_crossing,close_onset,close_streak,qpos,eef_speed_now,eef_speed_prev,eef_deceleration_delta,time_since_prev_close,time_since_last_open,trace_id,task_key,state_id
55,0,1,0,3.3,1,1,1,-0.00012,0.032227,0.034182,-0.001955,,,trace_alphabet_soup_s2_w0_10_s20d_clean_seed0_job250016,alphabet_soup,2
52,0,0,-33,3.8,1,1,1,-1.9e-05,0.002566,0.003954,-0.001388,,,trace_bbq_sauce_s0_w0_10_s20d_clean_seed0_job250001,bbq_sauce,0
55,1,0,-30,3.8,1,1,1,-2.7e-05,0.002299,0.003809,-0.00151,3,,trace_bbq_sauce_s0_w0_10_s20d_clean_seed0_job250001,bbq_sauce,0
57,2,0,-28,3.3,1,1,1,-1.6e-05,0.002349,0.000608,0.001741,2,,trace_bbq_sauce_s0_w0_10_s20d_clean_seed0_job250001,bbq_sauce,0
68,3,0,-17,3.3,1,1,1,3e-06,0.015631,0.0137,0.001931,11,,trace_bbq_sauce_s0_w0_10_s20d_clean_seed0_job250001,bbq_sauce,0
85,4,1,0,3.3,1,1,1,-1.4e-05,0.01582,0.017023,-0.001203,17,,trace_bbq_sauce_s0_w0_10_s20d_clean_seed0_job250001,bbq_sauce,0
155,5,0,70,3.8,1,1,1,-2.5e-05,0.007093,0.009996,-0.002903,70,,trace_bbq_sauce_s0_w0_10_s20d_clean_seed0_job250001,bbq_sauce,0
157,6,0,72,3.8,1,1,1,-8e-06,0.005447,0.006135,-0.000688,2,,trace_bbq_sauce_s0_w0_10_s20d_clean_seed0_job250001,bbq_sauce,0
6,0,0,-66,3.3,1,1,1,-3e-06,0.002622,0.002035,0.000587,,,trace_butter_s1_w0_10_s20d_clean_seed0_job250004,butter,1
10,1,0,-62,3.8,1,1,1,-1.9e-05,0.007996,0.009482,-0.001486,4,,trace_butter_s1_w0_10_s20d_clean_seed0_job250004,butter,1
16,2,0,-56,3.3,1,1,1,-0.000225,0.011811,0.008655,0.003156,6,,trace_butter_s1_w0_10_s20d_clean_seed0_job250004,butter,1
19,3,0,-53,3.8,1,1,1,-0.00014,0.004296,0.005629,-0.001333,3,,trace_butter_s1_w0_10_s20d_clean_seed0_job250004,butter,1
22,4,0,-50,3.3,1,1,1,-0.00029,0.006156,0.005376,0.00078,3,,trace_butter_s1_w0_10_s20d_clean_seed0_job250004,butter,1
24,5,0,-48,3.3,1,1,1,-6.4e-05,0.007066,0.006658,0.000408,2,,trace_butter_s1_w0_10_s20d_clean_seed0_job250004,butter,1
27,6,0,-45,3.3,1,1,1,-0.000266,0.008425,0.006572,0.001853,3,,trace_butter_s1_w0_10_s20d_clean_seed0_job250004,butter,1
30,7,0,-42,3.3,1,1,1,-0.000266,0.023032,0.022053,0.000979,3,,trace_butter_s1_w0_10_s20d_clean_seed0_job250004,butter,1
72,8,1,0,3.3,1,1,1,-0.000126,0.039279,0.042336,-0.003057,42,,trace_butter_s1_w0_10_s20d_clean_seed0_job250004,butter,1
4,0,0,-64,3.3,1,1,1,-2.6e-05,0.00237,0.002154,0.000216,,,trace_butter_s2_w0_10_s20d_clean_seed0_job250005,butter,2
8,1,0,-60,3.3,1,1,1,-3.3e-05,0.004765,0.002956,0.001809,4,,trace_butter_s2_w0_10_s20d_clean_seed0_job250005,butter,2
10,2,0,-58,3.3,1,1,1,-1.9e-05,0.005359,0.005316,4.3e-05,2,,trace_butter_s2_w0_10_s20d_clean_seed0_job250005,butter,2
68,3,1,0,3.8,1,1,1,-0.001532,0.004043,0.015414,-0.011371,58,,trace_butter_s2_w0_10_s20d_clean_seed0_job250005,butter,2
145,4,0,77,3.3,1,1,1,0.000209,0.014404,0.019407,-0.005003,77,,trace_butter_s2_w0_10_s20d_clean_seed0_job250005,butter,2
151,5,0,83,3.3,1,1,1,3.6e-05,0.011067,0.007772,0.003295,6,,trace_butter_s2_w0_10_s20d_clean_seed0_job250005,butter,2
58,0,1,0,3.3,1,1,1,-6.1e-05,0.027703,0.028474,-0.000771,,,trace_chocolate_pudding_s2_w0_10_s20d_clean_seed0_job250007,chocolate_pudding,2
149,1,0,91,3.3,1,1,1,-0.002293,0.008949,0.005658,0.003291,91,,trace_chocolate_pudding_s2_w0_10_s20d_clean_seed0_job250007,chocolate_pudding,2
154,2,0,96,3.8,1,1,1,-0.001132,0.003493,0.007552,-0.004059,5,,trace_chocolate_pudding_s2_w0_10_s20d_clean_seed0_job250007,chocolate_pudding,2
59,0,0,-4,3.3,1,1,1,-3.5e-05,0.025411,0.023434,0.001977,,,trace_cream_cheese_s2_w0_10_s20d_clean_seed0_job250013,cream_cheese,2
63,1,1,0,3.8,1,1,1,0.001935,0.00772,0.016192,-0.008472,4,,trace_cream_cheese_s2_w0_10_s20d_clean_seed0_job250013,cream_cheese,2
129,2,0,66,3.3,1,1,1,-0.001894,0.005006,0.004436,0.00057,66,,trace_cream_cheese_s2_w0_10_s20d_clean_seed0_job250013,cream_cheese,2
133,3,0,70,3.3,1,1,1,-0.000588,0.010625,0.005956,0.004669,4,,trace_cream_cheese_s2_w0_10_s20d_clean_seed0_job250013,cream_cheese,2
56,0,1,0,3.3,1,1,1,-4.9e-05,0.020838,0.021611,-0.000773,,,trace_ketchup_s2_w0_10_s20d_clean_seed0_job250008,ketchup,2
55,0,1,0,3.3,1,1,1,-5.3e-05,0.010016,0.015895,-0.005879,,,trace_ketchup_s3_w0_10_s20d_clean_seed0_job250009,ketchup,3
143,1,0,88,3.3,1,1,1,-0.000111,0.00727,0.00171,0.00556,88,,trace_ketchup_s3_w0_10_s20d_clean_seed0_job250009,ketchup,3
145,2,0,90,3.8,1,1,1,-0.000122,0.002268,0.005599,-0.003331,2,,trace_ketchup_s3_w0_10_s20d_clean_seed0_job250009,ketchup,3
8,0,0,-50,3.3,1,1,1,-0.0,0.005144,0.004365,0.000779,,,trace_orange_juice_s2_w0_10_s20d_clean_seed0_job250015,orange_juice,2
58,1,1,0,3.3,1,1,1,-1.4e-05,0.021225,0.023139,-0.001914,50,,trace_orange_juice_s2_w0_10_s20d_clean_seed0_job250015,orange_juice,2
60,2,0,2,3.3,1,1,1,3.3e-05,0.011689,0.016198,-0.004509,2,,trace_orange_juice_s2_w0_10_s20d_clean_seed0_job250015,orange_juice,2
62,3,0,4,3.8,1,1,1,5.4e-05,0.009202,0.010121,-0.000919,2,,trace_orange_juice_s2_w0_10_s20d_clean_seed0_job250015,orange_juice,2
40,0,1,0,3.3,1,1,1,-2.4e-05,0.02696,0.026342,0.000618,,,trace_salad_dressing_s2_w0_10_s20d_clean_seed0_job250014,salad_dressing,2
106,1,0,66,3.3,1,1,1,9.6e-05,0.014772,0.017346,-0.002574,66,,trace_salad_dressing_s2_w0_10_s20d_clean_seed0_job250014,salad_dressing,2
53,0,1,0,3.3,1,1,1,-0.000114,0.016571,0.020066,-0.003495,,,trace_tomato_sauce_s1_w0_10_s20d_clean_seed0_job250010,tomato_sauce,1
93,1,0,40,3.3,1,1,1,-0.000535,0.02182,0.021735,8.5e-05,40,,trace_tomato_sauce_s1_w0_10_s20d_clean_seed0_job250010,tomato_sauce,1
96,2,0,43,3.8,1,1,1,-0.001746,0.009882,0.014158,-0.004276,3,,trace_tomato_sauce_s1_w0_10_s20d_clean_seed0_job250010,tomato_sauce,1
148,3,0,95,3.3,1,1,1,-0.0085,0.024801,0.02753,-0.002729,52,,trace_tomato_sauce_s1_w0_10_s20d_clean_seed0_job250010,tomato_sauce,1
155,4,0,102,3.8,1,1,1,-0.0081,0.006207,0.009092,-0.002885,7,,trace_tomato_sauce_s1_w0_10_s20d_clean_seed0_job250010,tomato_sauce,1
157,5,0,104,3.8,1,1,1,-0.00803,0.004009,0.004722,-0.000713,2,,trace_tomato_sauce_s1_w0_10_s20d_clean_seed0_job250010,tomato_sauce,1
159,6,0,106,3.8,1,1,1,-0.00798,0.00413,0.004149,-1.9e-05,2,,trace_tomato_sauce_s1_w0_10_s20d_clean_seed0_job250010,tomato_sauce,1
162,7,0,109,3.3,1,1,1,-0.007937,0.006108,0.005038,0.00107,3,,trace_tomato_sauce_s1_w0_10_s20d_clean_seed0_job250010,tomato_sauce,1
169,8,0,116,3.8,1,1,1,-0.007234,0.007845,0.008425,-0.00058,7,,trace_tomato_sauce_s1_w0_10_s20d_clean_seed0_job250010,tomato_sauce,1
97,0,1,0,3.3,1,1,1,-3e-05,0.02075,0.020969,-0.000219,,,trace_tomato_sauce_s2_w0_10_s20d_clean_seed0_job250011,tomato_sauce,2
157,1,0,60,3.8,1,1,1,0.002288,0.009312,0.016671,-0.007359,60,,trace_tomato_sauce_s2_w0_10_s20d_clean_seed0_job250011,tomato_sauce,2
62,0,0,-60,3.3,1,1,1,-0.008355,0.016849,0.024047,-0.007198,,,trace_alphabet_soup_s1_w0_10_s20d_clean_seed0_job230571,alphabet_soup,1
64,1,0,-58,3.3,1,1,1,-0.0113,0.010498,0.012896,-0.002398,2,,trace_alphabet_soup_s1_w0_10_s20d_clean_seed0_job230571,alphabet_soup,1
67,2,0,-55,3.3,1,1,1,-0.014918,0.006389,0.005488,0.000901,3,,trace_alphabet_soup_s1_w0_10_s20d_clean_seed0_job230571,alphabet_soup,1
84,3,0,-38,3.3,1,1,1,-6.9e-05,0.019205,0.023023,-0.003818,17,,trace_alphabet_soup_s1_w0_10_s20d_clean_seed0_job230571,alphabet_soup,1
89,4,0,-33,3.8,1,1,1,-8.1e-05,0.002197,0.013136,-0.010939,5,,trace_alphabet_soup_s1_w0_10_s20d_clean_seed0_job230571,alphabet_soup,1
93,5,0,-29,3.8,1,1,1,-6.8e-05,0.001286,0.005525,-0.004239,4,,trace_alphabet_soup_s1_w0_10_s20d_clean_seed0_job230571,alphabet_soup,1
95,6,0,-27,3.3,1,1,1,-7.2e-05,0.005825,0.004975,0.00085,2,,trace_alphabet_soup_s1_w0_10_s20d_clean_seed0_job230571,alphabet_soup,1
97,7,0,-25,3.8,1,1,1,-4.4e-05,0.00128,0.001784,-0.000504,2,,trace_alphabet_soup_s1_w0_10_s20d_clean_seed0_job230571,alphabet_soup,1
100,8,0,-22,3.3,1,1,1,-4.7e-05,0.007615,0.006854,0.000761,3,,trace_alphabet_soup_s1_w0_10_s20d_clean_seed0_job230571,alphabet_soup,1
122,9,1,0,3.3,1,1,1,-9.3e-05,0.025982,0.028724,-0.002742,22,,trace_alphabet_soup_s1_w0_10_s20d_clean_seed0_job230571,alphabet_soup,1
8,0,0,-46,3.3,1,1,1,-5e-06,0.00603,0.003815,0.002215,,,trace_cream_cheese_s1_w0_10_s20d_clean_seed0_job230765,cream_cheese,1
54,1,1,0,3.3,1,1,1,-8.4e-05,0.026407,0.027725,-0.001318,46,,trace_cream_cheese_s1_w0_10_s20d_clean_seed0_job230765,cream_cheese,1
56,2,0,2,3.3,1,1,1,-6.9e-05,0.022114,0.024034,-0.00192,2,,trace_cream_cheese_s1_w0_10_s20d_clean_seed0_job230765,cream_cheese,1
113,3,0,59,3.8,1,1,1,-0.001863,0.009136,0.017749,-0.008613,57,,trace_cream_cheese_s1_w0_10_s20d_clean_seed0_job230765,cream_cheese,1
50,0,1,0,3.3,1,1,1,5.3e-05,0.026511,0.027047,-0.000536,,,trace_milk_s1_w0_10_s20d_clean_seed0_job230490,milk,1
135,1,0,85,3.3,1,1,1,0.004615,0.013454,0.018308,-0.004854,85,,trace_milk_s1_w0_10_s20d_clean_seed0_job230490,milk,1
137,2,0,87,3.8,1,1,1,0.00462,0.007282,0.010654,-0.003372,2,,trace_milk_s1_w0_10_s20d_clean_seed0_job230490,milk,1
139,3,0,89,3.8,1,1,1,0.004617,0.005561,0.00593,-0.000369,2,,trace_milk_s1_w0_10_s20d_clean_seed0_job230490,milk,1
145,4,0,95,3.8,1,1,1,0.002842,0.001272,0.002461,-0.001189,6,,trace_milk_s1_w0_10_s20d_clean_seed0_job230490,milk,1
147,5,0,97,3.8,1,1,1,0.002244,0.001747,0.001828,-8.1e-05,2,,trace_milk_s1_w0_10_s20d_clean_seed0_job230490,milk,1
43,0,0,-2,3.3,1,1,1,-0.000187,0.013583,0.018005,-0.004422,,,trace_orange_juice_s1_w0_10_s20d_clean_seed0_job230117,orange_juice,1
45,1,1,0,3.8,1,1,1,-7.5e-05,0.002948,0.007024,-0.004076,2,,trace_orange_juice_s1_w0_10_s20d_clean_seed0_job230117,orange_juice,1
48,2,0,3,3.8,1,1,1,-0.000103,0.000305,0.000636,-0.000331,3,,trace_orange_juice_s1_w0_10_s20d_clean_seed0_job230117,orange_juice,1
51,3,0,6,3.3,1,1,1,-0.002945,0.002193,0.001733,0.00046,3,,trace_orange_juice_s1_w0_10_s20d_clean_seed0_job230117,orange_juice,1
57,0,1,0,3.3,1,1,1,-7.4e-05,0.014602,0.016985,-0.002383,,,trace_salad_dressing_s1_w0_10_s20d_clean_seed0_job230476,salad_dressing,1
59,0,1,0,3.3,1,1,1,-1.2e-05,0.034239,0.034284,-4.5e-05,,,trace_alphabet_soup_s12_w0_10_s20d_clean_seed0_job330003,alphabet_soup,12
139,1,0,80,3.8,1,1,1,0.002358,0.001345,0.006173,-0.004828,80,,trace_alphabet_soup_s12_w0_10_s20d_clean_seed0_job330003,alphabet_soup,12
144,2,0,85,3.3,1,1,1,0.001899,0.004463,0.002998,0.001465,5,,trace_alphabet_soup_s12_w0_10_s20d_clean_seed0_job330003,alphabet_soup,12
150,3,0,91,3.8,1,1,1,0.001442,0.001223,0.005339,-0.004116,6,,trace_alphabet_soup_s12_w0_10_s20d_clean_seed0_job330003,alphabet_soup,12
165,4,0,106,3.3,1,1,1,0.001344,0.000942,0.00011,0.000832,15,,trace_alphabet_soup_s12_w0_10_s20d_clean_seed0_job330003,alphabet_soup,12
177,5,0,118,3.3,1,1,1,0.001256,0.002552,0.000816,0.001736,12,,trace_alphabet_soup_s12_w0_10_s20d_clean_seed0_job330003,alphabet_soup,12
184,6,0,125,3.3,1,1,1,0.001145,0.003068,0.001207,0.001861,7,,trace_alphabet_soup_s12_w0_10_s20d_clean_seed0_job330003,alphabet_soup,12
193,7,0,134,3.8,1,1,1,0.000905,0.00029,0.000692,-0.000402,9,,trace_alphabet_soup_s12_w0_10_s20d_clean_seed0_job330003,alphabet_soup,12
196,8,0,137,3.3,1,1,1,0.000686,0.001279,0.000557,0.000722,3,,trace_alphabet_soup_s12_w0_10_s20d_clean_seed0_job330003,alphabet_soup,12
57,0,0,-76,3.3,1,1,1,-0.000767,0.010976,0.011839,-0.000863,,,trace_alphabet_soup_s13_w0_10_s20d_clean_seed0_job330004,alphabet_soup,13
93,1,0,-40,3.8,1,1,1,-0.001476,0.00125,0.001458,-0.000208,36,,trace_alphabet_soup_s13_w0_10_s20d_clean_seed0_job330004,alphabet_soup,13
133,2,1,0,3.3,1,1,1,-0.000935,0.000933,0.00092,1.3e-05,40,,trace_alphabet_soup_s13_w0_10_s20d_clean_seed0_job330004,alphabet_soup,13
137,3,0,4,3.3,1,1,1,-0.003911,0.002196,0.002165,3.1e-05,4,,trace_alphabet_soup_s13_w0_10_s20d_clean_seed0_job330004,alphabet_soup,13
225,4,0,92,3.8,1,1,1,-0.000675,0.006219,0.009676,-0.003457,88,,trace_alphabet_soup_s13_w0_10_s20d_clean_seed0_job330004,alphabet_soup,13
229,5,0,96,3.3,1,1,1,-0.000608,0.005535,0.00553,5e-06,4,,trace_alphabet_soup_s13_w0_10_s20d_clean_seed0_job330004,alphabet_soup,13
233,6,0,100,3.3,1,1,1,-0.00054,0.002785,0.002758,2.7e-05,4,,trace_alphabet_soup_s13_w0_10_s20d_clean_seed0_job330004,alphabet_soup,13
241,7,0,108,3.8,1,1,1,-0.000399,0.000788,0.001551,-0.000763,8,,trace_alphabet_soup_s13_w0_10_s20d_clean_seed0_job330004,alphabet_soup,13
270,8,0,137,3.3,1,1,1,0.000292,0.001004,0.000438,0.000566,29,,trace_alphabet_soup_s13_w0_10_s20d_clean_seed0_job330004,alphabet_soup,13
274,9,0,141,3.3,1,1,1,0.000389,0.00214,0.001628,0.000512,4,,trace_alphabet_soup_s13_w0_10_s20d_clean_seed0_job330004,alphabet_soup,13
48,0,1,0,3.8,1,1,1,-0.010002,0.00937,0.010609,-0.001239,,,trace_alphabet_soup_s14_w0_10_s20d_clean_seed0_job330005,alphabet_soup,14
66,1,0,18,3.3,1,1,1,-4.3e-05,0.020357,0.024997,-0.00464,18,,trace_alphabet_soup_s14_w0_10_s20d_clean_seed0_job330005,alphabet_soup,14
73,2,0,25,3.3,1,1,1,-5.3e-05,0.018795,0.011337,0.007458,7,,trace_alphabet_soup_s14_w0_10_s20d_clean_seed0_job330005,alphabet_soup,14
87,3,0,39,3.3,1,1,1,-9.7e-05,0.028665,0.029021,-0.000356,14,,trace_alphabet_soup_s14_w0_10_s20d_clean_seed0_job330005,alphabet_soup,14
73,0,0,-42,3.8,1,1,1,-0.018691,0.009685,0.0104,-0.000715,,,trace_alphabet_soup_s15_w0_10_s20d_clean_seed0_job330006,alphabet_soup,15
79,1,0,-36,3.8,1,1,1,-0.001542,0.002277,0.011555,-0.009278,6,,trace_alphabet_soup_s15_w0_10_s20d_clean_seed0_job330006,alphabet_soup,15
85,2,0,-30,3.3,1,1,1,-2.1e-05,0.013207,0.015831,-0.002624,6,,trace_alphabet_soup_s15_w0_10_s20d_clean_seed0_job330006,alphabet_soup,15
94,3,0,-21,3.3,1,1,1,7e-06,0.011005,0.022511,-0.011506,9,,trace_alphabet_soup_s15_w0_10_s20d_clean_seed0_job330006,alphabet_soup,15
99,4,0,-16,3.3,1,1,1,3e-06,0.009308,0.008011,0.001297,5,,trace_alphabet_soup_s15_w0_10_s20d_clean_seed0_job330006,alphabet_soup,15
115,5,1,0,3.3,1,1,1,-3.2e-05,0.021878,0.02224,-0.000362,16,,trace_alphabet_soup_s15_w0_10_s20d_clean_seed0_job330006,alphabet_soup,15
195,6,0,80,3.3,1,1,1,5.8e-05,0.019101,0.017533,0.001568,80,,trace_alphabet_soup_s15_w0_10_s20d_clean_seed0_job330006,alphabet_soup,15
197,7,0,82,3.8,1,1,1,5.3e-05,0.004258,0.013446,-0.009188,2,,trace_alphabet_soup_s15_w0_10_s20d_clean_seed0_job330006,alphabet_soup,15
207,8,0,92,3.3,1,1,1,-3.4e-05,0.008934,0.008164,0.00077,10,,trace_alphabet_soup_s15_w0_10_s20d_clean_seed0_job330006,alphabet_soup,15
60,0,1,0,3.3,1,1,1,2e-06,0.025316,0.026715,-0.001399,,,trace_alphabet_soup_s16_w0_10_s20d_clean_seed0_job330007,alphabet_soup,16
64,1,0,4,3.3,1,1,1,0.000107,0.014859,0.015702,-0.000843,4,,trace_alphabet_soup_s16_w0_10_s20d_clean_seed0_job330007,alphabet_soup,16
49,0,1,0,3.3,1,1,1,0.000153,0.024386,0.027052,-0.002666,,,trace_alphabet_soup_s17_w0_10_s20d_clean_seed0_job330008,alphabet_soup,17
166,1,0,117,2.8,1,1,1,0.007693,0.004748,0.002391,0.002357,117,,trace_alphabet_soup_s17_w0_10_s20d_clean_seed0_job330008,alphabet_soup,17
170,2,0,121,3.3,1,1,1,0.007243,0.000806,0.002596,-0.00179,4,,trace_alphabet_soup_s17_w0_10_s20d_clean_seed0_job330008,alphabet_soup,17
172,3,0,123,2.8,1,1,1,0.007131,0.00071,0.000108,0.000602,2,,trace_alphabet_soup_s17_w0_10_s20d_clean_seed0_job330008,alphabet_soup,17
176,4,0,127,3.3,1,1,1,0.006559,0.008019,0.01117,-0.003151,4,,trace_alphabet_soup_s17_w0_10_s20d_clean_seed0_job330008,alphabet_soup,17
182,5,0,133,3.3,1,1,1,0.006019,0.000878,0.002097,-0.001219,6,,trace_alphabet_soup_s17_w0_10_s20d_clean_seed0_job330008,alphabet_soup,17
186,6,0,137,3.3,1,1,1,0.005349,0.002917,0.00307,-0.000153,4,,trace_alphabet_soup_s17_w0_10_s20d_clean_seed0_job330008,alphabet_soup,17
190,7,0,141,3.8,1,1,1,0.004849,0.001741,0.002216,-0.000475,4,,trace_alphabet_soup_s17_w0_10_s20d_clean_seed0_job330008,alphabet_soup,17
195,8,0,146,3.8,1,1,1,0.004851,0.000883,0.001356,-0.000473,5,,trace_alphabet_soup_s17_w0_10_s20d_clean_seed0_job330008,alphabet_soup,17
201,9,0,152,3.3,1,1,1,0.002691,6.7e-05,5.4e-05,1.3e-05,6,,trace_alphabet_soup_s17_w0_10_s20d_clean_seed0_job330008,alphabet_soup,17
244,10,0,195,3.3,1,1,1,0.001765,0.000731,6.9e-05,0.000662,43,,trace_alphabet_soup_s17_w0_10_s20d_clean_seed0_job330008,alphabet_soup,17
255,11,0,206,3.3,1,1,1,0.001738,6.8e-05,6.7e-05,1e-06,11,,trace_alphabet_soup_s17_w0_10_s20d_clean_seed0_job330008,alphabet_soup,17
259,12,0,210,3.3,1,1,1,0.001623,6.8e-05,6.7e-05,1e-06,4,,trace_alphabet_soup_s17_w0_10_s20d_clean_seed0_job330008,alphabet_soup,17
61,0,1,0,3.3,1,1,1,-9.8e-05,0.029957,0.031142,-0.001185,,,trace_alphabet_soup_s18_w0_10_s20d_clean_seed0_job330009,alphabet_soup,18
63,1,0,2,3.3,1,1,1,0.000123,0.022839,0.027612,-0.004773,2,,trace_alphabet_soup_s18_w0_10_s20d_clean_seed0_job330009,alphabet_soup,18
141,2,0,80,3.8,1,1,1,0.002797,0.009013,0.018556,-0.009543,78,,trace_alphabet_soup_s18_w0_10_s20d_clean_seed0_job330009,alphabet_soup,18
143,3,0,82,3.3,1,1,1,0.002792,0.004312,0.000897,0.003415,2,,trace_alphabet_soup_s18_w0_10_s20d_clean_seed0_job330009,alphabet_soup,18
151,4,0,90,3.8,1,1,1,0.002772,0.004323,0.009946,-0.005623,8,,trace_alphabet_soup_s18_w0_10_s20d_clean_seed0_job330009,alphabet_soup,18
154,5,0,93,3.3,1,1,1,0.002632,0.005873,0.005287,0.000586,3,,trace_alphabet_soup_s18_w0_10_s20d_clean_seed0_job330009,alphabet_soup,18
156,6,0,95,3.8,1,1,1,0.002307,0.002352,0.002904,-0.000552,2,,trace_alphabet_soup_s18_w0_10_s20d_clean_seed0_job330009,alphabet_soup,18
13,0,0,-45,3.3,1,1,1,-8.2e-05,0.013503,0.007777,0.005726,,,trace_alphabet_soup_s19_w0_10_s20d_clean_seed0_job330010,alphabet_soup,19
58,1,1,0,3.3,1,1,1,-7.7e-05,0.025745,0.026093,-0.000348,45,,trace_alphabet_soup_s19_w0_10_s20d_clean_seed0_job330010,alphabet_soup,19
54,0,1,0,3.3,1,1,1,-1e-06,0.028968,0.029629,-0.000661,,,trace_alphabet_soup_s20_w0_10_s20d_clean_seed0_job330011,alphabet_soup,20
140,0,1,0,3.3,1,1,1,-2.5e-05,0.032355,0.034124,-0.001769,,,trace_alphabet_soup_s21_w0_10_s20d_clean_seed0_job330012,alphabet_soup,21
168,1,0,28,3.3,1,1,1,-0.000419,0.012745,0.023731,-0.010986,28,,trace_alphabet_soup_s21_w0_10_s20d_clean_seed0_job330012,alphabet_soup,21
191,2,0,51,3.3,1,1,1,-0.000155,0.029745,0.034296,-0.004551,23,,trace_alphabet_soup_s21_w0_10_s20d_clean_seed0_job330012,alphabet_soup,21
210,3,0,70,3.8,1,1,1,-0.000256,0.00572,0.00975,-0.00403,19,,trace_alphabet_soup_s21_w0_10_s20d_clean_seed0_job330012,alphabet_soup,21
220,4,0,80,3.3,1,1,1,-0.000101,0.032172,0.028744,0.003428,10,,trace_alphabet_soup_s21_w0_10_s20d_clean_seed0_job330012,alphabet_soup,21
239,5,0,99,3.3,1,1,1,-0.000205,0.02154,0.029655,-0.008115,19,,trace_alphabet_soup_s21_w0_10_s20d_clean_seed0_job330012,alphabet_soup,21
241,6,0,101,3.8,1,1,1,-0.000199,0.007216,0.01236,-0.005144,2,,trace_alphabet_soup_s21_w0_10_s20d_clean_seed0_job330012,alphabet_soup,21
246,7,0,106,3.3,1,1,1,-0.000231,0.013745,0.011281,0.002464,5,,trace_alphabet_soup_s21_w0_10_s20d_clean_seed0_job330012,alphabet_soup,21
253,8,0,113,3.3,1,1,1,-0.000213,0.022462,0.0229,-0.000438,7,,trace_alphabet_soup_s21_w0_10_s20d_clean_seed0_job330012,alphabet_soup,21
255,9,0,115,3.3,1,1,1,-0.000181,0.016435,0.018062,-0.001627,2,,trace_alphabet_soup_s21_w0_10_s20d_clean_seed0_job330012,alphabet_soup,21
272,10,0,132,3.8,1,1,1,-0.000207,0.000135,0.000159,-2.4e-05,17,,trace_alphabet_soup_s21_w0_10_s20d_clean_seed0_job330012,alphabet_soup,21
277,11,0,137,3.8,1,1,1,-0.000206,5.5e-05,0.000225,-0.00017,5,,trace_alphabet_soup_s21_w0_10_s20d_clean_seed0_job330012,alphabet_soup,21
70,0,1,0,3.3,1,1,1,8.9e-05,0.022658,0.017226,0.005432,,,trace_alphabet_soup_s22_w0_10_s20d_clean_seed0_job330013,alphabet_soup,22
149,1,0,79,3.8,1,1,1,0.003856,0.008099,0.017261,-0.009162,79,,trace_alphabet_soup_s22_w0_10_s20d_clean_seed0_job330013,alphabet_soup,22
154,2,0,84,3.8,1,1,1,0.003865,0.005934,0.009324,-0.00339,5,,trace_alphabet_soup_s22_w0_10_s20d_clean_seed0_job330013,alphabet_soup,22
164,3,0,94,3.8,1,1,1,0.001523,0.000469,0.002175,-0.001706,10,,trace_alphabet_soup_s22_w0_10_s20d_clean_seed0_job330013,alphabet_soup,22
16,0,0,-45,3.3,1,1,1,-5e-05,0.007945,0.004523,0.003422,,,trace_alphabet_soup_s24_w0_10_s20d_clean_seed0_job330015,alphabet_soup,24
61,1,1,0,3.3,1,1,1,-8.4e-05,0.031293,0.03273,-0.001437,45,,trace_alphabet_soup_s24_w0_10_s20d_clean_seed0_job330015,alphabet_soup,24
63,2,0,2,3.3,1,1,1,-1.3e-05,0.027174,0.029004,-0.00183,2,,trace_alphabet_soup_s24_w0_10_s20d_clean_seed0_job330015,alphabet_soup,24
146,3,0,85,3.8,1,1,1,0.001338,0.007605,0.015188,-0.007583,83,,trace_alphabet_soup_s24_w0_10_s20d_clean_seed0_job330015,alphabet_soup,24
151,4,0,90,3.8,1,1,1,0.001039,0.001228,0.002316,-0.001088,5,,trace_alphabet_soup_s24_w0_10_s20d_clean_seed0_job330015,alphabet_soup,24
71,0,1,0,3.3,1,1,1,4e-06,0.018573,0.025923,-0.00735,,,trace_alphabet_soup_s25_w0_10_s20d_clean_seed0_job330016,alphabet_soup,25
118,1,0,47,3.3,1,1,1,0.000168,0.027328,0.032732,-0.005404,47,,trace_alphabet_soup_s25_w0_10_s20d_clean_seed0_job330016,alphabet_soup,25
54,0,0,-64,3.3,1,1,1,0.000446,0.018496,0.024914,-0.006418,,,trace_alphabet_soup_s27_w0_10_s20d_clean_seed0_job330018,alphabet_soup,27
68,1,0,-50,3.3,1,1,1,-1.4e-05,0.019427,0.027758,-0.008331,14,,trace_alphabet_soup_s27_w0_10_s20d_clean_seed0_job330018,alphabet_soup,27
83,2,0,-35,3.3,1,1,1,-2.2e-05,0.012547,0.020303,-0.007756,15,,trace_alphabet_soup_s27_w0_10_s20d_clean_seed0_job330018,alphabet_soup,27
86,3,0,-32,3.3,1,1,1,-9.9e-05,0.01467,0.011626,0.003044,3,,trace_alphabet_soup_s27_w0_10_s20d_clean_seed0_job330018,alphabet_soup,27
88,4,0,-30,3.8,1,1,1,-3.5e-05,0.007821,0.01199,-0.004169,2,,trace_alphabet_soup_s27_w0_10_s20d_clean_seed0_job330018,alphabet_soup,27
92,5,0,-26,3.3,1,1,1,-0.000109,0.014403,0.012445,0.001958,4,,trace_alphabet_soup_s27_w0_10_s20d_clean_seed0_job330018,alphabet_soup,27
118,6,1,0,3.3,1,1,1,-0.001197,0.009721,0.009382,0.000339,26,,trace_alphabet_soup_s27_w0_10_s20d_clean_seed0_job330018,alphabet_soup,27
138,7,0,20,3.8,1,1,1,-0.00059,0.004219,0.004552,-0.000333,20,,trace_alphabet_soup_s27_w0_10_s20d_clean_seed0_job330018,alphabet_soup,27
141,8,0,23,3.8,1,1,1,-0.001025,0.003847,0.003909,-6.2e-05,3,,trace_alphabet_soup_s27_w0_10_s20d_clean_seed0_job330018,alphabet_soup,27
143,9,0,25,3.3,1,1,1,-0.001382,0.007823,0.005112,0.002711,2,,trace_alphabet_soup_s27_w0_10_s20d_clean_seed0_job330018,alphabet_soup,27
148,10,0,30,3.3,1,1,1,-0.000461,0.013467,0.012331,0.001136,5,,trace_alphabet_soup_s27_w0_10_s20d_clean_seed0_job330018,alphabet_soup,27
153,11,0,35,3.8,1,1,1,-0.000818,0.003496,0.003626,-0.00013,5,,trace_alphabet_soup_s27_w0_10_s20d_clean_seed0_job330018,alphabet_soup,27
197,12,0,79,3.3,1,1,1,-7.1e-05,0.011648,0.010159,0.001489,44,,trace_alphabet_soup_s27_w0_10_s20d_clean_seed0_job330018,alphabet_soup,27
210,13,0,92,3.3,1,1,1,-0.000123,0.028912,0.02713,0.001782,13,,trace_alphabet_soup_s27_w0_10_s20d_clean_seed0_job330018,alphabet_soup,27
212,14,0,94,3.3,1,1,1,-7.7e-05,0.024731,0.02787,-0.003139,2,,trace_alphabet_soup_s27_w0_10_s20d_clean_seed0_job330018,alphabet_soup,27
219,15,0,101,3.8,1,1,1,-0.002558,0.003412,0.007094,-0.003682,7,,trace_alphabet_soup_s27_w0_10_s20d_clean_seed0_job330018,alphabet_soup,27
221,16,0,103,3.3,1,1,1,-0.002015,0.001768,0.001457,0.000311,2,,trace_alphabet_soup_s27_w0_10_s20d_clean_seed0_job330018,alphabet_soup,27
228,17,0,110,3.3,1,1,1,-0.000432,0.00673,0.006202,0.000528,7,,trace_alphabet_soup_s27_w0_10_s20d_clean_seed0_job330018,alphabet_soup,27
233,18,0,115,3.8,1,1,1,-0.001349,0.001897,0.002073,-0.000176,5,,trace_alphabet_soup_s27_w0_10_s20d_clean_seed0_job330018,alphabet_soup,27
238,19,0,120,3.3,1,1,1,-0.002097,0.002001,0.001356,0.000645,5,,trace_alphabet_soup_s27_w0_10_s20d_clean_seed0_job330018,alphabet_soup,27
243,20,0,125,3.3,1,1,1,-0.00078,0.003648,0.001904,0.001744,5,,trace_alphabet_soup_s27_w0_10_s20d_clean_seed0_job330018,alphabet_soup,27
247,21,0,129,3.3,1,1,1,0.000326,0.001828,0.001649,0.000179,4,,trace_alphabet_soup_s27_w0_10_s20d_clean_seed0_job330018,alphabet_soup,27
256,22,0,138,3.3,1,1,1,-0.000131,0.017418,0.017906,-0.000488,9,,trace_alphabet_soup_s27_w0_10_s20d_clean_seed0_job330018,alphabet_soup,27
259,23,0,141,3.3,1,1,1,-0.00017,0.012084,0.011322,0.000762,3,,trace_alphabet_soup_s27_w0_10_s20d_clean_seed0_job330018,alphabet_soup,27
262,24,0,144,3.3,1,1,1,-0.000159,0.013876,0.011388,0.002488,3,,trace_alphabet_soup_s27_w0_10_s20d_clean_seed0_job330018,alphabet_soup,27
264,25,0,146,3.3,1,1,1,-0.000162,0.021343,0.020585,0.000758,2,,trace_alphabet_soup_s27_w0_10_s20d_clean_seed0_job330018,alphabet_soup,27
266,26,0,148,3.3,1,1,1,-0.000159,0.018287,0.021488,-0.003201,2,,trace_alphabet_soup_s27_w0_10_s20d_clean_seed0_job330018,alphabet_soup,27
270,27,0,152,3.3,1,1,1,-0.000182,0.020042,0.020136,-9.4e-05,4,,trace_alphabet_soup_s27_w0_10_s20d_clean_seed0_job330018,alphabet_soup,27
279,28,0,161,3.8,1,1,1,-0.000203,0.00631,0.013108,-0.006798,9,,trace_alphabet_soup_s27_w0_10_s20d_clean_seed0_job330018,alphabet_soup,27
59,0,1,0,3.3,1,1,1,-2e-06,0.015556,0.019071,-0.003515,,,trace_alphabet_soup_s29_w0_10_s20d_clean_seed0_job330020,alphabet_soup,29
147,1,0,88,3.8,1,1,1,0.004039,0.007997,0.017508,-0.009511,88,,trace_alphabet_soup_s29_w0_10_s20d_clean_seed0_job330020,alphabet_soup,29
150,2,0,91,3.8,1,1,1,0.003103,0.001416,0.002037,-0.000621,3,,trace_alphabet_soup_s29_w0_10_s20d_clean_seed0_job330020,alphabet_soup,29
153,3,0,94,3.3,1,1,1,0.002605,0.004493,0.003933,0.00056,3,,trace_alphabet_soup_s29_w0_10_s20d_clean_seed0_job330020,alphabet_soup,29
52,0,1,0,3.3,1,1,1,-4.2e-05,0.029123,0.029536,-0.000413,,,trace_alphabet_soup_s30_w0_10_s20d_clean_seed0_job330021,alphabet_soup,30
121,0,0,-116,3.3,1,1,1,1.4e-05,0.030736,0.031706,-0.00097,,,trace_alphabet_soup_s32_w0_10_s20d_clean_seed0_job330023,alphabet_soup,32
144,1,0,-93,3.3,1,1,1,-2.6e-05,0.012487,0.003424,0.009063,23,,trace_alphabet_soup_s32_w0_10_s20d_clean_seed0_job330023,alphabet_soup,32
157,2,0,-80,3.3,1,1,1,-0.000134,0.025509,0.027573,-0.002064,13,,trace_alphabet_soup_s32_w0_10_s20d_clean_seed0_job330023,alphabet_soup,32
175,3,0,-62,3.3,1,1,1,-0.000127,0.019764,0.025623,-0.005859,18,,trace_alphabet_soup_s32_w0_10_s20d_clean_seed0_job330023,alphabet_soup,32
178,4,0,-59,3.8,1,1,1,-0.000145,0.004964,0.006913,-0.001949,3,,trace_alphabet_soup_s32_w0_10_s20d_clean_seed0_job330023,alphabet_soup,32
184,5,0,-53,3.8,1,1,1,-0.000117,0.00725,0.007845,-0.000595,6,,trace_alphabet_soup_s32_w0_10_s20d_clean_seed0_job330023,alphabet_soup,32
188,6,0,-49,3.3,1,1,1,-0.000151,0.007998,0.006919,0.001079,4,,trace_alphabet_soup_s32_w0_10_s20d_clean_seed0_job330023,alphabet_soup,32
191,7,0,-46,3.3,1,1,1,-7.7e-05,0.008362,0.008324,3.8e-05,3,,trace_alphabet_soup_s32_w0_10_s20d_clean_seed0_job330023,alphabet_soup,32
197,8,0,-40,3.8,1,1,1,-6e-05,0.004913,0.008222,-0.003309,6,,trace_alphabet_soup_s32_w0_10_s20d_clean_seed0_job330023,alphabet_soup,32
202,9,0,-35,3.3,1,1,1,-7.2e-05,0.017613,0.02179,-0.004177,5,,trace_alphabet_soup_s32_w0_10_s20d_clean_seed0_job330023,alphabet_soup,32
204,10,0,-33,3.8,1,1,1,-7.2e-05,0.00405,0.011375,-0.007325,2,,trace_alphabet_soup_s32_w0_10_s20d_clean_seed0_job330023,alphabet_soup,32
210,11,0,-27,3.3,1,1,1,-4.2e-05,0.013533,0.025549,-0.012016,6,,trace_alphabet_soup_s32_w0_10_s20d_clean_seed0_job330023,alphabet_soup,32
217,12,0,-20,3.3,1,1,1,-0.0,0.018522,0.014103,0.004419,7,,trace_alphabet_soup_s32_w0_10_s20d_clean_seed0_job330023,alphabet_soup,32
237,13,1,0,3.3,1,1,1,1.9e-05,0.023638,0.024757,-0.001119,20,,trace_alphabet_soup_s32_w0_10_s20d_clean_seed0_job330023,alphabet_soup,32
52,0,1,0,3.3,1,1,1,-2.2e-05,0.02725,0.029093,-0.001843,,,trace_alphabet_soup_s33_w0_10_s20d_clean_seed0_job330024,alphabet_soup,33
54,0,1,0,3.3,1,1,1,-0.001329,0.020848,0.014367,0.006481,,,trace_alphabet_soup_s34_w0_10_s20d_clean_seed0_job330025,alphabet_soup,34
135,1,0,81,3.3,1,1,1,-0.001086,0.007912,0.007027,0.000885,81,,trace_alphabet_soup_s34_w0_10_s20d_clean_seed0_job330025,alphabet_soup,34
139,2,0,85,3.3,1,1,1,-0.000829,0.010333,0.00987,0.000463,4,,trace_alphabet_soup_s34_w0_10_s20d_clean_seed0_job330025,alphabet_soup,34
142,3,0,88,3.3,1,1,1,-0.000702,0.004528,0.001917,0.002611,3,,trace_alphabet_soup_s34_w0_10_s20d_clean_seed0_job330025,alphabet_soup,34
145,4,0,91,3.8,1,1,1,-0.000597,0.00089,0.00328,-0.00239,3,,trace_alphabet_soup_s34_w0_10_s20d_clean_seed0_job330025,alphabet_soup,34
147,5,0,93,3.3,1,1,1,-0.000541,0.00184,0.000182,0.001658,2,,trace_alphabet_soup_s34_w0_10_s20d_clean_seed0_job330025,alphabet_soup,34
151,6,0,97,3.8,1,1,1,-0.00049,0.000748,0.004621,-0.003873,4,,trace_alphabet_soup_s34_w0_10_s20d_clean_seed0_job330025,alphabet_soup,34
159,7,0,105,3.3,1,1,1,-0.000414,0.006748,0.004251,0.002497,8,,trace_alphabet_soup_s34_w0_10_s20d_clean_seed0_job330025,alphabet_soup,34
166,8,0,112,3.3,1,1,1,-0.000306,0.007483,0.005981,0.001502,7,,trace_alphabet_soup_s34_w0_10_s20d_clean_seed0_job330025,alphabet_soup,34
170,9,0,116,3.8,1,1,1,-0.000228,0.004146,0.005307,-0.001161,4,,trace_alphabet_soup_s34_w0_10_s20d_clean_seed0_job330025,alphabet_soup,34
175,10,0,121,3.3,1,1,1,-0.000195,0.003628,0.001835,0.001793,5,,trace_alphabet_soup_s34_w0_10_s20d_clean_seed0_job330025,alphabet_soup,34
182,11,0,128,3.3,1,1,1,-0.000146,0.006729,0.006096,0.000633,7,,trace_alphabet_soup_s34_w0_10_s20d_clean_seed0_job330025,alphabet_soup,34
186,12,0,132,3.8,1,1,1,-9.6e-05,0.003882,0.005349,-0.001467,4,,trace_alphabet_soup_s34_w0_10_s20d_clean_seed0_job330025,alphabet_soup,34
190,13,0,136,3.3,1,1,1,-8.4e-05,0.001411,0.001386,2.5e-05,4,,trace_alphabet_soup_s34_w0_10_s20d_clean_seed0_job330025,alphabet_soup,34
192,14,0,138,3.3,1,1,1,-7.7e-05,0.002458,0.001138,0.00132,2,,trace_alphabet_soup_s34_w0_10_s20d_clean_seed0_job330025,alphabet_soup,34
194,15,0,140,3.8,1,1,1,-6.7e-05,0.003746,0.004977,-0.001231,2,,trace_alphabet_soup_s34_w0_10_s20d_clean_seed0_job330025,alphabet_soup,34
198,16,0,144,3.8,1,1,1,-5.6e-05,0.002475,0.002715,-0.00024,4,,trace_alphabet_soup_s34_w0_10_s20d_clean_seed0_job330025,alphabet_soup,34
203,17,0,149,3.8,1,1,1,-5e-05,0.004407,0.005894,-0.001487,5,,trace_alphabet_soup_s34_w0_10_s20d_clean_seed0_job330025,alphabet_soup,34
206,18,0,152,3.3,1,1,1,-4.5e-05,0.002828,0.002067,0.000761,3,,trace_alphabet_soup_s34_w0_10_s20d_clean_seed0_job330025,alphabet_soup,34
210,19,0,156,3.8,1,1,1,-3.7e-05,0.000638,0.001801,-0.001163,4,,trace_alphabet_soup_s34_w0_10_s20d_clean_seed0_job330025,alphabet_soup,34
215,20,0,161,3.8,1,1,1,-2.9e-05,0.002699,0.004617,-0.001918,5,,trace_alphabet_soup_s34_w0_10_s20d_clean_seed0_job330025,alphabet_soup,34
217,21,0,163,3.3,1,1,1,-2.7e-05,0.003249,0.000676,0.002573,2,,trace_alphabet_soup_s34_w0_10_s20d_clean_seed0_job330025,alphabet_soup,34
222,22,0,168,3.8,1,1,1,-2e-05,0.001194,0.002126,-0.000932,5,,trace_alphabet_soup_s34_w0_10_s20d_clean_seed0_job330025,alphabet_soup,34
227,23,0,173,3.3,1,1,1,-1.4e-05,0.001378,0.00107,0.000308,5,,trace_alphabet_soup_s34_w0_10_s20d_clean_seed0_job330025,alphabet_soup,34
230,24,0,176,3.3,1,1,1,-1e-05,0.002575,0.001114,0.001461,3,,trace_alphabet_soup_s34_w0_10_s20d_clean_seed0_job330025,alphabet_soup,34
236,25,0,182,3.3,1,1,1,-3e-06,0.002388,0.00212,0.000268,6,,trace_alphabet_soup_s34_w0_10_s20d_clean_seed0_job330025,alphabet_soup,34
239,26,0,185,3.8,1,1,1,0.0,0.000565,0.002381,-0.001816,3,,trace_alphabet_soup_s34_w0_10_s20d_clean_seed0_job330025,alphabet_soup,34
243,27,0,189,3.8,1,1,1,5e-06,0.001415,0.001573,-0.000158,4,,trace_alphabet_soup_s34_w0_10_s20d_clean_seed0_job330025,alphabet_soup,34
247,28,0,193,3.3,1,1,1,9e-06,0.000414,0.000201,0.000213,4,,trace_alphabet_soup_s34_w0_10_s20d_clean_seed0_job330025,alphabet_soup,34
249,29,0,195,3.3,1,1,1,1.1e-05,0.001743,0.000698,0.001045,2,,trace_alphabet_soup_s34_w0_10_s20d_clean_seed0_job330025,alphabet_soup,34
253,30,0,199,3.8,1,1,1,1.5e-05,0.000757,0.001512,-0.000755,4,,trace_alphabet_soup_s34_w0_10_s20d_clean_seed0_job330025,alphabet_soup,34
257,31,0,203,3.8,1,1,1,1.9e-05,0.000603,0.001655,-0.001052,4,,trace_alphabet_soup_s34_w0_10_s20d_clean_seed0_job330025,alphabet_soup,34
262,32,0,208,3.3,1,1,1,2.3e-05,0.004075,0.002909,0.001166,5,,trace_alphabet_soup_s34_w0_10_s20d_clean_seed0_job330025,alphabet_soup,34
267,33,0,213,3.3,1,1,1,2.5e-05,0.003379,0.003142,0.000237,5,,trace_alphabet_soup_s34_w0_10_s20d_clean_seed0_job330025,alphabet_soup,34
272,34,0,218,3.8,1,1,1,2.2e-05,0.002772,0.003458,-0.000686,5,,trace_alphabet_soup_s34_w0_10_s20d_clean_seed0_job330025,alphabet_soup,34
277,35,0,223,3.3,1,1,1,2e-05,0.00472,0.001597,0.003123,5,,trace_alphabet_soup_s34_w0_10_s20d_clean_seed0_job330025,alphabet_soup,34
82,0,1,0,3.3,1,1,1,-3.3e-05,0.031092,0.032325,-0.001233,,,trace_alphabet_soup_s35_w0_10_s20d_clean_seed0_job330026,alphabet_soup,35
201,1,0,119,3.8,1,1,1,1.2e-05,0.00127,0.001506,-0.000236,119,,trace_alphabet_soup_s35_w0_10_s20d_clean_seed0_job330026,alphabet_soup,35
206,2,0,124,3.3,1,1,1,-6e-06,0.002579,0.002401,0.000178,5,,trace_alphabet_soup_s35_w0_10_s20d_clean_seed0_job330026,alphabet_soup,35
228,3,0,146,3.3,1,1,1,-9.4e-05,0.021592,0.026914,-0.005322,22,,trace_alphabet_soup_s35_w0_10_s20d_clean_seed0_job330026,alphabet_soup,35
230,4,0,148,3.3,1,1,1,-1.1e-05,0.011116,0.017064,-0.005948,2,,trace_alphabet_soup_s35_w0_10_s20d_clean_seed0_job330026,alphabet_soup,35
234,5,0,152,3.3,1,1,1,6.2e-05,0.020604,0.021872,-0.001268,4,,trace_alphabet_soup_s35_w0_10_s20d_clean_seed0_job330026,alphabet_soup,35
237,6,0,155,3.3,1,1,1,0.000101,0.017114,0.016092,0.001022,3,,trace_alphabet_soup_s35_w0_10_s20d_clean_seed0_job330026,alphabet_soup,35
241,7,0,159,3.3,1,1,1,0.000171,0.023476,0.023008,0.000468,4,,trace_alphabet_soup_s35_w0_10_s20d_clean_seed0_job330026,alphabet_soup,35
243,8,0,161,3.8,1,1,1,-3.1e-05,0.007396,0.017218,-0.009822,2,,trace_alphabet_soup_s35_w0_10_s20d_clean_seed0_job330026,alphabet_soup,35
246,9,0,164,3.3,1,1,1,8.5e-05,0.015034,0.011735,0.003299,3,,trace_alphabet_soup_s35_w0_10_s20d_clean_seed0_job330026,alphabet_soup,35
250,10,0,168,3.3,1,1,1,6e-06,0.015131,0.018691,-0.00356,4,,trace_alphabet_soup_s35_w0_10_s20d_clean_seed0_job330026,alphabet_soup,35
252,11,0,170,3.3,1,1,1,5.9e-05,0.010584,0.011943,-0.001359,2,,trace_alphabet_soup_s35_w0_10_s20d_clean_seed0_job330026,alphabet_soup,35
270,12,0,188,3.3,1,1,1,0.000156,0.018079,0.022333,-0.004254,18,,trace_alphabet_soup_s35_w0_10_s20d_clean_seed0_job330026,alphabet_soup,35
49,0,1,0,3.3,1,1,1,-2.9e-05,0.032582,0.034263,-0.001681,,,trace_alphabet_soup_s36_w0_10_s20d_clean_seed0_job330027,alphabet_soup,36
50,0,1,0,3.3,1,1,1,-4.2e-05,0.028639,0.030903,-0.002264,,,trace_alphabet_soup_s37_w0_10_s20d_clean_seed0_job330028,alphabet_soup,37
114,1,0,64,3.3,1,1,1,9.7e-05,0.026267,0.031749,-0.005482,64,,trace_alphabet_soup_s37_w0_10_s20d_clean_seed0_job330028,alphabet_soup,37
52,0,0,-112,3.3,1,1,1,-2e-06,0.031759,0.031589,0.00017,,,trace_alphabet_soup_s38_w0_10_s20d_clean_seed0_job330029,alphabet_soup,38
55,1,0,-109,3.3,1,1,1,6.7e-05,0.022663,0.026147,-0.003484,3,,trace_alphabet_soup_s38_w0_10_s20d_clean_seed0_job330029,alphabet_soup,38
75,2,0,-89,3.3,1,1,1,2.1e-05,0.015922,0.024432,-0.00851,20,,trace_alphabet_soup_s38_w0_10_s20d_clean_seed0_job330029,alphabet_soup,38
78,3,0,-86,3.3,1,1,1,-4e-06,0.009884,0.00746,0.002424,3,,trace_alphabet_soup_s38_w0_10_s20d_clean_seed0_job330029,alphabet_soup,38
85,4,0,-79,3.3,1,1,1,1.2e-05,0.0134,0.007419,0.005981,7,,trace_alphabet_soup_s38_w0_10_s20d_clean_seed0_job330029,alphabet_soup,38
89,5,0,-75,3.8,1,1,1,1.8e-05,0.004207,0.009839,-0.005632,4,,trace_alphabet_soup_s38_w0_10_s20d_clean_seed0_job330029,alphabet_soup,38
95,6,0,-69,3.3,1,1,1,1.3e-05,0.012259,0.00131,0.010949,6,,trace_alphabet_soup_s38_w0_10_s20d_clean_seed0_job330029,alphabet_soup,38
99,7,0,-65,3.3,1,1,1,2.9e-05,0.016343,0.01275,0.003593,4,,trace_alphabet_soup_s38_w0_10_s20d_clean_seed0_job330029,alphabet_soup,38
102,8,0,-62,3.8,1,1,1,1.1e-05,0.007336,0.008824,-0.001488,3,,trace_alphabet_soup_s38_w0_10_s20d_clean_seed0_job330029,alphabet_soup,38
105,9,0,-59,3.3,1,1,1,3.2e-05,0.012893,0.007518,0.005375,3,,trace_alphabet_soup_s38_w0_10_s20d_clean_seed0_job330029,alphabet_soup,38
112,10,0,-52,3.3,1,1,1,-5e-06,0.01833,0.030035,-0.011705,7,,trace_alphabet_soup_s38_w0_10_s20d_clean_seed0_job330029,alphabet_soup,38
119,11,0,-45,3.3,1,1,1,-7.2e-05,0.017876,0.028804,-0.010928,7,,trace_alphabet_soup_s38_w0_10_s20d_clean_seed0_job330029,alphabet_soup,38
126,12,0,-38,3.3,1,1,1,-0.000133,0.016825,0.009924,0.006901,7,,trace_alphabet_soup_s38_w0_10_s20d_clean_seed0_job330029,alphabet_soup,38
164,13,1,0,3.3,1,1,1,-0.000415,0.037092,0.037287,-0.000195,38,,trace_alphabet_soup_s38_w0_10_s20d_clean_seed0_job330029,alphabet_soup,38
243,14,0,79,3.8,1,1,1,-0.002386,0.003886,0.007047,-0.003161,79,,trace_alphabet_soup_s38_w0_10_s20d_clean_seed0_job330029,alphabet_soup,38
64,0,1,0,3.3,1,1,1,-0.000112,0.030334,0.030499,-0.000165,,,trace_alphabet_soup_s39_w0_10_s20d_clean_seed0_job330030,alphabet_soup,39
149,1,0,85,3.3,1,1,1,-0.002943,0.00487,0.00442,0.00045,85,,trace_alphabet_soup_s39_w0_10_s20d_clean_seed0_job330030,alphabet_soup,39
154,2,0,90,3.8,1,1,1,-0.001764,0.001247,0.003117,-0.00187,5,,trace_alphabet_soup_s39_w0_10_s20d_clean_seed0_job330030,alphabet_soup,39
51,0,1,0,3.3,1,1,1,-0.006952,0.01202,0.015858,-0.003838,,,trace_alphabet_soup_s40_w0_10_s20d_clean_seed0_job330031,alphabet_soup,40
56,1,0,5,3.3,1,1,1,-0.000781,0.017352,0.022682,-0.00533,5,,trace_alphabet_soup_s40_w0_10_s20d_clean_seed0_job330031,alphabet_soup,40
68,2,0,17,3.3,1,1,1,-6.1e-05,0.017024,0.022722,-0.005698,12,,trace_alphabet_soup_s40_w0_10_s20d_clean_seed0_job330031,alphabet_soup,40
70,3,0,19,3.8,1,1,1,-5.9e-05,0.002955,0.010117,-0.007162,2,,trace_alphabet_soup_s40_w0_10_s20d_clean_seed0_job330031,alphabet_soup,40
86,4,0,35,3.3,1,1,1,-8.1e-05,0.031951,0.032304,-0.000353,16,,trace_alphabet_soup_s40_w0_10_s20d_clean_seed0_job330031,alphabet_soup,40
161,5,0,110,3.3,1,1,1,2.9e-05,0.022795,0.027064,-0.004269,75,,trace_alphabet_soup_s40_w0_10_s20d_clean_seed0_job330031,alphabet_soup,40
164,6,0,113,3.8,1,1,1,1.3e-05,0.008606,0.012452,-0.003846,3,,trace_alphabet_soup_s40_w0_10_s20d_clean_seed0_job330031,alphabet_soup,40
16,0,0,-48,3.3,1,1,1,-4.2e-05,0.011746,0.010876,0.00087,,,trace_alphabet_soup_s41_w0_10_s20d_clean_seed0_job330032,alphabet_soup,41
64,1,1,0,3.3,1,1,1,-0.000129,0.015598,0.017423,-0.001825,48,,trace_alphabet_soup_s41_w0_10_s20d_clean_seed0_job330032,alphabet_soup,41
42,0,0,-40,3.3,1,1,1,-0.005968,0.012377,0.013985,-0.001608,,,trace_alphabet_soup_s42_w0_10_s20d_clean_seed0_job330033,alphabet_soup,42
59,1,0,-23,3.8,1,1,1,-4.2e-05,0.003526,0.014325,-0.010799,17,,trace_alphabet_soup_s42_w0_10_s20d_clean_seed0_job330033,alphabet_soup,42
82,2,1,0,3.3,1,1,1,-6.4e-05,0.022365,0.020845,0.00152,23,,trace_alphabet_soup_s42_w0_10_s20d_clean_seed0_job330033,alphabet_soup,42
159,3,0,77,3.3,1,1,1,-3e-06,0.015931,0.021275,-0.005344,77,,trace_alphabet_soup_s42_w0_10_s20d_clean_seed0_job330033,alphabet_soup,42
167,4,0,85,3.3,1,1,1,-0.000137,0.009365,0.008574,0.000791,8,,trace_alphabet_soup_s42_w0_10_s20d_clean_seed0_job330033,alphabet_soup,42
172,5,0,90,3.3,1,1,1,-0.000106,0.010546,0.015963,-0.005417,5,,trace_alphabet_soup_s42_w0_10_s20d_clean_seed0_job330033,alphabet_soup,42
53,0,1,0,3.3,1,1,1,0.000273,0.017443,0.018811,-0.001368,,,trace_alphabet_soup_s43_w0_10_s20d_clean_seed0_job330034,alphabet_soup,43
138,1,0,85,3.8,1,1,1,0.002648,0.001742,0.002491,-0.000749,85,,trace_alphabet_soup_s43_w0_10_s20d_clean_seed0_job330034,alphabet_soup,43
141,2,0,88,3.8,1,1,1,0.001938,0.001956,0.003174,-0.001218,3,,trace_alphabet_soup_s43_w0_10_s20d_clean_seed0_job330034,alphabet_soup,43
146,3,0,93,3.8,1,1,1,0.001159,0.001391,0.00391,-0.002519,5,,trace_alphabet_soup_s43_w0_10_s20d_clean_seed0_job330034,alphabet_soup,43
149,4,0,96,3.3,1,1,1,0.000831,0.0017,0.000613,0.001087,3,,trace_alphabet_soup_s43_w0_10_s20d_clean_seed0_job330034,alphabet_soup,43
151,5,0,98,3.8,1,1,1,0.000609,0.003111,0.003533,-0.000422,2,,trace_alphabet_soup_s43_w0_10_s20d_clean_seed0_job330034,alphabet_soup,43
85,0,1,0,3.3,1,1,1,-5e-05,0.030236,0.031895,-0.001659,,,trace_alphabet_soup_s44_w0_10_s20d_clean_seed0_job330035,alphabet_soup,44
166,1,0,81,3.3,1,1,1,0.005544,0.002647,0.004351,-0.001704,81,,trace_alphabet_soup_s44_w0_10_s20d_clean_seed0_job330035,alphabet_soup,44
175,2,0,90,3.3,1,1,1,0.005512,0.001696,0.00205,-0.000354,9,,trace_alphabet_soup_s44_w0_10_s20d_clean_seed0_job330035,alphabet_soup,44
177,3,0,92,2.8,1,1,1,0.005507,0.001489,0.001421,6.8e-05,2,,trace_alphabet_soup_s44_w0_10_s20d_clean_seed0_job330035,alphabet_soup,44
181,4,0,96,2.8,1,1,1,0.005497,0.001957,0.001896,6.1e-05,4,,trace_alphabet_soup_s44_w0_10_s20d_clean_seed0_job330035,alphabet_soup,44
189,5,0,104,3.3,1,1,1,0.004204,0.007492,0.006019,0.001473,8,,trace_alphabet_soup_s44_w0_10_s20d_clean_seed0_job330035,alphabet_soup,44
193,6,0,108,3.8,1,1,1,0.002323,0.002587,0.003185,-0.000598,4,,trace_alphabet_soup_s44_w0_10_s20d_clean_seed0_job330035,alphabet_soup,44
84,0,1,0,3.8,1,1,1,-0.024576,0.008819,0.009685,-0.000866,,,trace_alphabet_soup_s45_w0_10_s20d_clean_seed0_job330036,alphabet_soup,45
99,1,0,15,3.8,1,1,1,-0.00208,0.009481,0.012769,-0.003288,15,,trace_alphabet_soup_s45_w0_10_s20d_clean_seed0_job330036,alphabet_soup,45
102,2,0,18,3.8,1,1,1,-0.000675,0.009714,0.009756,-4.2e-05,3,,trace_alphabet_soup_s45_w0_10_s20d_clean_seed0_job330036,alphabet_soup,45
116,3,0,32,3.3,1,1,1,2.2e-05,0.024583,0.014232,0.010351,14,,trace_alphabet_soup_s45_w0_10_s20d_clean_seed0_job330036,alphabet_soup,45
127,4,0,43,3.3,1,1,1,1.7e-05,0.02742,0.026176,0.001244,11,,trace_alphabet_soup_s45_w0_10_s20d_clean_seed0_job330036,alphabet_soup,45
130,5,0,46,3.3,1,1,1,4.4e-05,0.021053,0.022358,-0.001305,3,,trace_alphabet_soup_s45_w0_10_s20d_clean_seed0_job330036,alphabet_soup,45
53,0,1,0,3.3,1,1,1,0.000108,0.01061,0.019082,-0.008472,,,trace_alphabet_soup_s47_w0_10_s20d_clean_seed0_job330038,alphabet_soup,47
131,1,0,78,3.3,1,1,1,0.000148,0.024505,0.024708,-0.000203,78,,trace_alphabet_soup_s47_w0_10_s20d_clean_seed0_job330038,alphabet_soup,47
60,0,1,0,3.3,1,1,1,1.6e-05,0.028148,0.027737,0.000411,,,trace_alphabet_soup_s48_w0_10_s20d_clean_seed0_job330039,alphabet_soup,48
143,1,0,83,3.8,1,1,1,0.00317,0.006952,0.012807,-0.005855,83,,trace_alphabet_soup_s48_w0_10_s20d_clean_seed0_job330039,alphabet_soup,48
150,2,0,90,3.3,1,1,1,0.003208,0.004011,0.000432,0.003579,7,,trace_alphabet_soup_s48_w0_10_s20d_clean_seed0_job330039,alphabet_soup,48
156,3,0,96,3.3,1,1,1,0.003001,0.003522,0.001782,0.00174,6,,trace_alphabet_soup_s48_w0_10_s20d_clean_seed0_job330039,alphabet_soup,48
160,4,0,100,3.3,1,1,1,0.002697,0.00201,0.001385,0.000625,4,,trace_alphabet_soup_s48_w0_10_s20d_clean_seed0_job330039,alphabet_soup,48
162,5,0,102,3.3,1,1,1,0.002708,0.004769,0.00296,0.001809,2,,trace_alphabet_soup_s48_w0_10_s20d_clean_seed0_job330039,alphabet_soup,48
164,6,0,104,3.3,1,1,1,0.002718,0.00548,0.005387,9.3e-05,2,,trace_alphabet_soup_s48_w0_10_s20d_clean_seed0_job330039,alphabet_soup,48
168,7,0,108,3.3,1,1,1,0.002587,0.002543,0.002524,1.9e-05,4,,trace_alphabet_soup_s48_w0_10_s20d_clean_seed0_job330039,alphabet_soup,48
170,8,0,110,3.8,1,1,1,0.002323,0.003598,0.005047,-0.001449,2,,trace_alphabet_soup_s48_w0_10_s20d_clean_seed0_job330039,alphabet_soup,48
174,9,0,114,3.8,1,1,1,0.001993,0.003161,0.003981,-0.00082,4,,trace_alphabet_soup_s48_w0_10_s20d_clean_seed0_job330039,alphabet_soup,48
49,0,0,-55,3.3,1,1,1,0.000518,0.012017,0.008598,0.003419,,,trace_alphabet_soup_s49_w0_10_s20d_clean_seed0_job330040,alphabet_soup,49
56,1,0,-48,3.3,1,1,1,-4.5e-05,0.015713,0.020979,-0.005266,7,,trace_alphabet_soup_s49_w0_10_s20d_clean_seed0_job330040,alphabet_soup,49
63,2,0,-41,3.3,1,1,1,-0.000151,0.01444,0.015155,-0.000715,7,,trace_alphabet_soup_s49_w0_10_s20d_clean_seed0_job330040,alphabet_soup,49
67,3,0,-37,3.3,1,1,1,-0.000171,0.011116,0.010132,0.000984,4,,trace_alphabet_soup_s49_w0_10_s20d_clean_seed0_job330040,alphabet_soup,49
76,4,0,-28,3.3,1,1,1,-0.00013,0.021686,0.021973,-0.000287,9,,trace_alphabet_soup_s49_w0_10_s20d_clean_seed0_job330040,alphabet_soup,49
85,5,0,-19,3.3,1,1,1,-0.000104,0.013449,0.021378,-0.007929,9,,trace_alphabet_soup_s49_w0_10_s20d_clean_seed0_job330040,alphabet_soup,49
104,6,1,0,3.3,1,1,1,-0.000397,0.021096,0.020943,0.000153,19,,trace_alphabet_soup_s49_w0_10_s20d_clean_seed0_job330040,alphabet_soup,49
184,7,0,80,3.3,1,1,1,-0.00327,0.009144,0.008113,0.001031,80,,trace_alphabet_soup_s49_w0_10_s20d_clean_seed0_job330040,alphabet_soup,49
175,0,0,-3,3.3,1,1,1,4.2e-05,0.017117,0.017353,-0.000236,,,trace_bbq_sauce_s11_w0_10_s20d_clean_seed0_job330042,bbq_sauce,11
178,1,1,0,3.3,1,1,1,8.7e-05,0.011219,0.014306,-0.003087,3,,trace_bbq_sauce_s11_w0_10_s20d_clean_seed0_job330042,bbq_sauce,11
207,2,0,29,3.3,1,1,1,-0.000304,0.026246,0.033333,-0.007087,29,,trace_bbq_sauce_s11_w0_10_s20d_clean_seed0_job330042,bbq_sauce,11
229,3,0,51,3.3,1,1,1,0.000382,0.030527,0.031184,-0.000657,22,,trace_bbq_sauce_s11_w0_10_s20d_clean_seed0_job330042,bbq_sauce,11
66,0,0,-187,3.3,1,1,1,-2.5e-05,0.006315,0.002708,0.003607,,,trace_bbq_sauce_s12_w0_10_s20d_clean_seed0_job330043,bbq_sauce,12
112,1,0,-141,3.3,1,1,1,-6.3e-05,0.018258,0.018675,-0.000417,46,,trace_bbq_sauce_s12_w0_10_s20d_clean_seed0_job330043,bbq_sauce,12
133,2,0,-120,3.3,1,1,1,-0.000186,0.010413,0.002143,0.00827,21,,trace_bbq_sauce_s12_w0_10_s20d_clean_seed0_job330043,bbq_sauce,12
147,3,0,-106,3.3,1,1,1,-0.000177,0.020567,0.020927,-0.00036,14,,trace_bbq_sauce_s12_w0_10_s20d_clean_seed0_job330043,bbq_sauce,12
164,4,0,-89,3.8,1,1,1,-0.00021,0.002661,0.012681,-0.01002,17,,trace_bbq_sauce_s12_w0_10_s20d_clean_seed0_job330043,bbq_sauce,12
168,5,0,-85,3.8,1,1,1,-0.000219,0.001613,0.004977,-0.003364,4,,trace_bbq_sauce_s12_w0_10_s20d_clean_seed0_job330043,bbq_sauce,12
183,6,0,-70,3.3,1,1,1,-0.000235,0.016535,0.016425,0.00011,15,,trace_bbq_sauce_s12_w0_10_s20d_clean_seed0_job330043,bbq_sauce,12
204,7,0,-49,3.3,1,1,1,-0.000279,0.015672,0.011515,0.004157,21,,trace_bbq_sauce_s12_w0_10_s20d_clean_seed0_job330043,bbq_sauce,12
214,8,0,-39,3.8,1,1,1,-0.000285,0.008062,0.017933,-0.009871,10,,trace_bbq_sauce_s12_w0_10_s20d_clean_seed0_job330043,bbq_sauce,12
216,9,0,-37,3.3,1,1,1,-0.000294,0.011972,0.005934,0.006038,2,,trace_bbq_sauce_s12_w0_10_s20d_clean_seed0_job330043,bbq_sauce,12
220,10,0,-33,3.8,1,1,1,-0.000292,0.002415,0.006037,-0.003622,4,,trace_bbq_sauce_s12_w0_10_s20d_clean_seed0_job330043,bbq_sauce,12
223,11,0,-30,3.3,1,1,1,-0.000302,0.006962,0.002478,0.004484,3,,trace_bbq_sauce_s12_w0_10_s20d_clean_seed0_job330043,bbq_sauce,12
225,12,0,-28,3.3,1,1,1,-0.000292,0.006088,0.005739,0.000349,2,,trace_bbq_sauce_s12_w0_10_s20d_clean_seed0_job330043,bbq_sauce,12
228,13,0,-25,3.8,1,1,1,-0.000303,0.003817,0.004299,-0.000482,3,,trace_bbq_sauce_s12_w0_10_s20d_clean_seed0_job330043,bbq_sauce,12
232,14,0,-21,3.3,1,1,1,-0.000347,0.004567,0.004454,0.000113,4,,trace_bbq_sauce_s12_w0_10_s20d_clean_seed0_job330043,bbq_sauce,12
247,15,0,-6,3.3,1,1,1,-0.000365,0.017209,0.022724,-0.005515,15,,trace_bbq_sauce_s12_w0_10_s20d_clean_seed0_job330043,bbq_sauce,12
253,16,1,0,3.3,1,1,1,-0.000344,0.003489,0.003096,0.000393,6,,trace_bbq_sauce_s12_w0_10_s20d_clean_seed0_job330043,bbq_sauce,12
53,0,1,0,3.3,1,1,1,4e-05,0.019885,0.02239,-0.002505,,,trace_bbq_sauce_s13_w0_10_s20d_clean_seed0_job330044,bbq_sauce,13
124,1,0,71,3.8,1,1,1,-0.000539,0.007696,0.016484,-0.008788,71,,trace_bbq_sauce_s13_w0_10_s20d_clean_seed0_job330044,bbq_sauce,13
129,2,0,76,3.3,1,1,1,-0.00045,0.001449,0.000394,0.001055,5,,trace_bbq_sauce_s13_w0_10_s20d_clean_seed0_job330044,bbq_sauce,13
81,0,0,-99,3.8,1,1,1,6e-06,0.005467,0.005622,-0.000155,,,trace_bbq_sauce_s19_w0_10_s20d_clean_seed0_job330050,bbq_sauce,19
85,1,0,-95,3.8,1,1,1,3.4e-05,0.005619,0.006561,-0.000942,4,,trace_bbq_sauce_s19_w0_10_s20d_clean_seed0_job330050,bbq_sauce,19
88,2,0,-92,3.3,1,1,1,3e-05,0.006081,0.005765,0.000316,3,,trace_bbq_sauce_s19_w0_10_s20d_clean_seed0_job330050,bbq_sauce,19
110,3,0,-70,3.3,1,1,1,-0.000218,0.017261,0.011785,0.005476,22,,trace_bbq_sauce_s19_w0_10_s20d_clean_seed0_job330050,bbq_sauce,19
122,4,0,-58,3.3,1,1,1,-0.000191,0.010401,0.012387,-0.001986,12,,trace_bbq_sauce_s19_w0_10_s20d_clean_seed0_job330050,bbq_sauce,19
127,5,0,-53,3.8,1,1,1,-0.000188,0.004384,0.004489,-0.000105,5,,trace_bbq_sauce_s19_w0_10_s20d_clean_seed0_job330050,bbq_sauce,19
142,6,0,-38,3.3,1,1,1,-0.000238,0.018773,0.016673,0.0021,15,,trace_bbq_sauce_s19_w0_10_s20d_clean_seed0_job330050,bbq_sauce,19
145,7,0,-35,3.3,1,1,1,-0.000229,0.011536,0.015179,-0.003643,3,,trace_bbq_sauce_s19_w0_10_s20d_clean_seed0_job330050,bbq_sauce,19
151,8,0,-29,3.3,1,1,1,-0.00024,0.011538,0.007033,0.004505,6,,trace_bbq_sauce_s19_w0_10_s20d_clean_seed0_job330050,bbq_sauce,19
155,9,0,-25,3.8,1,1,1,-0.000234,0.003108,0.004023,-0.000915,4,,trace_bbq_sauce_s19_w0_10_s20d_clean_seed0_job330050,bbq_sauce,19
164,10,0,-16,3.3,1,1,1,-0.000253,0.017285,0.0214,-0.004115,9,,trace_bbq_sauce_s19_w0_10_s20d_clean_seed0_job330050,bbq_sauce,19
173,11,0,-7,3.3,1,1,1,-0.000242,0.017225,0.016543,0.000682,9,,trace_bbq_sauce_s19_w0_10_s20d_clean_seed0_job330050,bbq_sauce,19
180,12,1,0,3.3,1,1,1,-0.000257,0.023305,0.02336,-5.5e-05,7,,trace_bbq_sauce_s19_w0_10_s20d_clean_seed0_job330050,bbq_sauce,19
53,0,1,0,3.3,1,1,1,-1.1e-05,0.020724,0.020745,-2.1e-05,,,trace_bbq_sauce_s24_w0_10_s20d_clean_seed0_job330055,bbq_sauce,24
124,1,0,71,3.3,1,1,1,-0.000176,0.013484,0.020917,-0.007433,71,,trace_bbq_sauce_s24_w0_10_s20d_clean_seed0_job330055,bbq_sauce,24
131,2,0,78,3.3,1,1,1,-0.000151,0.005829,0.005146,0.000683,7,,trace_bbq_sauce_s24_w0_10_s20d_clean_seed0_job330055,bbq_sauce,24
134,3,0,81,3.3,1,1,1,-0.000136,0.005599,0.005582,1.7e-05,3,,trace_bbq_sauce_s24_w0_10_s20d_clean_seed0_job330055,bbq_sauce,24
137,4,0,84,3.3,1,1,1,-0.000123,0.004193,0.002003,0.00219,3,,trace_bbq_sauce_s24_w0_10_s20d_clean_seed0_job330055,bbq_sauce,24
140,5,0,87,3.3,1,1,1,-0.00014,0.004963,0.002895,0.002068,3,,trace_bbq_sauce_s24_w0_10_s20d_clean_seed0_job330055,bbq_sauce,24
61,0,1,0,3.3,1,1,1,1.7e-05,0.02414,0.024102,3.8e-05,,,trace_bbq_sauce_s27_w0_10_s20d_clean_seed0_job330058,bbq_sauce,27
41,0,0,-45,3.3,1,1,1,-2.7e-05,0.021146,0.021088,5.8e-05,,,trace_bbq_sauce_s28_w0_10_s20d_clean_seed0_job330059,bbq_sauce,28
44,1,0,-42,3.3,1,1,1,5e-06,0.018236,0.01796,0.000276,3,,trace_bbq_sauce_s28_w0_10_s20d_clean_seed0_job330059,bbq_sauce,28
66,2,0,-20,3.3,1,1,1,-3.9e-05,0.015877,0.015575,0.000302,22,,trace_bbq_sauce_s28_w0_10_s20d_clean_seed0_job330059,bbq_sauce,28
86,3,1,0,3.3,1,1,1,-6e-05,0.016868,0.016168,0.0007,20,,trace_bbq_sauce_s28_w0_10_s20d_clean_seed0_job330059,bbq_sauce,28
154,4,0,68,3.3,1,1,1,-0.005823,0.020573,0.024361,-0.003788,68,,trace_bbq_sauce_s28_w0_10_s20d_clean_seed0_job330059,bbq_sauce,28
65,0,1,0,3.3,1,1,1,-4.2e-05,0.011337,0.01079,0.000547,,,trace_bbq_sauce_s29_w0_10_s20d_clean_seed0_job330060,bbq_sauce,29
67,1,0,2,3.3,1,1,1,-2.1e-05,0.01067,0.011194,-0.000524,2,,trace_bbq_sauce_s29_w0_10_s20d_clean_seed0_job330060,bbq_sauce,29
142,2,0,77,3.8,1,1,1,8.1e-05,0.008733,0.013353,-0.00462,75,,trace_bbq_sauce_s29_w0_10_s20d_clean_seed0_job330060,bbq_sauce,29
145,3,0,80,3.8,1,1,1,1.8e-05,0.004565,0.005401,-0.000836,3,,trace_bbq_sauce_s29_w0_10_s20d_clean_seed0_job330060,bbq_sauce,29
147,4,0,82,3.8,1,1,1,-7e-06,0.001387,0.003122,-0.001735,2,,trace_bbq_sauce_s29_w0_10_s20d_clean_seed0_job330060,bbq_sauce,29
149,5,0,84,3.8,1,1,1,-2.1e-05,0.000441,0.000838,-0.000397,2,,trace_bbq_sauce_s29_w0_10_s20d_clean_seed0_job330060,bbq_sauce,29
152,6,0,87,3.8,1,1,1,-3e-05,0.000882,0.001256,-0.000374,3,,trace_bbq_sauce_s29_w0_10_s20d_clean_seed0_job330060,bbq_sauce,29
157,7,0,92,3.8,1,1,1,-3.5e-05,0.000134,0.000172,-3.8e-05,5,,trace_bbq_sauce_s29_w0_10_s20d_clean_seed0_job330060,bbq_sauce,29
163,8,0,98,3.8,1,1,1,-3.7e-05,0.000354,0.000354,0.0,6,,trace_bbq_sauce_s29_w0_10_s20d_clean_seed0_job330060,bbq_sauce,29
166,9,0,101,3.3,1,1,1,-3.9e-05,0.001262,0.000927,0.000335,3,,trace_bbq_sauce_s29_w0_10_s20d_clean_seed0_job330060,bbq_sauce,29
39,0,0,-47,3.3,1,1,1,-2.4e-05,0.021714,0.023222,-0.001508,,,trace_bbq_sauce_s30_w0_10_s20d_clean_seed0_job330061,bbq_sauce,30
42,1,0,-44,3.3,1,1,1,3.4e-05,0.014102,0.015472,-0.00137,3,,trace_bbq_sauce_s30_w0_10_s20d_clean_seed0_job330061,bbq_sauce,30
69,2,0,-17,3.3,1,1,1,5.6e-05,0.014691,0.021866,-0.007175,27,,trace_bbq_sauce_s30_w0_10_s20d_clean_seed0_job330061,bbq_sauce,30
86,3,1,0,3.8,1,1,1,0.000147,0.007827,0.008277,-0.00045,17,,trace_bbq_sauce_s30_w0_10_s20d_clean_seed0_job330061,bbq_sauce,30
106,4,0,20,3.3,1,1,1,6.7e-05,0.026242,0.033824,-0.007582,20,,trace_bbq_sauce_s30_w0_10_s20d_clean_seed0_job330061,bbq_sauce,30
133,0,0,-18,3.8,1,1,1,1.6e-05,0.006506,0.010351,-0.003845,,,trace_bbq_sauce_s32_w0_10_s20d_clean_seed0_job330063,bbq_sauce,32
137,1,0,-14,3.8,1,1,1,4.7e-05,0.003764,0.004538,-0.000774,4,,trace_bbq_sauce_s32_w0_10_s20d_clean_seed0_job330063,bbq_sauce,32
145,2,0,-6,3.8,1,1,1,3.4e-05,0.00858,0.00958,-0.001,8,,trace_bbq_sauce_s32_w0_10_s20d_clean_seed0_job330063,bbq_sauce,32
151,3,1,0,3.8,1,1,1,2.3e-05,0.000749,0.001232,-0.000483,6,,trace_bbq_sauce_s32_w0_10_s20d_clean_seed0_job330063,bbq_sauce,32
153,4,0,2,3.8,1,1,1,4.9e-05,0.000842,0.001375,-0.000533,2,,trace_bbq_sauce_s32_w0_10_s20d_clean_seed0_job330063,bbq_sauce,32
155,5,0,4,3.8,1,1,1,1.4e-05,0.000506,0.001013,-0.000507,2,,trace_bbq_sauce_s32_w0_10_s20d_clean_seed0_job330063,bbq_sauce,32
49,0,1,0,3.3,1,1,1,-2.4e-05,0.020786,0.022851,-0.002065,,,trace_bbq_sauce_s33_w0_10_s20d_clean_seed0_job330064,bbq_sauce,33
50,0,1,0,3.3,1,1,1,-2e-06,0.022657,0.022436,0.000221,,,trace_bbq_sauce_s37_w0_10_s20d_clean_seed0_job330068,bbq_sauce,37
54,1,0,4,3.3,1,1,1,3.1e-05,0.016114,0.019963,-0.003849,4,,trace_bbq_sauce_s37_w0_10_s20d_clean_seed0_job330068,bbq_sauce,37
115,2,0,65,3.3,1,1,1,0.000217,0.013168,0.014807,-0.001639,61,,trace_bbq_sauce_s37_w0_10_s20d_clean_seed0_job330068,bbq_sauce,37
121,3,0,71,3.8,1,1,1,0.000105,0.002989,0.004554,-0.001565,6,,trace_bbq_sauce_s37_w0_10_s20d_clean_seed0_job330068,bbq_sauce,37
58,0,1,0,3.3,1,1,1,4e-06,0.020121,0.024445,-0.004324,,,trace_bbq_sauce_s38_w0_10_s20d_clean_seed0_job330069,bbq_sauce,38
79,1,0,21,3.3,1,1,1,-0.000616,0.027728,0.032706,-0.004978,21,,trace_bbq_sauce_s38_w0_10_s20d_clean_seed0_job330069,bbq_sauce,38
82,2,0,24,3.3,1,1,1,-0.000206,0.010479,0.015409,-0.00493,3,,trace_bbq_sauce_s38_w0_10_s20d_clean_seed0_job330069,bbq_sauce,38
109,3,0,51,3.3,1,1,1,-1.5e-05,0.017095,0.015027,0.002068,27,,trace_bbq_sauce_s38_w0_10_s20d_clean_seed0_job330069,bbq_sauce,38
129,4,0,71,3.3,1,1,1,-1e-06,0.009974,0.009408,0.000566,20,,trace_bbq_sauce_s38_w0_10_s20d_clean_seed0_job330069,bbq_sauce,38
132,5,0,74,3.3,1,1,1,-4.4e-05,0.020849,0.018301,0.002548,3,,trace_bbq_sauce_s38_w0_10_s20d_clean_seed0_job330069,bbq_sauce,38
147,6,0,89,3.3,1,1,1,-0.000122,0.019505,0.01717,0.002335,15,,trace_bbq_sauce_s38_w0_10_s20d_clean_seed0_job330069,bbq_sauce,38
150,7,0,92,3.3,1,1,1,-0.00012,0.021013,0.020176,0.000837,3,,trace_bbq_sauce_s38_w0_10_s20d_clean_seed0_job330069,bbq_sauce,38
44,0,0,-47,3.3,1,1,1,-2e-06,0.020289,0.020085,0.000204,,,trace_bbq_sauce_s39_w0_10_s20d_clean_seed0_job330070,bbq_sauce,39
91,1,1,0,3.3,1,1,1,-0.00012,0.017931,0.018019,-8.8e-05,47,,trace_bbq_sauce_s39_w0_10_s20d_clean_seed0_job330070,bbq_sauce,39
49,0,1,0,3.3,1,1,1,-1e-05,0.016885,0.01626,0.000625,,,trace_bbq_sauce_s42_w0_10_s20d_clean_seed0_job330073,bbq_sauce,42
40,0,1,0,3.3,1,1,1,-2.7e-05,0.02185,0.022461,-0.000611,,,trace_bbq_sauce_s43_w0_10_s20d_clean_seed0_job330074,bbq_sauce,43
102,1,0,62,3.8,1,1,1,0.000143,0.009786,0.014977,-0.005191,62,,trace_bbq_sauce_s43_w0_10_s20d_clean_seed0_job330074,bbq_sauce,43
6,0,0,-111,3.3,1,1,1,-1.6e-05,0.010089,0.010348,-0.000259,,,trace_bbq_sauce_s45_w0_10_s20d_clean_seed0_job330076,bbq_sauce,45
67,1,0,-50,3.8,1,1,1,-2.7e-05,0.001377,0.001512,-0.000135,61,,trace_bbq_sauce_s45_w0_10_s20d_clean_seed0_job330076,bbq_sauce,45
94,2,0,-23,3.8,1,1,1,-0.000154,0.002972,0.00504,-0.002068,27,,trace_bbq_sauce_s45_w0_10_s20d_clean_seed0_job330076,bbq_sauce,45
97,3,0,-20,3.3,1,1,1,-0.000172,0.007715,0.00532,0.002395,3,,trace_bbq_sauce_s45_w0_10_s20d_clean_seed0_job330076,bbq_sauce,45
101,4,0,-16,3.3,1,1,1,-0.000166,0.002179,0.002026,0.000153,4,,trace_bbq_sauce_s45_w0_10_s20d_clean_seed0_job330076,bbq_sauce,45
117,5,1,0,3.3,1,1,1,-0.000174,0.026973,0.026908,6.5e-05,16,,trace_bbq_sauce_s45_w0_10_s20d_clean_seed0_job330076,bbq_sauce,45
182,6,0,65,3.3,1,1,1,-0.000147,0.015811,0.022568,-0.006757,65,,trace_bbq_sauce_s45_w0_10_s20d_clean_seed0_job330076,bbq_sauce,45
185,7,0,68,3.3,1,1,1,-0.000204,0.006787,0.002514,0.004273,3,,trace_bbq_sauce_s45_w0_10_s20d_clean_seed0_job330076,bbq_sauce,45
189,8,0,72,3.8,1,1,1,-0.000206,0.001223,0.004194,-0.002971,4,,trace_bbq_sauce_s45_w0_10_s20d_clean_seed0_job330076,bbq_sauce,45
7,0,0,-50,3.8,1,1,1,-1.7e-05,0.001179,0.001509,-0.00033,,,trace_bbq_sauce_s46_w0_10_s20d_clean_seed0_job330077,bbq_sauce,46
57,1,1,0,3.3,1,1,1,-2.5e-05,0.014749,0.017008,-0.002259,50,,trace_bbq_sauce_s46_w0_10_s20d_clean_seed0_job330077,bbq_sauce,46
60,0,1,0,3.3,1,1,1,-2.2e-05,0.035088,0.035739,-0.000651,,,trace_butter_s10_w0_10_s20d_clean_seed0_job330081,butter,10
152,1,0,92,3.3,1,1,1,5.7e-05,0.004089,0.002343,0.001746,92,,trace_butter_s10_w0_10_s20d_clean_seed0_job330081,butter,10
58,0,1,0,3.3,1,1,1,-3e-06,0.032801,0.031447,0.001354,,,trace_butter_s11_w0_10_s20d_clean_seed0_job330082,butter,11
60,1,0,2,3.3,1,1,1,-0.006013,0.019931,0.029106,-0.009175,2,,trace_butter_s11_w0_10_s20d_clean_seed0_job330082,butter,11
144,2,0,86,3.3,1,1,1,0.000124,0.013862,0.006542,0.00732,84,,trace_butter_s11_w0_10_s20d_clean_seed0_job330082,butter,11
148,3,0,90,3.8,1,1,1,0.000111,0.00479,0.0088,-0.00401,4,,trace_butter_s11_w0_10_s20d_clean_seed0_job330082,butter,11
61,0,1,0,3.3,1,1,1,-0.027152,0.013118,0.014979,-0.001861,,,trace_butter_s14_w0_10_s20d_clean_seed0_job330085,butter,14
139,1,0,78,3.8,1,1,1,-3e-05,0.003616,0.008517,-0.004901,78,,trace_butter_s14_w0_10_s20d_clean_seed0_job330085,butter,14
10,0,0,-47,3.8,1,1,1,-3.7e-05,0.004213,0.004449,-0.000236,,,trace_butter_s15_w0_10_s20d_clean_seed0_job330086,butter,15
57,1,1,0,3.3,1,1,1,-2.6e-05,0.040261,0.040444,-0.000183,47,,trace_butter_s15_w0_10_s20d_clean_seed0_job330086,butter,15
9,0,0,-45,3.3,1,1,1,-5.3e-05,0.011129,0.008399,0.00273,,,trace_butter_s17_w0_10_s20d_clean_seed0_job330088,butter,17
54,1,1,0,3.3,1,1,1,-9.3e-05,0.038833,0.040584,-0.001751,45,,trace_butter_s17_w0_10_s20d_clean_seed0_job330088,butter,17
130,2,0,76,3.8,1,1,1,-9.7e-05,0.007862,0.014194,-0.006332,76,,trace_butter_s17_w0_10_s20d_clean_seed0_job330088,butter,17
134,3,0,80,3.8,1,1,1,-9.7e-05,0.005122,0.006043,-0.000921,4,,trace_butter_s17_w0_10_s20d_clean_seed0_job330088,butter,17
10,0,0,-63,3.3,1,1,1,-2.7e-05,0.004978,0.004835,0.000143,,,trace_butter_s19_w0_10_s20d_clean_seed0_job330090,butter,19
12,1,0,-61,3.3,1,1,1,-1.9e-05,0.011138,0.007121,0.004017,2,,trace_butter_s19_w0_10_s20d_clean_seed0_job330090,butter,19
73,2,1,0,3.3,1,1,1,-2.2e-05,0.038768,0.040439,-0.001671,61,,trace_butter_s19_w0_10_s20d_clean_seed0_job330090,butter,19
76,3,0,3,3.3,1,1,1,-0.003049,0.014997,0.025833,-0.010836,3,,trace_butter_s19_w0_10_s20d_clean_seed0_job330090,butter,19
78,4,0,5,3.8,1,1,1,-0.007024,0.006165,0.007025,-0.00086,2,,trace_butter_s19_w0_10_s20d_clean_seed0_job330090,butter,19
114,5,0,41,3.3,1,1,1,-0.001029,0.01593,0.013754,0.002176,36,,trace_butter_s19_w0_10_s20d_clean_seed0_job330090,butter,19
121,6,0,48,3.3,1,1,1,-0.000602,0.015154,0.011,0.004154,7,,trace_butter_s19_w0_10_s20d_clean_seed0_job330090,butter,19
130,7,0,57,3.3,1,1,1,-0.000284,0.014308,0.015267,-0.000959,9,,trace_butter_s19_w0_10_s20d_clean_seed0_job330090,butter,19
133,8,0,60,3.3,1,1,1,-0.000137,0.013508,0.014658,-0.00115,3,,trace_butter_s19_w0_10_s20d_clean_seed0_job330090,butter,19
145,9,0,72,3.3,1,1,1,7.2e-05,0.027284,0.033488,-0.006204,12,,trace_butter_s19_w0_10_s20d_clean_seed0_job330090,butter,19
149,10,0,76,3.3,1,1,1,-6.9e-05,0.011872,0.010431,0.001441,4,,trace_butter_s19_w0_10_s20d_clean_seed0_job330090,butter,19
156,11,0,83,3.3,1,1,1,-5.4e-05,0.022524,0.02431,-0.001786,7,,trace_butter_s19_w0_10_s20d_clean_seed0_job330090,butter,19
185,12,0,112,3.3,1,1,1,0.00017,0.018247,0.021713,-0.003466,29,,trace_butter_s19_w0_10_s20d_clean_seed0_job330090,butter,19
194,13,0,121,3.8,1,1,1,5.8e-05,0.006825,0.00815,-0.001325,9,,trace_butter_s19_w0_10_s20d_clean_seed0_job330090,butter,19
203,14,0,130,3.3,1,1,1,3.7e-05,0.006696,0.006399,0.000297,9,,trace_butter_s19_w0_10_s20d_clean_seed0_job330090,butter,19
206,15,0,133,3.3,1,1,1,6e-05,0.007879,0.007773,0.000106,3,,trace_butter_s19_w0_10_s20d_clean_seed0_job330090,butter,19
208,16,0,135,3.3,1,1,1,5.8e-05,0.00544,0.004972,0.000468,2,,trace_butter_s19_w0_10_s20d_clean_seed0_job330090,butter,19
212,17,0,139,3.3,1,1,1,3.4e-05,0.010043,0.00787,0.002173,4,,trace_butter_s19_w0_10_s20d_clean_seed0_job330090,butter,19
215,18,0,142,3.8,1,1,1,2e-05,0.004577,0.005827,-0.00125,3,,trace_butter_s19_w0_10_s20d_clean_seed0_job330090,butter,19
54,0,1,0,3.3,1,1,1,-0.001595,0.034297,0.035671,-0.001374,,,trace_butter_s20_w0_10_s20d_clean_seed0_job330091,butter,20
136,1,0,82,3.8,1,1,1,0.000101,0.008547,0.020074,-0.011527,82,,trace_butter_s20_w0_10_s20d_clean_seed0_job330091,butter,20
139,2,0,85,3.3,1,1,1,6.7e-05,0.003714,0.003207,0.000507,3,,trace_butter_s20_w0_10_s20d_clean_seed0_job330091,butter,20
142,3,0,88,3.3,1,1,1,5.2e-05,0.009504,0.003604,0.0059,3,,trace_butter_s20_w0_10_s20d_clean_seed0_job330091,butter,20
146,4,0,92,3.3,1,1,1,7.8e-05,0.001969,0.001871,9.8e-05,4,,trace_butter_s20_w0_10_s20d_clean_seed0_job330091,butter,20
150,5,0,96,3.3,1,1,1,7.6e-05,0.000924,0.000181,0.000743,4,,trace_butter_s20_w0_10_s20d_clean_seed0_job330091,butter,20
15,0,0,-51,3.3,1,1,1,-4.4e-05,0.008021,0.005611,0.00241,,,trace_butter_s21_w0_10_s20d_clean_seed0_job330092,butter,21
66,1,1,0,3.3,1,1,1,-2e-06,0.034712,0.035173,-0.000461,51,,trace_butter_s21_w0_10_s20d_clean_seed0_job330092,butter,21
68,2,0,2,3.3,1,1,1,-0.003103,0.025129,0.033163,-0.008034,2,,trace_butter_s21_w0_10_s20d_clean_seed0_job330092,butter,21
115,3,0,49,3.8,1,1,1,-0.000318,0.009924,0.012459,-0.002535,47,,trace_butter_s21_w0_10_s20d_clean_seed0_job330092,butter,21
48,0,0,-55,3.3,1,1,1,-5.5e-05,0.032863,0.032806,5.7e-05,,,trace_butter_s22_w0_10_s20d_clean_seed0_job330093,butter,22
103,1,1,0,3.3,1,1,1,1.3e-05,0.037153,0.03769,-0.000537,55,,trace_butter_s22_w0_10_s20d_clean_seed0_job330093,butter,22
183,2,0,80,3.8,1,1,1,-9.6e-05,0.007122,0.017182,-0.01006,80,,trace_butter_s22_w0_10_s20d_clean_seed0_job330093,butter,22
190,3,0,87,3.3,1,1,1,-0.000134,0.005279,0.003861,0.001418,7,,trace_butter_s22_w0_10_s20d_clean_seed0_job330093,butter,22
53,0,1,0,3.3,1,1,1,-0.010183,0.016893,0.018623,-0.00173,,,trace_butter_s23_w0_10_s20d_clean_seed0_job330094,butter,23
57,1,0,4,3.3,1,1,1,-0.026334,0.012484,0.013116,-0.000632,4,,trace_butter_s23_w0_10_s20d_clean_seed0_job330094,butter,23
142,2,0,89,3.8,1,1,1,8.7e-05,0.008341,0.019351,-0.01101,85,,trace_butter_s23_w0_10_s20d_clean_seed0_job330094,butter,23
147,3,0,94,3.8,1,1,1,5.6e-05,0.007515,0.009355,-0.00184,5,,trace_butter_s23_w0_10_s20d_clean_seed0_job330094,butter,23
10,0,0,-42,3.3,1,1,1,-2.8e-05,0.009535,0.006705,0.00283,,,trace_butter_s25_w0_10_s20d_clean_seed0_job330096,butter,25
52,1,1,0,3.3,1,1,1,-0.000122,0.037461,0.039749,-0.002288,42,,trace_butter_s25_w0_10_s20d_clean_seed0_job330096,butter,25
130,2,0,78,3.3,1,1,1,-0.000259,0.018763,0.023547,-0.004784,78,,trace_butter_s25_w0_10_s20d_clean_seed0_job330096,butter,25
132,3,0,80,3.8,1,1,1,-0.000192,0.005506,0.011117,-0.005611,2,,trace_butter_s25_w0_10_s20d_clean_seed0_job330096,butter,25
137,4,0,85,3.3,1,1,1,-0.00017,0.005786,0.004555,0.001231,5,,trace_butter_s25_w0_10_s20d_clean_seed0_job330096,butter,25
143,5,0,91,3.3,1,1,1,-0.000194,0.004041,0.002514,0.001527,6,,trace_butter_s25_w0_10_s20d_clean_seed0_job330096,butter,25
46,0,0,-152,3.3,1,1,1,-9.2e-05,0.039689,0.03918,0.000509,,,trace_butter_s27_w0_10_s20d_clean_seed0_job330098,butter,27
69,1,0,-129,3.3,1,1,1,-0.000125,0.016537,0.024946,-0.008409,23,,trace_butter_s27_w0_10_s20d_clean_seed0_job330098,butter,27
98,2,0,-100,3.3,1,1,1,-0.000208,0.007669,0.007123,0.000546,29,,trace_butter_s27_w0_10_s20d_clean_seed0_job330098,butter,27
106,3,0,-92,3.3,1,1,1,3.7e-05,0.013943,0.008164,0.005779,8,,trace_butter_s27_w0_10_s20d_clean_seed0_job330098,butter,27
110,4,0,-88,3.8,1,1,1,-0.000159,0.008368,0.015959,-0.007591,4,,trace_butter_s27_w0_10_s20d_clean_seed0_job330098,butter,27
114,5,0,-84,3.3,1,1,1,-0.000208,0.010893,0.006628,0.004265,4,,trace_butter_s27_w0_10_s20d_clean_seed0_job330098,butter,27
152,6,0,-46,3.3,1,1,1,-6e-05,0.030305,0.031219,-0.000914,38,,trace_butter_s27_w0_10_s20d_clean_seed0_job330098,butter,27
176,7,0,-22,3.3,1,1,1,-0.000171,0.029741,0.036546,-0.006805,24,,trace_butter_s27_w0_10_s20d_clean_seed0_job330098,butter,27
181,8,0,-17,3.3,1,1,1,-0.000286,0.020977,0.011141,0.009836,5,,trace_butter_s27_w0_10_s20d_clean_seed0_job330098,butter,27
183,9,0,-15,3.8,1,1,1,-0.000221,0.009757,0.017936,-0.008179,2,,trace_butter_s27_w0_10_s20d_clean_seed0_job330098,butter,27
198,10,1,0,3.3,1,1,1,-0.001726,0.024304,0.029001,-0.004697,15,,trace_butter_s27_w0_10_s20d_clean_seed0_job330098,butter,27
200,11,0,2,3.8,1,1,1,-0.002443,0.006748,0.014754,-0.008006,2,,trace_butter_s27_w0_10_s20d_clean_seed0_job330098,butter,27
221,12,0,23,3.8,1,1,1,-0.000208,0.006607,0.01921,-0.012603,21,,trace_butter_s27_w0_10_s20d_clean_seed0_job330098,butter,27
241,13,0,43,3.3,1,1,1,-0.00023,0.021545,0.03012,-0.008575,20,,trace_butter_s27_w0_10_s20d_clean_seed0_job330098,butter,27
247,14,0,49,3.3,1,1,1,-0.000121,0.016327,0.025355,-0.009028,6,,trace_butter_s27_w0_10_s20d_clean_seed0_job330098,butter,27
249,15,0,51,3.3,1,1,1,-0.000135,0.012106,0.012196,-9e-05,2,,trace_butter_s27_w0_10_s20d_clean_seed0_job330098,butter,27
252,16,0,54,3.8,1,1,1,-0.000211,0.007435,0.009925,-0.00249,3,,trace_butter_s27_w0_10_s20d_clean_seed0_job330098,butter,27
255,17,0,57,3.3,1,1,1,-0.000191,0.016913,0.016567,0.000346,3,,trace_butter_s27_w0_10_s20d_clean_seed0_job330098,butter,27
260,18,0,62,3.3,1,1,1,-0.000269,0.015124,0.00908,0.006044,5,,trace_butter_s27_w0_10_s20d_clean_seed0_job330098,butter,27
267,19,0,69,3.8,1,1,1,-0.000165,0.009669,0.015263,-0.005594,7,,trace_butter_s27_w0_10_s20d_clean_seed0_job330098,butter,27
270,20,0,72,3.3,1,1,1,-0.000172,0.012992,0.008951,0.004041,3,,trace_butter_s27_w0_10_s20d_clean_seed0_job330098,butter,27
273,21,0,75,3.3,1,1,1,-0.000133,0.016159,0.014679,0.00148,3,,trace_butter_s27_w0_10_s20d_clean_seed0_job330098,butter,27
277,22,0,79,3.3,1,1,1,-0.000166,0.017152,0.014327,0.002825,4,,trace_butter_s27_w0_10_s20d_clean_seed0_job330098,butter,27
65,0,1,0,3.3,1,1,1,-0.000134,0.037721,0.038176,-0.000455,,,trace_butter_s28_w0_10_s20d_clean_seed0_job330099,butter,28
162,1,0,97,3.8,1,1,1,-0.000107,0.002576,0.004499,-0.001923,97,,trace_butter_s28_w0_10_s20d_clean_seed0_job330099,butter,28
65,0,1,0,3.3,1,1,1,-0.000451,0.032351,0.034573,-0.002222,,,trace_butter_s31_w0_10_s20d_clean_seed0_job330102,butter,31
150,1,0,85,3.3,1,1,1,-8.5e-05,0.010099,0.00502,0.005079,85,,trace_butter_s31_w0_10_s20d_clean_seed0_job330102,butter,31
45,0,1,0,3.3,1,1,1,-0.004534,0.024016,0.029777,-0.005761,,,trace_butter_s33_w0_10_s20d_clean_seed0_job330104,butter,33
123,1,0,78,3.8,1,1,1,8e-06,0.005402,0.006915,-0.001513,78,,trace_butter_s33_w0_10_s20d_clean_seed0_job330104,butter,33
126,2,0,81,3.8,1,1,1,0.0,0.001431,0.002369,-0.000938,3,,trace_butter_s33_w0_10_s20d_clean_seed0_job330104,butter,33
135,3,0,90,3.3,1,1,1,4e-06,0.004297,0.003652,0.000645,9,,trace_butter_s33_w0_10_s20d_clean_seed0_job330104,butter,33
137,4,0,92,3.8,1,1,1,5e-06,0.004456,0.004708,-0.000252,2,,trace_butter_s33_w0_10_s20d_clean_seed0_job330104,butter,33
53,0,1,0,3.3,1,1,1,-7.3e-05,0.030217,0.029216,0.001001,,,trace_butter_s34_w0_10_s20d_clean_seed0_job330105,butter,34
55,1,0,2,3.3,1,1,1,-0.002646,0.031162,0.032297,-0.001135,2,,trace_butter_s34_w0_10_s20d_clean_seed0_job330105,butter,34
140,2,0,87,3.8,1,1,1,0.000112,0.004753,0.009326,-0.004573,85,,trace_butter_s34_w0_10_s20d_clean_seed0_job330105,butter,34
143,3,0,90,3.3,1,1,1,9.2e-05,0.011679,0.004298,0.007381,3,,trace_butter_s34_w0_10_s20d_clean_seed0_job330105,butter,34
149,4,0,96,3.8,1,1,1,0.000102,0.003077,0.008801,-0.005724,6,,trace_butter_s34_w0_10_s20d_clean_seed0_job330105,butter,34
151,5,0,98,3.3,1,1,1,8.2e-05,0.004894,0.003539,0.001355,2,,trace_butter_s34_w0_10_s20d_clean_seed0_job330105,butter,34
155,6,0,102,3.8,1,1,1,5.3e-05,0.004717,0.005094,-0.000377,4,,trace_butter_s34_w0_10_s20d_clean_seed0_job330105,butter,34
61,0,1,0,3.3,1,1,1,-9.4e-05,0.035822,0.035336,0.000486,,,trace_butter_s35_w0_10_s20d_clean_seed0_job330106,butter,35
147,1,0,86,3.3,1,1,1,-0.00022,0.010256,0.019927,-0.009671,86,,trace_butter_s35_w0_10_s20d_clean_seed0_job330106,butter,35
152,2,0,91,3.8,1,1,1,-0.00014,0.003773,0.008431,-0.004658,5,,trace_butter_s35_w0_10_s20d_clean_seed0_job330106,butter,35
156,3,0,95,3.8,1,1,1,-0.000109,0.004269,0.006945,-0.002676,4,,trace_butter_s35_w0_10_s20d_clean_seed0_job330106,butter,35
161,4,0,100,3.3,1,1,1,-0.000103,0.002658,0.002593,6.5e-05,5,,trace_butter_s35_w0_10_s20d_clean_seed0_job330106,butter,35
56,0,1,0,3.3,1,1,1,-0.000167,0.041309,0.040977,0.000332,,,trace_butter_s36_w0_10_s20d_clean_seed0_job330107,butter,36
122,1,0,66,3.8,1,1,1,-0.000161,0.007663,0.008911,-0.001248,66,,trace_butter_s36_w0_10_s20d_clean_seed0_job330107,butter,36
126,2,0,70,3.3,1,1,1,-0.000158,0.00897,0.008013,0.000957,4,,trace_butter_s36_w0_10_s20d_clean_seed0_job330107,butter,36
149,3,0,93,3.3,1,1,1,-7.3e-05,0.031813,0.033452,-0.001639,23,,trace_butter_s36_w0_10_s20d_clean_seed0_job330107,butter,36
172,4,0,116,3.3,1,1,1,-0.000107,0.027559,0.036635,-0.009076,23,,trace_butter_s36_w0_10_s20d_clean_seed0_job330107,butter,36
180,5,0,124,3.3,1,1,1,-0.000131,0.028425,0.038174,-0.009749,8,,trace_butter_s36_w0_10_s20d_clean_seed0_job330107,butter,36
185,6,0,129,3.8,1,1,1,-7.9e-05,0.009363,0.016917,-0.007554,5,,trace_butter_s36_w0_10_s20d_clean_seed0_job330107,butter,36
187,7,0,131,3.3,1,1,1,-7.6e-05,0.011838,0.009836,0.002002,2,,trace_butter_s36_w0_10_s20d_clean_seed0_job330107,butter,36
192,8,0,136,3.3,1,1,1,-9.1e-05,0.018366,0.022102,-0.003736,5,,trace_butter_s36_w0_10_s20d_clean_seed0_job330107,butter,36
195,9,0,139,3.3,1,1,1,-9.8e-05,0.0102,0.010924,-0.000724,3,,trace_butter_s36_w0_10_s20d_clean_seed0_job330107,butter,36
6,0,0,-58,3.3,1,1,1,-2.3e-05,0.003771,0.003512,0.000259,,,trace_butter_s37_w0_10_s20d_clean_seed0_job330108,butter,37
64,1,1,0,3.8,1,1,1,-0.010028,0.009088,0.015334,-0.006246,58,,trace_butter_s37_w0_10_s20d_clean_seed0_job330108,butter,37
152,2,0,88,3.3,1,1,1,2.6e-05,0.011008,0.0208,-0.009792,88,,trace_butter_s37_w0_10_s20d_clean_seed0_job330108,butter,37
157,3,0,93,3.3,1,1,1,7.4e-05,0.016125,0.021309,-0.005184,5,,trace_butter_s37_w0_10_s20d_clean_seed0_job330108,butter,37
163,4,0,99,3.8,1,1,1,0.000115,0.007865,0.010219,-0.002354,6,,trace_butter_s37_w0_10_s20d_clean_seed0_job330108,butter,37
170,5,0,106,3.3,1,1,1,5.7e-05,0.013441,0.011453,0.001988,7,,trace_butter_s37_w0_10_s20d_clean_seed0_job330108,butter,37
68,0,1,0,3.3,1,1,1,-0.00485,0.025759,0.034516,-0.008757,,,trace_butter_s39_w0_10_s20d_clean_seed0_job330110,butter,39
146,1,0,78,3.3,1,1,1,0.000241,0.017394,0.021589,-0.004195,78,,trace_butter_s39_w0_10_s20d_clean_seed0_job330110,butter,39
148,2,0,80,3.8,1,1,1,0.000198,0.003974,0.011081,-0.007107,2,,trace_butter_s39_w0_10_s20d_clean_seed0_job330110,butter,39
150,3,0,82,3.3,1,1,1,0.000161,0.005289,0.003482,0.001807,2,,trace_butter_s39_w0_10_s20d_clean_seed0_job330110,butter,39
153,4,0,85,3.3,1,1,1,0.000102,0.005139,0.004679,0.00046,3,,trace_butter_s39_w0_10_s20d_clean_seed0_job330110,butter,39
50,0,1,0,3.3,1,1,1,-5e-05,0.036129,0.036107,2.2e-05,,,trace_butter_s40_w0_10_s20d_clean_seed0_job330111,butter,40
124,1,0,74,3.3,1,1,1,3.2e-05,0.01263,0.017656,-0.005026,74,,trace_butter_s40_w0_10_s20d_clean_seed0_job330111,butter,40
127,2,0,77,3.8,1,1,1,-5e-05,0.008708,0.008852,-0.000144,3,,trace_butter_s40_w0_10_s20d_clean_seed0_job330111,butter,40
134,3,0,84,3.3,1,1,1,-0.000122,0.005241,0.004985,0.000256,7,,trace_butter_s40_w0_10_s20d_clean_seed0_job330111,butter,40
137,4,0,87,3.3,1,1,1,-0.000187,0.005,0.004517,0.000483,3,,trace_butter_s40_w0_10_s20d_clean_seed0_job330111,butter,40
142,5,0,92,3.3,1,1,1,-0.00017,0.002488,0.002484,4e-06,5,,trace_butter_s40_w0_10_s20d_clean_seed0_job330111,butter,40
63,0,1,0,3.3,1,1,1,-0.001809,0.022871,0.027072,-0.004201,,,trace_butter_s41_w0_10_s20d_clean_seed0_job330112,butter,41
139,1,0,76,3.3,1,1,1,-0.000102,0.007029,0.003568,0.003461,76,,trace_butter_s41_w0_10_s20d_clean_seed0_job330112,butter,41
9,0,0,-113,3.3,1,1,1,-7.7e-05,0.011614,0.009459,0.002155,,,trace_butter_s42_w0_10_s20d_clean_seed0_job330113,butter,42
49,1,0,-73,3.3,1,1,1,-4e-06,0.026719,0.028534,-0.001815,40,,trace_butter_s42_w0_10_s20d_clean_seed0_job330113,butter,42
54,2,0,-68,3.3,1,1,1,-0.000237,0.013813,0.017566,-0.003753,5,,trace_butter_s42_w0_10_s20d_clean_seed0_job330113,butter,42
56,3,0,-66,3.8,1,1,1,-0.001781,0.006407,0.008889,-0.002482,2,,trace_butter_s42_w0_10_s20d_clean_seed0_job330113,butter,42
60,4,0,-62,3.3,1,1,1,-0.004961,0.009448,0.008312,0.001136,4,,trace_butter_s42_w0_10_s20d_clean_seed0_job330113,butter,42
90,5,0,-32,3.8,1,1,1,-0.000197,0.008399,0.015813,-0.007414,30,,trace_butter_s42_w0_10_s20d_clean_seed0_job330113,butter,42
96,6,0,-26,3.3,1,1,1,-0.00015,0.010688,0.013365,-0.002677,6,,trace_butter_s42_w0_10_s20d_clean_seed0_job330113,butter,42
100,7,0,-22,3.3,1,1,1,-0.000174,0.013907,0.01357,0.000337,4,,trace_butter_s42_w0_10_s20d_clean_seed0_job330113,butter,42
122,8,1,0,3.3,1,1,1,-0.000113,0.034067,0.03185,0.002217,22,,trace_butter_s42_w0_10_s20d_clean_seed0_job330113,butter,42
205,9,0,83,3.3,1,1,1,-0.000362,0.016728,0.02398,-0.007252,83,,trace_butter_s42_w0_10_s20d_clean_seed0_job330113,butter,42
211,10,0,89,3.8,1,1,1,-0.000207,0.004277,0.006314,-0.002037,6,,trace_butter_s42_w0_10_s20d_clean_seed0_job330113,butter,42
215,11,0,93,3.8,1,1,1,-0.000123,0.002789,0.005577,-0.002788,4,,trace_butter_s42_w0_10_s20d_clean_seed0_job330113,butter,42
8,0,0,-243,3.3,1,1,1,-0.0,0.002501,0.001876,0.000625,,,trace_butter_s43_w0_10_s20d_clean_seed0_job330114,butter,43
11,1,0,-240,3.3,1,1,1,-5.7e-05,0.010867,0.009896,0.000971,3,,trace_butter_s43_w0_10_s20d_clean_seed0_job330114,butter,43
15,2,0,-236,3.3,1,1,1,-5.4e-05,0.010105,0.012408,-0.002303,4,,trace_butter_s43_w0_10_s20d_clean_seed0_job330114,butter,43
20,3,0,-231,3.3,1,1,1,-0.000326,0.013332,0.01298,0.000352,5,,trace_butter_s43_w0_10_s20d_clean_seed0_job330114,butter,43
23,4,0,-228,3.3,1,1,1,-0.000142,0.01281,0.010265,0.002545,3,,trace_butter_s43_w0_10_s20d_clean_seed0_job330114,butter,43
26,5,0,-225,3.3,1,1,1,-0.000119,0.010023,0.010995,-0.000972,3,,trace_butter_s43_w0_10_s20d_clean_seed0_job330114,butter,43
80,6,0,-171,3.8,1,1,1,-0.02245,0.005635,0.006068,-0.000433,54,,trace_butter_s43_w0_10_s20d_clean_seed0_job330114,butter,43
128,7,0,-123,3.3,1,1,1,9.5e-05,0.004331,0.003168,0.001163,48,,trace_butter_s43_w0_10_s20d_clean_seed0_job330114,butter,43
134,8,0,-117,3.8,1,1,1,6.9e-05,0.00462,0.008386,-0.003766,6,,trace_butter_s43_w0_10_s20d_clean_seed0_job330114,butter,43
136,9,0,-115,3.3,1,1,1,2.1e-05,0.005897,0.004599,0.001298,2,,trace_butter_s43_w0_10_s20d_clean_seed0_job330114,butter,43
141,10,0,-110,3.8,1,1,1,4.7e-05,0.003376,0.005473,-0.002097,5,,trace_butter_s43_w0_10_s20d_clean_seed0_job330114,butter,43
148,11,0,-103,3.3,1,1,1,9.1e-05,0.01828,0.002038,0.016242,7,,trace_butter_s43_w0_10_s20d_clean_seed0_job330114,butter,43
157,12,0,-94,3.8,1,1,1,0.000102,0.004784,0.010294,-0.00551,9,,trace_butter_s43_w0_10_s20d_clean_seed0_job330114,butter,43
162,13,0,-89,3.8,1,1,1,8.2e-05,0.001255,0.002972,-0.001717,5,,trace_butter_s43_w0_10_s20d_clean_seed0_job330114,butter,43
166,14,0,-85,3.8,1,1,1,8.2e-05,0.003531,0.003781,-0.00025,4,,trace_butter_s43_w0_10_s20d_clean_seed0_job330114,butter,43
170,15,0,-81,3.8,1,1,1,9.6e-05,0.001752,0.002445,-0.000693,4,,trace_butter_s43_w0_10_s20d_clean_seed0_job330114,butter,43
174,16,0,-77,3.3,1,1,1,9e-05,0.005207,0.004392,0.000815,4,,trace_butter_s43_w0_10_s20d_clean_seed0_job330114,butter,43
179,17,0,-72,3.8,1,1,1,6.5e-05,0.001708,0.013267,-0.011559,5,,trace_butter_s43_w0_10_s20d_clean_seed0_job330114,butter,43
183,18,0,-68,3.3,1,1,1,6.1e-05,0.003262,0.002217,0.001045,4,,trace_butter_s43_w0_10_s20d_clean_seed0_job330114,butter,43
191,19,0,-60,3.8,1,1,1,5.5e-05,0.006243,0.022785,-0.016542,8,,trace_butter_s43_w0_10_s20d_clean_seed0_job330114,butter,43
197,20,0,-54,3.8,1,1,1,6.7e-05,0.00918,0.026835,-0.017655,6,,trace_butter_s43_w0_10_s20d_clean_seed0_job330114,butter,43
205,21,0,-46,3.3,1,1,1,-9.9e-05,0.01823,0.007243,0.010987,8,,trace_butter_s43_w0_10_s20d_clean_seed0_job330114,butter,43
228,22,0,-23,3.8,1,1,1,-0.010855,0.000452,0.002585,-0.002133,23,,trace_butter_s43_w0_10_s20d_clean_seed0_job330114,butter,43
231,23,0,-20,3.8,1,1,1,-0.006446,0.000858,0.001116,-0.000258,3,,trace_butter_s43_w0_10_s20d_clean_seed0_job330114,butter,43
240,24,0,-11,3.3,1,1,1,-0.007165,0.001135,0.000322,0.000813,9,,trace_butter_s43_w0_10_s20d_clean_seed0_job330114,butter,43
251,25,1,0,3.8,1,1,1,-0.019946,0.002532,0.003913,-0.001381,11,,trace_butter_s43_w0_10_s20d_clean_seed0_job330114,butter,43
257,26,0,6,3.3,1,1,1,-0.016229,0.002245,0.000841,0.001404,6,,trace_butter_s43_w0_10_s20d_clean_seed0_job330114,butter,43
263,27,0,12,3.3,1,1,1,-0.012439,0.002748,0.001679,0.001069,6,,trace_butter_s43_w0_10_s20d_clean_seed0_job330114,butter,43
265,28,0,14,3.8,1,1,1,-0.012084,0.004405,0.004849,-0.000444,2,,trace_butter_s43_w0_10_s20d_clean_seed0_job330114,butter,43
52,0,1,0,3.3,1,1,1,-0.004656,0.016542,0.024604,-0.008062,,,trace_butter_s45_w0_10_s20d_clean_seed0_job330116,butter,45
55,1,0,3,3.8,1,1,1,-0.012824,0.009092,0.011413,-0.002321,3,,trace_butter_s45_w0_10_s20d_clean_seed0_job330116,butter,45
137,2,0,85,3.3,1,1,1,0.000652,0.005194,0.002412,0.002782,82,,trace_butter_s45_w0_10_s20d_clean_seed0_job330116,butter,45
7,0,0,-55,3.3,1,1,1,-2.4e-05,0.004179,0.003542,0.000637,,,trace_butter_s46_w0_10_s20d_clean_seed0_job330117,butter,46
62,1,1,0,3.3,1,1,1,-4.4e-05,0.037653,0.037882,-0.000229,55,,trace_butter_s46_w0_10_s20d_clean_seed0_job330117,butter,46
108,2,0,46,3.3,1,1,1,-5.9e-05,0.012915,0.024682,-0.011767,46,,trace_butter_s46_w0_10_s20d_clean_seed0_job330117,butter,46
139,3,0,77,3.3,1,1,1,8.7e-05,0.01567,0.022779,-0.007109,31,,trace_butter_s46_w0_10_s20d_clean_seed0_job330117,butter,46
9,0,0,-60,3.8,1,1,1,-3e-06,0.003059,0.003744,-0.000685,,,trace_butter_s48_w0_10_s20d_clean_seed0_job330119,butter,48
15,1,0,-54,3.3,1,1,1,-2.7e-05,0.011456,0.00679,0.004666,6,,trace_butter_s48_w0_10_s20d_clean_seed0_job330119,butter,48
21,2,0,-48,3.3,1,1,1,-0.000146,0.019329,0.015563,0.003766,6,,trace_butter_s48_w0_10_s20d_clean_seed0_job330119,butter,48
69,3,1,0,3.3,1,1,1,-0.026582,0.013557,0.014893,-0.001336,48,,trace_butter_s48_w0_10_s20d_clean_seed0_job330119,butter,48
144,4,0,75,3.8,1,1,1,-7.7e-05,0.004075,0.010603,-0.006528,75,,trace_butter_s48_w0_10_s20d_clean_seed0_job330119,butter,48
62,0,1,0,3.3,1,1,1,-6.2e-05,0.017981,0.01912,-0.001139,,,trace_chocolate_pudding_s10_w0_10_s20d_clean_seed0_job330121,chocolate_pudding,10
152,1,0,90,3.8,1,1,1,-0.002882,0.005421,0.006277,-0.000856,90,,trace_chocolate_pudding_s10_w0_10_s20d_clean_seed0_job330121,chocolate_pudding,10
156,2,0,94,3.8,1,1,1,-0.001742,0.005987,0.007863,-0.001876,4,,trace_chocolate_pudding_s10_w0_10_s20d_clean_seed0_job330121,chocolate_pudding,10
164,3,0,102,3.3,1,1,1,-0.001122,0.007769,0.00658,0.001189,8,,trace_chocolate_pudding_s10_w0_10_s20d_clean_seed0_job330121,chocolate_pudding,10
169,4,0,107,3.3,1,1,1,-0.000656,0.004796,0.00446,0.000336,5,,trace_chocolate_pudding_s10_w0_10_s20d_clean_seed0_job330121,chocolate_pudding,10
171,5,0,109,3.3,1,1,1,-0.000462,0.006849,0.005549,0.0013,2,,trace_chocolate_pudding_s10_w0_10_s20d_clean_seed0_job330121,chocolate_pudding,10
176,6,0,114,3.3,1,1,1,-8e-05,0.011267,0.009772,0.001495,5,,trace_chocolate_pudding_s10_w0_10_s20d_clean_seed0_job330121,chocolate_pudding,10
182,7,0,120,3.3,1,1,1,-2e-06,0.007768,0.002263,0.005505,6,,trace_chocolate_pudding_s10_w0_10_s20d_clean_seed0_job330121,chocolate_pudding,10
184,8,0,122,3.8,1,1,1,3e-06,0.00364,0.00762,-0.00398,2,,trace_chocolate_pudding_s10_w0_10_s20d_clean_seed0_job330121,chocolate_pudding,10
44,0,0,-2,3.3,1,1,1,-3.9e-05,0.027861,0.030561,-0.0027,,,trace_chocolate_pudding_s11_w0_10_s20d_clean_seed0_job330122,chocolate_pudding,11
46,1,1,0,3.3,1,1,1,0.000102,0.014672,0.021714,-0.007042,2,,trace_chocolate_pudding_s11_w0_10_s20d_clean_seed0_job330122,chocolate_pudding,11
62,2,0,16,3.8,1,1,1,0.003895,0.003783,0.007253,-0.00347,16,,trace_chocolate_pudding_s11_w0_10_s20d_clean_seed0_job330122,chocolate_pudding,11
153,3,0,107,3.8,1,1,1,0.002404,0.008148,0.014333,-0.006185,91,,trace_chocolate_pudding_s11_w0_10_s20d_clean_seed0_job330122,chocolate_pudding,11
157,4,0,111,3.8,1,1,1,0.00173,0.00467,0.006962,-0.002292,4,,trace_chocolate_pudding_s11_w0_10_s20d_clean_seed0_job330122,chocolate_pudding,11
163,5,0,117,3.3,1,1,1,0.000857,0.007952,0.006504,0.001448,6,,trace_chocolate_pudding_s11_w0_10_s20d_clean_seed0_job330122,chocolate_pudding,11
166,6,0,120,3.3,1,1,1,0.00045,0.005732,0.003958,0.001774,3,,trace_chocolate_pudding_s11_w0_10_s20d_clean_seed0_job330122,chocolate_pudding,11
170,7,0,124,3.8,1,1,1,0.003572,0.008423,0.011917,-0.003494,4,,trace_chocolate_pudding_s11_w0_10_s20d_clean_seed0_job330122,chocolate_pudding,11
175,8,0,129,3.3,1,1,1,0.002283,0.006649,0.004128,0.002521,5,,trace_chocolate_pudding_s11_w0_10_s20d_clean_seed0_job330122,chocolate_pudding,11
181,9,0,135,3.3,1,1,1,0.001544,0.005102,0.004137,0.000965,6,,trace_chocolate_pudding_s11_w0_10_s20d_clean_seed0_job330122,chocolate_pudding,11
185,10,0,139,3.8,1,1,1,0.000824,0.003566,0.004766,-0.0012,4,,trace_chocolate_pudding_s11_w0_10_s20d_clean_seed0_job330122,chocolate_pudding,11
188,11,0,142,3.3,1,1,1,0.000928,0.004537,0.003645,0.000892,3,,trace_chocolate_pudding_s11_w0_10_s20d_clean_seed0_job330122,chocolate_pudding,11
191,12,0,145,3.3,1,1,1,0.001099,0.003882,0.002969,0.000913,3,,trace_chocolate_pudding_s11_w0_10_s20d_clean_seed0_job330122,chocolate_pudding,11
198,13,0,152,3.3,1,1,1,0.003327,0.00158,0.001311,0.000269,7,,trace_chocolate_pudding_s11_w0_10_s20d_clean_seed0_job330122,chocolate_pudding,11
204,14,0,158,3.3,1,1,1,0.00262,0.00029,0.000232,5.8e-05,6,,trace_chocolate_pudding_s11_w0_10_s20d_clean_seed0_job330122,chocolate_pudding,11
208,15,0,162,3.3,1,1,1,0.0027,0.000346,0.000272,7.4e-05,4,,trace_chocolate_pudding_s11_w0_10_s20d_clean_seed0_job330122,chocolate_pudding,11
212,16,0,166,3.3,1,1,1,0.002316,0.003707,0.001378,0.002329,4,,trace_chocolate_pudding_s11_w0_10_s20d_clean_seed0_job330122,chocolate_pudding,11
216,17,0,170,3.3,1,1,1,0.001872,0.003192,0.002401,0.000791,4,,trace_chocolate_pudding_s11_w0_10_s20d_clean_seed0_job330122,chocolate_pudding,11
223,18,0,177,3.3,1,1,1,0.004826,0.003723,0.001451,0.002272,7,,trace_chocolate_pudding_s11_w0_10_s20d_clean_seed0_job330122,chocolate_pudding,11
266,19,0,220,2.8,1,1,1,0.008381,0.000154,0.000107,4.7e-05,43,,trace_chocolate_pudding_s11_w0_10_s20d_clean_seed0_job330122,chocolate_pudding,11
12,0,0,-87,3.3,1,1,1,-7.3e-05,0.016928,0.014363,0.002565,,,trace_chocolate_pudding_s12_w0_10_s20d_clean_seed0_job330123,chocolate_pudding,12
55,1,0,-44,3.3,1,1,1,-0.000155,0.02319,0.02409,-0.0009,43,,trace_chocolate_pudding_s12_w0_10_s20d_clean_seed0_job330123,chocolate_pudding,12
66,2,0,-33,3.8,1,1,1,-0.000195,0.009825,0.010324,-0.000499,11,,trace_chocolate_pudding_s12_w0_10_s20d_clean_seed0_job330123,chocolate_pudding,12
77,3,0,-22,3.8,1,1,1,-0.000174,0.003165,0.003332,-0.000167,11,,trace_chocolate_pudding_s12_w0_10_s20d_clean_seed0_job330123,chocolate_pudding,12
80,4,0,-19,3.8,1,1,1,-0.002635,0.004131,0.007044,-0.002913,3,,trace_chocolate_pudding_s12_w0_10_s20d_clean_seed0_job330123,chocolate_pudding,12
90,5,0,-9,3.3,1,1,1,-0.013894,0.000286,0.000202,8.4e-05,10,,trace_chocolate_pudding_s12_w0_10_s20d_clean_seed0_job330123,chocolate_pudding,12
92,6,0,-7,3.3,1,1,1,-0.014423,0.000714,0.000578,0.000136,2,,trace_chocolate_pudding_s12_w0_10_s20d_clean_seed0_job330123,chocolate_pudding,12
94,7,0,-5,3.8,1,1,1,-0.014538,0.000428,0.000715,-0.000287,2,,trace_chocolate_pudding_s12_w0_10_s20d_clean_seed0_job330123,chocolate_pudding,12
99,8,1,0,3.3,1,1,1,-0.014808,0.003322,0.002968,0.000354,5,,trace_chocolate_pudding_s12_w0_10_s20d_clean_seed0_job330123,chocolate_pudding,12
104,9,0,5,3.8,1,1,1,-0.026486,0.00437,0.00656,-0.00219,5,,trace_chocolate_pudding_s12_w0_10_s20d_clean_seed0_job330123,chocolate_pudding,12
194,10,0,95,3.8,1,1,1,-0.002951,0.002104,0.006514,-0.00441,90,,trace_chocolate_pudding_s12_w0_10_s20d_clean_seed0_job330123,chocolate_pudding,12
204,11,0,105,3.8,1,1,1,-0.001933,0.008389,0.009986,-0.001597,10,,trace_chocolate_pudding_s12_w0_10_s20d_clean_seed0_job330123,chocolate_pudding,12
209,12,0,110,3.8,1,1,1,0.002177,0.0019,0.00295,-0.00105,5,,trace_chocolate_pudding_s12_w0_10_s20d_clean_seed0_job330123,chocolate_pudding,12
225,13,0,126,3.8,1,1,1,0.001561,0.004525,0.005347,-0.000822,16,,trace_chocolate_pudding_s12_w0_10_s20d_clean_seed0_job330123,chocolate_pudding,12
229,14,0,130,3.8,1,1,1,0.000879,0.000658,0.000956,-0.000298,4,,trace_chocolate_pudding_s12_w0_10_s20d_clean_seed0_job330123,chocolate_pudding,12
231,15,0,132,3.8,1,1,1,0.000625,0.000418,0.000615,-0.000197,2,,trace_chocolate_pudding_s12_w0_10_s20d_clean_seed0_job330123,chocolate_pudding,12
246,16,0,147,3.8,1,1,1,0.000331,8.1e-05,0.000109,-2.8e-05,15,,trace_chocolate_pudding_s12_w0_10_s20d_clean_seed0_job330123,chocolate_pudding,12
249,17,0,150,3.3,1,1,1,0.000331,0.000392,0.000307,8.5e-05,3,,trace_chocolate_pudding_s12_w0_10_s20d_clean_seed0_job330123,chocolate_pudding,12
53,0,1,0,3.3,1,1,1,-6.4e-05,0.027615,0.02666,0.000955,,,trace_chocolate_pudding_s14_w0_10_s20d_clean_seed0_job330125,chocolate_pudding,14
57,1,0,4,3.8,1,1,1,-0.004405,0.002415,0.005918,-0.003503,4,,trace_chocolate_pudding_s14_w0_10_s20d_clean_seed0_job330125,chocolate_pudding,14
52,0,1,0,3.3,1,1,1,-7.7e-05,0.034915,0.036456,-0.001541,,,trace_chocolate_pudding_s15_w0_10_s20d_clean_seed0_job330126,chocolate_pudding,15
130,1,0,78,3.3,1,1,1,0.000347,0.013085,0.020612,-0.007527,78,,trace_chocolate_pudding_s15_w0_10_s20d_clean_seed0_job330126,chocolate_pudding,15
9,0,0,-57,3.3,1,1,1,-0.000241,0.024674,0.022401,0.002273,,,trace_chocolate_pudding_s17_w0_10_s20d_clean_seed0_job330128,chocolate_pudding,17
17,1,0,-49,3.3,1,1,1,-0.000166,0.016173,0.008798,0.007375,8,,trace_chocolate_pudding_s17_w0_10_s20d_clean_seed0_job330128,chocolate_pudding,17
66,2,1,0,3.3,1,1,1,-5e-06,0.028708,0.027915,0.000793,49,,trace_chocolate_pudding_s17_w0_10_s20d_clean_seed0_job330128,chocolate_pudding,17
69,3,0,3,3.3,1,1,1,-0.004209,0.020643,0.027368,-0.006725,3,,trace_chocolate_pudding_s17_w0_10_s20d_clean_seed0_job330128,chocolate_pudding,17
155,4,0,89,3.3,1,1,1,0.000588,0.014429,0.017534,-0.003105,86,,trace_chocolate_pudding_s17_w0_10_s20d_clean_seed0_job330128,chocolate_pudding,17
165,5,0,99,3.8,1,1,1,0.000694,0.007629,0.009709,-0.00208,10,,trace_chocolate_pudding_s17_w0_10_s20d_clean_seed0_job330128,chocolate_pudding,17
168,6,0,102,3.3,1,1,1,0.000627,0.006396,0.005829,0.000567,3,,trace_chocolate_pudding_s17_w0_10_s20d_clean_seed0_job330128,chocolate_pudding,17
44,0,1,0,3.3,1,1,1,-2.4e-05,0.032185,0.033301,-0.001116,,,trace_chocolate_pudding_s18_w0_10_s20d_clean_seed0_job330129,chocolate_pudding,18
48,1,0,4,3.3,1,1,1,-0.011566,0.017642,0.024282,-0.00664,4,,trace_chocolate_pudding_s18_w0_10_s20d_clean_seed0_job330129,chocolate_pudding,18
134,2,0,90,3.8,1,1,1,-0.002027,0.008453,0.01831,-0.009857,86,,trace_chocolate_pudding_s18_w0_10_s20d_clean_seed0_job330129,chocolate_pudding,18
138,3,0,94,3.3,1,1,1,-0.001694,0.003031,0.002505,0.000526,4,,trace_chocolate_pudding_s18_w0_10_s20d_clean_seed0_job330129,chocolate_pudding,18
141,4,0,97,3.8,1,1,1,-0.00113,0.000403,0.000646,-0.000243,3,,trace_chocolate_pudding_s18_w0_10_s20d_clean_seed0_job330129,chocolate_pudding,18
144,5,0,100,3.3,1,1,1,-0.000655,0.000432,0.000221,0.000211,3,,trace_chocolate_pudding_s18_w0_10_s20d_clean_seed0_job330129,chocolate_pudding,18
146,6,0,102,3.3,1,1,1,-0.000398,0.004319,0.00219,0.002129,2,,trace_chocolate_pudding_s18_w0_10_s20d_clean_seed0_job330129,chocolate_pudding,18
156,7,0,112,3.8,1,1,1,-2.2e-05,0.000886,0.002073,-0.001187,10,,trace_chocolate_pudding_s18_w0_10_s20d_clean_seed0_job330129,chocolate_pudding,18
161,8,0,117,3.3,1,1,1,3.2e-05,0.003969,0.003629,0.00034,5,,trace_chocolate_pudding_s18_w0_10_s20d_clean_seed0_job330129,chocolate_pudding,18
167,9,0,123,3.3,1,1,1,8.9e-05,0.006906,0.002847,0.004059,6,,trace_chocolate_pudding_s18_w0_10_s20d_clean_seed0_job330129,chocolate_pudding,18
169,10,0,125,3.8,1,1,1,8.8e-05,0.001099,0.003648,-0.002549,2,,trace_chocolate_pudding_s18_w0_10_s20d_clean_seed0_job330129,chocolate_pudding,18
54,0,1,0,3.3,1,1,1,-7.1e-05,0.020707,0.022903,-0.002196,,,trace_chocolate_pudding_s19_w0_10_s20d_clean_seed0_job330130,chocolate_pudding,19
57,1,0,3,3.3,1,1,1,1.9e-05,0.011144,0.01326,-0.002116,3,,trace_chocolate_pudding_s19_w0_10_s20d_clean_seed0_job330130,chocolate_pudding,19
143,2,0,89,3.3,1,1,1,0.007019,0.008506,0.009016,-0.00051,86,,trace_chocolate_pudding_s19_w0_10_s20d_clean_seed0_job330130,chocolate_pudding,19
145,3,0,91,3.3,1,1,1,0.006133,0.002445,0.005235,-0.00279,2,,trace_chocolate_pudding_s19_w0_10_s20d_clean_seed0_job330130,chocolate_pudding,19
149,4,0,95,3.3,1,1,1,0.003231,0.007422,0.00488,0.002542,4,,trace_chocolate_pudding_s19_w0_10_s20d_clean_seed0_job330130,chocolate_pudding,19
152,5,0,98,3.3,1,1,1,0.00216,0.0113,0.006486,0.004814,3,,trace_chocolate_pudding_s19_w0_10_s20d_clean_seed0_job330130,chocolate_pudding,19
156,6,0,102,3.3,1,1,1,0.001734,0.004733,0.003378,0.001355,4,,trace_chocolate_pudding_s19_w0_10_s20d_clean_seed0_job330130,chocolate_pudding,19
159,7,0,105,3.3,1,1,1,0.001178,0.003277,0.00267,0.000607,3,,trace_chocolate_pudding_s19_w0_10_s20d_clean_seed0_job330130,chocolate_pudding,19
163,8,0,109,3.8,1,1,1,0.000273,0.00235,0.005705,-0.003355,4,,trace_chocolate_pudding_s19_w0_10_s20d_clean_seed0_job330130,chocolate_pudding,19
165,9,0,111,3.3,1,1,1,0.000143,0.004563,0.004163,0.0004,2,,trace_chocolate_pudding_s19_w0_10_s20d_clean_seed0_job330130,chocolate_pudding,19
169,10,0,115,3.8,1,1,1,0.000283,0.003084,0.006382,-0.003298,4,,trace_chocolate_pudding_s19_w0_10_s20d_clean_seed0_job330130,chocolate_pudding,19
171,11,0,117,3.3,1,1,1,0.000269,0.006367,0.004659,0.001708,2,,trace_chocolate_pudding_s19_w0_10_s20d_clean_seed0_job330130,chocolate_pudding,19
176,12,0,122,3.3,1,1,1,6.8e-05,0.013571,0.011407,0.002164,5,,trace_chocolate_pudding_s19_w0_10_s20d_clean_seed0_job330130,chocolate_pudding,19
181,13,0,127,3.8,1,1,1,6e-06,0.003426,0.006394,-0.002968,5,,trace_chocolate_pudding_s19_w0_10_s20d_clean_seed0_job330130,chocolate_pudding,19
187,14,0,133,3.3,1,1,1,-0.0,0.008488,0.003003,0.005485,6,,trace_chocolate_pudding_s19_w0_10_s20d_clean_seed0_job330130,chocolate_pudding,19
189,15,0,135,3.8,1,1,1,-2.8e-05,0.004123,0.006985,-0.002862,2,,trace_chocolate_pudding_s19_w0_10_s20d_clean_seed0_job330130,chocolate_pudding,19
49,0,1,0,3.3,1,1,1,-1.4e-05,0.032854,0.034468,-0.001614,,,trace_chocolate_pudding_s20_w0_10_s20d_clean_seed0_job330131,chocolate_pudding,20
53,1,0,4,3.3,1,1,1,0.000122,0.027078,0.025576,0.001502,4,,trace_chocolate_pudding_s20_w0_10_s20d_clean_seed0_job330131,chocolate_pudding,20
144,2,0,95,3.8,1,1,1,7.4e-05,0.008009,0.010853,-0.002844,91,,trace_chocolate_pudding_s20_w0_10_s20d_clean_seed0_job330131,chocolate_pudding,20
146,3,0,97,3.8,1,1,1,9.1e-05,0.002172,0.004984,-0.002812,2,,trace_chocolate_pudding_s20_w0_10_s20d_clean_seed0_job330131,chocolate_pudding,20
156,4,0,107,3.8,1,1,1,0.000165,0.003225,0.00479,-0.001565,10,,trace_chocolate_pudding_s20_w0_10_s20d_clean_seed0_job330131,chocolate_pudding,20
161,5,0,112,3.3,1,1,1,0.000195,0.002729,0.00124,0.001489,5,,trace_chocolate_pudding_s20_w0_10_s20d_clean_seed0_job330131,chocolate_pudding,20
164,6,0,115,3.3,1,1,1,0.000179,0.010487,0.008433,0.002054,3,,trace_chocolate_pudding_s20_w0_10_s20d_clean_seed0_job330131,chocolate_pudding,20
169,7,0,120,3.3,1,1,1,0.000156,0.007904,0.002464,0.00544,5,,trace_chocolate_pudding_s20_w0_10_s20d_clean_seed0_job330131,chocolate_pudding,20
175,8,0,126,3.3,1,1,1,0.000154,0.008404,0.003354,0.00505,6,,trace_chocolate_pudding_s20_w0_10_s20d_clean_seed0_job330131,chocolate_pudding,20
179,9,0,130,3.8,1,1,1,0.000147,0.002378,0.006723,-0.004345,4,,trace_chocolate_pudding_s20_w0_10_s20d_clean_seed0_job330131,chocolate_pudding,20
182,10,0,133,3.3,1,1,1,0.000146,0.004304,0.004283,2.1e-05,3,,trace_chocolate_pudding_s20_w0_10_s20d_clean_seed0_job330131,chocolate_pudding,20
54,0,0,-36,3.3,1,1,1,-9.2e-05,0.02751,0.031321,-0.003811,,,trace_chocolate_pudding_s22_w0_10_s20d_clean_seed0_job330133,chocolate_pudding,22
59,1,0,-31,3.8,1,1,1,0.00019,0.00705,0.01172,-0.00467,5,,trace_chocolate_pudding_s22_w0_10_s20d_clean_seed0_job330133,chocolate_pudding,22
64,2,0,-26,3.8,1,1,1,0.000969,0.005548,0.006116,-0.000568,5,,trace_chocolate_pudding_s22_w0_10_s20d_clean_seed0_job330133,chocolate_pudding,22
84,3,0,-6,3.3,1,1,1,-0.001139,0.001675,0.001648,2.7e-05,20,,trace_chocolate_pudding_s22_w0_10_s20d_clean_seed0_job330133,chocolate_pudding,22
90,4,1,0,3.3,1,1,1,-0.006491,0.001041,0.000851,0.00019,6,,trace_chocolate_pudding_s22_w0_10_s20d_clean_seed0_job330133,chocolate_pudding,22
94,5,0,4,3.3,1,1,1,-0.011926,0.004391,0.004259,0.000132,4,,trace_chocolate_pudding_s22_w0_10_s20d_clean_seed0_job330133,chocolate_pudding,22
200,6,0,110,3.8,1,1,1,-0.005474,0.006526,0.017598,-0.011072,106,,trace_chocolate_pudding_s22_w0_10_s20d_clean_seed0_job330133,chocolate_pudding,22
204,7,0,114,3.8,1,1,1,-0.00286,0.005082,0.008974,-0.003892,4,,trace_chocolate_pudding_s22_w0_10_s20d_clean_seed0_job330133,chocolate_pudding,22
207,8,0,117,3.3,1,1,1,-0.002266,0.008924,0.005323,0.003601,3,,trace_chocolate_pudding_s22_w0_10_s20d_clean_seed0_job330133,chocolate_pudding,22
211,9,0,121,3.3,1,1,1,-0.002119,0.004845,0.004193,0.000652,4,,trace_chocolate_pudding_s22_w0_10_s20d_clean_seed0_job330133,chocolate_pudding,22
215,10,0,125,3.8,1,1,1,-0.001788,0.004679,0.006079,-0.0014,4,,trace_chocolate_pudding_s22_w0_10_s20d_clean_seed0_job330133,chocolate_pudding,22
223,11,0,133,3.3,1,1,1,-0.000431,0.013167,0.011871,0.001296,8,,trace_chocolate_pudding_s22_w0_10_s20d_clean_seed0_job330133,chocolate_pudding,22
47,0,1,0,3.3,1,1,1,-5.9e-05,0.032037,0.033413,-0.001376,,,trace_chocolate_pudding_s23_w0_10_s20d_clean_seed0_job330134,chocolate_pudding,23
140,1,0,93,3.3,1,1,1,-0.000731,0.000699,0.000176,0.000523,93,,trace_chocolate_pudding_s23_w0_10_s20d_clean_seed0_job330134,chocolate_pudding,23
59,0,1,0,3.3,1,1,1,-8.1e-05,0.01828,0.018634,-0.000354,,,trace_chocolate_pudding_s24_w0_10_s20d_clean_seed0_job330135,chocolate_pudding,24
152,1,0,93,3.3,1,1,1,-0.001269,0.005616,0.003162,0.002454,93,,trace_chocolate_pudding_s24_w0_10_s20d_clean_seed0_job330135,chocolate_pudding,24
158,2,0,99,3.8,1,1,1,-0.000613,0.003066,0.003505,-0.000439,6,,trace_chocolate_pudding_s24_w0_10_s20d_clean_seed0_job330135,chocolate_pudding,24
162,3,0,103,3.3,1,1,1,-0.000244,0.005903,0.003145,0.002758,4,,trace_chocolate_pudding_s24_w0_10_s20d_clean_seed0_job330135,chocolate_pudding,24
168,4,0,109,3.8,1,1,1,-5e-05,0.00463,0.006917,-0.002287,6,,trace_chocolate_pudding_s24_w0_10_s20d_clean_seed0_job330135,chocolate_pudding,24
172,5,0,113,3.3,1,1,1,-3.1e-05,0.008424,0.00692,0.001504,4,,trace_chocolate_pudding_s24_w0_10_s20d_clean_seed0_job330135,chocolate_pudding,24
177,6,0,118,3.8,1,1,1,-3.4e-05,0.005428,0.005509,-8.1e-05,5,,trace_chocolate_pudding_s24_w0_10_s20d_clean_seed0_job330135,chocolate_pudding,24
55,0,1,0,3.3,1,1,1,-9e-05,0.026121,0.026548,-0.000427,,,trace_chocolate_pudding_s25_w0_10_s20d_clean_seed0_job330136,chocolate_pudding,25
142,1,0,87,3.3,1,1,1,-0.000571,0.010012,0.01568,-0.005668,87,,trace_chocolate_pudding_s25_w0_10_s20d_clean_seed0_job330136,chocolate_pudding,25
149,2,0,94,3.3,1,1,1,-0.000244,0.005432,0.00483,0.000602,7,,trace_chocolate_pudding_s25_w0_10_s20d_clean_seed0_job330136,chocolate_pudding,25
154,3,0,99,3.3,1,1,1,-6e-06,0.005947,0.003965,0.001982,5,,trace_chocolate_pudding_s25_w0_10_s20d_clean_seed0_job330136,chocolate_pudding,25
156,4,0,101,3.8,1,1,1,-4e-06,0.006216,0.008434,-0.002218,2,,trace_chocolate_pudding_s25_w0_10_s20d_clean_seed0_job330136,chocolate_pudding,25
162,5,0,107,3.8,1,1,1,2e-05,0.002121,0.007191,-0.00507,6,,trace_chocolate_pudding_s25_w0_10_s20d_clean_seed0_job330136,chocolate_pudding,25
165,6,0,110,3.8,1,1,1,2.2e-05,0.001076,0.003267,-0.002191,3,,trace_chocolate_pudding_s25_w0_10_s20d_clean_seed0_job330136,chocolate_pudding,25
56,0,1,0,3.3,1,1,1,-7.7e-05,0.019434,0.021124,-0.00169,,,trace_chocolate_pudding_s26_w0_10_s20d_clean_seed0_job330137,chocolate_pudding,26
59,1,0,3,3.3,1,1,1,4.2e-05,0.01157,0.014104,-0.002534,3,,trace_chocolate_pudding_s26_w0_10_s20d_clean_seed0_job330137,chocolate_pudding,26
133,2,0,77,3.3,1,1,1,0.000385,0.01642,0.021991,-0.005571,74,,trace_chocolate_pudding_s26_w0_10_s20d_clean_seed0_job330137,chocolate_pudding,26
135,3,0,79,3.8,1,1,1,0.000369,0.005683,0.010617,-0.004934,2,,trace_chocolate_pudding_s26_w0_10_s20d_clean_seed0_job330137,chocolate_pudding,26
137,4,0,81,3.3,1,1,1,0.000354,0.005147,0.004925,0.000222,2,,trace_chocolate_pudding_s26_w0_10_s20d_clean_seed0_job330137,chocolate_pudding,26
144,5,0,88,3.8,1,1,1,0.000271,0.001806,0.004643,-0.002837,7,,trace_chocolate_pudding_s26_w0_10_s20d_clean_seed0_job330137,chocolate_pudding,26
147,6,0,91,3.8,1,1,1,0.000176,0.000984,0.001531,-0.000547,3,,trace_chocolate_pudding_s26_w0_10_s20d_clean_seed0_job330137,chocolate_pudding,26
150,7,0,94,3.8,1,1,1,0.000171,0.000144,0.000854,-0.00071,3,,trace_chocolate_pudding_s26_w0_10_s20d_clean_seed0_job330137,chocolate_pudding,26
152,8,0,96,3.3,1,1,1,0.000167,0.001959,0.000565,0.001394,2,,trace_chocolate_pudding_s26_w0_10_s20d_clean_seed0_job330137,chocolate_pudding,26
157,9,0,101,3.8,1,1,1,0.000168,0.002649,0.003461,-0.000812,5,,trace_chocolate_pudding_s26_w0_10_s20d_clean_seed0_job330137,chocolate_pudding,26
160,10,0,104,3.8,1,1,1,0.000164,0.00119,0.001539,-0.000349,3,,trace_chocolate_pudding_s26_w0_10_s20d_clean_seed0_job330137,chocolate_pudding,26
163,11,0,107,3.3,1,1,1,0.000162,0.000836,0.000199,0.000637,3,,trace_chocolate_pudding_s26_w0_10_s20d_clean_seed0_job330137,chocolate_pudding,26
170,12,0,114,3.8,1,1,1,0.000143,0.001622,0.003536,-0.001914,7,,trace_chocolate_pudding_s26_w0_10_s20d_clean_seed0_job330137,chocolate_pudding,26
177,13,0,121,3.3,1,1,1,8.4e-05,0.007754,0.001409,0.006345,7,,trace_chocolate_pudding_s26_w0_10_s20d_clean_seed0_job330137,chocolate_pudding,26
182,14,0,126,3.8,1,1,1,6.3e-05,0.001434,0.005695,-0.004261,5,,trace_chocolate_pudding_s26_w0_10_s20d_clean_seed0_job330137,chocolate_pudding,26
184,15,0,128,3.3,1,1,1,6.6e-05,0.002914,0.001527,0.001387,2,,trace_chocolate_pudding_s26_w0_10_s20d_clean_seed0_job330137,chocolate_pudding,26
190,16,0,134,3.8,1,1,1,6.4e-05,0.001233,0.005716,-0.004483,6,,trace_chocolate_pudding_s26_w0_10_s20d_clean_seed0_job330137,chocolate_pudding,26
192,17,0,136,3.3,1,1,1,5.9e-05,0.004302,0.002908,0.001394,2,,trace_chocolate_pudding_s26_w0_10_s20d_clean_seed0_job330137,chocolate_pudding,26
199,18,0,143,3.8,1,1,1,7.5e-05,0.005012,0.007078,-0.002066,7,,trace_chocolate_pudding_s26_w0_10_s20d_clean_seed0_job330137,chocolate_pudding,26
14,0,0,-48,3.8,1,1,1,2.7e-05,0.006889,0.010416,-0.003527,,,trace_chocolate_pudding_s27_w0_10_s20d_clean_seed0_job330138,chocolate_pudding,27
62,1,1,0,3.3,1,1,1,-2.7e-05,0.032798,0.033849,-0.001051,48,,trace_chocolate_pudding_s27_w0_10_s20d_clean_seed0_job330138,chocolate_pudding,27
157,2,0,95,3.8,1,1,1,-0.000117,0.002326,0.003867,-0.001541,95,,trace_chocolate_pudding_s27_w0_10_s20d_clean_seed0_job330138,chocolate_pudding,27
160,3,0,98,3.3,1,1,1,1.3e-05,0.002835,0.002369,0.000466,3,,trace_chocolate_pudding_s27_w0_10_s20d_clean_seed0_job330138,chocolate_pudding,27
163,4,0,101,3.8,1,1,1,0.000338,0.001982,0.002423,-0.000441,3,,trace_chocolate_pudding_s27_w0_10_s20d_clean_seed0_job330138,chocolate_pudding,27
165,5,0,103,3.3,1,1,1,0.000322,0.004266,0.003403,0.000863,2,,trace_chocolate_pudding_s27_w0_10_s20d_clean_seed0_job330138,chocolate_pudding,27
168,6,0,106,3.8,1,1,1,0.000309,0.002366,0.002742,-0.000376,3,,trace_chocolate_pudding_s27_w0_10_s20d_clean_seed0_job330138,chocolate_pudding,27
172,7,0,110,3.3,1,1,1,0.000225,0.004525,0.001944,0.002581,4,,trace_chocolate_pudding_s27_w0_10_s20d_clean_seed0_job330138,chocolate_pudding,27
179,8,0,117,3.3,1,1,1,5e-05,0.003811,0.00236,0.001451,7,,trace_chocolate_pudding_s27_w0_10_s20d_clean_seed0_job330138,chocolate_pudding,27
182,9,0,120,3.3,1,1,1,1.2e-05,0.002791,0.00156,0.001231,3,,trace_chocolate_pudding_s27_w0_10_s20d_clean_seed0_job330138,chocolate_pudding,27
185,10,0,123,3.8,1,1,1,5e-06,0.001618,0.001736,-0.000118,3,,trace_chocolate_pudding_s27_w0_10_s20d_clean_seed0_job330138,chocolate_pudding,27
188,11,0,126,3.3,1,1,1,5e-06,0.001099,0.000861,0.000238,3,,trace_chocolate_pudding_s27_w0_10_s20d_clean_seed0_job330138,chocolate_pudding,27
190,12,0,128,3.8,1,1,1,6e-06,0.001795,0.002093,-0.000298,2,,trace_chocolate_pudding_s27_w0_10_s20d_clean_seed0_job330138,chocolate_pudding,27
193,13,0,131,3.8,1,1,1,1.1e-05,0.000435,0.000579,-0.000144,3,,trace_chocolate_pudding_s27_w0_10_s20d_clean_seed0_job330138,chocolate_pudding,27
198,14,0,136,3.3,1,1,1,8e-06,0.001384,0.000622,0.000762,5,,trace_chocolate_pudding_s27_w0_10_s20d_clean_seed0_job330138,chocolate_pudding,27
229,15,0,167,3.3,1,1,1,-6.6e-05,0.00153,0.000511,0.001019,31,,trace_chocolate_pudding_s27_w0_10_s20d_clean_seed0_job330138,chocolate_pudding,27
232,16,0,170,3.8,1,1,1,-8.6e-05,0.000472,0.000602,-0.00013,3,,trace_chocolate_pudding_s27_w0_10_s20d_clean_seed0_job330138,chocolate_pudding,27
236,17,0,174,3.8,1,1,1,-9.4e-05,0.000937,0.001518,-0.000581,4,,trace_chocolate_pudding_s27_w0_10_s20d_clean_seed0_job330138,chocolate_pudding,27
238,18,0,176,3.3,1,1,1,-9.9e-05,0.001018,0.000922,9.6e-05,2,,trace_chocolate_pudding_s27_w0_10_s20d_clean_seed0_job330138,chocolate_pudding,27
260,19,0,198,3.3,1,1,1,-0.000126,0.000732,0.000723,9e-06,22,,trace_chocolate_pudding_s27_w0_10_s20d_clean_seed0_job330138,chocolate_pudding,27
263,20,0,201,3.3,1,1,1,-0.000116,0.000383,0.000309,7.4e-05,3,,trace_chocolate_pudding_s27_w0_10_s20d_clean_seed0_job330138,chocolate_pudding,27
266,21,0,204,3.3,1,1,1,-0.000112,0.000607,0.000489,0.000118,3,,trace_chocolate_pudding_s27_w0_10_s20d_clean_seed0_job330138,chocolate_pudding,27
269,22,0,207,3.3,1,1,1,-0.00012,0.001146,0.000465,0.000681,3,,trace_chocolate_pudding_s27_w0_10_s20d_clean_seed0_job330138,chocolate_pudding,27
56,0,1,0,3.3,1,1,1,2.7e-05,0.030399,0.030628,-0.000229,,,trace_chocolate_pudding_s28_w0_10_s20d_clean_seed0_job330139,chocolate_pudding,28
58,1,0,2,3.3,1,1,1,-0.0066,0.018476,0.026328,-0.007852,2,,trace_chocolate_pudding_s28_w0_10_s20d_clean_seed0_job330139,chocolate_pudding,28
141,2,0,85,3.8,1,1,1,-0.003227,0.002998,0.005245,-0.002247,83,,trace_chocolate_pudding_s28_w0_10_s20d_clean_seed0_job330139,chocolate_pudding,28
144,3,0,88,3.8,1,1,1,-0.002536,0.001922,0.004689,-0.002767,3,,trace_chocolate_pudding_s28_w0_10_s20d_clean_seed0_job330139,chocolate_pudding,28
147,4,0,91,3.3,1,1,1,-0.002174,0.002645,0.001577,0.001068,3,,trace_chocolate_pudding_s28_w0_10_s20d_clean_seed0_job330139,chocolate_pudding,28
47,0,0,-69,3.3,1,1,1,-4.5e-05,0.031413,0.031953,-0.00054,,,trace_chocolate_pudding_s29_w0_10_s20d_clean_seed0_job330140,chocolate_pudding,29
56,1,0,-60,3.3,1,1,1,0.0001,0.010407,0.010346,6.1e-05,9,,trace_chocolate_pudding_s29_w0_10_s20d_clean_seed0_job330140,chocolate_pudding,29
68,2,0,-48,3.8,1,1,1,-0.001034,0.002815,0.003325,-0.00051,12,,trace_chocolate_pudding_s29_w0_10_s20d_clean_seed0_job330140,chocolate_pudding,29
75,3,0,-41,3.8,1,1,1,-0.002383,0.000771,0.000917,-0.000146,7,,trace_chocolate_pudding_s29_w0_10_s20d_clean_seed0_job330140,chocolate_pudding,29
78,4,0,-38,3.8,1,1,1,-0.002583,0.000282,0.000418,-0.000136,3,,trace_chocolate_pudding_s29_w0_10_s20d_clean_seed0_job330140,chocolate_pudding,29
81,5,0,-35,3.3,1,1,1,-0.002916,0.000333,0.000257,7.6e-05,3,,trace_chocolate_pudding_s29_w0_10_s20d_clean_seed0_job330140,chocolate_pudding,29
92,6,0,-24,3.3,1,1,1,-0.006277,0.002028,0.001851,0.000177,11,,trace_chocolate_pudding_s29_w0_10_s20d_clean_seed0_job330140,chocolate_pudding,29
99,7,0,-17,3.8,1,1,1,-0.007822,0.000967,0.000977,-1e-05,7,,trace_chocolate_pudding_s29_w0_10_s20d_clean_seed0_job330140,chocolate_pudding,29
105,8,0,-11,3.3,1,1,1,-0.004539,0.002274,0.001166,0.001108,6,,trace_chocolate_pudding_s29_w0_10_s20d_clean_seed0_job330140,chocolate_pudding,29
108,9,0,-8,3.8,1,1,1,-0.006133,0.002598,0.002805,-0.000207,3,,trace_chocolate_pudding_s29_w0_10_s20d_clean_seed0_job330140,chocolate_pudding,29
116,10,1,0,3.3,1,1,1,-0.009564,0.001644,0.001601,4.3e-05,8,,trace_chocolate_pudding_s29_w0_10_s20d_clean_seed0_job330140,chocolate_pudding,29
118,11,0,2,3.3,1,1,1,-0.016281,0.004004,0.003154,0.00085,2,,trace_chocolate_pudding_s29_w0_10_s20d_clean_seed0_job330140,chocolate_pudding,29
120,12,0,4,3.8,1,1,1,-0.017295,0.002436,0.003897,-0.001461,2,,trace_chocolate_pudding_s29_w0_10_s20d_clean_seed0_job330140,chocolate_pudding,29
202,13,0,86,3.8,1,1,1,-0.005697,0.004799,0.012642,-0.007843,82,,trace_chocolate_pudding_s29_w0_10_s20d_clean_seed0_job330140,chocolate_pudding,29
207,14,0,91,3.3,1,1,1,-0.003647,0.011264,0.016962,-0.005698,5,,trace_chocolate_pudding_s29_w0_10_s20d_clean_seed0_job330140,chocolate_pudding,29
210,15,0,94,3.8,1,1,1,-0.003398,0.001098,0.001129,-3.1e-05,3,,trace_chocolate_pudding_s29_w0_10_s20d_clean_seed0_job330140,chocolate_pudding,29
216,16,0,100,3.8,1,1,1,-0.002766,0.000714,0.001903,-0.001189,6,,trace_chocolate_pudding_s29_w0_10_s20d_clean_seed0_job330140,chocolate_pudding,29
219,17,0,103,3.8,1,1,1,-0.002314,0.001463,0.001602,-0.000139,3,,trace_chocolate_pudding_s29_w0_10_s20d_clean_seed0_job330140,chocolate_pudding,29
223,18,0,107,3.8,1,1,1,-0.002197,0.000827,0.000967,-0.00014,4,,trace_chocolate_pudding_s29_w0_10_s20d_clean_seed0_job330140,chocolate_pudding,29
226,19,0,110,3.3,1,1,1,-0.002085,0.001806,0.001363,0.000443,3,,trace_chocolate_pudding_s29_w0_10_s20d_clean_seed0_job330140,chocolate_pudding,29
233,20,0,117,3.8,1,1,1,-0.001798,0.00149,0.001993,-0.000503,7,,trace_chocolate_pudding_s29_w0_10_s20d_clean_seed0_job330140,chocolate_pudding,29
239,21,0,123,3.8,1,1,1,-0.001514,0.000946,0.003079,-0.002133,6,,trace_chocolate_pudding_s29_w0_10_s20d_clean_seed0_job330140,chocolate_pudding,29
242,22,0,126,3.3,1,1,1,-0.001287,0.002021,0.000747,0.001274,3,,trace_chocolate_pudding_s29_w0_10_s20d_clean_seed0_job330140,chocolate_pudding,29
249,23,0,133,3.8,1,1,1,-0.001067,0.000914,0.003286,-0.002372,7,,trace_chocolate_pudding_s29_w0_10_s20d_clean_seed0_job330140,chocolate_pudding,29
254,24,0,138,3.3,1,1,1,-0.000906,0.003364,0.000598,0.002766,5,,trace_chocolate_pudding_s29_w0_10_s20d_clean_seed0_job330140,chocolate_pudding,29
256,25,0,140,3.3,1,1,1,-0.00068,0.006761,0.006474,0.000287,2,,trace_chocolate_pudding_s29_w0_10_s20d_clean_seed0_job330140,chocolate_pudding,29
261,26,0,145,3.3,1,1,1,-0.000171,0.005525,0.001752,0.003773,5,,trace_chocolate_pudding_s29_w0_10_s20d_clean_seed0_job330140,chocolate_pudding,29
264,27,0,148,3.3,1,1,1,-7.8e-05,0.010097,0.005337,0.00476,3,,trace_chocolate_pudding_s29_w0_10_s20d_clean_seed0_job330140,chocolate_pudding,29
271,28,0,155,3.3,1,1,1,-1.3e-05,0.00876,0.007006,0.001754,7,,trace_chocolate_pudding_s29_w0_10_s20d_clean_seed0_job330140,chocolate_pudding,29
278,29,0,162,3.8,1,1,1,-1.4e-05,0.000391,0.000955,-0.000564,7,,trace_chocolate_pudding_s29_w0_10_s20d_clean_seed0_job330140,chocolate_pudding,29
53,0,1,0,3.3,1,1,1,-6.2e-05,0.035404,0.037315,-0.001911,,,trace_chocolate_pudding_s30_w0_10_s20d_clean_seed0_job330141,chocolate_pudding,30
56,1,0,3,3.3,1,1,1,-0.008178,0.010307,0.016535,-0.006228,3,,trace_chocolate_pudding_s30_w0_10_s20d_clean_seed0_job330141,chocolate_pudding,30
139,2,0,86,3.8,1,1,1,-0.001543,0.007674,0.018478,-0.010804,83,,trace_chocolate_pudding_s30_w0_10_s20d_clean_seed0_job330141,chocolate_pudding,30
141,3,0,88,3.8,1,1,1,-0.001239,0.002315,0.003031,-0.000716,2,,trace_chocolate_pudding_s30_w0_10_s20d_clean_seed0_job330141,chocolate_pudding,30
148,4,0,95,3.8,1,1,1,-0.000983,0.002847,0.006059,-0.003212,7,,trace_chocolate_pudding_s30_w0_10_s20d_clean_seed0_job330141,chocolate_pudding,30
150,5,0,97,3.3,1,1,1,-0.000878,0.003346,0.00058,0.002766,2,,trace_chocolate_pudding_s30_w0_10_s20d_clean_seed0_job330141,chocolate_pudding,30
154,6,0,101,3.3,1,1,1,-0.000642,0.008454,0.005382,0.003072,4,,trace_chocolate_pudding_s30_w0_10_s20d_clean_seed0_job330141,chocolate_pudding,30
156,7,0,103,3.8,1,1,1,-0.000464,0.003386,0.006151,-0.002765,2,,trace_chocolate_pudding_s30_w0_10_s20d_clean_seed0_job330141,chocolate_pudding,30
158,8,0,105,3.8,1,1,1,-0.00031,0.005277,0.00534,-6.3e-05,2,,trace_chocolate_pudding_s30_w0_10_s20d_clean_seed0_job330141,chocolate_pudding,30
162,9,0,109,3.3,1,1,1,-8.8e-05,0.003542,0.002469,0.001073,4,,trace_chocolate_pudding_s30_w0_10_s20d_clean_seed0_job330141,chocolate_pudding,30
165,10,0,112,3.3,1,1,1,-2.7e-05,0.0035,0.003453,4.7e-05,3,,trace_chocolate_pudding_s30_w0_10_s20d_clean_seed0_job330141,chocolate_pudding,30
7,0,0,-48,3.3,1,1,1,-6.2e-05,0.013883,0.011399,0.002484,,,trace_chocolate_pudding_s32_w0_10_s20d_clean_seed0_job330143,chocolate_pudding,32
53,1,0,-2,3.3,1,1,1,-0.000117,0.021459,0.026956,-0.005497,46,,trace_chocolate_pudding_s32_w0_10_s20d_clean_seed0_job330143,chocolate_pudding,32
55,2,1,0,3.3,1,1,1,-0.000136,0.017136,0.017377,-0.000241,2,,trace_chocolate_pudding_s32_w0_10_s20d_clean_seed0_job330143,chocolate_pudding,32
57,3,0,2,3.3,1,1,1,-0.000121,0.018772,0.016872,0.0019,2,,trace_chocolate_pudding_s32_w0_10_s20d_clean_seed0_job330143,chocolate_pudding,32
59,4,0,4,3.3,1,1,1,-8.6e-05,0.021778,0.019955,0.001823,2,,trace_chocolate_pudding_s32_w0_10_s20d_clean_seed0_job330143,chocolate_pudding,32
149,5,0,94,3.8,1,1,1,-0.002,0.002484,0.003087,-0.000603,90,,trace_chocolate_pudding_s32_w0_10_s20d_clean_seed0_job330143,chocolate_pudding,32
57,0,1,0,3.3,1,1,1,-0.000126,0.028638,0.027152,0.001486,,,trace_chocolate_pudding_s33_w0_10_s20d_clean_seed0_job330144,chocolate_pudding,33
147,1,0,90,3.3,1,1,1,-5.3e-05,0.003919,0.00329,0.000629,90,,trace_chocolate_pudding_s33_w0_10_s20d_clean_seed0_job330144,chocolate_pudding,33
48,0,1,0,3.3,1,1,1,-8.2e-05,0.029054,0.034671,-0.005617,,,trace_chocolate_pudding_s34_w0_10_s20d_clean_seed0_job330145,chocolate_pudding,34
50,1,0,2,3.3,1,1,1,-0.000125,0.018069,0.022264,-0.004195,2,,trace_chocolate_pudding_s34_w0_10_s20d_clean_seed0_job330145,chocolate_pudding,34
129,2,0,81,3.3,1,1,1,-0.002892,0.009438,0.002488,0.00695,79,,trace_chocolate_pudding_s34_w0_10_s20d_clean_seed0_job330145,chocolate_pudding,34
132,3,0,84,3.3,1,1,1,-0.001895,0.009262,0.002412,0.00685,3,,trace_chocolate_pudding_s34_w0_10_s20d_clean_seed0_job330145,chocolate_pudding,34
53,0,0,-41,3.3,1,1,1,-0.000117,0.025071,0.030848,-0.005777,,,trace_chocolate_pudding_s36_w0_10_s20d_clean_seed0_job330147,chocolate_pudding,36
70,1,0,-24,3.3,1,1,1,-0.000117,0.030947,0.035365,-0.004418,17,,trace_chocolate_pudding_s36_w0_10_s20d_clean_seed0_job330147,chocolate_pudding,36
72,2,0,-22,3.3,1,1,1,-0.000102,0.01555,0.027202,-0.011652,2,,trace_chocolate_pudding_s36_w0_10_s20d_clean_seed0_job330147,chocolate_pudding,36
75,3,0,-19,3.3,1,1,1,-0.00012,0.010542,0.009201,0.001341,3,,trace_chocolate_pudding_s36_w0_10_s20d_clean_seed0_job330147,chocolate_pudding,36
94,4,1,0,3.3,1,1,1,-9.2e-05,0.028651,0.032651,-0.004,19,,trace_chocolate_pudding_s36_w0_10_s20d_clean_seed0_job330147,chocolate_pudding,36
96,5,0,2,3.3,1,1,1,-0.000108,0.023334,0.024977,-0.001643,2,,trace_chocolate_pudding_s36_w0_10_s20d_clean_seed0_job330147,chocolate_pudding,36
174,6,0,80,3.3,1,1,1,-0.006998,0.019364,0.027363,-0.007999,78,,trace_chocolate_pudding_s36_w0_10_s20d_clean_seed0_job330147,chocolate_pudding,36
189,7,0,95,3.8,1,1,1,-0.001786,0.009282,0.009531,-0.000249,15,,trace_chocolate_pudding_s36_w0_10_s20d_clean_seed0_job330147,chocolate_pudding,36
52,0,0,-55,3.3,1,1,1,-0.000101,0.0256,0.029718,-0.004118,,,trace_chocolate_pudding_s39_w0_10_s20d_clean_seed0_job330150,chocolate_pudding,39
54,1,0,-53,3.3,1,1,1,-4.2e-05,0.02284,0.023518,-0.000678,2,,trace_chocolate_pudding_s39_w0_10_s20d_clean_seed0_job330150,chocolate_pudding,39
57,2,0,-50,3.3,1,1,1,-8e-06,0.012835,0.015104,-0.002269,3,,trace_chocolate_pudding_s39_w0_10_s20d_clean_seed0_job330150,chocolate_pudding,39
72,3,0,-35,3.3,1,1,1,-0.000102,0.025365,0.033954,-0.008589,15,,trace_chocolate_pudding_s39_w0_10_s20d_clean_seed0_job330150,chocolate_pudding,39
75,4,0,-32,3.8,1,1,1,-0.000135,0.007861,0.011296,-0.003435,3,,trace_chocolate_pudding_s39_w0_10_s20d_clean_seed0_job330150,chocolate_pudding,39
77,5,0,-30,3.8,1,1,1,-0.000142,0.006992,0.007265,-0.000273,2,,trace_chocolate_pudding_s39_w0_10_s20d_clean_seed0_job330150,chocolate_pudding,39
79,6,0,-28,3.3,1,1,1,-0.000125,0.017496,0.013643,0.003853,2,,trace_chocolate_pudding_s39_w0_10_s20d_clean_seed0_job330150,chocolate_pudding,39
83,7,0,-24,3.3,1,1,1,-0.00014,0.007059,0.005919,0.00114,4,,trace_chocolate_pudding_s39_w0_10_s20d_clean_seed0_job330150,chocolate_pudding,39
85,8,0,-22,3.8,1,1,1,-7.7e-05,0.001574,0.004111,-0.002537,2,,trace_chocolate_pudding_s39_w0_10_s20d_clean_seed0_job330150,chocolate_pudding,39
103,9,0,-4,3.3,1,1,1,-0.000945,0.024065,0.028126,-0.004061,18,,trace_chocolate_pudding_s39_w0_10_s20d_clean_seed0_job330150,chocolate_pudding,39
107,10,1,0,3.8,1,1,1,-0.001852,0.000235,0.000816,-0.000581,4,,trace_chocolate_pudding_s39_w0_10_s20d_clean_seed0_job330150,chocolate_pudding,39
110,11,0,3,3.3,1,1,1,-0.002115,0.000189,0.000174,1.5e-05,3,,trace_chocolate_pudding_s39_w0_10_s20d_clean_seed0_job330150,chocolate_pudding,39
197,12,0,90,3.8,1,1,1,-0.002087,0.004153,0.008172,-0.004019,87,,trace_chocolate_pudding_s39_w0_10_s20d_clean_seed0_job330150,chocolate_pudding,39
201,13,0,94,3.8,1,1,1,-0.00125,0.003417,0.00565,-0.002233,4,,trace_chocolate_pudding_s39_w0_10_s20d_clean_seed0_job330150,chocolate_pudding,39
203,14,0,96,3.3,1,1,1,-0.000904,0.007754,0.005004,0.00275,2,,trace_chocolate_pudding_s39_w0_10_s20d_clean_seed0_job330150,chocolate_pudding,39
207,15,0,100,3.3,1,1,1,-0.00057,0.012289,0.011434,0.000855,4,,trace_chocolate_pudding_s39_w0_10_s20d_clean_seed0_job330150,chocolate_pudding,39
215,16,0,108,3.3,1,1,1,-0.000115,0.007052,0.006693,0.000359,8,,trace_chocolate_pudding_s39_w0_10_s20d_clean_seed0_job330150,chocolate_pudding,39
219,17,0,112,3.8,1,1,1,-3.9e-05,0.00333,0.003612,-0.000282,4,,trace_chocolate_pudding_s39_w0_10_s20d_clean_seed0_job330150,chocolate_pudding,39
221,18,0,114,3.8,1,1,1,-2.7e-05,0.001992,0.003811,-0.001819,2,,trace_chocolate_pudding_s39_w0_10_s20d_clean_seed0_job330150,chocolate_pudding,39
54,0,1,0,3.3,1,1,1,-4.7e-05,0.021989,0.02396,-0.001971,,,trace_chocolate_pudding_s40_w0_10_s20d_clean_seed0_job330151,chocolate_pudding,40
58,1,0,4,3.3,1,1,1,-0.001569,0.018884,0.021269,-0.002385,4,,trace_chocolate_pudding_s40_w0_10_s20d_clean_seed0_job330151,chocolate_pudding,40
144,2,0,90,3.3,1,1,1,-0.001934,0.007057,0.006309,0.000748,86,,trace_chocolate_pudding_s40_w0_10_s20d_clean_seed0_job330151,chocolate_pudding,40
146,3,0,92,3.3,1,1,1,-0.001507,0.012134,0.011236,0.000898,2,,trace_chocolate_pudding_s40_w0_10_s20d_clean_seed0_job330151,chocolate_pudding,40
150,4,0,96,3.3,1,1,1,-0.001225,0.013507,0.012729,0.000778,4,,trace_chocolate_pudding_s40_w0_10_s20d_clean_seed0_job330151,chocolate_pudding,40
158,5,0,104,3.8,1,1,1,-0.000341,0.007234,0.007238,-4e-06,8,,trace_chocolate_pudding_s40_w0_10_s20d_clean_seed0_job330151,chocolate_pudding,40
52,0,1,0,3.3,1,1,1,-7.2e-05,0.03342,0.034158,-0.000738,,,trace_chocolate_pudding_s42_w0_10_s20d_clean_seed0_job330153,chocolate_pudding,42
137,1,0,85,3.8,1,1,1,-0.001436,0.007959,0.013051,-0.005092,85,,trace_chocolate_pudding_s42_w0_10_s20d_clean_seed0_job330153,chocolate_pudding,42
140,2,0,88,3.8,1,1,1,-0.00093,0.006327,0.006583,-0.000256,3,,trace_chocolate_pudding_s42_w0_10_s20d_clean_seed0_job330153,chocolate_pudding,42
145,3,0,93,3.8,1,1,1,-0.00029,0.006344,0.007171,-0.000827,5,,trace_chocolate_pudding_s42_w0_10_s20d_clean_seed0_job330153,chocolate_pudding,42
148,4,0,96,3.3,1,1,1,-0.000109,0.005595,0.004382,0.001213,3,,trace_chocolate_pudding_s42_w0_10_s20d_clean_seed0_job330153,chocolate_pudding,42
151,5,0,99,3.3,1,1,1,-5e-05,0.005349,0.004172,0.001177,3,,trace_chocolate_pudding_s42_w0_10_s20d_clean_seed0_job330153,chocolate_pudding,42
154,6,0,102,3.3,1,1,1,-3.1e-05,0.006705,0.004327,0.002378,3,,trace_chocolate_pudding_s42_w0_10_s20d_clean_seed0_job330153,chocolate_pudding,42
156,7,0,104,3.8,1,1,1,-3.4e-05,0.00465,0.007372,-0.002722,2,,trace_chocolate_pudding_s42_w0_10_s20d_clean_seed0_job330153,chocolate_pudding,42
159,8,0,107,3.3,1,1,1,3.5e-05,0.007403,0.005294,0.002109,3,,trace_chocolate_pudding_s42_w0_10_s20d_clean_seed0_job330153,chocolate_pudding,42
161,9,0,109,3.8,1,1,1,0.001414,0.007564,0.009385,-0.001821,2,,trace_chocolate_pudding_s42_w0_10_s20d_clean_seed0_job330153,chocolate_pudding,42
165,10,0,113,3.3,1,1,1,0.001558,0.002005,0.001084,0.000921,4,,trace_chocolate_pudding_s42_w0_10_s20d_clean_seed0_job330153,chocolate_pudding,42
178,11,0,126,3.3,1,1,1,0.001459,0.000143,7.5e-05,6.8e-05,13,,trace_chocolate_pudding_s42_w0_10_s20d_clean_seed0_job330153,chocolate_pudding,42
188,12,0,136,3.3,1,1,1,0.001351,0.001743,0.001232,0.000511,10,,trace_chocolate_pudding_s42_w0_10_s20d_clean_seed0_job330153,chocolate_pudding,42
190,13,0,138,3.3,1,1,1,0.001193,0.005625,0.003484,0.002141,2,,trace_chocolate_pudding_s42_w0_10_s20d_clean_seed0_job330153,chocolate_pudding,42
198,14,0,146,3.8,1,1,1,0.000931,0.00135,0.002559,-0.001209,8,,trace_chocolate_pudding_s42_w0_10_s20d_clean_seed0_job330153,chocolate_pudding,42
203,15,0,151,3.8,1,1,1,0.000399,0.000142,0.000146,-4e-06,5,,trace_chocolate_pudding_s42_w0_10_s20d_clean_seed0_job330153,chocolate_pudding,42
205,16,0,153,3.3,1,1,1,0.000221,0.000177,0.000111,6.6e-05,2,,trace_chocolate_pudding_s42_w0_10_s20d_clean_seed0_job330153,chocolate_pudding,42
212,17,0,160,3.3,1,1,1,-3.1e-05,0.000365,0.000266,9.9e-05,7,,trace_chocolate_pudding_s42_w0_10_s20d_clean_seed0_job330153,chocolate_pudding,42
223,18,0,171,3.3,1,1,1,-8.6e-05,0.003817,0.00194,0.001877,11,,trace_chocolate_pudding_s42_w0_10_s20d_clean_seed0_job330153,chocolate_pudding,42
228,19,0,176,3.8,1,1,1,-6.2e-05,0.001773,0.004196,-0.002423,5,,trace_chocolate_pudding_s42_w0_10_s20d_clean_seed0_job330153,chocolate_pudding,42
231,20,0,179,3.8,1,1,1,-6.9e-05,0.003119,0.00313,-1.1e-05,3,,trace_chocolate_pudding_s42_w0_10_s20d_clean_seed0_job330153,chocolate_pudding,42
233,21,0,181,3.3,1,1,1,-7.3e-05,0.003082,0.002437,0.000645,2,,trace_chocolate_pudding_s42_w0_10_s20d_clean_seed0_job330153,chocolate_pudding,42
241,22,0,189,3.3,1,1,1,-9.4e-05,0.010022,0.009601,0.000421,8,,trace_chocolate_pudding_s42_w0_10_s20d_clean_seed0_job330153,chocolate_pudding,42
9,0,0,-104,3.3,1,1,1,-2.4e-05,0.004374,0.003416,0.000958,,,trace_chocolate_pudding_s44_w0_10_s20d_clean_seed0_job330155,chocolate_pudding,44
19,1,0,-94,3.3,1,1,1,-0.000205,0.018245,0.017222,0.001023,10,,trace_chocolate_pudding_s44_w0_10_s20d_clean_seed0_job330155,chocolate_pudding,44
21,2,0,-92,3.3,1,1,1,-0.000287,0.010634,0.012997,-0.002363,2,,trace_chocolate_pudding_s44_w0_10_s20d_clean_seed0_job330155,chocolate_pudding,44
26,3,0,-87,3.3,1,1,1,-0.000387,0.011995,0.009415,0.00258,5,,trace_chocolate_pudding_s44_w0_10_s20d_clean_seed0_job330155,chocolate_pudding,44
73,4,0,-40,3.3,1,1,1,-0.000151,0.021865,0.024685,-0.00282,47,,trace_chocolate_pudding_s44_w0_10_s20d_clean_seed0_job330155,chocolate_pudding,44
90,5,0,-23,3.3,1,1,1,-4.8e-05,0.03353,0.036308,-0.002778,17,,trace_chocolate_pudding_s44_w0_10_s20d_clean_seed0_job330155,chocolate_pudding,44
113,6,1,0,3.3,1,1,1,-6.3e-05,0.021266,0.025783,-0.004517,23,,trace_chocolate_pudding_s44_w0_10_s20d_clean_seed0_job330155,chocolate_pudding,44
194,7,0,81,3.3,1,1,1,0.000237,0.011275,0.017614,-0.006339,81,,trace_chocolate_pudding_s44_w0_10_s20d_clean_seed0_job330155,chocolate_pudding,44
197,8,0,84,3.3,1,1,1,0.000434,0.005126,0.003466,0.00166,3,,trace_chocolate_pudding_s44_w0_10_s20d_clean_seed0_job330155,chocolate_pudding,44
202,9,0,89,3.8,1,1,1,0.000532,0.001626,0.006075,-0.004449,5,,trace_chocolate_pudding_s44_w0_10_s20d_clean_seed0_job330155,chocolate_pudding,44
205,10,0,92,3.8,1,1,1,0.000274,0.000774,0.000848,-7.4e-05,3,,trace_chocolate_pudding_s44_w0_10_s20d_clean_seed0_job330155,chocolate_pudding,44
210,11,0,97,3.3,1,1,1,0.00069,0.007258,0.003834,0.003424,5,,trace_chocolate_pudding_s44_w0_10_s20d_clean_seed0_job330155,chocolate_pudding,44
215,12,0,102,3.8,1,1,1,0.000314,0.001124,0.007429,-0.006305,5,,trace_chocolate_pudding_s44_w0_10_s20d_clean_seed0_job330155,chocolate_pudding,44
47,0,1,0,3.3,1,1,1,-8.8e-05,0.02504,0.028447,-0.003407,,,trace_chocolate_pudding_s45_w0_10_s20d_clean_seed0_job330156,chocolate_pudding,45
49,1,0,2,3.3,1,1,1,-4.5e-05,0.019463,0.022047,-0.002584,2,,trace_chocolate_pudding_s45_w0_10_s20d_clean_seed0_job330156,chocolate_pudding,45
126,2,0,79,3.8,1,1,1,0.000317,0.0077,0.016357,-0.008657,77,,trace_chocolate_pudding_s45_w0_10_s20d_clean_seed0_job330156,chocolate_pudding,45
129,3,0,82,3.3,1,1,1,8.3e-05,0.005778,0.005227,0.000551,3,,trace_chocolate_pudding_s45_w0_10_s20d_clean_seed0_job330156,chocolate_pudding,45
132,4,0,85,3.3,1,1,1,-2.9e-05,0.008552,0.005327,0.003225,3,,trace_chocolate_pudding_s45_w0_10_s20d_clean_seed0_job330156,chocolate_pudding,45
134,5,0,87,3.8,1,1,1,-3e-05,0.008665,0.010588,-0.001923,2,,trace_chocolate_pudding_s45_w0_10_s20d_clean_seed0_job330156,chocolate_pudding,45
137,6,0,90,3.8,1,1,1,-3.4e-05,0.00766,0.009305,-0.001645,3,,trace_chocolate_pudding_s45_w0_10_s20d_clean_seed0_job330156,chocolate_pudding,45
139,7,0,92,3.8,1,1,1,-3.2e-05,0.006068,0.00661,-0.000542,2,,trace_chocolate_pudding_s45_w0_10_s20d_clean_seed0_job330156,chocolate_pudding,45
143,8,0,96,3.8,1,1,1,-3.2e-05,0.005885,0.007511,-0.001626,4,,trace_chocolate_pudding_s45_w0_10_s20d_clean_seed0_job330156,chocolate_pudding,45
160,9,0,113,3.0,1,1,1,0.010331,0.000808,0.001657,-0.000849,17,,trace_chocolate_pudding_s45_w0_10_s20d_clean_seed0_job330156,chocolate_pudding,45
208,10,0,161,2.8,1,1,1,0.007985,0.001605,0.00019,0.001415,48,,trace_chocolate_pudding_s45_w0_10_s20d_clean_seed0_job330156,chocolate_pudding,45
212,11,0,165,2.8,1,1,1,0.006759,0.001419,0.001006,0.000413,4,,trace_chocolate_pudding_s45_w0_10_s20d_clean_seed0_job330156,chocolate_pudding,45
45,0,1,0,3.3,1,1,1,-7.5e-05,0.037685,0.039711,-0.002026,,,trace_chocolate_pudding_s46_w0_10_s20d_clean_seed0_job330157,chocolate_pudding,46
121,1,0,76,3.8,1,1,1,0.000329,0.005485,0.012668,-0.007183,76,,trace_chocolate_pudding_s46_w0_10_s20d_clean_seed0_job330157,chocolate_pudding,46
124,2,0,79,3.3,1,1,1,9.3e-05,0.002521,0.002431,9e-05,3,,trace_chocolate_pudding_s46_w0_10_s20d_clean_seed0_job330157,chocolate_pudding,46
127,3,0,82,3.3,1,1,1,-2.5e-05,0.003851,0.003071,0.00078,3,,trace_chocolate_pudding_s46_w0_10_s20d_clean_seed0_job330157,chocolate_pudding,46
59,0,1,0,3.3,1,1,1,-0.001195,0.03128,0.03348,-0.0022,,,trace_chocolate_pudding_s47_w0_10_s20d_clean_seed0_job330158,chocolate_pudding,47
142,1,0,83,3.3,1,1,1,-0.003124,0.020072,0.025176,-0.005104,83,,trace_chocolate_pudding_s47_w0_10_s20d_clean_seed0_job330158,chocolate_pudding,47
211,2,0,152,3.3,1,1,1,-0.003137,0.001495,0.000621,0.000874,69,,trace_chocolate_pudding_s47_w0_10_s20d_clean_seed0_job330158,chocolate_pudding,47
46,0,0,-5,3.3,1,1,1,-8.2e-05,0.03402,0.035439,-0.001419,,,trace_chocolate_pudding_s48_w0_10_s20d_clean_seed0_job330159,chocolate_pudding,48
51,1,1,0,3.3,1,1,1,-0.00373,0.016206,0.024301,-0.008095,5,,trace_chocolate_pudding_s48_w0_10_s20d_clean_seed0_job330159,chocolate_pudding,48
53,2,0,2,3.8,1,1,1,-0.003745,0.001946,0.007643,-0.005697,2,,trace_chocolate_pudding_s48_w0_10_s20d_clean_seed0_job330159,chocolate_pudding,48
64,3,0,13,3.8,1,1,1,-0.002569,0.009375,0.009851,-0.000476,11,,trace_chocolate_pudding_s48_w0_10_s20d_clean_seed0_job330159,chocolate_pudding,48
67,4,0,16,3.8,1,1,1,-0.002166,0.007192,0.008193,-0.001001,3,,trace_chocolate_pudding_s48_w0_10_s20d_clean_seed0_job330159,chocolate_pudding,48
70,5,0,19,3.3,1,1,1,-0.002052,0.006196,0.005942,0.000254,3,,trace_chocolate_pudding_s48_w0_10_s20d_clean_seed0_job330159,chocolate_pudding,48
50,0,0,-16,3.3,1,1,1,-5.7e-05,0.032633,0.035096,-0.002463,,,trace_chocolate_pudding_s49_w0_10_s20d_clean_seed0_job330160,chocolate_pudding,49
52,1,0,-14,3.3,1,1,1,1.1e-05,0.027249,0.02999,-0.002741,2,,trace_chocolate_pudding_s49_w0_10_s20d_clean_seed0_job330160,chocolate_pudding,49
61,2,0,-5,3.3,1,1,1,0.002469,0.005184,0.004807,0.000377,9,,trace_chocolate_pudding_s49_w0_10_s20d_clean_seed0_job330160,chocolate_pudding,49
66,3,1,0,3.8,1,1,1,0.002293,0.002564,0.003419,-0.000855,5,,trace_chocolate_pudding_s49_w0_10_s20d_clean_seed0_job330160,chocolate_pudding,49
90,0,1,0,3.3,1,1,1,-2.1e-05,0.020588,0.022864,-0.002276,,,trace_cream_cheese_s10_w0_10_s20d_clean_seed0_job330161,cream_cheese,10
150,1,0,60,3.3,1,1,1,-0.000228,0.013835,0.020567,-0.006732,60,,trace_cream_cheese_s10_w0_10_s20d_clean_seed0_job330161,cream_cheese,10
157,2,0,67,3.3,1,1,1,-7.3e-05,0.010644,0.005508,0.005136,7,,trace_cream_cheese_s10_w0_10_s20d_clean_seed0_job330161,cream_cheese,10
161,3,0,71,3.8,1,1,1,-4.4e-05,0.005183,0.00807,-0.002887,4,,trace_cream_cheese_s10_w0_10_s20d_clean_seed0_job330161,cream_cheese,10
56,0,1,0,3.3,1,1,1,-3.6e-05,0.022339,0.023624,-0.001285,,,trace_cream_cheese_s11_w0_10_s20d_clean_seed0_job330162,cream_cheese,11
123,1,0,67,3.3,1,1,1,0.001766,0.016523,0.010445,0.006078,67,,trace_cream_cheese_s11_w0_10_s20d_clean_seed0_job330162,cream_cheese,11
128,2,0,72,3.8,1,1,1,0.000579,0.002053,0.009443,-0.00739,5,,trace_cream_cheese_s11_w0_10_s20d_clean_seed0_job330162,cream_cheese,11
132,3,0,76,3.3,1,1,1,0.000175,0.008992,0.008147,0.000845,4,,trace_cream_cheese_s11_w0_10_s20d_clean_seed0_job330162,cream_cheese,11
137,4,0,81,3.8,1,1,1,9.6e-05,0.002058,0.008035,-0.005977,5,,trace_cream_cheese_s11_w0_10_s20d_clean_seed0_job330162,cream_cheese,11
140,5,0,84,3.3,1,1,1,4.6e-05,0.001816,0.001287,0.000529,3,,trace_cream_cheese_s11_w0_10_s20d_clean_seed0_job330162,cream_cheese,11
143,6,0,87,3.3,1,1,1,4.6e-05,0.002769,0.002714,5.5e-05,3,,trace_cream_cheese_s11_w0_10_s20d_clean_seed0_job330162,cream_cheese,11
146,7,0,90,3.3,1,1,1,3.3e-05,0.003263,0.001654,0.001609,3,,trace_cream_cheese_s11_w0_10_s20d_clean_seed0_job330162,cream_cheese,11
154,8,0,98,3.3,1,1,1,5e-05,0.008659,0.001853,0.006806,8,,trace_cream_cheese_s11_w0_10_s20d_clean_seed0_job330162,cream_cheese,11
160,9,0,104,3.3,1,1,1,-1e-06,0.012279,0.01028,0.001999,6,,trace_cream_cheese_s11_w0_10_s20d_clean_seed0_job330162,cream_cheese,11
66,0,0,-33,3.3,1,1,1,-6.8e-05,0.027282,0.028185,-0.000903,,,trace_cream_cheese_s12_w0_10_s20d_clean_seed0_job330163,cream_cheese,12
68,1,0,-31,3.3,1,1,1,-3.3e-05,0.025157,0.02656,-0.001403,2,,trace_cream_cheese_s12_w0_10_s20d_clean_seed0_job330163,cream_cheese,12
85,2,0,-14,3.3,1,1,1,-7.4e-05,0.017233,0.017707,-0.000474,17,,trace_cream_cheese_s12_w0_10_s20d_clean_seed0_job330163,cream_cheese,12
99,3,1,0,3.3,1,1,1,-0.000102,0.024152,0.02502,-0.000868,14,,trace_cream_cheese_s12_w0_10_s20d_clean_seed0_job330163,cream_cheese,12
54,0,1,0,3.3,1,1,1,-1.2e-05,0.021462,0.022571,-0.001109,,,trace_cream_cheese_s13_w0_10_s20d_clean_seed0_job330164,cream_cheese,13
109,1,0,55,3.3,1,1,1,0.002747,0.010007,0.015877,-0.00587,55,,trace_cream_cheese_s13_w0_10_s20d_clean_seed0_job330164,cream_cheese,13
124,2,0,70,3.8,1,1,1,0.002255,0.002195,0.002879,-0.000684,15,,trace_cream_cheese_s13_w0_10_s20d_clean_seed0_job330164,cream_cheese,13
131,3,0,77,3.3,1,1,1,0.000366,0.017756,0.011507,0.006249,7,,trace_cream_cheese_s13_w0_10_s20d_clean_seed0_job330164,cream_cheese,13
42,0,1,0,3.3,1,1,1,-2.3e-05,0.022842,0.02488,-0.002038,,,trace_cream_cheese_s15_w0_10_s20d_clean_seed0_job330166,cream_cheese,15
103,1,0,61,3.8,1,1,1,2e-05,0.001195,0.003799,-0.002604,61,,trace_cream_cheese_s15_w0_10_s20d_clean_seed0_job330166,cream_cheese,15
109,2,0,67,3.8,1,1,1,2.7e-05,0.001018,0.001078,-6e-05,6,,trace_cream_cheese_s15_w0_10_s20d_clean_seed0_job330166,cream_cheese,15
62,0,1,0,3.3,1,1,1,-0.000101,0.028644,0.026227,0.002417,,,trace_cream_cheese_s17_w0_10_s20d_clean_seed0_job330168,cream_cheese,17
114,1,0,52,3.8,1,1,1,-0.000625,0.009675,0.018219,-0.008544,52,,trace_cream_cheese_s17_w0_10_s20d_clean_seed0_job330168,cream_cheese,17
117,2,0,55,3.3,1,1,1,-0.000326,0.008614,0.008611,3e-06,3,,trace_cream_cheese_s17_w0_10_s20d_clean_seed0_job330168,cream_cheese,17
121,3,0,59,3.3,1,1,1,-0.000189,0.012151,0.006917,0.005234,4,,trace_cream_cheese_s17_w0_10_s20d_clean_seed0_job330168,cream_cheese,17
64,0,1,0,3.8,1,1,1,-0.000543,0.007002,0.015069,-0.008067,,,trace_cream_cheese_s18_w0_10_s20d_clean_seed0_job330169,cream_cheese,18
126,1,0,62,3.3,1,1,1,-0.003123,0.017426,0.024014,-0.006588,62,,trace_cream_cheese_s18_w0_10_s20d_clean_seed0_job330169,cream_cheese,18
131,2,0,67,3.3,1,1,1,-0.002059,0.005684,0.005232,0.000452,5,,trace_cream_cheese_s18_w0_10_s20d_clean_seed0_job330169,cream_cheese,18
137,3,0,73,3.3,1,1,1,-0.000936,0.005787,0.005659,0.000128,6,,trace_cream_cheese_s18_w0_10_s20d_clean_seed0_job330169,cream_cheese,18
141,4,0,77,3.8,1,1,1,-0.000463,0.004076,0.005203,-0.001127,4,,trace_cream_cheese_s18_w0_10_s20d_clean_seed0_job330169,cream_cheese,18
50,0,1,0,3.3,1,1,1,-6.4e-05,0.026617,0.027655,-0.001038,,,trace_cream_cheese_s19_w0_10_s20d_clean_seed0_job330170,cream_cheese,19
52,1,0,2,3.3,1,1,1,-6.6e-05,0.02381,0.025452,-0.001642,2,,trace_cream_cheese_s19_w0_10_s20d_clean_seed0_job330170,cream_cheese,19
111,2,0,61,3.8,1,1,1,-0.001118,0.004315,0.00864,-0.004325,59,,trace_cream_cheese_s19_w0_10_s20d_clean_seed0_job330170,cream_cheese,19
115,3,0,65,3.8,1,1,1,-0.000426,0.003126,0.005814,-0.002688,4,,trace_cream_cheese_s19_w0_10_s20d_clean_seed0_job330170,cream_cheese,19
119,4,0,69,3.3,1,1,1,-0.000152,0.004763,0.002953,0.00181,4,,trace_cream_cheese_s19_w0_10_s20d_clean_seed0_job330170,cream_cheese,19
54,0,0,-12,3.3,1,1,1,-6.9e-05,0.017141,0.019434,-0.002293,,,trace_cream_cheese_s20_w0_10_s20d_clean_seed0_job330171,cream_cheese,20
62,1,0,-4,3.8,1,1,1,-0.001352,0.002068,0.004596,-0.002528,8,,trace_cream_cheese_s20_w0_10_s20d_clean_seed0_job330171,cream_cheese,20
64,2,0,-2,3.8,1,1,1,-0.002028,0.001043,0.001409,-0.000366,2,,trace_cream_cheese_s20_w0_10_s20d_clean_seed0_job330171,cream_cheese,20
66,3,1,0,3.8,1,1,1,-0.002462,0.000479,0.000634,-0.000155,2,,trace_cream_cheese_s20_w0_10_s20d_clean_seed0_job330171,cream_cheese,20
68,4,0,2,3.8,1,1,1,-0.002681,0.00022,0.000297,-7.7e-05,2,,trace_cream_cheese_s20_w0_10_s20d_clean_seed0_job330171,cream_cheese,20
133,5,0,67,3.3,1,1,1,-0.002794,0.024118,0.029796,-0.005678,65,,trace_cream_cheese_s20_w0_10_s20d_clean_seed0_job330171,cream_cheese,20
138,6,0,72,3.8,1,1,1,-0.002073,0.00326,0.005085,-0.001825,5,,trace_cream_cheese_s20_w0_10_s20d_clean_seed0_job330171,cream_cheese,20
140,7,0,74,3.3,1,1,1,-0.001558,0.004182,0.003756,0.000426,2,,trace_cream_cheese_s20_w0_10_s20d_clean_seed0_job330171,cream_cheese,20
144,8,0,78,3.3,1,1,1,-0.000952,0.004284,0.002938,0.001346,4,,trace_cream_cheese_s20_w0_10_s20d_clean_seed0_job330171,cream_cheese,20
10,0,0,-44,3.8,1,1,1,-8e-06,0.00314,0.003461,-0.000321,,,trace_cream_cheese_s22_w0_10_s20d_clean_seed0_job330173,cream_cheese,22
54,1,1,0,3.3,1,1,1,-6.9e-05,0.026461,0.029039,-0.002578,44,,trace_cream_cheese_s22_w0_10_s20d_clean_seed0_job330173,cream_cheese,22
45,0,0,-106,3.3,1,1,1,-2.4e-05,0.013583,0.014722,-0.001139,,,trace_cream_cheese_s23_w0_10_s20d_clean_seed0_job330174,cream_cheese,23
61,1,0,-90,3.3,1,1,1,-0.003345,0.000637,0.000583,5.4e-05,16,,trace_cream_cheese_s23_w0_10_s20d_clean_seed0_job330174,cream_cheese,23
65,2,0,-86,3.8,1,1,1,-0.005834,0.001563,0.002207,-0.000644,4,,trace_cream_cheese_s23_w0_10_s20d_clean_seed0_job330174,cream_cheese,23
69,3,0,-82,3.8,1,1,1,-0.00797,0.001307,0.002044,-0.000737,4,,trace_cream_cheese_s23_w0_10_s20d_clean_seed0_job330174,cream_cheese,23
72,4,0,-79,3.3,1,1,1,-0.006726,0.000631,0.000355,0.000276,3,,trace_cream_cheese_s23_w0_10_s20d_clean_seed0_job330174,cream_cheese,23
76,5,0,-75,3.3,1,1,1,-0.003586,0.00072,0.000696,2.4e-05,4,,trace_cream_cheese_s23_w0_10_s20d_clean_seed0_job330174,cream_cheese,23
84,6,0,-67,3.8,1,1,1,-0.001545,0.001232,0.003524,-0.002292,8,,trace_cream_cheese_s23_w0_10_s20d_clean_seed0_job330174,cream_cheese,23
110,7,0,-41,3.8,1,1,1,4.8e-05,0.008123,0.023041,-0.014918,26,,trace_cream_cheese_s23_w0_10_s20d_clean_seed0_job330174,cream_cheese,23
136,8,0,-15,3.3,1,1,1,0.000619,0.029022,0.027263,0.001759,26,,trace_cream_cheese_s23_w0_10_s20d_clean_seed0_job330174,cream_cheese,23
138,9,0,-13,3.3,1,1,1,-0.002019,0.014566,0.02528,-0.010714,2,,trace_cream_cheese_s23_w0_10_s20d_clean_seed0_job330174,cream_cheese,23
145,10,0,-6,3.3,1,1,1,-0.018891,0.003029,0.002142,0.000887,7,,trace_cream_cheese_s23_w0_10_s20d_clean_seed0_job330174,cream_cheese,23
147,11,0,-4,3.3,1,1,1,-0.017479,0.004111,0.003755,0.000356,2,,trace_cream_cheese_s23_w0_10_s20d_clean_seed0_job330174,cream_cheese,23
151,12,1,0,3.8,1,1,1,-0.008618,0.003126,0.003358,-0.000232,4,,trace_cream_cheese_s23_w0_10_s20d_clean_seed0_job330174,cream_cheese,23
176,13,0,25,3.3,1,1,1,-2.5e-05,0.028406,0.038041,-0.009635,25,,trace_cream_cheese_s23_w0_10_s20d_clean_seed0_job330174,cream_cheese,23
219,14,0,68,3.3,1,1,1,0.000124,0.013966,0.017859,-0.003893,43,,trace_cream_cheese_s23_w0_10_s20d_clean_seed0_job330174,cream_cheese,23
221,15,0,70,3.8,1,1,1,6e-05,0.006296,0.011264,-0.004968,2,,trace_cream_cheese_s23_w0_10_s20d_clean_seed0_job330174,cream_cheese,23
225,16,0,74,3.3,1,1,1,1.3e-05,0.003667,0.001235,0.002432,4,,trace_cream_cheese_s23_w0_10_s20d_clean_seed0_job330174,cream_cheese,23
229,17,0,78,3.8,1,1,1,-4e-06,0.003978,0.004428,-0.00045,4,,trace_cream_cheese_s23_w0_10_s20d_clean_seed0_job330174,cream_cheese,23
231,18,0,80,3.3,1,1,1,2.4e-05,0.004561,0.003964,0.000597,2,,trace_cream_cheese_s23_w0_10_s20d_clean_seed0_job330174,cream_cheese,23
233,19,0,82,3.8,1,1,1,1e-05,0.004426,0.006176,-0.00175,2,,trace_cream_cheese_s23_w0_10_s20d_clean_seed0_job330174,cream_cheese,23
235,20,0,84,3.3,1,1,1,2.4e-05,0.005429,0.004504,0.000925,2,,trace_cream_cheese_s23_w0_10_s20d_clean_seed0_job330174,cream_cheese,23
56,0,1,0,3.3,1,1,1,-2.2e-05,0.023086,0.024098,-0.001012,,,trace_cream_cheese_s24_w0_10_s20d_clean_seed0_job330175,cream_cheese,24
58,1,0,2,3.3,1,1,1,1.8e-05,0.019655,0.021978,-0.002323,2,,trace_cream_cheese_s24_w0_10_s20d_clean_seed0_job330175,cream_cheese,24
60,2,0,4,3.3,1,1,1,1.7e-05,0.014934,0.017393,-0.002459,2,,trace_cream_cheese_s24_w0_10_s20d_clean_seed0_job330175,cream_cheese,24
122,3,0,66,3.8,1,1,1,0.000298,0.007334,0.010941,-0.003607,62,,trace_cream_cheese_s24_w0_10_s20d_clean_seed0_job330175,cream_cheese,24
129,4,0,73,3.3,1,1,1,0.000113,0.001181,0.001123,5.8e-05,7,,trace_cream_cheese_s24_w0_10_s20d_clean_seed0_job330175,cream_cheese,24
134,5,0,78,3.8,1,1,1,-1.7e-05,0.004518,0.004851,-0.000333,5,,trace_cream_cheese_s24_w0_10_s20d_clean_seed0_job330175,cream_cheese,24
136,6,0,80,3.3,1,1,1,-2.8e-05,0.00342,0.003324,9.6e-05,2,,trace_cream_cheese_s24_w0_10_s20d_clean_seed0_job330175,cream_cheese,24
9,0,0,-49,3.3,1,1,1,-3e-06,0.009175,0.00639,0.002785,,,trace_cream_cheese_s25_w0_10_s20d_clean_seed0_job330176,cream_cheese,25
58,1,1,0,3.3,1,1,1,-5.4e-05,0.024457,0.02374,0.000717,49,,trace_cream_cheese_s25_w0_10_s20d_clean_seed0_job330176,cream_cheese,25
60,2,0,2,3.3,1,1,1,6.2e-05,0.02364,0.02448,-0.00084,2,,trace_cream_cheese_s25_w0_10_s20d_clean_seed0_job330176,cream_cheese,25
62,3,0,4,3.3,1,1,1,0.00127,0.019501,0.022544,-0.003043,2,,trace_cream_cheese_s25_w0_10_s20d_clean_seed0_job330176,cream_cheese,25
113,4,0,55,3.3,1,1,1,0.000349,0.015808,0.021663,-0.005855,51,,trace_cream_cheese_s25_w0_10_s20d_clean_seed0_job330176,cream_cheese,25
117,5,0,59,3.3,1,1,1,0.000234,0.01201,0.013789,-0.001779,4,,trace_cream_cheese_s25_w0_10_s20d_clean_seed0_job330176,cream_cheese,25
122,6,0,64,3.8,1,1,1,9.1e-05,0.002534,0.008239,-0.005705,5,,trace_cream_cheese_s25_w0_10_s20d_clean_seed0_job330176,cream_cheese,25
124,7,0,66,3.3,1,1,1,1.1e-05,0.004152,0.002842,0.00131,2,,trace_cream_cheese_s25_w0_10_s20d_clean_seed0_job330176,cream_cheese,25
126,8,0,68,3.3,1,1,1,-5.4e-05,0.005054,0.004554,0.0005,2,,trace_cream_cheese_s25_w0_10_s20d_clean_seed0_job330176,cream_cheese,25
64,0,0,-49,3.3,1,1,1,-8e-06,0.020336,0.026053,-0.005717,,,trace_cream_cheese_s26_w0_10_s20d_clean_seed0_job330177,cream_cheese,26
66,1,0,-47,3.8,1,1,1,-2e-05,0.00313,0.011179,-0.008049,2,,trace_cream_cheese_s26_w0_10_s20d_clean_seed0_job330177,cream_cheese,26
70,2,0,-43,3.3,1,1,1,-9e-06,0.002021,0.000806,0.001215,4,,trace_cream_cheese_s26_w0_10_s20d_clean_seed0_job330177,cream_cheese,26
78,3,0,-35,3.3,1,1,1,-5e-05,0.001637,0.001433,0.000204,8,,trace_cream_cheese_s26_w0_10_s20d_clean_seed0_job330177,cream_cheese,26
113,4,1,0,3.3,1,1,1,-0.000114,0.018259,0.021653,-0.003394,35,,trace_cream_cheese_s26_w0_10_s20d_clean_seed0_job330177,cream_cheese,26
176,5,0,63,3.8,1,1,1,-0.002559,0.009807,0.016013,-0.006206,63,,trace_cream_cheese_s26_w0_10_s20d_clean_seed0_job330177,cream_cheese,26
183,6,0,70,3.8,1,1,1,-0.002191,0.002361,0.00357,-0.001209,7,,trace_cream_cheese_s26_w0_10_s20d_clean_seed0_job330177,cream_cheese,26
186,7,0,73,3.3,1,1,1,-0.001655,0.00466,0.003276,0.001384,3,,trace_cream_cheese_s26_w0_10_s20d_clean_seed0_job330177,cream_cheese,26
191,8,0,78,3.3,1,1,1,-0.001055,0.00352,0.000973,0.002547,5,,trace_cream_cheese_s26_w0_10_s20d_clean_seed0_job330177,cream_cheese,26
198,9,0,85,3.3,1,1,1,-0.000263,0.008078,0.007324,0.000754,7,,trace_cream_cheese_s26_w0_10_s20d_clean_seed0_job330177,cream_cheese,26
11,0,0,-108,3.3,1,1,1,-8e-06,0.006212,0.005919,0.000293,,,trace_cream_cheese_s27_w0_10_s20d_clean_seed0_job330178,cream_cheese,27
14,1,0,-105,3.3,1,1,1,-0.00019,0.012674,0.011966,0.000708,3,,trace_cream_cheese_s27_w0_10_s20d_clean_seed0_job330178,cream_cheese,27
73,2,0,-46,3.3,1,1,1,-6.9e-05,0.007069,0.006308,0.000761,59,,trace_cream_cheese_s27_w0_10_s20d_clean_seed0_job330178,cream_cheese,27
82,3,0,-37,3.3,1,1,1,-0.000149,0.007053,0.004372,0.002681,9,,trace_cream_cheese_s27_w0_10_s20d_clean_seed0_job330178,cream_cheese,27
96,4,0,-23,3.3,1,1,1,-0.000161,0.025426,0.024354,0.001072,14,,trace_cream_cheese_s27_w0_10_s20d_clean_seed0_job330178,cream_cheese,27
101,5,0,-18,3.3,1,1,1,0.000634,0.021989,0.026639,-0.00465,5,,trace_cream_cheese_s27_w0_10_s20d_clean_seed0_job330178,cream_cheese,27
119,6,1,0,3.8,1,1,1,-0.000915,0.001148,0.001241,-9.3e-05,18,,trace_cream_cheese_s27_w0_10_s20d_clean_seed0_job330178,cream_cheese,27
121,7,0,2,3.3,1,1,1,-0.000726,0.004384,0.002006,0.002378,2,,trace_cream_cheese_s27_w0_10_s20d_clean_seed0_job330178,cream_cheese,27
125,8,0,6,3.8,1,1,1,-0.000565,0.00074,0.001038,-0.000298,4,,trace_cream_cheese_s27_w0_10_s20d_clean_seed0_job330178,cream_cheese,27
175,9,0,56,3.3,1,1,1,-0.00037,0.016267,0.018585,-0.002318,50,,trace_cream_cheese_s27_w0_10_s20d_clean_seed0_job330178,cream_cheese,27
52,0,1,0,3.3,1,1,1,-2.4e-05,0.025958,0.024715,0.001243,,,trace_cream_cheese_s28_w0_10_s20d_clean_seed0_job330179,cream_cheese,28
108,1,0,56,3.8,1,1,1,0.002128,0.006923,0.00694,-1.7e-05,56,,trace_cream_cheese_s28_w0_10_s20d_clean_seed0_job330179,cream_cheese,28
113,2,0,61,3.8,1,1,1,0.001524,0.004594,0.009482,-0.004888,5,,trace_cream_cheese_s28_w0_10_s20d_clean_seed0_job330179,cream_cheese,28
59,0,1,0,3.3,1,1,1,-1.9e-05,0.024666,0.024212,0.000454,,,trace_cream_cheese_s29_w0_10_s20d_clean_seed0_job330180,cream_cheese,29
121,1,0,62,3.8,1,1,1,0.000736,0.004264,0.011083,-0.006819,62,,trace_cream_cheese_s29_w0_10_s20d_clean_seed0_job330180,cream_cheese,29
126,2,0,67,3.8,1,1,1,0.00034,0.003565,0.00443,-0.000865,5,,trace_cream_cheese_s29_w0_10_s20d_clean_seed0_job330180,cream_cheese,29
128,3,0,69,3.8,1,1,1,0.000171,0.003324,0.003472,-0.000148,2,,trace_cream_cheese_s29_w0_10_s20d_clean_seed0_job330180,cream_cheese,29
134,4,0,75,3.8,1,1,1,1.7e-05,0.001408,0.002338,-0.00093,6,,trace_cream_cheese_s29_w0_10_s20d_clean_seed0_job330180,cream_cheese,29
139,5,0,80,3.3,1,1,1,-1.5e-05,0.00256,0.001601,0.000959,5,,trace_cream_cheese_s29_w0_10_s20d_clean_seed0_job330180,cream_cheese,29
142,6,0,83,3.8,1,1,1,-1.8e-05,0.001107,0.00121,-0.000103,3,,trace_cream_cheese_s29_w0_10_s20d_clean_seed0_job330180,cream_cheese,29
148,7,0,89,3.8,1,1,1,-1.4e-05,0.001416,0.004621,-0.003205,6,,trace_cream_cheese_s29_w0_10_s20d_clean_seed0_job330180,cream_cheese,29
150,8,0,91,3.8,1,1,1,-1.5e-05,0.002103,0.002157,-5.4e-05,2,,trace_cream_cheese_s29_w0_10_s20d_clean_seed0_job330180,cream_cheese,29
157,9,0,98,3.3,1,1,1,-1.4e-05,0.004501,0.001764,0.002737,7,,trace_cream_cheese_s29_w0_10_s20d_clean_seed0_job330180,cream_cheese,29
162,10,0,103,3.8,1,1,1,-1.9e-05,0.000787,0.005222,-0.004435,5,,trace_cream_cheese_s29_w0_10_s20d_clean_seed0_job330180,cream_cheese,29
165,11,0,106,3.8,1,1,1,-1.1e-05,0.002358,0.003375,-0.001017,3,,trace_cream_cheese_s29_w0_10_s20d_clean_seed0_job330180,cream_cheese,29
168,12,0,109,3.8,1,1,1,-1.5e-05,0.001144,0.001486,-0.000342,3,,trace_cream_cheese_s29_w0_10_s20d_clean_seed0_job330180,cream_cheese,29
172,13,0,113,3.8,1,1,1,-1.6e-05,0.003917,0.004328,-0.000411,4,,trace_cream_cheese_s29_w0_10_s20d_clean_seed0_job330180,cream_cheese,29
176,14,0,117,3.8,1,1,1,-5e-06,0.000865,0.002412,-0.001547,4,,trace_cream_cheese_s29_w0_10_s20d_clean_seed0_job330180,cream_cheese,29
181,15,0,122,3.8,1,1,1,0.0,0.000937,0.003954,-0.003017,5,,trace_cream_cheese_s29_w0_10_s20d_clean_seed0_job330180,cream_cheese,29
186,16,0,127,3.8,1,1,1,1e-06,0.001259,0.00238,-0.001121,5,,trace_cream_cheese_s29_w0_10_s20d_clean_seed0_job330180,cream_cheese,29
192,17,0,133,3.3,1,1,1,6e-06,0.005678,0.001445,0.004233,6,,trace_cream_cheese_s29_w0_10_s20d_clean_seed0_job330180,cream_cheese,29
198,18,0,139,3.8,1,1,1,-4e-06,0.001541,0.004508,-0.002967,6,,trace_cream_cheese_s29_w0_10_s20d_clean_seed0_job330180,cream_cheese,29
203,19,0,144,3.3,1,1,1,9e-06,0.004731,0.004728,3e-06,5,,trace_cream_cheese_s29_w0_10_s20d_clean_seed0_job330180,cream_cheese,29
49,0,1,0,3.3,1,1,1,-4.3e-05,0.027137,0.026702,0.000435,,,trace_cream_cheese_s30_w0_10_s20d_clean_seed0_job330181,cream_cheese,30
105,1,0,56,3.3,1,1,1,-0.001103,0.017333,0.023538,-0.006205,56,,trace_cream_cheese_s30_w0_10_s20d_clean_seed0_job330181,cream_cheese,30
110,2,0,61,3.3,1,1,1,-0.000906,0.010033,0.013879,-0.003846,5,,trace_cream_cheese_s30_w0_10_s20d_clean_seed0_job330181,cream_cheese,30
115,3,0,66,3.3,1,1,1,-0.000314,0.011057,0.006983,0.004074,5,,trace_cream_cheese_s30_w0_10_s20d_clean_seed0_job330181,cream_cheese,30
117,4,0,68,3.8,1,1,1,-0.00019,0.005194,0.008443,-0.003249,2,,trace_cream_cheese_s30_w0_10_s20d_clean_seed0_job330181,cream_cheese,30
122,5,0,73,3.3,1,1,1,-9.1e-05,0.00786,0.001058,0.006802,5,,trace_cream_cheese_s30_w0_10_s20d_clean_seed0_job330181,cream_cheese,30
52,0,1,0,3.3,1,1,1,-3.1e-05,0.02426,0.025068,-0.000808,,,trace_cream_cheese_s31_w0_10_s20d_clean_seed0_job330182,cream_cheese,31
110,1,0,58,3.3,1,1,1,-0.000945,0.015523,0.017816,-0.002293,58,,trace_cream_cheese_s31_w0_10_s20d_clean_seed0_job330182,cream_cheese,31
56,0,1,0,3.3,1,1,1,-2e-05,0.012232,0.016269,-0.004037,,,trace_cream_cheese_s32_w0_10_s20d_clean_seed0_job330183,cream_cheese,32
118,1,0,62,3.3,1,1,1,0.000311,0.012695,0.021383,-0.008688,62,,trace_cream_cheese_s32_w0_10_s20d_clean_seed0_job330183,cream_cheese,32
120,2,0,64,3.8,1,1,1,0.000194,0.004278,0.004363,-8.5e-05,2,,trace_cream_cheese_s32_w0_10_s20d_clean_seed0_job330183,cream_cheese,32
123,3,0,67,3.3,1,1,1,0.000106,0.003711,0.002208,0.001503,3,,trace_cream_cheese_s32_w0_10_s20d_clean_seed0_job330183,cream_cheese,32
128,4,0,72,3.3,1,1,1,-4.6e-05,0.010511,0.008354,0.002157,5,,trace_cream_cheese_s32_w0_10_s20d_clean_seed0_job330183,cream_cheese,32
55,0,1,0,3.3,1,1,1,-6.9e-05,0.0237,0.022867,0.000833,,,trace_cream_cheese_s33_w0_10_s20d_clean_seed0_job330184,cream_cheese,33
115,1,0,60,3.8,1,1,1,-0.001179,0.003311,0.007863,-0.004552,60,,trace_cream_cheese_s33_w0_10_s20d_clean_seed0_job330184,cream_cheese,33
117,2,0,62,3.3,1,1,1,-0.000756,0.003079,0.00264,0.000439,2,,trace_cream_cheese_s33_w0_10_s20d_clean_seed0_job330184,cream_cheese,33
121,3,0,66,3.3,1,1,1,-0.000242,0.003456,0.003218,0.000238,4,,trace_cream_cheese_s33_w0_10_s20d_clean_seed0_job330184,cream_cheese,33
12,0,0,-102,3.3,1,1,1,-1.4e-05,0.008279,0.007981,0.000298,,,trace_cream_cheese_s34_w0_10_s20d_clean_seed0_job330185,cream_cheese,34
15,1,0,-99,3.3,1,1,1,-7.7e-05,0.011605,0.011602,3e-06,3,,trace_cream_cheese_s34_w0_10_s20d_clean_seed0_job330185,cream_cheese,34
77,2,0,-37,3.8,1,1,1,-9.8e-05,0.005455,0.006633,-0.001178,62,,trace_cream_cheese_s34_w0_10_s20d_clean_seed0_job330185,cream_cheese,34
88,3,0,-26,3.8,1,1,1,-0.000223,0.003882,0.005147,-0.001265,11,,trace_cream_cheese_s34_w0_10_s20d_clean_seed0_job330185,cream_cheese,34
91,4,0,-23,3.3,1,1,1,-0.000207,0.008302,0.008139,0.000163,3,,trace_cream_cheese_s34_w0_10_s20d_clean_seed0_job330185,cream_cheese,34
95,5,0,-19,3.8,1,1,1,-0.000139,0.004841,0.008887,-0.004046,4,,trace_cream_cheese_s34_w0_10_s20d_clean_seed0_job330185,cream_cheese,34
98,6,0,-16,3.3,1,1,1,-0.000188,0.00401,0.003021,0.000989,3,,trace_cream_cheese_s34_w0_10_s20d_clean_seed0_job330185,cream_cheese,34
103,7,0,-11,3.8,1,1,1,-0.000195,0.009808,0.011813,-0.002005,5,,trace_cream_cheese_s34_w0_10_s20d_clean_seed0_job330185,cream_cheese,34
114,8,1,0,3.3,1,1,1,-0.000109,0.029862,0.028626,0.001236,11,,trace_cream_cheese_s34_w0_10_s20d_clean_seed0_job330185,cream_cheese,34
116,9,0,2,3.8,1,1,1,-0.000117,0.008748,0.019805,-0.011057,2,,trace_cream_cheese_s34_w0_10_s20d_clean_seed0_job330185,cream_cheese,34
118,10,0,4,3.3,1,1,1,-0.000222,0.001269,0.000759,0.00051,2,,trace_cream_cheese_s34_w0_10_s20d_clean_seed0_job330185,cream_cheese,34
178,11,0,64,3.3,1,1,1,-0.003552,0.019056,0.024429,-0.005373,60,,trace_cream_cheese_s34_w0_10_s20d_clean_seed0_job330185,cream_cheese,34
183,12,0,69,3.3,1,1,1,-0.002217,0.006319,0.00128,0.005039,5,,trace_cream_cheese_s34_w0_10_s20d_clean_seed0_job330185,cream_cheese,34
49,0,0,-71,3.3,1,1,1,-2.5e-05,0.022002,0.021896,0.000106,,,trace_cream_cheese_s36_w0_10_s20d_clean_seed0_job330187,cream_cheese,36
53,1,0,-67,3.3,1,1,1,1.3e-05,0.018793,0.02003,-0.001237,4,,trace_cream_cheese_s36_w0_10_s20d_clean_seed0_job330187,cream_cheese,36
76,2,0,-44,3.8,1,1,1,0.00083,0.00013,0.000145,-1.5e-05,23,,trace_cream_cheese_s36_w0_10_s20d_clean_seed0_job330187,cream_cheese,36
81,3,0,-39,3.8,1,1,1,0.000606,0.000135,0.000144,-9e-06,5,,trace_cream_cheese_s36_w0_10_s20d_clean_seed0_job330187,cream_cheese,36
120,4,1,0,3.3,1,1,1,0.000949,0.001078,0.000371,0.000707,39,,trace_cream_cheese_s36_w0_10_s20d_clean_seed0_job330187,cream_cheese,36
182,5,0,62,3.8,1,1,1,0.00076,0.008975,0.012604,-0.003629,62,,trace_cream_cheese_s36_w0_10_s20d_clean_seed0_job330187,cream_cheese,36
54,0,1,0,3.3,1,1,1,-2.8e-05,0.025547,0.026938,-0.001391,,,trace_cream_cheese_s37_w0_10_s20d_clean_seed0_job330188,cream_cheese,37
56,1,0,2,3.3,1,1,1,-1e-05,0.018953,0.021474,-0.002521,2,,trace_cream_cheese_s37_w0_10_s20d_clean_seed0_job330188,cream_cheese,37
120,2,0,66,3.3,1,1,1,-0.00264,0.004251,0.002528,0.001723,64,,trace_cream_cheese_s37_w0_10_s20d_clean_seed0_job330188,cream_cheese,37
123,3,0,69,3.3,1,1,1,-0.00175,0.009632,0.008022,0.00161,3,,trace_cream_cheese_s37_w0_10_s20d_clean_seed0_job330188,cream_cheese,37
126,4,0,72,3.3,1,1,1,-0.000932,0.003919,0.003013,0.000906,3,,trace_cream_cheese_s37_w0_10_s20d_clean_seed0_job330188,cream_cheese,37
132,5,0,78,3.3,1,1,1,-0.000124,0.014495,0.007161,0.007334,6,,trace_cream_cheese_s37_w0_10_s20d_clean_seed0_job330188,cream_cheese,37
47,0,1,0,3.3,1,1,1,-2.3e-05,0.023149,0.023322,-0.000173,,,trace_cream_cheese_s38_w0_10_s20d_clean_seed0_job330189,cream_cheese,38
109,1,0,62,3.3,1,1,1,0.000446,0.010755,0.000808,0.009947,62,,trace_cream_cheese_s38_w0_10_s20d_clean_seed0_job330189,cream_cheese,38
115,2,0,68,3.3,1,1,1,2e-05,0.004314,0.003317,0.000997,6,,trace_cream_cheese_s38_w0_10_s20d_clean_seed0_job330189,cream_cheese,38
120,3,0,73,3.3,1,1,1,-1.6e-05,0.003499,0.002899,0.0006,5,,trace_cream_cheese_s38_w0_10_s20d_clean_seed0_job330189,cream_cheese,38
125,4,0,78,3.3,1,1,1,-1.1e-05,0.003846,0.003076,0.00077,5,,trace_cream_cheese_s38_w0_10_s20d_clean_seed0_job330189,cream_cheese,38
54,0,1,0,3.3,1,1,1,-3.1e-05,0.014361,0.016429,-0.002068,,,trace_cream_cheese_s39_w0_10_s20d_clean_seed0_job330190,cream_cheese,39
62,1,0,8,3.3,1,1,1,-0.000674,0.000905,0.000801,0.000104,8,,trace_cream_cheese_s39_w0_10_s20d_clean_seed0_job330190,cream_cheese,39
119,2,0,65,3.3,1,1,1,0.000349,0.017468,0.023406,-0.005938,57,,trace_cream_cheese_s39_w0_10_s20d_clean_seed0_job330190,cream_cheese,39
121,3,0,67,3.8,1,1,1,0.000251,0.00546,0.010417,-0.004957,2,,trace_cream_cheese_s39_w0_10_s20d_clean_seed0_job330190,cream_cheese,39
128,4,0,74,3.3,1,1,1,2.8e-05,0.010946,0.008693,0.002253,7,,trace_cream_cheese_s39_w0_10_s20d_clean_seed0_job330190,cream_cheese,39
60,0,0,-11,3.8,1,1,1,0.000175,8.9e-05,0.00055,-0.000461,,,trace_cream_cheese_s40_w0_10_s20d_clean_seed0_job330191,cream_cheese,40
71,1,1,0,3.8,1,1,1,-0.000386,5.6e-05,6e-05,-4e-06,11,,trace_cream_cheese_s40_w0_10_s20d_clean_seed0_job330191,cream_cheese,40
76,2,0,5,3.3,1,1,1,-0.000642,0.000308,0.000125,0.000183,5,,trace_cream_cheese_s40_w0_10_s20d_clean_seed0_job330191,cream_cheese,40
141,3,0,70,3.3,1,1,1,-0.000483,0.005052,0.004223,0.000829,65,,trace_cream_cheese_s40_w0_10_s20d_clean_seed0_job330191,cream_cheese,40
144,4,0,73,3.3,1,1,1,-0.000177,0.004214,0.003493,0.000721,3,,trace_cream_cheese_s40_w0_10_s20d_clean_seed0_job330191,cream_cheese,40
64,0,1,0,3.3,1,1,1,4e-06,0.029338,0.028757,0.000581,,,trace_cream_cheese_s41_w0_10_s20d_clean_seed0_job330192,cream_cheese,41
128,1,0,64,3.8,1,1,1,0.001633,0.00107,0.001502,-0.000432,64,,trace_cream_cheese_s41_w0_10_s20d_clean_seed0_job330192,cream_cheese,41
156,2,0,92,3.3,1,1,1,0.001008,0.006998,0.004146,0.002852,28,,trace_cream_cheese_s41_w0_10_s20d_clean_seed0_job330192,cream_cheese,41
64,0,1,0,3.8,1,1,1,-0.001076,0.000772,0.001338,-0.000566,,,trace_cream_cheese_s43_w0_10_s20d_clean_seed0_job330194,cream_cheese,43
84,1,0,20,3.8,1,1,1,-0.005751,0.000934,0.001065,-0.000131,20,,trace_cream_cheese_s43_w0_10_s20d_clean_seed0_job330194,cream_cheese,43
90,2,0,26,3.3,1,1,1,-0.006195,0.00092,0.000622,0.000298,6,,trace_cream_cheese_s43_w0_10_s20d_clean_seed0_job330194,cream_cheese,43
92,3,0,28,3.8,1,1,1,-0.006185,0.000397,0.00096,-0.000563,2,,trace_cream_cheese_s43_w0_10_s20d_clean_seed0_job330194,cream_cheese,43
96,4,0,32,3.3,1,1,1,-0.006237,0.000332,0.000226,0.000106,4,,trace_cream_cheese_s43_w0_10_s20d_clean_seed0_job330194,cream_cheese,43
123,5,0,59,3.8,1,1,1,-0.001941,0.00108,0.00113,-5e-05,27,,trace_cream_cheese_s43_w0_10_s20d_clean_seed0_job330194,cream_cheese,43
228,6,0,164,3.8,1,1,1,-0.003525,0.000112,0.000127,-1.5e-05,105,,trace_cream_cheese_s43_w0_10_s20d_clean_seed0_job330194,cream_cheese,43
244,7,0,180,3.3,1,1,1,-0.001573,0.013277,0.011231,0.002046,16,,trace_cream_cheese_s43_w0_10_s20d_clean_seed0_job330194,cream_cheese,43
250,8,0,186,3.3,1,1,1,-0.000893,0.003726,0.001729,0.001997,6,,trace_cream_cheese_s43_w0_10_s20d_clean_seed0_job330194,cream_cheese,43
254,9,0,190,3.3,1,1,1,-0.001753,0.001575,0.001195,0.00038,4,,trace_cream_cheese_s43_w0_10_s20d_clean_seed0_job330194,cream_cheese,43
259,10,0,195,3.3,1,1,1,-0.000161,0.009283,0.002051,0.007232,5,,trace_cream_cheese_s43_w0_10_s20d_clean_seed0_job330194,cream_cheese,43
265,11,0,201,3.3,1,1,1,-7e-06,0.006381,0.004583,0.001798,6,,trace_cream_cheese_s43_w0_10_s20d_clean_seed0_job330194,cream_cheese,43
275,12,0,211,3.8,1,1,1,-0.000266,0.004523,0.007959,-0.003436,10,,trace_cream_cheese_s43_w0_10_s20d_clean_seed0_job330194,cream_cheese,43
278,13,0,214,3.8,1,1,1,-8.3e-05,0.009479,0.012326,-0.002847,3,,trace_cream_cheese_s43_w0_10_s20d_clean_seed0_job330194,cream_cheese,43
50,0,1,0,3.3,1,1,1,-3.5e-05,0.026221,0.026398,-0.000177,,,trace_cream_cheese_s44_w0_10_s20d_clean_seed0_job330195,cream_cheese,44
105,1,0,55,3.8,1,1,1,0.002688,0.005414,0.007859,-0.002445,55,,trace_cream_cheese_s44_w0_10_s20d_clean_seed0_job330195,cream_cheese,44
109,2,0,59,3.3,1,1,1,0.002195,0.009844,0.005748,0.004096,4,,trace_cream_cheese_s44_w0_10_s20d_clean_seed0_job330195,cream_cheese,44
113,3,0,63,3.8,1,1,1,0.001571,0.005595,0.008751,-0.003156,4,,trace_cream_cheese_s44_w0_10_s20d_clean_seed0_job330195,cream_cheese,44
116,4,0,66,3.3,1,1,1,0.001054,0.005794,0.004538,0.001256,3,,trace_cream_cheese_s44_w0_10_s20d_clean_seed0_job330195,cream_cheese,44
120,5,0,70,3.3,1,1,1,0.000642,0.004043,0.00263,0.001413,4,,trace_cream_cheese_s44_w0_10_s20d_clean_seed0_job330195,cream_cheese,44
124,6,0,74,3.8,1,1,1,0.000211,0.003149,0.005679,-0.00253,4,,trace_cream_cheese_s44_w0_10_s20d_clean_seed0_job330195,cream_cheese,44
129,7,0,79,3.3,1,1,1,-0.000125,0.008114,0.004195,0.003919,5,,trace_cream_cheese_s44_w0_10_s20d_clean_seed0_job330195,cream_cheese,44
139,8,0,89,3.3,1,1,1,-0.000197,0.016252,0.01564,0.000612,10,,trace_cream_cheese_s44_w0_10_s20d_clean_seed0_job330195,cream_cheese,44
51,0,1,0,3.3,1,1,1,-1.2e-05,0.027423,0.027008,0.000415,,,trace_cream_cheese_s45_w0_10_s20d_clean_seed0_job330196,cream_cheese,45
115,1,0,64,3.3,1,1,1,0.000216,0.012638,0.017107,-0.004469,64,,trace_cream_cheese_s45_w0_10_s20d_clean_seed0_job330196,cream_cheese,45
120,2,0,69,3.3,1,1,1,5.7e-05,0.003779,0.001562,0.002217,5,,trace_cream_cheese_s45_w0_10_s20d_clean_seed0_job330196,cream_cheese,45
125,3,0,74,3.8,1,1,1,3.3e-05,0.000872,0.000969,-9.7e-05,5,,trace_cream_cheese_s45_w0_10_s20d_clean_seed0_job330196,cream_cheese,45
133,4,0,82,3.8,1,1,1,4.6e-05,0.001675,0.003096,-0.001421,8,,trace_cream_cheese_s45_w0_10_s20d_clean_seed0_job330196,cream_cheese,45
42,0,1,0,3.3,1,1,1,-2e-05,0.023306,0.023799,-0.000493,,,trace_cream_cheese_s46_w0_10_s20d_clean_seed0_job330197,cream_cheese,46
44,1,0,2,3.3,1,1,1,-2.5e-05,0.017944,0.02114,-0.003196,2,,trace_cream_cheese_s46_w0_10_s20d_clean_seed0_job330197,cream_cheese,46
106,2,0,64,3.3,1,1,1,-0.000911,0.011199,0.016513,-0.005314,62,,trace_cream_cheese_s46_w0_10_s20d_clean_seed0_job330197,cream_cheese,46
109,3,0,67,3.3,1,1,1,-0.000606,0.003869,0.00223,0.001639,3,,trace_cream_cheese_s46_w0_10_s20d_clean_seed0_job330197,cream_cheese,46
113,4,0,71,3.3,1,1,1,-0.000292,0.002355,0.002267,8.8e-05,4,,trace_cream_cheese_s46_w0_10_s20d_clean_seed0_job330197,cream_cheese,46
115,5,0,73,3.3,1,1,1,-0.000221,0.004329,0.003714,0.000615,2,,trace_cream_cheese_s46_w0_10_s20d_clean_seed0_job330197,cream_cheese,46
121,6,0,79,3.3,1,1,1,-0.000172,0.002545,0.001201,0.001344,6,,trace_cream_cheese_s46_w0_10_s20d_clean_seed0_job330197,cream_cheese,46
130,7,0,88,3.3,1,1,1,-0.000164,0.001834,0.001014,0.00082,9,,trace_cream_cheese_s46_w0_10_s20d_clean_seed0_job330197,cream_cheese,46
141,8,0,99,3.3,1,1,1,-0.000195,0.003927,0.001741,0.002186,11,,trace_cream_cheese_s46_w0_10_s20d_clean_seed0_job330197,cream_cheese,46
147,9,0,105,3.8,1,1,1,-0.00018,0.001731,0.003952,-0.002221,6,,trace_cream_cheese_s46_w0_10_s20d_clean_seed0_job330197,cream_cheese,46
151,10,0,109,3.3,1,1,1,-0.000182,0.003954,0.002224,0.00173,4,,trace_cream_cheese_s46_w0_10_s20d_clean_seed0_job330197,cream_cheese,46
156,11,0,114,3.8,1,1,1,-0.000193,0.001184,0.002727,-0.001543,5,,trace_cream_cheese_s46_w0_10_s20d_clean_seed0_job330197,cream_cheese,46
160,12,0,118,3.8,1,1,1,-0.000197,0.002468,0.002606,-0.000138,4,,trace_cream_cheese_s46_w0_10_s20d_clean_seed0_job330197,cream_cheese,46
167,13,0,125,3.3,1,1,1,-0.000231,0.001949,0.000633,0.001316,7,,trace_cream_cheese_s46_w0_10_s20d_clean_seed0_job330197,cream_cheese,46
171,14,0,129,3.8,1,1,1,-0.00024,0.000967,0.00109,-0.000123,4,,trace_cream_cheese_s46_w0_10_s20d_clean_seed0_job330197,cream_cheese,46
176,15,0,134,3.3,1,1,1,-0.00026,0.001262,0.00083,0.000432,5,,trace_cream_cheese_s46_w0_10_s20d_clean_seed0_job330197,cream_cheese,46
182,16,0,140,3.3,1,1,1,-0.000287,0.001174,0.000696,0.000478,6,,trace_cream_cheese_s46_w0_10_s20d_clean_seed0_job330197,cream_cheese,46
188,17,0,146,3.3,1,1,1,-0.000237,0.013911,0.012529,0.001382,6,,trace_cream_cheese_s46_w0_10_s20d_clean_seed0_job330197,cream_cheese,46
43,0,1,0,3.3,1,1,1,-1.7e-05,0.025255,0.025513,-0.000258,,,trace_cream_cheese_s47_w0_10_s20d_clean_seed0_job330198,cream_cheese,47
107,1,0,64,3.8,1,1,1,0.001204,0.0034,0.004262,-0.000862,64,,trace_cream_cheese_s47_w0_10_s20d_clean_seed0_job330198,cream_cheese,47
113,2,0,70,3.3,1,1,1,0.000399,0.007414,0.007381,3.3e-05,6,,trace_cream_cheese_s47_w0_10_s20d_clean_seed0_job330198,cream_cheese,47
42,0,0,-6,3.3,1,1,1,-2.3e-05,0.028541,0.027221,0.00132,,,trace_cream_cheese_s49_w0_10_s20d_clean_seed0_job330200,cream_cheese,49
46,1,0,-2,3.8,1,1,1,-0.000837,0.00054,0.001826,-0.001286,4,,trace_cream_cheese_s49_w0_10_s20d_clean_seed0_job330200,cream_cheese,49
48,2,1,0,3.8,1,1,1,-0.000896,5.2e-05,0.000165,-0.000113,2,,trace_cream_cheese_s49_w0_10_s20d_clean_seed0_job330200,cream_cheese,49
50,3,0,2,3.8,1,1,1,-0.00087,7.7e-05,0.000101,-2.4e-05,2,,trace_cream_cheese_s49_w0_10_s20d_clean_seed0_job330200,cream_cheese,49
56,0,1,0,3.8,1,1,1,-0.000121,0.005923,0.006444,-0.000521,,,trace_ketchup_s10_w0_10_s20d_clean_seed0_job330201,ketchup,10
143,1,0,87,3.8,1,1,1,-4.3e-05,0.00346,0.007761,-0.004301,87,,trace_ketchup_s10_w0_10_s20d_clean_seed0_job330201,ketchup,10
146,2,0,90,3.3,1,1,1,8.2e-05,0.002822,0.002224,0.000598,3,,trace_ketchup_s10_w0_10_s20d_clean_seed0_job330201,ketchup,10
154,3,0,98,3.8,1,1,1,-7.1e-05,0.001373,0.003365,-0.001992,8,,trace_ketchup_s10_w0_10_s20d_clean_seed0_job330201,ketchup,10
159,4,0,103,3.3,1,1,1,-6.1e-05,0.002802,0.001438,0.001364,5,,trace_ketchup_s10_w0_10_s20d_clean_seed0_job330201,ketchup,10
163,5,0,107,3.8,1,1,1,8.9e-05,0.001757,0.003988,-0.002231,4,,trace_ketchup_s10_w0_10_s20d_clean_seed0_job330201,ketchup,10
43,0,1,0,3.3,1,1,1,3.3e-05,0.014467,0.020638,-0.006171,,,trace_ketchup_s11_w0_10_s20d_clean_seed0_job330202,ketchup,11
45,1,0,2,3.8,1,1,1,0.000115,0.005813,0.009074,-0.003261,2,,trace_ketchup_s11_w0_10_s20d_clean_seed0_job330202,ketchup,11
112,2,0,69,3.3,1,1,1,7.6e-05,0.01811,0.019439,-0.001329,67,,trace_ketchup_s11_w0_10_s20d_clean_seed0_job330202,ketchup,11
117,3,0,74,3.8,1,1,1,0.001025,0.00748,0.007607,-0.000127,5,,trace_ketchup_s11_w0_10_s20d_clean_seed0_job330202,ketchup,11
164,4,0,121,3.8,1,1,1,-0.000216,0.006716,0.018137,-0.011421,47,,trace_ketchup_s11_w0_10_s20d_clean_seed0_job330202,ketchup,11
170,5,0,127,3.8,1,1,1,-0.000158,0.00068,0.006114,-0.005434,6,,trace_ketchup_s11_w0_10_s20d_clean_seed0_job330202,ketchup,11
173,6,0,130,3.8,1,1,1,-0.000117,0.003798,0.005372,-0.001574,3,,trace_ketchup_s11_w0_10_s20d_clean_seed0_job330202,ketchup,11
223,7,0,180,3.3,1,1,1,-6.9e-05,0.020654,0.017904,0.00275,50,,trace_ketchup_s11_w0_10_s20d_clean_seed0_job330202,ketchup,11
226,8,0,183,3.8,1,1,1,-0.005035,0.003227,0.010709,-0.007482,3,,trace_ketchup_s11_w0_10_s20d_clean_seed0_job330202,ketchup,11
228,9,0,185,3.8,1,1,1,-0.006287,0.000528,0.000529,-1e-06,2,,trace_ketchup_s11_w0_10_s20d_clean_seed0_job330202,ketchup,11
233,10,0,190,3.8,1,1,1,-0.003328,0.000756,0.000939,-0.000183,5,,trace_ketchup_s11_w0_10_s20d_clean_seed0_job330202,ketchup,11
37,0,0,-3,3.3,1,1,1,-3.4e-05,0.021913,0.022993,-0.00108,,,trace_ketchup_s12_w0_10_s20d_clean_seed0_job330203,ketchup,12
40,1,1,0,3.3,1,1,1,0.000107,0.014999,0.01799,-0.002991,3,,trace_ketchup_s12_w0_10_s20d_clean_seed0_job330203,ketchup,12
155,2,0,115,3.8,1,1,1,-0.000704,0.005178,0.006294,-0.001116,115,,trace_ketchup_s12_w0_10_s20d_clean_seed0_job330203,ketchup,12
162,3,0,122,3.8,1,1,1,-2.5e-05,0.002257,0.003062,-0.000805,7,,trace_ketchup_s12_w0_10_s20d_clean_seed0_job330203,ketchup,12
166,4,0,126,3.8,1,1,1,0.000348,0.000891,0.001111,-0.00022,4,,trace_ketchup_s12_w0_10_s20d_clean_seed0_job330203,ketchup,12
170,5,0,130,3.3,1,1,1,0.002768,0.001015,0.000602,0.000413,4,,trace_ketchup_s12_w0_10_s20d_clean_seed0_job330203,ketchup,12
182,6,0,142,3.8,1,1,1,0.000902,0.000399,0.000709,-0.00031,12,,trace_ketchup_s12_w0_10_s20d_clean_seed0_job330203,ketchup,12
188,7,0,148,3.3,1,1,1,0.000581,0.001985,0.001975,1e-05,6,,trace_ketchup_s12_w0_10_s20d_clean_seed0_job330203,ketchup,12
191,8,0,151,3.8,1,1,1,0.00027,0.001315,0.001746,-0.000431,3,,trace_ketchup_s12_w0_10_s20d_clean_seed0_job330203,ketchup,12
196,9,0,156,3.3,1,1,1,-4.2e-05,0.001605,0.001529,7.6e-05,5,,trace_ketchup_s12_w0_10_s20d_clean_seed0_job330203,ketchup,12
198,10,0,158,3.8,1,1,1,3.7e-05,0.001143,0.001657,-0.000514,2,,trace_ketchup_s12_w0_10_s20d_clean_seed0_job330203,ketchup,12
202,11,0,162,3.3,1,1,1,0.000272,0.001046,0.000758,0.000288,4,,trace_ketchup_s12_w0_10_s20d_clean_seed0_job330203,ketchup,12
207,12,0,167,3.8,1,1,1,-0.000187,0.001505,0.001725,-0.00022,5,,trace_ketchup_s12_w0_10_s20d_clean_seed0_job330203,ketchup,12
212,13,0,172,3.8,1,1,1,-1.4e-05,0.000838,0.001475,-0.000637,5,,trace_ketchup_s12_w0_10_s20d_clean_seed0_job330203,ketchup,12
7,0,0,-53,3.8,1,1,1,-3e-06,0.000474,0.000813,-0.000339,,,trace_ketchup_s13_w0_10_s20d_clean_seed0_job330204,ketchup,13
58,1,0,-2,3.3,1,1,1,-0.000111,0.020095,0.020258,-0.000163,51,,trace_ketchup_s13_w0_10_s20d_clean_seed0_job330204,ketchup,13
60,2,1,0,3.3,1,1,1,-3.6e-05,0.015839,0.019012,-0.003173,2,,trace_ketchup_s13_w0_10_s20d_clean_seed0_job330204,ketchup,13
148,3,0,88,3.3,1,1,1,-1e-06,0.003578,0.002295,0.001283,88,,trace_ketchup_s13_w0_10_s20d_clean_seed0_job330204,ketchup,13
4,0,0,-64,3.8,1,1,1,-1e-06,0.000692,0.000798,-0.000106,,,trace_ketchup_s14_w0_10_s20d_clean_seed0_job330205,ketchup,14
9,1,0,-59,3.8,1,1,1,-3e-06,0.000688,0.000892,-0.000204,5,,trace_ketchup_s14_w0_10_s20d_clean_seed0_job330205,ketchup,14
61,2,0,-7,3.8,1,1,1,7.8e-05,0.007098,0.008723,-0.001625,52,,trace_ketchup_s14_w0_10_s20d_clean_seed0_job330205,ketchup,14
68,3,1,0,3.8,1,1,1,0.000148,0.004272,0.004511,-0.000239,7,,trace_ketchup_s14_w0_10_s20d_clean_seed0_job330205,ketchup,14
71,4,0,3,3.8,1,1,1,0.00013,0.002414,0.002756,-0.000342,3,,trace_ketchup_s14_w0_10_s20d_clean_seed0_job330205,ketchup,14
92,5,0,24,3.3,1,1,1,9.2e-05,0.00251,0.002373,0.000137,21,,trace_ketchup_s14_w0_10_s20d_clean_seed0_job330205,ketchup,14
104,6,0,36,3.8,1,1,1,7e-05,0.000928,0.001002,-7.4e-05,12,,trace_ketchup_s14_w0_10_s20d_clean_seed0_job330205,ketchup,14
129,7,0,61,3.3,1,1,1,5.1e-05,0.021814,0.02255,-0.000736,25,,trace_ketchup_s14_w0_10_s20d_clean_seed0_job330205,ketchup,14
162,8,0,94,3.8,1,1,1,-5.4e-05,0.000893,0.004373,-0.00348,33,,trace_ketchup_s14_w0_10_s20d_clean_seed0_job330205,ketchup,14
184,9,0,116,3.3,1,1,1,-9.8e-05,0.020132,0.016976,0.003156,22,,trace_ketchup_s14_w0_10_s20d_clean_seed0_job330205,ketchup,14
209,10,0,141,3.3,1,1,1,-9.7e-05,0.010666,0.01624,-0.005574,25,,trace_ketchup_s14_w0_10_s20d_clean_seed0_job330205,ketchup,14
228,11,0,160,3.3,1,1,1,-0.000121,0.01548,0.011901,0.003579,19,,trace_ketchup_s14_w0_10_s20d_clean_seed0_job330205,ketchup,14
230,12,0,162,3.3,1,1,1,-0.000116,0.012928,0.014869,-0.001941,2,,trace_ketchup_s14_w0_10_s20d_clean_seed0_job330205,ketchup,14
252,13,0,184,3.3,1,1,1,-0.00013,0.016432,0.019691,-0.003259,22,,trace_ketchup_s14_w0_10_s20d_clean_seed0_job330205,ketchup,14
254,14,0,186,3.8,1,1,1,-0.000125,0.002243,0.010285,-0.008042,2,,trace_ketchup_s14_w0_10_s20d_clean_seed0_job330205,ketchup,14
258,15,0,190,3.3,1,1,1,-0.000132,0.003257,0.002484,0.000773,4,,trace_ketchup_s14_w0_10_s20d_clean_seed0_job330205,ketchup,14
263,16,0,195,3.3,1,1,1,-0.000132,0.0102,0.014885,-0.004685,5,,trace_ketchup_s14_w0_10_s20d_clean_seed0_job330205,ketchup,14
269,17,0,201,3.3,1,1,1,-0.000146,0.00074,0.000415,0.000325,6,,trace_ketchup_s14_w0_10_s20d_clean_seed0_job330205,ketchup,14
271,18,0,203,3.8,1,1,1,-0.000148,0.000641,0.000772,-0.000131,2,,trace_ketchup_s14_w0_10_s20d_clean_seed0_job330205,ketchup,14
276,19,0,208,3.8,1,1,1,-0.000145,1.8e-05,3.9e-05,-2.1e-05,5,,trace_ketchup_s14_w0_10_s20d_clean_seed0_job330205,ketchup,14
53,0,1,0,3.3,1,1,1,1.8e-05,0.014054,0.020547,-0.006493,,,trace_ketchup_s15_w0_10_s20d_clean_seed0_job330206,ketchup,15
55,1,0,2,3.8,1,1,1,7.7e-05,0.006301,0.00875,-0.002449,2,,trace_ketchup_s15_w0_10_s20d_clean_seed0_job330206,ketchup,15
53,0,1,0,3.8,1,1,1,-2e-06,0.006931,0.008072,-0.001141,,,trace_ketchup_s16_w0_10_s20d_clean_seed0_job330207,ketchup,16
5,0,0,-50,3.3,1,1,1,-7e-06,0.001323,0.001301,2.2e-05,,,trace_ketchup_s17_w0_10_s20d_clean_seed0_job330208,ketchup,17
55,1,1,0,3.3,1,1,1,-3.9e-05,0.011112,0.018416,-0.007304,50,,trace_ketchup_s17_w0_10_s20d_clean_seed0_job330208,ketchup,17
59,2,0,4,3.3,1,1,1,6.4e-05,0.005635,0.005187,0.000448,4,,trace_ketchup_s17_w0_10_s20d_clean_seed0_job330208,ketchup,17
143,3,0,88,3.8,1,1,1,0.00012,0.005013,0.011275,-0.006262,84,,trace_ketchup_s17_w0_10_s20d_clean_seed0_job330208,ketchup,17
52,0,1,0,3.3,1,1,1,-5.6e-05,0.019082,0.028135,-0.009053,,,trace_ketchup_s18_w0_10_s20d_clean_seed0_job330209,ketchup,18
55,1,0,3,3.8,1,1,1,1.8e-05,0.003419,0.004908,-0.001489,3,,trace_ketchup_s18_w0_10_s20d_clean_seed0_job330209,ketchup,18
137,2,0,85,3.3,1,1,1,0.000267,0.018844,0.026352,-0.007508,82,,trace_ketchup_s18_w0_10_s20d_clean_seed0_job330209,ketchup,18
142,3,0,90,3.8,1,1,1,0.000233,0.001764,0.002945,-0.001181,5,,trace_ketchup_s18_w0_10_s20d_clean_seed0_job330209,ketchup,18
145,4,0,93,3.3,1,1,1,0.000194,0.003035,0.002992,4.3e-05,3,,trace_ketchup_s18_w0_10_s20d_clean_seed0_job330209,ketchup,18
51,0,1,0,3.3,1,1,1,-1e-06,0.016635,0.019947,-0.003312,,,trace_ketchup_s19_w0_10_s20d_clean_seed0_job330210,ketchup,19
53,1,0,2,3.3,1,1,1,0.000109,0.010968,0.013353,-0.002385,2,,trace_ketchup_s19_w0_10_s20d_clean_seed0_job330210,ketchup,19
55,0,1,0,3.8,1,1,1,7.5e-05,0.009984,0.011685,-0.001701,,,trace_ketchup_s20_w0_10_s20d_clean_seed0_job330211,ketchup,20
57,1,0,2,3.8,1,1,1,0.000146,0.005441,0.007709,-0.002268,2,,trace_ketchup_s20_w0_10_s20d_clean_seed0_job330211,ketchup,20
138,2,0,83,3.3,1,1,1,0.000142,0.010418,0.018761,-0.008343,81,,trace_ketchup_s20_w0_10_s20d_clean_seed0_job330211,ketchup,20
6,0,0,-46,3.8,1,1,1,-2e-06,0.001065,0.001253,-0.000188,,,trace_ketchup_s21_w0_10_s20d_clean_seed0_job330212,ketchup,21
52,1,1,0,3.3,1,1,1,-3.1e-05,0.01566,0.02095,-0.00529,46,,trace_ketchup_s21_w0_10_s20d_clean_seed0_job330212,ketchup,21
54,2,0,2,3.8,1,1,1,9.9e-05,0.008272,0.010816,-0.002544,2,,trace_ketchup_s21_w0_10_s20d_clean_seed0_job330212,ketchup,21
52,0,1,0,3.3,1,1,1,-3e-05,0.017749,0.02018,-0.002431,,,trace_ketchup_s22_w0_10_s20d_clean_seed0_job330213,ketchup,22
131,1,0,79,3.3,1,1,1,0.000277,0.018158,0.024145,-0.005987,79,,trace_ketchup_s22_w0_10_s20d_clean_seed0_job330213,ketchup,22
51,0,1,0,3.3,1,1,1,-3.3e-05,0.016692,0.017437,-0.000745,,,trace_ketchup_s23_w0_10_s20d_clean_seed0_job330214,ketchup,23
134,1,0,83,3.3,1,1,1,4e-06,0.010295,0.016531,-0.006236,83,,trace_ketchup_s23_w0_10_s20d_clean_seed0_job330214,ketchup,23
140,2,0,89,3.3,1,1,1,-2.5e-05,0.004345,0.003243,0.001102,6,,trace_ketchup_s23_w0_10_s20d_clean_seed0_job330214,ketchup,23
62,0,1,0,3.3,1,1,1,-8.7e-05,0.019803,0.02019,-0.000387,,,trace_ketchup_s24_w0_10_s20d_clean_seed0_job330215,ketchup,24
64,1,0,2,3.3,1,1,1,-4.8e-05,0.01723,0.018849,-0.001619,2,,trace_ketchup_s24_w0_10_s20d_clean_seed0_job330215,ketchup,24
187,2,0,125,3.3,1,1,1,0.000811,0.005965,0.005478,0.000487,123,,trace_ketchup_s24_w0_10_s20d_clean_seed0_job330215,ketchup,24
192,3,0,130,3.8,1,1,1,0.000517,0.004523,0.005928,-0.001405,5,,trace_ketchup_s24_w0_10_s20d_clean_seed0_job330215,ketchup,24
197,4,0,135,3.8,1,1,1,0.002227,0.005278,0.005787,-0.000509,5,,trace_ketchup_s24_w0_10_s20d_clean_seed0_job330215,ketchup,24
199,5,0,137,3.8,1,1,1,0.001453,0.002624,0.004008,-0.001384,2,,trace_ketchup_s24_w0_10_s20d_clean_seed0_job330215,ketchup,24
201,6,0,139,3.3,1,1,1,0.000941,0.002348,0.001856,0.000492,2,,trace_ketchup_s24_w0_10_s20d_clean_seed0_job330215,ketchup,24
206,7,0,144,3.3,1,1,1,0.000929,0.005086,0.004041,0.001045,5,,trace_ketchup_s24_w0_10_s20d_clean_seed0_job330215,ketchup,24
209,8,0,147,3.8,1,1,1,0.000398,0.001897,0.002091,-0.000194,3,,trace_ketchup_s24_w0_10_s20d_clean_seed0_job330215,ketchup,24
213,9,0,151,3.8,1,1,1,0.000261,0.001103,0.002624,-0.001521,4,,trace_ketchup_s24_w0_10_s20d_clean_seed0_job330215,ketchup,24
217,10,0,155,3.3,1,1,1,0.000231,0.006797,0.003679,0.003118,4,,trace_ketchup_s24_w0_10_s20d_clean_seed0_job330215,ketchup,24
222,11,0,160,3.3,1,1,1,0.000241,0.012078,0.008027,0.004051,5,,trace_ketchup_s24_w0_10_s20d_clean_seed0_job330215,ketchup,24
230,12,0,168,3.8,1,1,1,0.000267,0.003481,0.004545,-0.001064,8,,trace_ketchup_s24_w0_10_s20d_clean_seed0_job330215,ketchup,24
233,13,0,171,3.3,1,1,1,0.000259,0.00087,0.000836,3.4e-05,3,,trace_ketchup_s24_w0_10_s20d_clean_seed0_job330215,ketchup,24
59,0,1,0,3.3,1,1,1,1.3e-05,0.013369,0.016863,-0.003494,,,trace_ketchup_s25_w0_10_s20d_clean_seed0_job330216,ketchup,25
92,1,0,33,3.3,1,1,1,-0.000293,0.013663,0.014185,-0.000522,33,,trace_ketchup_s25_w0_10_s20d_clean_seed0_job330216,ketchup,25
100,2,0,41,3.3,1,1,1,-0.000209,0.010296,0.012693,-0.002397,8,,trace_ketchup_s25_w0_10_s20d_clean_seed0_job330216,ketchup,25
102,3,0,43,3.3,1,1,1,-0.000178,0.010261,0.010717,-0.000456,2,,trace_ketchup_s25_w0_10_s20d_clean_seed0_job330216,ketchup,25
130,4,0,71,3.3,1,1,1,-2.8e-05,0.020585,0.020855,-0.00027,28,,trace_ketchup_s25_w0_10_s20d_clean_seed0_job330216,ketchup,25
133,5,0,74,3.3,1,1,1,-2.1e-05,0.015509,0.016378,-0.000869,3,,trace_ketchup_s25_w0_10_s20d_clean_seed0_job330216,ketchup,25
159,6,0,100,3.8,1,1,1,-0.000253,0.004689,0.009965,-0.005276,26,,trace_ketchup_s25_w0_10_s20d_clean_seed0_job330216,ketchup,25
161,7,0,102,3.8,1,1,1,-0.00026,0.003373,0.004284,-0.000911,2,,trace_ketchup_s25_w0_10_s20d_clean_seed0_job330216,ketchup,25
164,8,0,105,3.3,1,1,1,-0.000298,0.005607,0.001219,0.004388,3,,trace_ketchup_s25_w0_10_s20d_clean_seed0_job330216,ketchup,25
175,9,0,116,3.3,1,1,1,-9e-05,0.021239,0.021828,-0.000589,11,,trace_ketchup_s25_w0_10_s20d_clean_seed0_job330216,ketchup,25
184,10,0,125,3.3,1,1,1,-6.5e-05,0.017809,0.019022,-0.001213,9,,trace_ketchup_s25_w0_10_s20d_clean_seed0_job330216,ketchup,25
217,11,0,158,3.3,1,1,1,-0.000255,0.01221,0.007973,0.004237,33,,trace_ketchup_s25_w0_10_s20d_clean_seed0_job330216,ketchup,25
227,12,0,168,3.3,1,1,1,-0.000145,0.025257,0.025004,0.000253,10,,trace_ketchup_s25_w0_10_s20d_clean_seed0_job330216,ketchup,25
54,0,1,0,3.3,1,1,1,-3.7e-05,0.027718,0.029698,-0.00198,,,trace_ketchup_s26_w0_10_s20d_clean_seed0_job330217,ketchup,26
134,1,0,80,3.8,1,1,1,-5.6e-05,0.008455,0.018647,-0.010192,80,,trace_ketchup_s26_w0_10_s20d_clean_seed0_job330217,ketchup,26
137,2,0,83,3.8,1,1,1,1.7e-05,0.00067,0.001067,-0.000397,3,,trace_ketchup_s26_w0_10_s20d_clean_seed0_job330217,ketchup,26
141,3,0,87,3.3,1,1,1,-5.2e-05,0.003905,0.001251,0.002654,4,,trace_ketchup_s26_w0_10_s20d_clean_seed0_job330217,ketchup,26
54,0,1,0,3.3,1,1,1,-3.7e-05,0.026237,0.027207,-0.00097,,,trace_ketchup_s27_w0_10_s20d_clean_seed0_job330218,ketchup,27
61,0,1,0,3.3,1,1,1,-4.3e-05,0.018616,0.022774,-0.004158,,,trace_ketchup_s28_w0_10_s20d_clean_seed0_job330219,ketchup,28
52,0,0,-4,3.3,1,1,1,3.6e-05,0.0211,0.021715,-0.000615,,,trace_ketchup_s30_w0_10_s20d_clean_seed0_job330221,ketchup,30
56,1,1,0,3.3,1,1,1,0.000105,0.007796,0.007751,4.5e-05,4,,trace_ketchup_s30_w0_10_s20d_clean_seed0_job330221,ketchup,30
133,2,0,77,3.3,1,1,1,0.000128,0.018819,0.02402,-0.005201,77,,trace_ketchup_s30_w0_10_s20d_clean_seed0_job330221,ketchup,30
52,0,1,0,3.3,1,1,1,-2.8e-05,0.023677,0.028626,-0.004949,,,trace_ketchup_s31_w0_10_s20d_clean_seed0_job330222,ketchup,31
54,1,0,2,3.8,1,1,1,0.000107,0.008368,0.014738,-0.00637,2,,trace_ketchup_s31_w0_10_s20d_clean_seed0_job330222,ketchup,31
59,0,1,0,3.8,1,1,1,-2.6e-05,0.006778,0.006857,-7.9e-05,,,trace_ketchup_s32_w0_10_s20d_clean_seed0_job330223,ketchup,32
55,0,0,-52,3.3,1,1,1,-1.4e-05,0.020573,0.023068,-0.002495,,,trace_ketchup_s33_w0_10_s20d_clean_seed0_job330224,ketchup,33
82,1,0,-25,3.3,1,1,1,-9.7e-05,0.015108,0.022615,-0.007507,27,,trace_ketchup_s33_w0_10_s20d_clean_seed0_job330224,ketchup,33
85,2,0,-22,3.8,1,1,1,-0.00013,0.000821,0.001456,-0.000635,3,,trace_ketchup_s33_w0_10_s20d_clean_seed0_job330224,ketchup,33
90,3,0,-17,3.8,1,1,1,-0.000165,0.000938,0.003473,-0.002535,5,,trace_ketchup_s33_w0_10_s20d_clean_seed0_job330224,ketchup,33
107,4,1,0,3.3,1,1,1,-7.8e-05,0.020902,0.020419,0.000483,17,,trace_ketchup_s33_w0_10_s20d_clean_seed0_job330224,ketchup,33
74,0,1,0,3.8,1,1,1,-7e-06,0.006094,0.007026,-0.000932,,,trace_ketchup_s34_w0_10_s20d_clean_seed0_job330225,ketchup,34
163,1,0,89,3.3,1,1,1,0.000104,0.004773,0.002862,0.001911,89,,trace_ketchup_s34_w0_10_s20d_clean_seed0_job330225,ketchup,34
55,0,1,0,3.3,1,1,1,-5e-05,0.024022,0.027777,-0.003755,,,trace_ketchup_s35_w0_10_s20d_clean_seed0_job330226,ketchup,35
136,1,0,81,3.3,1,1,1,0.00047,0.01383,0.014345,-0.000515,81,,trace_ketchup_s35_w0_10_s20d_clean_seed0_job330226,ketchup,35
142,2,0,87,3.3,1,1,1,0.000353,0.004782,0.004686,9.6e-05,6,,trace_ketchup_s35_w0_10_s20d_clean_seed0_job330226,ketchup,35
46,0,1,0,3.3,1,1,1,3.5e-05,0.019125,0.020721,-0.001596,,,trace_ketchup_s36_w0_10_s20d_clean_seed0_job330227,ketchup,36
123,1,0,77,3.3,1,1,1,-1.7e-05,0.014868,0.025556,-0.010688,77,,trace_ketchup_s36_w0_10_s20d_clean_seed0_job330227,ketchup,36
127,2,0,81,3.3,1,1,1,8e-06,0.006966,0.006886,8e-05,4,,trace_ketchup_s36_w0_10_s20d_clean_seed0_job330227,ketchup,36
129,3,0,83,3.8,1,1,1,3.2e-05,0.004909,0.005351,-0.000442,2,,trace_ketchup_s36_w0_10_s20d_clean_seed0_job330227,ketchup,36
7,0,0,-44,3.8,1,1,1,-7.2e-05,0.007118,0.010241,-0.003123,,,trace_ketchup_s38_w0_10_s20d_clean_seed0_job330229,ketchup,38
51,1,1,0,3.3,1,1,1,-6.4e-05,0.023297,0.023351,-5.4e-05,44,,trace_ketchup_s38_w0_10_s20d_clean_seed0_job330229,ketchup,38
133,2,0,82,3.8,1,1,1,0.000147,0.005716,0.010742,-0.005026,82,,trace_ketchup_s38_w0_10_s20d_clean_seed0_job330229,ketchup,38
135,3,0,84,3.8,1,1,1,0.000132,0.002968,0.00536,-0.002392,2,,trace_ketchup_s38_w0_10_s20d_clean_seed0_job330229,ketchup,38
137,4,0,86,3.8,1,1,1,0.000138,0.002346,0.003653,-0.001307,2,,trace_ketchup_s38_w0_10_s20d_clean_seed0_job330229,ketchup,38
11,0,0,-51,3.3,1,1,1,-1.9e-05,0.00696,0.005155,0.001805,,,trace_ketchup_s39_w0_10_s20d_clean_seed0_job330230,ketchup,39
62,1,1,0,3.3,1,1,1,-6.6e-05,0.016396,0.017025,-0.000629,51,,trace_ketchup_s39_w0_10_s20d_clean_seed0_job330230,ketchup,39
66,2,0,4,3.3,1,1,1,1.6e-05,0.015645,0.014044,0.001601,4,,trace_ketchup_s39_w0_10_s20d_clean_seed0_job330230,ketchup,39
40,0,1,0,3.3,1,1,1,-3.2e-05,0.016326,0.018754,-0.002428,,,trace_ketchup_s40_w0_10_s20d_clean_seed0_job330231,ketchup,40
51,0,1,0,3.3,1,1,1,-4.1e-05,0.014193,0.016633,-0.00244,,,trace_ketchup_s41_w0_10_s20d_clean_seed0_job330232,ketchup,41
128,1,0,77,3.3,1,1,1,-0.000153,0.019338,0.025241,-0.005903,77,,trace_ketchup_s41_w0_10_s20d_clean_seed0_job330232,ketchup,41
137,2,0,86,3.3,1,1,1,3.1e-05,0.003329,0.002554,0.000775,9,,trace_ketchup_s41_w0_10_s20d_clean_seed0_job330232,ketchup,41
58,0,1,0,3.8,1,1,1,7.7e-05,0.005013,0.006063,-0.00105,,,trace_ketchup_s42_w0_10_s20d_clean_seed0_job330233,ketchup,42
61,1,0,3,3.3,1,1,1,3.8e-05,0.002821,0.002783,3.8e-05,3,,trace_ketchup_s42_w0_10_s20d_clean_seed0_job330233,ketchup,42
52,0,1,0,3.3,1,1,1,4.1e-05,0.019636,0.023674,-0.004038,,,trace_ketchup_s43_w0_10_s20d_clean_seed0_job330234,ketchup,43
131,1,0,79,3.8,1,1,1,0.000239,0.004086,0.010714,-0.006628,79,,trace_ketchup_s43_w0_10_s20d_clean_seed0_job330234,ketchup,43
137,2,0,85,3.8,1,1,1,0.000123,0.005778,0.016011,-0.010233,6,,trace_ketchup_s43_w0_10_s20d_clean_seed0_job330234,ketchup,43
62,0,1,0,3.3,1,1,1,-6.3e-05,0.016367,0.01728,-0.000913,,,trace_ketchup_s44_w0_10_s20d_clean_seed0_job330235,ketchup,44
42,0,1,0,3.3,1,1,1,6e-06,0.012043,0.018321,-0.006278,,,trace_ketchup_s45_w0_10_s20d_clean_seed0_job330236,ketchup,45
131,1,0,89,3.3,1,1,1,2.6e-05,0.019969,0.029034,-0.009065,89,,trace_ketchup_s45_w0_10_s20d_clean_seed0_job330236,ketchup,45
134,2,0,92,3.8,1,1,1,5.3e-05,0.004045,0.004851,-0.000806,3,,trace_ketchup_s45_w0_10_s20d_clean_seed0_job330236,ketchup,45
8,0,0,-50,3.3,1,1,1,-5.4e-05,0.012164,0.013937,-0.001773,,,trace_ketchup_s47_w0_10_s20d_clean_seed0_job330238,ketchup,47
58,1,1,0,3.3,1,1,1,2e-06,0.019568,0.021768,-0.0022,50,,trace_ketchup_s47_w0_10_s20d_clean_seed0_job330238,ketchup,47
143,2,0,85,3.8,1,1,1,-2.6e-05,0.009384,0.01701,-0.007626,85,,trace_ketchup_s47_w0_10_s20d_clean_seed0_job330238,ketchup,47
147,3,0,89,3.3,1,1,1,7e-06,0.005141,0.00181,0.003331,4,,trace_ketchup_s47_w0_10_s20d_clean_seed0_job330238,ketchup,47
152,4,0,94,3.3,1,1,1,1.5e-05,0.003048,0.002583,0.000465,5,,trace_ketchup_s47_w0_10_s20d_clean_seed0_job330238,ketchup,47
155,5,0,97,3.8,1,1,1,2.4e-05,0.001369,0.001604,-0.000235,3,,trace_ketchup_s47_w0_10_s20d_clean_seed0_job330238,ketchup,47
46,0,1,0,3.8,1,1,1,3.4e-05,0.005648,0.005884,-0.000236,,,trace_ketchup_s48_w0_10_s20d_clean_seed0_job330239,ketchup,48
129,1,0,83,3.3,1,1,1,0.00023,0.005425,0.005179,0.000246,83,,trace_ketchup_s48_w0_10_s20d_clean_seed0_job330239,ketchup,48
133,2,0,87,3.8,1,1,1,0.000205,0.003597,0.007822,-0.004225,4,,trace_ketchup_s48_w0_10_s20d_clean_seed0_job330239,ketchup,48
136,3,0,90,3.3,1,1,1,0.000197,0.003244,0.002729,0.000515,3,,trace_ketchup_s48_w0_10_s20d_clean_seed0_job330239,ketchup,48
7,0,0,-50,3.3,1,1,1,-6.7e-05,0.012054,0.008,0.004054,,,trace_ketchup_s49_w0_10_s20d_clean_seed0_job330240,ketchup,49
57,1,1,0,3.8,1,1,1,-5.2e-05,0.004482,0.007031,-0.002549,50,,trace_ketchup_s49_w0_10_s20d_clean_seed0_job330240,ketchup,49
138,2,0,81,3.3,1,1,1,6.9e-05,0.017114,0.020488,-0.003374,81,,trace_ketchup_s49_w0_10_s20d_clean_seed0_job330240,ketchup,49
141,3,0,84,3.8,1,1,1,7e-06,0.007194,0.011242,-0.004048,3,,trace_ketchup_s49_w0_10_s20d_clean_seed0_job330240,ketchup,49
57,0,1,0,3.3,1,1,1,-7.8e-05,0.017686,0.019461,-0.001775,,,trace_milk_s11_w0_10_s20d_clean_seed0_job330242,milk,11
60,1,0,3,3.8,1,1,1,1e-06,0.00754,0.011783,-0.004243,3,,trace_milk_s11_w0_10_s20d_clean_seed0_job330242,milk,11
50,0,1,0,3.3,1,1,1,2.6e-05,0.020476,0.02693,-0.006454,,,trace_milk_s12_w0_10_s20d_clean_seed0_job330243,milk,12
39,0,1,0,3.3,1,1,1,-0.000102,0.025312,0.025618,-0.000306,,,trace_milk_s15_w0_10_s20d_clean_seed0_job330246,milk,15
41,1,0,2,3.3,1,1,1,-2.2e-05,0.016065,0.0208,-0.004735,2,,trace_milk_s15_w0_10_s20d_clean_seed0_job330246,milk,15
65,0,1,0,3.3,1,1,1,-3.7e-05,0.002164,0.002022,0.000142,,,trace_milk_s17_w0_10_s20d_clean_seed0_job330248,milk,17
67,1,0,2,3.8,1,1,1,-1.1e-05,0.001478,0.002025,-0.000547,2,,trace_milk_s17_w0_10_s20d_clean_seed0_job330248,milk,17
49,0,0,-11,3.3,1,1,1,-7.6e-05,0.025568,0.027455,-0.001887,,,trace_milk_s18_w0_10_s20d_clean_seed0_job330249,milk,18
52,1,0,-8,3.3,1,1,1,-1e-06,0.019658,0.019848,-0.00019,3,,trace_milk_s18_w0_10_s20d_clean_seed0_job330249,milk,18
60,2,1,0,3.8,1,1,1,7e-06,0.002603,0.003222,-0.000619,8,,trace_milk_s18_w0_10_s20d_clean_seed0_job330249,milk,18
63,3,0,3,3.3,1,1,1,-4e-05,0.001489,0.00136,0.000129,3,,trace_milk_s18_w0_10_s20d_clean_seed0_job330249,milk,18
66,4,0,6,3.8,1,1,1,-8.5e-05,0.000445,0.000729,-0.000284,3,,trace_milk_s18_w0_10_s20d_clean_seed0_job330249,milk,18
47,0,1,0,3.3,1,1,1,-0.000103,0.021768,0.022188,-0.00042,,,trace_milk_s19_w0_10_s20d_clean_seed0_job330250,milk,19
50,1,0,3,3.3,1,1,1,-1.7e-05,0.016439,0.019848,-0.003409,3,,trace_milk_s19_w0_10_s20d_clean_seed0_job330250,milk,19
45,0,1,0,3.3,1,1,1,-9.6e-05,0.020425,0.021315,-0.00089,,,trace_milk_s20_w0_10_s20d_clean_seed0_job330251,milk,20
55,0,0,-5,3.3,1,1,1,-9.2e-05,0.029278,0.029566,-0.000288,,,trace_milk_s21_w0_10_s20d_clean_seed0_job330252,milk,21
60,1,1,0,3.3,1,1,1,3.8e-05,0.01742,0.017877,-0.000457,5,,trace_milk_s21_w0_10_s20d_clean_seed0_job330252,milk,21
66,2,0,6,3.8,1,1,1,5.8e-05,0.004456,0.007208,-0.002752,6,,trace_milk_s21_w0_10_s20d_clean_seed0_job330252,milk,21
45,0,1,0,3.3,1,1,1,2e-05,0.023332,0.026114,-0.002782,,,trace_milk_s22_w0_10_s20d_clean_seed0_job330253,milk,22
48,0,1,0,3.3,1,1,1,-1.9e-05,0.017661,0.020511,-0.00285,,,trace_milk_s25_w0_10_s20d_clean_seed0_job330256,milk,25
125,1,0,77,3.3,1,1,1,0.000996,0.017532,0.02614,-0.008608,77,,trace_milk_s25_w0_10_s20d_clean_seed0_job330256,milk,25
54,0,1,0,3.3,1,1,1,-1.8e-05,0.02017,0.020497,-0.000327,,,trace_milk_s26_w0_10_s20d_clean_seed0_job330257,milk,26
53,0,1,0,3.3,1,1,1,-2.9e-05,0.026725,0.02989,-0.003165,,,trace_milk_s27_w0_10_s20d_clean_seed0_job330258,milk,27
55,1,0,2,3.3,1,1,1,-8e-06,0.018498,0.021375,-0.002877,2,,trace_milk_s27_w0_10_s20d_clean_seed0_job330258,milk,27
58,2,0,5,3.3,1,1,1,0.000112,0.012371,0.017075,-0.004704,3,,trace_milk_s27_w0_10_s20d_clean_seed0_job330258,milk,27
47,0,1,0,3.3,1,1,1,1.2e-05,0.026316,0.030402,-0.004086,,,trace_milk_s28_w0_10_s20d_clean_seed0_job330259,milk,28
43,0,1,0,3.3,1,1,1,2e-06,0.018523,0.019815,-0.001292,,,trace_milk_s30_w0_10_s20d_clean_seed0_job330261,milk,30
40,0,1,0,3.3,1,1,1,-0.000111,0.018122,0.021673,-0.003551,,,trace_milk_s31_w0_10_s20d_clean_seed0_job330262,milk,31
118,1,0,78,3.3,1,1,1,0.00033,0.012968,0.016146,-0.003178,78,,trace_milk_s31_w0_10_s20d_clean_seed0_job330262,milk,31
49,0,1,0,3.3,1,1,1,-8.9e-05,0.024238,0.024201,3.7e-05,,,trace_milk_s32_w0_10_s20d_clean_seed0_job330263,milk,32
79,0,1,0,3.3,1,1,1,-3.8e-05,0.0256,0.025914,-0.000314,,,trace_milk_s33_w0_10_s20d_clean_seed0_job330264,milk,33
43,0,1,0,3.3,1,1,1,1.7e-05,0.018,0.023188,-0.005188,,,trace_milk_s34_w0_10_s20d_clean_seed0_job330265,milk,34
45,1,0,2,3.3,1,1,1,0.000122,0.010366,0.013168,-0.002802,2,,trace_milk_s34_w0_10_s20d_clean_seed0_job330265,milk,34
121,2,0,78,3.3,1,1,1,0.001416,0.019577,0.023545,-0.003968,76,,trace_milk_s34_w0_10_s20d_clean_seed0_job330265,milk,34
54,0,1,0,3.3,1,1,1,-4.9e-05,0.022053,0.022661,-0.000608,,,trace_milk_s35_w0_10_s20d_clean_seed0_job330266,milk,35
51,0,1,0,3.3,1,1,1,5.1e-05,0.026088,0.028458,-0.00237,,,trace_milk_s36_w0_10_s20d_clean_seed0_job330267,milk,36
53,0,1,0,3.3,1,1,1,7.4e-05,0.01294,0.014315,-0.001375,,,trace_milk_s37_w0_10_s20d_clean_seed0_job330268,milk,37
135,1,0,82,3.3,1,1,1,0.001303,0.029191,0.030414,-0.001223,82,,trace_milk_s37_w0_10_s20d_clean_seed0_job330268,milk,37
51,0,1,0,3.3,1,1,1,-1e-05,0.025724,0.025553,0.000171,,,trace_milk_s38_w0_10_s20d_clean_seed0_job330269,milk,38
6,0,0,-45,3.3,1,1,1,-4.2e-05,0.006893,0.006598,0.000295,,,trace_milk_s39_w0_10_s20d_clean_seed0_job330270,milk,39
51,1,1,0,3.3,1,1,1,-5.5e-05,0.023064,0.023445,-0.000381,45,,trace_milk_s39_w0_10_s20d_clean_seed0_job330270,milk,39
129,2,0,78,3.3,1,1,1,0.003028,0.020706,0.028136,-0.00743,78,,trace_milk_s39_w0_10_s20d_clean_seed0_job330270,milk,39
134,3,0,83,3.3,1,1,1,0.003113,0.02524,0.028635,-0.003395,5,,trace_milk_s39_w0_10_s20d_clean_seed0_job330270,milk,39
47,0,1,0,3.3,1,1,1,-9.9e-05,0.020577,0.020911,-0.000334,,,trace_milk_s40_w0_10_s20d_clean_seed0_job330271,milk,40
55,0,1,0,3.3,1,1,1,4e-06,0.022862,0.024302,-0.00144,,,trace_milk_s41_w0_10_s20d_clean_seed0_job330272,milk,41
3,0,0,-59,3.3,1,1,1,-3e-05,0,0,0,,,trace_milk_s42_w0_10_s20d_clean_seed0_job330273,milk,42
5,1,0,-57,3.3,1,1,1,3.6e-05,0.005157,0.001829,0.003328,2,,trace_milk_s42_w0_10_s20d_clean_seed0_job330273,milk,42
9,2,0,-53,3.3,1,1,1,-0.000129,0.007633,0.005623,0.00201,4,,trace_milk_s42_w0_10_s20d_clean_seed0_job330273,milk,42
62,3,1,0,3.3,1,1,1,5.6e-05,0.029892,0.027648,0.002244,53,,trace_milk_s42_w0_10_s20d_clean_seed0_job330273,milk,42
64,4,0,2,3.3,1,1,1,3.7e-05,0.026756,0.0299,-0.003144,2,,trace_milk_s42_w0_10_s20d_clean_seed0_job330273,milk,42
89,5,0,27,2.8,1,1,1,0.005482,0.042769,0.041359,0.00141,25,,trace_milk_s42_w0_10_s20d_clean_seed0_job330273,milk,42
46,0,1,0,3.3,1,1,1,3.3e-05,0.018905,0.021838,-0.002933,,,trace_milk_s43_w0_10_s20d_clean_seed0_job330274,milk,43
52,0,1,0,3.3,1,1,1,-6.9e-05,0.023195,0.023813,-0.000618,,,trace_milk_s45_w0_10_s20d_clean_seed0_job330276,milk,45
133,1,0,81,3.3,1,1,1,0.002441,0.020274,0.019849,0.000425,81,,trace_milk_s45_w0_10_s20d_clean_seed0_job330276,milk,45
53,0,1,0,3.3,1,1,1,-6.8e-05,0.022751,0.022461,0.00029,,,trace_milk_s46_w0_10_s20d_clean_seed0_job330277,milk,46
52,0,1,0,3.3,1,1,1,5.9e-05,0.024405,0.025939,-0.001534,,,trace_milk_s49_w0_10_s20d_clean_seed0_job330280,milk,49
59,1,0,7,3.3,1,1,1,0.000449,0.00633,0.004965,0.001365,7,,trace_milk_s49_w0_10_s20d_clean_seed0_job330280,milk,49
134,2,0,82,3.3,1,1,1,0.001079,0.007217,0.002034,0.005183,75,,trace_milk_s49_w0_10_s20d_clean_seed0_job330280,milk,49
14,0,0,-82,3.3,1,1,1,-2.4e-05,0.019366,0.014552,0.004814,,,trace_orange_juice_s11_w0_10_s20d_clean_seed0_job330282,orange_juice,11
53,1,0,-43,3.3,1,1,1,-8.3e-05,0.015227,0.015559,-0.000332,39,,trace_orange_juice_s11_w0_10_s20d_clean_seed0_job330282,orange_juice,11
96,2,1,0,3.3,1,1,1,-0.000133,0.015892,0.016768,-0.000876,43,,trace_orange_juice_s11_w0_10_s20d_clean_seed0_job330282,orange_juice,11
59,0,1,0,3.8,1,1,1,-5.2e-05,0.007388,0.007899,-0.000511,,,trace_orange_juice_s12_w0_10_s20d_clean_seed0_job330283,orange_juice,12
58,0,1,0,3.3,1,1,1,-2.7e-05,0.020459,0.021936,-0.001477,,,trace_orange_juice_s13_w0_10_s20d_clean_seed0_job330284,orange_juice,13
131,1,0,73,3.3,1,1,1,-0.000728,0.021997,0.024416,-0.002419,73,,trace_orange_juice_s13_w0_10_s20d_clean_seed0_job330284,orange_juice,13
61,0,1,0,3.3,1,1,1,-2.1e-05,0.02043,0.019832,0.000598,,,trace_orange_juice_s14_w0_10_s20d_clean_seed0_job330285,orange_juice,14
40,0,1,0,3.3,1,1,1,-3.6e-05,0.020654,0.019673,0.000981,,,trace_orange_juice_s15_w0_10_s20d_clean_seed0_job330286,orange_juice,15
103,1,0,63,3.3,1,1,1,-0.002321,0.020446,0.021733,-0.001287,63,,trace_orange_juice_s15_w0_10_s20d_clean_seed0_job330286,orange_juice,15
105,2,0,65,3.3,1,1,1,-0.0023,0.014443,0.018292,-0.003849,2,,trace_orange_juice_s15_w0_10_s20d_clean_seed0_job330286,orange_juice,15
108,3,0,68,3.8,1,1,1,-0.002171,0.006439,0.008179,-0.00174,3,,trace_orange_juice_s15_w0_10_s20d_clean_seed0_job330286,orange_juice,15
53,0,1,0,3.3,1,1,1,-1.2e-05,0.024255,0.024308,-5.3e-05,,,trace_orange_juice_s16_w0_10_s20d_clean_seed0_job330287,orange_juice,16
93,0,1,0,3.3,1,1,1,-2.2e-05,0.018753,0.018946,-0.000193,,,trace_orange_juice_s19_w0_10_s20d_clean_seed0_job330290,orange_juice,19
203,0,1,0,3.3,1,1,1,-2e-06,0.018189,0.016786,0.001403,,,trace_orange_juice_s20_w0_10_s20d_clean_seed0_job330291,orange_juice,20
49,0,1,0,3.3,1,1,1,-3.7e-05,0.020071,0.01966,0.000411,,,trace_orange_juice_s21_w0_10_s20d_clean_seed0_job330292,orange_juice,21
58,0,0,-71,3.3,1,1,1,-2.4e-05,0.015942,0.015448,0.000494,,,trace_orange_juice_s22_w0_10_s20d_clean_seed0_job330293,orange_juice,22
60,1,0,-69,3.3,1,1,1,-2.7e-05,0.015251,0.016145,-0.000894,2,,trace_orange_juice_s22_w0_10_s20d_clean_seed0_job330293,orange_juice,22
90,2,0,-39,3.8,1,1,1,8e-06,0.009104,0.012955,-0.003851,30,,trace_orange_juice_s22_w0_10_s20d_clean_seed0_job330293,orange_juice,22
93,3,0,-36,3.8,1,1,1,1.8e-05,0.005764,0.006768,-0.001004,3,,trace_orange_juice_s22_w0_10_s20d_clean_seed0_job330293,orange_juice,22
99,4,0,-30,3.3,1,1,1,3.8e-05,0.001038,0.000317,0.000721,6,,trace_orange_juice_s22_w0_10_s20d_clean_seed0_job330293,orange_juice,22
101,5,0,-28,3.3,1,1,1,4.5e-05,0.001179,0.000505,0.000674,2,,trace_orange_juice_s22_w0_10_s20d_clean_seed0_job330293,orange_juice,22
103,6,0,-26,3.3,1,1,1,4.8e-05,0.001274,0.001082,0.000192,2,,trace_orange_juice_s22_w0_10_s20d_clean_seed0_job330293,orange_juice,22
109,7,0,-20,3.3,1,1,1,4.7e-05,0.008937,0.002534,0.006403,6,,trace_orange_juice_s22_w0_10_s20d_clean_seed0_job330293,orange_juice,22
129,8,1,0,3.3,1,1,1,9e-05,0.027286,0.027817,-0.000531,20,,trace_orange_juice_s22_w0_10_s20d_clean_seed0_job330293,orange_juice,22
91,0,1,0,3.3,1,1,1,-2.1e-05,0.016393,0.016853,-0.00046,,,trace_orange_juice_s23_w0_10_s20d_clean_seed0_job330294,orange_juice,23
48,0,1,0,3.3,1,1,1,-1.7e-05,0.023528,0.02375,-0.000222,,,trace_orange_juice_s24_w0_10_s20d_clean_seed0_job330295,orange_juice,24
52,1,0,4,3.3,1,1,1,0.000646,0.015532,0.019182,-0.00365,4,,trace_orange_juice_s24_w0_10_s20d_clean_seed0_job330295,orange_juice,24
228,0,1,0,3.3,1,1,1,2e-06,0.018974,0.019683,-0.000709,,,trace_orange_juice_s25_w0_10_s20d_clean_seed0_job330296,orange_juice,25
231,1,0,3,3.8,1,1,1,2.6e-05,0.008154,0.013039,-0.004885,3,,trace_orange_juice_s25_w0_10_s20d_clean_seed0_job330296,orange_juice,25
55,0,1,0,3.3,1,1,1,-2e-05,0.019106,0.019474,-0.000368,,,trace_orange_juice_s26_w0_10_s20d_clean_seed0_job330297,orange_juice,26
49,0,1,0,3.3,1,1,1,-9e-06,0.024308,0.025136,-0.000828,,,trace_orange_juice_s28_w0_10_s20d_clean_seed0_job330299,orange_juice,28
62,0,1,0,3.3,1,1,1,-6e-06,0.017068,0.016542,0.000526,,,trace_orange_juice_s29_w0_10_s20d_clean_seed0_job330300,orange_juice,29
63,0,1,0,3.3,1,1,1,-3.7e-05,0.021942,0.020047,0.001895,,,trace_orange_juice_s30_w0_10_s20d_clean_seed0_job330301,orange_juice,30
39,0,0,-30,3.3,1,1,1,-3.4e-05,0.033056,0.03307,-1.4e-05,,,trace_orange_juice_s31_w0_10_s20d_clean_seed0_job330302,orange_juice,31
69,1,1,0,3.3,1,1,1,-3.6e-05,0.020825,0.019551,0.001274,30,,trace_orange_juice_s31_w0_10_s20d_clean_seed0_job330302,orange_juice,31
71,2,0,2,3.3,1,1,1,-3e-05,0.020462,0.021045,-0.000583,2,,trace_orange_juice_s31_w0_10_s20d_clean_seed0_job330302,orange_juice,31
142,0,1,0,3.3,1,1,1,3e-06,0.018169,0.017428,0.000741,,,trace_orange_juice_s32_w0_10_s20d_clean_seed0_job330303,orange_juice,32
217,1,0,75,3.3,1,1,1,-0.013328,0.018989,0.021054,-0.002065,75,,trace_orange_juice_s32_w0_10_s20d_clean_seed0_job330303,orange_juice,32
56,0,1,0,3.3,1,1,1,-3.7e-05,0.020924,0.021482,-0.000558,,,trace_orange_juice_s34_w0_10_s20d_clean_seed0_job330305,orange_juice,34
53,0,1,0,3.3,1,1,1,-8e-06,0.023236,0.023457,-0.000221,,,trace_orange_juice_s35_w0_10_s20d_clean_seed0_job330306,orange_juice,35
56,1,0,3,3.3,1,1,1,-1e-06,0.011605,0.017702,-0.006097,3,,trace_orange_juice_s35_w0_10_s20d_clean_seed0_job330306,orange_juice,35
53,0,1,0,3.3,1,1,1,-2.8e-05,0.021649,0.02077,0.000879,,,trace_orange_juice_s36_w0_10_s20d_clean_seed0_job330307,orange_juice,36
11,0,0,-123,3.3,1,1,1,-3.8e-05,0.012016,0.009536,0.00248,,,trace_orange_juice_s37_w0_10_s20d_clean_seed0_job330308,orange_juice,37
51,1,0,-83,3.3,1,1,1,-8.5e-05,0.0223,0.02332,-0.00102,40,,trace_orange_juice_s37_w0_10_s20d_clean_seed0_job330308,orange_juice,37
74,2,0,-60,3.3,1,1,1,-3.3e-05,0.010471,0.022934,-0.012463,23,,trace_orange_juice_s37_w0_10_s20d_clean_seed0_job330308,orange_juice,37
79,3,0,-55,3.8,1,1,1,-3.4e-05,0.000912,0.003582,-0.00267,5,,trace_orange_juice_s37_w0_10_s20d_clean_seed0_job330308,orange_juice,37
84,4,0,-50,3.8,1,1,1,-3.2e-05,0.00171,0.003141,-0.001431,5,,trace_orange_juice_s37_w0_10_s20d_clean_seed0_job330308,orange_juice,37
86,5,0,-48,3.3,1,1,1,-3.3e-05,0.00059,0.000477,0.000113,2,,trace_orange_juice_s37_w0_10_s20d_clean_seed0_job330308,orange_juice,37
88,6,0,-46,3.3,1,1,1,-3.2e-05,0.002986,0.001718,0.001268,2,,trace_orange_juice_s37_w0_10_s20d_clean_seed0_job330308,orange_juice,37
101,7,0,-33,3.8,1,1,1,-3.4e-05,0.00068,0.000789,-0.000109,13,,trace_orange_juice_s37_w0_10_s20d_clean_seed0_job330308,orange_juice,37
106,8,0,-28,3.8,1,1,1,-3.2e-05,0.001133,0.001294,-0.000161,5,,trace_orange_juice_s37_w0_10_s20d_clean_seed0_job330308,orange_juice,37
108,9,0,-26,3.8,1,1,1,-1e-05,0.000398,0.001072,-0.000674,2,,trace_orange_juice_s37_w0_10_s20d_clean_seed0_job330308,orange_juice,37
110,10,0,-24,3.3,1,1,1,-3e-05,0.003979,0.000791,0.003188,2,,trace_orange_juice_s37_w0_10_s20d_clean_seed0_job330308,orange_juice,37
112,11,0,-22,3.3,1,1,1,-3.1e-05,0.005244,0.003521,0.001723,2,,trace_orange_juice_s37_w0_10_s20d_clean_seed0_job330308,orange_juice,37
115,12,0,-19,3.3,1,1,1,-3.6e-05,0.014145,0.009921,0.004224,3,,trace_orange_juice_s37_w0_10_s20d_clean_seed0_job330308,orange_juice,37
119,13,0,-15,3.3,1,1,1,1e-05,0.015482,0.007966,0.007516,4,,trace_orange_juice_s37_w0_10_s20d_clean_seed0_job330308,orange_juice,37
134,14,1,0,3.3,1,1,1,9.5e-05,0.019753,0.021978,-0.002225,15,,trace_orange_juice_s37_w0_10_s20d_clean_seed0_job330308,orange_juice,37
43,0,1,0,3.8,1,1,1,5e-06,0.00958,0.015201,-0.005621,,,trace_orange_juice_s39_w0_10_s20d_clean_seed0_job330310,orange_juice,39
61,0,1,0,3.3,1,1,1,-2.5e-05,0.020103,0.021316,-0.001213,,,trace_orange_juice_s40_w0_10_s20d_clean_seed0_job330311,orange_juice,40
134,1,0,73,2.5,1,1,1,0.026722,0.005886,0.005712,0.000174,73,,trace_orange_juice_s40_w0_10_s20d_clean_seed0_job330311,orange_juice,40
152,2,0,91,2.5,1,1,1,0.025171,0.007469,0.006603,0.000866,18,,trace_orange_juice_s40_w0_10_s20d_clean_seed0_job330311,orange_juice,40
156,3,0,95,3.0,1,1,1,0.024966,0.006146,0.006909,-0.000763,4,,trace_orange_juice_s40_w0_10_s20d_clean_seed0_job330311,orange_juice,40
190,4,0,129,3.0,1,1,1,0.023626,0.003541,0.004606,-0.001065,34,,trace_orange_juice_s40_w0_10_s20d_clean_seed0_job330311,orange_juice,40
192,5,0,131,3.0,1,1,1,0.0235,0.001932,0.0027,-0.000768,2,,trace_orange_juice_s40_w0_10_s20d_clean_seed0_job330311,orange_juice,40
201,6,0,140,3.0,1,1,1,0.023138,0.001995,0.002191,-0.000196,9,,trace_orange_juice_s40_w0_10_s20d_clean_seed0_job330311,orange_juice,40
57,0,1,0,3.3,1,1,1,-7.2e-05,0.021138,0.022594,-0.001456,,,trace_orange_juice_s41_w0_10_s20d_clean_seed0_job330312,orange_juice,41
60,1,0,3,3.3,1,1,1,-4.2e-05,0.021043,0.02093,0.000113,3,,trace_orange_juice_s41_w0_10_s20d_clean_seed0_job330312,orange_juice,41
62,2,0,5,3.3,1,1,1,-2.9e-05,0.021245,0.020976,0.000269,2,,trace_orange_juice_s41_w0_10_s20d_clean_seed0_job330312,orange_juice,41
66,0,1,0,3.3,1,1,1,-1.4e-05,0.017475,0.018006,-0.000531,,,trace_orange_juice_s43_w0_10_s20d_clean_seed0_job330314,orange_juice,43
137,1,0,71,3.3,1,1,1,-0.007557,0.015651,0.022459,-0.006808,71,,trace_orange_juice_s43_w0_10_s20d_clean_seed0_job330314,orange_juice,43
140,2,0,74,3.8,1,1,1,-0.007245,0.003371,0.004969,-0.001598,3,,trace_orange_juice_s43_w0_10_s20d_clean_seed0_job330314,orange_juice,43
56,0,1,0,3.3,1,1,1,-8e-06,0.024466,0.025015,-0.000549,,,trace_orange_juice_s44_w0_10_s20d_clean_seed0_job330315,orange_juice,44
59,1,0,3,3.3,1,1,1,1e-05,0.015939,0.020863,-0.004924,3,,trace_orange_juice_s44_w0_10_s20d_clean_seed0_job330315,orange_juice,44
36,0,1,0,3.3,1,1,1,-2.7e-05,0.0229,0.022748,0.000152,,,trace_orange_juice_s45_w0_10_s20d_clean_seed0_job330316,orange_juice,45
40,1,0,4,3.3,1,1,1,1.8e-05,0.020068,0.018838,0.00123,4,,trace_orange_juice_s45_w0_10_s20d_clean_seed0_job330316,orange_juice,45
48,0,0,-3,3.3,1,1,1,-2.4e-05,0.020661,0.02212,-0.001459,,,trace_orange_juice_s46_w0_10_s20d_clean_seed0_job330317,orange_juice,46
51,1,1,0,3.3,1,1,1,3e-06,0.015551,0.017016,-0.001465,3,,trace_orange_juice_s46_w0_10_s20d_clean_seed0_job330317,orange_juice,46
54,2,0,3,3.8,1,1,1,1.8e-05,0.00448,0.007736,-0.003256,3,,trace_orange_juice_s46_w0_10_s20d_clean_seed0_job330317,orange_juice,46
126,3,0,75,3.8,1,1,1,-0.010466,0.001832,0.004213,-0.002381,72,,trace_orange_juice_s46_w0_10_s20d_clean_seed0_job330317,orange_juice,46
131,4,0,80,3.8,1,1,1,-0.005802,0.003412,0.010671,-0.007259,5,,trace_orange_juice_s46_w0_10_s20d_clean_seed0_job330317,orange_juice,46
54,0,1,0,3.3,1,1,1,-3.9e-05,0.019805,0.021489,-0.001684,,,trace_orange_juice_s47_w0_10_s20d_clean_seed0_job330318,orange_juice,47
56,0,0,-6,3.3,1,1,1,-1.1e-05,0.022033,0.023692,-0.001659,,,trace_orange_juice_s48_w0_10_s20d_clean_seed0_job330319,orange_juice,48
62,1,1,0,3.3,1,1,1,4.1e-05,0.019871,0.019891,-2e-05,6,,trace_orange_juice_s48_w0_10_s20d_clean_seed0_job330319,orange_juice,48
64,2,0,2,3.8,1,1,1,4.3e-05,0.009341,0.0152,-0.005859,2,,trace_orange_juice_s48_w0_10_s20d_clean_seed0_job330319,orange_juice,48
61,0,1,0,3.3,1,1,1,-1.4e-05,0.021181,0.020842,0.000339,,,trace_orange_juice_s49_w0_10_s20d_clean_seed0_job330320,orange_juice,49
46,0,1,0,3.3,1,1,1,-5.6e-05,0.021319,0.021905,-0.000586,,,trace_salad_dressing_s10_w0_10_s20d_clean_seed0_job330321,salad_dressing,10
48,1,0,2,3.3,1,1,1,-1.4e-05,0.020535,0.020746,-0.000211,2,,trace_salad_dressing_s10_w0_10_s20d_clean_seed0_job330321,salad_dressing,10
110,2,0,64,3.3,1,1,1,0.000142,0.016879,0.02166,-0.004781,62,,trace_salad_dressing_s10_w0_10_s20d_clean_seed0_job330321,salad_dressing,10
59,0,1,0,3.8,1,1,1,-6e-05,0.000508,0.000993,-0.000485,,,trace_salad_dressing_s11_w0_10_s20d_clean_seed0_job330322,salad_dressing,11
128,1,0,69,3.3,1,1,1,-9e-06,0.016904,0.017414,-0.00051,69,,trace_salad_dressing_s11_w0_10_s20d_clean_seed0_job330322,salad_dressing,11
131,2,0,72,3.3,1,1,1,4.5e-05,0.016643,0.018133,-0.00149,3,,trace_salad_dressing_s11_w0_10_s20d_clean_seed0_job330322,salad_dressing,11
55,0,0,-6,3.3,1,1,1,-6.8e-05,0.027965,0.027113,0.000852,,,trace_salad_dressing_s12_w0_10_s20d_clean_seed0_job330323,salad_dressing,12
61,1,1,0,3.8,1,1,1,7e-06,0.009329,0.014992,-0.005663,6,,trace_salad_dressing_s12_w0_10_s20d_clean_seed0_job330323,salad_dressing,12
125,2,0,64,3.3,1,1,1,0.000119,0.022165,0.026536,-0.004371,64,,trace_salad_dressing_s12_w0_10_s20d_clean_seed0_job330323,salad_dressing,12
46,0,1,0,3.3,1,1,1,-7.2e-05,0.020809,0.02198,-0.001171,,,trace_salad_dressing_s13_w0_10_s20d_clean_seed0_job330324,salad_dressing,13
63,0,1,0,3.3,1,1,1,-7.5e-05,0.012532,0.014727,-0.002195,,,trace_salad_dressing_s14_w0_10_s20d_clean_seed0_job330325,salad_dressing,14
58,0,1,0,3.3,1,1,1,-2.6e-05,0.021518,0.022112,-0.000594,,,trace_salad_dressing_s15_w0_10_s20d_clean_seed0_job330326,salad_dressing,15
61,1,0,3,3.3,1,1,1,-2.3e-05,0.020128,0.019948,0.00018,3,,trace_salad_dressing_s15_w0_10_s20d_clean_seed0_job330326,salad_dressing,15
50,0,1,0,3.3,1,1,1,-5.6e-05,0.012665,0.016616,-0.003951,,,trace_salad_dressing_s16_w0_10_s20d_clean_seed0_job330327,salad_dressing,16
112,1,0,62,3.3,1,1,1,-0.000344,0.01847,0.022545,-0.004075,62,,trace_salad_dressing_s16_w0_10_s20d_clean_seed0_job330327,salad_dressing,16
49,0,1,0,3.3,1,1,1,-5.7e-05,0.019771,0.019746,2.5e-05,,,trace_salad_dressing_s17_w0_10_s20d_clean_seed0_job330328,salad_dressing,17
115,1,0,66,3.3,1,1,1,3.9e-05,0.013023,0.013303,-0.00028,66,,trace_salad_dressing_s17_w0_10_s20d_clean_seed0_job330328,salad_dressing,17
52,0,1,0,3.3,1,1,1,-8.5e-05,0.015032,0.016925,-0.001893,,,trace_salad_dressing_s19_w0_10_s20d_clean_seed0_job330330,salad_dressing,19
54,1,0,2,3.8,1,1,1,-8.7e-05,0.00427,0.009366,-0.005096,2,,trace_salad_dressing_s19_w0_10_s20d_clean_seed0_job330330,salad_dressing,19
123,2,0,71,3.8,1,1,1,-0.000239,0.008114,0.01326,-0.005146,69,,trace_salad_dressing_s19_w0_10_s20d_clean_seed0_job330330,salad_dressing,19
48,0,0,-170,3.3,1,1,1,-4.1e-05,0.02638,0.025329,0.001051,,,trace_salad_dressing_s21_w0_10_s20d_clean_seed0_job330332,salad_dressing,21
56,1,0,-162,3.3,1,1,1,-9e-06,0.018518,0.018381,0.000137,8,,trace_salad_dressing_s21_w0_10_s20d_clean_seed0_job330332,salad_dressing,21
79,2,0,-139,3.3,1,1,1,-3e-05,0.014473,0.014645,-0.000172,23,,trace_salad_dressing_s21_w0_10_s20d_clean_seed0_job330332,salad_dressing,21
83,3,0,-135,3.3,1,1,1,-9.1e-05,0.022309,0.020386,0.001923,4,,trace_salad_dressing_s21_w0_10_s20d_clean_seed0_job330332,salad_dressing,21
86,4,0,-132,3.3,1,1,1,-0.000138,0.018785,0.022055,-0.00327,3,,trace_salad_dressing_s21_w0_10_s20d_clean_seed0_job330332,salad_dressing,21
93,5,0,-125,3.8,1,1,1,-0.00017,0.001282,0.003972,-0.00269,7,,trace_salad_dressing_s21_w0_10_s20d_clean_seed0_job330332,salad_dressing,21
108,6,0,-110,3.3,1,1,1,-0.000139,0.019378,0.020487,-0.001109,15,,trace_salad_dressing_s21_w0_10_s20d_clean_seed0_job330332,salad_dressing,21
124,7,0,-94,3.3,1,1,1,-0.000206,0.018184,0.019327,-0.001143,16,,trace_salad_dressing_s21_w0_10_s20d_clean_seed0_job330332,salad_dressing,21
135,8,0,-83,3.3,1,1,1,-0.00013,0.020905,0.0222,-0.001295,11,,trace_salad_dressing_s21_w0_10_s20d_clean_seed0_job330332,salad_dressing,21
138,9,0,-80,3.3,1,1,1,-0.00021,0.015429,0.01695,-0.001521,3,,trace_salad_dressing_s21_w0_10_s20d_clean_seed0_job330332,salad_dressing,21
154,10,0,-64,3.3,1,1,1,-0.000243,0.013212,0.020093,-0.006881,16,,trace_salad_dressing_s21_w0_10_s20d_clean_seed0_job330332,salad_dressing,21
162,11,0,-56,3.3,1,1,1,-0.000267,0.007696,0.002681,0.005015,8,,trace_salad_dressing_s21_w0_10_s20d_clean_seed0_job330332,salad_dressing,21
167,12,0,-51,3.3,1,1,1,-0.000286,0.007863,0.003136,0.004727,5,,trace_salad_dressing_s21_w0_10_s20d_clean_seed0_job330332,salad_dressing,21
186,13,0,-32,3.8,1,1,1,-0.00033,0.002204,0.009415,-0.007211,19,,trace_salad_dressing_s21_w0_10_s20d_clean_seed0_job330332,salad_dressing,21
192,14,0,-26,3.8,1,1,1,-0.000359,0.002308,0.002958,-0.00065,6,,trace_salad_dressing_s21_w0_10_s20d_clean_seed0_job330332,salad_dressing,21
210,15,0,-8,3.3,1,1,1,-0.000301,0.002451,0.002275,0.000176,18,,trace_salad_dressing_s21_w0_10_s20d_clean_seed0_job330332,salad_dressing,21
218,16,1,0,3.3,1,1,1,-0.000332,0.002605,0.00109,0.001515,8,,trace_salad_dressing_s21_w0_10_s20d_clean_seed0_job330332,salad_dressing,21
221,17,0,3,3.8,1,1,1,-0.000247,0.001903,0.004622,-0.002719,3,,trace_salad_dressing_s21_w0_10_s20d_clean_seed0_job330332,salad_dressing,21
67,0,0,-2,3.3,1,1,1,3e-06,0.006422,0.004615,0.001807,,,trace_salad_dressing_s23_w0_10_s20d_clean_seed0_job330334,salad_dressing,23
69,1,1,0,3.8,1,1,1,3.6e-05,0.004548,0.007225,-0.002677,2,,trace_salad_dressing_s23_w0_10_s20d_clean_seed0_job330334,salad_dressing,23
72,2,0,3,3.3,1,1,1,3.7e-05,0.002113,0.001446,0.000667,3,,trace_salad_dressing_s23_w0_10_s20d_clean_seed0_job330334,salad_dressing,23
81,0,0,-80,3.3,1,1,1,-6.2e-05,0.018219,0.01861,-0.000391,,,trace_salad_dressing_s24_w0_10_s20d_clean_seed0_job330335,salad_dressing,24
96,1,0,-65,3.3,1,1,1,-9.3e-05,0.017194,0.016872,0.000322,15,,trace_salad_dressing_s24_w0_10_s20d_clean_seed0_job330335,salad_dressing,24
98,2,0,-63,3.3,1,1,1,-0.000112,0.01703,0.017532,-0.000502,2,,trace_salad_dressing_s24_w0_10_s20d_clean_seed0_job330335,salad_dressing,24
103,3,0,-58,3.8,1,1,1,-0.000149,0.007443,0.011702,-0.004259,5,,trace_salad_dressing_s24_w0_10_s20d_clean_seed0_job330335,salad_dressing,24
107,4,0,-54,3.8,1,1,1,-0.000154,0.00764,0.012994,-0.005354,4,,trace_salad_dressing_s24_w0_10_s20d_clean_seed0_job330335,salad_dressing,24
109,5,0,-52,3.8,1,1,1,-0.000241,0.009867,0.010745,-0.000878,2,,trace_salad_dressing_s24_w0_10_s20d_clean_seed0_job330335,salad_dressing,24
127,6,0,-34,3.3,1,1,1,-0.00021,0.021823,0.021715,0.000108,18,,trace_salad_dressing_s24_w0_10_s20d_clean_seed0_job330335,salad_dressing,24
130,7,0,-31,3.3,1,1,1,-0.000184,0.021854,0.021911,-5.7e-05,3,,trace_salad_dressing_s24_w0_10_s20d_clean_seed0_job330335,salad_dressing,24
151,8,0,-10,3.8,1,1,1,-0.000289,0.003794,0.003917,-0.000123,21,,trace_salad_dressing_s24_w0_10_s20d_clean_seed0_job330335,salad_dressing,24
161,9,1,0,3.3,1,1,1,-0.00028,0.025139,0.024119,0.00102,10,,trace_salad_dressing_s24_w0_10_s20d_clean_seed0_job330335,salad_dressing,24
164,10,0,3,3.3,1,1,1,-0.000314,0.012239,0.019574,-0.007335,3,,trace_salad_dressing_s24_w0_10_s20d_clean_seed0_job330335,salad_dressing,24
48,0,1,0,3.3,1,1,1,-8.8e-05,0.022889,0.024803,-0.001914,,,trace_salad_dressing_s25_w0_10_s20d_clean_seed0_job330336,salad_dressing,25
51,1,0,3,3.3,1,1,1,-7.3e-05,0.011913,0.014491,-0.002578,3,,trace_salad_dressing_s25_w0_10_s20d_clean_seed0_job330336,salad_dressing,25
44,0,1,0,3.3,1,1,1,-7.1e-05,0.024487,0.024307,0.00018,,,trace_salad_dressing_s26_w0_10_s20d_clean_seed0_job330337,salad_dressing,26
84,0,0,-69,3.3,1,1,1,-4.9e-05,0.024134,0.023254,0.00088,,,trace_salad_dressing_s28_w0_10_s20d_clean_seed0_job330339,salad_dressing,28
88,1,0,-65,3.3,1,1,1,-1e-05,0.008714,0.004411,0.004303,4,,trace_salad_dressing_s28_w0_10_s20d_clean_seed0_job330339,salad_dressing,28
91,2,0,-62,3.3,1,1,1,4e-06,0.008811,0.002585,0.006226,3,,trace_salad_dressing_s28_w0_10_s20d_clean_seed0_job330339,salad_dressing,28
99,3,0,-54,3.3,1,1,1,-5.3e-05,0.016339,0.011366,0.004973,8,,trace_salad_dressing_s28_w0_10_s20d_clean_seed0_job330339,salad_dressing,28
101,4,0,-52,3.3,1,1,1,-5.7e-05,0.013097,0.016868,-0.003771,2,,trace_salad_dressing_s28_w0_10_s20d_clean_seed0_job330339,salad_dressing,28
117,5,0,-36,3.3,1,1,1,-0.000127,0.00853,0.00751,0.00102,16,,trace_salad_dressing_s28_w0_10_s20d_clean_seed0_job330339,salad_dressing,28
121,6,0,-32,3.3,1,1,1,-0.000136,0.005962,0.005906,5.6e-05,4,,trace_salad_dressing_s28_w0_10_s20d_clean_seed0_job330339,salad_dressing,28
126,7,0,-27,3.8,1,1,1,-0.000179,0.008224,0.008965,-0.000741,5,,trace_salad_dressing_s28_w0_10_s20d_clean_seed0_job330339,salad_dressing,28
132,8,0,-21,3.8,1,1,1,-0.000182,0.00606,0.006764,-0.000704,6,,trace_salad_dressing_s28_w0_10_s20d_clean_seed0_job330339,salad_dressing,28
144,9,0,-9,3.8,1,1,1,-0.000186,0.007563,0.009901,-0.002338,12,,trace_salad_dressing_s28_w0_10_s20d_clean_seed0_job330339,salad_dressing,28
153,10,1,0,3.3,1,1,1,-0.000216,0.018408,0.015001,0.003407,9,,trace_salad_dressing_s28_w0_10_s20d_clean_seed0_job330339,salad_dressing,28
156,11,0,3,3.3,1,1,1,-0.000257,0.017535,0.02072,-0.003185,3,,trace_salad_dressing_s28_w0_10_s20d_clean_seed0_job330339,salad_dressing,28
174,12,0,21,3.3,1,1,1,-0.000276,0.016993,0.024089,-0.007096,18,,trace_salad_dressing_s28_w0_10_s20d_clean_seed0_job330339,salad_dressing,28
176,13,0,23,3.3,1,1,1,-0.000274,0.010958,0.012051,-0.001093,2,,trace_salad_dressing_s28_w0_10_s20d_clean_seed0_job330339,salad_dressing,28
178,14,0,25,3.3,1,1,1,-0.000272,0.013051,0.012587,0.000464,2,,trace_salad_dressing_s28_w0_10_s20d_clean_seed0_job330339,salad_dressing,28
194,15,0,41,3.3,1,1,1,-0.000226,0.019913,0.019625,0.000288,16,,trace_salad_dressing_s28_w0_10_s20d_clean_seed0_job330339,salad_dressing,28
200,16,0,47,3.3,1,1,1,-0.000256,0.020807,0.020988,-0.000181,6,,trace_salad_dressing_s28_w0_10_s20d_clean_seed0_job330339,salad_dressing,28
219,17,0,66,3.8,1,1,1,-0.000213,0.009974,0.01755,-0.007576,19,,trace_salad_dressing_s28_w0_10_s20d_clean_seed0_job330339,salad_dressing,28
225,18,0,72,3.3,1,1,1,-0.000122,0.015059,0.016116,-0.001057,6,,trace_salad_dressing_s28_w0_10_s20d_clean_seed0_job330339,salad_dressing,28
57,0,1,0,3.3,1,1,1,-5.7e-05,0.024465,0.022202,0.002263,,,trace_salad_dressing_s29_w0_10_s20d_clean_seed0_job330340,salad_dressing,29
128,1,0,71,3.8,1,1,1,8.1e-05,0.002565,0.003489,-0.000924,71,,trace_salad_dressing_s29_w0_10_s20d_clean_seed0_job330340,salad_dressing,29
32,0,0,-7,3.3,1,1,1,-4.6e-05,0.02515,0.023401,0.001749,,,trace_salad_dressing_s30_w0_10_s20d_clean_seed0_job330341,salad_dressing,30
39,1,1,0,3.3,1,1,1,2e-06,0.017257,0.016816,0.000441,7,,trace_salad_dressing_s30_w0_10_s20d_clean_seed0_job330341,salad_dressing,30
96,2,0,57,3.3,1,1,1,0.000104,0.011226,0.017219,-0.005993,57,,trace_salad_dressing_s30_w0_10_s20d_clean_seed0_job330341,salad_dressing,30
66,0,0,-39,3.3,1,1,1,-5.7e-05,0.019365,0.017268,0.002097,,,trace_salad_dressing_s31_w0_10_s20d_clean_seed0_job330342,salad_dressing,31
89,1,0,-16,3.3,1,1,1,-6.1e-05,0.017905,0.023287,-0.005382,23,,trace_salad_dressing_s31_w0_10_s20d_clean_seed0_job330342,salad_dressing,31
93,2,0,-12,3.3,1,1,1,-0.000101,0.008167,0.003834,0.004333,4,,trace_salad_dressing_s31_w0_10_s20d_clean_seed0_job330342,salad_dressing,31
105,3,1,0,3.3,1,1,1,-7.9e-05,0.020611,0.021602,-0.000991,12,,trace_salad_dressing_s31_w0_10_s20d_clean_seed0_job330342,salad_dressing,31
59,0,1,0,3.3,1,1,1,-9e-05,0.020394,0.020202,0.000192,,,trace_salad_dressing_s33_w0_10_s20d_clean_seed0_job330344,salad_dressing,33
121,0,1,0,3.8,1,1,1,-2e-05,0.000943,0.002397,-0.001454,,,trace_salad_dressing_s34_w0_10_s20d_clean_seed0_job330345,salad_dressing,34
56,0,1,0,3.8,1,1,1,-5.6e-05,0.007182,0.013316,-0.006134,,,trace_salad_dressing_s37_w0_10_s20d_clean_seed0_job330348,salad_dressing,37
59,1,0,3,3.3,1,1,1,-4.4e-05,0.002674,0.002083,0.000591,3,,trace_salad_dressing_s37_w0_10_s20d_clean_seed0_job330348,salad_dressing,37
64,0,1,0,3.3,1,1,1,-6.6e-05,0.018403,0.021365,-0.002962,,,trace_salad_dressing_s38_w0_10_s20d_clean_seed0_job330349,salad_dressing,38
134,1,0,70,3.3,1,1,1,1e-05,0.013325,0.01778,-0.004455,70,,trace_salad_dressing_s38_w0_10_s20d_clean_seed0_job330349,salad_dressing,38
136,2,0,72,3.8,1,1,1,7.5e-05,0.009215,0.010475,-0.00126,2,,trace_salad_dressing_s38_w0_10_s20d_clean_seed0_job330349,salad_dressing,38
46,0,0,-4,3.3,1,1,1,-8.4e-05,0.025208,0.026744,-0.001536,,,trace_salad_dressing_s40_w0_10_s20d_clean_seed0_job330351,salad_dressing,40
50,1,1,0,3.8,1,1,1,-6.4e-05,0.006462,0.012394,-0.005932,4,,trace_salad_dressing_s40_w0_10_s20d_clean_seed0_job330351,salad_dressing,40
121,2,0,71,3.3,1,1,1,-6.7e-05,0.02191,0.026988,-0.005078,71,,trace_salad_dressing_s40_w0_10_s20d_clean_seed0_job330351,salad_dressing,40
47,0,1,0,3.3,1,1,1,-7.9e-05,0.01801,0.017243,0.000767,,,trace_salad_dressing_s41_w0_10_s20d_clean_seed0_job330352,salad_dressing,41
51,0,0,-3,3.3,1,1,1,-6.8e-05,0.015238,0.016042,-0.000804,,,trace_salad_dressing_s43_w0_10_s20d_clean_seed0_job330354,salad_dressing,43
54,1,1,0,3.8,1,1,1,-6e-05,0.002194,0.00654,-0.004346,3,,trace_salad_dressing_s43_w0_10_s20d_clean_seed0_job330354,salad_dressing,43
56,2,0,2,3.3,1,1,1,-5.9e-05,0.002429,0.002367,6.2e-05,2,,trace_salad_dressing_s43_w0_10_s20d_clean_seed0_job330354,salad_dressing,43
68,0,1,0,3.8,1,1,1,1.4e-05,0.005399,0.011168,-0.005769,,,trace_salad_dressing_s44_w0_10_s20d_clean_seed0_job330355,salad_dressing,44
71,1,0,3,3.8,1,1,1,8.9e-05,0.001136,0.002603,-0.001467,3,,trace_salad_dressing_s44_w0_10_s20d_clean_seed0_job330355,salad_dressing,44
74,2,0,6,3.8,1,1,1,7.9e-05,0.001188,0.001196,-8e-06,3,,trace_salad_dressing_s44_w0_10_s20d_clean_seed0_job330355,salad_dressing,44
69,0,1,0,3.3,1,1,1,-1.7e-05,0.01739,0.02144,-0.00405,,,trace_salad_dressing_s46_w0_10_s20d_clean_seed0_job330357,salad_dressing,46
71,1,0,2,3.8,1,1,1,5.3e-05,0.005606,0.010446,-0.00484,2,,trace_salad_dressing_s46_w0_10_s20d_clean_seed0_job330357,salad_dressing,46
68,0,1,0,3.3,1,1,1,-3.4e-05,0.013968,0.021659,-0.007691,,,trace_salad_dressing_s48_w0_10_s20d_clean_seed0_job330359,salad_dressing,48
71,1,0,3,3.3,1,1,1,-2.9e-05,0.001337,0.001122,0.000215,3,,trace_salad_dressing_s48_w0_10_s20d_clean_seed0_job330359,salad_dressing,48
69,0,1,0,3.3,1,1,1,-3.9e-05,0.020578,0.020532,4.6e-05,,,trace_salad_dressing_s49_w0_10_s20d_clean_seed0_job330360,salad_dressing,49
54,0,1,0,3.8,1,1,1,-0.000315,0.006869,0.00726,-0.000391,,,trace_tomato_sauce_s10_w0_10_s20d_clean_seed0_job330361,tomato_sauce,10
113,1,0,59,3.8,1,1,1,-0.004108,0.007214,0.015653,-0.008439,59,,trace_tomato_sauce_s10_w0_10_s20d_clean_seed0_job330361,tomato_sauce,10
118,2,0,64,3.3,1,1,1,-0.003653,0.012082,0.014335,-0.002253,5,,trace_tomato_sauce_s10_w0_10_s20d_clean_seed0_job330361,tomato_sauce,10
56,0,1,0,3.3,1,1,1,0.000166,0.019385,0.020326,-0.000941,,,trace_tomato_sauce_s11_w0_10_s20d_clean_seed0_job330362,tomato_sauce,11
118,1,0,62,3.3,1,1,1,-0.00052,0.022911,0.026479,-0.003568,62,,trace_tomato_sauce_s11_w0_10_s20d_clean_seed0_job330362,tomato_sauce,11
68,0,1,0,3.3,1,1,1,-8.2e-05,0.023174,0.026782,-0.003608,,,trace_tomato_sauce_s12_w0_10_s20d_clean_seed0_job330363,tomato_sauce,12
130,1,0,62,3.3,1,1,1,-0.004829,0.00649,0.003966,0.002524,62,,trace_tomato_sauce_s12_w0_10_s20d_clean_seed0_job330363,tomato_sauce,12
135,2,0,67,3.8,1,1,1,-0.002932,0.004648,0.008042,-0.003394,5,,trace_tomato_sauce_s12_w0_10_s20d_clean_seed0_job330363,tomato_sauce,12
141,3,0,73,3.3,1,1,1,-0.00212,0.006228,0.005922,0.000306,6,,trace_tomato_sauce_s12_w0_10_s20d_clean_seed0_job330363,tomato_sauce,12
147,4,0,79,3.8,1,1,1,-0.00186,0.005466,0.014652,-0.009186,6,,trace_tomato_sauce_s12_w0_10_s20d_clean_seed0_job330363,tomato_sauce,12
149,5,0,81,3.3,1,1,1,-0.001884,0.001702,0.001475,0.000227,2,,trace_tomato_sauce_s12_w0_10_s20d_clean_seed0_job330363,tomato_sauce,12
153,6,0,85,3.3,1,1,1,-0.001714,0.004617,0.000798,0.003819,4,,trace_tomato_sauce_s12_w0_10_s20d_clean_seed0_job330363,tomato_sauce,12
155,7,0,87,3.8,1,1,1,-0.001477,0.001524,0.004264,-0.00274,2,,trace_tomato_sauce_s12_w0_10_s20d_clean_seed0_job330363,tomato_sauce,12
159,8,0,91,3.3,1,1,1,-0.001061,0.004208,0.001227,0.002981,4,,trace_tomato_sauce_s12_w0_10_s20d_clean_seed0_job330363,tomato_sauce,12
70,0,1,0,3.3,1,1,1,4.7e-05,0.015058,0.017347,-0.002289,,,trace_tomato_sauce_s13_w0_10_s20d_clean_seed0_job330364,tomato_sauce,13
129,1,0,59,3.3,1,1,1,0.000601,0.011305,0.022575,-0.01127,59,,trace_tomato_sauce_s13_w0_10_s20d_clean_seed0_job330364,tomato_sauce,13
131,2,0,61,3.8,1,1,1,0.000577,0.002132,0.004216,-0.002084,2,,trace_tomato_sauce_s13_w0_10_s20d_clean_seed0_job330364,tomato_sauce,13
136,3,0,66,3.3,1,1,1,0.000543,0.012259,0.018278,-0.006019,5,,trace_tomato_sauce_s13_w0_10_s20d_clean_seed0_job330364,tomato_sauce,13
56,0,0,-113,3.3,1,1,1,0.000311,0.012789,0.018372,-0.005583,,,trace_tomato_sauce_s15_w0_10_s20d_clean_seed0_job330366,tomato_sauce,15
72,1,0,-97,3.3,1,1,1,0.000105,0.020138,0.022255,-0.002117,16,,trace_tomato_sauce_s15_w0_10_s20d_clean_seed0_job330366,tomato_sauce,15
76,2,0,-93,3.3,1,1,1,6e-06,0.00619,0.005385,0.000805,4,,trace_tomato_sauce_s15_w0_10_s20d_clean_seed0_job330366,tomato_sauce,15
84,3,0,-85,3.3,1,1,1,-4.1e-05,0.014658,0.013272,0.001386,8,,trace_tomato_sauce_s15_w0_10_s20d_clean_seed0_job330366,tomato_sauce,15
96,4,0,-73,3.3,1,1,1,-0.000149,0.01855,0.017612,0.000938,12,,trace_tomato_sauce_s15_w0_10_s20d_clean_seed0_job330366,tomato_sauce,15
100,5,0,-69,3.8,1,1,1,0.000866,0.006515,0.013491,-0.006976,4,,trace_tomato_sauce_s15_w0_10_s20d_clean_seed0_job330366,tomato_sauce,15
103,6,0,-66,3.8,1,1,1,0.000122,0.007132,0.007665,-0.000533,3,,trace_tomato_sauce_s15_w0_10_s20d_clean_seed0_job330366,tomato_sauce,15
105,7,0,-64,3.3,1,1,1,-2e-06,0.004096,0.003564,0.000532,2,,trace_tomato_sauce_s15_w0_10_s20d_clean_seed0_job330366,tomato_sauce,15
109,8,0,-60,3.8,1,1,1,-0.000109,0.002897,0.003352,-0.000455,4,,trace_tomato_sauce_s15_w0_10_s20d_clean_seed0_job330366,tomato_sauce,15
119,9,0,-50,3.8,1,1,1,-0.000152,0.001484,0.002423,-0.000939,10,,trace_tomato_sauce_s15_w0_10_s20d_clean_seed0_job330366,tomato_sauce,15
126,10,0,-43,3.3,1,1,1,-0.000161,0.004046,0.00195,0.002096,7,,trace_tomato_sauce_s15_w0_10_s20d_clean_seed0_job330366,tomato_sauce,15
130,11,0,-39,3.3,1,1,1,-0.000164,0.002306,0.000817,0.001489,4,,trace_tomato_sauce_s15_w0_10_s20d_clean_seed0_job330366,tomato_sauce,15
133,12,0,-36,3.8,1,1,1,0.000977,0.000295,0.003056,-0.002761,3,,trace_tomato_sauce_s15_w0_10_s20d_clean_seed0_job330366,tomato_sauce,15
143,13,0,-26,3.8,1,1,1,-0.001274,0.000845,0.000872,-2.7e-05,10,,trace_tomato_sauce_s15_w0_10_s20d_clean_seed0_job330366,tomato_sauce,15
152,14,0,-17,3.8,1,1,1,-0.000206,0.004659,0.005602,-0.000943,9,,trace_tomato_sauce_s15_w0_10_s20d_clean_seed0_job330366,tomato_sauce,15
159,15,0,-10,3.8,1,1,1,-0.000223,0.004861,0.00543,-0.000569,7,,trace_tomato_sauce_s15_w0_10_s20d_clean_seed0_job330366,tomato_sauce,15
169,16,1,0,3.3,1,1,1,-0.000253,0.010795,0.01031,0.000485,10,,trace_tomato_sauce_s15_w0_10_s20d_clean_seed0_job330366,tomato_sauce,15
172,17,0,3,3.3,1,1,1,-0.001331,0.005809,0.005157,0.000652,3,,trace_tomato_sauce_s15_w0_10_s20d_clean_seed0_job330366,tomato_sauce,15
178,18,0,9,3.3,1,1,1,-0.002418,0.00728,0.005034,0.002246,6,,trace_tomato_sauce_s15_w0_10_s20d_clean_seed0_job330366,tomato_sauce,15
192,19,0,23,3.8,1,1,1,-0.000356,0.006016,0.00827,-0.002254,14,,trace_tomato_sauce_s15_w0_10_s20d_clean_seed0_job330366,tomato_sauce,15
235,20,0,66,3.0,1,1,1,0.010118,0.003635,0.00368,-4.5e-05,43,,trace_tomato_sauce_s15_w0_10_s20d_clean_seed0_job330366,tomato_sauce,15
240,21,0,71,2.8,1,1,1,0.005579,0.005203,0.005142,6.1e-05,5,,trace_tomato_sauce_s15_w0_10_s20d_clean_seed0_job330366,tomato_sauce,15
242,22,0,73,3.3,1,1,1,0.007539,0.003361,0.003403,-4.2e-05,2,,trace_tomato_sauce_s15_w0_10_s20d_clean_seed0_job330366,tomato_sauce,15
263,23,0,94,3.3,1,1,1,0.001339,0.016279,0.012002,0.004277,21,,trace_tomato_sauce_s15_w0_10_s20d_clean_seed0_job330366,tomato_sauce,15
267,24,0,98,3.8,1,1,1,-8.9e-05,0.003816,0.004105,-0.000289,4,,trace_tomato_sauce_s15_w0_10_s20d_clean_seed0_job330366,tomato_sauce,15
271,25,0,102,3.8,1,1,1,-0.000273,0.00114,0.001992,-0.000852,4,,trace_tomato_sauce_s15_w0_10_s20d_clean_seed0_job330366,tomato_sauce,15
276,26,0,107,3.3,1,1,1,-0.000236,0.007265,0.003922,0.003343,5,,trace_tomato_sauce_s15_w0_10_s20d_clean_seed0_job330366,tomato_sauce,15
70,0,1,0,3.3,1,1,1,-6.1e-05,0.026293,0.028008,-0.001715,,,trace_tomato_sauce_s18_w0_10_s20d_clean_seed0_job330369,tomato_sauce,18
131,1,0,61,3.3,1,1,1,-0.005069,0.006677,0.005575,0.001102,61,,trace_tomato_sauce_s18_w0_10_s20d_clean_seed0_job330369,tomato_sauce,18
134,2,0,64,3.3,1,1,1,-0.003883,0.009082,0.004111,0.004971,3,,trace_tomato_sauce_s18_w0_10_s20d_clean_seed0_job330369,tomato_sauce,18
137,3,0,67,3.3,1,1,1,-0.003536,0.002819,0.002725,9.4e-05,3,,trace_tomato_sauce_s18_w0_10_s20d_clean_seed0_job330369,tomato_sauce,18
141,4,0,71,3.8,1,1,1,-0.002846,0.004593,0.008488,-0.003895,4,,trace_tomato_sauce_s18_w0_10_s20d_clean_seed0_job330369,tomato_sauce,18
149,5,0,79,3.3,1,1,1,-0.002143,0.012838,0.010911,0.001927,8,,trace_tomato_sauce_s18_w0_10_s20d_clean_seed0_job330369,tomato_sauce,18
152,6,0,82,3.3,1,1,1,-0.001703,0.011045,0.003856,0.007189,3,,trace_tomato_sauce_s18_w0_10_s20d_clean_seed0_job330369,tomato_sauce,18
155,7,0,85,3.8,1,1,1,-0.001378,0.002606,0.004715,-0.002109,3,,trace_tomato_sauce_s18_w0_10_s20d_clean_seed0_job330369,tomato_sauce,18
159,8,0,89,3.3,1,1,1,-0.000954,0.005092,0.002087,0.003005,4,,trace_tomato_sauce_s18_w0_10_s20d_clean_seed0_job330369,tomato_sauce,18
54,0,1,0,3.3,1,1,1,0.000207,0.016152,0.017133,-0.000981,,,trace_tomato_sauce_s19_w0_10_s20d_clean_seed0_job330370,tomato_sauce,19
118,1,0,64,3.3,1,1,1,0.002515,0.024956,0.029148,-0.004192,64,,trace_tomato_sauce_s19_w0_10_s20d_clean_seed0_job330370,tomato_sauce,19
122,2,0,68,3.8,1,1,1,0.002277,0.00249,0.005906,-0.003416,4,,trace_tomato_sauce_s19_w0_10_s20d_clean_seed0_job330370,tomato_sauce,19
81,0,1,0,3.3,1,1,1,-4.2e-05,0.022723,0.022697,2.6e-05,,,trace_tomato_sauce_s20_w0_10_s20d_clean_seed0_job330371,tomato_sauce,20
139,1,0,58,3.8,1,1,1,-0.002849,0.007534,0.009572,-0.002038,58,,trace_tomato_sauce_s20_w0_10_s20d_clean_seed0_job330371,tomato_sauce,20
141,2,0,60,3.8,1,1,1,-0.002529,0.004972,0.008443,-0.003471,2,,trace_tomato_sauce_s20_w0_10_s20d_clean_seed0_job330371,tomato_sauce,20
64,0,1,0,3.3,1,1,1,-5.8e-05,0.027822,0.028403,-0.000581,,,trace_tomato_sauce_s22_w0_10_s20d_clean_seed0_job330373,tomato_sauce,22
124,1,0,60,3.8,1,1,1,-0.005291,0.008227,0.020905,-0.012678,60,,trace_tomato_sauce_s22_w0_10_s20d_clean_seed0_job330373,tomato_sauce,22
127,2,0,63,3.3,1,1,1,-0.004842,0.003028,0.00268,0.000348,3,,trace_tomato_sauce_s22_w0_10_s20d_clean_seed0_job330373,tomato_sauce,22
132,3,0,68,3.3,1,1,1,-0.003998,0.014794,0.019336,-0.004542,5,,trace_tomato_sauce_s22_w0_10_s20d_clean_seed0_job330373,tomato_sauce,22
137,4,0,73,3.3,1,1,1,-0.003098,0.007645,0.003598,0.004047,5,,trace_tomato_sauce_s22_w0_10_s20d_clean_seed0_job330373,tomato_sauce,22
139,5,0,75,3.8,1,1,1,-0.0024,0.002212,0.003365,-0.001153,2,,trace_tomato_sauce_s22_w0_10_s20d_clean_seed0_job330373,tomato_sauce,22
142,6,0,78,3.3,1,1,1,-0.001956,0.008523,0.007444,0.001079,3,,trace_tomato_sauce_s22_w0_10_s20d_clean_seed0_job330373,tomato_sauce,22
147,7,0,83,3.3,1,1,1,-0.001321,0.012403,0.008238,0.004165,5,,trace_tomato_sauce_s22_w0_10_s20d_clean_seed0_job330373,tomato_sauce,22
69,0,0,-72,3.3,1,1,1,-5.9e-05,0.026369,0.027156,-0.000787,,,trace_tomato_sauce_s23_w0_10_s20d_clean_seed0_job330374,tomato_sauce,23
141,1,1,0,3.3,1,1,1,-0.006338,0.007153,0.005727,0.001426,72,,trace_tomato_sauce_s23_w0_10_s20d_clean_seed0_job330374,tomato_sauce,23
39,0,0,-195,3.3,1,1,1,-1.2e-05,0.028054,0.027048,0.001006,,,trace_tomato_sauce_s24_w0_10_s20d_clean_seed0_job330375,tomato_sauce,24
78,1,0,-156,3.3,1,1,1,-9.1e-05,0.023264,0.023324,-6e-05,39,,trace_tomato_sauce_s24_w0_10_s20d_clean_seed0_job330375,tomato_sauce,24
107,2,0,-127,3.8,1,1,1,-4.9e-05,0.001106,0.001785,-0.000679,29,,trace_tomato_sauce_s24_w0_10_s20d_clean_seed0_job330375,tomato_sauce,24
110,3,0,-124,3.3,1,1,1,-0.000204,0.013915,0.00822,0.005695,3,,trace_tomato_sauce_s24_w0_10_s20d_clean_seed0_job330375,tomato_sauce,24
114,4,0,-120,3.8,1,1,1,-0.000191,0.001948,0.003043,-0.001095,4,,trace_tomato_sauce_s24_w0_10_s20d_clean_seed0_job330375,tomato_sauce,24
123,5,0,-111,3.3,1,1,1,-0.000999,0.016886,0.021671,-0.004785,9,,trace_tomato_sauce_s24_w0_10_s20d_clean_seed0_job330375,tomato_sauce,24
136,6,0,-98,3.8,1,1,1,0.001162,0.001387,0.002616,-0.001229,13,,trace_tomato_sauce_s24_w0_10_s20d_clean_seed0_job330375,tomato_sauce,24
138,7,0,-96,3.3,1,1,1,-0.001884,0.00259,0.000701,0.001889,2,,trace_tomato_sauce_s24_w0_10_s20d_clean_seed0_job330375,tomato_sauce,24
142,8,0,-92,3.3,1,1,1,-0.000888,0.002721,0.001808,0.000913,4,,trace_tomato_sauce_s24_w0_10_s20d_clean_seed0_job330375,tomato_sauce,24
144,9,0,-90,3.3,1,1,1,-0.000445,0.00391,0.003463,0.000447,2,,trace_tomato_sauce_s24_w0_10_s20d_clean_seed0_job330375,tomato_sauce,24
149,10,0,-85,3.3,1,1,1,0.001609,0.002722,0.001123,0.001599,5,,trace_tomato_sauce_s24_w0_10_s20d_clean_seed0_job330375,tomato_sauce,24
154,11,0,-80,3.8,1,1,1,-0.000102,0.00452,0.006425,-0.001905,5,,trace_tomato_sauce_s24_w0_10_s20d_clean_seed0_job330375,tomato_sauce,24
157,12,0,-77,3.8,1,1,1,-0.002156,0.002813,0.006008,-0.003195,3,,trace_tomato_sauce_s24_w0_10_s20d_clean_seed0_job330375,tomato_sauce,24
160,13,0,-74,3.3,1,1,1,-0.002146,0.000245,0.000229,1.6e-05,3,,trace_tomato_sauce_s24_w0_10_s20d_clean_seed0_job330375,tomato_sauce,24
163,14,0,-71,3.8,1,1,1,-0.001656,0.000676,0.000733,-5.7e-05,3,,trace_tomato_sauce_s24_w0_10_s20d_clean_seed0_job330375,tomato_sauce,24
170,15,0,-64,3.3,1,1,1,-0.000986,0.001894,0.001158,0.000736,7,,trace_tomato_sauce_s24_w0_10_s20d_clean_seed0_job330375,tomato_sauce,24
174,16,0,-60,3.8,1,1,1,-1e-05,0.001366,0.001942,-0.000576,4,,trace_tomato_sauce_s24_w0_10_s20d_clean_seed0_job330375,tomato_sauce,24
178,17,0,-56,3.3,1,1,1,-7.6e-05,0.00235,0.001822,0.000528,4,,trace_tomato_sauce_s24_w0_10_s20d_clean_seed0_job330375,tomato_sauce,24
182,18,0,-52,3.8,1,1,1,-1.1e-05,0.001414,0.003541,-0.002127,4,,trace_tomato_sauce_s24_w0_10_s20d_clean_seed0_job330375,tomato_sauce,24
184,19,0,-50,3.3,1,1,1,-0.000658,0.003366,0.002768,0.000598,2,,trace_tomato_sauce_s24_w0_10_s20d_clean_seed0_job330375,tomato_sauce,24
186,20,0,-48,3.8,1,1,1,-0.00077,0.00062,0.000623,-3e-06,2,,trace_tomato_sauce_s24_w0_10_s20d_clean_seed0_job330375,tomato_sauce,24
190,21,0,-44,3.3,1,1,1,-0.000716,0.001381,0.001254,0.000127,4,,trace_tomato_sauce_s24_w0_10_s20d_clean_seed0_job330375,tomato_sauce,24
193,22,0,-41,3.8,1,1,1,-0.000429,0.001328,0.002489,-0.001161,3,,trace_tomato_sauce_s24_w0_10_s20d_clean_seed0_job330375,tomato_sauce,24
198,23,0,-36,3.3,1,1,1,0.001103,0.002098,0.001699,0.000399,5,,trace_tomato_sauce_s24_w0_10_s20d_clean_seed0_job330375,tomato_sauce,24
201,24,0,-33,3.8,1,1,1,0.002853,0.000779,0.000929,-0.00015,3,,trace_tomato_sauce_s24_w0_10_s20d_clean_seed0_job330375,tomato_sauce,24
203,25,0,-31,3.3,1,1,1,0.002791,0.000799,0.000731,6.8e-05,2,,trace_tomato_sauce_s24_w0_10_s20d_clean_seed0_job330375,tomato_sauce,24
209,26,0,-25,3.3,1,1,1,-0.010698,0.004142,0.003888,0.000254,6,,trace_tomato_sauce_s24_w0_10_s20d_clean_seed0_job330375,tomato_sauce,24
226,27,0,-8,3.8,1,1,1,-0.006619,0.00151,0.001635,-0.000125,17,,trace_tomato_sauce_s24_w0_10_s20d_clean_seed0_job330375,tomato_sauce,24
230,28,0,-4,3.8,1,1,1,-0.001596,0.007894,0.00906,-0.001166,4,,trace_tomato_sauce_s24_w0_10_s20d_clean_seed0_job330375,tomato_sauce,24
234,29,1,0,3.8,1,1,1,-0.000672,0.005563,0.005859,-0.000296,4,,trace_tomato_sauce_s24_w0_10_s20d_clean_seed0_job330375,tomato_sauce,24
249,30,0,15,3.8,1,1,1,0.000914,0.002531,0.0036,-0.001069,15,,trace_tomato_sauce_s24_w0_10_s20d_clean_seed0_job330375,tomato_sauce,24
254,31,0,20,3.3,1,1,1,0.000496,0.00179,0.001122,0.000668,5,,trace_tomato_sauce_s24_w0_10_s20d_clean_seed0_job330375,tomato_sauce,24
260,32,0,26,3.8,1,1,1,0.000158,0.000445,0.002977,-0.002532,6,,trace_tomato_sauce_s24_w0_10_s20d_clean_seed0_job330375,tomato_sauce,24
265,33,0,31,3.8,1,1,1,-0.003435,0.003101,0.004384,-0.001283,5,,trace_tomato_sauce_s24_w0_10_s20d_clean_seed0_job330375,tomato_sauce,24
275,34,0,41,3.3,1,1,1,-0.001821,0.002183,0.001584,0.000599,10,,trace_tomato_sauce_s24_w0_10_s20d_clean_seed0_job330375,tomato_sauce,24
56,0,1,0,3.3,1,1,1,-0.000132,0.026706,0.025831,0.000875,,,trace_tomato_sauce_s26_w0_10_s20d_clean_seed0_job330377,tomato_sauce,26
59,1,0,3,3.3,1,1,1,-0.004631,0.013406,0.020681,-0.007275,3,,trace_tomato_sauce_s26_w0_10_s20d_clean_seed0_job330377,tomato_sauce,26
61,0,0,-7,3.8,1,1,1,-9.1e-05,0.004516,0.01187,-0.007354,,,trace_tomato_sauce_s28_w0_10_s20d_clean_seed0_job330379,tomato_sauce,28
63,1,0,-5,3.3,1,1,1,-0.000292,0.001083,0.000964,0.000119,2,,trace_tomato_sauce_s28_w0_10_s20d_clean_seed0_job330379,tomato_sauce,28
65,2,0,-3,3.8,1,1,1,-0.000765,0.000681,0.001049,-0.000368,2,,trace_tomato_sauce_s28_w0_10_s20d_clean_seed0_job330379,tomato_sauce,28
68,3,1,0,3.3,1,1,1,-0.000666,0.00073,0.000617,0.000113,3,,trace_tomato_sauce_s28_w0_10_s20d_clean_seed0_job330379,tomato_sauce,28
71,4,0,3,3.3,1,1,1,-0.002456,0.001566,0.001248,0.000318,3,,trace_tomato_sauce_s28_w0_10_s20d_clean_seed0_job330379,tomato_sauce,28
142,5,0,74,3.3,1,1,1,8.6e-05,0.000377,0.000375,2e-06,71,,trace_tomato_sauce_s28_w0_10_s20d_clean_seed0_job330379,tomato_sauce,28
236,6,0,168,3.8,1,1,1,2.7e-05,0.000463,0.001299,-0.000836,94,,trace_tomato_sauce_s28_w0_10_s20d_clean_seed0_job330379,tomato_sauce,28
275,7,0,207,3.3,1,1,1,0.000139,0.000364,0.000349,1.5e-05,39,,trace_tomato_sauce_s28_w0_10_s20d_clean_seed0_job330379,tomato_sauce,28
279,8,0,211,3.3,1,1,1,0.000163,0.000561,0.000332,0.000229,4,,trace_tomato_sauce_s28_w0_10_s20d_clean_seed0_job330379,tomato_sauce,28
44,0,1,0,3.3,1,1,1,8e-06,0.022916,0.022304,0.000612,,,trace_tomato_sauce_s29_w0_10_s20d_clean_seed0_job330380,tomato_sauce,29
104,1,0,60,3.8,1,1,1,-0.001483,0.008881,0.017408,-0.008527,60,,trace_tomato_sauce_s29_w0_10_s20d_clean_seed0_job330380,tomato_sauce,29
108,2,0,64,3.8,1,1,1,-0.001493,0.008244,0.009487,-0.001243,4,,trace_tomato_sauce_s29_w0_10_s20d_clean_seed0_job330380,tomato_sauce,29
110,3,0,66,3.8,1,1,1,-0.001503,0.002283,0.003185,-0.000902,2,,trace_tomato_sauce_s29_w0_10_s20d_clean_seed0_job330380,tomato_sauce,29
114,4,0,70,3.3,1,1,1,-0.001451,0.010007,0.005587,0.00442,4,,trace_tomato_sauce_s29_w0_10_s20d_clean_seed0_job330380,tomato_sauce,29
117,5,0,73,3.8,1,1,1,-0.001184,0.003637,0.004079,-0.000442,3,,trace_tomato_sauce_s29_w0_10_s20d_clean_seed0_job330380,tomato_sauce,29
122,6,0,78,3.3,1,1,1,-0.000571,0.013912,0.007428,0.006484,5,,trace_tomato_sauce_s29_w0_10_s20d_clean_seed0_job330380,tomato_sauce,29
60,0,0,-49,3.3,1,1,1,-2.2e-05,0.018483,0.019621,-0.001138,,,trace_tomato_sauce_s31_w0_10_s20d_clean_seed0_job330382,tomato_sauce,31
63,1,0,-46,3.8,1,1,1,0.002827,0.005217,0.009777,-0.00456,3,,trace_tomato_sauce_s31_w0_10_s20d_clean_seed0_job330382,tomato_sauce,31
75,2,0,-34,3.3,1,1,1,5.2e-05,0.014056,0.015041,-0.000985,12,,trace_tomato_sauce_s31_w0_10_s20d_clean_seed0_job330382,tomato_sauce,31
80,3,0,-29,3.8,1,1,1,-1.2e-05,0.003331,0.00489,-0.001559,5,,trace_tomato_sauce_s31_w0_10_s20d_clean_seed0_job330382,tomato_sauce,31
101,4,0,-8,3.3,1,1,1,-0.000178,0.021923,0.021001,0.000922,21,,trace_tomato_sauce_s31_w0_10_s20d_clean_seed0_job330382,tomato_sauce,31
109,5,1,0,3.8,1,1,1,-0.002956,0.001653,0.002471,-0.000818,8,,trace_tomato_sauce_s31_w0_10_s20d_clean_seed0_job330382,tomato_sauce,31
173,6,0,64,3.3,1,1,1,-0.001753,0.012587,0.015157,-0.00257,64,,trace_tomato_sauce_s31_w0_10_s20d_clean_seed0_job330382,tomato_sauce,31
180,7,0,71,3.8,1,1,1,-0.001857,0.006622,0.015443,-0.008821,7,,trace_tomato_sauce_s31_w0_10_s20d_clean_seed0_job330382,tomato_sauce,31
184,8,0,75,3.3,1,1,1,-0.001924,0.007716,0.007184,0.000532,4,,trace_tomato_sauce_s31_w0_10_s20d_clean_seed0_job330382,tomato_sauce,31
72,0,1,0,3.3,1,1,1,-0.000101,0.027294,0.027847,-0.000553,,,trace_tomato_sauce_s32_w0_10_s20d_clean_seed0_job330383,tomato_sauce,32
131,1,0,59,3.3,1,1,1,-0.003961,0.011213,0.015574,-0.004361,59,,trace_tomato_sauce_s32_w0_10_s20d_clean_seed0_job330383,tomato_sauce,32
139,2,0,67,3.3,1,1,1,-0.001833,0.0162,0.014717,0.001483,8,,trace_tomato_sauce_s32_w0_10_s20d_clean_seed0_job330383,tomato_sauce,32
137,0,0,-49,3.3,1,1,1,-1.4e-05,0.008524,0.007536,0.000988,,,trace_tomato_sauce_s34_w0_10_s20d_clean_seed0_job330385,tomato_sauce,34
186,1,1,0,3.3,1,1,1,-0.000108,0.022392,0.023735,-0.001343,49,,trace_tomato_sauce_s34_w0_10_s20d_clean_seed0_job330385,tomato_sauce,34
189,2,0,3,3.8,1,1,1,-0.004086,0.008033,0.012959,-0.004926,3,,trace_tomato_sauce_s34_w0_10_s20d_clean_seed0_job330385,tomato_sauce,34
192,3,0,6,3.8,1,1,1,-0.006787,0.002456,0.0027,-0.000244,3,,trace_tomato_sauce_s34_w0_10_s20d_clean_seed0_job330385,tomato_sauce,34
248,4,0,62,3.3,1,1,1,-0.002908,0.003511,0.000957,0.002554,56,,trace_tomato_sauce_s34_w0_10_s20d_clean_seed0_job330385,tomato_sauce,34
251,5,0,65,3.3,1,1,1,-0.002367,0.007534,0.003954,0.00358,3,,trace_tomato_sauce_s34_w0_10_s20d_clean_seed0_job330385,tomato_sauce,34
255,6,0,69,3.3,1,1,1,-0.001932,0.007092,0.002823,0.004269,4,,trace_tomato_sauce_s34_w0_10_s20d_clean_seed0_job330385,tomato_sauce,34
60,0,1,0,3.3,1,1,1,-0.000115,0.025193,0.025108,8.5e-05,,,trace_tomato_sauce_s35_w0_10_s20d_clean_seed0_job330386,tomato_sauce,35
124,1,0,64,3.3,1,1,1,-0.00423,0.017918,0.020896,-0.002978,64,,trace_tomato_sauce_s35_w0_10_s20d_clean_seed0_job330386,tomato_sauce,35
65,0,0,-2,3.3,1,1,1,-8.3e-05,0.027747,0.02811,-0.000363,,,trace_tomato_sauce_s36_w0_10_s20d_clean_seed0_job330387,tomato_sauce,36
67,1,1,0,3.3,1,1,1,-6e-06,0.023002,0.025773,-0.002771,2,,trace_tomato_sauce_s36_w0_10_s20d_clean_seed0_job330387,tomato_sauce,36
133,2,0,66,3.3,1,1,1,-0.00343,0.013511,0.008281,0.00523,66,,trace_tomato_sauce_s36_w0_10_s20d_clean_seed0_job330387,tomato_sauce,36
139,3,0,72,3.3,1,1,1,-0.001828,0.013088,0.005303,0.007785,6,,trace_tomato_sauce_s36_w0_10_s20d_clean_seed0_job330387,tomato_sauce,36
143,4,0,76,3.8,1,1,1,-0.001198,0.006823,0.012029,-0.005206,4,,trace_tomato_sauce_s36_w0_10_s20d_clean_seed0_job330387,tomato_sauce,36
146,5,0,79,3.3,1,1,1,-0.000805,0.003041,0.002727,0.000314,3,,trace_tomato_sauce_s36_w0_10_s20d_clean_seed0_job330387,tomato_sauce,36
148,6,0,81,3.8,1,1,1,-0.000531,0.002786,0.003071,-0.000285,2,,trace_tomato_sauce_s36_w0_10_s20d_clean_seed0_job330387,tomato_sauce,36
75,0,0,-83,3.3,1,1,1,-0.000116,0.022868,0.023716,-0.000848,,,trace_tomato_sauce_s39_w0_10_s20d_clean_seed0_job330390,tomato_sauce,39
143,1,0,-15,3.8,1,1,1,0.000216,0.006589,0.009825,-0.003236,68,,trace_tomato_sauce_s39_w0_10_s20d_clean_seed0_job330390,tomato_sauce,39
149,2,0,-9,3.3,1,1,1,9.3e-05,0.012667,0.00631,0.006357,6,,trace_tomato_sauce_s39_w0_10_s20d_clean_seed0_job330390,tomato_sauce,39
154,3,0,-4,3.8,1,1,1,-9.9e-05,0.005191,0.008015,-0.002824,5,,trace_tomato_sauce_s39_w0_10_s20d_clean_seed0_job330390,tomato_sauce,39
158,4,1,0,3.3,1,1,1,-0.000197,0.017687,0.017544,0.000143,4,,trace_tomato_sauce_s39_w0_10_s20d_clean_seed0_job330390,tomato_sauce,39
162,5,0,4,3.3,1,1,1,-0.000286,0.005984,0.001988,0.003996,4,,trace_tomato_sauce_s39_w0_10_s20d_clean_seed0_job330390,tomato_sauce,39
169,6,0,11,3.3,1,1,1,-0.000319,0.008005,0.003652,0.004353,7,,trace_tomato_sauce_s39_w0_10_s20d_clean_seed0_job330390,tomato_sauce,39
64,0,1,0,3.3,1,1,1,-8e-06,0.018973,0.019699,-0.000726,,,trace_tomato_sauce_s40_w0_10_s20d_clean_seed0_job330391,tomato_sauce,40
123,1,0,59,3.8,1,1,1,0.000197,0.005888,0.010395,-0.004507,59,,trace_tomato_sauce_s40_w0_10_s20d_clean_seed0_job330391,tomato_sauce,40
128,2,0,64,3.8,1,1,1,0.000125,0.004461,0.004529,-6.8e-05,5,,trace_tomato_sauce_s40_w0_10_s20d_clean_seed0_job330391,tomato_sauce,40
131,3,0,67,3.8,1,1,1,1.7e-05,0.001972,0.00223,-0.000258,3,,trace_tomato_sauce_s40_w0_10_s20d_clean_seed0_job330391,tomato_sauce,40
134,4,0,70,3.3,1,1,1,-3.5e-05,0.009329,0.003905,0.005424,3,,trace_tomato_sauce_s40_w0_10_s20d_clean_seed0_job330391,tomato_sauce,40
140,5,0,76,3.8,1,1,1,-7e-05,0.003591,0.008747,-0.005156,6,,trace_tomato_sauce_s40_w0_10_s20d_clean_seed0_job330391,tomato_sauce,40
145,6,0,81,3.3,1,1,1,-0.000128,0.005156,0.004144,0.001012,5,,trace_tomato_sauce_s40_w0_10_s20d_clean_seed0_job330391,tomato_sauce,40
151,7,0,87,3.3,1,1,1,-0.000192,0.011314,0.005092,0.006222,6,,trace_tomato_sauce_s40_w0_10_s20d_clean_seed0_job330391,tomato_sauce,40
64,0,1,0,3.3,1,1,1,-6.8e-05,0.02589,0.026284,-0.000394,,,trace_tomato_sauce_s41_w0_10_s20d_clean_seed0_job330392,tomato_sauce,41
134,1,0,70,3.3,1,1,1,0.000442,0.009131,0.003721,0.00541,70,,trace_tomato_sauce_s41_w0_10_s20d_clean_seed0_job330392,tomato_sauce,41
59,0,1,0,3.3,1,1,1,-0.000697,0.027112,0.0284,-0.001288,,,trace_tomato_sauce_s42_w0_10_s20d_clean_seed0_job330393,tomato_sauce,42
116,1,0,57,3.3,1,1,1,-0.003727,0.015515,0.020155,-0.00464,57,,trace_tomato_sauce_s42_w0_10_s20d_clean_seed0_job330393,tomato_sauce,42
57,0,1,0,3.3,1,1,1,2.9e-05,0.021699,0.022281,-0.000582,,,trace_tomato_sauce_s46_w0_10_s20d_clean_seed0_job330397,tomato_sauce,46
112,1,0,55,3.3,1,1,1,-0.004998,0.01922,0.02373,-0.00451,55,,trace_tomato_sauce_s46_w0_10_s20d_clean_seed0_job330397,tomato_sauce,46
120,2,0,63,3.8,1,1,1,-0.004457,0.003129,0.010207,-0.007078,8,,trace_tomato_sauce_s46_w0_10_s20d_clean_seed0_job330397,tomato_sauce,46
74,0,1,0,3.3,1,1,1,-0.00011,0.025263,0.026125,-0.000862,,,trace_tomato_sauce_s47_w0_10_s20d_clean_seed0_job330398,tomato_sauce,47
77,1,0,3,3.3,1,1,1,-0.004665,0.012694,0.017858,-0.005164,3,,trace_tomato_sauce_s47_w0_10_s20d_clean_seed0_job330398,tomato_sauce,47
131,2,0,57,3.3,1,1,1,-0.003888,0.017835,0.023641,-0.005806,54,,trace_tomato_sauce_s47_w0_10_s20d_clean_seed0_job330398,tomato_sauce,47
136,3,0,62,3.3,1,1,1,-0.003705,0.00778,0.002835,0.004945,5,,trace_tomato_sauce_s47_w0_10_s20d_clean_seed0_job330398,tomato_sauce,47
138,4,0,64,3.8,1,1,1,-0.00308,0.001314,0.00497,-0.003656,2,,trace_tomato_sauce_s47_w0_10_s20d_clean_seed0_job330398,tomato_sauce,47
146,5,0,72,3.3,1,1,1,-0.001803,0.01493,0.015619,-0.000689,8,,trace_tomato_sauce_s47_w0_10_s20d_clean_seed0_job330398,tomato_sauce,47
78,0,1,0,3.3,1,1,1,8e-06,0.011202,0.012477,-0.001275,,,trace_tomato_sauce_s49_w0_10_s20d_clean_seed0_job330400,tomato_sauce,49
132,1,0,54,3.3,1,1,1,0.004796,0.018155,0.026325,-0.00817,54,,trace_tomato_sauce_s49_w0_10_s20d_clean_seed0_job330400,tomato_sauce,49
139,2,0,61,3.3,1,1,1,0.004772,0.011483,0.014652,-0.003169,7,,trace_tomato_sauce_s49_w0_10_s20d_clean_seed0_job330400,tomato_sauce,49
142,3,0,64,3.8,1,1,1,0.004764,0.008169,0.009288,-0.001119,3,,trace_tomato_sauce_s49_w0_10_s20d_clean_seed0_job330400,tomato_sauce,49
150,4,0,72,3.3,1,1,1,0.00294,0.017032,0.016689,0.000343,8,,trace_tomato_sauce_s49_w0_10_s20d_clean_seed0_job330400,tomato_sauce,49
153,5,0,75,3.8,1,1,1,0.002027,0.009956,0.013076,-0.00312,3,,trace_tomato_sauce_s49_w0_10_s20d_clean_seed0_job330400,tomato_sauce,49
156,6,0,78,3.3,1,1,1,0.000874,0.007343,0.006877,0.000466,3,,trace_tomato_sauce_s49_w0_10_s20d_clean_seed0_job330400,tomato_sauce,49
162,7,0,84,3.3,1,1,1,0.000144,0.005113,0.005051,6.2e-05,6,,trace_tomato_sauce_s49_w0_10_s20d_clean_seed0_job330400,tomato_sauce,49
167,8,0,89,3.3,1,1,1,-0.000154,0.004792,0.003025,0.001767,5,,trace_tomato_sauce_s49_w0_10_s20d_clean_seed0_job330400,tomato_sauce,49
