trace_id,task_key,state_id,candidate_step,candidate_index,is_teacher_p,teacher_p_criteria_pass,distance_to_teacher_p,total_score,raw_crossing_bonus,close_streak_bonus,close_onset_qpos_bonus,eef_deceleration_bonus,qpos_ready_bonus,eef_speed_now,eef_speed_prev,eef_deceleration_delta,close_streak,raw_crossing,close_onset,qpos,time_since_prev_close,time_since_last_open,selector_abstain_reason,selector_emittable,eef_to_obj_distance_at_close,grasp_privilege_local_valid,max_cumulative_vertical_dz,max_sustained_vertical_frames,eef_attachment_consistent,tp_abstain_reason
trace_alphabet_soup_s2_w0_10_s20d_clean_seed0_job250016,alphabet_soup,2,55,0,1,1,0,3.3,1.5,1.0,0.5,0.0,0.3,0.032227,0.034182,-0.001955,1,1,1,-0.00012013,,1,,1,0.059468,1,0.05808,6,1,
trace_bbq_sauce_s0_w0_10_s20d_clean_seed0_job250001,bbq_sauce,0,52,0,0,0,-33,3.8,1.5,1.0,0.5,0.5,0.3,0.002566,0.003954,-0.001388,1,1,1,-1.916e-05,,1,,1,0.064337,1,0.004604,3,1,no_sustained_vertical_lift_type=sustained_horizontal_transport
trace_bbq_sauce_s0_w0_10_s20d_clean_seed0_job250001,bbq_sauce,0,55,1,0,0,-30,3.8,1.5,1.0,0.5,0.5,0.3,0.002299,0.003809,-0.00151,1,1,1,-2.678e-05,3,1,,1,0.06214,1,0.004604,3,0,no_sustained_vertical_lift_type=sustained_horizontal_transport
trace_bbq_sauce_s0_w0_10_s20d_clean_seed0_job250001,bbq_sauce,0,57,2,0,0,-28,3.3,1.5,1.0,0.5,0.0,0.3,0.002349,0.000608,0.001741,1,1,1,-1.554e-05,2,1,,1,0.059548,1,0.004604,3,0,no_sustained_vertical_lift_type=sustained_horizontal_transport
trace_bbq_sauce_s0_w0_10_s20d_clean_seed0_job250001,bbq_sauce,0,68,3,0,0,-17,3.3,1.5,1.0,0.5,0.0,0.3,0.015631,0.0137,0.001931,1,1,1,2.85e-06,11,1,,1,0.082264,1,0.0,0,1,eef_not_near_object_dist=0.0823
trace_bbq_sauce_s0_w0_10_s20d_clean_seed0_job250001,bbq_sauce,0,85,4,1,1,0,3.3,1.5,1.0,0.5,0.0,0.3,0.01582,0.017023,-0.001203,1,1,1,-1.429e-05,17,1,,1,0.038281,1,0.006817,2,1,
trace_bbq_sauce_s0_w0_10_s20d_clean_seed0_job250001,bbq_sauce,0,155,5,0,0,70,3.8,1.5,1.0,0.5,0.5,0.3,0.007093,0.009996,-0.002903,1,1,1,-2.521e-05,70,1,,1,0.029709,1,0.0,0,1,no_sustained_vertical_lift_type=no_sustained_motion
trace_bbq_sauce_s0_w0_10_s20d_clean_seed0_job250001,bbq_sauce,0,157,6,0,0,72,3.8,1.5,1.0,0.5,0.5,0.3,0.005447,0.006135,-0.000688,1,1,1,-7.87e-06,2,1,,1,0.029723,1,0.0,0,1,no_sustained_vertical_lift_type=no_sustained_motion
trace_bbq_sauce_s2_w0_10_s20d_clean_seed0_job250002,bbq_sauce,2,49,0,0,0,,3.3,1.5,1.0,0.5,0.0,0.3,0.020601,0.022981,-0.00238,1,1,1,1.097e-05,,1,,1,0.042721,1,0.000309,0,1,no_sustained_vertical_lift_type=no_sustained_motion
trace_bbq_sauce_s2_w0_10_s20d_clean_seed0_job250002,bbq_sauce,2,51,1,0,0,,3.3,1.5,1.0,0.5,0.0,0.3,0.018863,0.018715,0.000148,1,1,1,2.064e-05,2,1,,1,0.036414,1,0.000309,0,1,no_sustained_vertical_lift_type=no_sustained_motion
trace_bbq_sauce_s2_w0_10_s20d_clean_seed0_job250002,bbq_sauce,2,66,2,0,0,,3.3,1.5,1.0,0.5,0.0,0.3,0.021981,0.019586,0.002395,1,1,1,-3.28e-05,15,1,,1,0.084577,1,0.0,0,1,eef_not_near_object_dist=0.0846
trace_bbq_sauce_s2_w0_10_s20d_clean_seed0_job250002,bbq_sauce,2,75,3,0,0,,3.8,1.5,1.0,0.5,0.5,0.3,0.003339,0.004637,-0.001298,1,1,1,-5.542e-05,9,1,,1,0.130114,1,0.0,0,1,eef_not_near_object_dist=0.1301
trace_bbq_sauce_s2_w0_10_s20d_clean_seed0_job250002,bbq_sauce,2,79,4,0,0,,3.3,1.5,1.0,0.5,0.0,0.3,0.004712,0.004193,0.000519,1,1,1,-4.555e-05,4,1,,1,0.13285,1,0.0,0,1,eef_not_near_object_dist=0.1329
trace_bbq_sauce_s2_w0_10_s20d_clean_seed0_job250002,bbq_sauce,2,81,5,0,0,,3.3,1.5,1.0,0.5,0.0,0.3,0.006143,0.00586,0.000283,1,1,1,-3.935e-05,2,1,,1,0.135907,1,0.0,0,1,eef_not_near_object_dist=0.1359
trace_bbq_sauce_s2_w0_10_s20d_clean_seed0_job250002,bbq_sauce,2,89,6,0,0,,3.3,1.5,1.0,0.5,0.0,0.3,0.004282,0.004193,8.9e-05,1,1,1,-4.657e-05,8,1,,1,0.140088,1,0.0,0,1,eef_not_near_object_dist=0.1401
trace_bbq_sauce_s2_w0_10_s20d_clean_seed0_job250002,bbq_sauce,2,94,7,0,0,,3.3,1.5,1.0,0.5,0.0,0.3,0.004532,0.004496,3.6e-05,1,1,1,-4.67e-05,5,1,,1,0.143414,1,0.0,0,1,eef_not_near_object_dist=0.1434
trace_bbq_sauce_s2_w0_10_s20d_clean_seed0_job250002,bbq_sauce,2,97,8,0,0,,3.3,1.5,1.0,0.5,0.0,0.3,0.007682,0.004872,0.00281,1,1,1,-4.451e-05,3,1,,1,0.139573,1,0.0,0,1,eef_not_near_object_dist=0.1396
trace_bbq_sauce_s2_w0_10_s20d_clean_seed0_job250002,bbq_sauce,2,99,9,0,0,,3.3,1.5,1.0,0.5,0.0,0.3,0.008986,0.008981,5e-06,1,1,1,-4.021e-05,2,1,,1,0.137401,1,0.0,0,1,eef_not_near_object_dist=0.1374
trace_bbq_sauce_s2_w0_10_s20d_clean_seed0_job250002,bbq_sauce,2,116,10,0,0,,3.3,1.5,1.0,0.5,0.0,0.3,0.026496,0.025568,0.000928,1,1,1,-5.575e-05,17,1,,1,0.089405,1,0.0,0,1,eef_not_near_object_dist=0.0894
trace_bbq_sauce_s2_w0_10_s20d_clean_seed0_job250002,bbq_sauce,2,118,11,0,0,,3.3,1.5,1.0,0.5,0.0,0.3,0.022977,0.024296,-0.001319,1,1,1,-6.169e-05,2,1,,1,0.096197,1,0.0,0,1,eef_not_near_object_dist=0.0962
trace_bbq_sauce_s2_w0_10_s20d_clean_seed0_job250002,bbq_sauce,2,144,12,0,0,,3.3,1.5,1.0,0.5,0.0,0.3,0.030276,0.03797,-0.007694,1,1,1,-0.000135,26,1,,1,0.142495,1,0.0,0,1,eef_not_near_object_dist=0.1425
trace_bbq_sauce_s2_w0_10_s20d_clean_seed0_job250002,bbq_sauce,2,147,13,0,0,,3.8,1.5,1.0,0.5,0.5,0.3,0.00827,0.010256,-0.001986,1,1,1,-0.00014908,3,1,,1,0.149717,1,0.0,0,1,eef_not_near_object_dist=0.1497
trace_bbq_sauce_s2_w0_10_s20d_clean_seed0_job250002,bbq_sauce,2,152,14,0,0,,3.3,1.5,1.0,0.5,0.0,0.3,0.00973,0.007663,0.002067,1,1,1,-0.00016707,5,1,,1,0.160672,1,0.0,0,1,eef_not_near_object_dist=0.1607
trace_bbq_sauce_s2_w0_10_s20d_clean_seed0_job250002,bbq_sauce,2,156,15,0,0,,3.3,1.5,1.0,0.5,0.0,0.3,0.011065,0.016396,-0.005331,1,1,1,-0.00014433,4,1,,1,0.171062,1,0.0,0,1,eef_not_near_object_dist=0.1711
trace_bbq_sauce_s2_w0_10_s20d_clean_seed0_job250002,bbq_sauce,2,160,16,0,0,,3.8,1.5,1.0,0.5,0.5,0.3,0.002507,0.002768,-0.000261,1,1,1,-0.0001348,4,1,,1,0.170719,1,0.0,0,1,eef_not_near_object_dist=0.1707
trace_bbq_sauce_s2_w0_10_s20d_clean_seed0_job250002,bbq_sauce,2,178,17,0,0,,3.3,1.5,1.0,0.5,0.0,0.3,0.019641,0.025589,-0.005948,1,1,1,-0.00015768,18,1,,1,0.141096,1,0.0,0,1,eef_not_near_object_dist=0.1411
trace_bbq_sauce_s2_w0_10_s20d_clean_seed0_job250002,bbq_sauce,2,182,18,0,0,,3.8,1.5,1.0,0.5,0.5,0.3,0.009568,0.010373,-0.000805,1,1,1,-0.00013765,4,1,,1,0.143375,1,0.0,0,1,eef_not_near_object_dist=0.1434
trace_bbq_sauce_s2_w0_10_s20d_clean_seed0_job250002,bbq_sauce,2,189,19,0,0,,3.3,1.5,1.0,0.5,0.0,0.3,0.02255,0.018466,0.004084,1,1,1,-0.0001453,7,1,,1,0.154745,1,0.0,0,1,eef_not_near_object_dist=0.1547
trace_bbq_sauce_s2_w0_10_s20d_clean_seed0_job250002,bbq_sauce,2,197,20,0,0,,3.8,1.5,1.0,0.5,0.5,0.3,0.003514,0.004551,-0.001037,1,1,1,-0.00703904,8,1,,1,0.158185,1,0.0,0,1,eef_not_near_object_dist=0.1582
trace_bbq_sauce_s2_w0_10_s20d_clean_seed0_job250002,bbq_sauce,2,204,21,0,0,,3.3,1.5,1.0,0.5,0.0,0.3,0.005119,0.004417,0.000702,1,1,1,-0.00970353,7,1,,1,0.157724,1,0.0,0,1,eef_not_near_object_dist=0.1577
trace_bbq_sauce_s2_w0_10_s20d_clean_seed0_job250002,bbq_sauce,2,223,22,0,0,,3.3,1.5,1.0,0.5,0.0,0.3,0.019432,0.017655,0.001777,1,1,1,-0.00021885,19,1,,1,0.156905,1,0.0,0,1,eef_not_near_object_dist=0.1569
trace_bbq_sauce_s2_w0_10_s20d_clean_seed0_job250002,bbq_sauce,2,235,23,0,0,,3.3,1.5,1.0,0.5,0.0,0.3,0.017798,0.012221,0.005577,1,1,1,-0.00016015,12,1,,1,0.168756,1,0.0,0,1,eef_not_near_object_dist=0.1688
trace_bbq_sauce_s2_w0_10_s20d_clean_seed0_job250002,bbq_sauce,2,240,24,0,0,,3.3,1.5,1.0,0.5,0.0,0.3,0.014916,0.008202,0.006714,1,1,1,-0.00013511,5,1,,1,0.171893,1,0.0,0,1,eef_not_near_object_dist=0.1719
trace_bbq_sauce_s2_w0_10_s20d_clean_seed0_job250002,bbq_sauce,2,247,25,0,0,,3.3,1.5,1.0,0.5,0.0,0.3,0.027021,0.027436,-0.000415,1,1,1,-0.00011872,7,1,,1,0.179208,1,0.0,0,1,eef_not_near_object_dist=0.1792
trace_bbq_sauce_s2_w0_10_s20d_clean_seed0_job250002,bbq_sauce,2,249,26,0,0,,3.3,1.5,1.0,0.5,0.0,0.3,0.019052,0.021917,-0.002865,1,1,1,-0.00011813,2,1,,1,0.183467,1,0.0,0,1,eef_not_near_object_dist=0.1835
trace_bbq_sauce_s2_w0_10_s20d_clean_seed0_job250002,bbq_sauce,2,252,27,0,0,,3.3,1.5,1.0,0.5,0.0,0.3,0.016717,0.017229,-0.000512,1,1,1,-0.00013626,3,1,,1,0.191172,1,0.0,0,1,eef_not_near_object_dist=0.1912
trace_bbq_sauce_s2_w0_10_s20d_clean_seed0_job250002,bbq_sauce,2,265,28,0,0,,3.3,1.5,1.0,0.5,0.0,0.3,0.002198,0.002133,6.5e-05,1,1,1,0.00081948,13,1,,1,0.196455,1,0.0,0,1,eef_not_near_object_dist=0.1965
trace_bbq_sauce_s3_w0_10_s20d_clean_seed0_job250003,bbq_sauce,3,64,0,0,0,,3.3,1.5,1.0,0.5,0.0,0.3,0.02476,0.024444,0.000316,1,1,1,-1.463e-05,,1,,1,0.090868,1,0.0,0,1,eef_not_near_object_dist=0.0909
trace_bbq_sauce_s3_w0_10_s20d_clean_seed0_job250003,bbq_sauce,3,94,1,0,0,,3.8,1.5,1.0,0.5,0.5,0.3,0.004823,0.00498,-0.000157,1,1,1,-3.906e-05,30,1,,1,0.16808,1,0.0,0,1,eef_not_near_object_dist=0.1681
trace_bbq_sauce_s3_w0_10_s20d_clean_seed0_job250003,bbq_sauce,3,96,2,0,0,,3.8,1.5,1.0,0.5,0.5,0.3,0.004659,0.004731,-7.2e-05,1,1,1,-8.142e-05,2,1,,1,0.171104,1,0.0,0,1,eef_not_near_object_dist=0.1711
trace_bbq_sauce_s3_w0_10_s20d_clean_seed0_job250003,bbq_sauce,3,98,3,0,0,,3.3,1.5,1.0,0.5,0.0,0.3,0.007637,0.006167,0.00147,1,1,1,-8.505e-05,2,1,,1,0.176871,1,0.0,0,1,eef_not_near_object_dist=0.1769
trace_bbq_sauce_s3_w0_10_s20d_clean_seed0_job250003,bbq_sauce,3,100,4,0,0,,3.8,1.5,1.0,0.5,0.5,0.3,0.009491,0.009715,-0.000224,1,1,1,-7.729e-05,2,1,,1,0.183098,1,0.0,0,1,eef_not_near_object_dist=0.1831
trace_bbq_sauce_s3_w0_10_s20d_clean_seed0_job250003,bbq_sauce,3,128,5,0,0,,3.3,1.5,1.0,0.5,0.0,0.3,0.022294,0.024165,-0.001871,1,1,1,1.916e-05,28,1,,1,0.069623,1,0.0,0,1,no_sustained_vertical_lift_type=no_sustained_motion
trace_bbq_sauce_s3_w0_10_s20d_clean_seed0_job250003,bbq_sauce,3,130,6,0,0,,3.3,1.5,1.0,0.5,0.0,0.3,0.012233,0.017451,-0.005218,1,1,1,7.278e-05,2,1,,1,0.065029,1,0.0,0,1,no_sustained_vertical_lift_type=no_sustained_motion
trace_bbq_sauce_s3_w0_10_s20d_clean_seed0_job250003,bbq_sauce,3,133,7,0,0,,3.3,1.5,1.0,0.5,0.0,0.3,0.00515,0.004972,0.000178,1,1,1,8.214e-05,3,1,,1,0.065194,1,0.0,0,1,no_sustained_vertical_lift_type=no_sustained_motion
trace_bbq_sauce_s3_w0_10_s20d_clean_seed0_job250003,bbq_sauce,3,146,8,0,0,,3.8,1.5,1.0,0.5,0.5,0.3,0.002829,0.003661,-0.000832,1,1,1,5.61e-05,13,1,,1,0.061878,1,0.0,0,0,no_sustained_vertical_lift_type=no_sustained_motion
trace_bbq_sauce_s3_w0_10_s20d_clean_seed0_job250003,bbq_sauce,3,159,9,0,0,,3.3,1.5,1.0,0.5,0.0,0.3,0.01949,0.02008,-0.00059,1,1,1,-3.233e-05,13,1,,1,0.097865,1,0.0,0,1,eef_not_near_object_dist=0.0979
trace_bbq_sauce_s3_w0_10_s20d_clean_seed0_job250003,bbq_sauce,3,170,10,0,0,,3.8,1.5,1.0,0.5,0.5,0.3,0.001638,0.002624,-0.000986,1,1,1,-0.00011204,11,1,,1,0.140583,1,0.0,0,1,eef_not_near_object_dist=0.1406
trace_bbq_sauce_s3_w0_10_s20d_clean_seed0_job250003,bbq_sauce,3,172,11,0,0,,3.8,1.5,1.0,0.5,0.5,0.3,0.001439,0.001533,-9.4e-05,1,1,1,-0.00013704,2,1,,1,0.141216,1,0.0,0,1,eef_not_near_object_dist=0.1412
trace_bbq_sauce_s3_w0_10_s20d_clean_seed0_job250003,bbq_sauce,3,176,12,0,0,,3.8,1.5,1.0,0.5,0.5,0.3,0.000729,0.001106,-0.000377,1,1,1,-0.00014352,4,1,,1,0.140345,1,0.0,0,1,eef_not_near_object_dist=0.1403
trace_bbq_sauce_s3_w0_10_s20d_clean_seed0_job250003,bbq_sauce,3,181,13,0,0,,3.8,1.5,1.0,0.5,0.5,0.3,0.002045,0.003063,-0.001018,1,1,1,-0.00015408,5,1,,1,0.13812,1,0.0,0,1,eef_not_near_object_dist=0.1381
trace_bbq_sauce_s3_w0_10_s20d_clean_seed0_job250003,bbq_sauce,3,187,14,0,0,,3.3,1.5,1.0,0.5,0.0,0.3,0.002237,0.000925,0.001312,1,1,1,-0.00017322,6,1,,1,0.137869,1,0.0,0,1,eef_not_near_object_dist=0.1379
trace_bbq_sauce_s3_w0_10_s20d_clean_seed0_job250003,bbq_sauce,3,192,15,0,0,,3.3,1.5,1.0,0.5,0.0,0.3,0.010747,0.006135,0.004612,1,1,1,-0.00020229,5,1,,1,0.127235,1,0.0,0,1,eef_not_near_object_dist=0.1272
trace_bbq_sauce_s3_w0_10_s20d_clean_seed0_job250003,bbq_sauce,3,214,16,0,0,,3.8,1.5,1.0,0.5,0.5,0.3,0.006247,0.006527,-0.00028,1,1,1,-0.00018553,22,1,,1,0.070478,1,0.0,0,0,no_sustained_vertical_lift_type=no_sustained_motion
trace_bbq_sauce_s3_w0_10_s20d_clean_seed0_job250003,bbq_sauce,3,226,17,0,0,,3.3,1.5,1.0,0.5,0.0,0.3,0.018161,0.018251,-9e-05,1,1,1,-0.0002265,12,1,,1,0.090442,1,0.0,0,1,eef_not_near_object_dist=0.0904
trace_bbq_sauce_s3_w0_10_s20d_clean_seed0_job250003,bbq_sauce,3,237,18,0,0,,3.3,1.5,1.0,0.5,0.0,0.3,0.001315,0.000464,0.000851,1,1,1,-0.00028382,11,1,,1,0.106048,1,0.0,0,1,eef_not_near_object_dist=0.1060
trace_bbq_sauce_s3_w0_10_s20d_clean_seed0_job250003,bbq_sauce,3,239,19,0,0,,3.3,1.5,1.0,0.5,0.0,0.3,0.002189,0.001504,0.000685,1,1,1,-0.00029319,2,1,,1,0.10728,1,0.0,0,1,eef_not_near_object_dist=0.1073
trace_bbq_sauce_s3_w0_10_s20d_clean_seed0_job250003,bbq_sauce,3,244,20,0,0,,3.3,1.5,1.0,0.5,0.0,0.3,0.001772,0.00069,0.001082,1,1,1,-0.00030422,5,1,,1,0.106489,1,0.0,0,1,eef_not_near_object_dist=0.1065
trace_bbq_sauce_s3_w0_10_s20d_clean_seed0_job250003,bbq_sauce,3,247,21,0,0,,3.3,1.5,1.0,0.5,0.0,0.3,0.004334,0.002563,0.001771,1,1,1,-0.00029217,3,1,,1,0.102174,1,0.0,0,1,eef_not_near_object_dist=0.1022
trace_bbq_sauce_s3_w0_10_s20d_clean_seed0_job250003,bbq_sauce,3,251,22,0,0,,3.8,1.5,1.0,0.5,0.5,0.3,0.000859,0.003847,-0.002988,1,1,1,-0.00031278,4,1,,1,0.098546,1,0.0,0,1,eef_not_near_object_dist=0.0985
trace_bbq_sauce_s3_w0_10_s20d_clean_seed0_job250003,bbq_sauce,3,258,23,0,0,,3.3,1.5,1.0,0.5,0.0,0.3,0.020161,0.012764,0.007397,1,1,1,-0.00029296,7,1,,1,0.078858,1,4.8e-05,0,1,no_sustained_vertical_lift_type=no_sustained_motion
trace_bbq_sauce_s3_w0_10_s20d_clean_seed0_job250003,bbq_sauce,3,260,24,0,0,,3.3,1.5,1.0,0.5,0.0,0.3,0.018205,0.021282,-0.003077,1,1,1,-0.00030624,2,1,,1,0.068924,1,0.000297,0,1,no_sustained_vertical_lift_type=no_sustained_motion
trace_butter_s1_w0_10_s20d_clean_seed0_job250004,butter,1,6,0,0,0,-66,3.3,1.5,1.0,0.5,0.0,0.3,0.002622,0.002035,0.000587,1,1,1,-3.39e-06,,1,,1,0.363902,1,0.0,0,1,eef_not_near_object_dist=0.3639
trace_butter_s1_w0_10_s20d_clean_seed0_job250004,butter,1,10,1,0,0,-62,3.8,1.5,1.0,0.5,0.5,0.3,0.007996,0.009482,-0.001486,1,1,1,-1.901e-05,4,1,,1,0.368007,1,0.0,0,1,eef_not_near_object_dist=0.3680
trace_butter_s1_w0_10_s20d_clean_seed0_job250004,butter,1,16,2,0,0,-56,3.3,1.5,1.0,0.5,0.0,0.3,0.011811,0.008655,0.003156,1,1,1,-0.00022544,6,1,,1,0.37923,1,0.0,0,1,eef_not_near_object_dist=0.3792
trace_butter_s1_w0_10_s20d_clean_seed0_job250004,butter,1,19,3,0,0,-53,3.8,1.5,1.0,0.5,0.5,0.3,0.004296,0.005629,-0.001333,1,1,1,-0.00014019,3,1,,1,0.378807,1,0.0,0,1,eef_not_near_object_dist=0.3788
trace_butter_s1_w0_10_s20d_clean_seed0_job250004,butter,1,22,4,0,0,-50,3.3,1.5,1.0,0.5,0.0,0.3,0.006156,0.005376,0.00078,1,1,1,-0.00029008,3,1,,1,0.379307,1,0.0,0,1,eef_not_near_object_dist=0.3793
trace_butter_s1_w0_10_s20d_clean_seed0_job250004,butter,1,24,5,0,0,-48,3.3,1.5,1.0,0.5,0.0,0.3,0.007066,0.006658,0.000408,1,1,1,-6.351e-05,2,1,,1,0.380827,1,0.0,0,1,eef_not_near_object_dist=0.3808
trace_butter_s1_w0_10_s20d_clean_seed0_job250004,butter,1,27,6,0,0,-45,3.3,1.5,1.0,0.5,0.0,0.3,0.008425,0.006572,0.001853,1,1,1,-0.00026579,3,1,,1,0.377353,1,0.0,0,1,eef_not_near_object_dist=0.3774
trace_butter_s1_w0_10_s20d_clean_seed0_job250004,butter,1,30,7,0,0,-42,3.3,1.5,1.0,0.5,0.0,0.3,0.023032,0.022053,0.000979,1,1,1,-0.00026565,3,1,,1,0.363296,1,0.0,0,1,eef_not_near_object_dist=0.3633
trace_butter_s1_w0_10_s20d_clean_seed0_job250004,butter,1,72,8,1,1,0,3.3,1.5,1.0,0.5,0.0,0.3,0.039279,0.042336,-0.003057,1,1,1,-0.00012571,42,1,,1,0.044433,1,0.06192,6,1,
trace_butter_s2_w0_10_s20d_clean_seed0_job250005,butter,2,4,0,0,0,-64,3.3,1.5,1.0,0.5,0.0,0.3,0.00237,0.002154,0.000216,1,1,1,-2.606e-05,,1,,1,0.340292,1,0.0,0,1,eef_not_near_object_dist=0.3403
trace_butter_s2_w0_10_s20d_clean_seed0_job250005,butter,2,8,1,0,0,-60,3.3,1.5,1.0,0.5,0.0,0.3,0.004765,0.002956,0.001809,1,1,1,-3.263e-05,4,1,,1,0.337324,1,0.0,0,1,eef_not_near_object_dist=0.3373
trace_butter_s2_w0_10_s20d_clean_seed0_job250005,butter,2,10,2,0,0,-58,3.3,1.5,1.0,0.5,0.0,0.3,0.005359,0.005316,4.3e-05,1,1,1,-1.899e-05,2,1,,1,0.337045,1,0.0,0,1,eef_not_near_object_dist=0.3370
trace_butter_s2_w0_10_s20d_clean_seed0_job250005,butter,2,68,3,1,1,0,3.8,1.5,1.0,0.5,0.5,0.3,0.004043,0.015414,-0.011371,1,1,1,-0.00153164,58,1,,1,0.021997,1,0.050703,6,1,
trace_butter_s2_w0_10_s20d_clean_seed0_job250005,butter,2,145,4,0,0,77,3.3,1.5,1.0,0.5,0.0,0.3,0.014404,0.019407,-0.005003,1,1,1,0.00020945,77,1,,1,0.021554,1,0.004355,9,1,no_sustained_vertical_lift_type=sustained_horizontal_transport
trace_butter_s2_w0_10_s20d_clean_seed0_job250005,butter,2,151,5,0,0,83,3.3,1.5,1.0,0.5,0.0,0.3,0.011067,0.007772,0.003295,1,1,1,3.641e-05,6,1,,1,0.021543,1,0.0,0,1,no_sustained_vertical_lift_type=no_sustained_motion
trace_chocolate_pudding_s1_w0_10_s20d_clean_seed0_job250006,chocolate_pudding,1,12,0,0,0,,3.3,1.5,1.0,0.5,0.0,0.3,0.019773,0.015268,0.004505,1,1,1,-7.259e-05,,1,,1,0.331759,1,0.0,0,1,eef_not_near_object_dist=0.3318
trace_chocolate_pudding_s1_w0_10_s20d_clean_seed0_job250006,chocolate_pudding,1,16,1,0,0,,3.3,1.5,1.0,0.5,0.0,0.3,0.021925,0.018497,0.003428,1,1,1,-4.267e-05,4,1,,1,0.346539,1,0.0,0,1,eef_not_near_object_dist=0.3465
trace_chocolate_pudding_s1_w0_10_s20d_clean_seed0_job250006,chocolate_pudding,1,18,2,0,0,,3.3,1.5,1.0,0.5,0.0,0.3,0.01417,0.019985,-0.005815,1,1,1,-9.267e-05,2,1,,1,0.352287,1,0.0,0,1,eef_not_near_object_dist=0.3523
trace_chocolate_pudding_s2_w0_10_s20d_clean_seed0_job250007,chocolate_pudding,2,58,0,1,1,0,3.3,1.5,1.0,0.5,0.0,0.3,0.027703,0.028474,-0.000771,1,1,1,-6.146e-05,,1,,1,0.029289,1,0.07462,7,1,
trace_chocolate_pudding_s2_w0_10_s20d_clean_seed0_job250007,chocolate_pudding,2,149,1,0,0,91,3.3,1.5,1.0,0.5,0.0,0.3,0.008949,0.005658,0.003291,1,1,1,-0.00229267,91,1,,1,0.015823,1,0.0,4,1,no_sustained_vertical_lift_type=sustained_horizontal_transport
trace_chocolate_pudding_s2_w0_10_s20d_clean_seed0_job250007,chocolate_pudding,2,154,2,0,0,96,3.8,1.5,1.0,0.5,0.5,0.3,0.003493,0.007552,-0.004059,1,1,1,-0.00113163,5,1,,1,0.015785,1,0.0,0,1,no_sustained_vertical_lift_type=no_sustained_motion
trace_cream_cheese_s2_w0_10_s20d_clean_seed0_job250013,cream_cheese,2,59,0,0,0,-4,3.3,1.5,1.0,0.5,0.0,0.3,0.025411,0.023434,0.001977,1,1,1,-3.493e-05,,1,,1,0.014584,1,0.001641,3,1,no_sustained_vertical_lift_type=sustained_horizontal_transport
trace_cream_cheese_s2_w0_10_s20d_clean_seed0_job250013,cream_cheese,2,63,1,1,1,0,3.8,1.5,1.0,0.5,0.5,0.3,0.00772,0.016192,-0.008472,1,1,1,0.00193507,4,1,,1,0.011938,1,0.007994,2,1,
trace_cream_cheese_s2_w0_10_s20d_clean_seed0_job250013,cream_cheese,2,129,2,0,0,66,3.3,1.5,1.0,0.5,0.0,0.3,0.005006,0.004436,0.00057,1,1,1,-0.00189427,66,1,,1,0.013754,1,0.003678,0,1,no_sustained_vertical_lift_type=no_sustained_motion
trace_cream_cheese_s2_w0_10_s20d_clean_seed0_job250013,cream_cheese,2,133,3,0,0,70,3.3,1.5,1.0,0.5,0.0,0.3,0.010625,0.005956,0.004669,1,1,1,-0.00058777,4,1,,1,0.024028,1,0.0,0,1,no_sustained_vertical_lift_type=no_sustained_motion
trace_ketchup_s2_w0_10_s20d_clean_seed0_job250008,ketchup,2,0,0,0,0,-56,1.8,0.0,1.0,0.5,0.0,0.3,,,,1,0,1,1.73e-06,,,too_early,0,0.301724,1,0.0,0,1,eef_not_near_object_dist=0.3017
trace_ketchup_s2_w0_10_s20d_clean_seed0_job250008,ketchup,2,56,1,1,1,0,3.3,1.5,1.0,0.5,0.0,0.3,0.020838,0.021611,-0.000773,1,1,1,-4.889e-05,56,1,,1,0.042387,1,0.031809,6,1,
trace_ketchup_s3_w0_10_s20d_clean_seed0_job250009,ketchup,3,55,0,1,1,0,3.3,1.5,1.0,0.5,0.0,0.3,0.010016,0.015895,-0.005879,1,1,1,-5.331e-05,,1,,1,0.042766,1,0.023691,6,1,
trace_ketchup_s3_w0_10_s20d_clean_seed0_job250009,ketchup,3,143,1,0,0,88,3.3,1.5,1.0,0.5,0.0,0.3,0.00727,0.00171,0.00556,1,1,1,-0.00011093,88,1,,1,0.046177,1,0.0,0,1,no_sustained_vertical_lift_type=no_sustained_motion
trace_ketchup_s3_w0_10_s20d_clean_seed0_job250009,ketchup,3,145,2,0,0,90,3.8,1.5,1.0,0.5,0.5,0.3,0.002268,0.005599,-0.003331,1,1,1,-0.00012165,2,1,,1,0.053192,1,0.0,0,1,no_sustained_vertical_lift_type=no_sustained_motion
trace_milk_s2_w0_10_s20d_clean_seed0_job250012,milk,2,0,0,0,0,,1.8,0.0,1.0,0.5,0.0,0.3,,,,1,0,1,2.54e-06,,,too_early,0,0.336807,1,0.0,0,1,eef_not_near_object_dist=0.3368
trace_milk_s2_w0_10_s20d_clean_seed0_job250012,milk,2,4,1,0,0,,3.3,1.5,1.0,0.5,0.0,0.3,0.012444,0.004369,0.008075,1,1,1,-0.00018091,4,1,,1,0.330355,1,0.0,0,1,eef_not_near_object_dist=0.3304
trace_milk_s2_w0_10_s20d_clean_seed0_job250012,milk,2,10,2,0,0,,3.3,1.5,1.0,0.5,0.0,0.3,0.010879,0.002597,0.008282,1,1,1,-0.00016415,6,1,,1,0.331875,1,0.0,0,1,eef_not_near_object_dist=0.3319
trace_milk_s2_w0_10_s20d_clean_seed0_job250012,milk,2,65,3,0,0,,3.3,1.5,1.0,0.5,0.0,0.3,0.02933,0.028084,0.001246,1,1,1,5.87e-05,55,1,,1,0.074742,1,0.000431,0,1,no_sustained_vertical_lift_type=no_sustained_motion
trace_milk_s2_w0_10_s20d_clean_seed0_job250012,milk,2,84,4,0,0,,3.3,1.5,1.0,0.5,0.0,0.3,0.01171,0.012065,-0.000355,1,1,1,-2.059e-05,19,1,,1,0.088779,1,0.0,0,1,eef_not_near_object_dist=0.0888
trace_milk_s2_w0_10_s20d_clean_seed0_job250012,milk,2,95,5,0,0,,3.3,1.5,1.0,0.5,0.0,0.3,0.017454,0.018711,-0.001257,1,1,1,-4.957e-05,11,1,,1,0.154956,1,0.0,0,1,eef_not_near_object_dist=0.1550
trace_milk_s2_w0_10_s20d_clean_seed0_job250012,milk,2,119,6,0,0,,3.3,1.5,1.0,0.5,0.0,0.3,0.024353,0.022707,0.001646,1,1,1,-0.00013812,24,1,,1,0.053166,1,0.006665,2,1,no_sustained_vertical_lift_type=sustained_horizontal_transport
trace_orange_juice_s2_w0_10_s20d_clean_seed0_job250015,orange_juice,2,8,0,0,0,,3.3,1.5,1.0,0.5,0.0,0.3,0.005144,0.004365,0.000779,1,1,1,-1.9e-07,,1,,1,0.291241,1,0.0,0,1,eef_not_near_object_dist=0.2912
trace_orange_juice_s2_w0_10_s20d_clean_seed0_job250015,orange_juice,2,58,1,0,1,,3.3,1.5,1.0,0.5,0.0,0.3,0.021225,0.023139,-0.001914,1,1,1,-1.439e-05,50,1,,1,0.024386,1,0.041153,6,1,
trace_orange_juice_s2_w0_10_s20d_clean_seed0_job250015,orange_juice,2,60,2,0,1,,3.3,1.5,1.0,0.5,0.0,0.3,0.011689,0.016198,-0.004509,1,1,1,3.313e-05,2,1,,1,0.022642,1,0.061976,7,1,
trace_orange_juice_s2_w0_10_s20d_clean_seed0_job250015,orange_juice,2,62,3,0,1,,3.8,1.5,1.0,0.5,0.5,0.3,0.009202,0.010121,-0.000919,1,1,1,5.393e-05,2,1,,1,0.021523,1,0.082804,9,1,
trace_salad_dressing_s2_w0_10_s20d_clean_seed0_job250014,salad_dressing,2,40,0,1,1,0,3.3,1.5,1.0,0.5,0.0,0.3,0.02696,0.026342,0.000618,1,1,1,-2.395e-05,,1,,1,0.044301,1,0.069421,7,1,
trace_salad_dressing_s2_w0_10_s20d_clean_seed0_job250014,salad_dressing,2,106,1,0,0,66,3.3,1.5,1.0,0.5,0.0,0.3,0.014772,0.017346,-0.002574,1,1,1,9.589e-05,66,1,,1,0.053446,1,0.0,0,1,no_sustained_vertical_lift_type=no_sustained_motion
trace_tomato_sauce_s1_w0_10_s20d_clean_seed0_job250010,tomato_sauce,1,53,0,0,1,,3.3,1.5,1.0,0.5,0.0,0.3,0.016571,0.020066,-0.003495,1,1,1,-0.00011351,,1,,1,0.05406,1,0.006076,3,0,
trace_tomato_sauce_s1_w0_10_s20d_clean_seed0_job250010,tomato_sauce,1,93,1,0,1,,3.3,1.5,1.0,0.5,0.0,0.3,0.02182,0.021735,8.5e-05,1,1,1,-0.0005349,40,1,,1,0.023797,1,0.047149,7,1,
trace_tomato_sauce_s1_w0_10_s20d_clean_seed0_job250010,tomato_sauce,1,96,2,0,1,,3.8,1.5,1.0,0.5,0.5,0.3,0.009882,0.014158,-0.004276,1,1,1,-0.00174552,3,1,,1,0.016023,1,0.082203,10,1,
trace_tomato_sauce_s1_w0_10_s20d_clean_seed0_job250010,tomato_sauce,1,148,3,0,0,,3.3,1.5,1.0,0.5,0.0,0.3,0.024801,0.02753,-0.002729,1,1,1,-0.00850024,52,1,,1,0.012329,1,0.0,13,1,no_sustained_vertical_lift_type=sustained_horizontal_transport
trace_tomato_sauce_s1_w0_10_s20d_clean_seed0_job250010,tomato_sauce,1,155,4,0,1,,3.8,1.5,1.0,0.5,0.5,0.3,0.006207,0.009092,-0.002885,1,1,1,-0.0081,7,1,,1,0.011823,1,0.015668,4,1,
trace_tomato_sauce_s1_w0_10_s20d_clean_seed0_job250010,tomato_sauce,1,157,5,0,1,,3.8,1.5,1.0,0.5,0.5,0.3,0.004009,0.004722,-0.000713,1,1,1,-0.00802962,2,1,,1,0.01182,1,0.016051,6,1,
trace_tomato_sauce_s1_w0_10_s20d_clean_seed0_job250010,tomato_sauce,1,159,6,0,1,,3.8,1.5,1.0,0.5,0.5,0.3,0.00413,0.004149,-1.9e-05,1,1,1,-0.00798001,2,1,,1,0.011809,1,0.015523,6,1,
trace_tomato_sauce_s1_w0_10_s20d_clean_seed0_job250010,tomato_sauce,1,162,7,0,1,,3.3,1.5,1.0,0.5,0.0,0.3,0.006108,0.005038,0.00107,1,1,1,-0.00793685,3,1,,1,0.011763,1,0.016051,6,1,
trace_tomato_sauce_s1_w0_10_s20d_clean_seed0_job250010,tomato_sauce,1,169,8,0,0,,3.8,1.5,1.0,0.5,0.5,0.3,0.007845,0.008425,-0.00058,1,1,1,-0.00723411,7,1,,1,0.011661,1,0.0,7,1,no_sustained_vertical_lift_type=sustained_horizontal_transport
trace_tomato_sauce_s2_w0_10_s20d_clean_seed0_job250011,tomato_sauce,2,97,0,1,1,0,3.3,1.5,1.0,0.5,0.0,0.3,0.02075,0.020969,-0.000219,1,1,1,-3.023e-05,,1,,1,0.04323,1,0.048633,6,1,
trace_tomato_sauce_s2_w0_10_s20d_clean_seed0_job250011,tomato_sauce,2,157,1,0,0,60,3.8,1.5,1.0,0.5,0.5,0.3,0.009312,0.016671,-0.007359,1,1,1,0.00228838,60,1,,1,0.033748,1,0.003575,2,1,no_sustained_vertical_lift_type=sustained_horizontal_transport
trace_alphabet_soup_s1_w0_10_s20d_clean_seed0_job230571,alphabet_soup,1,62,0,0,0,-60,3.3,1.5,1.0,0.5,0.0,0.3,0.016849,0.024047,-0.007198,1,1,1,-0.00835469,,1,,1,0.043663,1,0.003501,0,1,no_sustained_vertical_lift_type=no_sustained_motion
trace_alphabet_soup_s1_w0_10_s20d_clean_seed0_job230571,alphabet_soup,1,64,1,0,0,-58,3.3,1.5,1.0,0.5,0.0,0.3,0.010498,0.012896,-0.002398,1,1,1,-0.01129986,2,1,,1,0.043602,1,0.00319,0,0,no_sustained_vertical_lift_type=no_sustained_motion
trace_alphabet_soup_s1_w0_10_s20d_clean_seed0_job230571,alphabet_soup,1,67,2,0,0,-55,3.3,1.5,1.0,0.5,0.0,0.3,0.006389,0.005488,0.000901,1,1,1,-0.01491825,3,1,,1,0.041558,1,0.002374,0,0,no_sustained_vertical_lift_type=no_sustained_motion
trace_alphabet_soup_s1_w0_10_s20d_clean_seed0_job230571,alphabet_soup,1,84,3,0,0,-38,3.3,1.5,1.0,0.5,0.0,0.3,0.019205,0.023023,-0.003818,1,1,1,-6.89e-05,17,1,,1,0.13816,1,0.0,0,1,eef_not_near_object_dist=0.1382
trace_alphabet_soup_s1_w0_10_s20d_clean_seed0_job230571,alphabet_soup,1,89,4,0,0,-33,3.8,1.5,1.0,0.5,0.5,0.3,0.002197,0.013136,-0.010939,1,1,1,-8.084e-05,5,1,,1,0.151433,1,0.0,0,1,eef_not_near_object_dist=0.1514
trace_alphabet_soup_s1_w0_10_s20d_clean_seed0_job230571,alphabet_soup,1,93,5,0,0,-29,3.8,1.5,1.0,0.5,0.5,0.3,0.001286,0.005525,-0.004239,1,1,1,-6.808e-05,4,1,,1,0.151941,1,0.0,0,1,eef_not_near_object_dist=0.1519
trace_alphabet_soup_s1_w0_10_s20d_clean_seed0_job230571,alphabet_soup,1,95,6,0,0,-27,3.3,1.5,1.0,0.5,0.0,0.3,0.005825,0.004975,0.00085,1,1,1,-7.225e-05,2,1,,1,0.15164,1,0.0,0,1,eef_not_near_object_dist=0.1516
trace_alphabet_soup_s1_w0_10_s20d_clean_seed0_job230571,alphabet_soup,1,97,7,0,0,-25,3.8,1.5,1.0,0.5,0.5,0.3,0.00128,0.001784,-0.000504,1,1,1,-4.375e-05,2,1,,1,0.152146,1,0.0,0,1,eef_not_near_object_dist=0.1521
trace_alphabet_soup_s1_w0_10_s20d_clean_seed0_job230571,alphabet_soup,1,100,8,0,0,-22,3.3,1.5,1.0,0.5,0.0,0.3,0.007615,0.006854,0.000761,1,1,1,-4.721e-05,3,1,,1,0.159742,1,0.0,0,1,eef_not_near_object_dist=0.1597
trace_alphabet_soup_s1_w0_10_s20d_clean_seed0_job230571,alphabet_soup,1,122,9,1,1,0,3.3,1.5,1.0,0.5,0.0,0.3,0.025982,0.028724,-0.002742,1,1,1,-9.275e-05,22,1,,1,0.048769,1,0.08724,9,1,
trace_cream_cheese_s1_w0_10_s20d_clean_seed0_job230765,cream_cheese,1,8,0,0,0,,3.3,1.5,1.0,0.5,0.0,0.3,0.00603,0.003815,0.002215,1,1,1,-5.45e-06,,1,,1,0.33827,1,0.0,0,1,eef_not_near_object_dist=0.3383
trace_cream_cheese_s1_w0_10_s20d_clean_seed0_job230765,cream_cheese,1,54,1,0,1,,3.3,1.5,1.0,0.5,0.0,0.3,0.026407,0.027725,-0.001318,1,1,1,-8.45e-05,46,1,,1,0.025909,1,0.024625,4,1,
trace_cream_cheese_s1_w0_10_s20d_clean_seed0_job230765,cream_cheese,1,56,2,0,1,,3.3,1.5,1.0,0.5,0.0,0.3,0.022114,0.024034,-0.00192,1,1,1,-6.887e-05,2,1,,1,0.017894,1,0.048819,6,1,
trace_cream_cheese_s1_w0_10_s20d_clean_seed0_job230765,cream_cheese,1,113,3,0,0,,3.8,1.5,1.0,0.5,0.5,0.3,0.009136,0.017749,-0.008613,1,1,1,-0.00186295,57,1,,1,0.020699,1,0.0,11,1,no_sustained_vertical_lift_type=sustained_horizontal_transport
trace_milk_s1_w0_10_s20d_clean_seed0_job230490,milk,1,50,0,1,1,0,3.3,1.5,1.0,0.5,0.0,0.3,0.026511,0.027047,-0.000536,1,1,1,5.338e-05,,1,,1,0.039363,1,0.01146,9,1,
trace_milk_s1_w0_10_s20d_clean_seed0_job230490,milk,1,135,1,0,0,85,3.3,1.5,1.0,0.5,0.0,0.3,0.013454,0.018308,-0.004854,1,1,1,0.00461531,85,1,,1,0.029295,1,0.0,10,1,no_sustained_vertical_lift_type=sustained_horizontal_transport
trace_milk_s1_w0_10_s20d_clean_seed0_job230490,milk,1,137,2,0,0,87,3.8,1.5,1.0,0.5,0.5,0.3,0.007282,0.010654,-0.003372,1,1,1,0.00461957,2,1,,1,0.029318,1,0.000315,12,1,no_sustained_vertical_lift_type=sustained_horizontal_transport
trace_milk_s1_w0_10_s20d_clean_seed0_job230490,milk,1,139,3,0,0,89,3.8,1.5,1.0,0.5,0.5,0.3,0.005561,0.00593,-0.000369,1,1,1,0.0046169,2,1,,1,0.029341,1,0.00235,0,1,no_sustained_vertical_lift_type=no_sustained_motion
trace_milk_s1_w0_10_s20d_clean_seed0_job230490,milk,1,145,4,0,0,95,3.8,1.5,1.0,0.5,0.5,0.3,0.001272,0.002461,-0.001189,1,1,1,0.00284183,6,1,,1,0.029292,1,0.004275,0,1,no_sustained_vertical_lift_type=no_sustained_motion
trace_milk_s1_w0_10_s20d_clean_seed0_job230490,milk,1,147,5,0,0,97,3.8,1.5,1.0,0.5,0.5,0.3,0.001747,0.001828,-8.1e-05,1,1,1,0.00224367,2,1,,1,0.029278,1,0.003967,0,1,no_sustained_vertical_lift_type=no_sustained_motion
trace_orange_juice_s1_w0_10_s20d_clean_seed0_job230117,orange_juice,1,43,0,0,0,,3.3,1.5,1.0,0.5,0.0,0.3,0.013583,0.018005,-0.004422,1,1,1,-0.00018671,,1,,1,0.031925,1,0.006294,0,1,no_sustained_vertical_lift_type=no_sustained_motion
trace_orange_juice_s1_w0_10_s20d_clean_seed0_job230117,orange_juice,1,45,1,0,1,,3.8,1.5,1.0,0.5,0.5,0.3,0.002948,0.007024,-0.004076,1,1,1,-7.485e-05,2,1,,1,0.032249,1,0.018177,3,1,
trace_orange_juice_s1_w0_10_s20d_clean_seed0_job230117,orange_juice,1,48,2,0,1,,3.8,1.5,1.0,0.5,0.5,0.3,0.000305,0.000636,-0.000331,1,1,1,-0.00010338,3,1,,1,0.032336,1,0.046443,6,1,
trace_orange_juice_s1_w0_10_s20d_clean_seed0_job230117,orange_juice,1,51,3,0,1,,3.3,1.5,1.0,0.5,0.0,0.3,0.002193,0.001733,0.00046,1,1,1,-0.00294486,3,1,,1,0.032185,1,0.077996,9,1,
trace_salad_dressing_s1_w0_10_s20d_clean_seed0_job230476,salad_dressing,1,57,0,1,1,0,3.3,1.5,1.0,0.5,0.0,0.3,0.014602,0.016985,-0.002383,1,1,1,-7.433e-05,,1,,1,0.049172,1,0.056042,6,1,
trace_alphabet_soup_s10_w0_10_s20d_clean_seed0_job330001,alphabet_soup,10,49,0,0,0,,3.8,1.5,1.0,0.5,0.5,0.3,0.009053,0.010777,-0.001724,1,1,1,-0.01021217,,1,,1,0.040394,1,0.003985,3,0,no_sustained_vertical_lift_type=sustained_horizontal_transport
trace_alphabet_soup_s10_w0_10_s20d_clean_seed0_job330001,alphabet_soup,10,81,1,0,0,,3.3,1.5,1.0,0.5,0.0,0.3,0.022903,0.025184,-0.002281,1,1,1,-0.00011985,32,1,,1,0.029819,1,0.003173,2,0,no_sustained_vertical_lift_type=sustained_horizontal_transport
trace_alphabet_soup_s10_w0_10_s20d_clean_seed0_job330001,alphabet_soup,10,113,2,0,0,,3.3,1.5,1.0,0.5,0.0,0.3,0.026668,0.028363,-0.001695,1,1,1,-0.00011096,32,1,,1,0.057368,1,0.0,0,0,no_sustained_vertical_lift_type=no_sustained_motion
trace_alphabet_soup_s10_w0_10_s20d_clean_seed0_job330001,alphabet_soup,10,128,3,0,0,,3.3,1.5,1.0,0.5,0.0,0.3,0.014881,0.02564,-0.010759,1,1,1,-0.00015295,15,1,,1,0.111668,1,0.0,0,1,eef_not_near_object_dist=0.1117
trace_alphabet_soup_s10_w0_10_s20d_clean_seed0_job330001,alphabet_soup,10,131,4,0,0,,3.3,1.5,1.0,0.5,0.0,0.3,0.008622,0.006665,0.001957,1,1,1,-0.00016405,3,1,,1,0.112267,1,0.0,0,1,eef_not_near_object_dist=0.1123
trace_alphabet_soup_s10_w0_10_s20d_clean_seed0_job330001,alphabet_soup,10,135,5,0,0,,3.8,1.5,1.0,0.5,0.5,0.3,0.009311,0.00948,-0.000169,1,1,1,-0.00014764,4,1,,1,0.117639,1,0.0,0,1,eef_not_near_object_dist=0.1176
trace_alphabet_soup_s10_w0_10_s20d_clean_seed0_job330001,alphabet_soup,10,138,6,0,0,,3.8,1.5,1.0,0.5,0.5,0.3,0.006503,0.007553,-0.00105,1,1,1,-0.00014866,3,1,,1,0.118571,1,0.0,0,1,eef_not_near_object_dist=0.1186
trace_alphabet_soup_s10_w0_10_s20d_clean_seed0_job330001,alphabet_soup,10,141,7,0,0,,3.3,1.5,1.0,0.5,0.0,0.3,0.009498,0.008175,0.001323,1,1,1,-0.00012569,3,1,,1,0.120381,1,0.0,0,1,eef_not_near_object_dist=0.1204
trace_alphabet_soup_s10_w0_10_s20d_clean_seed0_job330001,alphabet_soup,10,146,8,0,0,,3.3,1.5,1.0,0.5,0.0,0.3,0.012405,0.012626,-0.000221,1,1,1,-4.437e-05,5,1,,1,0.13507,1,0.0,0,1,eef_not_near_object_dist=0.1351
trace_alphabet_soup_s10_w0_10_s20d_clean_seed0_job330001,alphabet_soup,10,155,9,0,0,,3.3,1.5,1.0,0.5,0.0,0.3,0.013877,0.020894,-0.007017,1,1,1,-5.491e-05,9,1,,1,0.159237,1,0.0,0,1,eef_not_near_object_dist=0.1592
trace_alphabet_soup_s10_w0_10_s20d_clean_seed0_job330001,alphabet_soup,10,158,10,0,0,,3.3,1.5,1.0,0.5,0.0,0.3,0.007698,0.003557,0.004141,1,1,1,-4.854e-05,3,1,,1,0.152914,1,0.0,0,1,eef_not_near_object_dist=0.1529
trace_alphabet_soup_s10_w0_10_s20d_clean_seed0_job330001,alphabet_soup,10,160,11,0,0,,3.3,1.5,1.0,0.5,0.0,0.3,0.010544,0.009325,0.001219,1,1,1,-6.834e-05,2,1,,1,0.149588,1,0.0,0,1,eef_not_near_object_dist=0.1496
trace_alphabet_soup_s10_w0_10_s20d_clean_seed0_job330001,alphabet_soup,10,162,12,0,0,,3.8,1.5,1.0,0.5,0.5,0.3,0.003475,0.004729,-0.001254,1,1,1,-3.624e-05,2,1,,1,0.149257,1,0.0,0,1,eef_not_near_object_dist=0.1493
trace_alphabet_soup_s10_w0_10_s20d_clean_seed0_job330001,alphabet_soup,10,164,13,0,0,,3.3,1.5,1.0,0.5,0.0,0.3,0.002947,0.000952,0.001995,1,1,1,-3.28e-06,2,1,,1,0.15042,1,0.0,0,1,eef_not_near_object_dist=0.1504
trace_alphabet_soup_s10_w0_10_s20d_clean_seed0_job330001,alphabet_soup,10,173,14,0,0,,3.3,1.5,1.0,0.5,0.0,0.3,0.01323,0.024973,-0.011743,1,1,1,-1.185e-05,9,1,,1,0.178297,1,0.0,0,1,eef_not_near_object_dist=0.1783
trace_alphabet_soup_s10_w0_10_s20d_clean_seed0_job330001,alphabet_soup,10,179,15,0,0,,3.3,1.5,1.0,0.5,0.0,0.3,0.012344,0.011937,0.000407,1,1,1,-1.918e-05,6,1,,1,0.178434,1,0.0,0,1,eef_not_near_object_dist=0.1784
trace_alphabet_soup_s10_w0_10_s20d_clean_seed0_job330001,alphabet_soup,10,185,16,0,0,,3.3,1.5,1.0,0.5,0.0,0.3,0.013032,0.016635,-0.003603,1,1,1,-1.513e-05,6,1,,1,0.1884,1,0.0,0,1,eef_not_near_object_dist=0.1884
trace_alphabet_soup_s10_w0_10_s20d_clean_seed0_job330001,alphabet_soup,10,188,17,0,0,,3.3,1.5,1.0,0.5,0.0,0.3,0.013135,0.012299,0.000836,1,1,1,-1.14e-05,3,1,,1,0.180085,1,0.0,0,1,eef_not_near_object_dist=0.1801
trace_alphabet_soup_s10_w0_10_s20d_clean_seed0_job330001,alphabet_soup,10,192,18,0,0,,3.3,1.5,1.0,0.5,0.0,0.3,0.023013,0.021193,0.00182,1,1,1,1.38e-05,4,1,,1,0.191639,1,0.0,0,1,eef_not_near_object_dist=0.1916
trace_alphabet_soup_s10_w0_10_s20d_clean_seed0_job330001,alphabet_soup,10,201,19,0,0,,3.3,1.5,1.0,0.5,0.0,0.3,0.014084,0.028481,-0.014397,1,1,1,-3.405e-05,9,1,,1,0.237098,1,0.0,0,1,eef_not_near_object_dist=0.2371
trace_alphabet_soup_s10_w0_10_s20d_clean_seed0_job330001,alphabet_soup,10,203,20,0,0,,3.8,1.5,1.0,0.5,0.5,0.3,0.00653,0.006936,-0.000406,1,1,1,7.229e-05,2,1,,1,0.242283,1,0.0,0,1,eef_not_near_object_dist=0.2423
trace_alphabet_soup_s10_w0_10_s20d_clean_seed0_job330001,alphabet_soup,10,207,21,0,0,,3.3,1.5,1.0,0.5,0.0,0.3,0.011735,0.00557,0.006165,1,1,1,-5.154e-05,4,1,,1,0.245142,1,0.0,0,1,eef_not_near_object_dist=0.2451
trace_alphabet_soup_s10_w0_10_s20d_clean_seed0_job330001,alphabet_soup,10,209,22,0,0,,3.3,1.5,1.0,0.5,0.0,0.3,0.020565,0.018439,0.002126,1,1,1,-0.00011714,2,1,,1,0.242877,1,0.0,0,1,eef_not_near_object_dist=0.2429
trace_alphabet_soup_s10_w0_10_s20d_clean_seed0_job330001,alphabet_soup,10,211,23,0,0,,3.3,1.5,1.0,0.5,0.0,0.3,0.023988,0.022106,0.001882,1,1,1,-0.00014184,2,1,,1,0.238822,1,0.0,0,1,eef_not_near_object_dist=0.2388
trace_alphabet_soup_s10_w0_10_s20d_clean_seed0_job330001,alphabet_soup,10,247,24,0,0,,3.3,1.5,1.0,0.5,0.0,0.3,0.029619,0.029293,0.000326,1,1,1,6.705e-05,36,1,,1,0.057154,1,0.001976,8,1,no_sustained_vertical_lift_type=sustained_horizontal_transport
trace_alphabet_soup_s12_w0_10_s20d_clean_seed0_job330003,alphabet_soup,12,59,0,0,1,,3.3,1.5,1.0,0.5,0.0,0.3,0.034239,0.034284,-4.5e-05,1,1,1,-1.229e-05,,1,,1,0.019773,1,0.084491,9,1,
trace_alphabet_soup_s12_w0_10_s20d_clean_seed0_job330003,alphabet_soup,12,139,1,0,1,,3.8,1.5,1.0,0.5,0.5,0.3,0.001345,0.006173,-0.004828,1,1,1,0.00235844,80,1,,1,0.023383,1,0.005879,3,1,
trace_alphabet_soup_s12_w0_10_s20d_clean_seed0_job330003,alphabet_soup,12,144,2,0,0,,3.3,1.5,1.0,0.5,0.0,0.3,0.004463,0.002998,0.001465,1,1,1,0.00189866,5,1,,1,0.023621,1,0.000822,0,1,no_sustained_vertical_lift_type=no_sustained_motion
trace_alphabet_soup_s12_w0_10_s20d_clean_seed0_job330003,alphabet_soup,12,150,3,0,0,,3.8,1.5,1.0,0.5,0.5,0.3,0.001223,0.005339,-0.004116,1,1,1,0.00144245,6,1,,1,0.023757,1,0.00151,0,1,no_sustained_vertical_lift_type=no_sustained_motion
trace_alphabet_soup_s12_w0_10_s20d_clean_seed0_job330003,alphabet_soup,12,165,4,0,0,,3.3,1.5,1.0,0.5,0.0,0.3,0.000942,0.00011,0.000832,1,1,1,0.00134412,15,1,,1,0.024309,1,0.002993,0,1,no_sustained_vertical_lift_type=no_sustained_motion
trace_alphabet_soup_s12_w0_10_s20d_clean_seed0_job330003,alphabet_soup,12,177,5,0,0,,3.3,1.5,1.0,0.5,0.0,0.3,0.002552,0.000816,0.001736,1,1,1,0.00125608,12,1,,1,0.024759,1,0.002509,0,1,no_sustained_vertical_lift_type=no_sustained_motion
trace_alphabet_soup_s12_w0_10_s20d_clean_seed0_job330003,alphabet_soup,12,184,6,0,0,,3.3,1.5,1.0,0.5,0.0,0.3,0.003068,0.001207,0.001861,1,1,1,0.00114514,7,1,,1,0.025023,1,0.000601,0,1,no_sustained_vertical_lift_type=no_sustained_motion
trace_alphabet_soup_s12_w0_10_s20d_clean_seed0_job330003,alphabet_soup,12,193,7,0,0,,3.8,1.5,1.0,0.5,0.5,0.3,0.00029,0.000692,-0.000402,1,1,1,0.00090483,9,1,,1,0.025393,1,0.001354,0,1,no_sustained_vertical_lift_type=no_sustained_motion
trace_alphabet_soup_s12_w0_10_s20d_clean_seed0_job330003,alphabet_soup,12,196,8,0,0,,3.3,1.5,1.0,0.5,0.0,0.3,0.001279,0.000557,0.000722,1,1,1,0.00068567,3,1,,1,0.025493,1,0.000202,0,1,no_sustained_vertical_lift_type=no_sustained_motion
trace_alphabet_soup_s13_w0_10_s20d_clean_seed0_job330004,alphabet_soup,13,57,0,0,0,,3.3,1.5,1.0,0.5,0.0,0.3,0.010976,0.011839,-0.000863,1,1,1,-0.00076658,,1,,1,0.038517,1,0.002013,0,0,no_sustained_vertical_lift_type=no_sustained_motion
trace_alphabet_soup_s13_w0_10_s20d_clean_seed0_job330004,alphabet_soup,13,93,1,0,0,,3.8,1.5,1.0,0.5,0.5,0.3,0.00125,0.001458,-0.000208,1,1,1,-0.00147593,36,1,,1,0.044968,1,0.00067,0,1,no_sustained_vertical_lift_type=no_sustained_motion
trace_alphabet_soup_s13_w0_10_s20d_clean_seed0_job330004,alphabet_soup,13,133,2,0,1,,3.3,1.5,1.0,0.5,0.0,0.3,0.000933,0.00092,1.3e-05,1,1,1,-0.00093519,40,1,,1,0.039237,1,0.008971,5,1,
trace_alphabet_soup_s13_w0_10_s20d_clean_seed0_job330004,alphabet_soup,13,137,3,0,1,,3.3,1.5,1.0,0.5,0.0,0.3,0.002196,0.002165,3.1e-05,1,1,1,-0.00391131,4,1,,1,0.03958,1,0.022366,8,1,
trace_alphabet_soup_s13_w0_10_s20d_clean_seed0_job330004,alphabet_soup,13,225,4,0,0,,3.8,1.5,1.0,0.5,0.5,0.3,0.006219,0.009676,-0.003457,1,1,1,-0.00067502,88,1,,1,0.040735,1,0.003668,12,1,no_sustained_vertical_lift_type=sustained_horizontal_transport
trace_alphabet_soup_s13_w0_10_s20d_clean_seed0_job330004,alphabet_soup,13,229,5,0,0,,3.3,1.5,1.0,0.5,0.0,0.3,0.005535,0.00553,5e-06,1,1,1,-0.0006083,4,1,,1,0.040746,1,0.00198,3,1,no_sustained_vertical_lift_type=sustained_horizontal_transport
trace_alphabet_soup_s13_w0_10_s20d_clean_seed0_job330004,alphabet_soup,13,233,6,0,0,,3.3,1.5,1.0,0.5,0.0,0.3,0.002785,0.002758,2.7e-05,1,1,1,-0.00054048,4,1,,1,0.040757,1,5.7e-05,0,1,no_sustained_vertical_lift_type=no_sustained_motion
trace_alphabet_soup_s13_w0_10_s20d_clean_seed0_job330004,alphabet_soup,13,241,7,0,0,,3.8,1.5,1.0,0.5,0.5,0.3,0.000788,0.001551,-0.000763,1,1,1,-0.00039935,8,1,,1,0.040782,1,0.001222,0,1,no_sustained_vertical_lift_type=no_sustained_motion
trace_alphabet_soup_s13_w0_10_s20d_clean_seed0_job330004,alphabet_soup,13,270,8,0,0,,3.3,1.5,1.0,0.5,0.0,0.3,0.001004,0.000438,0.000566,1,1,1,0.00029238,29,1,,1,0.040872,1,0.00034,0,1,no_sustained_vertical_lift_type=no_sustained_motion
trace_alphabet_soup_s13_w0_10_s20d_clean_seed0_job330004,alphabet_soup,13,274,9,0,0,,3.3,1.5,1.0,0.5,0.0,0.3,0.00214,0.001628,0.000512,1,1,1,0.00038908,4,1,,1,0.040884,1,0.0,0,1,no_sustained_vertical_lift_type=no_sustained_motion
trace_alphabet_soup_s14_w0_10_s20d_clean_seed0_job330005,alphabet_soup,14,48,0,0,1,,3.8,1.5,1.0,0.5,0.5,0.3,0.00937,0.010609,-0.001239,1,1,1,-0.01000169,,1,,1,0.042714,1,0.010863,2,0,
trace_alphabet_soup_s14_w0_10_s20d_clean_seed0_job330005,alphabet_soup,14,66,1,0,0,,3.3,1.5,1.0,0.5,0.0,0.3,0.020357,0.024997,-0.00464,1,1,1,-4.334e-05,18,1,,1,0.160504,1,0.0,0,1,eef_not_near_object_dist=0.1605
trace_alphabet_soup_s14_w0_10_s20d_clean_seed0_job330005,alphabet_soup,14,73,2,0,0,,3.3,1.5,1.0,0.5,0.0,0.3,0.018795,0.011337,0.007458,1,1,1,-5.301e-05,7,1,,1,0.156385,1,0.0,0,1,eef_not_near_object_dist=0.1564
trace_alphabet_soup_s14_w0_10_s20d_clean_seed0_job330005,alphabet_soup,14,87,3,0,1,,3.3,1.5,1.0,0.5,0.0,0.3,0.028665,0.029021,-0.000356,1,1,1,-9.714e-05,14,1,,1,0.042776,1,0.087155,9,1,
trace_alphabet_soup_s15_w0_10_s20d_clean_seed0_job330006,alphabet_soup,15,73,0,0,0,,3.8,1.5,1.0,0.5,0.5,0.3,0.009685,0.0104,-0.000715,1,1,1,-0.01869111,,1,,1,0.042147,1,0.000662,0,0,no_sustained_vertical_lift_type=no_sustained_motion
trace_alphabet_soup_s15_w0_10_s20d_clean_seed0_job330006,alphabet_soup,15,79,1,0,0,,3.8,1.5,1.0,0.5,0.5,0.3,0.002277,0.011555,-0.009278,1,1,1,-0.00154215,6,1,,1,0.057544,1,0.0,0,0,no_sustained_vertical_lift_type=no_sustained_motion
trace_alphabet_soup_s15_w0_10_s20d_clean_seed0_job330006,alphabet_soup,15,85,2,0,0,,3.3,1.5,1.0,0.5,0.0,0.3,0.013207,0.015831,-0.002624,1,1,1,-2.081e-05,6,1,,1,0.076091,1,0.0,0,0,no_sustained_vertical_lift_type=no_sustained_motion
trace_alphabet_soup_s15_w0_10_s20d_clean_seed0_job330006,alphabet_soup,15,94,3,0,0,,3.3,1.5,1.0,0.5,0.0,0.3,0.011005,0.022511,-0.011506,1,1,1,6.59e-06,9,1,,1,0.130124,1,0.0,0,1,eef_not_near_object_dist=0.1301
trace_alphabet_soup_s15_w0_10_s20d_clean_seed0_job330006,alphabet_soup,15,99,4,0,0,,3.3,1.5,1.0,0.5,0.0,0.3,0.009308,0.008011,0.001297,1,1,1,3.13e-06,5,1,,1,0.133278,1,0.0,0,1,eef_not_near_object_dist=0.1333
trace_alphabet_soup_s15_w0_10_s20d_clean_seed0_job330006,alphabet_soup,15,115,5,0,1,,3.3,1.5,1.0,0.5,0.0,0.3,0.021878,0.02224,-0.000362,1,1,1,-3.226e-05,16,1,,1,0.033571,1,0.076523,10,1,
trace_alphabet_soup_s15_w0_10_s20d_clean_seed0_job330006,alphabet_soup,15,195,6,0,1,,3.3,1.5,1.0,0.5,0.0,0.3,0.019101,0.017533,0.001568,1,1,1,5.844e-05,80,1,,1,0.028315,1,0.015016,5,1,
trace_alphabet_soup_s15_w0_10_s20d_clean_seed0_job330006,alphabet_soup,15,197,7,0,1,,3.8,1.5,1.0,0.5,0.5,0.3,0.004258,0.013446,-0.009188,1,1,1,5.266e-05,2,1,,1,0.028318,1,0.01456,5,1,
trace_alphabet_soup_s15_w0_10_s20d_clean_seed0_job330006,alphabet_soup,15,207,8,0,0,,3.3,1.5,1.0,0.5,0.0,0.3,0.008934,0.008164,0.00077,1,1,1,-3.446e-05,10,1,,1,0.028971,1,0.0,0,1,no_sustained_vertical_lift_type=no_sustained_motion
trace_alphabet_soup_s16_w0_10_s20d_clean_seed0_job330007,alphabet_soup,16,60,0,0,1,,3.3,1.5,1.0,0.5,0.0,0.3,0.025316,0.026715,-0.001399,1,1,1,2.22e-06,,1,,1,0.032015,1,0.007841,2,1,
trace_alphabet_soup_s16_w0_10_s20d_clean_seed0_job330007,alphabet_soup,16,64,1,0,1,,3.3,1.5,1.0,0.5,0.0,0.3,0.014859,0.015702,-0.000843,1,1,1,0.00010693,4,1,,1,0.023876,1,0.026035,6,1,
trace_alphabet_soup_s17_w0_10_s20d_clean_seed0_job330008,alphabet_soup,17,49,0,1,1,0,3.3,1.5,1.0,0.5,0.0,0.3,0.024386,0.027052,-0.002666,1,1,1,0.0001529,,1,,1,0.027398,1,0.0682,8,1,
trace_alphabet_soup_s17_w0_10_s20d_clean_seed0_job330008,alphabet_soup,17,166,1,0,0,117,2.8,1.5,1.0,0.0,0.0,0.3,0.004748,0.002391,0.002357,1,1,1,0.00769272,117,1,,1,0.014544,1,0.0,0,1,no_sustained_vertical_lift_type=no_sustained_motion
trace_alphabet_soup_s17_w0_10_s20d_clean_seed0_job330008,alphabet_soup,17,170,2,0,0,121,3.3,1.5,1.0,0.0,0.5,0.3,0.000806,0.002596,-0.00179,1,1,1,0.00724291,4,1,,1,0.014371,1,0.0,0,1,no_sustained_vertical_lift_type=no_sustained_motion
trace_alphabet_soup_s17_w0_10_s20d_clean_seed0_job330008,alphabet_soup,17,172,3,0,0,123,2.8,1.5,1.0,0.0,0.0,0.3,0.00071,0.000108,0.000602,1,1,1,0.00713098,2,1,,1,0.014329,1,0.0,2,1,no_sustained_vertical_lift_type=sustained_horizontal_transport
trace_alphabet_soup_s17_w0_10_s20d_clean_seed0_job330008,alphabet_soup,17,176,4,0,0,127,3.3,1.5,1.0,0.0,0.5,0.3,0.008019,0.01117,-0.003151,1,1,1,0.00655855,4,1,,1,0.014633,1,7.1e-05,4,1,no_sustained_vertical_lift_type=sustained_horizontal_transport
trace_alphabet_soup_s17_w0_10_s20d_clean_seed0_job330008,alphabet_soup,17,182,5,0,0,133,3.3,1.5,1.0,0.0,0.5,0.3,0.000878,0.002097,-0.001219,1,1,1,0.00601868,6,1,,1,0.01487,1,0.0,6,1,no_sustained_vertical_lift_type=sustained_horizontal_transport
trace_alphabet_soup_s17_w0_10_s20d_clean_seed0_job330008,alphabet_soup,17,186,6,0,0,137,3.3,1.5,1.0,0.0,0.5,0.3,0.002917,0.00307,-0.000153,1,1,1,0.00534877,4,1,,1,0.014991,1,0.0,0,1,no_sustained_vertical_lift_type=no_sustained_motion
trace_alphabet_soup_s17_w0_10_s20d_clean_seed0_job330008,alphabet_soup,17,190,7,0,0,141,3.8,1.5,1.0,0.5,0.5,0.3,0.001741,0.002216,-0.000475,1,1,1,0.00484922,4,1,,1,0.0151,1,0.000171,0,1,no_sustained_vertical_lift_type=no_sustained_motion
trace_alphabet_soup_s17_w0_10_s20d_clean_seed0_job330008,alphabet_soup,17,195,8,0,0,146,3.8,1.5,1.0,0.5,0.5,0.3,0.000883,0.001356,-0.000473,1,1,1,0.00485098,5,1,,1,0.015225,1,0.001027,0,1,no_sustained_vertical_lift_type=no_sustained_motion
trace_alphabet_soup_s17_w0_10_s20d_clean_seed0_job330008,alphabet_soup,17,201,9,0,0,152,3.3,1.5,1.0,0.5,0.0,0.3,6.7e-05,5.4e-05,1.3e-05,1,1,1,0.00269092,6,1,,1,0.015482,1,0.0,0,1,no_sustained_vertical_lift_type=no_sustained_motion
trace_alphabet_soup_s17_w0_10_s20d_clean_seed0_job330008,alphabet_soup,17,244,10,0,0,195,3.3,1.5,1.0,0.5,0.0,0.3,0.000731,6.9e-05,0.000662,1,1,1,0.00176481,43,1,,1,0.016505,1,0.00053,0,1,no_sustained_vertical_lift_type=no_sustained_motion
trace_alphabet_soup_s17_w0_10_s20d_clean_seed0_job330008,alphabet_soup,17,255,11,0,0,206,3.3,1.5,1.0,0.5,0.0,0.3,6.8e-05,6.7e-05,1e-06,1,1,1,0.0017381,11,1,,1,0.016764,1,0.0,0,1,no_sustained_vertical_lift_type=no_sustained_motion
trace_alphabet_soup_s17_w0_10_s20d_clean_seed0_job330008,alphabet_soup,17,259,12,0,0,210,3.3,1.5,1.0,0.5,0.0,0.3,6.8e-05,6.7e-05,1e-06,1,1,1,0.00162307,4,1,,1,0.016874,1,0.0,0,1,no_sustained_vertical_lift_type=no_sustained_motion
trace_alphabet_soup_s18_w0_10_s20d_clean_seed0_job330009,alphabet_soup,18,61,0,0,1,,3.3,1.5,1.0,0.5,0.0,0.3,0.029957,0.031142,-0.001185,1,1,1,-9.787e-05,,1,,1,0.046627,1,0.024825,5,1,
trace_alphabet_soup_s18_w0_10_s20d_clean_seed0_job330009,alphabet_soup,18,63,1,0,1,,3.3,1.5,1.0,0.5,0.0,0.3,0.022839,0.027612,-0.004773,1,1,1,0.00012321,2,1,,1,0.033927,1,0.038885,7,1,
trace_alphabet_soup_s18_w0_10_s20d_clean_seed0_job330009,alphabet_soup,18,141,2,0,0,,3.8,1.5,1.0,0.5,0.5,0.3,0.009013,0.018556,-0.009543,1,1,1,0.00279731,78,1,,1,0.021706,1,0.002389,8,1,no_sustained_vertical_lift_type=sustained_horizontal_transport
trace_alphabet_soup_s18_w0_10_s20d_clean_seed0_job330009,alphabet_soup,18,143,3,0,0,,3.3,1.5,1.0,0.5,0.0,0.3,0.004312,0.000897,0.003415,1,1,1,0.00279179,2,1,,1,0.021707,1,0.0,10,1,no_sustained_vertical_lift_type=sustained_horizontal_transport
trace_alphabet_soup_s18_w0_10_s20d_clean_seed0_job330009,alphabet_soup,18,151,4,0,0,,3.8,1.5,1.0,0.5,0.5,0.3,0.004323,0.009946,-0.005623,1,1,1,0.00277194,8,1,,1,0.021707,1,0.0,0,1,no_sustained_vertical_lift_type=no_sustained_motion
trace_alphabet_soup_s18_w0_10_s20d_clean_seed0_job330009,alphabet_soup,18,154,5,0,0,,3.3,1.5,1.0,0.5,0.0,0.3,0.005873,0.005287,0.000586,1,1,1,0.00263193,3,1,,1,0.021715,1,0.004465,0,1,no_sustained_vertical_lift_type=no_sustained_motion
trace_alphabet_soup_s18_w0_10_s20d_clean_seed0_job330009,alphabet_soup,18,156,6,0,0,,3.8,1.5,1.0,0.5,0.5,0.3,0.002352,0.002904,-0.000552,1,1,1,0.00230667,2,1,,1,0.021733,1,0.002994,0,1,no_sustained_vertical_lift_type=no_sustained_motion
trace_alphabet_soup_s19_w0_10_s20d_clean_seed0_job330010,alphabet_soup,19,13,0,0,0,-45,3.3,1.5,1.0,0.5,0.0,0.3,0.013503,0.007777,0.005726,1,1,1,-8.181e-05,,1,,1,0.316242,1,0.0,0,1,eef_not_near_object_dist=0.3162
trace_alphabet_soup_s19_w0_10_s20d_clean_seed0_job330010,alphabet_soup,19,58,1,1,1,0,3.3,1.5,1.0,0.5,0.0,0.3,0.025745,0.026093,-0.000348,1,1,1,-7.696e-05,45,1,,1,0.011463,1,0.077275,9,1,
trace_alphabet_soup_s20_w0_10_s20d_clean_seed0_job330011,alphabet_soup,20,54,0,1,1,0,3.3,1.5,1.0,0.5,0.0,0.3,0.028968,0.029629,-0.000661,1,1,1,-1.28e-06,,1,,1,0.029165,1,0.073811,9,1,
trace_alphabet_soup_s21_w0_10_s20d_clean_seed0_job330012,alphabet_soup,21,140,0,1,1,0,3.3,1.5,1.0,0.5,0.0,0.3,0.032355,0.034124,-0.001769,1,1,1,-2.497e-05,,1,,1,0.023175,1,0.042993,8,1,
trace_alphabet_soup_s21_w0_10_s20d_clean_seed0_job330012,alphabet_soup,21,168,1,0,0,28,3.3,1.5,1.0,0.5,0.0,0.3,0.012745,0.023731,-0.010986,1,1,1,-0.00041898,28,1,,1,0.170445,1,0.0,0,1,eef_not_near_object_dist=0.1704
trace_alphabet_soup_s21_w0_10_s20d_clean_seed0_job330012,alphabet_soup,21,191,2,0,0,51,3.3,1.5,1.0,0.5,0.0,0.3,0.029745,0.034296,-0.004551,1,1,1,-0.00015465,23,1,,1,0.057657,1,0.003073,0,0,no_sustained_vertical_lift_type=no_sustained_motion
trace_alphabet_soup_s21_w0_10_s20d_clean_seed0_job330012,alphabet_soup,21,210,3,0,0,70,3.8,1.5,1.0,0.5,0.5,0.3,0.00572,0.00975,-0.00403,1,1,1,-0.00025606,19,1,,1,0.111301,1,0.0,0,1,eef_not_near_object_dist=0.1113
trace_alphabet_soup_s21_w0_10_s20d_clean_seed0_job330012,alphabet_soup,21,220,4,0,0,80,3.3,1.5,1.0,0.5,0.0,0.3,0.032172,0.028744,0.003428,1,1,1,-0.00010123,10,1,,1,0.079636,1,0.0,0,0,no_sustained_vertical_lift_type=no_sustained_motion
trace_alphabet_soup_s21_w0_10_s20d_clean_seed0_job330012,alphabet_soup,21,239,5,0,0,99,3.3,1.5,1.0,0.5,0.0,0.3,0.02154,0.029655,-0.008115,1,1,1,-0.00020453,19,1,,1,0.105726,1,0.0,0,1,eef_not_near_object_dist=0.1057
trace_alphabet_soup_s21_w0_10_s20d_clean_seed0_job330012,alphabet_soup,21,241,6,0,0,101,3.8,1.5,1.0,0.5,0.5,0.3,0.007216,0.01236,-0.005144,1,1,1,-0.00019925,2,1,,1,0.104517,1,0.0,0,1,eef_not_near_object_dist=0.1045
trace_alphabet_soup_s21_w0_10_s20d_clean_seed0_job330012,alphabet_soup,21,246,7,0,0,106,3.3,1.5,1.0,0.5,0.0,0.3,0.013745,0.011281,0.002464,1,1,1,-0.00023064,5,1,,1,0.110327,1,0.0,0,1,eef_not_near_object_dist=0.1103
trace_alphabet_soup_s21_w0_10_s20d_clean_seed0_job330012,alphabet_soup,21,253,8,0,0,113,3.3,1.5,1.0,0.5,0.0,0.3,0.022462,0.0229,-0.000438,1,1,1,-0.00021346,7,1,,1,0.093469,1,0.0,0,1,eef_not_near_object_dist=0.0935
trace_alphabet_soup_s21_w0_10_s20d_clean_seed0_job330012,alphabet_soup,21,255,9,0,0,115,3.3,1.5,1.0,0.5,0.0,0.3,0.016435,0.018062,-0.001627,1,1,1,-0.00018075,2,1,,1,0.100793,1,0.0,0,1,eef_not_near_object_dist=0.1008
trace_alphabet_soup_s21_w0_10_s20d_clean_seed0_job330012,alphabet_soup,21,272,10,0,0,132,3.8,1.5,1.0,0.5,0.5,0.3,0.000135,0.000159,-2.4e-05,1,1,1,-0.00020676,17,1,,1,0.120418,1,0.0,0,1,eef_not_near_object_dist=0.1204
trace_alphabet_soup_s21_w0_10_s20d_clean_seed0_job330012,alphabet_soup,21,277,11,0,0,137,3.8,1.5,1.0,0.5,0.5,0.3,5.5e-05,0.000225,-0.00017,1,1,1,-0.00020555,5,1,,1,0.120426,1,0.0,0,1,eef_not_near_object_dist=0.1204
trace_alphabet_soup_s22_w0_10_s20d_clean_seed0_job330013,alphabet_soup,22,70,0,1,1,0,3.3,1.5,1.0,0.5,0.0,0.3,0.022658,0.017226,0.005432,1,1,1,8.887e-05,,1,,1,0.024703,1,0.061398,8,1,
trace_alphabet_soup_s22_w0_10_s20d_clean_seed0_job330013,alphabet_soup,22,149,1,0,0,79,3.8,1.5,1.0,0.5,0.5,0.3,0.008099,0.017261,-0.009162,1,1,1,0.00385639,79,1,,1,0.019175,1,0.0,0,1,no_sustained_vertical_lift_type=no_sustained_motion
trace_alphabet_soup_s22_w0_10_s20d_clean_seed0_job330013,alphabet_soup,22,154,2,0,0,84,3.8,1.5,1.0,0.5,0.5,0.3,0.005934,0.009324,-0.00339,1,1,1,0.00386536,5,1,,1,0.019247,1,0.001158,0,1,no_sustained_vertical_lift_type=no_sustained_motion
trace_alphabet_soup_s22_w0_10_s20d_clean_seed0_job330013,alphabet_soup,22,164,3,0,0,94,3.8,1.5,1.0,0.5,0.5,0.3,0.000469,0.002175,-0.001706,1,1,1,0.00152262,10,1,,1,0.022126,1,0.0,0,1,no_sustained_vertical_lift_type=no_sustained_motion
trace_alphabet_soup_s24_w0_10_s20d_clean_seed0_job330015,alphabet_soup,24,16,0,0,0,,3.3,1.5,1.0,0.5,0.0,0.3,0.007945,0.004523,0.003422,1,1,1,-5.031e-05,,1,,1,0.322434,1,0.0,0,1,eef_not_near_object_dist=0.3224
trace_alphabet_soup_s24_w0_10_s20d_clean_seed0_job330015,alphabet_soup,24,61,1,0,1,,3.3,1.5,1.0,0.5,0.0,0.3,0.031293,0.03273,-0.001437,1,1,1,-8.392e-05,45,1,,1,0.034909,1,0.025766,4,1,
trace_alphabet_soup_s24_w0_10_s20d_clean_seed0_job330015,alphabet_soup,24,63,2,0,1,,3.3,1.5,1.0,0.5,0.0,0.3,0.027174,0.029004,-0.00183,1,1,1,-1.264e-05,2,1,,1,0.020236,1,0.043705,6,1,
trace_alphabet_soup_s24_w0_10_s20d_clean_seed0_job330015,alphabet_soup,24,146,3,0,0,,3.8,1.5,1.0,0.5,0.5,0.3,0.007605,0.015188,-0.007583,1,1,1,0.00133826,83,1,,1,0.027859,1,0.0,0,1,no_sustained_vertical_lift_type=no_sustained_motion
trace_alphabet_soup_s24_w0_10_s20d_clean_seed0_job330015,alphabet_soup,24,151,4,0,0,,3.8,1.5,1.0,0.5,0.5,0.3,0.001228,0.002316,-0.001088,1,1,1,0.00103868,5,1,,1,0.02812,1,0.0,0,1,no_sustained_vertical_lift_type=no_sustained_motion
trace_alphabet_soup_s25_w0_10_s20d_clean_seed0_job330016,alphabet_soup,25,71,0,1,1,0,3.3,1.5,1.0,0.5,0.0,0.3,0.018573,0.025923,-0.00735,1,1,1,4.24e-06,,1,,1,0.02657,1,0.066928,7,1,
trace_alphabet_soup_s25_w0_10_s20d_clean_seed0_job330016,alphabet_soup,25,118,1,0,0,47,3.3,1.5,1.0,0.5,0.0,0.3,0.027328,0.032732,-0.005404,1,1,1,0.00016788,47,1,,1,0.037554,1,0.0,14,1,no_sustained_vertical_lift_type=sustained_horizontal_transport
trace_alphabet_soup_s27_w0_10_s20d_clean_seed0_job330018,alphabet_soup,27,54,0,0,0,-64,3.3,1.5,1.0,0.5,0.0,0.3,0.018496,0.024914,-0.006418,1,1,1,0.00044594,,1,,1,0.03652,1,0.003258,6,0,no_sustained_vertical_lift_type=sustained_horizontal_transport
trace_alphabet_soup_s27_w0_10_s20d_clean_seed0_job330018,alphabet_soup,27,68,1,0,0,-50,3.3,1.5,1.0,0.5,0.0,0.3,0.019427,0.027758,-0.008331,1,1,1,-1.421e-05,14,1,,1,0.119185,1,0.0,0,1,eef_not_near_object_dist=0.1192
trace_alphabet_soup_s27_w0_10_s20d_clean_seed0_job330018,alphabet_soup,27,83,2,0,0,-35,3.3,1.5,1.0,0.5,0.0,0.3,0.012547,0.020303,-0.007756,1,1,1,-2.165e-05,15,1,,1,0.197962,1,0.0,0,1,eef_not_near_object_dist=0.1980
trace_alphabet_soup_s27_w0_10_s20d_clean_seed0_job330018,alphabet_soup,27,86,3,0,0,-32,3.3,1.5,1.0,0.5,0.0,0.3,0.01467,0.011626,0.003044,1,1,1,-9.942e-05,3,1,,1,0.212571,1,0.0,0,1,eef_not_near_object_dist=0.2126
trace_alphabet_soup_s27_w0_10_s20d_clean_seed0_job330018,alphabet_soup,27,88,4,0,0,-30,3.8,1.5,1.0,0.5,0.5,0.3,0.007821,0.01199,-0.004169,1,1,1,-3.486e-05,2,1,,1,0.21264,1,0.0,0,1,eef_not_near_object_dist=0.2126
trace_alphabet_soup_s27_w0_10_s20d_clean_seed0_job330018,alphabet_soup,27,92,5,0,0,-26,3.3,1.5,1.0,0.5,0.0,0.3,0.014403,0.012445,0.001958,1,1,1,-0.00010862,4,1,,1,0.214768,1,0.0,0,1,eef_not_near_object_dist=0.2148
trace_alphabet_soup_s27_w0_10_s20d_clean_seed0_job330018,alphabet_soup,27,118,6,1,1,0,3.3,1.5,1.0,0.5,0.0,0.3,0.009721,0.009382,0.000339,1,1,1,-0.00119677,26,1,,1,0.07572,1,0.007376,8,1,
trace_alphabet_soup_s27_w0_10_s20d_clean_seed0_job330018,alphabet_soup,27,138,7,0,0,20,3.8,1.5,1.0,0.5,0.5,0.3,0.004219,0.004552,-0.000333,1,1,1,-0.00058987,20,1,,1,0.074678,1,0.001271,10,1,no_sustained_vertical_lift_type=sustained_horizontal_transport
trace_alphabet_soup_s27_w0_10_s20d_clean_seed0_job330018,alphabet_soup,27,141,8,0,0,23,3.8,1.5,1.0,0.5,0.5,0.3,0.003847,0.003909,-6.2e-05,1,1,1,-0.00102483,3,1,,1,0.073652,1,0.0,11,1,no_sustained_vertical_lift_type=sustained_horizontal_transport
trace_alphabet_soup_s27_w0_10_s20d_clean_seed0_job330018,alphabet_soup,27,143,9,0,0,25,3.3,1.5,1.0,0.5,0.0,0.3,0.007823,0.005112,0.002711,1,1,1,-0.00138158,2,1,,1,0.072057,1,0.000347,10,1,no_sustained_vertical_lift_type=sustained_horizontal_transport
trace_alphabet_soup_s27_w0_10_s20d_clean_seed0_job330018,alphabet_soup,27,148,10,0,0,30,3.3,1.5,1.0,0.5,0.0,0.3,0.013467,0.012331,0.001136,1,1,1,-0.0004607,5,1,,1,0.069581,1,0.0,0,1,no_sustained_vertical_lift_type=no_sustained_motion
trace_alphabet_soup_s27_w0_10_s20d_clean_seed0_job330018,alphabet_soup,27,153,11,0,0,35,3.8,1.5,1.0,0.5,0.5,0.3,0.003496,0.003626,-0.00013,1,1,1,-0.00081848,5,1,,1,0.070341,1,0.000721,0,1,no_sustained_vertical_lift_type=no_sustained_motion
trace_alphabet_soup_s27_w0_10_s20d_clean_seed0_job330018,alphabet_soup,27,197,12,0,0,79,3.3,1.5,1.0,0.5,0.0,0.3,0.011648,0.010159,0.001489,1,1,1,-7.148e-05,44,1,,1,0.11224,1,0.0,0,1,eef_not_near_object_dist=0.1122
trace_alphabet_soup_s27_w0_10_s20d_clean_seed0_job330018,alphabet_soup,27,210,13,0,0,92,3.3,1.5,1.0,0.5,0.0,0.3,0.028912,0.02713,0.001782,1,1,1,-0.0001232,13,1,,1,0.086059,1,0.0,0,1,eef_not_near_object_dist=0.0861
trace_alphabet_soup_s27_w0_10_s20d_clean_seed0_job330018,alphabet_soup,27,212,14,0,0,94,3.3,1.5,1.0,0.5,0.0,0.3,0.024731,0.02787,-0.003139,1,1,1,-7.734e-05,2,1,,1,0.074359,1,0.0,0,1,no_sustained_vertical_lift_type=no_sustained_motion
trace_alphabet_soup_s27_w0_10_s20d_clean_seed0_job330018,alphabet_soup,27,219,15,0,0,101,3.8,1.5,1.0,0.5,0.5,0.3,0.003412,0.007094,-0.003682,1,1,1,-0.00255835,7,1,,1,0.060515,1,0.001186,0,1,no_sustained_vertical_lift_type=no_sustained_motion
trace_alphabet_soup_s27_w0_10_s20d_clean_seed0_job330018,alphabet_soup,27,221,16,0,0,103,3.3,1.5,1.0,0.5,0.0,0.3,0.001768,0.001457,0.000311,1,1,1,-0.00201454,2,1,,1,0.061606,1,0.001421,0,1,no_sustained_vertical_lift_type=no_sustained_motion
trace_alphabet_soup_s27_w0_10_s20d_clean_seed0_job330018,alphabet_soup,27,228,17,0,0,110,3.3,1.5,1.0,0.5,0.0,0.3,0.00673,0.006202,0.000528,1,1,1,-0.00043207,7,1,,1,0.067082,1,0.001767,2,1,no_sustained_vertical_lift_type=sustained_horizontal_transport
trace_alphabet_soup_s27_w0_10_s20d_clean_seed0_job330018,alphabet_soup,27,233,18,0,0,115,3.8,1.5,1.0,0.5,0.5,0.3,0.001897,0.002073,-0.000176,1,1,1,-0.00134875,5,1,,1,0.069834,1,0.00117,7,1,no_sustained_vertical_lift_type=sustained_horizontal_transport
trace_alphabet_soup_s27_w0_10_s20d_clean_seed0_job330018,alphabet_soup,27,238,19,0,0,120,3.3,1.5,1.0,0.5,0.0,0.3,0.002001,0.001356,0.000645,1,1,1,-0.00209701,5,1,,1,0.067452,1,0.000696,10,1,no_sustained_vertical_lift_type=sustained_horizontal_transport
trace_alphabet_soup_s27_w0_10_s20d_clean_seed0_job330018,alphabet_soup,27,243,20,0,0,125,3.3,1.5,1.0,0.5,0.0,0.3,0.003648,0.001904,0.001744,1,1,1,-0.00077957,5,1,,1,0.061191,1,0.00075,0,1,no_sustained_vertical_lift_type=no_sustained_motion
trace_alphabet_soup_s27_w0_10_s20d_clean_seed0_job330018,alphabet_soup,27,247,21,0,0,129,3.3,1.5,1.0,0.5,0.0,0.3,0.001828,0.001649,0.000179,1,1,1,0.00032566,4,1,,1,0.058765,1,0.0,0,0,no_sustained_vertical_lift_type=no_sustained_motion
trace_alphabet_soup_s27_w0_10_s20d_clean_seed0_job330018,alphabet_soup,27,256,22,0,0,138,3.3,1.5,1.0,0.5,0.0,0.3,0.017418,0.017906,-0.000488,1,1,1,-0.00013114,9,1,,1,0.073087,1,0.0,0,0,no_sustained_vertical_lift_type=no_sustained_motion
trace_alphabet_soup_s27_w0_10_s20d_clean_seed0_job330018,alphabet_soup,27,259,23,0,0,141,3.3,1.5,1.0,0.5,0.0,0.3,0.012084,0.011322,0.000762,1,1,1,-0.00016964,3,1,,1,0.082259,1,0.0,0,1,eef_not_near_object_dist=0.0823
trace_alphabet_soup_s27_w0_10_s20d_clean_seed0_job330018,alphabet_soup,27,262,24,0,0,144,3.3,1.5,1.0,0.5,0.0,0.3,0.013876,0.011388,0.002488,1,1,1,-0.00015881,3,1,,1,0.094404,1,0.0,0,1,eef_not_near_object_dist=0.0944
trace_alphabet_soup_s27_w0_10_s20d_clean_seed0_job330018,alphabet_soup,27,264,25,0,0,146,3.3,1.5,1.0,0.5,0.0,0.3,0.021343,0.020585,0.000758,1,1,1,-0.0001624,2,1,,1,0.107501,1,0.0,0,1,eef_not_near_object_dist=0.1075
trace_alphabet_soup_s27_w0_10_s20d_clean_seed0_job330018,alphabet_soup,27,266,26,0,0,148,3.3,1.5,1.0,0.5,0.0,0.3,0.018287,0.021488,-0.003201,1,1,1,-0.00015932,2,1,,1,0.118312,1,0.0,0,1,eef_not_near_object_dist=0.1183
trace_alphabet_soup_s27_w0_10_s20d_clean_seed0_job330018,alphabet_soup,27,270,27,0,0,152,3.3,1.5,1.0,0.5,0.0,0.3,0.020042,0.020136,-9.4e-05,1,1,1,-0.00018152,4,1,,1,0.142781,1,0.0,0,1,eef_not_near_object_dist=0.1428
trace_alphabet_soup_s27_w0_10_s20d_clean_seed0_job330018,alphabet_soup,27,279,28,0,0,161,3.8,1.5,1.0,0.5,0.5,0.3,0.00631,0.013108,-0.006798,1,1,1,-0.00020298,9,1,,1,0.182858,1,0.0,0,1,eef_not_near_object_dist=0.1829
trace_alphabet_soup_s29_w0_10_s20d_clean_seed0_job330020,alphabet_soup,29,59,0,1,1,0,3.3,1.5,1.0,0.5,0.0,0.3,0.015556,0.019071,-0.003515,1,1,1,-1.53e-06,,1,,1,0.024053,1,0.03512,6,1,
trace_alphabet_soup_s29_w0_10_s20d_clean_seed0_job330020,alphabet_soup,29,147,1,0,0,88,3.8,1.5,1.0,0.5,0.5,0.3,0.007997,0.017508,-0.009511,1,1,1,0.00403923,88,1,,1,0.027673,1,7.7e-05,0,1,no_sustained_vertical_lift_type=no_sustained_motion
trace_alphabet_soup_s29_w0_10_s20d_clean_seed0_job330020,alphabet_soup,29,150,2,0,0,91,3.8,1.5,1.0,0.5,0.5,0.3,0.001416,0.002037,-0.000621,1,1,1,0.00310292,3,1,,1,0.027768,1,0.0,0,1,no_sustained_vertical_lift_type=no_sustained_motion
trace_alphabet_soup_s29_w0_10_s20d_clean_seed0_job330020,alphabet_soup,29,153,3,0,0,94,3.3,1.5,1.0,0.5,0.0,0.3,0.004493,0.003933,0.00056,1,1,1,0.00260494,3,1,,1,0.02783,1,0.0,0,1,no_sustained_vertical_lift_type=no_sustained_motion
trace_alphabet_soup_s30_w0_10_s20d_clean_seed0_job330021,alphabet_soup,30,52,0,1,1,0,3.3,1.5,1.0,0.5,0.0,0.3,0.029123,0.029536,-0.000413,1,1,1,-4.191e-05,,1,,1,0.04415,1,0.060576,8,1,
trace_alphabet_soup_s31_w0_10_s20d_clean_seed0_job330022,alphabet_soup,31,63,0,0,0,,3.3,1.5,1.0,0.5,0.0,0.3,0.021209,0.018944,0.002265,1,1,1,0.00062446,,1,,1,0.031797,1,0.002564,8,0,no_sustained_vertical_lift_type=sustained_horizontal_transport
trace_alphabet_soup_s31_w0_10_s20d_clean_seed0_job330022,alphabet_soup,31,71,1,0,0,,3.8,1.5,1.0,0.5,0.5,0.3,0.006093,0.014514,-0.008421,1,1,1,4.385e-05,8,1,,1,0.073079,1,7e-06,0,1,no_sustained_vertical_lift_type=no_sustained_motion
trace_alphabet_soup_s31_w0_10_s20d_clean_seed0_job330022,alphabet_soup,31,73,2,0,0,,3.8,1.5,1.0,0.5,0.5,0.3,0.007067,0.008789,-0.001722,1,1,1,-1.478e-05,2,1,,1,0.072037,1,0.0,0,1,no_sustained_vertical_lift_type=no_sustained_motion
trace_alphabet_soup_s31_w0_10_s20d_clean_seed0_job330022,alphabet_soup,31,120,3,0,0,,3.8,1.5,1.0,0.5,0.5,0.3,0.005356,0.006455,-0.001099,1,1,1,-0.00104837,47,1,,1,0.052844,1,0.001874,0,1,no_sustained_vertical_lift_type=no_sustained_motion
trace_alphabet_soup_s31_w0_10_s20d_clean_seed0_job330022,alphabet_soup,31,126,4,0,0,,3.3,1.5,1.0,0.5,0.0,0.3,0.008493,0.001156,0.007337,1,1,1,0.0001199,6,1,,1,0.056425,1,0.001795,0,1,no_sustained_vertical_lift_type=no_sustained_motion
trace_alphabet_soup_s31_w0_10_s20d_clean_seed0_job330022,alphabet_soup,31,131,5,0,0,,3.3,1.5,1.0,0.5,0.0,0.3,0.006958,0.004127,0.002831,1,1,1,-0.0037502,5,1,,1,0.055846,1,0.001015,0,1,no_sustained_vertical_lift_type=no_sustained_motion
trace_alphabet_soup_s31_w0_10_s20d_clean_seed0_job330022,alphabet_soup,31,133,6,0,0,,3.3,1.5,1.0,0.5,0.0,0.3,0.014242,0.007909,0.006333,1,1,1,-0.00164696,2,1,,1,0.067683,1,0.000144,0,1,no_sustained_vertical_lift_type=no_sustained_motion
trace_alphabet_soup_s31_w0_10_s20d_clean_seed0_job330022,alphabet_soup,31,137,7,0,0,,3.3,1.5,1.0,0.5,0.0,0.3,0.00921,0.003979,0.005231,1,1,1,-2.483e-05,4,1,,1,0.062009,1,0.001197,0,1,no_sustained_vertical_lift_type=no_sustained_motion
trace_alphabet_soup_s31_w0_10_s20d_clean_seed0_job330022,alphabet_soup,31,144,8,0,0,,3.3,1.5,1.0,0.5,0.0,0.3,0.008794,0.006033,0.002761,1,1,1,0.00054982,7,1,,1,0.057796,1,0.001169,0,1,no_sustained_vertical_lift_type=no_sustained_motion
trace_alphabet_soup_s31_w0_10_s20d_clean_seed0_job330022,alphabet_soup,31,147,9,0,0,,3.3,1.5,1.0,0.5,0.0,0.3,0.004177,0.003945,0.000232,1,1,1,0.0004663,3,1,,1,0.055101,1,0.001451,0,0,no_sustained_vertical_lift_type=no_sustained_motion
trace_alphabet_soup_s31_w0_10_s20d_clean_seed0_job330022,alphabet_soup,31,151,10,0,0,,3.3,1.5,1.0,0.5,0.0,0.3,0.004326,0.003339,0.000987,1,1,1,-0.00309879,4,1,,1,0.054281,1,0.0,0,0,no_sustained_vertical_lift_type=no_sustained_motion
trace_alphabet_soup_s31_w0_10_s20d_clean_seed0_job330022,alphabet_soup,31,161,11,0,0,,3.3,1.5,1.0,0.5,0.0,0.3,0.020576,0.01961,0.000966,1,1,1,0.00012033,10,1,,1,0.095828,1,0.0,0,1,eef_not_near_object_dist=0.0958
trace_alphabet_soup_s31_w0_10_s20d_clean_seed0_job330022,alphabet_soup,31,171,12,0,0,,3.3,1.5,1.0,0.5,0.0,0.3,0.017777,0.017471,0.000306,1,1,1,9.98e-05,10,1,,1,0.145449,1,0.0,0,1,eef_not_near_object_dist=0.1454
trace_alphabet_soup_s31_w0_10_s20d_clean_seed0_job330022,alphabet_soup,31,208,13,0,0,,3.8,1.5,1.0,0.5,0.5,0.3,0.005612,0.007845,-0.002233,1,1,1,2.856e-05,37,1,,1,0.388971,1,0.0,0,1,eef_not_near_object_dist=0.3890
trace_alphabet_soup_s31_w0_10_s20d_clean_seed0_job330022,alphabet_soup,31,211,14,0,0,,3.3,1.5,1.0,0.5,0.0,0.3,0.021747,0.013644,0.008103,1,1,1,-0.00012226,3,1,,1,0.380308,1,0.0,0,1,eef_not_near_object_dist=0.3803
trace_alphabet_soup_s31_w0_10_s20d_clean_seed0_job330022,alphabet_soup,31,216,15,0,0,,3.3,1.5,1.0,0.5,0.0,0.3,0.020792,0.02657,-0.005778,1,1,1,0.00013952,5,1,,1,0.399951,1,0.0,0,1,eef_not_near_object_dist=0.4000
trace_alphabet_soup_s31_w0_10_s20d_clean_seed0_job330022,alphabet_soup,31,218,16,0,0,,3.3,1.5,1.0,0.5,0.0,0.3,0.01247,0.007335,0.005135,1,1,1,-6.27e-05,2,1,,1,0.39454,1,0.0,0,1,eef_not_near_object_dist=0.3945
trace_alphabet_soup_s31_w0_10_s20d_clean_seed0_job330022,alphabet_soup,31,244,17,0,0,,3.3,1.5,1.0,0.5,0.0,0.3,0.012551,0.012345,0.000206,1,1,1,7.805e-05,26,1,,1,0.503372,1,0.0,0,1,eef_not_near_object_dist=0.5034
trace_alphabet_soup_s31_w0_10_s20d_clean_seed0_job330022,alphabet_soup,31,250,18,0,0,,3.3,1.5,1.0,0.5,0.0,0.3,0.014165,0.006824,0.007341,1,1,1,-0.00011635,6,1,,1,0.511205,1,0.0,0,1,eef_not_near_object_dist=0.5112
trace_alphabet_soup_s31_w0_10_s20d_clean_seed0_job330022,alphabet_soup,31,253,19,0,0,,3.3,1.5,1.0,0.5,0.0,0.3,0.007982,0.007398,0.000584,1,1,1,1.481e-05,3,1,,1,0.517595,1,0.0,0,1,eef_not_near_object_dist=0.5176
trace_alphabet_soup_s31_w0_10_s20d_clean_seed0_job330022,alphabet_soup,31,279,20,0,0,,3.8,1.5,1.0,0.5,0.5,0.3,0.00176,0.007186,-0.005426,1,1,1,0.00032749,26,1,,1,0.610855,1,0.0,0,1,eef_not_near_object_dist=0.6109
trace_alphabet_soup_s32_w0_10_s20d_clean_seed0_job330023,alphabet_soup,32,121,0,0,0,-116,3.3,1.5,1.0,0.5,0.0,0.3,0.030736,0.031706,-0.00097,1,1,1,1.419e-05,,1,,1,0.023374,1,0.003188,0,1,no_sustained_vertical_lift_type=no_sustained_motion
trace_alphabet_soup_s32_w0_10_s20d_clean_seed0_job330023,alphabet_soup,32,144,1,0,0,-93,3.3,1.5,1.0,0.5,0.0,0.3,0.012487,0.003424,0.009063,1,1,1,-2.588e-05,23,1,,1,0.113058,1,0.0,0,1,eef_not_near_object_dist=0.1131
trace_alphabet_soup_s32_w0_10_s20d_clean_seed0_job330023,alphabet_soup,32,157,2,0,0,-80,3.3,1.5,1.0,0.5,0.0,0.3,0.025509,0.027573,-0.002064,1,1,1,-0.00013439,13,1,,1,0.035204,1,0.001527,0,0,no_sustained_vertical_lift_type=no_sustained_motion
trace_alphabet_soup_s32_w0_10_s20d_clean_seed0_job330023,alphabet_soup,32,175,3,0,0,-62,3.3,1.5,1.0,0.5,0.0,0.3,0.019764,0.025623,-0.005859,1,1,1,-0.0001266,18,1,,1,0.115868,1,0.0,0,1,eef_not_near_object_dist=0.1159
trace_alphabet_soup_s32_w0_10_s20d_clean_seed0_job330023,alphabet_soup,32,178,4,0,0,-59,3.8,1.5,1.0,0.5,0.5,0.3,0.004964,0.006913,-0.001949,1,1,1,-0.00014521,3,1,,1,0.119643,1,0.0,0,1,eef_not_near_object_dist=0.1196
trace_alphabet_soup_s32_w0_10_s20d_clean_seed0_job330023,alphabet_soup,32,184,5,0,0,-53,3.8,1.5,1.0,0.5,0.5,0.3,0.00725,0.007845,-0.000595,1,1,1,-0.0001175,6,1,,1,0.126165,1,0.0,0,1,eef_not_near_object_dist=0.1262
trace_alphabet_soup_s32_w0_10_s20d_clean_seed0_job330023,alphabet_soup,32,188,6,0,0,-49,3.3,1.5,1.0,0.5,0.0,0.3,0.007998,0.006919,0.001079,1,1,1,-0.00015074,4,1,,1,0.12568,1,0.0,0,1,eef_not_near_object_dist=0.1257
trace_alphabet_soup_s32_w0_10_s20d_clean_seed0_job330023,alphabet_soup,32,191,7,0,0,-46,3.3,1.5,1.0,0.5,0.0,0.3,0.008362,0.008324,3.8e-05,1,1,1,-7.724e-05,3,1,,1,0.125539,1,0.0,0,1,eef_not_near_object_dist=0.1255
trace_alphabet_soup_s32_w0_10_s20d_clean_seed0_job330023,alphabet_soup,32,197,8,0,0,-40,3.8,1.5,1.0,0.5,0.5,0.3,0.004913,0.008222,-0.003309,1,1,1,-5.993e-05,6,1,,1,0.128338,1,0.0,0,1,eef_not_near_object_dist=0.1283
trace_alphabet_soup_s32_w0_10_s20d_clean_seed0_job330023,alphabet_soup,32,202,9,0,0,-35,3.3,1.5,1.0,0.5,0.0,0.3,0.017613,0.02179,-0.004177,1,1,1,-7.174e-05,5,1,,1,0.14344,1,0.0,0,1,eef_not_near_object_dist=0.1434
trace_alphabet_soup_s32_w0_10_s20d_clean_seed0_job330023,alphabet_soup,32,204,10,0,0,-33,3.8,1.5,1.0,0.5,0.5,0.3,0.00405,0.011375,-0.007325,1,1,1,-7.204e-05,2,1,,1,0.144204,1,0.0,0,1,eef_not_near_object_dist=0.1442
trace_alphabet_soup_s32_w0_10_s20d_clean_seed0_job330023,alphabet_soup,32,210,11,0,0,-27,3.3,1.5,1.0,0.5,0.0,0.3,0.013533,0.025549,-0.012016,1,1,1,-4.164e-05,6,1,,1,0.167294,1,0.0,0,1,eef_not_near_object_dist=0.1673
trace_alphabet_soup_s32_w0_10_s20d_clean_seed0_job330023,alphabet_soup,32,217,12,0,0,-20,3.3,1.5,1.0,0.5,0.0,0.3,0.018522,0.014103,0.004419,1,1,1,-4.6e-07,7,1,,1,0.16294,1,0.0,0,1,eef_not_near_object_dist=0.1629
trace_alphabet_soup_s32_w0_10_s20d_clean_seed0_job330023,alphabet_soup,32,237,13,1,1,0,3.3,1.5,1.0,0.5,0.0,0.3,0.023638,0.024757,-0.001119,1,1,1,1.945e-05,20,1,,1,0.0323,1,0.01838,7,1,
trace_alphabet_soup_s33_w0_10_s20d_clean_seed0_job330024,alphabet_soup,33,52,0,1,1,0,3.3,1.5,1.0,0.5,0.0,0.3,0.02725,0.029093,-0.001843,1,1,1,-2.244e-05,,1,,1,0.019682,1,0.04145,6,1,
trace_alphabet_soup_s34_w0_10_s20d_clean_seed0_job330025,alphabet_soup,34,54,0,0,1,,3.3,1.5,1.0,0.5,0.0,0.3,0.020848,0.014367,0.006481,1,1,1,-0.00132875,,1,,1,0.027602,1,0.0749,9,1,
trace_alphabet_soup_s34_w0_10_s20d_clean_seed0_job330025,alphabet_soup,34,135,1,0,0,,3.3,1.5,1.0,0.5,0.0,0.3,0.007912,0.007027,0.000885,1,1,1,-0.00108629,81,1,,1,0.013783,1,0.0,0,1,no_sustained_vertical_lift_type=no_sustained_motion
trace_alphabet_soup_s34_w0_10_s20d_clean_seed0_job330025,alphabet_soup,34,139,2,0,1,,3.3,1.5,1.0,0.5,0.0,0.3,0.010333,0.00987,0.000463,1,1,1,-0.00082872,4,1,,1,0.013749,1,0.006125,3,1,
trace_alphabet_soup_s34_w0_10_s20d_clean_seed0_job330025,alphabet_soup,34,142,3,0,0,,3.3,1.5,1.0,0.5,0.0,0.3,0.004528,0.001917,0.002611,1,1,1,-0.00070226,3,1,,1,0.013734,1,0.001899,0,1,no_sustained_vertical_lift_type=no_sustained_motion
trace_alphabet_soup_s34_w0_10_s20d_clean_seed0_job330025,alphabet_soup,34,145,4,0,0,,3.8,1.5,1.0,0.5,0.5,0.3,0.00089,0.00328,-0.00239,1,1,1,-0.00059655,3,1,,1,0.013721,1,0.002133,0,1,no_sustained_vertical_lift_type=no_sustained_motion
trace_alphabet_soup_s34_w0_10_s20d_clean_seed0_job330025,alphabet_soup,34,147,5,0,0,,3.3,1.5,1.0,0.5,0.0,0.3,0.00184,0.000182,0.001658,1,1,1,-0.00054108,2,1,,1,0.013715,1,0.00112,0,1,no_sustained_vertical_lift_type=no_sustained_motion
trace_alphabet_soup_s34_w0_10_s20d_clean_seed0_job330025,alphabet_soup,34,151,6,0,0,,3.8,1.5,1.0,0.5,0.5,0.3,0.000748,0.004621,-0.003873,1,1,1,-0.00048999,4,1,,1,0.01371,1,0.002614,0,1,no_sustained_vertical_lift_type=no_sustained_motion
trace_alphabet_soup_s34_w0_10_s20d_clean_seed0_job330025,alphabet_soup,34,159,7,0,0,,3.3,1.5,1.0,0.5,0.0,0.3,0.006748,0.004251,0.002497,1,1,1,-0.00041422,8,1,,1,0.013704,1,0.0,0,1,no_sustained_vertical_lift_type=no_sustained_motion
trace_alphabet_soup_s34_w0_10_s20d_clean_seed0_job330025,alphabet_soup,34,166,8,0,0,,3.3,1.5,1.0,0.5,0.0,0.3,0.007483,0.005981,0.001502,1,1,1,-0.00030593,7,1,,1,0.013691,1,0.0,0,1,no_sustained_vertical_lift_type=no_sustained_motion
trace_alphabet_soup_s34_w0_10_s20d_clean_seed0_job330025,alphabet_soup,34,170,9,0,0,,3.8,1.5,1.0,0.5,0.5,0.3,0.004146,0.005307,-0.001161,1,1,1,-0.00022826,4,1,,1,0.013684,1,0.004574,0,1,no_sustained_vertical_lift_type=no_sustained_motion
trace_alphabet_soup_s34_w0_10_s20d_clean_seed0_job330025,alphabet_soup,34,175,10,0,0,,3.3,1.5,1.0,0.5,0.0,0.3,0.003628,0.001835,0.001793,1,1,1,-0.00019481,5,1,,1,0.013683,1,0.002279,0,1,no_sustained_vertical_lift_type=no_sustained_motion
trace_alphabet_soup_s34_w0_10_s20d_clean_seed0_job330025,alphabet_soup,34,182,11,0,0,,3.3,1.5,1.0,0.5,0.0,0.3,0.006729,0.006096,0.000633,1,1,1,-0.00014601,7,1,,1,0.013678,1,0.0,0,1,no_sustained_vertical_lift_type=no_sustained_motion
trace_alphabet_soup_s34_w0_10_s20d_clean_seed0_job330025,alphabet_soup,34,186,12,0,0,,3.8,1.5,1.0,0.5,0.5,0.3,0.003882,0.005349,-0.001467,1,1,1,-9.619e-05,4,1,,1,0.013675,1,0.000543,5,1,no_sustained_vertical_lift_type=sustained_horizontal_transport
trace_alphabet_soup_s34_w0_10_s20d_clean_seed0_job330025,alphabet_soup,34,190,13,0,0,,3.3,1.5,1.0,0.5,0.0,0.3,0.001411,0.001386,2.5e-05,1,1,1,-8.367e-05,4,1,,1,0.013676,1,0.0,6,1,no_sustained_vertical_lift_type=sustained_horizontal_transport
trace_alphabet_soup_s34_w0_10_s20d_clean_seed0_job330025,alphabet_soup,34,192,14,0,0,,3.3,1.5,1.0,0.5,0.0,0.3,0.002458,0.001138,0.00132,1,1,1,-7.748e-05,2,1,,1,0.013676,1,0.001025,7,1,no_sustained_vertical_lift_type=sustained_horizontal_transport
trace_alphabet_soup_s34_w0_10_s20d_clean_seed0_job330025,alphabet_soup,34,194,15,0,0,,3.8,1.5,1.0,0.5,0.5,0.3,0.003746,0.004977,-0.001231,1,1,1,-6.654e-05,2,1,,1,0.013675,1,0.002493,5,1,no_sustained_vertical_lift_type=sustained_horizontal_transport
trace_alphabet_soup_s34_w0_10_s20d_clean_seed0_job330025,alphabet_soup,34,198,16,0,0,,3.8,1.5,1.0,0.5,0.5,0.3,0.002475,0.002715,-0.00024,1,1,1,-5.636e-05,4,1,,1,0.013676,1,0.000958,2,1,no_sustained_vertical_lift_type=sustained_horizontal_transport
trace_alphabet_soup_s34_w0_10_s20d_clean_seed0_job330025,alphabet_soup,34,203,17,0,0,,3.8,1.5,1.0,0.5,0.5,0.3,0.004407,0.005894,-0.001487,1,1,1,-4.972e-05,5,1,,1,0.013678,1,0.003848,0,1,no_sustained_vertical_lift_type=no_sustained_motion
trace_alphabet_soup_s34_w0_10_s20d_clean_seed0_job330025,alphabet_soup,34,206,18,0,0,,3.3,1.5,1.0,0.5,0.0,0.3,0.002828,0.002067,0.000761,1,1,1,-4.544e-05,3,1,,1,0.01368,1,0.00161,0,1,no_sustained_vertical_lift_type=no_sustained_motion
trace_alphabet_soup_s34_w0_10_s20d_clean_seed0_job330025,alphabet_soup,34,210,19,0,0,,3.8,1.5,1.0,0.5,0.5,0.3,0.000638,0.001801,-0.001163,1,1,1,-3.747e-05,4,1,,1,0.01368,1,0.001158,0,1,no_sustained_vertical_lift_type=no_sustained_motion
trace_alphabet_soup_s34_w0_10_s20d_clean_seed0_job330025,alphabet_soup,34,215,20,0,0,,3.8,1.5,1.0,0.5,0.5,0.3,0.002699,0.004617,-0.001918,1,1,1,-2.908e-05,5,1,,1,0.013682,1,0.003808,0,1,no_sustained_vertical_lift_type=no_sustained_motion
trace_alphabet_soup_s34_w0_10_s20d_clean_seed0_job330025,alphabet_soup,34,217,21,0,0,,3.3,1.5,1.0,0.5,0.0,0.3,0.003249,0.000676,0.002573,1,1,1,-2.65e-05,2,1,,1,0.013683,1,0.003318,0,1,no_sustained_vertical_lift_type=no_sustained_motion
trace_alphabet_soup_s34_w0_10_s20d_clean_seed0_job330025,alphabet_soup,34,222,22,0,0,,3.8,1.5,1.0,0.5,0.5,0.3,0.001194,0.002126,-0.000932,1,1,1,-1.988e-05,5,1,,1,0.013685,1,0.002991,0,1,no_sustained_vertical_lift_type=no_sustained_motion
trace_alphabet_soup_s34_w0_10_s20d_clean_seed0_job330025,alphabet_soup,34,227,23,0,0,,3.3,1.5,1.0,0.5,0.0,0.3,0.001378,0.00107,0.000308,1,1,1,-1.398e-05,5,1,,1,0.013686,1,0.003683,0,1,no_sustained_vertical_lift_type=no_sustained_motion
trace_alphabet_soup_s34_w0_10_s20d_clean_seed0_job330025,alphabet_soup,34,230,24,0,0,,3.3,1.5,1.0,0.5,0.0,0.3,0.002575,0.001114,0.001461,1,1,1,-1.037e-05,3,1,,1,0.013688,1,0.001134,0,1,no_sustained_vertical_lift_type=no_sustained_motion
trace_alphabet_soup_s34_w0_10_s20d_clean_seed0_job330025,alphabet_soup,34,236,25,0,0,,3.3,1.5,1.0,0.5,0.0,0.3,0.002388,0.00212,0.000268,1,1,1,-3.28e-06,6,1,,1,0.01369,1,0.000862,0,1,no_sustained_vertical_lift_type=no_sustained_motion
trace_alphabet_soup_s34_w0_10_s20d_clean_seed0_job330025,alphabet_soup,34,239,26,0,0,,3.8,1.5,1.0,0.5,0.5,0.3,0.000565,0.002381,-0.001816,1,1,1,2.1e-07,3,1,,1,0.01369,1,0.002054,0,1,no_sustained_vertical_lift_type=no_sustained_motion
trace_alphabet_soup_s34_w0_10_s20d_clean_seed0_job330025,alphabet_soup,34,243,27,0,0,,3.8,1.5,1.0,0.5,0.5,0.3,0.001415,0.001573,-0.000158,1,1,1,4.67e-06,4,1,,1,0.013692,1,0.00335,0,1,no_sustained_vertical_lift_type=no_sustained_motion
trace_alphabet_soup_s34_w0_10_s20d_clean_seed0_job330025,alphabet_soup,34,247,28,0,0,,3.3,1.5,1.0,0.5,0.0,0.3,0.000414,0.000201,0.000213,1,1,1,8.97e-06,4,1,,1,0.013694,1,0.002542,0,1,no_sustained_vertical_lift_type=no_sustained_motion
trace_alphabet_soup_s34_w0_10_s20d_clean_seed0_job330025,alphabet_soup,34,249,29,0,0,,3.3,1.5,1.0,0.5,0.0,0.3,0.001743,0.000698,0.001045,1,1,1,1.091e-05,2,1,,1,0.013694,1,0.002798,0,1,no_sustained_vertical_lift_type=no_sustained_motion
trace_alphabet_soup_s34_w0_10_s20d_clean_seed0_job330025,alphabet_soup,34,253,30,0,0,,3.8,1.5,1.0,0.5,0.5,0.3,0.000757,0.001512,-0.000755,1,1,1,1.527e-05,4,1,,1,0.013695,1,0.001982,0,1,no_sustained_vertical_lift_type=no_sustained_motion
trace_alphabet_soup_s34_w0_10_s20d_clean_seed0_job330025,alphabet_soup,34,257,31,0,0,,3.8,1.5,1.0,0.5,0.5,0.3,0.000603,0.001655,-0.001052,1,1,1,1.874e-05,4,1,,1,0.013698,1,0.001544,0,1,no_sustained_vertical_lift_type=no_sustained_motion
trace_alphabet_soup_s34_w0_10_s20d_clean_seed0_job330025,alphabet_soup,34,262,32,0,0,,3.3,1.5,1.0,0.5,0.0,0.3,0.004075,0.002909,0.001166,1,1,1,2.281e-05,5,1,,1,0.013699,1,0.000573,0,1,no_sustained_vertical_lift_type=no_sustained_motion
trace_alphabet_soup_s34_w0_10_s20d_clean_seed0_job330025,alphabet_soup,34,267,33,0,0,,3.3,1.5,1.0,0.5,0.0,0.3,0.003379,0.003142,0.000237,1,1,1,2.46e-05,5,1,,1,0.0137,1,0.000459,0,1,no_sustained_vertical_lift_type=no_sustained_motion
trace_alphabet_soup_s34_w0_10_s20d_clean_seed0_job330025,alphabet_soup,34,272,34,0,0,,3.8,1.5,1.0,0.5,0.5,0.3,0.002772,0.003458,-0.000686,1,1,1,2.234e-05,5,1,,1,0.013703,1,0.0,0,1,no_sustained_vertical_lift_type=no_sustained_motion
trace_alphabet_soup_s34_w0_10_s20d_clean_seed0_job330025,alphabet_soup,34,277,35,0,0,,3.3,1.5,1.0,0.5,0.0,0.3,0.00472,0.001597,0.003123,1,1,1,1.963e-05,5,1,,1,0.013703,1,0.000328,0,1,no_sustained_vertical_lift_type=no_sustained_motion
trace_alphabet_soup_s35_w0_10_s20d_clean_seed0_job330026,alphabet_soup,35,82,0,1,1,0,3.3,1.5,1.0,0.5,0.0,0.3,0.031092,0.032325,-0.001233,1,1,1,-3.323e-05,,1,,1,0.028213,1,0.059394,7,1,
trace_alphabet_soup_s35_w0_10_s20d_clean_seed0_job330026,alphabet_soup,35,201,1,0,0,119,3.8,1.5,1.0,0.5,0.5,0.3,0.00127,0.001506,-0.000236,1,1,1,1.174e-05,119,1,,1,0.261017,1,0.0,0,1,eef_not_near_object_dist=0.2610
trace_alphabet_soup_s35_w0_10_s20d_clean_seed0_job330026,alphabet_soup,35,206,2,0,0,124,3.3,1.5,1.0,0.5,0.0,0.3,0.002579,0.002401,0.000178,1,1,1,-6.3e-06,5,1,,1,0.263541,1,0.0,0,1,eef_not_near_object_dist=0.2635
trace_alphabet_soup_s35_w0_10_s20d_clean_seed0_job330026,alphabet_soup,35,228,3,0,0,146,3.3,1.5,1.0,0.5,0.0,0.3,0.021592,0.026914,-0.005322,1,1,1,-9.382e-05,22,1,,1,0.332012,1,0.0,0,1,eef_not_near_object_dist=0.3320
trace_alphabet_soup_s35_w0_10_s20d_clean_seed0_job330026,alphabet_soup,35,230,4,0,0,148,3.3,1.5,1.0,0.5,0.0,0.3,0.011116,0.017064,-0.005948,1,1,1,-1.056e-05,2,1,,1,0.331462,1,0.0,0,1,eef_not_near_object_dist=0.3315
trace_alphabet_soup_s35_w0_10_s20d_clean_seed0_job330026,alphabet_soup,35,234,5,0,0,152,3.3,1.5,1.0,0.5,0.0,0.3,0.020604,0.021872,-0.001268,1,1,1,6.216e-05,4,1,,1,0.325948,1,0.0,0,1,eef_not_near_object_dist=0.3259
trace_alphabet_soup_s35_w0_10_s20d_clean_seed0_job330026,alphabet_soup,35,237,6,0,0,155,3.3,1.5,1.0,0.5,0.0,0.3,0.017114,0.016092,0.001022,1,1,1,0.00010069,3,1,,1,0.322098,1,0.0,0,1,eef_not_near_object_dist=0.3221
trace_alphabet_soup_s35_w0_10_s20d_clean_seed0_job330026,alphabet_soup,35,241,7,0,0,159,3.3,1.5,1.0,0.5,0.0,0.3,0.023476,0.023008,0.000468,1,1,1,0.00017063,4,1,,1,0.313991,1,0.0,0,1,eef_not_near_object_dist=0.3140
trace_alphabet_soup_s35_w0_10_s20d_clean_seed0_job330026,alphabet_soup,35,243,8,0,0,161,3.8,1.5,1.0,0.5,0.5,0.3,0.007396,0.017218,-0.009822,1,1,1,-3.136e-05,2,1,,1,0.314998,1,0.0,0,1,eef_not_near_object_dist=0.3150
trace_alphabet_soup_s35_w0_10_s20d_clean_seed0_job330026,alphabet_soup,35,246,9,0,0,164,3.3,1.5,1.0,0.5,0.0,0.3,0.015034,0.011735,0.003299,1,1,1,8.489e-05,3,1,,1,0.312815,1,0.0,0,1,eef_not_near_object_dist=0.3128
trace_alphabet_soup_s35_w0_10_s20d_clean_seed0_job330026,alphabet_soup,35,250,10,0,0,168,3.3,1.5,1.0,0.5,0.0,0.3,0.015131,0.018691,-0.00356,1,1,1,6.11e-06,4,1,,1,0.309704,1,0.0,0,1,eef_not_near_object_dist=0.3097
trace_alphabet_soup_s35_w0_10_s20d_clean_seed0_job330026,alphabet_soup,35,252,11,0,0,170,3.3,1.5,1.0,0.5,0.0,0.3,0.010584,0.011943,-0.001359,1,1,1,5.877e-05,2,1,,1,0.308453,1,0.0,0,1,eef_not_near_object_dist=0.3085
trace_alphabet_soup_s35_w0_10_s20d_clean_seed0_job330026,alphabet_soup,35,270,12,0,0,188,3.3,1.5,1.0,0.5,0.0,0.3,0.018079,0.022333,-0.004254,1,1,1,0.00015631,18,1,,1,0.287558,1,0.0,0,1,eef_not_near_object_dist=0.2876
trace_alphabet_soup_s36_w0_10_s20d_clean_seed0_job330027,alphabet_soup,36,49,0,1,1,0,3.3,1.5,1.0,0.5,0.0,0.3,0.032582,0.034263,-0.001681,1,1,1,-2.862e-05,,1,,1,0.019016,1,0.0318,6,1,
trace_alphabet_soup_s37_w0_10_s20d_clean_seed0_job330028,alphabet_soup,37,50,0,1,1,0,3.3,1.5,1.0,0.5,0.0,0.3,0.028639,0.030903,-0.002264,1,1,1,-4.244e-05,,1,,1,0.023588,1,0.062769,9,1,
trace_alphabet_soup_s37_w0_10_s20d_clean_seed0_job330028,alphabet_soup,37,114,1,0,0,64,3.3,1.5,1.0,0.5,0.0,0.3,0.026267,0.031749,-0.005482,1,1,1,9.689e-05,64,1,,1,0.262735,1,0.0,0,1,eef_not_near_object_dist=0.2627
trace_alphabet_soup_s38_w0_10_s20d_clean_seed0_job330029,alphabet_soup,38,52,0,0,0,-112,3.3,1.5,1.0,0.5,0.0,0.3,0.031759,0.031589,0.00017,1,1,1,-2.15e-06,,1,,1,0.038826,1,0.001211,0,1,no_sustained_vertical_lift_type=no_sustained_motion
trace_alphabet_soup_s38_w0_10_s20d_clean_seed0_job330029,alphabet_soup,38,55,1,0,0,-109,3.3,1.5,1.0,0.5,0.0,0.3,0.022663,0.026147,-0.003484,1,1,1,6.669e-05,3,1,,1,0.028656,1,0.001211,0,0,no_sustained_vertical_lift_type=no_sustained_motion
trace_alphabet_soup_s38_w0_10_s20d_clean_seed0_job330029,alphabet_soup,38,75,2,0,0,-89,3.3,1.5,1.0,0.5,0.0,0.3,0.015922,0.024432,-0.00851,1,1,1,2.133e-05,20,1,,1,0.122389,1,0.0,0,1,eef_not_near_object_dist=0.1224
trace_alphabet_soup_s38_w0_10_s20d_clean_seed0_job330029,alphabet_soup,38,78,3,0,0,-86,3.3,1.5,1.0,0.5,0.0,0.3,0.009884,0.00746,0.002424,1,1,1,-3.9e-06,3,1,,1,0.132036,1,0.0,0,1,eef_not_near_object_dist=0.1320
trace_alphabet_soup_s38_w0_10_s20d_clean_seed0_job330029,alphabet_soup,38,85,4,0,0,-79,3.3,1.5,1.0,0.5,0.0,0.3,0.0134,0.007419,0.005981,1,1,1,1.209e-05,7,1,,1,0.122898,1,0.0,0,1,eef_not_near_object_dist=0.1229
trace_alphabet_soup_s38_w0_10_s20d_clean_seed0_job330029,alphabet_soup,38,89,5,0,0,-75,3.8,1.5,1.0,0.5,0.5,0.3,0.004207,0.009839,-0.005632,1,1,1,1.826e-05,4,1,,1,0.126452,1,0.0,0,1,eef_not_near_object_dist=0.1265
trace_alphabet_soup_s38_w0_10_s20d_clean_seed0_job330029,alphabet_soup,38,95,6,0,0,-69,3.3,1.5,1.0,0.5,0.0,0.3,0.012259,0.00131,0.010949,1,1,1,1.345e-05,6,1,,1,0.124965,1,0.0,0,1,eef_not_near_object_dist=0.1250
trace_alphabet_soup_s38_w0_10_s20d_clean_seed0_job330029,alphabet_soup,38,99,7,0,0,-65,3.3,1.5,1.0,0.5,0.0,0.3,0.016343,0.01275,0.003593,1,1,1,2.861e-05,4,1,,1,0.139584,1,0.0,0,1,eef_not_near_object_dist=0.1396
trace_alphabet_soup_s38_w0_10_s20d_clean_seed0_job330029,alphabet_soup,38,102,8,0,0,-62,3.8,1.5,1.0,0.5,0.5,0.3,0.007336,0.008824,-0.001488,1,1,1,1.115e-05,3,1,,1,0.146503,1,0.0,0,1,eef_not_near_object_dist=0.1465
trace_alphabet_soup_s38_w0_10_s20d_clean_seed0_job330029,alphabet_soup,38,105,9,0,0,-59,3.3,1.5,1.0,0.5,0.0,0.3,0.012893,0.007518,0.005375,1,1,1,3.178e-05,3,1,,1,0.158941,1,0.0,0,1,eef_not_near_object_dist=0.1589
trace_alphabet_soup_s38_w0_10_s20d_clean_seed0_job330029,alphabet_soup,38,112,10,0,0,-52,3.3,1.5,1.0,0.5,0.0,0.3,0.01833,0.030035,-0.011705,1,1,1,-4.79e-06,7,1,,1,0.20908,1,0.0,0,1,eef_not_near_object_dist=0.2091
trace_alphabet_soup_s38_w0_10_s20d_clean_seed0_job330029,alphabet_soup,38,119,11,0,0,-45,3.3,1.5,1.0,0.5,0.0,0.3,0.017876,0.028804,-0.010928,1,1,1,-7.16e-05,7,1,,1,0.242182,1,0.0,0,1,eef_not_near_object_dist=0.2422
trace_alphabet_soup_s38_w0_10_s20d_clean_seed0_job330029,alphabet_soup,38,126,12,0,0,-38,3.3,1.5,1.0,0.5,0.0,0.3,0.016825,0.009924,0.006901,1,1,1,-0.00013254,7,1,,1,0.257175,1,0.0,0,1,eef_not_near_object_dist=0.2572
trace_alphabet_soup_s38_w0_10_s20d_clean_seed0_job330029,alphabet_soup,38,164,13,1,1,0,3.3,1.5,1.0,0.5,0.0,0.3,0.037092,0.037287,-0.000195,1,1,1,-0.00041547,38,1,,1,0.041776,1,0.093497,9,1,
trace_alphabet_soup_s38_w0_10_s20d_clean_seed0_job330029,alphabet_soup,38,243,14,0,0,79,3.8,1.5,1.0,0.5,0.5,0.3,0.003886,0.007047,-0.003161,1,1,1,-0.00238636,79,1,,1,0.033545,1,0.0,0,1,no_sustained_vertical_lift_type=no_sustained_motion
trace_alphabet_soup_s39_w0_10_s20d_clean_seed0_job330030,alphabet_soup,39,64,0,1,1,0,3.3,1.5,1.0,0.5,0.0,0.3,0.030334,0.030499,-0.000165,1,1,1,-0.00011176,,1,,1,0.035579,1,0.062375,8,1,
trace_alphabet_soup_s39_w0_10_s20d_clean_seed0_job330030,alphabet_soup,39,149,1,0,0,85,3.3,1.5,1.0,0.5,0.0,0.3,0.00487,0.00442,0.00045,1,1,1,-0.00294281,85,1,,1,0.017223,1,0.000529,0,1,no_sustained_vertical_lift_type=no_sustained_motion
trace_alphabet_soup_s39_w0_10_s20d_clean_seed0_job330030,alphabet_soup,39,154,2,0,0,90,3.8,1.5,1.0,0.5,0.5,0.3,0.001247,0.003117,-0.00187,1,1,1,-0.00176432,5,1,,1,0.017055,1,0.000255,0,1,no_sustained_vertical_lift_type=no_sustained_motion
trace_alphabet_soup_s40_w0_10_s20d_clean_seed0_job330031,alphabet_soup,40,51,0,0,1,,3.3,1.5,1.0,0.5,0.0,0.3,0.01202,0.015858,-0.003838,1,1,1,-0.0069524,,1,,1,0.039984,1,0.009677,2,0,
trace_alphabet_soup_s40_w0_10_s20d_clean_seed0_job330031,alphabet_soup,40,56,1,0,0,,3.3,1.5,1.0,0.5,0.0,0.3,0.017352,0.022682,-0.00533,1,1,1,-0.00078057,5,1,,1,0.068021,1,4.6e-05,0,0,no_sustained_vertical_lift_type=no_sustained_motion
trace_alphabet_soup_s40_w0_10_s20d_clean_seed0_job330031,alphabet_soup,40,68,2,0,0,,3.3,1.5,1.0,0.5,0.0,0.3,0.017024,0.022722,-0.005698,1,1,1,-6.078e-05,12,1,,1,0.145144,1,0.0,0,1,eef_not_near_object_dist=0.1451
trace_alphabet_soup_s40_w0_10_s20d_clean_seed0_job330031,alphabet_soup,40,70,3,0,0,,3.8,1.5,1.0,0.5,0.5,0.3,0.002955,0.010117,-0.007162,1,1,1,-5.863e-05,2,1,,1,0.144303,1,0.0,0,1,eef_not_near_object_dist=0.1443
trace_alphabet_soup_s40_w0_10_s20d_clean_seed0_job330031,alphabet_soup,40,86,4,0,1,,3.3,1.5,1.0,0.5,0.0,0.3,0.031951,0.032304,-0.000353,1,1,1,-8.065e-05,16,1,,1,0.029763,1,0.112417,11,1,
trace_alphabet_soup_s40_w0_10_s20d_clean_seed0_job330031,alphabet_soup,40,161,5,0,0,,3.3,1.5,1.0,0.5,0.0,0.3,0.022795,0.027064,-0.004269,1,1,1,2.916e-05,75,1,,1,0.03126,1,0.0,2,1,no_sustained_vertical_lift_type=sustained_horizontal_transport
trace_alphabet_soup_s40_w0_10_s20d_clean_seed0_job330031,alphabet_soup,40,164,6,0,0,,3.8,1.5,1.0,0.5,0.5,0.3,0.008606,0.012452,-0.003846,1,1,1,1.284e-05,3,1,,1,0.031283,1,0.0,0,1,no_sustained_vertical_lift_type=no_sustained_motion
trace_alphabet_soup_s41_w0_10_s20d_clean_seed0_job330032,alphabet_soup,41,16,0,0,0,-48,3.3,1.5,1.0,0.5,0.0,0.3,0.011746,0.010876,0.00087,1,1,1,-4.249e-05,,1,,1,0.316513,1,0.0,0,1,eef_not_near_object_dist=0.3165
trace_alphabet_soup_s41_w0_10_s20d_clean_seed0_job330032,alphabet_soup,41,64,1,1,1,0,3.3,1.5,1.0,0.5,0.0,0.3,0.015598,0.017423,-0.001825,1,1,1,-0.00012881,48,1,,1,0.04153,1,0.089001,9,1,
trace_alphabet_soup_s42_w0_10_s20d_clean_seed0_job330033,alphabet_soup,42,42,0,0,0,-40,3.3,1.5,1.0,0.5,0.0,0.3,0.012377,0.013985,-0.001608,1,1,1,-0.00596849,,1,,1,0.038949,1,0.00278,3,0,no_sustained_vertical_lift_type=sustained_horizontal_transport
trace_alphabet_soup_s42_w0_10_s20d_clean_seed0_job330033,alphabet_soup,42,59,1,0,0,-23,3.8,1.5,1.0,0.5,0.5,0.3,0.003526,0.014325,-0.010799,1,1,1,-4.153e-05,17,1,,1,0.133867,1,0.0,0,1,eef_not_near_object_dist=0.1339
trace_alphabet_soup_s42_w0_10_s20d_clean_seed0_job330033,alphabet_soup,42,82,2,1,1,0,3.3,1.5,1.0,0.5,0.0,0.3,0.022365,0.020845,0.00152,1,1,1,-6.409e-05,23,1,,1,0.027019,1,0.083663,8,1,
trace_alphabet_soup_s42_w0_10_s20d_clean_seed0_job330033,alphabet_soup,42,159,3,0,0,77,3.3,1.5,1.0,0.5,0.0,0.3,0.015931,0.021275,-0.005344,1,1,1,-3.06e-06,77,1,,1,0.275647,1,0.0,0,1,eef_not_near_object_dist=0.2756
trace_alphabet_soup_s42_w0_10_s20d_clean_seed0_job330033,alphabet_soup,42,167,4,0,0,85,3.3,1.5,1.0,0.5,0.0,0.3,0.009365,0.008574,0.000791,1,1,1,-0.00013713,8,1,,1,0.272539,1,0.0,0,1,eef_not_near_object_dist=0.2725
trace_alphabet_soup_s42_w0_10_s20d_clean_seed0_job330033,alphabet_soup,42,172,5,0,0,90,3.3,1.5,1.0,0.5,0.0,0.3,0.010546,0.015963,-0.005417,1,1,1,-0.00010619,5,1,,1,0.265476,1,0.0,0,1,eef_not_near_object_dist=0.2655
trace_alphabet_soup_s43_w0_10_s20d_clean_seed0_job330034,alphabet_soup,43,53,0,1,1,0,3.3,1.5,1.0,0.5,0.0,0.3,0.017443,0.018811,-0.001368,1,1,1,0.00027343,,1,,1,0.030689,1,0.069065,8,1,
trace_alphabet_soup_s43_w0_10_s20d_clean_seed0_job330034,alphabet_soup,43,138,1,0,0,85,3.8,1.5,1.0,0.5,0.5,0.3,0.001742,0.002491,-0.000749,1,1,1,0.0026483,85,1,,1,0.026927,1,0.0,0,1,no_sustained_vertical_lift_type=no_sustained_motion
trace_alphabet_soup_s43_w0_10_s20d_clean_seed0_job330034,alphabet_soup,43,141,2,0,0,88,3.8,1.5,1.0,0.5,0.5,0.3,0.001956,0.003174,-0.001218,1,1,1,0.00193849,3,1,,1,0.026969,1,0.000539,0,1,no_sustained_vertical_lift_type=no_sustained_motion
trace_alphabet_soup_s43_w0_10_s20d_clean_seed0_job330034,alphabet_soup,43,146,3,0,0,93,3.8,1.5,1.0,0.5,0.5,0.3,0.001391,0.00391,-0.002519,1,1,1,0.00115902,5,1,,1,0.027014,1,0.002656,0,1,no_sustained_vertical_lift_type=no_sustained_motion
trace_alphabet_soup_s43_w0_10_s20d_clean_seed0_job330034,alphabet_soup,43,149,4,0,0,96,3.3,1.5,1.0,0.5,0.0,0.3,0.0017,0.000613,0.001087,1,1,1,0.00083057,3,1,,1,0.027045,1,0.001073,0,1,no_sustained_vertical_lift_type=no_sustained_motion
trace_alphabet_soup_s43_w0_10_s20d_clean_seed0_job330034,alphabet_soup,43,151,5,0,0,98,3.8,1.5,1.0,0.5,0.5,0.3,0.003111,0.003533,-0.000422,1,1,1,0.0006089,2,1,,1,0.027048,1,0.00036,0,1,no_sustained_vertical_lift_type=no_sustained_motion
trace_alphabet_soup_s44_w0_10_s20d_clean_seed0_job330035,alphabet_soup,44,85,0,0,1,,3.3,1.5,1.0,0.5,0.0,0.3,0.030236,0.031895,-0.001659,1,1,1,-4.97e-05,,1,,1,0.015084,1,0.054733,6,1,
trace_alphabet_soup_s44_w0_10_s20d_clean_seed0_job330035,alphabet_soup,44,166,1,0,0,,3.3,1.5,1.0,0.0,0.5,0.3,0.002647,0.004351,-0.001704,1,1,1,0.00554357,81,1,,1,0.015033,1,0.000585,7,1,no_sustained_vertical_lift_type=sustained_horizontal_transport
trace_alphabet_soup_s44_w0_10_s20d_clean_seed0_job330035,alphabet_soup,44,175,2,0,1,,3.3,1.5,1.0,0.0,0.5,0.3,0.001696,0.00205,-0.000354,1,1,1,0.00551154,9,1,,1,0.015055,1,0.012659,4,1,
trace_alphabet_soup_s44_w0_10_s20d_clean_seed0_job330035,alphabet_soup,44,177,3,0,1,,2.8,1.5,1.0,0.0,0.0,0.3,0.001489,0.001421,6.8e-05,1,1,1,0.0055065,2,1,,1,0.015059,1,0.011338,5,1,
trace_alphabet_soup_s44_w0_10_s20d_clean_seed0_job330035,alphabet_soup,44,181,4,0,1,,2.8,1.5,1.0,0.0,0.0,0.3,0.001957,0.001896,6.1e-05,1,1,1,0.0054974,4,1,,1,0.01507,1,0.008962,3,1,
trace_alphabet_soup_s44_w0_10_s20d_clean_seed0_job330035,alphabet_soup,44,189,5,0,0,,3.3,1.5,1.0,0.5,0.0,0.3,0.007492,0.006019,0.001473,1,1,1,0.00420402,8,1,,1,0.015142,1,0.0,0,1,no_sustained_vertical_lift_type=no_sustained_motion
trace_alphabet_soup_s44_w0_10_s20d_clean_seed0_job330035,alphabet_soup,44,193,6,0,0,,3.8,1.5,1.0,0.5,0.5,0.3,0.002587,0.003185,-0.000598,1,1,1,0.00232258,4,1,,1,0.015271,1,0.0,0,1,no_sustained_vertical_lift_type=no_sustained_motion
trace_alphabet_soup_s45_w0_10_s20d_clean_seed0_job330036,alphabet_soup,45,84,0,0,1,,3.8,1.5,1.0,0.5,0.5,0.3,0.008819,0.009685,-0.000866,1,1,1,-0.02457648,,1,,1,0.044793,1,0.04225,13,1,
trace_alphabet_soup_s45_w0_10_s20d_clean_seed0_job330036,alphabet_soup,45,99,1,0,0,,3.8,1.5,1.0,0.5,0.5,0.3,0.009481,0.012769,-0.003288,1,1,1,-0.00208005,15,1,,1,0.047005,1,0.0,0,0,no_sustained_vertical_lift_type=no_sustained_motion
trace_alphabet_soup_s45_w0_10_s20d_clean_seed0_job330036,alphabet_soup,45,102,2,0,0,,3.8,1.5,1.0,0.5,0.5,0.3,0.009714,0.009756,-4.2e-05,1,1,1,-0.0006753,3,1,,1,0.079039,1,0.0,0,0,no_sustained_vertical_lift_type=no_sustained_motion
trace_alphabet_soup_s45_w0_10_s20d_clean_seed0_job330036,alphabet_soup,45,116,3,0,0,,3.3,1.5,1.0,0.5,0.0,0.3,0.024583,0.014232,0.010351,1,1,1,2.234e-05,14,1,,1,0.117436,1,0.0,0,1,eef_not_near_object_dist=0.1174
trace_alphabet_soup_s45_w0_10_s20d_clean_seed0_job330036,alphabet_soup,45,127,4,0,1,,3.3,1.5,1.0,0.5,0.0,0.3,0.02742,0.026176,0.001244,1,1,1,1.743e-05,11,1,,1,0.04777,1,0.040104,6,1,
trace_alphabet_soup_s45_w0_10_s20d_clean_seed0_job330036,alphabet_soup,45,130,5,0,1,,3.3,1.5,1.0,0.5,0.0,0.3,0.021053,0.022358,-0.001305,1,1,1,4.4e-05,3,1,,1,0.034986,1,0.069736,9,1,
trace_alphabet_soup_s46_w0_10_s20d_clean_seed0_job330037,alphabet_soup,46,45,0,0,0,,3.3,1.5,1.0,0.5,0.0,0.3,0.018264,0.022593,-0.004329,1,1,1,0.00050767,,1,,1,0.034513,1,0.002917,0,0,no_sustained_vertical_lift_type=no_sustained_motion
trace_alphabet_soup_s46_w0_10_s20d_clean_seed0_job330037,alphabet_soup,46,52,1,0,0,,3.3,1.5,1.0,0.5,0.0,0.3,0.012443,0.019467,-0.007024,1,1,1,0.00010412,7,1,,1,0.067822,1,0.0,0,0,no_sustained_vertical_lift_type=no_sustained_motion
trace_alphabet_soup_s46_w0_10_s20d_clean_seed0_job330037,alphabet_soup,46,55,2,0,0,,3.8,1.5,1.0,0.5,0.5,0.3,0.005948,0.007315,-0.001367,1,1,1,1.377e-05,3,1,,1,0.073634,1,0.0,0,0,no_sustained_vertical_lift_type=no_sustained_motion
trace_alphabet_soup_s46_w0_10_s20d_clean_seed0_job330037,alphabet_soup,46,67,3,0,0,,3.3,1.5,1.0,0.5,0.0,0.3,0.01063,0.004481,0.006149,1,1,1,-5.331e-05,12,1,,1,0.127928,1,0.0,0,1,eef_not_near_object_dist=0.1279
trace_alphabet_soup_s46_w0_10_s20d_clean_seed0_job330037,alphabet_soup,46,76,4,0,0,,3.3,1.5,1.0,0.5,0.0,0.3,0.025784,0.02264,0.003144,1,1,1,-3.809e-05,9,1,,1,0.073349,1,0.0,0,1,no_sustained_vertical_lift_type=no_sustained_motion
trace_alphabet_soup_s46_w0_10_s20d_clean_seed0_job330037,alphabet_soup,46,106,5,0,0,,3.8,1.5,1.0,0.5,0.5,0.3,0.00234,0.002528,-0.000188,1,1,1,-0.0010483,30,1,,1,0.042953,1,0.001608,3,1,no_sustained_vertical_lift_type=sustained_horizontal_transport
trace_alphabet_soup_s46_w0_10_s20d_clean_seed0_job330037,alphabet_soup,46,111,6,0,0,,3.8,1.5,1.0,0.5,0.5,0.3,0.001171,0.001254,-8.3e-05,1,1,1,-0.00159626,5,1,,1,0.042009,1,0.000943,5,1,no_sustained_vertical_lift_type=sustained_horizontal_transport
trace_alphabet_soup_s46_w0_10_s20d_clean_seed0_job330037,alphabet_soup,46,114,7,0,0,,3.8,1.5,1.0,0.5,0.5,0.3,0.000868,0.000964,-9.6e-05,1,1,1,-0.00208755,3,1,,1,0.041006,1,0.000771,4,1,no_sustained_vertical_lift_type=sustained_horizontal_transport
trace_alphabet_soup_s46_w0_10_s20d_clean_seed0_job330037,alphabet_soup,46,118,8,0,0,,3.3,1.5,1.0,0.5,0.0,0.3,0.001652,0.001075,0.000577,1,1,1,-0.00189009,4,1,,1,0.0405,1,0.000935,0,1,no_sustained_vertical_lift_type=no_sustained_motion
trace_alphabet_soup_s46_w0_10_s20d_clean_seed0_job330037,alphabet_soup,46,124,9,0,0,,3.8,1.5,1.0,0.5,0.5,0.3,0.001446,0.001616,-0.00017,1,1,1,-0.00169473,6,1,,1,0.040819,1,0.004768,4,1,no_sustained_vertical_lift_type=sustained_horizontal_transport
trace_alphabet_soup_s46_w0_10_s20d_clean_seed0_job330037,alphabet_soup,46,138,10,0,0,,3.3,1.5,1.0,0.5,0.0,0.3,0.017037,0.015149,0.001888,1,1,1,-0.00114592,14,1,,1,0.046606,1,0.001529,13,1,no_sustained_vertical_lift_type=sustained_horizontal_transport
trace_alphabet_soup_s46_w0_10_s20d_clean_seed0_job330037,alphabet_soup,46,162,11,0,0,,3.3,1.5,1.0,0.5,0.0,0.3,0.016057,0.017513,-0.001456,1,1,1,0.0001038,24,1,,1,0.080864,1,0.0,0,1,eef_not_near_object_dist=0.0809
trace_alphabet_soup_s46_w0_10_s20d_clean_seed0_job330037,alphabet_soup,46,167,12,0,0,,3.8,1.5,1.0,0.5,0.5,0.3,0.004055,0.006195,-0.00214,1,1,1,9.288e-05,5,1,,1,0.084099,1,0.0,0,1,eef_not_near_object_dist=0.0841
trace_alphabet_soup_s46_w0_10_s20d_clean_seed0_job330037,alphabet_soup,46,174,13,0,0,,3.3,1.5,1.0,0.5,0.0,0.3,0.006102,0.002746,0.003356,1,1,1,8.466e-05,7,1,,1,0.084517,1,0.0,0,1,eef_not_near_object_dist=0.0845
trace_alphabet_soup_s46_w0_10_s20d_clean_seed0_job330037,alphabet_soup,46,186,14,0,0,,3.3,1.5,1.0,0.5,0.0,0.3,0.021869,0.0193,0.002569,1,1,1,-0.00048291,12,1,,1,0.044647,1,0.0,0,1,no_sustained_vertical_lift_type=no_sustained_motion
trace_alphabet_soup_s46_w0_10_s20d_clean_seed0_job330037,alphabet_soup,46,193,15,0,0,,3.3,1.5,1.0,0.5,0.0,0.3,0.002834,0.00252,0.000314,1,1,1,-0.00222059,7,1,,1,0.041149,1,0.001416,0,1,no_sustained_vertical_lift_type=no_sustained_motion
trace_alphabet_soup_s46_w0_10_s20d_clean_seed0_job330037,alphabet_soup,46,215,16,0,0,,3.3,1.5,1.0,0.5,0.0,0.3,0.004636,0.004014,0.000622,1,1,1,-0.00149167,22,1,,1,0.043439,1,0.002682,7,1,no_sustained_vertical_lift_type=sustained_horizontal_transport
trace_alphabet_soup_s46_w0_10_s20d_clean_seed0_job330037,alphabet_soup,46,217,17,0,0,,3.3,1.5,1.0,0.5,0.0,0.3,0.005948,0.005734,0.000214,1,1,1,-0.00176783,2,1,,1,0.045563,1,0.001679,4,1,no_sustained_vertical_lift_type=sustained_horizontal_transport
trace_alphabet_soup_s46_w0_10_s20d_clean_seed0_job330037,alphabet_soup,46,228,18,0,0,,3.3,1.5,1.0,0.5,0.0,0.3,0.004991,0.004373,0.000618,1,1,1,-0.00140629,11,1,,1,0.049795,1,0.002289,0,1,no_sustained_vertical_lift_type=no_sustained_motion
trace_alphabet_soup_s46_w0_10_s20d_clean_seed0_job330037,alphabet_soup,46,232,19,0,0,,3.3,1.5,1.0,0.5,0.0,0.3,0.005827,0.004534,0.001293,1,1,1,-0.00166975,4,1,,1,0.051678,1,0.00194,0,1,no_sustained_vertical_lift_type=no_sustained_motion
trace_alphabet_soup_s46_w0_10_s20d_clean_seed0_job330037,alphabet_soup,46,236,20,0,0,,3.3,1.5,1.0,0.5,0.0,0.3,0.005434,0.002449,0.002985,1,1,1,-0.00182661,4,1,,1,0.053343,1,0.00201,0,1,no_sustained_vertical_lift_type=no_sustained_motion
trace_alphabet_soup_s46_w0_10_s20d_clean_seed0_job330037,alphabet_soup,46,239,21,0,0,,3.8,1.5,1.0,0.5,0.5,0.3,0.003729,0.004518,-0.000789,1,1,1,-0.00164114,3,1,,1,0.055197,1,0.001199,0,1,no_sustained_vertical_lift_type=no_sustained_motion
trace_alphabet_soup_s46_w0_10_s20d_clean_seed0_job330037,alphabet_soup,46,243,22,0,0,,3.3,1.5,1.0,0.5,0.0,0.3,0.003894,0.003813,8.1e-05,1,1,1,-0.00124976,4,1,,1,0.057885,1,0.0,0,1,no_sustained_vertical_lift_type=no_sustained_motion
trace_alphabet_soup_s46_w0_10_s20d_clean_seed0_job330037,alphabet_soup,46,249,23,0,0,,3.8,1.5,1.0,0.5,0.5,0.3,0.00133,0.00414,-0.00281,1,1,1,0.00024346,6,1,,1,0.059147,1,0.000305,0,1,no_sustained_vertical_lift_type=no_sustained_motion
trace_alphabet_soup_s46_w0_10_s20d_clean_seed0_job330037,alphabet_soup,46,252,24,0,0,,3.8,1.5,1.0,0.5,0.5,0.3,0.001889,0.003512,-0.001623,1,1,1,0.00030276,3,1,,1,0.057513,1,0.000305,0,1,no_sustained_vertical_lift_type=no_sustained_motion
trace_alphabet_soup_s46_w0_10_s20d_clean_seed0_job330037,alphabet_soup,46,255,25,0,0,,3.3,1.5,1.0,0.5,0.0,0.3,0.001709,0.000373,0.001336,1,1,1,0.00028836,3,1,,1,0.057243,1,0.000305,0,1,no_sustained_vertical_lift_type=no_sustained_motion
trace_alphabet_soup_s46_w0_10_s20d_clean_seed0_job330037,alphabet_soup,46,261,26,0,0,,3.8,1.5,1.0,0.5,0.5,0.3,0.004007,0.00405,-4.3e-05,1,1,1,-0.00233842,6,1,,1,0.056501,1,0.000349,0,1,no_sustained_vertical_lift_type=no_sustained_motion
trace_alphabet_soup_s46_w0_10_s20d_clean_seed0_job330037,alphabet_soup,46,263,27,0,0,,3.3,1.5,1.0,0.5,0.0,0.3,0.011824,0.007461,0.004363,1,1,1,-0.00097043,2,1,,1,0.065152,1,3.2e-05,0,1,no_sustained_vertical_lift_type=no_sustained_motion
trace_alphabet_soup_s46_w0_10_s20d_clean_seed0_job330037,alphabet_soup,46,272,28,0,0,,3.3,1.5,1.0,0.5,0.0,0.3,0.015351,0.00713,0.008221,1,1,1,0.00029285,9,1,,1,0.057778,1,0.000562,0,1,no_sustained_vertical_lift_type=no_sustained_motion
trace_alphabet_soup_s46_w0_10_s20d_clean_seed0_job330037,alphabet_soup,46,275,29,0,0,,3.8,1.5,1.0,0.5,0.5,0.3,0.002982,0.009622,-0.00664,1,1,1,0.00028245,3,1,,1,0.057229,1,0.000562,0,1,no_sustained_vertical_lift_type=no_sustained_motion
trace_alphabet_soup_s46_w0_10_s20d_clean_seed0_job330037,alphabet_soup,46,278,30,0,0,,3.3,1.5,1.0,0.5,0.0,0.3,0.005198,0.003958,0.00124,1,1,1,-0.00045366,3,1,,1,0.053424,1,0.0,0,1,no_sustained_vertical_lift_type=no_sustained_motion
trace_alphabet_soup_s47_w0_10_s20d_clean_seed0_job330038,alphabet_soup,47,53,0,1,1,0,3.3,1.5,1.0,0.5,0.0,0.3,0.01061,0.019082,-0.008472,1,1,1,0.00010806,,1,,1,0.032622,1,0.027964,6,1,
trace_alphabet_soup_s47_w0_10_s20d_clean_seed0_job330038,alphabet_soup,47,131,1,0,0,78,3.3,1.5,1.0,0.5,0.0,0.3,0.024505,0.024708,-0.000203,1,1,1,0.00014813,78,1,,1,0.385503,1,0.0,0,1,eef_not_near_object_dist=0.3855
trace_alphabet_soup_s48_w0_10_s20d_clean_seed0_job330039,alphabet_soup,48,60,0,0,1,,3.3,1.5,1.0,0.5,0.0,0.3,0.028148,0.027737,0.000411,1,1,1,1.605e-05,,1,,1,0.022449,1,0.057312,7,1,
trace_alphabet_soup_s48_w0_10_s20d_clean_seed0_job330039,alphabet_soup,48,143,1,0,0,,3.8,1.5,1.0,0.5,0.5,0.3,0.006952,0.012807,-0.005855,1,1,1,0.00316977,83,1,,1,0.011363,1,0.005162,0,1,no_sustained_vertical_lift_type=no_sustained_motion
trace_alphabet_soup_s48_w0_10_s20d_clean_seed0_job330039,alphabet_soup,48,150,2,0,1,,3.3,1.5,1.0,0.5,0.0,0.3,0.004011,0.000432,0.003579,1,1,1,0.0032081,7,1,,1,0.011382,1,0.010056,3,1,
trace_alphabet_soup_s48_w0_10_s20d_clean_seed0_job330039,alphabet_soup,48,156,3,0,1,,3.3,1.5,1.0,0.5,0.0,0.3,0.003522,0.001782,0.00174,1,1,1,0.00300122,6,1,,1,0.011406,1,0.010114,4,1,
trace_alphabet_soup_s48_w0_10_s20d_clean_seed0_job330039,alphabet_soup,48,160,4,0,1,,3.3,1.5,1.0,0.5,0.0,0.3,0.00201,0.001385,0.000625,1,1,1,0.00269668,4,1,,1,0.011439,1,0.008555,6,1,
trace_alphabet_soup_s48_w0_10_s20d_clean_seed0_job330039,alphabet_soup,48,162,5,0,0,,3.3,1.5,1.0,0.5,0.0,0.3,0.004769,0.00296,0.001809,1,1,1,0.00270756,2,1,,1,0.011436,1,0.005027,0,1,no_sustained_vertical_lift_type=no_sustained_motion
trace_alphabet_soup_s48_w0_10_s20d_clean_seed0_job330039,alphabet_soup,48,164,6,0,0,,3.3,1.5,1.0,0.5,0.0,0.3,0.00548,0.005387,9.3e-05,1,1,1,0.00271846,2,1,,1,0.011434,1,0.003186,2,1,no_sustained_vertical_lift_type=sustained_horizontal_transport
trace_alphabet_soup_s48_w0_10_s20d_clean_seed0_job330039,alphabet_soup,48,168,7,0,1,,3.3,1.5,1.0,0.5,0.0,0.3,0.002543,0.002524,1.9e-05,1,1,1,0.00258691,4,1,,1,0.011454,1,0.006772,2,1,
trace_alphabet_soup_s48_w0_10_s20d_clean_seed0_job330039,alphabet_soup,48,170,8,0,0,,3.8,1.5,1.0,0.5,0.5,0.3,0.003598,0.005047,-0.001449,1,1,1,0.00232304,2,1,,1,0.011477,1,0.005417,0,1,no_sustained_vertical_lift_type=no_sustained_motion
trace_alphabet_soup_s48_w0_10_s20d_clean_seed0_job330039,alphabet_soup,48,174,9,0,1,,3.8,1.5,1.0,0.5,0.5,0.3,0.003161,0.003981,-0.00082,1,1,1,0.00199336,4,1,,1,0.011514,1,0.008434,2,1,
trace_alphabet_soup_s49_w0_10_s20d_clean_seed0_job330040,alphabet_soup,49,49,0,0,0,-55,3.3,1.5,1.0,0.5,0.0,0.3,0.012017,0.008598,0.003419,1,1,1,0.00051811,,1,,1,0.035274,1,0.001907,4,0,no_sustained_vertical_lift_type=sustained_horizontal_transport
trace_alphabet_soup_s49_w0_10_s20d_clean_seed0_job330040,alphabet_soup,49,56,1,0,0,-48,3.3,1.5,1.0,0.5,0.0,0.3,0.015713,0.020979,-0.005266,1,1,1,-4.498e-05,7,1,,1,0.085622,1,0.0,0,1,eef_not_near_object_dist=0.0856
trace_alphabet_soup_s49_w0_10_s20d_clean_seed0_job330040,alphabet_soup,49,63,2,0,0,-41,3.3,1.5,1.0,0.5,0.0,0.3,0.01444,0.015155,-0.000715,1,1,1,-0.00015057,7,1,,1,0.065359,1,0.0,0,0,no_sustained_vertical_lift_type=no_sustained_motion
trace_alphabet_soup_s49_w0_10_s20d_clean_seed0_job330040,alphabet_soup,49,67,3,0,0,-37,3.3,1.5,1.0,0.5,0.0,0.3,0.011116,0.010132,0.000984,1,1,1,-0.00017113,4,1,,1,0.051583,1,0.0,0,0,no_sustained_vertical_lift_type=no_sustained_motion
trace_alphabet_soup_s49_w0_10_s20d_clean_seed0_job330040,alphabet_soup,49,76,4,0,0,-28,3.3,1.5,1.0,0.5,0.0,0.3,0.021686,0.021973,-0.000287,1,1,1,-0.00013019,9,1,,1,0.111348,1,0.0,0,1,eef_not_near_object_dist=0.1113
trace_alphabet_soup_s49_w0_10_s20d_clean_seed0_job330040,alphabet_soup,49,85,5,0,0,-19,3.3,1.5,1.0,0.5,0.0,0.3,0.013449,0.021378,-0.007929,1,1,1,-0.00010352,9,1,,1,0.172786,1,0.0,0,1,eef_not_near_object_dist=0.1728
trace_alphabet_soup_s49_w0_10_s20d_clean_seed0_job330040,alphabet_soup,49,104,6,1,1,0,3.3,1.5,1.0,0.5,0.0,0.3,0.021096,0.020943,0.000153,1,1,1,-0.00039724,19,1,,1,0.040493,1,0.08481,9,1,
trace_alphabet_soup_s49_w0_10_s20d_clean_seed0_job330040,alphabet_soup,49,184,7,0,0,80,3.3,1.5,1.0,0.5,0.0,0.3,0.009144,0.008113,0.001031,1,1,1,-0.00326996,80,1,,1,0.031226,1,0.0,0,1,no_sustained_vertical_lift_type=no_sustained_motion
trace_bbq_sauce_s10_w0_10_s20d_clean_seed0_job330041,bbq_sauce,10,54,0,0,0,,3.3,1.5,1.0,0.5,0.0,0.3,0.01949,0.018903,0.000587,1,1,1,9.47e-06,,1,,1,0.043699,1,0.003599,2,1,no_sustained_vertical_lift_type=sustained_horizontal_transport
trace_bbq_sauce_s10_w0_10_s20d_clean_seed0_job330041,bbq_sauce,10,56,1,0,0,,3.3,1.5,1.0,0.5,0.0,0.3,0.021077,0.019948,0.001129,1,1,1,-6.3e-07,2,1,,1,0.034259,1,0.003599,2,1,no_sustained_vertical_lift_type=sustained_horizontal_transport
trace_bbq_sauce_s10_w0_10_s20d_clean_seed0_job330041,bbq_sauce,10,58,2,0,0,,3.3,1.5,1.0,0.5,0.0,0.3,0.020926,0.021118,-0.000192,1,1,1,4.38e-06,2,1,,1,0.029424,1,0.003599,2,0,no_sustained_vertical_lift_type=sustained_horizontal_transport
trace_bbq_sauce_s10_w0_10_s20d_clean_seed0_job330041,bbq_sauce,10,71,3,0,0,,3.3,1.5,1.0,0.5,0.0,0.3,0.02282,0.023496,-0.000676,1,1,1,-7.099e-05,13,1,,1,0.079939,1,1.7e-05,0,0,no_sustained_vertical_lift_type=no_sustained_motion
trace_bbq_sauce_s10_w0_10_s20d_clean_seed0_job330041,bbq_sauce,10,73,4,0,0,,3.3,1.5,1.0,0.5,0.0,0.3,0.02821,0.025466,0.002744,1,1,1,-4.873e-05,2,1,,1,0.096544,1,0.0,0,1,eef_not_near_object_dist=0.0965
trace_bbq_sauce_s10_w0_10_s20d_clean_seed0_job330041,bbq_sauce,10,86,5,0,0,,3.3,1.5,1.0,0.5,0.0,0.3,0.003891,0.003015,0.000876,1,1,1,-5.355e-05,13,1,,1,0.129539,1,0.0,0,1,eef_not_near_object_dist=0.1295
trace_bbq_sauce_s10_w0_10_s20d_clean_seed0_job330041,bbq_sauce,10,92,6,0,0,,3.3,1.5,1.0,0.5,0.0,0.3,0.005349,0.004982,0.000367,1,1,1,-6.039e-05,6,1,,1,0.128661,1,0.0,0,1,eef_not_near_object_dist=0.1287
trace_bbq_sauce_s10_w0_10_s20d_clean_seed0_job330041,bbq_sauce,10,111,7,0,0,,3.3,1.5,1.0,0.5,0.0,0.3,0.021046,0.017866,0.00318,1,1,1,-5.21e-05,19,1,,1,0.075492,1,0.0,0,0,no_sustained_vertical_lift_type=no_sustained_motion
trace_bbq_sauce_s10_w0_10_s20d_clean_seed0_job330041,bbq_sauce,10,129,8,0,0,,3.3,1.5,1.0,0.5,0.0,0.3,0.02897,0.025762,0.003208,1,1,1,-9.955e-05,18,1,,1,0.104941,1,0.0,0,1,eef_not_near_object_dist=0.1049
trace_bbq_sauce_s10_w0_10_s20d_clean_seed0_job330041,bbq_sauce,10,169,9,0,0,,3.3,1.5,1.0,0.5,0.0,0.3,0.020775,0.020607,0.000168,1,1,1,-0.00010518,40,1,,1,0.115671,1,0.0,0,1,eef_not_near_object_dist=0.1157
trace_bbq_sauce_s10_w0_10_s20d_clean_seed0_job330041,bbq_sauce,10,171,10,0,0,,3.3,1.5,1.0,0.5,0.0,0.3,0.018603,0.019208,-0.000605,1,1,1,-0.00015629,2,1,,1,0.121873,1,0.0,0,1,eef_not_near_object_dist=0.1219
trace_bbq_sauce_s10_w0_10_s20d_clean_seed0_job330041,bbq_sauce,10,211,11,0,0,,3.3,1.5,1.0,0.5,0.0,0.3,0.029748,0.026233,0.003515,1,1,1,-0.0001701,40,1,,1,0.12996,1,0.0,0,1,eef_not_near_object_dist=0.1300
trace_bbq_sauce_s10_w0_10_s20d_clean_seed0_job330041,bbq_sauce,10,248,12,0,0,,3.8,1.5,1.0,0.5,0.5,0.3,0.000865,0.000967,-0.000102,1,1,1,-0.00064621,37,1,,1,0.172269,1,0.0,0,1,eef_not_near_object_dist=0.1723
trace_bbq_sauce_s10_w0_10_s20d_clean_seed0_job330041,bbq_sauce,10,267,13,0,0,,3.3,1.5,1.0,0.5,0.0,0.3,0.002609,0.002298,0.000311,1,1,1,-0.00094603,19,1,,1,0.170951,1,0.0,0,1,eef_not_near_object_dist=0.1710
trace_bbq_sauce_s11_w0_10_s20d_clean_seed0_job330042,bbq_sauce,11,175,0,0,0,-3,3.3,1.5,1.0,0.5,0.0,0.3,0.017117,0.017353,-0.000236,1,1,1,4.196e-05,,1,,1,0.029919,1,0.002892,11,1,no_sustained_vertical_lift_type=sustained_horizontal_transport
trace_bbq_sauce_s11_w0_10_s20d_clean_seed0_job330042,bbq_sauce,11,178,1,1,1,0,3.3,1.5,1.0,0.5,0.0,0.3,0.011219,0.014306,-0.003087,1,1,1,8.716e-05,3,1,,1,0.028864,1,0.005354,2,1,
trace_bbq_sauce_s11_w0_10_s20d_clean_seed0_job330042,bbq_sauce,11,207,2,0,0,29,3.3,1.5,1.0,0.5,0.0,0.3,0.026246,0.033333,-0.007087,1,1,1,-0.00030394,29,1,,1,0.15235,1,0.0,0,1,eef_not_near_object_dist=0.1523
trace_bbq_sauce_s11_w0_10_s20d_clean_seed0_job330042,bbq_sauce,11,229,3,0,0,51,3.3,1.5,1.0,0.5,0.0,0.3,0.030527,0.031184,-0.000657,1,1,1,0.00038192,22,1,,1,0.346018,1,0.0,0,1,eef_not_near_object_dist=0.3460
trace_bbq_sauce_s12_w0_10_s20d_clean_seed0_job330043,bbq_sauce,12,66,0,0,0,-187,3.3,1.5,1.0,0.5,0.0,0.3,0.006315,0.002708,0.003607,1,1,1,-2.451e-05,,1,,1,0.286028,1,0.0,0,1,eef_not_near_object_dist=0.2860
trace_bbq_sauce_s12_w0_10_s20d_clean_seed0_job330043,bbq_sauce,12,112,1,0,0,-141,3.3,1.5,1.0,0.5,0.0,0.3,0.018258,0.018675,-0.000417,1,1,1,-6.275e-05,46,1,,1,0.070968,1,0.0,0,0,no_sustained_vertical_lift_type=no_sustained_motion
trace_bbq_sauce_s12_w0_10_s20d_clean_seed0_job330043,bbq_sauce,12,133,2,0,0,-120,3.3,1.5,1.0,0.5,0.0,0.3,0.010413,0.002143,0.00827,1,1,1,-0.00018629,21,1,,1,0.130374,1,0.0,0,1,eef_not_near_object_dist=0.1304
trace_bbq_sauce_s12_w0_10_s20d_clean_seed0_job330043,bbq_sauce,12,147,3,0,0,-106,3.3,1.5,1.0,0.5,0.0,0.3,0.020567,0.020927,-0.00036,1,1,1,-0.00017665,14,1,,1,0.084205,1,0.0,0,1,eef_not_near_object_dist=0.0842
trace_bbq_sauce_s12_w0_10_s20d_clean_seed0_job330043,bbq_sauce,12,164,4,0,0,-89,3.8,1.5,1.0,0.5,0.5,0.3,0.002661,0.012681,-0.01002,1,1,1,-0.00021018,17,1,,1,0.112765,1,0.0,0,1,eef_not_near_object_dist=0.1128
trace_bbq_sauce_s12_w0_10_s20d_clean_seed0_job330043,bbq_sauce,12,168,5,0,0,-85,3.8,1.5,1.0,0.5,0.5,0.3,0.001613,0.004977,-0.003364,1,1,1,-0.00021923,4,1,,1,0.113994,1,0.0,0,1,eef_not_near_object_dist=0.1140
trace_bbq_sauce_s12_w0_10_s20d_clean_seed0_job330043,bbq_sauce,12,183,6,0,0,-70,3.3,1.5,1.0,0.5,0.0,0.3,0.016535,0.016425,0.00011,1,1,1,-0.00023524,15,1,,1,0.068948,1,0.000322,0,0,no_sustained_vertical_lift_type=no_sustained_motion
trace_bbq_sauce_s12_w0_10_s20d_clean_seed0_job330043,bbq_sauce,12,204,7,0,0,-49,3.3,1.5,1.0,0.5,0.0,0.3,0.015672,0.011515,0.004157,1,1,1,-0.00027944,21,1,,1,0.088072,1,0.0,0,1,eef_not_near_object_dist=0.0881
trace_bbq_sauce_s12_w0_10_s20d_clean_seed0_job330043,bbq_sauce,12,214,8,0,0,-39,3.8,1.5,1.0,0.5,0.5,0.3,0.008062,0.017933,-0.009871,1,1,1,-0.00028451,10,1,,1,0.100078,1,0.0,0,1,eef_not_near_object_dist=0.1001
trace_bbq_sauce_s12_w0_10_s20d_clean_seed0_job330043,bbq_sauce,12,216,9,0,0,-37,3.3,1.5,1.0,0.5,0.0,0.3,0.011972,0.005934,0.006038,1,1,1,-0.00029357,2,1,,1,0.091504,1,0.0,0,1,eef_not_near_object_dist=0.0915
trace_bbq_sauce_s12_w0_10_s20d_clean_seed0_job330043,bbq_sauce,12,220,10,0,0,-33,3.8,1.5,1.0,0.5,0.5,0.3,0.002415,0.006037,-0.003622,1,1,1,-0.00029218,4,1,,1,0.091572,1,0.0,0,1,eef_not_near_object_dist=0.0916
trace_bbq_sauce_s12_w0_10_s20d_clean_seed0_job330043,bbq_sauce,12,223,11,0,0,-30,3.3,1.5,1.0,0.5,0.0,0.3,0.006962,0.002478,0.004484,1,1,1,-0.00030159,3,1,,1,0.098012,1,0.0,0,1,eef_not_near_object_dist=0.0980
trace_bbq_sauce_s12_w0_10_s20d_clean_seed0_job330043,bbq_sauce,12,225,12,0,0,-28,3.3,1.5,1.0,0.5,0.0,0.3,0.006088,0.005739,0.000349,1,1,1,-0.00029207,2,1,,1,0.09058,1,0.0,0,1,eef_not_near_object_dist=0.0906
trace_bbq_sauce_s12_w0_10_s20d_clean_seed0_job330043,bbq_sauce,12,228,13,0,0,-25,3.8,1.5,1.0,0.5,0.5,0.3,0.003817,0.004299,-0.000482,1,1,1,-0.00030345,3,1,,1,0.092147,1,0.0,0,1,eef_not_near_object_dist=0.0921
trace_bbq_sauce_s12_w0_10_s20d_clean_seed0_job330043,bbq_sauce,12,232,14,0,0,-21,3.3,1.5,1.0,0.5,0.0,0.3,0.004567,0.004454,0.000113,1,1,1,-0.00034678,4,1,,1,0.094618,1,0.0,0,1,eef_not_near_object_dist=0.0946
trace_bbq_sauce_s12_w0_10_s20d_clean_seed0_job330043,bbq_sauce,12,247,15,0,0,-6,3.3,1.5,1.0,0.5,0.0,0.3,0.017209,0.022724,-0.005515,1,1,1,-0.00036488,15,1,,1,0.025992,1,0.003763,3,1,no_sustained_vertical_lift_type=sustained_horizontal_transport
trace_bbq_sauce_s12_w0_10_s20d_clean_seed0_job330043,bbq_sauce,12,253,16,1,1,0,3.3,1.5,1.0,0.5,0.0,0.3,0.003489,0.003096,0.000393,1,1,1,-0.00034381,6,1,,1,0.023002,1,0.049664,6,1,
trace_bbq_sauce_s13_w0_10_s20d_clean_seed0_job330044,bbq_sauce,13,53,0,1,1,0,3.3,1.5,1.0,0.5,0.0,0.3,0.019885,0.02239,-0.002505,1,1,1,3.951e-05,,1,,1,0.028338,1,0.050709,6,1,
trace_bbq_sauce_s13_w0_10_s20d_clean_seed0_job330044,bbq_sauce,13,124,1,0,0,71,3.8,1.5,1.0,0.5,0.5,0.3,0.007696,0.016484,-0.008788,1,1,1,-0.00053876,71,1,,1,0.029127,1,0.002548,0,1,no_sustained_vertical_lift_type=no_sustained_motion
trace_bbq_sauce_s13_w0_10_s20d_clean_seed0_job330044,bbq_sauce,13,129,2,0,0,76,3.3,1.5,1.0,0.5,0.0,0.3,0.001449,0.000394,0.001055,1,1,1,-0.00045039,5,1,,1,0.029173,1,0.002662,0,1,no_sustained_vertical_lift_type=no_sustained_motion
trace_bbq_sauce_s14_w0_10_s20d_clean_seed0_job330045,bbq_sauce,14,53,0,0,0,,3.3,1.5,1.0,0.5,0.0,0.3,0.021792,0.02145,0.000342,1,1,1,4.25e-06,,1,,1,0.032327,1,0.001222,5,1,no_sustained_vertical_lift_type=sustained_horizontal_transport
trace_bbq_sauce_s14_w0_10_s20d_clean_seed0_job330045,bbq_sauce,14,111,1,0,0,,3.3,1.5,1.0,0.5,0.0,0.3,0.003545,0.003103,0.000442,1,1,1,-6.898e-05,58,1,,1,0.049145,1,0.000293,0,1,no_sustained_vertical_lift_type=no_sustained_motion
trace_bbq_sauce_s15_w0_10_s20d_clean_seed0_job330046,bbq_sauce,15,53,0,0,0,,3.3,1.5,1.0,0.5,0.0,0.3,0.025102,0.023868,0.001234,1,1,1,-6.14e-06,,1,,1,0.046124,1,0.003084,3,1,no_sustained_vertical_lift_type=sustained_horizontal_transport
trace_bbq_sauce_s15_w0_10_s20d_clean_seed0_job330046,bbq_sauce,15,72,1,0,0,,3.3,1.5,1.0,0.5,0.0,0.3,0.013199,0.019697,-0.006498,1,1,1,7e-06,19,1,,1,0.100859,1,0.0,0,1,eef_not_near_object_dist=0.1009
trace_bbq_sauce_s15_w0_10_s20d_clean_seed0_job330046,bbq_sauce,15,75,2,0,0,,3.3,1.5,1.0,0.5,0.0,0.3,0.007604,0.006995,0.000609,1,1,1,6.21e-06,3,1,,1,0.108332,1,0.0,0,1,eef_not_near_object_dist=0.1083
trace_bbq_sauce_s15_w0_10_s20d_clean_seed0_job330046,bbq_sauce,15,92,3,0,0,,3.3,1.5,1.0,0.5,0.0,0.3,0.020681,0.02062,6.1e-05,1,1,1,-2.45e-06,17,1,,1,0.047654,1,0.0,0,1,no_sustained_vertical_lift_type=no_sustained_motion
trace_bbq_sauce_s15_w0_10_s20d_clean_seed0_job330046,bbq_sauce,15,97,4,0,0,,3.3,1.5,1.0,0.5,0.0,0.3,0.020091,0.018243,0.001848,1,1,1,1.82e-06,5,1,,1,0.038307,1,0.0,0,1,no_sustained_vertical_lift_type=no_sustained_motion
trace_bbq_sauce_s15_w0_10_s20d_clean_seed0_job330046,bbq_sauce,15,138,5,0,0,,3.3,1.5,1.0,0.5,0.0,0.3,0.017671,0.018821,-0.00115,1,1,1,-0.00011523,41,1,,1,0.048654,1,0.003963,8,1,no_sustained_vertical_lift_type=sustained_horizontal_transport
trace_bbq_sauce_s15_w0_10_s20d_clean_seed0_job330046,bbq_sauce,15,162,6,0,0,,3.8,1.5,1.0,0.5,0.5,0.3,0.004797,0.011407,-0.00661,1,1,1,-0.00015204,24,1,,1,0.120582,1,0.0,0,1,eef_not_near_object_dist=0.1206
trace_bbq_sauce_s15_w0_10_s20d_clean_seed0_job330046,bbq_sauce,15,185,7,0,0,,3.3,1.5,1.0,0.5,0.0,0.3,0.024766,0.027017,-0.002251,1,1,1,-0.00015214,23,1,,1,0.139183,1,0.0,0,1,eef_not_near_object_dist=0.1392
trace_bbq_sauce_s15_w0_10_s20d_clean_seed0_job330046,bbq_sauce,15,193,8,0,0,,3.8,1.5,1.0,0.5,0.5,0.3,0.0004,0.000644,-0.000244,1,1,1,-0.00111171,8,1,,1,0.141834,1,0.0,0,1,eef_not_near_object_dist=0.1418
trace_bbq_sauce_s15_w0_10_s20d_clean_seed0_job330046,bbq_sauce,15,200,9,0,0,,3.8,1.5,1.0,0.5,0.5,0.3,0.000588,0.000692,-0.000104,1,1,1,-0.00025976,7,1,,1,0.140925,1,0.0,0,1,eef_not_near_object_dist=0.1409
trace_bbq_sauce_s15_w0_10_s20d_clean_seed0_job330046,bbq_sauce,15,206,10,0,0,,3.3,1.5,1.0,0.5,0.0,0.3,0.005921,0.004813,0.001108,1,1,1,-0.0094419,6,1,,1,0.139073,1,0.0,0,1,eef_not_near_object_dist=0.1391
trace_bbq_sauce_s16_w0_10_s20d_clean_seed0_job330047,bbq_sauce,16,9,0,0,0,,3.3,1.5,1.0,0.5,0.0,0.3,0.009149,0.00858,0.000569,1,1,1,-1.349e-05,,1,,1,0.293712,1,0.0,0,1,eef_not_near_object_dist=0.2937
trace_bbq_sauce_s16_w0_10_s20d_clean_seed0_job330047,bbq_sauce,16,64,1,0,0,,3.3,1.5,1.0,0.5,0.0,0.3,0.011621,0.016233,-0.004612,1,1,1,-3.492e-05,55,1,,1,0.088775,1,0.0,0,1,eef_not_near_object_dist=0.0888
trace_bbq_sauce_s16_w0_10_s20d_clean_seed0_job330047,bbq_sauce,16,67,2,0,0,,3.8,1.5,1.0,0.5,0.5,0.3,0.004539,0.005655,-0.001116,1,1,1,-8.772e-05,3,1,,1,0.084733,1,0.0,0,1,eef_not_near_object_dist=0.0847
trace_bbq_sauce_s16_w0_10_s20d_clean_seed0_job330047,bbq_sauce,16,89,3,0,0,,3.3,1.5,1.0,0.5,0.0,0.3,0.013491,0.018374,-0.004883,1,1,1,-0.00014742,22,1,,1,0.153913,1,0.0,0,1,eef_not_near_object_dist=0.1539
trace_bbq_sauce_s16_w0_10_s20d_clean_seed0_job330047,bbq_sauce,16,100,4,0,0,,3.3,1.5,1.0,0.5,0.0,0.3,0.009966,0.003021,0.006945,1,1,1,-0.00017502,11,1,,1,0.147448,1,0.0,0,1,eef_not_near_object_dist=0.1474
trace_bbq_sauce_s16_w0_10_s20d_clean_seed0_job330047,bbq_sauce,16,112,5,0,0,,3.3,1.5,1.0,0.5,0.0,0.3,0.017813,0.021298,-0.003485,1,1,1,-0.00020131,12,1,,1,0.098814,1,0.0,0,1,eef_not_near_object_dist=0.0988
trace_bbq_sauce_s16_w0_10_s20d_clean_seed0_job330047,bbq_sauce,16,118,6,0,0,,3.3,1.5,1.0,0.5,0.0,0.3,0.016804,0.016217,0.000587,1,1,1,-0.0002069,6,1,,1,0.076052,1,0.0,0,1,no_sustained_vertical_lift_type=no_sustained_motion
trace_bbq_sauce_s16_w0_10_s20d_clean_seed0_job330047,bbq_sauce,16,139,7,0,0,,3.3,1.5,1.0,0.5,0.0,0.3,0.006359,0.005381,0.000978,1,1,1,-0.00028837,21,1,,1,0.07863,1,0.0,0,0,no_sustained_vertical_lift_type=no_sustained_motion
trace_bbq_sauce_s16_w0_10_s20d_clean_seed0_job330047,bbq_sauce,16,142,8,0,0,,3.8,1.5,1.0,0.5,0.5,0.3,0.002612,0.003829,-0.001217,1,1,1,-0.00031189,3,1,,1,0.080544,1,0.0,0,1,eef_not_near_object_dist=0.0805
trace_bbq_sauce_s16_w0_10_s20d_clean_seed0_job330047,bbq_sauce,16,146,9,0,0,,3.8,1.5,1.0,0.5,0.5,0.3,0.001823,0.001849,-2.6e-05,1,1,1,-0.00036028,4,1,,1,0.082186,1,0.0,0,1,eef_not_near_object_dist=0.0822
trace_bbq_sauce_s18_w0_10_s20d_clean_seed0_job330049,bbq_sauce,18,54,0,0,0,,3.3,1.5,1.0,0.5,0.0,0.3,0.023066,0.023364,-0.000298,1,1,1,1.515e-05,,1,,1,0.046379,1,0.0,0,1,no_sustained_vertical_lift_type=no_sustained_motion
trace_bbq_sauce_s18_w0_10_s20d_clean_seed0_job330049,bbq_sauce,18,56,1,0,0,,3.3,1.5,1.0,0.5,0.0,0.3,0.019799,0.021119,-0.00132,1,1,1,2.095e-05,2,1,,1,0.052081,1,0.0,0,1,no_sustained_vertical_lift_type=no_sustained_motion
trace_bbq_sauce_s18_w0_10_s20d_clean_seed0_job330049,bbq_sauce,18,72,2,0,0,,3.3,1.5,1.0,0.5,0.0,0.3,0.003081,0.003004,7.7e-05,1,1,1,1.278e-05,16,1,,1,0.071741,1,0.0,0,1,no_sustained_vertical_lift_type=no_sustained_motion
trace_bbq_sauce_s18_w0_10_s20d_clean_seed0_job330049,bbq_sauce,18,75,3,0,0,,3.3,1.5,1.0,0.5,0.0,0.3,0.003694,0.003306,0.000388,1,1,1,4.93e-06,3,1,,1,0.073776,1,0.0,0,1,no_sustained_vertical_lift_type=no_sustained_motion
trace_bbq_sauce_s18_w0_10_s20d_clean_seed0_job330049,bbq_sauce,18,80,4,0,0,,3.8,1.5,1.0,0.5,0.5,0.3,0.002474,0.00311,-0.000636,1,1,1,1.236e-05,5,1,,1,0.076721,1,0.0,0,0,no_sustained_vertical_lift_type=no_sustained_motion
trace_bbq_sauce_s18_w0_10_s20d_clean_seed0_job330049,bbq_sauce,18,86,5,0,0,,3.3,1.5,1.0,0.5,0.0,0.3,0.007449,0.006748,0.000701,1,1,1,3.293e-05,6,1,,1,0.076614,1,0.0,0,0,no_sustained_vertical_lift_type=no_sustained_motion
trace_bbq_sauce_s18_w0_10_s20d_clean_seed0_job330049,bbq_sauce,18,90,6,0,0,,3.3,1.5,1.0,0.5,0.0,0.3,0.008957,0.007861,0.001096,1,1,1,1.973e-05,4,1,,1,0.075688,1,0.0,0,0,no_sustained_vertical_lift_type=no_sustained_motion
trace_bbq_sauce_s18_w0_10_s20d_clean_seed0_job330049,bbq_sauce,18,101,7,0,0,,3.3,1.5,1.0,0.5,0.0,0.3,0.03117,0.035989,-0.004819,1,1,1,-4.107e-05,11,1,,1,0.124852,1,0.0,0,1,eef_not_near_object_dist=0.1249
trace_bbq_sauce_s18_w0_10_s20d_clean_seed0_job330049,bbq_sauce,18,106,8,0,0,,3.3,1.5,1.0,0.5,0.0,0.3,0.008881,0.006788,0.002093,1,1,1,-9.137e-05,5,1,,1,0.127732,1,0.0,0,1,eef_not_near_object_dist=0.1277
trace_bbq_sauce_s18_w0_10_s20d_clean_seed0_job330049,bbq_sauce,18,111,9,0,0,,3.8,1.5,1.0,0.5,0.5,0.3,0.007393,0.00895,-0.001557,1,1,1,-7.364e-05,5,1,,1,0.137985,1,0.0,0,1,eef_not_near_object_dist=0.1380
trace_bbq_sauce_s18_w0_10_s20d_clean_seed0_job330049,bbq_sauce,18,114,10,0,0,,3.8,1.5,1.0,0.5,0.5,0.3,0.004297,0.005164,-0.000867,1,1,1,-6.775e-05,3,1,,1,0.141325,1,0.0,0,1,eef_not_near_object_dist=0.1413
trace_bbq_sauce_s18_w0_10_s20d_clean_seed0_job330049,bbq_sauce,18,140,11,0,0,,3.3,1.5,1.0,0.5,0.0,0.3,0.018181,0.017673,0.000508,1,1,1,-5.58e-05,26,1,,1,0.12359,1,0.0,0,1,eef_not_near_object_dist=0.1236
trace_bbq_sauce_s18_w0_10_s20d_clean_seed0_job330049,bbq_sauce,18,142,12,0,0,,3.3,1.5,1.0,0.5,0.0,0.3,0.017731,0.018163,-0.000432,1,1,1,-7.232e-05,2,1,,1,0.130033,1,0.0,0,1,eef_not_near_object_dist=0.1300
trace_bbq_sauce_s18_w0_10_s20d_clean_seed0_job330049,bbq_sauce,18,165,13,0,0,,3.8,1.5,1.0,0.5,0.5,0.3,0.00095,0.001598,-0.000648,1,1,1,0.00113548,23,1,,1,0.146503,1,0.0,0,1,eef_not_near_object_dist=0.1465
trace_bbq_sauce_s18_w0_10_s20d_clean_seed0_job330049,bbq_sauce,18,172,14,0,0,,3.3,1.5,1.0,0.5,0.0,0.3,0.001518,0.000932,0.000586,1,1,1,-0.00171704,7,1,,1,0.1467,1,0.0,0,1,eef_not_near_object_dist=0.1467
trace_bbq_sauce_s18_w0_10_s20d_clean_seed0_job330049,bbq_sauce,18,176,15,0,0,,3.3,1.5,1.0,0.5,0.0,0.3,0.00092,0.000842,7.8e-05,1,1,1,0.00086593,4,1,,1,0.146094,1,0.0,0,1,eef_not_near_object_dist=0.1461
trace_bbq_sauce_s18_w0_10_s20d_clean_seed0_job330049,bbq_sauce,18,185,16,0,0,,2.8,1.5,1.0,0.0,0.0,0.3,0.000997,0.000689,0.000308,1,1,1,0.00805991,9,1,,1,0.146113,1,0.0,0,1,eef_not_near_object_dist=0.1461
trace_bbq_sauce_s18_w0_10_s20d_clean_seed0_job330049,bbq_sauce,18,193,17,0,0,,2.8,1.5,1.0,0.0,0.0,0.3,0.00094,0.000348,0.000592,1,1,1,0.00820344,8,1,,1,0.146453,1,0.0,0,1,eef_not_near_object_dist=0.1465
trace_bbq_sauce_s18_w0_10_s20d_clean_seed0_job330049,bbq_sauce,18,202,18,0,0,,3.8,1.5,1.0,0.5,0.5,0.3,0.001595,0.002642,-0.001047,1,1,1,0.00212312,9,1,,1,0.145653,1,0.0,0,1,eef_not_near_object_dist=0.1457
trace_bbq_sauce_s18_w0_10_s20d_clean_seed0_job330049,bbq_sauce,18,209,19,0,0,,3.3,1.5,1.0,0.5,0.0,0.3,0.002444,0.001659,0.000785,1,1,1,-0.00269249,7,1,,1,0.145536,1,0.0,0,1,eef_not_near_object_dist=0.1455
trace_bbq_sauce_s18_w0_10_s20d_clean_seed0_job330049,bbq_sauce,18,218,20,0,0,,2.5,1.5,1.0,0.0,0.0,0.0,0.001607,0.000683,0.000924,1,1,1,0.01565449,9,1,,1,0.145033,1,0.0,0,1,eef_not_near_object_dist=0.1450
trace_bbq_sauce_s18_w0_10_s20d_clean_seed0_job330049,bbq_sauce,18,229,21,0,0,,2.8,1.5,1.0,0.0,0.0,0.3,0.000876,0.000628,0.000248,1,1,1,0.0086925,11,1,,1,0.146328,1,0.0,0,1,eef_not_near_object_dist=0.1463
trace_bbq_sauce_s18_w0_10_s20d_clean_seed0_job330049,bbq_sauce,18,235,22,0,0,,3.3,1.5,1.0,0.5,0.0,0.3,0.002237,0.000998,0.001239,1,1,1,0.00031478,6,1,,1,0.146083,1,0.0,0,1,eef_not_near_object_dist=0.1461
trace_bbq_sauce_s18_w0_10_s20d_clean_seed0_job330049,bbq_sauce,18,240,23,0,0,,3.3,1.5,1.0,0.0,0.5,0.3,0.000271,0.001385,-0.001114,1,1,1,0.00581539,5,1,,1,0.145362,1,0.0,0,1,eef_not_near_object_dist=0.1454
trace_bbq_sauce_s18_w0_10_s20d_clean_seed0_job330049,bbq_sauce,18,249,24,0,0,,2.8,1.5,1.0,0.0,0.0,0.3,0.001639,6.5e-05,0.001574,1,1,1,0.00965878,9,1,,1,0.145491,1,0.0,0,1,eef_not_near_object_dist=0.1455
trace_bbq_sauce_s18_w0_10_s20d_clean_seed0_job330049,bbq_sauce,18,254,25,0,0,,3.8,1.5,1.0,0.5,0.5,0.3,0.000915,0.001216,-0.000301,1,1,1,0.00327987,5,1,,1,0.14573,1,0.0,0,1,eef_not_near_object_dist=0.1457
trace_bbq_sauce_s18_w0_10_s20d_clean_seed0_job330049,bbq_sauce,18,257,26,0,0,,3.8,1.5,1.0,0.5,0.5,0.3,0.000957,0.001385,-0.000428,1,1,1,0.00230015,3,1,,1,0.145554,1,0.0,0,1,eef_not_near_object_dist=0.1456
trace_bbq_sauce_s18_w0_10_s20d_clean_seed0_job330049,bbq_sauce,18,262,27,0,0,,3.3,1.5,1.0,0.5,0.0,0.3,0.001316,0.00033,0.000986,1,1,1,0.00029877,5,1,,1,0.14549,1,0.0,0,1,eef_not_near_object_dist=0.1455
trace_bbq_sauce_s18_w0_10_s20d_clean_seed0_job330049,bbq_sauce,18,267,28,0,0,,3.3,1.5,1.0,0.5,0.0,0.3,0.000635,0.000463,0.000172,1,1,1,-0.00031718,5,1,,1,0.145975,1,0.0,0,1,eef_not_near_object_dist=0.1460
trace_bbq_sauce_s18_w0_10_s20d_clean_seed0_job330049,bbq_sauce,18,274,29,0,0,,2.5,1.5,1.0,0.0,0.0,0.0,0.00214,0.000489,0.001651,1,1,1,0.01110031,7,1,,1,0.146589,1,0.0,0,1,eef_not_near_object_dist=0.1466
trace_bbq_sauce_s19_w0_10_s20d_clean_seed0_job330050,bbq_sauce,19,81,0,0,0,-99,3.8,1.5,1.0,0.5,0.5,0.3,0.005467,0.005622,-0.000155,1,1,1,5.94e-06,,1,,1,0.081135,1,0.0,0,1,eef_not_near_object_dist=0.0811
trace_bbq_sauce_s19_w0_10_s20d_clean_seed0_job330050,bbq_sauce,19,85,1,0,0,-95,3.8,1.5,1.0,0.5,0.5,0.3,0.005619,0.006561,-0.000942,1,1,1,3.448e-05,4,1,,1,0.076755,1,0.0,0,0,no_sustained_vertical_lift_type=no_sustained_motion
trace_bbq_sauce_s19_w0_10_s20d_clean_seed0_job330050,bbq_sauce,19,88,2,0,0,-92,3.3,1.5,1.0,0.5,0.0,0.3,0.006081,0.005765,0.000316,1,1,1,2.994e-05,3,1,,1,0.072206,1,0.0,0,0,no_sustained_vertical_lift_type=no_sustained_motion
trace_bbq_sauce_s19_w0_10_s20d_clean_seed0_job330050,bbq_sauce,19,110,3,0,0,-70,3.3,1.5,1.0,0.5,0.0,0.3,0.017261,0.011785,0.005476,1,1,1,-0.00021761,22,1,,1,0.11578,1,0.0,0,1,eef_not_near_object_dist=0.1158
trace_bbq_sauce_s19_w0_10_s20d_clean_seed0_job330050,bbq_sauce,19,122,4,0,0,-58,3.3,1.5,1.0,0.5,0.0,0.3,0.010401,0.012387,-0.001986,1,1,1,-0.0001909,12,1,,1,0.07558,1,0.0,0,1,no_sustained_vertical_lift_type=no_sustained_motion
trace_bbq_sauce_s19_w0_10_s20d_clean_seed0_job330050,bbq_sauce,19,127,5,0,0,-53,3.8,1.5,1.0,0.5,0.5,0.3,0.004384,0.004489,-0.000105,1,1,1,-0.00018764,5,1,,1,0.06889,1,0.0,0,0,no_sustained_vertical_lift_type=no_sustained_motion
trace_bbq_sauce_s19_w0_10_s20d_clean_seed0_job330050,bbq_sauce,19,142,6,0,0,-38,3.3,1.5,1.0,0.5,0.0,0.3,0.018773,0.016673,0.0021,1,1,1,-0.00023801,15,1,,1,0.093076,1,0.0,0,1,eef_not_near_object_dist=0.0931
trace_bbq_sauce_s19_w0_10_s20d_clean_seed0_job330050,bbq_sauce,19,145,7,0,0,-35,3.3,1.5,1.0,0.5,0.0,0.3,0.011536,0.015179,-0.003643,1,1,1,-0.00022899,3,1,,1,0.102372,1,0.0,0,1,eef_not_near_object_dist=0.1024
trace_bbq_sauce_s19_w0_10_s20d_clean_seed0_job330050,bbq_sauce,19,151,8,0,0,-29,3.3,1.5,1.0,0.5,0.0,0.3,0.011538,0.007033,0.004505,1,1,1,-0.00023956,6,1,,1,0.099411,1,0.0,0,1,eef_not_near_object_dist=0.0994
trace_bbq_sauce_s19_w0_10_s20d_clean_seed0_job330050,bbq_sauce,19,155,9,0,0,-25,3.8,1.5,1.0,0.5,0.5,0.3,0.003108,0.004023,-0.000915,1,1,1,-0.00023402,4,1,,1,0.098541,1,0.0,0,1,eef_not_near_object_dist=0.0985
trace_bbq_sauce_s19_w0_10_s20d_clean_seed0_job330050,bbq_sauce,19,164,10,0,0,-16,3.3,1.5,1.0,0.5,0.0,0.3,0.017285,0.0214,-0.004115,1,1,1,-0.00025269,9,1,,1,0.111186,1,0.0,0,1,eef_not_near_object_dist=0.1112
trace_bbq_sauce_s19_w0_10_s20d_clean_seed0_job330050,bbq_sauce,19,173,11,0,0,-7,3.3,1.5,1.0,0.5,0.0,0.3,0.017225,0.016543,0.000682,1,1,1,-0.00024171,9,1,,1,0.081459,1,0.0,0,1,eef_not_near_object_dist=0.0815
trace_bbq_sauce_s19_w0_10_s20d_clean_seed0_job330050,bbq_sauce,19,180,12,1,1,0,3.3,1.5,1.0,0.5,0.0,0.3,0.023305,0.02336,-5.5e-05,1,1,1,-0.00025651,7,1,,1,0.033798,1,0.07921,7,1,
trace_bbq_sauce_s20_w0_10_s20d_clean_seed0_job330051,bbq_sauce,20,52,0,0,0,,3.3,1.5,1.0,0.5,0.0,0.3,0.018408,0.020233,-0.001825,1,1,1,-1.851e-05,,1,,1,0.036417,1,0.000204,0,1,no_sustained_vertical_lift_type=no_sustained_motion
trace_bbq_sauce_s20_w0_10_s20d_clean_seed0_job330051,bbq_sauce,20,78,1,0,0,,3.8,1.5,1.0,0.5,0.5,0.3,0.008318,0.009132,-0.000814,1,1,1,-0.000145,26,1,,1,0.126053,1,0.0,0,1,eef_not_near_object_dist=0.1261
trace_bbq_sauce_s20_w0_10_s20d_clean_seed0_job330051,bbq_sauce,20,81,2,0,0,,3.3,1.5,1.0,0.5,0.0,0.3,0.009355,0.008673,0.000682,1,1,1,-0.00014831,3,1,,1,0.123701,1,0.0,0,1,eef_not_near_object_dist=0.1237
trace_bbq_sauce_s20_w0_10_s20d_clean_seed0_job330051,bbq_sauce,20,84,3,0,0,,3.8,1.5,1.0,0.5,0.5,0.3,0.009381,0.009409,-2.8e-05,1,1,1,-0.00012299,3,1,,1,0.120413,1,0.0,0,1,eef_not_near_object_dist=0.1204
trace_bbq_sauce_s20_w0_10_s20d_clean_seed0_job330051,bbq_sauce,20,96,4,0,0,,3.3,1.5,1.0,0.5,0.0,0.3,0.02709,0.026195,0.000895,1,1,1,-0.0001247,12,1,,1,0.06638,1,0.0,0,1,no_sustained_vertical_lift_type=no_sustained_motion
trace_bbq_sauce_s20_w0_10_s20d_clean_seed0_job330051,bbq_sauce,20,114,5,0,0,,3.8,1.5,1.0,0.5,0.5,0.3,0.007773,0.01806,-0.010287,1,1,1,-0.0001619,18,1,,1,0.087613,1,0.0,0,1,eef_not_near_object_dist=0.0876
trace_bbq_sauce_s20_w0_10_s20d_clean_seed0_job330051,bbq_sauce,20,123,6,0,0,,3.3,1.5,1.0,0.5,0.0,0.3,0.009027,0.007621,0.001406,1,1,1,-0.0001629,9,1,,1,0.121916,1,0.0,0,1,eef_not_near_object_dist=0.1219
trace_bbq_sauce_s20_w0_10_s20d_clean_seed0_job330051,bbq_sauce,20,125,7,0,0,,3.3,1.5,1.0,0.5,0.0,0.3,0.010648,0.009899,0.000749,1,1,1,-0.00015204,2,1,,1,0.119358,1,0.0,0,1,eef_not_near_object_dist=0.1194
trace_bbq_sauce_s20_w0_10_s20d_clean_seed0_job330051,bbq_sauce,20,129,8,0,0,,3.3,1.5,1.0,0.5,0.0,0.3,0.017754,0.00987,0.007884,1,1,1,-0.00013978,4,1,,1,0.10682,1,0.0,0,1,eef_not_near_object_dist=0.1068
trace_bbq_sauce_s20_w0_10_s20d_clean_seed0_job330051,bbq_sauce,20,143,9,0,0,,3.3,1.5,1.0,0.5,0.0,0.3,0.010565,0.010164,0.000401,1,1,1,-0.00015247,14,1,,1,0.084371,1,0.0,0,1,eef_not_near_object_dist=0.0844
trace_bbq_sauce_s20_w0_10_s20d_clean_seed0_job330051,bbq_sauce,20,147,10,0,0,,3.3,1.5,1.0,0.5,0.0,0.3,0.017406,0.013858,0.003548,1,1,1,-0.00014887,4,1,,1,0.089958,1,0.0,0,1,eef_not_near_object_dist=0.0900
trace_bbq_sauce_s20_w0_10_s20d_clean_seed0_job330051,bbq_sauce,20,150,11,0,0,,3.3,1.5,1.0,0.5,0.0,0.3,0.017033,0.01834,-0.001307,1,1,1,-0.00015476,3,1,,1,0.096749,1,0.0,0,1,eef_not_near_object_dist=0.0967
trace_bbq_sauce_s22_w0_10_s20d_clean_seed0_job330053,bbq_sauce,22,52,0,0,0,,3.3,1.5,1.0,0.5,0.0,0.3,0.022077,0.022245,-0.000168,1,1,1,-1.552e-05,,1,,1,0.039445,1,0.003182,6,1,no_sustained_vertical_lift_type=sustained_horizontal_transport
trace_bbq_sauce_s22_w0_10_s20d_clean_seed0_job330053,bbq_sauce,22,65,1,0,0,,3.3,1.5,1.0,0.5,0.0,0.3,0.017098,0.016783,0.000315,1,1,1,-2e-08,13,1,,1,0.061392,1,0.0,2,0,no_sustained_vertical_lift_type=sustained_horizontal_transport
trace_bbq_sauce_s22_w0_10_s20d_clean_seed0_job330053,bbq_sauce,22,78,2,0,0,,3.8,1.5,1.0,0.5,0.5,0.3,0.002026,0.005978,-0.003952,1,1,1,-9.8e-05,13,1,,1,0.125604,1,0.0,0,1,eef_not_near_object_dist=0.1256
trace_bbq_sauce_s22_w0_10_s20d_clean_seed0_job330053,bbq_sauce,22,100,3,0,0,,3.3,1.5,1.0,0.5,0.0,0.3,0.018447,0.018932,-0.000485,1,1,1,-0.00012912,22,1,,1,0.028077,1,0.000735,5,1,no_sustained_vertical_lift_type=sustained_horizontal_transport
trace_bbq_sauce_s22_w0_10_s20d_clean_seed0_job330053,bbq_sauce,22,103,4,0,0,,3.8,1.5,1.0,0.5,0.5,0.3,0.006488,0.011743,-0.005255,1,1,1,-0.00011582,3,1,,1,0.024786,1,0.002109,9,1,no_sustained_vertical_lift_type=sustained_horizontal_transport
trace_bbq_sauce_s24_w0_10_s20d_clean_seed0_job330055,bbq_sauce,24,53,0,1,1,0,3.3,1.5,1.0,0.5,0.0,0.3,0.020724,0.020745,-2.1e-05,1,1,1,-1.099e-05,,1,,1,0.034874,1,0.021378,3,1,
trace_bbq_sauce_s24_w0_10_s20d_clean_seed0_job330055,bbq_sauce,24,124,1,0,0,71,3.3,1.5,1.0,0.5,0.0,0.3,0.013484,0.020917,-0.007433,1,1,1,-0.00017592,71,1,,1,0.027558,1,0.0,10,1,no_sustained_vertical_lift_type=sustained_horizontal_transport
trace_bbq_sauce_s24_w0_10_s20d_clean_seed0_job330055,bbq_sauce,24,131,2,0,0,78,3.3,1.5,1.0,0.5,0.0,0.3,0.005829,0.005146,0.000683,1,1,1,-0.00015062,7,1,,1,0.027568,1,0.004738,7,1,no_sustained_vertical_lift_type=sustained_horizontal_transport
trace_bbq_sauce_s24_w0_10_s20d_clean_seed0_job330055,bbq_sauce,24,134,3,0,0,81,3.3,1.5,1.0,0.5,0.0,0.3,0.005599,0.005582,1.7e-05,1,1,1,-0.00013603,3,1,,1,0.027571,1,0.0,0,1,no_sustained_vertical_lift_type=no_sustained_motion
trace_bbq_sauce_s24_w0_10_s20d_clean_seed0_job330055,bbq_sauce,24,137,4,0,0,84,3.3,1.5,1.0,0.5,0.0,0.3,0.004193,0.002003,0.00219,1,1,1,-0.00012274,3,1,,1,0.028132,1,0.004585,0,1,no_sustained_vertical_lift_type=no_sustained_motion
trace_bbq_sauce_s24_w0_10_s20d_clean_seed0_job330055,bbq_sauce,24,140,5,0,0,87,3.3,1.5,1.0,0.5,0.0,0.3,0.004963,0.002895,0.002068,1,1,1,-0.00013954,3,1,,1,0.028133,1,0.0,0,1,no_sustained_vertical_lift_type=no_sustained_motion
trace_bbq_sauce_s25_w0_10_s20d_clean_seed0_job330056,bbq_sauce,25,48,0,0,0,,3.3,1.5,1.0,0.5,0.0,0.3,0.023115,0.023745,-0.00063,1,1,1,-2e-08,,1,,1,0.040458,1,0.003722,5,1,no_sustained_vertical_lift_type=sustained_horizontal_transport
trace_bbq_sauce_s25_w0_10_s20d_clean_seed0_job330056,bbq_sauce,25,82,1,0,0,,3.3,1.5,1.0,0.5,0.0,0.3,0.017857,0.016057,0.0018,1,1,1,-0.00019784,34,1,,1,0.095816,1,0.0,0,1,eef_not_near_object_dist=0.0958
trace_bbq_sauce_s25_w0_10_s20d_clean_seed0_job330056,bbq_sauce,25,95,2,0,0,,3.8,1.5,1.0,0.5,0.5,0.3,0.009901,0.011291,-0.00139,1,1,1,-0.00015588,13,1,,1,0.049404,1,0.004582,9,1,no_sustained_vertical_lift_type=sustained_horizontal_transport
trace_bbq_sauce_s25_w0_10_s20d_clean_seed0_job330056,bbq_sauce,25,114,3,0,0,,3.3,1.5,1.0,0.5,0.0,0.3,0.016589,0.021623,-0.005034,1,1,1,-0.00018799,19,1,,1,0.108243,1,0.0,0,1,eef_not_near_object_dist=0.1082
trace_bbq_sauce_s25_w0_10_s20d_clean_seed0_job330056,bbq_sauce,25,117,4,0,0,,3.8,1.5,1.0,0.5,0.5,0.3,0.00516,0.006007,-0.000847,1,1,1,-0.00019976,3,1,,1,0.11326,1,0.0,0,1,eef_not_near_object_dist=0.1133
trace_bbq_sauce_s25_w0_10_s20d_clean_seed0_job330056,bbq_sauce,25,137,5,0,0,,3.3,1.5,1.0,0.5,0.0,0.3,0.017781,0.022314,-0.004533,1,1,1,-0.00021164,20,1,,1,0.040945,1,0.007101,0,0,no_sustained_vertical_lift_type=no_sustained_motion
trace_bbq_sauce_s25_w0_10_s20d_clean_seed0_job330056,bbq_sauce,25,157,6,0,0,,3.8,1.5,1.0,0.5,0.5,0.3,0.000412,0.001305,-0.000893,1,1,1,-0.000163,20,1,,1,0.167911,1,0.0,0,1,eef_not_near_object_dist=0.1679
trace_bbq_sauce_s25_w0_10_s20d_clean_seed0_job330056,bbq_sauce,25,161,7,0,0,,3.3,1.5,1.0,0.5,0.0,0.3,0.001002,0.000778,0.000224,1,1,1,-0.00030236,4,1,,1,0.16719,1,0.0,0,1,eef_not_near_object_dist=0.1672
trace_bbq_sauce_s25_w0_10_s20d_clean_seed0_job330056,bbq_sauce,25,198,8,0,0,,3.8,1.5,1.0,0.5,0.5,0.3,0.000698,0.00075,-5.2e-05,1,1,1,-0.00068276,37,1,,1,0.161954,1,0.0,0,1,eef_not_near_object_dist=0.1620
trace_bbq_sauce_s25_w0_10_s20d_clean_seed0_job330056,bbq_sauce,25,203,9,0,0,,3.3,1.5,1.0,0.5,0.0,0.3,0.000655,0.000616,3.9e-05,1,1,1,-0.00137619,5,1,,1,0.161237,1,0.0,0,1,eef_not_near_object_dist=0.1612
trace_bbq_sauce_s25_w0_10_s20d_clean_seed0_job330056,bbq_sauce,25,207,10,0,0,,3.3,1.5,1.0,0.5,0.0,0.3,0.000456,0.000358,9.8e-05,1,1,1,-0.00169554,4,1,,1,0.160759,1,0.0,0,1,eef_not_near_object_dist=0.1608
trace_bbq_sauce_s25_w0_10_s20d_clean_seed0_job330056,bbq_sauce,25,212,11,0,0,,3.3,1.5,1.0,0.5,0.0,0.3,0.000523,0.000454,6.9e-05,1,1,1,-0.00164196,5,1,,1,0.160023,1,0.0,0,1,eef_not_near_object_dist=0.1600
trace_bbq_sauce_s25_w0_10_s20d_clean_seed0_job330056,bbq_sauce,25,219,12,0,0,,3.8,1.5,1.0,0.5,0.5,0.3,0.000688,0.000725,-3.7e-05,1,1,1,-0.00140867,7,1,,1,0.15863,1,0.0,0,1,eef_not_near_object_dist=0.1586
trace_bbq_sauce_s25_w0_10_s20d_clean_seed0_job330056,bbq_sauce,25,222,13,0,0,,3.3,1.5,1.0,0.5,0.0,0.3,0.000434,0.000385,4.9e-05,1,1,1,-0.002157,3,1,,1,0.158347,1,0.0,0,1,eef_not_near_object_dist=0.1583
trace_bbq_sauce_s25_w0_10_s20d_clean_seed0_job330056,bbq_sauce,25,226,14,0,0,,3.3,1.5,1.0,0.5,0.0,0.3,0.000535,0.000467,6.8e-05,1,1,1,-0.0019608,4,1,,1,0.158029,1,0.0,0,1,eef_not_near_object_dist=0.1580
trace_bbq_sauce_s25_w0_10_s20d_clean_seed0_job330056,bbq_sauce,25,234,15,0,0,,3.8,1.5,1.0,0.5,0.5,0.3,0.000595,0.000608,-1.3e-05,1,1,1,-0.00145737,8,1,,1,0.15685,1,0.0,0,1,eef_not_near_object_dist=0.1569
trace_bbq_sauce_s25_w0_10_s20d_clean_seed0_job330056,bbq_sauce,25,257,16,0,0,,3.3,1.5,1.0,0.5,0.0,0.3,0.009621,0.007971,0.00165,1,1,1,-0.00037098,23,1,,1,0.158385,1,0.0,0,1,eef_not_near_object_dist=0.1584
trace_bbq_sauce_s26_w0_10_s20d_clean_seed0_job330057,bbq_sauce,26,53,0,0,0,,3.3,1.5,1.0,0.5,0.0,0.3,0.015068,0.018815,-0.003747,1,1,1,4.622e-05,,1,,1,0.030481,1,0.002533,7,1,no_sustained_vertical_lift_type=sustained_horizontal_transport
trace_bbq_sauce_s26_w0_10_s20d_clean_seed0_job330057,bbq_sauce,26,55,1,0,0,,3.3,1.5,1.0,0.5,0.0,0.3,0.014023,0.01378,0.000243,1,1,1,8.828e-05,2,1,,1,0.030524,1,0.002533,7,0,no_sustained_vertical_lift_type=sustained_horizontal_transport
trace_bbq_sauce_s26_w0_10_s20d_clean_seed0_job330057,bbq_sauce,26,88,2,0,0,,3.3,1.5,1.0,0.5,0.0,0.3,0.021164,0.022998,-0.001834,1,1,1,6.43e-05,33,1,,1,0.051203,1,0.0,0,0,no_sustained_vertical_lift_type=no_sustained_motion
trace_bbq_sauce_s26_w0_10_s20d_clean_seed0_job330057,bbq_sauce,26,109,3,0,0,,3.3,1.5,1.0,0.5,0.0,0.3,0.012305,0.015901,-0.003596,1,1,1,7.031e-05,21,1,,1,0.130671,1,0.0,0,1,eef_not_near_object_dist=0.1307
trace_bbq_sauce_s26_w0_10_s20d_clean_seed0_job330057,bbq_sauce,26,132,4,0,0,,3.3,1.5,1.0,0.5,0.0,0.3,0.020122,0.020225,-0.000103,1,1,1,0.00053574,23,1,,1,0.028486,1,0.000795,9,1,no_sustained_vertical_lift_type=sustained_horizontal_transport
trace_bbq_sauce_s26_w0_10_s20d_clean_seed0_job330057,bbq_sauce,26,139,5,0,0,,3.8,1.5,1.0,0.5,0.5,0.3,0.005792,0.011989,-0.006197,1,1,1,0.00021274,7,1,,1,0.048117,1,0.0,0,0,no_sustained_vertical_lift_type=no_sustained_motion
trace_bbq_sauce_s26_w0_10_s20d_clean_seed0_job330057,bbq_sauce,26,155,6,0,0,,3.3,1.5,1.0,0.5,0.0,0.3,0.010916,0.009,0.001916,1,1,1,0.0001886,16,1,,1,0.11714,1,0.0,0,1,eef_not_near_object_dist=0.1171
trace_bbq_sauce_s26_w0_10_s20d_clean_seed0_job330057,bbq_sauce,26,165,7,0,0,,3.3,1.5,1.0,0.5,0.0,0.3,0.022026,0.018182,0.003844,1,1,1,0.00019158,10,1,,1,0.09117,1,0.0,0,1,eef_not_near_object_dist=0.0912
trace_bbq_sauce_s26_w0_10_s20d_clean_seed0_job330057,bbq_sauce,26,167,8,0,0,,3.8,1.5,1.0,0.5,0.5,0.3,0.009685,0.018563,-0.008878,1,1,1,0.0001476,2,1,,1,0.08949,1,0.0,0,1,eef_not_near_object_dist=0.0895
trace_bbq_sauce_s26_w0_10_s20d_clean_seed0_job330057,bbq_sauce,26,171,9,0,0,,3.8,1.5,1.0,0.5,0.5,0.3,0.007329,0.008436,-0.001107,1,1,1,0.00017103,4,1,,1,0.097006,1,0.0,0,1,eef_not_near_object_dist=0.0970
trace_bbq_sauce_s26_w0_10_s20d_clean_seed0_job330057,bbq_sauce,26,174,10,0,0,,3.3,1.5,1.0,0.5,0.0,0.3,0.010076,0.010702,-0.000626,1,1,1,0.00014166,3,1,,1,0.106243,1,0.0,0,1,eef_not_near_object_dist=0.1062
trace_bbq_sauce_s26_w0_10_s20d_clean_seed0_job330057,bbq_sauce,26,212,11,0,0,,3.8,1.5,1.0,0.5,0.5,0.3,0.007831,0.008415,-0.000584,1,1,1,0.00025363,38,1,,1,0.082654,1,0.0,0,1,eef_not_near_object_dist=0.0827
trace_bbq_sauce_s26_w0_10_s20d_clean_seed0_job330057,bbq_sauce,26,219,12,0,0,,3.3,1.5,1.0,0.5,0.0,0.3,0.012572,0.024166,-0.011594,1,1,1,0.00036997,7,1,,1,0.117233,1,0.0,0,1,eef_not_near_object_dist=0.1172
trace_bbq_sauce_s26_w0_10_s20d_clean_seed0_job330057,bbq_sauce,26,222,13,0,0,,3.8,1.5,1.0,0.5,0.5,0.3,0.007329,0.009978,-0.002649,1,1,1,0.00020238,3,1,,1,0.120731,1,0.0,0,1,eef_not_near_object_dist=0.1207
trace_bbq_sauce_s27_w0_10_s20d_clean_seed0_job330058,bbq_sauce,27,61,0,1,1,0,3.3,1.5,1.0,0.5,0.0,0.3,0.02414,0.024102,3.8e-05,1,1,1,1.651e-05,,1,,1,0.026644,1,0.052029,7,1,
trace_bbq_sauce_s28_w0_10_s20d_clean_seed0_job330059,bbq_sauce,28,41,0,0,0,-45,3.3,1.5,1.0,0.5,0.0,0.3,0.021146,0.021088,5.8e-05,1,1,1,-2.687e-05,,1,,1,0.050914,1,0.000443,0,1,no_sustained_vertical_lift_type=no_sustained_motion
trace_bbq_sauce_s28_w0_10_s20d_clean_seed0_job330059,bbq_sauce,28,44,1,0,0,-42,3.3,1.5,1.0,0.5,0.0,0.3,0.018236,0.01796,0.000276,1,1,1,4.6e-06,3,1,,1,0.037489,1,0.000443,0,1,no_sustained_vertical_lift_type=no_sustained_motion
trace_bbq_sauce_s28_w0_10_s20d_clean_seed0_job330059,bbq_sauce,28,66,2,0,0,-20,3.3,1.5,1.0,0.5,0.0,0.3,0.015877,0.015575,0.000302,1,1,1,-3.91e-05,22,1,,1,0.094874,1,0.0,0,1,eef_not_near_object_dist=0.0949
trace_bbq_sauce_s28_w0_10_s20d_clean_seed0_job330059,bbq_sauce,28,86,3,1,1,0,3.3,1.5,1.0,0.5,0.0,0.3,0.016868,0.016168,0.0007,1,1,1,-5.982e-05,20,1,,1,0.026854,1,0.01704,3,1,
trace_bbq_sauce_s28_w0_10_s20d_clean_seed0_job330059,bbq_sauce,28,154,4,0,0,68,3.3,1.5,1.0,0.5,0.0,0.3,0.020573,0.024361,-0.003788,1,1,1,-0.005823,68,1,,1,0.023655,1,0.0,0,1,no_sustained_vertical_lift_type=no_sustained_motion
trace_bbq_sauce_s29_w0_10_s20d_clean_seed0_job330060,bbq_sauce,29,65,0,0,1,,3.3,1.5,1.0,0.5,0.0,0.3,0.011337,0.01079,0.000547,1,1,1,-4.246e-05,,1,,1,0.046828,1,0.037907,4,1,
trace_bbq_sauce_s29_w0_10_s20d_clean_seed0_job330060,bbq_sauce,29,67,1,0,1,,3.3,1.5,1.0,0.5,0.0,0.3,0.01067,0.011194,-0.000524,1,1,1,-2.079e-05,2,1,,1,0.039948,1,0.060834,6,1,
trace_bbq_sauce_s29_w0_10_s20d_clean_seed0_job330060,bbq_sauce,29,142,2,0,0,,3.8,1.5,1.0,0.5,0.5,0.3,0.008733,0.013353,-0.00462,1,1,1,8.084e-05,75,1,,1,0.025047,1,0.0,0,1,no_sustained_vertical_lift_type=no_sustained_motion
trace_bbq_sauce_s29_w0_10_s20d_clean_seed0_job330060,bbq_sauce,29,145,3,0,0,,3.8,1.5,1.0,0.5,0.5,0.3,0.004565,0.005401,-0.000836,1,1,1,1.845e-05,3,1,,1,0.025045,1,0.000794,0,1,no_sustained_vertical_lift_type=no_sustained_motion
trace_bbq_sauce_s29_w0_10_s20d_clean_seed0_job330060,bbq_sauce,29,147,4,0,0,,3.8,1.5,1.0,0.5,0.5,0.3,0.001387,0.003122,-0.001735,1,1,1,-6.53e-06,2,1,,1,0.025044,1,0.001042,0,1,no_sustained_vertical_lift_type=no_sustained_motion
trace_bbq_sauce_s29_w0_10_s20d_clean_seed0_job330060,bbq_sauce,29,149,5,0,0,,3.8,1.5,1.0,0.5,0.5,0.3,0.000441,0.000838,-0.000397,1,1,1,-2.128e-05,2,1,,1,0.025044,1,0.000744,0,1,no_sustained_vertical_lift_type=no_sustained_motion
trace_bbq_sauce_s29_w0_10_s20d_clean_seed0_job330060,bbq_sauce,29,152,6,0,0,,3.8,1.5,1.0,0.5,0.5,0.3,0.000882,0.001256,-0.000374,1,1,1,-3.009e-05,3,1,,1,0.025044,1,0.0,0,1,no_sustained_vertical_lift_type=no_sustained_motion
trace_bbq_sauce_s29_w0_10_s20d_clean_seed0_job330060,bbq_sauce,29,157,7,0,0,,3.8,1.5,1.0,0.5,0.5,0.3,0.000134,0.000172,-3.8e-05,1,1,1,-3.532e-05,5,1,,1,0.025043,1,0.0,0,1,no_sustained_vertical_lift_type=no_sustained_motion
trace_bbq_sauce_s29_w0_10_s20d_clean_seed0_job330060,bbq_sauce,29,163,8,0,0,,3.8,1.5,1.0,0.5,0.5,0.3,0.000354,0.000354,0.0,1,1,1,-3.657e-05,6,1,,1,0.025041,1,0.0,0,1,no_sustained_vertical_lift_type=no_sustained_motion
trace_bbq_sauce_s29_w0_10_s20d_clean_seed0_job330060,bbq_sauce,29,166,9,0,0,,3.3,1.5,1.0,0.5,0.0,0.3,0.001262,0.000927,0.000335,1,1,1,-3.891e-05,3,1,,1,0.02504,1,0.0,0,1,no_sustained_vertical_lift_type=no_sustained_motion
trace_bbq_sauce_s30_w0_10_s20d_clean_seed0_job330061,bbq_sauce,30,39,0,0,0,-47,3.3,1.5,1.0,0.5,0.0,0.3,0.021714,0.023222,-0.001508,1,1,1,-2.4e-05,,1,,1,0.050023,1,0.0,0,1,no_sustained_vertical_lift_type=no_sustained_motion
trace_bbq_sauce_s30_w0_10_s20d_clean_seed0_job330061,bbq_sauce,30,42,1,0,0,-44,3.3,1.5,1.0,0.5,0.0,0.3,0.014102,0.015472,-0.00137,1,1,1,3.413e-05,3,1,,1,0.053605,1,0.0,0,1,no_sustained_vertical_lift_type=no_sustained_motion
trace_bbq_sauce_s30_w0_10_s20d_clean_seed0_job330061,bbq_sauce,30,69,2,0,0,-17,3.3,1.5,1.0,0.5,0.0,0.3,0.014691,0.021866,-0.007175,1,1,1,5.592e-05,27,1,,1,0.11405,1,0.0,0,1,eef_not_near_object_dist=0.1140
trace_bbq_sauce_s30_w0_10_s20d_clean_seed0_job330061,bbq_sauce,30,86,3,1,1,0,3.8,1.5,1.0,0.5,0.5,0.3,0.007827,0.008277,-0.00045,1,1,1,0.00014688,17,1,,1,0.034336,1,0.023601,5,0,
trace_bbq_sauce_s30_w0_10_s20d_clean_seed0_job330061,bbq_sauce,30,106,4,0,0,20,3.3,1.5,1.0,0.5,0.0,0.3,0.026242,0.033824,-0.007582,1,1,1,6.681e-05,20,1,,1,0.161835,1,0.0,0,1,eef_not_near_object_dist=0.1618
trace_bbq_sauce_s31_w0_10_s20d_clean_seed0_job330062,bbq_sauce,31,216,0,0,0,,3.3,1.5,1.0,0.5,0.0,0.3,0.023757,0.024402,-0.000645,1,1,1,2.95e-06,,1,,1,0.042681,1,0.0,0,0,no_sustained_vertical_lift_type=no_sustained_motion
trace_bbq_sauce_s31_w0_10_s20d_clean_seed0_job330062,bbq_sauce,31,221,1,0,0,,3.3,1.5,1.0,0.5,0.0,0.3,0.012426,0.011732,0.000694,1,1,1,5.28e-06,5,1,,1,0.055097,1,0.0,0,0,no_sustained_vertical_lift_type=no_sustained_motion
trace_bbq_sauce_s31_w0_10_s20d_clean_seed0_job330062,bbq_sauce,31,260,2,0,0,,3.3,1.5,1.0,0.5,0.0,0.3,0.019923,0.022601,-0.002678,1,1,1,-0.00014119,39,1,,1,0.056232,1,0.0,0,1,no_sustained_vertical_lift_type=no_sustained_motion
trace_bbq_sauce_s31_w0_10_s20d_clean_seed0_job330062,bbq_sauce,31,269,3,0,0,,3.3,1.5,1.0,0.5,0.0,0.3,0.005541,0.002201,0.00334,1,1,1,-0.00015783,9,1,,1,0.055247,1,0.0,0,0,no_sustained_vertical_lift_type=no_sustained_motion
trace_bbq_sauce_s32_w0_10_s20d_clean_seed0_job330063,bbq_sauce,32,133,0,0,0,,3.8,1.5,1.0,0.5,0.5,0.3,0.006506,0.010351,-0.003845,1,1,1,1.644e-05,,1,,1,0.066436,1,0.0,0,1,no_sustained_vertical_lift_type=no_sustained_motion
trace_bbq_sauce_s32_w0_10_s20d_clean_seed0_job330063,bbq_sauce,32,137,1,0,0,,3.8,1.5,1.0,0.5,0.5,0.3,0.003764,0.004538,-0.000774,1,1,1,4.664e-05,4,1,,1,0.063792,1,0.0,0,1,no_sustained_vertical_lift_type=no_sustained_motion
trace_bbq_sauce_s32_w0_10_s20d_clean_seed0_job330063,bbq_sauce,32,145,2,0,0,,3.8,1.5,1.0,0.5,0.5,0.3,0.00858,0.00958,-0.001,1,1,1,3.412e-05,8,1,,1,0.055085,1,0.0,0,1,no_sustained_vertical_lift_type=no_sustained_motion
trace_bbq_sauce_s32_w0_10_s20d_clean_seed0_job330063,bbq_sauce,32,151,3,0,1,,3.8,1.5,1.0,0.5,0.5,0.3,0.000749,0.001232,-0.000483,1,1,1,2.256e-05,6,1,,1,0.057442,1,0.010499,2,1,
trace_bbq_sauce_s32_w0_10_s20d_clean_seed0_job330063,bbq_sauce,32,153,4,0,1,,3.8,1.5,1.0,0.5,0.5,0.3,0.000842,0.001375,-0.000533,1,1,1,4.949e-05,2,1,,1,0.057112,1,0.022291,4,1,
trace_bbq_sauce_s32_w0_10_s20d_clean_seed0_job330063,bbq_sauce,32,155,5,0,1,,3.8,1.5,1.0,0.5,0.5,0.3,0.000506,0.001013,-0.000507,1,1,1,1.408e-05,2,1,,1,0.057228,1,0.036123,6,1,
trace_bbq_sauce_s33_w0_10_s20d_clean_seed0_job330064,bbq_sauce,33,49,0,1,1,0,3.3,1.5,1.0,0.5,0.0,0.3,0.020786,0.022851,-0.002065,1,1,1,-2.37e-05,,1,,1,0.030181,1,0.058495,7,1,
trace_bbq_sauce_s34_w0_10_s20d_clean_seed0_job330065,bbq_sauce,34,76,0,0,0,,3.8,1.5,1.0,0.5,0.5,0.3,0.004523,0.007032,-0.002509,1,1,1,-1.673e-05,,1,,1,0.072744,1,0.0,0,1,no_sustained_vertical_lift_type=no_sustained_motion
trace_bbq_sauce_s34_w0_10_s20d_clean_seed0_job330065,bbq_sauce,34,78,1,0,0,,3.8,1.5,1.0,0.5,0.5,0.3,0.00207,0.003467,-0.001397,1,1,1,-4.841e-05,2,1,,1,0.071986,1,0.0,0,0,no_sustained_vertical_lift_type=no_sustained_motion
trace_bbq_sauce_s34_w0_10_s20d_clean_seed0_job330065,bbq_sauce,34,80,2,0,0,,3.8,1.5,1.0,0.5,0.5,0.3,0.001123,0.001444,-0.000321,1,1,1,-1.854e-05,2,1,,1,0.071883,1,0.0,0,0,no_sustained_vertical_lift_type=no_sustained_motion
trace_bbq_sauce_s34_w0_10_s20d_clean_seed0_job330065,bbq_sauce,34,104,3,0,0,,3.3,1.5,1.0,0.5,0.0,0.3,0.005277,0.004725,0.000552,1,1,1,-0.0002299,24,1,,1,0.118319,1,0.0,0,1,eef_not_near_object_dist=0.1183
trace_bbq_sauce_s34_w0_10_s20d_clean_seed0_job330065,bbq_sauce,34,111,4,0,0,,3.3,1.5,1.0,0.5,0.0,0.3,0.010265,0.003883,0.006382,1,1,1,-0.00026453,7,1,,1,0.131322,1,0.0,0,1,eef_not_near_object_dist=0.1313
trace_bbq_sauce_s34_w0_10_s20d_clean_seed0_job330065,bbq_sauce,34,129,5,0,0,,3.3,1.5,1.0,0.5,0.0,0.3,0.010189,0.012039,-0.00185,1,1,1,-0.00023795,18,1,,1,0.080017,1,0.0,0,1,eef_not_near_object_dist=0.0800
trace_bbq_sauce_s34_w0_10_s20d_clean_seed0_job330065,bbq_sauce,34,132,6,0,0,,3.8,1.5,1.0,0.5,0.5,0.3,0.002378,0.004106,-0.001728,1,1,1,-0.00024184,3,1,,1,0.078109,1,0.0,0,1,no_sustained_vertical_lift_type=no_sustained_motion
trace_bbq_sauce_s34_w0_10_s20d_clean_seed0_job330065,bbq_sauce,34,137,7,0,0,,3.3,1.5,1.0,0.5,0.0,0.3,0.001752,0.000954,0.000798,1,1,1,-0.00026958,5,1,,1,0.075602,1,0.0,0,1,no_sustained_vertical_lift_type=no_sustained_motion
trace_bbq_sauce_s34_w0_10_s20d_clean_seed0_job330065,bbq_sauce,34,151,8,0,0,,3.8,1.5,1.0,0.5,0.5,0.3,0.006663,0.008116,-0.001453,1,1,1,9.12e-05,14,1,,1,0.066873,1,0.002332,11,1,no_sustained_vertical_lift_type=sustained_horizontal_transport
trace_bbq_sauce_s34_w0_10_s20d_clean_seed0_job330065,bbq_sauce,34,181,9,0,0,,3.3,1.5,1.0,0.5,0.0,0.3,0.007068,0.003297,0.003771,1,1,1,-0.00023528,30,1,,1,0.171994,1,0.0,0,1,eef_not_near_object_dist=0.1720
trace_bbq_sauce_s34_w0_10_s20d_clean_seed0_job330065,bbq_sauce,34,202,10,0,0,,3.3,1.5,1.0,0.5,0.0,0.3,0.024857,0.026498,-0.001641,1,1,1,-0.00104036,21,1,,1,0.044846,1,0.00049,0,0,no_sustained_vertical_lift_type=no_sustained_motion
trace_bbq_sauce_s34_w0_10_s20d_clean_seed0_job330065,bbq_sauce,34,222,11,0,0,,3.3,1.5,1.0,0.5,0.0,0.3,0.023879,0.031695,-0.007816,1,1,1,-0.00028222,20,1,,1,0.135909,1,0.0,0,1,eef_not_near_object_dist=0.1359
trace_bbq_sauce_s34_w0_10_s20d_clean_seed0_job330065,bbq_sauce,34,224,12,0,0,,3.8,1.5,1.0,0.5,0.5,0.3,0.008786,0.016485,-0.007699,1,1,1,-0.00028754,2,1,,1,0.140406,1,0.0,0,1,eef_not_near_object_dist=0.1404
trace_bbq_sauce_s34_w0_10_s20d_clean_seed0_job330065,bbq_sauce,34,230,13,0,0,,3.8,1.5,1.0,0.5,0.5,0.3,0.003373,0.014557,-0.011184,1,1,1,-0.00029518,6,1,,1,0.160815,1,0.0,0,1,eef_not_near_object_dist=0.1608
trace_bbq_sauce_s34_w0_10_s20d_clean_seed0_job330065,bbq_sauce,34,233,14,0,0,,3.8,1.5,1.0,0.5,0.5,0.3,0.003015,0.006723,-0.003708,1,1,1,-0.00029348,3,1,,1,0.157847,1,0.0,0,1,eef_not_near_object_dist=0.1578
trace_bbq_sauce_s34_w0_10_s20d_clean_seed0_job330065,bbq_sauce,34,237,15,0,0,,3.8,1.5,1.0,0.5,0.5,0.3,0.00328,0.004989,-0.001709,1,1,1,-0.00028533,4,1,,1,0.160608,1,0.0,0,1,eef_not_near_object_dist=0.1606
trace_bbq_sauce_s34_w0_10_s20d_clean_seed0_job330065,bbq_sauce,34,253,16,0,0,,3.3,1.5,1.0,0.5,0.0,0.3,0.025866,0.02654,-0.000674,1,1,1,-0.00027929,16,1,,1,0.058745,1,0.0,0,0,no_sustained_vertical_lift_type=no_sustained_motion
trace_bbq_sauce_s36_w0_10_s20d_clean_seed0_job330067,bbq_sauce,36,50,0,0,0,,3.3,1.5,1.0,0.5,0.0,0.3,0.014648,0.017124,-0.002476,1,1,1,-3.554e-05,,1,,1,0.03676,1,0.002273,6,1,no_sustained_vertical_lift_type=sustained_horizontal_transport
trace_bbq_sauce_s36_w0_10_s20d_clean_seed0_job330067,bbq_sauce,36,69,1,0,0,,3.3,1.5,1.0,0.5,0.0,0.3,0.019146,0.020413,-0.001267,1,1,1,-0.00012255,19,1,,1,0.086203,1,0.0,0,1,eef_not_near_object_dist=0.0862
trace_bbq_sauce_s36_w0_10_s20d_clean_seed0_job330067,bbq_sauce,36,76,2,0,0,,3.3,1.5,1.0,0.5,0.0,0.3,0.015922,0.019217,-0.003295,1,1,1,-0.00012423,7,1,,1,0.119015,1,0.0,0,1,eef_not_near_object_dist=0.1190
trace_bbq_sauce_s36_w0_10_s20d_clean_seed0_job330067,bbq_sauce,36,79,3,0,0,,3.8,1.5,1.0,0.5,0.5,0.3,0.001855,0.003405,-0.00155,1,1,1,-0.00013388,3,1,,1,0.118624,1,0.0,0,1,eef_not_near_object_dist=0.1186
trace_bbq_sauce_s36_w0_10_s20d_clean_seed0_job330067,bbq_sauce,36,82,4,0,0,,3.8,1.5,1.0,0.5,0.5,0.3,0.001817,0.0034,-0.001583,1,1,1,-0.00013361,3,1,,1,0.117911,1,0.0,0,1,eef_not_near_object_dist=0.1179
trace_bbq_sauce_s36_w0_10_s20d_clean_seed0_job330067,bbq_sauce,36,102,5,0,0,,3.3,1.5,1.0,0.5,0.0,0.3,0.021078,0.020094,0.000984,1,1,1,-0.00014937,20,1,,1,0.053164,1,0.0,0,1,no_sustained_vertical_lift_type=no_sustained_motion
trace_bbq_sauce_s36_w0_10_s20d_clean_seed0_job330067,bbq_sauce,36,117,6,0,0,,3.8,1.5,1.0,0.5,0.5,0.3,0.002176,0.00366,-0.001484,1,1,1,-0.00017647,15,1,,1,0.06219,1,0.0,0,1,no_sustained_vertical_lift_type=no_sustained_motion
trace_bbq_sauce_s36_w0_10_s20d_clean_seed0_job330067,bbq_sauce,36,190,7,0,0,,3.8,1.5,1.0,0.5,0.5,0.3,0.000178,0.000485,-0.000307,1,1,1,-0.00034454,73,1,,1,0.071761,1,1.3e-05,0,1,no_sustained_vertical_lift_type=no_sustained_motion
trace_bbq_sauce_s36_w0_10_s20d_clean_seed0_job330067,bbq_sauce,36,196,8,0,0,,3.8,1.5,1.0,0.5,0.5,0.3,0.000403,0.000591,-0.000188,1,1,1,-0.00035814,6,1,,1,0.072253,1,0.0,0,1,no_sustained_vertical_lift_type=no_sustained_motion
trace_bbq_sauce_s36_w0_10_s20d_clean_seed0_job330067,bbq_sauce,36,199,9,0,0,,3.3,1.5,1.0,0.5,0.0,0.3,0.001998,0.00151,0.000488,1,1,1,-0.00036126,3,1,,1,0.072674,1,0.0,0,1,no_sustained_vertical_lift_type=no_sustained_motion
trace_bbq_sauce_s37_w0_10_s20d_clean_seed0_job330068,bbq_sauce,37,50,0,0,1,,3.3,1.5,1.0,0.5,0.0,0.3,0.022657,0.022436,0.000221,1,1,1,-1.51e-06,,1,,1,0.035232,1,0.029969,4,1,
trace_bbq_sauce_s37_w0_10_s20d_clean_seed0_job330068,bbq_sauce,37,54,1,0,1,,3.3,1.5,1.0,0.5,0.0,0.3,0.016114,0.019963,-0.003849,1,1,1,3.097e-05,4,1,,1,0.018051,1,0.069369,9,1,
trace_bbq_sauce_s37_w0_10_s20d_clean_seed0_job330068,bbq_sauce,37,115,2,0,0,,3.3,1.5,1.0,0.5,0.0,0.3,0.013168,0.014807,-0.001639,1,1,1,0.00021723,61,1,,1,0.021119,1,0.0,2,1,no_sustained_vertical_lift_type=sustained_horizontal_transport
trace_bbq_sauce_s37_w0_10_s20d_clean_seed0_job330068,bbq_sauce,37,121,3,0,0,,3.8,1.5,1.0,0.5,0.5,0.3,0.002989,0.004554,-0.001565,1,1,1,0.0001047,6,1,,1,0.021138,1,0.000444,0,1,no_sustained_vertical_lift_type=no_sustained_motion
trace_bbq_sauce_s38_w0_10_s20d_clean_seed0_job330069,bbq_sauce,38,58,0,1,1,0,3.3,1.5,1.0,0.5,0.0,0.3,0.020121,0.024445,-0.004324,1,1,1,3.59e-06,,1,,1,0.02969,1,0.021701,4,1,
trace_bbq_sauce_s38_w0_10_s20d_clean_seed0_job330069,bbq_sauce,38,79,1,0,0,21,3.3,1.5,1.0,0.5,0.0,0.3,0.027728,0.032706,-0.004978,1,1,1,-0.00061647,21,1,,1,0.12244,1,0.0,0,1,eef_not_near_object_dist=0.1224
trace_bbq_sauce_s38_w0_10_s20d_clean_seed0_job330069,bbq_sauce,38,82,2,0,0,24,3.3,1.5,1.0,0.5,0.0,0.3,0.010479,0.015409,-0.00493,1,1,1,-0.00020586,3,1,,1,0.130317,1,0.0,0,1,eef_not_near_object_dist=0.1303
trace_bbq_sauce_s38_w0_10_s20d_clean_seed0_job330069,bbq_sauce,38,109,3,0,0,51,3.3,1.5,1.0,0.5,0.0,0.3,0.017095,0.015027,0.002068,1,1,1,-1.545e-05,27,1,,1,0.054091,1,0.0,0,1,no_sustained_vertical_lift_type=no_sustained_motion
trace_bbq_sauce_s38_w0_10_s20d_clean_seed0_job330069,bbq_sauce,38,129,4,0,0,71,3.3,1.5,1.0,0.5,0.0,0.3,0.009974,0.009408,0.000566,1,1,1,-1.1e-06,20,1,,1,0.072606,1,0.0,0,0,no_sustained_vertical_lift_type=no_sustained_motion
trace_bbq_sauce_s38_w0_10_s20d_clean_seed0_job330069,bbq_sauce,38,132,5,0,0,74,3.3,1.5,1.0,0.5,0.0,0.3,0.020849,0.018301,0.002548,1,1,1,-4.398e-05,3,1,,1,0.081471,1,0.0,0,1,eef_not_near_object_dist=0.0815
trace_bbq_sauce_s38_w0_10_s20d_clean_seed0_job330069,bbq_sauce,38,147,6,0,0,89,3.3,1.5,1.0,0.5,0.0,0.3,0.019505,0.01717,0.002335,1,1,1,-0.0001217,15,1,,1,0.05902,1,0.0,0,0,no_sustained_vertical_lift_type=no_sustained_motion
trace_bbq_sauce_s38_w0_10_s20d_clean_seed0_job330069,bbq_sauce,38,150,7,0,0,92,3.3,1.5,1.0,0.5,0.0,0.3,0.021013,0.020176,0.000837,1,1,1,-0.00011967,3,1,,1,0.064348,1,0.0,0,0,no_sustained_vertical_lift_type=no_sustained_motion
trace_bbq_sauce_s39_w0_10_s20d_clean_seed0_job330070,bbq_sauce,39,44,0,0,0,-47,3.3,1.5,1.0,0.5,0.0,0.3,0.020289,0.020085,0.000204,1,1,1,-2.19e-06,,1,,1,0.035986,1,0.002945,3,1,no_sustained_vertical_lift_type=sustained_horizontal_transport
trace_bbq_sauce_s39_w0_10_s20d_clean_seed0_job330070,bbq_sauce,39,91,1,1,1,0,3.3,1.5,1.0,0.5,0.0,0.3,0.017931,0.018019,-8.8e-05,1,1,1,-0.00011964,47,1,,1,0.048463,1,0.045981,6,1,
trace_bbq_sauce_s40_w0_10_s20d_clean_seed0_job330071,bbq_sauce,40,52,0,0,0,,3.3,1.5,1.0,0.5,0.0,0.3,0.018621,0.01826,0.000361,1,1,1,-8.83e-06,,1,,1,0.038376,1,0.000259,0,1,no_sustained_vertical_lift_type=no_sustained_motion
trace_bbq_sauce_s40_w0_10_s20d_clean_seed0_job330071,bbq_sauce,40,55,1,0,0,,3.3,1.5,1.0,0.5,0.0,0.3,0.019922,0.021107,-0.001185,1,1,1,-3.49e-06,3,1,,1,0.032979,1,0.001664,0,1,no_sustained_vertical_lift_type=no_sustained_motion
trace_bbq_sauce_s40_w0_10_s20d_clean_seed0_job330071,bbq_sauce,40,102,2,0,0,,3.3,1.5,1.0,0.5,0.0,0.3,0.01673,0.016605,0.000125,1,1,1,-4.374e-05,47,1,,1,0.037292,1,0.001313,0,1,no_sustained_vertical_lift_type=no_sustained_motion
trace_bbq_sauce_s40_w0_10_s20d_clean_seed0_job330071,bbq_sauce,40,115,3,0,0,,3.3,1.5,1.0,0.5,0.0,0.3,0.013617,0.013344,0.000273,1,1,1,-0.00010137,13,1,,1,0.059906,1,0.0,0,0,no_sustained_vertical_lift_type=no_sustained_motion
trace_bbq_sauce_s40_w0_10_s20d_clean_seed0_job330071,bbq_sauce,40,137,4,0,0,,3.8,1.5,1.0,0.5,0.5,0.3,0.003039,0.005874,-0.002835,1,1,1,-0.00018334,22,1,,1,0.135505,1,0.0,0,1,eef_not_near_object_dist=0.1355
trace_bbq_sauce_s40_w0_10_s20d_clean_seed0_job330071,bbq_sauce,40,141,5,0,0,,3.8,1.5,1.0,0.5,0.5,0.3,0.00479,0.006088,-0.001298,1,1,1,-0.00018068,4,1,,1,0.136776,1,0.0,0,1,eef_not_near_object_dist=0.1368
trace_bbq_sauce_s40_w0_10_s20d_clean_seed0_job330071,bbq_sauce,40,143,6,0,0,,3.3,1.5,1.0,0.5,0.0,0.3,0.010009,0.007548,0.002461,1,1,1,-0.00018394,2,1,,1,0.13289,1,0.0,0,1,eef_not_near_object_dist=0.1329
trace_bbq_sauce_s40_w0_10_s20d_clean_seed0_job330071,bbq_sauce,40,149,7,0,0,,3.3,1.5,1.0,0.5,0.0,0.3,0.009484,0.003845,0.005639,1,1,1,-0.00018074,6,1,,1,0.135868,1,0.0,0,1,eef_not_near_object_dist=0.1359
trace_bbq_sauce_s40_w0_10_s20d_clean_seed0_job330071,bbq_sauce,40,153,8,0,0,,3.3,1.5,1.0,0.5,0.0,0.3,0.008257,0.008197,6e-05,1,1,1,-0.00017723,4,1,,1,0.144532,1,0.0,0,1,eef_not_near_object_dist=0.1445
trace_bbq_sauce_s40_w0_10_s20d_clean_seed0_job330071,bbq_sauce,40,157,9,0,0,,3.8,1.5,1.0,0.5,0.5,0.3,0.006138,0.006368,-0.00023,1,1,1,-0.00018167,4,1,,1,0.14483,1,0.0,0,1,eef_not_near_object_dist=0.1448
trace_bbq_sauce_s40_w0_10_s20d_clean_seed0_job330071,bbq_sauce,40,192,10,0,0,,3.3,1.5,1.0,0.5,0.0,0.3,0.020829,0.021117,-0.000288,1,1,1,-0.00017495,35,1,,1,0.110423,1,0.0,0,1,eef_not_near_object_dist=0.1104
trace_bbq_sauce_s40_w0_10_s20d_clean_seed0_job330071,bbq_sauce,40,195,11,0,0,,3.3,1.5,1.0,0.5,0.0,0.3,0.01329,0.01726,-0.00397,1,1,1,-0.00020066,3,1,,1,0.117828,1,0.0,0,1,eef_not_near_object_dist=0.1178
trace_bbq_sauce_s41_w0_10_s20d_clean_seed0_job330072,bbq_sauce,41,48,0,0,0,,3.3,1.5,1.0,0.5,0.0,0.3,0.013681,0.009875,0.003806,1,1,1,-1.077e-05,,1,,1,0.044364,1,0.002029,0,1,no_sustained_vertical_lift_type=no_sustained_motion
trace_bbq_sauce_s41_w0_10_s20d_clean_seed0_job330072,bbq_sauce,41,71,1,0,0,,3.3,1.5,1.0,0.5,0.0,0.3,0.014053,0.021763,-0.00771,1,1,1,-5.851e-05,23,1,,1,0.122617,1,0.0,0,1,eef_not_near_object_dist=0.1226
trace_bbq_sauce_s41_w0_10_s20d_clean_seed0_job330072,bbq_sauce,41,93,2,0,0,,3.3,1.5,1.0,0.5,0.0,0.3,0.020178,0.017706,0.002472,1,1,1,-7.574e-05,22,1,,1,0.044404,1,0.001818,4,0,no_sustained_vertical_lift_type=sustained_horizontal_transport
trace_bbq_sauce_s41_w0_10_s20d_clean_seed0_job330072,bbq_sauce,41,98,3,0,0,,3.3,1.5,1.0,0.5,0.0,0.3,0.012575,0.011849,0.000726,1,1,1,-6.075e-05,5,1,,1,0.037796,1,0.003233,4,0,no_sustained_vertical_lift_type=sustained_horizontal_transport
trace_bbq_sauce_s41_w0_10_s20d_clean_seed0_job330072,bbq_sauce,41,126,4,0,0,,3.3,1.5,1.0,0.5,0.0,0.3,0.015651,0.016545,-0.000894,1,1,1,-0.00014246,28,1,,1,0.121976,1,0.0,0,1,eef_not_near_object_dist=0.1220
trace_bbq_sauce_s41_w0_10_s20d_clean_seed0_job330072,bbq_sauce,41,128,5,0,0,,3.3,1.5,1.0,0.5,0.0,0.3,0.012071,0.01393,-0.001859,1,1,1,-0.00015287,2,1,,1,0.121294,1,0.0,0,1,eef_not_near_object_dist=0.1213
trace_bbq_sauce_s41_w0_10_s20d_clean_seed0_job330072,bbq_sauce,41,132,6,0,0,,3.3,1.5,1.0,0.5,0.0,0.3,0.012332,0.014416,-0.002084,1,1,1,0.00101534,4,1,,1,0.121413,1,0.0,0,1,eef_not_near_object_dist=0.1214
trace_bbq_sauce_s41_w0_10_s20d_clean_seed0_job330072,bbq_sauce,41,148,7,0,0,,3.3,1.5,1.0,0.5,0.0,0.3,0.000606,0.000583,2.3e-05,1,1,1,0.00218891,16,1,,1,0.118463,1,0.0,0,1,eef_not_near_object_dist=0.1185
trace_bbq_sauce_s41_w0_10_s20d_clean_seed0_job330072,bbq_sauce,41,150,8,0,0,,3.3,1.5,1.0,0.5,0.0,0.3,0.001216,0.001041,0.000175,1,1,1,0.0004096,2,1,,1,0.118264,1,0.0,0,1,eef_not_near_object_dist=0.1183
trace_bbq_sauce_s42_w0_10_s20d_clean_seed0_job330073,bbq_sauce,42,49,0,1,1,0,3.3,1.5,1.0,0.5,0.0,0.3,0.016885,0.01626,0.000625,1,1,1,-9.65e-06,,1,,1,0.0332,1,0.055925,7,1,
trace_bbq_sauce_s43_w0_10_s20d_clean_seed0_job330074,bbq_sauce,43,40,0,1,1,0,3.3,1.5,1.0,0.5,0.0,0.3,0.02185,0.022461,-0.000611,1,1,1,-2.741e-05,,1,,1,0.035351,1,0.048698,7,1,
trace_bbq_sauce_s43_w0_10_s20d_clean_seed0_job330074,bbq_sauce,43,102,1,0,0,62,3.8,1.5,1.0,0.5,0.5,0.3,0.009786,0.014977,-0.005191,1,1,1,0.00014286,62,1,,1,0.031521,1,0.0,0,1,no_sustained_vertical_lift_type=no_sustained_motion
trace_bbq_sauce_s44_w0_10_s20d_clean_seed0_job330075,bbq_sauce,44,54,0,0,0,,3.3,1.5,1.0,0.5,0.0,0.3,0.020453,0.020713,-0.00026,1,1,1,-4.279e-05,,1,,1,0.088538,1,0.0,0,1,eef_not_near_object_dist=0.0885
trace_bbq_sauce_s44_w0_10_s20d_clean_seed0_job330075,bbq_sauce,44,57,1,0,0,,3.3,1.5,1.0,0.5,0.0,0.3,0.013902,0.014759,-0.000857,1,1,1,-3.498e-05,3,1,,1,0.07525,1,0.0,0,1,no_sustained_vertical_lift_type=no_sustained_motion
trace_bbq_sauce_s44_w0_10_s20d_clean_seed0_job330075,bbq_sauce,44,59,2,0,0,,3.3,1.5,1.0,0.5,0.0,0.3,0.013696,0.014281,-0.000585,1,1,1,-5.105e-05,2,1,,1,0.067279,1,0.0,0,1,no_sustained_vertical_lift_type=no_sustained_motion
trace_bbq_sauce_s44_w0_10_s20d_clean_seed0_job330075,bbq_sauce,44,84,3,0,0,,3.3,1.5,1.0,0.5,0.0,0.3,0.018473,0.017203,0.00127,1,1,1,-0.00010605,25,1,,1,0.082313,1,0.0,0,1,eef_not_near_object_dist=0.0823
trace_bbq_sauce_s44_w0_10_s20d_clean_seed0_job330075,bbq_sauce,44,90,4,0,0,,3.3,1.5,1.0,0.5,0.0,0.3,0.021035,0.021479,-0.000444,1,1,1,-0.00012792,6,1,,1,0.121966,1,0.0,0,1,eef_not_near_object_dist=0.1220
trace_bbq_sauce_s44_w0_10_s20d_clean_seed0_job330075,bbq_sauce,44,108,5,0,0,,3.3,1.5,1.0,0.5,0.0,0.3,0.021552,0.021639,-8.7e-05,1,1,1,-0.00014534,18,1,,1,0.050204,1,0.000469,6,1,no_sustained_vertical_lift_type=sustained_horizontal_transport
trace_bbq_sauce_s44_w0_10_s20d_clean_seed0_job330075,bbq_sauce,44,110,6,0,0,,3.3,1.5,1.0,0.5,0.0,0.3,0.020181,0.02077,-0.000589,1,1,1,-0.00014519,2,1,,1,0.037583,1,0.000819,8,1,no_sustained_vertical_lift_type=sustained_horizontal_transport
trace_bbq_sauce_s44_w0_10_s20d_clean_seed0_job330075,bbq_sauce,44,112,7,0,0,,3.3,1.5,1.0,0.5,0.0,0.3,0.019346,0.018545,0.000801,1,1,1,-0.00014361,2,1,,1,0.025302,1,0.000954,9,1,no_sustained_vertical_lift_type=sustained_horizontal_transport
trace_bbq_sauce_s44_w0_10_s20d_clean_seed0_job330075,bbq_sauce,44,115,8,0,0,,3.3,1.5,1.0,0.5,0.0,0.3,0.012013,0.016078,-0.004065,1,1,1,-0.00017534,3,1,,1,0.01742,1,0.003103,0,1,no_sustained_vertical_lift_type=no_sustained_motion
trace_bbq_sauce_s45_w0_10_s20d_clean_seed0_job330076,bbq_sauce,45,6,0,0,0,-111,3.3,1.5,1.0,0.5,0.0,0.3,0.010089,0.010348,-0.000259,1,1,1,-1.551e-05,,1,,1,0.295512,1,0.0,0,1,eef_not_near_object_dist=0.2955
trace_bbq_sauce_s45_w0_10_s20d_clean_seed0_job330076,bbq_sauce,45,67,1,0,0,-50,3.8,1.5,1.0,0.5,0.5,0.3,0.001377,0.001512,-0.000135,1,1,1,-2.734e-05,61,1,,1,0.060504,1,0.0,0,0,no_sustained_vertical_lift_type=no_sustained_motion
trace_bbq_sauce_s45_w0_10_s20d_clean_seed0_job330076,bbq_sauce,45,94,2,0,0,-23,3.8,1.5,1.0,0.5,0.5,0.3,0.002972,0.00504,-0.002068,1,1,1,-0.00015432,27,1,,1,0.159472,1,0.0,0,1,eef_not_near_object_dist=0.1595
trace_bbq_sauce_s45_w0_10_s20d_clean_seed0_job330076,bbq_sauce,45,97,3,0,0,-20,3.3,1.5,1.0,0.5,0.0,0.3,0.007715,0.00532,0.002395,1,1,1,-0.00017154,3,1,,1,0.167018,1,0.0,0,1,eef_not_near_object_dist=0.1670
trace_bbq_sauce_s45_w0_10_s20d_clean_seed0_job330076,bbq_sauce,45,101,4,0,0,-16,3.3,1.5,1.0,0.5,0.0,0.3,0.002179,0.002026,0.000153,1,1,1,-0.00016628,4,1,,1,0.169657,1,0.0,0,1,eef_not_near_object_dist=0.1697
trace_bbq_sauce_s45_w0_10_s20d_clean_seed0_job330076,bbq_sauce,45,117,5,1,1,0,3.3,1.5,1.0,0.5,0.0,0.3,0.026973,0.026908,6.5e-05,1,1,1,-0.0001743,16,1,,1,0.068435,1,0.046995,5,1,
trace_bbq_sauce_s45_w0_10_s20d_clean_seed0_job330076,bbq_sauce,45,182,6,0,0,65,3.3,1.5,1.0,0.5,0.0,0.3,0.015811,0.022568,-0.006757,1,1,1,-0.00014675,65,1,,1,0.042003,1,0.006165,0,1,no_sustained_vertical_lift_type=no_sustained_motion
trace_bbq_sauce_s45_w0_10_s20d_clean_seed0_job330076,bbq_sauce,45,185,7,0,0,68,3.3,1.5,1.0,0.5,0.0,0.3,0.006787,0.002514,0.004273,1,1,1,-0.00020425,3,1,,1,0.042018,1,0.0,0,1,no_sustained_vertical_lift_type=no_sustained_motion
trace_bbq_sauce_s45_w0_10_s20d_clean_seed0_job330076,bbq_sauce,45,189,8,0,0,72,3.8,1.5,1.0,0.5,0.5,0.3,0.001223,0.004194,-0.002971,1,1,1,-0.00020618,4,1,,1,0.04831,1,0.0,0,1,no_sustained_vertical_lift_type=no_sustained_motion
trace_bbq_sauce_s46_w0_10_s20d_clean_seed0_job330077,bbq_sauce,46,7,0,0,0,-50,3.8,1.5,1.0,0.5,0.5,0.3,0.001179,0.001509,-0.00033,1,1,1,-1.686e-05,,1,,1,0.302283,1,0.0,0,1,eef_not_near_object_dist=0.3023
trace_bbq_sauce_s46_w0_10_s20d_clean_seed0_job330077,bbq_sauce,46,57,1,1,1,0,3.3,1.5,1.0,0.5,0.0,0.3,0.014749,0.017008,-0.002259,1,1,1,-2.541e-05,50,1,,1,0.02648,1,0.05302,7,1,
trace_bbq_sauce_s47_w0_10_s20d_clean_seed0_job330078,bbq_sauce,47,76,0,0,0,,3.3,1.5,1.0,0.5,0.0,0.3,0.005334,0.002814,0.00252,1,1,1,-1.414e-05,,1,,1,0.304815,1,0.0,0,1,eef_not_near_object_dist=0.3048
trace_bbq_sauce_s47_w0_10_s20d_clean_seed0_job330078,bbq_sauce,47,81,1,0,0,,3.8,1.5,1.0,0.5,0.5,0.3,0.007182,0.008902,-0.00172,1,1,1,-1.716e-05,5,1,,1,0.300693,1,0.0,0,1,eef_not_near_object_dist=0.3007
trace_bbq_sauce_s47_w0_10_s20d_clean_seed0_job330078,bbq_sauce,47,84,2,0,0,,3.3,1.5,1.0,0.5,0.0,0.3,0.013003,0.009216,0.003787,1,1,1,-0.00016097,3,1,,1,0.301837,1,0.0,0,1,eef_not_near_object_dist=0.3018
trace_bbq_sauce_s47_w0_10_s20d_clean_seed0_job330078,bbq_sauce,47,89,3,0,0,,3.3,1.5,1.0,0.5,0.0,0.3,0.014511,0.013022,0.001489,1,1,1,-0.00024269,5,1,,1,0.288695,1,0.0,0,1,eef_not_near_object_dist=0.2887
trace_bbq_sauce_s47_w0_10_s20d_clean_seed0_job330078,bbq_sauce,47,148,4,0,0,,3.3,1.5,1.0,0.5,0.0,0.3,0.002419,0.001749,0.00067,1,1,1,-0.00053212,59,1,,1,0.074363,1,0.0,0,0,no_sustained_vertical_lift_type=no_sustained_motion
trace_bbq_sauce_s47_w0_10_s20d_clean_seed0_job330078,bbq_sauce,47,175,5,0,0,,3.8,1.5,1.0,0.5,0.5,0.3,0.006059,0.006093,-3.4e-05,1,1,1,-9.582e-05,27,1,,1,0.089666,1,0.0,0,1,eef_not_near_object_dist=0.0897
trace_bbq_sauce_s47_w0_10_s20d_clean_seed0_job330078,bbq_sauce,47,178,6,0,0,,3.3,1.5,1.0,0.5,0.0,0.3,0.006671,0.005431,0.00124,1,1,1,-0.00064575,3,1,,1,0.093773,1,0.0,0,1,eef_not_near_object_dist=0.0938
trace_bbq_sauce_s47_w0_10_s20d_clean_seed0_job330078,bbq_sauce,47,226,7,0,0,,3.8,1.5,1.0,0.5,0.5,0.3,0.000521,0.000687,-0.000166,1,1,1,-0.00096057,48,1,,1,0.128492,1,0.0,0,1,eef_not_near_object_dist=0.1285
trace_bbq_sauce_s47_w0_10_s20d_clean_seed0_job330078,bbq_sauce,47,229,8,0,0,,3.3,1.5,1.0,0.5,0.0,0.3,0.000322,0.000259,6.3e-05,1,1,1,-0.00179926,3,1,,1,0.128646,1,0.0,0,1,eef_not_near_object_dist=0.1286
trace_bbq_sauce_s47_w0_10_s20d_clean_seed0_job330078,bbq_sauce,47,252,9,0,0,,3.3,1.5,1.0,0.5,0.0,0.3,0.001826,0.000735,0.001091,1,1,1,-0.00288907,23,1,,1,0.13141,1,0.0,0,1,eef_not_near_object_dist=0.1314
trace_bbq_sauce_s47_w0_10_s20d_clean_seed0_job330078,bbq_sauce,47,256,10,0,0,,3.8,1.5,1.0,0.5,0.5,0.3,0.003832,0.004731,-0.000899,1,1,1,-0.00777933,4,1,,1,0.13645,1,0.0,0,1,eef_not_near_object_dist=0.1365
trace_bbq_sauce_s47_w0_10_s20d_clean_seed0_job330078,bbq_sauce,47,260,11,0,0,,3.3,1.5,1.0,0.5,0.0,0.3,0.001703,0.001495,0.000208,1,1,1,-0.00864328,4,1,,1,0.138801,1,0.0,0,1,eef_not_near_object_dist=0.1388
trace_bbq_sauce_s47_w0_10_s20d_clean_seed0_job330078,bbq_sauce,47,266,12,0,0,,3.3,1.5,1.0,0.5,0.0,0.3,0.000861,0.000808,5.3e-05,1,1,1,-0.01120719,6,1,,1,0.14091,1,0.0,0,1,eef_not_near_object_dist=0.1409
trace_bbq_sauce_s47_w0_10_s20d_clean_seed0_job330078,bbq_sauce,47,268,13,0,0,,3.3,1.5,1.0,0.5,0.0,0.3,0.001073,0.000938,0.000135,1,1,1,-0.01033504,2,1,,1,0.141721,1,0.0,0,1,eef_not_near_object_dist=0.1417
trace_bbq_sauce_s47_w0_10_s20d_clean_seed0_job330078,bbq_sauce,47,271,14,0,0,,3.8,1.5,1.0,0.5,0.5,0.3,0.000751,0.000839,-8.8e-05,1,1,1,-0.00835362,3,1,,1,0.142424,1,0.0,0,1,eef_not_near_object_dist=0.1424
trace_bbq_sauce_s47_w0_10_s20d_clean_seed0_job330078,bbq_sauce,47,276,15,0,0,,3.3,1.5,1.0,0.5,0.0,0.3,0.001014,0.000939,7.5e-05,1,1,1,-0.00897826,5,1,,1,0.143647,1,0.0,0,1,eef_not_near_object_dist=0.1436
trace_bbq_sauce_s47_w0_10_s20d_clean_seed0_job330078,bbq_sauce,47,278,16,0,0,,3.3,1.5,1.0,0.5,0.0,0.3,0.00121,0.000966,0.000244,1,1,1,-0.00929484,2,1,,1,0.144466,1,0.0,0,1,eef_not_near_object_dist=0.1445
trace_bbq_sauce_s48_w0_10_s20d_clean_seed0_job330079,bbq_sauce,48,41,0,0,0,,3.3,1.5,1.0,0.5,0.0,0.3,0.020482,0.021639,-0.001157,1,1,1,-2.886e-05,,1,,1,0.039191,1,0.001266,0,1,no_sustained_vertical_lift_type=no_sustained_motion
trace_bbq_sauce_s48_w0_10_s20d_clean_seed0_job330079,bbq_sauce,48,85,1,0,0,,3.3,1.5,1.0,0.5,0.0,0.3,0.010926,0.011817,-0.000891,1,1,1,-0.00017494,44,1,,1,0.054905,1,0.00341,8,1,no_sustained_vertical_lift_type=sustained_horizontal_transport
trace_bbq_sauce_s49_w0_10_s20d_clean_seed0_job330080,bbq_sauce,49,57,0,0,0,,3.3,1.5,1.0,0.5,0.0,0.3,0.014254,0.013251,0.001003,1,1,1,9.777e-05,,1,,1,0.036004,1,0.003963,13,1,no_sustained_vertical_lift_type=sustained_horizontal_transport
trace_bbq_sauce_s49_w0_10_s20d_clean_seed0_job330080,bbq_sauce,49,59,1,0,0,,3.3,1.5,1.0,0.5,0.0,0.3,0.014981,0.014872,0.000109,1,1,1,0.00010251,2,1,,1,0.037485,1,0.004679,6,1,no_sustained_vertical_lift_type=sustained_horizontal_transport
trace_bbq_sauce_s49_w0_10_s20d_clean_seed0_job330080,bbq_sauce,49,80,2,0,0,,3.3,1.5,1.0,0.5,0.0,0.3,0.017301,0.018486,-0.001185,1,1,1,0.0001176,21,1,,1,0.109816,1,0.0,0,1,eef_not_near_object_dist=0.1098
trace_bbq_sauce_s49_w0_10_s20d_clean_seed0_job330080,bbq_sauce,49,83,3,0,0,,3.3,1.5,1.0,0.5,0.0,0.3,0.012893,0.013162,-0.000269,1,1,1,6.77e-05,3,1,,1,0.120366,1,0.0,0,1,eef_not_near_object_dist=0.1204
trace_bbq_sauce_s49_w0_10_s20d_clean_seed0_job330080,bbq_sauce,49,88,4,0,0,,3.3,1.5,1.0,0.5,0.0,0.3,0.014266,0.017864,-0.003598,1,1,1,0.00015267,5,1,,1,0.138741,1,0.0,0,1,eef_not_near_object_dist=0.1387
trace_bbq_sauce_s49_w0_10_s20d_clean_seed0_job330080,bbq_sauce,49,93,5,0,0,,3.3,1.5,1.0,0.5,0.0,0.3,0.007715,0.00347,0.004245,1,1,1,5.784e-05,5,1,,1,0.134874,1,0.0,0,1,eef_not_near_object_dist=0.1349
trace_bbq_sauce_s49_w0_10_s20d_clean_seed0_job330080,bbq_sauce,49,122,6,0,0,,3.3,1.5,1.0,0.5,0.0,0.3,0.010711,0.010028,0.000683,1,1,1,7.892e-05,29,1,,1,0.048861,1,0.0,0,1,no_sustained_vertical_lift_type=no_sustained_motion
trace_bbq_sauce_s49_w0_10_s20d_clean_seed0_job330080,bbq_sauce,49,125,7,0,0,,3.3,1.5,1.0,0.5,0.0,0.3,0.011051,0.010251,0.0008,1,1,1,7.075e-05,3,1,,1,0.051158,1,0.0,0,1,no_sustained_vertical_lift_type=no_sustained_motion
trace_bbq_sauce_s49_w0_10_s20d_clean_seed0_job330080,bbq_sauce,49,136,8,0,0,,3.3,1.5,1.0,0.5,0.0,0.3,0.004319,0.003682,0.000637,1,1,1,3.839e-05,11,1,,1,0.057543,1,0.0,0,1,no_sustained_vertical_lift_type=no_sustained_motion
trace_bbq_sauce_s49_w0_10_s20d_clean_seed0_job330080,bbq_sauce,49,138,9,0,0,,3.8,1.5,1.0,0.5,0.5,0.3,0.004527,0.004618,-9.1e-05,1,1,1,5.029e-05,2,1,,1,0.058347,1,0.0,0,1,no_sustained_vertical_lift_type=no_sustained_motion
trace_bbq_sauce_s49_w0_10_s20d_clean_seed0_job330080,bbq_sauce,49,141,10,0,0,,3.3,1.5,1.0,0.5,0.0,0.3,0.009309,0.006981,0.002328,1,1,1,6.121e-05,3,1,,1,0.060568,1,0.0,0,0,no_sustained_vertical_lift_type=no_sustained_motion
trace_bbq_sauce_s49_w0_10_s20d_clean_seed0_job330080,bbq_sauce,49,143,11,0,0,,3.8,1.5,1.0,0.5,0.5,0.3,0.009419,0.010568,-0.001149,1,1,1,5.743e-05,2,1,,1,0.061934,1,0.0,0,0,no_sustained_vertical_lift_type=no_sustained_motion
trace_bbq_sauce_s49_w0_10_s20d_clean_seed0_job330080,bbq_sauce,49,146,12,0,0,,3.8,1.5,1.0,0.5,0.5,0.3,0.004014,0.004826,-0.000812,1,1,1,1.788e-05,3,1,,1,0.063336,1,0.0,0,0,no_sustained_vertical_lift_type=no_sustained_motion
trace_bbq_sauce_s49_w0_10_s20d_clean_seed0_job330080,bbq_sauce,49,151,13,0,0,,3.3,1.5,1.0,0.5,0.0,0.3,0.019799,0.019071,0.000728,1,1,1,5.657e-05,5,1,,1,0.073509,1,0.0,0,0,no_sustained_vertical_lift_type=no_sustained_motion
trace_bbq_sauce_s49_w0_10_s20d_clean_seed0_job330080,bbq_sauce,49,158,14,0,0,,3.3,1.5,1.0,0.5,0.0,0.3,0.025076,0.034646,-0.00957,1,1,1,2.488e-05,7,1,,1,0.113576,1,0.0,0,1,eef_not_near_object_dist=0.1136
trace_bbq_sauce_s49_w0_10_s20d_clean_seed0_job330080,bbq_sauce,49,160,15,0,0,,3.8,1.5,1.0,0.5,0.5,0.3,0.002532,0.013023,-0.010491,1,1,1,1.4e-07,2,1,,1,0.11184,1,0.0,0,1,eef_not_near_object_dist=0.1118
trace_bbq_sauce_s49_w0_10_s20d_clean_seed0_job330080,bbq_sauce,49,164,16,0,0,,3.8,1.5,1.0,0.5,0.5,0.3,0.001266,0.005262,-0.003996,1,1,1,7.36e-06,4,1,,1,0.110337,1,0.0,0,1,eef_not_near_object_dist=0.1103
trace_bbq_sauce_s49_w0_10_s20d_clean_seed0_job330080,bbq_sauce,49,169,17,0,0,,3.3,1.5,1.0,0.5,0.0,0.3,0.014749,0.001655,0.013094,1,1,1,2.53e-06,5,1,,1,0.100481,1,0.0,0,1,eef_not_near_object_dist=0.1005
trace_bbq_sauce_s49_w0_10_s20d_clean_seed0_job330080,bbq_sauce,49,185,18,0,0,,3.8,1.5,1.0,0.5,0.5,0.3,0.008996,0.012909,-0.003913,1,1,1,-1.457e-05,16,1,,1,0.145669,1,0.0,0,1,eef_not_near_object_dist=0.1457
trace_bbq_sauce_s49_w0_10_s20d_clean_seed0_job330080,bbq_sauce,49,187,19,0,0,,3.8,1.5,1.0,0.5,0.5,0.3,0.001665,0.004041,-0.002376,1,1,1,-1.723e-05,2,1,,1,0.14352,1,0.0,0,1,eef_not_near_object_dist=0.1435
trace_bbq_sauce_s49_w0_10_s20d_clean_seed0_job330080,bbq_sauce,49,216,20,0,0,,3.3,1.5,1.0,0.5,0.0,0.3,0.023994,0.022366,0.001628,1,1,1,-7.99e-06,29,1,,1,0.087697,1,0.0,0,1,eef_not_near_object_dist=0.0877
trace_bbq_sauce_s49_w0_10_s20d_clean_seed0_job330080,bbq_sauce,49,250,21,0,0,,3.8,1.5,1.0,0.5,0.5,0.3,0.002948,0.003255,-0.000307,1,1,1,-2.521e-05,34,1,,1,0.137617,1,0.0,0,1,eef_not_near_object_dist=0.1376
trace_bbq_sauce_s49_w0_10_s20d_clean_seed0_job330080,bbq_sauce,49,255,22,0,0,,3.8,1.5,1.0,0.5,0.5,0.3,0.002476,0.002522,-4.6e-05,1,1,1,-4.874e-05,5,1,,1,0.141689,1,0.0,0,1,eef_not_near_object_dist=0.1417
trace_bbq_sauce_s49_w0_10_s20d_clean_seed0_job330080,bbq_sauce,49,258,23,0,0,,3.8,1.5,1.0,0.5,0.5,0.3,0.001764,0.002043,-0.000279,1,1,1,-5.422e-05,3,1,,1,0.14345,1,0.0,0,1,eef_not_near_object_dist=0.1435
trace_bbq_sauce_s49_w0_10_s20d_clean_seed0_job330080,bbq_sauce,49,269,24,0,0,,3.3,1.5,1.0,0.5,0.0,0.3,0.005165,0.004589,0.000576,1,1,1,-0.00010359,11,1,,1,0.154445,1,0.0,0,1,eef_not_near_object_dist=0.1544
trace_bbq_sauce_s49_w0_10_s20d_clean_seed0_job330080,bbq_sauce,49,276,25,0,0,,3.3,1.5,1.0,0.5,0.0,0.3,0.005422,0.005061,0.000361,1,1,1,-0.00011646,7,1,,1,0.163752,1,0.0,0,1,eef_not_near_object_dist=0.1638
trace_butter_s10_w0_10_s20d_clean_seed0_job330081,butter,10,60,0,1,1,0,3.3,1.5,1.0,0.5,0.0,0.3,0.035088,0.035739,-0.000651,1,1,1,-2.152e-05,,1,,1,0.017253,1,0.023216,7,1,
trace_butter_s10_w0_10_s20d_clean_seed0_job330081,butter,10,152,1,0,0,92,3.3,1.5,1.0,0.5,0.0,0.3,0.004089,0.002343,0.001746,1,1,1,5.68e-05,92,1,,1,0.017735,1,0.002036,0,1,no_sustained_vertical_lift_type=no_sustained_motion
trace_butter_s11_w0_10_s20d_clean_seed0_job330082,butter,11,58,0,0,1,,3.3,1.5,1.0,0.5,0.0,0.3,0.032801,0.031447,0.001354,1,1,1,-3.3e-06,,1,,1,0.017562,1,0.020105,3,1,
trace_butter_s11_w0_10_s20d_clean_seed0_job330082,butter,11,60,1,0,1,,3.3,1.5,1.0,0.5,0.0,0.3,0.019931,0.029106,-0.009175,1,1,1,-0.00601264,2,1,,1,0.023167,1,0.040261,5,1,
trace_butter_s11_w0_10_s20d_clean_seed0_job330082,butter,11,144,2,0,0,,3.3,1.5,1.0,0.5,0.0,0.3,0.013862,0.006542,0.00732,1,1,1,0.00012395,84,1,,1,0.014065,1,0.0,0,1,no_sustained_vertical_lift_type=no_sustained_motion
trace_butter_s11_w0_10_s20d_clean_seed0_job330082,butter,11,148,3,0,0,,3.8,1.5,1.0,0.5,0.5,0.3,0.00479,0.0088,-0.00401,1,1,1,0.00011135,4,1,,1,0.014073,1,0.0,0,1,no_sustained_vertical_lift_type=no_sustained_motion
trace_butter_s12_w0_10_s20d_clean_seed0_job330083,butter,12,4,0,0,0,,3.3,1.5,1.0,0.5,0.0,0.3,0.004106,0.002644,0.001462,1,1,1,-2.804e-05,,1,,1,0.35323,1,0.0,0,1,eef_not_near_object_dist=0.3532
trace_butter_s12_w0_10_s20d_clean_seed0_job330083,butter,12,6,1,0,0,,3.3,1.5,1.0,0.5,0.0,0.3,0.007891,0.00417,0.003721,1,1,1,-3.31e-05,2,1,,1,0.358598,1,0.0,0,1,eef_not_near_object_dist=0.3586
trace_butter_s12_w0_10_s20d_clean_seed0_job330083,butter,12,15,2,0,0,,3.8,1.5,1.0,0.5,0.5,0.3,0.008496,0.008605,-0.000109,1,1,1,-8.374e-05,9,1,,1,0.350564,1,0.0,0,1,eef_not_near_object_dist=0.3506
trace_butter_s12_w0_10_s20d_clean_seed0_job330083,butter,12,18,3,0,0,,3.3,1.5,1.0,0.5,0.0,0.3,0.017455,0.013425,0.00403,1,1,1,-0.00015051,3,1,,1,0.344662,1,0.0,0,1,eef_not_near_object_dist=0.3447
trace_butter_s12_w0_10_s20d_clean_seed0_job330083,butter,12,20,4,0,0,,3.3,1.5,1.0,0.5,0.0,0.3,0.019164,0.019018,0.000146,1,1,1,-0.00020301,2,1,,1,0.338425,1,0.0,0,1,eef_not_near_object_dist=0.3384
trace_butter_s12_w0_10_s20d_clean_seed0_job330083,butter,12,60,5,0,0,,3.3,1.5,1.0,0.5,0.0,0.3,0.038351,0.038288,6.3e-05,1,1,1,-0.00026174,40,1,,1,0.04876,1,5.3e-05,0,0,no_sustained_vertical_lift_type=no_sustained_motion
trace_butter_s12_w0_10_s20d_clean_seed0_job330083,butter,12,84,6,0,0,,3.3,1.5,1.0,0.5,0.0,0.3,0.032659,0.039711,-0.007052,1,1,1,-0.00032015,24,1,,1,0.210587,1,0.0,0,1,eef_not_near_object_dist=0.2106
trace_butter_s12_w0_10_s20d_clean_seed0_job330083,butter,12,112,7,0,0,,3.3,1.5,1.0,0.5,0.0,0.3,0.011017,0.012755,-0.001738,1,1,1,-0.00036626,28,1,,1,0.359259,1,0.0,0,1,eef_not_near_object_dist=0.3593
trace_butter_s12_w0_10_s20d_clean_seed0_job330083,butter,12,129,8,0,0,,3.3,1.5,1.0,0.5,0.0,0.3,0.014205,0.014023,0.000182,1,1,1,-0.0002741,17,1,,1,0.388443,1,0.0,0,1,eef_not_near_object_dist=0.3884
trace_butter_s12_w0_10_s20d_clean_seed0_job330083,butter,12,132,9,0,0,,3.8,1.5,1.0,0.5,0.5,0.3,0.003491,0.007011,-0.00352,1,1,1,-0.0003475,3,1,,1,0.388304,1,0.0,0,1,eef_not_near_object_dist=0.3883
trace_butter_s12_w0_10_s20d_clean_seed0_job330083,butter,12,138,10,0,0,,3.3,1.5,1.0,0.5,0.0,0.3,0.014287,0.007783,0.006504,1,1,1,-0.00029859,6,1,,1,0.396945,1,0.0,0,1,eef_not_near_object_dist=0.3969
trace_butter_s12_w0_10_s20d_clean_seed0_job330083,butter,12,145,11,0,0,,3.8,1.5,1.0,0.5,0.5,0.3,0.008355,0.017795,-0.00944,1,1,1,-0.00023741,7,1,,1,0.403942,1,0.0,0,1,eef_not_near_object_dist=0.4039
trace_butter_s12_w0_10_s20d_clean_seed0_job330083,butter,12,191,12,0,0,,3.3,1.5,1.0,0.5,0.0,0.3,0.020947,0.027163,-0.006216,1,1,1,-0.00013862,46,1,,1,0.201059,1,0.0,0,1,eef_not_near_object_dist=0.2011
trace_butter_s12_w0_10_s20d_clean_seed0_job330083,butter,12,197,13,0,0,,3.3,1.5,1.0,0.5,0.0,0.3,0.018139,0.01657,0.001569,1,1,1,-0.00020618,6,1,,1,0.190544,1,0.0,0,1,eef_not_near_object_dist=0.1905
trace_butter_s12_w0_10_s20d_clean_seed0_job330083,butter,12,199,14,0,0,,3.3,1.5,1.0,0.5,0.0,0.3,0.017121,0.018057,-0.000936,1,1,1,-0.00014469,2,1,,1,0.186119,1,0.0,0,1,eef_not_near_object_dist=0.1861
trace_butter_s12_w0_10_s20d_clean_seed0_job330083,butter,12,203,15,0,0,,3.8,1.5,1.0,0.5,0.5,0.3,0.004711,0.006992,-0.002281,1,1,1,-8.615e-05,4,1,,1,0.18373,1,0.0,0,1,eef_not_near_object_dist=0.1837
trace_butter_s12_w0_10_s20d_clean_seed0_job330083,butter,12,205,16,0,0,,3.8,1.5,1.0,0.5,0.5,0.3,0.00275,0.003808,-0.001058,1,1,1,-6.498e-05,2,1,,1,0.185327,1,0.0,0,1,eef_not_near_object_dist=0.1853
trace_butter_s12_w0_10_s20d_clean_seed0_job330083,butter,12,208,17,0,0,,3.3,1.5,1.0,0.5,0.0,0.3,0.004755,0.002204,0.002551,1,1,1,-0.00018082,3,1,,1,0.186498,1,0.0,0,1,eef_not_near_object_dist=0.1865
trace_butter_s12_w0_10_s20d_clean_seed0_job330083,butter,12,213,18,0,0,,3.3,1.5,1.0,0.5,0.0,0.3,0.007804,0.006963,0.000841,1,1,1,-0.00010192,5,1,,1,0.185425,1,0.0,0,1,eef_not_near_object_dist=0.1854
trace_butter_s12_w0_10_s20d_clean_seed0_job330083,butter,12,216,19,0,0,,3.3,1.5,1.0,0.5,0.0,0.3,0.013585,0.011661,0.001924,1,1,1,-4.933e-05,3,1,,1,0.18151,1,0.0,0,1,eef_not_near_object_dist=0.1815
trace_butter_s13_w0_10_s20d_clean_seed0_job330084,butter,13,13,0,0,0,,3.3,1.5,1.0,0.5,0.0,0.3,0.007681,0.007522,0.000159,1,1,1,-1.348e-05,,1,,1,0.338642,1,0.0,0,1,eef_not_near_object_dist=0.3386
trace_butter_s13_w0_10_s20d_clean_seed0_job330084,butter,13,16,1,0,0,,3.8,1.5,1.0,0.5,0.5,0.3,0.006873,0.008975,-0.002102,1,1,1,-0.00015234,3,1,,1,0.341338,1,0.0,0,1,eef_not_near_object_dist=0.3413
trace_butter_s13_w0_10_s20d_clean_seed0_job330084,butter,13,18,2,0,0,,3.3,1.5,1.0,0.5,0.0,0.3,0.004175,0.003868,0.000307,1,1,1,0.00013987,2,1,,1,0.340972,1,0.0,0,1,eef_not_near_object_dist=0.3410
trace_butter_s13_w0_10_s20d_clean_seed0_job330084,butter,13,24,3,0,0,,3.8,1.5,1.0,0.5,0.5,0.3,0.007036,0.02255,-0.015514,1,1,1,-0.00039391,6,1,,1,0.365382,1,0.0,0,1,eef_not_near_object_dist=0.3654
trace_butter_s13_w0_10_s20d_clean_seed0_job330084,butter,13,27,4,0,0,,3.3,1.5,1.0,0.5,0.0,0.3,0.011468,0.007701,0.003767,1,1,1,-0.00030085,3,1,,1,0.373994,1,0.0,0,1,eef_not_near_object_dist=0.3740
trace_butter_s13_w0_10_s20d_clean_seed0_job330084,butter,13,29,5,0,0,,3.3,1.5,1.0,0.5,0.0,0.3,0.01789,0.007183,0.010707,1,1,1,-0.00040415,2,1,,1,0.362009,1,0.0,0,1,eef_not_near_object_dist=0.3620
trace_butter_s14_w0_10_s20d_clean_seed0_job330085,butter,14,61,0,1,1,0,3.3,1.5,1.0,0.5,0.0,0.3,0.013118,0.014979,-0.001861,1,1,1,-0.02715222,,1,,1,0.01502,1,0.089616,8,1,
trace_butter_s14_w0_10_s20d_clean_seed0_job330085,butter,14,139,1,0,0,78,3.8,1.5,1.0,0.5,0.5,0.3,0.003616,0.008517,-0.004901,1,1,1,-2.952e-05,78,1,,1,0.011244,1,0.0,0,1,no_sustained_vertical_lift_type=no_sustained_motion
trace_butter_s15_w0_10_s20d_clean_seed0_job330086,butter,15,10,0,0,0,-47,3.8,1.5,1.0,0.5,0.5,0.3,0.004213,0.004449,-0.000236,1,1,1,-3.679e-05,,1,,1,0.340588,1,0.0,0,1,eef_not_near_object_dist=0.3406
trace_butter_s15_w0_10_s20d_clean_seed0_job330086,butter,15,57,1,1,1,0,3.3,1.5,1.0,0.5,0.0,0.3,0.040261,0.040444,-0.000183,1,1,1,-2.585e-05,47,1,,1,0.015181,1,0.079748,8,1,
trace_butter_s16_w0_10_s20d_clean_seed0_job330087,butter,16,5,0,0,0,,3.3,1.5,1.0,0.5,0.0,0.3,0.005287,0.00401,0.001277,1,1,1,-1.08e-05,,1,,1,0.352272,1,0.0,0,1,eef_not_near_object_dist=0.3523
trace_butter_s16_w0_10_s20d_clean_seed0_job330087,butter,16,12,1,0,0,,3.3,1.5,1.0,0.5,0.0,0.3,0.017947,0.016776,0.001171,1,1,1,-9.939e-05,7,1,,1,0.343003,1,0.0,0,1,eef_not_near_object_dist=0.3430
trace_butter_s16_w0_10_s20d_clean_seed0_job330087,butter,16,50,2,0,0,,3.3,1.5,1.0,0.5,0.0,0.3,0.03686,0.038479,-0.001619,1,1,1,-0.00023401,38,1,,1,0.068269,1,0.0,0,0,no_sustained_vertical_lift_type=no_sustained_motion
trace_butter_s16_w0_10_s20d_clean_seed0_job330087,butter,16,77,3,0,0,,3.3,1.5,1.0,0.5,0.0,0.3,0.026128,0.036876,-0.010748,1,1,1,-7.331e-05,27,1,,1,0.217256,1,0.0,0,1,eef_not_near_object_dist=0.2173
trace_butter_s16_w0_10_s20d_clean_seed0_job330087,butter,16,141,4,0,0,,3.3,1.5,1.0,0.5,0.0,0.3,0.026645,0.027327,-0.000682,1,1,1,-7.94e-05,64,1,,1,0.1319,1,0.0,0,1,eef_not_near_object_dist=0.1319
trace_butter_s16_w0_10_s20d_clean_seed0_job330087,butter,16,162,5,0,0,,3.8,1.5,1.0,0.5,0.5,0.3,0.000431,0.000939,-0.000508,1,1,1,-0.00102417,21,1,,1,0.107198,1,0.0,0,1,eef_not_near_object_dist=0.1072
trace_butter_s16_w0_10_s20d_clean_seed0_job330087,butter,16,167,6,0,0,,3.8,1.5,1.0,0.5,0.5,0.3,0.000644,0.000687,-4.3e-05,1,1,1,-0.00189261,5,1,,1,0.107176,1,0.0,0,1,eef_not_near_object_dist=0.1072
trace_butter_s16_w0_10_s20d_clean_seed0_job330087,butter,16,177,7,0,0,,3.3,1.5,1.0,0.5,0.0,0.3,0.000445,0.000341,0.000104,1,1,1,-0.0013153,10,1,,1,0.10812,1,0.0,0,1,eef_not_near_object_dist=0.1081
trace_butter_s16_w0_10_s20d_clean_seed0_job330087,butter,16,242,8,0,0,,3.8,1.5,1.0,0.5,0.5,0.3,0.000178,0.000197,-1.9e-05,1,1,1,-0.00757873,65,1,,1,0.107476,1,0.0,0,1,eef_not_near_object_dist=0.1075
trace_butter_s16_w0_10_s20d_clean_seed0_job330087,butter,16,244,9,0,0,,3.3,1.5,1.0,0.5,0.0,0.3,0.000565,0.000238,0.000327,1,1,1,-0.00706492,2,1,,1,0.107501,1,0.0,0,1,eef_not_near_object_dist=0.1075
trace_butter_s16_w0_10_s20d_clean_seed0_job330087,butter,16,250,10,0,0,,3.3,1.5,1.0,0.5,0.0,0.3,0.001036,0.000743,0.000293,1,1,1,-0.00889101,6,1,,1,0.108212,1,0.0,0,1,eef_not_near_object_dist=0.1082
trace_butter_s16_w0_10_s20d_clean_seed0_job330087,butter,16,252,11,0,0,,3.3,1.5,1.0,0.5,0.0,0.3,0.001184,0.00085,0.000334,1,1,1,-0.00989855,2,1,,1,0.108469,1,0.0,0,1,eef_not_near_object_dist=0.1085
trace_butter_s17_w0_10_s20d_clean_seed0_job330088,butter,17,9,0,0,0,-45,3.3,1.5,1.0,0.5,0.0,0.3,0.011129,0.008399,0.00273,1,1,1,-5.262e-05,,1,,1,0.349289,1,0.0,0,1,eef_not_near_object_dist=0.3493
trace_butter_s17_w0_10_s20d_clean_seed0_job330088,butter,17,54,1,1,1,0,3.3,1.5,1.0,0.5,0.0,0.3,0.038833,0.040584,-0.001751,1,1,1,-9.251e-05,45,1,,1,0.039505,1,0.066402,7,1,
trace_butter_s17_w0_10_s20d_clean_seed0_job330088,butter,17,130,2,0,0,76,3.8,1.5,1.0,0.5,0.5,0.3,0.007862,0.014194,-0.006332,1,1,1,-9.714e-05,76,1,,1,0.032473,1,0.001921,12,1,no_sustained_vertical_lift_type=sustained_horizontal_transport
trace_butter_s17_w0_10_s20d_clean_seed0_job330088,butter,17,134,3,0,0,80,3.8,1.5,1.0,0.5,0.5,0.3,0.005122,0.006043,-0.000921,1,1,1,-9.736e-05,4,1,,1,0.03247,1,0.0,11,1,no_sustained_vertical_lift_type=sustained_horizontal_transport
trace_butter_s18_w0_10_s20d_clean_seed0_job330089,butter,18,48,0,0,0,,3.3,1.5,1.0,0.5,0.0,0.3,0.032028,0.034488,-0.00246,1,1,1,-6.06e-05,,1,,1,0.0555,1,0.0,0,0,no_sustained_vertical_lift_type=no_sustained_motion
trace_butter_s18_w0_10_s20d_clean_seed0_job330089,butter,18,75,1,0,0,,3.3,1.5,1.0,0.5,0.0,0.3,0.010261,0.022797,-0.012536,1,1,1,-0.00017099,27,1,,1,0.183475,1,0.0,0,1,eef_not_near_object_dist=0.1835
trace_butter_s18_w0_10_s20d_clean_seed0_job330089,butter,18,91,2,0,0,,3.3,1.5,1.0,0.5,0.0,0.3,0.036421,0.037374,-0.000953,1,1,1,-5.317e-05,16,1,,1,0.036581,1,0.000128,0,1,no_sustained_vertical_lift_type=no_sustained_motion
trace_butter_s18_w0_10_s20d_clean_seed0_job330089,butter,18,116,3,0,0,,3.3,1.5,1.0,0.5,0.0,0.3,0.029304,0.033277,-0.003973,1,1,1,-0.00010906,25,1,,1,0.181842,1,0.0,0,1,eef_not_near_object_dist=0.1818
trace_butter_s18_w0_10_s20d_clean_seed0_job330089,butter,18,139,4,0,0,,3.3,1.5,1.0,0.5,0.0,0.3,0.019485,0.015111,0.004374,1,1,1,-0.00015277,23,1,,1,0.242681,1,0.0,0,1,eef_not_near_object_dist=0.2427
trace_butter_s18_w0_10_s20d_clean_seed0_job330089,butter,18,144,5,0,0,,3.8,1.5,1.0,0.5,0.5,0.3,0.008679,0.013089,-0.00441,1,1,1,-0.00014904,5,1,,1,0.248228,1,0.0,0,1,eef_not_near_object_dist=0.2482
trace_butter_s18_w0_10_s20d_clean_seed0_job330089,butter,18,146,6,0,0,,3.3,1.5,1.0,0.5,0.0,0.3,0.016962,0.012339,0.004623,1,1,1,9.312e-05,2,1,,1,0.241206,1,0.0,0,1,eef_not_near_object_dist=0.2412
trace_butter_s18_w0_10_s20d_clean_seed0_job330089,butter,18,149,7,0,0,,3.8,1.5,1.0,0.5,0.5,0.3,0.005616,0.01026,-0.004644,1,1,1,-0.00017267,3,1,,1,0.244033,1,0.0,0,1,eef_not_near_object_dist=0.2440
trace_butter_s18_w0_10_s20d_clean_seed0_job330089,butter,18,151,8,0,0,,3.3,1.5,1.0,0.5,0.0,0.3,0.010649,0.009831,0.000818,1,1,1,-3.863e-05,2,1,,1,0.248969,1,0.0,0,1,eef_not_near_object_dist=0.2490
trace_butter_s18_w0_10_s20d_clean_seed0_job330089,butter,18,155,9,0,0,,3.3,1.5,1.0,0.5,0.0,0.3,0.016036,0.019461,-0.003425,1,1,1,-0.0002111,4,1,,1,0.267981,1,0.0,0,1,eef_not_near_object_dist=0.2680
trace_butter_s18_w0_10_s20d_clean_seed0_job330089,butter,18,175,10,0,0,,3.3,1.5,1.0,0.5,0.0,0.3,0.034079,0.03717,-0.003091,1,1,1,-5.927e-05,20,1,,1,0.113601,1,0.0,0,1,eef_not_near_object_dist=0.1136
trace_butter_s18_w0_10_s20d_clean_seed0_job330089,butter,18,180,11,0,0,,3.3,1.5,1.0,0.5,0.0,0.3,0.024188,0.025912,-0.001724,1,1,1,-0.00113442,5,1,,1,0.088314,1,0.0,0,1,eef_not_near_object_dist=0.0883
trace_butter_s18_w0_10_s20d_clean_seed0_job330089,butter,18,190,12,0,0,,3.8,1.5,1.0,0.5,0.5,0.3,0.000345,0.000624,-0.000279,1,1,1,-0.00323986,10,1,,1,0.090261,1,0.0,0,1,eef_not_near_object_dist=0.0903
trace_butter_s19_w0_10_s20d_clean_seed0_job330090,butter,19,10,0,0,0,,3.3,1.5,1.0,0.5,0.0,0.3,0.004978,0.004835,0.000143,1,1,1,-2.713e-05,,1,,1,0.347815,1,0.0,0,1,eef_not_near_object_dist=0.3478
trace_butter_s19_w0_10_s20d_clean_seed0_job330090,butter,19,12,1,0,0,,3.3,1.5,1.0,0.5,0.0,0.3,0.011138,0.007121,0.004017,1,1,1,-1.933e-05,2,1,,1,0.35479,1,0.0,0,1,eef_not_near_object_dist=0.3548
trace_butter_s19_w0_10_s20d_clean_seed0_job330090,butter,19,73,2,0,1,,3.3,1.5,1.0,0.5,0.0,0.3,0.038768,0.040439,-0.001671,1,1,1,-2.161e-05,61,1,,1,0.051148,1,0.01961,2,1,
trace_butter_s19_w0_10_s20d_clean_seed0_job330090,butter,19,76,3,0,1,,3.3,1.5,1.0,0.5,0.0,0.3,0.014997,0.025833,-0.010836,1,1,1,-0.00304879,3,1,,1,0.0408,1,0.052212,5,1,
trace_butter_s19_w0_10_s20d_clean_seed0_job330090,butter,19,78,4,0,1,,3.8,1.5,1.0,0.5,0.5,0.3,0.006165,0.007025,-0.00086,1,1,1,-0.00702435,2,1,,1,0.04124,1,0.074529,7,1,
trace_butter_s19_w0_10_s20d_clean_seed0_job330090,butter,19,114,5,0,1,,3.3,1.5,1.0,0.5,0.0,0.3,0.01593,0.013754,0.002176,1,1,1,-0.00102883,36,1,,1,0.037004,1,0.017734,9,1,
trace_butter_s19_w0_10_s20d_clean_seed0_job330090,butter,19,121,6,0,1,,3.3,1.5,1.0,0.5,0.0,0.3,0.015154,0.011,0.004154,1,1,1,-0.00060238,7,1,,1,0.036982,1,0.011774,9,1,
trace_butter_s19_w0_10_s20d_clean_seed0_job330090,butter,19,130,7,0,1,,3.3,1.5,1.0,0.5,0.0,0.3,0.014308,0.015267,-0.000959,1,1,1,-0.00028401,9,1,,1,0.036952,1,0.0099,9,1,
trace_butter_s19_w0_10_s20d_clean_seed0_job330090,butter,19,133,8,0,1,,3.3,1.5,1.0,0.5,0.0,0.3,0.013508,0.014658,-0.00115,1,1,1,-0.00013674,3,1,,1,0.036944,1,0.010673,12,1,
trace_butter_s19_w0_10_s20d_clean_seed0_job330090,butter,19,145,9,0,0,,3.3,1.5,1.0,0.5,0.0,0.3,0.027284,0.033488,-0.006204,1,1,1,7.245e-05,12,1,,1,0.036876,1,0.0,14,1,no_sustained_vertical_lift_type=sustained_horizontal_transport
trace_butter_s19_w0_10_s20d_clean_seed0_job330090,butter,19,149,10,0,0,,3.3,1.5,1.0,0.5,0.0,0.3,0.011872,0.010431,0.001441,1,1,1,-6.871e-05,4,1,,1,0.036869,1,0.001555,14,1,no_sustained_vertical_lift_type=sustained_horizontal_transport
trace_butter_s19_w0_10_s20d_clean_seed0_job330090,butter,19,156,11,0,0,,3.3,1.5,1.0,0.5,0.0,0.3,0.022524,0.02431,-0.001786,1,1,1,-5.36e-05,7,1,,1,0.036846,1,0.000545,14,1,no_sustained_vertical_lift_type=sustained_horizontal_transport
trace_butter_s19_w0_10_s20d_clean_seed0_job330090,butter,19,185,12,0,0,,3.3,1.5,1.0,0.5,0.0,0.3,0.018247,0.021713,-0.003466,1,1,1,0.00016992,29,1,,1,0.036723,1,0.0,12,1,no_sustained_vertical_lift_type=sustained_horizontal_transport
trace_butter_s19_w0_10_s20d_clean_seed0_job330090,butter,19,194,13,0,0,,3.8,1.5,1.0,0.5,0.5,0.3,0.006825,0.00815,-0.001325,1,1,1,5.85e-05,9,1,,1,0.036706,1,0.001149,12,1,no_sustained_vertical_lift_type=sustained_horizontal_transport
trace_butter_s19_w0_10_s20d_clean_seed0_job330090,butter,19,203,14,0,0,,3.3,1.5,1.0,0.5,0.0,0.3,0.006696,0.006399,0.000297,1,1,1,3.657e-05,9,1,,1,0.036697,1,0.0,12,1,no_sustained_vertical_lift_type=sustained_horizontal_transport
trace_butter_s19_w0_10_s20d_clean_seed0_job330090,butter,19,206,15,0,0,,3.3,1.5,1.0,0.5,0.0,0.3,0.007879,0.007773,0.000106,1,1,1,6.031e-05,3,1,,1,0.036695,1,0.003736,11,1,no_sustained_vertical_lift_type=sustained_horizontal_transport
trace_butter_s19_w0_10_s20d_clean_seed0_job330090,butter,19,208,16,0,0,,3.3,1.5,1.0,0.5,0.0,0.3,0.00544,0.004972,0.000468,1,1,1,5.8e-05,2,1,,1,0.036694,1,0.001176,12,1,no_sustained_vertical_lift_type=sustained_horizontal_transport
trace_butter_s19_w0_10_s20d_clean_seed0_job330090,butter,19,212,17,0,1,,3.3,1.5,1.0,0.5,0.0,0.3,0.010043,0.00787,0.002173,1,1,1,3.407e-05,4,1,,1,0.036691,1,0.007689,2,1,
trace_butter_s19_w0_10_s20d_clean_seed0_job330090,butter,19,215,18,0,1,,3.8,1.5,1.0,0.5,0.5,0.3,0.004577,0.005827,-0.00125,1,1,1,2.017e-05,3,1,,1,0.03669,1,0.007723,2,1,
trace_butter_s20_w0_10_s20d_clean_seed0_job330091,butter,20,54,0,1,1,0,3.3,1.5,1.0,0.5,0.0,0.3,0.034297,0.035671,-0.001374,1,1,1,-0.00159492,,1,,1,0.011513,1,0.078623,8,1,
trace_butter_s20_w0_10_s20d_clean_seed0_job330091,butter,20,136,1,0,0,82,3.8,1.5,1.0,0.5,0.5,0.3,0.008547,0.020074,-0.011527,1,1,1,0.00010097,82,1,,1,0.013125,1,0.002369,0,1,no_sustained_vertical_lift_type=no_sustained_motion
trace_butter_s20_w0_10_s20d_clean_seed0_job330091,butter,20,139,2,0,0,85,3.3,1.5,1.0,0.5,0.0,0.3,0.003714,0.003207,0.000507,1,1,1,6.684e-05,3,1,,1,0.01313,1,0.0,0,1,no_sustained_vertical_lift_type=no_sustained_motion
trace_butter_s20_w0_10_s20d_clean_seed0_job330091,butter,20,142,3,0,0,88,3.3,1.5,1.0,0.5,0.0,0.3,0.009504,0.003604,0.0059,1,1,1,5.194e-05,3,1,,1,0.013132,1,0.00198,0,1,no_sustained_vertical_lift_type=no_sustained_motion
trace_butter_s20_w0_10_s20d_clean_seed0_job330091,butter,20,146,4,0,0,92,3.3,1.5,1.0,0.5,0.0,0.3,0.001969,0.001871,9.8e-05,1,1,1,7.762e-05,4,1,,1,0.013135,1,0.0,0,1,no_sustained_vertical_lift_type=no_sustained_motion
trace_butter_s20_w0_10_s20d_clean_seed0_job330091,butter,20,150,5,0,0,96,3.3,1.5,1.0,0.5,0.0,0.3,0.000924,0.000181,0.000743,1,1,1,7.552e-05,4,1,,1,0.022999,1,0.0,0,1,no_sustained_vertical_lift_type=no_sustained_motion
trace_butter_s21_w0_10_s20d_clean_seed0_job330092,butter,21,15,0,0,0,,3.3,1.5,1.0,0.5,0.0,0.3,0.008021,0.005611,0.00241,1,1,1,-4.417e-05,,1,,1,0.340741,1,0.0,0,1,eef_not_near_object_dist=0.3407
trace_butter_s21_w0_10_s20d_clean_seed0_job330092,butter,21,66,1,0,1,,3.3,1.5,1.0,0.5,0.0,0.3,0.034712,0.035173,-0.000461,1,1,1,-2.03e-06,51,1,,1,0.032891,1,0.037587,5,1,
trace_butter_s21_w0_10_s20d_clean_seed0_job330092,butter,21,68,2,0,1,,3.3,1.5,1.0,0.5,0.0,0.3,0.025129,0.033163,-0.008034,1,1,1,-0.00310316,2,1,,1,0.02728,1,0.059341,7,1,
trace_butter_s21_w0_10_s20d_clean_seed0_job330092,butter,21,115,3,0,1,,3.8,1.5,1.0,0.5,0.5,0.3,0.009924,0.012459,-0.002535,1,1,1,-0.00031756,47,1,,1,0.02341,1,0.010089,6,1,
trace_butter_s22_w0_10_s20d_clean_seed0_job330093,butter,22,48,0,0,0,,3.3,1.5,1.0,0.5,0.0,0.3,0.032863,0.032806,5.7e-05,1,1,1,-5.512e-05,,1,,1,0.040191,1,0.006244,4,1,no_sustained_vertical_lift_type=sustained_horizontal_transport
trace_butter_s22_w0_10_s20d_clean_seed0_job330093,butter,22,103,1,0,1,,3.3,1.5,1.0,0.5,0.0,0.3,0.037153,0.03769,-0.000537,1,1,1,1.279e-05,55,1,,1,0.030214,1,0.078876,8,1,
trace_butter_s22_w0_10_s20d_clean_seed0_job330093,butter,22,183,2,0,1,,3.8,1.5,1.0,0.5,0.5,0.3,0.007122,0.017182,-0.01006,1,1,1,-9.615e-05,80,1,,1,0.015327,1,0.007529,2,1,
trace_butter_s22_w0_10_s20d_clean_seed0_job330093,butter,22,190,3,0,1,,3.3,1.5,1.0,0.5,0.0,0.3,0.005279,0.003861,0.001418,1,1,1,-0.00013425,7,1,,1,0.015335,1,0.006734,2,1,
trace_butter_s23_w0_10_s20d_clean_seed0_job330094,butter,23,53,0,0,1,,3.3,1.5,1.0,0.5,0.0,0.3,0.016893,0.018623,-0.00173,1,1,1,-0.01018275,,1,,1,0.039776,1,0.020597,11,1,
trace_butter_s23_w0_10_s20d_clean_seed0_job330094,butter,23,57,1,0,1,,3.3,1.5,1.0,0.5,0.0,0.3,0.012484,0.013116,-0.000632,1,1,1,-0.02633367,4,1,,1,0.042839,1,0.026959,3,1,
trace_butter_s23_w0_10_s20d_clean_seed0_job330094,butter,23,142,2,0,0,,3.8,1.5,1.0,0.5,0.5,0.3,0.008341,0.019351,-0.01101,1,1,1,8.719e-05,85,1,,1,0.038845,1,0.000598,5,1,no_sustained_vertical_lift_type=sustained_horizontal_transport
trace_butter_s23_w0_10_s20d_clean_seed0_job330094,butter,23,147,3,0,0,,3.8,1.5,1.0,0.5,0.5,0.3,0.007515,0.009355,-0.00184,1,1,1,5.605e-05,5,1,,1,0.038829,1,0.0,0,1,no_sustained_vertical_lift_type=no_sustained_motion
trace_butter_s24_w0_10_s20d_clean_seed0_job330095,butter,24,4,0,0,0,,3.3,1.5,1.0,0.5,0.0,0.3,0.006716,0.006473,0.000243,1,1,1,-3.746e-05,,1,,1,0.349226,1,0.0,0,1,eef_not_near_object_dist=0.3492
trace_butter_s24_w0_10_s20d_clean_seed0_job330095,butter,24,8,1,0,0,,3.3,1.5,1.0,0.5,0.0,0.3,0.009065,0.007834,0.001231,1,1,1,-2.961e-05,4,1,,1,0.346112,1,0.0,0,1,eef_not_near_object_dist=0.3461
trace_butter_s24_w0_10_s20d_clean_seed0_job330095,butter,24,11,2,0,0,,3.3,1.5,1.0,0.5,0.0,0.3,0.006551,0.006367,0.000184,1,1,1,-7.724e-05,3,1,,1,0.344999,1,0.0,0,1,eef_not_near_object_dist=0.3450
trace_butter_s24_w0_10_s20d_clean_seed0_job330095,butter,24,20,3,0,0,,3.3,1.5,1.0,0.5,0.0,0.3,0.010716,0.013059,-0.002343,1,1,1,0.00012263,9,1,,1,0.359702,1,0.0,0,1,eef_not_near_object_dist=0.3597
trace_butter_s24_w0_10_s20d_clean_seed0_job330095,butter,24,26,4,0,0,,3.3,1.5,1.0,0.5,0.0,0.3,0.013065,0.025404,-0.012339,1,1,1,-0.00021541,6,1,,1,0.39115,1,0.0,0,1,eef_not_near_object_dist=0.3912
trace_butter_s24_w0_10_s20d_clean_seed0_job330095,butter,24,29,5,0,0,,3.8,1.5,1.0,0.5,0.5,0.3,0.00595,0.007538,-0.001588,1,1,1,-0.00011346,3,1,,1,0.390904,1,0.0,0,1,eef_not_near_object_dist=0.3909
trace_butter_s24_w0_10_s20d_clean_seed0_job330095,butter,24,31,6,0,0,,3.3,1.5,1.0,0.5,0.0,0.3,0.006272,0.005616,0.000656,1,1,1,4.747e-05,2,1,,1,0.394345,1,0.0,0,1,eef_not_near_object_dist=0.3943
trace_butter_s24_w0_10_s20d_clean_seed0_job330095,butter,24,43,7,0,0,,3.3,1.5,1.0,0.5,0.0,0.3,0.011618,0.017076,-0.005458,1,1,1,0.00010861,12,1,,1,0.401172,1,0.0,0,1,eef_not_near_object_dist=0.4012
trace_butter_s24_w0_10_s20d_clean_seed0_job330095,butter,24,48,8,0,0,,3.8,1.5,1.0,0.5,0.5,0.3,0.007905,0.008668,-0.000763,1,1,1,-0.00011664,5,1,,1,0.411884,1,0.0,0,1,eef_not_near_object_dist=0.4119
trace_butter_s24_w0_10_s20d_clean_seed0_job330095,butter,24,54,9,0,0,,3.3,1.5,1.0,0.5,0.0,0.3,0.009291,0.008243,0.001048,1,1,1,0.00023312,6,1,,1,0.421354,1,0.0,0,1,eef_not_near_object_dist=0.4214
trace_butter_s24_w0_10_s20d_clean_seed0_job330095,butter,24,65,10,0,0,,3.3,1.5,1.0,0.5,0.0,0.3,0.01891,0.019779,-0.000869,1,1,1,2.469e-05,11,1,,1,0.423742,1,0.0,0,1,eef_not_near_object_dist=0.4237
trace_butter_s24_w0_10_s20d_clean_seed0_job330095,butter,24,68,11,0,0,,3.3,1.5,1.0,0.5,0.0,0.3,0.012171,0.006984,0.005187,1,1,1,-3.87e-05,3,1,,1,0.433112,1,0.0,0,1,eef_not_near_object_dist=0.4331
trace_butter_s24_w0_10_s20d_clean_seed0_job330095,butter,24,74,12,0,0,,3.3,1.5,1.0,0.5,0.0,0.3,0.019811,0.016879,0.002932,1,1,1,-8.315e-05,6,1,,1,0.428057,1,0.0,0,1,eef_not_near_object_dist=0.4281
trace_butter_s24_w0_10_s20d_clean_seed0_job330095,butter,24,77,13,0,0,,3.3,1.5,1.0,0.5,0.0,0.3,0.014297,0.013759,0.000538,1,1,1,-0.00012941,3,1,,1,0.422174,1,0.0,0,1,eef_not_near_object_dist=0.4222
trace_butter_s24_w0_10_s20d_clean_seed0_job330095,butter,24,82,14,0,0,,3.8,1.5,1.0,0.5,0.5,0.3,0.004615,0.016446,-0.011831,1,1,1,-0.00015986,5,1,,1,0.430802,1,0.0,0,1,eef_not_near_object_dist=0.4308
trace_butter_s24_w0_10_s20d_clean_seed0_job330095,butter,24,102,15,0,0,,3.3,1.5,1.0,0.5,0.0,0.3,0.02277,0.021068,0.001702,1,1,1,6.957e-05,20,1,,1,0.42739,1,0.0,0,1,eef_not_near_object_dist=0.4274
trace_butter_s24_w0_10_s20d_clean_seed0_job330095,butter,24,108,16,0,0,,3.3,1.5,1.0,0.5,0.0,0.3,0.022621,0.029085,-0.006464,1,1,1,3.359e-05,6,1,,1,0.450755,1,0.0,0,1,eef_not_near_object_dist=0.4508
trace_butter_s25_w0_10_s20d_clean_seed0_job330096,butter,25,10,0,0,0,,3.3,1.5,1.0,0.5,0.0,0.3,0.009535,0.006705,0.00283,1,1,1,-2.77e-05,,1,,1,0.334519,1,0.0,0,1,eef_not_near_object_dist=0.3345
trace_butter_s25_w0_10_s20d_clean_seed0_job330096,butter,25,52,1,0,1,,3.3,1.5,1.0,0.5,0.0,0.3,0.037461,0.039749,-0.002288,1,1,1,-0.00012182,42,1,,1,0.018902,1,0.059482,6,1,
trace_butter_s25_w0_10_s20d_clean_seed0_job330096,butter,25,130,2,0,0,,3.3,1.5,1.0,0.5,0.0,0.3,0.018763,0.023547,-0.004784,1,1,1,-0.00025909,78,1,,1,0.005188,1,0.005374,6,1,no_sustained_vertical_lift_type=sustained_horizontal_transport
trace_butter_s25_w0_10_s20d_clean_seed0_job330096,butter,25,132,3,0,1,,3.8,1.5,1.0,0.5,0.5,0.3,0.005506,0.011117,-0.005611,1,1,1,-0.00019178,2,1,,1,0.005187,1,0.0059,2,1,
trace_butter_s25_w0_10_s20d_clean_seed0_job330096,butter,25,137,4,0,0,,3.3,1.5,1.0,0.5,0.0,0.3,0.005786,0.004555,0.001231,1,1,1,-0.0001695,5,1,,1,0.005185,1,0.000698,0,1,no_sustained_vertical_lift_type=no_sustained_motion
trace_butter_s25_w0_10_s20d_clean_seed0_job330096,butter,25,143,5,0,0,,3.3,1.5,1.0,0.5,0.0,0.3,0.004041,0.002514,0.001527,1,1,1,-0.00019358,6,1,,1,0.00518,1,0.0,0,1,no_sustained_vertical_lift_type=no_sustained_motion
trace_butter_s26_w0_10_s20d_clean_seed0_job330097,butter,26,12,0,0,0,,3.8,1.5,1.0,0.5,0.5,0.3,0.001513,0.00169,-0.000177,1,1,1,-1.82e-05,,1,,1,0.346178,1,0.0,0,1,eef_not_near_object_dist=0.3462
trace_butter_s26_w0_10_s20d_clean_seed0_job330097,butter,26,16,1,0,0,,3.3,1.5,1.0,0.5,0.0,0.3,0.003144,0.002321,0.000823,1,1,1,-6.592e-05,4,1,,1,0.344487,1,0.0,0,1,eef_not_near_object_dist=0.3445
trace_butter_s26_w0_10_s20d_clean_seed0_job330097,butter,26,63,2,0,0,,3.3,1.5,1.0,0.5,0.0,0.3,0.027453,0.027645,-0.000192,1,1,1,-7.65e-05,47,1,,1,0.028235,1,0.002576,8,1,no_sustained_vertical_lift_type=sustained_horizontal_transport
trace_butter_s26_w0_10_s20d_clean_seed0_job330097,butter,26,158,3,0,0,,3.3,1.5,1.0,0.5,0.0,0.3,0.012194,0.010266,0.001928,1,1,1,6.32e-06,95,1,,1,0.00831,1,0.0,5,1,no_sustained_vertical_lift_type=sustained_horizontal_transport
trace_butter_s27_w0_10_s20d_clean_seed0_job330098,butter,27,46,0,0,0,,3.3,1.5,1.0,0.5,0.0,0.3,0.039689,0.03918,0.000509,1,1,1,-9.164e-05,,1,,1,0.0295,1,0.003988,8,1,no_sustained_vertical_lift_type=sustained_horizontal_transport
trace_butter_s27_w0_10_s20d_clean_seed0_job330098,butter,27,69,1,0,0,,3.3,1.5,1.0,0.5,0.0,0.3,0.016537,0.024946,-0.008409,1,1,1,-0.0001252,23,1,,1,0.118738,1,0.0,0,1,eef_not_near_object_dist=0.1187
trace_butter_s27_w0_10_s20d_clean_seed0_job330098,butter,27,98,2,0,0,,3.3,1.5,1.0,0.5,0.0,0.3,0.007669,0.007123,0.000546,1,1,1,-0.00020776,29,1,,1,0.28456,1,0.0,0,1,eef_not_near_object_dist=0.2846
trace_butter_s27_w0_10_s20d_clean_seed0_job330098,butter,27,106,3,0,0,,3.3,1.5,1.0,0.5,0.0,0.3,0.013943,0.008164,0.005779,1,1,1,3.734e-05,8,1,,1,0.293678,1,0.0,0,1,eef_not_near_object_dist=0.2937
trace_butter_s27_w0_10_s20d_clean_seed0_job330098,butter,27,110,4,0,0,,3.8,1.5,1.0,0.5,0.5,0.3,0.008368,0.015959,-0.007591,1,1,1,-0.00015947,4,1,,1,0.30467,1,0.0,0,1,eef_not_near_object_dist=0.3047
trace_butter_s27_w0_10_s20d_clean_seed0_job330098,butter,27,114,5,0,0,,3.3,1.5,1.0,0.5,0.0,0.3,0.010893,0.006628,0.004265,1,1,1,-0.00020761,4,1,,1,0.306515,1,0.0,0,1,eef_not_near_object_dist=0.3065
trace_butter_s27_w0_10_s20d_clean_seed0_job330098,butter,27,152,6,0,0,,3.3,1.5,1.0,0.5,0.0,0.3,0.030305,0.031219,-0.000914,1,1,1,-5.978e-05,38,1,,1,0.063171,1,0.000224,0,1,no_sustained_vertical_lift_type=no_sustained_motion
trace_butter_s27_w0_10_s20d_clean_seed0_job330098,butter,27,176,7,0,0,,3.3,1.5,1.0,0.5,0.0,0.3,0.029741,0.036546,-0.006805,1,1,1,-0.00017082,24,1,,1,0.14017,1,0.0,0,1,eef_not_near_object_dist=0.1402
trace_butter_s27_w0_10_s20d_clean_seed0_job330098,butter,27,181,8,0,0,,3.3,1.5,1.0,0.5,0.0,0.3,0.020977,0.011141,0.009836,1,1,1,-0.00028604,5,1,,1,0.123362,1,0.0,0,1,eef_not_near_object_dist=0.1234
trace_butter_s27_w0_10_s20d_clean_seed0_job330098,butter,27,183,9,0,0,,3.8,1.5,1.0,0.5,0.5,0.3,0.009757,0.017936,-0.008179,1,1,1,-0.00022114,2,1,,1,0.125237,1,0.0,0,1,eef_not_near_object_dist=0.1252
trace_butter_s27_w0_10_s20d_clean_seed0_job330098,butter,27,198,10,0,1,,3.3,1.5,1.0,0.5,0.0,0.3,0.024304,0.029001,-0.004697,1,1,1,-0.00172598,15,1,,1,0.045965,1,0.006687,6,1,
trace_butter_s27_w0_10_s20d_clean_seed0_job330098,butter,27,200,11,0,1,,3.8,1.5,1.0,0.5,0.5,0.3,0.006748,0.014754,-0.008006,1,1,1,-0.00244278,2,1,,1,0.045617,1,0.006135,6,0,
trace_butter_s27_w0_10_s20d_clean_seed0_job330098,butter,27,221,12,0,0,,3.8,1.5,1.0,0.5,0.5,0.3,0.006607,0.01921,-0.012603,1,1,1,-0.00020811,21,1,,1,0.11526,1,0.0,0,1,eef_not_near_object_dist=0.1153
trace_butter_s27_w0_10_s20d_clean_seed0_job330098,butter,27,241,13,0,0,,3.3,1.5,1.0,0.5,0.0,0.3,0.021545,0.03012,-0.008575,1,1,1,-0.00023031,20,1,,1,0.277952,1,0.0,0,1,eef_not_near_object_dist=0.2780
trace_butter_s27_w0_10_s20d_clean_seed0_job330098,butter,27,247,14,0,0,,3.3,1.5,1.0,0.5,0.0,0.3,0.016327,0.025355,-0.009028,1,1,1,-0.00012095,6,1,,1,0.300725,1,0.0,0,1,eef_not_near_object_dist=0.3007
trace_butter_s27_w0_10_s20d_clean_seed0_job330098,butter,27,249,15,0,0,,3.3,1.5,1.0,0.5,0.0,0.3,0.012106,0.012196,-9e-05,1,1,1,-0.00013514,2,1,,1,0.302286,1,0.0,0,1,eef_not_near_object_dist=0.3023
trace_butter_s27_w0_10_s20d_clean_seed0_job330098,butter,27,252,16,0,0,,3.8,1.5,1.0,0.5,0.5,0.3,0.007435,0.009925,-0.00249,1,1,1,-0.00021075,3,1,,1,0.305646,1,0.0,0,1,eef_not_near_object_dist=0.3056
trace_butter_s27_w0_10_s20d_clean_seed0_job330098,butter,27,255,17,0,0,,3.3,1.5,1.0,0.5,0.0,0.3,0.016913,0.016567,0.000346,1,1,1,-0.00019065,3,1,,1,0.299115,1,0.0,0,1,eef_not_near_object_dist=0.2991
trace_butter_s27_w0_10_s20d_clean_seed0_job330098,butter,27,260,18,0,0,,3.3,1.5,1.0,0.5,0.0,0.3,0.015124,0.00908,0.006044,1,1,1,-0.00026892,5,1,,1,0.29755,1,0.0,0,1,eef_not_near_object_dist=0.2975
trace_butter_s27_w0_10_s20d_clean_seed0_job330098,butter,27,267,19,0,0,,3.8,1.5,1.0,0.5,0.5,0.3,0.009669,0.015263,-0.005594,1,1,1,-0.00016544,7,1,,1,0.314116,1,0.0,0,1,eef_not_near_object_dist=0.3141
trace_butter_s27_w0_10_s20d_clean_seed0_job330098,butter,27,270,20,0,0,,3.3,1.5,1.0,0.5,0.0,0.3,0.012992,0.008951,0.004041,1,1,1,-0.00017244,3,1,,1,0.324506,1,0.0,0,1,eef_not_near_object_dist=0.3245
trace_butter_s27_w0_10_s20d_clean_seed0_job330098,butter,27,273,21,0,0,,3.3,1.5,1.0,0.5,0.0,0.3,0.016159,0.014679,0.00148,1,1,1,-0.00013339,3,1,,1,0.329134,1,0.0,0,1,eef_not_near_object_dist=0.3291
trace_butter_s27_w0_10_s20d_clean_seed0_job330098,butter,27,277,22,0,0,,3.3,1.5,1.0,0.5,0.0,0.3,0.017152,0.014327,0.002825,1,1,1,-0.00016632,4,1,,1,0.319804,1,0.0,0,1,eef_not_near_object_dist=0.3198
trace_butter_s28_w0_10_s20d_clean_seed0_job330099,butter,28,65,0,1,1,0,3.3,1.5,1.0,0.5,0.0,0.3,0.037721,0.038176,-0.000455,1,1,1,-0.00013431,,1,,1,0.017329,1,0.060999,6,1,
trace_butter_s28_w0_10_s20d_clean_seed0_job330099,butter,28,162,1,0,0,97,3.8,1.5,1.0,0.5,0.5,0.3,0.002576,0.004499,-0.001923,1,1,1,-0.00010724,97,1,,1,0.005116,1,0.0,0,1,no_sustained_vertical_lift_type=no_sustained_motion
trace_butter_s29_w0_10_s20d_clean_seed0_job330100,butter,29,4,0,0,0,,3.3,1.5,1.0,0.5,0.0,0.3,0.007499,0.00642,0.001079,1,1,1,-3.101e-05,,1,,1,0.355273,1,0.0,0,1,eef_not_near_object_dist=0.3553
trace_butter_s29_w0_10_s20d_clean_seed0_job330100,butter,29,6,1,0,0,,3.8,1.5,1.0,0.5,0.5,0.3,0.006533,0.007211,-0.000678,1,1,1,-8.63e-06,2,1,,1,0.354205,1,0.0,0,1,eef_not_near_object_dist=0.3542
trace_butter_s29_w0_10_s20d_clean_seed0_job330100,butter,29,10,2,0,0,,3.8,1.5,1.0,0.5,0.5,0.3,0.007903,0.008858,-0.000955,1,1,1,-9.092e-05,4,1,,1,0.3596,1,0.0,0,1,eef_not_near_object_dist=0.3596
trace_butter_s29_w0_10_s20d_clean_seed0_job330100,butter,29,15,3,0,0,,3.3,1.5,1.0,0.5,0.0,0.3,0.009988,0.008904,0.001084,1,1,1,-0.00031314,5,1,,1,0.36272,1,0.0,0,1,eef_not_near_object_dist=0.3627
trace_butter_s29_w0_10_s20d_clean_seed0_job330100,butter,29,20,4,0,0,,3.3,1.5,1.0,0.5,0.0,0.3,0.012641,0.021331,-0.00869,1,1,1,-0.00036623,5,1,,1,0.374152,1,0.0,0,1,eef_not_near_object_dist=0.3742
trace_butter_s29_w0_10_s20d_clean_seed0_job330100,butter,29,25,5,0,0,,3.3,1.5,1.0,0.5,0.0,0.3,0.017883,0.011081,0.006802,1,1,1,-0.00030725,5,1,,1,0.3752,1,0.0,0,1,eef_not_near_object_dist=0.3752
trace_butter_s29_w0_10_s20d_clean_seed0_job330100,butter,29,29,6,0,0,,3.3,1.5,1.0,0.5,0.0,0.3,0.010236,0.013811,-0.003575,1,1,1,-0.00016331,4,1,,1,0.381101,1,0.0,0,1,eef_not_near_object_dist=0.3811
trace_butter_s29_w0_10_s20d_clean_seed0_job330100,butter,29,34,7,0,0,,3.3,1.5,1.0,0.5,0.0,0.3,0.015481,0.010858,0.004623,1,1,1,-0.00031409,5,1,,1,0.3838,1,0.0,0,1,eef_not_near_object_dist=0.3838
trace_butter_s29_w0_10_s20d_clean_seed0_job330100,butter,29,36,8,0,0,,3.3,1.5,1.0,0.5,0.0,0.3,0.014141,0.017028,-0.002887,1,1,1,-9.855e-05,2,1,,1,0.386281,1,0.0,0,1,eef_not_near_object_dist=0.3863
trace_butter_s29_w0_10_s20d_clean_seed0_job330100,butter,29,39,9,0,0,,3.3,1.5,1.0,0.5,0.0,0.3,0.011169,0.010319,0.00085,1,1,1,0.00025952,3,1,,1,0.391253,1,0.0,0,1,eef_not_near_object_dist=0.3913
trace_butter_s29_w0_10_s20d_clean_seed0_job330100,butter,29,42,10,0,0,,3.3,1.5,1.0,0.5,0.0,0.3,0.012129,0.015681,-0.003552,1,1,1,-0.00020694,3,1,,1,0.395944,1,0.0,0,1,eef_not_near_object_dist=0.3959
trace_butter_s29_w0_10_s20d_clean_seed0_job330100,butter,29,47,11,0,0,,3.3,1.5,1.0,0.5,0.0,0.3,0.016003,0.011373,0.00463,1,1,1,-0.00027472,5,1,,1,0.401353,1,0.0,0,1,eef_not_near_object_dist=0.4014
trace_butter_s29_w0_10_s20d_clean_seed0_job330100,butter,29,57,12,0,0,,3.3,1.5,1.0,0.5,0.0,0.3,0.011382,0.013999,-0.002617,1,1,1,-0.00026609,10,1,,1,0.4131,1,0.0,0,1,eef_not_near_object_dist=0.4131
trace_butter_s29_w0_10_s20d_clean_seed0_job330100,butter,29,80,13,0,0,,3.3,1.5,1.0,0.5,0.0,0.3,0.02744,0.027357,8.3e-05,1,1,1,-0.00011882,23,1,,1,0.404698,1,0.0,0,1,eef_not_near_object_dist=0.4047
trace_butter_s29_w0_10_s20d_clean_seed0_job330100,butter,29,128,14,0,0,,3.3,1.5,1.0,0.5,0.0,0.3,0.028095,0.028209,-0.000114,1,1,1,3.635e-05,48,1,,1,0.203932,1,0.0,0,1,eef_not_near_object_dist=0.2039
trace_butter_s29_w0_10_s20d_clean_seed0_job330100,butter,29,140,15,0,0,,3.8,1.5,1.0,0.5,0.5,0.3,0.000487,0.001114,-0.000627,1,1,1,-0.00867743,12,1,,1,0.196045,1,0.0,0,1,eef_not_near_object_dist=0.1960
trace_butter_s29_w0_10_s20d_clean_seed0_job330100,butter,29,144,16,0,0,,3.8,1.5,1.0,0.5,0.5,0.3,0.000712,0.001599,-0.000887,1,1,1,-0.00624919,4,1,,1,0.19473,1,0.0,0,1,eef_not_near_object_dist=0.1947
trace_butter_s29_w0_10_s20d_clean_seed0_job330100,butter,29,150,17,0,0,,3.8,1.5,1.0,0.5,0.5,0.3,0.001193,0.001324,-0.000131,1,1,1,-0.00328786,6,1,,1,0.193778,1,0.0,0,1,eef_not_near_object_dist=0.1938
trace_butter_s29_w0_10_s20d_clean_seed0_job330100,butter,29,154,18,0,0,,3.3,1.5,1.0,0.5,0.0,0.3,0.000223,0.000159,6.4e-05,1,1,1,-0.00356453,4,1,,1,0.193676,1,0.0,0,1,eef_not_near_object_dist=0.1937
trace_butter_s29_w0_10_s20d_clean_seed0_job330100,butter,29,245,19,0,0,,3.3,1.5,1.0,0.5,0.0,0.3,0.000459,0.000419,4e-05,1,1,1,-0.00051425,91,1,,1,0.188665,1,0.0,0,1,eef_not_near_object_dist=0.1887
trace_butter_s29_w0_10_s20d_clean_seed0_job330100,butter,29,249,20,0,0,,3.8,1.5,1.0,0.5,0.5,0.3,0.000161,0.000408,-0.000247,1,1,1,-0.00090826,4,1,,1,0.188715,1,0.0,0,1,eef_not_near_object_dist=0.1887
trace_butter_s29_w0_10_s20d_clean_seed0_job330100,butter,29,252,21,0,0,,3.8,1.5,1.0,0.5,0.5,0.3,8.8e-05,9e-05,-2e-06,1,1,1,-0.00077371,3,1,,1,0.188665,1,0.0,0,1,eef_not_near_object_dist=0.1887
trace_butter_s29_w0_10_s20d_clean_seed0_job330100,butter,29,272,22,0,0,,3.3,1.5,1.0,0.5,0.0,0.3,0.00127,0.001092,0.000178,1,1,1,-0.01772268,20,1,,1,0.180005,1,0.0,0,1,eef_not_near_object_dist=0.1800
trace_butter_s29_w0_10_s20d_clean_seed0_job330100,butter,29,278,23,0,0,,3.8,1.5,1.0,0.5,0.5,0.3,0.002649,0.003014,-0.000365,1,1,1,-0.01995073,6,1,,1,0.175254,1,0.0,0,1,eef_not_near_object_dist=0.1753
trace_butter_s30_w0_10_s20d_clean_seed0_job330101,butter,30,49,0,0,0,,3.3,1.5,1.0,0.5,0.0,0.3,0.035697,0.035563,0.000134,1,1,1,1.36e-06,,1,,1,0.026574,1,0.0,0,1,no_sustained_vertical_lift_type=no_sustained_motion
trace_butter_s30_w0_10_s20d_clean_seed0_job330101,butter,30,54,1,0,0,,3.8,1.5,1.0,0.5,0.5,0.3,0.008039,0.010199,-0.00216,1,1,1,-0.01066337,5,1,,1,0.011035,1,0.0,0,1,no_sustained_vertical_lift_type=no_sustained_motion
trace_butter_s30_w0_10_s20d_clean_seed0_job330101,butter,30,56,2,0,0,,3.8,1.5,1.0,0.5,0.5,0.3,0.002224,0.00492,-0.002696,1,1,1,-0.01073933,2,1,,1,0.010586,1,0.0,0,0,no_sustained_vertical_lift_type=no_sustained_motion
trace_butter_s30_w0_10_s20d_clean_seed0_job330101,butter,30,76,3,0,0,,3.3,1.5,1.0,0.5,0.0,0.3,0.027181,0.03174,-0.004559,1,1,1,-5.545e-05,20,1,,1,0.1476,1,0.0,0,1,eef_not_near_object_dist=0.1476
trace_butter_s30_w0_10_s20d_clean_seed0_job330101,butter,30,78,4,0,0,,3.3,1.5,1.0,0.5,0.0,0.3,0.01644,0.022908,-0.006468,1,1,1,-5.176e-05,2,1,,1,0.15788,1,0.0,0,1,eef_not_near_object_dist=0.1579
trace_butter_s30_w0_10_s20d_clean_seed0_job330101,butter,30,81,5,0,0,,3.3,1.5,1.0,0.5,0.0,0.3,0.019589,0.021609,-0.00202,1,1,1,-4.719e-05,3,1,,1,0.177176,1,0.0,0,1,eef_not_near_object_dist=0.1772
trace_butter_s30_w0_10_s20d_clean_seed0_job330101,butter,30,84,6,0,0,,3.3,1.5,1.0,0.5,0.0,0.3,0.015023,0.010911,0.004112,1,1,1,-1.874e-05,3,1,,1,0.171496,1,0.0,0,1,eef_not_near_object_dist=0.1715
trace_butter_s30_w0_10_s20d_clean_seed0_job330101,butter,30,106,7,0,0,,3.3,1.5,1.0,0.5,0.0,0.3,0.039566,0.038689,0.000877,1,1,1,-8.875e-05,22,1,,1,0.038121,1,0.001247,2,1,no_sustained_vertical_lift_type=sustained_horizontal_transport
trace_butter_s30_w0_10_s20d_clean_seed0_job330101,butter,30,108,8,0,0,,3.3,1.5,1.0,0.5,0.0,0.3,0.030441,0.036635,-0.006194,1,1,1,-5.323e-05,2,1,,1,0.021708,1,0.005345,2,1,no_sustained_vertical_lift_type=sustained_horizontal_transport
trace_butter_s30_w0_10_s20d_clean_seed0_job330101,butter,30,202,9,0,0,,3.3,1.5,1.0,0.5,0.0,0.3,0.011624,0.02136,-0.009736,1,1,1,-0.00022144,94,1,,1,0.011543,1,0.0,12,1,no_sustained_vertical_lift_type=sustained_horizontal_transport
trace_butter_s30_w0_10_s20d_clean_seed0_job330101,butter,30,208,10,0,0,,3.3,1.5,1.0,0.5,0.0,0.3,0.013351,0.018627,-0.005276,1,1,1,-0.00020577,6,1,,1,0.011565,1,0.000836,0,1,no_sustained_vertical_lift_type=no_sustained_motion
trace_butter_s30_w0_10_s20d_clean_seed0_job330101,butter,30,212,11,0,0,,3.8,1.5,1.0,0.5,0.5,0.3,0.002684,0.004974,-0.00229,1,1,1,-0.0001695,4,1,,1,0.011569,1,0.002739,0,1,no_sustained_vertical_lift_type=no_sustained_motion
trace_butter_s30_w0_10_s20d_clean_seed0_job330101,butter,30,217,12,0,0,,3.3,1.5,1.0,0.5,0.0,0.3,0.007006,0.003143,0.003863,1,1,1,-0.0001516,5,1,,1,0.013684,1,0.0,0,1,no_sustained_vertical_lift_type=no_sustained_motion
trace_butter_s31_w0_10_s20d_clean_seed0_job330102,butter,31,65,0,1,1,0,3.3,1.5,1.0,0.5,0.0,0.3,0.032351,0.034573,-0.002222,1,1,1,-0.00045087,,1,,1,0.02351,1,0.070779,7,1,
trace_butter_s31_w0_10_s20d_clean_seed0_job330102,butter,31,150,1,0,0,85,3.3,1.5,1.0,0.5,0.0,0.3,0.010099,0.00502,0.005079,1,1,1,-8.506e-05,85,1,,1,0.026163,1,0.0,0,1,no_sustained_vertical_lift_type=no_sustained_motion
trace_butter_s32_w0_10_s20d_clean_seed0_job330103,butter,32,1,0,0,0,,3.3,1.5,1.0,0.5,0.0,0.3,,,,1,1,1,-8.537e-05,,1,too_early,0,0.371024,1,0.0,0,1,eef_not_near_object_dist=0.3710
trace_butter_s32_w0_10_s20d_clean_seed0_job330103,butter,32,5,1,0,0,,3.3,1.5,1.0,0.5,0.0,0.3,0.009221,0.007665,0.001556,1,1,1,-1.801e-05,4,1,,1,0.364866,1,0.0,0,1,eef_not_near_object_dist=0.3649
trace_butter_s32_w0_10_s20d_clean_seed0_job330103,butter,32,11,2,0,0,,3.3,1.5,1.0,0.5,0.0,0.3,0.009926,0.008444,0.001482,1,1,1,-0.00015103,6,1,,1,0.367282,1,0.0,0,1,eef_not_near_object_dist=0.3673
trace_butter_s32_w0_10_s20d_clean_seed0_job330103,butter,32,15,3,0,0,,3.3,1.5,1.0,0.5,0.0,0.3,0.013562,0.011563,0.001999,1,1,1,-0.00014213,4,1,,1,0.362908,1,0.0,0,1,eef_not_near_object_dist=0.3629
trace_butter_s32_w0_10_s20d_clean_seed0_job330103,butter,32,19,4,0,0,,3.3,1.5,1.0,0.5,0.0,0.3,0.013367,0.012457,0.00091,1,1,1,-0.00012521,4,1,,1,0.364606,1,0.0,0,1,eef_not_near_object_dist=0.3646
trace_butter_s32_w0_10_s20d_clean_seed0_job330103,butter,32,22,5,0,0,,3.3,1.5,1.0,0.5,0.0,0.3,0.011166,0.012604,-0.001438,1,1,1,-0.00018287,3,1,,1,0.368099,1,0.0,0,1,eef_not_near_object_dist=0.3681
trace_butter_s32_w0_10_s20d_clean_seed0_job330103,butter,32,25,6,0,0,,3.3,1.5,1.0,0.5,0.0,0.3,0.018243,0.014119,0.004124,1,1,1,-0.00011537,3,1,,1,0.38008,1,0.0,0,1,eef_not_near_object_dist=0.3801
trace_butter_s32_w0_10_s20d_clean_seed0_job330103,butter,32,45,7,0,0,,3.3,1.5,1.0,0.5,0.0,0.3,0.022356,0.027548,-0.005192,1,1,1,0.00020138,20,1,,1,0.529343,1,0.0,0,1,eef_not_near_object_dist=0.5293
trace_butter_s32_w0_10_s20d_clean_seed0_job330103,butter,32,62,8,0,0,,3.3,1.5,1.0,0.5,0.0,0.3,0.015895,0.019182,-0.003287,1,1,1,5.218e-05,17,1,,1,0.535768,1,0.0,0,1,eef_not_near_object_dist=0.5358
trace_butter_s32_w0_10_s20d_clean_seed0_job330103,butter,32,66,9,0,0,,3.3,1.5,1.0,0.5,0.0,0.3,0.015091,0.014527,0.000564,1,1,1,0.00010859,4,1,,1,0.537355,1,0.0,0,1,eef_not_near_object_dist=0.5374
trace_butter_s32_w0_10_s20d_clean_seed0_job330103,butter,32,73,10,0,0,,3.8,1.5,1.0,0.5,0.5,0.3,0.003445,0.003999,-0.000554,1,1,1,1.219e-05,7,1,,1,0.540025,1,0.0,0,1,eef_not_near_object_dist=0.5400
trace_butter_s33_w0_10_s20d_clean_seed0_job330104,butter,33,45,0,1,1,0,3.3,1.5,1.0,0.5,0.0,0.3,0.024016,0.029777,-0.005761,1,1,1,-0.00453376,,1,,1,0.024521,1,0.071425,8,1,
trace_butter_s33_w0_10_s20d_clean_seed0_job330104,butter,33,123,1,0,0,78,3.8,1.5,1.0,0.5,0.5,0.3,0.005402,0.006915,-0.001513,1,1,1,7.51e-06,78,1,,1,0.019933,1,0.000363,8,1,no_sustained_vertical_lift_type=sustained_horizontal_transport
trace_butter_s33_w0_10_s20d_clean_seed0_job330104,butter,33,126,2,0,0,81,3.8,1.5,1.0,0.5,0.5,0.3,0.001431,0.002369,-0.000938,1,1,1,4.3e-07,3,1,,1,0.01993,1,9.7e-05,10,1,no_sustained_vertical_lift_type=sustained_horizontal_transport
trace_butter_s33_w0_10_s20d_clean_seed0_job330104,butter,33,135,3,0,0,90,3.3,1.5,1.0,0.5,0.0,0.3,0.004297,0.003652,0.000645,1,1,1,3.83e-06,9,1,,1,0.019919,1,0.002101,0,1,no_sustained_vertical_lift_type=no_sustained_motion
trace_butter_s33_w0_10_s20d_clean_seed0_job330104,butter,33,137,4,0,0,92,3.8,1.5,1.0,0.5,0.5,0.3,0.004456,0.004708,-0.000252,1,1,1,4.65e-06,2,1,,1,0.019918,1,0.0,0,1,no_sustained_vertical_lift_type=no_sustained_motion
trace_butter_s34_w0_10_s20d_clean_seed0_job330105,butter,34,53,0,0,1,,3.3,1.5,1.0,0.5,0.0,0.3,0.030217,0.029216,0.001001,1,1,1,-7.338e-05,,1,,1,0.020783,1,0.02343,3,1,
trace_butter_s34_w0_10_s20d_clean_seed0_job330105,butter,34,55,1,0,1,,3.3,1.5,1.0,0.5,0.0,0.3,0.031162,0.032297,-0.001135,1,1,1,-0.00264639,2,1,,1,0.016592,1,0.04429,5,1,
trace_butter_s34_w0_10_s20d_clean_seed0_job330105,butter,34,140,2,0,0,,3.8,1.5,1.0,0.5,0.5,0.3,0.004753,0.009326,-0.004573,1,1,1,0.00011198,85,1,,1,0.010315,1,0.0,5,1,no_sustained_vertical_lift_type=sustained_horizontal_transport
trace_butter_s34_w0_10_s20d_clean_seed0_job330105,butter,34,143,3,0,0,,3.3,1.5,1.0,0.5,0.0,0.3,0.011679,0.004298,0.007381,1,1,1,9.24e-05,3,1,,1,0.010309,1,0.0,8,1,no_sustained_vertical_lift_type=sustained_horizontal_transport
trace_butter_s34_w0_10_s20d_clean_seed0_job330105,butter,34,149,4,0,0,,3.8,1.5,1.0,0.5,0.5,0.3,0.003077,0.008801,-0.005724,1,1,1,0.00010177,6,1,,1,0.010301,1,0.002223,10,1,no_sustained_vertical_lift_type=sustained_horizontal_transport
trace_butter_s34_w0_10_s20d_clean_seed0_job330105,butter,34,151,5,0,0,,3.3,1.5,1.0,0.5,0.0,0.3,0.004894,0.003539,0.001355,1,1,1,8.187e-05,2,1,,1,0.0103,1,0.002208,7,1,no_sustained_vertical_lift_type=sustained_horizontal_transport
trace_butter_s34_w0_10_s20d_clean_seed0_job330105,butter,34,155,6,0,0,,3.8,1.5,1.0,0.5,0.5,0.3,0.004717,0.005094,-0.000377,1,1,1,5.275e-05,4,1,,1,0.010297,1,0.0,2,1,no_sustained_vertical_lift_type=sustained_horizontal_transport
trace_butter_s35_w0_10_s20d_clean_seed0_job330106,butter,35,61,0,1,1,0,3.3,1.5,1.0,0.5,0.0,0.3,0.035822,0.035336,0.000486,1,1,1,-9.358e-05,,1,,1,0.026655,1,0.075385,7,1,
trace_butter_s35_w0_10_s20d_clean_seed0_job330106,butter,35,147,1,0,0,86,3.3,1.5,1.0,0.5,0.0,0.3,0.010256,0.019927,-0.009671,1,1,1,-0.00022034,86,1,,1,0.024774,1,0.0,11,1,no_sustained_vertical_lift_type=sustained_horizontal_transport
trace_butter_s35_w0_10_s20d_clean_seed0_job330106,butter,35,152,2,0,0,91,3.8,1.5,1.0,0.5,0.5,0.3,0.003773,0.008431,-0.004658,1,1,1,-0.0001403,5,1,,1,0.024769,1,0.0,8,1,no_sustained_vertical_lift_type=sustained_horizontal_transport
trace_butter_s35_w0_10_s20d_clean_seed0_job330106,butter,35,156,3,0,0,95,3.8,1.5,1.0,0.5,0.5,0.3,0.004269,0.006945,-0.002676,1,1,1,-0.00010942,4,1,,1,0.024765,1,0.0,2,1,no_sustained_vertical_lift_type=sustained_horizontal_transport
trace_butter_s35_w0_10_s20d_clean_seed0_job330106,butter,35,161,4,0,0,100,3.3,1.5,1.0,0.5,0.0,0.3,0.002658,0.002593,6.5e-05,1,1,1,-0.00010344,5,1,,1,0.024762,1,0.0,0,1,no_sustained_vertical_lift_type=no_sustained_motion
trace_butter_s36_w0_10_s20d_clean_seed0_job330107,butter,36,56,0,1,1,0,3.3,1.5,1.0,0.5,0.0,0.3,0.041309,0.040977,0.000332,1,1,1,-0.00016714,,1,,1,0.046524,1,0.056577,7,1,
trace_butter_s36_w0_10_s20d_clean_seed0_job330107,butter,36,122,1,0,0,66,3.8,1.5,1.0,0.5,0.5,0.3,0.007663,0.008911,-0.001248,1,1,1,-0.00016113,66,1,,1,0.316847,1,0.0,0,1,eef_not_near_object_dist=0.3168
trace_butter_s36_w0_10_s20d_clean_seed0_job330107,butter,36,126,2,0,0,70,3.3,1.5,1.0,0.5,0.0,0.3,0.00897,0.008013,0.000957,1,1,1,-0.00015843,4,1,,1,0.316483,1,0.0,0,1,eef_not_near_object_dist=0.3165
trace_butter_s36_w0_10_s20d_clean_seed0_job330107,butter,36,149,3,0,0,93,3.3,1.5,1.0,0.5,0.0,0.3,0.031813,0.033452,-0.001639,1,1,1,-7.32e-05,23,1,,1,0.15464,1,0.0,0,1,eef_not_near_object_dist=0.1546
trace_butter_s36_w0_10_s20d_clean_seed0_job330107,butter,36,172,4,0,0,116,3.3,1.5,1.0,0.5,0.0,0.3,0.027559,0.036635,-0.009076,1,1,1,-0.00010681,23,1,,1,0.231063,1,0.0,0,1,eef_not_near_object_dist=0.2311
trace_butter_s36_w0_10_s20d_clean_seed0_job330107,butter,36,180,5,0,0,124,3.3,1.5,1.0,0.5,0.0,0.3,0.028425,0.038174,-0.009749,1,1,1,-0.00013133,8,1,,1,0.30403,1,0.0,0,1,eef_not_near_object_dist=0.3040
trace_butter_s36_w0_10_s20d_clean_seed0_job330107,butter,36,185,6,0,0,129,3.8,1.5,1.0,0.5,0.5,0.3,0.009363,0.016917,-0.007554,1,1,1,-7.888e-05,5,1,,1,0.325294,1,0.0,0,1,eef_not_near_object_dist=0.3253
trace_butter_s36_w0_10_s20d_clean_seed0_job330107,butter,36,187,7,0,0,131,3.3,1.5,1.0,0.5,0.0,0.3,0.011838,0.009836,0.002002,1,1,1,-7.62e-05,2,1,,1,0.330788,1,0.0,0,1,eef_not_near_object_dist=0.3308
trace_butter_s36_w0_10_s20d_clean_seed0_job330107,butter,36,192,8,0,0,136,3.3,1.5,1.0,0.5,0.0,0.3,0.018366,0.022102,-0.003736,1,1,1,-9.145e-05,5,1,,1,0.357852,1,0.0,0,1,eef_not_near_object_dist=0.3579
trace_butter_s36_w0_10_s20d_clean_seed0_job330107,butter,36,195,9,0,0,139,3.3,1.5,1.0,0.5,0.0,0.3,0.0102,0.010924,-0.000724,1,1,1,-9.801e-05,3,1,,1,0.362062,1,0.0,0,1,eef_not_near_object_dist=0.3621
trace_butter_s37_w0_10_s20d_clean_seed0_job330108,butter,37,6,0,0,0,,3.3,1.5,1.0,0.5,0.0,0.3,0.003771,0.003512,0.000259,1,1,1,-2.338e-05,,1,,1,0.344314,1,0.0,0,1,eef_not_near_object_dist=0.3443
trace_butter_s37_w0_10_s20d_clean_seed0_job330108,butter,37,64,1,0,1,,3.8,1.5,1.0,0.5,0.5,0.3,0.009088,0.015334,-0.006246,1,1,1,-0.01002806,58,1,,1,0.014998,1,0.013218,2,1,
trace_butter_s37_w0_10_s20d_clean_seed0_job330108,butter,37,152,2,0,0,,3.3,1.5,1.0,0.5,0.0,0.3,0.011008,0.0208,-0.009792,1,1,1,2.567e-05,88,1,,1,0.002011,1,0.0,13,1,no_sustained_vertical_lift_type=sustained_horizontal_transport
trace_butter_s37_w0_10_s20d_clean_seed0_job330108,butter,37,157,3,0,1,,3.3,1.5,1.0,0.5,0.0,0.3,0.016125,0.021309,-0.005184,1,1,1,7.411e-05,5,1,,1,0.002001,1,0.014113,3,1,
trace_butter_s37_w0_10_s20d_clean_seed0_job330108,butter,37,163,4,0,1,,3.8,1.5,1.0,0.5,0.5,0.3,0.007865,0.010219,-0.002354,1,1,1,0.00011475,6,1,,1,0.001993,1,0.014352,3,1,
trace_butter_s37_w0_10_s20d_clean_seed0_job330108,butter,37,170,5,0,0,,3.3,1.5,1.0,0.5,0.0,0.3,0.013441,0.011453,0.001988,1,1,1,5.728e-05,7,1,,1,0.004643,1,0.0,0,1,no_sustained_vertical_lift_type=no_sustained_motion
trace_butter_s38_w0_10_s20d_clean_seed0_job330109,butter,38,6,0,0,0,,3.8,1.5,1.0,0.5,0.5,0.3,0.006886,0.007324,-0.000438,1,1,1,-5.101e-05,,1,,1,0.358514,1,0.0,0,1,eef_not_near_object_dist=0.3585
trace_butter_s38_w0_10_s20d_clean_seed0_job330109,butter,38,10,1,0,0,,3.3,1.5,1.0,0.5,0.0,0.3,0.012814,0.009323,0.003491,1,1,1,-0.00012466,4,1,,1,0.355079,1,0.0,0,1,eef_not_near_object_dist=0.3551
trace_butter_s38_w0_10_s20d_clean_seed0_job330109,butter,38,13,2,0,0,,3.3,1.5,1.0,0.5,0.0,0.3,0.01941,0.018083,0.001327,1,1,1,-0.0001605,3,1,,1,0.349605,1,0.0,0,1,eef_not_near_object_dist=0.3496
trace_butter_s39_w0_10_s20d_clean_seed0_job330110,butter,39,0,0,0,0,,1.8,0.0,1.0,0.5,0.0,0.3,,,,1,0,1,7.1e-07,,,too_early,0,0.3449,1,0.0,0,1,eef_not_near_object_dist=0.3449
trace_butter_s39_w0_10_s20d_clean_seed0_job330110,butter,39,68,1,0,1,,3.3,1.5,1.0,0.5,0.0,0.3,0.025759,0.034516,-0.008757,1,1,1,-0.00484975,68,1,,1,0.025269,1,0.02509,6,1,
trace_butter_s39_w0_10_s20d_clean_seed0_job330110,butter,39,146,2,0,1,,3.3,1.5,1.0,0.5,0.0,0.3,0.017394,0.021589,-0.004195,1,1,1,0.00024095,78,1,,1,0.021781,1,0.01101,3,1,
trace_butter_s39_w0_10_s20d_clean_seed0_job330110,butter,39,148,3,0,1,,3.8,1.5,1.0,0.5,0.5,0.3,0.003974,0.011081,-0.007107,1,1,1,0.00019844,2,1,,1,0.02178,1,0.010067,3,1,
trace_butter_s39_w0_10_s20d_clean_seed0_job330110,butter,39,150,4,0,1,,3.3,1.5,1.0,0.5,0.0,0.3,0.005289,0.003482,0.001807,1,1,1,0.00016088,2,1,,1,0.021777,1,0.008128,2,1,
trace_butter_s39_w0_10_s20d_clean_seed0_job330110,butter,39,153,5,0,0,,3.3,1.5,1.0,0.5,0.0,0.3,0.005139,0.004679,0.00046,1,1,1,0.00010216,3,1,,1,0.021772,1,0.003671,5,1,no_sustained_vertical_lift_type=sustained_horizontal_transport
trace_butter_s40_w0_10_s20d_clean_seed0_job330111,butter,40,50,0,1,1,0,3.3,1.5,1.0,0.5,0.0,0.3,0.036129,0.036107,2.2e-05,1,1,1,-5.038e-05,,1,,1,0.045776,1,0.071011,7,1,
trace_butter_s40_w0_10_s20d_clean_seed0_job330111,butter,40,124,1,0,0,74,3.3,1.5,1.0,0.5,0.0,0.3,0.01263,0.017656,-0.005026,1,1,1,3.184e-05,74,1,,1,0.012349,1,0.003916,13,1,no_sustained_vertical_lift_type=sustained_horizontal_transport
trace_butter_s40_w0_10_s20d_clean_seed0_job330111,butter,40,127,2,0,0,77,3.8,1.5,1.0,0.5,0.5,0.3,0.008708,0.008852,-0.000144,1,1,1,-5.045e-05,3,1,,1,0.012346,1,0.003244,13,1,no_sustained_vertical_lift_type=sustained_horizontal_transport
trace_butter_s40_w0_10_s20d_clean_seed0_job330111,butter,40,134,3,0,0,84,3.3,1.5,1.0,0.5,0.0,0.3,0.005241,0.004985,0.000256,1,1,1,-0.00012201,7,1,,1,0.012336,1,0.004191,0,1,no_sustained_vertical_lift_type=no_sustained_motion
trace_butter_s40_w0_10_s20d_clean_seed0_job330111,butter,40,137,4,0,0,87,3.3,1.5,1.0,0.5,0.0,0.3,0.005,0.004517,0.000483,1,1,1,-0.0001871,3,1,,1,0.012332,1,0.0,0,1,no_sustained_vertical_lift_type=no_sustained_motion
trace_butter_s40_w0_10_s20d_clean_seed0_job330111,butter,40,142,5,0,0,92,3.3,1.5,1.0,0.5,0.0,0.3,0.002488,0.002484,4e-06,1,1,1,-0.0001695,5,1,,1,0.014256,1,0.0,0,1,no_sustained_vertical_lift_type=no_sustained_motion
trace_butter_s41_w0_10_s20d_clean_seed0_job330112,butter,41,63,0,1,1,0,3.3,1.5,1.0,0.5,0.0,0.3,0.022871,0.027072,-0.004201,1,1,1,-0.00180861,,1,,1,0.008283,1,0.077741,7,1,
trace_butter_s41_w0_10_s20d_clean_seed0_job330112,butter,41,139,1,0,0,76,3.3,1.5,1.0,0.5,0.0,0.3,0.007029,0.003568,0.003461,1,1,1,-0.00010195,76,1,,1,0.008697,1,0.0,0,1,no_sustained_vertical_lift_type=no_sustained_motion
trace_butter_s42_w0_10_s20d_clean_seed0_job330113,butter,42,9,0,0,0,-113,3.3,1.5,1.0,0.5,0.0,0.3,0.011614,0.009459,0.002155,1,1,1,-7.657e-05,,1,,1,0.333662,1,0.0,0,1,eef_not_near_object_dist=0.3337
trace_butter_s42_w0_10_s20d_clean_seed0_job330113,butter,42,49,1,0,0,-73,3.3,1.5,1.0,0.5,0.0,0.3,0.026719,0.028534,-0.001815,1,1,1,-3.75e-06,40,1,,1,0.079168,1,0.000276,11,1,no_sustained_vertical_lift_type=sustained_horizontal_transport
trace_butter_s42_w0_10_s20d_clean_seed0_job330113,butter,42,54,2,0,0,-68,3.3,1.5,1.0,0.5,0.0,0.3,0.013813,0.017566,-0.003753,1,1,1,-0.00023739,5,1,,1,0.063274,1,0.000314,0,1,no_sustained_vertical_lift_type=no_sustained_motion
trace_butter_s42_w0_10_s20d_clean_seed0_job330113,butter,42,56,3,0,0,-66,3.8,1.5,1.0,0.5,0.5,0.3,0.006407,0.008889,-0.002482,1,1,1,-0.00178105,2,1,,1,0.060613,1,0.000276,0,1,no_sustained_vertical_lift_type=no_sustained_motion
trace_butter_s42_w0_10_s20d_clean_seed0_job330113,butter,42,60,4,0,0,-62,3.3,1.5,1.0,0.5,0.0,0.3,0.009448,0.008312,0.001136,1,1,1,-0.00496102,4,1,,1,0.05381,1,0.000276,0,0,no_sustained_vertical_lift_type=no_sustained_motion
trace_butter_s42_w0_10_s20d_clean_seed0_job330113,butter,42,90,5,0,0,-32,3.8,1.5,1.0,0.5,0.5,0.3,0.008399,0.015813,-0.007414,1,1,1,-0.00019717,30,1,,1,0.207346,1,0.0,0,1,eef_not_near_object_dist=0.2073
trace_butter_s42_w0_10_s20d_clean_seed0_job330113,butter,42,96,6,0,0,-26,3.3,1.5,1.0,0.5,0.0,0.3,0.010688,0.013365,-0.002677,1,1,1,-0.00015034,6,1,,1,0.227081,1,0.0,0,1,eef_not_near_object_dist=0.2271
trace_butter_s42_w0_10_s20d_clean_seed0_job330113,butter,42,100,7,0,0,-22,3.3,1.5,1.0,0.5,0.0,0.3,0.013907,0.01357,0.000337,1,1,1,-0.00017376,4,1,,1,0.220666,1,0.0,0,1,eef_not_near_object_dist=0.2207
trace_butter_s42_w0_10_s20d_clean_seed0_job330113,butter,42,122,8,1,1,0,3.3,1.5,1.0,0.5,0.0,0.3,0.034067,0.03185,0.002217,1,1,1,-0.00011276,22,1,,1,0.026387,1,0.031616,3,1,
trace_butter_s42_w0_10_s20d_clean_seed0_job330113,butter,42,205,9,0,0,83,3.3,1.5,1.0,0.5,0.0,0.3,0.016728,0.02398,-0.007252,1,1,1,-0.00036213,83,1,,1,0.017614,1,0.0,0,1,no_sustained_vertical_lift_type=no_sustained_motion
trace_butter_s42_w0_10_s20d_clean_seed0_job330113,butter,42,211,10,0,0,89,3.8,1.5,1.0,0.5,0.5,0.3,0.004277,0.006314,-0.002037,1,1,1,-0.00020692,6,1,,1,0.017609,1,0.0,0,1,no_sustained_vertical_lift_type=no_sustained_motion
trace_butter_s42_w0_10_s20d_clean_seed0_job330113,butter,42,215,11,0,0,93,3.8,1.5,1.0,0.5,0.5,0.3,0.002789,0.005577,-0.002788,1,1,1,-0.00012342,4,1,,1,0.017605,1,0.0,0,1,no_sustained_vertical_lift_type=no_sustained_motion
trace_butter_s43_w0_10_s20d_clean_seed0_job330114,butter,43,8,0,0,0,,3.3,1.5,1.0,0.5,0.0,0.3,0.002501,0.001876,0.000625,1,1,1,-3e-08,,1,,1,0.344857,1,0.0,0,1,eef_not_near_object_dist=0.3449
trace_butter_s43_w0_10_s20d_clean_seed0_job330114,butter,43,11,1,0,0,,3.3,1.5,1.0,0.5,0.0,0.3,0.010867,0.009896,0.000971,1,1,1,-5.651e-05,3,1,,1,0.351242,1,0.0,0,1,eef_not_near_object_dist=0.3512
trace_butter_s43_w0_10_s20d_clean_seed0_job330114,butter,43,15,2,0,0,,3.3,1.5,1.0,0.5,0.0,0.3,0.010105,0.012408,-0.002303,1,1,1,-5.434e-05,4,1,,1,0.356806,1,0.0,0,1,eef_not_near_object_dist=0.3568
trace_butter_s43_w0_10_s20d_clean_seed0_job330114,butter,43,20,3,0,0,,3.3,1.5,1.0,0.5,0.0,0.3,0.013332,0.01298,0.000352,1,1,1,-0.00032565,5,1,,1,0.362671,1,0.0,0,1,eef_not_near_object_dist=0.3627
trace_butter_s43_w0_10_s20d_clean_seed0_job330114,butter,43,23,4,0,0,,3.3,1.5,1.0,0.5,0.0,0.3,0.01281,0.010265,0.002545,1,1,1,-0.00014249,3,1,,1,0.370078,1,0.0,0,1,eef_not_near_object_dist=0.3701
trace_butter_s43_w0_10_s20d_clean_seed0_job330114,butter,43,26,5,0,0,,3.3,1.5,1.0,0.5,0.0,0.3,0.010023,0.010995,-0.000972,1,1,1,-0.0001187,3,1,,1,0.3719,1,0.0,0,1,eef_not_near_object_dist=0.3719
trace_butter_s43_w0_10_s20d_clean_seed0_job330114,butter,43,80,6,0,0,,3.8,1.5,1.0,0.5,0.5,0.3,0.005635,0.006068,-0.000433,1,1,1,-0.02245009,54,1,,1,0.059527,1,0.0,0,1,no_sustained_vertical_lift_type=no_sustained_motion
trace_butter_s43_w0_10_s20d_clean_seed0_job330114,butter,43,128,7,0,0,,3.3,1.5,1.0,0.5,0.0,0.3,0.004331,0.003168,0.001163,1,1,1,9.529e-05,48,1,,1,0.11129,1,0.0,0,1,eef_not_near_object_dist=0.1113
trace_butter_s43_w0_10_s20d_clean_seed0_job330114,butter,43,134,8,0,0,,3.8,1.5,1.0,0.5,0.5,0.3,0.00462,0.008386,-0.003766,1,1,1,6.86e-05,6,1,,1,0.120684,1,0.0,0,1,eef_not_near_object_dist=0.1207
trace_butter_s43_w0_10_s20d_clean_seed0_job330114,butter,43,136,9,0,0,,3.3,1.5,1.0,0.5,0.0,0.3,0.005897,0.004599,0.001298,1,1,1,2.104e-05,2,1,,1,0.119153,1,0.0,0,1,eef_not_near_object_dist=0.1192
trace_butter_s43_w0_10_s20d_clean_seed0_job330114,butter,43,141,10,0,0,,3.8,1.5,1.0,0.5,0.5,0.3,0.003376,0.005473,-0.002097,1,1,1,4.682e-05,5,1,,1,0.121754,1,0.0,0,1,eef_not_near_object_dist=0.1218
trace_butter_s43_w0_10_s20d_clean_seed0_job330114,butter,43,148,11,0,0,,3.3,1.5,1.0,0.5,0.0,0.3,0.01828,0.002038,0.016242,1,1,1,9.084e-05,7,1,,1,0.119577,1,0.0,0,1,eef_not_near_object_dist=0.1196
trace_butter_s43_w0_10_s20d_clean_seed0_job330114,butter,43,157,12,0,0,,3.8,1.5,1.0,0.5,0.5,0.3,0.004784,0.010294,-0.00551,1,1,1,0.00010173,9,1,,1,0.12271,1,0.0,0,1,eef_not_near_object_dist=0.1227
trace_butter_s43_w0_10_s20d_clean_seed0_job330114,butter,43,162,13,0,0,,3.8,1.5,1.0,0.5,0.5,0.3,0.001255,0.002972,-0.001717,1,1,1,8.24e-05,5,1,,1,0.119698,1,0.0,0,1,eef_not_near_object_dist=0.1197
trace_butter_s43_w0_10_s20d_clean_seed0_job330114,butter,43,166,14,0,0,,3.8,1.5,1.0,0.5,0.5,0.3,0.003531,0.003781,-0.00025,1,1,1,8.221e-05,4,1,,1,0.119591,1,0.0,0,1,eef_not_near_object_dist=0.1196
trace_butter_s43_w0_10_s20d_clean_seed0_job330114,butter,43,170,15,0,0,,3.8,1.5,1.0,0.5,0.5,0.3,0.001752,0.002445,-0.000693,1,1,1,9.609e-05,4,1,,1,0.115671,1,0.0,0,1,eef_not_near_object_dist=0.1157
trace_butter_s43_w0_10_s20d_clean_seed0_job330114,butter,43,174,16,0,0,,3.3,1.5,1.0,0.5,0.0,0.3,0.005207,0.004392,0.000815,1,1,1,9.049e-05,4,1,,1,0.118178,1,0.0,0,1,eef_not_near_object_dist=0.1182
trace_butter_s43_w0_10_s20d_clean_seed0_job330114,butter,43,179,17,0,0,,3.8,1.5,1.0,0.5,0.5,0.3,0.001708,0.013267,-0.011559,1,1,1,6.526e-05,5,1,,1,0.121217,1,0.0,0,1,eef_not_near_object_dist=0.1212
trace_butter_s43_w0_10_s20d_clean_seed0_job330114,butter,43,183,18,0,0,,3.3,1.5,1.0,0.5,0.0,0.3,0.003262,0.002217,0.001045,1,1,1,6.102e-05,4,1,,1,0.119025,1,0.0,0,1,eef_not_near_object_dist=0.1190
trace_butter_s43_w0_10_s20d_clean_seed0_job330114,butter,43,191,19,0,0,,3.8,1.5,1.0,0.5,0.5,0.3,0.006243,0.022785,-0.016542,1,1,1,5.536e-05,8,1,,1,0.136951,1,0.0,0,1,eef_not_near_object_dist=0.1370
trace_butter_s43_w0_10_s20d_clean_seed0_job330114,butter,43,197,20,0,0,,3.8,1.5,1.0,0.5,0.5,0.3,0.00918,0.026835,-0.017655,1,1,1,6.695e-05,6,1,,1,0.163129,1,0.0,0,1,eef_not_near_object_dist=0.1631
trace_butter_s43_w0_10_s20d_clean_seed0_job330114,butter,43,205,21,0,0,,3.3,1.5,1.0,0.5,0.0,0.3,0.01823,0.007243,0.010987,1,1,1,-9.874e-05,8,1,,1,0.181705,1,0.0,0,1,eef_not_near_object_dist=0.1817
trace_butter_s43_w0_10_s20d_clean_seed0_job330114,butter,43,228,22,0,0,,3.8,1.5,1.0,0.5,0.5,0.3,0.000452,0.002585,-0.002133,1,1,1,-0.01085544,23,1,,1,0.03419,1,0.00131,0,1,no_sustained_vertical_lift_type=no_sustained_motion
trace_butter_s43_w0_10_s20d_clean_seed0_job330114,butter,43,231,23,0,0,,3.8,1.5,1.0,0.5,0.5,0.3,0.000858,0.001116,-0.000258,1,1,1,-0.00644592,3,1,,1,0.034752,1,0.001218,0,1,no_sustained_vertical_lift_type=no_sustained_motion
trace_butter_s43_w0_10_s20d_clean_seed0_job330114,butter,43,240,24,0,0,,3.3,1.5,1.0,0.5,0.0,0.3,0.001135,0.000322,0.000813,1,1,1,-0.00716482,9,1,,1,0.034332,1,0.002066,0,1,no_sustained_vertical_lift_type=no_sustained_motion
trace_butter_s43_w0_10_s20d_clean_seed0_job330114,butter,43,251,25,0,1,,3.8,1.5,1.0,0.5,0.5,0.3,0.002532,0.003913,-0.001381,1,1,1,-0.01994572,11,1,,1,0.030519,1,0.018636,7,1,
trace_butter_s43_w0_10_s20d_clean_seed0_job330114,butter,43,257,26,0,1,,3.3,1.5,1.0,0.5,0.0,0.3,0.002245,0.000841,0.001404,1,1,1,-0.01622861,6,1,,1,0.031958,1,0.021378,12,1,
trace_butter_s43_w0_10_s20d_clean_seed0_job330114,butter,43,263,27,0,1,,3.3,1.5,1.0,0.5,0.0,0.3,0.002748,0.001679,0.001069,1,1,1,-0.01243946,6,1,,1,0.034844,1,0.059734,7,1,
trace_butter_s43_w0_10_s20d_clean_seed0_job330114,butter,43,265,28,0,1,,3.8,1.5,1.0,0.5,0.5,0.3,0.004405,0.004849,-0.000444,1,1,1,-0.01208392,2,1,,1,0.034215,1,0.084355,9,1,
trace_butter_s44_w0_10_s20d_clean_seed0_job330115,butter,44,2,0,0,0,,3.3,1.5,1.0,0.5,0.0,0.3,,,,1,1,1,-2.691e-05,,1,too_early,0,0.36192,1,0.0,0,1,eef_not_near_object_dist=0.3619
trace_butter_s44_w0_10_s20d_clean_seed0_job330115,butter,44,7,1,0,0,,3.3,1.5,1.0,0.5,0.0,0.3,0.008906,0.006608,0.002298,1,1,1,-8.532e-05,5,1,,1,0.357394,1,0.0,0,1,eef_not_near_object_dist=0.3574
trace_butter_s44_w0_10_s20d_clean_seed0_job330115,butter,44,10,2,0,0,,3.3,1.5,1.0,0.5,0.0,0.3,0.017605,0.015837,0.001768,1,1,1,-0.0001127,3,1,,1,0.352842,1,0.0,0,1,eef_not_near_object_dist=0.3528
trace_butter_s44_w0_10_s20d_clean_seed0_job330115,butter,44,13,3,0,0,,3.3,1.5,1.0,0.5,0.0,0.3,0.018942,0.019078,-0.000136,1,1,1,-0.00020188,3,1,,1,0.348345,1,0.0,0,1,eef_not_near_object_dist=0.3483
trace_butter_s45_w0_10_s20d_clean_seed0_job330116,butter,45,52,0,0,1,,3.3,1.5,1.0,0.5,0.0,0.3,0.016542,0.024604,-0.008062,1,1,1,-0.00465606,,1,,1,0.024045,1,0.02937,4,1,
trace_butter_s45_w0_10_s20d_clean_seed0_job330116,butter,45,55,1,0,1,,3.8,1.5,1.0,0.5,0.5,0.3,0.009092,0.011413,-0.002321,1,1,1,-0.01282398,3,1,,1,0.026037,1,0.06012,7,1,
trace_butter_s45_w0_10_s20d_clean_seed0_job330116,butter,45,137,2,0,0,,3.3,1.5,1.0,0.5,0.0,0.3,0.005194,0.002412,0.002782,1,1,1,0.0006521,82,1,,1,0.023856,1,0.0,0,1,no_sustained_vertical_lift_type=no_sustained_motion
trace_butter_s46_w0_10_s20d_clean_seed0_job330117,butter,46,7,0,0,0,-55,3.3,1.5,1.0,0.5,0.0,0.3,0.004179,0.003542,0.000637,1,1,1,-2.419e-05,,1,,1,0.346462,1,0.0,0,1,eef_not_near_object_dist=0.3465
trace_butter_s46_w0_10_s20d_clean_seed0_job330117,butter,46,62,1,1,1,0,3.3,1.5,1.0,0.5,0.0,0.3,0.037653,0.037882,-0.000229,1,1,1,-4.385e-05,55,1,,1,0.037944,1,0.067914,7,1,
trace_butter_s46_w0_10_s20d_clean_seed0_job330117,butter,46,108,2,0,0,46,3.3,1.5,1.0,0.5,0.0,0.3,0.012915,0.024682,-0.011767,1,1,1,-5.865e-05,46,1,,1,0.031773,1,0.003489,13,1,no_sustained_vertical_lift_type=sustained_horizontal_transport
trace_butter_s46_w0_10_s20d_clean_seed0_job330117,butter,46,139,3,0,0,77,3.3,1.5,1.0,0.5,0.0,0.3,0.01567,0.022779,-0.007109,1,1,1,8.71e-05,31,1,,1,0.031579,1,0.0,4,1,no_sustained_vertical_lift_type=sustained_horizontal_transport
trace_butter_s47_w0_10_s20d_clean_seed0_job330118,butter,47,5,0,0,0,,3.3,1.5,1.0,0.5,0.0,0.3,0.00693,0.006652,0.000278,1,1,1,-2.456e-05,,1,,1,0.350459,1,0.0,0,1,eef_not_near_object_dist=0.3505
trace_butter_s47_w0_10_s20d_clean_seed0_job330118,butter,47,16,1,0,0,,3.3,1.5,1.0,0.5,0.0,0.3,0.025097,0.022745,0.002352,1,1,1,-0.00015201,11,1,,1,0.333001,1,0.0,0,1,eef_not_near_object_dist=0.3330
trace_butter_s47_w0_10_s20d_clean_seed0_job330118,butter,47,55,2,0,0,,3.3,1.5,1.0,0.5,0.0,0.3,0.032767,0.036315,-0.003548,1,1,1,-0.00018358,39,1,,1,0.092167,1,0.0,0,1,eef_not_near_object_dist=0.0922
trace_butter_s47_w0_10_s20d_clean_seed0_job330118,butter,47,83,3,0,0,,3.3,1.5,1.0,0.5,0.0,0.3,0.02993,0.035527,-0.005597,1,1,1,-0.00015369,28,1,,1,0.258921,1,0.0,0,1,eef_not_near_object_dist=0.2589
trace_butter_s47_w0_10_s20d_clean_seed0_job330118,butter,47,88,4,0,0,,3.3,1.5,1.0,0.5,0.0,0.3,0.024071,0.029895,-0.005824,1,1,1,-0.0002051,5,1,,1,0.299003,1,0.0,0,1,eef_not_near_object_dist=0.2990
trace_butter_s47_w0_10_s20d_clean_seed0_job330118,butter,47,97,5,0,0,,3.3,1.5,1.0,0.5,0.0,0.3,0.013123,0.024314,-0.011191,1,1,1,-0.0001981,9,1,,1,0.347085,1,0.0,0,1,eef_not_near_object_dist=0.3471
trace_butter_s47_w0_10_s20d_clean_seed0_job330118,butter,47,100,6,0,0,,3.3,1.5,1.0,0.5,0.0,0.3,0.009652,0.008876,0.000776,1,1,1,-0.00018003,3,1,,1,0.35141,1,0.0,0,1,eef_not_near_object_dist=0.3514
trace_butter_s47_w0_10_s20d_clean_seed0_job330118,butter,47,107,7,0,0,,3.3,1.5,1.0,0.5,0.0,0.3,0.017072,0.015914,0.001158,1,1,1,-0.00011602,7,1,,1,0.34632,1,0.0,0,1,eef_not_near_object_dist=0.3463
trace_butter_s47_w0_10_s20d_clean_seed0_job330118,butter,47,109,8,0,0,,3.3,1.5,1.0,0.5,0.0,0.3,0.016929,0.016835,9.4e-05,1,1,1,-7.854e-05,2,1,,1,0.339712,1,0.0,0,1,eef_not_near_object_dist=0.3397
trace_butter_s47_w0_10_s20d_clean_seed0_job330118,butter,47,112,9,0,0,,3.3,1.5,1.0,0.5,0.0,0.3,0.021986,0.017074,0.004912,1,1,1,2.618e-05,3,1,,1,0.32511,1,0.0,0,1,eef_not_near_object_dist=0.3251
trace_butter_s47_w0_10_s20d_clean_seed0_job330118,butter,47,115,10,0,0,,3.3,1.5,1.0,0.5,0.0,0.3,0.032834,0.030796,0.002038,1,1,1,-1.19e-05,3,1,,1,0.302503,1,0.0,0,1,eef_not_near_object_dist=0.3025
trace_butter_s47_w0_10_s20d_clean_seed0_job330118,butter,47,125,11,0,0,,3.3,1.5,1.0,0.5,0.0,0.3,0.035234,0.034048,0.001186,1,1,1,4.054e-05,10,1,,1,0.227917,1,0.0,0,1,eef_not_near_object_dist=0.2279
trace_butter_s47_w0_10_s20d_clean_seed0_job330118,butter,47,143,12,0,0,,3.3,1.5,1.0,0.5,0.0,0.3,0.012972,0.013846,-0.000874,1,1,1,-8.99e-06,18,1,,1,0.183598,1,0.0,0,1,eef_not_near_object_dist=0.1836
trace_butter_s47_w0_10_s20d_clean_seed0_job330118,butter,47,151,13,0,0,,3.8,1.5,1.0,0.5,0.5,0.3,0.008376,0.011574,-0.003198,1,1,1,-0.00154112,8,1,,1,0.1745,1,0.0,0,1,eef_not_near_object_dist=0.1745
trace_butter_s47_w0_10_s20d_clean_seed0_job330118,butter,47,154,14,0,0,,3.8,1.5,1.0,0.5,0.5,0.3,0.004297,0.004695,-0.000398,1,1,1,-0.00421709,3,1,,1,0.175368,1,0.0,0,1,eef_not_near_object_dist=0.1754
trace_butter_s47_w0_10_s20d_clean_seed0_job330118,butter,47,202,15,0,0,,3.3,1.5,1.0,0.5,0.0,0.3,0.009414,0.009396,1.8e-05,1,1,1,6.794e-05,48,1,,1,0.19185,1,0.0,0,1,eef_not_near_object_dist=0.1918
trace_butter_s47_w0_10_s20d_clean_seed0_job330118,butter,47,219,16,0,0,,3.8,1.5,1.0,0.5,0.5,0.3,0.003344,0.005458,-0.002114,1,1,1,4.49e-06,17,1,,1,0.19551,1,0.0,0,1,eef_not_near_object_dist=0.1955
trace_butter_s48_w0_10_s20d_clean_seed0_job330119,butter,48,9,0,0,0,-60,3.8,1.5,1.0,0.5,0.5,0.3,0.003059,0.003744,-0.000685,1,1,1,-2.72e-06,,1,,1,0.342754,1,0.0,0,1,eef_not_near_object_dist=0.3428
trace_butter_s48_w0_10_s20d_clean_seed0_job330119,butter,48,15,1,0,0,-54,3.3,1.5,1.0,0.5,0.0,0.3,0.011456,0.00679,0.004666,1,1,1,-2.663e-05,6,1,,1,0.343647,1,0.0,0,1,eef_not_near_object_dist=0.3436
trace_butter_s48_w0_10_s20d_clean_seed0_job330119,butter,48,21,2,0,0,-48,3.3,1.5,1.0,0.5,0.0,0.3,0.019329,0.015563,0.003766,1,1,1,-0.00014583,6,1,,1,0.338962,1,0.0,0,1,eef_not_near_object_dist=0.3390
trace_butter_s48_w0_10_s20d_clean_seed0_job330119,butter,48,69,3,1,1,0,3.3,1.5,1.0,0.5,0.0,0.3,0.013557,0.014893,-0.001336,1,1,1,-0.02658211,48,1,,1,0.0208,1,0.075259,8,1,
trace_butter_s48_w0_10_s20d_clean_seed0_job330119,butter,48,144,4,0,0,75,3.8,1.5,1.0,0.5,0.5,0.3,0.004075,0.010603,-0.006528,1,1,1,-7.729e-05,75,1,,1,0.0184,1,0.0,0,1,no_sustained_vertical_lift_type=no_sustained_motion
trace_butter_s49_w0_10_s20d_clean_seed0_job330120,butter,49,51,0,0,0,,3.3,1.5,1.0,0.5,0.0,0.3,0.037403,0.037671,-0.000268,1,1,1,-6.894e-05,,1,,1,0.063904,1,0.0,0,1,no_sustained_vertical_lift_type=no_sustained_motion
trace_butter_s49_w0_10_s20d_clean_seed0_job330120,butter,49,53,1,0,0,,3.3,1.5,1.0,0.5,0.0,0.3,0.028122,0.032358,-0.004236,1,1,1,-5.733e-05,2,1,,1,0.048003,1,0.0,0,0,no_sustained_vertical_lift_type=no_sustained_motion
trace_butter_s49_w0_10_s20d_clean_seed0_job330120,butter,49,82,2,0,0,,3.3,1.5,1.0,0.5,0.0,0.3,0.023975,0.029066,-0.005091,1,1,1,-0.00017412,29,1,,1,0.238726,1,0.0,0,1,eef_not_near_object_dist=0.2387
trace_butter_s49_w0_10_s20d_clean_seed0_job330120,butter,49,85,3,0,0,,3.3,1.5,1.0,0.5,0.0,0.3,0.018855,0.0201,-0.001245,1,1,1,-5.737e-05,3,1,,1,0.254521,1,0.0,0,1,eef_not_near_object_dist=0.2545
trace_butter_s49_w0_10_s20d_clean_seed0_job330120,butter,49,89,4,0,0,,3.8,1.5,1.0,0.5,0.5,0.3,0.009884,0.010254,-0.00037,1,1,1,-0.00017914,4,1,,1,0.254136,1,0.0,0,1,eef_not_near_object_dist=0.2541
trace_butter_s49_w0_10_s20d_clean_seed0_job330120,butter,49,95,5,0,0,,3.3,1.5,1.0,0.5,0.0,0.3,0.012355,0.007163,0.005192,1,1,1,-0.00015431,6,1,,1,0.257925,1,0.0,0,1,eef_not_near_object_dist=0.2579
trace_butter_s49_w0_10_s20d_clean_seed0_job330120,butter,49,119,6,0,0,,3.3,1.5,1.0,0.5,0.0,0.3,0.030318,0.032154,-0.001836,1,1,1,-2.891e-05,24,1,,1,0.120525,1,0.0,0,1,eef_not_near_object_dist=0.1205
trace_butter_s49_w0_10_s20d_clean_seed0_job330120,butter,49,149,7,0,0,,3.3,1.5,1.0,0.5,0.0,0.3,0.024967,0.031596,-0.006629,1,1,1,-0.00016358,30,1,,1,0.318596,1,0.0,0,1,eef_not_near_object_dist=0.3186
trace_butter_s49_w0_10_s20d_clean_seed0_job330120,butter,49,154,8,0,0,,3.3,1.5,1.0,0.5,0.0,0.3,0.010631,0.011995,-0.001364,1,1,1,-0.00021798,5,1,,1,0.328738,1,0.0,0,1,eef_not_near_object_dist=0.3287
trace_butter_s49_w0_10_s20d_clean_seed0_job330120,butter,49,156,9,0,0,,3.3,1.5,1.0,0.5,0.0,0.3,0.019066,0.01474,0.004326,1,1,1,-0.00012084,2,1,,1,0.324205,1,0.0,0,1,eef_not_near_object_dist=0.3242
trace_butter_s49_w0_10_s20d_clean_seed0_job330120,butter,49,158,10,0,0,,3.3,1.5,1.0,0.5,0.0,0.3,0.015791,0.017045,-0.001254,1,1,1,-3.305e-05,2,1,,1,0.319664,1,0.0,0,1,eef_not_near_object_dist=0.3197
trace_butter_s49_w0_10_s20d_clean_seed0_job330120,butter,49,163,11,0,0,,3.3,1.5,1.0,0.5,0.0,0.3,0.020951,0.014657,0.006294,1,1,1,4.358e-05,5,1,,1,0.309518,1,0.0,0,1,eef_not_near_object_dist=0.3095
trace_butter_s49_w0_10_s20d_clean_seed0_job330120,butter,49,175,12,0,0,,3.3,1.5,1.0,0.5,0.0,0.3,0.036598,0.035856,0.000742,1,1,1,3.043e-05,12,1,,1,0.227767,1,0.0,0,1,eef_not_near_object_dist=0.2278
trace_butter_s49_w0_10_s20d_clean_seed0_job330120,butter,49,201,13,0,0,,3.3,1.5,1.0,0.5,0.0,0.3,0.02178,0.019242,0.002538,1,1,1,-3.351e-05,26,1,,1,0.369817,1,0.0,0,1,eef_not_near_object_dist=0.3698
trace_butter_s49_w0_10_s20d_clean_seed0_job330120,butter,49,270,14,0,0,,3.3,1.5,1.0,0.5,0.0,0.3,0.003582,0.003464,0.000118,1,1,1,-0.00032118,69,1,,1,0.235156,1,0.0,0,1,eef_not_near_object_dist=0.2352
trace_butter_s49_w0_10_s20d_clean_seed0_job330120,butter,49,275,15,0,0,,3.8,1.5,1.0,0.5,0.5,0.3,0.001385,0.001572,-0.000187,1,1,1,-0.0013048,5,1,,1,0.235431,1,0.0,0,1,eef_not_near_object_dist=0.2354
trace_butter_s49_w0_10_s20d_clean_seed0_job330120,butter,49,278,16,0,0,,3.3,1.5,1.0,0.5,0.0,0.3,0.000886,0.000689,0.000197,1,1,1,-0.00170609,3,1,,1,0.23506,1,0.0,0,1,eef_not_near_object_dist=0.2351
trace_chocolate_pudding_s10_w0_10_s20d_clean_seed0_job330121,chocolate_pudding,10,62,0,0,1,,3.3,1.5,1.0,0.5,0.0,0.3,0.017981,0.01912,-0.001139,1,1,1,-6.152e-05,,1,,1,0.051695,1,0.034933,5,1,
trace_chocolate_pudding_s10_w0_10_s20d_clean_seed0_job330121,chocolate_pudding,10,152,1,0,1,,3.8,1.5,1.0,0.5,0.5,0.3,0.005421,0.006277,-0.000856,1,1,1,-0.00288167,90,1,,1,0.031328,1,0.007171,3,1,
trace_chocolate_pudding_s10_w0_10_s20d_clean_seed0_job330121,chocolate_pudding,10,156,2,0,1,,3.8,1.5,1.0,0.5,0.5,0.3,0.005987,0.007863,-0.001876,1,1,1,-0.00174155,4,1,,1,0.031305,1,0.011757,7,1,
trace_chocolate_pudding_s10_w0_10_s20d_clean_seed0_job330121,chocolate_pudding,10,164,3,0,1,,3.3,1.5,1.0,0.5,0.0,0.3,0.007769,0.00658,0.001189,1,1,1,-0.00112175,8,1,,1,0.031295,1,0.022929,8,1,
trace_chocolate_pudding_s10_w0_10_s20d_clean_seed0_job330121,chocolate_pudding,10,169,4,0,1,,3.3,1.5,1.0,0.5,0.0,0.3,0.004796,0.00446,0.000336,1,1,1,-0.00065608,5,1,,1,0.031288,1,0.019605,12,1,
trace_chocolate_pudding_s10_w0_10_s20d_clean_seed0_job330121,chocolate_pudding,10,171,5,0,1,,3.3,1.5,1.0,0.5,0.0,0.3,0.006849,0.005549,0.0013,1,1,1,-0.00046185,2,1,,1,0.031285,1,0.015883,12,1,
trace_chocolate_pudding_s10_w0_10_s20d_clean_seed0_job330121,chocolate_pudding,10,176,6,0,0,,3.3,1.5,1.0,0.5,0.0,0.3,0.011267,0.009772,0.001495,1,1,1,-8e-05,5,1,,1,0.031275,1,0.0,4,1,no_sustained_vertical_lift_type=sustained_horizontal_transport
trace_chocolate_pudding_s10_w0_10_s20d_clean_seed0_job330121,chocolate_pudding,10,182,7,0,0,,3.3,1.5,1.0,0.5,0.0,0.3,0.007768,0.002263,0.005505,1,1,1,-1.58e-06,6,1,,1,0.031474,1,0.0,0,1,no_sustained_vertical_lift_type=no_sustained_motion
trace_chocolate_pudding_s10_w0_10_s20d_clean_seed0_job330121,chocolate_pudding,10,184,8,0,0,,3.8,1.5,1.0,0.5,0.5,0.3,0.00364,0.00762,-0.00398,1,1,1,3.01e-06,2,1,,1,0.031656,1,0.0,0,1,no_sustained_vertical_lift_type=no_sustained_motion
trace_chocolate_pudding_s11_w0_10_s20d_clean_seed0_job330122,chocolate_pudding,11,44,0,0,0,,3.3,1.5,1.0,0.5,0.0,0.3,0.027861,0.030561,-0.0027,1,1,1,-3.859e-05,,1,,1,0.03018,1,0.005616,6,1,no_sustained_vertical_lift_type=sustained_horizontal_transport
trace_chocolate_pudding_s11_w0_10_s20d_clean_seed0_job330122,chocolate_pudding,11,46,1,0,1,,3.3,1.5,1.0,0.5,0.0,0.3,0.014672,0.021714,-0.007042,1,1,1,0.00010203,2,1,,1,0.025693,1,0.012182,3,1,
trace_chocolate_pudding_s11_w0_10_s20d_clean_seed0_job330122,chocolate_pudding,11,62,2,0,0,,3.8,1.5,1.0,0.5,0.5,0.3,0.003783,0.007253,-0.00347,1,1,1,0.00389479,16,1,,1,0.0135,1,0.0,12,1,no_sustained_vertical_lift_type=sustained_horizontal_transport
trace_chocolate_pudding_s11_w0_10_s20d_clean_seed0_job330122,chocolate_pudding,11,153,3,0,1,,3.8,1.5,1.0,0.5,0.5,0.3,0.008148,0.014333,-0.006185,1,1,1,0.00240442,91,1,,1,0.012823,1,0.009578,4,1,
trace_chocolate_pudding_s11_w0_10_s20d_clean_seed0_job330122,chocolate_pudding,11,157,4,0,1,,3.8,1.5,1.0,0.5,0.5,0.3,0.00467,0.006962,-0.002292,1,1,1,0.00172957,4,1,,1,0.012794,1,0.010183,4,1,
trace_chocolate_pudding_s11_w0_10_s20d_clean_seed0_job330122,chocolate_pudding,11,163,5,0,0,,3.3,1.5,1.0,0.5,0.0,0.3,0.007952,0.006504,0.001448,1,1,1,0.00085699,6,1,,1,0.012771,1,0.001424,10,1,no_sustained_vertical_lift_type=sustained_horizontal_transport
trace_chocolate_pudding_s11_w0_10_s20d_clean_seed0_job330122,chocolate_pudding,11,166,6,0,0,,3.3,1.5,1.0,0.5,0.0,0.3,0.005732,0.003958,0.001774,1,1,1,0.00044956,3,1,,1,0.012764,1,0.0,7,1,no_sustained_vertical_lift_type=sustained_horizontal_transport
trace_chocolate_pudding_s11_w0_10_s20d_clean_seed0_job330122,chocolate_pudding,11,170,7,0,1,,3.8,1.5,1.0,0.5,0.5,0.3,0.008423,0.011917,-0.003494,1,1,1,0.00357204,4,1,,1,0.013155,1,0.005889,2,1,
trace_chocolate_pudding_s11_w0_10_s20d_clean_seed0_job330122,chocolate_pudding,11,175,8,0,0,,3.3,1.5,1.0,0.5,0.0,0.3,0.006649,0.004128,0.002521,1,1,1,0.00228335,5,1,,1,0.013083,1,2e-06,12,1,no_sustained_vertical_lift_type=sustained_horizontal_transport
trace_chocolate_pudding_s11_w0_10_s20d_clean_seed0_job330122,chocolate_pudding,11,181,9,0,0,,3.3,1.5,1.0,0.5,0.0,0.3,0.005102,0.004137,0.000965,1,1,1,0.00154422,6,1,,1,0.013061,1,0.0,10,1,no_sustained_vertical_lift_type=sustained_horizontal_transport
trace_chocolate_pudding_s11_w0_10_s20d_clean_seed0_job330122,chocolate_pudding,11,185,10,0,0,,3.8,1.5,1.0,0.5,0.5,0.3,0.003566,0.004766,-0.0012,1,1,1,0.00082413,4,1,,1,0.013043,1,0.000324,10,1,no_sustained_vertical_lift_type=sustained_horizontal_transport
trace_chocolate_pudding_s11_w0_10_s20d_clean_seed0_job330122,chocolate_pudding,11,188,11,0,0,,3.3,1.5,1.0,0.5,0.0,0.3,0.004537,0.003645,0.000892,1,1,1,0.00092804,3,1,,1,0.013057,1,0.002667,0,1,no_sustained_vertical_lift_type=no_sustained_motion
trace_chocolate_pudding_s11_w0_10_s20d_clean_seed0_job330122,chocolate_pudding,11,191,12,0,0,,3.3,1.5,1.0,0.5,0.0,0.3,0.003882,0.002969,0.000913,1,1,1,0.00109917,3,1,,1,0.01307,1,0.0,0,1,no_sustained_vertical_lift_type=no_sustained_motion
trace_chocolate_pudding_s11_w0_10_s20d_clean_seed0_job330122,chocolate_pudding,11,198,13,0,0,,3.3,1.5,1.0,0.5,0.0,0.3,0.00158,0.001311,0.000269,1,1,1,0.00332653,7,1,,1,0.013533,1,0.003244,0,1,no_sustained_vertical_lift_type=no_sustained_motion
trace_chocolate_pudding_s11_w0_10_s20d_clean_seed0_job330122,chocolate_pudding,11,204,14,0,0,,3.3,1.5,1.0,0.5,0.0,0.3,0.00029,0.000232,5.8e-05,1,1,1,0.00262048,6,1,,1,0.01353,1,0.004123,3,1,no_sustained_vertical_lift_type=sustained_horizontal_transport
trace_chocolate_pudding_s11_w0_10_s20d_clean_seed0_job330122,chocolate_pudding,11,208,15,0,0,,3.3,1.5,1.0,0.5,0.0,0.3,0.000346,0.000272,7.4e-05,1,1,1,0.00269978,4,1,,1,0.01355,1,0.004067,7,1,no_sustained_vertical_lift_type=sustained_horizontal_transport
trace_chocolate_pudding_s11_w0_10_s20d_clean_seed0_job330122,chocolate_pudding,11,212,16,0,0,,3.3,1.5,1.0,0.5,0.0,0.3,0.003707,0.001378,0.002329,1,1,1,0.00231581,4,1,,1,0.013546,1,0.000985,3,1,no_sustained_vertical_lift_type=sustained_horizontal_transport
trace_chocolate_pudding_s11_w0_10_s20d_clean_seed0_job330122,chocolate_pudding,11,216,17,0,0,,3.3,1.5,1.0,0.5,0.0,0.3,0.003192,0.002401,0.000791,1,1,1,0.00187159,4,1,,1,0.013531,1,0.0,0,1,no_sustained_vertical_lift_type=no_sustained_motion
trace_chocolate_pudding_s11_w0_10_s20d_clean_seed0_job330122,chocolate_pudding,11,223,18,0,0,,3.3,1.5,1.0,0.5,0.0,0.3,0.003723,0.001451,0.002272,1,1,1,0.00482579,7,1,,1,0.01387,1,0.0,0,1,no_sustained_vertical_lift_type=no_sustained_motion
trace_chocolate_pudding_s11_w0_10_s20d_clean_seed0_job330122,chocolate_pudding,11,266,19,0,0,,2.8,1.5,1.0,0.0,0.0,0.3,0.000154,0.000107,4.7e-05,1,1,1,0.00838113,43,1,,1,0.015125,1,1e-05,0,1,no_sustained_vertical_lift_type=no_sustained_motion
trace_chocolate_pudding_s12_w0_10_s20d_clean_seed0_job330123,chocolate_pudding,12,12,0,0,0,,3.3,1.5,1.0,0.5,0.0,0.3,0.016928,0.014363,0.002565,1,1,1,-7.292e-05,,1,,1,0.324447,1,0.0,0,1,eef_not_near_object_dist=0.3244
trace_chocolate_pudding_s12_w0_10_s20d_clean_seed0_job330123,chocolate_pudding,12,55,1,0,0,,3.3,1.5,1.0,0.5,0.0,0.3,0.02319,0.02409,-0.0009,1,1,1,-0.00015505,43,1,,1,0.032689,1,0.002266,5,1,no_sustained_vertical_lift_type=sustained_horizontal_transport
trace_chocolate_pudding_s12_w0_10_s20d_clean_seed0_job330123,chocolate_pudding,12,66,2,0,0,,3.8,1.5,1.0,0.5,0.5,0.3,0.009825,0.010324,-0.000499,1,1,1,-0.00019541,11,1,,1,0.015763,1,0.0,10,1,no_sustained_vertical_lift_type=sustained_horizontal_transport
trace_chocolate_pudding_s12_w0_10_s20d_clean_seed0_job330123,chocolate_pudding,12,77,3,0,0,,3.8,1.5,1.0,0.5,0.5,0.3,0.003165,0.003332,-0.000167,1,1,1,-0.00017441,11,1,,1,0.017521,1,0.0,0,1,no_sustained_vertical_lift_type=no_sustained_motion
trace_chocolate_pudding_s12_w0_10_s20d_clean_seed0_job330123,chocolate_pudding,12,80,4,0,0,,3.8,1.5,1.0,0.5,0.5,0.3,0.004131,0.007044,-0.002913,1,1,1,-0.00263467,3,1,,1,0.01966,1,0.0,0,1,no_sustained_vertical_lift_type=no_sustained_motion
trace_chocolate_pudding_s12_w0_10_s20d_clean_seed0_job330123,chocolate_pudding,12,90,5,0,0,,3.3,1.5,1.0,0.5,0.0,0.3,0.000286,0.000202,8.4e-05,1,1,1,-0.01389411,10,1,,1,0.021879,1,0.000103,0,1,no_sustained_vertical_lift_type=no_sustained_motion
trace_chocolate_pudding_s12_w0_10_s20d_clean_seed0_job330123,chocolate_pudding,12,92,6,0,0,,3.3,1.5,1.0,0.5,0.0,0.3,0.000714,0.000578,0.000136,1,1,1,-0.01442254,2,1,,1,0.021929,1,0.000212,0,1,no_sustained_vertical_lift_type=no_sustained_motion
trace_chocolate_pudding_s12_w0_10_s20d_clean_seed0_job330123,chocolate_pudding,12,94,7,0,0,,3.8,1.5,1.0,0.5,0.5,0.3,0.000428,0.000715,-0.000287,1,1,1,-0.01453816,2,1,,1,0.021944,1,0.001507,3,1,no_sustained_vertical_lift_type=sustained_horizontal_transport
trace_chocolate_pudding_s12_w0_10_s20d_clean_seed0_job330123,chocolate_pudding,12,99,8,0,1,,3.3,1.5,1.0,0.5,0.0,0.3,0.003322,0.002968,0.000354,1,1,1,-0.0148081,5,1,,1,0.023589,1,0.013018,4,1,
trace_chocolate_pudding_s12_w0_10_s20d_clean_seed0_job330123,chocolate_pudding,12,104,9,0,1,,3.8,1.5,1.0,0.5,0.5,0.3,0.00437,0.00656,-0.00219,1,1,1,-0.02648626,5,1,,1,0.027018,1,0.062742,9,1,
trace_chocolate_pudding_s12_w0_10_s20d_clean_seed0_job330123,chocolate_pudding,12,194,10,0,0,,3.8,1.5,1.0,0.5,0.5,0.3,0.002104,0.006514,-0.00441,1,1,1,-0.002951,90,1,,1,0.019689,1,0.000568,9,1,no_sustained_vertical_lift_type=sustained_horizontal_transport
trace_chocolate_pudding_s12_w0_10_s20d_clean_seed0_job330123,chocolate_pudding,12,204,11,0,0,,3.8,1.5,1.0,0.5,0.5,0.3,0.008389,0.009986,-0.001597,1,1,1,-0.00193304,10,1,,1,0.019712,1,0.00189,6,1,no_sustained_vertical_lift_type=sustained_horizontal_transport
trace_chocolate_pudding_s12_w0_10_s20d_clean_seed0_job330123,chocolate_pudding,12,209,12,0,0,,3.8,1.5,1.0,0.5,0.5,0.3,0.0019,0.00295,-0.00105,1,1,1,0.00217668,5,1,,1,0.019837,1,0.002963,9,1,no_sustained_vertical_lift_type=sustained_horizontal_transport
trace_chocolate_pudding_s12_w0_10_s20d_clean_seed0_job330123,chocolate_pudding,12,225,13,0,0,,3.8,1.5,1.0,0.5,0.5,0.3,0.004525,0.005347,-0.000822,1,1,1,0.00156072,16,1,,1,0.019818,1,0.000866,0,1,no_sustained_vertical_lift_type=no_sustained_motion
trace_chocolate_pudding_s12_w0_10_s20d_clean_seed0_job330123,chocolate_pudding,12,229,14,0,0,,3.8,1.5,1.0,0.5,0.5,0.3,0.000658,0.000956,-0.000298,1,1,1,0.00087906,4,1,,1,0.019806,1,0.000367,0,1,no_sustained_vertical_lift_type=no_sustained_motion
trace_chocolate_pudding_s12_w0_10_s20d_clean_seed0_job330123,chocolate_pudding,12,231,15,0,0,,3.8,1.5,1.0,0.5,0.5,0.3,0.000418,0.000615,-0.000197,1,1,1,0.00062514,2,1,,1,0.019803,1,0.000241,0,1,no_sustained_vertical_lift_type=no_sustained_motion
trace_chocolate_pudding_s12_w0_10_s20d_clean_seed0_job330123,chocolate_pudding,12,246,16,0,0,,3.8,1.5,1.0,0.5,0.5,0.3,8.1e-05,0.000109,-2.8e-05,1,1,1,0.00033124,15,1,,1,0.019799,1,0.00446,0,1,no_sustained_vertical_lift_type=no_sustained_motion
trace_chocolate_pudding_s12_w0_10_s20d_clean_seed0_job330123,chocolate_pudding,12,249,17,0,0,,3.3,1.5,1.0,0.5,0.0,0.3,0.000392,0.000307,8.5e-05,1,1,1,0.00033053,3,1,,1,0.019799,1,0.004423,0,1,no_sustained_vertical_lift_type=no_sustained_motion
trace_chocolate_pudding_s13_w0_10_s20d_clean_seed0_job330124,chocolate_pudding,13,5,0,0,0,,3.3,1.5,1.0,0.5,0.0,0.3,0.007022,0.005338,0.001684,1,1,1,1.409e-05,,1,,1,0.365077,1,0.0,0,1,eef_not_near_object_dist=0.3651
trace_chocolate_pudding_s13_w0_10_s20d_clean_seed0_job330124,chocolate_pudding,13,9,1,0,0,,3.3,1.5,1.0,0.5,0.0,0.3,0.020841,0.024198,-0.003357,1,1,1,-0.00023149,4,1,,1,0.383628,1,0.0,0,1,eef_not_near_object_dist=0.3836
trace_chocolate_pudding_s13_w0_10_s20d_clean_seed0_job330124,chocolate_pudding,13,13,2,0,0,,3.8,1.5,1.0,0.5,0.5,0.3,0.007119,0.012486,-0.005367,1,1,1,-0.00031672,4,1,,1,0.386225,1,0.0,0,1,eef_not_near_object_dist=0.3862
trace_chocolate_pudding_s13_w0_10_s20d_clean_seed0_job330124,chocolate_pudding,13,18,3,0,0,,3.3,1.5,1.0,0.5,0.0,0.3,0.018273,0.006343,0.01193,1,1,1,-0.00033061,5,1,,1,0.379711,1,0.0,0,1,eef_not_near_object_dist=0.3797
trace_chocolate_pudding_s13_w0_10_s20d_clean_seed0_job330124,chocolate_pudding,13,22,4,0,0,,3.8,1.5,1.0,0.5,0.5,0.3,0.006864,0.008567,-0.001703,1,1,1,-0.0002496,4,1,,1,0.378362,1,0.0,0,1,eef_not_near_object_dist=0.3784
trace_chocolate_pudding_s13_w0_10_s20d_clean_seed0_job330124,chocolate_pudding,13,29,5,0,0,,3.3,1.5,1.0,0.5,0.0,0.3,0.024419,0.017412,0.007007,1,1,1,-0.00011429,7,1,,1,0.374463,1,0.0,0,1,eef_not_near_object_dist=0.3745
trace_chocolate_pudding_s13_w0_10_s20d_clean_seed0_job330124,chocolate_pudding,13,31,6,0,0,,3.8,1.5,1.0,0.5,0.5,0.3,0.008214,0.015898,-0.007684,1,1,1,1.414e-05,2,1,,1,0.377165,1,0.0,0,1,eef_not_near_object_dist=0.3772
trace_chocolate_pudding_s13_w0_10_s20d_clean_seed0_job330124,chocolate_pudding,13,104,7,0,0,,3.8,1.5,1.0,0.5,0.5,0.3,0.004823,0.005058,-0.000235,1,1,1,1.021e-05,73,1,,1,0.275431,1,0.0,0,1,eef_not_near_object_dist=0.2754
trace_chocolate_pudding_s13_w0_10_s20d_clean_seed0_job330124,chocolate_pudding,13,125,8,0,0,,3.3,1.5,1.0,0.5,0.0,0.3,0.002694,0.002074,0.00062,1,1,1,-0.00065058,21,1,,1,0.278211,1,0.0,0,1,eef_not_near_object_dist=0.2782
trace_chocolate_pudding_s13_w0_10_s20d_clean_seed0_job330124,chocolate_pudding,13,142,9,0,0,,3.3,1.5,1.0,0.5,0.0,0.3,0.003339,0.002905,0.000434,1,1,1,-0.00045632,17,1,,1,0.293957,1,0.0,0,1,eef_not_near_object_dist=0.2940
trace_chocolate_pudding_s13_w0_10_s20d_clean_seed0_job330124,chocolate_pudding,13,145,10,0,0,,3.8,1.5,1.0,0.5,0.5,0.3,0.002536,0.004087,-0.001551,1,1,1,-0.0004764,3,1,,1,0.29435,1,0.0,0,1,eef_not_near_object_dist=0.2944
trace_chocolate_pudding_s13_w0_10_s20d_clean_seed0_job330124,chocolate_pudding,13,153,11,0,0,,3.3,1.5,1.0,0.5,0.0,0.3,0.004513,0.002213,0.0023,1,1,1,-0.00041054,8,1,,1,0.291958,1,0.0,0,1,eef_not_near_object_dist=0.2920
trace_chocolate_pudding_s13_w0_10_s20d_clean_seed0_job330124,chocolate_pudding,13,157,12,0,0,,3.3,1.5,1.0,0.5,0.0,0.3,0.00493,0.004157,0.000773,1,1,1,-0.00038451,4,1,,1,0.28935,1,0.0,0,1,eef_not_near_object_dist=0.2893
trace_chocolate_pudding_s13_w0_10_s20d_clean_seed0_job330124,chocolate_pudding,13,159,13,0,0,,3.8,1.5,1.0,0.5,0.5,0.3,0.002119,0.004128,-0.002009,1,1,1,-0.00032428,2,1,,1,0.289698,1,0.0,0,1,eef_not_near_object_dist=0.2897
trace_chocolate_pudding_s13_w0_10_s20d_clean_seed0_job330124,chocolate_pudding,13,174,14,0,0,,3.8,1.5,1.0,0.5,0.5,0.3,0.006074,0.00637,-0.000296,1,1,1,-0.00038699,15,1,,1,0.282965,1,0.0,0,1,eef_not_near_object_dist=0.2830
trace_chocolate_pudding_s13_w0_10_s20d_clean_seed0_job330124,chocolate_pudding,13,178,15,0,0,,3.8,1.5,1.0,0.5,0.5,0.3,0.008011,0.015595,-0.007584,1,1,1,-0.00036999,4,1,,1,0.284089,1,0.0,0,1,eef_not_near_object_dist=0.2841
trace_chocolate_pudding_s13_w0_10_s20d_clean_seed0_job330124,chocolate_pudding,13,196,16,0,0,,3.3,1.5,1.0,0.5,0.0,0.3,0.014973,0.021456,-0.006483,1,1,1,-0.00044536,18,1,,1,0.375457,1,0.0,0,1,eef_not_near_object_dist=0.3755
trace_chocolate_pudding_s13_w0_10_s20d_clean_seed0_job330124,chocolate_pudding,13,224,17,0,0,,3.3,1.5,1.0,0.5,0.0,0.3,0.024629,0.025668,-0.001039,1,1,1,-0.00028675,28,1,,1,0.311314,1,0.0,0,1,eef_not_near_object_dist=0.3113
trace_chocolate_pudding_s13_w0_10_s20d_clean_seed0_job330124,chocolate_pudding,13,228,18,0,0,,3.8,1.5,1.0,0.5,0.5,0.3,0.005827,0.007283,-0.001456,1,1,1,-0.00018754,4,1,,1,0.303992,1,0.0,0,1,eef_not_near_object_dist=0.3040
trace_chocolate_pudding_s13_w0_10_s20d_clean_seed0_job330124,chocolate_pudding,13,235,19,0,0,,3.3,1.5,1.0,0.5,0.0,0.3,0.012924,0.006366,0.006558,1,1,1,-0.00019821,7,1,,1,0.290978,1,0.0,0,1,eef_not_near_object_dist=0.2910
trace_chocolate_pudding_s13_w0_10_s20d_clean_seed0_job330124,chocolate_pudding,13,261,20,0,0,,3.3,1.5,1.0,0.5,0.0,0.3,0.012658,0.021922,-0.009264,1,1,1,-0.00019732,26,1,,1,0.363149,1,0.0,0,1,eef_not_near_object_dist=0.3631
trace_chocolate_pudding_s13_w0_10_s20d_clean_seed0_job330124,chocolate_pudding,13,277,21,0,0,,3.3,1.5,1.0,0.5,0.0,0.3,0.011742,0.022962,-0.01122,1,1,1,-0.00025195,16,1,,1,0.444082,1,0.0,0,1,eef_not_near_object_dist=0.4441
trace_chocolate_pudding_s14_w0_10_s20d_clean_seed0_job330125,chocolate_pudding,14,53,0,0,1,,3.3,1.5,1.0,0.5,0.0,0.3,0.027615,0.02666,0.000955,1,1,1,-6.445e-05,,1,,1,0.009252,1,0.025115,5,1,
trace_chocolate_pudding_s14_w0_10_s20d_clean_seed0_job330125,chocolate_pudding,14,57,1,0,1,,3.8,1.5,1.0,0.5,0.5,0.3,0.002415,0.005918,-0.003503,1,1,1,-0.00440498,4,1,,1,0.006555,1,0.068233,9,1,
trace_chocolate_pudding_s15_w0_10_s20d_clean_seed0_job330126,chocolate_pudding,15,52,0,0,1,,3.3,1.5,1.0,0.5,0.0,0.3,0.034915,0.036456,-0.001541,1,1,1,-7.661e-05,,1,,1,0.029814,1,0.092827,9,1,
trace_chocolate_pudding_s15_w0_10_s20d_clean_seed0_job330126,chocolate_pudding,15,130,1,0,1,,3.3,1.5,1.0,0.5,0.0,0.3,0.013085,0.020612,-0.007527,1,1,1,0.00034742,78,1,,1,0.016727,1,0.008528,2,1,
trace_chocolate_pudding_s17_w0_10_s20d_clean_seed0_job330128,chocolate_pudding,17,2,0,0,0,,3.3,1.5,1.0,0.5,0.0,0.3,,,,1,1,1,-0.00023155,,1,too_early,0,0.342808,1,0.0,0,1,eef_not_near_object_dist=0.3428
trace_chocolate_pudding_s17_w0_10_s20d_clean_seed0_job330128,chocolate_pudding,17,9,1,0,0,,3.3,1.5,1.0,0.5,0.0,0.3,0.024674,0.022401,0.002273,1,1,1,-0.00024058,7,1,,1,0.325738,1,0.0,0,1,eef_not_near_object_dist=0.3257
trace_chocolate_pudding_s17_w0_10_s20d_clean_seed0_job330128,chocolate_pudding,17,17,2,0,0,,3.3,1.5,1.0,0.5,0.0,0.3,0.016173,0.008798,0.007375,1,1,1,-0.00016603,8,1,,1,0.335895,1,0.0,0,1,eef_not_near_object_dist=0.3359
trace_chocolate_pudding_s17_w0_10_s20d_clean_seed0_job330128,chocolate_pudding,17,66,3,0,1,,3.3,1.5,1.0,0.5,0.0,0.3,0.028708,0.027915,0.000793,1,1,1,-4.66e-06,49,1,,1,0.041378,1,0.005409,2,1,
trace_chocolate_pudding_s17_w0_10_s20d_clean_seed0_job330128,chocolate_pudding,17,69,4,0,1,,3.3,1.5,1.0,0.5,0.0,0.3,0.020643,0.027368,-0.006725,1,1,1,-0.00420883,3,1,,1,0.032107,1,0.021473,3,1,
trace_chocolate_pudding_s17_w0_10_s20d_clean_seed0_job330128,chocolate_pudding,17,155,5,0,0,,3.3,1.5,1.0,0.5,0.0,0.3,0.014429,0.017534,-0.003105,1,1,1,0.0005881,86,1,,1,0.033562,1,0.0,10,1,no_sustained_vertical_lift_type=sustained_horizontal_transport
trace_chocolate_pudding_s17_w0_10_s20d_clean_seed0_job330128,chocolate_pudding,17,165,6,0,1,,3.8,1.5,1.0,0.5,0.5,0.3,0.007629,0.009709,-0.00208,1,1,1,0.00069409,10,1,,1,0.033551,1,0.014223,4,1,
trace_chocolate_pudding_s17_w0_10_s20d_clean_seed0_job330128,chocolate_pudding,17,168,7,0,1,,3.3,1.5,1.0,0.5,0.0,0.3,0.006396,0.005829,0.000567,1,1,1,0.00062678,3,1,,1,0.033549,1,0.014453,4,1,
trace_chocolate_pudding_s18_w0_10_s20d_clean_seed0_job330129,chocolate_pudding,18,44,0,0,1,,3.3,1.5,1.0,0.5,0.0,0.3,0.032185,0.033301,-0.001116,1,1,1,-2.376e-05,,1,,1,0.031438,1,0.031762,4,1,
trace_chocolate_pudding_s18_w0_10_s20d_clean_seed0_job330129,chocolate_pudding,18,48,1,0,1,,3.3,1.5,1.0,0.5,0.0,0.3,0.017642,0.024282,-0.00664,1,1,1,-0.01156556,4,1,,1,0.022455,1,0.078074,8,1,
trace_chocolate_pudding_s18_w0_10_s20d_clean_seed0_job330129,chocolate_pudding,18,134,2,0,1,,3.8,1.5,1.0,0.5,0.5,0.3,0.008453,0.01831,-0.009857,1,1,1,-0.00202713,86,1,,1,0.018317,1,0.005644,2,1,
trace_chocolate_pudding_s18_w0_10_s20d_clean_seed0_job330129,chocolate_pudding,18,138,3,0,0,,3.3,1.5,1.0,0.5,0.0,0.3,0.003031,0.002505,0.000526,1,1,1,-0.00169363,4,1,,1,0.018307,1,0.002962,0,1,no_sustained_vertical_lift_type=no_sustained_motion
trace_chocolate_pudding_s18_w0_10_s20d_clean_seed0_job330129,chocolate_pudding,18,141,4,0,0,,3.8,1.5,1.0,0.5,0.5,0.3,0.000403,0.000646,-0.000243,1,1,1,-0.00113047,3,1,,1,0.018295,1,0.00323,0,1,no_sustained_vertical_lift_type=no_sustained_motion
trace_chocolate_pudding_s18_w0_10_s20d_clean_seed0_job330129,chocolate_pudding,18,144,5,0,0,,3.3,1.5,1.0,0.5,0.0,0.3,0.000432,0.000221,0.000211,1,1,1,-0.00065481,3,1,,1,0.018288,1,0.003564,0,1,no_sustained_vertical_lift_type=no_sustained_motion
trace_chocolate_pudding_s18_w0_10_s20d_clean_seed0_job330129,chocolate_pudding,18,146,6,0,0,,3.3,1.5,1.0,0.5,0.0,0.3,0.004319,0.00219,0.002129,1,1,1,-0.00039839,2,1,,1,0.018285,1,0.001091,0,1,no_sustained_vertical_lift_type=no_sustained_motion
trace_chocolate_pudding_s18_w0_10_s20d_clean_seed0_job330129,chocolate_pudding,18,156,7,0,0,,3.8,1.5,1.0,0.5,0.5,0.3,0.000886,0.002073,-0.001187,1,1,1,-2.211e-05,10,1,,1,0.018281,1,0.003958,7,1,no_sustained_vertical_lift_type=sustained_horizontal_transport
trace_chocolate_pudding_s18_w0_10_s20d_clean_seed0_job330129,chocolate_pudding,18,161,8,0,0,,3.3,1.5,1.0,0.5,0.0,0.3,0.003969,0.003629,0.00034,1,1,1,3.193e-05,5,1,,1,0.018279,1,0.000702,0,1,no_sustained_vertical_lift_type=no_sustained_motion
trace_chocolate_pudding_s18_w0_10_s20d_clean_seed0_job330129,chocolate_pudding,18,167,9,0,0,,3.3,1.5,1.0,0.5,0.0,0.3,0.006906,0.002847,0.004059,1,1,1,8.92e-05,6,1,,1,0.018276,1,0.0,0,1,no_sustained_vertical_lift_type=no_sustained_motion
trace_chocolate_pudding_s18_w0_10_s20d_clean_seed0_job330129,chocolate_pudding,18,169,10,0,0,,3.8,1.5,1.0,0.5,0.5,0.3,0.001099,0.003648,-0.002549,1,1,1,8.767e-05,2,1,,1,0.018277,1,0.0,0,1,no_sustained_vertical_lift_type=no_sustained_motion
trace_chocolate_pudding_s19_w0_10_s20d_clean_seed0_job330130,chocolate_pudding,19,54,0,0,1,,3.3,1.5,1.0,0.5,0.0,0.3,0.020707,0.022903,-0.002196,1,1,1,-7.07e-05,,1,,1,0.043815,1,0.057913,6,1,
trace_chocolate_pudding_s19_w0_10_s20d_clean_seed0_job330130,chocolate_pudding,19,57,1,0,1,,3.3,1.5,1.0,0.5,0.0,0.3,0.011144,0.01326,-0.002116,1,1,1,1.939e-05,3,1,,1,0.033546,1,0.092906,9,1,
trace_chocolate_pudding_s19_w0_10_s20d_clean_seed0_job330130,chocolate_pudding,19,143,2,0,1,,3.3,1.5,1.0,0.0,0.5,0.3,0.008506,0.009016,-0.00051,1,1,1,0.0070193,86,1,,1,0.027622,1,0.009753,3,1,
trace_chocolate_pudding_s19_w0_10_s20d_clean_seed0_job330130,chocolate_pudding,19,145,3,0,1,,3.3,1.5,1.0,0.0,0.5,0.3,0.002445,0.005235,-0.00279,1,1,1,0.00613301,2,1,,1,0.027549,1,0.007347,2,1,
trace_chocolate_pudding_s19_w0_10_s20d_clean_seed0_job330130,chocolate_pudding,19,149,4,0,0,,3.3,1.5,1.0,0.5,0.0,0.3,0.007422,0.00488,0.002542,1,1,1,0.00323096,4,1,,1,0.027393,1,0.0,11,1,no_sustained_vertical_lift_type=sustained_horizontal_transport
trace_chocolate_pudding_s19_w0_10_s20d_clean_seed0_job330130,chocolate_pudding,19,152,5,0,0,,3.3,1.5,1.0,0.5,0.0,0.3,0.0113,0.006486,0.004814,1,1,1,0.00216033,3,1,,1,0.027322,1,0.004519,10,1,no_sustained_vertical_lift_type=sustained_horizontal_transport
trace_chocolate_pudding_s19_w0_10_s20d_clean_seed0_job330130,chocolate_pudding,19,156,6,0,0,,3.3,1.5,1.0,0.5,0.0,0.3,0.004733,0.003378,0.001355,1,1,1,0.00173444,4,1,,1,0.027284,1,0.000256,11,1,no_sustained_vertical_lift_type=sustained_horizontal_transport
trace_chocolate_pudding_s19_w0_10_s20d_clean_seed0_job330130,chocolate_pudding,19,159,7,0,1,,3.3,1.5,1.0,0.5,0.0,0.3,0.003277,0.00267,0.000607,1,1,1,0.00117789,3,1,,1,0.027272,1,0.00917,2,1,
trace_chocolate_pudding_s19_w0_10_s20d_clean_seed0_job330130,chocolate_pudding,19,163,8,0,1,,3.8,1.5,1.0,0.5,0.5,0.3,0.00235,0.005705,-0.003355,1,1,1,0.00027259,4,1,,1,0.027174,1,0.023254,6,1,
trace_chocolate_pudding_s19_w0_10_s20d_clean_seed0_job330130,chocolate_pudding,19,165,9,0,1,,3.3,1.5,1.0,0.5,0.0,0.3,0.004563,0.004163,0.0004,1,1,1,0.00014325,2,1,,1,0.027173,1,0.021606,7,1,
trace_chocolate_pudding_s19_w0_10_s20d_clean_seed0_job330130,chocolate_pudding,19,169,10,0,1,,3.8,1.5,1.0,0.5,0.5,0.3,0.003084,0.006382,-0.003298,1,1,1,0.00028315,4,1,,1,0.027088,1,0.023807,12,1,
trace_chocolate_pudding_s19_w0_10_s20d_clean_seed0_job330130,chocolate_pudding,19,171,11,0,1,,3.3,1.5,1.0,0.5,0.0,0.3,0.006367,0.004659,0.001708,1,1,1,0.0002689,2,1,,1,0.027088,1,0.019812,13,1,
trace_chocolate_pudding_s19_w0_10_s20d_clean_seed0_job330130,chocolate_pudding,19,176,12,0,0,,3.3,1.5,1.0,0.5,0.0,0.3,0.013571,0.011407,0.002164,1,1,1,6.802e-05,5,1,,1,0.02708,1,0.0,3,1,no_sustained_vertical_lift_type=sustained_horizontal_transport
trace_chocolate_pudding_s19_w0_10_s20d_clean_seed0_job330130,chocolate_pudding,19,181,13,0,0,,3.8,1.5,1.0,0.5,0.5,0.3,0.003426,0.006394,-0.002968,1,1,1,6.12e-06,5,1,,1,0.027078,1,0.0,2,1,no_sustained_vertical_lift_type=sustained_horizontal_transport
trace_chocolate_pudding_s19_w0_10_s20d_clean_seed0_job330130,chocolate_pudding,19,187,14,0,0,,3.3,1.5,1.0,0.5,0.0,0.3,0.008488,0.003003,0.005485,1,1,1,-3e-07,6,1,,1,0.044896,1,0.0,0,1,no_sustained_vertical_lift_type=no_sustained_motion
trace_chocolate_pudding_s19_w0_10_s20d_clean_seed0_job330130,chocolate_pudding,19,189,15,0,0,,3.8,1.5,1.0,0.5,0.5,0.3,0.004123,0.006985,-0.002862,1,1,1,-2.772e-05,2,1,,1,0.050181,1,0.0,0,1,no_sustained_vertical_lift_type=no_sustained_motion
trace_chocolate_pudding_s20_w0_10_s20d_clean_seed0_job330131,chocolate_pudding,20,49,0,0,1,,3.3,1.5,1.0,0.5,0.0,0.3,0.032854,0.034468,-0.001614,1,1,1,-1.419e-05,,1,,1,0.056247,1,0.017279,4,1,
trace_chocolate_pudding_s20_w0_10_s20d_clean_seed0_job330131,chocolate_pudding,20,53,1,0,1,,3.3,1.5,1.0,0.5,0.0,0.3,0.027078,0.025576,0.001502,1,1,1,0.00012249,4,1,,1,0.022109,1,0.055714,8,1,
trace_chocolate_pudding_s20_w0_10_s20d_clean_seed0_job330131,chocolate_pudding,20,144,2,0,0,,3.8,1.5,1.0,0.5,0.5,0.3,0.008009,0.010853,-0.002844,1,1,1,7.365e-05,91,1,,1,0.007692,1,0.003282,5,1,no_sustained_vertical_lift_type=sustained_horizontal_transport
trace_chocolate_pudding_s20_w0_10_s20d_clean_seed0_job330131,chocolate_pudding,20,146,3,0,0,,3.8,1.5,1.0,0.5,0.5,0.3,0.002172,0.004984,-0.002812,1,1,1,9.117e-05,2,1,,1,0.007691,1,0.001428,5,1,no_sustained_vertical_lift_type=sustained_horizontal_transport
trace_chocolate_pudding_s20_w0_10_s20d_clean_seed0_job330131,chocolate_pudding,20,156,4,0,1,,3.8,1.5,1.0,0.5,0.5,0.3,0.003225,0.00479,-0.001565,1,1,1,0.00016467,10,1,,1,0.007689,1,0.017461,9,1,
trace_chocolate_pudding_s20_w0_10_s20d_clean_seed0_job330131,chocolate_pudding,20,161,5,0,1,,3.3,1.5,1.0,0.5,0.0,0.3,0.002729,0.00124,0.001489,1,1,1,0.00019482,5,1,,1,0.007688,1,0.013784,4,1,
trace_chocolate_pudding_s20_w0_10_s20d_clean_seed0_job330131,chocolate_pudding,20,164,6,0,0,,3.3,1.5,1.0,0.5,0.0,0.3,0.010487,0.008433,0.002054,1,1,1,0.00017944,3,1,,1,0.007685,1,0.003291,0,1,no_sustained_vertical_lift_type=no_sustained_motion
trace_chocolate_pudding_s20_w0_10_s20d_clean_seed0_job330131,chocolate_pudding,20,169,7,0,0,,3.3,1.5,1.0,0.5,0.0,0.3,0.007904,0.002464,0.00544,1,1,1,0.00015641,5,1,,1,0.007678,1,0.000923,0,1,no_sustained_vertical_lift_type=no_sustained_motion
trace_chocolate_pudding_s20_w0_10_s20d_clean_seed0_job330131,chocolate_pudding,20,175,8,0,0,,3.3,1.5,1.0,0.5,0.0,0.3,0.008404,0.003354,0.00505,1,1,1,0.00015364,6,1,,1,0.007671,1,0.005217,0,1,no_sustained_vertical_lift_type=no_sustained_motion
trace_chocolate_pudding_s20_w0_10_s20d_clean_seed0_job330131,chocolate_pudding,20,179,9,0,0,,3.8,1.5,1.0,0.5,0.5,0.3,0.002378,0.006723,-0.004345,1,1,1,0.00014723,4,1,,1,0.007666,1,0.007434,0,1,no_sustained_vertical_lift_type=no_sustained_motion
trace_chocolate_pudding_s20_w0_10_s20d_clean_seed0_job330131,chocolate_pudding,20,182,10,0,0,,3.3,1.5,1.0,0.5,0.0,0.3,0.004304,0.004283,2.1e-05,1,1,1,0.00014601,3,1,,1,0.007663,1,0.003061,0,1,no_sustained_vertical_lift_type=no_sustained_motion
trace_chocolate_pudding_s21_w0_10_s20d_clean_seed0_job330132,chocolate_pudding,21,9,0,0,0,,3.8,1.5,1.0,0.5,0.5,0.3,0.005713,0.005752,-3.9e-05,1,1,1,-2.727e-05,,1,,1,0.349738,1,0.0,0,1,eef_not_near_object_dist=0.3497
trace_chocolate_pudding_s21_w0_10_s20d_clean_seed0_job330132,chocolate_pudding,21,13,1,0,0,,3.3,1.5,1.0,0.5,0.0,0.3,0.011952,0.016923,-0.004971,1,1,1,-0.00017515,4,1,,1,0.35844,1,0.0,0,1,eef_not_near_object_dist=0.3584
trace_chocolate_pudding_s21_w0_10_s20d_clean_seed0_job330132,chocolate_pudding,21,19,2,0,0,,3.3,1.5,1.0,0.5,0.0,0.3,0.021993,0.030749,-0.008756,1,1,1,-0.00027198,6,1,,1,0.389801,1,0.0,0,1,eef_not_near_object_dist=0.3898
trace_chocolate_pudding_s21_w0_10_s20d_clean_seed0_job330132,chocolate_pudding,21,27,3,0,0,,3.3,1.5,1.0,0.5,0.0,0.3,0.023482,0.031937,-0.008455,1,1,1,-3.164e-05,8,1,,1,0.439175,1,0.0,0,1,eef_not_near_object_dist=0.4392
trace_chocolate_pudding_s21_w0_10_s20d_clean_seed0_job330132,chocolate_pudding,21,65,4,0,0,,3.3,1.5,1.0,0.5,0.0,0.3,0.007443,0.001541,0.005902,1,1,1,4.523e-05,38,1,,1,0.54417,1,0.0,0,1,eef_not_near_object_dist=0.5442
trace_chocolate_pudding_s22_w0_10_s20d_clean_seed0_job330133,chocolate_pudding,22,54,0,0,0,,3.3,1.5,1.0,0.5,0.0,0.3,0.02751,0.031321,-0.003811,1,1,1,-9.209e-05,,1,,1,0.045561,1,0.002348,8,1,no_sustained_vertical_lift_type=sustained_horizontal_transport
trace_chocolate_pudding_s22_w0_10_s20d_clean_seed0_job330133,chocolate_pudding,22,59,1,0,0,,3.8,1.5,1.0,0.5,0.5,0.3,0.00705,0.01172,-0.00467,1,1,1,0.00018977,5,1,,1,0.029978,1,0.002357,13,1,no_sustained_vertical_lift_type=sustained_horizontal_transport
trace_chocolate_pudding_s22_w0_10_s20d_clean_seed0_job330133,chocolate_pudding,22,64,2,0,0,,3.8,1.5,1.0,0.5,0.5,0.3,0.005548,0.006116,-0.000568,1,1,1,0.00096871,5,1,,1,0.032746,1,0.002106,0,1,no_sustained_vertical_lift_type=no_sustained_motion
trace_chocolate_pudding_s22_w0_10_s20d_clean_seed0_job330133,chocolate_pudding,22,84,3,0,0,,3.3,1.5,1.0,0.5,0.0,0.3,0.001675,0.001648,2.7e-05,1,1,1,-0.00113889,20,1,,1,0.02839,1,0.0,0,1,no_sustained_vertical_lift_type=no_sustained_motion
trace_chocolate_pudding_s22_w0_10_s20d_clean_seed0_job330133,chocolate_pudding,22,90,4,0,1,,3.3,1.5,1.0,0.5,0.0,0.3,0.001041,0.000851,0.00019,1,1,1,-0.00649147,6,1,,1,0.029525,1,0.007637,2,1,
trace_chocolate_pudding_s22_w0_10_s20d_clean_seed0_job330133,chocolate_pudding,22,94,5,0,1,,3.3,1.5,1.0,0.5,0.0,0.3,0.004391,0.004259,0.000132,1,1,1,-0.01192639,4,1,,1,0.030208,1,0.020232,6,1,
trace_chocolate_pudding_s22_w0_10_s20d_clean_seed0_job330133,chocolate_pudding,22,200,6,0,0,,3.8,1.5,1.0,0.5,0.5,0.3,0.006526,0.017598,-0.011072,1,1,1,-0.00547405,106,1,,1,0.031751,1,0.0,10,1,no_sustained_vertical_lift_type=sustained_horizontal_transport
trace_chocolate_pudding_s22_w0_10_s20d_clean_seed0_job330133,chocolate_pudding,22,204,7,0,0,,3.8,1.5,1.0,0.5,0.5,0.3,0.005082,0.008974,-0.003892,1,1,1,-0.00286041,4,1,,1,0.031649,1,0.0,10,1,no_sustained_vertical_lift_type=sustained_horizontal_transport
trace_chocolate_pudding_s22_w0_10_s20d_clean_seed0_job330133,chocolate_pudding,22,207,8,0,0,,3.3,1.5,1.0,0.5,0.0,0.3,0.008924,0.005323,0.003601,1,1,1,-0.00226555,3,1,,1,0.031629,1,0.00057,11,1,no_sustained_vertical_lift_type=sustained_horizontal_transport
trace_chocolate_pudding_s22_w0_10_s20d_clean_seed0_job330133,chocolate_pudding,22,211,9,0,0,,3.3,1.5,1.0,0.5,0.0,0.3,0.004845,0.004193,0.000652,1,1,1,-0.00211863,4,1,,1,0.031622,1,0.000938,10,1,no_sustained_vertical_lift_type=sustained_horizontal_transport
trace_chocolate_pudding_s22_w0_10_s20d_clean_seed0_job330133,chocolate_pudding,22,215,10,0,0,,3.8,1.5,1.0,0.5,0.5,0.3,0.004679,0.006079,-0.0014,1,1,1,-0.00178828,4,1,,1,0.03161,1,0.003374,5,1,no_sustained_vertical_lift_type=sustained_horizontal_transport
trace_chocolate_pudding_s22_w0_10_s20d_clean_seed0_job330133,chocolate_pudding,22,223,11,0,0,,3.3,1.5,1.0,0.5,0.0,0.3,0.013167,0.011871,0.001296,1,1,1,-0.00043075,8,1,,1,0.033657,1,0.0,0,1,no_sustained_vertical_lift_type=no_sustained_motion
trace_chocolate_pudding_s23_w0_10_s20d_clean_seed0_job330134,chocolate_pudding,23,47,0,1,1,0,3.3,1.5,1.0,0.5,0.0,0.3,0.032037,0.033413,-0.001376,1,1,1,-5.921e-05,,1,,1,0.023089,1,0.070022,7,1,
trace_chocolate_pudding_s23_w0_10_s20d_clean_seed0_job330134,chocolate_pudding,23,140,1,0,0,93,3.3,1.5,1.0,0.5,0.0,0.3,0.000699,0.000176,0.000523,1,1,1,-0.00073116,93,1,,1,0.00499,1,0.000813,0,1,no_sustained_vertical_lift_type=no_sustained_motion
trace_chocolate_pudding_s24_w0_10_s20d_clean_seed0_job330135,chocolate_pudding,24,59,0,0,1,,3.3,1.5,1.0,0.5,0.0,0.3,0.01828,0.018634,-0.000354,1,1,1,-8.051e-05,,1,,1,0.030943,1,0.046692,6,1,
trace_chocolate_pudding_s24_w0_10_s20d_clean_seed0_job330135,chocolate_pudding,24,152,1,0,0,,3.3,1.5,1.0,0.5,0.0,0.3,0.005616,0.003162,0.002454,1,1,1,-0.00126894,93,1,,1,0.019234,1,0.003582,9,1,no_sustained_vertical_lift_type=sustained_horizontal_transport
trace_chocolate_pudding_s24_w0_10_s20d_clean_seed0_job330135,chocolate_pudding,24,158,2,0,0,,3.8,1.5,1.0,0.5,0.5,0.3,0.003066,0.003505,-0.000439,1,1,1,-0.00061252,6,1,,1,0.019225,1,0.006291,9,1,no_sustained_vertical_lift_type=sustained_horizontal_transport
trace_chocolate_pudding_s24_w0_10_s20d_clean_seed0_job330135,chocolate_pudding,24,162,3,0,0,,3.3,1.5,1.0,0.5,0.0,0.3,0.005903,0.003145,0.002758,1,1,1,-0.00024411,4,1,,1,0.019219,1,0.003752,11,1,no_sustained_vertical_lift_type=sustained_horizontal_transport
trace_chocolate_pudding_s24_w0_10_s20d_clean_seed0_job330135,chocolate_pudding,24,168,4,0,1,,3.8,1.5,1.0,0.5,0.5,0.3,0.00463,0.006917,-0.002287,1,1,1,-4.961e-05,6,1,,1,0.019215,1,0.008175,2,1,
trace_chocolate_pudding_s24_w0_10_s20d_clean_seed0_job330135,chocolate_pudding,24,172,5,0,0,,3.3,1.5,1.0,0.5,0.0,0.3,0.008424,0.00692,0.001504,1,1,1,-3.068e-05,4,1,,1,0.019214,1,0.0,0,1,no_sustained_vertical_lift_type=no_sustained_motion
trace_chocolate_pudding_s24_w0_10_s20d_clean_seed0_job330135,chocolate_pudding,24,177,6,0,0,,3.8,1.5,1.0,0.5,0.5,0.3,0.005428,0.005509,-8.1e-05,1,1,1,-3.397e-05,5,1,,1,0.019206,1,0.0,0,1,no_sustained_vertical_lift_type=no_sustained_motion
trace_chocolate_pudding_s25_w0_10_s20d_clean_seed0_job330136,chocolate_pudding,25,55,0,1,1,0,3.3,1.5,1.0,0.5,0.0,0.3,0.026121,0.026548,-0.000427,1,1,1,-9.004e-05,,1,,1,0.025409,1,0.048885,6,1,
trace_chocolate_pudding_s25_w0_10_s20d_clean_seed0_job330136,chocolate_pudding,25,142,1,0,0,87,3.3,1.5,1.0,0.5,0.0,0.3,0.010012,0.01568,-0.005668,1,1,1,-0.00057053,87,1,,1,0.010397,1,0.005011,7,1,no_sustained_vertical_lift_type=sustained_horizontal_transport
trace_chocolate_pudding_s25_w0_10_s20d_clean_seed0_job330136,chocolate_pudding,25,149,2,0,0,94,3.3,1.5,1.0,0.5,0.0,0.3,0.005432,0.00483,0.000602,1,1,1,-0.00024429,7,1,,1,0.010392,1,0.0,0,1,no_sustained_vertical_lift_type=no_sustained_motion
trace_chocolate_pudding_s25_w0_10_s20d_clean_seed0_job330136,chocolate_pudding,25,154,3,0,0,99,3.3,1.5,1.0,0.5,0.0,0.3,0.005947,0.003965,0.001982,1,1,1,-6.28e-06,5,1,,1,0.010385,1,0.0,0,1,no_sustained_vertical_lift_type=no_sustained_motion
trace_chocolate_pudding_s25_w0_10_s20d_clean_seed0_job330136,chocolate_pudding,25,156,4,0,0,101,3.8,1.5,1.0,0.5,0.5,0.3,0.006216,0.008434,-0.002218,1,1,1,-4.29e-06,2,1,,1,0.010457,1,0.0,0,1,no_sustained_vertical_lift_type=no_sustained_motion
trace_chocolate_pudding_s25_w0_10_s20d_clean_seed0_job330136,chocolate_pudding,25,162,5,0,0,107,3.8,1.5,1.0,0.5,0.5,0.3,0.002121,0.007191,-0.00507,1,1,1,2.029e-05,6,1,,1,0.010544,1,0.0,0,1,no_sustained_vertical_lift_type=no_sustained_motion
trace_chocolate_pudding_s25_w0_10_s20d_clean_seed0_job330136,chocolate_pudding,25,165,6,0,0,110,3.8,1.5,1.0,0.5,0.5,0.3,0.001076,0.003267,-0.002191,1,1,1,2.236e-05,3,1,,1,0.011158,1,0.000702,0,1,no_sustained_vertical_lift_type=no_sustained_motion
trace_chocolate_pudding_s26_w0_10_s20d_clean_seed0_job330137,chocolate_pudding,26,56,0,0,1,,3.3,1.5,1.0,0.5,0.0,0.3,0.019434,0.021124,-0.00169,1,1,1,-7.675e-05,,1,,1,0.041183,1,0.057023,6,1,
trace_chocolate_pudding_s26_w0_10_s20d_clean_seed0_job330137,chocolate_pudding,26,59,1,0,1,,3.3,1.5,1.0,0.5,0.0,0.3,0.01157,0.014104,-0.002534,1,1,1,4.194e-05,3,1,,1,0.030645,1,0.091629,9,1,
trace_chocolate_pudding_s26_w0_10_s20d_clean_seed0_job330137,chocolate_pudding,26,133,2,0,0,,3.3,1.5,1.0,0.5,0.0,0.3,0.01642,0.021991,-0.005571,1,1,1,0.0003848,74,1,,1,0.029992,1,0.0,11,1,no_sustained_vertical_lift_type=sustained_horizontal_transport
trace_chocolate_pudding_s26_w0_10_s20d_clean_seed0_job330137,chocolate_pudding,26,135,3,0,0,,3.8,1.5,1.0,0.5,0.5,0.3,0.005683,0.010617,-0.004934,1,1,1,0.00036891,2,1,,1,0.029994,1,0.0,11,1,no_sustained_vertical_lift_type=sustained_horizontal_transport
trace_chocolate_pudding_s26_w0_10_s20d_clean_seed0_job330137,chocolate_pudding,26,137,4,0,0,,3.3,1.5,1.0,0.5,0.0,0.3,0.005147,0.004925,0.000222,1,1,1,0.00035355,2,1,,1,0.029996,1,0.000109,5,1,no_sustained_vertical_lift_type=sustained_horizontal_transport
trace_chocolate_pudding_s26_w0_10_s20d_clean_seed0_job330137,chocolate_pudding,26,144,5,0,0,,3.8,1.5,1.0,0.5,0.5,0.3,0.001806,0.004643,-0.002837,1,1,1,0.00027098,7,1,,1,0.030002,1,0.002237,0,1,no_sustained_vertical_lift_type=no_sustained_motion
trace_chocolate_pudding_s26_w0_10_s20d_clean_seed0_job330137,chocolate_pudding,26,147,6,0,0,,3.8,1.5,1.0,0.5,0.5,0.3,0.000984,0.001531,-0.000547,1,1,1,0.00017587,3,1,,1,0.030004,1,0.002292,0,1,no_sustained_vertical_lift_type=no_sustained_motion
trace_chocolate_pudding_s26_w0_10_s20d_clean_seed0_job330137,chocolate_pudding,26,150,7,0,0,,3.8,1.5,1.0,0.5,0.5,0.3,0.000144,0.000854,-0.00071,1,1,1,0.00017108,3,1,,1,0.030007,1,0.002293,0,1,no_sustained_vertical_lift_type=no_sustained_motion
trace_chocolate_pudding_s26_w0_10_s20d_clean_seed0_job330137,chocolate_pudding,26,152,8,0,0,,3.3,1.5,1.0,0.5,0.0,0.3,0.001959,0.000565,0.001394,1,1,1,0.000167,2,1,,1,0.03001,1,0.000859,0,1,no_sustained_vertical_lift_type=no_sustained_motion
trace_chocolate_pudding_s26_w0_10_s20d_clean_seed0_job330137,chocolate_pudding,26,157,9,0,0,,3.8,1.5,1.0,0.5,0.5,0.3,0.002649,0.003461,-0.000812,1,1,1,0.00016772,5,1,,1,0.030015,1,0.002263,0,1,no_sustained_vertical_lift_type=no_sustained_motion
trace_chocolate_pudding_s26_w0_10_s20d_clean_seed0_job330137,chocolate_pudding,26,160,10,0,0,,3.8,1.5,1.0,0.5,0.5,0.3,0.00119,0.001539,-0.000349,1,1,1,0.00016396,3,1,,1,0.030018,1,0.001302,0,1,no_sustained_vertical_lift_type=no_sustained_motion
trace_chocolate_pudding_s26_w0_10_s20d_clean_seed0_job330137,chocolate_pudding,26,163,11,0,0,,3.3,1.5,1.0,0.5,0.0,0.3,0.000836,0.000199,0.000637,1,1,1,0.00016227,3,1,,1,0.030022,1,0.003134,0,1,no_sustained_vertical_lift_type=no_sustained_motion
trace_chocolate_pudding_s26_w0_10_s20d_clean_seed0_job330137,chocolate_pudding,26,170,12,0,0,,3.8,1.5,1.0,0.5,0.5,0.3,0.001622,0.003536,-0.001914,1,1,1,0.00014283,7,1,,1,0.030029,1,0.005916,0,1,no_sustained_vertical_lift_type=no_sustained_motion
trace_chocolate_pudding_s26_w0_10_s20d_clean_seed0_job330137,chocolate_pudding,26,177,13,0,0,,3.3,1.5,1.0,0.5,0.0,0.3,0.007754,0.001409,0.006345,1,1,1,8.393e-05,7,1,,1,0.030034,1,0.001928,0,1,no_sustained_vertical_lift_type=no_sustained_motion
trace_chocolate_pudding_s26_w0_10_s20d_clean_seed0_job330137,chocolate_pudding,26,182,14,0,0,,3.8,1.5,1.0,0.5,0.5,0.3,0.001434,0.005695,-0.004261,1,1,1,6.25e-05,5,1,,1,0.030038,1,0.00321,0,1,no_sustained_vertical_lift_type=no_sustained_motion
trace_chocolate_pudding_s26_w0_10_s20d_clean_seed0_job330137,chocolate_pudding,26,184,15,0,0,,3.3,1.5,1.0,0.5,0.0,0.3,0.002914,0.001527,0.001387,1,1,1,6.641e-05,2,1,,1,0.03004,1,0.001739,0,1,no_sustained_vertical_lift_type=no_sustained_motion
trace_chocolate_pudding_s26_w0_10_s20d_clean_seed0_job330137,chocolate_pudding,26,190,16,0,0,,3.8,1.5,1.0,0.5,0.5,0.3,0.001233,0.005716,-0.004483,1,1,1,6.435e-05,6,1,,1,0.030046,1,0.005103,0,1,no_sustained_vertical_lift_type=no_sustained_motion
trace_chocolate_pudding_s26_w0_10_s20d_clean_seed0_job330137,chocolate_pudding,26,192,17,0,0,,3.3,1.5,1.0,0.5,0.0,0.3,0.004302,0.002908,0.001394,1,1,1,5.901e-05,2,1,,1,0.030047,1,0.005699,0,1,no_sustained_vertical_lift_type=no_sustained_motion
trace_chocolate_pudding_s26_w0_10_s20d_clean_seed0_job330137,chocolate_pudding,26,199,18,0,1,,3.8,1.5,1.0,0.5,0.5,0.3,0.005012,0.007078,-0.002066,1,1,1,7.544e-05,7,1,,1,0.030052,1,0.01102,3,1,
trace_chocolate_pudding_s27_w0_10_s20d_clean_seed0_job330138,chocolate_pudding,27,2,0,0,0,,3.3,1.5,1.0,0.5,0.0,0.3,,,,1,1,1,-0.00022824,,1,too_early,0,0.340434,1,0.0,0,1,eef_not_near_object_dist=0.3404
trace_chocolate_pudding_s27_w0_10_s20d_clean_seed0_job330138,chocolate_pudding,27,14,1,0,0,,3.8,1.5,1.0,0.5,0.5,0.3,0.006889,0.010416,-0.003527,1,1,1,2.66e-05,12,1,,1,0.339788,1,0.0,0,1,eef_not_near_object_dist=0.3398
trace_chocolate_pudding_s27_w0_10_s20d_clean_seed0_job330138,chocolate_pudding,27,62,2,0,1,,3.3,1.5,1.0,0.5,0.0,0.3,0.032798,0.033849,-0.001051,1,1,1,-2.718e-05,48,1,,1,0.016055,1,0.023005,5,1,
trace_chocolate_pudding_s27_w0_10_s20d_clean_seed0_job330138,chocolate_pudding,27,157,3,0,0,,3.8,1.5,1.0,0.5,0.5,0.3,0.002326,0.003867,-0.001541,1,1,1,-0.00011719,95,1,,1,0.011618,1,0.005492,0,1,no_sustained_vertical_lift_type=no_sustained_motion
trace_chocolate_pudding_s27_w0_10_s20d_clean_seed0_job330138,chocolate_pudding,27,160,4,0,1,,3.3,1.5,1.0,0.5,0.0,0.3,0.002835,0.002369,0.000466,1,1,1,1.314e-05,3,1,,1,0.011628,1,0.011857,8,1,
trace_chocolate_pudding_s27_w0_10_s20d_clean_seed0_job330138,chocolate_pudding,27,163,5,0,1,,3.8,1.5,1.0,0.5,0.5,0.3,0.001982,0.002423,-0.000441,1,1,1,0.00033844,3,1,,1,0.01165,1,0.010332,7,1,
trace_chocolate_pudding_s27_w0_10_s20d_clean_seed0_job330138,chocolate_pudding,27,165,6,0,1,,3.3,1.5,1.0,0.5,0.0,0.3,0.004266,0.003403,0.000863,1,1,1,0.00032192,2,1,,1,0.011648,1,0.008624,4,1,
trace_chocolate_pudding_s27_w0_10_s20d_clean_seed0_job330138,chocolate_pudding,27,168,7,0,1,,3.8,1.5,1.0,0.5,0.5,0.3,0.002366,0.002742,-0.000376,1,1,1,0.00030858,3,1,,1,0.011647,1,0.00703,4,1,
trace_chocolate_pudding_s27_w0_10_s20d_clean_seed0_job330138,chocolate_pudding,27,172,8,0,0,,3.3,1.5,1.0,0.5,0.0,0.3,0.004525,0.001944,0.002581,1,1,1,0.00022485,4,1,,1,0.011645,1,0.002099,0,1,no_sustained_vertical_lift_type=no_sustained_motion
trace_chocolate_pudding_s27_w0_10_s20d_clean_seed0_job330138,chocolate_pudding,27,179,9,0,0,,3.3,1.5,1.0,0.5,0.0,0.3,0.003811,0.00236,0.001451,1,1,1,5.009e-05,7,1,,1,0.011641,1,0.0,0,1,no_sustained_vertical_lift_type=no_sustained_motion
trace_chocolate_pudding_s27_w0_10_s20d_clean_seed0_job330138,chocolate_pudding,27,182,10,0,0,,3.3,1.5,1.0,0.5,0.0,0.3,0.002791,0.00156,0.001231,1,1,1,1.198e-05,3,1,,1,0.01164,1,0.001,0,1,no_sustained_vertical_lift_type=no_sustained_motion
trace_chocolate_pudding_s27_w0_10_s20d_clean_seed0_job330138,chocolate_pudding,27,185,11,0,0,,3.8,1.5,1.0,0.5,0.5,0.3,0.001618,0.001736,-0.000118,1,1,1,4.8e-06,3,1,,1,0.011639,1,0.002508,0,1,no_sustained_vertical_lift_type=no_sustained_motion
trace_chocolate_pudding_s27_w0_10_s20d_clean_seed0_job330138,chocolate_pudding,27,188,12,0,0,,3.3,1.5,1.0,0.5,0.0,0.3,0.001099,0.000861,0.000238,1,1,1,4.99e-06,3,1,,1,0.011639,1,0.001401,0,1,no_sustained_vertical_lift_type=no_sustained_motion
trace_chocolate_pudding_s27_w0_10_s20d_clean_seed0_job330138,chocolate_pudding,27,190,13,0,0,,3.8,1.5,1.0,0.5,0.5,0.3,0.001795,0.002093,-0.000298,1,1,1,5.57e-06,2,1,,1,0.011639,1,0.00079,0,1,no_sustained_vertical_lift_type=no_sustained_motion
trace_chocolate_pudding_s27_w0_10_s20d_clean_seed0_job330138,chocolate_pudding,27,193,14,0,0,,3.8,1.5,1.0,0.5,0.5,0.3,0.000435,0.000579,-0.000144,1,1,1,1.106e-05,3,1,,1,0.011638,1,0.000549,0,1,no_sustained_vertical_lift_type=no_sustained_motion
trace_chocolate_pudding_s27_w0_10_s20d_clean_seed0_job330138,chocolate_pudding,27,198,15,0,0,,3.3,1.5,1.0,0.5,0.0,0.3,0.001384,0.000622,0.000762,1,1,1,8.31e-06,5,1,,1,0.011637,1,0.0,0,1,no_sustained_vertical_lift_type=no_sustained_motion
trace_chocolate_pudding_s27_w0_10_s20d_clean_seed0_job330138,chocolate_pudding,27,229,16,0,0,,3.3,1.5,1.0,0.5,0.0,0.3,0.00153,0.000511,0.001019,1,1,1,-6.618e-05,31,1,,1,0.011635,1,0.000475,0,1,no_sustained_vertical_lift_type=no_sustained_motion
trace_chocolate_pudding_s27_w0_10_s20d_clean_seed0_job330138,chocolate_pudding,27,232,17,0,0,,3.8,1.5,1.0,0.5,0.5,0.3,0.000472,0.000602,-0.00013,1,1,1,-8.559e-05,3,1,,1,0.011634,1,0.0,0,1,no_sustained_vertical_lift_type=no_sustained_motion
trace_chocolate_pudding_s27_w0_10_s20d_clean_seed0_job330138,chocolate_pudding,27,236,18,0,0,,3.8,1.5,1.0,0.5,0.5,0.3,0.000937,0.001518,-0.000581,1,1,1,-9.439e-05,4,1,,1,0.011634,1,0.000466,0,1,no_sustained_vertical_lift_type=no_sustained_motion
trace_chocolate_pudding_s27_w0_10_s20d_clean_seed0_job330138,chocolate_pudding,27,238,19,0,0,,3.3,1.5,1.0,0.5,0.0,0.3,0.001018,0.000922,9.6e-05,1,1,1,-9.945e-05,2,1,,1,0.011632,1,0.0,0,1,no_sustained_vertical_lift_type=no_sustained_motion
trace_chocolate_pudding_s27_w0_10_s20d_clean_seed0_job330138,chocolate_pudding,27,260,20,0,0,,3.3,1.5,1.0,0.5,0.0,0.3,0.000732,0.000723,9e-06,1,1,1,-0.00012637,22,1,,1,0.011629,1,0.006259,0,1,no_sustained_vertical_lift_type=no_sustained_motion
trace_chocolate_pudding_s27_w0_10_s20d_clean_seed0_job330138,chocolate_pudding,27,263,21,0,0,,3.3,1.5,1.0,0.5,0.0,0.3,0.000383,0.000309,7.4e-05,1,1,1,-0.00011582,3,1,,1,0.011628,1,0.006468,0,1,no_sustained_vertical_lift_type=no_sustained_motion
trace_chocolate_pudding_s27_w0_10_s20d_clean_seed0_job330138,chocolate_pudding,27,266,22,0,0,,3.3,1.5,1.0,0.5,0.0,0.3,0.000607,0.000489,0.000118,1,1,1,-0.00011238,3,1,,1,0.011627,1,0.006518,0,1,no_sustained_vertical_lift_type=no_sustained_motion
trace_chocolate_pudding_s27_w0_10_s20d_clean_seed0_job330138,chocolate_pudding,27,269,23,0,0,,3.3,1.5,1.0,0.5,0.0,0.3,0.001146,0.000465,0.000681,1,1,1,-0.00011976,3,1,,1,0.011626,1,0.005608,0,1,no_sustained_vertical_lift_type=no_sustained_motion
trace_chocolate_pudding_s28_w0_10_s20d_clean_seed0_job330139,chocolate_pudding,28,56,0,0,1,,3.3,1.5,1.0,0.5,0.0,0.3,0.030399,0.030628,-0.000229,1,1,1,2.68e-05,,1,,1,0.018091,1,0.040007,5,1,
trace_chocolate_pudding_s28_w0_10_s20d_clean_seed0_job330139,chocolate_pudding,28,58,1,0,1,,3.3,1.5,1.0,0.5,0.0,0.3,0.018476,0.026328,-0.007852,1,1,1,-0.00660017,2,1,,1,0.019697,1,0.063387,7,1,
trace_chocolate_pudding_s28_w0_10_s20d_clean_seed0_job330139,chocolate_pudding,28,141,2,0,1,,3.8,1.5,1.0,0.5,0.5,0.3,0.002998,0.005245,-0.002247,1,1,1,-0.00322716,83,1,,1,0.013595,1,0.013909,4,1,
trace_chocolate_pudding_s28_w0_10_s20d_clean_seed0_job330139,chocolate_pudding,28,144,3,0,1,,3.8,1.5,1.0,0.5,0.5,0.3,0.001922,0.004689,-0.002767,1,1,1,-0.00253601,3,1,,1,0.013558,1,0.012838,3,1,
trace_chocolate_pudding_s28_w0_10_s20d_clean_seed0_job330139,chocolate_pudding,28,147,4,0,1,,3.3,1.5,1.0,0.5,0.0,0.3,0.002645,0.001577,0.001068,1,1,1,-0.00217415,3,1,,1,0.013542,1,0.010677,2,1,
trace_chocolate_pudding_s29_w0_10_s20d_clean_seed0_job330140,chocolate_pudding,29,47,0,0,0,,3.3,1.5,1.0,0.5,0.0,0.3,0.031413,0.031953,-0.00054,1,1,1,-4.543e-05,,1,,1,0.026397,1,0.001375,8,1,no_sustained_vertical_lift_type=sustained_horizontal_transport
trace_chocolate_pudding_s29_w0_10_s20d_clean_seed0_job330140,chocolate_pudding,29,56,1,0,0,,3.3,1.5,1.0,0.5,0.0,0.3,0.010407,0.010346,6.1e-05,1,1,1,0.00010026,9,1,,1,0.006752,1,6.7e-05,13,1,no_sustained_vertical_lift_type=sustained_horizontal_transport
trace_chocolate_pudding_s29_w0_10_s20d_clean_seed0_job330140,chocolate_pudding,29,68,2,0,0,,3.8,1.5,1.0,0.5,0.5,0.3,0.002815,0.003325,-0.00051,1,1,1,-0.00103426,12,1,,1,0.011705,1,0.0,0,1,no_sustained_vertical_lift_type=no_sustained_motion
trace_chocolate_pudding_s29_w0_10_s20d_clean_seed0_job330140,chocolate_pudding,29,75,3,0,0,,3.8,1.5,1.0,0.5,0.5,0.3,0.000771,0.000917,-0.000146,1,1,1,-0.00238274,7,1,,1,0.013627,1,0.0,0,1,no_sustained_vertical_lift_type=no_sustained_motion
trace_chocolate_pudding_s29_w0_10_s20d_clean_seed0_job330140,chocolate_pudding,29,78,4,0,0,,3.8,1.5,1.0,0.5,0.5,0.3,0.000282,0.000418,-0.000136,1,1,1,-0.00258283,3,1,,1,0.01381,1,0.0,0,1,no_sustained_vertical_lift_type=no_sustained_motion
trace_chocolate_pudding_s29_w0_10_s20d_clean_seed0_job330140,chocolate_pudding,29,81,5,0,0,,3.3,1.5,1.0,0.5,0.0,0.3,0.000333,0.000257,7.6e-05,1,1,1,-0.00291641,3,1,,1,0.013974,1,0.0,0,1,no_sustained_vertical_lift_type=no_sustained_motion
trace_chocolate_pudding_s29_w0_10_s20d_clean_seed0_job330140,chocolate_pudding,29,92,6,0,0,,3.3,1.5,1.0,0.5,0.0,0.3,0.002028,0.001851,0.000177,1,1,1,-0.00627735,11,1,,1,0.017188,1,7.3e-05,0,1,no_sustained_vertical_lift_type=no_sustained_motion
trace_chocolate_pudding_s29_w0_10_s20d_clean_seed0_job330140,chocolate_pudding,29,99,7,0,0,,3.8,1.5,1.0,0.5,0.5,0.3,0.000967,0.000977,-1e-05,1,1,1,-0.0078219,7,1,,1,0.016683,1,0.000204,7,1,no_sustained_vertical_lift_type=sustained_horizontal_transport
trace_chocolate_pudding_s29_w0_10_s20d_clean_seed0_job330140,chocolate_pudding,29,105,8,0,0,,3.3,1.5,1.0,0.5,0.0,0.3,0.002274,0.001166,0.001108,1,1,1,-0.00453862,6,1,,1,0.015951,1,0.0004,12,1,no_sustained_vertical_lift_type=sustained_horizontal_transport
trace_chocolate_pudding_s29_w0_10_s20d_clean_seed0_job330140,chocolate_pudding,29,108,9,0,0,,3.8,1.5,1.0,0.5,0.5,0.3,0.002598,0.002805,-0.000207,1,1,1,-0.00613298,3,1,,1,0.014697,1,0.001033,3,1,no_sustained_vertical_lift_type=sustained_horizontal_transport
trace_chocolate_pudding_s29_w0_10_s20d_clean_seed0_job330140,chocolate_pudding,29,116,10,0,1,,3.3,1.5,1.0,0.5,0.0,0.3,0.001644,0.001601,4.3e-05,1,1,1,-0.00956379,8,1,,1,0.014826,1,0.007205,5,1,
trace_chocolate_pudding_s29_w0_10_s20d_clean_seed0_job330140,chocolate_pudding,29,118,11,0,1,,3.3,1.5,1.0,0.5,0.0,0.3,0.004004,0.003154,0.00085,1,1,1,-0.01628141,2,1,,1,0.016724,1,0.011197,6,1,
trace_chocolate_pudding_s29_w0_10_s20d_clean_seed0_job330140,chocolate_pudding,29,120,12,0,1,,3.8,1.5,1.0,0.5,0.5,0.3,0.002436,0.003897,-0.001461,1,1,1,-0.01729525,2,1,,1,0.017012,1,0.019172,8,1,
trace_chocolate_pudding_s29_w0_10_s20d_clean_seed0_job330140,chocolate_pudding,29,202,13,0,0,,3.8,1.5,1.0,0.5,0.5,0.3,0.004799,0.012642,-0.007843,1,1,1,-0.00569699,82,1,,1,0.01301,1,0.0,0,1,no_sustained_vertical_lift_type=no_sustained_motion
trace_chocolate_pudding_s29_w0_10_s20d_clean_seed0_job330140,chocolate_pudding,29,207,14,0,0,,3.3,1.5,1.0,0.5,0.0,0.3,0.011264,0.016962,-0.005698,1,1,1,-0.00364743,5,1,,1,0.012812,1,0.003526,0,1,no_sustained_vertical_lift_type=no_sustained_motion
trace_chocolate_pudding_s29_w0_10_s20d_clean_seed0_job330140,chocolate_pudding,29,210,15,0,0,,3.8,1.5,1.0,0.5,0.5,0.3,0.001098,0.001129,-3.1e-05,1,1,1,-0.00339816,3,1,,1,0.012793,1,0.002725,0,1,no_sustained_vertical_lift_type=no_sustained_motion
trace_chocolate_pudding_s29_w0_10_s20d_clean_seed0_job330140,chocolate_pudding,29,216,16,0,0,,3.8,1.5,1.0,0.5,0.5,0.3,0.000714,0.001903,-0.001189,1,1,1,-0.00276592,6,1,,1,0.012754,1,0.004451,0,1,no_sustained_vertical_lift_type=no_sustained_motion
trace_chocolate_pudding_s29_w0_10_s20d_clean_seed0_job330140,chocolate_pudding,29,219,17,0,0,,3.8,1.5,1.0,0.5,0.5,0.3,0.001463,0.001602,-0.000139,1,1,1,-0.00231408,3,1,,1,0.01273,1,0.003365,0,1,no_sustained_vertical_lift_type=no_sustained_motion
trace_chocolate_pudding_s29_w0_10_s20d_clean_seed0_job330140,chocolate_pudding,29,223,18,0,0,,3.8,1.5,1.0,0.5,0.5,0.3,0.000827,0.000967,-0.00014,1,1,1,-0.00219728,4,1,,1,0.012724,1,0.003197,0,1,no_sustained_vertical_lift_type=no_sustained_motion
trace_chocolate_pudding_s29_w0_10_s20d_clean_seed0_job330140,chocolate_pudding,29,226,19,0,0,,3.3,1.5,1.0,0.5,0.0,0.3,0.001806,0.001363,0.000443,1,1,1,-0.00208484,3,1,,1,0.012718,1,0.001451,0,1,no_sustained_vertical_lift_type=no_sustained_motion
trace_chocolate_pudding_s29_w0_10_s20d_clean_seed0_job330140,chocolate_pudding,29,233,20,0,0,,3.8,1.5,1.0,0.5,0.5,0.3,0.00149,0.001993,-0.000503,1,1,1,-0.00179848,7,1,,1,0.012705,1,0.002467,0,1,no_sustained_vertical_lift_type=no_sustained_motion
trace_chocolate_pudding_s29_w0_10_s20d_clean_seed0_job330140,chocolate_pudding,29,239,21,0,0,,3.8,1.5,1.0,0.5,0.5,0.3,0.000946,0.003079,-0.002133,1,1,1,-0.00151387,6,1,,1,0.012694,1,0.003268,0,1,no_sustained_vertical_lift_type=no_sustained_motion
trace_chocolate_pudding_s29_w0_10_s20d_clean_seed0_job330140,chocolate_pudding,29,242,22,0,0,,3.3,1.5,1.0,0.5,0.0,0.3,0.002021,0.000747,0.001274,1,1,1,-0.0012874,3,1,,1,0.012685,1,0.005317,0,1,no_sustained_vertical_lift_type=no_sustained_motion
trace_chocolate_pudding_s29_w0_10_s20d_clean_seed0_job330140,chocolate_pudding,29,249,23,0,1,,3.8,1.5,1.0,0.5,0.5,0.3,0.000914,0.003286,-0.002372,1,1,1,-0.00106691,7,1,,1,0.012679,1,0.010849,8,1,
trace_chocolate_pudding_s29_w0_10_s20d_clean_seed0_job330140,chocolate_pudding,29,254,24,0,0,,3.3,1.5,1.0,0.5,0.0,0.3,0.003364,0.000598,0.002766,1,1,1,-0.00090633,5,1,,1,0.012674,1,0.006855,0,1,no_sustained_vertical_lift_type=no_sustained_motion
trace_chocolate_pudding_s29_w0_10_s20d_clean_seed0_job330140,chocolate_pudding,29,256,25,0,0,,3.3,1.5,1.0,0.5,0.0,0.3,0.006761,0.006474,0.000287,1,1,1,-0.00067993,2,1,,1,0.012668,1,0.003309,3,1,no_sustained_vertical_lift_type=sustained_horizontal_transport
trace_chocolate_pudding_s29_w0_10_s20d_clean_seed0_job330140,chocolate_pudding,29,261,26,0,0,,3.3,1.5,1.0,0.5,0.0,0.3,0.005525,0.001752,0.003773,1,1,1,-0.0001714,5,1,,1,0.012662,1,0.0,0,1,no_sustained_vertical_lift_type=no_sustained_motion
trace_chocolate_pudding_s29_w0_10_s20d_clean_seed0_job330140,chocolate_pudding,29,264,27,0,1,,3.3,1.5,1.0,0.5,0.0,0.3,0.010097,0.005337,0.00476,1,1,1,-7.848e-05,3,1,,1,0.012264,1,0.007106,3,1,
trace_chocolate_pudding_s29_w0_10_s20d_clean_seed0_job330140,chocolate_pudding,29,271,28,0,0,,3.3,1.5,1.0,0.5,0.0,0.3,0.00876,0.007006,0.001754,1,1,1,-1.252e-05,7,1,,1,0.012261,1,0.0,0,1,no_sustained_vertical_lift_type=no_sustained_motion
trace_chocolate_pudding_s29_w0_10_s20d_clean_seed0_job330140,chocolate_pudding,29,278,29,0,0,,3.8,1.5,1.0,0.5,0.5,0.3,0.000391,0.000955,-0.000564,1,1,1,-1.376e-05,7,1,,1,0.012058,1,0.0,0,1,no_sustained_vertical_lift_type=no_sustained_motion
trace_chocolate_pudding_s30_w0_10_s20d_clean_seed0_job330141,chocolate_pudding,30,53,0,0,1,,3.3,1.5,1.0,0.5,0.0,0.3,0.035404,0.037315,-0.001911,1,1,1,-6.155e-05,,1,,1,0.008481,1,0.046694,5,1,
trace_chocolate_pudding_s30_w0_10_s20d_clean_seed0_job330141,chocolate_pudding,30,56,1,0,1,,3.3,1.5,1.0,0.5,0.0,0.3,0.010307,0.016535,-0.006228,1,1,1,-0.00817814,3,1,,1,0.005661,1,0.0832,8,1,
trace_chocolate_pudding_s30_w0_10_s20d_clean_seed0_job330141,chocolate_pudding,30,139,2,0,0,,3.8,1.5,1.0,0.5,0.5,0.3,0.007674,0.018478,-0.010804,1,1,1,-0.00154289,83,1,,1,0.002839,1,0.0,3,1,no_sustained_vertical_lift_type=sustained_horizontal_transport
trace_chocolate_pudding_s30_w0_10_s20d_clean_seed0_job330141,chocolate_pudding,30,141,3,0,0,,3.8,1.5,1.0,0.5,0.5,0.3,0.002315,0.003031,-0.000716,1,1,1,-0.00123872,2,1,,1,0.002802,1,0.001146,4,1,no_sustained_vertical_lift_type=sustained_horizontal_transport
trace_chocolate_pudding_s30_w0_10_s20d_clean_seed0_job330141,chocolate_pudding,30,148,4,0,1,,3.8,1.5,1.0,0.5,0.5,0.3,0.002847,0.006059,-0.003212,1,1,1,-0.00098309,7,1,,1,0.002777,1,0.009678,6,1,
trace_chocolate_pudding_s30_w0_10_s20d_clean_seed0_job330141,chocolate_pudding,30,150,5,0,1,,3.3,1.5,1.0,0.5,0.0,0.3,0.003346,0.00058,0.002766,1,1,1,-0.00087784,2,1,,1,0.002769,1,0.007806,2,1,
trace_chocolate_pudding_s30_w0_10_s20d_clean_seed0_job330141,chocolate_pudding,30,154,6,0,0,,3.3,1.5,1.0,0.5,0.0,0.3,0.008454,0.005382,0.003072,1,1,1,-0.00064164,4,1,,1,0.002752,1,0.0,8,1,no_sustained_vertical_lift_type=sustained_horizontal_transport
trace_chocolate_pudding_s30_w0_10_s20d_clean_seed0_job330141,chocolate_pudding,30,156,7,0,0,,3.8,1.5,1.0,0.5,0.5,0.3,0.003386,0.006151,-0.002765,1,1,1,-0.00046372,2,1,,1,0.002742,1,0.000358,5,1,no_sustained_vertical_lift_type=sustained_horizontal_transport
trace_chocolate_pudding_s30_w0_10_s20d_clean_seed0_job330141,chocolate_pudding,30,158,8,0,0,,3.8,1.5,1.0,0.5,0.5,0.3,0.005277,0.00534,-6.3e-05,1,1,1,-0.00030992,2,1,,1,0.002736,1,0.000962,0,1,no_sustained_vertical_lift_type=no_sustained_motion
trace_chocolate_pudding_s30_w0_10_s20d_clean_seed0_job330141,chocolate_pudding,30,162,9,0,0,,3.3,1.5,1.0,0.5,0.0,0.3,0.003542,0.002469,0.001073,1,1,1,-8.824e-05,4,1,,1,0.002733,1,0.0,0,1,no_sustained_vertical_lift_type=no_sustained_motion
trace_chocolate_pudding_s30_w0_10_s20d_clean_seed0_job330141,chocolate_pudding,30,165,10,0,0,,3.3,1.5,1.0,0.5,0.0,0.3,0.0035,0.003453,4.7e-05,1,1,1,-2.65e-05,3,1,,1,0.014527,1,0.0,0,1,no_sustained_vertical_lift_type=no_sustained_motion
trace_chocolate_pudding_s31_w0_10_s20d_clean_seed0_job330142,chocolate_pudding,31,52,0,0,0,,3.3,1.5,1.0,0.5,0.0,0.3,0.034252,0.0387,-0.004448,1,1,1,-0.00010809,,1,,1,0.054894,1,0.0,0,1,no_sustained_vertical_lift_type=no_sustained_motion
trace_chocolate_pudding_s31_w0_10_s20d_clean_seed0_job330142,chocolate_pudding,31,56,1,0,0,,3.8,1.5,1.0,0.5,0.5,0.3,0.004208,0.010865,-0.006657,1,1,1,0.00010667,4,1,,1,0.0455,1,0.0,0,0,no_sustained_vertical_lift_type=no_sustained_motion
trace_chocolate_pudding_s31_w0_10_s20d_clean_seed0_job330142,chocolate_pudding,31,59,2,0,0,,3.3,1.5,1.0,0.5,0.0,0.3,0.004162,0.004029,0.000133,1,1,1,1.16e-05,3,1,,1,0.043942,1,0.0,0,0,no_sustained_vertical_lift_type=no_sustained_motion
trace_chocolate_pudding_s31_w0_10_s20d_clean_seed0_job330142,chocolate_pudding,31,76,3,0,0,,3.3,1.5,1.0,0.5,0.0,0.3,0.012513,0.006264,0.006249,1,1,1,-0.00021225,17,1,,1,0.098686,1,0.0,0,1,eef_not_near_object_dist=0.0987
trace_chocolate_pudding_s31_w0_10_s20d_clean_seed0_job330142,chocolate_pudding,31,86,4,0,0,,3.3,1.5,1.0,0.5,0.0,0.3,0.020627,0.030479,-0.009852,1,1,1,-0.00025269,10,1,,1,0.189864,1,0.0,0,1,eef_not_near_object_dist=0.1899
trace_chocolate_pudding_s31_w0_10_s20d_clean_seed0_job330142,chocolate_pudding,31,89,5,0,0,,3.8,1.5,1.0,0.5,0.5,0.3,0.006157,0.006769,-0.000612,1,1,1,-0.00024328,3,1,,1,0.186722,1,0.0,0,1,eef_not_near_object_dist=0.1867
trace_chocolate_pudding_s31_w0_10_s20d_clean_seed0_job330142,chocolate_pudding,31,92,6,0,0,,3.8,1.5,1.0,0.5,0.5,0.3,0.009985,0.01106,-0.001075,1,1,1,-0.00023669,3,1,,1,0.178385,1,0.0,0,1,eef_not_near_object_dist=0.1784
trace_chocolate_pudding_s31_w0_10_s20d_clean_seed0_job330142,chocolate_pudding,31,109,7,0,0,,3.3,1.5,1.0,0.5,0.0,0.3,0.021265,0.025373,-0.004108,1,1,1,-0.00021901,17,1,,1,0.048857,1,0.004516,5,1,no_sustained_vertical_lift_type=sustained_horizontal_transport
trace_chocolate_pudding_s31_w0_10_s20d_clean_seed0_job330142,chocolate_pudding,31,277,8,0,0,,3.3,1.5,1.0,0.5,0.0,0.3,0.002024,0.001829,0.000195,1,1,1,-0.00267724,168,1,,1,0.033196,1,0.0,0,1,no_sustained_vertical_lift_type=no_sustained_motion
trace_chocolate_pudding_s32_w0_10_s20d_clean_seed0_job330143,chocolate_pudding,32,7,0,0,0,,3.3,1.5,1.0,0.5,0.0,0.3,0.013883,0.011399,0.002484,1,1,1,-6.162e-05,,1,,1,0.333845,1,0.0,0,1,eef_not_near_object_dist=0.3338
trace_chocolate_pudding_s32_w0_10_s20d_clean_seed0_job330143,chocolate_pudding,32,53,1,0,0,,3.3,1.5,1.0,0.5,0.0,0.3,0.021459,0.026956,-0.005497,1,1,1,-0.00011696,46,1,,1,0.065463,1,0.003929,3,1,no_sustained_vertical_lift_type=sustained_horizontal_transport
trace_chocolate_pudding_s32_w0_10_s20d_clean_seed0_job330143,chocolate_pudding,32,55,2,0,1,,3.3,1.5,1.0,0.5,0.0,0.3,0.017136,0.017377,-0.000241,1,1,1,-0.00013615,2,1,,1,0.056741,1,0.011372,2,1,
trace_chocolate_pudding_s32_w0_10_s20d_clean_seed0_job330143,chocolate_pudding,32,57,3,0,1,,3.3,1.5,1.0,0.5,0.0,0.3,0.018772,0.016872,0.0019,1,1,1,-0.00012059,2,1,,1,0.046548,1,0.02784,4,1,
trace_chocolate_pudding_s32_w0_10_s20d_clean_seed0_job330143,chocolate_pudding,32,59,4,0,1,,3.3,1.5,1.0,0.5,0.0,0.3,0.021778,0.019955,0.001823,1,1,1,-8.639e-05,2,1,,1,0.034262,1,0.050421,6,1,
trace_chocolate_pudding_s32_w0_10_s20d_clean_seed0_job330143,chocolate_pudding,32,149,5,0,0,,3.8,1.5,1.0,0.5,0.5,0.3,0.002484,0.003087,-0.000603,1,1,1,-0.00199959,90,1,,1,0.022085,1,0.0,0,1,no_sustained_vertical_lift_type=no_sustained_motion
trace_chocolate_pudding_s33_w0_10_s20d_clean_seed0_job330144,chocolate_pudding,33,57,0,1,1,0,3.3,1.5,1.0,0.5,0.0,0.3,0.028638,0.027152,0.001486,1,1,1,-0.00012568,,1,,1,0.058664,1,0.046223,7,1,
trace_chocolate_pudding_s33_w0_10_s20d_clean_seed0_job330144,chocolate_pudding,33,147,1,0,0,90,3.3,1.5,1.0,0.5,0.0,0.3,0.003919,0.00329,0.000629,1,1,1,-5.326e-05,90,1,,1,0.035368,1,0.0,0,1,no_sustained_vertical_lift_type=no_sustained_motion
trace_chocolate_pudding_s34_w0_10_s20d_clean_seed0_job330145,chocolate_pudding,34,48,0,0,1,,3.3,1.5,1.0,0.5,0.0,0.3,0.029054,0.034671,-0.005617,1,1,1,-8.159e-05,,1,,1,0.024469,1,0.043848,5,1,
trace_chocolate_pudding_s34_w0_10_s20d_clean_seed0_job330145,chocolate_pudding,34,50,1,0,1,,3.3,1.5,1.0,0.5,0.0,0.3,0.018069,0.022264,-0.004195,1,1,1,-0.00012489,2,1,,1,0.014246,1,0.066901,7,1,
trace_chocolate_pudding_s34_w0_10_s20d_clean_seed0_job330145,chocolate_pudding,34,129,2,0,0,,3.3,1.5,1.0,0.5,0.0,0.3,0.009438,0.002488,0.00695,1,1,1,-0.00289179,79,1,,1,0.010512,1,0.0,0,1,no_sustained_vertical_lift_type=no_sustained_motion
trace_chocolate_pudding_s34_w0_10_s20d_clean_seed0_job330145,chocolate_pudding,34,132,3,0,0,,3.3,1.5,1.0,0.5,0.0,0.3,0.009262,0.002412,0.00685,1,1,1,-0.00189546,3,1,,1,0.010451,1,0.001672,0,1,no_sustained_vertical_lift_type=no_sustained_motion
trace_chocolate_pudding_s35_w0_10_s20d_clean_seed0_job330146,chocolate_pudding,35,9,0,0,0,,3.3,1.5,1.0,0.5,0.0,0.3,0.018527,0.017798,0.000729,1,1,1,-6.739e-05,,1,,1,0.319879,1,0.0,0,1,eef_not_near_object_dist=0.3199
trace_chocolate_pudding_s35_w0_10_s20d_clean_seed0_job330146,chocolate_pudding,35,11,1,0,0,,3.3,1.5,1.0,0.5,0.0,0.3,0.025065,0.020352,0.004713,1,1,1,-0.00026784,2,1,,1,0.306974,1,0.0,0,1,eef_not_near_object_dist=0.3070
trace_chocolate_pudding_s35_w0_10_s20d_clean_seed0_job330146,chocolate_pudding,35,46,2,0,0,,3.3,1.5,1.0,0.5,0.0,0.3,0.031444,0.033668,-0.002224,1,1,1,-8.341e-05,35,1,,1,0.034928,1,0.001757,0,1,no_sustained_vertical_lift_type=no_sustained_motion
trace_chocolate_pudding_s35_w0_10_s20d_clean_seed0_job330146,chocolate_pudding,35,48,3,0,0,,3.3,1.5,1.0,0.5,0.0,0.3,0.02766,0.028964,-0.001304,1,1,1,3.794e-05,2,1,,1,0.017736,1,0.001757,3,1,no_sustained_vertical_lift_type=sustained_horizontal_transport
trace_chocolate_pudding_s35_w0_10_s20d_clean_seed0_job330146,chocolate_pudding,35,51,4,0,0,,3.3,1.5,1.0,0.5,0.0,0.3,0.017953,0.022831,-0.004878,1,1,1,-0.0022063,3,1,,1,0.003732,1,0.001757,6,1,no_sustained_vertical_lift_type=sustained_horizontal_transport
trace_chocolate_pudding_s35_w0_10_s20d_clean_seed0_job330146,chocolate_pudding,35,67,5,0,0,,3.8,1.5,1.0,0.5,0.5,0.3,0.003329,0.003426,-9.7e-05,1,1,1,3.113e-05,16,1,,1,0.005162,1,0.000108,6,1,no_sustained_vertical_lift_type=sustained_horizontal_transport
trace_chocolate_pudding_s35_w0_10_s20d_clean_seed0_job330146,chocolate_pudding,35,79,6,0,0,,3.8,1.5,1.0,0.5,0.5,0.3,0.001672,0.001734,-6.2e-05,1,1,1,-0.02132104,12,1,,1,0.012003,1,0.000198,0,1,no_sustained_vertical_lift_type=no_sustained_motion
trace_chocolate_pudding_s35_w0_10_s20d_clean_seed0_job330146,chocolate_pudding,35,85,7,0,0,,3.8,1.5,1.0,0.5,0.5,0.3,0.000328,0.000779,-0.000451,1,1,1,-0.02230251,6,1,,1,0.012427,1,0.00012,0,1,no_sustained_vertical_lift_type=no_sustained_motion
trace_chocolate_pudding_s35_w0_10_s20d_clean_seed0_job330146,chocolate_pudding,35,87,8,0,0,,3.3,1.5,1.0,0.5,0.0,0.3,0.000425,0.000182,0.000243,1,1,1,-0.02134199,2,1,,1,0.011986,1,0.000104,0,1,no_sustained_vertical_lift_type=no_sustained_motion
trace_chocolate_pudding_s35_w0_10_s20d_clean_seed0_job330146,chocolate_pudding,35,89,9,0,0,,3.8,1.5,1.0,0.5,0.5,0.3,0.000498,0.000525,-2.7e-05,1,1,1,-0.02032342,2,1,,1,0.011523,1,7.9e-05,0,1,no_sustained_vertical_lift_type=no_sustained_motion
trace_chocolate_pudding_s35_w0_10_s20d_clean_seed0_job330146,chocolate_pudding,35,94,10,0,0,,3.8,1.5,1.0,0.5,0.5,0.3,0.000509,0.000512,-3e-06,1,1,1,-0.0178943,5,1,,1,0.010434,1,9.9e-05,0,1,no_sustained_vertical_lift_type=no_sustained_motion
trace_chocolate_pudding_s35_w0_10_s20d_clean_seed0_job330146,chocolate_pudding,35,111,11,0,0,,3.8,1.5,1.0,0.5,0.5,0.3,0.000633,0.001053,-0.00042,1,1,1,-0.02596115,17,1,,1,0.014024,1,0.002209,6,1,no_sustained_vertical_lift_type=sustained_horizontal_transport
trace_chocolate_pudding_s35_w0_10_s20d_clean_seed0_job330146,chocolate_pudding,35,146,12,0,0,,3.8,1.5,1.0,0.5,0.5,0.3,0.001682,0.004436,-0.002754,1,1,1,-0.00954211,35,1,,1,0.007073,1,0.000426,0,1,no_sustained_vertical_lift_type=no_sustained_motion
trace_chocolate_pudding_s36_w0_10_s20d_clean_seed0_job330147,chocolate_pudding,36,53,0,0,0,,3.3,1.5,1.0,0.5,0.0,0.3,0.025071,0.030848,-0.005777,1,1,1,-0.00011659,,1,,1,0.054315,1,0.0,0,0,no_sustained_vertical_lift_type=no_sustained_motion
trace_chocolate_pudding_s36_w0_10_s20d_clean_seed0_job330147,chocolate_pudding,36,70,1,0,0,,3.3,1.5,1.0,0.5,0.0,0.3,0.030947,0.035365,-0.004418,1,1,1,-0.00011653,17,1,,1,0.159384,1,0.0,0,1,eef_not_near_object_dist=0.1594
trace_chocolate_pudding_s36_w0_10_s20d_clean_seed0_job330147,chocolate_pudding,36,72,2,0,0,,3.3,1.5,1.0,0.5,0.0,0.3,0.01555,0.027202,-0.011652,1,1,1,-0.00010167,2,1,,1,0.167494,1,0.0,0,1,eef_not_near_object_dist=0.1675
trace_chocolate_pudding_s36_w0_10_s20d_clean_seed0_job330147,chocolate_pudding,36,75,3,0,0,,3.3,1.5,1.0,0.5,0.0,0.3,0.010542,0.009201,0.001341,1,1,1,-0.00011983,3,1,,1,0.177968,1,0.0,0,1,eef_not_near_object_dist=0.1780
trace_chocolate_pudding_s36_w0_10_s20d_clean_seed0_job330147,chocolate_pudding,36,94,4,0,1,,3.3,1.5,1.0,0.5,0.0,0.3,0.028651,0.032651,-0.004,1,1,1,-9.196e-05,19,1,,1,0.035167,1,0.040696,5,1,
trace_chocolate_pudding_s36_w0_10_s20d_clean_seed0_job330147,chocolate_pudding,36,96,5,0,1,,3.3,1.5,1.0,0.5,0.0,0.3,0.023334,0.024977,-0.001643,1,1,1,-0.00010815,2,1,,1,0.023423,1,0.062264,7,1,
trace_chocolate_pudding_s36_w0_10_s20d_clean_seed0_job330147,chocolate_pudding,36,174,6,0,0,,3.3,1.5,1.0,0.5,0.0,0.3,0.019364,0.027363,-0.007999,1,1,1,-0.00699837,78,1,,1,0.012143,1,0.0,11,1,no_sustained_vertical_lift_type=sustained_horizontal_transport
trace_chocolate_pudding_s36_w0_10_s20d_clean_seed0_job330147,chocolate_pudding,36,189,7,0,0,,3.8,1.5,1.0,0.5,0.5,0.3,0.009282,0.009531,-0.000249,1,1,1,-0.00178608,15,1,,1,0.017692,1,0.0,0,1,no_sustained_vertical_lift_type=no_sustained_motion
trace_chocolate_pudding_s37_w0_10_s20d_clean_seed0_job330148,chocolate_pudding,37,1,0,0,0,,3.3,1.5,1.0,0.5,0.0,0.3,,,,1,1,1,-2.716e-05,,1,too_early,0,0.355596,1,0.0,0,1,eef_not_near_object_dist=0.3556
trace_chocolate_pudding_s37_w0_10_s20d_clean_seed0_job330148,chocolate_pudding,37,7,1,0,0,,3.3,1.5,1.0,0.5,0.0,0.3,0.013755,0.007708,0.006047,1,1,1,-0.00031936,6,1,,1,0.362398,1,0.0,0,1,eef_not_near_object_dist=0.3624
trace_chocolate_pudding_s37_w0_10_s20d_clean_seed0_job330148,chocolate_pudding,37,12,2,0,0,,3.3,1.5,1.0,0.5,0.0,0.3,0.018102,0.008298,0.009804,1,1,1,-0.00027364,5,1,,1,0.356746,1,0.0,0,1,eef_not_near_object_dist=0.3567
trace_chocolate_pudding_s37_w0_10_s20d_clean_seed0_job330148,chocolate_pudding,37,16,3,0,0,,3.3,1.5,1.0,0.5,0.0,0.3,0.010222,0.013293,-0.003071,1,1,1,-0.00022617,4,1,,1,0.363002,1,0.0,0,1,eef_not_near_object_dist=0.3630
trace_chocolate_pudding_s37_w0_10_s20d_clean_seed0_job330148,chocolate_pudding,37,21,4,0,0,,3.3,1.5,1.0,0.5,0.0,0.3,0.017087,0.007941,0.009146,1,1,1,-0.00028022,5,1,,1,0.361214,1,0.0,0,1,eef_not_near_object_dist=0.3612
trace_chocolate_pudding_s37_w0_10_s20d_clean_seed0_job330148,chocolate_pudding,37,24,5,0,0,,3.3,1.5,1.0,0.5,0.0,0.3,0.011771,0.008441,0.00333,1,1,1,-0.00012202,3,1,,1,0.368617,1,0.0,0,1,eef_not_near_object_dist=0.3686
trace_chocolate_pudding_s37_w0_10_s20d_clean_seed0_job330148,chocolate_pudding,37,26,6,0,0,,3.8,1.5,1.0,0.5,0.5,0.3,0.008638,0.014213,-0.005575,1,1,1,-0.00019349,2,1,,1,0.371135,1,0.0,0,1,eef_not_near_object_dist=0.3711
trace_chocolate_pudding_s37_w0_10_s20d_clean_seed0_job330148,chocolate_pudding,37,28,7,0,0,,3.8,1.5,1.0,0.5,0.5,0.3,0.00747,0.009044,-0.001574,1,1,1,-0.00020989,2,1,,1,0.373153,1,0.0,0,1,eef_not_near_object_dist=0.3732
trace_chocolate_pudding_s37_w0_10_s20d_clean_seed0_job330148,chocolate_pudding,37,96,8,0,0,,3.8,1.5,1.0,0.5,0.5,0.3,0.009917,0.010475,-0.000558,1,1,1,9.717e-05,68,1,,1,0.154868,1,0.0,0,1,eef_not_near_object_dist=0.1549
trace_chocolate_pudding_s37_w0_10_s20d_clean_seed0_job330148,chocolate_pudding,37,144,9,0,0,,3.3,1.5,1.0,0.5,0.0,0.3,0.000425,0.000146,0.000279,1,1,1,-0.01374193,48,1,,1,0.117434,1,0.0,0,1,eef_not_near_object_dist=0.1174
trace_chocolate_pudding_s37_w0_10_s20d_clean_seed0_job330148,chocolate_pudding,37,148,10,0,0,,3.8,1.5,1.0,0.5,0.5,0.3,0.000417,0.000528,-0.000111,1,1,1,-0.01331604,4,1,,1,0.11766,1,0.0,0,1,eef_not_near_object_dist=0.1177
trace_chocolate_pudding_s37_w0_10_s20d_clean_seed0_job330148,chocolate_pudding,37,151,11,0,0,,3.8,1.5,1.0,0.5,0.5,0.3,0.00023,0.000242,-1.2e-05,1,1,1,-0.01313848,3,1,,1,0.117779,1,0.0,0,1,eef_not_near_object_dist=0.1178
trace_chocolate_pudding_s37_w0_10_s20d_clean_seed0_job330148,chocolate_pudding,37,155,12,0,0,,3.3,1.5,1.0,0.5,0.0,0.3,0.001383,0.001142,0.000241,1,1,1,-0.01146632,4,1,,1,0.118479,1,0.0,0,1,eef_not_near_object_dist=0.1185
trace_chocolate_pudding_s37_w0_10_s20d_clean_seed0_job330148,chocolate_pudding,37,157,13,0,0,,3.8,1.5,1.0,0.5,0.5,0.3,0.000403,0.001027,-0.000624,1,1,1,-0.01236747,2,1,,1,0.11861,1,0.0,0,1,eef_not_near_object_dist=0.1186
trace_chocolate_pudding_s37_w0_10_s20d_clean_seed0_job330148,chocolate_pudding,37,163,14,0,0,,3.8,1.5,1.0,0.5,0.5,0.3,0.000521,0.000664,-0.000143,1,1,1,-0.01160596,6,1,,1,0.117281,1,0.0,0,1,eef_not_near_object_dist=0.1173
trace_chocolate_pudding_s37_w0_10_s20d_clean_seed0_job330148,chocolate_pudding,37,166,15,0,0,,3.3,1.5,1.0,0.5,0.0,0.3,0.002774,0.001261,0.001513,1,1,1,-0.00822298,3,1,,1,0.116252,1,0.0,0,1,eef_not_near_object_dist=0.1163
trace_chocolate_pudding_s37_w0_10_s20d_clean_seed0_job330148,chocolate_pudding,37,168,16,0,0,,3.3,1.5,1.0,0.5,0.0,0.3,0.004776,0.003498,0.001278,1,1,1,-0.00726104,2,1,,1,0.115304,1,0.0,0,1,eef_not_near_object_dist=0.1153
trace_chocolate_pudding_s37_w0_10_s20d_clean_seed0_job330148,chocolate_pudding,37,171,17,0,0,,3.8,1.5,1.0,0.5,0.5,0.3,0.000972,0.002884,-0.001912,1,1,1,-0.00864302,3,1,,1,0.11526,1,0.0,0,1,eef_not_near_object_dist=0.1153
trace_chocolate_pudding_s37_w0_10_s20d_clean_seed0_job330148,chocolate_pudding,37,176,18,0,0,,3.3,1.5,1.0,0.5,0.0,0.3,0.004276,0.004068,0.000208,1,1,1,-0.00255289,5,1,,1,0.115067,1,0.0,0,1,eef_not_near_object_dist=0.1151
trace_chocolate_pudding_s37_w0_10_s20d_clean_seed0_job330148,chocolate_pudding,37,189,19,0,0,,3.3,1.5,1.0,0.5,0.0,0.3,0.005547,0.003001,0.002546,1,1,1,-0.00559749,13,1,,1,0.111664,1,0.0,0,1,eef_not_near_object_dist=0.1117
trace_chocolate_pudding_s37_w0_10_s20d_clean_seed0_job330148,chocolate_pudding,37,194,20,0,0,,3.3,1.5,1.0,0.5,0.0,0.3,0.005397,0.005074,0.000323,1,1,1,-0.00301892,5,1,,1,0.10952,1,0.0,0,1,eef_not_near_object_dist=0.1095
trace_chocolate_pudding_s37_w0_10_s20d_clean_seed0_job330148,chocolate_pudding,37,252,21,0,0,,3.8,1.5,1.0,0.5,0.5,0.3,0.000187,0.000195,-8e-06,1,1,1,-0.00927411,58,1,,1,0.108137,1,0.0,0,1,eef_not_near_object_dist=0.1081
trace_chocolate_pudding_s37_w0_10_s20d_clean_seed0_job330148,chocolate_pudding,37,256,22,0,0,,3.3,1.5,1.0,0.5,0.0,0.3,6.5e-05,5.8e-05,7e-06,1,1,1,-0.00927086,4,1,,1,0.108172,1,0.0,0,1,eef_not_near_object_dist=0.1082
trace_chocolate_pudding_s37_w0_10_s20d_clean_seed0_job330148,chocolate_pudding,37,263,23,0,0,,3.3,1.5,1.0,0.5,0.0,0.3,0.001301,0.001175,0.000126,1,1,1,-0.0068242,7,1,,1,0.10886,1,0.0,0,1,eef_not_near_object_dist=0.1089
trace_chocolate_pudding_s37_w0_10_s20d_clean_seed0_job330148,chocolate_pudding,37,270,24,0,0,,3.3,1.5,1.0,0.5,0.0,0.3,0.000637,0.000192,0.000445,1,1,1,-0.0070099,7,1,,1,0.109327,1,0.0,0,1,eef_not_near_object_dist=0.1093
trace_chocolate_pudding_s38_w0_10_s20d_clean_seed0_job330149,chocolate_pudding,38,5,0,0,0,,3.8,1.5,1.0,0.5,0.5,0.3,0.005418,0.005932,-0.000514,1,1,1,-2.621e-05,,1,,1,0.352284,1,0.0,0,1,eef_not_near_object_dist=0.3523
trace_chocolate_pudding_s38_w0_10_s20d_clean_seed0_job330149,chocolate_pudding,38,9,1,0,0,,3.3,1.5,1.0,0.5,0.0,0.3,0.011854,0.007521,0.004333,1,1,1,-0.00029054,4,1,,1,0.349084,1,0.0,0,1,eef_not_near_object_dist=0.3491
trace_chocolate_pudding_s38_w0_10_s20d_clean_seed0_job330149,chocolate_pudding,38,25,2,0,0,,3.3,1.5,1.0,0.5,0.0,0.3,0.026903,0.032604,-0.005701,1,1,1,0.00014559,16,1,,1,0.459278,1,0.0,0,1,eef_not_near_object_dist=0.4593
trace_chocolate_pudding_s38_w0_10_s20d_clean_seed0_job330149,chocolate_pudding,38,28,3,0,0,,3.3,1.5,1.0,0.5,0.0,0.3,0.020798,0.020381,0.000417,1,1,1,0.00015392,3,1,,1,0.475767,1,0.0,0,1,eef_not_near_object_dist=0.4758
trace_chocolate_pudding_s38_w0_10_s20d_clean_seed0_job330149,chocolate_pudding,38,34,4,0,0,,3.3,1.5,1.0,0.5,0.0,0.3,0.02045,0.026195,-0.005745,1,1,1,4.043e-05,6,1,,1,0.506928,1,0.0,0,1,eef_not_near_object_dist=0.5069
trace_chocolate_pudding_s38_w0_10_s20d_clean_seed0_job330149,chocolate_pudding,38,48,5,0,0,,3.3,1.5,1.0,0.5,0.0,0.3,0.014988,0.020907,-0.005919,1,1,1,3.502e-05,14,1,,1,0.524415,1,0.0,0,1,eef_not_near_object_dist=0.5244
trace_chocolate_pudding_s39_w0_10_s20d_clean_seed0_job330150,chocolate_pudding,39,52,0,0,0,,3.3,1.5,1.0,0.5,0.0,0.3,0.0256,0.029718,-0.004118,1,1,1,-0.00010106,,1,,1,0.067656,1,0.0,0,0,no_sustained_vertical_lift_type=no_sustained_motion
trace_chocolate_pudding_s39_w0_10_s20d_clean_seed0_job330150,chocolate_pudding,39,54,1,0,0,,3.3,1.5,1.0,0.5,0.0,0.3,0.02284,0.023518,-0.000678,1,1,1,-4.202e-05,2,1,,1,0.053266,1,0.0,0,0,no_sustained_vertical_lift_type=no_sustained_motion
trace_chocolate_pudding_s39_w0_10_s20d_clean_seed0_job330150,chocolate_pudding,39,57,2,0,0,,3.3,1.5,1.0,0.5,0.0,0.3,0.012835,0.015104,-0.002269,1,1,1,-8.2e-06,3,1,,1,0.040955,1,0.0,0,0,no_sustained_vertical_lift_type=no_sustained_motion
trace_chocolate_pudding_s39_w0_10_s20d_clean_seed0_job330150,chocolate_pudding,39,72,3,0,0,,3.3,1.5,1.0,0.5,0.0,0.3,0.025365,0.033954,-0.008589,1,1,1,-0.00010177,15,1,,1,0.138466,1,0.0,0,1,eef_not_near_object_dist=0.1385
trace_chocolate_pudding_s39_w0_10_s20d_clean_seed0_job330150,chocolate_pudding,39,75,4,0,0,,3.8,1.5,1.0,0.5,0.5,0.3,0.007861,0.011296,-0.003435,1,1,1,-0.00013483,3,1,,1,0.146245,1,0.0,0,1,eef_not_near_object_dist=0.1462
trace_chocolate_pudding_s39_w0_10_s20d_clean_seed0_job330150,chocolate_pudding,39,77,5,0,0,,3.8,1.5,1.0,0.5,0.5,0.3,0.006992,0.007265,-0.000273,1,1,1,-0.00014248,2,1,,1,0.153837,1,0.0,0,1,eef_not_near_object_dist=0.1538
trace_chocolate_pudding_s39_w0_10_s20d_clean_seed0_job330150,chocolate_pudding,39,79,6,0,0,,3.3,1.5,1.0,0.5,0.0,0.3,0.017496,0.013643,0.003853,1,1,1,-0.00012485,2,1,,1,0.165266,1,0.0,0,1,eef_not_near_object_dist=0.1653
trace_chocolate_pudding_s39_w0_10_s20d_clean_seed0_job330150,chocolate_pudding,39,83,7,0,0,,3.3,1.5,1.0,0.5,0.0,0.3,0.007059,0.005919,0.00114,1,1,1,-0.00014019,4,1,,1,0.168457,1,0.0,0,1,eef_not_near_object_dist=0.1685
trace_chocolate_pudding_s39_w0_10_s20d_clean_seed0_job330150,chocolate_pudding,39,85,8,0,0,,3.8,1.5,1.0,0.5,0.5,0.3,0.001574,0.004111,-0.002537,1,1,1,-7.669e-05,2,1,,1,0.171269,1,0.0,0,1,eef_not_near_object_dist=0.1713
trace_chocolate_pudding_s39_w0_10_s20d_clean_seed0_job330150,chocolate_pudding,39,103,9,0,0,,3.3,1.5,1.0,0.5,0.0,0.3,0.024065,0.028126,-0.004061,1,1,1,-0.00094454,18,1,,1,0.016597,1,0.004941,0,1,no_sustained_vertical_lift_type=no_sustained_motion
trace_chocolate_pudding_s39_w0_10_s20d_clean_seed0_job330150,chocolate_pudding,39,107,10,0,1,,3.8,1.5,1.0,0.5,0.5,0.3,0.000235,0.000816,-0.000581,1,1,1,-0.00185216,4,1,,1,0.016189,1,0.012802,4,1,
trace_chocolate_pudding_s39_w0_10_s20d_clean_seed0_job330150,chocolate_pudding,39,110,11,0,1,,3.3,1.5,1.0,0.5,0.0,0.3,0.000189,0.000174,1.5e-05,1,1,1,-0.00211468,3,1,,1,0.016052,1,0.030059,7,1,
trace_chocolate_pudding_s39_w0_10_s20d_clean_seed0_job330150,chocolate_pudding,39,197,12,0,0,,3.8,1.5,1.0,0.5,0.5,0.3,0.004153,0.008172,-0.004019,1,1,1,-0.00208703,87,1,,1,0.014761,1,0.003341,10,1,no_sustained_vertical_lift_type=sustained_horizontal_transport
trace_chocolate_pudding_s39_w0_10_s20d_clean_seed0_job330150,chocolate_pudding,39,201,13,0,0,,3.8,1.5,1.0,0.5,0.5,0.3,0.003417,0.00565,-0.002233,1,1,1,-0.00124998,4,1,,1,0.014731,1,0.003879,7,1,no_sustained_vertical_lift_type=sustained_horizontal_transport
trace_chocolate_pudding_s39_w0_10_s20d_clean_seed0_job330150,chocolate_pudding,39,203,14,0,0,,3.3,1.5,1.0,0.5,0.0,0.3,0.007754,0.005004,0.00275,1,1,1,-0.00090399,2,1,,1,0.014721,1,0.000701,4,1,no_sustained_vertical_lift_type=sustained_horizontal_transport
trace_chocolate_pudding_s39_w0_10_s20d_clean_seed0_job330150,chocolate_pudding,39,207,15,0,0,,3.3,1.5,1.0,0.5,0.0,0.3,0.012289,0.011434,0.000855,1,1,1,-0.00056952,4,1,,1,0.014709,1,0.0,10,1,no_sustained_vertical_lift_type=sustained_horizontal_transport
trace_chocolate_pudding_s39_w0_10_s20d_clean_seed0_job330150,chocolate_pudding,39,215,16,0,0,,3.3,1.5,1.0,0.5,0.0,0.3,0.007052,0.006693,0.000359,1,1,1,-0.00011479,8,1,,1,0.014697,1,0.0,3,1,no_sustained_vertical_lift_type=sustained_horizontal_transport
trace_chocolate_pudding_s39_w0_10_s20d_clean_seed0_job330150,chocolate_pudding,39,219,17,0,0,,3.8,1.5,1.0,0.5,0.5,0.3,0.00333,0.003612,-0.000282,1,1,1,-3.856e-05,4,1,,1,0.016385,1,0.0,0,1,no_sustained_vertical_lift_type=no_sustained_motion
trace_chocolate_pudding_s39_w0_10_s20d_clean_seed0_job330150,chocolate_pudding,39,221,18,0,0,,3.8,1.5,1.0,0.5,0.5,0.3,0.001992,0.003811,-0.001819,1,1,1,-2.744e-05,2,1,,1,0.017113,1,0.0,0,1,no_sustained_vertical_lift_type=no_sustained_motion
trace_chocolate_pudding_s40_w0_10_s20d_clean_seed0_job330151,chocolate_pudding,40,54,0,0,1,,3.3,1.5,1.0,0.5,0.0,0.3,0.021989,0.02396,-0.001971,1,1,1,-4.676e-05,,1,,1,0.033531,1,0.028898,3,1,
trace_chocolate_pudding_s40_w0_10_s20d_clean_seed0_job330151,chocolate_pudding,40,58,1,0,1,,3.3,1.5,1.0,0.5,0.0,0.3,0.018884,0.021269,-0.002385,1,1,1,-0.00156933,4,1,,1,0.017634,1,0.075373,7,1,
trace_chocolate_pudding_s40_w0_10_s20d_clean_seed0_job330151,chocolate_pudding,40,144,2,0,1,,3.3,1.5,1.0,0.5,0.0,0.3,0.007057,0.006309,0.000748,1,1,1,-0.00193356,86,1,,1,0.012225,1,0.00622,2,1,
trace_chocolate_pudding_s40_w0_10_s20d_clean_seed0_job330151,chocolate_pudding,40,146,3,0,0,,3.3,1.5,1.0,0.5,0.0,0.3,0.012134,0.011236,0.000898,1,1,1,-0.00150685,2,1,,1,0.012207,1,0.0,7,1,no_sustained_vertical_lift_type=sustained_horizontal_transport
trace_chocolate_pudding_s40_w0_10_s20d_clean_seed0_job330151,chocolate_pudding,40,150,4,0,1,,3.3,1.5,1.0,0.5,0.0,0.3,0.013507,0.012729,0.000778,1,1,1,-0.00122464,4,1,,1,0.012194,1,0.007646,2,1,
trace_chocolate_pudding_s40_w0_10_s20d_clean_seed0_job330151,chocolate_pudding,40,158,5,0,0,,3.8,1.5,1.0,0.5,0.5,0.3,0.007234,0.007238,-4e-06,1,1,1,-0.00034117,8,1,,1,0.015125,1,0.0,0,1,no_sustained_vertical_lift_type=no_sustained_motion
trace_chocolate_pudding_s41_w0_10_s20d_clean_seed0_job330152,chocolate_pudding,41,10,0,0,0,,3.3,1.5,1.0,0.5,0.0,0.3,0.011051,0.007712,0.003339,1,1,1,-4.717e-05,,1,,1,0.332783,1,0.0,0,1,eef_not_near_object_dist=0.3328
trace_chocolate_pudding_s41_w0_10_s20d_clean_seed0_job330152,chocolate_pudding,41,14,1,0,0,,3.3,1.5,1.0,0.5,0.0,0.3,0.010674,0.015393,-0.004719,1,1,1,-0.00019446,4,1,,1,0.342291,1,0.0,0,1,eef_not_near_object_dist=0.3423
trace_chocolate_pudding_s41_w0_10_s20d_clean_seed0_job330152,chocolate_pudding,41,20,2,0,0,,3.3,1.5,1.0,0.5,0.0,0.3,0.018493,0.013721,0.004772,1,1,1,-0.00034581,6,1,,1,0.332497,1,0.0,0,1,eef_not_near_object_dist=0.3325
trace_chocolate_pudding_s41_w0_10_s20d_clean_seed0_job330152,chocolate_pudding,41,25,3,0,0,,3.3,1.5,1.0,0.5,0.0,0.3,0.02337,0.02757,-0.0042,1,1,1,-0.00015468,5,1,,1,0.351908,1,0.0,0,1,eef_not_near_object_dist=0.3519
trace_chocolate_pudding_s41_w0_10_s20d_clean_seed0_job330152,chocolate_pudding,41,46,4,0,0,,3.3,1.5,1.0,0.5,0.0,0.3,0.026954,0.031531,-0.004577,1,1,1,0.0001274,21,1,,1,0.515069,1,0.0,0,1,eef_not_near_object_dist=0.5151
trace_chocolate_pudding_s41_w0_10_s20d_clean_seed0_job330152,chocolate_pudding,41,49,5,0,0,,3.3,1.5,1.0,0.5,0.0,0.3,0.022526,0.022523,3e-06,1,1,1,0.00010501,3,1,,1,0.528246,1,0.0,0,1,eef_not_near_object_dist=0.5282
trace_chocolate_pudding_s42_w0_10_s20d_clean_seed0_job330153,chocolate_pudding,42,52,0,0,1,,3.3,1.5,1.0,0.5,0.0,0.3,0.03342,0.034158,-0.000738,1,1,1,-7.167e-05,,1,,1,0.007582,1,0.071189,7,1,
trace_chocolate_pudding_s42_w0_10_s20d_clean_seed0_job330153,chocolate_pudding,42,137,1,0,0,,3.8,1.5,1.0,0.5,0.5,0.3,0.007959,0.013051,-0.005092,1,1,1,-0.00143618,85,1,,1,0.003471,1,0.0,12,1,no_sustained_vertical_lift_type=sustained_horizontal_transport
trace_chocolate_pudding_s42_w0_10_s20d_clean_seed0_job330153,chocolate_pudding,42,140,2,0,0,,3.8,1.5,1.0,0.5,0.5,0.3,0.006327,0.006583,-0.000256,1,1,1,-0.00093029,3,1,,1,0.003426,1,0.0,11,1,no_sustained_vertical_lift_type=sustained_horizontal_transport
trace_chocolate_pudding_s42_w0_10_s20d_clean_seed0_job330153,chocolate_pudding,42,145,3,0,0,,3.8,1.5,1.0,0.5,0.5,0.3,0.006344,0.007171,-0.000827,1,1,1,-0.00028999,5,1,,1,0.003391,1,0.0,10,1,no_sustained_vertical_lift_type=sustained_horizontal_transport
trace_chocolate_pudding_s42_w0_10_s20d_clean_seed0_job330153,chocolate_pudding,42,148,4,0,0,,3.3,1.5,1.0,0.5,0.0,0.3,0.005595,0.004382,0.001213,1,1,1,-0.00010882,3,1,,1,0.003522,1,0.002585,11,1,no_sustained_vertical_lift_type=sustained_horizontal_transport
trace_chocolate_pudding_s42_w0_10_s20d_clean_seed0_job330153,chocolate_pudding,42,151,5,0,0,,3.3,1.5,1.0,0.5,0.0,0.3,0.005349,0.004172,0.001177,1,1,1,-5.015e-05,3,1,,1,0.003521,1,0.0,10,1,no_sustained_vertical_lift_type=sustained_horizontal_transport
trace_chocolate_pudding_s42_w0_10_s20d_clean_seed0_job330153,chocolate_pudding,42,154,6,0,0,,3.3,1.5,1.0,0.5,0.0,0.3,0.006705,0.004327,0.002378,1,1,1,-3.082e-05,3,1,,1,0.005021,1,0.0,3,1,no_sustained_vertical_lift_type=sustained_horizontal_transport
trace_chocolate_pudding_s42_w0_10_s20d_clean_seed0_job330153,chocolate_pudding,42,156,7,0,0,,3.8,1.5,1.0,0.5,0.5,0.3,0.00465,0.007372,-0.002722,1,1,1,-3.368e-05,2,1,,1,0.005018,1,0.0,0,1,no_sustained_vertical_lift_type=no_sustained_motion
trace_chocolate_pudding_s42_w0_10_s20d_clean_seed0_job330153,chocolate_pudding,42,159,8,0,0,,3.3,1.5,1.0,0.5,0.0,0.3,0.007403,0.005294,0.002109,1,1,1,3.464e-05,3,1,,1,0.005032,1,0.0,0,1,no_sustained_vertical_lift_type=no_sustained_motion
trace_chocolate_pudding_s42_w0_10_s20d_clean_seed0_job330153,chocolate_pudding,42,161,9,0,0,,3.8,1.5,1.0,0.5,0.5,0.3,0.007564,0.009385,-0.001821,1,1,1,0.00141424,2,1,,1,0.005214,1,0.0,0,1,no_sustained_vertical_lift_type=no_sustained_motion
trace_chocolate_pudding_s42_w0_10_s20d_clean_seed0_job330153,chocolate_pudding,42,165,10,0,0,,3.3,1.5,1.0,0.5,0.0,0.3,0.002005,0.001084,0.000921,1,1,1,0.00155843,4,1,,1,0.005229,1,0.0,0,1,no_sustained_vertical_lift_type=no_sustained_motion
trace_chocolate_pudding_s42_w0_10_s20d_clean_seed0_job330153,chocolate_pudding,42,178,11,0,0,,3.3,1.5,1.0,0.5,0.0,0.3,0.000143,7.5e-05,6.8e-05,1,1,1,0.00145879,13,1,,1,0.005235,1,0.005328,0,1,no_sustained_vertical_lift_type=no_sustained_motion
trace_chocolate_pudding_s42_w0_10_s20d_clean_seed0_job330153,chocolate_pudding,42,188,12,0,0,,3.3,1.5,1.0,0.5,0.0,0.3,0.001743,0.001232,0.000511,1,1,1,0.00135057,10,1,,1,0.005218,1,0.004617,8,1,no_sustained_vertical_lift_type=sustained_horizontal_transport
trace_chocolate_pudding_s42_w0_10_s20d_clean_seed0_job330153,chocolate_pudding,42,190,13,0,0,,3.3,1.5,1.0,0.5,0.0,0.3,0.005625,0.003484,0.002141,1,1,1,0.00119338,2,1,,1,0.005209,1,0.000731,11,1,no_sustained_vertical_lift_type=sustained_horizontal_transport
trace_chocolate_pudding_s42_w0_10_s20d_clean_seed0_job330153,chocolate_pudding,42,198,14,0,0,,3.8,1.5,1.0,0.5,0.5,0.3,0.00135,0.002559,-0.001209,1,1,1,0.00093123,8,1,,1,0.005195,1,1.4e-05,0,1,no_sustained_vertical_lift_type=no_sustained_motion
trace_chocolate_pudding_s42_w0_10_s20d_clean_seed0_job330153,chocolate_pudding,42,203,15,0,0,,3.8,1.5,1.0,0.5,0.5,0.3,0.000142,0.000146,-4e-06,1,1,1,0.00039873,5,1,,1,0.005178,1,0.0,0,1,no_sustained_vertical_lift_type=no_sustained_motion
trace_chocolate_pudding_s42_w0_10_s20d_clean_seed0_job330153,chocolate_pudding,42,205,16,0,0,,3.3,1.5,1.0,0.5,0.0,0.3,0.000177,0.000111,6.6e-05,1,1,1,0.00022137,2,1,,1,0.007535,1,0.0,0,1,no_sustained_vertical_lift_type=no_sustained_motion
trace_chocolate_pudding_s42_w0_10_s20d_clean_seed0_job330153,chocolate_pudding,42,212,17,0,0,,3.3,1.5,1.0,0.5,0.0,0.3,0.000365,0.000266,9.9e-05,1,1,1,-3.125e-05,7,1,,1,0.008653,1,0.003289,0,1,no_sustained_vertical_lift_type=no_sustained_motion
trace_chocolate_pudding_s42_w0_10_s20d_clean_seed0_job330153,chocolate_pudding,42,223,18,0,0,,3.3,1.5,1.0,0.5,0.0,0.3,0.003817,0.00194,0.001877,1,1,1,-8.645e-05,11,1,,1,0.00863,1,0.002236,3,1,no_sustained_vertical_lift_type=sustained_horizontal_transport
trace_chocolate_pudding_s42_w0_10_s20d_clean_seed0_job330153,chocolate_pudding,42,228,19,0,1,,3.8,1.5,1.0,0.5,0.5,0.3,0.001773,0.004196,-0.002423,1,1,1,-6.221e-05,5,1,,1,0.00863,1,0.008495,2,1,
trace_chocolate_pudding_s42_w0_10_s20d_clean_seed0_job330153,chocolate_pudding,42,231,20,0,0,,3.8,1.5,1.0,0.5,0.5,0.3,0.003119,0.00313,-1.1e-05,1,1,1,-6.862e-05,3,1,,1,0.008633,1,0.005373,2,1,no_sustained_vertical_lift_type=sustained_horizontal_transport
trace_chocolate_pudding_s42_w0_10_s20d_clean_seed0_job330153,chocolate_pudding,42,233,21,0,0,,3.3,1.5,1.0,0.5,0.0,0.3,0.003082,0.002437,0.000645,1,1,1,-7.286e-05,2,1,,1,0.008633,1,0.003812,5,1,no_sustained_vertical_lift_type=sustained_horizontal_transport
trace_chocolate_pudding_s42_w0_10_s20d_clean_seed0_job330153,chocolate_pudding,42,241,22,0,0,,3.3,1.5,1.0,0.5,0.0,0.3,0.010022,0.009601,0.000421,1,1,1,-9.399e-05,8,1,,1,0.01691,1,0.0,0,1,no_sustained_vertical_lift_type=no_sustained_motion
trace_chocolate_pudding_s43_w0_10_s20d_clean_seed0_job330154,chocolate_pudding,43,1,0,0,0,,3.3,1.5,1.0,0.5,0.0,0.3,,,,1,1,1,-7.031e-05,,1,too_early,0,0.38058,1,0.0,0,1,eef_not_near_object_dist=0.3806
trace_chocolate_pudding_s43_w0_10_s20d_clean_seed0_job330154,chocolate_pudding,43,6,1,0,0,,3.3,1.5,1.0,0.5,0.0,0.3,0.011101,0.004742,0.006359,1,1,1,-0.00023847,5,1,,1,0.377867,1,0.0,0,1,eef_not_near_object_dist=0.3779
trace_chocolate_pudding_s43_w0_10_s20d_clean_seed0_job330154,chocolate_pudding,43,11,2,0,0,,3.8,1.5,1.0,0.5,0.5,0.3,0.005691,0.01024,-0.004549,1,1,1,-0.0001386,5,1,,1,0.382137,1,0.0,0,1,eef_not_near_object_dist=0.3821
trace_chocolate_pudding_s43_w0_10_s20d_clean_seed0_job330154,chocolate_pudding,43,15,3,0,0,,3.3,1.5,1.0,0.5,0.0,0.3,0.006933,0.006679,0.000254,1,1,1,-0.00010001,4,1,,1,0.383446,1,0.0,0,1,eef_not_near_object_dist=0.3834
trace_chocolate_pudding_s43_w0_10_s20d_clean_seed0_job330154,chocolate_pudding,43,19,4,0,0,,3.3,1.5,1.0,0.5,0.0,0.3,0.008507,0.006649,0.001858,1,1,1,-0.00026769,4,1,,1,0.381674,1,0.0,0,1,eef_not_near_object_dist=0.3817
trace_chocolate_pudding_s43_w0_10_s20d_clean_seed0_job330154,chocolate_pudding,43,24,5,0,0,,3.3,1.5,1.0,0.5,0.0,0.3,0.009354,0.007274,0.00208,1,1,1,-0.00013204,5,1,,1,0.383075,1,0.0,0,1,eef_not_near_object_dist=0.3831
trace_chocolate_pudding_s43_w0_10_s20d_clean_seed0_job330154,chocolate_pudding,43,29,6,0,0,,3.3,1.5,1.0,0.5,0.0,0.3,0.009708,0.006524,0.003184,1,1,1,-6.296e-05,5,1,,1,0.382195,1,0.0,0,1,eef_not_near_object_dist=0.3822
trace_chocolate_pudding_s43_w0_10_s20d_clean_seed0_job330154,chocolate_pudding,43,34,7,0,0,,3.3,1.5,1.0,0.5,0.0,0.3,0.010386,0.006708,0.003678,1,1,1,-8.143e-05,5,1,,1,0.38095,1,0.0,0,1,eef_not_near_object_dist=0.3809
trace_chocolate_pudding_s43_w0_10_s20d_clean_seed0_job330154,chocolate_pudding,43,39,8,0,0,,3.3,1.5,1.0,0.5,0.0,0.3,0.011515,0.009692,0.001823,1,1,1,-0.00021245,5,1,,1,0.383677,1,0.0,0,1,eef_not_near_object_dist=0.3837
trace_chocolate_pudding_s43_w0_10_s20d_clean_seed0_job330154,chocolate_pudding,43,42,9,0,0,,3.3,1.5,1.0,0.5,0.0,0.3,0.010565,0.010511,5.4e-05,1,1,1,-0.00023258,3,1,,1,0.380397,1,0.0,0,1,eef_not_near_object_dist=0.3804
trace_chocolate_pudding_s43_w0_10_s20d_clean_seed0_job330154,chocolate_pudding,43,129,10,0,0,,3.8,1.5,1.0,0.5,0.5,0.3,0.001957,0.002468,-0.000511,1,1,1,-8.286e-05,87,1,,1,0.28613,1,0.0,0,1,eef_not_near_object_dist=0.2861
trace_chocolate_pudding_s43_w0_10_s20d_clean_seed0_job330154,chocolate_pudding,43,132,11,0,0,,3.3,1.5,1.0,0.5,0.0,0.3,0.002188,0.001633,0.000555,1,1,1,-0.00018182,3,1,,1,0.284523,1,0.0,0,1,eef_not_near_object_dist=0.2845
trace_chocolate_pudding_s43_w0_10_s20d_clean_seed0_job330154,chocolate_pudding,43,157,12,0,0,,3.3,1.5,1.0,0.5,0.0,0.3,0.002271,0.001914,0.000357,1,1,1,-0.0002769,25,1,,1,0.281183,1,0.0,0,1,eef_not_near_object_dist=0.2812
trace_chocolate_pudding_s43_w0_10_s20d_clean_seed0_job330154,chocolate_pudding,43,165,13,0,0,,3.8,1.5,1.0,0.5,0.5,0.3,0.001014,0.001249,-0.000235,1,1,1,-0.000426,8,1,,1,0.281006,1,0.0,0,1,eef_not_near_object_dist=0.2810
trace_chocolate_pudding_s43_w0_10_s20d_clean_seed0_job330154,chocolate_pudding,43,173,14,0,0,,3.8,1.5,1.0,0.5,0.5,0.3,0.00116,0.001174,-1.4e-05,1,1,1,-0.00044984,8,1,,1,0.281852,1,0.0,0,1,eef_not_near_object_dist=0.2819
trace_chocolate_pudding_s43_w0_10_s20d_clean_seed0_job330154,chocolate_pudding,43,181,15,0,0,,3.8,1.5,1.0,0.5,0.5,0.3,0.002499,0.004666,-0.002167,1,1,1,-0.00047992,8,1,,1,0.279453,1,0.0,0,1,eef_not_near_object_dist=0.2795
trace_chocolate_pudding_s43_w0_10_s20d_clean_seed0_job330154,chocolate_pudding,43,184,16,0,0,,3.3,1.5,1.0,0.5,0.0,0.3,0.003458,0.00183,0.001628,1,1,1,-0.00049351,3,1,,1,0.280153,1,0.0,0,1,eef_not_near_object_dist=0.2802
trace_chocolate_pudding_s43_w0_10_s20d_clean_seed0_job330154,chocolate_pudding,43,187,17,0,0,,3.8,1.5,1.0,0.5,0.5,0.3,0.003555,0.003636,-8.1e-05,1,1,1,-0.00050356,3,1,,1,0.276667,1,0.0,0,1,eef_not_near_object_dist=0.2767
trace_chocolate_pudding_s43_w0_10_s20d_clean_seed0_job330154,chocolate_pudding,43,194,18,0,0,,3.3,1.5,1.0,0.5,0.0,0.3,0.003314,0.00322,9.4e-05,1,1,1,-0.00056665,7,1,,1,0.271478,1,0.0,0,1,eef_not_near_object_dist=0.2715
trace_chocolate_pudding_s43_w0_10_s20d_clean_seed0_job330154,chocolate_pudding,43,203,19,0,0,,3.3,1.5,1.0,0.5,0.0,0.3,0.005589,0.00538,0.000209,1,1,1,-0.00065019,9,1,,1,0.264982,1,0.0,0,1,eef_not_near_object_dist=0.2650
trace_chocolate_pudding_s43_w0_10_s20d_clean_seed0_job330154,chocolate_pudding,43,209,20,0,0,,3.8,1.5,1.0,0.5,0.5,0.3,0.004251,0.00482,-0.000569,1,1,1,-0.00062982,6,1,,1,0.262222,1,0.0,0,1,eef_not_near_object_dist=0.2622
trace_chocolate_pudding_s43_w0_10_s20d_clean_seed0_job330154,chocolate_pudding,43,215,21,0,0,,3.3,1.5,1.0,0.5,0.0,0.3,0.006155,0.003632,0.002523,1,1,1,-0.00068315,6,1,,1,0.263782,1,0.0,0,1,eef_not_near_object_dist=0.2638
trace_chocolate_pudding_s43_w0_10_s20d_clean_seed0_job330154,chocolate_pudding,43,220,22,0,0,,3.8,1.5,1.0,0.5,0.5,0.3,0.001296,0.004154,-0.002858,1,1,1,-0.00068925,5,1,,1,0.264892,1,0.0,0,1,eef_not_near_object_dist=0.2649
trace_chocolate_pudding_s43_w0_10_s20d_clean_seed0_job330154,chocolate_pudding,43,222,23,0,0,,3.3,1.5,1.0,0.5,0.0,0.3,0.002432,0.002253,0.000179,1,1,1,-0.00071451,2,1,,1,0.265037,1,0.0,0,1,eef_not_near_object_dist=0.2650
trace_chocolate_pudding_s43_w0_10_s20d_clean_seed0_job330154,chocolate_pudding,43,224,24,0,0,,3.8,1.5,1.0,0.5,0.5,0.3,0.002358,0.002437,-7.9e-05,1,1,1,-0.00071172,2,1,,1,0.264257,1,0.0,0,1,eef_not_near_object_dist=0.2643
trace_chocolate_pudding_s43_w0_10_s20d_clean_seed0_job330154,chocolate_pudding,43,231,25,0,0,,3.3,1.5,1.0,0.5,0.0,0.3,0.007273,0.004753,0.00252,1,1,1,-0.00073432,7,1,,1,0.255082,1,0.0,0,1,eef_not_near_object_dist=0.2551
trace_chocolate_pudding_s43_w0_10_s20d_clean_seed0_job330154,chocolate_pudding,43,233,26,0,0,,3.8,1.5,1.0,0.5,0.5,0.3,0.008834,0.009438,-0.000604,1,1,1,-0.00076651,2,1,,1,0.2525,1,0.0,0,1,eef_not_near_object_dist=0.2525
trace_chocolate_pudding_s43_w0_10_s20d_clean_seed0_job330154,chocolate_pudding,43,238,27,0,0,,3.8,1.5,1.0,0.5,0.5,0.3,0.008981,0.011669,-0.002688,1,1,1,-0.0006754,5,1,,1,0.25046,1,0.0,0,1,eef_not_near_object_dist=0.2505
trace_chocolate_pudding_s43_w0_10_s20d_clean_seed0_job330154,chocolate_pudding,43,253,28,0,0,,3.8,1.5,1.0,0.5,0.5,0.3,0.003533,0.006755,-0.003222,1,1,1,-0.00069342,15,1,,1,0.232298,1,0.0,0,1,eef_not_near_object_dist=0.2323
trace_chocolate_pudding_s43_w0_10_s20d_clean_seed0_job330154,chocolate_pudding,43,272,29,0,0,,3.3,1.5,1.0,0.5,0.0,0.3,0.025698,0.029842,-0.004144,1,1,1,-0.00078397,19,1,,1,0.340347,1,0.0,0,1,eef_not_near_object_dist=0.3403
trace_chocolate_pudding_s43_w0_10_s20d_clean_seed0_job330154,chocolate_pudding,43,278,30,0,0,,3.3,1.5,1.0,0.5,0.0,0.3,0.012197,0.011373,0.000824,1,1,1,-0.0008196,6,1,,1,0.360812,1,0.0,0,1,eef_not_near_object_dist=0.3608
trace_chocolate_pudding_s44_w0_10_s20d_clean_seed0_job330155,chocolate_pudding,44,9,0,0,0,-104,3.3,1.5,1.0,0.5,0.0,0.3,0.004374,0.003416,0.000958,1,1,1,-2.387e-05,,1,,1,0.348935,1,0.0,0,1,eef_not_near_object_dist=0.3489
trace_chocolate_pudding_s44_w0_10_s20d_clean_seed0_job330155,chocolate_pudding,44,19,1,0,0,-94,3.3,1.5,1.0,0.5,0.0,0.3,0.018245,0.017222,0.001023,1,1,1,-0.00020472,10,1,,1,0.328937,1,0.0,0,1,eef_not_near_object_dist=0.3289
trace_chocolate_pudding_s44_w0_10_s20d_clean_seed0_job330155,chocolate_pudding,44,21,2,0,0,-92,3.3,1.5,1.0,0.5,0.0,0.3,0.010634,0.012997,-0.002363,1,1,1,-0.00028673,2,1,,1,0.329214,1,0.0,0,1,eef_not_near_object_dist=0.3292
trace_chocolate_pudding_s44_w0_10_s20d_clean_seed0_job330155,chocolate_pudding,44,26,3,0,0,-87,3.3,1.5,1.0,0.5,0.0,0.3,0.011995,0.009415,0.00258,1,1,1,-0.00038666,5,1,,1,0.331943,1,0.0,0,1,eef_not_near_object_dist=0.3319
trace_chocolate_pudding_s44_w0_10_s20d_clean_seed0_job330155,chocolate_pudding,44,73,4,0,0,-40,3.3,1.5,1.0,0.5,0.0,0.3,0.021865,0.024685,-0.00282,1,1,1,-0.00015102,47,1,,1,0.071101,1,0.0,0,0,no_sustained_vertical_lift_type=no_sustained_motion
trace_chocolate_pudding_s44_w0_10_s20d_clean_seed0_job330155,chocolate_pudding,44,90,5,0,0,-23,3.3,1.5,1.0,0.5,0.0,0.3,0.03353,0.036308,-0.002778,1,1,1,-4.822e-05,17,1,,1,0.115579,1,0.0,0,1,eef_not_near_object_dist=0.1156
trace_chocolate_pudding_s44_w0_10_s20d_clean_seed0_job330155,chocolate_pudding,44,113,6,1,1,0,3.3,1.5,1.0,0.5,0.0,0.3,0.021266,0.025783,-0.004517,1,1,1,-6.308e-05,23,1,,1,0.044337,1,0.061002,7,1,
trace_chocolate_pudding_s44_w0_10_s20d_clean_seed0_job330155,chocolate_pudding,44,194,7,0,0,81,3.3,1.5,1.0,0.5,0.0,0.3,0.011275,0.017614,-0.006339,1,1,1,0.00023692,81,1,,1,0.023234,1,0.004429,9,1,no_sustained_vertical_lift_type=sustained_horizontal_transport
trace_chocolate_pudding_s44_w0_10_s20d_clean_seed0_job330155,chocolate_pudding,44,197,8,0,0,84,3.3,1.5,1.0,0.5,0.0,0.3,0.005126,0.003466,0.00166,1,1,1,0.00043371,3,1,,1,0.023233,1,0.0,2,1,no_sustained_vertical_lift_type=sustained_horizontal_transport
trace_chocolate_pudding_s44_w0_10_s20d_clean_seed0_job330155,chocolate_pudding,44,202,9,0,0,89,3.8,1.5,1.0,0.5,0.5,0.3,0.001626,0.006075,-0.004449,1,1,1,0.0005325,5,1,,1,0.023272,1,0.002872,0,1,no_sustained_vertical_lift_type=no_sustained_motion
trace_chocolate_pudding_s44_w0_10_s20d_clean_seed0_job330155,chocolate_pudding,44,205,10,0,0,92,3.8,1.5,1.0,0.5,0.5,0.3,0.000774,0.000848,-7.4e-05,1,1,1,0.00027362,3,1,,1,0.023272,1,0.003032,4,1,no_sustained_vertical_lift_type=sustained_horizontal_transport
trace_chocolate_pudding_s44_w0_10_s20d_clean_seed0_job330155,chocolate_pudding,44,210,11,0,0,97,3.3,1.5,1.0,0.5,0.0,0.3,0.007258,0.003834,0.003424,1,1,1,0.00069018,5,1,,1,0.023659,1,0.0,5,1,no_sustained_vertical_lift_type=sustained_horizontal_transport
trace_chocolate_pudding_s44_w0_10_s20d_clean_seed0_job330155,chocolate_pudding,44,215,12,0,0,102,3.8,1.5,1.0,0.5,0.5,0.3,0.001124,0.007429,-0.006305,1,1,1,0.00031401,5,1,,1,0.023739,1,0.000912,4,1,no_sustained_vertical_lift_type=sustained_horizontal_transport
trace_chocolate_pudding_s45_w0_10_s20d_clean_seed0_job330156,chocolate_pudding,45,47,0,0,1,,3.3,1.5,1.0,0.5,0.0,0.3,0.02504,0.028447,-0.003407,1,1,1,-8.797e-05,,1,,1,0.036061,1,0.058452,6,1,
trace_chocolate_pudding_s45_w0_10_s20d_clean_seed0_job330156,chocolate_pudding,45,49,1,0,1,,3.3,1.5,1.0,0.5,0.0,0.3,0.019463,0.022047,-0.002584,1,1,1,-4.455e-05,2,1,,1,0.024933,1,0.08121,8,1,
trace_chocolate_pudding_s45_w0_10_s20d_clean_seed0_job330156,chocolate_pudding,45,126,2,0,0,,3.8,1.5,1.0,0.5,0.5,0.3,0.0077,0.016357,-0.008657,1,1,1,0.00031736,77,1,,1,0.022343,1,0.000133,12,1,no_sustained_vertical_lift_type=sustained_horizontal_transport
trace_chocolate_pudding_s45_w0_10_s20d_clean_seed0_job330156,chocolate_pudding,45,129,3,0,0,,3.3,1.5,1.0,0.5,0.0,0.3,0.005778,0.005227,0.000551,1,1,1,8.275e-05,3,1,,1,0.02235,1,0.0,10,1,no_sustained_vertical_lift_type=sustained_horizontal_transport
trace_chocolate_pudding_s45_w0_10_s20d_clean_seed0_job330156,chocolate_pudding,45,132,4,0,0,,3.3,1.5,1.0,0.5,0.0,0.3,0.008552,0.005327,0.003225,1,1,1,-2.884e-05,3,1,,1,0.022354,1,0.0,12,1,no_sustained_vertical_lift_type=sustained_horizontal_transport
trace_chocolate_pudding_s45_w0_10_s20d_clean_seed0_job330156,chocolate_pudding,45,134,5,0,0,,3.8,1.5,1.0,0.5,0.5,0.3,0.008665,0.010588,-0.001923,1,1,1,-3.049e-05,2,1,,1,0.022357,1,0.0,12,1,no_sustained_vertical_lift_type=sustained_horizontal_transport
trace_chocolate_pudding_s45_w0_10_s20d_clean_seed0_job330156,chocolate_pudding,45,137,6,0,0,,3.8,1.5,1.0,0.5,0.5,0.3,0.00766,0.009305,-0.001645,1,1,1,-3.43e-05,3,1,,1,0.022362,1,0.0,12,1,no_sustained_vertical_lift_type=sustained_horizontal_transport
trace_chocolate_pudding_s45_w0_10_s20d_clean_seed0_job330156,chocolate_pudding,45,139,7,0,0,,3.8,1.5,1.0,0.5,0.5,0.3,0.006068,0.00661,-0.000542,1,1,1,-3.182e-05,2,1,,1,0.022364,1,0.0,12,1,no_sustained_vertical_lift_type=sustained_horizontal_transport
trace_chocolate_pudding_s45_w0_10_s20d_clean_seed0_job330156,chocolate_pudding,45,143,8,0,0,,3.8,1.5,1.0,0.5,0.5,0.3,0.005885,0.007511,-0.001626,1,1,1,-3.249e-05,4,1,,1,0.022369,1,0.0,0,1,no_sustained_vertical_lift_type=no_sustained_motion
trace_chocolate_pudding_s45_w0_10_s20d_clean_seed0_job330156,chocolate_pudding,45,160,9,0,0,,3.0,1.5,1.0,0.0,0.5,0.0,0.000808,0.001657,-0.000849,1,1,1,0.01033131,17,1,,1,0.022242,1,0.0,0,1,no_sustained_vertical_lift_type=no_sustained_motion
trace_chocolate_pudding_s45_w0_10_s20d_clean_seed0_job330156,chocolate_pudding,45,208,10,0,0,,2.8,1.5,1.0,0.0,0.0,0.3,0.001605,0.00019,0.001415,1,1,1,0.00798507,48,1,,1,0.021816,1,0.000567,0,1,no_sustained_vertical_lift_type=no_sustained_motion
trace_chocolate_pudding_s45_w0_10_s20d_clean_seed0_job330156,chocolate_pudding,45,212,11,0,0,,2.8,1.5,1.0,0.0,0.0,0.3,0.001419,0.001006,0.000413,1,1,1,0.00675913,4,1,,1,0.02171,1,0.0,0,1,no_sustained_vertical_lift_type=no_sustained_motion
trace_chocolate_pudding_s46_w0_10_s20d_clean_seed0_job330157,chocolate_pudding,46,45,0,1,1,0,3.3,1.5,1.0,0.5,0.0,0.3,0.037685,0.039711,-0.002026,1,1,1,-7.509e-05,,1,,1,0.025514,1,0.066462,8,1,
trace_chocolate_pudding_s46_w0_10_s20d_clean_seed0_job330157,chocolate_pudding,46,121,1,0,0,76,3.8,1.5,1.0,0.5,0.5,0.3,0.005485,0.012668,-0.007183,1,1,1,0.00032946,76,1,,1,0.010274,1,0.001149,0,1,no_sustained_vertical_lift_type=no_sustained_motion
trace_chocolate_pudding_s46_w0_10_s20d_clean_seed0_job330157,chocolate_pudding,46,124,2,0,0,79,3.3,1.5,1.0,0.5,0.0,0.3,0.002521,0.002431,9e-05,1,1,1,9.289e-05,3,1,,1,0.010272,1,0.003012,0,1,no_sustained_vertical_lift_type=no_sustained_motion
trace_chocolate_pudding_s46_w0_10_s20d_clean_seed0_job330157,chocolate_pudding,46,127,3,0,0,82,3.3,1.5,1.0,0.5,0.0,0.3,0.003851,0.003071,0.00078,1,1,1,-2.493e-05,3,1,,1,0.010272,1,0.0,0,1,no_sustained_vertical_lift_type=no_sustained_motion
trace_chocolate_pudding_s47_w0_10_s20d_clean_seed0_job330158,chocolate_pudding,47,59,0,0,1,,3.3,1.5,1.0,0.5,0.0,0.3,0.03128,0.03348,-0.0022,1,1,1,-0.0011952,,1,,1,0.005797,1,0.009459,2,1,
trace_chocolate_pudding_s47_w0_10_s20d_clean_seed0_job330158,chocolate_pudding,47,142,1,0,0,,3.3,1.5,1.0,0.5,0.0,0.3,0.020072,0.025176,-0.005104,1,1,1,-0.00312393,83,1,,1,0.002718,1,0.0,0,1,no_sustained_vertical_lift_type=no_sustained_motion
trace_chocolate_pudding_s47_w0_10_s20d_clean_seed0_job330158,chocolate_pudding,47,211,2,0,1,,3.3,1.5,1.0,0.5,0.0,0.3,0.001495,0.000621,0.000874,1,1,1,-0.00313714,69,1,,1,0.002724,1,0.015124,5,1,
trace_chocolate_pudding_s48_w0_10_s20d_clean_seed0_job330159,chocolate_pudding,48,46,0,0,0,,3.3,1.5,1.0,0.5,0.0,0.3,0.03402,0.035439,-0.001419,1,1,1,-8.181e-05,,1,,1,0.036058,1,0.002217,0,1,no_sustained_vertical_lift_type=no_sustained_motion
trace_chocolate_pudding_s48_w0_10_s20d_clean_seed0_job330159,chocolate_pudding,48,51,1,0,1,,3.3,1.5,1.0,0.5,0.0,0.3,0.016206,0.024301,-0.008095,1,1,1,-0.00372996,5,1,,1,0.012356,1,0.010876,4,1,
trace_chocolate_pudding_s48_w0_10_s20d_clean_seed0_job330159,chocolate_pudding,48,53,2,0,1,,3.8,1.5,1.0,0.5,0.5,0.3,0.001946,0.007643,-0.005697,1,1,1,-0.00374454,2,1,,1,0.01233,1,0.010876,6,1,
trace_chocolate_pudding_s48_w0_10_s20d_clean_seed0_job330159,chocolate_pudding,48,64,3,0,0,,3.8,1.5,1.0,0.5,0.5,0.3,0.009375,0.009851,-0.000476,1,1,1,-0.00256933,11,1,,1,0.007627,1,0.004736,12,1,no_sustained_vertical_lift_type=sustained_horizontal_transport
trace_chocolate_pudding_s48_w0_10_s20d_clean_seed0_job330159,chocolate_pudding,48,67,4,0,1,,3.8,1.5,1.0,0.5,0.5,0.3,0.007192,0.008193,-0.001001,1,1,1,-0.00216552,3,1,,1,0.007593,1,0.006745,7,1,
trace_chocolate_pudding_s48_w0_10_s20d_clean_seed0_job330159,chocolate_pudding,48,70,5,0,1,,3.3,1.5,1.0,0.5,0.0,0.3,0.006196,0.005942,0.000254,1,1,1,-0.00205173,3,1,,1,0.007581,1,0.012,11,1,
trace_chocolate_pudding_s49_w0_10_s20d_clean_seed0_job330160,chocolate_pudding,49,50,0,0,0,-16,3.3,1.5,1.0,0.5,0.0,0.3,0.032633,0.035096,-0.002463,1,1,1,-5.729e-05,,1,,1,0.049372,1,0.000173,8,1,no_sustained_vertical_lift_type=sustained_horizontal_transport
trace_chocolate_pudding_s49_w0_10_s20d_clean_seed0_job330160,chocolate_pudding,49,52,1,0,0,-14,3.3,1.5,1.0,0.5,0.0,0.3,0.027249,0.02999,-0.002741,1,1,1,1.102e-05,2,1,,1,0.034434,1,0.000173,10,1,no_sustained_vertical_lift_type=sustained_horizontal_transport
trace_chocolate_pudding_s49_w0_10_s20d_clean_seed0_job330160,chocolate_pudding,49,61,2,0,0,-5,3.3,1.5,1.0,0.5,0.0,0.3,0.005184,0.004807,0.000377,1,1,1,0.00246909,9,1,,1,0.023448,1,0.003888,10,1,no_sustained_vertical_lift_type=sustained_horizontal_transport
trace_chocolate_pudding_s49_w0_10_s20d_clean_seed0_job330160,chocolate_pudding,49,66,3,1,1,0,3.8,1.5,1.0,0.5,0.5,0.3,0.002564,0.003419,-0.000855,1,1,1,0.00229326,5,1,,1,0.023012,1,0.005893,2,1,
trace_cream_cheese_s10_w0_10_s20d_clean_seed0_job330161,cream_cheese,10,90,0,1,1,0,3.3,1.5,1.0,0.5,0.0,0.3,0.020588,0.022864,-0.002276,1,1,1,-2.12e-05,,1,,1,0.022987,1,0.023975,5,1,
trace_cream_cheese_s10_w0_10_s20d_clean_seed0_job330161,cream_cheese,10,150,1,0,0,60,3.3,1.5,1.0,0.5,0.0,0.3,0.013835,0.020567,-0.006732,1,1,1,-0.00022847,60,1,,1,0.015123,1,0.0,3,1,no_sustained_vertical_lift_type=sustained_horizontal_transport
trace_cream_cheese_s10_w0_10_s20d_clean_seed0_job330161,cream_cheese,10,157,2,0,0,67,3.3,1.5,1.0,0.5,0.0,0.3,0.010644,0.005508,0.005136,1,1,1,-7.313e-05,7,1,,1,0.015113,1,0.0,5,1,no_sustained_vertical_lift_type=sustained_horizontal_transport
trace_cream_cheese_s10_w0_10_s20d_clean_seed0_job330161,cream_cheese,10,161,3,0,0,71,3.8,1.5,1.0,0.5,0.5,0.3,0.005183,0.00807,-0.002887,1,1,1,-4.399e-05,4,1,,1,0.015107,1,0.0,0,1,no_sustained_vertical_lift_type=no_sustained_motion
trace_cream_cheese_s11_w0_10_s20d_clean_seed0_job330162,cream_cheese,11,56,0,0,1,,3.3,1.5,1.0,0.5,0.0,0.3,0.022339,0.023624,-0.001285,1,1,1,-3.617e-05,,1,,1,0.017025,1,0.022593,4,1,
trace_cream_cheese_s11_w0_10_s20d_clean_seed0_job330162,cream_cheese,11,123,1,0,0,,3.3,1.5,1.0,0.5,0.0,0.3,0.016523,0.010445,0.006078,1,1,1,0.00176582,67,1,,1,0.013875,1,0.000418,2,1,no_sustained_vertical_lift_type=sustained_horizontal_transport
trace_cream_cheese_s11_w0_10_s20d_clean_seed0_job330162,cream_cheese,11,128,2,0,0,,3.8,1.5,1.0,0.5,0.5,0.3,0.002053,0.009443,-0.00739,1,1,1,0.00057934,5,1,,1,0.013857,1,0.000466,0,1,no_sustained_vertical_lift_type=no_sustained_motion
trace_cream_cheese_s11_w0_10_s20d_clean_seed0_job330162,cream_cheese,11,132,3,0,0,,3.3,1.5,1.0,0.5,0.0,0.3,0.008992,0.008147,0.000845,1,1,1,0.00017501,4,1,,1,0.01386,1,0.0,0,1,no_sustained_vertical_lift_type=no_sustained_motion
trace_cream_cheese_s11_w0_10_s20d_clean_seed0_job330162,cream_cheese,11,137,4,0,0,,3.8,1.5,1.0,0.5,0.5,0.3,0.002058,0.008035,-0.005977,1,1,1,9.588e-05,5,1,,1,0.013864,1,1.1e-05,2,1,no_sustained_vertical_lift_type=sustained_horizontal_transport
trace_cream_cheese_s11_w0_10_s20d_clean_seed0_job330162,cream_cheese,11,140,5,0,0,,3.3,1.5,1.0,0.5,0.0,0.3,0.001816,0.001287,0.000529,1,1,1,4.568e-05,3,1,,1,0.013866,1,0.000779,0,1,no_sustained_vertical_lift_type=no_sustained_motion
trace_cream_cheese_s11_w0_10_s20d_clean_seed0_job330162,cream_cheese,11,143,6,0,0,,3.3,1.5,1.0,0.5,0.0,0.3,0.002769,0.002714,5.5e-05,1,1,1,4.621e-05,3,1,,1,0.013867,1,0.004433,0,1,no_sustained_vertical_lift_type=no_sustained_motion
trace_cream_cheese_s11_w0_10_s20d_clean_seed0_job330162,cream_cheese,11,146,7,0,1,,3.3,1.5,1.0,0.5,0.0,0.3,0.003263,0.001654,0.001609,1,1,1,3.252e-05,3,1,,1,0.01387,1,0.012747,2,1,
trace_cream_cheese_s11_w0_10_s20d_clean_seed0_job330162,cream_cheese,11,154,8,0,1,,3.3,1.5,1.0,0.5,0.0,0.3,0.008659,0.001853,0.006806,1,1,1,4.974e-05,8,1,,1,0.013882,1,0.016916,4,1,
trace_cream_cheese_s11_w0_10_s20d_clean_seed0_job330162,cream_cheese,11,160,9,0,0,,3.3,1.5,1.0,0.5,0.0,0.3,0.012279,0.01028,0.001999,1,1,1,-1.4e-06,6,1,,1,0.013989,1,0.0,0,1,no_sustained_vertical_lift_type=no_sustained_motion
trace_cream_cheese_s12_w0_10_s20d_clean_seed0_job330163,cream_cheese,12,66,0,0,0,-33,3.3,1.5,1.0,0.5,0.0,0.3,0.027282,0.028185,-0.000903,1,1,1,-6.792e-05,,1,,1,0.047292,1,0.0,0,1,no_sustained_vertical_lift_type=no_sustained_motion
trace_cream_cheese_s12_w0_10_s20d_clean_seed0_job330163,cream_cheese,12,68,1,0,0,-31,3.3,1.5,1.0,0.5,0.0,0.3,0.025157,0.02656,-0.001403,1,1,1,-3.275e-05,2,1,,1,0.031184,1,0.0,0,1,no_sustained_vertical_lift_type=no_sustained_motion
trace_cream_cheese_s12_w0_10_s20d_clean_seed0_job330163,cream_cheese,12,85,2,0,0,-14,3.3,1.5,1.0,0.5,0.0,0.3,0.017233,0.017707,-0.000474,1,1,1,-7.444e-05,17,1,,1,0.08641,1,0.0,0,1,eef_not_near_object_dist=0.0864
trace_cream_cheese_s12_w0_10_s20d_clean_seed0_job330163,cream_cheese,12,99,3,1,1,0,3.3,1.5,1.0,0.5,0.0,0.3,0.024152,0.02502,-0.000868,1,1,1,-0.00010189,14,1,,1,0.015553,1,0.06489,7,1,
trace_cream_cheese_s13_w0_10_s20d_clean_seed0_job330164,cream_cheese,13,54,0,1,1,0,3.3,1.5,1.0,0.5,0.0,0.3,0.021462,0.022571,-0.001109,1,1,1,-1.192e-05,,1,,1,0.017168,1,0.062854,7,1,
trace_cream_cheese_s13_w0_10_s20d_clean_seed0_job330164,cream_cheese,13,109,1,0,0,55,3.3,1.5,1.0,0.5,0.0,0.3,0.010007,0.015877,-0.00587,1,1,1,0.00274699,55,1,,1,0.002336,1,0.0,12,1,no_sustained_vertical_lift_type=sustained_horizontal_transport
trace_cream_cheese_s13_w0_10_s20d_clean_seed0_job330164,cream_cheese,13,124,2,0,0,70,3.8,1.5,1.0,0.5,0.5,0.3,0.002195,0.002879,-0.000684,1,1,1,0.00225485,15,1,,1,0.002199,1,0.010406,2,1,no_sustained_vertical_lift_type=sustained_horizontal_transport
trace_cream_cheese_s13_w0_10_s20d_clean_seed0_job330164,cream_cheese,13,131,3,0,0,77,3.3,1.5,1.0,0.5,0.0,0.3,0.017756,0.011507,0.006249,1,1,1,0.00036638,7,1,,1,0.021471,1,0.0,0,1,no_sustained_vertical_lift_type=no_sustained_motion
trace_cream_cheese_s14_w0_10_s20d_clean_seed0_job330165,cream_cheese,14,113,0,0,0,,3.8,1.5,1.0,0.5,0.5,0.3,1.8e-05,2.1e-05,-3e-06,1,1,1,-0.00094339,,1,,1,0.053093,1,0.0,0,1,no_sustained_vertical_lift_type=no_sustained_motion
trace_cream_cheese_s14_w0_10_s20d_clean_seed0_job330165,cream_cheese,14,115,1,0,0,,3.8,1.5,1.0,0.5,0.5,0.3,1.7e-05,1.7e-05,0.0,1,1,1,-0.0009419,2,1,,1,0.053082,1,0.0,0,1,no_sustained_vertical_lift_type=no_sustained_motion
trace_cream_cheese_s14_w0_10_s20d_clean_seed0_job330165,cream_cheese,14,256,2,0,0,,3.3,1.5,1.0,0.5,0.0,0.3,1.7e-05,1.6e-05,1e-06,1,1,1,-0.00113918,141,1,,1,0.052256,1,0.0,0,1,no_sustained_vertical_lift_type=no_sustained_motion
trace_cream_cheese_s14_w0_10_s20d_clean_seed0_job330165,cream_cheese,14,262,3,0,0,,3.8,1.5,1.0,0.5,0.5,0.3,0.000273,0.000287,-1.4e-05,1,1,1,-0.00188569,6,1,,1,0.052011,1,0.0,0,1,no_sustained_vertical_lift_type=no_sustained_motion
trace_cream_cheese_s14_w0_10_s20d_clean_seed0_job330165,cream_cheese,14,270,4,0,0,,3.8,1.5,1.0,0.5,0.5,0.3,0.000156,0.00026,-0.000104,1,1,1,-0.00211531,8,1,,1,0.051939,1,0.0,0,1,no_sustained_vertical_lift_type=no_sustained_motion
trace_cream_cheese_s14_w0_10_s20d_clean_seed0_job330165,cream_cheese,14,272,5,0,0,,3.8,1.5,1.0,0.5,0.5,0.3,0.000136,0.000177,-4.1e-05,1,1,1,-0.00191798,2,1,,1,0.05193,1,0.0,0,1,no_sustained_vertical_lift_type=no_sustained_motion
trace_cream_cheese_s14_w0_10_s20d_clean_seed0_job330165,cream_cheese,14,275,6,0,0,,3.3,1.5,1.0,0.5,0.0,0.3,0.000198,6.2e-05,0.000136,1,1,1,-0.00228898,3,1,,1,0.051892,1,0.0,0,1,no_sustained_vertical_lift_type=no_sustained_motion
trace_cream_cheese_s15_w0_10_s20d_clean_seed0_job330166,cream_cheese,15,42,0,1,1,0,3.3,1.5,1.0,0.5,0.0,0.3,0.022842,0.02488,-0.002038,1,1,1,-2.307e-05,,1,,1,0.028735,1,0.082869,8,1,
trace_cream_cheese_s15_w0_10_s20d_clean_seed0_job330166,cream_cheese,15,103,1,0,0,61,3.8,1.5,1.0,0.5,0.5,0.3,0.001195,0.003799,-0.002604,1,1,1,2.046e-05,61,1,,1,0.021933,1,0.000201,0,1,no_sustained_vertical_lift_type=no_sustained_motion
trace_cream_cheese_s15_w0_10_s20d_clean_seed0_job330166,cream_cheese,15,109,2,0,0,67,3.8,1.5,1.0,0.5,0.5,0.3,0.001018,0.001078,-6e-05,1,1,1,2.711e-05,6,1,,1,0.021938,1,0.001158,0,1,no_sustained_vertical_lift_type=no_sustained_motion
trace_cream_cheese_s16_w0_10_s20d_clean_seed0_job330167,cream_cheese,16,16,0,0,0,,3.3,1.5,1.0,0.5,0.0,0.3,0.000881,0.000856,2.5e-05,1,1,1,4.3e-06,,1,,1,0.343331,1,0.0,0,1,eef_not_near_object_dist=0.3433
trace_cream_cheese_s16_w0_10_s20d_clean_seed0_job330167,cream_cheese,16,20,1,0,0,,3.3,1.5,1.0,0.5,0.0,0.3,0.005932,0.003009,0.002923,1,1,1,-1.043e-05,4,1,,1,0.345889,1,0.0,0,1,eef_not_near_object_dist=0.3459
trace_cream_cheese_s16_w0_10_s20d_clean_seed0_job330167,cream_cheese,16,22,2,0,0,,3.3,1.5,1.0,0.5,0.0,0.3,0.011683,0.010258,0.001425,1,1,1,-1.523e-05,2,1,,1,0.3509,1,0.0,0,1,eef_not_near_object_dist=0.3509
trace_cream_cheese_s16_w0_10_s20d_clean_seed0_job330167,cream_cheese,16,33,3,0,0,,3.3,1.5,1.0,0.5,0.0,0.3,0.011598,0.010718,0.00088,1,1,1,-9.633e-05,11,1,,1,0.334173,1,0.0,0,1,eef_not_near_object_dist=0.3342
trace_cream_cheese_s16_w0_10_s20d_clean_seed0_job330167,cream_cheese,16,38,4,0,0,,3.3,1.5,1.0,0.5,0.0,0.3,0.0192,0.016408,0.002792,1,1,1,-0.00019028,5,1,,1,0.322466,1,0.0,0,1,eef_not_near_object_dist=0.3225
trace_cream_cheese_s16_w0_10_s20d_clean_seed0_job330167,cream_cheese,16,41,5,0,0,,3.3,1.5,1.0,0.5,0.0,0.3,0.016166,0.015934,0.000232,1,1,1,-0.00019147,3,1,,1,0.319028,1,0.0,0,1,eef_not_near_object_dist=0.3190
trace_cream_cheese_s16_w0_10_s20d_clean_seed0_job330167,cream_cheese,16,106,6,0,0,,3.3,1.5,1.0,0.5,0.0,0.3,0.004797,0.002402,0.002395,1,1,1,-7.963e-05,65,1,,1,0.075504,1,0.0,0,0,no_sustained_vertical_lift_type=no_sustained_motion
trace_cream_cheese_s16_w0_10_s20d_clean_seed0_job330167,cream_cheese,16,109,7,0,0,,3.8,1.5,1.0,0.5,0.5,0.3,0.002313,0.003536,-0.001223,1,1,1,-0.00014627,3,1,,1,0.07498,1,0.0,0,0,no_sustained_vertical_lift_type=no_sustained_motion
trace_cream_cheese_s16_w0_10_s20d_clean_seed0_job330167,cream_cheese,16,138,8,0,0,,3.3,1.5,1.0,0.5,0.0,0.3,0.015989,0.016038,-4.9e-05,1,1,1,-0.00017835,29,1,,1,0.177722,1,0.0,0,1,eef_not_near_object_dist=0.1777
trace_cream_cheese_s17_w0_10_s20d_clean_seed0_job330168,cream_cheese,17,62,0,0,1,,3.3,1.5,1.0,0.5,0.0,0.3,0.028644,0.026227,0.002417,1,1,1,-0.00010077,,1,,1,0.011579,1,0.056627,7,1,
trace_cream_cheese_s17_w0_10_s20d_clean_seed0_job330168,cream_cheese,17,114,1,0,1,,3.8,1.5,1.0,0.5,0.5,0.3,0.009675,0.018219,-0.008544,1,1,1,-0.00062457,52,1,,1,0.00363,1,0.018641,6,1,
trace_cream_cheese_s17_w0_10_s20d_clean_seed0_job330168,cream_cheese,17,117,2,0,1,,3.3,1.5,1.0,0.5,0.0,0.3,0.008614,0.008611,3e-06,1,1,1,-0.00032591,3,1,,1,0.00363,1,0.012285,2,1,
trace_cream_cheese_s17_w0_10_s20d_clean_seed0_job330168,cream_cheese,17,121,3,0,0,,3.3,1.5,1.0,0.5,0.0,0.3,0.012151,0.006917,0.005234,1,1,1,-0.00018874,4,1,,1,0.003741,1,0.0,0,1,no_sustained_vertical_lift_type=no_sustained_motion
trace_cream_cheese_s18_w0_10_s20d_clean_seed0_job330169,cream_cheese,18,64,0,1,1,0,3.8,1.5,1.0,0.5,0.5,0.3,0.007002,0.015069,-0.008067,1,1,1,-0.00054305,,1,,1,0.016936,1,0.070713,7,1,
trace_cream_cheese_s18_w0_10_s20d_clean_seed0_job330169,cream_cheese,18,126,1,0,0,62,3.3,1.5,1.0,0.5,0.0,0.3,0.017426,0.024014,-0.006588,1,1,1,-0.0031231,62,1,,1,0.005101,1,0.0,8,1,no_sustained_vertical_lift_type=sustained_horizontal_transport
trace_cream_cheese_s18_w0_10_s20d_clean_seed0_job330169,cream_cheese,18,131,2,0,0,67,3.3,1.5,1.0,0.5,0.0,0.3,0.005684,0.005232,0.000452,1,1,1,-0.00205928,5,1,,1,0.004967,1,0.001142,12,1,no_sustained_vertical_lift_type=sustained_horizontal_transport
trace_cream_cheese_s18_w0_10_s20d_clean_seed0_job330169,cream_cheese,18,137,3,0,0,73,3.3,1.5,1.0,0.5,0.0,0.3,0.005787,0.005659,0.000128,1,1,1,-0.00093592,6,1,,1,0.004888,1,0.000173,0,1,no_sustained_vertical_lift_type=no_sustained_motion
trace_cream_cheese_s18_w0_10_s20d_clean_seed0_job330169,cream_cheese,18,141,4,0,0,77,3.8,1.5,1.0,0.5,0.5,0.3,0.004076,0.005203,-0.001127,1,1,1,-0.00046331,4,1,,1,0.004872,1,0.0,0,1,no_sustained_vertical_lift_type=no_sustained_motion
trace_cream_cheese_s19_w0_10_s20d_clean_seed0_job330170,cream_cheese,19,50,0,0,1,,3.3,1.5,1.0,0.5,0.0,0.3,0.026617,0.027655,-0.001038,1,1,1,-6.356e-05,,1,,1,0.02026,1,0.04092,5,1,
trace_cream_cheese_s19_w0_10_s20d_clean_seed0_job330170,cream_cheese,19,52,1,0,1,,3.3,1.5,1.0,0.5,0.0,0.3,0.02381,0.025452,-0.001642,1,1,1,-6.609e-05,2,1,,1,0.013656,1,0.064162,7,1,
trace_cream_cheese_s19_w0_10_s20d_clean_seed0_job330170,cream_cheese,19,111,2,0,0,,3.8,1.5,1.0,0.5,0.5,0.3,0.004315,0.00864,-0.004325,1,1,1,-0.00111766,59,1,,1,0.009582,1,0.0,3,1,no_sustained_vertical_lift_type=sustained_horizontal_transport
trace_cream_cheese_s19_w0_10_s20d_clean_seed0_job330170,cream_cheese,19,115,3,0,0,,3.8,1.5,1.0,0.5,0.5,0.3,0.003126,0.005814,-0.002688,1,1,1,-0.00042566,4,1,,1,0.009571,1,0.000294,0,1,no_sustained_vertical_lift_type=no_sustained_motion
trace_cream_cheese_s19_w0_10_s20d_clean_seed0_job330170,cream_cheese,19,119,4,0,0,,3.3,1.5,1.0,0.5,0.0,0.3,0.004763,0.002953,0.00181,1,1,1,-0.0001523,4,1,,1,0.024073,1,0.0,0,1,no_sustained_vertical_lift_type=no_sustained_motion
trace_cream_cheese_s20_w0_10_s20d_clean_seed0_job330171,cream_cheese,20,54,0,0,0,,3.3,1.5,1.0,0.5,0.0,0.3,0.017141,0.019434,-0.002293,1,1,1,-6.891e-05,,1,,1,0.035308,1,0.0,0,1,no_sustained_vertical_lift_type=no_sustained_motion
trace_cream_cheese_s20_w0_10_s20d_clean_seed0_job330171,cream_cheese,20,62,1,0,0,,3.8,1.5,1.0,0.5,0.5,0.3,0.002068,0.004596,-0.002528,1,1,1,-0.00135234,8,1,,1,0.002919,1,0.001633,2,1,no_sustained_vertical_lift_type=sustained_horizontal_transport
trace_cream_cheese_s20_w0_10_s20d_clean_seed0_job330171,cream_cheese,20,64,2,0,0,,3.8,1.5,1.0,0.5,0.5,0.3,0.001043,0.001409,-0.000366,1,1,1,-0.00202832,2,1,,1,0.003097,1,0.007961,2,1,no_sustained_vertical_lift_type=sustained_horizontal_transport
trace_cream_cheese_s20_w0_10_s20d_clean_seed0_job330171,cream_cheese,20,66,3,0,1,,3.8,1.5,1.0,0.5,0.5,0.3,0.000479,0.000634,-0.000155,1,1,1,-0.0024621,2,1,,1,0.003125,1,0.014778,3,1,
trace_cream_cheese_s20_w0_10_s20d_clean_seed0_job330171,cream_cheese,20,68,4,0,1,,3.8,1.5,1.0,0.5,0.5,0.3,0.00022,0.000297,-7.7e-05,1,1,1,-0.0026806,2,1,,1,0.003078,1,0.028805,5,1,
trace_cream_cheese_s20_w0_10_s20d_clean_seed0_job330171,cream_cheese,20,133,5,0,0,,3.3,1.5,1.0,0.5,0.0,0.3,0.024118,0.029796,-0.005678,1,1,1,-0.00279356,65,1,,1,0.003142,1,0.001529,9,1,no_sustained_vertical_lift_type=sustained_horizontal_transport
trace_cream_cheese_s20_w0_10_s20d_clean_seed0_job330171,cream_cheese,20,138,6,0,0,,3.8,1.5,1.0,0.5,0.5,0.3,0.00326,0.005085,-0.001825,1,1,1,-0.0020735,5,1,,1,0.002998,1,0.007135,6,1,no_sustained_vertical_lift_type=sustained_horizontal_transport
trace_cream_cheese_s20_w0_10_s20d_clean_seed0_job330171,cream_cheese,20,140,7,0,0,,3.3,1.5,1.0,0.5,0.0,0.3,0.004182,0.003756,0.000426,1,1,1,-0.0015582,2,1,,1,0.002929,1,0.006654,4,1,no_sustained_vertical_lift_type=sustained_horizontal_transport
trace_cream_cheese_s20_w0_10_s20d_clean_seed0_job330171,cream_cheese,20,144,8,0,0,,3.3,1.5,1.0,0.5,0.0,0.3,0.004284,0.002938,0.001346,1,1,1,-0.00095194,4,1,,1,0.002867,1,0.002797,3,1,no_sustained_vertical_lift_type=sustained_horizontal_transport
trace_cream_cheese_s21_w0_10_s20d_clean_seed0_job330172,cream_cheese,21,12,0,0,0,,3.8,1.5,1.0,0.5,0.5,0.3,0.002645,0.004772,-0.002127,1,1,1,-9.11e-06,,1,,1,0.33916,1,0.0,0,1,eef_not_near_object_dist=0.3392
trace_cream_cheese_s21_w0_10_s20d_clean_seed0_job330172,cream_cheese,21,22,1,0,0,,3.3,1.5,1.0,0.5,0.0,0.3,0.005677,0.005612,6.5e-05,1,1,1,-3.851e-05,10,1,,1,0.332249,1,0.0,0,1,eef_not_near_object_dist=0.3322
trace_cream_cheese_s21_w0_10_s20d_clean_seed0_job330172,cream_cheese,21,84,2,0,0,,3.8,1.5,1.0,0.5,0.5,0.3,0.004993,0.005875,-0.000882,1,1,1,-6.878e-05,62,1,,1,0.038734,1,0.0,0,1,no_sustained_vertical_lift_type=no_sustained_motion
trace_cream_cheese_s21_w0_10_s20d_clean_seed0_job330172,cream_cheese,21,89,3,0,0,,3.3,1.5,1.0,0.5,0.0,0.3,0.006915,0.004816,0.002099,1,1,1,-5.613e-05,5,1,,1,0.034905,1,0.0,0,1,no_sustained_vertical_lift_type=no_sustained_motion
trace_cream_cheese_s21_w0_10_s20d_clean_seed0_job330172,cream_cheese,21,105,4,0,0,,3.3,1.5,1.0,0.5,0.0,0.3,0.01867,0.01952,-0.00085,1,1,1,-0.0001173,16,1,,1,0.081002,1,0.0,0,1,eef_not_near_object_dist=0.0810
trace_cream_cheese_s21_w0_10_s20d_clean_seed0_job330172,cream_cheese,21,109,5,0,0,,3.8,1.5,1.0,0.5,0.5,0.3,0.007118,0.012419,-0.005301,1,1,1,-0.00010945,4,1,,1,0.094227,1,0.0,0,1,eef_not_near_object_dist=0.0942
trace_cream_cheese_s21_w0_10_s20d_clean_seed0_job330172,cream_cheese,21,111,6,0,0,,3.3,1.5,1.0,0.5,0.0,0.3,0.006935,0.004779,0.002156,1,1,1,-0.00012733,2,1,,1,0.099573,1,0.0,0,1,eef_not_near_object_dist=0.0996
trace_cream_cheese_s21_w0_10_s20d_clean_seed0_job330172,cream_cheese,21,126,7,0,0,,3.3,1.5,1.0,0.5,0.0,0.3,0.015114,0.028224,-0.01311,1,1,1,-0.00015551,15,1,,1,0.218287,1,0.0,0,1,eef_not_near_object_dist=0.2183
trace_cream_cheese_s21_w0_10_s20d_clean_seed0_job330172,cream_cheese,21,130,8,0,0,,3.3,1.5,1.0,0.5,0.0,0.3,0.00698,0.006518,0.000462,1,1,1,-0.00015747,4,1,,1,0.214612,1,0.0,0,1,eef_not_near_object_dist=0.2146
trace_cream_cheese_s21_w0_10_s20d_clean_seed0_job330172,cream_cheese,21,135,9,0,0,,3.3,1.5,1.0,0.5,0.0,0.3,0.012032,0.012844,-0.000812,1,1,1,-0.00014737,5,1,,1,0.229253,1,0.0,0,1,eef_not_near_object_dist=0.2293
trace_cream_cheese_s21_w0_10_s20d_clean_seed0_job330172,cream_cheese,21,142,10,0,0,,3.3,1.5,1.0,0.5,0.0,0.3,0.013289,0.013433,-0.000144,1,1,1,-0.00012441,7,1,,1,0.249922,1,0.0,0,1,eef_not_near_object_dist=0.2499
trace_cream_cheese_s21_w0_10_s20d_clean_seed0_job330172,cream_cheese,21,189,11,0,0,,3.8,1.5,1.0,0.5,0.5,0.3,0.001766,0.001836,-7e-05,1,1,1,4.4e-06,47,1,,1,0.083529,1,0.0,0,1,eef_not_near_object_dist=0.0835
trace_cream_cheese_s21_w0_10_s20d_clean_seed0_job330172,cream_cheese,21,194,12,0,0,,3.3,1.5,1.0,0.5,0.0,0.3,0.004008,0.003236,0.000772,1,1,1,-3.702e-05,5,1,,1,0.080165,1,0.0,0,1,eef_not_near_object_dist=0.0802
trace_cream_cheese_s21_w0_10_s20d_clean_seed0_job330172,cream_cheese,21,211,13,0,0,,3.3,1.5,1.0,0.5,0.0,0.3,0.016045,0.018291,-0.002246,1,1,1,-0.00012083,17,1,,1,0.123904,1,0.0,0,1,eef_not_near_object_dist=0.1239
trace_cream_cheese_s21_w0_10_s20d_clean_seed0_job330172,cream_cheese,21,213,14,0,0,,3.3,1.5,1.0,0.5,0.0,0.3,0.012927,0.013003,-7.6e-05,1,1,1,-0.00012544,2,1,,1,0.131481,1,0.0,0,1,eef_not_near_object_dist=0.1315
trace_cream_cheese_s21_w0_10_s20d_clean_seed0_job330172,cream_cheese,21,228,15,0,0,,3.8,1.5,1.0,0.5,0.5,0.3,0.008153,0.02357,-0.015417,1,1,1,-0.00011129,15,1,,1,0.210252,1,0.0,0,1,eef_not_near_object_dist=0.2103
trace_cream_cheese_s21_w0_10_s20d_clean_seed0_job330172,cream_cheese,21,252,16,0,0,,3.3,1.5,1.0,0.5,0.0,0.3,0.024565,0.02455,1.5e-05,1,1,1,-0.00012606,24,1,,1,0.040406,1,0.001926,7,1,no_sustained_vertical_lift_type=sustained_horizontal_transport
trace_cream_cheese_s21_w0_10_s20d_clean_seed0_job330172,cream_cheese,21,256,17,0,0,,3.3,1.5,1.0,0.5,0.0,0.3,0.026055,0.024629,0.001426,1,1,1,-0.00011785,4,1,,1,0.007382,1,0.006965,9,1,no_sustained_vertical_lift_type=sustained_horizontal_transport
trace_cream_cheese_s22_w0_10_s20d_clean_seed0_job330173,cream_cheese,22,10,0,0,0,-44,3.8,1.5,1.0,0.5,0.5,0.3,0.00314,0.003461,-0.000321,1,1,1,-7.75e-06,,1,,1,0.326875,1,0.0,0,1,eef_not_near_object_dist=0.3269
trace_cream_cheese_s22_w0_10_s20d_clean_seed0_job330173,cream_cheese,22,54,1,1,1,0,3.3,1.5,1.0,0.5,0.0,0.3,0.026461,0.029039,-0.002578,1,1,1,-6.939e-05,44,1,,1,0.038203,1,0.090096,8,1,
trace_cream_cheese_s23_w0_10_s20d_clean_seed0_job330174,cream_cheese,23,45,0,0,0,-106,3.3,1.5,1.0,0.5,0.0,0.3,0.013583,0.014722,-0.001139,1,1,1,-2.45e-05,,1,,1,0.042223,1,0.0,0,1,no_sustained_vertical_lift_type=no_sustained_motion
trace_cream_cheese_s23_w0_10_s20d_clean_seed0_job330174,cream_cheese,23,61,1,0,0,-90,3.3,1.5,1.0,0.5,0.0,0.3,0.000637,0.000583,5.4e-05,1,1,1,-0.00334468,16,1,,1,0.044157,1,0.0,0,1,no_sustained_vertical_lift_type=no_sustained_motion
trace_cream_cheese_s23_w0_10_s20d_clean_seed0_job330174,cream_cheese,23,65,2,0,0,-86,3.8,1.5,1.0,0.5,0.5,0.3,0.001563,0.002207,-0.000644,1,1,1,-0.00583408,4,1,,1,0.044641,1,0.0,0,1,no_sustained_vertical_lift_type=no_sustained_motion
trace_cream_cheese_s23_w0_10_s20d_clean_seed0_job330174,cream_cheese,23,69,3,0,0,-82,3.8,1.5,1.0,0.5,0.5,0.3,0.001307,0.002044,-0.000737,1,1,1,-0.00797028,4,1,,1,0.044855,1,0.0,0,1,no_sustained_vertical_lift_type=no_sustained_motion
trace_cream_cheese_s23_w0_10_s20d_clean_seed0_job330174,cream_cheese,23,72,4,0,0,-79,3.3,1.5,1.0,0.5,0.0,0.3,0.000631,0.000355,0.000276,1,1,1,-0.00672577,3,1,,1,0.044591,1,0.0,0,1,no_sustained_vertical_lift_type=no_sustained_motion
trace_cream_cheese_s23_w0_10_s20d_clean_seed0_job330174,cream_cheese,23,76,5,0,0,-75,3.3,1.5,1.0,0.5,0.0,0.3,0.00072,0.000696,2.4e-05,1,1,1,-0.00358585,4,1,,1,0.044987,1,0.000188,0,1,no_sustained_vertical_lift_type=no_sustained_motion
trace_cream_cheese_s23_w0_10_s20d_clean_seed0_job330174,cream_cheese,23,84,6,0,0,-67,3.8,1.5,1.0,0.5,0.5,0.3,0.001232,0.003524,-0.002292,1,1,1,-0.00154481,8,1,,1,0.045468,1,0.00113,9,1,no_sustained_vertical_lift_type=sustained_horizontal_transport
trace_cream_cheese_s23_w0_10_s20d_clean_seed0_job330174,cream_cheese,23,110,7,0,0,-41,3.8,1.5,1.0,0.5,0.5,0.3,0.008123,0.023041,-0.014918,1,1,1,4.843e-05,26,1,,1,0.117131,1,0.0,0,1,eef_not_near_object_dist=0.1171
trace_cream_cheese_s23_w0_10_s20d_clean_seed0_job330174,cream_cheese,23,136,8,0,0,-15,3.3,1.5,1.0,0.5,0.0,0.3,0.029022,0.027263,0.001759,1,1,1,0.00061939,26,1,,1,0.043356,1,0.002194,8,1,no_sustained_vertical_lift_type=sustained_horizontal_transport
trace_cream_cheese_s23_w0_10_s20d_clean_seed0_job330174,cream_cheese,23,138,9,0,0,-13,3.3,1.5,1.0,0.5,0.0,0.3,0.014566,0.02528,-0.010714,1,1,1,-0.00201892,2,1,,1,0.043916,1,0.000524,10,1,no_sustained_vertical_lift_type=sustained_horizontal_transport
trace_cream_cheese_s23_w0_10_s20d_clean_seed0_job330174,cream_cheese,23,145,10,0,0,-6,3.3,1.5,1.0,0.5,0.0,0.3,0.003029,0.002142,0.000887,1,1,1,-0.01889056,7,1,,1,0.048334,1,0.004266,10,1,no_sustained_vertical_lift_type=sustained_horizontal_transport
trace_cream_cheese_s23_w0_10_s20d_clean_seed0_job330174,cream_cheese,23,147,11,0,0,-4,3.3,1.5,1.0,0.5,0.0,0.3,0.004111,0.003755,0.000356,1,1,1,-0.01747873,2,1,,1,0.049541,1,0.007636,10,1,no_sustained_vertical_lift_type=sustained_horizontal_transport
trace_cream_cheese_s23_w0_10_s20d_clean_seed0_job330174,cream_cheese,23,151,12,1,1,0,3.8,1.5,1.0,0.5,0.5,0.3,0.003126,0.003358,-0.000232,1,1,1,-0.00861839,4,1,,1,0.051739,1,0.032492,5,1,
trace_cream_cheese_s23_w0_10_s20d_clean_seed0_job330174,cream_cheese,23,176,13,0,0,25,3.3,1.5,1.0,0.5,0.0,0.3,0.028406,0.038041,-0.009635,1,1,1,-2.539e-05,25,1,,1,0.15809,1,0.0,0,1,eef_not_near_object_dist=0.1581
trace_cream_cheese_s23_w0_10_s20d_clean_seed0_job330174,cream_cheese,23,219,14,0,0,68,3.3,1.5,1.0,0.5,0.0,0.3,0.013966,0.017859,-0.003893,1,1,1,0.00012388,43,1,,1,0.3864,1,0.0,0,1,eef_not_near_object_dist=0.3864
trace_cream_cheese_s23_w0_10_s20d_clean_seed0_job330174,cream_cheese,23,221,15,0,0,70,3.8,1.5,1.0,0.5,0.5,0.3,0.006296,0.011264,-0.004968,1,1,1,5.995e-05,2,1,,1,0.386094,1,0.0,0,1,eef_not_near_object_dist=0.3861
trace_cream_cheese_s23_w0_10_s20d_clean_seed0_job330174,cream_cheese,23,225,16,0,0,74,3.3,1.5,1.0,0.5,0.0,0.3,0.003667,0.001235,0.002432,1,1,1,1.307e-05,4,1,,1,0.387776,1,0.0,0,1,eef_not_near_object_dist=0.3878
trace_cream_cheese_s23_w0_10_s20d_clean_seed0_job330174,cream_cheese,23,229,17,0,0,78,3.8,1.5,1.0,0.5,0.5,0.3,0.003978,0.004428,-0.00045,1,1,1,-3.74e-06,4,1,,1,0.391357,1,0.0,0,1,eef_not_near_object_dist=0.3914
trace_cream_cheese_s23_w0_10_s20d_clean_seed0_job330174,cream_cheese,23,231,18,0,0,80,3.3,1.5,1.0,0.5,0.0,0.3,0.004561,0.003964,0.000597,1,1,1,2.382e-05,2,1,,1,0.392401,1,0.0,0,1,eef_not_near_object_dist=0.3924
trace_cream_cheese_s23_w0_10_s20d_clean_seed0_job330174,cream_cheese,23,233,19,0,0,82,3.8,1.5,1.0,0.5,0.5,0.3,0.004426,0.006176,-0.00175,1,1,1,9.77e-06,2,1,,1,0.39469,1,0.0,0,1,eef_not_near_object_dist=0.3947
trace_cream_cheese_s23_w0_10_s20d_clean_seed0_job330174,cream_cheese,23,235,20,0,0,84,3.3,1.5,1.0,0.5,0.0,0.3,0.005429,0.004504,0.000925,1,1,1,2.432e-05,2,1,,1,0.39639,1,0.0,0,1,eef_not_near_object_dist=0.3964
trace_cream_cheese_s24_w0_10_s20d_clean_seed0_job330175,cream_cheese,24,56,0,0,1,,3.3,1.5,1.0,0.5,0.0,0.3,0.023086,0.024098,-0.001012,1,1,1,-2.18e-05,,1,,1,0.025311,1,0.022099,3,1,
trace_cream_cheese_s24_w0_10_s20d_clean_seed0_job330175,cream_cheese,24,58,1,0,1,,3.3,1.5,1.0,0.5,0.0,0.3,0.019655,0.021978,-0.002323,1,1,1,1.849e-05,2,1,,1,0.016095,1,0.043542,5,1,
trace_cream_cheese_s24_w0_10_s20d_clean_seed0_job330175,cream_cheese,24,60,2,0,1,,3.3,1.5,1.0,0.5,0.0,0.3,0.014934,0.017393,-0.002459,1,1,1,1.672e-05,2,1,,1,0.01215,1,0.066486,7,1,
trace_cream_cheese_s24_w0_10_s20d_clean_seed0_job330175,cream_cheese,24,122,3,0,1,,3.8,1.5,1.0,0.5,0.5,0.3,0.007334,0.010941,-0.003607,1,1,1,0.000298,62,1,,1,0.012028,1,0.00723,4,1,
trace_cream_cheese_s24_w0_10_s20d_clean_seed0_job330175,cream_cheese,24,129,4,0,1,,3.3,1.5,1.0,0.5,0.0,0.3,0.001181,0.001123,5.8e-05,1,1,1,0.00011287,7,1,,1,0.012039,1,0.010949,6,1,
trace_cream_cheese_s24_w0_10_s20d_clean_seed0_job330175,cream_cheese,24,134,5,0,0,,3.8,1.5,1.0,0.5,0.5,0.3,0.004518,0.004851,-0.000333,1,1,1,-1.661e-05,5,1,,1,0.012048,1,0.00539,0,1,no_sustained_vertical_lift_type=no_sustained_motion
trace_cream_cheese_s24_w0_10_s20d_clean_seed0_job330175,cream_cheese,24,136,6,0,0,,3.3,1.5,1.0,0.5,0.0,0.3,0.00342,0.003324,9.6e-05,1,1,1,-2.786e-05,2,1,,1,0.012051,1,0.004101,0,1,no_sustained_vertical_lift_type=no_sustained_motion
trace_cream_cheese_s25_w0_10_s20d_clean_seed0_job330176,cream_cheese,25,9,0,0,0,,3.3,1.5,1.0,0.5,0.0,0.3,0.009175,0.00639,0.002785,1,1,1,-3.28e-06,,1,,1,0.32976,1,0.0,0,1,eef_not_near_object_dist=0.3298
trace_cream_cheese_s25_w0_10_s20d_clean_seed0_job330176,cream_cheese,25,58,1,0,1,,3.3,1.5,1.0,0.5,0.0,0.3,0.024457,0.02374,0.000717,1,1,1,-5.385e-05,49,1,,1,0.024753,1,0.012416,2,1,
trace_cream_cheese_s25_w0_10_s20d_clean_seed0_job330176,cream_cheese,25,60,2,0,1,,3.3,1.5,1.0,0.5,0.0,0.3,0.02364,0.02448,-0.00084,1,1,1,6.195e-05,2,1,,1,0.011062,1,0.02542,4,1,
trace_cream_cheese_s25_w0_10_s20d_clean_seed0_job330176,cream_cheese,25,62,3,0,1,,3.3,1.5,1.0,0.5,0.0,0.3,0.019501,0.022544,-0.003043,1,1,1,0.00126996,2,1,,1,0.007031,1,0.044241,6,1,
trace_cream_cheese_s25_w0_10_s20d_clean_seed0_job330176,cream_cheese,25,113,4,0,0,,3.3,1.5,1.0,0.5,0.0,0.3,0.015808,0.021663,-0.005855,1,1,1,0.00034926,51,1,,1,0.008175,1,0.0,13,1,no_sustained_vertical_lift_type=sustained_horizontal_transport
trace_cream_cheese_s25_w0_10_s20d_clean_seed0_job330176,cream_cheese,25,117,5,0,0,,3.3,1.5,1.0,0.5,0.0,0.3,0.01201,0.013789,-0.001779,1,1,1,0.00023378,4,1,,1,0.008182,1,0.0,9,1,no_sustained_vertical_lift_type=sustained_horizontal_transport
trace_cream_cheese_s25_w0_10_s20d_clean_seed0_job330176,cream_cheese,25,122,6,0,0,,3.8,1.5,1.0,0.5,0.5,0.3,0.002534,0.008239,-0.005705,1,1,1,9.07e-05,5,1,,1,0.008184,1,0.004996,9,1,no_sustained_vertical_lift_type=sustained_horizontal_transport
trace_cream_cheese_s25_w0_10_s20d_clean_seed0_job330176,cream_cheese,25,124,7,0,0,,3.3,1.5,1.0,0.5,0.0,0.3,0.004152,0.002842,0.00131,1,1,1,1.071e-05,2,1,,1,0.008185,1,0.002917,5,1,no_sustained_vertical_lift_type=sustained_horizontal_transport
trace_cream_cheese_s25_w0_10_s20d_clean_seed0_job330176,cream_cheese,25,126,8,0,0,,3.3,1.5,1.0,0.5,0.0,0.3,0.005054,0.004554,0.0005,1,1,1,-5.4e-05,2,1,,1,0.008187,1,0.0,3,1,no_sustained_vertical_lift_type=sustained_horizontal_transport
trace_cream_cheese_s26_w0_10_s20d_clean_seed0_job330177,cream_cheese,26,64,0,0,0,,3.3,1.5,1.0,0.5,0.0,0.3,0.020336,0.026053,-0.005717,1,1,1,-7.65e-06,,1,,1,0.044084,1,0.0,0,1,no_sustained_vertical_lift_type=no_sustained_motion
trace_cream_cheese_s26_w0_10_s20d_clean_seed0_job330177,cream_cheese,26,66,1,0,0,,3.8,1.5,1.0,0.5,0.5,0.3,0.00313,0.011179,-0.008049,1,1,1,-1.975e-05,2,1,,1,0.044389,1,0.0,0,1,no_sustained_vertical_lift_type=no_sustained_motion
trace_cream_cheese_s26_w0_10_s20d_clean_seed0_job330177,cream_cheese,26,70,2,0,0,,3.3,1.5,1.0,0.5,0.0,0.3,0.002021,0.000806,0.001215,1,1,1,-8.86e-06,4,1,,1,0.04306,1,0.0,0,1,no_sustained_vertical_lift_type=no_sustained_motion
trace_cream_cheese_s26_w0_10_s20d_clean_seed0_job330177,cream_cheese,26,78,3,0,0,,3.3,1.5,1.0,0.5,0.0,0.3,0.001637,0.001433,0.000204,1,1,1,-5.041e-05,8,1,,1,0.039235,1,0.0,0,1,no_sustained_vertical_lift_type=no_sustained_motion
trace_cream_cheese_s26_w0_10_s20d_clean_seed0_job330177,cream_cheese,26,113,4,0,1,,3.3,1.5,1.0,0.5,0.0,0.3,0.018259,0.021653,-0.003394,1,1,1,-0.00011447,35,1,,1,0.025273,1,0.037753,4,1,
trace_cream_cheese_s26_w0_10_s20d_clean_seed0_job330177,cream_cheese,26,176,5,0,0,,3.8,1.5,1.0,0.5,0.5,0.3,0.009807,0.016013,-0.006206,1,1,1,-0.00255894,63,1,,1,0.010223,1,0.0,12,1,no_sustained_vertical_lift_type=sustained_horizontal_transport
trace_cream_cheese_s26_w0_10_s20d_clean_seed0_job330177,cream_cheese,26,183,6,0,1,,3.8,1.5,1.0,0.5,0.5,0.3,0.002361,0.00357,-0.001209,1,1,1,-0.00219142,7,1,,1,0.010197,1,0.018157,8,1,
trace_cream_cheese_s26_w0_10_s20d_clean_seed0_job330177,cream_cheese,26,186,7,0,1,,3.3,1.5,1.0,0.5,0.0,0.3,0.00466,0.003276,0.001384,1,1,1,-0.00165457,3,1,,1,0.010172,1,0.016053,5,1,
trace_cream_cheese_s26_w0_10_s20d_clean_seed0_job330177,cream_cheese,26,191,8,0,1,,3.3,1.5,1.0,0.5,0.0,0.3,0.00352,0.000973,0.002547,1,1,1,-0.00105467,5,1,,1,0.010149,1,0.012577,4,1,
trace_cream_cheese_s26_w0_10_s20d_clean_seed0_job330177,cream_cheese,26,198,9,0,0,,3.3,1.5,1.0,0.5,0.0,0.3,0.008078,0.007324,0.000754,1,1,1,-0.00026333,7,1,,1,0.01053,1,0.0,0,1,no_sustained_vertical_lift_type=no_sustained_motion
trace_cream_cheese_s27_w0_10_s20d_clean_seed0_job330178,cream_cheese,27,11,0,0,0,,3.3,1.5,1.0,0.5,0.0,0.3,0.006212,0.005919,0.000293,1,1,1,-8.4e-06,,1,,1,0.334054,1,0.0,0,1,eef_not_near_object_dist=0.3341
trace_cream_cheese_s27_w0_10_s20d_clean_seed0_job330178,cream_cheese,27,14,1,0,0,,3.3,1.5,1.0,0.5,0.0,0.3,0.012674,0.011966,0.000708,1,1,1,-0.00018971,3,1,,1,0.331546,1,0.0,0,1,eef_not_near_object_dist=0.3315
trace_cream_cheese_s27_w0_10_s20d_clean_seed0_job330178,cream_cheese,27,73,2,0,0,,3.3,1.5,1.0,0.5,0.0,0.3,0.007069,0.006308,0.000761,1,1,1,-6.923e-05,59,1,,1,0.036717,1,0.0,0,1,no_sustained_vertical_lift_type=no_sustained_motion
trace_cream_cheese_s27_w0_10_s20d_clean_seed0_job330178,cream_cheese,27,82,3,0,0,,3.3,1.5,1.0,0.5,0.0,0.3,0.007053,0.004372,0.002681,1,1,1,-0.00014902,9,1,,1,0.038087,1,0.0,0,1,no_sustained_vertical_lift_type=no_sustained_motion
trace_cream_cheese_s27_w0_10_s20d_clean_seed0_job330178,cream_cheese,27,96,4,0,0,,3.3,1.5,1.0,0.5,0.0,0.3,0.025426,0.024354,0.001072,1,1,1,-0.00016087,14,1,,1,0.039573,1,0.001334,3,1,no_sustained_vertical_lift_type=sustained_horizontal_transport
trace_cream_cheese_s27_w0_10_s20d_clean_seed0_job330178,cream_cheese,27,101,5,0,0,,3.3,1.5,1.0,0.5,0.0,0.3,0.021989,0.026639,-0.00465,1,1,1,0.00063423,5,1,,1,0.026066,1,0.00173,3,1,no_sustained_vertical_lift_type=sustained_horizontal_transport
trace_cream_cheese_s27_w0_10_s20d_clean_seed0_job330178,cream_cheese,27,119,6,0,1,,3.8,1.5,1.0,0.5,0.5,0.3,0.001148,0.001241,-9.3e-05,1,1,1,-0.00091504,18,1,,1,0.026977,1,0.090551,12,1,
trace_cream_cheese_s27_w0_10_s20d_clean_seed0_job330178,cream_cheese,27,121,7,0,1,,3.3,1.5,1.0,0.5,0.0,0.3,0.004384,0.002006,0.002378,1,1,1,-0.00072622,2,1,,1,0.026986,1,0.110517,10,1,
trace_cream_cheese_s27_w0_10_s20d_clean_seed0_job330178,cream_cheese,27,125,8,0,1,,3.8,1.5,1.0,0.5,0.5,0.3,0.00074,0.001038,-0.000298,1,1,1,-0.00056482,4,1,,1,0.026987,1,0.146644,13,1,
trace_cream_cheese_s27_w0_10_s20d_clean_seed0_job330178,cream_cheese,27,175,9,0,1,,3.3,1.5,1.0,0.5,0.0,0.3,0.016267,0.018585,-0.002318,1,1,1,-0.00036961,50,1,,1,0.027276,1,0.009428,3,1,
trace_cream_cheese_s28_w0_10_s20d_clean_seed0_job330179,cream_cheese,28,52,0,0,1,,3.3,1.5,1.0,0.5,0.0,0.3,0.025958,0.024715,0.001243,1,1,1,-2.358e-05,,1,,1,0.031317,1,0.070267,7,1,
trace_cream_cheese_s28_w0_10_s20d_clean_seed0_job330179,cream_cheese,28,108,1,0,1,,3.8,1.5,1.0,0.5,0.5,0.3,0.006923,0.00694,-1.7e-05,1,1,1,0.00212767,56,1,,1,0.007967,1,0.018542,4,1,
trace_cream_cheese_s28_w0_10_s20d_clean_seed0_job330179,cream_cheese,28,113,2,0,1,,3.8,1.5,1.0,0.5,0.5,0.3,0.004594,0.009482,-0.004888,1,1,1,0.00152449,5,1,,1,0.007914,1,0.026672,5,1,
trace_cream_cheese_s29_w0_10_s20d_clean_seed0_job330180,cream_cheese,29,59,0,1,1,0,3.3,1.5,1.0,0.5,0.0,0.3,0.024666,0.024212,0.000454,1,1,1,-1.883e-05,,1,,1,0.022315,1,0.077061,8,1,
trace_cream_cheese_s29_w0_10_s20d_clean_seed0_job330180,cream_cheese,29,121,1,0,0,62,3.8,1.5,1.0,0.5,0.5,0.3,0.004264,0.011083,-0.006819,1,1,1,0.00073551,62,1,,1,0.008539,1,0.000375,8,1,no_sustained_vertical_lift_type=sustained_horizontal_transport
trace_cream_cheese_s29_w0_10_s20d_clean_seed0_job330180,cream_cheese,29,126,2,0,0,67,3.8,1.5,1.0,0.5,0.5,0.3,0.003565,0.00443,-0.000865,1,1,1,0.00034049,5,1,,1,0.008535,1,0.003185,6,1,no_sustained_vertical_lift_type=sustained_horizontal_transport
trace_cream_cheese_s29_w0_10_s20d_clean_seed0_job330180,cream_cheese,29,128,3,0,0,69,3.8,1.5,1.0,0.5,0.5,0.3,0.003324,0.003472,-0.000148,1,1,1,0.00017119,2,1,,1,0.008535,1,0.00315,2,1,no_sustained_vertical_lift_type=sustained_horizontal_transport
trace_cream_cheese_s29_w0_10_s20d_clean_seed0_job330180,cream_cheese,29,134,4,0,0,75,3.8,1.5,1.0,0.5,0.5,0.3,0.001408,0.002338,-0.00093,1,1,1,1.693e-05,6,1,,1,0.008535,1,0.0,3,1,no_sustained_vertical_lift_type=sustained_horizontal_transport
trace_cream_cheese_s29_w0_10_s20d_clean_seed0_job330180,cream_cheese,29,139,5,0,0,80,3.3,1.5,1.0,0.5,0.0,0.3,0.00256,0.001601,0.000959,1,1,1,-1.462e-05,5,1,,1,0.008537,1,0.0,2,1,no_sustained_vertical_lift_type=sustained_horizontal_transport
trace_cream_cheese_s29_w0_10_s20d_clean_seed0_job330180,cream_cheese,29,142,6,0,0,83,3.8,1.5,1.0,0.5,0.5,0.3,0.001107,0.00121,-0.000103,1,1,1,-1.768e-05,3,1,,1,0.008538,1,0.000194,3,1,no_sustained_vertical_lift_type=sustained_horizontal_transport
trace_cream_cheese_s29_w0_10_s20d_clean_seed0_job330180,cream_cheese,29,148,7,0,0,89,3.8,1.5,1.0,0.5,0.5,0.3,0.001416,0.004621,-0.003205,1,1,1,-1.427e-05,6,1,,1,0.008539,1,0.000818,2,1,no_sustained_vertical_lift_type=sustained_horizontal_transport
trace_cream_cheese_s29_w0_10_s20d_clean_seed0_job330180,cream_cheese,29,150,8,0,0,91,3.8,1.5,1.0,0.5,0.5,0.3,0.002103,0.002157,-5.4e-05,1,1,1,-1.506e-05,2,1,,1,0.008539,1,0.000542,0,1,no_sustained_vertical_lift_type=no_sustained_motion
trace_cream_cheese_s29_w0_10_s20d_clean_seed0_job330180,cream_cheese,29,157,9,0,0,98,3.3,1.5,1.0,0.5,0.0,0.3,0.004501,0.001764,0.002737,1,1,1,-1.405e-05,7,1,,1,0.008541,1,0.0,0,1,no_sustained_vertical_lift_type=no_sustained_motion
trace_cream_cheese_s29_w0_10_s20d_clean_seed0_job330180,cream_cheese,29,162,10,0,0,103,3.8,1.5,1.0,0.5,0.5,0.3,0.000787,0.005222,-0.004435,1,1,1,-1.94e-05,5,1,,1,0.008542,1,0.002159,3,1,no_sustained_vertical_lift_type=sustained_horizontal_transport
trace_cream_cheese_s29_w0_10_s20d_clean_seed0_job330180,cream_cheese,29,165,11,0,0,106,3.8,1.5,1.0,0.5,0.5,0.3,0.002358,0.003375,-0.001017,1,1,1,-1.134e-05,3,1,,1,0.008543,1,1.5e-05,2,1,no_sustained_vertical_lift_type=sustained_horizontal_transport
trace_cream_cheese_s29_w0_10_s20d_clean_seed0_job330180,cream_cheese,29,168,12,0,0,109,3.8,1.5,1.0,0.5,0.5,0.3,0.001144,0.001486,-0.000342,1,1,1,-1.533e-05,3,1,,1,0.008544,1,0.0,0,1,no_sustained_vertical_lift_type=no_sustained_motion
trace_cream_cheese_s29_w0_10_s20d_clean_seed0_job330180,cream_cheese,29,172,13,0,0,113,3.8,1.5,1.0,0.5,0.5,0.3,0.003917,0.004328,-0.000411,1,1,1,-1.584e-05,4,1,,1,0.008545,1,0.000465,0,1,no_sustained_vertical_lift_type=no_sustained_motion
trace_cream_cheese_s29_w0_10_s20d_clean_seed0_job330180,cream_cheese,29,176,14,0,0,117,3.8,1.5,1.0,0.5,0.5,0.3,0.000865,0.002412,-0.001547,1,1,1,-5.15e-06,4,1,,1,0.008547,1,0.000699,0,1,no_sustained_vertical_lift_type=no_sustained_motion
trace_cream_cheese_s29_w0_10_s20d_clean_seed0_job330180,cream_cheese,29,181,15,0,0,122,3.8,1.5,1.0,0.5,0.5,0.3,0.000937,0.003954,-0.003017,1,1,1,5e-08,5,1,,1,0.008548,1,0.004342,0,1,no_sustained_vertical_lift_type=no_sustained_motion
trace_cream_cheese_s29_w0_10_s20d_clean_seed0_job330180,cream_cheese,29,186,16,0,0,127,3.8,1.5,1.0,0.5,0.5,0.3,0.001259,0.00238,-0.001121,1,1,1,5.5e-07,5,1,,1,0.008549,1,0.003565,0,1,no_sustained_vertical_lift_type=no_sustained_motion
trace_cream_cheese_s29_w0_10_s20d_clean_seed0_job330180,cream_cheese,29,192,17,0,0,133,3.3,1.5,1.0,0.5,0.0,0.3,0.005678,0.001445,0.004233,1,1,1,5.88e-06,6,1,,1,0.00855,1,4.9e-05,0,1,no_sustained_vertical_lift_type=no_sustained_motion
trace_cream_cheese_s29_w0_10_s20d_clean_seed0_job330180,cream_cheese,29,198,18,0,0,139,3.8,1.5,1.0,0.5,0.5,0.3,0.001541,0.004508,-0.002967,1,1,1,-4.15e-06,6,1,,1,0.008552,1,0.001,0,1,no_sustained_vertical_lift_type=no_sustained_motion
trace_cream_cheese_s29_w0_10_s20d_clean_seed0_job330180,cream_cheese,29,203,19,0,0,144,3.3,1.5,1.0,0.5,0.0,0.3,0.004731,0.004728,3e-06,1,1,1,8.95e-06,5,1,,1,0.008553,1,0.002344,0,1,no_sustained_vertical_lift_type=no_sustained_motion
trace_cream_cheese_s30_w0_10_s20d_clean_seed0_job330181,cream_cheese,30,49,0,0,1,,3.3,1.5,1.0,0.5,0.0,0.3,0.027137,0.026702,0.000435,1,1,1,-4.253e-05,,1,,1,0.021578,1,0.08573,8,1,
trace_cream_cheese_s30_w0_10_s20d_clean_seed0_job330181,cream_cheese,30,105,1,0,0,,3.3,1.5,1.0,0.5,0.0,0.3,0.017333,0.023538,-0.006205,1,1,1,-0.00110295,56,1,,1,0.010768,1,0.0,0,1,no_sustained_vertical_lift_type=no_sustained_motion
trace_cream_cheese_s30_w0_10_s20d_clean_seed0_job330181,cream_cheese,30,110,2,0,1,,3.3,1.5,1.0,0.5,0.0,0.3,0.010033,0.013879,-0.003846,1,1,1,-0.00090641,5,1,,1,0.010765,1,0.014837,9,1,
trace_cream_cheese_s30_w0_10_s20d_clean_seed0_job330181,cream_cheese,30,115,3,0,0,,3.3,1.5,1.0,0.5,0.0,0.3,0.011057,0.006983,0.004074,1,1,1,-0.0003141,5,1,,1,0.010764,1,0.003913,0,0,no_sustained_vertical_lift_type=no_sustained_motion
trace_cream_cheese_s30_w0_10_s20d_clean_seed0_job330181,cream_cheese,30,117,4,0,0,,3.8,1.5,1.0,0.5,0.5,0.3,0.005194,0.008443,-0.003249,1,1,1,-0.00018982,2,1,,1,0.010765,1,0.003083,0,0,no_sustained_vertical_lift_type=no_sustained_motion
trace_cream_cheese_s30_w0_10_s20d_clean_seed0_job330181,cream_cheese,30,122,5,0,0,,3.3,1.5,1.0,0.5,0.0,0.3,0.00786,0.001058,0.006802,1,1,1,-9.09e-05,5,1,,1,0.011168,1,0.0,0,0,no_sustained_vertical_lift_type=no_sustained_motion
trace_cream_cheese_s31_w0_10_s20d_clean_seed0_job330182,cream_cheese,31,52,0,1,1,0,3.3,1.5,1.0,0.5,0.0,0.3,0.02426,0.025068,-0.000808,1,1,1,-3.118e-05,,1,,1,0.022395,1,0.057985,6,1,
trace_cream_cheese_s31_w0_10_s20d_clean_seed0_job330182,cream_cheese,31,110,1,0,0,58,3.3,1.5,1.0,0.5,0.0,0.3,0.015523,0.017816,-0.002293,1,1,1,-0.00094519,58,1,,1,0.022867,1,0.0,4,1,no_sustained_vertical_lift_type=sustained_horizontal_transport
trace_cream_cheese_s32_w0_10_s20d_clean_seed0_job330183,cream_cheese,32,56,0,0,1,,3.3,1.5,1.0,0.5,0.0,0.3,0.012232,0.016269,-0.004037,1,1,1,-1.964e-05,,1,,1,0.011986,1,0.07436,8,1,
trace_cream_cheese_s32_w0_10_s20d_clean_seed0_job330183,cream_cheese,32,118,1,0,1,,3.3,1.5,1.0,0.5,0.0,0.3,0.012695,0.021383,-0.008688,1,1,1,0.00031053,62,1,,1,0.00664,1,0.012829,6,1,
trace_cream_cheese_s32_w0_10_s20d_clean_seed0_job330183,cream_cheese,32,120,2,0,1,,3.8,1.5,1.0,0.5,0.5,0.3,0.004278,0.004363,-8.5e-05,1,1,1,0.00019425,2,1,,1,0.006642,1,0.009349,4,1,
trace_cream_cheese_s32_w0_10_s20d_clean_seed0_job330183,cream_cheese,32,123,3,0,1,,3.3,1.5,1.0,0.5,0.0,0.3,0.003711,0.002208,0.001503,1,1,1,0.0001063,3,1,,1,0.006644,1,0.012939,6,1,
trace_cream_cheese_s32_w0_10_s20d_clean_seed0_job330183,cream_cheese,32,128,4,0,0,,3.3,1.5,1.0,0.5,0.0,0.3,0.010511,0.008354,0.002157,1,1,1,-4.593e-05,5,1,,1,0.006651,1,0.0,0,1,no_sustained_vertical_lift_type=no_sustained_motion
trace_cream_cheese_s33_w0_10_s20d_clean_seed0_job330184,cream_cheese,33,55,0,1,1,0,3.3,1.5,1.0,0.5,0.0,0.3,0.0237,0.022867,0.000833,1,1,1,-6.933e-05,,1,,1,0.024588,1,0.059914,7,1,
trace_cream_cheese_s33_w0_10_s20d_clean_seed0_job330184,cream_cheese,33,115,1,0,0,60,3.8,1.5,1.0,0.5,0.5,0.3,0.003311,0.007863,-0.004552,1,1,1,-0.00117925,60,1,,1,0.014873,1,0.002183,2,1,no_sustained_vertical_lift_type=sustained_horizontal_transport
trace_cream_cheese_s33_w0_10_s20d_clean_seed0_job330184,cream_cheese,33,117,2,0,0,62,3.3,1.5,1.0,0.5,0.0,0.3,0.003079,0.00264,0.000439,1,1,1,-0.00075583,2,1,,1,0.014869,1,0.001179,0,1,no_sustained_vertical_lift_type=no_sustained_motion
trace_cream_cheese_s33_w0_10_s20d_clean_seed0_job330184,cream_cheese,33,121,3,0,0,66,3.3,1.5,1.0,0.5,0.0,0.3,0.003456,0.003218,0.000238,1,1,1,-0.00024166,4,1,,1,0.014962,1,0.0,0,1,no_sustained_vertical_lift_type=no_sustained_motion
trace_cream_cheese_s34_w0_10_s20d_clean_seed0_job330185,cream_cheese,34,12,0,0,0,,3.3,1.5,1.0,0.5,0.0,0.3,0.008279,0.007981,0.000298,1,1,1,-1.432e-05,,1,,1,0.333477,1,0.0,0,1,eef_not_near_object_dist=0.3335
trace_cream_cheese_s34_w0_10_s20d_clean_seed0_job330185,cream_cheese,34,15,1,0,0,,3.3,1.5,1.0,0.5,0.0,0.3,0.011605,0.011602,3e-06,1,1,1,-7.715e-05,3,1,,1,0.330616,1,0.0,0,1,eef_not_near_object_dist=0.3306
trace_cream_cheese_s34_w0_10_s20d_clean_seed0_job330185,cream_cheese,34,77,2,0,0,,3.8,1.5,1.0,0.5,0.5,0.3,0.005455,0.006633,-0.001178,1,1,1,-9.841e-05,62,1,,1,0.049713,1,0.0,0,1,no_sustained_vertical_lift_type=no_sustained_motion
trace_cream_cheese_s34_w0_10_s20d_clean_seed0_job330185,cream_cheese,34,88,3,0,0,,3.8,1.5,1.0,0.5,0.5,0.3,0.003882,0.005147,-0.001265,1,1,1,-0.00022332,11,1,,1,0.052177,1,0.0,0,1,no_sustained_vertical_lift_type=no_sustained_motion
trace_cream_cheese_s34_w0_10_s20d_clean_seed0_job330185,cream_cheese,34,91,4,0,0,,3.3,1.5,1.0,0.5,0.0,0.3,0.008302,0.008139,0.000163,1,1,1,-0.00020741,3,1,,1,0.047394,1,0.0,0,1,no_sustained_vertical_lift_type=no_sustained_motion
trace_cream_cheese_s34_w0_10_s20d_clean_seed0_job330185,cream_cheese,34,95,5,0,0,,3.8,1.5,1.0,0.5,0.5,0.3,0.004841,0.008887,-0.004046,1,1,1,-0.00013885,4,1,,1,0.041094,1,0.0,0,1,no_sustained_vertical_lift_type=no_sustained_motion
trace_cream_cheese_s34_w0_10_s20d_clean_seed0_job330185,cream_cheese,34,98,6,0,0,,3.3,1.5,1.0,0.5,0.0,0.3,0.00401,0.003021,0.000989,1,1,1,-0.00018839,3,1,,1,0.041255,1,0.0,0,1,no_sustained_vertical_lift_type=no_sustained_motion
trace_cream_cheese_s34_w0_10_s20d_clean_seed0_job330185,cream_cheese,34,103,7,0,0,,3.8,1.5,1.0,0.5,0.5,0.3,0.009808,0.011813,-0.002005,1,1,1,-0.00019458,5,1,,1,0.050725,1,0.0,0,1,no_sustained_vertical_lift_type=no_sustained_motion
trace_cream_cheese_s34_w0_10_s20d_clean_seed0_job330185,cream_cheese,34,114,8,0,1,,3.3,1.5,1.0,0.5,0.0,0.3,0.029862,0.028626,0.001236,1,1,1,-0.00010862,11,1,,1,0.027394,1,0.017701,3,1,
trace_cream_cheese_s34_w0_10_s20d_clean_seed0_job330185,cream_cheese,34,116,9,0,1,,3.8,1.5,1.0,0.5,0.5,0.3,0.008748,0.019805,-0.011057,1,1,1,-0.00011709,2,1,,1,0.027265,1,0.036048,5,1,
trace_cream_cheese_s34_w0_10_s20d_clean_seed0_job330185,cream_cheese,34,118,10,0,1,,3.3,1.5,1.0,0.5,0.0,0.3,0.001269,0.000759,0.00051,1,1,1,-0.00022182,2,1,,1,0.026396,1,0.060514,7,1,
trace_cream_cheese_s34_w0_10_s20d_clean_seed0_job330185,cream_cheese,34,178,11,0,0,,3.3,1.5,1.0,0.5,0.0,0.3,0.019056,0.024429,-0.005373,1,1,1,-0.00355189,60,1,,1,0.022111,1,0.000902,5,1,no_sustained_vertical_lift_type=sustained_horizontal_transport
trace_cream_cheese_s34_w0_10_s20d_clean_seed0_job330185,cream_cheese,34,183,12,0,0,,3.3,1.5,1.0,0.5,0.0,0.3,0.006319,0.00128,0.005039,1,1,1,-0.00221726,5,1,,1,0.022068,1,0.000431,0,1,no_sustained_vertical_lift_type=no_sustained_motion
trace_cream_cheese_s35_w0_10_s20d_clean_seed0_job330186,cream_cheese,35,48,0,0,0,,3.3,1.5,1.0,0.5,0.0,0.3,0.020817,0.022929,-0.002112,1,1,1,-5.43e-05,,1,,1,0.044285,1,0.0,0,1,no_sustained_vertical_lift_type=no_sustained_motion
trace_cream_cheese_s35_w0_10_s20d_clean_seed0_job330186,cream_cheese,35,63,1,0,0,,3.3,1.5,1.0,0.5,0.0,0.3,0.01671,0.013157,0.003553,1,1,1,-0.00012292,15,1,,1,0.074867,1,0.0,0,0,no_sustained_vertical_lift_type=no_sustained_motion
trace_cream_cheese_s35_w0_10_s20d_clean_seed0_job330186,cream_cheese,35,73,2,0,0,,3.3,1.5,1.0,0.5,0.0,0.3,0.012175,0.00899,0.003185,1,1,1,-0.00011564,10,1,,1,0.100098,1,0.0,0,1,eef_not_near_object_dist=0.1001
trace_cream_cheese_s35_w0_10_s20d_clean_seed0_job330186,cream_cheese,35,88,3,0,0,,3.3,1.5,1.0,0.5,0.0,0.3,0.0195,0.027828,-0.008328,1,1,1,-0.00012435,15,1,,1,0.182086,1,0.0,0,1,eef_not_near_object_dist=0.1821
trace_cream_cheese_s35_w0_10_s20d_clean_seed0_job330186,cream_cheese,35,146,4,0,0,,3.8,1.5,1.0,0.5,0.5,0.3,0.002961,0.00886,-0.005899,1,1,1,-8.47e-06,58,1,,1,0.404901,1,0.0,0,1,eef_not_near_object_dist=0.4049
trace_cream_cheese_s35_w0_10_s20d_clean_seed0_job330186,cream_cheese,35,151,5,0,0,,3.8,1.5,1.0,0.5,0.5,0.3,0.004276,0.007774,-0.003498,1,1,1,-7.937e-05,5,1,,1,0.406786,1,0.0,0,1,eef_not_near_object_dist=0.4068
trace_cream_cheese_s35_w0_10_s20d_clean_seed0_job330186,cream_cheese,35,156,6,0,0,,3.3,1.5,1.0,0.5,0.0,0.3,0.008899,0.005717,0.003182,1,1,1,-9.946e-05,5,1,,1,0.409082,1,0.0,0,1,eef_not_near_object_dist=0.4091
trace_cream_cheese_s35_w0_10_s20d_clean_seed0_job330186,cream_cheese,35,160,7,0,0,,3.8,1.5,1.0,0.5,0.5,0.3,0.004503,0.005449,-0.000946,1,1,1,-0.00010312,4,1,,1,0.410692,1,0.0,0,1,eef_not_near_object_dist=0.4107
trace_cream_cheese_s35_w0_10_s20d_clean_seed0_job330186,cream_cheese,35,162,8,0,0,,3.3,1.5,1.0,0.5,0.0,0.3,0.007278,0.006069,0.001209,1,1,1,-0.00010564,2,1,,1,0.410809,1,0.0,0,1,eef_not_near_object_dist=0.4108
trace_cream_cheese_s35_w0_10_s20d_clean_seed0_job330186,cream_cheese,35,168,9,0,0,,3.3,1.5,1.0,0.5,0.0,0.3,0.011248,0.009432,0.001816,1,1,1,-0.00012812,6,1,,1,0.41341,1,0.0,0,1,eef_not_near_object_dist=0.4134
trace_cream_cheese_s36_w0_10_s20d_clean_seed0_job330187,cream_cheese,36,49,0,0,0,-71,3.3,1.5,1.0,0.5,0.0,0.3,0.022002,0.021896,0.000106,1,1,1,-2.475e-05,,1,,1,0.034231,1,0.000118,0,1,no_sustained_vertical_lift_type=no_sustained_motion
trace_cream_cheese_s36_w0_10_s20d_clean_seed0_job330187,cream_cheese,36,53,1,0,0,-67,3.3,1.5,1.0,0.5,0.0,0.3,0.018793,0.02003,-0.001237,1,1,1,1.319e-05,4,1,,1,0.009632,1,0.000118,0,1,no_sustained_vertical_lift_type=no_sustained_motion
trace_cream_cheese_s36_w0_10_s20d_clean_seed0_job330187,cream_cheese,36,76,2,0,0,-44,3.8,1.5,1.0,0.5,0.5,0.3,0.00013,0.000145,-1.5e-05,1,1,1,0.00083048,23,1,,1,0.002736,1,0.000181,0,1,no_sustained_vertical_lift_type=no_sustained_motion
trace_cream_cheese_s36_w0_10_s20d_clean_seed0_job330187,cream_cheese,36,81,3,0,0,-39,3.8,1.5,1.0,0.5,0.5,0.3,0.000135,0.000144,-9e-06,1,1,1,0.00060566,5,1,,1,0.002662,1,0.000134,0,1,no_sustained_vertical_lift_type=no_sustained_motion
trace_cream_cheese_s36_w0_10_s20d_clean_seed0_job330187,cream_cheese,36,120,4,1,1,0,3.3,1.5,1.0,0.5,0.0,0.3,0.001078,0.000371,0.000707,1,1,1,0.00094925,39,1,,1,0.002624,1,0.017381,7,1,
trace_cream_cheese_s36_w0_10_s20d_clean_seed0_job330187,cream_cheese,36,182,5,0,0,62,3.8,1.5,1.0,0.5,0.5,0.3,0.008975,0.012604,-0.003629,1,1,1,0.00076038,62,1,,1,0.002928,1,0.003445,3,1,no_sustained_vertical_lift_type=sustained_horizontal_transport
trace_cream_cheese_s37_w0_10_s20d_clean_seed0_job330188,cream_cheese,37,54,0,0,1,,3.3,1.5,1.0,0.5,0.0,0.3,0.025547,0.026938,-0.001391,1,1,1,-2.841e-05,,1,,1,0.027662,1,0.026052,4,1,
trace_cream_cheese_s37_w0_10_s20d_clean_seed0_job330188,cream_cheese,37,56,1,0,1,,3.3,1.5,1.0,0.5,0.0,0.3,0.018953,0.021474,-0.002521,1,1,1,-9.6e-06,2,1,,1,0.017989,1,0.046669,6,1,
trace_cream_cheese_s37_w0_10_s20d_clean_seed0_job330188,cream_cheese,37,120,2,0,1,,3.3,1.5,1.0,0.5,0.0,0.3,0.004251,0.002528,0.001723,1,1,1,-0.00264005,64,1,,1,0.004335,1,0.014963,9,1,
trace_cream_cheese_s37_w0_10_s20d_clean_seed0_job330188,cream_cheese,37,123,3,0,0,,3.3,1.5,1.0,0.5,0.0,0.3,0.009632,0.008022,0.00161,1,1,1,-0.00175001,3,1,,1,0.004217,1,0.005278,0,1,no_sustained_vertical_lift_type=no_sustained_motion
trace_cream_cheese_s37_w0_10_s20d_clean_seed0_job330188,cream_cheese,37,126,4,0,0,,3.3,1.5,1.0,0.5,0.0,0.3,0.003919,0.003013,0.000906,1,1,1,-0.00093226,3,1,,1,0.004139,1,0.001464,0,1,no_sustained_vertical_lift_type=no_sustained_motion
trace_cream_cheese_s37_w0_10_s20d_clean_seed0_job330188,cream_cheese,37,132,5,0,0,,3.3,1.5,1.0,0.5,0.0,0.3,0.014495,0.007161,0.007334,1,1,1,-0.00012387,6,1,,1,0.019867,1,0.0,0,1,no_sustained_vertical_lift_type=no_sustained_motion
trace_cream_cheese_s38_w0_10_s20d_clean_seed0_job330189,cream_cheese,38,47,0,1,1,0,3.3,1.5,1.0,0.5,0.0,0.3,0.023149,0.023322,-0.000173,1,1,1,-2.308e-05,,1,,1,0.016793,1,0.085043,8,1,
trace_cream_cheese_s38_w0_10_s20d_clean_seed0_job330189,cream_cheese,38,109,1,0,0,62,3.3,1.5,1.0,0.5,0.0,0.3,0.010755,0.000808,0.009947,1,1,1,0.00044569,62,1,,1,0.014173,1,0.000708,0,1,no_sustained_vertical_lift_type=no_sustained_motion
trace_cream_cheese_s38_w0_10_s20d_clean_seed0_job330189,cream_cheese,38,115,2,0,0,68,3.3,1.5,1.0,0.5,0.0,0.3,0.004314,0.003317,0.000997,1,1,1,2.017e-05,6,1,,1,0.014178,1,0.0,0,1,no_sustained_vertical_lift_type=no_sustained_motion
trace_cream_cheese_s38_w0_10_s20d_clean_seed0_job330189,cream_cheese,38,120,3,0,0,73,3.3,1.5,1.0,0.5,0.0,0.3,0.003499,0.002899,0.0006,1,1,1,-1.582e-05,5,1,,1,0.014183,1,0.0,0,1,no_sustained_vertical_lift_type=no_sustained_motion
trace_cream_cheese_s38_w0_10_s20d_clean_seed0_job330189,cream_cheese,38,125,4,0,0,78,3.3,1.5,1.0,0.5,0.0,0.3,0.003846,0.003076,0.00077,1,1,1,-1.064e-05,5,1,,1,0.014645,1,0.0,0,1,no_sustained_vertical_lift_type=no_sustained_motion
trace_cream_cheese_s39_w0_10_s20d_clean_seed0_job330190,cream_cheese,39,54,0,0,1,,3.3,1.5,1.0,0.5,0.0,0.3,0.014361,0.016429,-0.002068,1,1,1,-3.098e-05,,1,,1,0.01154,1,0.039561,5,1,
trace_cream_cheese_s39_w0_10_s20d_clean_seed0_job330190,cream_cheese,39,62,1,0,1,,3.3,1.5,1.0,0.5,0.0,0.3,0.000905,0.000801,0.000104,1,1,1,-0.00067377,8,1,,1,0.001199,1,0.135336,13,1,
trace_cream_cheese_s39_w0_10_s20d_clean_seed0_job330190,cream_cheese,39,119,2,0,0,,3.3,1.5,1.0,0.5,0.0,0.3,0.017468,0.023406,-0.005938,1,1,1,0.00034899,57,1,,1,0.00139,1,0.007037,6,1,no_sustained_vertical_lift_type=sustained_horizontal_transport
trace_cream_cheese_s39_w0_10_s20d_clean_seed0_job330190,cream_cheese,39,121,3,0,0,,3.8,1.5,1.0,0.5,0.5,0.3,0.00546,0.010417,-0.004957,1,1,1,0.00025075,2,1,,1,0.001388,1,0.006574,0,1,no_sustained_vertical_lift_type=no_sustained_motion
trace_cream_cheese_s39_w0_10_s20d_clean_seed0_job330190,cream_cheese,39,128,4,0,0,,3.3,1.5,1.0,0.5,0.0,0.3,0.010946,0.008693,0.002253,1,1,1,2.787e-05,7,1,,1,0.001815,1,0.0,0,1,no_sustained_vertical_lift_type=no_sustained_motion
trace_cream_cheese_s40_w0_10_s20d_clean_seed0_job330191,cream_cheese,40,60,0,0,0,,3.8,1.5,1.0,0.5,0.5,0.3,8.9e-05,0.00055,-0.000461,1,1,1,0.00017549,,1,,1,0.027442,1,2.2e-05,0,1,no_sustained_vertical_lift_type=no_sustained_motion
trace_cream_cheese_s40_w0_10_s20d_clean_seed0_job330191,cream_cheese,40,71,1,0,1,,3.8,1.5,1.0,0.5,0.5,0.3,5.6e-05,6e-05,-4e-06,1,1,1,-0.00038563,11,1,,1,0.027527,1,0.02465,2,1,
trace_cream_cheese_s40_w0_10_s20d_clean_seed0_job330191,cream_cheese,40,76,2,0,1,,3.3,1.5,1.0,0.5,0.0,0.3,0.000308,0.000125,0.000183,1,1,1,-0.0006422,5,1,,1,0.02757,1,0.082541,7,1,
trace_cream_cheese_s40_w0_10_s20d_clean_seed0_job330191,cream_cheese,40,141,3,0,0,,3.3,1.5,1.0,0.5,0.0,0.3,0.005052,0.004223,0.000829,1,1,1,-0.00048253,65,1,,1,0.019915,1,0.003984,0,1,no_sustained_vertical_lift_type=no_sustained_motion
trace_cream_cheese_s40_w0_10_s20d_clean_seed0_job330191,cream_cheese,40,144,4,0,0,,3.3,1.5,1.0,0.5,0.0,0.3,0.004214,0.003493,0.000721,1,1,1,-0.00017693,3,1,,1,0.019916,1,0.0,0,1,no_sustained_vertical_lift_type=no_sustained_motion
trace_cream_cheese_s41_w0_10_s20d_clean_seed0_job330192,cream_cheese,41,64,0,1,1,0,3.3,1.5,1.0,0.5,0.0,0.3,0.029338,0.028757,0.000581,1,1,1,3.65e-06,,1,,1,0.014735,1,0.064991,8,1,
trace_cream_cheese_s41_w0_10_s20d_clean_seed0_job330192,cream_cheese,41,128,1,0,0,64,3.8,1.5,1.0,0.5,0.5,0.3,0.00107,0.001502,-0.000432,1,1,1,0.00163321,64,1,,1,0.011164,1,0.001315,0,1,no_sustained_vertical_lift_type=no_sustained_motion
trace_cream_cheese_s41_w0_10_s20d_clean_seed0_job330192,cream_cheese,41,156,2,0,0,92,3.3,1.5,1.0,0.5,0.0,0.3,0.006998,0.004146,0.002852,1,1,1,0.00100786,28,1,,1,0.011167,1,0.004412,0,1,no_sustained_vertical_lift_type=no_sustained_motion
trace_cream_cheese_s42_w0_10_s20d_clean_seed0_job330193,cream_cheese,42,49,0,0,0,,3.3,1.5,1.0,0.5,0.0,0.3,0.021909,0.022967,-0.001058,1,1,1,-1.138e-05,,1,,1,0.018624,1,0.000766,9,1,no_sustained_vertical_lift_type=sustained_horizontal_transport
trace_cream_cheese_s42_w0_10_s20d_clean_seed0_job330193,cream_cheese,42,74,1,0,0,,3.3,1.5,1.0,0.5,0.0,0.3,0.028536,0.037587,-0.009051,1,1,1,8.27e-06,25,1,,1,0.164454,1,0.0,0,1,eef_not_near_object_dist=0.1645
trace_cream_cheese_s42_w0_10_s20d_clean_seed0_job330193,cream_cheese,42,76,2,0,0,,3.8,1.5,1.0,0.5,0.5,0.3,0.008165,0.018657,-0.010492,1,1,1,-3.687e-05,2,1,,1,0.166555,1,0.0,0,1,eef_not_near_object_dist=0.1666
trace_cream_cheese_s42_w0_10_s20d_clean_seed0_job330193,cream_cheese,42,86,3,0,0,,3.3,1.5,1.0,0.5,0.0,0.3,0.027084,0.034928,-0.007844,1,1,1,1.409e-05,10,1,,1,0.24474,1,0.0,0,1,eef_not_near_object_dist=0.2447
trace_cream_cheese_s42_w0_10_s20d_clean_seed0_job330193,cream_cheese,42,122,4,0,0,,3.3,1.5,1.0,0.5,0.0,0.3,0.013381,0.013967,-0.000586,1,1,1,7.674e-05,36,1,,1,0.386002,1,0.0,0,1,eef_not_near_object_dist=0.3860
trace_cream_cheese_s42_w0_10_s20d_clean_seed0_job330193,cream_cheese,42,128,5,0,0,,3.3,1.5,1.0,0.5,0.0,0.3,0.009507,0.00847,0.001037,1,1,1,-2.463e-05,6,1,,1,0.388178,1,0.0,0,1,eef_not_near_object_dist=0.3882
trace_cream_cheese_s43_w0_10_s20d_clean_seed0_job330194,cream_cheese,43,64,0,1,1,0,3.8,1.5,1.0,0.5,0.5,0.3,0.000772,0.001338,-0.000566,1,1,1,-0.00107635,,1,,1,0.039408,1,0.016756,6,1,
trace_cream_cheese_s43_w0_10_s20d_clean_seed0_job330194,cream_cheese,43,84,1,0,0,20,3.8,1.5,1.0,0.5,0.5,0.3,0.000934,0.001065,-0.000131,1,1,1,-0.00575122,20,1,,1,0.040342,1,1e-06,0,1,no_sustained_vertical_lift_type=no_sustained_motion
trace_cream_cheese_s43_w0_10_s20d_clean_seed0_job330194,cream_cheese,43,90,2,0,0,26,3.3,1.5,1.0,0.5,0.0,0.3,0.00092,0.000622,0.000298,1,1,1,-0.00619474,6,1,,1,0.040262,1,4.8e-05,0,1,no_sustained_vertical_lift_type=no_sustained_motion
trace_cream_cheese_s43_w0_10_s20d_clean_seed0_job330194,cream_cheese,43,92,3,0,0,28,3.8,1.5,1.0,0.5,0.5,0.3,0.000397,0.00096,-0.000563,1,1,1,-0.00618497,2,1,,1,0.040319,1,2e-05,0,1,no_sustained_vertical_lift_type=no_sustained_motion
trace_cream_cheese_s43_w0_10_s20d_clean_seed0_job330194,cream_cheese,43,96,4,0,0,32,3.3,1.5,1.0,0.5,0.0,0.3,0.000332,0.000226,0.000106,1,1,1,-0.00623723,4,1,,1,0.0403,1,2.5e-05,0,1,no_sustained_vertical_lift_type=no_sustained_motion
trace_cream_cheese_s43_w0_10_s20d_clean_seed0_job330194,cream_cheese,43,123,5,0,0,59,3.8,1.5,1.0,0.5,0.5,0.3,0.00108,0.00113,-5e-05,1,1,1,-0.00194111,27,1,,1,0.038949,1,0.002644,0,1,no_sustained_vertical_lift_type=no_sustained_motion
trace_cream_cheese_s43_w0_10_s20d_clean_seed0_job330194,cream_cheese,43,228,6,0,0,164,3.8,1.5,1.0,0.5,0.5,0.3,0.000112,0.000127,-1.5e-05,1,1,1,-0.00352503,105,1,,1,0.040073,1,0.001212,0,1,no_sustained_vertical_lift_type=no_sustained_motion
trace_cream_cheese_s43_w0_10_s20d_clean_seed0_job330194,cream_cheese,43,244,7,0,0,180,3.3,1.5,1.0,0.5,0.0,0.3,0.013277,0.011231,0.002046,1,1,1,-0.00157332,16,1,,1,0.03722,1,2.5e-05,0,1,no_sustained_vertical_lift_type=no_sustained_motion
trace_cream_cheese_s43_w0_10_s20d_clean_seed0_job330194,cream_cheese,43,250,8,0,0,186,3.3,1.5,1.0,0.5,0.0,0.3,0.003726,0.001729,0.001997,1,1,1,-0.00089349,6,1,,1,0.035486,1,0.0,0,1,no_sustained_vertical_lift_type=no_sustained_motion
trace_cream_cheese_s43_w0_10_s20d_clean_seed0_job330194,cream_cheese,43,254,9,0,0,190,3.3,1.5,1.0,0.5,0.0,0.3,0.001575,0.001195,0.00038,1,1,1,-0.00175333,4,1,,1,0.034466,1,0.000675,0,1,no_sustained_vertical_lift_type=no_sustained_motion
trace_cream_cheese_s43_w0_10_s20d_clean_seed0_job330194,cream_cheese,43,259,10,0,0,195,3.3,1.5,1.0,0.5,0.0,0.3,0.009283,0.002051,0.007232,1,1,1,-0.00016075,5,1,,1,0.034022,1,0.001151,0,1,no_sustained_vertical_lift_type=no_sustained_motion
trace_cream_cheese_s43_w0_10_s20d_clean_seed0_job330194,cream_cheese,43,265,11,0,0,201,3.3,1.5,1.0,0.5,0.0,0.3,0.006381,0.004583,0.001798,1,1,1,-6.96e-06,6,1,,1,0.031534,1,0.000616,0,1,no_sustained_vertical_lift_type=no_sustained_motion
trace_cream_cheese_s43_w0_10_s20d_clean_seed0_job330194,cream_cheese,43,275,12,0,0,211,3.8,1.5,1.0,0.5,0.5,0.3,0.004523,0.007959,-0.003436,1,1,1,-0.00026583,10,1,,1,0.031767,1,2e-05,0,1,no_sustained_vertical_lift_type=no_sustained_motion
trace_cream_cheese_s43_w0_10_s20d_clean_seed0_job330194,cream_cheese,43,278,13,0,0,214,3.8,1.5,1.0,0.5,0.5,0.3,0.009479,0.012326,-0.002847,1,1,1,-8.273e-05,3,1,,1,0.033087,1,0.0,0,1,no_sustained_vertical_lift_type=no_sustained_motion
trace_cream_cheese_s44_w0_10_s20d_clean_seed0_job330195,cream_cheese,44,50,0,0,1,,3.3,1.5,1.0,0.5,0.0,0.3,0.026221,0.026398,-0.000177,1,1,1,-3.484e-05,,1,,1,0.038137,1,0.060653,6,1,
trace_cream_cheese_s44_w0_10_s20d_clean_seed0_job330195,cream_cheese,44,105,1,0,1,,3.8,1.5,1.0,0.5,0.5,0.3,0.005414,0.007859,-0.002445,1,1,1,0.00268785,55,1,,1,0.015329,1,0.010842,5,1,
trace_cream_cheese_s44_w0_10_s20d_clean_seed0_job330195,cream_cheese,44,109,2,0,0,,3.3,1.5,1.0,0.5,0.0,0.3,0.009844,0.005748,0.004096,1,1,1,0.00219467,4,1,,1,0.015304,1,0.001968,12,1,no_sustained_vertical_lift_type=sustained_horizontal_transport
trace_cream_cheese_s44_w0_10_s20d_clean_seed0_job330195,cream_cheese,44,113,3,0,0,,3.8,1.5,1.0,0.5,0.5,0.3,0.005595,0.008751,-0.003156,1,1,1,0.00157106,4,1,,1,0.015277,1,0.003238,10,1,no_sustained_vertical_lift_type=sustained_horizontal_transport
trace_cream_cheese_s44_w0_10_s20d_clean_seed0_job330195,cream_cheese,44,116,4,0,1,,3.3,1.5,1.0,0.5,0.0,0.3,0.005794,0.004538,0.001256,1,1,1,0.00105381,3,1,,1,0.015258,1,0.008318,2,1,
trace_cream_cheese_s44_w0_10_s20d_clean_seed0_job330195,cream_cheese,44,120,5,0,0,,3.3,1.5,1.0,0.5,0.0,0.3,0.004043,0.00263,0.001413,1,1,1,0.00064232,4,1,,1,0.015247,1,0.002686,9,1,no_sustained_vertical_lift_type=sustained_horizontal_transport
trace_cream_cheese_s44_w0_10_s20d_clean_seed0_job330195,cream_cheese,44,124,6,0,0,,3.8,1.5,1.0,0.5,0.5,0.3,0.003149,0.005679,-0.00253,1,1,1,0.00021076,4,1,,1,0.015232,1,0.005132,5,1,no_sustained_vertical_lift_type=sustained_horizontal_transport
trace_cream_cheese_s44_w0_10_s20d_clean_seed0_job330195,cream_cheese,44,129,7,0,0,,3.3,1.5,1.0,0.5,0.0,0.3,0.008114,0.004195,0.003919,1,1,1,-0.00012523,5,1,,1,0.015223,1,0.003882,0,1,no_sustained_vertical_lift_type=no_sustained_motion
trace_cream_cheese_s44_w0_10_s20d_clean_seed0_job330195,cream_cheese,44,139,8,0,0,,3.3,1.5,1.0,0.5,0.0,0.3,0.016252,0.01564,0.000612,1,1,1,-0.00019712,10,1,,1,0.026509,1,0.0,0,1,no_sustained_vertical_lift_type=no_sustained_motion
trace_cream_cheese_s45_w0_10_s20d_clean_seed0_job330196,cream_cheese,45,51,0,0,1,,3.3,1.5,1.0,0.5,0.0,0.3,0.027423,0.027008,0.000415,1,1,1,-1.194e-05,,1,,1,0.01565,1,0.064313,7,1,
trace_cream_cheese_s45_w0_10_s20d_clean_seed0_job330196,cream_cheese,45,115,1,0,0,,3.3,1.5,1.0,0.5,0.0,0.3,0.012638,0.017107,-0.004469,1,1,1,0.00021577,64,1,,1,0.005366,1,0.003853,0,1,no_sustained_vertical_lift_type=no_sustained_motion
trace_cream_cheese_s45_w0_10_s20d_clean_seed0_job330196,cream_cheese,45,120,2,0,0,,3.3,1.5,1.0,0.5,0.0,0.3,0.003779,0.001562,0.002217,1,1,1,5.733e-05,5,1,,1,0.005372,1,0.001453,4,1,no_sustained_vertical_lift_type=sustained_horizontal_transport
trace_cream_cheese_s45_w0_10_s20d_clean_seed0_job330196,cream_cheese,45,125,3,0,1,,3.8,1.5,1.0,0.5,0.5,0.3,0.000872,0.000969,-9.7e-05,1,1,1,3.278e-05,5,1,,1,0.005379,1,0.006464,3,1,
trace_cream_cheese_s45_w0_10_s20d_clean_seed0_job330196,cream_cheese,45,133,4,0,1,,3.8,1.5,1.0,0.5,0.5,0.3,0.001675,0.003096,-0.001421,1,1,1,4.632e-05,8,1,,1,0.005389,1,0.005649,3,1,
trace_cream_cheese_s46_w0_10_s20d_clean_seed0_job330197,cream_cheese,46,42,0,0,1,,3.3,1.5,1.0,0.5,0.0,0.3,0.023306,0.023799,-0.000493,1,1,1,-1.962e-05,,1,,1,0.023711,1,0.045453,5,1,
trace_cream_cheese_s46_w0_10_s20d_clean_seed0_job330197,cream_cheese,46,44,1,0,1,,3.3,1.5,1.0,0.5,0.0,0.3,0.017944,0.02114,-0.003196,1,1,1,-2.546e-05,2,1,,1,0.021551,1,0.069605,7,1,
trace_cream_cheese_s46_w0_10_s20d_clean_seed0_job330197,cream_cheese,46,106,2,0,0,,3.3,1.5,1.0,0.5,0.0,0.3,0.011199,0.016513,-0.005314,1,1,1,-0.00091148,62,1,,1,0.021626,1,0.004215,7,1,no_sustained_vertical_lift_type=sustained_horizontal_transport
trace_cream_cheese_s46_w0_10_s20d_clean_seed0_job330197,cream_cheese,46,109,3,0,0,,3.3,1.5,1.0,0.5,0.0,0.3,0.003869,0.00223,0.001639,1,1,1,-0.00060604,3,1,,1,0.021627,1,0.00271,8,1,no_sustained_vertical_lift_type=sustained_horizontal_transport
trace_cream_cheese_s46_w0_10_s20d_clean_seed0_job330197,cream_cheese,46,113,4,0,0,,3.3,1.5,1.0,0.5,0.0,0.3,0.002355,0.002267,8.8e-05,1,1,1,-0.00029151,4,1,,1,0.021628,1,0.003111,0,1,no_sustained_vertical_lift_type=no_sustained_motion
trace_cream_cheese_s46_w0_10_s20d_clean_seed0_job330197,cream_cheese,46,115,5,0,0,,3.3,1.5,1.0,0.5,0.0,0.3,0.004329,0.003714,0.000615,1,1,1,-0.00022053,2,1,,1,0.021629,1,0.001547,0,1,no_sustained_vertical_lift_type=no_sustained_motion
trace_cream_cheese_s46_w0_10_s20d_clean_seed0_job330197,cream_cheese,46,121,6,0,0,,3.3,1.5,1.0,0.5,0.0,0.3,0.002545,0.001201,0.001344,1,1,1,-0.00017226,6,1,,1,0.021634,1,0.001449,0,1,no_sustained_vertical_lift_type=no_sustained_motion
trace_cream_cheese_s46_w0_10_s20d_clean_seed0_job330197,cream_cheese,46,130,7,0,0,,3.3,1.5,1.0,0.5,0.0,0.3,0.001834,0.001014,0.00082,1,1,1,-0.0001638,9,1,,1,0.02164,1,0.003602,0,1,no_sustained_vertical_lift_type=no_sustained_motion
trace_cream_cheese_s46_w0_10_s20d_clean_seed0_job330197,cream_cheese,46,141,8,0,0,,3.3,1.5,1.0,0.5,0.0,0.3,0.003927,0.001741,0.002186,1,1,1,-0.00019498,11,1,,1,0.021648,1,0.000399,0,1,no_sustained_vertical_lift_type=no_sustained_motion
trace_cream_cheese_s46_w0_10_s20d_clean_seed0_job330197,cream_cheese,46,147,9,0,0,,3.8,1.5,1.0,0.5,0.5,0.3,0.001731,0.003952,-0.002221,1,1,1,-0.00018029,6,1,,1,0.021652,1,0.004916,0,1,no_sustained_vertical_lift_type=no_sustained_motion
trace_cream_cheese_s46_w0_10_s20d_clean_seed0_job330197,cream_cheese,46,151,10,0,0,,3.3,1.5,1.0,0.5,0.0,0.3,0.003954,0.002224,0.00173,1,1,1,-0.00018152,4,1,,1,0.021655,1,0.000406,0,1,no_sustained_vertical_lift_type=no_sustained_motion
trace_cream_cheese_s46_w0_10_s20d_clean_seed0_job330197,cream_cheese,46,156,11,0,0,,3.8,1.5,1.0,0.5,0.5,0.3,0.001184,0.002727,-0.001543,1,1,1,-0.00019336,5,1,,1,0.021658,1,0.000431,0,1,no_sustained_vertical_lift_type=no_sustained_motion
trace_cream_cheese_s46_w0_10_s20d_clean_seed0_job330197,cream_cheese,46,160,12,0,0,,3.8,1.5,1.0,0.5,0.5,0.3,0.002468,0.002606,-0.000138,1,1,1,-0.00019719,4,1,,1,0.021662,1,0.000171,0,1,no_sustained_vertical_lift_type=no_sustained_motion
trace_cream_cheese_s46_w0_10_s20d_clean_seed0_job330197,cream_cheese,46,167,13,0,0,,3.3,1.5,1.0,0.5,0.0,0.3,0.001949,0.000633,0.001316,1,1,1,-0.00023132,7,1,,1,0.021668,1,0.003737,0,1,no_sustained_vertical_lift_type=no_sustained_motion
trace_cream_cheese_s46_w0_10_s20d_clean_seed0_job330197,cream_cheese,46,171,14,0,1,,3.8,1.5,1.0,0.5,0.5,0.3,0.000967,0.00109,-0.000123,1,1,1,-0.00023993,4,1,,1,0.021671,1,0.012525,2,1,
trace_cream_cheese_s46_w0_10_s20d_clean_seed0_job330197,cream_cheese,46,176,15,0,1,,3.3,1.5,1.0,0.5,0.0,0.3,0.001262,0.00083,0.000432,1,1,1,-0.00026002,5,1,,1,0.021674,1,0.023964,6,1,
trace_cream_cheese_s46_w0_10_s20d_clean_seed0_job330197,cream_cheese,46,182,16,0,1,,3.3,1.5,1.0,0.5,0.0,0.3,0.001174,0.000696,0.000478,1,1,1,-0.0002868,6,1,,1,0.021679,1,0.021828,5,1,
trace_cream_cheese_s46_w0_10_s20d_clean_seed0_job330197,cream_cheese,46,188,17,0,0,,3.3,1.5,1.0,0.5,0.0,0.3,0.013911,0.012529,0.001382,1,1,1,-0.00023746,6,1,,1,0.021915,1,0.0,0,1,no_sustained_vertical_lift_type=no_sustained_motion
trace_cream_cheese_s47_w0_10_s20d_clean_seed0_job330198,cream_cheese,47,43,0,0,1,,3.3,1.5,1.0,0.5,0.0,0.3,0.025255,0.025513,-0.000258,1,1,1,-1.748e-05,,1,,1,0.020768,1,0.076057,7,1,
trace_cream_cheese_s47_w0_10_s20d_clean_seed0_job330198,cream_cheese,47,107,1,0,1,,3.8,1.5,1.0,0.5,0.5,0.3,0.0034,0.004262,-0.000862,1,1,1,0.00120401,64,1,,1,0.021198,1,0.010708,6,1,
trace_cream_cheese_s47_w0_10_s20d_clean_seed0_job330198,cream_cheese,47,113,2,0,0,,3.3,1.5,1.0,0.5,0.0,0.3,0.007414,0.007381,3.3e-05,1,1,1,0.00039911,6,1,,1,0.0212,1,0.0,0,1,no_sustained_vertical_lift_type=no_sustained_motion
trace_cream_cheese_s48_w0_10_s20d_clean_seed0_job330199,cream_cheese,48,11,0,0,0,,3.3,1.5,1.0,0.5,0.0,0.3,0.004257,0.002814,0.001443,1,1,1,2.91e-06,,1,,1,0.337997,1,0.0,0,1,eef_not_near_object_dist=0.3380
trace_cream_cheese_s48_w0_10_s20d_clean_seed0_job330199,cream_cheese,48,16,1,0,0,,3.8,1.5,1.0,0.5,0.5,0.3,0.003242,0.004631,-0.001389,1,1,1,-3.015e-05,5,1,,1,0.335507,1,0.0,0,1,eef_not_near_object_dist=0.3355
trace_cream_cheese_s48_w0_10_s20d_clean_seed0_job330199,cream_cheese,48,25,2,0,0,,3.3,1.5,1.0,0.5,0.0,0.3,0.005283,0.004078,0.001205,1,1,1,-2.337e-05,9,1,,1,0.331191,1,0.0,0,1,eef_not_near_object_dist=0.3312
trace_cream_cheese_s48_w0_10_s20d_clean_seed0_job330199,cream_cheese,48,84,3,0,0,,3.3,1.5,1.0,0.5,0.0,0.3,0.006678,0.006501,0.000177,1,1,1,-6.474e-05,59,1,,1,0.049666,1,0.0,0,1,no_sustained_vertical_lift_type=no_sustained_motion
trace_cream_cheese_s48_w0_10_s20d_clean_seed0_job330199,cream_cheese,48,97,4,0,0,,3.3,1.5,1.0,0.5,0.0,0.3,0.018671,0.014382,0.004289,1,1,1,-0.00014693,13,1,,1,0.065566,1,0.0,0,0,no_sustained_vertical_lift_type=no_sustained_motion
trace_cream_cheese_s48_w0_10_s20d_clean_seed0_job330199,cream_cheese,48,104,5,0,0,,3.3,1.5,1.0,0.5,0.0,0.3,0.018144,0.016638,0.001506,1,1,1,-0.00017961,7,1,,1,0.098238,1,0.0,0,1,eef_not_near_object_dist=0.0982
trace_cream_cheese_s48_w0_10_s20d_clean_seed0_job330199,cream_cheese,48,159,6,0,0,,3.3,1.5,1.0,0.5,0.0,0.3,0.014906,0.021891,-0.006985,1,1,1,-3.979e-05,55,1,,1,0.412933,1,0.0,0,1,eef_not_near_object_dist=0.4129
trace_cream_cheese_s48_w0_10_s20d_clean_seed0_job330199,cream_cheese,48,166,7,0,0,,3.3,1.5,1.0,0.5,0.0,0.3,0.017568,0.015794,0.001774,1,1,1,-0.00018595,7,1,,1,0.421955,1,0.0,0,1,eef_not_near_object_dist=0.4220
trace_cream_cheese_s48_w0_10_s20d_clean_seed0_job330199,cream_cheese,48,172,8,0,0,,3.8,1.5,1.0,0.5,0.5,0.3,0.002801,0.01071,-0.007909,1,1,1,-0.00018925,6,1,,1,0.420527,1,0.0,0,1,eef_not_near_object_dist=0.4205
trace_cream_cheese_s48_w0_10_s20d_clean_seed0_job330199,cream_cheese,48,178,9,0,0,,3.3,1.5,1.0,0.5,0.0,0.3,0.007741,0.004165,0.003576,1,1,1,-0.00011782,6,1,,1,0.418635,1,0.0,0,1,eef_not_near_object_dist=0.4186
trace_cream_cheese_s48_w0_10_s20d_clean_seed0_job330199,cream_cheese,48,180,10,0,0,,3.8,1.5,1.0,0.5,0.5,0.3,0.004319,0.007647,-0.003328,1,1,1,-9.238e-05,2,1,,1,0.418393,1,0.0,0,1,eef_not_near_object_dist=0.4184
trace_cream_cheese_s48_w0_10_s20d_clean_seed0_job330199,cream_cheese,48,182,11,0,0,,3.8,1.5,1.0,0.5,0.5,0.3,0.003531,0.004622,-0.001091,1,1,1,-8.439e-05,2,1,,1,0.418754,1,0.0,0,1,eef_not_near_object_dist=0.4188
trace_cream_cheese_s48_w0_10_s20d_clean_seed0_job330199,cream_cheese,48,184,12,0,0,,3.8,1.5,1.0,0.5,0.5,0.3,0.003485,0.003991,-0.000506,1,1,1,-8.781e-05,2,1,,1,0.419385,1,0.0,0,1,eef_not_near_object_dist=0.4194
trace_cream_cheese_s48_w0_10_s20d_clean_seed0_job330199,cream_cheese,48,188,13,0,0,,3.8,1.5,1.0,0.5,0.5,0.3,0.003212,0.006496,-0.003284,1,1,1,-0.00013038,4,1,,1,0.420184,1,0.0,0,1,eef_not_near_object_dist=0.4202
trace_cream_cheese_s48_w0_10_s20d_clean_seed0_job330199,cream_cheese,48,190,14,0,0,,3.3,1.5,1.0,0.5,0.0,0.3,0.006009,0.005909,0.0001,1,1,1,-9.875e-05,2,1,,1,0.420064,1,0.0,0,1,eef_not_near_object_dist=0.4201
trace_cream_cheese_s48_w0_10_s20d_clean_seed0_job330199,cream_cheese,48,194,15,0,0,,3.3,1.5,1.0,0.5,0.0,0.3,0.010468,0.010373,9.5e-05,1,1,1,-9.476e-05,4,1,,1,0.418681,1,0.0,0,1,eef_not_near_object_dist=0.4187
trace_cream_cheese_s48_w0_10_s20d_clean_seed0_job330199,cream_cheese,48,199,16,0,0,,3.8,1.5,1.0,0.5,0.5,0.3,0.004451,0.012508,-0.008057,1,1,1,-0.0001025,5,1,,1,0.418185,1,0.0,0,1,eef_not_near_object_dist=0.4182
trace_cream_cheese_s49_w0_10_s20d_clean_seed0_job330200,cream_cheese,49,42,0,0,0,,3.3,1.5,1.0,0.5,0.0,0.3,0.028541,0.027221,0.00132,1,1,1,-2.292e-05,,1,,1,0.031173,1,0.0,0,1,no_sustained_vertical_lift_type=no_sustained_motion
trace_cream_cheese_s49_w0_10_s20d_clean_seed0_job330200,cream_cheese,49,46,1,0,0,,3.8,1.5,1.0,0.5,0.5,0.3,0.00054,0.001826,-0.001286,1,1,1,-0.00083675,4,1,,1,0.032678,1,0.008384,2,1,no_sustained_vertical_lift_type=sustained_horizontal_transport
trace_cream_cheese_s49_w0_10_s20d_clean_seed0_job330200,cream_cheese,49,48,2,0,1,,3.8,1.5,1.0,0.5,0.5,0.3,5.2e-05,0.000165,-0.000113,1,1,1,-0.00089553,2,1,,1,0.032689,1,0.025473,3,1,
trace_cream_cheese_s49_w0_10_s20d_clean_seed0_job330200,cream_cheese,49,50,3,0,1,,3.8,1.5,1.0,0.5,0.5,0.3,7.7e-05,0.000101,-2.4e-05,1,1,1,-0.00087045,2,1,,1,0.032669,1,0.047278,5,1,
trace_ketchup_s10_w0_10_s20d_clean_seed0_job330201,ketchup,10,56,0,1,1,0,3.8,1.5,1.0,0.5,0.5,0.3,0.005923,0.006444,-0.000521,1,1,1,-0.00012126,,1,,1,0.043588,1,0.01118,2,1,
trace_ketchup_s10_w0_10_s20d_clean_seed0_job330201,ketchup,10,143,1,0,0,87,3.8,1.5,1.0,0.5,0.5,0.3,0.00346,0.007761,-0.004301,1,1,1,-4.262e-05,87,1,,1,0.046572,1,0.0,0,1,no_sustained_vertical_lift_type=no_sustained_motion
trace_ketchup_s10_w0_10_s20d_clean_seed0_job330201,ketchup,10,146,2,0,0,90,3.3,1.5,1.0,0.5,0.0,0.3,0.002822,0.002224,0.000598,1,1,1,8.216e-05,3,1,,1,0.04658,1,0.00068,0,1,no_sustained_vertical_lift_type=no_sustained_motion
trace_ketchup_s10_w0_10_s20d_clean_seed0_job330201,ketchup,10,154,3,0,0,98,3.8,1.5,1.0,0.5,0.5,0.3,0.001373,0.003365,-0.001992,1,1,1,-7.107e-05,8,1,,1,0.046609,1,0.002699,0,1,no_sustained_vertical_lift_type=no_sustained_motion
trace_ketchup_s10_w0_10_s20d_clean_seed0_job330201,ketchup,10,159,4,0,0,103,3.3,1.5,1.0,0.5,0.0,0.3,0.002802,0.001438,0.001364,1,1,1,-6.139e-05,5,1,,1,0.04662,1,0.0,0,1,no_sustained_vertical_lift_type=no_sustained_motion
trace_ketchup_s10_w0_10_s20d_clean_seed0_job330201,ketchup,10,163,5,0,0,107,3.8,1.5,1.0,0.5,0.5,0.3,0.001757,0.003988,-0.002231,1,1,1,8.898e-05,4,1,,1,0.047382,1,0.0,0,1,no_sustained_vertical_lift_type=no_sustained_motion
trace_ketchup_s11_w0_10_s20d_clean_seed0_job330202,ketchup,11,43,0,0,1,,3.3,1.5,1.0,0.5,0.0,0.3,0.014467,0.020638,-0.006171,1,1,1,3.261e-05,,1,,1,0.048683,1,0.027206,5,1,
trace_ketchup_s11_w0_10_s20d_clean_seed0_job330202,ketchup,11,45,1,0,1,,3.8,1.5,1.0,0.5,0.5,0.3,0.005813,0.009074,-0.003261,1,1,1,0.00011501,2,1,,1,0.048607,1,0.047249,7,1,
trace_ketchup_s11_w0_10_s20d_clean_seed0_job330202,ketchup,11,112,2,0,0,,3.3,1.5,1.0,0.5,0.0,0.3,0.01811,0.019439,-0.001329,1,1,1,7.595e-05,67,1,,1,0.211418,1,0.0,0,1,eef_not_near_object_dist=0.2114
trace_ketchup_s11_w0_10_s20d_clean_seed0_job330202,ketchup,11,117,3,0,0,,3.8,1.5,1.0,0.5,0.5,0.3,0.00748,0.007607,-0.000127,1,1,1,0.00102546,5,1,,1,0.223535,1,0.0,0,1,eef_not_near_object_dist=0.2235
trace_ketchup_s11_w0_10_s20d_clean_seed0_job330202,ketchup,11,164,4,0,0,,3.8,1.5,1.0,0.5,0.5,0.3,0.006716,0.018137,-0.011421,1,1,1,-0.00021639,47,1,,1,0.292218,1,0.0,0,1,eef_not_near_object_dist=0.2922
trace_ketchup_s11_w0_10_s20d_clean_seed0_job330202,ketchup,11,170,5,0,0,,3.8,1.5,1.0,0.5,0.5,0.3,0.00068,0.006114,-0.005434,1,1,1,-0.00015786,6,1,,1,0.296309,1,0.0,0,1,eef_not_near_object_dist=0.2963
trace_ketchup_s11_w0_10_s20d_clean_seed0_job330202,ketchup,11,173,6,0,0,,3.8,1.5,1.0,0.5,0.5,0.3,0.003798,0.005372,-0.001574,1,1,1,-0.0001175,3,1,,1,0.299443,1,0.0,0,1,eef_not_near_object_dist=0.2994
trace_ketchup_s11_w0_10_s20d_clean_seed0_job330202,ketchup,11,223,7,0,0,,3.3,1.5,1.0,0.5,0.0,0.3,0.020654,0.017904,0.00275,1,1,1,-6.903e-05,50,1,,1,0.227429,1,0.0,0,1,eef_not_near_object_dist=0.2274
trace_ketchup_s11_w0_10_s20d_clean_seed0_job330202,ketchup,11,226,8,0,0,,3.8,1.5,1.0,0.5,0.5,0.3,0.003227,0.010709,-0.007482,1,1,1,-0.00503527,3,1,,1,0.228431,1,0.0,0,1,eef_not_near_object_dist=0.2284
trace_ketchup_s11_w0_10_s20d_clean_seed0_job330202,ketchup,11,228,9,0,0,,3.8,1.5,1.0,0.5,0.5,0.3,0.000528,0.000529,-1e-06,1,1,1,-0.00628746,2,1,,1,0.228271,1,0.0,0,1,eef_not_near_object_dist=0.2283
trace_ketchup_s11_w0_10_s20d_clean_seed0_job330202,ketchup,11,233,10,0,0,,3.8,1.5,1.0,0.5,0.5,0.3,0.000756,0.000939,-0.000183,1,1,1,-0.0033284,5,1,,1,0.229116,1,0.0,0,1,eef_not_near_object_dist=0.2291
trace_ketchup_s12_w0_10_s20d_clean_seed0_job330203,ketchup,12,37,0,0,0,-3,3.3,1.5,1.0,0.5,0.0,0.3,0.021913,0.022993,-0.00108,1,1,1,-3.358e-05,,1,,1,0.065936,1,0.00475,0,1,no_sustained_vertical_lift_type=no_sustained_motion
trace_ketchup_s12_w0_10_s20d_clean_seed0_job330203,ketchup,12,40,1,1,1,0,3.3,1.5,1.0,0.5,0.0,0.3,0.014999,0.01799,-0.002991,1,1,1,0.0001074,3,1,,1,0.051735,1,0.014547,3,1,
trace_ketchup_s12_w0_10_s20d_clean_seed0_job330203,ketchup,12,155,2,0,0,115,3.8,1.5,1.0,0.5,0.5,0.3,0.005178,0.006294,-0.001116,1,1,1,-0.00070439,115,1,,1,0.050844,1,0.0,2,1,no_sustained_vertical_lift_type=sustained_horizontal_transport
trace_ketchup_s12_w0_10_s20d_clean_seed0_job330203,ketchup,12,162,3,0,0,122,3.8,1.5,1.0,0.5,0.5,0.3,0.002257,0.003062,-0.000805,1,1,1,-2.506e-05,7,1,,1,0.053899,1,0.000487,0,1,no_sustained_vertical_lift_type=no_sustained_motion
trace_ketchup_s12_w0_10_s20d_clean_seed0_job330203,ketchup,12,166,4,0,0,126,3.8,1.5,1.0,0.5,0.5,0.3,0.000891,0.001111,-0.00022,1,1,1,0.00034827,4,1,,1,0.053586,1,0.0,2,1,no_sustained_vertical_lift_type=sustained_horizontal_transport
trace_ketchup_s12_w0_10_s20d_clean_seed0_job330203,ketchup,12,170,5,0,0,130,3.3,1.5,1.0,0.5,0.0,0.3,0.001015,0.000602,0.000413,1,1,1,0.00276762,4,1,,1,0.058045,1,0.000759,0,1,no_sustained_vertical_lift_type=no_sustained_motion
trace_ketchup_s12_w0_10_s20d_clean_seed0_job330203,ketchup,12,182,6,0,0,142,3.8,1.5,1.0,0.5,0.5,0.3,0.000399,0.000709,-0.00031,1,1,1,0.00090178,12,1,,1,0.058632,1,0.000315,0,1,no_sustained_vertical_lift_type=no_sustained_motion
trace_ketchup_s12_w0_10_s20d_clean_seed0_job330203,ketchup,12,188,7,0,0,148,3.3,1.5,1.0,0.5,0.0,0.3,0.001985,0.001975,1e-05,1,1,1,0.00058061,6,1,,1,0.058286,1,0.000491,0,1,no_sustained_vertical_lift_type=no_sustained_motion
trace_ketchup_s12_w0_10_s20d_clean_seed0_job330203,ketchup,12,191,8,0,0,151,3.8,1.5,1.0,0.5,0.5,0.3,0.001315,0.001746,-0.000431,1,1,1,0.00027009,3,1,,1,0.058286,1,0.00027,0,1,no_sustained_vertical_lift_type=no_sustained_motion
trace_ketchup_s12_w0_10_s20d_clean_seed0_job330203,ketchup,12,196,9,0,0,156,3.3,1.5,1.0,0.5,0.0,0.3,0.001605,0.001529,7.6e-05,1,1,1,-4.248e-05,5,1,,1,0.058292,1,0.000396,0,1,no_sustained_vertical_lift_type=no_sustained_motion
trace_ketchup_s12_w0_10_s20d_clean_seed0_job330203,ketchup,12,198,10,0,0,158,3.8,1.5,1.0,0.5,0.5,0.3,0.001143,0.001657,-0.000514,1,1,1,3.747e-05,2,1,,1,0.058397,1,0.000447,0,1,no_sustained_vertical_lift_type=no_sustained_motion
trace_ketchup_s12_w0_10_s20d_clean_seed0_job330203,ketchup,12,202,11,0,0,162,3.3,1.5,1.0,0.5,0.0,0.3,0.001046,0.000758,0.000288,1,1,1,0.0002719,4,1,,1,0.057959,1,0.000465,0,1,no_sustained_vertical_lift_type=no_sustained_motion
trace_ketchup_s12_w0_10_s20d_clean_seed0_job330203,ketchup,12,207,12,0,0,167,3.8,1.5,1.0,0.5,0.5,0.3,0.001505,0.001725,-0.00022,1,1,1,-0.00018747,5,1,,1,0.059325,1,0.000663,0,1,no_sustained_vertical_lift_type=no_sustained_motion
trace_ketchup_s12_w0_10_s20d_clean_seed0_job330203,ketchup,12,212,13,0,0,172,3.8,1.5,1.0,0.5,0.5,0.3,0.000838,0.001475,-0.000637,1,1,1,-1.356e-05,5,1,,1,0.059746,1,0.000583,0,1,no_sustained_vertical_lift_type=no_sustained_motion
trace_ketchup_s13_w0_10_s20d_clean_seed0_job330204,ketchup,13,7,0,0,0,-53,3.8,1.5,1.0,0.5,0.5,0.3,0.000474,0.000813,-0.000339,1,1,1,-3.12e-06,,1,,1,0.298848,1,0.0,0,1,eef_not_near_object_dist=0.2988
trace_ketchup_s13_w0_10_s20d_clean_seed0_job330204,ketchup,13,58,1,0,0,-2,3.3,1.5,1.0,0.5,0.0,0.3,0.020095,0.020258,-0.000163,1,1,1,-0.00011088,51,1,,1,0.048856,1,0.007169,4,1,no_sustained_vertical_lift_type=sustained_horizontal_transport
trace_ketchup_s13_w0_10_s20d_clean_seed0_job330204,ketchup,13,60,2,1,1,0,3.3,1.5,1.0,0.5,0.0,0.3,0.015839,0.019012,-0.003173,1,1,1,-3.58e-05,2,1,,1,0.042038,1,0.020594,4,1,
trace_ketchup_s13_w0_10_s20d_clean_seed0_job330204,ketchup,13,148,3,0,0,88,3.3,1.5,1.0,0.5,0.0,0.3,0.003578,0.002295,0.001283,1,1,1,-5.2e-07,88,1,,1,0.042893,1,0.0,0,1,no_sustained_vertical_lift_type=no_sustained_motion
trace_ketchup_s14_w0_10_s20d_clean_seed0_job330205,ketchup,14,1,0,0,0,,3.3,1.5,1.0,0.5,0.0,0.3,,,,1,1,1,-2.54e-06,,1,too_early,0,0.303171,1,0.0,0,1,eef_not_near_object_dist=0.3032
trace_ketchup_s14_w0_10_s20d_clean_seed0_job330205,ketchup,14,4,1,0,0,,3.8,1.5,1.0,0.5,0.5,0.3,0.000692,0.000798,-0.000106,1,1,1,-1.32e-06,3,1,,1,0.302899,1,0.0,0,1,eef_not_near_object_dist=0.3029
trace_ketchup_s14_w0_10_s20d_clean_seed0_job330205,ketchup,14,9,2,0,0,,3.8,1.5,1.0,0.5,0.5,0.3,0.000688,0.000892,-0.000204,1,1,1,-3.09e-06,5,1,,1,0.302264,1,0.0,0,1,eef_not_near_object_dist=0.3023
trace_ketchup_s14_w0_10_s20d_clean_seed0_job330205,ketchup,14,61,3,0,0,,3.8,1.5,1.0,0.5,0.5,0.3,0.007098,0.008723,-0.001625,1,1,1,7.837e-05,52,1,,1,0.054544,1,0.002558,8,1,no_sustained_vertical_lift_type=sustained_horizontal_transport
trace_ketchup_s14_w0_10_s20d_clean_seed0_job330205,ketchup,14,68,4,0,1,,3.8,1.5,1.0,0.5,0.5,0.3,0.004272,0.004511,-0.000239,1,1,1,0.00014788,7,1,,1,0.056914,1,0.00567,2,0,
trace_ketchup_s14_w0_10_s20d_clean_seed0_job330205,ketchup,14,71,5,0,1,,3.8,1.5,1.0,0.5,0.5,0.3,0.002414,0.002756,-0.000342,1,1,1,0.00013001,3,1,,1,0.057569,1,0.005498,2,0,
trace_ketchup_s14_w0_10_s20d_clean_seed0_job330205,ketchup,14,92,6,0,0,,3.3,1.5,1.0,0.5,0.0,0.3,0.00251,0.002373,0.000137,1,1,1,9.172e-05,21,1,,1,0.121066,1,0.0,0,1,eef_not_near_object_dist=0.1211
trace_ketchup_s14_w0_10_s20d_clean_seed0_job330205,ketchup,14,104,7,0,0,,3.8,1.5,1.0,0.5,0.5,0.3,0.000928,0.001002,-7.4e-05,1,1,1,6.976e-05,12,1,,1,0.140986,1,0.0,0,1,eef_not_near_object_dist=0.1410
trace_ketchup_s14_w0_10_s20d_clean_seed0_job330205,ketchup,14,129,8,0,0,,3.3,1.5,1.0,0.5,0.0,0.3,0.021814,0.02255,-0.000736,1,1,1,5.1e-05,25,1,,1,0.097667,1,0.0,0,1,eef_not_near_object_dist=0.0977
trace_ketchup_s14_w0_10_s20d_clean_seed0_job330205,ketchup,14,162,9,0,0,,3.8,1.5,1.0,0.5,0.5,0.3,0.000893,0.004373,-0.00348,1,1,1,-5.44e-05,33,1,,1,0.149945,1,0.0,0,1,eef_not_near_object_dist=0.1499
trace_ketchup_s14_w0_10_s20d_clean_seed0_job330205,ketchup,14,184,10,0,0,,3.3,1.5,1.0,0.5,0.0,0.3,0.020132,0.016976,0.003156,1,1,1,-9.819e-05,22,1,,1,0.129242,1,0.0,0,1,eef_not_near_object_dist=0.1292
trace_ketchup_s14_w0_10_s20d_clean_seed0_job330205,ketchup,14,209,11,0,0,,3.3,1.5,1.0,0.5,0.0,0.3,0.010666,0.01624,-0.005574,1,1,1,-9.702e-05,25,1,,1,0.163531,1,0.0,0,1,eef_not_near_object_dist=0.1635
trace_ketchup_s14_w0_10_s20d_clean_seed0_job330205,ketchup,14,228,12,0,0,,3.3,1.5,1.0,0.5,0.0,0.3,0.01548,0.011901,0.003579,1,1,1,-0.00012073,19,1,,1,0.150615,1,0.0,0,1,eef_not_near_object_dist=0.1506
trace_ketchup_s14_w0_10_s20d_clean_seed0_job330205,ketchup,14,230,13,0,0,,3.3,1.5,1.0,0.5,0.0,0.3,0.012928,0.014869,-0.001941,1,1,1,-0.00011643,2,1,,1,0.151588,1,0.0,0,1,eef_not_near_object_dist=0.1516
trace_ketchup_s14_w0_10_s20d_clean_seed0_job330205,ketchup,14,252,14,0,0,,3.3,1.5,1.0,0.5,0.0,0.3,0.016432,0.019691,-0.003259,1,1,1,-0.00012991,22,1,,1,0.173003,1,0.0,0,1,eef_not_near_object_dist=0.1730
trace_ketchup_s14_w0_10_s20d_clean_seed0_job330205,ketchup,14,254,15,0,0,,3.8,1.5,1.0,0.5,0.5,0.3,0.002243,0.010285,-0.008042,1,1,1,-0.00012463,2,1,,1,0.173069,1,0.0,0,1,eef_not_near_object_dist=0.1731
trace_ketchup_s14_w0_10_s20d_clean_seed0_job330205,ketchup,14,258,16,0,0,,3.3,1.5,1.0,0.5,0.0,0.3,0.003257,0.002484,0.000773,1,1,1,-0.00013176,4,1,,1,0.171943,1,0.0,0,1,eef_not_near_object_dist=0.1719
trace_ketchup_s14_w0_10_s20d_clean_seed0_job330205,ketchup,14,263,17,0,0,,3.3,1.5,1.0,0.5,0.0,0.3,0.0102,0.014885,-0.004685,1,1,1,-0.00013233,5,1,,1,0.177622,1,0.0,0,1,eef_not_near_object_dist=0.1776
trace_ketchup_s14_w0_10_s20d_clean_seed0_job330205,ketchup,14,269,18,0,0,,3.3,1.5,1.0,0.5,0.0,0.3,0.00074,0.000415,0.000325,1,1,1,-0.00014571,6,1,,1,0.177641,1,0.0,0,1,eef_not_near_object_dist=0.1776
trace_ketchup_s14_w0_10_s20d_clean_seed0_job330205,ketchup,14,271,19,0,0,,3.8,1.5,1.0,0.5,0.5,0.3,0.000641,0.000772,-0.000131,1,1,1,-0.00014836,2,1,,1,0.177788,1,0.0,0,1,eef_not_near_object_dist=0.1778
trace_ketchup_s14_w0_10_s20d_clean_seed0_job330205,ketchup,14,276,20,0,0,,3.8,1.5,1.0,0.5,0.5,0.3,1.8e-05,3.9e-05,-2.1e-05,1,1,1,-0.00014454,5,1,,1,0.177866,1,0.0,0,1,eef_not_near_object_dist=0.1779
trace_ketchup_s15_w0_10_s20d_clean_seed0_job330206,ketchup,15,53,0,0,1,,3.3,1.5,1.0,0.5,0.0,0.3,0.014054,0.020547,-0.006493,1,1,1,1.785e-05,,1,,1,0.055271,1,0.015272,3,1,
trace_ketchup_s15_w0_10_s20d_clean_seed0_job330206,ketchup,15,55,1,0,1,,3.8,1.5,1.0,0.5,0.5,0.3,0.006301,0.00875,-0.002449,1,1,1,7.664e-05,2,1,,1,0.051684,1,0.032495,5,1,
trace_ketchup_s16_w0_10_s20d_clean_seed0_job330207,ketchup,16,53,0,1,1,0,3.8,1.5,1.0,0.5,0.5,0.3,0.006931,0.008072,-0.001141,1,1,1,-1.99e-06,,1,,1,0.042342,1,0.043421,7,1,
trace_ketchup_s17_w0_10_s20d_clean_seed0_job330208,ketchup,17,2,0,0,0,,3.3,1.5,1.0,0.5,0.0,0.3,,,,1,1,1,-8.2e-07,,1,too_early,0,0.309637,1,0.0,0,1,eef_not_near_object_dist=0.3096
trace_ketchup_s17_w0_10_s20d_clean_seed0_job330208,ketchup,17,5,1,0,0,,3.3,1.5,1.0,0.5,0.0,0.3,0.001323,0.001301,2.2e-05,1,1,1,-6.62e-06,3,1,,1,0.309002,1,0.0,0,1,eef_not_near_object_dist=0.3090
trace_ketchup_s17_w0_10_s20d_clean_seed0_job330208,ketchup,17,55,2,0,1,,3.3,1.5,1.0,0.5,0.0,0.3,0.011112,0.018416,-0.007304,1,1,1,-3.912e-05,50,1,,1,0.042567,1,0.013579,2,1,
trace_ketchup_s17_w0_10_s20d_clean_seed0_job330208,ketchup,17,59,3,0,1,,3.3,1.5,1.0,0.5,0.0,0.3,0.005635,0.005187,0.000448,1,1,1,6.362e-05,4,1,,1,0.042506,1,0.043669,6,1,
trace_ketchup_s17_w0_10_s20d_clean_seed0_job330208,ketchup,17,143,4,0,0,,3.8,1.5,1.0,0.5,0.5,0.3,0.005013,0.011275,-0.006262,1,1,1,0.00012036,84,1,,1,0.047466,1,0.0,2,1,no_sustained_vertical_lift_type=sustained_horizontal_transport
trace_ketchup_s18_w0_10_s20d_clean_seed0_job330209,ketchup,18,52,0,0,1,,3.3,1.5,1.0,0.5,0.0,0.3,0.019082,0.028135,-0.009053,1,1,1,-5.608e-05,,1,,1,0.043372,1,0.017166,4,1,
trace_ketchup_s18_w0_10_s20d_clean_seed0_job330209,ketchup,18,55,1,0,1,,3.8,1.5,1.0,0.5,0.5,0.3,0.003419,0.004908,-0.001489,1,1,1,1.831e-05,3,1,,1,0.044054,1,0.029367,7,1,
trace_ketchup_s18_w0_10_s20d_clean_seed0_job330209,ketchup,18,137,2,0,0,,3.3,1.5,1.0,0.5,0.0,0.3,0.018844,0.026352,-0.007508,1,1,1,0.00026668,82,1,,1,0.047648,1,0.001466,6,1,no_sustained_vertical_lift_type=sustained_horizontal_transport
trace_ketchup_s18_w0_10_s20d_clean_seed0_job330209,ketchup,18,142,3,0,0,,3.8,1.5,1.0,0.5,0.5,0.3,0.001764,0.002945,-0.001181,1,1,1,0.00023348,5,1,,1,0.047647,1,0.000623,2,1,no_sustained_vertical_lift_type=sustained_horizontal_transport
trace_ketchup_s18_w0_10_s20d_clean_seed0_job330209,ketchup,18,145,4,0,0,,3.3,1.5,1.0,0.5,0.0,0.3,0.003035,0.002992,4.3e-05,1,1,1,0.00019354,3,1,,1,0.048157,1,0.0,2,1,no_sustained_vertical_lift_type=sustained_horizontal_transport
trace_ketchup_s19_w0_10_s20d_clean_seed0_job330210,ketchup,19,51,0,0,1,,3.3,1.5,1.0,0.5,0.0,0.3,0.016635,0.019947,-0.003312,1,1,1,-1.04e-06,,1,,1,0.061281,1,0.026246,4,1,
trace_ketchup_s19_w0_10_s20d_clean_seed0_job330210,ketchup,19,53,1,0,1,,3.3,1.5,1.0,0.5,0.0,0.3,0.010968,0.013353,-0.002385,1,1,1,0.00010872,2,1,,1,0.055197,1,0.043915,6,1,
trace_ketchup_s20_w0_10_s20d_clean_seed0_job330211,ketchup,20,55,0,0,1,,3.8,1.5,1.0,0.5,0.5,0.3,0.009984,0.011685,-0.001701,1,1,1,7.486e-05,,1,,1,0.046243,1,0.031462,5,1,
trace_ketchup_s20_w0_10_s20d_clean_seed0_job330211,ketchup,20,57,1,0,1,,3.8,1.5,1.0,0.5,0.5,0.3,0.005441,0.007709,-0.002268,1,1,1,0.00014589,2,1,,1,0.046824,1,0.052835,7,1,
trace_ketchup_s20_w0_10_s20d_clean_seed0_job330211,ketchup,20,138,2,0,0,,3.3,1.5,1.0,0.5,0.0,0.3,0.010418,0.018761,-0.008343,1,1,1,0.00014196,81,1,,1,0.048849,1,0.0,0,1,no_sustained_vertical_lift_type=no_sustained_motion
trace_ketchup_s21_w0_10_s20d_clean_seed0_job330212,ketchup,21,6,0,0,0,,3.8,1.5,1.0,0.5,0.5,0.3,0.001065,0.001253,-0.000188,1,1,1,-1.62e-06,,1,,1,0.303018,1,0.0,0,1,eef_not_near_object_dist=0.3030
trace_ketchup_s21_w0_10_s20d_clean_seed0_job330212,ketchup,21,52,1,0,1,,3.3,1.5,1.0,0.5,0.0,0.3,0.01566,0.02095,-0.00529,1,1,1,-3.104e-05,46,1,,1,0.043693,1,0.014721,4,1,
trace_ketchup_s21_w0_10_s20d_clean_seed0_job330212,ketchup,21,54,2,0,1,,3.8,1.5,1.0,0.5,0.5,0.3,0.008272,0.010816,-0.002544,1,1,1,9.853e-05,2,1,,1,0.043831,1,0.022152,6,1,
trace_ketchup_s22_w0_10_s20d_clean_seed0_job330213,ketchup,22,52,0,1,1,0,3.3,1.5,1.0,0.5,0.0,0.3,0.017749,0.02018,-0.002431,1,1,1,-3.026e-05,,1,,1,0.043498,1,0.021618,6,1,
trace_ketchup_s22_w0_10_s20d_clean_seed0_job330213,ketchup,22,131,1,0,0,79,3.3,1.5,1.0,0.5,0.0,0.3,0.018158,0.024145,-0.005987,1,1,1,0.0002771,79,1,,1,0.046582,1,0.0,0,1,no_sustained_vertical_lift_type=no_sustained_motion
trace_ketchup_s23_w0_10_s20d_clean_seed0_job330214,ketchup,23,51,0,1,1,0,3.3,1.5,1.0,0.5,0.0,0.3,0.016692,0.017437,-0.000745,1,1,1,-3.259e-05,,1,,1,0.058505,1,0.03109,5,1,
trace_ketchup_s23_w0_10_s20d_clean_seed0_job330214,ketchup,23,134,1,0,0,83,3.3,1.5,1.0,0.5,0.0,0.3,0.010295,0.016531,-0.006236,1,1,1,4.05e-06,83,1,,1,0.049442,1,0.0,5,1,no_sustained_vertical_lift_type=sustained_horizontal_transport
trace_ketchup_s23_w0_10_s20d_clean_seed0_job330214,ketchup,23,140,2,0,0,89,3.3,1.5,1.0,0.5,0.0,0.3,0.004345,0.003243,0.001102,1,1,1,-2.488e-05,6,1,,1,0.049441,1,0.0,0,1,no_sustained_vertical_lift_type=no_sustained_motion
trace_ketchup_s24_w0_10_s20d_clean_seed0_job330215,ketchup,24,62,0,0,1,,3.3,1.5,1.0,0.5,0.0,0.3,0.019803,0.02019,-0.000387,1,1,1,-8.734e-05,,1,,1,0.05148,1,0.027662,4,1,
trace_ketchup_s24_w0_10_s20d_clean_seed0_job330215,ketchup,24,64,1,0,1,,3.3,1.5,1.0,0.5,0.0,0.3,0.01723,0.018849,-0.001619,1,1,1,-4.796e-05,2,1,,1,0.042996,1,0.049494,7,1,
trace_ketchup_s24_w0_10_s20d_clean_seed0_job330215,ketchup,24,187,2,0,0,,3.3,1.5,1.0,0.5,0.0,0.3,0.005965,0.005478,0.000487,1,1,1,0.00081116,123,1,,1,0.07932,1,0.0,0,0,no_sustained_vertical_lift_type=no_sustained_motion
trace_ketchup_s24_w0_10_s20d_clean_seed0_job330215,ketchup,24,192,3,0,0,,3.8,1.5,1.0,0.5,0.5,0.3,0.004523,0.005928,-0.001405,1,1,1,0.00051712,5,1,,1,0.080864,1,0.0,0,1,eef_not_near_object_dist=0.0809
trace_ketchup_s24_w0_10_s20d_clean_seed0_job330215,ketchup,24,197,4,0,0,,3.8,1.5,1.0,0.5,0.5,0.3,0.005278,0.005787,-0.000509,1,1,1,0.00222681,5,1,,1,0.08225,1,0.0,0,1,eef_not_near_object_dist=0.0822
trace_ketchup_s24_w0_10_s20d_clean_seed0_job330215,ketchup,24,199,5,0,0,,3.8,1.5,1.0,0.5,0.5,0.3,0.002624,0.004008,-0.001384,1,1,1,0.00145291,2,1,,1,0.082383,1,0.0,0,1,eef_not_near_object_dist=0.0824
trace_ketchup_s24_w0_10_s20d_clean_seed0_job330215,ketchup,24,201,6,0,0,,3.3,1.5,1.0,0.5,0.0,0.3,0.002348,0.001856,0.000492,1,1,1,0.00094135,2,1,,1,0.082813,1,0.0,0,1,eef_not_near_object_dist=0.0828
trace_ketchup_s24_w0_10_s20d_clean_seed0_job330215,ketchup,24,206,7,0,0,,3.3,1.5,1.0,0.5,0.0,0.3,0.005086,0.004041,0.001045,1,1,1,0.00092856,5,1,,1,0.082887,1,0.0,0,1,eef_not_near_object_dist=0.0829
trace_ketchup_s24_w0_10_s20d_clean_seed0_job330215,ketchup,24,209,8,0,0,,3.8,1.5,1.0,0.5,0.5,0.3,0.001897,0.002091,-0.000194,1,1,1,0.00039841,3,1,,1,0.083472,1,0.0,0,1,eef_not_near_object_dist=0.0835
trace_ketchup_s24_w0_10_s20d_clean_seed0_job330215,ketchup,24,213,9,0,0,,3.8,1.5,1.0,0.5,0.5,0.3,0.001103,0.002624,-0.001521,1,1,1,0.00026137,4,1,,1,0.083779,1,0.0,0,1,eef_not_near_object_dist=0.0838
trace_ketchup_s24_w0_10_s20d_clean_seed0_job330215,ketchup,24,217,10,0,0,,3.3,1.5,1.0,0.5,0.0,0.3,0.006797,0.003679,0.003118,1,1,1,0.00023078,4,1,,1,0.082419,1,0.0,0,1,eef_not_near_object_dist=0.0824
trace_ketchup_s24_w0_10_s20d_clean_seed0_job330215,ketchup,24,222,11,0,0,,3.3,1.5,1.0,0.5,0.0,0.3,0.012078,0.008027,0.004051,1,1,1,0.00024072,5,1,,1,0.079748,1,0.00463,0,0,no_sustained_vertical_lift_type=no_sustained_motion
trace_ketchup_s24_w0_10_s20d_clean_seed0_job330215,ketchup,24,230,12,0,0,,3.8,1.5,1.0,0.5,0.5,0.3,0.003481,0.004545,-0.001064,1,1,1,0.0002669,8,1,,1,0.078377,1,0.005439,0,0,no_sustained_vertical_lift_type=no_sustained_motion
trace_ketchup_s24_w0_10_s20d_clean_seed0_job330215,ketchup,24,233,13,0,0,,3.3,1.5,1.0,0.5,0.0,0.3,0.00087,0.000836,3.4e-05,1,1,1,0.00025922,3,1,,1,0.079015,1,0.005815,3,0,no_sustained_vertical_lift_type=sustained_horizontal_transport
trace_ketchup_s25_w0_10_s20d_clean_seed0_job330216,ketchup,25,59,0,1,1,0,3.3,1.5,1.0,0.5,0.0,0.3,0.013369,0.016863,-0.003494,1,1,1,1.293e-05,,1,,1,0.062715,1,0.0279,5,1,
trace_ketchup_s25_w0_10_s20d_clean_seed0_job330216,ketchup,25,92,1,0,0,33,3.3,1.5,1.0,0.5,0.0,0.3,0.013663,0.014185,-0.000522,1,1,1,-0.00029272,33,1,,1,0.200183,1,0.0,0,1,eef_not_near_object_dist=0.2002
trace_ketchup_s25_w0_10_s20d_clean_seed0_job330216,ketchup,25,100,2,0,0,41,3.3,1.5,1.0,0.5,0.0,0.3,0.010296,0.012693,-0.002397,1,1,1,-0.0002091,8,1,,1,0.213018,1,0.0,0,1,eef_not_near_object_dist=0.2130
trace_ketchup_s25_w0_10_s20d_clean_seed0_job330216,ketchup,25,102,3,0,0,43,3.3,1.5,1.0,0.5,0.0,0.3,0.010261,0.010717,-0.000456,1,1,1,-0.00017755,2,1,,1,0.214438,1,0.0,0,1,eef_not_near_object_dist=0.2144
trace_ketchup_s25_w0_10_s20d_clean_seed0_job330216,ketchup,25,130,4,0,0,71,3.3,1.5,1.0,0.5,0.0,0.3,0.020585,0.020855,-0.00027,1,1,1,-2.765e-05,28,1,,1,0.075957,1,0.0,0,1,no_sustained_vertical_lift_type=no_sustained_motion
trace_ketchup_s25_w0_10_s20d_clean_seed0_job330216,ketchup,25,133,5,0,0,74,3.3,1.5,1.0,0.5,0.0,0.3,0.015509,0.016378,-0.000869,1,1,1,-2.137e-05,3,1,,1,0.061764,1,0.0,0,0,no_sustained_vertical_lift_type=no_sustained_motion
trace_ketchup_s25_w0_10_s20d_clean_seed0_job330216,ketchup,25,159,6,0,0,100,3.8,1.5,1.0,0.5,0.5,0.3,0.004689,0.009965,-0.005276,1,1,1,-0.00025303,26,1,,1,0.148278,1,0.0,0,1,eef_not_near_object_dist=0.1483
trace_ketchup_s25_w0_10_s20d_clean_seed0_job330216,ketchup,25,161,7,0,0,102,3.8,1.5,1.0,0.5,0.5,0.3,0.003373,0.004284,-0.000911,1,1,1,-0.00025993,2,1,,1,0.150122,1,0.0,0,1,eef_not_near_object_dist=0.1501
trace_ketchup_s25_w0_10_s20d_clean_seed0_job330216,ketchup,25,164,8,0,0,105,3.3,1.5,1.0,0.5,0.0,0.3,0.005607,0.001219,0.004388,1,1,1,-0.000298,3,1,,1,0.14475,1,0.0,0,1,eef_not_near_object_dist=0.1448
trace_ketchup_s25_w0_10_s20d_clean_seed0_job330216,ketchup,25,175,9,0,0,116,3.3,1.5,1.0,0.5,0.0,0.3,0.021239,0.021828,-0.000589,1,1,1,-8.964e-05,11,1,,1,0.085766,1,0.0,0,1,eef_not_near_object_dist=0.0858
trace_ketchup_s25_w0_10_s20d_clean_seed0_job330216,ketchup,25,184,10,0,0,125,3.3,1.5,1.0,0.5,0.0,0.3,0.017809,0.019022,-0.001213,1,1,1,-6.516e-05,9,1,,1,0.038715,1,0.004984,12,1,no_sustained_vertical_lift_type=sustained_horizontal_transport
trace_ketchup_s25_w0_10_s20d_clean_seed0_job330216,ketchup,25,217,11,0,0,158,3.3,1.5,1.0,0.5,0.0,0.3,0.01221,0.007973,0.004237,1,1,1,-0.00025543,33,1,,1,0.111889,1,0.0,0,1,eef_not_near_object_dist=0.1119
trace_ketchup_s25_w0_10_s20d_clean_seed0_job330216,ketchup,25,227,12,0,0,168,3.3,1.5,1.0,0.5,0.0,0.3,0.025257,0.025004,0.000253,1,1,1,-0.00014508,10,1,,1,0.062774,1,0.001112,0,1,no_sustained_vertical_lift_type=no_sustained_motion
trace_ketchup_s26_w0_10_s20d_clean_seed0_job330217,ketchup,26,54,0,1,1,0,3.3,1.5,1.0,0.5,0.0,0.3,0.027718,0.029698,-0.00198,1,1,1,-3.672e-05,,1,,1,0.043416,1,0.041312,7,1,
trace_ketchup_s26_w0_10_s20d_clean_seed0_job330217,ketchup,26,134,1,0,0,80,3.8,1.5,1.0,0.5,0.5,0.3,0.008455,0.018647,-0.010192,1,1,1,-5.584e-05,80,1,,1,0.045896,1,0.000278,0,1,no_sustained_vertical_lift_type=no_sustained_motion
trace_ketchup_s26_w0_10_s20d_clean_seed0_job330217,ketchup,26,137,2,0,0,83,3.8,1.5,1.0,0.5,0.5,0.3,0.00067,0.001067,-0.000397,1,1,1,1.656e-05,3,1,,1,0.045885,1,0.0,0,1,no_sustained_vertical_lift_type=no_sustained_motion
trace_ketchup_s26_w0_10_s20d_clean_seed0_job330217,ketchup,26,141,3,0,0,87,3.3,1.5,1.0,0.5,0.0,0.3,0.003905,0.001251,0.002654,1,1,1,-5.172e-05,4,1,,1,0.058765,1,0.0,0,1,no_sustained_vertical_lift_type=no_sustained_motion
trace_ketchup_s27_w0_10_s20d_clean_seed0_job330218,ketchup,27,54,0,1,1,0,3.3,1.5,1.0,0.5,0.0,0.3,0.026237,0.027207,-0.00097,1,1,1,-3.652e-05,,1,,1,0.04255,1,0.042847,7,1,
trace_ketchup_s28_w0_10_s20d_clean_seed0_job330219,ketchup,28,61,0,1,1,0,3.3,1.5,1.0,0.5,0.0,0.3,0.018616,0.022774,-0.004158,1,1,1,-4.323e-05,,1,,1,0.04255,1,0.04267,7,1,
trace_ketchup_s29_w0_10_s20d_clean_seed0_job330220,ketchup,29,0,0,0,0,,1.8,0.0,1.0,0.5,0.0,0.3,,,,1,0,1,-3.73e-06,,,too_early,0,0.294529,1,0.0,0,1,eef_not_near_object_dist=0.2945
trace_ketchup_s29_w0_10_s20d_clean_seed0_job330220,ketchup,29,2,1,0,0,,3.3,1.5,1.0,0.5,0.0,0.3,,,,1,1,1,-3.802e-05,2,1,too_early,0,0.293627,1,0.0,0,1,eef_not_near_object_dist=0.2936
trace_ketchup_s29_w0_10_s20d_clean_seed0_job330220,ketchup,29,5,2,0,0,,3.8,1.5,1.0,0.5,0.5,0.3,0.002035,0.002341,-0.000306,1,1,1,4.63e-06,3,1,,1,0.292209,1,0.0,0,1,eef_not_near_object_dist=0.2922
trace_ketchup_s29_w0_10_s20d_clean_seed0_job330220,ketchup,29,48,3,0,0,,3.3,1.5,1.0,0.5,0.0,0.3,0.015326,0.019546,-0.00422,1,1,1,-5.252e-05,43,1,,1,0.051961,1,0.001222,0,0,no_sustained_vertical_lift_type=no_sustained_motion
trace_ketchup_s29_w0_10_s20d_clean_seed0_job330220,ketchup,29,75,4,0,0,,3.8,1.5,1.0,0.5,0.5,0.3,0.000414,0.00946,-0.009046,1,1,1,-6.277e-05,27,1,,1,0.136388,1,0.0,0,1,eef_not_near_object_dist=0.1364
trace_ketchup_s29_w0_10_s20d_clean_seed0_job330220,ketchup,29,83,5,0,0,,3.3,1.5,1.0,0.5,0.0,0.3,0.006874,0.001323,0.005551,1,1,1,-8.834e-05,8,1,,1,0.141534,1,0.0,0,1,eef_not_near_object_dist=0.1415
trace_ketchup_s29_w0_10_s20d_clean_seed0_job330220,ketchup,29,88,6,0,0,,3.8,1.5,1.0,0.5,0.5,0.3,0.00429,0.009094,-0.004804,1,1,1,-8.618e-05,5,1,,1,0.147364,1,0.0,0,1,eef_not_near_object_dist=0.1474
trace_ketchup_s29_w0_10_s20d_clean_seed0_job330220,ketchup,29,92,7,0,0,,3.3,1.5,1.0,0.5,0.0,0.3,0.001039,0.000736,0.000303,1,1,1,-8.531e-05,4,1,,1,0.145964,1,0.0,0,1,eef_not_near_object_dist=0.1460
trace_ketchup_s29_w0_10_s20d_clean_seed0_job330220,ketchup,29,96,8,0,0,,3.3,1.5,1.0,0.5,0.0,0.3,0.005159,0.004325,0.000834,1,1,1,-9.172e-05,4,1,,1,0.150555,1,0.0,0,1,eef_not_near_object_dist=0.1506
trace_ketchup_s29_w0_10_s20d_clean_seed0_job330220,ketchup,29,100,9,0,0,,3.3,1.5,1.0,0.5,0.0,0.3,0.001153,0.000927,0.000226,1,1,1,-9.666e-05,4,1,,1,0.149472,1,0.0,0,1,eef_not_near_object_dist=0.1495
trace_ketchup_s29_w0_10_s20d_clean_seed0_job330220,ketchup,29,102,10,0,0,,3.8,1.5,1.0,0.5,0.5,0.3,0.001201,0.001311,-0.00011,1,1,1,-9.553e-05,2,1,,1,0.148861,1,0.0,0,1,eef_not_near_object_dist=0.1489
trace_ketchup_s29_w0_10_s20d_clean_seed0_job330220,ketchup,29,112,11,0,0,,3.3,1.5,1.0,0.5,0.0,0.3,0.00071,1.8e-05,0.000692,1,1,1,-9.441e-05,10,1,,1,0.147972,1,0.0,0,1,eef_not_near_object_dist=0.1480
trace_ketchup_s29_w0_10_s20d_clean_seed0_job330220,ketchup,29,121,12,0,0,,3.8,1.5,1.0,0.5,0.5,0.3,0.001197,0.001272,-7.5e-05,1,1,1,-9.203e-05,9,1,,1,0.145182,1,0.0,0,1,eef_not_near_object_dist=0.1452
trace_ketchup_s29_w0_10_s20d_clean_seed0_job330220,ketchup,29,127,13,0,0,,3.3,1.5,1.0,0.5,0.0,0.3,0.005484,0.002816,0.002668,1,1,1,-9.449e-05,6,1,,1,0.142147,1,0.0,0,1,eef_not_near_object_dist=0.1421
trace_ketchup_s29_w0_10_s20d_clean_seed0_job330220,ketchup,29,141,14,0,0,,3.8,1.5,1.0,0.5,0.5,0.3,0.001009,0.001202,-0.000193,1,1,1,-9.659e-05,14,1,,1,0.145725,1,0.0,0,1,eef_not_near_object_dist=0.1457
trace_ketchup_s29_w0_10_s20d_clean_seed0_job330220,ketchup,29,145,15,0,0,,3.3,1.5,1.0,0.5,0.0,0.3,0.003882,0.001231,0.002651,1,1,1,-9.149e-05,4,1,,1,0.141582,1,0.0,0,1,eef_not_near_object_dist=0.1416
trace_ketchup_s29_w0_10_s20d_clean_seed0_job330220,ketchup,29,148,16,0,0,,3.3,1.5,1.0,0.5,0.0,0.3,0.00393,0.00186,0.00207,1,1,1,-9.686e-05,3,1,,1,0.145341,1,0.0,0,1,eef_not_near_object_dist=0.1453
trace_ketchup_s29_w0_10_s20d_clean_seed0_job330220,ketchup,29,152,17,0,0,,3.3,1.5,1.0,0.5,0.0,0.3,0.000945,0.00059,0.000355,1,1,1,-9.798e-05,4,1,,1,0.144522,1,0.0,0,1,eef_not_near_object_dist=0.1445
trace_ketchup_s29_w0_10_s20d_clean_seed0_job330220,ketchup,29,162,18,0,0,,3.8,1.5,1.0,0.5,0.5,0.3,0.000904,0.001078,-0.000174,1,1,1,-9.947e-05,10,1,,1,0.14538,1,0.0,0,1,eef_not_near_object_dist=0.1454
trace_ketchup_s29_w0_10_s20d_clean_seed0_job330220,ketchup,29,164,19,0,0,,3.3,1.5,1.0,0.5,0.0,0.3,0.002865,0.000581,0.002284,1,1,1,-0.00010221,2,1,,1,0.142736,1,0.0,0,1,eef_not_near_object_dist=0.1427
trace_ketchup_s29_w0_10_s20d_clean_seed0_job330220,ketchup,29,167,20,0,0,,3.3,1.5,1.0,0.5,0.0,0.3,0.008803,0.005545,0.003258,1,1,1,-9.407e-05,3,1,,1,0.134123,1,0.0,0,1,eef_not_near_object_dist=0.1341
trace_ketchup_s29_w0_10_s20d_clean_seed0_job330220,ketchup,29,171,21,0,0,,3.8,1.5,1.0,0.5,0.5,0.3,0.000788,0.004297,-0.003509,1,1,1,-9.229e-05,4,1,,1,0.132758,1,0.0,0,1,eef_not_near_object_dist=0.1328
trace_ketchup_s29_w0_10_s20d_clean_seed0_job330220,ketchup,29,175,22,0,0,,3.8,1.5,1.0,0.5,0.5,0.3,0.000748,0.004494,-0.003746,1,1,1,-9.045e-05,4,1,,1,0.131586,1,0.0,0,1,eef_not_near_object_dist=0.1316
trace_ketchup_s29_w0_10_s20d_clean_seed0_job330220,ketchup,29,178,23,0,0,,3.3,1.5,1.0,0.5,0.0,0.3,0.00382,0.001714,0.002106,1,1,1,-4.948e-05,3,1,,1,0.135294,1,0.0,0,1,eef_not_near_object_dist=0.1353
trace_ketchup_s29_w0_10_s20d_clean_seed0_job330220,ketchup,29,182,24,0,0,,3.3,1.5,1.0,0.5,0.0,0.3,0.011504,0.009704,0.0018,1,1,1,-7.49e-05,4,1,,1,0.147326,1,0.0,0,1,eef_not_near_object_dist=0.1473
trace_ketchup_s29_w0_10_s20d_clean_seed0_job330220,ketchup,29,197,25,0,0,,3.8,1.5,1.0,0.5,0.5,0.3,2.8e-05,6e-05,-3.2e-05,1,1,1,-8.254e-05,15,1,,1,0.150887,1,0.0,0,1,eef_not_near_object_dist=0.1509
trace_ketchup_s29_w0_10_s20d_clean_seed0_job330220,ketchup,29,209,26,0,0,,3.3,1.5,1.0,0.5,0.0,0.3,0.008364,0.003264,0.0051,1,1,1,-6.753e-05,12,1,,1,0.142445,1,0.0,0,1,eef_not_near_object_dist=0.1424
trace_ketchup_s29_w0_10_s20d_clean_seed0_job330220,ketchup,29,220,27,0,0,,3.3,1.5,1.0,0.5,0.0,0.3,0.001658,0.0008,0.000858,1,1,1,-8.55e-05,11,1,,1,0.1463,1,0.0,0,1,eef_not_near_object_dist=0.1463
trace_ketchup_s29_w0_10_s20d_clean_seed0_job330220,ketchup,29,253,28,0,0,,3.3,1.5,1.0,0.5,0.0,0.3,0.00789,0.002728,0.005162,1,1,1,-7.095e-05,33,1,,1,0.140508,1,0.0,0,1,eef_not_near_object_dist=0.1405
trace_ketchup_s29_w0_10_s20d_clean_seed0_job330220,ketchup,29,259,29,0,0,,3.8,1.5,1.0,0.5,0.5,0.3,0.001006,0.006562,-0.005556,1,1,1,-7.809e-05,6,1,,1,0.145679,1,0.0,0,1,eef_not_near_object_dist=0.1457
trace_ketchup_s29_w0_10_s20d_clean_seed0_job330220,ketchup,29,275,30,0,0,,3.3,1.5,1.0,0.5,0.0,0.3,0.002729,1e-05,0.002719,1,1,1,-8.053e-05,16,1,,1,0.139619,1,0.0,0,1,eef_not_near_object_dist=0.1396
trace_ketchup_s29_w0_10_s20d_clean_seed0_job330220,ketchup,29,279,31,0,0,,3.8,1.5,1.0,0.5,0.5,0.3,0.006203,0.006399,-0.000196,1,1,1,-7.825e-05,4,1,,1,0.145258,1,0.0,0,1,eef_not_near_object_dist=0.1453
trace_ketchup_s30_w0_10_s20d_clean_seed0_job330221,ketchup,30,52,0,0,0,-4,3.3,1.5,1.0,0.5,0.0,0.3,0.0211,0.021715,-0.000615,1,1,1,3.588e-05,,1,,1,0.044314,1,0.005913,2,1,no_sustained_vertical_lift_type=sustained_horizontal_transport
trace_ketchup_s30_w0_10_s20d_clean_seed0_job330221,ketchup,30,56,1,1,1,0,3.3,1.5,1.0,0.5,0.0,0.3,0.007796,0.007751,4.5e-05,1,1,1,0.00010519,4,1,,1,0.045524,1,0.027829,5,1,
trace_ketchup_s30_w0_10_s20d_clean_seed0_job330221,ketchup,30,133,2,0,0,77,3.3,1.5,1.0,0.5,0.0,0.3,0.018819,0.02402,-0.005201,1,1,1,0.00012831,77,1,,1,0.048696,1,0.0,2,1,no_sustained_vertical_lift_type=sustained_horizontal_transport
trace_ketchup_s31_w0_10_s20d_clean_seed0_job330222,ketchup,31,52,0,0,1,,3.3,1.5,1.0,0.5,0.0,0.3,0.023677,0.028626,-0.004949,1,1,1,-2.77e-05,,1,,1,0.043106,1,0.0163,3,1,
trace_ketchup_s31_w0_10_s20d_clean_seed0_job330222,ketchup,31,54,1,0,1,,3.8,1.5,1.0,0.5,0.5,0.3,0.008368,0.014738,-0.00637,1,1,1,0.000107,2,1,,1,0.042762,1,0.027135,5,1,
trace_ketchup_s32_w0_10_s20d_clean_seed0_job330223,ketchup,32,59,0,1,1,0,3.8,1.5,1.0,0.5,0.5,0.3,0.006778,0.006857,-7.9e-05,1,1,1,-2.581e-05,,1,,1,0.042438,1,0.025456,7,1,
trace_ketchup_s33_w0_10_s20d_clean_seed0_job330224,ketchup,33,55,0,0,0,-52,3.3,1.5,1.0,0.5,0.0,0.3,0.020573,0.023068,-0.002495,1,1,1,-1.379e-05,,1,,1,0.071151,1,0.0,0,1,no_sustained_vertical_lift_type=no_sustained_motion
trace_ketchup_s33_w0_10_s20d_clean_seed0_job330224,ketchup,33,82,1,0,0,-25,3.3,1.5,1.0,0.5,0.0,0.3,0.015108,0.022615,-0.007507,1,1,1,-9.733e-05,27,1,,1,0.149243,1,0.0,0,1,eef_not_near_object_dist=0.1492
trace_ketchup_s33_w0_10_s20d_clean_seed0_job330224,ketchup,33,85,2,0,0,-22,3.8,1.5,1.0,0.5,0.5,0.3,0.000821,0.001456,-0.000635,1,1,1,-0.00012964,3,1,,1,0.149947,1,0.0,0,1,eef_not_near_object_dist=0.1499
trace_ketchup_s33_w0_10_s20d_clean_seed0_job330224,ketchup,33,90,3,0,0,-17,3.8,1.5,1.0,0.5,0.5,0.3,0.000938,0.003473,-0.002535,1,1,1,-0.00016464,5,1,,1,0.156105,1,0.0,0,1,eef_not_near_object_dist=0.1561
trace_ketchup_s33_w0_10_s20d_clean_seed0_job330224,ketchup,33,107,4,1,1,0,3.3,1.5,1.0,0.5,0.0,0.3,0.020902,0.020419,0.000483,1,1,1,-7.85e-05,17,1,,1,0.053139,1,0.033321,6,1,
trace_ketchup_s34_w0_10_s20d_clean_seed0_job330225,ketchup,34,74,0,1,1,0,3.8,1.5,1.0,0.5,0.5,0.3,0.006094,0.007026,-0.000932,1,1,1,-7.21e-06,,1,,1,0.046438,1,0.023729,6,1,
trace_ketchup_s34_w0_10_s20d_clean_seed0_job330225,ketchup,34,163,1,0,0,89,3.3,1.5,1.0,0.5,0.0,0.3,0.004773,0.002862,0.001911,1,1,1,0.00010391,89,1,,1,0.051616,1,0.0,0,1,no_sustained_vertical_lift_type=no_sustained_motion
trace_ketchup_s35_w0_10_s20d_clean_seed0_job330226,ketchup,35,55,0,1,1,0,3.3,1.5,1.0,0.5,0.0,0.3,0.024022,0.027777,-0.003755,1,1,1,-5.037e-05,,1,,1,0.042076,1,0.05561,7,1,
trace_ketchup_s35_w0_10_s20d_clean_seed0_job330226,ketchup,35,136,1,0,0,81,3.3,1.5,1.0,0.5,0.0,0.3,0.01383,0.014345,-0.000515,1,1,1,0.00047012,81,1,,1,0.046754,1,0.002023,3,1,no_sustained_vertical_lift_type=sustained_horizontal_transport
trace_ketchup_s35_w0_10_s20d_clean_seed0_job330226,ketchup,35,142,2,0,0,87,3.3,1.5,1.0,0.5,0.0,0.3,0.004782,0.004686,9.6e-05,1,1,1,0.00035315,6,1,,1,0.055325,1,0.0,0,1,no_sustained_vertical_lift_type=no_sustained_motion
trace_ketchup_s36_w0_10_s20d_clean_seed0_job330227,ketchup,36,46,0,1,1,0,3.3,1.5,1.0,0.5,0.0,0.3,0.019125,0.020721,-0.001596,1,1,1,3.505e-05,,1,,1,0.045151,1,0.009071,2,1,
trace_ketchup_s36_w0_10_s20d_clean_seed0_job330227,ketchup,36,123,1,0,0,77,3.3,1.5,1.0,0.5,0.0,0.3,0.014868,0.025556,-0.010688,1,1,1,-1.701e-05,77,1,,1,0.045857,1,0.003858,9,1,no_sustained_vertical_lift_type=sustained_horizontal_transport
trace_ketchup_s36_w0_10_s20d_clean_seed0_job330227,ketchup,36,127,2,0,0,81,3.3,1.5,1.0,0.5,0.0,0.3,0.006966,0.006886,8e-05,1,1,1,8e-06,4,1,,1,0.045859,1,0.0,3,1,no_sustained_vertical_lift_type=sustained_horizontal_transport
trace_ketchup_s36_w0_10_s20d_clean_seed0_job330227,ketchup,36,129,3,0,0,83,3.8,1.5,1.0,0.5,0.5,0.3,0.004909,0.005351,-0.000442,1,1,1,3.179e-05,2,1,,1,0.045869,1,0.0,0,1,no_sustained_vertical_lift_type=no_sustained_motion
trace_ketchup_s37_w0_10_s20d_clean_seed0_job330228,ketchup,37,3,0,0,0,,3.3,1.5,1.0,0.5,0.0,0.3,,,,1,1,1,-0.00011465,,1,,1,0.307045,1,0.0,0,1,eef_not_near_object_dist=0.3070
trace_ketchup_s37_w0_10_s20d_clean_seed0_job330228,ketchup,37,53,1,0,0,,3.3,1.5,1.0,0.5,0.0,0.3,0.013768,0.01464,-0.000872,1,1,1,4.893e-05,50,1,,1,0.049364,1,0.002028,5,0,no_sustained_vertical_lift_type=sustained_horizontal_transport
trace_ketchup_s37_w0_10_s20d_clean_seed0_job330228,ketchup,37,75,2,0,0,,3.8,1.5,1.0,0.5,0.5,0.3,0.00712,0.018227,-0.011107,1,1,1,0.00011008,22,1,,1,0.160832,1,0.0,0,1,eef_not_near_object_dist=0.1608
trace_ketchup_s37_w0_10_s20d_clean_seed0_job330228,ketchup,37,81,3,0,0,,3.8,1.5,1.0,0.5,0.5,0.3,0.007902,0.019291,-0.011389,1,1,1,9.901e-05,6,1,,1,0.183598,1,0.0,0,1,eef_not_near_object_dist=0.1836
trace_ketchup_s37_w0_10_s20d_clean_seed0_job330228,ketchup,37,83,4,0,0,,3.3,1.5,1.0,0.5,0.0,0.3,0.007832,0.006646,0.001186,1,1,1,8.624e-05,2,1,,1,0.18194,1,0.0,0,1,eef_not_near_object_dist=0.1819
trace_ketchup_s37_w0_10_s20d_clean_seed0_job330228,ketchup,37,87,5,0,0,,3.3,1.5,1.0,0.5,0.0,0.3,0.012462,0.005344,0.007118,1,1,1,9.183e-05,4,1,,1,0.174077,1,0.0,0,1,eef_not_near_object_dist=0.1741
trace_ketchup_s37_w0_10_s20d_clean_seed0_job330228,ketchup,37,103,6,0,0,,3.3,1.5,1.0,0.5,0.0,0.3,0.017689,0.02257,-0.004881,1,1,1,0.00013069,16,1,,1,0.075208,1,0.0,0,0,no_sustained_vertical_lift_type=no_sustained_motion
trace_ketchup_s37_w0_10_s20d_clean_seed0_job330228,ketchup,37,120,7,0,0,,3.3,1.5,1.0,0.5,0.0,0.3,0.014987,0.024126,-0.009139,1,1,1,0.00012638,17,1,,1,0.136436,1,0.0,0,1,eef_not_near_object_dist=0.1364
trace_ketchup_s37_w0_10_s20d_clean_seed0_job330228,ketchup,37,123,8,0,0,,3.3,1.5,1.0,0.5,0.0,0.3,0.00792,0.003863,0.004057,1,1,1,0.00010833,3,1,,1,0.130533,1,0.0,0,1,eef_not_near_object_dist=0.1305
trace_ketchup_s37_w0_10_s20d_clean_seed0_job330228,ketchup,37,130,9,0,0,,3.8,1.5,1.0,0.5,0.5,0.3,0.004329,0.016659,-0.01233,1,1,1,0.00017924,7,1,,1,0.153172,1,0.0,0,1,eef_not_near_object_dist=0.1532
trace_ketchup_s37_w0_10_s20d_clean_seed0_job330228,ketchup,37,134,10,0,0,,3.8,1.5,1.0,0.5,0.5,0.3,0.00261,0.007957,-0.005347,1,1,1,0.00017996,4,1,,1,0.156373,1,0.0,0,1,eef_not_near_object_dist=0.1564
trace_ketchup_s37_w0_10_s20d_clean_seed0_job330228,ketchup,37,136,11,0,0,,3.3,1.5,1.0,0.5,0.0,0.3,0.007112,0.004964,0.002148,1,1,1,0.00018902,2,1,,1,0.153864,1,0.0,0,1,eef_not_near_object_dist=0.1539
trace_ketchup_s37_w0_10_s20d_clean_seed0_job330228,ketchup,37,139,12,0,0,,3.8,1.5,1.0,0.5,0.5,0.3,0.002586,0.003541,-0.000955,1,1,1,0.00019483,3,1,,1,0.154176,1,0.0,0,1,eef_not_near_object_dist=0.1542
trace_ketchup_s37_w0_10_s20d_clean_seed0_job330228,ketchup,37,142,13,0,0,,3.3,1.5,1.0,0.5,0.0,0.3,0.012557,0.011128,0.001429,1,1,1,0.00016924,3,1,,1,0.142277,1,0.0,0,1,eef_not_near_object_dist=0.1423
trace_ketchup_s37_w0_10_s20d_clean_seed0_job330228,ketchup,37,145,14,0,0,,3.8,1.5,1.0,0.5,0.5,0.3,0.003341,0.00813,-0.004789,1,1,1,0.00016243,3,1,,1,0.139113,1,0.0,0,1,eef_not_near_object_dist=0.1391
trace_ketchup_s37_w0_10_s20d_clean_seed0_job330228,ketchup,37,154,15,0,0,,3.3,1.5,1.0,0.5,0.0,0.3,0.010235,0.021224,-0.010989,1,1,1,0.00018467,9,1,,1,0.166596,1,0.0,0,1,eef_not_near_object_dist=0.1666
trace_ketchup_s37_w0_10_s20d_clean_seed0_job330228,ketchup,37,158,16,0,0,,3.3,1.5,1.0,0.5,0.0,0.3,0.015567,0.010184,0.005383,1,1,1,0.00021202,4,1,,1,0.179084,1,0.0,0,1,eef_not_near_object_dist=0.1791
trace_ketchup_s37_w0_10_s20d_clean_seed0_job330228,ketchup,37,161,17,0,0,,3.3,1.5,1.0,0.5,0.0,0.3,0.009343,0.005455,0.003888,1,1,1,0.00012428,3,1,,1,0.171486,1,0.0,0,1,eef_not_near_object_dist=0.1715
trace_ketchup_s37_w0_10_s20d_clean_seed0_job330228,ketchup,37,170,18,0,0,,3.8,1.5,1.0,0.5,0.5,0.3,0.00986,0.018516,-0.008656,1,1,1,0.00014834,9,1,,1,0.191308,1,0.0,0,1,eef_not_near_object_dist=0.1913
trace_ketchup_s37_w0_10_s20d_clean_seed0_job330228,ketchup,37,174,19,0,0,,3.8,1.5,1.0,0.5,0.5,0.3,0.009908,0.016006,-0.006098,1,1,1,0.00013279,4,1,,1,0.195865,1,0.0,0,1,eef_not_near_object_dist=0.1959
trace_ketchup_s37_w0_10_s20d_clean_seed0_job330228,ketchup,37,179,20,0,0,,3.8,1.5,1.0,0.5,0.5,0.3,0.008347,0.00996,-0.001613,1,1,1,5.819e-05,5,1,,1,0.204766,1,0.0,0,1,eef_not_near_object_dist=0.2048
trace_ketchup_s37_w0_10_s20d_clean_seed0_job330228,ketchup,37,186,21,0,0,,3.8,1.5,1.0,0.5,0.5,0.3,0.008779,0.011118,-0.002339,1,1,1,4.885e-05,7,1,,1,0.223859,1,0.0,0,1,eef_not_near_object_dist=0.2239
trace_ketchup_s37_w0_10_s20d_clean_seed0_job330228,ketchup,37,212,22,0,0,,3.3,1.5,1.0,0.5,0.0,0.3,0.026048,0.026772,-0.000724,1,1,1,0.00018146,26,1,,1,0.084604,1,0.0,0,1,eef_not_near_object_dist=0.0846
trace_ketchup_s37_w0_10_s20d_clean_seed0_job330228,ketchup,37,214,23,0,0,,3.3,1.5,1.0,0.5,0.0,0.3,0.022045,0.024036,-0.001991,1,1,1,0.0002153,2,1,,1,0.071284,1,0.001722,7,1,no_sustained_vertical_lift_type=sustained_horizontal_transport
trace_ketchup_s37_w0_10_s20d_clean_seed0_job330228,ketchup,37,216,24,0,0,,3.3,1.5,1.0,0.5,0.0,0.3,0.018607,0.019402,-0.000795,1,1,1,0.00025471,2,1,,1,0.060266,1,0.002985,9,1,no_sustained_vertical_lift_type=sustained_horizontal_transport
trace_ketchup_s37_w0_10_s20d_clean_seed0_job330228,ketchup,37,221,25,0,0,,3.3,1.5,1.0,0.5,0.0,0.3,0.010339,0.013144,-0.002805,1,1,1,0.00012656,5,1,,1,0.046741,1,0.00493,5,0,no_sustained_vertical_lift_type=sustained_horizontal_transport
trace_ketchup_s37_w0_10_s20d_clean_seed0_job330228,ketchup,37,242,26,0,0,,3.3,1.5,1.0,0.5,0.0,0.3,0.012865,0.027024,-0.014159,1,1,1,-2.495e-05,21,1,,1,0.149629,1,0.0,0,1,eef_not_near_object_dist=0.1496
trace_ketchup_s37_w0_10_s20d_clean_seed0_job330228,ketchup,37,247,27,0,0,,3.8,1.5,1.0,0.5,0.5,0.3,0.007996,0.016632,-0.008636,1,1,1,-3.271e-05,5,1,,1,0.167927,1,0.0,0,1,eef_not_near_object_dist=0.1679
trace_ketchup_s38_w0_10_s20d_clean_seed0_job330229,ketchup,38,7,0,0,0,-44,3.8,1.5,1.0,0.5,0.5,0.3,0.007118,0.010241,-0.003123,1,1,1,-7.158e-05,,1,,1,0.295562,1,0.0,0,1,eef_not_near_object_dist=0.2956
trace_ketchup_s38_w0_10_s20d_clean_seed0_job330229,ketchup,38,51,1,1,1,0,3.3,1.5,1.0,0.5,0.0,0.3,0.023297,0.023351,-5.4e-05,1,1,1,-6.374e-05,44,1,,1,0.066454,1,0.04164,6,1,
trace_ketchup_s38_w0_10_s20d_clean_seed0_job330229,ketchup,38,133,2,0,0,82,3.8,1.5,1.0,0.5,0.5,0.3,0.005716,0.010742,-0.005026,1,1,1,0.00014655,82,1,,1,0.049134,1,0.0,0,1,no_sustained_vertical_lift_type=no_sustained_motion
trace_ketchup_s38_w0_10_s20d_clean_seed0_job330229,ketchup,38,135,3,0,0,84,3.8,1.5,1.0,0.5,0.5,0.3,0.002968,0.00536,-0.002392,1,1,1,0.00013172,2,1,,1,0.049143,1,0.0,0,1,no_sustained_vertical_lift_type=no_sustained_motion
trace_ketchup_s38_w0_10_s20d_clean_seed0_job330229,ketchup,38,137,4,0,0,86,3.8,1.5,1.0,0.5,0.5,0.3,0.002346,0.003653,-0.001307,1,1,1,0.000138,2,1,,1,0.049154,1,0.0,0,1,no_sustained_vertical_lift_type=no_sustained_motion
trace_ketchup_s39_w0_10_s20d_clean_seed0_job330230,ketchup,39,11,0,0,0,,3.3,1.5,1.0,0.5,0.0,0.3,0.00696,0.005155,0.001805,1,1,1,-1.853e-05,,1,,1,0.301609,1,0.0,0,1,eef_not_near_object_dist=0.3016
trace_ketchup_s39_w0_10_s20d_clean_seed0_job330230,ketchup,39,62,1,0,1,,3.3,1.5,1.0,0.5,0.0,0.3,0.016396,0.017025,-0.000629,1,1,1,-6.609e-05,51,1,,1,0.066248,1,0.009197,2,1,
trace_ketchup_s39_w0_10_s20d_clean_seed0_job330230,ketchup,39,66,2,0,1,,3.3,1.5,1.0,0.5,0.0,0.3,0.015645,0.014044,0.001601,1,1,1,1.621e-05,4,1,,1,0.047642,1,0.031836,6,1,
trace_ketchup_s40_w0_10_s20d_clean_seed0_job330231,ketchup,40,40,0,1,1,0,3.3,1.5,1.0,0.5,0.0,0.3,0.016326,0.018754,-0.002428,1,1,1,-3.245e-05,,1,,1,0.045449,1,0.020115,3,1,
trace_ketchup_s41_w0_10_s20d_clean_seed0_job330232,ketchup,41,51,0,1,1,0,3.3,1.5,1.0,0.5,0.0,0.3,0.014193,0.016633,-0.00244,1,1,1,-4.123e-05,,1,,1,0.049566,1,0.030107,5,1,
trace_ketchup_s41_w0_10_s20d_clean_seed0_job330232,ketchup,41,128,1,0,0,77,3.3,1.5,1.0,0.5,0.0,0.3,0.019338,0.025241,-0.005903,1,1,1,-0.00015305,77,1,,1,0.043671,1,0.0,8,1,no_sustained_vertical_lift_type=sustained_horizontal_transport
trace_ketchup_s41_w0_10_s20d_clean_seed0_job330232,ketchup,41,137,2,0,0,86,3.3,1.5,1.0,0.5,0.0,0.3,0.003329,0.002554,0.000775,1,1,1,3.089e-05,9,1,,1,0.048061,1,0.0,0,1,no_sustained_vertical_lift_type=no_sustained_motion
trace_ketchup_s42_w0_10_s20d_clean_seed0_job330233,ketchup,42,58,0,0,1,,3.8,1.5,1.0,0.5,0.5,0.3,0.005013,0.006063,-0.00105,1,1,1,7.666e-05,,1,,1,0.044863,1,0.026186,5,1,
trace_ketchup_s42_w0_10_s20d_clean_seed0_job330233,ketchup,42,61,1,0,1,,3.3,1.5,1.0,0.5,0.0,0.3,0.002821,0.002783,3.8e-05,1,1,1,3.839e-05,3,1,,1,0.045352,1,0.05639,8,1,
trace_ketchup_s43_w0_10_s20d_clean_seed0_job330234,ketchup,43,52,0,1,1,0,3.3,1.5,1.0,0.5,0.0,0.3,0.019636,0.023674,-0.004038,1,1,1,4.101e-05,,1,,1,0.046489,1,0.028722,6,1,
trace_ketchup_s43_w0_10_s20d_clean_seed0_job330234,ketchup,43,131,1,0,0,79,3.8,1.5,1.0,0.5,0.5,0.3,0.004086,0.010714,-0.006628,1,1,1,0.00023898,79,1,,1,0.046307,1,0.0,10,1,no_sustained_vertical_lift_type=sustained_horizontal_transport
trace_ketchup_s43_w0_10_s20d_clean_seed0_job330234,ketchup,43,137,2,0,0,85,3.8,1.5,1.0,0.5,0.5,0.3,0.005778,0.016011,-0.010233,1,1,1,0.00012293,6,1,,1,0.046368,1,0.0,0,1,no_sustained_vertical_lift_type=no_sustained_motion
trace_ketchup_s44_w0_10_s20d_clean_seed0_job330235,ketchup,44,62,0,1,1,0,3.3,1.5,1.0,0.5,0.0,0.3,0.016367,0.01728,-0.000913,1,1,1,-6.336e-05,,1,,1,0.065908,1,0.028069,5,1,
trace_ketchup_s45_w0_10_s20d_clean_seed0_job330236,ketchup,45,42,0,1,1,0,3.3,1.5,1.0,0.5,0.0,0.3,0.012043,0.018321,-0.006278,1,1,1,6.39e-06,,1,,1,0.043682,1,0.006188,2,1,
trace_ketchup_s45_w0_10_s20d_clean_seed0_job330236,ketchup,45,131,1,0,0,89,3.3,1.5,1.0,0.5,0.0,0.3,0.019969,0.029034,-0.009065,1,1,1,2.617e-05,89,1,,1,0.044629,1,0.002124,0,1,no_sustained_vertical_lift_type=no_sustained_motion
trace_ketchup_s45_w0_10_s20d_clean_seed0_job330236,ketchup,45,134,2,0,0,92,3.8,1.5,1.0,0.5,0.5,0.3,0.004045,0.004851,-0.000806,1,1,1,5.31e-05,3,1,,1,0.044624,1,0.0002,0,1,no_sustained_vertical_lift_type=no_sustained_motion
trace_ketchup_s46_w0_10_s20d_clean_seed0_job330237,ketchup,46,51,0,0,0,,3.3,1.5,1.0,0.5,0.0,0.3,0.018959,0.021901,-0.002942,1,1,1,2.871e-05,,1,,1,0.051458,1,0.002234,0,1,no_sustained_vertical_lift_type=no_sustained_motion
trace_ketchup_s47_w0_10_s20d_clean_seed0_job330238,ketchup,47,8,0,0,0,-50,3.3,1.5,1.0,0.5,0.0,0.3,0.012164,0.013937,-0.001773,1,1,1,-5.422e-05,,1,,1,0.303765,1,0.0,0,1,eef_not_near_object_dist=0.3038
trace_ketchup_s47_w0_10_s20d_clean_seed0_job330238,ketchup,47,58,1,1,1,0,3.3,1.5,1.0,0.5,0.0,0.3,0.019568,0.021768,-0.0022,1,1,1,2.43e-06,50,1,,1,0.044018,1,0.009593,2,1,
trace_ketchup_s47_w0_10_s20d_clean_seed0_job330238,ketchup,47,143,2,0,0,85,3.8,1.5,1.0,0.5,0.5,0.3,0.009384,0.01701,-0.007626,1,1,1,-2.595e-05,85,1,,1,0.043722,1,0.003377,0,1,no_sustained_vertical_lift_type=no_sustained_motion
trace_ketchup_s47_w0_10_s20d_clean_seed0_job330238,ketchup,47,147,3,0,0,89,3.3,1.5,1.0,0.5,0.0,0.3,0.005141,0.00181,0.003331,1,1,1,6.55e-06,4,1,,1,0.043721,1,0.0,0,1,no_sustained_vertical_lift_type=no_sustained_motion
trace_ketchup_s47_w0_10_s20d_clean_seed0_job330238,ketchup,47,152,4,0,0,94,3.3,1.5,1.0,0.5,0.0,0.3,0.003048,0.002583,0.000465,1,1,1,1.527e-05,5,1,,1,0.043724,1,0.0,0,1,no_sustained_vertical_lift_type=no_sustained_motion
trace_ketchup_s47_w0_10_s20d_clean_seed0_job330238,ketchup,47,155,5,0,0,97,3.8,1.5,1.0,0.5,0.5,0.3,0.001369,0.001604,-0.000235,1,1,1,2.434e-05,3,1,,1,0.048456,1,0.0,0,1,no_sustained_vertical_lift_type=no_sustained_motion
trace_ketchup_s48_w0_10_s20d_clean_seed0_job330239,ketchup,48,46,0,1,1,0,3.8,1.5,1.0,0.5,0.5,0.3,0.005648,0.005884,-0.000236,1,1,1,3.446e-05,,1,,1,0.042536,1,0.020582,6,1,
trace_ketchup_s48_w0_10_s20d_clean_seed0_job330239,ketchup,48,129,1,0,0,83,3.3,1.5,1.0,0.5,0.0,0.3,0.005425,0.005179,0.000246,1,1,1,0.00022954,83,1,,1,0.044167,1,0.0,12,1,no_sustained_vertical_lift_type=sustained_horizontal_transport
trace_ketchup_s48_w0_10_s20d_clean_seed0_job330239,ketchup,48,133,2,0,0,87,3.8,1.5,1.0,0.5,0.5,0.3,0.003597,0.007822,-0.004225,1,1,1,0.0002054,4,1,,1,0.044175,1,0.0,8,1,no_sustained_vertical_lift_type=sustained_horizontal_transport
trace_ketchup_s48_w0_10_s20d_clean_seed0_job330239,ketchup,48,136,3,0,0,90,3.3,1.5,1.0,0.5,0.0,0.3,0.003244,0.002729,0.000515,1,1,1,0.00019651,3,1,,1,0.044178,1,0.001371,5,1,no_sustained_vertical_lift_type=sustained_horizontal_transport
trace_ketchup_s49_w0_10_s20d_clean_seed0_job330240,ketchup,49,7,0,0,0,-50,3.3,1.5,1.0,0.5,0.0,0.3,0.012054,0.008,0.004054,1,1,1,-6.686e-05,,1,,1,0.302971,1,0.0,0,1,eef_not_near_object_dist=0.3030
trace_ketchup_s49_w0_10_s20d_clean_seed0_job330240,ketchup,49,57,1,1,1,0,3.8,1.5,1.0,0.5,0.5,0.3,0.004482,0.007031,-0.002549,1,1,1,-5.188e-05,50,1,,1,0.04312,1,0.03628,6,1,
trace_ketchup_s49_w0_10_s20d_clean_seed0_job330240,ketchup,49,138,2,0,0,81,3.3,1.5,1.0,0.5,0.0,0.3,0.017114,0.020488,-0.003374,1,1,1,6.917e-05,81,1,,1,0.048103,1,0.0,3,1,no_sustained_vertical_lift_type=sustained_horizontal_transport
trace_ketchup_s49_w0_10_s20d_clean_seed0_job330240,ketchup,49,141,3,0,0,84,3.8,1.5,1.0,0.5,0.5,0.3,0.007194,0.011242,-0.004048,1,1,1,7.32e-06,3,1,,1,0.048106,1,0.0,0,1,no_sustained_vertical_lift_type=no_sustained_motion
trace_milk_s10_w0_10_s20d_clean_seed0_job330241,milk,10,11,0,0,0,,3.3,1.5,1.0,0.5,0.0,0.3,0.012258,0.010024,0.002234,1,1,1,-7.179e-05,,1,,1,0.290886,1,0.0,0,1,eef_not_near_object_dist=0.2909
trace_milk_s10_w0_10_s20d_clean_seed0_job330241,milk,10,56,1,0,0,,3.3,1.5,1.0,0.5,0.0,0.3,0.01949,0.019716,-0.000226,1,1,1,-0.00023134,45,1,,1,0.085104,1,0.0,0,1,eef_not_near_object_dist=0.0851
trace_milk_s10_w0_10_s20d_clean_seed0_job330241,milk,10,78,2,0,0,,3.3,1.5,1.0,0.5,0.0,0.3,0.017441,0.02338,-0.005939,1,1,1,-0.00015882,22,1,,1,0.188372,1,0.0,0,1,eef_not_near_object_dist=0.1884
trace_milk_s10_w0_10_s20d_clean_seed0_job330241,milk,10,83,3,0,0,,3.3,1.5,1.0,0.5,0.0,0.3,0.003108,0.003004,0.000104,1,1,1,-0.00019001,5,1,,1,0.192776,1,0.0,0,1,eef_not_near_object_dist=0.1928
trace_milk_s10_w0_10_s20d_clean_seed0_job330241,milk,10,86,4,0,0,,3.3,1.5,1.0,0.5,0.0,0.3,0.012148,0.007357,0.004791,1,1,1,-0.00013177,3,1,,1,0.200435,1,0.0,0,1,eef_not_near_object_dist=0.2004
trace_milk_s10_w0_10_s20d_clean_seed0_job330241,milk,10,91,5,0,0,,3.8,1.5,1.0,0.5,0.5,0.3,0.006859,0.006864,-5e-06,1,1,1,-0.00011153,5,1,,1,0.202559,1,0.0,0,1,eef_not_near_object_dist=0.2026
trace_milk_s10_w0_10_s20d_clean_seed0_job330241,milk,10,97,6,0,0,,3.8,1.5,1.0,0.5,0.5,0.3,0.008303,0.014338,-0.006035,1,1,1,-0.00022979,6,1,,1,0.224096,1,0.0,0,1,eef_not_near_object_dist=0.2241
trace_milk_s10_w0_10_s20d_clean_seed0_job330241,milk,10,120,7,0,0,,3.3,1.5,1.0,0.5,0.0,0.3,0.020568,0.022129,-0.001561,1,1,1,-0.0001008,23,1,,1,0.1237,1,0.0,0,1,eef_not_near_object_dist=0.1237
trace_milk_s10_w0_10_s20d_clean_seed0_job330241,milk,10,129,8,0,0,,3.3,1.5,1.0,0.5,0.0,0.3,0.002625,0.00202,0.000605,1,1,1,-0.00015824,9,1,,1,0.117848,1,0.0,0,1,eef_not_near_object_dist=0.1178
trace_milk_s10_w0_10_s20d_clean_seed0_job330241,milk,10,131,9,0,0,,3.8,1.5,1.0,0.5,0.5,0.3,0.003206,0.003486,-0.00028,1,1,1,-0.00015964,2,1,,1,0.119616,1,0.0,0,1,eef_not_near_object_dist=0.1196
trace_milk_s10_w0_10_s20d_clean_seed0_job330241,milk,10,145,10,0,0,,3.3,1.5,1.0,0.5,0.0,0.3,0.016502,0.021607,-0.005105,1,1,1,-0.00016969,14,1,,1,0.149314,1,0.0,0,1,eef_not_near_object_dist=0.1493
trace_milk_s10_w0_10_s20d_clean_seed0_job330241,milk,10,153,11,0,0,,3.3,1.5,1.0,0.5,0.0,0.3,0.007956,0.005365,0.002591,1,1,1,-0.00010096,8,1,,1,0.167574,1,0.0,0,1,eef_not_near_object_dist=0.1676
trace_milk_s10_w0_10_s20d_clean_seed0_job330241,milk,10,158,12,0,0,,3.8,1.5,1.0,0.5,0.5,0.3,0.00077,0.008499,-0.007729,1,1,1,-6.98e-05,5,1,,1,0.167451,1,0.0,0,1,eef_not_near_object_dist=0.1675
trace_milk_s10_w0_10_s20d_clean_seed0_job330241,milk,10,160,13,0,0,,3.8,1.5,1.0,0.5,0.5,0.3,0.006034,0.007308,-0.001274,1,1,1,-6.551e-05,2,1,,1,0.165637,1,0.0,0,1,eef_not_near_object_dist=0.1656
trace_milk_s10_w0_10_s20d_clean_seed0_job330241,milk,10,163,14,0,0,,3.8,1.5,1.0,0.5,0.5,0.3,0.001314,0.005055,-0.003741,1,1,1,-6.25e-05,3,1,,1,0.164486,1,0.0,0,1,eef_not_near_object_dist=0.1645
trace_milk_s10_w0_10_s20d_clean_seed0_job330241,milk,10,168,15,0,0,,3.3,1.5,1.0,0.5,0.0,0.3,0.006739,0.002669,0.00407,1,1,1,1.151e-05,5,1,,1,0.162864,1,0.0,0,1,eef_not_near_object_dist=0.1629
trace_milk_s10_w0_10_s20d_clean_seed0_job330241,milk,10,172,16,0,0,,3.8,1.5,1.0,0.5,0.5,0.3,0.002528,0.002771,-0.000243,1,1,1,2.804e-05,4,1,,1,0.16063,1,0.0,0,1,eef_not_near_object_dist=0.1606
trace_milk_s10_w0_10_s20d_clean_seed0_job330241,milk,10,177,17,0,0,,3.3,1.5,1.0,0.5,0.0,0.3,0.009522,0.005025,0.004497,1,1,1,5.18e-06,5,1,,1,0.157903,1,0.0,0,1,eef_not_near_object_dist=0.1579
trace_milk_s10_w0_10_s20d_clean_seed0_job330241,milk,10,181,18,0,0,,3.8,1.5,1.0,0.5,0.5,0.3,0.001764,0.005394,-0.00363,1,1,1,7.519e-05,4,1,,1,0.156565,1,0.0,0,1,eef_not_near_object_dist=0.1566
trace_milk_s10_w0_10_s20d_clean_seed0_job330241,milk,10,183,19,0,0,,3.3,1.5,1.0,0.5,0.0,0.3,0.006728,0.005721,0.001007,1,1,1,0.00010216,2,1,,1,0.155078,1,0.0,0,1,eef_not_near_object_dist=0.1551
trace_milk_s10_w0_10_s20d_clean_seed0_job330241,milk,10,185,20,0,0,,3.8,1.5,1.0,0.5,0.5,0.3,0.000583,0.002808,-0.002225,1,1,1,0.00013515,2,1,,1,0.155225,1,0.0,0,1,eef_not_near_object_dist=0.1552
trace_milk_s10_w0_10_s20d_clean_seed0_job330241,milk,10,187,21,0,0,,3.8,1.5,1.0,0.5,0.5,0.3,0.003333,0.003739,-0.000406,1,1,1,0.00012537,2,1,,1,0.156174,1,0.0,0,1,eef_not_near_object_dist=0.1562
trace_milk_s10_w0_10_s20d_clean_seed0_job330241,milk,10,206,22,0,0,,3.3,1.5,1.0,0.5,0.0,0.3,0.008543,0.003604,0.004939,1,1,1,0.00017906,19,1,,1,0.119568,1,0.0,0,1,eef_not_near_object_dist=0.1196
trace_milk_s11_w0_10_s20d_clean_seed0_job330242,milk,11,57,0,0,1,,3.3,1.5,1.0,0.5,0.0,0.3,0.017686,0.019461,-0.001775,1,1,1,-7.838e-05,,1,,1,0.043034,1,0.040144,5,1,
trace_milk_s11_w0_10_s20d_clean_seed0_job330242,milk,11,60,1,0,1,,3.8,1.5,1.0,0.5,0.5,0.3,0.00754,0.011783,-0.004243,1,1,1,6.2e-07,3,1,,1,0.036568,1,0.076715,8,1,
trace_milk_s12_w0_10_s20d_clean_seed0_job330243,milk,12,50,0,1,1,0,3.3,1.5,1.0,0.5,0.0,0.3,0.020476,0.02693,-0.006454,1,1,1,2.605e-05,,1,,1,0.025986,1,0.071527,9,1,
trace_milk_s13_w0_10_s20d_clean_seed0_job330244,milk,13,53,0,0,0,,3.3,1.5,1.0,0.5,0.0,0.3,0.020024,0.022278,-0.002254,1,1,1,-4.875e-05,,1,,1,0.075625,1,0.0,0,0,no_sustained_vertical_lift_type=no_sustained_motion
trace_milk_s13_w0_10_s20d_clean_seed0_job330244,milk,13,82,1,0,0,,3.3,1.5,1.0,0.5,0.0,0.3,0.013912,0.011078,0.002834,1,1,1,9.491e-05,29,1,,1,0.186462,1,0.0,0,1,eef_not_near_object_dist=0.1865
trace_milk_s13_w0_10_s20d_clean_seed0_job330244,milk,13,99,2,0,0,,3.3,1.5,1.0,0.5,0.0,0.3,0.013831,0.026661,-0.01283,1,1,1,-0.00016695,17,1,,1,0.304438,1,0.0,0,1,eef_not_near_object_dist=0.3044
trace_milk_s13_w0_10_s20d_clean_seed0_job330244,milk,13,125,3,0,0,,3.3,1.5,1.0,0.5,0.0,0.3,0.023461,0.031737,-0.008276,1,1,1,-8.57e-05,26,1,,1,0.502192,1,0.0,0,1,eef_not_near_object_dist=0.5022
trace_milk_s13_w0_10_s20d_clean_seed0_job330244,milk,13,140,4,0,0,,3.3,1.5,1.0,0.5,0.0,0.3,0.011231,0.011006,0.000225,1,1,1,0.00015307,15,1,,1,0.555283,1,0.0,0,1,eef_not_near_object_dist=0.5553
trace_milk_s13_w0_10_s20d_clean_seed0_job330244,milk,13,150,5,0,0,,3.3,1.5,1.0,0.5,0.0,0.3,0.010577,0.010729,-0.000152,1,1,1,0.00011417,10,1,,1,0.554137,1,0.0,0,1,eef_not_near_object_dist=0.5541
trace_milk_s13_w0_10_s20d_clean_seed0_job330244,milk,13,152,6,0,0,,3.8,1.5,1.0,0.5,0.5,0.3,0.007162,0.00981,-0.002648,1,1,1,0.0001325,2,1,,1,0.552857,1,0.0,0,1,eef_not_near_object_dist=0.5529
trace_milk_s13_w0_10_s20d_clean_seed0_job330244,milk,13,169,7,0,0,,3.3,1.5,1.0,0.5,0.0,0.3,0.006836,0.004925,0.001911,1,1,1,0.0001969,17,1,,1,0.541694,1,0.0,0,1,eef_not_near_object_dist=0.5417
trace_milk_s13_w0_10_s20d_clean_seed0_job330244,milk,13,175,8,0,0,,3.3,1.5,1.0,0.5,0.0,0.3,0.010129,0.010357,-0.000228,1,1,1,0.0002348,6,1,,1,0.536562,1,0.0,0,1,eef_not_near_object_dist=0.5366
trace_milk_s13_w0_10_s20d_clean_seed0_job330244,milk,13,184,9,0,0,,3.8,1.5,1.0,0.5,0.5,0.3,0.006902,0.010925,-0.004023,1,1,1,0.0002349,9,1,,1,0.528689,1,0.0,0,1,eef_not_near_object_dist=0.5287
trace_milk_s13_w0_10_s20d_clean_seed0_job330244,milk,13,186,10,0,0,,3.8,1.5,1.0,0.5,0.5,0.3,0.005345,0.005652,-0.000307,1,1,1,0.00022276,2,1,,1,0.527816,1,0.0,0,1,eef_not_near_object_dist=0.5278
trace_milk_s13_w0_10_s20d_clean_seed0_job330244,milk,13,190,11,0,0,,3.8,1.5,1.0,0.5,0.5,0.3,0.003626,0.00439,-0.000764,1,1,1,0.00020122,4,1,,1,0.527125,1,0.0,0,1,eef_not_near_object_dist=0.5271
trace_milk_s13_w0_10_s20d_clean_seed0_job330244,milk,13,203,12,0,0,,3.8,1.5,1.0,0.5,0.5,0.3,0.00361,0.005663,-0.002053,1,1,1,0.00036855,13,1,,1,0.52775,1,0.0,0,1,eef_not_near_object_dist=0.5277
trace_milk_s13_w0_10_s20d_clean_seed0_job330244,milk,13,210,13,0,0,,3.3,1.5,1.0,0.5,0.0,0.3,0.00294,0.00279,0.00015,1,1,1,0.00013098,7,1,,1,0.528741,1,0.0,0,1,eef_not_near_object_dist=0.5287
trace_milk_s13_w0_10_s20d_clean_seed0_job330244,milk,13,212,14,0,0,,3.3,1.5,1.0,0.5,0.0,0.3,0.003881,0.00353,0.000351,1,1,1,0.00012747,2,1,,1,0.529558,1,0.0,0,1,eef_not_near_object_dist=0.5296
trace_milk_s13_w0_10_s20d_clean_seed0_job330244,milk,13,226,15,0,0,,3.3,1.5,1.0,0.5,0.0,0.3,0.001348,0.001086,0.000262,1,1,1,9.884e-05,14,1,,1,0.532426,1,0.0,0,1,eef_not_near_object_dist=0.5324
trace_milk_s13_w0_10_s20d_clean_seed0_job330244,milk,13,230,16,0,0,,3.3,1.5,1.0,0.5,0.0,0.3,0.001171,0.000873,0.000298,1,1,1,0.00010229,4,1,,1,0.532572,1,0.0,0,1,eef_not_near_object_dist=0.5326
trace_milk_s13_w0_10_s20d_clean_seed0_job330244,milk,13,236,17,0,0,,3.3,1.5,1.0,0.5,0.0,0.3,0.002105,0.001972,0.000133,1,1,1,0.00010587,6,1,,1,0.532886,1,0.0,0,1,eef_not_near_object_dist=0.5329
trace_milk_s14_w0_10_s20d_clean_seed0_job330245,milk,14,47,0,0,0,,3.3,1.5,1.0,0.5,0.0,0.3,0.021382,0.023,-0.001618,1,1,1,-8.551e-05,,1,,1,0.067009,1,0.0,0,0,no_sustained_vertical_lift_type=no_sustained_motion
trace_milk_s14_w0_10_s20d_clean_seed0_job330245,milk,14,68,1,0,0,,3.3,1.5,1.0,0.5,0.0,0.3,0.010168,0.020559,-0.010391,1,1,1,-0.00014072,21,1,,1,0.155764,1,0.0,0,1,eef_not_near_object_dist=0.1558
trace_milk_s14_w0_10_s20d_clean_seed0_job330245,milk,14,82,2,0,0,,3.8,1.5,1.0,0.5,0.5,0.3,0.007112,0.017253,-0.010141,1,1,1,-0.00020145,14,1,,1,0.208407,1,0.0,0,1,eef_not_near_object_dist=0.2084
trace_milk_s14_w0_10_s20d_clean_seed0_job330245,milk,14,106,3,0,0,,3.3,1.5,1.0,0.5,0.0,0.3,0.02274,0.024255,-0.001515,1,1,1,-0.00011411,24,1,,1,0.084703,1,0.0,0,1,eef_not_near_object_dist=0.0847
trace_milk_s14_w0_10_s20d_clean_seed0_job330245,milk,14,116,4,0,0,,3.3,1.5,1.0,0.5,0.0,0.3,0.011696,0.016551,-0.004855,1,1,1,-0.00016355,10,1,,1,0.092794,1,0.0,0,1,eef_not_near_object_dist=0.0928
trace_milk_s14_w0_10_s20d_clean_seed0_job330245,milk,14,130,5,0,0,,3.8,1.5,1.0,0.5,0.5,0.3,0.000705,0.003533,-0.002828,1,1,1,-0.00015024,14,1,,1,0.160028,1,0.0,0,1,eef_not_near_object_dist=0.1600
trace_milk_s14_w0_10_s20d_clean_seed0_job330245,milk,14,133,6,0,0,,3.3,1.5,1.0,0.5,0.0,0.3,0.003112,0.00024,0.002872,1,1,1,-0.00016076,3,1,,1,0.163125,1,0.0,0,1,eef_not_near_object_dist=0.1631
trace_milk_s14_w0_10_s20d_clean_seed0_job330245,milk,14,154,7,0,0,,3.3,1.5,1.0,0.5,0.0,0.3,0.018281,0.018395,-0.000114,1,1,1,-0.00011948,21,1,,1,0.085204,1,0.0,0,1,eef_not_near_object_dist=0.0852
trace_milk_s14_w0_10_s20d_clean_seed0_job330245,milk,14,158,8,0,0,,3.8,1.5,1.0,0.5,0.5,0.3,0.003964,0.008428,-0.004464,1,1,1,-0.00013479,4,1,,1,0.076827,1,0.0,0,0,no_sustained_vertical_lift_type=no_sustained_motion
trace_milk_s14_w0_10_s20d_clean_seed0_job330245,milk,14,162,9,0,0,,3.3,1.5,1.0,0.5,0.0,0.3,0.002996,0.001701,0.001295,1,1,1,-0.0001477,4,1,,1,0.079555,1,0.0,0,0,no_sustained_vertical_lift_type=no_sustained_motion
trace_milk_s14_w0_10_s20d_clean_seed0_job330245,milk,14,184,10,0,0,,3.3,1.5,1.0,0.5,0.0,0.3,0.013167,0.015962,-0.002795,1,1,1,-0.00022714,22,1,,1,0.118116,1,0.0,0,1,eef_not_near_object_dist=0.1181
trace_milk_s14_w0_10_s20d_clean_seed0_job330245,milk,14,187,11,0,0,,3.8,1.5,1.0,0.5,0.5,0.3,0.000623,0.003422,-0.002799,1,1,1,-0.00023365,3,1,,1,0.118649,1,0.0,0,1,eef_not_near_object_dist=0.1186
trace_milk_s14_w0_10_s20d_clean_seed0_job330245,milk,14,195,12,0,0,,3.3,1.5,1.0,0.5,0.0,0.3,0.000132,0.000124,8e-06,1,1,1,-0.00023834,8,1,,1,0.119198,1,0.0,0,1,eef_not_near_object_dist=0.1192
trace_milk_s14_w0_10_s20d_clean_seed0_job330245,milk,14,202,13,0,0,,3.8,1.5,1.0,0.5,0.5,0.3,0.000691,0.000729,-3.8e-05,1,1,1,-0.00024442,7,1,,1,0.120398,1,0.0,0,1,eef_not_near_object_dist=0.1204
trace_milk_s15_w0_10_s20d_clean_seed0_job330246,milk,15,39,0,0,1,,3.3,1.5,1.0,0.5,0.0,0.3,0.025312,0.025618,-0.000306,1,1,1,-0.00010224,,1,,1,0.039087,1,0.065923,7,1,
trace_milk_s15_w0_10_s20d_clean_seed0_job330246,milk,15,41,1,0,1,,3.3,1.5,1.0,0.5,0.0,0.3,0.016065,0.0208,-0.004735,1,1,1,-2.226e-05,2,1,,1,0.033996,1,0.085274,9,1,
trace_milk_s16_w0_10_s20d_clean_seed0_job330247,milk,16,5,0,0,0,,3.3,1.5,1.0,0.5,0.0,0.3,0.008833,0.008301,0.000532,1,1,1,-5.323e-05,,1,,1,0.308473,1,0.0,0,1,eef_not_near_object_dist=0.3085
trace_milk_s16_w0_10_s20d_clean_seed0_job330247,milk,16,9,1,0,0,,3.3,1.5,1.0,0.5,0.0,0.3,0.013849,0.014944,-0.001095,1,1,1,-5.687e-05,4,1,,1,0.299792,1,0.0,0,1,eef_not_near_object_dist=0.2998
trace_milk_s16_w0_10_s20d_clean_seed0_job330247,milk,16,47,2,0,0,,3.3,1.5,1.0,0.5,0.0,0.3,0.023857,0.026589,-0.002732,1,1,1,-0.00016743,38,1,,1,0.071394,1,0.0,0,0,no_sustained_vertical_lift_type=no_sustained_motion
trace_milk_s16_w0_10_s20d_clean_seed0_job330247,milk,16,73,3,0,0,,3.3,1.5,1.0,0.5,0.0,0.3,0.006512,0.002898,0.003614,1,1,1,-0.00020873,26,1,,1,0.160832,1,0.0,0,1,eef_not_near_object_dist=0.1608
trace_milk_s16_w0_10_s20d_clean_seed0_job330247,milk,16,89,4,0,0,,3.3,1.5,1.0,0.5,0.0,0.3,0.024906,0.026041,-0.001135,1,1,1,-0.00014726,16,1,,1,0.094369,1,0.0,0,1,eef_not_near_object_dist=0.0944
trace_milk_s16_w0_10_s20d_clean_seed0_job330247,milk,16,93,5,0,0,,3.3,1.5,1.0,0.5,0.0,0.3,0.013869,0.012506,0.001363,1,1,1,-0.00017152,4,1,,1,0.077178,1,0.0,0,0,no_sustained_vertical_lift_type=no_sustained_motion
trace_milk_s16_w0_10_s20d_clean_seed0_job330247,milk,16,120,6,0,0,,3.3,1.5,1.0,0.5,0.0,0.3,0.005585,0.005453,0.000132,1,1,1,-0.00026678,27,1,,1,0.168343,1,0.0,0,1,eef_not_near_object_dist=0.1683
trace_milk_s16_w0_10_s20d_clean_seed0_job330247,milk,16,126,7,0,0,,3.3,1.5,1.0,0.5,0.0,0.3,0.013408,0.016867,-0.003459,1,1,1,-0.00025571,6,1,,1,0.196618,1,0.0,0,1,eef_not_near_object_dist=0.1966
trace_milk_s16_w0_10_s20d_clean_seed0_job330247,milk,16,129,8,0,0,,3.3,1.5,1.0,0.5,0.0,0.3,0.012647,0.010687,0.00196,1,1,1,-0.0001982,3,1,,1,0.209069,1,0.0,0,1,eef_not_near_object_dist=0.2091
trace_milk_s16_w0_10_s20d_clean_seed0_job330247,milk,16,132,9,0,0,,3.3,1.5,1.0,0.5,0.0,0.3,0.014834,0.014433,0.000401,1,1,1,-0.00036551,3,1,,1,0.211096,1,0.0,0,1,eef_not_near_object_dist=0.2111
trace_milk_s16_w0_10_s20d_clean_seed0_job330247,milk,16,134,10,0,0,,3.8,1.5,1.0,0.5,0.5,0.3,0.008586,0.013756,-0.00517,1,1,1,-0.00025646,2,1,,1,0.215088,1,0.0,0,1,eef_not_near_object_dist=0.2151
trace_milk_s16_w0_10_s20d_clean_seed0_job330247,milk,16,205,11,0,0,,3.8,1.5,1.0,0.5,0.5,0.3,0.002412,0.002767,-0.000355,1,1,1,-0.00022642,71,1,,1,0.182429,1,0.0,0,1,eef_not_near_object_dist=0.1824
trace_milk_s16_w0_10_s20d_clean_seed0_job330247,milk,16,207,12,0,0,,3.3,1.5,1.0,0.5,0.0,0.3,0.004029,0.00348,0.000549,1,1,1,-0.00027319,2,1,,1,0.185102,1,0.0,0,1,eef_not_near_object_dist=0.1851
trace_milk_s16_w0_10_s20d_clean_seed0_job330247,milk,16,218,13,0,0,,3.8,1.5,1.0,0.5,0.5,0.3,0.000736,0.0009,-0.000164,1,1,1,-0.00030616,11,1,,1,0.17954,1,0.0,0,1,eef_not_near_object_dist=0.1795
trace_milk_s16_w0_10_s20d_clean_seed0_job330247,milk,16,220,14,0,0,,3.3,1.5,1.0,0.5,0.0,0.3,0.000841,0.0004,0.000441,1,1,1,-0.00030518,2,1,,1,0.180436,1,0.0,0,1,eef_not_near_object_dist=0.1804
trace_milk_s17_w0_10_s20d_clean_seed0_job330248,milk,17,65,0,0,1,,3.3,1.5,1.0,0.5,0.0,0.3,0.002164,0.002022,0.000142,1,1,1,-3.697e-05,,1,,1,0.032636,1,0.050329,7,1,
trace_milk_s17_w0_10_s20d_clean_seed0_job330248,milk,17,67,1,0,1,,3.8,1.5,1.0,0.5,0.5,0.3,0.001478,0.002025,-0.000547,1,1,1,-1.131e-05,2,1,,1,0.032862,1,0.073945,9,1,
trace_milk_s18_w0_10_s20d_clean_seed0_job330249,milk,18,49,0,0,0,,3.3,1.5,1.0,0.5,0.0,0.3,0.025568,0.027455,-0.001887,1,1,1,-7.557e-05,,1,,1,0.048456,1,0.0,0,1,no_sustained_vertical_lift_type=no_sustained_motion
trace_milk_s18_w0_10_s20d_clean_seed0_job330249,milk,18,52,1,0,0,,3.3,1.5,1.0,0.5,0.0,0.3,0.019658,0.019848,-0.00019,1,1,1,-1.05e-06,3,1,,1,0.030104,1,0.0,0,1,no_sustained_vertical_lift_type=no_sustained_motion
trace_milk_s18_w0_10_s20d_clean_seed0_job330249,milk,18,60,2,0,1,,3.8,1.5,1.0,0.5,0.5,0.3,0.002603,0.003222,-0.000619,1,1,1,6.98e-06,8,1,,1,0.028683,1,0.019863,3,1,
trace_milk_s18_w0_10_s20d_clean_seed0_job330249,milk,18,63,3,0,1,,3.3,1.5,1.0,0.5,0.0,0.3,0.001489,0.00136,0.000129,1,1,1,-3.953e-05,3,1,,1,0.029435,1,0.045542,6,1,
trace_milk_s18_w0_10_s20d_clean_seed0_job330249,milk,18,66,4,0,1,,3.8,1.5,1.0,0.5,0.5,0.3,0.000445,0.000729,-0.000284,1,1,1,-8.457e-05,3,1,,1,0.029766,1,0.079586,9,1,
trace_milk_s19_w0_10_s20d_clean_seed0_job330250,milk,19,47,0,0,1,,3.3,1.5,1.0,0.5,0.0,0.3,0.021768,0.022188,-0.00042,1,1,1,-0.00010319,,1,,1,0.039572,1,0.034209,6,1,
trace_milk_s19_w0_10_s20d_clean_seed0_job330250,milk,19,50,1,0,1,,3.3,1.5,1.0,0.5,0.0,0.3,0.016439,0.019848,-0.003409,1,1,1,-1.691e-05,3,1,,1,0.029244,1,0.064757,9,1,
trace_milk_s20_w0_10_s20d_clean_seed0_job330251,milk,20,45,0,1,1,0,3.3,1.5,1.0,0.5,0.0,0.3,0.020425,0.021315,-0.00089,1,1,1,-9.613e-05,,1,,1,0.031837,1,0.083314,9,1,
trace_milk_s21_w0_10_s20d_clean_seed0_job330252,milk,21,55,0,0,0,,3.3,1.5,1.0,0.5,0.0,0.3,0.029278,0.029566,-0.000288,1,1,1,-9.182e-05,,1,,1,0.061471,1,0.001603,5,1,no_sustained_vertical_lift_type=sustained_horizontal_transport
trace_milk_s21_w0_10_s20d_clean_seed0_job330252,milk,21,60,1,0,1,,3.3,1.5,1.0,0.5,0.0,0.3,0.01742,0.017877,-0.000457,1,1,1,3.792e-05,5,1,,1,0.034888,1,0.011625,2,1,
trace_milk_s21_w0_10_s20d_clean_seed0_job330252,milk,21,66,2,0,1,,3.8,1.5,1.0,0.5,0.5,0.3,0.004456,0.007208,-0.002752,1,1,1,5.753e-05,6,1,,1,0.027971,1,0.071419,8,1,
trace_milk_s22_w0_10_s20d_clean_seed0_job330253,milk,22,45,0,1,1,0,3.3,1.5,1.0,0.5,0.0,0.3,0.023332,0.026114,-0.002782,1,1,1,2.043e-05,,1,,1,0.047602,1,0.074949,8,1,
trace_milk_s23_w0_10_s20d_clean_seed0_job330254,milk,23,49,0,0,0,,3.3,1.5,1.0,0.5,0.0,0.3,0.029217,0.031073,-0.001856,1,1,1,5.283e-05,,1,,1,0.08102,1,0.0,0,1,eef_not_near_object_dist=0.0810
trace_milk_s23_w0_10_s20d_clean_seed0_job330254,milk,23,63,1,0,0,,3.3,1.5,1.0,0.5,0.0,0.3,0.012683,0.013336,-0.000653,1,1,1,0.00029092,14,1,,1,0.070843,1,0.0,0,0,no_sustained_vertical_lift_type=no_sustained_motion
trace_milk_s23_w0_10_s20d_clean_seed0_job330254,milk,23,66,2,0,0,,3.3,1.5,1.0,0.5,0.0,0.3,0.005834,0.005465,0.000369,1,1,1,0.00026356,3,1,,1,0.071868,1,0.0,0,0,no_sustained_vertical_lift_type=no_sustained_motion
trace_milk_s23_w0_10_s20d_clean_seed0_job330254,milk,23,78,3,0,0,,3.3,1.5,1.0,0.5,0.0,0.3,0.013891,0.015897,-0.002006,1,1,1,7.75e-05,12,1,,1,0.141268,1,0.0,0,1,eef_not_near_object_dist=0.1413
trace_milk_s23_w0_10_s20d_clean_seed0_job330254,milk,23,88,4,0,0,,3.3,1.5,1.0,0.5,0.0,0.3,0.004354,0.002571,0.001783,1,1,1,3.594e-05,10,1,,1,0.158377,1,0.0,0,1,eef_not_near_object_dist=0.1584
trace_milk_s23_w0_10_s20d_clean_seed0_job330254,milk,23,93,5,0,0,,3.3,1.5,1.0,0.5,0.0,0.3,0.003947,0.000976,0.002971,1,1,1,-1.72e-06,5,1,,1,0.152449,1,0.0,0,1,eef_not_near_object_dist=0.1524
trace_milk_s23_w0_10_s20d_clean_seed0_job330254,milk,23,96,6,0,0,,3.8,1.5,1.0,0.5,0.5,0.3,0.00179,0.005057,-0.003267,1,1,1,6.09e-06,3,1,,1,0.153959,1,0.0,0,1,eef_not_near_object_dist=0.1540
trace_milk_s23_w0_10_s20d_clean_seed0_job330254,milk,23,118,7,0,0,,3.3,1.5,1.0,0.5,0.0,0.3,0.013207,0.015192,-0.001985,1,1,1,-2.943e-05,22,1,,1,0.048476,1,0.001442,0,1,no_sustained_vertical_lift_type=no_sustained_motion
trace_milk_s23_w0_10_s20d_clean_seed0_job330254,milk,23,121,8,0,0,,3.3,1.5,1.0,0.5,0.0,0.3,0.015543,0.012548,0.002995,1,1,1,-0.00011767,3,1,,1,0.035315,1,0.003066,0,1,no_sustained_vertical_lift_type=no_sustained_motion
trace_milk_s24_w0_10_s20d_clean_seed0_job330255,milk,24,4,0,0,0,,3.8,1.5,1.0,0.5,0.5,0.3,0.002247,0.003286,-0.001039,1,1,1,-1.436e-05,,1,,1,0.334555,1,0.0,0,1,eef_not_near_object_dist=0.3346
trace_milk_s24_w0_10_s20d_clean_seed0_job330255,milk,24,7,1,0,0,,3.8,1.5,1.0,0.5,0.5,0.3,0.003377,0.004444,-0.001067,1,1,1,-0.00024986,3,1,,1,0.334468,1,0.0,0,1,eef_not_near_object_dist=0.3345
trace_milk_s24_w0_10_s20d_clean_seed0_job330255,milk,24,12,2,0,0,,3.3,1.5,1.0,0.5,0.0,0.3,0.012211,0.005993,0.006218,1,1,1,-0.00032241,5,1,,1,0.331524,1,0.0,0,1,eef_not_near_object_dist=0.3315
trace_milk_s24_w0_10_s20d_clean_seed0_job330255,milk,24,22,3,0,0,,3.3,1.5,1.0,0.5,0.0,0.3,0.010492,0.011074,-0.000582,1,1,1,-9.191e-05,10,1,,1,0.313044,1,0.0,0,1,eef_not_near_object_dist=0.3130
trace_milk_s24_w0_10_s20d_clean_seed0_job330255,milk,24,26,4,0,0,,3.3,1.5,1.0,0.5,0.0,0.3,0.008212,0.007252,0.00096,1,1,1,0.00014604,4,1,,1,0.315402,1,0.0,0,1,eef_not_near_object_dist=0.3154
trace_milk_s24_w0_10_s20d_clean_seed0_job330255,milk,24,75,5,0,0,,3.3,1.5,1.0,0.5,0.0,0.3,0.023884,0.020441,0.003443,1,1,1,-0.00010155,49,1,,1,0.105834,1,0.0,0,1,eef_not_near_object_dist=0.1058
trace_milk_s24_w0_10_s20d_clean_seed0_job330255,milk,24,92,6,0,0,,3.3,1.5,1.0,0.5,0.0,0.3,0.01107,0.009843,0.001227,1,1,1,-0.00019799,17,1,,1,0.114739,1,0.0,0,1,eef_not_near_object_dist=0.1147
trace_milk_s24_w0_10_s20d_clean_seed0_job330255,milk,24,106,7,0,0,,3.3,1.5,1.0,0.5,0.0,0.3,0.007206,0.006312,0.000894,1,1,1,-0.00032478,14,1,,1,0.175464,1,0.0,0,1,eef_not_near_object_dist=0.1755
trace_milk_s24_w0_10_s20d_clean_seed0_job330255,milk,24,127,8,0,0,,3.3,1.5,1.0,0.5,0.0,0.3,0.024636,0.023348,0.001288,1,1,1,-0.00027448,21,1,,1,0.094959,1,0.0,0,1,eef_not_near_object_dist=0.0950
trace_milk_s24_w0_10_s20d_clean_seed0_job330255,milk,24,185,9,0,0,,3.3,1.5,1.0,0.5,0.0,0.3,0.017142,0.017933,-0.000791,1,1,1,-0.00037529,58,1,,1,0.099042,1,0.0,0,1,eef_not_near_object_dist=0.0990
trace_milk_s24_w0_10_s20d_clean_seed0_job330255,milk,24,225,10,0,0,,3.3,1.5,1.0,0.5,0.0,0.3,0.013988,0.017782,-0.003794,1,1,1,-0.0003851,40,1,,1,0.121315,1,0.0,0,1,eef_not_near_object_dist=0.1213
trace_milk_s24_w0_10_s20d_clean_seed0_job330255,milk,24,248,11,0,0,,3.8,1.5,1.0,0.5,0.5,0.3,0.004353,0.011784,-0.007431,1,1,1,-0.00042502,23,1,,1,0.170546,1,0.0,0,1,eef_not_near_object_dist=0.1705
trace_milk_s24_w0_10_s20d_clean_seed0_job330255,milk,24,262,12,0,0,,3.3,1.5,1.0,0.5,0.0,0.3,0.01959,0.015904,0.003686,1,1,1,-0.00037661,14,1,,1,0.158602,1,0.0,0,1,eef_not_near_object_dist=0.1586
trace_milk_s24_w0_10_s20d_clean_seed0_job330255,milk,24,266,13,0,0,,3.8,1.5,1.0,0.5,0.5,0.3,0.002137,0.002825,-0.000688,1,1,1,-0.00039167,4,1,,1,0.155454,1,0.0,0,1,eef_not_near_object_dist=0.1555
trace_milk_s24_w0_10_s20d_clean_seed0_job330255,milk,24,271,14,0,0,,3.8,1.5,1.0,0.5,0.5,0.3,0.000309,0.009743,-0.009434,1,1,1,-0.00037633,5,1,,1,0.158421,1,0.0,0,1,eef_not_near_object_dist=0.1584
trace_milk_s24_w0_10_s20d_clean_seed0_job330255,milk,24,273,15,0,0,,3.8,1.5,1.0,0.5,0.5,0.3,0.003261,0.006479,-0.003218,1,1,1,-0.00041626,2,1,,1,0.159815,1,0.0,0,1,eef_not_near_object_dist=0.1598
trace_milk_s24_w0_10_s20d_clean_seed0_job330255,milk,24,276,16,0,0,,3.8,1.5,1.0,0.5,0.5,0.3,0.00161,0.007264,-0.005654,1,1,1,-0.0003906,3,1,,1,0.15906,1,0.0,0,1,eef_not_near_object_dist=0.1591
trace_milk_s25_w0_10_s20d_clean_seed0_job330256,milk,25,48,0,1,1,0,3.3,1.5,1.0,0.5,0.0,0.3,0.017661,0.020511,-0.00285,1,1,1,-1.942e-05,,1,,1,0.056176,1,0.076411,8,1,
trace_milk_s25_w0_10_s20d_clean_seed0_job330256,milk,25,125,1,0,0,77,3.3,1.5,1.0,0.5,0.0,0.3,0.017532,0.02614,-0.008608,1,1,1,0.00099609,77,1,,1,0.040893,1,0.0,0,1,no_sustained_vertical_lift_type=no_sustained_motion
trace_milk_s26_w0_10_s20d_clean_seed0_job330257,milk,26,54,0,1,1,0,3.3,1.5,1.0,0.5,0.0,0.3,0.02017,0.020497,-0.000327,1,1,1,-1.842e-05,,1,,1,0.041167,1,0.074007,8,1,
trace_milk_s27_w0_10_s20d_clean_seed0_job330258,milk,27,53,0,0,1,,3.3,1.5,1.0,0.5,0.0,0.3,0.026725,0.02989,-0.003165,1,1,1,-2.919e-05,,1,,1,0.059481,1,0.014172,4,1,
trace_milk_s27_w0_10_s20d_clean_seed0_job330258,milk,27,55,1,0,1,,3.3,1.5,1.0,0.5,0.0,0.3,0.018498,0.021375,-0.002877,1,1,1,-7.61e-06,2,1,,1,0.047715,1,0.022938,6,1,
trace_milk_s27_w0_10_s20d_clean_seed0_job330258,milk,27,58,2,0,1,,3.3,1.5,1.0,0.5,0.0,0.3,0.012371,0.017075,-0.004704,1,1,1,0.0001117,3,1,,1,0.036556,1,0.048341,9,1,
trace_milk_s28_w0_10_s20d_clean_seed0_job330259,milk,28,47,0,1,1,0,3.3,1.5,1.0,0.5,0.0,0.3,0.026316,0.030402,-0.004086,1,1,1,1.235e-05,,1,,1,0.03601,1,0.067094,8,1,
trace_milk_s29_w0_10_s20d_clean_seed0_job330260,milk,29,47,0,0,0,,3.3,1.5,1.0,0.5,0.0,0.3,0.024715,0.026209,-0.001494,1,1,1,-0.00012502,,1,,1,0.072824,1,0.0,0,0,no_sustained_vertical_lift_type=no_sustained_motion
trace_milk_s29_w0_10_s20d_clean_seed0_job330260,milk,29,49,1,0,0,,3.3,1.5,1.0,0.5,0.0,0.3,0.018987,0.022235,-0.003248,1,1,1,-8.707e-05,2,1,,1,0.06236,1,0.0,0,0,no_sustained_vertical_lift_type=no_sustained_motion
trace_milk_s29_w0_10_s20d_clean_seed0_job330260,milk,29,68,2,0,0,,3.8,1.5,1.0,0.5,0.5,0.3,0.00261,0.013327,-0.010717,1,1,1,-0.00010152,19,1,,1,0.170645,1,0.0,0,1,eef_not_near_object_dist=0.1706
trace_milk_s29_w0_10_s20d_clean_seed0_job330260,milk,29,76,3,0,0,,3.3,1.5,1.0,0.5,0.0,0.3,0.01364,0.016404,-0.002764,1,1,1,-0.00013107,8,1,,1,0.204384,1,0.0,0,1,eef_not_near_object_dist=0.2044
trace_milk_s29_w0_10_s20d_clean_seed0_job330260,milk,29,82,4,0,0,,3.8,1.5,1.0,0.5,0.5,0.3,0.005167,0.006633,-0.001466,1,1,1,-9.196e-05,6,1,,1,0.209667,1,0.0,0,1,eef_not_near_object_dist=0.2097
trace_milk_s29_w0_10_s20d_clean_seed0_job330260,milk,29,84,5,0,0,,3.8,1.5,1.0,0.5,0.5,0.3,0.002731,0.003111,-0.00038,1,1,1,-0.00010118,2,1,,1,0.210479,1,0.0,0,1,eef_not_near_object_dist=0.2105
trace_milk_s29_w0_10_s20d_clean_seed0_job330260,milk,29,96,6,0,0,,3.8,1.5,1.0,0.5,0.5,0.3,0.000563,0.000599,-3.6e-05,1,1,1,-0.00011196,12,1,,1,0.21318,1,0.0,0,1,eef_not_near_object_dist=0.2132
trace_milk_s29_w0_10_s20d_clean_seed0_job330260,milk,29,107,7,0,0,,3.3,1.5,1.0,0.5,0.0,0.3,0.001368,0.001167,0.000201,1,1,1,-0.00010431,11,1,,1,0.210306,1,0.0,0,1,eef_not_near_object_dist=0.2103
trace_milk_s29_w0_10_s20d_clean_seed0_job330260,milk,29,110,8,0,0,,3.3,1.5,1.0,0.5,0.0,0.3,0.000803,0.000794,9e-06,1,1,1,-0.00010956,3,1,,1,0.210762,1,0.0,0,1,eef_not_near_object_dist=0.2108
trace_milk_s29_w0_10_s20d_clean_seed0_job330260,milk,29,117,9,0,0,,3.8,1.5,1.0,0.5,0.5,0.3,0.001731,0.003189,-0.001458,1,1,1,-0.00011672,7,1,,1,0.21104,1,0.0,0,1,eef_not_near_object_dist=0.2110
trace_milk_s29_w0_10_s20d_clean_seed0_job330260,milk,29,122,10,0,0,,3.8,1.5,1.0,0.5,0.5,0.3,0.001105,0.001913,-0.000808,1,1,1,-0.00010993,5,1,,1,0.210784,1,0.0,0,1,eef_not_near_object_dist=0.2108
trace_milk_s29_w0_10_s20d_clean_seed0_job330260,milk,29,124,11,0,0,,3.3,1.5,1.0,0.5,0.0,0.3,0.00314,0.002066,0.001074,1,1,1,-0.00017324,2,1,,1,0.213295,1,0.0,0,1,eef_not_near_object_dist=0.2133
trace_milk_s29_w0_10_s20d_clean_seed0_job330260,milk,29,128,12,0,0,,3.8,1.5,1.0,0.5,0.5,0.3,0.007155,0.007163,-8e-06,1,1,1,-0.00016498,4,1,,1,0.220573,1,0.0,0,1,eef_not_near_object_dist=0.2206
trace_milk_s29_w0_10_s20d_clean_seed0_job330260,milk,29,159,13,0,0,,3.3,1.5,1.0,0.5,0.0,0.3,0.025126,0.023979,0.001147,1,1,1,-0.00010668,31,1,,1,0.075701,1,0.0,0,0,no_sustained_vertical_lift_type=no_sustained_motion
trace_milk_s29_w0_10_s20d_clean_seed0_job330260,milk,29,181,14,0,0,,3.3,1.5,1.0,0.5,0.0,0.3,0.010475,0.011951,-0.001476,1,1,1,-0.00027592,22,1,,1,0.139174,1,0.0,0,1,eef_not_near_object_dist=0.1392
trace_milk_s29_w0_10_s20d_clean_seed0_job330260,milk,29,185,15,0,0,,3.8,1.5,1.0,0.5,0.5,0.3,0.002727,0.005572,-0.002845,1,1,1,-0.00024126,4,1,,1,0.144978,1,0.0,0,1,eef_not_near_object_dist=0.1450
trace_milk_s29_w0_10_s20d_clean_seed0_job330260,milk,29,187,16,0,0,,3.8,1.5,1.0,0.5,0.5,0.3,0.001082,0.001756,-0.000674,1,1,1,-0.00023521,2,1,,1,0.145138,1,0.0,0,1,eef_not_near_object_dist=0.1451
trace_milk_s29_w0_10_s20d_clean_seed0_job330260,milk,29,190,17,0,0,,3.3,1.5,1.0,0.5,0.0,0.3,0.00261,0.002271,0.000339,1,1,1,-0.00023854,3,1,,1,0.147725,1,0.0,0,1,eef_not_near_object_dist=0.1477
trace_milk_s29_w0_10_s20d_clean_seed0_job330260,milk,29,203,18,0,0,,3.3,1.5,1.0,0.5,0.0,0.3,0.018757,0.01735,0.001407,1,1,1,-0.00020684,13,1,,1,0.106615,1,0.0,0,1,eef_not_near_object_dist=0.1066
trace_milk_s29_w0_10_s20d_clean_seed0_job330260,milk,29,228,19,0,0,,3.3,1.5,1.0,0.5,0.0,0.3,0.016063,0.01776,-0.001697,1,1,1,-0.00022153,25,1,,1,0.083015,1,0.0,0,1,eef_not_near_object_dist=0.0830
trace_milk_s29_w0_10_s20d_clean_seed0_job330260,milk,29,239,20,0,0,,3.3,1.5,1.0,0.5,0.0,0.3,0.010523,0.014003,-0.00348,1,1,1,-0.00022914,11,1,,1,0.103305,1,0.0,0,1,eef_not_near_object_dist=0.1033
trace_milk_s29_w0_10_s20d_clean_seed0_job330260,milk,29,241,21,0,0,,3.8,1.5,1.0,0.5,0.5,0.3,0.005056,0.006404,-0.001348,1,1,1,-0.00022781,2,1,,1,0.10687,1,0.0,0,1,eef_not_near_object_dist=0.1069
trace_milk_s29_w0_10_s20d_clean_seed0_job330260,milk,29,248,22,0,0,,3.8,1.5,1.0,0.5,0.5,0.3,0.004175,0.009453,-0.005278,1,1,1,-0.00022095,7,1,,1,0.122433,1,0.0,0,1,eef_not_near_object_dist=0.1224
trace_milk_s29_w0_10_s20d_clean_seed0_job330260,milk,29,254,23,0,0,,3.8,1.5,1.0,0.5,0.5,0.3,0.002302,0.006222,-0.00392,1,1,1,-0.00017586,6,1,,1,0.122955,1,0.0,0,1,eef_not_near_object_dist=0.1230
trace_milk_s30_w0_10_s20d_clean_seed0_job330261,milk,30,43,0,1,1,0,3.3,1.5,1.0,0.5,0.0,0.3,0.018523,0.019815,-0.001292,1,1,1,2.42e-06,,1,,1,0.047956,1,0.014141,3,1,
trace_milk_s31_w0_10_s20d_clean_seed0_job330262,milk,31,40,0,1,1,0,3.3,1.5,1.0,0.5,0.0,0.3,0.018122,0.021673,-0.003551,1,1,1,-0.0001112,,1,,1,0.050887,1,0.065688,7,1,
trace_milk_s31_w0_10_s20d_clean_seed0_job330262,milk,31,118,1,0,0,78,3.3,1.5,1.0,0.5,0.0,0.3,0.012968,0.016146,-0.003178,1,1,1,0.00033028,78,1,,1,0.042571,1,0.0,0,1,no_sustained_vertical_lift_type=no_sustained_motion
trace_milk_s32_w0_10_s20d_clean_seed0_job330263,milk,32,49,0,1,1,0,3.3,1.5,1.0,0.5,0.0,0.3,0.024238,0.024201,3.7e-05,1,1,1,-8.897e-05,,1,,1,0.046571,1,0.089069,9,1,
trace_milk_s33_w0_10_s20d_clean_seed0_job330264,milk,33,79,0,1,1,0,3.3,1.5,1.0,0.5,0.0,0.3,0.0256,0.025914,-0.000314,1,1,1,-3.824e-05,,1,,1,0.030837,1,0.051609,7,1,
trace_milk_s34_w0_10_s20d_clean_seed0_job330265,milk,34,43,0,0,1,,3.3,1.5,1.0,0.5,0.0,0.3,0.018,0.023188,-0.005188,1,1,1,1.739e-05,,1,,1,0.043375,1,0.024477,4,1,
trace_milk_s34_w0_10_s20d_clean_seed0_job330265,milk,34,45,1,0,1,,3.3,1.5,1.0,0.5,0.0,0.3,0.010366,0.013168,-0.002802,1,1,1,0.00012161,2,1,,1,0.037681,1,0.043853,6,1,
trace_milk_s34_w0_10_s20d_clean_seed0_job330265,milk,34,121,2,0,0,,3.3,1.5,1.0,0.5,0.0,0.3,0.019577,0.023545,-0.003968,1,1,1,0.0014156,76,1,,1,0.033536,1,0.0,0,1,no_sustained_vertical_lift_type=no_sustained_motion
trace_milk_s35_w0_10_s20d_clean_seed0_job330266,milk,35,54,0,1,1,0,3.3,1.5,1.0,0.5,0.0,0.3,0.022053,0.022661,-0.000608,1,1,1,-4.881e-05,,1,,1,0.058357,1,0.089276,9,1,
trace_milk_s36_w0_10_s20d_clean_seed0_job330267,milk,36,51,0,1,1,0,3.3,1.5,1.0,0.5,0.0,0.3,0.026088,0.028458,-0.00237,1,1,1,5.088e-05,,1,,1,0.030443,1,0.055505,8,1,
trace_milk_s37_w0_10_s20d_clean_seed0_job330268,milk,37,53,0,1,1,0,3.3,1.5,1.0,0.5,0.0,0.3,0.01294,0.014315,-0.001375,1,1,1,7.413e-05,,1,,1,0.041822,1,0.020704,4,1,
trace_milk_s37_w0_10_s20d_clean_seed0_job330268,milk,37,135,1,0,0,82,3.3,1.5,1.0,0.5,0.0,0.3,0.029191,0.030414,-0.001223,1,1,1,0.00130258,82,1,,1,0.031607,1,0.0,0,1,no_sustained_vertical_lift_type=no_sustained_motion
trace_milk_s38_w0_10_s20d_clean_seed0_job330269,milk,38,51,0,1,1,0,3.3,1.5,1.0,0.5,0.0,0.3,0.025724,0.025553,0.000171,1,1,1,-9.89e-06,,1,,1,0.07703,1,0.035961,5,1,
trace_milk_s39_w0_10_s20d_clean_seed0_job330270,milk,39,6,0,0,0,-45,3.3,1.5,1.0,0.5,0.0,0.3,0.006893,0.006598,0.000295,1,1,1,-4.166e-05,,1,,1,0.295438,1,0.0,0,1,eef_not_near_object_dist=0.2954
trace_milk_s39_w0_10_s20d_clean_seed0_job330270,milk,39,51,1,1,1,0,3.3,1.5,1.0,0.5,0.0,0.3,0.023064,0.023445,-0.000381,1,1,1,-5.471e-05,45,1,,1,0.039321,1,0.078585,9,1,
trace_milk_s39_w0_10_s20d_clean_seed0_job330270,milk,39,129,2,0,0,78,3.3,1.5,1.0,0.5,0.0,0.3,0.020706,0.028136,-0.00743,1,1,1,0.00302758,78,1,,1,0.031458,1,0.0,6,1,no_sustained_vertical_lift_type=sustained_horizontal_transport
trace_milk_s39_w0_10_s20d_clean_seed0_job330270,milk,39,134,3,0,0,83,3.3,1.5,1.0,0.5,0.0,0.3,0.02524,0.028635,-0.003395,1,1,1,0.00311304,5,1,,1,0.031466,1,0.0,0,1,no_sustained_vertical_lift_type=no_sustained_motion
trace_milk_s40_w0_10_s20d_clean_seed0_job330271,milk,40,47,0,1,1,0,3.3,1.5,1.0,0.5,0.0,0.3,0.020577,0.020911,-0.000334,1,1,1,-9.859e-05,,1,,1,0.035614,1,0.083497,9,1,
trace_milk_s41_w0_10_s20d_clean_seed0_job330272,milk,41,55,0,1,1,0,3.3,1.5,1.0,0.5,0.0,0.3,0.022862,0.024302,-0.00144,1,1,1,4.49e-06,,1,,1,0.040288,1,0.092367,9,1,
trace_milk_s42_w0_10_s20d_clean_seed0_job330273,milk,42,0,0,0,0,,1.8,0.0,1.0,0.5,0.0,0.3,,,,1,0,1,-3.6e-06,,,too_early,0,0.323527,1,0.0,0,1,eef_not_near_object_dist=0.3235
trace_milk_s42_w0_10_s20d_clean_seed0_job330273,milk,42,3,1,0,0,,3.3,1.5,1.0,0.5,0.0,0.3,,,,1,1,1,-2.978e-05,3,1,,1,0.324132,1,0.0,0,1,eef_not_near_object_dist=0.3241
trace_milk_s42_w0_10_s20d_clean_seed0_job330273,milk,42,5,2,0,0,,3.3,1.5,1.0,0.5,0.0,0.3,0.005157,0.001829,0.003328,1,1,1,3.603e-05,2,1,,1,0.330075,1,0.0,0,1,eef_not_near_object_dist=0.3301
trace_milk_s42_w0_10_s20d_clean_seed0_job330273,milk,42,9,3,0,0,,3.3,1.5,1.0,0.5,0.0,0.3,0.007633,0.005623,0.00201,1,1,1,-0.00012903,4,1,,1,0.329114,1,0.0,0,1,eef_not_near_object_dist=0.3291
trace_milk_s42_w0_10_s20d_clean_seed0_job330273,milk,42,62,4,0,1,,3.3,1.5,1.0,0.5,0.0,0.3,0.029892,0.027648,0.002244,1,1,1,5.573e-05,53,1,,1,0.040167,1,0.020465,5,1,
trace_milk_s42_w0_10_s20d_clean_seed0_job330273,milk,42,64,5,0,1,,3.3,1.5,1.0,0.5,0.0,0.3,0.026756,0.0299,-0.003144,1,1,1,3.675e-05,2,1,,1,0.028077,1,0.036909,8,1,
trace_milk_s42_w0_10_s20d_clean_seed0_job330273,milk,42,89,6,0,1,,2.8,1.5,1.0,0.0,0.0,0.3,0.042769,0.041359,0.00141,1,1,1,0.00548169,25,1,,1,0.025188,1,0.059767,14,1,
trace_milk_s43_w0_10_s20d_clean_seed0_job330274,milk,43,46,0,1,1,0,3.3,1.5,1.0,0.5,0.0,0.3,0.018905,0.021838,-0.002933,1,1,1,3.274e-05,,1,,1,0.040211,1,0.079886,8,1,
trace_milk_s44_w0_10_s20d_clean_seed0_job330275,milk,44,52,0,0,0,,3.3,1.5,1.0,0.5,0.0,0.3,0.019722,0.021124,-0.001402,1,1,1,0.00032299,,1,,1,0.058028,1,0.001277,0,0,no_sustained_vertical_lift_type=no_sustained_motion
trace_milk_s44_w0_10_s20d_clean_seed0_job330275,milk,44,74,1,0,0,,3.8,1.5,1.0,0.5,0.5,0.3,0.005665,0.017823,-0.012158,1,1,1,-0.00013035,22,1,,1,0.160705,1,0.0,0,1,eef_not_near_object_dist=0.1607
trace_milk_s44_w0_10_s20d_clean_seed0_job330275,milk,44,78,2,0,0,,3.8,1.5,1.0,0.5,0.5,0.3,0.001674,0.005094,-0.00342,1,1,1,-0.00013416,4,1,,1,0.162161,1,0.0,0,1,eef_not_near_object_dist=0.1622
trace_milk_s44_w0_10_s20d_clean_seed0_job330275,milk,44,80,3,0,0,,3.3,1.5,1.0,0.5,0.0,0.3,0.007748,0.005083,0.002665,1,1,1,-0.00013202,2,1,,1,0.157907,1,0.0,0,1,eef_not_near_object_dist=0.1579
trace_milk_s44_w0_10_s20d_clean_seed0_job330275,milk,44,98,4,0,0,,3.3,1.5,1.0,0.5,0.0,0.3,0.017815,0.020488,-0.002673,1,1,1,-0.00010832,18,1,,1,0.079668,1,0.0,0,0,no_sustained_vertical_lift_type=no_sustained_motion
trace_milk_s44_w0_10_s20d_clean_seed0_job330275,milk,44,118,5,0,0,,3.3,1.5,1.0,0.5,0.0,0.3,0.019168,0.021768,-0.0026,1,1,1,-0.00023091,20,1,,1,0.175955,1,0.0,0,1,eef_not_near_object_dist=0.1760
trace_milk_s44_w0_10_s20d_clean_seed0_job330275,milk,44,123,6,0,0,,3.8,1.5,1.0,0.5,0.5,0.3,0.009991,0.01053,-0.000539,1,1,1,-0.00017795,5,1,,1,0.190031,1,0.0,0,1,eef_not_near_object_dist=0.1900
trace_milk_s44_w0_10_s20d_clean_seed0_job330275,milk,44,128,7,0,0,,3.8,1.5,1.0,0.5,0.5,0.3,0.008867,0.00931,-0.000443,1,1,1,-0.00031522,5,1,,1,0.201308,1,0.0,0,1,eef_not_near_object_dist=0.2013
trace_milk_s44_w0_10_s20d_clean_seed0_job330275,milk,44,131,8,0,0,,3.3,1.5,1.0,0.5,0.0,0.3,0.017183,0.012886,0.004297,1,1,1,-0.00012875,3,1,,1,0.217392,1,0.0,0,1,eef_not_near_object_dist=0.2174
trace_milk_s44_w0_10_s20d_clean_seed0_job330275,milk,44,162,9,0,0,,3.3,1.5,1.0,0.5,0.0,0.3,0.019053,0.020754,-0.001701,1,1,1,-0.00016605,31,1,,1,0.148059,1,0.0,0,1,eef_not_near_object_dist=0.1481
trace_milk_s44_w0_10_s20d_clean_seed0_job330275,milk,44,165,10,0,0,,3.8,1.5,1.0,0.5,0.5,0.3,0.002504,0.007519,-0.005015,1,1,1,-0.00018209,3,1,,1,0.147726,1,0.0,0,1,eef_not_near_object_dist=0.1477
trace_milk_s44_w0_10_s20d_clean_seed0_job330275,milk,44,174,11,0,0,,3.3,1.5,1.0,0.5,0.0,0.3,0.012216,0.013777,-0.001561,1,1,1,-0.00025941,9,1,,1,0.168988,1,0.0,0,1,eef_not_near_object_dist=0.1690
trace_milk_s44_w0_10_s20d_clean_seed0_job330275,milk,44,183,12,0,0,,3.3,1.5,1.0,0.5,0.0,0.3,0.016773,0.019369,-0.002596,1,1,1,-0.00021679,9,1,,1,0.213651,1,0.0,0,1,eef_not_near_object_dist=0.2137
trace_milk_s44_w0_10_s20d_clean_seed0_job330275,milk,44,200,13,0,0,,3.3,1.5,1.0,0.5,0.0,0.3,0.017793,0.018475,-0.000682,1,1,1,-0.00014612,17,1,,1,0.179164,1,0.0,0,1,eef_not_near_object_dist=0.1792
trace_milk_s44_w0_10_s20d_clean_seed0_job330275,milk,44,212,14,0,0,,3.8,1.5,1.0,0.5,0.5,0.3,0.009762,0.009814,-5.2e-05,1,1,1,-0.00018051,12,1,,1,0.19921,1,0.0,0,1,eef_not_near_object_dist=0.1992
trace_milk_s44_w0_10_s20d_clean_seed0_job330275,milk,44,227,15,0,0,,3.3,1.5,1.0,0.5,0.0,0.3,0.015485,0.018893,-0.003408,1,1,1,-0.00015162,15,1,,1,0.198266,1,0.0,0,1,eef_not_near_object_dist=0.1983
trace_milk_s44_w0_10_s20d_clean_seed0_job330275,milk,44,232,16,0,0,,3.3,1.5,1.0,0.5,0.0,0.3,0.003606,0.002552,0.001054,1,1,1,-0.00016143,5,1,,1,0.202735,1,0.0,0,1,eef_not_near_object_dist=0.2027
trace_milk_s44_w0_10_s20d_clean_seed0_job330275,milk,44,245,17,0,0,,3.8,1.5,1.0,0.5,0.5,0.3,0.009606,0.012178,-0.002572,1,1,1,-0.00024441,13,1,,1,0.226462,1,0.0,0,1,eef_not_near_object_dist=0.2265
trace_milk_s44_w0_10_s20d_clean_seed0_job330275,milk,44,248,18,0,0,,3.3,1.5,1.0,0.5,0.0,0.3,0.010759,0.009091,0.001668,1,1,1,-0.00018558,3,1,,1,0.233841,1,0.0,0,1,eef_not_near_object_dist=0.2338
trace_milk_s45_w0_10_s20d_clean_seed0_job330276,milk,45,52,0,1,1,0,3.3,1.5,1.0,0.5,0.0,0.3,0.023195,0.023813,-0.000618,1,1,1,-6.906e-05,,1,,1,0.060092,1,0.070274,8,1,
trace_milk_s45_w0_10_s20d_clean_seed0_job330276,milk,45,133,1,0,0,81,3.3,1.5,1.0,0.5,0.0,0.3,0.020274,0.019849,0.000425,1,1,1,0.00244098,81,1,,1,0.042555,1,0.0,0,1,no_sustained_vertical_lift_type=no_sustained_motion
trace_milk_s46_w0_10_s20d_clean_seed0_job330277,milk,46,53,0,1,1,0,3.3,1.5,1.0,0.5,0.0,0.3,0.022751,0.022461,0.00029,1,1,1,-6.82e-05,,1,,1,0.058314,1,0.089163,9,1,
trace_milk_s48_w0_10_s20d_clean_seed0_job330279,milk,48,44,0,0,0,,3.3,1.5,1.0,0.5,0.0,0.3,0.025296,0.026148,-0.000852,1,1,1,-0.00011238,,1,,1,0.078426,1,0.001512,0,1,no_sustained_vertical_lift_type=no_sustained_motion
trace_milk_s48_w0_10_s20d_clean_seed0_job330279,milk,48,46,1,0,0,,3.3,1.5,1.0,0.5,0.0,0.3,0.018649,0.021578,-0.002929,1,1,1,-6.598e-05,2,1,,1,0.067728,1,0.001512,0,0,no_sustained_vertical_lift_type=no_sustained_motion
trace_milk_s48_w0_10_s20d_clean_seed0_job330279,milk,48,95,2,0,0,,3.3,1.5,1.0,0.5,0.0,0.3,0.021565,0.021744,-0.000179,1,1,1,-0.00024601,49,1,,1,0.044545,1,0.001587,0,1,no_sustained_vertical_lift_type=no_sustained_motion
trace_milk_s48_w0_10_s20d_clean_seed0_job330279,milk,48,195,3,0,0,,3.8,1.5,1.0,0.5,0.5,0.3,0.009518,0.018846,-0.009328,1,1,1,-0.00231488,100,1,,1,0.039406,1,0.004562,0,1,no_sustained_vertical_lift_type=no_sustained_motion
trace_milk_s48_w0_10_s20d_clean_seed0_job330279,milk,48,202,4,0,0,,3.8,1.5,1.0,0.5,0.5,0.3,0.00345,0.005045,-0.001595,1,1,1,-0.00094295,7,1,,1,0.05078,1,0.0,0,1,no_sustained_vertical_lift_type=no_sustained_motion
trace_milk_s49_w0_10_s20d_clean_seed0_job330280,milk,49,52,0,0,1,,3.3,1.5,1.0,0.5,0.0,0.3,0.024405,0.025939,-0.001534,1,1,1,5.852e-05,,1,,1,0.044609,1,0.063325,8,1,
trace_milk_s49_w0_10_s20d_clean_seed0_job330280,milk,49,59,1,0,1,,3.3,1.5,1.0,0.5,0.0,0.3,0.00633,0.004965,0.001365,1,1,1,0.00044876,7,1,,1,0.035823,1,0.134687,14,1,
trace_milk_s49_w0_10_s20d_clean_seed0_job330280,milk,49,134,2,0,0,,3.3,1.5,1.0,0.5,0.0,0.3,0.007217,0.002034,0.005183,1,1,1,0.00107876,75,1,,1,0.035832,1,0.0,0,1,no_sustained_vertical_lift_type=no_sustained_motion
trace_orange_juice_s11_w0_10_s20d_clean_seed0_job330282,orange_juice,11,14,0,0,0,-82,3.3,1.5,1.0,0.5,0.0,0.3,0.019366,0.014552,0.004814,1,1,1,-2.39e-05,,1,,1,0.270331,1,0.0,0,1,eef_not_near_object_dist=0.2703
trace_orange_juice_s11_w0_10_s20d_clean_seed0_job330282,orange_juice,11,53,1,0,0,-43,3.3,1.5,1.0,0.5,0.0,0.3,0.015227,0.015559,-0.000332,1,1,1,-8.325e-05,39,1,,1,0.079094,1,0.0,0,0,no_sustained_vertical_lift_type=no_sustained_motion
trace_orange_juice_s11_w0_10_s20d_clean_seed0_job330282,orange_juice,11,96,2,1,1,0,3.3,1.5,1.0,0.5,0.0,0.3,0.015892,0.016768,-0.000876,1,1,1,-0.00013271,43,1,,1,0.069931,1,0.03786,5,1,
trace_orange_juice_s12_w0_10_s20d_clean_seed0_job330283,orange_juice,12,59,0,1,1,0,3.8,1.5,1.0,0.5,0.5,0.3,0.007388,0.007899,-0.000511,1,1,1,-5.219e-05,,1,,1,0.02432,1,0.076267,8,1,
trace_orange_juice_s13_w0_10_s20d_clean_seed0_job330284,orange_juice,13,58,0,1,1,0,3.3,1.5,1.0,0.5,0.0,0.3,0.020459,0.021936,-0.001477,1,1,1,-2.741e-05,,1,,1,0.053041,1,0.033035,5,1,
trace_orange_juice_s13_w0_10_s20d_clean_seed0_job330284,orange_juice,13,131,1,0,0,73,3.3,1.5,1.0,0.5,0.0,0.3,0.021997,0.024416,-0.002419,1,1,1,-0.0007279,73,1,,1,0.031192,1,0.0,0,1,no_sustained_vertical_lift_type=no_sustained_motion
trace_orange_juice_s14_w0_10_s20d_clean_seed0_job330285,orange_juice,14,61,0,1,1,0,3.3,1.5,1.0,0.5,0.0,0.3,0.02043,0.019832,0.000598,1,1,1,-2.055e-05,,1,,1,0.042963,1,0.085272,9,1,
trace_orange_juice_s15_w0_10_s20d_clean_seed0_job330286,orange_juice,15,40,0,1,1,0,3.3,1.5,1.0,0.5,0.0,0.3,0.020654,0.019673,0.000981,1,1,1,-3.571e-05,,1,,1,0.036185,1,0.093184,9,1,
trace_orange_juice_s15_w0_10_s20d_clean_seed0_job330286,orange_juice,15,103,1,0,0,63,3.3,1.5,1.0,0.5,0.0,0.3,0.020446,0.021733,-0.001287,1,1,1,-0.00232124,63,1,,1,0.030685,1,0.0,7,1,no_sustained_vertical_lift_type=sustained_horizontal_transport
trace_orange_juice_s15_w0_10_s20d_clean_seed0_job330286,orange_juice,15,105,2,0,0,65,3.3,1.5,1.0,0.5,0.0,0.3,0.014443,0.018292,-0.003849,1,1,1,-0.00230025,2,1,,1,0.030684,1,0.0,3,1,no_sustained_vertical_lift_type=sustained_horizontal_transport
trace_orange_juice_s15_w0_10_s20d_clean_seed0_job330286,orange_juice,15,108,3,0,0,68,3.8,1.5,1.0,0.5,0.5,0.3,0.006439,0.008179,-0.00174,1,1,1,-0.0021707,3,1,,1,0.030682,1,0.0,5,1,no_sustained_vertical_lift_type=sustained_horizontal_transport
trace_orange_juice_s16_w0_10_s20d_clean_seed0_job330287,orange_juice,16,53,0,1,1,0,3.3,1.5,1.0,0.5,0.0,0.3,0.024255,0.024308,-5.3e-05,1,1,1,-1.199e-05,,1,,1,0.03548,1,0.061013,7,1,
trace_orange_juice_s19_w0_10_s20d_clean_seed0_job330290,orange_juice,19,93,0,1,1,0,3.3,1.5,1.0,0.5,0.0,0.3,0.018753,0.018946,-0.000193,1,1,1,-2.201e-05,,1,,1,0.045763,1,0.049119,5,1,
trace_orange_juice_s20_w0_10_s20d_clean_seed0_job330291,orange_juice,20,203,0,1,1,0,3.3,1.5,1.0,0.5,0.0,0.3,0.018189,0.016786,0.001403,1,1,1,-1.7e-06,,1,,1,0.028153,1,0.068566,8,1,
trace_orange_juice_s21_w0_10_s20d_clean_seed0_job330292,orange_juice,21,49,0,1,1,0,3.3,1.5,1.0,0.5,0.0,0.3,0.020071,0.01966,0.000411,1,1,1,-3.733e-05,,1,,1,0.038025,1,0.082841,9,1,
trace_orange_juice_s22_w0_10_s20d_clean_seed0_job330293,orange_juice,22,58,0,0,0,-71,3.3,1.5,1.0,0.5,0.0,0.3,0.015942,0.015448,0.000494,1,1,1,-2.443e-05,,1,,1,0.075272,1,0.000817,0,1,no_sustained_vertical_lift_type=no_sustained_motion
trace_orange_juice_s22_w0_10_s20d_clean_seed0_job330293,orange_juice,22,60,1,0,0,-69,3.3,1.5,1.0,0.5,0.0,0.3,0.015251,0.016145,-0.000894,1,1,1,-2.693e-05,2,1,,1,0.067109,1,0.000911,0,1,no_sustained_vertical_lift_type=no_sustained_motion
trace_orange_juice_s22_w0_10_s20d_clean_seed0_job330293,orange_juice,22,90,2,0,0,-39,3.8,1.5,1.0,0.5,0.5,0.3,0.009104,0.012955,-0.003851,1,1,1,7.89e-06,30,1,,1,0.157368,1,0.0,0,1,eef_not_near_object_dist=0.1574
trace_orange_juice_s22_w0_10_s20d_clean_seed0_job330293,orange_juice,22,93,3,0,0,-36,3.8,1.5,1.0,0.5,0.5,0.3,0.005764,0.006768,-0.001004,1,1,1,1.83e-05,3,1,,1,0.163117,1,0.0,0,1,eef_not_near_object_dist=0.1631
trace_orange_juice_s22_w0_10_s20d_clean_seed0_job330293,orange_juice,22,99,4,0,0,-30,3.3,1.5,1.0,0.5,0.0,0.3,0.001038,0.000317,0.000721,1,1,1,3.751e-05,6,1,,1,0.162522,1,0.0,0,1,eef_not_near_object_dist=0.1625
trace_orange_juice_s22_w0_10_s20d_clean_seed0_job330293,orange_juice,22,101,5,0,0,-28,3.3,1.5,1.0,0.5,0.0,0.3,0.001179,0.000505,0.000674,1,1,1,4.548e-05,2,1,,1,0.164234,1,0.0,0,1,eef_not_near_object_dist=0.1642
trace_orange_juice_s22_w0_10_s20d_clean_seed0_job330293,orange_juice,22,103,6,0,0,-26,3.3,1.5,1.0,0.5,0.0,0.3,0.001274,0.001082,0.000192,1,1,1,4.841e-05,2,1,,1,0.162567,1,0.0,0,1,eef_not_near_object_dist=0.1626
trace_orange_juice_s22_w0_10_s20d_clean_seed0_job330293,orange_juice,22,109,7,0,0,-20,3.3,1.5,1.0,0.5,0.0,0.3,0.008937,0.002534,0.006403,1,1,1,4.73e-05,6,1,,1,0.160516,1,0.0,0,1,eef_not_near_object_dist=0.1605
trace_orange_juice_s22_w0_10_s20d_clean_seed0_job330293,orange_juice,22,129,8,1,1,0,3.3,1.5,1.0,0.5,0.0,0.3,0.027286,0.027817,-0.000531,1,1,1,8.991e-05,20,1,,1,0.037217,1,0.029318,4,1,
trace_orange_juice_s23_w0_10_s20d_clean_seed0_job330294,orange_juice,23,91,0,1,1,0,3.3,1.5,1.0,0.5,0.0,0.3,0.016393,0.016853,-0.00046,1,1,1,-2.102e-05,,1,,1,0.031727,1,0.044259,6,1,
trace_orange_juice_s24_w0_10_s20d_clean_seed0_job330295,orange_juice,24,48,0,0,1,,3.3,1.5,1.0,0.5,0.0,0.3,0.023528,0.02375,-0.000222,1,1,1,-1.721e-05,,1,,1,0.051814,1,0.08195,8,1,
trace_orange_juice_s24_w0_10_s20d_clean_seed0_job330295,orange_juice,24,52,1,0,1,,3.3,1.5,1.0,0.5,0.0,0.3,0.015532,0.019182,-0.00365,1,1,1,0.00064562,4,1,,1,0.031538,1,0.127448,12,1,
trace_orange_juice_s25_w0_10_s20d_clean_seed0_job330296,orange_juice,25,228,0,0,1,,3.3,1.5,1.0,0.5,0.0,0.3,0.018974,0.019683,-0.000709,1,1,1,2.43e-06,,1,,1,0.032288,1,0.036352,5,1,
trace_orange_juice_s25_w0_10_s20d_clean_seed0_job330296,orange_juice,25,231,1,0,1,,3.8,1.5,1.0,0.5,0.5,0.3,0.008154,0.013039,-0.004885,1,1,1,2.615e-05,3,1,,1,0.027071,1,0.071163,8,1,
trace_orange_juice_s26_w0_10_s20d_clean_seed0_job330297,orange_juice,26,55,0,1,1,0,3.3,1.5,1.0,0.5,0.0,0.3,0.019106,0.019474,-0.000368,1,1,1,-1.963e-05,,1,,1,0.030584,1,0.079314,9,1,
trace_orange_juice_s27_w0_10_s20d_clean_seed0_job330298,orange_juice,27,63,0,0,0,,3.3,1.5,1.0,0.5,0.0,0.3,0.020702,0.019962,0.00074,1,1,1,-5.983e-05,,1,,1,0.050414,1,0.003542,10,0,no_sustained_vertical_lift_type=sustained_horizontal_transport
trace_orange_juice_s27_w0_10_s20d_clean_seed0_job330298,orange_juice,27,69,1,0,0,,3.3,1.5,1.0,0.5,0.0,0.3,0.0178,0.022798,-0.004998,1,1,1,-0.00040761,6,1,,1,0.044411,1,0.001776,3,0,no_sustained_vertical_lift_type=sustained_horizontal_transport
trace_orange_juice_s27_w0_10_s20d_clean_seed0_job330298,orange_juice,27,111,2,0,0,,3.3,1.5,1.0,0.5,0.0,0.3,0.019998,0.017891,0.002107,1,1,1,-4.217e-05,42,1,,1,0.15346,1,0.0,0,1,eef_not_near_object_dist=0.1535
trace_orange_juice_s27_w0_10_s20d_clean_seed0_job330298,orange_juice,27,114,3,0,0,,3.8,1.5,1.0,0.5,0.5,0.3,0.007348,0.009987,-0.002639,1,1,1,-1.635e-05,3,1,,1,0.147565,1,0.0,0,1,eef_not_near_object_dist=0.1476
trace_orange_juice_s27_w0_10_s20d_clean_seed0_job330298,orange_juice,27,139,4,0,0,,3.3,1.5,1.0,0.5,0.0,0.3,0.016258,0.023354,-0.007096,1,1,1,-8.145e-05,25,1,,1,0.232956,1,0.0,0,1,eef_not_near_object_dist=0.2330
trace_orange_juice_s27_w0_10_s20d_clean_seed0_job330298,orange_juice,27,153,5,0,0,,3.3,1.5,1.0,0.5,0.0,0.3,0.006743,0.004043,0.0027,1,1,1,-1.99e-05,14,1,,1,0.247617,1,0.0,0,1,eef_not_near_object_dist=0.2476
trace_orange_juice_s27_w0_10_s20d_clean_seed0_job330298,orange_juice,27,159,6,0,0,,3.3,1.5,1.0,0.5,0.0,0.3,0.010354,0.009854,0.0005,1,1,1,-2.668e-05,6,1,,1,0.255119,1,0.0,0,1,eef_not_near_object_dist=0.2551
trace_orange_juice_s27_w0_10_s20d_clean_seed0_job330298,orange_juice,27,173,7,0,0,,3.8,1.5,1.0,0.5,0.5,0.3,0.005604,0.008759,-0.003155,1,1,1,-3.386e-05,14,1,,1,0.26969,1,0.0,0,1,eef_not_near_object_dist=0.2697
trace_orange_juice_s27_w0_10_s20d_clean_seed0_job330298,orange_juice,27,175,8,0,0,,3.8,1.5,1.0,0.5,0.5,0.3,0.005649,0.006359,-0.00071,1,1,1,-2.732e-05,2,1,,1,0.271416,1,0.0,0,1,eef_not_near_object_dist=0.2714
trace_orange_juice_s27_w0_10_s20d_clean_seed0_job330298,orange_juice,27,177,9,0,0,,3.3,1.5,1.0,0.5,0.0,0.3,0.007414,0.004148,0.003266,1,1,1,-4.686e-05,2,1,,1,0.270074,1,0.0,0,1,eef_not_near_object_dist=0.2701
trace_orange_juice_s27_w0_10_s20d_clean_seed0_job330298,orange_juice,27,180,10,0,0,,3.8,1.5,1.0,0.5,0.5,0.3,0.009649,0.010517,-0.000868,1,1,1,-3.39e-05,3,1,,1,0.268343,1,0.0,0,1,eef_not_near_object_dist=0.2683
trace_orange_juice_s27_w0_10_s20d_clean_seed0_job330298,orange_juice,27,185,11,0,0,,3.3,1.5,1.0,0.5,0.0,0.3,0.01567,0.014751,0.000919,1,1,1,1.931e-05,5,1,,1,0.279608,1,0.0,0,1,eef_not_near_object_dist=0.2796
trace_orange_juice_s27_w0_10_s20d_clean_seed0_job330298,orange_juice,27,190,12,0,0,,3.3,1.5,1.0,0.5,0.0,0.3,0.011896,0.021121,-0.009225,1,1,1,-0.00013531,5,1,,1,0.296252,1,0.0,0,1,eef_not_near_object_dist=0.2963
trace_orange_juice_s27_w0_10_s20d_clean_seed0_job330298,orange_juice,27,223,13,0,0,,3.3,1.5,1.0,0.5,0.0,0.3,0.020767,0.020029,0.000738,1,1,1,-0.00015106,33,1,,1,0.297893,1,0.0,0,1,eef_not_near_object_dist=0.2979
trace_orange_juice_s27_w0_10_s20d_clean_seed0_job330298,orange_juice,27,227,14,0,0,,3.3,1.5,1.0,0.5,0.0,0.3,0.010809,0.013657,-0.002848,1,1,1,-0.00018688,4,1,,1,0.286125,1,0.0,0,1,eef_not_near_object_dist=0.2861
trace_orange_juice_s27_w0_10_s20d_clean_seed0_job330298,orange_juice,27,229,15,0,0,,3.3,1.5,1.0,0.5,0.0,0.3,0.008656,0.008509,0.000147,1,1,1,-0.00016638,2,1,,1,0.281565,1,0.0,0,1,eef_not_near_object_dist=0.2816
trace_orange_juice_s27_w0_10_s20d_clean_seed0_job330298,orange_juice,27,236,16,0,0,,3.3,1.5,1.0,0.5,0.0,0.3,0.017911,0.018604,-0.000693,1,1,1,-0.00019455,7,1,,1,0.256341,1,0.0,0,1,eef_not_near_object_dist=0.2563
trace_orange_juice_s27_w0_10_s20d_clean_seed0_job330298,orange_juice,27,241,17,0,0,,3.3,1.5,1.0,0.5,0.0,0.3,0.010732,0.00906,0.001672,1,1,1,-0.00016863,5,1,,1,0.244316,1,0.0,0,1,eef_not_near_object_dist=0.2443
trace_orange_juice_s27_w0_10_s20d_clean_seed0_job330298,orange_juice,27,243,18,0,0,,3.3,1.5,1.0,0.5,0.0,0.3,0.014933,0.013046,0.001887,1,1,1,-0.00020459,2,1,,1,0.240197,1,0.0,0,1,eef_not_near_object_dist=0.2402
trace_orange_juice_s27_w0_10_s20d_clean_seed0_job330298,orange_juice,27,245,19,0,0,,3.3,1.5,1.0,0.5,0.0,0.3,0.014905,0.014203,0.000702,1,1,1,-0.00021484,2,1,,1,0.233111,1,0.0,0,1,eef_not_near_object_dist=0.2331
trace_orange_juice_s27_w0_10_s20d_clean_seed0_job330298,orange_juice,27,248,20,0,0,,3.3,1.5,1.0,0.5,0.0,0.3,0.018127,0.016071,0.002056,1,1,1,-0.00021124,3,1,,1,0.219818,1,0.0,0,1,eef_not_near_object_dist=0.2198
trace_orange_juice_s28_w0_10_s20d_clean_seed0_job330299,orange_juice,28,49,0,1,1,0,3.3,1.5,1.0,0.5,0.0,0.3,0.024308,0.025136,-0.000828,1,1,1,-9.25e-06,,1,,1,0.054814,1,0.06282,8,1,
trace_orange_juice_s29_w0_10_s20d_clean_seed0_job330300,orange_juice,29,62,0,1,1,0,3.3,1.5,1.0,0.5,0.0,0.3,0.017068,0.016542,0.000526,1,1,1,-6.21e-06,,1,,1,0.040723,1,0.070641,8,1,
trace_orange_juice_s30_w0_10_s20d_clean_seed0_job330301,orange_juice,30,63,0,1,1,0,3.3,1.5,1.0,0.5,0.0,0.3,0.021942,0.020047,0.001895,1,1,1,-3.67e-05,,1,,1,0.053249,1,0.037469,5,1,
trace_orange_juice_s31_w0_10_s20d_clean_seed0_job330302,orange_juice,31,39,0,0,0,,3.3,1.5,1.0,0.5,0.0,0.3,0.033056,0.03307,-1.4e-05,1,1,1,-3.351e-05,,1,,1,0.204892,1,0.0,0,1,eef_not_near_object_dist=0.2049
trace_orange_juice_s31_w0_10_s20d_clean_seed0_job330302,orange_juice,31,69,1,0,1,,3.3,1.5,1.0,0.5,0.0,0.3,0.020825,0.019551,0.001274,1,1,1,-3.624e-05,30,1,,1,0.050395,1,0.073051,8,1,
trace_orange_juice_s31_w0_10_s20d_clean_seed0_job330302,orange_juice,31,71,2,0,1,,3.3,1.5,1.0,0.5,0.0,0.3,0.020462,0.021045,-0.000583,1,1,1,-2.998e-05,2,1,,1,0.03791,1,0.097321,10,1,
trace_orange_juice_s32_w0_10_s20d_clean_seed0_job330303,orange_juice,32,142,0,1,1,0,3.3,1.5,1.0,0.5,0.0,0.3,0.018169,0.017428,0.000741,1,1,1,2.58e-06,,1,,1,0.035475,1,0.057507,7,1,
trace_orange_juice_s32_w0_10_s20d_clean_seed0_job330303,orange_juice,32,217,1,0,0,75,3.3,1.5,1.0,0.5,0.0,0.3,0.018989,0.021054,-0.002065,1,1,1,-0.01332763,75,1,,1,0.028958,1,0.0,7,1,no_sustained_vertical_lift_type=sustained_horizontal_transport
trace_orange_juice_s34_w0_10_s20d_clean_seed0_job330305,orange_juice,34,56,0,1,1,0,3.3,1.5,1.0,0.5,0.0,0.3,0.020924,0.021482,-0.000558,1,1,1,-3.694e-05,,1,,1,0.064177,1,0.064862,7,1,
trace_orange_juice_s35_w0_10_s20d_clean_seed0_job330306,orange_juice,35,53,0,0,1,,3.3,1.5,1.0,0.5,0.0,0.3,0.023236,0.023457,-0.000221,1,1,1,-8.21e-06,,1,,1,0.03859,1,0.06029,7,1,
trace_orange_juice_s35_w0_10_s20d_clean_seed0_job330306,orange_juice,35,56,1,0,1,,3.3,1.5,1.0,0.5,0.0,0.3,0.011605,0.017702,-0.006097,1,1,1,-1.39e-06,3,1,,1,0.029897,1,0.093939,10,1,
trace_orange_juice_s36_w0_10_s20d_clean_seed0_job330307,orange_juice,36,53,0,1,1,0,3.3,1.5,1.0,0.5,0.0,0.3,0.021649,0.02077,0.000879,1,1,1,-2.774e-05,,1,,1,0.047499,1,0.083876,9,1,
trace_orange_juice_s37_w0_10_s20d_clean_seed0_job330308,orange_juice,37,11,0,0,0,-123,3.3,1.5,1.0,0.5,0.0,0.3,0.012016,0.009536,0.00248,1,1,1,-3.795e-05,,1,,1,0.273416,1,0.0,0,1,eef_not_near_object_dist=0.2734
trace_orange_juice_s37_w0_10_s20d_clean_seed0_job330308,orange_juice,37,51,1,0,0,-83,3.3,1.5,1.0,0.5,0.0,0.3,0.0223,0.02332,-0.00102,1,1,1,-8.481e-05,40,1,,1,0.070045,1,0.002729,7,1,no_sustained_vertical_lift_type=sustained_horizontal_transport
trace_orange_juice_s37_w0_10_s20d_clean_seed0_job330308,orange_juice,37,74,2,0,0,-60,3.3,1.5,1.0,0.5,0.0,0.3,0.010471,0.022934,-0.012463,1,1,1,-3.323e-05,23,1,,1,0.140608,1,0.0,0,1,eef_not_near_object_dist=0.1406
trace_orange_juice_s37_w0_10_s20d_clean_seed0_job330308,orange_juice,37,79,3,0,0,-55,3.8,1.5,1.0,0.5,0.5,0.3,0.000912,0.003582,-0.00267,1,1,1,-3.385e-05,5,1,,1,0.147156,1,0.0,0,1,eef_not_near_object_dist=0.1472
trace_orange_juice_s37_w0_10_s20d_clean_seed0_job330308,orange_juice,37,84,4,0,0,-50,3.8,1.5,1.0,0.5,0.5,0.3,0.00171,0.003141,-0.001431,1,1,1,-3.229e-05,5,1,,1,0.15039,1,0.0,0,1,eef_not_near_object_dist=0.1504
trace_orange_juice_s37_w0_10_s20d_clean_seed0_job330308,orange_juice,37,86,5,0,0,-48,3.3,1.5,1.0,0.5,0.0,0.3,0.00059,0.000477,0.000113,1,1,1,-3.258e-05,2,1,,1,0.150642,1,0.0,0,1,eef_not_near_object_dist=0.1506
trace_orange_juice_s37_w0_10_s20d_clean_seed0_job330308,orange_juice,37,88,6,0,0,-46,3.3,1.5,1.0,0.5,0.0,0.3,0.002986,0.001718,0.001268,1,1,1,-3.249e-05,2,1,,1,0.153498,1,0.0,0,1,eef_not_near_object_dist=0.1535
trace_orange_juice_s37_w0_10_s20d_clean_seed0_job330308,orange_juice,37,101,7,0,0,-33,3.8,1.5,1.0,0.5,0.5,0.3,0.00068,0.000789,-0.000109,1,1,1,-3.378e-05,13,1,,1,0.15809,1,0.0,0,1,eef_not_near_object_dist=0.1581
trace_orange_juice_s37_w0_10_s20d_clean_seed0_job330308,orange_juice,37,106,8,0,0,-28,3.8,1.5,1.0,0.5,0.5,0.3,0.001133,0.001294,-0.000161,1,1,1,-3.194e-05,5,1,,1,0.156534,1,0.0,0,1,eef_not_near_object_dist=0.1565
trace_orange_juice_s37_w0_10_s20d_clean_seed0_job330308,orange_juice,37,108,9,0,0,-26,3.8,1.5,1.0,0.5,0.5,0.3,0.000398,0.001072,-0.000674,1,1,1,-1.006e-05,2,1,,1,0.156815,1,0.0,0,1,eef_not_near_object_dist=0.1568
trace_orange_juice_s37_w0_10_s20d_clean_seed0_job330308,orange_juice,37,110,10,0,0,-24,3.3,1.5,1.0,0.5,0.0,0.3,0.003979,0.000791,0.003188,1,1,1,-3.037e-05,2,1,,1,0.154348,1,0.0,0,1,eef_not_near_object_dist=0.1543
trace_orange_juice_s37_w0_10_s20d_clean_seed0_job330308,orange_juice,37,112,11,0,0,-22,3.3,1.5,1.0,0.5,0.0,0.3,0.005244,0.003521,0.001723,1,1,1,-3.131e-05,2,1,,1,0.151021,1,0.0,0,1,eef_not_near_object_dist=0.1510
trace_orange_juice_s37_w0_10_s20d_clean_seed0_job330308,orange_juice,37,115,12,0,0,-19,3.3,1.5,1.0,0.5,0.0,0.3,0.014145,0.009921,0.004224,1,1,1,-3.598e-05,3,1,,1,0.136923,1,0.0,0,1,eef_not_near_object_dist=0.1369
trace_orange_juice_s37_w0_10_s20d_clean_seed0_job330308,orange_juice,37,119,13,0,0,-15,3.3,1.5,1.0,0.5,0.0,0.3,0.015482,0.007966,0.007516,1,1,1,1.043e-05,4,1,,1,0.121335,1,0.0,0,1,eef_not_near_object_dist=0.1213
trace_orange_juice_s37_w0_10_s20d_clean_seed0_job330308,orange_juice,37,134,14,1,1,0,3.3,1.5,1.0,0.5,0.0,0.3,0.019753,0.021978,-0.002225,1,1,1,9.504e-05,15,1,,1,0.030269,1,0.077415,9,1,
trace_orange_juice_s38_w0_10_s20d_clean_seed0_job330309,orange_juice,38,97,0,0,0,,3.3,1.5,1.0,0.5,0.0,0.3,0.001152,0.001068,8.4e-05,1,1,1,-0.00032768,,1,,1,0.054982,1,0.001218,6,1,no_sustained_vertical_lift_type=sustained_horizontal_transport
trace_orange_juice_s38_w0_10_s20d_clean_seed0_job330309,orange_juice,38,106,1,0,0,,3.3,1.5,1.0,0.5,0.0,0.3,0.004518,0.003966,0.000552,1,1,1,-0.00113129,9,1,,1,0.052327,1,0.002084,3,1,no_sustained_vertical_lift_type=sustained_horizontal_transport
trace_orange_juice_s38_w0_10_s20d_clean_seed0_job330309,orange_juice,38,110,2,0,0,,3.8,1.5,1.0,0.5,0.5,0.3,0.004294,0.004527,-0.000233,1,1,1,-0.00472514,4,1,,1,0.051069,1,0.002619,6,1,no_sustained_vertical_lift_type=sustained_horizontal_transport
trace_orange_juice_s38_w0_10_s20d_clean_seed0_job330309,orange_juice,38,114,3,0,0,,3.8,1.5,1.0,0.5,0.5,0.3,0.001704,0.002165,-0.000461,1,1,1,-0.00203209,4,1,,1,0.050966,1,0.001117,10,1,no_sustained_vertical_lift_type=sustained_horizontal_transport
trace_orange_juice_s38_w0_10_s20d_clean_seed0_job330309,orange_juice,38,189,4,0,0,,3.8,1.5,1.0,0.5,0.5,0.3,0.004023,0.005021,-0.000998,1,1,1,0.00055418,75,1,,1,0.065755,1,0.002185,0,0,no_sustained_vertical_lift_type=no_sustained_motion
trace_orange_juice_s38_w0_10_s20d_clean_seed0_job330309,orange_juice,38,193,5,0,0,,3.3,1.5,1.0,0.5,0.0,0.3,0.00507,0.00435,0.00072,1,1,1,0.00034356,4,1,,1,0.074586,1,0.0,0,0,no_sustained_vertical_lift_type=no_sustained_motion
trace_orange_juice_s38_w0_10_s20d_clean_seed0_job330309,orange_juice,38,197,6,0,0,,3.3,1.5,1.0,0.5,0.0,0.3,0.004298,0.002363,0.001935,1,1,1,0.00026895,4,1,,1,0.211007,1,0.0,0,1,eef_not_near_object_dist=0.2110
trace_orange_juice_s38_w0_10_s20d_clean_seed0_job330309,orange_juice,38,261,7,0,0,,3.3,1.5,1.0,0.5,0.0,0.3,0.016321,0.013869,0.002452,1,1,1,0.00022678,64,1,,1,0.083163,1,0.0,0,1,eef_not_near_object_dist=0.0832
trace_orange_juice_s38_w0_10_s20d_clean_seed0_job330309,orange_juice,38,263,8,0,0,,3.3,1.5,1.0,0.5,0.0,0.3,0.018318,0.018434,-0.000116,1,1,1,0.00030324,2,1,,1,0.076558,1,0.0,0,1,no_sustained_vertical_lift_type=no_sustained_motion
trace_orange_juice_s38_w0_10_s20d_clean_seed0_job330309,orange_juice,38,270,9,0,0,,3.3,1.5,1.0,0.5,0.0,0.3,0.016157,0.013741,0.002416,1,1,1,0.00028653,7,1,,1,0.06777,1,0.0,0,1,no_sustained_vertical_lift_type=no_sustained_motion
trace_orange_juice_s39_w0_10_s20d_clean_seed0_job330310,orange_juice,39,43,0,1,1,0,3.8,1.5,1.0,0.5,0.5,0.3,0.00958,0.015201,-0.005621,1,1,1,5.15e-06,,1,,1,0.027457,1,0.087712,9,1,
trace_orange_juice_s40_w0_10_s20d_clean_seed0_job330311,orange_juice,40,61,0,1,1,0,3.3,1.5,1.0,0.5,0.0,0.3,0.020103,0.021316,-0.001213,1,1,1,-2.5e-05,,1,,1,0.030829,1,0.087037,9,1,
trace_orange_juice_s40_w0_10_s20d_clean_seed0_job330311,orange_juice,40,134,1,0,0,73,2.5,1.5,1.0,0.0,0.0,0.0,0.005886,0.005712,0.000174,1,1,1,0.02672179,73,1,,1,0.035346,1,0.0,12,1,no_sustained_vertical_lift_type=sustained_horizontal_transport
trace_orange_juice_s40_w0_10_s20d_clean_seed0_job330311,orange_juice,40,152,2,0,0,91,2.5,1.5,1.0,0.0,0.0,0.0,0.007469,0.006603,0.000866,1,1,1,0.02517113,18,1,,1,0.035603,1,0.0,12,1,no_sustained_vertical_lift_type=sustained_horizontal_transport
trace_orange_juice_s40_w0_10_s20d_clean_seed0_job330311,orange_juice,40,156,3,0,0,95,3.0,1.5,1.0,0.0,0.5,0.0,0.006146,0.006909,-0.000763,1,1,1,0.02496649,4,1,,1,0.03572,1,0.0,12,1,no_sustained_vertical_lift_type=sustained_horizontal_transport
trace_orange_juice_s40_w0_10_s20d_clean_seed0_job330311,orange_juice,40,190,4,0,0,129,3.0,1.5,1.0,0.0,0.5,0.0,0.003541,0.004606,-0.001065,1,1,1,0.02362555,34,1,,1,0.0359,1,0.0,7,1,no_sustained_vertical_lift_type=sustained_horizontal_transport
trace_orange_juice_s40_w0_10_s20d_clean_seed0_job330311,orange_juice,40,192,5,0,0,131,3.0,1.5,1.0,0.0,0.5,0.0,0.001932,0.0027,-0.000768,1,1,1,0.02349992,2,1,,1,0.03592,1,0.0,7,1,no_sustained_vertical_lift_type=sustained_horizontal_transport
trace_orange_juice_s40_w0_10_s20d_clean_seed0_job330311,orange_juice,40,201,6,0,0,140,3.0,1.5,1.0,0.0,0.5,0.0,0.001995,0.002191,-0.000196,1,1,1,0.02313804,9,1,,1,0.035901,1,0.0,9,1,no_sustained_vertical_lift_type=sustained_horizontal_transport
trace_orange_juice_s41_w0_10_s20d_clean_seed0_job330312,orange_juice,41,57,0,0,1,,3.3,1.5,1.0,0.5,0.0,0.3,0.021138,0.022594,-0.001456,1,1,1,-7.191e-05,,1,,1,0.07189,1,0.011813,2,1,
trace_orange_juice_s41_w0_10_s20d_clean_seed0_job330312,orange_juice,41,60,1,0,1,,3.3,1.5,1.0,0.5,0.0,0.3,0.021043,0.02093,0.000113,1,1,1,-4.176e-05,3,1,,1,0.051283,1,0.037021,5,1,
trace_orange_juice_s41_w0_10_s20d_clean_seed0_job330312,orange_juice,41,62,2,0,1,,3.3,1.5,1.0,0.5,0.0,0.3,0.021245,0.020976,0.000269,1,1,1,-2.92e-05,2,1,,1,0.037344,1,0.060449,7,1,
trace_orange_juice_s43_w0_10_s20d_clean_seed0_job330314,orange_juice,43,66,0,1,1,0,3.3,1.5,1.0,0.5,0.0,0.3,0.017475,0.018006,-0.000531,1,1,1,-1.399e-05,,1,,1,0.029393,1,0.064582,8,1,
trace_orange_juice_s43_w0_10_s20d_clean_seed0_job330314,orange_juice,43,137,1,0,0,71,3.3,1.5,1.0,0.5,0.0,0.3,0.015651,0.022459,-0.006808,1,1,1,-0.00755723,71,1,,1,0.031464,1,0.0,0,1,no_sustained_vertical_lift_type=no_sustained_motion
trace_orange_juice_s43_w0_10_s20d_clean_seed0_job330314,orange_juice,43,140,2,0,0,74,3.8,1.5,1.0,0.5,0.5,0.3,0.003371,0.004969,-0.001598,1,1,1,-0.00724462,3,1,,1,0.031449,1,0.0,0,1,no_sustained_vertical_lift_type=no_sustained_motion
trace_orange_juice_s44_w0_10_s20d_clean_seed0_job330315,orange_juice,44,56,0,0,1,,3.3,1.5,1.0,0.5,0.0,0.3,0.024466,0.025015,-0.000549,1,1,1,-8.11e-06,,1,,1,0.042868,1,0.060586,7,1,
trace_orange_juice_s44_w0_10_s20d_clean_seed0_job330315,orange_juice,44,59,1,0,1,,3.3,1.5,1.0,0.5,0.0,0.3,0.015939,0.020863,-0.004924,1,1,1,9.59e-06,3,1,,1,0.029243,1,0.095156,10,1,
trace_orange_juice_s45_w0_10_s20d_clean_seed0_job330316,orange_juice,45,36,0,0,1,,3.3,1.5,1.0,0.5,0.0,0.3,0.0229,0.022748,0.000152,1,1,1,-2.733e-05,,1,,1,0.053124,1,0.028342,4,1,
trace_orange_juice_s45_w0_10_s20d_clean_seed0_job330316,orange_juice,45,40,1,0,1,,3.3,1.5,1.0,0.5,0.0,0.3,0.020068,0.018838,0.00123,1,1,1,1.775e-05,4,1,,1,0.03198,1,0.068399,8,1,
trace_orange_juice_s46_w0_10_s20d_clean_seed0_job330317,orange_juice,46,48,0,0,0,,3.3,1.5,1.0,0.5,0.0,0.3,0.020661,0.02212,-0.001459,1,1,1,-2.412e-05,,1,,1,0.045266,1,0.009195,0,1,no_sustained_vertical_lift_type=no_sustained_motion
trace_orange_juice_s46_w0_10_s20d_clean_seed0_job330317,orange_juice,46,51,1,0,1,,3.3,1.5,1.0,0.5,0.0,0.3,0.015551,0.017016,-0.001465,1,1,1,3.32e-06,3,1,,1,0.031508,1,0.032903,4,1,
trace_orange_juice_s46_w0_10_s20d_clean_seed0_job330317,orange_juice,46,54,2,0,1,,3.8,1.5,1.0,0.5,0.5,0.3,0.00448,0.007736,-0.003256,1,1,1,1.759e-05,3,1,,1,0.03111,1,0.066164,8,1,
trace_orange_juice_s46_w0_10_s20d_clean_seed0_job330317,orange_juice,46,126,3,0,0,,3.8,1.5,1.0,0.5,0.5,0.3,0.001832,0.004213,-0.002381,1,1,1,-0.01046631,72,1,,1,0.031628,1,0.0,4,1,no_sustained_vertical_lift_type=sustained_horizontal_transport
trace_orange_juice_s46_w0_10_s20d_clean_seed0_job330317,orange_juice,46,131,4,0,0,,3.8,1.5,1.0,0.5,0.5,0.3,0.003412,0.010671,-0.007259,1,1,1,-0.00580192,5,1,,1,0.031329,1,0.000253,0,1,no_sustained_vertical_lift_type=no_sustained_motion
trace_orange_juice_s47_w0_10_s20d_clean_seed0_job330318,orange_juice,47,54,0,1,1,0,3.3,1.5,1.0,0.5,0.0,0.3,0.019805,0.021489,-0.001684,1,1,1,-3.887e-05,,1,,1,0.052392,1,0.055861,7,1,
trace_orange_juice_s48_w0_10_s20d_clean_seed0_job330319,orange_juice,48,56,0,0,0,,3.3,1.5,1.0,0.5,0.0,0.3,0.022033,0.023692,-0.001659,1,1,1,-1.079e-05,,1,,1,0.058824,1,0.003943,4,1,no_sustained_vertical_lift_type=sustained_horizontal_transport
trace_orange_juice_s48_w0_10_s20d_clean_seed0_job330319,orange_juice,48,62,1,0,1,,3.3,1.5,1.0,0.5,0.0,0.3,0.019871,0.019891,-2e-05,1,1,1,4.093e-05,6,1,,1,0.023667,1,0.037275,6,1,
trace_orange_juice_s48_w0_10_s20d_clean_seed0_job330319,orange_juice,48,64,2,0,1,,3.8,1.5,1.0,0.5,0.5,0.3,0.009341,0.0152,-0.005859,1,1,1,4.334e-05,2,1,,1,0.022252,1,0.059511,8,1,
trace_orange_juice_s49_w0_10_s20d_clean_seed0_job330320,orange_juice,49,61,0,1,1,0,3.3,1.5,1.0,0.5,0.0,0.3,0.021181,0.020842,0.000339,1,1,1,-1.443e-05,,1,,1,0.059296,1,0.086427,9,1,
trace_salad_dressing_s10_w0_10_s20d_clean_seed0_job330321,salad_dressing,10,46,0,0,1,,3.3,1.5,1.0,0.5,0.0,0.3,0.021319,0.021905,-0.000586,1,1,1,-5.581e-05,,1,,1,0.063741,1,0.047155,5,1,
trace_salad_dressing_s10_w0_10_s20d_clean_seed0_job330321,salad_dressing,10,48,1,0,1,,3.3,1.5,1.0,0.5,0.0,0.3,0.020535,0.020746,-0.000211,1,1,1,-1.444e-05,2,1,,1,0.051546,1,0.069453,7,1,
trace_salad_dressing_s10_w0_10_s20d_clean_seed0_job330321,salad_dressing,10,110,2,0,0,,3.3,1.5,1.0,0.5,0.0,0.3,0.016879,0.02166,-0.004781,1,1,1,0.00014197,62,1,,1,0.047148,1,0.0,0,1,no_sustained_vertical_lift_type=no_sustained_motion
trace_salad_dressing_s11_w0_10_s20d_clean_seed0_job330322,salad_dressing,11,59,0,1,1,0,3.8,1.5,1.0,0.5,0.5,0.3,0.000508,0.000993,-0.000485,1,1,1,-6.009e-05,,1,,1,0.04228,1,0.041829,6,1,
trace_salad_dressing_s11_w0_10_s20d_clean_seed0_job330322,salad_dressing,11,128,1,0,0,69,3.3,1.5,1.0,0.5,0.0,0.3,0.016904,0.017414,-0.00051,1,1,1,-8.75e-06,69,1,,1,0.043517,1,0.0,0,1,no_sustained_vertical_lift_type=no_sustained_motion
trace_salad_dressing_s11_w0_10_s20d_clean_seed0_job330322,salad_dressing,11,131,2,0,0,72,3.3,1.5,1.0,0.5,0.0,0.3,0.016643,0.018133,-0.00149,1,1,1,4.538e-05,3,1,,1,0.043519,1,0.0,0,1,no_sustained_vertical_lift_type=no_sustained_motion
trace_salad_dressing_s12_w0_10_s20d_clean_seed0_job330323,salad_dressing,12,55,0,0,0,-6,3.3,1.5,1.0,0.5,0.0,0.3,0.027965,0.027113,0.000852,1,1,1,-6.785e-05,,1,,1,0.069235,1,0.002231,8,1,no_sustained_vertical_lift_type=sustained_horizontal_transport
trace_salad_dressing_s12_w0_10_s20d_clean_seed0_job330323,salad_dressing,12,61,1,1,1,0,3.8,1.5,1.0,0.5,0.5,0.3,0.009329,0.014992,-0.005663,1,1,1,6.56e-06,6,1,,1,0.045133,1,0.05646,6,1,
trace_salad_dressing_s12_w0_10_s20d_clean_seed0_job330323,salad_dressing,12,125,2,0,0,64,3.3,1.5,1.0,0.5,0.0,0.3,0.022165,0.026536,-0.004371,1,1,1,0.00011907,64,1,,1,0.047309,1,0.0,0,1,no_sustained_vertical_lift_type=no_sustained_motion
trace_salad_dressing_s13_w0_10_s20d_clean_seed0_job330324,salad_dressing,13,46,0,1,1,0,3.3,1.5,1.0,0.5,0.0,0.3,0.020809,0.02198,-0.001171,1,1,1,-7.207e-05,,1,,1,0.046432,1,0.05666,7,1,
trace_salad_dressing_s14_w0_10_s20d_clean_seed0_job330325,salad_dressing,14,63,0,1,1,0,3.3,1.5,1.0,0.5,0.0,0.3,0.012532,0.014727,-0.002195,1,1,1,-7.522e-05,,1,,1,0.044018,1,0.05001,6,1,
trace_salad_dressing_s15_w0_10_s20d_clean_seed0_job330326,salad_dressing,15,58,0,0,1,,3.3,1.5,1.0,0.5,0.0,0.3,0.021518,0.022112,-0.000594,1,1,1,-2.585e-05,,1,,1,0.073146,1,0.036132,4,1,
trace_salad_dressing_s15_w0_10_s20d_clean_seed0_job330326,salad_dressing,15,61,1,0,1,,3.3,1.5,1.0,0.5,0.0,0.3,0.020128,0.019948,0.00018,1,1,1,-2.263e-05,3,1,,1,0.054884,1,0.071256,7,1,
trace_salad_dressing_s16_w0_10_s20d_clean_seed0_job330327,salad_dressing,16,50,0,1,1,0,3.3,1.5,1.0,0.5,0.0,0.3,0.012665,0.016616,-0.003951,1,1,1,-5.554e-05,,1,,1,0.042112,1,0.058423,7,1,
trace_salad_dressing_s16_w0_10_s20d_clean_seed0_job330327,salad_dressing,16,112,1,0,0,62,3.3,1.5,1.0,0.5,0.0,0.3,0.01847,0.022545,-0.004075,1,1,1,-0.00034434,62,1,,1,0.04314,1,0.0,0,1,no_sustained_vertical_lift_type=no_sustained_motion
trace_salad_dressing_s17_w0_10_s20d_clean_seed0_job330328,salad_dressing,17,49,0,1,1,0,3.3,1.5,1.0,0.5,0.0,0.3,0.019771,0.019746,2.5e-05,1,1,1,-5.655e-05,,1,,1,0.049158,1,0.066343,7,1,
trace_salad_dressing_s17_w0_10_s20d_clean_seed0_job330328,salad_dressing,17,115,1,0,0,66,3.3,1.5,1.0,0.5,0.0,0.3,0.013023,0.013303,-0.00028,1,1,1,3.886e-05,66,1,,1,0.058536,1,0.0,0,1,no_sustained_vertical_lift_type=no_sustained_motion
trace_salad_dressing_s18_w0_10_s20d_clean_seed0_job330329,salad_dressing,18,112,0,0,0,,3.8,1.5,1.0,0.5,0.5,0.3,0.002464,0.004585,-0.002121,1,1,1,-2.028e-05,,1,,1,0.044365,1,0.001139,0,1,no_sustained_vertical_lift_type=no_sustained_motion
trace_salad_dressing_s18_w0_10_s20d_clean_seed0_job330329,salad_dressing,18,124,1,0,0,,3.8,1.5,1.0,0.5,0.5,0.3,0.002215,0.00223,-1.5e-05,1,1,1,3.14e-06,12,1,,1,0.044997,1,0.003977,3,0,no_sustained_vertical_lift_type=sustained_horizontal_transport
trace_salad_dressing_s18_w0_10_s20d_clean_seed0_job330329,salad_dressing,18,126,2,0,0,,3.8,1.5,1.0,0.5,0.5,0.3,0.001766,0.002052,-0.000286,1,1,1,1.679e-05,2,1,,1,0.045445,1,0.003109,3,0,no_sustained_vertical_lift_type=sustained_horizontal_transport
trace_salad_dressing_s18_w0_10_s20d_clean_seed0_job330329,salad_dressing,18,143,3,0,0,,3.3,1.5,1.0,0.5,0.0,0.3,0.028085,0.031307,-0.003222,1,1,1,-8.494e-05,17,1,,1,0.137407,1,0.0,0,1,eef_not_near_object_dist=0.1374
trace_salad_dressing_s18_w0_10_s20d_clean_seed0_job330329,salad_dressing,18,148,4,0,0,,3.3,1.5,1.0,0.5,0.0,0.3,0.019155,0.019115,4e-05,1,1,1,-8.335e-05,5,1,,1,0.164859,1,0.0,0,1,eef_not_near_object_dist=0.1649
trace_salad_dressing_s18_w0_10_s20d_clean_seed0_job330329,salad_dressing,18,156,5,0,0,,3.3,1.5,1.0,0.5,0.0,0.3,0.010044,0.009139,0.000905,1,1,1,-6.789e-05,8,1,,1,0.193474,1,0.0,0,1,eef_not_near_object_dist=0.1935
trace_salad_dressing_s18_w0_10_s20d_clean_seed0_job330329,salad_dressing,18,175,6,0,0,,3.3,1.5,1.0,0.5,0.0,0.3,0.02053,0.018964,0.001566,1,1,1,-4.354e-05,19,1,,1,0.121452,1,0.0,0,1,eef_not_near_object_dist=0.1215
trace_salad_dressing_s18_w0_10_s20d_clean_seed0_job330329,salad_dressing,18,181,7,0,0,,3.3,1.5,1.0,0.5,0.0,0.3,0.019137,0.010778,0.008359,1,1,1,-5.8e-05,6,1,,1,0.117318,1,0.0,0,1,eef_not_near_object_dist=0.1173
trace_salad_dressing_s18_w0_10_s20d_clean_seed0_job330329,salad_dressing,18,183,8,0,0,,3.3,1.5,1.0,0.5,0.0,0.3,0.016514,0.018428,-0.001914,1,1,1,-6.773e-05,2,1,,1,0.110743,1,0.0,0,1,eef_not_near_object_dist=0.1107
trace_salad_dressing_s18_w0_10_s20d_clean_seed0_job330329,salad_dressing,18,187,9,0,0,,3.8,1.5,1.0,0.5,0.5,0.3,0.002063,0.004909,-0.002846,1,1,1,-9.435e-05,4,1,,1,0.106957,1,0.0,0,1,eef_not_near_object_dist=0.1070
trace_salad_dressing_s18_w0_10_s20d_clean_seed0_job330329,salad_dressing,18,204,10,0,0,,3.8,1.5,1.0,0.5,0.5,0.3,0.008859,0.018987,-0.010128,1,1,1,-0.00020885,17,1,,1,0.18563,1,0.0,0,1,eef_not_near_object_dist=0.1856
trace_salad_dressing_s18_w0_10_s20d_clean_seed0_job330329,salad_dressing,18,207,11,0,0,,3.3,1.5,1.0,0.5,0.0,0.3,0.012952,0.010174,0.002778,1,1,1,-0.00020416,3,1,,1,0.19767,1,0.0,0,1,eef_not_near_object_dist=0.1977
trace_salad_dressing_s18_w0_10_s20d_clean_seed0_job330329,salad_dressing,18,213,12,0,0,,3.8,1.5,1.0,0.5,0.5,0.3,0.009179,0.012615,-0.003436,1,1,1,-0.00014615,6,1,,1,0.225882,1,0.0,0,1,eef_not_near_object_dist=0.2259
trace_salad_dressing_s18_w0_10_s20d_clean_seed0_job330329,salad_dressing,18,255,13,0,0,,3.3,1.5,1.0,0.5,0.0,0.3,0.018762,0.017652,0.00111,1,1,1,-0.0001228,42,1,,1,0.150474,1,0.0,0,1,eef_not_near_object_dist=0.1505
trace_salad_dressing_s18_w0_10_s20d_clean_seed0_job330329,salad_dressing,18,267,14,0,0,,3.3,1.5,1.0,0.5,0.0,0.3,0.023406,0.025137,-0.001731,1,1,1,-0.0001257,12,1,,1,0.175985,1,0.0,0,1,eef_not_near_object_dist=0.1760
trace_salad_dressing_s18_w0_10_s20d_clean_seed0_job330329,salad_dressing,18,273,15,0,0,,3.8,1.5,1.0,0.5,0.5,0.3,0.004745,0.011277,-0.006532,1,1,1,-0.00013378,6,1,,1,0.189471,1,0.0,0,1,eef_not_near_object_dist=0.1895
trace_salad_dressing_s19_w0_10_s20d_clean_seed0_job330330,salad_dressing,19,52,0,0,1,,3.3,1.5,1.0,0.5,0.0,0.3,0.015032,0.016925,-0.001893,1,1,1,-8.492e-05,,1,,1,0.043511,1,0.038169,4,1,
trace_salad_dressing_s19_w0_10_s20d_clean_seed0_job330330,salad_dressing,19,54,1,0,1,,3.8,1.5,1.0,0.5,0.5,0.3,0.00427,0.009366,-0.005096,1,1,1,-8.696e-05,2,1,,1,0.043282,1,0.060733,7,1,
trace_salad_dressing_s19_w0_10_s20d_clean_seed0_job330330,salad_dressing,19,123,2,0,0,,3.8,1.5,1.0,0.5,0.5,0.3,0.008114,0.01326,-0.005146,1,1,1,-0.00023859,69,1,,1,0.04493,1,0.0,0,1,no_sustained_vertical_lift_type=no_sustained_motion
trace_salad_dressing_s21_w0_10_s20d_clean_seed0_job330332,salad_dressing,21,48,0,0,0,,3.3,1.5,1.0,0.5,0.0,0.3,0.02638,0.025329,0.001051,1,1,1,-4.117e-05,,1,,1,0.0877,1,0.0,0,1,eef_not_near_object_dist=0.0877
trace_salad_dressing_s21_w0_10_s20d_clean_seed0_job330332,salad_dressing,21,56,1,0,0,,3.3,1.5,1.0,0.5,0.0,0.3,0.018518,0.018381,0.000137,1,1,1,-9.33e-06,8,1,,1,0.055398,1,0.001742,12,1,no_sustained_vertical_lift_type=sustained_horizontal_transport
trace_salad_dressing_s21_w0_10_s20d_clean_seed0_job330332,salad_dressing,21,79,2,0,0,,3.3,1.5,1.0,0.5,0.0,0.3,0.014473,0.014645,-0.000172,1,1,1,-3.028e-05,23,1,,1,0.073522,1,0.0,0,0,no_sustained_vertical_lift_type=no_sustained_motion
trace_salad_dressing_s21_w0_10_s20d_clean_seed0_job330332,salad_dressing,21,83,3,0,0,,3.3,1.5,1.0,0.5,0.0,0.3,0.022309,0.020386,0.001923,1,1,1,-9.058e-05,4,1,,1,0.100178,1,0.0,0,1,eef_not_near_object_dist=0.1002
trace_salad_dressing_s21_w0_10_s20d_clean_seed0_job330332,salad_dressing,21,86,4,0,0,,3.3,1.5,1.0,0.5,0.0,0.3,0.018785,0.022055,-0.00327,1,1,1,-0.00013753,3,1,,1,0.119153,1,0.0,0,1,eef_not_near_object_dist=0.1192
trace_salad_dressing_s21_w0_10_s20d_clean_seed0_job330332,salad_dressing,21,93,5,0,0,,3.8,1.5,1.0,0.5,0.5,0.3,0.001282,0.003972,-0.00269,1,1,1,-0.00017034,7,1,,1,0.134954,1,0.0,0,1,eef_not_near_object_dist=0.1350
trace_salad_dressing_s21_w0_10_s20d_clean_seed0_job330332,salad_dressing,21,108,6,0,0,,3.3,1.5,1.0,0.5,0.0,0.3,0.019378,0.020487,-0.001109,1,1,1,-0.00013858,15,1,,1,0.062907,1,0.000829,0,0,no_sustained_vertical_lift_type=no_sustained_motion
trace_salad_dressing_s21_w0_10_s20d_clean_seed0_job330332,salad_dressing,21,124,7,0,0,,3.3,1.5,1.0,0.5,0.0,0.3,0.018184,0.019327,-0.001143,1,1,1,-0.00020598,16,1,,1,0.100837,1,0.0,0,1,eef_not_near_object_dist=0.1008
trace_salad_dressing_s21_w0_10_s20d_clean_seed0_job330332,salad_dressing,21,135,8,0,0,,3.3,1.5,1.0,0.5,0.0,0.3,0.020905,0.0222,-0.001295,1,1,1,-0.00013041,11,1,,1,0.068473,1,0.001311,2,1,no_sustained_vertical_lift_type=sustained_horizontal_transport
trace_salad_dressing_s21_w0_10_s20d_clean_seed0_job330332,salad_dressing,21,138,9,0,0,,3.3,1.5,1.0,0.5,0.0,0.3,0.015429,0.01695,-0.001521,1,1,1,-0.00020955,3,1,,1,0.053727,1,0.001311,2,0,no_sustained_vertical_lift_type=sustained_horizontal_transport
trace_salad_dressing_s21_w0_10_s20d_clean_seed0_job330332,salad_dressing,21,154,10,0,0,,3.3,1.5,1.0,0.5,0.0,0.3,0.013212,0.020093,-0.006881,1,1,1,-0.00024274,16,1,,1,0.096545,1,0.0,0,1,eef_not_near_object_dist=0.0965
trace_salad_dressing_s21_w0_10_s20d_clean_seed0_job330332,salad_dressing,21,162,11,0,0,,3.3,1.5,1.0,0.5,0.0,0.3,0.007696,0.002681,0.005015,1,1,1,-0.00026707,8,1,,1,0.120552,1,0.0,0,1,eef_not_near_object_dist=0.1206
trace_salad_dressing_s21_w0_10_s20d_clean_seed0_job330332,salad_dressing,21,167,12,0,0,,3.3,1.5,1.0,0.5,0.0,0.3,0.007863,0.003136,0.004727,1,1,1,-0.00028648,5,1,,1,0.109501,1,0.0,0,1,eef_not_near_object_dist=0.1095
trace_salad_dressing_s21_w0_10_s20d_clean_seed0_job330332,salad_dressing,21,186,13,0,0,,3.8,1.5,1.0,0.5,0.5,0.3,0.002204,0.009415,-0.007211,1,1,1,-0.00032965,19,1,,1,0.04399,1,0.000202,0,1,no_sustained_vertical_lift_type=no_sustained_motion
trace_salad_dressing_s21_w0_10_s20d_clean_seed0_job330332,salad_dressing,21,192,14,0,0,,3.8,1.5,1.0,0.5,0.5,0.3,0.002308,0.002958,-0.00065,1,1,1,-0.00035896,6,1,,1,0.043899,1,0.000328,0,1,no_sustained_vertical_lift_type=no_sustained_motion
trace_salad_dressing_s21_w0_10_s20d_clean_seed0_job330332,salad_dressing,21,210,15,0,0,,3.3,1.5,1.0,0.5,0.0,0.3,0.002451,0.002275,0.000176,1,1,1,-0.00030079,18,1,,1,0.043062,1,0.000329,0,1,no_sustained_vertical_lift_type=no_sustained_motion
trace_salad_dressing_s21_w0_10_s20d_clean_seed0_job330332,salad_dressing,21,218,16,0,1,,3.3,1.5,1.0,0.5,0.0,0.3,0.002605,0.00109,0.001515,1,1,1,-0.0003316,8,1,,1,0.042893,1,0.054371,6,1,
trace_salad_dressing_s21_w0_10_s20d_clean_seed0_job330332,salad_dressing,21,221,17,0,1,,3.8,1.5,1.0,0.5,0.5,0.3,0.001903,0.004622,-0.002719,1,1,1,-0.0002472,3,1,,1,0.043398,1,0.089211,9,1,
trace_salad_dressing_s23_w0_10_s20d_clean_seed0_job330334,salad_dressing,23,67,0,0,0,,3.3,1.5,1.0,0.5,0.0,0.3,0.006422,0.004615,0.001807,1,1,1,2.63e-06,,1,,1,0.044144,1,0.009087,0,1,no_sustained_vertical_lift_type=no_sustained_motion
trace_salad_dressing_s23_w0_10_s20d_clean_seed0_job330334,salad_dressing,23,69,1,0,1,,3.8,1.5,1.0,0.5,0.5,0.3,0.004548,0.007225,-0.002677,1,1,1,3.56e-05,2,1,,1,0.044628,1,0.02144,3,1,
trace_salad_dressing_s23_w0_10_s20d_clean_seed0_job330334,salad_dressing,23,72,2,0,1,,3.3,1.5,1.0,0.5,0.0,0.3,0.002113,0.001446,0.000667,1,1,1,3.706e-05,3,1,,1,0.044231,1,0.051827,7,1,
trace_salad_dressing_s24_w0_10_s20d_clean_seed0_job330335,salad_dressing,24,81,0,0,0,,3.3,1.5,1.0,0.5,0.0,0.3,0.018219,0.01861,-0.000391,1,1,1,-6.153e-05,,1,,1,0.058611,1,0.000762,0,1,no_sustained_vertical_lift_type=no_sustained_motion
trace_salad_dressing_s24_w0_10_s20d_clean_seed0_job330335,salad_dressing,24,96,1,0,0,,3.3,1.5,1.0,0.5,0.0,0.3,0.017194,0.016872,0.000322,1,1,1,-9.281e-05,15,1,,1,0.079368,1,0.0,0,0,no_sustained_vertical_lift_type=no_sustained_motion
trace_salad_dressing_s24_w0_10_s20d_clean_seed0_job330335,salad_dressing,24,98,2,0,0,,3.3,1.5,1.0,0.5,0.0,0.3,0.01703,0.017532,-0.000502,1,1,1,-0.00011219,2,1,,1,0.089816,1,0.0,0,1,eef_not_near_object_dist=0.0898
trace_salad_dressing_s24_w0_10_s20d_clean_seed0_job330335,salad_dressing,24,103,3,0,0,,3.8,1.5,1.0,0.5,0.5,0.3,0.007443,0.011702,-0.004259,1,1,1,-0.00014877,5,1,,1,0.107164,1,0.0,0,1,eef_not_near_object_dist=0.1072
trace_salad_dressing_s24_w0_10_s20d_clean_seed0_job330335,salad_dressing,24,107,4,0,0,,3.8,1.5,1.0,0.5,0.5,0.3,0.00764,0.012994,-0.005354,1,1,1,-0.00015442,4,1,,1,0.114806,1,0.0,0,1,eef_not_near_object_dist=0.1148
trace_salad_dressing_s24_w0_10_s20d_clean_seed0_job330335,salad_dressing,24,109,5,0,0,,3.8,1.5,1.0,0.5,0.5,0.3,0.009867,0.010745,-0.000878,1,1,1,-0.00024131,2,1,,1,0.117882,1,0.0,0,1,eef_not_near_object_dist=0.1179
trace_salad_dressing_s24_w0_10_s20d_clean_seed0_job330335,salad_dressing,24,127,6,0,0,,3.3,1.5,1.0,0.5,0.0,0.3,0.021823,0.021715,0.000108,1,1,1,-0.00021021,18,1,,1,0.057153,1,0.001976,8,1,no_sustained_vertical_lift_type=sustained_horizontal_transport
trace_salad_dressing_s24_w0_10_s20d_clean_seed0_job330335,salad_dressing,24,130,7,0,0,,3.3,1.5,1.0,0.5,0.0,0.3,0.021854,0.021911,-5.7e-05,1,1,1,-0.00018407,3,1,,1,0.03744,1,0.001852,10,1,no_sustained_vertical_lift_type=sustained_horizontal_transport
trace_salad_dressing_s24_w0_10_s20d_clean_seed0_job330335,salad_dressing,24,151,8,0,0,,3.8,1.5,1.0,0.5,0.5,0.3,0.003794,0.003917,-0.000123,1,1,1,-0.00028901,21,1,,1,0.089401,1,0.0,0,1,eef_not_near_object_dist=0.0894
trace_salad_dressing_s24_w0_10_s20d_clean_seed0_job330335,salad_dressing,24,161,9,0,1,,3.3,1.5,1.0,0.5,0.0,0.3,0.025139,0.024119,0.00102,1,1,1,-0.00027975,10,1,,1,0.052974,1,0.047343,5,1,
trace_salad_dressing_s24_w0_10_s20d_clean_seed0_job330335,salad_dressing,24,164,10,0,1,,3.3,1.5,1.0,0.5,0.0,0.3,0.012239,0.019574,-0.007335,1,1,1,-0.0003143,3,1,,1,0.043837,1,0.083473,8,1,
trace_salad_dressing_s25_w0_10_s20d_clean_seed0_job330336,salad_dressing,25,48,0,0,1,,3.3,1.5,1.0,0.5,0.0,0.3,0.022889,0.024803,-0.001914,1,1,1,-8.817e-05,,1,,1,0.057716,1,0.027505,3,1,
trace_salad_dressing_s25_w0_10_s20d_clean_seed0_job330336,salad_dressing,25,51,1,0,1,,3.3,1.5,1.0,0.5,0.0,0.3,0.011913,0.014491,-0.002578,1,1,1,-7.25e-05,3,1,,1,0.045961,1,0.060055,6,1,
trace_salad_dressing_s26_w0_10_s20d_clean_seed0_job330337,salad_dressing,26,44,0,1,1,0,3.3,1.5,1.0,0.5,0.0,0.3,0.024487,0.024307,0.00018,1,1,1,-7.065e-05,,1,,1,0.06301,1,0.051505,6,1,
trace_salad_dressing_s27_w0_10_s20d_clean_seed0_job330338,salad_dressing,27,59,0,0,0,,3.3,1.5,1.0,0.5,0.0,0.3,0.014704,0.017862,-0.003158,1,1,1,-5.621e-05,,1,,1,0.045622,1,0.002599,4,0,no_sustained_vertical_lift_type=sustained_horizontal_transport
trace_salad_dressing_s27_w0_10_s20d_clean_seed0_job330338,salad_dressing,27,74,1,0,0,,3.3,1.5,1.0,0.5,0.0,0.3,0.022637,0.020174,0.002463,1,1,1,-9.931e-05,15,1,,1,0.095925,1,0.0,0,1,eef_not_near_object_dist=0.0959
trace_salad_dressing_s27_w0_10_s20d_clean_seed0_job330338,salad_dressing,27,77,2,0,0,,3.3,1.5,1.0,0.5,0.0,0.3,0.027987,0.027098,0.000889,1,1,1,-0.00014651,3,1,,1,0.123994,1,0.0,0,1,eef_not_near_object_dist=0.1240
trace_salad_dressing_s28_w0_10_s20d_clean_seed0_job330339,salad_dressing,28,84,0,0,0,,3.3,1.5,1.0,0.5,0.0,0.3,0.024134,0.023254,0.00088,1,1,1,-4.905e-05,,1,,1,0.097479,1,0.0,0,1,eef_not_near_object_dist=0.0975
trace_salad_dressing_s28_w0_10_s20d_clean_seed0_job330339,salad_dressing,28,88,1,0,0,,3.3,1.5,1.0,0.5,0.0,0.3,0.008714,0.004411,0.004303,1,1,1,-1.049e-05,4,1,,1,0.08858,1,0.0,0,1,eef_not_near_object_dist=0.0886
trace_salad_dressing_s28_w0_10_s20d_clean_seed0_job330339,salad_dressing,28,91,2,0,0,,3.3,1.5,1.0,0.5,0.0,0.3,0.008811,0.002585,0.006226,1,1,1,4.35e-06,3,1,,1,0.095001,1,0.0,0,1,eef_not_near_object_dist=0.0950
trace_salad_dressing_s28_w0_10_s20d_clean_seed0_job330339,salad_dressing,28,99,3,0,0,,3.3,1.5,1.0,0.5,0.0,0.3,0.016339,0.011366,0.004973,1,1,1,-5.306e-05,8,1,,1,0.068915,1,0.000828,0,1,no_sustained_vertical_lift_type=no_sustained_motion
trace_salad_dressing_s28_w0_10_s20d_clean_seed0_job330339,salad_dressing,28,101,4,0,0,,3.3,1.5,1.0,0.5,0.0,0.3,0.013097,0.016868,-0.003771,1,1,1,-5.697e-05,2,1,,1,0.062553,1,0.000828,0,1,no_sustained_vertical_lift_type=no_sustained_motion
trace_salad_dressing_s28_w0_10_s20d_clean_seed0_job330339,salad_dressing,28,117,5,0,0,,3.3,1.5,1.0,0.5,0.0,0.3,0.00853,0.00751,0.00102,1,1,1,-0.0001265,16,1,,1,0.056709,1,6.5e-05,0,0,no_sustained_vertical_lift_type=no_sustained_motion
trace_salad_dressing_s28_w0_10_s20d_clean_seed0_job330339,salad_dressing,28,121,6,0,0,,3.3,1.5,1.0,0.5,0.0,0.3,0.005962,0.005906,5.6e-05,1,1,1,-0.00013633,4,1,,1,0.063582,1,7.7e-05,0,0,no_sustained_vertical_lift_type=no_sustained_motion
trace_salad_dressing_s28_w0_10_s20d_clean_seed0_job330339,salad_dressing,28,126,7,0,0,,3.8,1.5,1.0,0.5,0.5,0.3,0.008224,0.008965,-0.000741,1,1,1,-0.00017903,5,1,,1,0.075483,1,0.0,0,0,no_sustained_vertical_lift_type=no_sustained_motion
trace_salad_dressing_s28_w0_10_s20d_clean_seed0_job330339,salad_dressing,28,132,8,0,0,,3.8,1.5,1.0,0.5,0.5,0.3,0.00606,0.006764,-0.000704,1,1,1,-0.00018212,6,1,,1,0.09367,1,0.0,0,1,eef_not_near_object_dist=0.0937
trace_salad_dressing_s28_w0_10_s20d_clean_seed0_job330339,salad_dressing,28,144,9,0,0,,3.8,1.5,1.0,0.5,0.5,0.3,0.007563,0.009901,-0.002338,1,1,1,-0.00018569,12,1,,1,0.081382,1,0.0,0,1,eef_not_near_object_dist=0.0814
trace_salad_dressing_s28_w0_10_s20d_clean_seed0_job330339,salad_dressing,28,153,10,0,1,,3.3,1.5,1.0,0.5,0.0,0.3,0.018408,0.015001,0.003407,1,1,1,-0.00021643,9,1,,1,0.06245,1,0.026829,3,1,
trace_salad_dressing_s28_w0_10_s20d_clean_seed0_job330339,salad_dressing,28,156,11,0,1,,3.3,1.5,1.0,0.5,0.0,0.3,0.017535,0.02072,-0.003185,1,1,1,-0.00025681,3,1,,1,0.046621,1,0.028216,4,0,
trace_salad_dressing_s28_w0_10_s20d_clean_seed0_job330339,salad_dressing,28,174,12,0,0,,3.3,1.5,1.0,0.5,0.0,0.3,0.016993,0.024089,-0.007096,1,1,1,-0.00027586,18,1,,1,0.133118,1,0.0,0,1,eef_not_near_object_dist=0.1331
trace_salad_dressing_s28_w0_10_s20d_clean_seed0_job330339,salad_dressing,28,176,13,0,0,,3.3,1.5,1.0,0.5,0.0,0.3,0.010958,0.012051,-0.001093,1,1,1,-0.00027439,2,1,,1,0.140559,1,0.0,0,1,eef_not_near_object_dist=0.1406
trace_salad_dressing_s28_w0_10_s20d_clean_seed0_job330339,salad_dressing,28,178,14,0,0,,3.3,1.5,1.0,0.5,0.0,0.3,0.013051,0.012587,0.000464,1,1,1,-0.00027231,2,1,,1,0.148016,1,0.0,0,1,eef_not_near_object_dist=0.1480
trace_salad_dressing_s28_w0_10_s20d_clean_seed0_job330339,salad_dressing,28,194,15,0,0,,3.3,1.5,1.0,0.5,0.0,0.3,0.019913,0.019625,0.000288,1,1,1,-0.00022571,16,1,,1,0.125698,1,0.0,0,1,eef_not_near_object_dist=0.1257
trace_salad_dressing_s28_w0_10_s20d_clean_seed0_job330339,salad_dressing,28,200,16,0,0,,3.3,1.5,1.0,0.5,0.0,0.3,0.020807,0.020988,-0.000181,1,1,1,-0.00025621,6,1,,1,0.093607,1,0.0,0,1,eef_not_near_object_dist=0.0936
trace_salad_dressing_s28_w0_10_s20d_clean_seed0_job330339,salad_dressing,28,219,17,0,0,,3.8,1.5,1.0,0.5,0.5,0.3,0.009974,0.01755,-0.007576,1,1,1,-0.00021276,19,1,,1,0.177226,1,0.0,0,1,eef_not_near_object_dist=0.1772
trace_salad_dressing_s28_w0_10_s20d_clean_seed0_job330339,salad_dressing,28,225,18,0,0,,3.3,1.5,1.0,0.5,0.0,0.3,0.015059,0.016116,-0.001057,1,1,1,-0.00012191,6,1,,1,0.19523,1,0.0,0,1,eef_not_near_object_dist=0.1952
trace_salad_dressing_s29_w0_10_s20d_clean_seed0_job330340,salad_dressing,29,57,0,1,1,0,3.3,1.5,1.0,0.5,0.0,0.3,0.024465,0.022202,0.002263,1,1,1,-5.696e-05,,1,,1,0.056961,1,0.053613,6,1,
trace_salad_dressing_s29_w0_10_s20d_clean_seed0_job330340,salad_dressing,29,128,1,0,0,71,3.8,1.5,1.0,0.5,0.5,0.3,0.002565,0.003489,-0.000924,1,1,1,8.106e-05,71,1,,1,0.050946,1,0.0,0,1,no_sustained_vertical_lift_type=no_sustained_motion
trace_salad_dressing_s30_w0_10_s20d_clean_seed0_job330341,salad_dressing,30,32,0,0,0,-7,3.3,1.5,1.0,0.5,0.0,0.3,0.02515,0.023401,0.001749,1,1,1,-4.622e-05,,1,,1,0.075408,1,0.005148,0,1,no_sustained_vertical_lift_type=no_sustained_motion
trace_salad_dressing_s30_w0_10_s20d_clean_seed0_job330341,salad_dressing,30,39,1,1,1,0,3.3,1.5,1.0,0.5,0.0,0.3,0.017257,0.016816,0.000441,1,1,1,2.04e-06,7,1,,1,0.047152,1,0.080172,8,1,
trace_salad_dressing_s30_w0_10_s20d_clean_seed0_job330341,salad_dressing,30,96,2,0,0,57,3.3,1.5,1.0,0.5,0.0,0.3,0.011226,0.017219,-0.005993,1,1,1,0.00010398,57,1,,1,0.050472,1,0.0,0,1,no_sustained_vertical_lift_type=no_sustained_motion
trace_salad_dressing_s31_w0_10_s20d_clean_seed0_job330342,salad_dressing,31,66,0,0,0,-39,3.3,1.5,1.0,0.5,0.0,0.3,0.019365,0.017268,0.002097,1,1,1,-5.661e-05,,1,,1,0.061975,1,0.001057,6,1,no_sustained_vertical_lift_type=sustained_horizontal_transport
trace_salad_dressing_s31_w0_10_s20d_clean_seed0_job330342,salad_dressing,31,89,1,0,0,-16,3.3,1.5,1.0,0.5,0.0,0.3,0.017905,0.023287,-0.005382,1,1,1,-6.077e-05,23,1,,1,0.113067,1,0.0,0,1,eef_not_near_object_dist=0.1131
trace_salad_dressing_s31_w0_10_s20d_clean_seed0_job330342,salad_dressing,31,93,2,0,0,-12,3.3,1.5,1.0,0.5,0.0,0.3,0.008167,0.003834,0.004333,1,1,1,-0.00010069,4,1,,1,0.107778,1,0.0,0,1,eef_not_near_object_dist=0.1078
trace_salad_dressing_s31_w0_10_s20d_clean_seed0_job330342,salad_dressing,31,105,3,1,1,0,3.3,1.5,1.0,0.5,0.0,0.3,0.020611,0.021602,-0.000991,1,1,1,-7.886e-05,12,1,,1,0.056782,1,0.078043,8,1,
trace_salad_dressing_s32_w0_10_s20d_clean_seed0_job330343,salad_dressing,32,67,0,0,0,,3.3,1.5,1.0,0.5,0.0,0.3,0.023108,0.023942,-0.000834,1,1,1,-2.767e-05,,1,,1,0.052291,1,0.001966,13,1,no_sustained_vertical_lift_type=sustained_horizontal_transport
trace_salad_dressing_s32_w0_10_s20d_clean_seed0_job330343,salad_dressing,32,99,1,0,0,,3.3,1.5,1.0,0.5,0.0,0.3,0.009702,0.009066,0.000636,1,1,1,-7.817e-05,32,1,,1,0.166958,1,0.0,0,1,eef_not_near_object_dist=0.1670
trace_salad_dressing_s32_w0_10_s20d_clean_seed0_job330343,salad_dressing,32,104,2,0,0,,3.3,1.5,1.0,0.5,0.0,0.3,0.014351,0.016368,-0.002017,1,1,1,-4.603e-05,5,1,,1,0.182699,1,0.0,0,1,eef_not_near_object_dist=0.1827
trace_salad_dressing_s32_w0_10_s20d_clean_seed0_job330343,salad_dressing,32,109,3,0,0,,3.3,1.5,1.0,0.5,0.0,0.3,0.014122,0.017298,-0.003176,1,1,1,-6.053e-05,5,1,,1,0.199111,1,0.0,0,1,eef_not_near_object_dist=0.1991
trace_salad_dressing_s32_w0_10_s20d_clean_seed0_job330343,salad_dressing,32,140,4,0,0,,3.3,1.5,1.0,0.5,0.0,0.3,0.024263,0.023562,0.000701,1,1,1,-4.693e-05,31,1,,1,0.085845,1,0.0,0,1,eef_not_near_object_dist=0.0858
trace_salad_dressing_s32_w0_10_s20d_clean_seed0_job330343,salad_dressing,32,165,5,0,0,,3.3,1.5,1.0,0.5,0.0,0.3,0.01087,0.009936,0.000934,1,1,1,-4.071e-05,25,1,,1,0.085144,1,0.0,0,1,eef_not_near_object_dist=0.0851
trace_salad_dressing_s32_w0_10_s20d_clean_seed0_job330343,salad_dressing,32,167,6,0,0,,3.3,1.5,1.0,0.5,0.0,0.3,0.011657,0.011423,0.000234,1,1,1,-6.668e-05,2,1,,1,0.092354,1,0.0,0,1,eef_not_near_object_dist=0.0924
trace_salad_dressing_s32_w0_10_s20d_clean_seed0_job330343,salad_dressing,32,174,7,0,0,,3.8,1.5,1.0,0.5,0.5,0.3,0.004957,0.014368,-0.009411,1,1,1,-0.00010051,7,1,,1,0.109869,1,0.0,0,1,eef_not_near_object_dist=0.1099
trace_salad_dressing_s32_w0_10_s20d_clean_seed0_job330343,salad_dressing,32,178,8,0,0,,3.8,1.5,1.0,0.5,0.5,0.3,0.008672,0.014572,-0.0059,1,1,1,-0.00010516,4,1,,1,0.119767,1,0.0,0,1,eef_not_near_object_dist=0.1198
trace_salad_dressing_s32_w0_10_s20d_clean_seed0_job330343,salad_dressing,32,182,9,0,0,,3.3,1.5,1.0,0.5,0.0,0.3,0.01184,0.005778,0.006062,1,1,1,-0.00011807,4,1,,1,0.110374,1,0.0,0,1,eef_not_near_object_dist=0.1104
trace_salad_dressing_s32_w0_10_s20d_clean_seed0_job330343,salad_dressing,32,186,10,0,0,,3.8,1.5,1.0,0.5,0.5,0.3,0.002499,0.006921,-0.004422,1,1,1,-0.00011767,4,1,,1,0.112839,1,0.0,0,1,eef_not_near_object_dist=0.1128
trace_salad_dressing_s32_w0_10_s20d_clean_seed0_job330343,salad_dressing,32,188,11,0,0,,3.3,1.5,1.0,0.5,0.0,0.3,0.011269,0.008549,0.00272,1,1,1,-0.00010271,2,1,,1,0.108163,1,0.0,0,1,eef_not_near_object_dist=0.1082
trace_salad_dressing_s32_w0_10_s20d_clean_seed0_job330343,salad_dressing,32,191,12,0,0,,3.8,1.5,1.0,0.5,0.5,0.3,0.003083,0.004657,-0.001574,1,1,1,-0.00014313,3,1,,1,0.110895,1,0.0,0,1,eef_not_near_object_dist=0.1109
trace_salad_dressing_s32_w0_10_s20d_clean_seed0_job330343,salad_dressing,32,195,13,0,0,,3.8,1.5,1.0,0.5,0.5,0.3,0.004866,0.007717,-0.002851,1,1,1,-0.00014257,4,1,,1,0.118044,1,0.0,0,1,eef_not_near_object_dist=0.1180
trace_salad_dressing_s32_w0_10_s20d_clean_seed0_job330343,salad_dressing,32,199,14,0,0,,3.8,1.5,1.0,0.5,0.5,0.3,0.000751,0.00288,-0.002129,1,1,1,-0.00015694,4,1,,1,0.119625,1,0.0,0,1,eef_not_near_object_dist=0.1196
trace_salad_dressing_s32_w0_10_s20d_clean_seed0_job330343,salad_dressing,32,203,15,0,0,,3.3,1.5,1.0,0.5,0.0,0.3,0.010278,0.005925,0.004353,1,1,1,-0.00017509,4,1,,1,0.112846,1,0.0,0,1,eef_not_near_object_dist=0.1128
trace_salad_dressing_s32_w0_10_s20d_clean_seed0_job330343,salad_dressing,32,207,16,0,0,,3.8,1.5,1.0,0.5,0.5,0.3,0.001755,0.003597,-0.001842,1,1,1,-0.00015519,4,1,,1,0.113244,1,0.0,0,1,eef_not_near_object_dist=0.1132
trace_salad_dressing_s32_w0_10_s20d_clean_seed0_job330343,salad_dressing,32,211,17,0,0,,3.3,1.5,1.0,0.5,0.0,0.3,0.004638,0.001044,0.003594,1,1,1,-0.00018638,4,1,,1,0.115127,1,0.0,0,1,eef_not_near_object_dist=0.1151
trace_salad_dressing_s32_w0_10_s20d_clean_seed0_job330343,salad_dressing,32,214,18,0,0,,3.8,1.5,1.0,0.5,0.5,0.3,0.005112,0.009951,-0.004839,1,1,1,-0.0001673,3,1,,1,0.11925,1,0.0,0,1,eef_not_near_object_dist=0.1193
trace_salad_dressing_s32_w0_10_s20d_clean_seed0_job330343,salad_dressing,32,217,19,0,0,,3.3,1.5,1.0,0.5,0.0,0.3,0.002333,0.002203,0.00013,1,1,1,-0.00017446,3,1,,1,0.117075,1,0.0,0,1,eef_not_near_object_dist=0.1171
trace_salad_dressing_s32_w0_10_s20d_clean_seed0_job330343,salad_dressing,32,222,20,0,0,,3.3,1.5,1.0,0.5,0.0,0.3,0.004708,0.003793,0.000915,1,1,1,-0.0001829,5,1,,1,0.112665,1,0.0,0,1,eef_not_near_object_dist=0.1127
trace_salad_dressing_s32_w0_10_s20d_clean_seed0_job330343,salad_dressing,32,229,21,0,0,,3.3,1.5,1.0,0.5,0.0,0.3,0.005736,0.001721,0.004015,1,1,1,-0.00018823,7,1,,1,0.100968,1,0.0,0,1,eef_not_near_object_dist=0.1010
trace_salad_dressing_s32_w0_10_s20d_clean_seed0_job330343,salad_dressing,32,236,22,0,0,,3.3,1.5,1.0,0.5,0.0,0.3,0.012942,0.00451,0.008432,1,1,1,-0.00024688,7,1,,1,0.105093,1,0.0,0,1,eef_not_near_object_dist=0.1051
trace_salad_dressing_s32_w0_10_s20d_clean_seed0_job330343,salad_dressing,32,243,23,0,0,,3.3,1.5,1.0,0.5,0.0,0.3,0.016026,0.004123,0.011903,1,1,1,-0.00026716,7,1,,1,0.104815,1,0.0,0,1,eef_not_near_object_dist=0.1048
trace_salad_dressing_s32_w0_10_s20d_clean_seed0_job330343,salad_dressing,32,248,24,0,0,,3.8,1.5,1.0,0.5,0.5,0.3,0.002892,0.003924,-0.001032,1,1,1,-0.00030326,5,1,,1,0.10825,1,0.0,0,1,eef_not_near_object_dist=0.1082
trace_salad_dressing_s32_w0_10_s20d_clean_seed0_job330343,salad_dressing,32,257,25,0,0,,3.3,1.5,1.0,0.5,0.0,0.3,0.020635,0.021752,-0.001117,1,1,1,-0.00039295,9,1,,1,0.074938,1,0.0,0,0,no_sustained_vertical_lift_type=no_sustained_motion
trace_salad_dressing_s32_w0_10_s20d_clean_seed0_job330343,salad_dressing,32,261,26,0,0,,3.8,1.5,1.0,0.5,0.5,0.3,0.005209,0.008157,-0.002948,1,1,1,-0.00036755,4,1,,1,0.073414,1,0.0,0,0,no_sustained_vertical_lift_type=no_sustained_motion
trace_salad_dressing_s32_w0_10_s20d_clean_seed0_job330343,salad_dressing,32,273,27,0,0,,3.3,1.5,1.0,0.5,0.0,0.3,0.006435,0.002939,0.003496,1,1,1,-0.00041406,12,1,,1,0.093717,1,0.0,0,1,eef_not_near_object_dist=0.0937
trace_salad_dressing_s32_w0_10_s20d_clean_seed0_job330343,salad_dressing,32,275,28,0,0,,3.3,1.5,1.0,0.5,0.0,0.3,0.01297,0.010804,0.002166,1,1,1,-0.00040028,2,1,,1,0.084534,1,0.0,0,1,eef_not_near_object_dist=0.0845
trace_salad_dressing_s33_w0_10_s20d_clean_seed0_job330344,salad_dressing,33,59,0,1,1,0,3.3,1.5,1.0,0.5,0.0,0.3,0.020394,0.020202,0.000192,1,1,1,-9e-05,,1,,1,0.042447,1,0.061397,7,1,
trace_salad_dressing_s34_w0_10_s20d_clean_seed0_job330345,salad_dressing,34,121,0,1,1,0,3.8,1.5,1.0,0.5,0.5,0.3,0.000943,0.002397,-0.001454,1,1,1,-1.973e-05,,1,,1,0.044433,1,0.081861,8,1,
trace_salad_dressing_s37_w0_10_s20d_clean_seed0_job330348,salad_dressing,37,56,0,0,1,,3.8,1.5,1.0,0.5,0.5,0.3,0.007182,0.013316,-0.006134,1,1,1,-5.629e-05,,1,,1,0.04248,1,0.019012,3,1,
trace_salad_dressing_s37_w0_10_s20d_clean_seed0_job330348,salad_dressing,37,59,1,0,1,,3.3,1.5,1.0,0.5,0.0,0.3,0.002674,0.002083,0.000591,1,1,1,-4.381e-05,3,1,,1,0.042724,1,0.051375,6,1,
trace_salad_dressing_s38_w0_10_s20d_clean_seed0_job330349,salad_dressing,38,64,0,1,1,0,3.3,1.5,1.0,0.5,0.0,0.3,0.018403,0.021365,-0.002962,1,1,1,-6.625e-05,,1,,1,0.04293,1,0.065472,7,1,
trace_salad_dressing_s38_w0_10_s20d_clean_seed0_job330349,salad_dressing,38,134,1,0,0,70,3.3,1.5,1.0,0.5,0.0,0.3,0.013325,0.01778,-0.004455,1,1,1,9.52e-06,70,1,,1,0.044266,1,0.0,0,1,no_sustained_vertical_lift_type=no_sustained_motion
trace_salad_dressing_s38_w0_10_s20d_clean_seed0_job330349,salad_dressing,38,136,2,0,0,72,3.8,1.5,1.0,0.5,0.5,0.3,0.009215,0.010475,-0.00126,1,1,1,7.452e-05,2,1,,1,0.044288,1,0.0,0,1,no_sustained_vertical_lift_type=no_sustained_motion
trace_salad_dressing_s39_w0_10_s20d_clean_seed0_job330350,salad_dressing,39,58,0,0,0,,3.3,1.5,1.0,0.5,0.0,0.3,0.027835,0.027555,0.00028,1,1,1,-5.669e-05,,1,,1,0.050688,1,0.001452,9,0,no_sustained_vertical_lift_type=sustained_horizontal_transport
trace_salad_dressing_s39_w0_10_s20d_clean_seed0_job330350,salad_dressing,39,79,1,0,0,,3.3,1.5,1.0,0.5,0.0,0.3,0.01356,0.008028,0.005532,1,1,1,6.355e-05,21,1,,1,0.12346,1,0.0,0,1,eef_not_near_object_dist=0.1235
trace_salad_dressing_s39_w0_10_s20d_clean_seed0_job330350,salad_dressing,39,127,2,0,0,,3.3,1.5,1.0,0.5,0.0,0.3,0.00781,0.003737,0.004073,1,1,1,0.00017431,48,1,,1,0.366165,1,0.0,0,1,eef_not_near_object_dist=0.3662
trace_salad_dressing_s40_w0_10_s20d_clean_seed0_job330351,salad_dressing,40,46,0,0,0,-4,3.3,1.5,1.0,0.5,0.0,0.3,0.025208,0.026744,-0.001536,1,1,1,-8.413e-05,,1,,1,0.053629,1,0.007451,2,1,no_sustained_vertical_lift_type=sustained_horizontal_transport
trace_salad_dressing_s40_w0_10_s20d_clean_seed0_job330351,salad_dressing,40,50,1,1,1,0,3.8,1.5,1.0,0.5,0.5,0.3,0.006462,0.012394,-0.005932,1,1,1,-6.378e-05,4,1,,1,0.043823,1,0.043283,6,1,
trace_salad_dressing_s40_w0_10_s20d_clean_seed0_job330351,salad_dressing,40,121,2,0,0,71,3.3,1.5,1.0,0.5,0.0,0.3,0.02191,0.026988,-0.005078,1,1,1,-6.722e-05,71,1,,1,0.04635,1,0.0,0,1,no_sustained_vertical_lift_type=no_sustained_motion
trace_salad_dressing_s41_w0_10_s20d_clean_seed0_job330352,salad_dressing,41,47,0,1,1,0,3.3,1.5,1.0,0.5,0.0,0.3,0.01801,0.017243,0.000767,1,1,1,-7.944e-05,,1,,1,0.049443,1,0.062264,7,1,
trace_salad_dressing_s42_w0_10_s20d_clean_seed0_job330353,salad_dressing,42,68,0,0,0,,3.3,1.5,1.0,0.5,0.0,0.3,0.023715,0.024878,-0.001163,1,1,1,-2.756e-05,,1,,1,0.046972,1,0.0,0,1,no_sustained_vertical_lift_type=no_sustained_motion
trace_salad_dressing_s42_w0_10_s20d_clean_seed0_job330353,salad_dressing,42,81,1,0,0,,3.3,1.5,1.0,0.5,0.0,0.3,0.000791,0.000465,0.000326,1,1,1,7.01e-06,13,1,,1,0.047786,1,0.002851,5,0,no_sustained_vertical_lift_type=sustained_horizontal_transport
trace_salad_dressing_s42_w0_10_s20d_clean_seed0_job330353,salad_dressing,42,98,2,0,0,,3.3,1.5,1.0,0.5,0.0,0.3,0.028327,0.034066,-0.005739,1,1,1,1.411e-05,17,1,,1,0.125369,1,0.0,0,1,eef_not_near_object_dist=0.1254
trace_salad_dressing_s42_w0_10_s20d_clean_seed0_job330353,salad_dressing,42,138,3,0,0,,3.3,1.5,1.0,0.5,0.0,0.3,0.013111,0.01707,-0.003959,1,1,1,-7.351e-05,40,1,,1,0.134982,1,0.0,0,1,eef_not_near_object_dist=0.1350
trace_salad_dressing_s42_w0_10_s20d_clean_seed0_job330353,salad_dressing,42,143,4,0,0,,3.3,1.5,1.0,0.5,0.0,0.3,0.019498,0.016365,0.003133,1,1,1,-9.03e-05,5,1,,1,0.119726,1,0.0,0,1,eef_not_near_object_dist=0.1197
trace_salad_dressing_s42_w0_10_s20d_clean_seed0_job330353,salad_dressing,42,166,5,0,0,,3.3,1.5,1.0,0.5,0.0,0.3,0.020109,0.008974,0.011135,1,1,1,-2.926e-05,23,1,,1,0.19928,1,0.0,0,1,eef_not_near_object_dist=0.1993
trace_salad_dressing_s42_w0_10_s20d_clean_seed0_job330353,salad_dressing,42,170,6,0,0,,3.3,1.5,1.0,0.5,0.0,0.3,0.004422,0.004007,0.000415,1,1,1,-1.467e-05,4,1,,1,0.20058,1,0.0,0,1,eef_not_near_object_dist=0.2006
trace_salad_dressing_s42_w0_10_s20d_clean_seed0_job330353,salad_dressing,42,174,7,0,0,,3.3,1.5,1.0,0.5,0.0,0.3,0.016155,0.009011,0.007144,1,1,1,-2.71e-05,4,1,,1,0.19457,1,0.0,0,1,eef_not_near_object_dist=0.1946
trace_salad_dressing_s43_w0_10_s20d_clean_seed0_job330354,salad_dressing,43,51,0,0,0,,3.3,1.5,1.0,0.5,0.0,0.3,0.015238,0.016042,-0.000804,1,1,1,-6.841e-05,,1,,1,0.044599,1,0.005444,0,1,no_sustained_vertical_lift_type=no_sustained_motion
trace_salad_dressing_s43_w0_10_s20d_clean_seed0_job330354,salad_dressing,43,54,1,0,1,,3.8,1.5,1.0,0.5,0.5,0.3,0.002194,0.00654,-0.004346,1,1,1,-6.048e-05,3,1,,1,0.044288,1,0.025903,4,1,
trace_salad_dressing_s43_w0_10_s20d_clean_seed0_job330354,salad_dressing,43,56,2,0,1,,3.3,1.5,1.0,0.5,0.0,0.3,0.002429,0.002367,6.2e-05,1,1,1,-5.883e-05,2,1,,1,0.044428,1,0.045023,6,1,
trace_salad_dressing_s44_w0_10_s20d_clean_seed0_job330355,salad_dressing,44,68,0,0,1,,3.8,1.5,1.0,0.5,0.5,0.3,0.005399,0.011168,-0.005769,1,1,1,1.391e-05,,1,,1,0.045135,1,0.020883,2,1,
trace_salad_dressing_s44_w0_10_s20d_clean_seed0_job330355,salad_dressing,44,71,1,0,1,,3.8,1.5,1.0,0.5,0.5,0.3,0.001136,0.002603,-0.001467,1,1,1,8.863e-05,3,1,,1,0.045236,1,0.056451,5,1,
trace_salad_dressing_s44_w0_10_s20d_clean_seed0_job330355,salad_dressing,44,74,2,0,1,,3.8,1.5,1.0,0.5,0.5,0.3,0.001188,0.001196,-8e-06,1,1,1,7.882e-05,3,1,,1,0.044841,1,0.093418,8,1,
trace_salad_dressing_s45_w0_10_s20d_clean_seed0_job330356,salad_dressing,45,52,0,0,0,,3.8,1.5,1.0,0.5,0.5,0.3,0.009942,0.017398,-0.007456,1,1,1,-5.354e-05,,1,,1,0.044108,1,0.000774,4,1,no_sustained_vertical_lift_type=sustained_horizontal_transport
trace_salad_dressing_s45_w0_10_s20d_clean_seed0_job330356,salad_dressing,45,61,1,0,0,,3.3,1.5,1.0,0.5,0.0,0.3,0.002642,0.001961,0.000681,1,1,1,-6.17e-06,9,1,,1,0.043504,1,0.000367,0,1,no_sustained_vertical_lift_type=no_sustained_motion
trace_salad_dressing_s45_w0_10_s20d_clean_seed0_job330356,salad_dressing,45,76,2,0,0,,3.3,1.5,1.0,0.5,0.0,0.3,0.002199,0.002067,0.000132,1,1,1,3.3e-07,15,1,,1,0.04332,1,0.002764,0,0,no_sustained_vertical_lift_type=no_sustained_motion
trace_salad_dressing_s45_w0_10_s20d_clean_seed0_job330356,salad_dressing,45,78,3,0,0,,3.3,1.5,1.0,0.5,0.0,0.3,0.002103,0.002032,7.1e-05,1,1,1,2.34e-06,2,1,,1,0.043214,1,0.002642,0,0,no_sustained_vertical_lift_type=no_sustained_motion
trace_salad_dressing_s45_w0_10_s20d_clean_seed0_job330356,salad_dressing,45,81,4,0,0,,3.8,1.5,1.0,0.5,0.5,0.3,0.001829,0.002468,-0.000639,1,1,1,6.7e-06,3,1,,1,0.043195,1,0.00236,0,0,no_sustained_vertical_lift_type=no_sustained_motion
trace_salad_dressing_s45_w0_10_s20d_clean_seed0_job330356,salad_dressing,45,94,5,0,0,,3.3,1.5,1.0,0.5,0.0,0.3,0.03172,0.035534,-0.003814,1,1,1,-2.546e-05,13,1,,1,0.127322,1,0.0,0,1,eef_not_near_object_dist=0.1273
trace_salad_dressing_s45_w0_10_s20d_clean_seed0_job330356,salad_dressing,45,107,6,0,0,,3.8,1.5,1.0,0.5,0.5,0.3,0.006354,0.007618,-0.001264,1,1,1,-2.367e-05,13,1,,1,0.164724,1,0.0,0,1,eef_not_near_object_dist=0.1647
trace_salad_dressing_s45_w0_10_s20d_clean_seed0_job330356,salad_dressing,45,112,7,0,0,,3.3,1.5,1.0,0.5,0.0,0.3,0.006477,0.006413,6.4e-05,1,1,1,-2.088e-05,5,1,,1,0.170921,1,0.0,0,1,eef_not_near_object_dist=0.1709
trace_salad_dressing_s45_w0_10_s20d_clean_seed0_job330356,salad_dressing,45,118,8,0,0,,3.3,1.5,1.0,0.5,0.0,0.3,0.00847,0.006527,0.001943,1,1,1,-2.41e-06,6,1,,1,0.177871,1,0.0,0,1,eef_not_near_object_dist=0.1779
trace_salad_dressing_s45_w0_10_s20d_clean_seed0_job330356,salad_dressing,45,138,9,0,0,,3.3,1.5,1.0,0.5,0.0,0.3,0.024753,0.024774,-2.1e-05,1,1,1,-3.59e-06,20,1,,1,0.072944,1,0.001746,3,0,no_sustained_vertical_lift_type=sustained_horizontal_transport
trace_salad_dressing_s45_w0_10_s20d_clean_seed0_job330356,salad_dressing,45,168,10,0,0,,3.3,1.5,1.0,0.5,0.0,0.3,0.0067,0.006121,0.000579,1,1,1,1.989e-05,30,1,,1,0.161278,1,0.0,0,1,eef_not_near_object_dist=0.1613
trace_salad_dressing_s45_w0_10_s20d_clean_seed0_job330356,salad_dressing,45,204,11,0,0,,3.3,1.5,1.0,0.5,0.0,0.3,0.023556,0.023213,0.000343,1,1,1,2.75e-05,36,1,,1,0.09102,1,0.0,0,1,eef_not_near_object_dist=0.0910
trace_salad_dressing_s45_w0_10_s20d_clean_seed0_job330356,salad_dressing,45,224,12,0,0,,3.3,1.5,1.0,0.5,0.0,0.3,0.011141,0.017662,-0.006521,1,1,1,1.847e-05,20,1,,1,0.157926,1,0.0,0,1,eef_not_near_object_dist=0.1579
trace_salad_dressing_s45_w0_10_s20d_clean_seed0_job330356,salad_dressing,45,229,13,0,0,,3.8,1.5,1.0,0.5,0.5,0.3,0.001018,0.001608,-0.00059,1,1,1,2.123e-05,5,1,,1,0.160278,1,0.0,0,1,eef_not_near_object_dist=0.1603
trace_salad_dressing_s45_w0_10_s20d_clean_seed0_job330356,salad_dressing,45,232,14,0,0,,3.3,1.5,1.0,0.5,0.0,0.3,0.008486,0.003139,0.005347,1,1,1,-2.53e-06,3,1,,1,0.154964,1,0.0,0,1,eef_not_near_object_dist=0.1550
trace_salad_dressing_s45_w0_10_s20d_clean_seed0_job330356,salad_dressing,45,235,15,0,0,,3.8,1.5,1.0,0.5,0.5,0.3,0.00275,0.007461,-0.004711,1,1,1,3.309e-05,3,1,,1,0.154848,1,0.0,0,1,eef_not_near_object_dist=0.1548
trace_salad_dressing_s45_w0_10_s20d_clean_seed0_job330356,salad_dressing,45,240,16,0,0,,3.3,1.5,1.0,0.5,0.0,0.3,0.000475,0.000468,7e-06,1,1,1,2.774e-05,5,1,,1,0.15473,1,0.0,0,1,eef_not_near_object_dist=0.1547
trace_salad_dressing_s45_w0_10_s20d_clean_seed0_job330356,salad_dressing,45,246,17,0,0,,3.3,1.5,1.0,0.5,0.0,0.3,0.001647,0.001606,4.1e-05,1,1,1,2.515e-05,6,1,,1,0.152308,1,0.0,0,1,eef_not_near_object_dist=0.1523
trace_salad_dressing_s45_w0_10_s20d_clean_seed0_job330356,salad_dressing,45,255,18,0,0,,3.8,1.5,1.0,0.5,0.5,0.3,0.000302,0.000594,-0.000292,1,1,1,2.307e-05,9,1,,1,0.151068,1,0.0,0,1,eef_not_near_object_dist=0.1511
trace_salad_dressing_s45_w0_10_s20d_clean_seed0_job330356,salad_dressing,45,266,19,0,0,,3.8,1.5,1.0,0.5,0.5,0.3,1.3e-05,1.4e-05,-1e-06,1,1,1,2.182e-05,11,1,,1,0.15022,1,0.0,0,1,eef_not_near_object_dist=0.1502
trace_salad_dressing_s45_w0_10_s20d_clean_seed0_job330356,salad_dressing,45,272,20,0,0,,3.8,1.5,1.0,0.5,0.5,0.3,0.000232,0.000266,-3.4e-05,1,1,1,2.144e-05,6,1,,1,0.149879,1,0.0,0,1,eef_not_near_object_dist=0.1499
trace_salad_dressing_s45_w0_10_s20d_clean_seed0_job330356,salad_dressing,45,274,21,0,0,,3.8,1.5,1.0,0.5,0.5,0.3,6.4e-05,0.000153,-8.9e-05,1,1,1,2.137e-05,2,1,,1,0.149865,1,0.0,0,1,eef_not_near_object_dist=0.1499
trace_salad_dressing_s46_w0_10_s20d_clean_seed0_job330357,salad_dressing,46,69,0,0,1,,3.3,1.5,1.0,0.5,0.0,0.3,0.01739,0.02144,-0.00405,1,1,1,-1.683e-05,,1,,1,0.043415,1,0.035702,5,1,
trace_salad_dressing_s46_w0_10_s20d_clean_seed0_job330357,salad_dressing,46,71,1,0,1,,3.8,1.5,1.0,0.5,0.5,0.3,0.005606,0.010446,-0.00484,1,1,1,5.341e-05,2,1,,1,0.044361,1,0.056735,7,1,
trace_salad_dressing_s48_w0_10_s20d_clean_seed0_job330359,salad_dressing,48,68,0,0,1,,3.3,1.5,1.0,0.5,0.0,0.3,0.013968,0.021659,-0.007691,1,1,1,-3.432e-05,,1,,1,0.042684,1,0.045003,5,1,
trace_salad_dressing_s48_w0_10_s20d_clean_seed0_job330359,salad_dressing,48,71,1,0,1,,3.3,1.5,1.0,0.5,0.0,0.3,0.001337,0.001122,0.000215,1,1,1,-2.855e-05,3,1,,1,0.042876,1,0.077088,8,1,
trace_salad_dressing_s49_w0_10_s20d_clean_seed0_job330360,salad_dressing,49,69,0,1,1,0,3.3,1.5,1.0,0.5,0.0,0.3,0.020578,0.020532,4.6e-05,1,1,1,-3.871e-05,,1,,1,0.055651,1,0.058019,6,1,
trace_tomato_sauce_s10_w0_10_s20d_clean_seed0_job330361,tomato_sauce,10,54,0,1,1,0,3.8,1.5,1.0,0.5,0.5,0.3,0.006869,0.00726,-0.000391,1,1,1,-0.00031456,,1,,1,0.028142,1,0.055829,7,1,
trace_tomato_sauce_s10_w0_10_s20d_clean_seed0_job330361,tomato_sauce,10,113,1,0,0,59,3.8,1.5,1.0,0.5,0.5,0.3,0.007214,0.015653,-0.008439,1,1,1,-0.00410835,59,1,,1,0.020134,1,0.0,3,1,no_sustained_vertical_lift_type=sustained_horizontal_transport
trace_tomato_sauce_s10_w0_10_s20d_clean_seed0_job330361,tomato_sauce,10,118,2,0,0,64,3.3,1.5,1.0,0.5,0.0,0.3,0.012082,0.014335,-0.002253,1,1,1,-0.00365318,5,1,,1,0.020097,1,0.0,0,1,no_sustained_vertical_lift_type=no_sustained_motion
trace_tomato_sauce_s11_w0_10_s20d_clean_seed0_job330362,tomato_sauce,11,56,0,1,1,0,3.3,1.5,1.0,0.5,0.0,0.3,0.019385,0.020326,-0.000941,1,1,1,0.00016583,,1,,1,0.036541,1,0.034064,5,1,
trace_tomato_sauce_s11_w0_10_s20d_clean_seed0_job330362,tomato_sauce,11,118,1,0,0,62,3.3,1.5,1.0,0.5,0.0,0.3,0.022911,0.026479,-0.003568,1,1,1,-0.00051954,62,1,,1,0.021612,1,0.0,0,1,no_sustained_vertical_lift_type=no_sustained_motion
trace_tomato_sauce_s12_w0_10_s20d_clean_seed0_job330363,tomato_sauce,12,68,0,1,1,0,3.3,1.5,1.0,0.5,0.0,0.3,0.023174,0.026782,-0.003608,1,1,1,-8.249e-05,,1,,1,0.027845,1,0.060656,7,1,
trace_tomato_sauce_s12_w0_10_s20d_clean_seed0_job330363,tomato_sauce,12,130,1,0,0,62,3.3,1.5,1.0,0.5,0.0,0.3,0.00649,0.003966,0.002524,1,1,1,-0.0048287,62,1,,1,0.023786,1,0.0,9,1,no_sustained_vertical_lift_type=sustained_horizontal_transport
trace_tomato_sauce_s12_w0_10_s20d_clean_seed0_job330363,tomato_sauce,12,135,2,0,0,67,3.8,1.5,1.0,0.5,0.5,0.3,0.004648,0.008042,-0.003394,1,1,1,-0.00293191,5,1,,1,0.02366,1,0.0,7,1,no_sustained_vertical_lift_type=sustained_horizontal_transport
trace_tomato_sauce_s12_w0_10_s20d_clean_seed0_job330363,tomato_sauce,12,141,3,0,0,73,3.3,1.5,1.0,0.5,0.0,0.3,0.006228,0.005922,0.000306,1,1,1,-0.00212042,6,1,,1,0.023639,1,0.0,0,1,no_sustained_vertical_lift_type=no_sustained_motion
trace_tomato_sauce_s12_w0_10_s20d_clean_seed0_job330363,tomato_sauce,12,147,4,0,0,79,3.8,1.5,1.0,0.5,0.5,0.3,0.005466,0.014652,-0.009186,1,1,1,-0.00185978,6,1,,1,0.023652,1,0.002977,0,1,no_sustained_vertical_lift_type=no_sustained_motion
trace_tomato_sauce_s12_w0_10_s20d_clean_seed0_job330363,tomato_sauce,12,149,5,0,0,81,3.3,1.5,1.0,0.5,0.0,0.3,0.001702,0.001475,0.000227,1,1,1,-0.00188401,2,1,,1,0.023669,1,0.004149,0,1,no_sustained_vertical_lift_type=no_sustained_motion
trace_tomato_sauce_s12_w0_10_s20d_clean_seed0_job330363,tomato_sauce,12,153,6,0,0,85,3.3,1.5,1.0,0.5,0.0,0.3,0.004617,0.000798,0.003819,1,1,1,-0.00171392,4,1,,1,0.023696,1,0.000977,0,1,no_sustained_vertical_lift_type=no_sustained_motion
trace_tomato_sauce_s12_w0_10_s20d_clean_seed0_job330363,tomato_sauce,12,155,7,0,0,87,3.8,1.5,1.0,0.5,0.5,0.3,0.001524,0.004264,-0.00274,1,1,1,-0.00147693,2,1,,1,0.023693,1,0.002219,0,1,no_sustained_vertical_lift_type=no_sustained_motion
trace_tomato_sauce_s12_w0_10_s20d_clean_seed0_job330363,tomato_sauce,12,159,8,0,0,91,3.3,1.5,1.0,0.5,0.0,0.3,0.004208,0.001227,0.002981,1,1,1,-0.00106149,4,1,,1,0.023699,1,0.0,0,1,no_sustained_vertical_lift_type=no_sustained_motion
trace_tomato_sauce_s13_w0_10_s20d_clean_seed0_job330364,tomato_sauce,13,70,0,1,1,0,3.3,1.5,1.0,0.5,0.0,0.3,0.015058,0.017347,-0.002289,1,1,1,4.745e-05,,1,,1,0.04864,1,0.066495,8,1,
trace_tomato_sauce_s13_w0_10_s20d_clean_seed0_job330364,tomato_sauce,13,129,1,0,0,59,3.3,1.5,1.0,0.5,0.0,0.3,0.011305,0.022575,-0.01127,1,1,1,0.00060073,59,1,,1,0.043544,1,0.0,0,1,no_sustained_vertical_lift_type=no_sustained_motion
trace_tomato_sauce_s13_w0_10_s20d_clean_seed0_job330364,tomato_sauce,13,131,2,0,0,61,3.8,1.5,1.0,0.5,0.5,0.3,0.002132,0.004216,-0.002084,1,1,1,0.00057717,2,1,,1,0.043587,1,0.0,0,1,no_sustained_vertical_lift_type=no_sustained_motion
trace_tomato_sauce_s13_w0_10_s20d_clean_seed0_job330364,tomato_sauce,13,136,3,0,0,66,3.3,1.5,1.0,0.5,0.0,0.3,0.012259,0.018278,-0.006019,1,1,1,0.00054288,5,1,,1,0.043698,1,0.0,0,1,no_sustained_vertical_lift_type=no_sustained_motion
trace_tomato_sauce_s14_w0_10_s20d_clean_seed0_job330365,tomato_sauce,14,3,0,0,0,,3.3,1.5,1.0,0.5,0.0,0.3,,,,1,1,1,1.282e-05,,1,,1,0.321705,1,0.0,0,1,eef_not_near_object_dist=0.3217
trace_tomato_sauce_s14_w0_10_s20d_clean_seed0_job330365,tomato_sauce,14,9,1,0,0,,3.8,1.5,1.0,0.5,0.5,0.3,0.005395,0.006859,-0.001464,1,1,1,2.488e-05,6,1,,1,0.320422,1,0.0,0,1,eef_not_near_object_dist=0.3204
trace_tomato_sauce_s14_w0_10_s20d_clean_seed0_job330365,tomato_sauce,14,21,2,0,0,,3.3,1.5,1.0,0.5,0.0,0.3,0.009725,0.009687,3.8e-05,1,1,1,-4.518e-05,12,1,,1,0.303562,1,0.0,0,1,eef_not_near_object_dist=0.3036
trace_tomato_sauce_s14_w0_10_s20d_clean_seed0_job330365,tomato_sauce,14,23,3,0,0,,3.3,1.5,1.0,0.5,0.0,0.3,0.010304,0.00975,0.000554,1,1,1,-3.809e-05,2,1,,1,0.300139,1,0.0,0,1,eef_not_near_object_dist=0.3001
trace_tomato_sauce_s14_w0_10_s20d_clean_seed0_job330365,tomato_sauce,14,29,4,0,0,,3.3,1.5,1.0,0.5,0.0,0.3,0.018844,0.023153,-0.004309,1,1,1,-0.0002876,6,1,,1,0.296781,1,0.0,0,1,eef_not_near_object_dist=0.2968
trace_tomato_sauce_s14_w0_10_s20d_clean_seed0_job330365,tomato_sauce,14,32,5,0,0,,3.3,1.5,1.0,0.5,0.0,0.3,0.025184,0.022206,0.002978,1,1,1,-0.00018051,3,1,,1,0.295142,1,0.0,0,1,eef_not_near_object_dist=0.2951
trace_tomato_sauce_s14_w0_10_s20d_clean_seed0_job330365,tomato_sauce,14,100,6,0,0,,3.8,1.5,1.0,0.5,0.5,0.3,0.00089,0.006102,-0.005212,1,1,1,4.778e-05,68,1,,1,0.092487,1,0.0,0,1,eef_not_near_object_dist=0.0925
trace_tomato_sauce_s14_w0_10_s20d_clean_seed0_job330365,tomato_sauce,14,102,7,0,0,,3.3,1.5,1.0,0.5,0.0,0.3,0.000979,0.000507,0.000472,1,1,1,-0.00049595,2,1,,1,0.092974,1,0.0,0,1,eef_not_near_object_dist=0.0930
trace_tomato_sauce_s14_w0_10_s20d_clean_seed0_job330365,tomato_sauce,14,116,8,0,0,,3.8,1.5,1.0,0.5,0.5,0.3,0.002231,0.003451,-0.00122,1,1,1,-0.00109229,14,1,,1,0.088389,1,0.0,0,1,eef_not_near_object_dist=0.0884
trace_tomato_sauce_s14_w0_10_s20d_clean_seed0_job330365,tomato_sauce,14,124,9,0,0,,3.8,1.5,1.0,0.5,0.5,0.3,0.000426,0.001229,-0.000803,1,1,1,-0.00801475,8,1,,1,0.086317,1,0.0,0,1,eef_not_near_object_dist=0.0863
trace_tomato_sauce_s14_w0_10_s20d_clean_seed0_job330365,tomato_sauce,14,132,10,0,0,,3.3,1.5,1.0,0.5,0.0,0.3,0.004489,0.003615,0.000874,1,1,1,0.00236839,8,1,,1,0.080583,1,0.0,0,1,eef_not_near_object_dist=0.0806
trace_tomato_sauce_s14_w0_10_s20d_clean_seed0_job330365,tomato_sauce,14,142,11,0,0,,3.3,1.5,1.0,0.5,0.0,0.3,0.003762,0.003749,1.3e-05,1,1,1,-0.0011982,10,1,,1,0.069091,1,0.0,0,1,no_sustained_vertical_lift_type=no_sustained_motion
trace_tomato_sauce_s14_w0_10_s20d_clean_seed0_job330365,tomato_sauce,14,144,12,0,0,,3.8,1.5,1.0,0.5,0.5,0.3,0.002235,0.003184,-0.000949,1,1,1,-0.00206527,2,1,,1,0.068606,1,0.0,0,1,no_sustained_vertical_lift_type=no_sustained_motion
trace_tomato_sauce_s14_w0_10_s20d_clean_seed0_job330365,tomato_sauce,14,157,13,0,0,,3.8,1.5,1.0,0.5,0.5,0.3,0.000603,0.000772,-0.000169,1,1,1,-0.00136329,13,1,,1,0.063621,1,1.8e-05,0,1,no_sustained_vertical_lift_type=no_sustained_motion
trace_tomato_sauce_s14_w0_10_s20d_clean_seed0_job330365,tomato_sauce,14,159,14,0,0,,3.3,1.5,1.0,0.5,0.0,0.3,0.001491,0.000735,0.000756,1,1,1,-0.00183202,2,1,,1,0.062585,1,1.8e-05,0,1,no_sustained_vertical_lift_type=no_sustained_motion
trace_tomato_sauce_s14_w0_10_s20d_clean_seed0_job330365,tomato_sauce,14,162,15,0,0,,3.8,1.5,1.0,0.5,0.5,0.3,0.001633,0.001999,-0.000366,1,1,1,-0.0021979,3,1,,1,0.061089,1,1.8e-05,0,1,no_sustained_vertical_lift_type=no_sustained_motion
trace_tomato_sauce_s14_w0_10_s20d_clean_seed0_job330365,tomato_sauce,14,167,16,0,0,,3.3,1.5,1.0,0.5,0.0,0.3,0.000734,0.00031,0.000424,1,1,1,-0.00176101,5,1,,1,0.060503,1,2e-05,5,1,no_sustained_vertical_lift_type=sustained_horizontal_transport
trace_tomato_sauce_s14_w0_10_s20d_clean_seed0_job330365,tomato_sauce,14,176,17,0,0,,3.8,1.5,1.0,0.5,0.5,0.3,0.00319,0.003987,-0.000797,1,1,1,-0.00171912,9,1,,1,0.055178,1,0.000228,0,1,no_sustained_vertical_lift_type=no_sustained_motion
trace_tomato_sauce_s14_w0_10_s20d_clean_seed0_job330365,tomato_sauce,14,178,18,0,0,,3.3,1.5,1.0,0.5,0.0,0.3,0.00518,0.004148,0.001032,1,1,1,-0.00069522,2,1,,1,0.055141,1,0.00024,2,1,no_sustained_vertical_lift_type=sustained_horizontal_transport
trace_tomato_sauce_s14_w0_10_s20d_clean_seed0_job330365,tomato_sauce,14,185,19,0,0,,3.8,1.5,1.0,0.5,0.5,0.3,0.002289,0.002692,-0.000403,1,1,1,-0.00378738,7,1,,1,0.053279,1,0.000242,6,1,no_sustained_vertical_lift_type=sustained_horizontal_transport
trace_tomato_sauce_s14_w0_10_s20d_clean_seed0_job330365,tomato_sauce,14,187,20,0,0,,3.8,1.5,1.0,0.5,0.5,0.3,0.000628,0.001448,-0.00082,1,1,1,-0.00307613,2,1,,1,0.053483,1,0.000229,5,1,no_sustained_vertical_lift_type=sustained_horizontal_transport
trace_tomato_sauce_s14_w0_10_s20d_clean_seed0_job330365,tomato_sauce,14,195,21,0,0,,2.8,1.5,1.0,0.0,0.0,0.3,0.002522,0.001125,0.001397,1,1,1,0.00942194,8,1,,1,0.053654,1,0.000195,0,1,no_sustained_vertical_lift_type=no_sustained_motion
trace_tomato_sauce_s14_w0_10_s20d_clean_seed0_job330365,tomato_sauce,14,199,22,0,0,,2.8,1.5,1.0,0.0,0.0,0.3,0.003999,0.003647,0.000352,1,1,1,0.00642834,4,1,,1,0.05125,1,2.4e-05,0,1,no_sustained_vertical_lift_type=no_sustained_motion
trace_tomato_sauce_s14_w0_10_s20d_clean_seed0_job330365,tomato_sauce,14,208,23,0,0,,2.5,1.5,1.0,0.0,0.0,0.0,0.003942,0.003929,1.3e-05,1,1,1,0.01523909,9,1,,1,0.048327,1,0.0,0,1,no_sustained_vertical_lift_type=no_sustained_motion
trace_tomato_sauce_s14_w0_10_s20d_clean_seed0_job330365,tomato_sauce,14,212,24,0,0,,3.3,1.5,1.0,0.0,0.5,0.3,0.000332,0.001347,-0.001015,1,1,1,0.00719976,4,1,,1,0.0482,1,0.0,0,1,no_sustained_vertical_lift_type=no_sustained_motion
trace_tomato_sauce_s14_w0_10_s20d_clean_seed0_job330365,tomato_sauce,14,214,25,0,0,,2.8,1.5,1.0,0.0,0.0,0.3,0.000824,0.000629,0.000195,1,1,1,0.005581,2,1,,1,0.047837,1,0.0,0,1,no_sustained_vertical_lift_type=no_sustained_motion
trace_tomato_sauce_s14_w0_10_s20d_clean_seed0_job330365,tomato_sauce,14,220,26,0,0,,3.3,1.5,1.0,0.5,0.0,0.3,0.000915,0.000887,2.8e-05,1,1,1,-0.00026631,6,1,,1,0.047926,1,0.0,0,1,no_sustained_vertical_lift_type=no_sustained_motion
trace_tomato_sauce_s14_w0_10_s20d_clean_seed0_job330365,tomato_sauce,14,229,27,0,0,,2.8,1.5,1.0,0.0,0.0,0.3,0.002337,0.001491,0.000846,1,1,1,0.00717405,9,1,,1,0.047503,1,0.0,0,1,no_sustained_vertical_lift_type=no_sustained_motion
trace_tomato_sauce_s14_w0_10_s20d_clean_seed0_job330365,tomato_sauce,14,237,28,0,0,,3.3,1.5,1.0,0.5,0.0,0.3,0.003224,0.003094,0.00013,1,1,1,0.0038158,8,1,,1,0.04422,1,0.0,0,1,no_sustained_vertical_lift_type=no_sustained_motion
trace_tomato_sauce_s14_w0_10_s20d_clean_seed0_job330365,tomato_sauce,14,250,29,0,0,,3.8,1.5,1.0,0.5,0.5,0.3,0.001291,0.001361,-7e-05,1,1,1,0.00373762,13,1,,1,0.045445,1,0.000364,10,1,no_sustained_vertical_lift_type=sustained_horizontal_transport
trace_tomato_sauce_s14_w0_10_s20d_clean_seed0_job330365,tomato_sauce,14,260,30,0,0,,2.8,1.5,1.0,0.0,0.0,0.3,0.001623,0.000568,0.001055,1,1,1,0.00652248,10,1,,1,0.048116,1,0.000128,0,1,no_sustained_vertical_lift_type=no_sustained_motion
trace_tomato_sauce_s14_w0_10_s20d_clean_seed0_job330365,tomato_sauce,14,262,31,0,0,,2.8,1.5,1.0,0.0,0.0,0.3,0.00406,0.002742,0.001318,1,1,1,0.0060957,2,1,,1,0.04804,1,0.000128,0,1,no_sustained_vertical_lift_type=no_sustained_motion
trace_tomato_sauce_s14_w0_10_s20d_clean_seed0_job330365,tomato_sauce,14,269,32,0,0,,3.8,1.5,1.0,0.5,0.5,0.3,0.000444,0.001011,-0.000567,1,1,1,0.00483257,7,1,,1,0.049999,1,7.9e-05,0,1,no_sustained_vertical_lift_type=no_sustained_motion
trace_tomato_sauce_s15_w0_10_s20d_clean_seed0_job330366,tomato_sauce,15,56,0,0,0,-113,3.3,1.5,1.0,0.5,0.0,0.3,0.012789,0.018372,-0.005583,1,1,1,0.00031067,,1,,1,0.059383,1,0.001572,0,0,no_sustained_vertical_lift_type=no_sustained_motion
trace_tomato_sauce_s15_w0_10_s20d_clean_seed0_job330366,tomato_sauce,15,72,1,0,0,-97,3.3,1.5,1.0,0.5,0.0,0.3,0.020138,0.022255,-0.002117,1,1,1,0.0001047,16,1,,1,0.107537,1,0.0,0,1,eef_not_near_object_dist=0.1075
trace_tomato_sauce_s15_w0_10_s20d_clean_seed0_job330366,tomato_sauce,15,76,2,0,0,-93,3.3,1.5,1.0,0.5,0.0,0.3,0.00619,0.005385,0.000805,1,1,1,6.13e-06,4,1,,1,0.107508,1,0.0,0,1,eef_not_near_object_dist=0.1075
trace_tomato_sauce_s15_w0_10_s20d_clean_seed0_job330366,tomato_sauce,15,84,3,0,0,-85,3.3,1.5,1.0,0.5,0.0,0.3,0.014658,0.013272,0.001386,1,1,1,-4.109e-05,8,1,,1,0.100214,1,0.0,0,1,eef_not_near_object_dist=0.1002
trace_tomato_sauce_s15_w0_10_s20d_clean_seed0_job330366,tomato_sauce,15,96,4,0,0,-73,3.3,1.5,1.0,0.5,0.0,0.3,0.01855,0.017612,0.000938,1,1,1,-0.00014949,12,1,,1,0.062852,1,0.000332,0,1,no_sustained_vertical_lift_type=no_sustained_motion
trace_tomato_sauce_s15_w0_10_s20d_clean_seed0_job330366,tomato_sauce,15,100,5,0,0,-69,3.8,1.5,1.0,0.5,0.5,0.3,0.006515,0.013491,-0.006976,1,1,1,0.00086632,4,1,,1,0.049871,1,0.0,0,1,no_sustained_vertical_lift_type=no_sustained_motion
trace_tomato_sauce_s15_w0_10_s20d_clean_seed0_job330366,tomato_sauce,15,103,6,0,0,-66,3.8,1.5,1.0,0.5,0.5,0.3,0.007132,0.007665,-0.000533,1,1,1,0.00012188,3,1,,1,0.054534,1,2e-06,0,1,no_sustained_vertical_lift_type=no_sustained_motion
trace_tomato_sauce_s15_w0_10_s20d_clean_seed0_job330366,tomato_sauce,15,105,7,0,0,-64,3.3,1.5,1.0,0.5,0.0,0.3,0.004096,0.003564,0.000532,1,1,1,-1.8e-06,2,1,,1,0.051507,1,0.0,0,1,no_sustained_vertical_lift_type=no_sustained_motion
trace_tomato_sauce_s15_w0_10_s20d_clean_seed0_job330366,tomato_sauce,15,109,8,0,0,-60,3.8,1.5,1.0,0.5,0.5,0.3,0.002897,0.003352,-0.000455,1,1,1,-0.00010877,4,1,,1,0.050264,1,0.0,0,1,no_sustained_vertical_lift_type=no_sustained_motion
trace_tomato_sauce_s15_w0_10_s20d_clean_seed0_job330366,tomato_sauce,15,119,9,0,0,-50,3.8,1.5,1.0,0.5,0.5,0.3,0.001484,0.002423,-0.000939,1,1,1,-0.0001518,10,1,,1,0.049651,1,0.000112,0,1,no_sustained_vertical_lift_type=no_sustained_motion
trace_tomato_sauce_s15_w0_10_s20d_clean_seed0_job330366,tomato_sauce,15,126,10,0,0,-43,3.3,1.5,1.0,0.5,0.0,0.3,0.004046,0.00195,0.002096,1,1,1,-0.00016117,7,1,,1,0.047947,1,0.001094,0,1,no_sustained_vertical_lift_type=no_sustained_motion
trace_tomato_sauce_s15_w0_10_s20d_clean_seed0_job330366,tomato_sauce,15,130,11,0,0,-39,3.3,1.5,1.0,0.5,0.0,0.3,0.002306,0.000817,0.001489,1,1,1,-0.00016375,4,1,,1,0.045706,1,0.003276,0,1,no_sustained_vertical_lift_type=no_sustained_motion
trace_tomato_sauce_s15_w0_10_s20d_clean_seed0_job330366,tomato_sauce,15,133,12,0,0,-36,3.8,1.5,1.0,0.5,0.5,0.3,0.000295,0.003056,-0.002761,1,1,1,0.00097728,3,1,,1,0.04541,1,0.003164,0,1,no_sustained_vertical_lift_type=no_sustained_motion
trace_tomato_sauce_s15_w0_10_s20d_clean_seed0_job330366,tomato_sauce,15,143,13,0,0,-26,3.8,1.5,1.0,0.5,0.5,0.3,0.000845,0.000872,-2.7e-05,1,1,1,-0.00127354,10,1,,1,0.047732,1,0.000738,0,1,no_sustained_vertical_lift_type=no_sustained_motion
trace_tomato_sauce_s15_w0_10_s20d_clean_seed0_job330366,tomato_sauce,15,152,14,0,0,-17,3.8,1.5,1.0,0.5,0.5,0.3,0.004659,0.005602,-0.000943,1,1,1,-0.00020646,9,1,,1,0.055589,1,0.0,0,1,no_sustained_vertical_lift_type=no_sustained_motion
trace_tomato_sauce_s15_w0_10_s20d_clean_seed0_job330366,tomato_sauce,15,159,15,0,0,-10,3.8,1.5,1.0,0.5,0.5,0.3,0.004861,0.00543,-0.000569,1,1,1,-0.00022335,7,1,,1,0.055002,1,0.002294,0,1,no_sustained_vertical_lift_type=no_sustained_motion
trace_tomato_sauce_s15_w0_10_s20d_clean_seed0_job330366,tomato_sauce,15,169,16,1,1,0,3.3,1.5,1.0,0.5,0.0,0.3,0.010795,0.01031,0.000485,1,1,1,-0.00025335,10,1,,1,0.041512,1,0.00575,2,1,
trace_tomato_sauce_s15_w0_10_s20d_clean_seed0_job330366,tomato_sauce,15,172,17,0,0,3,3.3,1.5,1.0,0.5,0.0,0.3,0.005809,0.005157,0.000652,1,1,1,-0.00133067,3,1,,1,0.043647,1,0.0044,6,0,no_sustained_vertical_lift_type=sustained_horizontal_transport
trace_tomato_sauce_s15_w0_10_s20d_clean_seed0_job330366,tomato_sauce,15,178,18,0,0,9,3.3,1.5,1.0,0.5,0.0,0.3,0.00728,0.005034,0.002246,1,1,1,-0.00241772,6,1,,1,0.042897,1,0.004105,5,0,no_sustained_vertical_lift_type=sustained_horizontal_transport
trace_tomato_sauce_s15_w0_10_s20d_clean_seed0_job330366,tomato_sauce,15,192,19,0,0,23,3.8,1.5,1.0,0.5,0.5,0.3,0.006016,0.00827,-0.002254,1,1,1,-0.00035556,14,1,,1,0.070451,1,0.0,0,1,no_sustained_vertical_lift_type=no_sustained_motion
trace_tomato_sauce_s15_w0_10_s20d_clean_seed0_job330366,tomato_sauce,15,235,20,0,0,66,3.0,1.5,1.0,0.0,0.5,0.0,0.003635,0.00368,-4.5e-05,1,1,1,0.01011808,43,1,,1,0.051079,1,0.00068,11,1,no_sustained_vertical_lift_type=sustained_horizontal_transport
trace_tomato_sauce_s15_w0_10_s20d_clean_seed0_job330366,tomato_sauce,15,240,21,0,0,71,2.8,1.5,1.0,0.0,0.0,0.3,0.005203,0.005142,6.1e-05,1,1,1,0.00557931,5,1,,1,0.051167,1,0.00016,0,1,no_sustained_vertical_lift_type=no_sustained_motion
trace_tomato_sauce_s15_w0_10_s20d_clean_seed0_job330366,tomato_sauce,15,242,22,0,0,73,3.3,1.5,1.0,0.0,0.5,0.3,0.003361,0.003403,-4.2e-05,1,1,1,0.00753921,2,1,,1,0.050334,1,0.000176,0,1,no_sustained_vertical_lift_type=no_sustained_motion
trace_tomato_sauce_s15_w0_10_s20d_clean_seed0_job330366,tomato_sauce,15,263,23,0,0,94,3.3,1.5,1.0,0.5,0.0,0.3,0.016279,0.012002,0.004277,1,1,1,0.00133869,21,1,,1,0.028922,1,0.000489,0,1,no_sustained_vertical_lift_type=no_sustained_motion
trace_tomato_sauce_s15_w0_10_s20d_clean_seed0_job330366,tomato_sauce,15,267,24,0,0,98,3.8,1.5,1.0,0.5,0.5,0.3,0.003816,0.004105,-0.000289,1,1,1,-8.885e-05,4,1,,1,0.027336,1,0.000193,0,1,no_sustained_vertical_lift_type=no_sustained_motion
trace_tomato_sauce_s15_w0_10_s20d_clean_seed0_job330366,tomato_sauce,15,271,25,0,0,102,3.8,1.5,1.0,0.5,0.5,0.3,0.00114,0.001992,-0.000852,1,1,1,-0.00027262,4,1,,1,0.027346,1,1.5e-05,0,1,no_sustained_vertical_lift_type=no_sustained_motion
trace_tomato_sauce_s15_w0_10_s20d_clean_seed0_job330366,tomato_sauce,15,276,26,0,0,107,3.3,1.5,1.0,0.5,0.0,0.3,0.007265,0.003922,0.003343,1,1,1,-0.00023637,5,1,,1,0.021539,1,1e-06,0,1,no_sustained_vertical_lift_type=no_sustained_motion
trace_tomato_sauce_s16_w0_10_s20d_clean_seed0_job330367,tomato_sauce,16,129,0,0,0,,3.8,1.5,1.0,0.5,0.5,0.3,0.002537,0.002771,-0.000234,1,1,1,-0.00081592,,1,,1,0.07291,1,0.0,0,1,no_sustained_vertical_lift_type=no_sustained_motion
trace_tomato_sauce_s16_w0_10_s20d_clean_seed0_job330367,tomato_sauce,16,136,1,0,0,,3.8,1.5,1.0,0.5,0.5,0.3,0.002078,0.002147,-6.9e-05,1,1,1,-6.701e-05,7,1,,1,0.070457,1,0.0,0,1,no_sustained_vertical_lift_type=no_sustained_motion
trace_tomato_sauce_s16_w0_10_s20d_clean_seed0_job330367,tomato_sauce,16,158,2,0,0,,3.8,1.5,1.0,0.5,0.5,0.3,0.000372,0.000423,-5.1e-05,1,1,1,-2.521e-05,22,1,,1,0.06935,1,0.0,0,1,no_sustained_vertical_lift_type=no_sustained_motion
trace_tomato_sauce_s16_w0_10_s20d_clean_seed0_job330367,tomato_sauce,16,161,3,0,0,,3.3,1.5,1.0,0.5,0.0,0.3,0.001214,0.000956,0.000258,1,1,1,-1.291e-05,3,1,,1,0.069429,1,0.0,0,1,no_sustained_vertical_lift_type=no_sustained_motion
trace_tomato_sauce_s16_w0_10_s20d_clean_seed0_job330367,tomato_sauce,16,165,4,0,0,,3.8,1.5,1.0,0.5,0.5,0.3,0.00134,0.001592,-0.000252,1,1,1,-3.782e-05,4,1,,1,0.068907,1,0.0,0,1,no_sustained_vertical_lift_type=no_sustained_motion
trace_tomato_sauce_s16_w0_10_s20d_clean_seed0_job330367,tomato_sauce,16,179,5,0,0,,3.3,1.5,1.0,0.5,0.0,0.3,0.003144,0.00261,0.000534,1,1,1,-5.433e-05,14,1,,1,0.075946,1,0.000749,0,1,no_sustained_vertical_lift_type=no_sustained_motion
trace_tomato_sauce_s16_w0_10_s20d_clean_seed0_job330367,tomato_sauce,16,191,6,0,0,,3.3,1.5,1.0,0.5,0.0,0.3,0.01615,0.013298,0.002852,1,1,1,-0.00105539,12,1,,1,0.059033,1,0.003294,6,1,no_sustained_vertical_lift_type=sustained_horizontal_transport
trace_tomato_sauce_s16_w0_10_s20d_clean_seed0_job330367,tomato_sauce,16,193,7,0,0,,3.8,1.5,1.0,0.5,0.5,0.3,0.008197,0.013001,-0.004804,1,1,1,-0.00136206,2,1,,1,0.058081,1,0.002975,4,1,no_sustained_vertical_lift_type=sustained_horizontal_transport
trace_tomato_sauce_s16_w0_10_s20d_clean_seed0_job330367,tomato_sauce,16,201,8,0,0,,3.8,1.5,1.0,0.5,0.5,0.3,0.004925,0.007433,-0.002508,1,1,1,-0.000394,8,1,,1,0.055413,1,0.0,9,1,no_sustained_vertical_lift_type=sustained_horizontal_transport
trace_tomato_sauce_s16_w0_10_s20d_clean_seed0_job330367,tomato_sauce,16,212,9,0,0,,3.3,1.5,1.0,0.5,0.0,0.3,0.016333,0.022693,-0.00636,1,1,1,-8.119e-05,11,1,,1,0.070979,1,0.000737,0,1,no_sustained_vertical_lift_type=no_sustained_motion
trace_tomato_sauce_s16_w0_10_s20d_clean_seed0_job330367,tomato_sauce,16,217,10,0,0,,3.3,1.5,1.0,0.5,0.0,0.3,0.011418,0.005133,0.006285,1,1,1,-0.0001164,5,1,,1,0.067646,1,0.000735,0,1,no_sustained_vertical_lift_type=no_sustained_motion
trace_tomato_sauce_s16_w0_10_s20d_clean_seed0_job330367,tomato_sauce,16,221,11,0,0,,3.8,1.5,1.0,0.5,0.5,0.3,0.0049,0.005093,-0.000193,1,1,1,-6.117e-05,4,1,,1,0.06969,1,0.000735,0,1,no_sustained_vertical_lift_type=no_sustained_motion
trace_tomato_sauce_s16_w0_10_s20d_clean_seed0_job330367,tomato_sauce,16,224,12,0,0,,3.8,1.5,1.0,0.5,0.5,0.3,0.003799,0.004532,-0.000733,1,1,1,0.00054296,3,1,,1,0.066535,1,0.0,0,1,no_sustained_vertical_lift_type=no_sustained_motion
trace_tomato_sauce_s16_w0_10_s20d_clean_seed0_job330367,tomato_sauce,16,227,13,0,0,,3.8,1.5,1.0,0.5,0.5,0.3,0.007837,0.007918,-8.1e-05,1,1,1,0.00018607,3,1,,1,0.074981,1,0.0,0,1,no_sustained_vertical_lift_type=no_sustained_motion
trace_tomato_sauce_s16_w0_10_s20d_clean_seed0_job330367,tomato_sauce,16,230,14,0,0,,3.3,1.5,1.0,0.5,0.0,0.3,0.010863,0.010002,0.000861,1,1,1,-6.317e-05,3,1,,1,0.071895,1,0.0,0,1,no_sustained_vertical_lift_type=no_sustained_motion
trace_tomato_sauce_s16_w0_10_s20d_clean_seed0_job330367,tomato_sauce,16,233,15,0,0,,3.3,1.5,1.0,0.5,0.0,0.3,0.013382,0.00949,0.003892,1,1,1,-0.00016352,3,1,,1,0.068053,1,0.0,0,1,no_sustained_vertical_lift_type=no_sustained_motion
trace_tomato_sauce_s16_w0_10_s20d_clean_seed0_job330367,tomato_sauce,16,235,16,0,0,,3.3,1.5,1.0,0.5,0.0,0.3,0.01015,0.012478,-0.002328,1,1,1,-0.00015277,2,1,,1,0.067989,1,0.0,0,0,no_sustained_vertical_lift_type=no_sustained_motion
trace_tomato_sauce_s16_w0_10_s20d_clean_seed0_job330367,tomato_sauce,16,243,17,0,0,,3.3,1.5,1.0,0.5,0.0,0.3,0.011973,0.007329,0.004644,1,1,1,-0.00022408,8,1,,1,0.073182,1,0.0,0,0,no_sustained_vertical_lift_type=no_sustained_motion
trace_tomato_sauce_s16_w0_10_s20d_clean_seed0_job330367,tomato_sauce,16,251,18,0,0,,3.3,1.5,1.0,0.5,0.0,0.3,0.016343,0.01816,-0.001817,1,1,1,-0.00025344,8,1,,1,0.088974,1,0.0,0,1,eef_not_near_object_dist=0.0890
trace_tomato_sauce_s16_w0_10_s20d_clean_seed0_job330367,tomato_sauce,16,268,19,0,0,,3.8,1.5,1.0,0.5,0.5,0.3,0.004192,0.004386,-0.000194,1,1,1,-0.00024816,17,1,,1,0.103955,1,0.0,0,1,eef_not_near_object_dist=0.1040
trace_tomato_sauce_s16_w0_10_s20d_clean_seed0_job330367,tomato_sauce,16,272,20,0,0,,3.3,1.5,1.0,0.5,0.0,0.3,0.004547,0.00392,0.000627,1,1,1,-0.00024679,4,1,,1,0.103376,1,0.0,0,1,eef_not_near_object_dist=0.1034
trace_tomato_sauce_s16_w0_10_s20d_clean_seed0_job330367,tomato_sauce,16,275,21,0,0,,3.3,1.5,1.0,0.5,0.0,0.3,0.003207,0.003194,1.3e-05,1,1,1,-0.00022798,3,1,,1,0.102272,1,0.0,0,1,eef_not_near_object_dist=0.1023
trace_tomato_sauce_s16_w0_10_s20d_clean_seed0_job330367,tomato_sauce,16,277,22,0,0,,3.3,1.5,1.0,0.5,0.0,0.3,0.00402,0.003318,0.000702,1,1,1,-0.00022044,2,1,,1,0.102944,1,0.0,0,1,eef_not_near_object_dist=0.1029
trace_tomato_sauce_s17_w0_10_s20d_clean_seed0_job330368,tomato_sauce,17,4,0,0,0,,3.3,1.5,1.0,0.5,0.0,0.3,0.001028,0.000321,0.000707,1,1,1,-6.6e-07,,1,,1,0.310049,1,0.0,0,1,eef_not_near_object_dist=0.3100
trace_tomato_sauce_s17_w0_10_s20d_clean_seed0_job330368,tomato_sauce,17,69,1,0,0,,3.3,1.5,1.0,0.5,0.0,0.3,0.025225,0.026204,-0.000979,1,1,1,-0.00013138,65,1,,1,0.043616,1,0.006398,0,1,no_sustained_vertical_lift_type=no_sustained_motion
trace_tomato_sauce_s17_w0_10_s20d_clean_seed0_job330368,tomato_sauce,17,135,2,0,0,,3.3,1.5,1.0,0.5,0.0,0.3,0.023485,0.02752,-0.004035,1,1,1,-0.00288338,66,1,,1,0.032279,1,0.0,4,1,no_sustained_vertical_lift_type=sustained_horizontal_transport
trace_tomato_sauce_s18_w0_10_s20d_clean_seed0_job330369,tomato_sauce,18,70,0,1,1,0,3.3,1.5,1.0,0.5,0.0,0.3,0.026293,0.028008,-0.001715,1,1,1,-6.137e-05,,1,,1,0.033566,1,0.042287,5,1,
trace_tomato_sauce_s18_w0_10_s20d_clean_seed0_job330369,tomato_sauce,18,131,1,0,0,61,3.3,1.5,1.0,0.5,0.0,0.3,0.006677,0.005575,0.001102,1,1,1,-0.0050685,61,1,,1,0.024691,1,0.0,8,1,no_sustained_vertical_lift_type=sustained_horizontal_transport
trace_tomato_sauce_s18_w0_10_s20d_clean_seed0_job330369,tomato_sauce,18,134,2,0,0,64,3.3,1.5,1.0,0.5,0.0,0.3,0.009082,0.004111,0.004971,1,1,1,-0.00388264,3,1,,1,0.024599,1,0.002987,0,1,no_sustained_vertical_lift_type=no_sustained_motion
trace_tomato_sauce_s18_w0_10_s20d_clean_seed0_job330369,tomato_sauce,18,137,3,0,0,67,3.3,1.5,1.0,0.5,0.0,0.3,0.002819,0.002725,9.4e-05,1,1,1,-0.00353555,3,1,,1,0.024594,1,0.0,0,1,no_sustained_vertical_lift_type=no_sustained_motion
trace_tomato_sauce_s18_w0_10_s20d_clean_seed0_job330369,tomato_sauce,18,141,4,0,0,71,3.8,1.5,1.0,0.5,0.5,0.3,0.004593,0.008488,-0.003895,1,1,1,-0.00284622,4,1,,1,0.024564,1,0.0,0,1,no_sustained_vertical_lift_type=no_sustained_motion
trace_tomato_sauce_s18_w0_10_s20d_clean_seed0_job330369,tomato_sauce,18,149,5,0,0,79,3.3,1.5,1.0,0.5,0.0,0.3,0.012838,0.010911,0.001927,1,1,1,-0.00214311,8,1,,1,0.02457,1,0.0,0,1,no_sustained_vertical_lift_type=no_sustained_motion
trace_tomato_sauce_s18_w0_10_s20d_clean_seed0_job330369,tomato_sauce,18,152,6,0,0,82,3.3,1.5,1.0,0.5,0.0,0.3,0.011045,0.003856,0.007189,1,1,1,-0.00170252,3,1,,1,0.024544,1,0.002828,0,1,no_sustained_vertical_lift_type=no_sustained_motion
trace_tomato_sauce_s18_w0_10_s20d_clean_seed0_job330369,tomato_sauce,18,155,7,0,0,85,3.8,1.5,1.0,0.5,0.5,0.3,0.002606,0.004715,-0.002109,1,1,1,-0.00137804,3,1,,1,0.024543,1,0.001912,0,1,no_sustained_vertical_lift_type=no_sustained_motion
trace_tomato_sauce_s18_w0_10_s20d_clean_seed0_job330369,tomato_sauce,18,159,8,0,0,89,3.3,1.5,1.0,0.5,0.0,0.3,0.005092,0.002087,0.003005,1,1,1,-0.00095352,4,1,,1,0.026138,1,0.0,0,1,no_sustained_vertical_lift_type=no_sustained_motion
trace_tomato_sauce_s19_w0_10_s20d_clean_seed0_job330370,tomato_sauce,19,54,0,1,1,0,3.3,1.5,1.0,0.5,0.0,0.3,0.016152,0.017133,-0.000981,1,1,1,0.00020746,,1,,1,0.037566,1,0.022069,4,1,
trace_tomato_sauce_s19_w0_10_s20d_clean_seed0_job330370,tomato_sauce,19,118,1,0,0,64,3.3,1.5,1.0,0.5,0.0,0.3,0.024956,0.029148,-0.004192,1,1,1,0.00251525,64,1,,1,0.032723,1,0.0,5,1,no_sustained_vertical_lift_type=sustained_horizontal_transport
trace_tomato_sauce_s19_w0_10_s20d_clean_seed0_job330370,tomato_sauce,19,122,2,0,0,68,3.8,1.5,1.0,0.5,0.5,0.3,0.00249,0.005906,-0.003416,1,1,1,0.00227666,4,1,,1,0.032762,1,0.001473,0,1,no_sustained_vertical_lift_type=no_sustained_motion
trace_tomato_sauce_s20_w0_10_s20d_clean_seed0_job330371,tomato_sauce,20,81,0,0,1,,3.3,1.5,1.0,0.5,0.0,0.3,0.022723,0.022697,2.6e-05,1,1,1,-4.156e-05,,1,,1,0.036725,1,0.082794,9,1,
trace_tomato_sauce_s20_w0_10_s20d_clean_seed0_job330371,tomato_sauce,20,139,1,0,1,,3.8,1.5,1.0,0.5,0.5,0.3,0.007534,0.009572,-0.002038,1,1,1,-0.00284933,58,1,,1,0.029524,1,0.011661,3,1,
trace_tomato_sauce_s20_w0_10_s20d_clean_seed0_job330371,tomato_sauce,20,141,2,0,1,,3.8,1.5,1.0,0.5,0.5,0.3,0.004972,0.008443,-0.003471,1,1,1,-0.00252908,2,1,,1,0.029501,1,0.012351,3,1,
trace_tomato_sauce_s22_w0_10_s20d_clean_seed0_job330373,tomato_sauce,22,64,0,0,1,,3.3,1.5,1.0,0.5,0.0,0.3,0.027822,0.028403,-0.000581,1,1,1,-5.761e-05,,1,,1,0.02771,1,0.069107,9,1,
trace_tomato_sauce_s22_w0_10_s20d_clean_seed0_job330373,tomato_sauce,22,124,1,0,0,,3.8,1.5,1.0,0.5,0.5,0.3,0.008227,0.020905,-0.012678,1,1,1,-0.00529124,60,1,,1,0.022837,1,0.003133,0,1,no_sustained_vertical_lift_type=no_sustained_motion
trace_tomato_sauce_s22_w0_10_s20d_clean_seed0_job330373,tomato_sauce,22,127,2,0,0,,3.3,1.5,1.0,0.5,0.0,0.3,0.003028,0.00268,0.000348,1,1,1,-0.0048417,3,1,,1,0.0228,1,0.0,0,1,no_sustained_vertical_lift_type=no_sustained_motion
trace_tomato_sauce_s22_w0_10_s20d_clean_seed0_job330373,tomato_sauce,22,132,3,0,0,,3.3,1.5,1.0,0.5,0.0,0.3,0.014794,0.019336,-0.004542,1,1,1,-0.00399834,5,1,,1,0.022732,1,0.002326,6,1,no_sustained_vertical_lift_type=sustained_horizontal_transport
trace_tomato_sauce_s22_w0_10_s20d_clean_seed0_job330373,tomato_sauce,22,137,4,0,0,,3.3,1.5,1.0,0.5,0.0,0.3,0.007645,0.003598,0.004047,1,1,1,-0.00309802,5,1,,1,0.022672,1,0.003885,0,1,no_sustained_vertical_lift_type=no_sustained_motion
trace_tomato_sauce_s22_w0_10_s20d_clean_seed0_job330373,tomato_sauce,22,139,5,0,0,,3.8,1.5,1.0,0.5,0.5,0.3,0.002212,0.003365,-0.001153,1,1,1,-0.00239993,2,1,,1,0.022628,1,0.005062,0,1,no_sustained_vertical_lift_type=no_sustained_motion
trace_tomato_sauce_s22_w0_10_s20d_clean_seed0_job330373,tomato_sauce,22,142,6,0,1,,3.3,1.5,1.0,0.5,0.0,0.3,0.008523,0.007444,0.001079,1,1,1,-0.00195638,3,1,,1,0.022604,1,0.013075,4,1,
trace_tomato_sauce_s22_w0_10_s20d_clean_seed0_job330373,tomato_sauce,22,147,7,0,0,,3.3,1.5,1.0,0.5,0.0,0.3,0.012403,0.008238,0.004165,1,1,1,-0.00132123,5,1,,1,0.022578,1,0.0,0,1,no_sustained_vertical_lift_type=no_sustained_motion
trace_tomato_sauce_s23_w0_10_s20d_clean_seed0_job330374,tomato_sauce,23,69,0,0,0,-72,3.3,1.5,1.0,0.5,0.0,0.3,0.026369,0.027156,-0.000787,1,1,1,-5.927e-05,,1,,1,0.036919,1,0.002673,0,1,no_sustained_vertical_lift_type=no_sustained_motion
trace_tomato_sauce_s23_w0_10_s20d_clean_seed0_job330374,tomato_sauce,23,141,1,1,1,0,3.3,1.5,1.0,0.5,0.0,0.3,0.007153,0.005727,0.001426,1,1,1,-0.00633838,72,1,,1,0.027532,1,0.012606,3,1,
trace_tomato_sauce_s24_w0_10_s20d_clean_seed0_job330375,tomato_sauce,24,39,0,0,0,-195,3.3,1.5,1.0,0.5,0.0,0.3,0.028054,0.027048,0.001006,1,1,1,-1.244e-05,,1,,1,0.256677,1,0.0,0,1,eef_not_near_object_dist=0.2567
trace_tomato_sauce_s24_w0_10_s20d_clean_seed0_job330375,tomato_sauce,24,78,1,0,0,-156,3.3,1.5,1.0,0.5,0.0,0.3,0.023264,0.023324,-6e-05,1,1,1,-9.061e-05,39,1,,1,0.067305,1,0.001946,8,1,no_sustained_vertical_lift_type=sustained_horizontal_transport
trace_tomato_sauce_s24_w0_10_s20d_clean_seed0_job330375,tomato_sauce,24,107,2,0,0,-127,3.8,1.5,1.0,0.5,0.5,0.3,0.001106,0.001785,-0.000679,1,1,1,-4.887e-05,29,1,,1,0.072165,1,0.0,0,0,no_sustained_vertical_lift_type=no_sustained_motion
trace_tomato_sauce_s24_w0_10_s20d_clean_seed0_job330375,tomato_sauce,24,110,3,0,0,-124,3.3,1.5,1.0,0.5,0.0,0.3,0.013915,0.00822,0.005695,1,1,1,-0.00020422,3,1,,1,0.079558,1,0.000108,0,0,no_sustained_vertical_lift_type=no_sustained_motion
trace_tomato_sauce_s24_w0_10_s20d_clean_seed0_job330375,tomato_sauce,24,114,4,0,0,-120,3.8,1.5,1.0,0.5,0.5,0.3,0.001948,0.003043,-0.001095,1,1,1,-0.0001914,4,1,,1,0.080405,1,0.0,0,1,eef_not_near_object_dist=0.0804
trace_tomato_sauce_s24_w0_10_s20d_clean_seed0_job330375,tomato_sauce,24,123,5,0,0,-111,3.3,1.5,1.0,0.5,0.0,0.3,0.016886,0.021671,-0.004785,1,1,1,-0.00099881,9,1,,1,0.05115,1,0.001358,0,1,no_sustained_vertical_lift_type=no_sustained_motion
trace_tomato_sauce_s24_w0_10_s20d_clean_seed0_job330375,tomato_sauce,24,136,6,0,0,-98,3.8,1.5,1.0,0.5,0.5,0.3,0.001387,0.002616,-0.001229,1,1,1,0.00116169,13,1,,1,0.053846,1,0.000693,0,1,no_sustained_vertical_lift_type=no_sustained_motion
trace_tomato_sauce_s24_w0_10_s20d_clean_seed0_job330375,tomato_sauce,24,138,7,0,0,-96,3.3,1.5,1.0,0.5,0.0,0.3,0.00259,0.000701,0.001889,1,1,1,-0.00188362,2,1,,1,0.053365,1,0.001583,0,1,no_sustained_vertical_lift_type=no_sustained_motion
trace_tomato_sauce_s24_w0_10_s20d_clean_seed0_job330375,tomato_sauce,24,142,8,0,0,-92,3.3,1.5,1.0,0.5,0.0,0.3,0.002721,0.001808,0.000913,1,1,1,-0.0008885,4,1,,1,0.053891,1,0.002031,0,1,no_sustained_vertical_lift_type=no_sustained_motion
trace_tomato_sauce_s24_w0_10_s20d_clean_seed0_job330375,tomato_sauce,24,144,9,0,0,-90,3.3,1.5,1.0,0.5,0.0,0.3,0.00391,0.003463,0.000447,1,1,1,-0.00044492,2,1,,1,0.05361,1,0.001372,0,1,no_sustained_vertical_lift_type=no_sustained_motion
trace_tomato_sauce_s24_w0_10_s20d_clean_seed0_job330375,tomato_sauce,24,149,10,0,0,-85,3.3,1.5,1.0,0.5,0.0,0.3,0.002722,0.001123,0.001599,1,1,1,0.00160917,5,1,,1,0.05411,1,0.001034,0,1,no_sustained_vertical_lift_type=no_sustained_motion
trace_tomato_sauce_s24_w0_10_s20d_clean_seed0_job330375,tomato_sauce,24,154,11,0,0,-80,3.8,1.5,1.0,0.5,0.5,0.3,0.00452,0.006425,-0.001905,1,1,1,-0.0001024,5,1,,1,0.058252,1,0.000115,0,1,no_sustained_vertical_lift_type=no_sustained_motion
trace_tomato_sauce_s24_w0_10_s20d_clean_seed0_job330375,tomato_sauce,24,157,12,0,0,-77,3.8,1.5,1.0,0.5,0.5,0.3,0.002813,0.006008,-0.003195,1,1,1,-0.00215633,3,1,,1,0.055806,1,0.000421,0,1,no_sustained_vertical_lift_type=no_sustained_motion
trace_tomato_sauce_s24_w0_10_s20d_clean_seed0_job330375,tomato_sauce,24,160,13,0,0,-74,3.3,1.5,1.0,0.5,0.0,0.3,0.000245,0.000229,1.6e-05,1,1,1,-0.00214637,3,1,,1,0.05589,1,0.00046,0,1,no_sustained_vertical_lift_type=no_sustained_motion
trace_tomato_sauce_s24_w0_10_s20d_clean_seed0_job330375,tomato_sauce,24,163,14,0,0,-71,3.8,1.5,1.0,0.5,0.5,0.3,0.000676,0.000733,-5.7e-05,1,1,1,-0.00165636,3,1,,1,0.055837,1,0.000412,0,1,no_sustained_vertical_lift_type=no_sustained_motion
trace_tomato_sauce_s24_w0_10_s20d_clean_seed0_job330375,tomato_sauce,24,170,15,0,0,-64,3.3,1.5,1.0,0.5,0.0,0.3,0.001894,0.001158,0.000736,1,1,1,-0.00098569,7,1,,1,0.056673,1,0.000449,0,1,no_sustained_vertical_lift_type=no_sustained_motion
trace_tomato_sauce_s24_w0_10_s20d_clean_seed0_job330375,tomato_sauce,24,174,16,0,0,-60,3.8,1.5,1.0,0.5,0.5,0.3,0.001366,0.001942,-0.000576,1,1,1,-9.53e-06,4,1,,1,0.057136,1,0.000216,0,1,no_sustained_vertical_lift_type=no_sustained_motion
trace_tomato_sauce_s24_w0_10_s20d_clean_seed0_job330375,tomato_sauce,24,178,17,0,0,-56,3.3,1.5,1.0,0.5,0.0,0.3,0.00235,0.001822,0.000528,1,1,1,-7.571e-05,4,1,,1,0.055964,1,0.000986,0,1,no_sustained_vertical_lift_type=no_sustained_motion
trace_tomato_sauce_s24_w0_10_s20d_clean_seed0_job330375,tomato_sauce,24,182,18,0,0,-52,3.8,1.5,1.0,0.5,0.5,0.3,0.001414,0.003541,-0.002127,1,1,1,-1.054e-05,4,1,,1,0.056493,1,0.000846,0,1,no_sustained_vertical_lift_type=no_sustained_motion
trace_tomato_sauce_s24_w0_10_s20d_clean_seed0_job330375,tomato_sauce,24,184,19,0,0,-50,3.3,1.5,1.0,0.5,0.0,0.3,0.003366,0.002768,0.000598,1,1,1,-0.00065777,2,1,,1,0.056059,1,0.00092,0,1,no_sustained_vertical_lift_type=no_sustained_motion
trace_tomato_sauce_s24_w0_10_s20d_clean_seed0_job330375,tomato_sauce,24,186,20,0,0,-48,3.8,1.5,1.0,0.5,0.5,0.3,0.00062,0.000623,-3e-06,1,1,1,-0.00077018,2,1,,1,0.056082,1,0.000902,0,1,no_sustained_vertical_lift_type=no_sustained_motion
trace_tomato_sauce_s24_w0_10_s20d_clean_seed0_job330375,tomato_sauce,24,190,21,0,0,-44,3.3,1.5,1.0,0.5,0.0,0.3,0.001381,0.001254,0.000127,1,1,1,-0.00071587,4,1,,1,0.055163,1,0.000719,0,1,no_sustained_vertical_lift_type=no_sustained_motion
trace_tomato_sauce_s24_w0_10_s20d_clean_seed0_job330375,tomato_sauce,24,193,22,0,0,-41,3.8,1.5,1.0,0.5,0.5,0.3,0.001328,0.002489,-0.001161,1,1,1,-0.00042936,3,1,,1,0.056381,1,0.000624,0,1,no_sustained_vertical_lift_type=no_sustained_motion
trace_tomato_sauce_s24_w0_10_s20d_clean_seed0_job330375,tomato_sauce,24,198,23,0,0,-36,3.3,1.5,1.0,0.5,0.0,0.3,0.002098,0.001699,0.000399,1,1,1,0.00110337,5,1,,1,0.056482,1,0.003118,0,1,no_sustained_vertical_lift_type=no_sustained_motion
trace_tomato_sauce_s24_w0_10_s20d_clean_seed0_job330375,tomato_sauce,24,201,24,0,0,-33,3.8,1.5,1.0,0.5,0.5,0.3,0.000779,0.000929,-0.00015,1,1,1,0.00285261,3,1,,1,0.056042,1,0.002924,0,1,no_sustained_vertical_lift_type=no_sustained_motion
trace_tomato_sauce_s24_w0_10_s20d_clean_seed0_job330375,tomato_sauce,24,203,25,0,0,-31,3.3,1.5,1.0,0.5,0.0,0.3,0.000799,0.000731,6.8e-05,1,1,1,0.00279126,2,1,,1,0.056313,1,0.003072,0,1,no_sustained_vertical_lift_type=no_sustained_motion
trace_tomato_sauce_s24_w0_10_s20d_clean_seed0_job330375,tomato_sauce,24,209,26,0,0,-25,3.3,1.5,1.0,0.5,0.0,0.3,0.004142,0.003888,0.000254,1,1,1,-0.01069812,6,1,,1,0.058961,1,0.001606,0,1,no_sustained_vertical_lift_type=no_sustained_motion
trace_tomato_sauce_s24_w0_10_s20d_clean_seed0_job330375,tomato_sauce,24,226,27,0,0,-8,3.8,1.5,1.0,0.5,0.5,0.3,0.00151,0.001635,-0.000125,1,1,1,-0.00661943,17,1,,1,0.061038,1,0.002435,0,1,no_sustained_vertical_lift_type=no_sustained_motion
trace_tomato_sauce_s24_w0_10_s20d_clean_seed0_job330375,tomato_sauce,24,230,28,0,0,-4,3.8,1.5,1.0,0.5,0.5,0.3,0.007894,0.00906,-0.001166,1,1,1,-0.001596,4,1,,1,0.057135,1,0.004209,0,1,no_sustained_vertical_lift_type=no_sustained_motion
trace_tomato_sauce_s24_w0_10_s20d_clean_seed0_job330375,tomato_sauce,24,234,29,1,1,0,3.8,1.5,1.0,0.5,0.5,0.3,0.005563,0.005859,-0.000296,1,1,1,-0.00067153,4,1,,1,0.054187,1,0.007029,2,1,
trace_tomato_sauce_s24_w0_10_s20d_clean_seed0_job330375,tomato_sauce,24,249,30,0,0,15,3.8,1.5,1.0,0.5,0.5,0.3,0.002531,0.0036,-0.001069,1,1,1,0.00091383,15,1,,1,0.052233,1,0.000562,0,1,no_sustained_vertical_lift_type=no_sustained_motion
trace_tomato_sauce_s24_w0_10_s20d_clean_seed0_job330375,tomato_sauce,24,254,31,0,0,20,3.3,1.5,1.0,0.5,0.0,0.3,0.00179,0.001122,0.000668,1,1,1,0.00049582,5,1,,1,0.052257,1,0.000869,0,1,no_sustained_vertical_lift_type=no_sustained_motion
trace_tomato_sauce_s24_w0_10_s20d_clean_seed0_job330375,tomato_sauce,24,260,32,0,0,26,3.8,1.5,1.0,0.5,0.5,0.3,0.000445,0.002977,-0.002532,1,1,1,0.00015844,6,1,,1,0.052296,1,0.0,0,1,no_sustained_vertical_lift_type=no_sustained_motion
trace_tomato_sauce_s24_w0_10_s20d_clean_seed0_job330375,tomato_sauce,24,265,33,0,0,31,3.8,1.5,1.0,0.5,0.5,0.3,0.003101,0.004384,-0.001283,1,1,1,-0.00343463,5,1,,1,0.050757,1,0.000784,0,1,no_sustained_vertical_lift_type=no_sustained_motion
trace_tomato_sauce_s24_w0_10_s20d_clean_seed0_job330375,tomato_sauce,24,275,34,0,0,41,3.3,1.5,1.0,0.5,0.0,0.3,0.002183,0.001584,0.000599,1,1,1,-0.00182105,10,1,,1,0.050251,1,0.000109,0,1,no_sustained_vertical_lift_type=no_sustained_motion
trace_tomato_sauce_s25_w0_10_s20d_clean_seed0_job330376,tomato_sauce,25,10,0,0,0,,3.3,1.5,1.0,0.5,0.0,0.3,0.006063,0.00586,0.000203,1,1,1,5.253e-05,,1,,1,0.321315,1,0.0,0,1,eef_not_near_object_dist=0.3213
trace_tomato_sauce_s25_w0_10_s20d_clean_seed0_job330376,tomato_sauce,25,14,1,0,0,,3.8,1.5,1.0,0.5,0.5,0.3,0.00847,0.012719,-0.004249,1,1,1,-5.861e-05,4,1,,1,0.322577,1,0.0,0,1,eef_not_near_object_dist=0.3226
trace_tomato_sauce_s25_w0_10_s20d_clean_seed0_job330376,tomato_sauce,25,73,2,0,0,,3.3,1.5,1.0,0.5,0.0,0.3,0.019833,0.019688,0.000145,1,1,1,-2.797e-05,59,1,,1,0.131155,1,0.0,0,1,eef_not_near_object_dist=0.1312
trace_tomato_sauce_s25_w0_10_s20d_clean_seed0_job330376,tomato_sauce,25,96,3,0,0,,3.3,1.5,1.0,0.5,0.0,0.3,0.008605,0.006932,0.001673,1,1,1,-0.0001855,23,1,,1,0.139991,1,0.0,0,1,eef_not_near_object_dist=0.1400
trace_tomato_sauce_s25_w0_10_s20d_clean_seed0_job330376,tomato_sauce,25,106,4,0,0,,3.3,1.5,1.0,0.5,0.0,0.3,0.022552,0.021357,0.001195,1,1,1,-0.00021932,10,1,,1,0.087312,1,0.0,0,1,eef_not_near_object_dist=0.0873
trace_tomato_sauce_s25_w0_10_s20d_clean_seed0_job330376,tomato_sauce,25,109,5,0,0,,3.3,1.5,1.0,0.5,0.0,0.3,0.017602,0.017482,0.00012,1,1,1,-0.00024989,3,1,,1,0.071901,1,7.8e-05,0,1,no_sustained_vertical_lift_type=no_sustained_motion
trace_tomato_sauce_s25_w0_10_s20d_clean_seed0_job330376,tomato_sauce,25,116,6,0,0,,2.5,1.5,1.0,0.0,0.0,0.0,0.003993,0.003438,0.000555,1,1,1,0.01422787,7,1,,1,0.065333,1,0.001045,0,1,no_sustained_vertical_lift_type=no_sustained_motion
trace_tomato_sauce_s25_w0_10_s20d_clean_seed0_job330376,tomato_sauce,25,118,7,0,0,,2.5,1.5,1.0,0.0,0.0,0.0,0.004631,0.004273,0.000358,1,1,1,0.0141527,2,1,,1,0.064198,1,0.00121,0,1,no_sustained_vertical_lift_type=no_sustained_motion
trace_tomato_sauce_s25_w0_10_s20d_clean_seed0_job330376,tomato_sauce,25,121,8,0,0,,2.5,1.5,1.0,0.0,0.0,0.0,0.006688,0.005664,0.001024,1,1,1,0.0115849,3,1,,1,0.061418,1,0.00126,5,1,no_sustained_vertical_lift_type=sustained_horizontal_transport
trace_tomato_sauce_s25_w0_10_s20d_clean_seed0_job330376,tomato_sauce,25,128,9,0,0,,3.3,1.5,1.0,0.5,0.0,0.3,0.008909,0.00787,0.001039,1,1,1,0.00078914,7,1,,1,0.048388,1,0.001099,7,1,no_sustained_vertical_lift_type=sustained_horizontal_transport
trace_tomato_sauce_s25_w0_10_s20d_clean_seed0_job330376,tomato_sauce,25,136,10,0,0,,3.3,1.5,1.0,0.5,0.0,0.3,0.00549,0.00307,0.00242,1,1,1,0.00017192,8,1,,1,0.047238,1,0.00088,7,1,no_sustained_vertical_lift_type=sustained_horizontal_transport
trace_tomato_sauce_s25_w0_10_s20d_clean_seed0_job330376,tomato_sauce,25,141,11,0,0,,3.3,1.5,1.0,0.5,0.0,0.3,0.005149,0.003841,0.001308,1,1,1,-0.00040672,5,1,,1,0.046118,1,0.000358,9,1,no_sustained_vertical_lift_type=sustained_horizontal_transport
trace_tomato_sauce_s25_w0_10_s20d_clean_seed0_job330376,tomato_sauce,25,146,12,0,0,,3.3,1.5,1.0,0.5,0.0,0.3,0.005049,0.003081,0.001968,1,1,1,-0.00012097,5,1,,1,0.04528,1,0.000856,7,1,no_sustained_vertical_lift_type=sustained_horizontal_transport
trace_tomato_sauce_s25_w0_10_s20d_clean_seed0_job330376,tomato_sauce,25,148,13,0,0,,3.3,1.5,1.0,0.5,0.0,0.3,0.009254,0.008573,0.000681,1,1,1,-0.00023969,2,1,,1,0.043815,1,0.001627,8,1,no_sustained_vertical_lift_type=sustained_horizontal_transport
trace_tomato_sauce_s25_w0_10_s20d_clean_seed0_job330376,tomato_sauce,25,154,14,0,0,,3.8,1.5,1.0,0.5,0.5,0.3,0.004859,0.005078,-0.000219,1,1,1,-0.0003038,6,1,,1,0.043356,1,0.001756,7,1,no_sustained_vertical_lift_type=sustained_horizontal_transport
trace_tomato_sauce_s25_w0_10_s20d_clean_seed0_job330376,tomato_sauce,25,197,15,0,0,,3.8,1.5,1.0,0.5,0.5,0.3,0.000792,0.003572,-0.00278,1,1,1,-0.00058903,43,1,,1,0.08828,1,0.0,0,1,eef_not_near_object_dist=0.0883
trace_tomato_sauce_s25_w0_10_s20d_clean_seed0_job330376,tomato_sauce,25,203,16,0,0,,3.8,1.5,1.0,0.5,0.5,0.3,0.007107,0.008815,-0.001708,1,1,1,-0.00061638,6,1,,1,0.081423,1,0.0,0,1,eef_not_near_object_dist=0.0814
trace_tomato_sauce_s25_w0_10_s20d_clean_seed0_job330376,tomato_sauce,25,213,17,0,0,,3.3,1.5,1.0,0.5,0.0,0.3,0.000884,0.000131,0.000753,1,1,1,-0.00060492,10,1,,1,0.088071,1,0.0,0,1,eef_not_near_object_dist=0.0881
trace_tomato_sauce_s25_w0_10_s20d_clean_seed0_job330376,tomato_sauce,25,218,18,0,0,,3.8,1.5,1.0,0.5,0.5,0.3,0.007502,0.013394,-0.005892,1,1,1,-0.00054051,5,1,,1,0.10111,1,0.0,0,1,eef_not_near_object_dist=0.1011
trace_tomato_sauce_s25_w0_10_s20d_clean_seed0_job330376,tomato_sauce,25,220,19,0,0,,3.3,1.5,1.0,0.5,0.0,0.3,0.004159,0.002101,0.002058,1,1,1,-0.00058364,2,1,,1,0.099274,1,0.0,0,1,eef_not_near_object_dist=0.0993
trace_tomato_sauce_s25_w0_10_s20d_clean_seed0_job330376,tomato_sauce,25,224,20,0,0,,3.3,1.5,1.0,0.5,0.0,0.3,0.005104,0.001909,0.003195,1,1,1,-0.00063906,4,1,,1,0.101462,1,0.0,0,1,eef_not_near_object_dist=0.1015
trace_tomato_sauce_s25_w0_10_s20d_clean_seed0_job330376,tomato_sauce,25,234,21,0,0,,3.3,1.5,1.0,0.5,0.0,0.3,0.021751,0.016217,0.005534,1,1,1,-0.0006821,10,1,,1,0.073598,1,0.0,0,1,no_sustained_vertical_lift_type=no_sustained_motion
trace_tomato_sauce_s25_w0_10_s20d_clean_seed0_job330376,tomato_sauce,25,238,22,0,0,,3.8,1.5,1.0,0.5,0.5,0.3,0.004726,0.005101,-0.000375,1,1,1,-0.00070454,4,1,,1,0.075501,1,0.0,0,1,no_sustained_vertical_lift_type=no_sustained_motion
trace_tomato_sauce_s25_w0_10_s20d_clean_seed0_job330376,tomato_sauce,25,242,23,0,0,,3.8,1.5,1.0,0.5,0.5,0.3,0.00417,0.004849,-0.000679,1,1,1,-0.00079566,4,1,,1,0.073804,1,0.0,0,1,no_sustained_vertical_lift_type=no_sustained_motion
trace_tomato_sauce_s25_w0_10_s20d_clean_seed0_job330376,tomato_sauce,25,244,24,0,0,,3.3,1.5,1.0,0.5,0.0,0.3,0.005029,0.004418,0.000611,1,1,1,-0.00075056,2,1,,1,0.072223,1,0.0,0,1,no_sustained_vertical_lift_type=no_sustained_motion
trace_tomato_sauce_s25_w0_10_s20d_clean_seed0_job330376,tomato_sauce,25,248,25,0,0,,3.8,1.5,1.0,0.5,0.5,0.3,0.003627,0.003872,-0.000245,1,1,1,-0.0007482,4,1,,1,0.072011,1,0.0,0,1,no_sustained_vertical_lift_type=no_sustained_motion
trace_tomato_sauce_s25_w0_10_s20d_clean_seed0_job330376,tomato_sauce,25,251,26,0,0,,3.8,1.5,1.0,0.5,0.5,0.3,0.003161,0.003397,-0.000236,1,1,1,-0.00077468,3,1,,1,0.071721,1,3.5e-05,0,1,no_sustained_vertical_lift_type=no_sustained_motion
trace_tomato_sauce_s25_w0_10_s20d_clean_seed0_job330376,tomato_sauce,25,255,27,0,0,,3.3,1.5,1.0,0.5,0.0,0.3,0.004233,0.003288,0.000945,1,1,1,-0.00078507,4,1,,1,0.071698,1,3.5e-05,0,1,no_sustained_vertical_lift_type=no_sustained_motion
trace_tomato_sauce_s25_w0_10_s20d_clean_seed0_job330376,tomato_sauce,25,262,28,0,0,,3.3,1.5,1.0,0.5,0.0,0.3,0.007114,0.002711,0.004403,1,1,1,0.00015151,7,1,,1,0.071278,1,0.000638,0,1,no_sustained_vertical_lift_type=no_sustained_motion
trace_tomato_sauce_s25_w0_10_s20d_clean_seed0_job330376,tomato_sauce,25,268,29,0,0,,3.3,1.5,1.0,0.0,0.5,0.3,0.002297,0.002504,-0.000207,1,1,1,0.00524036,6,1,,1,0.066721,1,0.000671,0,1,no_sustained_vertical_lift_type=no_sustained_motion
trace_tomato_sauce_s26_w0_10_s20d_clean_seed0_job330377,tomato_sauce,26,56,0,0,1,,3.3,1.5,1.0,0.5,0.0,0.3,0.026706,0.025831,0.000875,1,1,1,-0.00013245,,1,,1,0.03565,1,0.074662,8,1,
trace_tomato_sauce_s26_w0_10_s20d_clean_seed0_job330377,tomato_sauce,26,59,1,0,1,,3.3,1.5,1.0,0.5,0.0,0.3,0.013406,0.020681,-0.007275,1,1,1,-0.0046314,3,1,,1,0.027016,1,0.106238,11,1,
trace_tomato_sauce_s28_w0_10_s20d_clean_seed0_job330379,tomato_sauce,28,61,0,0,0,,3.8,1.5,1.0,0.5,0.5,0.3,0.004516,0.01187,-0.007354,1,1,1,-9.086e-05,,1,,1,0.041574,1,0.000299,0,1,no_sustained_vertical_lift_type=no_sustained_motion
trace_tomato_sauce_s28_w0_10_s20d_clean_seed0_job330379,tomato_sauce,28,63,1,0,0,,3.3,1.5,1.0,0.5,0.0,0.3,0.001083,0.000964,0.000119,1,1,1,-0.00029168,2,1,,1,0.041776,1,0.003322,0,1,no_sustained_vertical_lift_type=no_sustained_motion
trace_tomato_sauce_s28_w0_10_s20d_clean_seed0_job330379,tomato_sauce,28,65,2,0,0,,3.8,1.5,1.0,0.5,0.5,0.3,0.000681,0.001049,-0.000368,1,1,1,-0.00076535,2,1,,1,0.041384,1,0.005458,0,1,no_sustained_vertical_lift_type=no_sustained_motion
trace_tomato_sauce_s28_w0_10_s20d_clean_seed0_job330379,tomato_sauce,28,68,3,0,1,,3.3,1.5,1.0,0.5,0.0,0.3,0.00073,0.000617,0.000113,1,1,1,-0.00066624,3,1,,1,0.040808,1,0.005443,2,1,
trace_tomato_sauce_s28_w0_10_s20d_clean_seed0_job330379,tomato_sauce,28,71,4,0,1,,3.3,1.5,1.0,0.5,0.0,0.3,0.001566,0.001248,0.000318,1,1,1,-0.00245556,3,1,,1,0.040746,1,0.005365,2,0,
trace_tomato_sauce_s28_w0_10_s20d_clean_seed0_job330379,tomato_sauce,28,142,5,0,0,,3.3,1.5,1.0,0.5,0.0,0.3,0.000377,0.000375,2e-06,1,1,1,8.608e-05,71,1,,1,0.051806,1,0.0,0,1,no_sustained_vertical_lift_type=no_sustained_motion
trace_tomato_sauce_s28_w0_10_s20d_clean_seed0_job330379,tomato_sauce,28,236,6,0,0,,3.8,1.5,1.0,0.5,0.5,0.3,0.000463,0.001299,-0.000836,1,1,1,2.734e-05,94,1,,1,0.054192,1,0.0,0,1,no_sustained_vertical_lift_type=no_sustained_motion
trace_tomato_sauce_s28_w0_10_s20d_clean_seed0_job330379,tomato_sauce,28,275,7,0,0,,3.3,1.5,1.0,0.5,0.0,0.3,0.000364,0.000349,1.5e-05,1,1,1,0.00013921,39,1,,1,0.054978,1,0.0,0,1,no_sustained_vertical_lift_type=no_sustained_motion
trace_tomato_sauce_s28_w0_10_s20d_clean_seed0_job330379,tomato_sauce,28,279,8,0,0,,3.3,1.5,1.0,0.5,0.0,0.3,0.000561,0.000332,0.000229,1,1,1,0.00016318,4,1,,1,0.054933,1,0.0,0,1,no_sustained_vertical_lift_type=no_sustained_motion
trace_tomato_sauce_s29_w0_10_s20d_clean_seed0_job330380,tomato_sauce,29,44,0,0,1,,3.3,1.5,1.0,0.5,0.0,0.3,0.022916,0.022304,0.000612,1,1,1,8.18e-06,,1,,1,0.045635,1,0.073691,8,1,
trace_tomato_sauce_s29_w0_10_s20d_clean_seed0_job330380,tomato_sauce,29,104,1,0,1,,3.8,1.5,1.0,0.5,0.5,0.3,0.008881,0.017408,-0.008527,1,1,1,-0.00148265,60,1,,1,0.039293,1,0.007456,2,1,
trace_tomato_sauce_s29_w0_10_s20d_clean_seed0_job330380,tomato_sauce,29,108,2,0,1,,3.8,1.5,1.0,0.5,0.5,0.3,0.008244,0.009487,-0.001243,1,1,1,-0.0014934,4,1,,1,0.039322,1,0.023698,10,1,
trace_tomato_sauce_s29_w0_10_s20d_clean_seed0_job330380,tomato_sauce,29,110,3,0,1,,3.8,1.5,1.0,0.5,0.5,0.3,0.002283,0.003185,-0.000902,1,1,1,-0.00150325,2,1,,1,0.039336,1,0.021597,10,1,
trace_tomato_sauce_s29_w0_10_s20d_clean_seed0_job330380,tomato_sauce,29,114,4,0,1,,3.3,1.5,1.0,0.5,0.0,0.3,0.010007,0.005587,0.00442,1,1,1,-0.00145086,4,1,,1,0.039366,1,0.011424,3,1,
trace_tomato_sauce_s29_w0_10_s20d_clean_seed0_job330380,tomato_sauce,29,117,5,0,1,,3.8,1.5,1.0,0.5,0.5,0.3,0.003637,0.004079,-0.000442,1,1,1,-0.00118435,3,1,,1,0.039384,1,0.007479,2,1,
trace_tomato_sauce_s29_w0_10_s20d_clean_seed0_job330380,tomato_sauce,29,122,6,0,0,,3.3,1.5,1.0,0.5,0.0,0.3,0.013912,0.007428,0.006484,1,1,1,-0.00057091,5,1,,1,0.04116,1,0.0,0,1,no_sustained_vertical_lift_type=no_sustained_motion
trace_tomato_sauce_s31_w0_10_s20d_clean_seed0_job330382,tomato_sauce,31,60,0,0,0,,3.3,1.5,1.0,0.5,0.0,0.3,0.018483,0.019621,-0.001138,1,1,1,-2.205e-05,,1,,1,0.060805,1,0.003527,7,1,no_sustained_vertical_lift_type=sustained_horizontal_transport
trace_tomato_sauce_s31_w0_10_s20d_clean_seed0_job330382,tomato_sauce,31,63,1,0,0,,3.8,1.5,1.0,0.5,0.5,0.3,0.005217,0.009777,-0.00456,1,1,1,0.00282662,3,1,,1,0.05753,1,0.003618,7,0,no_sustained_vertical_lift_type=sustained_horizontal_transport
trace_tomato_sauce_s31_w0_10_s20d_clean_seed0_job330382,tomato_sauce,31,75,2,0,0,,3.3,1.5,1.0,0.5,0.0,0.3,0.014056,0.015041,-0.000985,1,1,1,5.181e-05,12,1,,1,0.080315,1,0.0,0,1,eef_not_near_object_dist=0.0803
trace_tomato_sauce_s31_w0_10_s20d_clean_seed0_job330382,tomato_sauce,31,80,3,0,0,,3.8,1.5,1.0,0.5,0.5,0.3,0.003331,0.00489,-0.001559,1,1,1,-1.203e-05,5,1,,1,0.087021,1,0.0,0,1,eef_not_near_object_dist=0.0870
trace_tomato_sauce_s31_w0_10_s20d_clean_seed0_job330382,tomato_sauce,31,101,4,0,0,,3.3,1.5,1.0,0.5,0.0,0.3,0.021923,0.021001,0.000922,1,1,1,-0.00017814,21,1,,1,0.043843,1,0.001589,2,1,no_sustained_vertical_lift_type=sustained_horizontal_transport
trace_tomato_sauce_s31_w0_10_s20d_clean_seed0_job330382,tomato_sauce,31,109,5,0,1,,3.8,1.5,1.0,0.5,0.5,0.3,0.001653,0.002471,-0.000818,1,1,1,-0.00295622,8,1,,1,0.025088,1,0.007566,3,1,
trace_tomato_sauce_s31_w0_10_s20d_clean_seed0_job330382,tomato_sauce,31,173,6,0,0,,3.3,1.5,1.0,0.5,0.0,0.3,0.012587,0.015157,-0.00257,1,1,1,-0.00175301,64,1,,1,0.02547,1,0.0,9,1,no_sustained_vertical_lift_type=sustained_horizontal_transport
trace_tomato_sauce_s31_w0_10_s20d_clean_seed0_job330382,tomato_sauce,31,180,7,0,1,,3.8,1.5,1.0,0.5,0.5,0.3,0.006622,0.015443,-0.008821,1,1,1,-0.00185681,7,1,,1,0.025541,1,0.017313,6,1,
trace_tomato_sauce_s31_w0_10_s20d_clean_seed0_job330382,tomato_sauce,31,184,8,0,1,,3.3,1.5,1.0,0.5,0.0,0.3,0.007716,0.007184,0.000532,1,1,1,-0.00192383,4,1,,1,0.025581,1,0.012653,4,1,
trace_tomato_sauce_s32_w0_10_s20d_clean_seed0_job330383,tomato_sauce,32,72,0,0,1,,3.3,1.5,1.0,0.5,0.0,0.3,0.027294,0.027847,-0.000553,1,1,1,-0.00010054,,1,,1,0.026119,1,0.047722,6,1,
trace_tomato_sauce_s32_w0_10_s20d_clean_seed0_job330383,tomato_sauce,32,131,1,0,1,,3.3,1.5,1.0,0.5,0.0,0.3,0.011213,0.015574,-0.004361,1,1,1,-0.00396093,59,1,,1,0.016672,1,0.022038,5,1,
trace_tomato_sauce_s32_w0_10_s20d_clean_seed0_job330383,tomato_sauce,32,139,2,0,0,,3.3,1.5,1.0,0.5,0.0,0.3,0.0162,0.014717,0.001483,1,1,1,-0.00183345,8,1,,1,0.018567,1,0.0,0,1,no_sustained_vertical_lift_type=no_sustained_motion
trace_tomato_sauce_s33_w0_10_s20d_clean_seed0_job330384,tomato_sauce,33,11,0,0,0,,3.3,1.5,1.0,0.5,0.0,0.3,0.009813,0.009794,1.9e-05,1,1,1,-1.102e-05,,1,,1,0.306425,1,0.0,0,1,eef_not_near_object_dist=0.3064
trace_tomato_sauce_s33_w0_10_s20d_clean_seed0_job330384,tomato_sauce,33,62,1,0,0,,3.3,1.5,1.0,0.5,0.0,0.3,0.016913,0.01735,-0.000437,1,1,1,-3.102e-05,51,1,,1,0.112954,1,0.0,0,1,eef_not_near_object_dist=0.1130
trace_tomato_sauce_s33_w0_10_s20d_clean_seed0_job330384,tomato_sauce,33,97,2,0,0,,3.3,1.5,1.0,0.5,0.0,0.3,0.021774,0.02051,0.001264,1,1,1,-0.00016726,35,1,,1,0.084851,1,0.0,0,1,eef_not_near_object_dist=0.0849
trace_tomato_sauce_s33_w0_10_s20d_clean_seed0_job330384,tomato_sauce,33,104,3,0,0,,3.3,1.5,1.0,0.5,0.0,0.3,0.012572,0.020836,-0.008264,1,1,1,0.0002988,7,1,,1,0.055905,1,0.0011,0,1,no_sustained_vertical_lift_type=no_sustained_motion
trace_tomato_sauce_s33_w0_10_s20d_clean_seed0_job330384,tomato_sauce,33,106,4,0,0,,3.8,1.5,1.0,0.5,0.5,0.3,0.003283,0.003901,-0.000618,1,1,1,0.00021104,2,1,,1,0.056027,1,0.000493,0,1,no_sustained_vertical_lift_type=no_sustained_motion
trace_tomato_sauce_s33_w0_10_s20d_clean_seed0_job330384,tomato_sauce,33,112,5,0,0,,3.3,1.5,1.0,0.5,0.0,0.3,0.00908,0.008903,0.000177,1,1,1,-0.00016801,6,1,,1,0.052608,1,0.00063,0,1,no_sustained_vertical_lift_type=no_sustained_motion
trace_tomato_sauce_s33_w0_10_s20d_clean_seed0_job330384,tomato_sauce,33,127,6,0,0,,3.8,1.5,1.0,0.5,0.5,0.3,0.001432,0.002823,-0.001391,1,1,1,-0.00018119,15,1,,1,0.055865,1,0.0,0,1,no_sustained_vertical_lift_type=no_sustained_motion
trace_tomato_sauce_s33_w0_10_s20d_clean_seed0_job330384,tomato_sauce,33,129,7,0,0,,3.3,1.5,1.0,0.5,0.0,0.3,0.002606,0.001559,0.001047,1,1,1,-9.48e-05,2,1,,1,0.058096,1,0.0,0,1,no_sustained_vertical_lift_type=no_sustained_motion
trace_tomato_sauce_s33_w0_10_s20d_clean_seed0_job330384,tomato_sauce,33,131,8,0,0,,3.8,1.5,1.0,0.5,0.5,0.3,0.004216,0.004228,-1.2e-05,1,1,1,-7.613e-05,2,1,,1,0.060665,1,0.0,0,1,no_sustained_vertical_lift_type=no_sustained_motion
trace_tomato_sauce_s33_w0_10_s20d_clean_seed0_job330384,tomato_sauce,33,136,9,0,0,,3.8,1.5,1.0,0.5,0.5,0.3,0.001518,0.002429,-0.000911,1,1,1,-6.269e-05,5,1,,1,0.062778,1,0.0,0,1,no_sustained_vertical_lift_type=no_sustained_motion
trace_tomato_sauce_s33_w0_10_s20d_clean_seed0_job330384,tomato_sauce,33,141,10,0,0,,3.3,1.5,1.0,0.5,0.0,0.3,0.003679,0.002696,0.000983,1,1,1,-8.885e-05,5,1,,1,0.061988,1,0.0,0,1,no_sustained_vertical_lift_type=no_sustained_motion
trace_tomato_sauce_s33_w0_10_s20d_clean_seed0_job330384,tomato_sauce,33,143,11,0,0,,3.8,1.5,1.0,0.5,0.5,0.3,0.001225,0.004458,-0.003233,1,1,1,-9.57e-05,2,1,,1,0.065021,1,0.0,0,1,no_sustained_vertical_lift_type=no_sustained_motion
trace_tomato_sauce_s33_w0_10_s20d_clean_seed0_job330384,tomato_sauce,33,148,12,0,0,,3.3,1.5,1.0,0.5,0.0,0.3,0.011651,0.008443,0.003208,1,1,1,-0.00011593,5,1,,1,0.057153,1,0.0,0,1,no_sustained_vertical_lift_type=no_sustained_motion
trace_tomato_sauce_s33_w0_10_s20d_clean_seed0_job330384,tomato_sauce,33,152,13,0,0,,3.8,1.5,1.0,0.5,0.5,0.3,0.001886,0.00236,-0.000474,1,1,1,-0.00011365,4,1,,1,0.056528,1,0.0,0,1,no_sustained_vertical_lift_type=no_sustained_motion
trace_tomato_sauce_s33_w0_10_s20d_clean_seed0_job330384,tomato_sauce,33,154,14,0,0,,3.3,1.5,1.0,0.5,0.0,0.3,0.003799,0.003538,0.000261,1,1,1,-0.00010576,2,1,,1,0.05525,1,0.0,0,1,no_sustained_vertical_lift_type=no_sustained_motion
trace_tomato_sauce_s33_w0_10_s20d_clean_seed0_job330384,tomato_sauce,33,157,15,0,0,,3.3,1.5,1.0,0.5,0.0,0.3,0.003767,0.003113,0.000654,1,1,1,-0.00012696,3,1,,1,0.057165,1,0.0,0,1,no_sustained_vertical_lift_type=no_sustained_motion
trace_tomato_sauce_s33_w0_10_s20d_clean_seed0_job330384,tomato_sauce,33,159,16,0,0,,3.8,1.5,1.0,0.5,0.5,0.3,0.001711,0.003387,-0.001676,1,1,1,-0.00011984,2,1,,1,0.056946,1,0.0,0,1,no_sustained_vertical_lift_type=no_sustained_motion
trace_tomato_sauce_s33_w0_10_s20d_clean_seed0_job330384,tomato_sauce,33,164,17,0,0,,3.8,1.5,1.0,0.5,0.5,0.3,0.000163,0.00032,-0.000157,1,1,1,-0.0001402,5,1,,1,0.057308,1,0.000357,0,1,no_sustained_vertical_lift_type=no_sustained_motion
trace_tomato_sauce_s33_w0_10_s20d_clean_seed0_job330384,tomato_sauce,33,168,18,0,0,,3.8,1.5,1.0,0.5,0.5,0.3,0.002523,0.00358,-0.001057,1,1,1,-0.00014813,4,1,,1,0.060219,1,0.000357,0,1,no_sustained_vertical_lift_type=no_sustained_motion
trace_tomato_sauce_s33_w0_10_s20d_clean_seed0_job330384,tomato_sauce,33,172,19,0,0,,3.3,1.5,1.0,0.5,0.0,0.3,0.011848,0.004859,0.006989,1,1,1,-0.00020193,4,1,,1,0.050276,1,0.000357,0,1,no_sustained_vertical_lift_type=no_sustained_motion
trace_tomato_sauce_s33_w0_10_s20d_clean_seed0_job330384,tomato_sauce,33,174,20,0,0,,3.3,1.5,1.0,0.5,0.0,0.3,0.011532,0.013488,-0.001956,1,1,1,0.00010398,2,1,,1,0.04483,1,0.000406,0,1,no_sustained_vertical_lift_type=no_sustained_motion
trace_tomato_sauce_s33_w0_10_s20d_clean_seed0_job330384,tomato_sauce,33,177,21,0,0,,3.3,1.5,1.0,0.5,0.0,0.3,0.004501,0.002973,0.001528,1,1,1,-7.486e-05,3,1,,1,0.047323,1,0.000105,0,1,no_sustained_vertical_lift_type=no_sustained_motion
trace_tomato_sauce_s33_w0_10_s20d_clean_seed0_job330384,tomato_sauce,33,180,22,0,0,,3.8,1.5,1.0,0.5,0.5,0.3,0.004629,0.00569,-0.001061,1,1,1,0.0017159,3,1,,1,0.043216,1,0.000435,0,1,no_sustained_vertical_lift_type=no_sustained_motion
trace_tomato_sauce_s33_w0_10_s20d_clean_seed0_job330384,tomato_sauce,33,183,23,0,0,,3.8,1.5,1.0,0.5,0.5,0.3,0.008425,0.009365,-0.00094,1,1,1,0.00029385,3,1,,1,0.050539,1,0.001731,0,1,no_sustained_vertical_lift_type=no_sustained_motion
trace_tomato_sauce_s33_w0_10_s20d_clean_seed0_job330384,tomato_sauce,33,192,24,0,0,,3.3,1.5,1.0,0.5,0.0,0.3,0.003462,0.00262,0.000842,1,1,1,-0.00065171,9,1,,1,0.043893,1,0.001592,0,1,no_sustained_vertical_lift_type=no_sustained_motion
trace_tomato_sauce_s33_w0_10_s20d_clean_seed0_job330384,tomato_sauce,33,199,25,0,0,,2.8,1.5,1.0,0.0,0.0,0.3,0.005381,0.00318,0.002201,1,1,1,0.00754503,7,1,,1,0.043758,1,0.000638,0,1,no_sustained_vertical_lift_type=no_sustained_motion
trace_tomato_sauce_s33_w0_10_s20d_clean_seed0_job330384,tomato_sauce,33,205,26,0,0,,3.3,1.5,1.0,0.5,0.0,0.3,0.002254,0.001291,0.000963,1,1,1,0.00482892,6,1,,1,0.043055,1,0.001216,0,1,no_sustained_vertical_lift_type=no_sustained_motion
trace_tomato_sauce_s33_w0_10_s20d_clean_seed0_job330384,tomato_sauce,33,209,27,0,0,,3.8,1.5,1.0,0.5,0.5,0.3,0.004225,0.004247,-2.2e-05,1,1,1,0.00058969,4,1,,1,0.042067,1,0.001375,0,1,no_sustained_vertical_lift_type=no_sustained_motion
trace_tomato_sauce_s33_w0_10_s20d_clean_seed0_job330384,tomato_sauce,33,214,28,0,0,,3.3,1.5,1.0,0.5,0.0,0.3,0.001939,0.001234,0.000705,1,1,1,9.514e-05,5,1,,1,0.042537,1,0.000978,0,1,no_sustained_vertical_lift_type=no_sustained_motion
trace_tomato_sauce_s33_w0_10_s20d_clean_seed0_job330384,tomato_sauce,33,216,29,0,0,,3.8,1.5,1.0,0.5,0.5,0.3,0.002163,0.002946,-0.000783,1,1,1,-0.00061528,2,1,,1,0.042427,1,0.000433,0,1,no_sustained_vertical_lift_type=no_sustained_motion
trace_tomato_sauce_s33_w0_10_s20d_clean_seed0_job330384,tomato_sauce,33,219,30,0,0,,3.8,1.5,1.0,0.5,0.5,0.3,0.003516,0.004479,-0.000963,1,1,1,-0.00045565,3,1,,1,0.04617,1,0.001,0,1,no_sustained_vertical_lift_type=no_sustained_motion
trace_tomato_sauce_s33_w0_10_s20d_clean_seed0_job330384,tomato_sauce,33,223,31,0,0,,3.3,1.5,1.0,0.0,0.5,0.3,0.002062,0.002603,-0.000541,1,1,1,0.00518268,4,1,,1,0.042666,1,0.001261,0,1,no_sustained_vertical_lift_type=no_sustained_motion
trace_tomato_sauce_s33_w0_10_s20d_clean_seed0_job330384,tomato_sauce,33,230,32,0,0,,3.3,1.5,1.0,0.5,0.0,0.3,0.001843,0.001491,0.000352,1,1,1,-0.00382467,7,1,,1,0.041994,1,0.002269,0,1,no_sustained_vertical_lift_type=no_sustained_motion
trace_tomato_sauce_s33_w0_10_s20d_clean_seed0_job330384,tomato_sauce,33,235,33,0,0,,3.3,1.5,1.0,0.5,0.0,0.3,0.002367,0.001306,0.001061,1,1,1,-0.0004068,5,1,,1,0.04251,1,0.004978,2,1,no_sustained_vertical_lift_type=sustained_horizontal_transport
trace_tomato_sauce_s33_w0_10_s20d_clean_seed0_job330384,tomato_sauce,33,239,34,0,0,,3.3,1.5,1.0,0.5,0.0,0.3,0.003576,0.002649,0.000927,1,1,1,-0.00017567,4,1,,1,0.046506,1,0.005027,0,1,no_sustained_vertical_lift_type=no_sustained_motion
trace_tomato_sauce_s33_w0_10_s20d_clean_seed0_job330384,tomato_sauce,33,243,35,0,0,,3.3,1.5,1.0,0.5,0.0,0.3,0.002338,0.000948,0.00139,1,1,1,-0.00090268,4,1,,1,0.04345,1,0.002626,9,1,no_sustained_vertical_lift_type=sustained_horizontal_transport
trace_tomato_sauce_s33_w0_10_s20d_clean_seed0_job330384,tomato_sauce,33,255,36,0,0,,3.0,1.5,1.0,0.0,0.5,0.0,0.001456,0.005849,-0.004393,1,1,1,0.01493958,12,1,,1,0.048086,1,0.002141,0,1,no_sustained_vertical_lift_type=no_sustained_motion
trace_tomato_sauce_s33_w0_10_s20d_clean_seed0_job330384,tomato_sauce,33,259,37,0,0,,2.5,1.5,1.0,0.0,0.0,0.0,0.001425,0.001389,3.6e-05,1,1,1,0.01963642,4,1,,1,0.048216,1,0.001548,0,1,no_sustained_vertical_lift_type=no_sustained_motion
trace_tomato_sauce_s33_w0_10_s20d_clean_seed0_job330384,tomato_sauce,33,264,38,0,0,,3.0,1.5,1.0,0.0,0.5,0.0,0.001434,0.00245,-0.001016,1,1,1,0.01093984,5,1,,1,0.047252,1,0.000563,0,1,no_sustained_vertical_lift_type=no_sustained_motion
trace_tomato_sauce_s33_w0_10_s20d_clean_seed0_job330384,tomato_sauce,33,267,39,0,0,,2.5,1.5,1.0,0.0,0.0,0.0,0.001433,0.001419,1.4e-05,1,1,1,0.01134851,3,1,,1,0.047223,1,0.00039,0,1,no_sustained_vertical_lift_type=no_sustained_motion
trace_tomato_sauce_s33_w0_10_s20d_clean_seed0_job330384,tomato_sauce,33,276,40,0,0,,2.8,1.5,1.0,0.0,0.0,0.3,0.003399,0.003268,0.000131,1,1,1,0.00578059,9,1,,1,0.046165,1,0.000666,0,1,no_sustained_vertical_lift_type=no_sustained_motion
trace_tomato_sauce_s33_w0_10_s20d_clean_seed0_job330384,tomato_sauce,33,279,41,0,0,,3.3,1.5,1.0,0.0,0.5,0.3,0.002118,0.00245,-0.000332,1,1,1,0.00610728,3,1,,1,0.04696,1,0.0,0,1,no_sustained_vertical_lift_type=no_sustained_motion
trace_tomato_sauce_s34_w0_10_s20d_clean_seed0_job330385,tomato_sauce,34,137,0,0,0,,3.3,1.5,1.0,0.5,0.0,0.3,0.008524,0.007536,0.000988,1,1,1,-1.412e-05,,1,,1,0.303866,1,0.0,0,1,eef_not_near_object_dist=0.3039
trace_tomato_sauce_s34_w0_10_s20d_clean_seed0_job330385,tomato_sauce,34,186,1,0,1,,3.3,1.5,1.0,0.5,0.0,0.3,0.022392,0.023735,-0.001343,1,1,1,-0.00010767,49,1,,1,0.046971,1,0.047607,6,1,
trace_tomato_sauce_s34_w0_10_s20d_clean_seed0_job330385,tomato_sauce,34,189,2,0,1,,3.8,1.5,1.0,0.5,0.5,0.3,0.008033,0.012959,-0.004926,1,1,1,-0.00408585,3,1,,1,0.039524,1,0.083525,9,1,
trace_tomato_sauce_s34_w0_10_s20d_clean_seed0_job330385,tomato_sauce,34,192,3,0,1,,3.8,1.5,1.0,0.5,0.5,0.3,0.002456,0.0027,-0.000244,1,1,1,-0.00678714,3,1,,1,0.03783,1,0.111878,12,1,
trace_tomato_sauce_s34_w0_10_s20d_clean_seed0_job330385,tomato_sauce,34,248,4,0,0,,3.3,1.5,1.0,0.5,0.0,0.3,0.003511,0.000957,0.002554,1,1,1,-0.00290849,56,1,,1,0.037619,1,0.0,0,1,no_sustained_vertical_lift_type=no_sustained_motion
trace_tomato_sauce_s34_w0_10_s20d_clean_seed0_job330385,tomato_sauce,34,251,5,0,1,,3.3,1.5,1.0,0.5,0.0,0.3,0.007534,0.003954,0.00358,1,1,1,-0.0023666,3,1,,1,0.037596,1,0.006283,2,1,
trace_tomato_sauce_s34_w0_10_s20d_clean_seed0_job330385,tomato_sauce,34,255,6,0,0,,3.3,1.5,1.0,0.5,0.0,0.3,0.007092,0.002823,0.004269,1,1,1,-0.0019325,4,1,,1,0.037582,1,0.0,0,1,no_sustained_vertical_lift_type=no_sustained_motion
trace_tomato_sauce_s35_w0_10_s20d_clean_seed0_job330386,tomato_sauce,35,60,0,1,1,0,3.3,1.5,1.0,0.5,0.0,0.3,0.025193,0.025108,8.5e-05,1,1,1,-0.00011462,,1,,1,0.029249,1,0.090788,9,1,
trace_tomato_sauce_s35_w0_10_s20d_clean_seed0_job330386,tomato_sauce,35,124,1,0,0,64,3.3,1.5,1.0,0.5,0.0,0.3,0.017918,0.020896,-0.002978,1,1,1,-0.00422968,64,1,,1,0.025268,1,0.0,0,1,no_sustained_vertical_lift_type=no_sustained_motion
trace_tomato_sauce_s36_w0_10_s20d_clean_seed0_job330387,tomato_sauce,36,65,0,0,0,-2,3.3,1.5,1.0,0.5,0.0,0.3,0.027747,0.02811,-0.000363,1,1,1,-8.252e-05,,1,,1,0.034981,1,0.006871,0,1,no_sustained_vertical_lift_type=no_sustained_motion
trace_tomato_sauce_s36_w0_10_s20d_clean_seed0_job330387,tomato_sauce,36,67,1,1,1,0,3.3,1.5,1.0,0.5,0.0,0.3,0.023002,0.025773,-0.002771,1,1,1,-6.43e-06,2,1,,1,0.022401,1,0.018667,3,1,
trace_tomato_sauce_s36_w0_10_s20d_clean_seed0_job330387,tomato_sauce,36,133,2,0,0,66,3.3,1.5,1.0,0.5,0.0,0.3,0.013511,0.008281,0.00523,1,1,1,-0.0034304,66,1,,1,0.015603,1,0.000837,8,1,no_sustained_vertical_lift_type=sustained_horizontal_transport
trace_tomato_sauce_s36_w0_10_s20d_clean_seed0_job330387,tomato_sauce,36,139,3,0,0,72,3.3,1.5,1.0,0.5,0.0,0.3,0.013088,0.005303,0.007785,1,1,1,-0.00182777,6,1,,1,0.015461,1,0.0,6,1,no_sustained_vertical_lift_type=sustained_horizontal_transport
trace_tomato_sauce_s36_w0_10_s20d_clean_seed0_job330387,tomato_sauce,36,143,4,0,0,76,3.8,1.5,1.0,0.5,0.5,0.3,0.006823,0.012029,-0.005206,1,1,1,-0.00119817,4,1,,1,0.015412,1,0.001751,0,1,no_sustained_vertical_lift_type=no_sustained_motion
trace_tomato_sauce_s36_w0_10_s20d_clean_seed0_job330387,tomato_sauce,36,146,5,0,0,79,3.3,1.5,1.0,0.5,0.0,0.3,0.003041,0.002727,0.000314,1,1,1,-0.00080515,3,1,,1,0.016226,1,0.0,0,1,no_sustained_vertical_lift_type=no_sustained_motion
trace_tomato_sauce_s36_w0_10_s20d_clean_seed0_job330387,tomato_sauce,36,148,6,0,0,81,3.8,1.5,1.0,0.5,0.5,0.3,0.002786,0.003071,-0.000285,1,1,1,-0.00053136,2,1,,1,0.031149,1,0.0,0,1,no_sustained_vertical_lift_type=no_sustained_motion
trace_tomato_sauce_s38_w0_10_s20d_clean_seed0_job330389,tomato_sauce,38,101,0,0,0,,3.3,1.5,1.0,0.5,0.0,0.3,0.016923,0.017667,-0.000744,1,1,1,2.75e-05,,1,,1,0.024011,1,0.000571,0,1,no_sustained_vertical_lift_type=no_sustained_motion
trace_tomato_sauce_s38_w0_10_s20d_clean_seed0_job330389,tomato_sauce,38,170,1,0,0,,3.3,1.5,1.0,0.5,0.0,0.3,0.015579,0.022766,-0.007187,1,1,1,0.00240477,69,1,,1,0.019094,1,0.003513,6,1,no_sustained_vertical_lift_type=sustained_horizontal_transport
trace_tomato_sauce_s38_w0_10_s20d_clean_seed0_job330389,tomato_sauce,38,177,2,0,0,,3.3,1.5,1.0,0.5,0.0,0.3,0.008845,0.007516,0.001329,1,1,1,0.00184857,7,1,,1,0.019102,1,0.001224,5,1,no_sustained_vertical_lift_type=sustained_horizontal_transport
trace_tomato_sauce_s38_w0_10_s20d_clean_seed0_job330389,tomato_sauce,38,182,3,0,0,,3.8,1.5,1.0,0.5,0.5,0.3,0.002985,0.007439,-0.004454,1,1,1,0.00116976,5,1,,1,0.019124,1,0.004358,6,1,no_sustained_vertical_lift_type=sustained_horizontal_transport
trace_tomato_sauce_s38_w0_10_s20d_clean_seed0_job330389,tomato_sauce,38,185,4,0,0,,3.8,1.5,1.0,0.5,0.5,0.3,0.001765,0.001788,-2.3e-05,1,1,1,0.00077074,3,1,,1,0.019139,1,0.003062,6,1,no_sustained_vertical_lift_type=sustained_horizontal_transport
trace_tomato_sauce_s38_w0_10_s20d_clean_seed0_job330389,tomato_sauce,38,190,5,0,0,,3.3,1.5,1.0,0.5,0.0,0.3,0.006373,0.003817,0.002556,1,1,1,0.00024763,5,1,,1,0.019163,1,0.0,0,1,no_sustained_vertical_lift_type=no_sustained_motion
trace_tomato_sauce_s38_w0_10_s20d_clean_seed0_job330389,tomato_sauce,38,195,6,0,0,,3.3,1.5,1.0,0.5,0.0,0.3,0.005948,0.005034,0.000914,1,1,1,-0.00016062,5,1,,1,0.019418,1,0.0,0,1,no_sustained_vertical_lift_type=no_sustained_motion
trace_tomato_sauce_s39_w0_10_s20d_clean_seed0_job330390,tomato_sauce,39,75,0,0,0,-83,3.3,1.5,1.0,0.5,0.0,0.3,0.022868,0.023716,-0.000848,1,1,1,-0.00011636,,1,,1,0.035387,1,0.002209,0,1,no_sustained_vertical_lift_type=no_sustained_motion
trace_tomato_sauce_s39_w0_10_s20d_clean_seed0_job330390,tomato_sauce,39,143,1,0,0,-15,3.8,1.5,1.0,0.5,0.5,0.3,0.006589,0.009825,-0.003236,1,1,1,0.00021567,68,1,,1,0.021937,1,0.003785,6,1,no_sustained_vertical_lift_type=sustained_horizontal_transport
trace_tomato_sauce_s39_w0_10_s20d_clean_seed0_job330390,tomato_sauce,39,149,2,0,0,-9,3.3,1.5,1.0,0.5,0.0,0.3,0.012667,0.00631,0.006357,1,1,1,9.282e-05,6,1,,1,0.02199,1,0.0,9,1,no_sustained_vertical_lift_type=sustained_horizontal_transport
trace_tomato_sauce_s39_w0_10_s20d_clean_seed0_job330390,tomato_sauce,39,154,3,0,0,-4,3.8,1.5,1.0,0.5,0.5,0.3,0.005191,0.008015,-0.002824,1,1,1,-9.855e-05,5,1,,1,0.02203,1,0.0,12,1,no_sustained_vertical_lift_type=sustained_horizontal_transport
trace_tomato_sauce_s39_w0_10_s20d_clean_seed0_job330390,tomato_sauce,39,158,4,1,1,0,3.3,1.5,1.0,0.5,0.0,0.3,0.017687,0.017544,0.000143,1,1,1,-0.00019677,4,1,,1,0.022043,1,0.005502,2,1,
trace_tomato_sauce_s39_w0_10_s20d_clean_seed0_job330390,tomato_sauce,39,162,5,0,0,4,3.3,1.5,1.0,0.5,0.0,0.3,0.005984,0.001988,0.003996,1,1,1,-0.00028591,4,1,,1,0.022084,1,0.000416,0,1,no_sustained_vertical_lift_type=no_sustained_motion
trace_tomato_sauce_s39_w0_10_s20d_clean_seed0_job330390,tomato_sauce,39,169,6,0,0,11,3.3,1.5,1.0,0.5,0.0,0.3,0.008005,0.003652,0.004353,1,1,1,-0.00031858,7,1,,1,0.022128,1,0.0,0,1,no_sustained_vertical_lift_type=no_sustained_motion
trace_tomato_sauce_s40_w0_10_s20d_clean_seed0_job330391,tomato_sauce,40,64,0,1,1,0,3.3,1.5,1.0,0.5,0.0,0.3,0.018973,0.019699,-0.000726,1,1,1,-8.47e-06,,1,,1,0.038667,1,0.058266,7,1,
trace_tomato_sauce_s40_w0_10_s20d_clean_seed0_job330391,tomato_sauce,40,123,1,0,0,59,3.8,1.5,1.0,0.5,0.5,0.3,0.005888,0.010395,-0.004507,1,1,1,0.00019722,59,1,,1,0.022165,1,0.001317,0,1,no_sustained_vertical_lift_type=no_sustained_motion
trace_tomato_sauce_s40_w0_10_s20d_clean_seed0_job330391,tomato_sauce,40,128,2,0,0,64,3.8,1.5,1.0,0.5,0.5,0.3,0.004461,0.004529,-6.8e-05,1,1,1,0.00012452,5,1,,1,0.022187,1,0.002148,0,1,no_sustained_vertical_lift_type=no_sustained_motion
trace_tomato_sauce_s40_w0_10_s20d_clean_seed0_job330391,tomato_sauce,40,131,3,0,0,67,3.8,1.5,1.0,0.5,0.5,0.3,0.001972,0.00223,-0.000258,1,1,1,1.73e-05,3,1,,1,0.022198,1,0.0,0,1,no_sustained_vertical_lift_type=no_sustained_motion
trace_tomato_sauce_s40_w0_10_s20d_clean_seed0_job330391,tomato_sauce,40,134,4,0,0,70,3.3,1.5,1.0,0.5,0.0,0.3,0.009329,0.003905,0.005424,1,1,1,-3.511e-05,3,1,,1,0.022205,1,0.0,0,1,no_sustained_vertical_lift_type=no_sustained_motion
trace_tomato_sauce_s40_w0_10_s20d_clean_seed0_job330391,tomato_sauce,40,140,5,0,0,76,3.8,1.5,1.0,0.5,0.5,0.3,0.003591,0.008747,-0.005156,1,1,1,-7.011e-05,6,1,,1,0.02222,1,0.001808,0,1,no_sustained_vertical_lift_type=no_sustained_motion
trace_tomato_sauce_s40_w0_10_s20d_clean_seed0_job330391,tomato_sauce,40,145,6,0,0,81,3.3,1.5,1.0,0.5,0.0,0.3,0.005156,0.004144,0.001012,1,1,1,-0.00012771,5,1,,1,0.022231,1,0.002692,0,1,no_sustained_vertical_lift_type=no_sustained_motion
trace_tomato_sauce_s40_w0_10_s20d_clean_seed0_job330391,tomato_sauce,40,151,7,0,0,87,3.3,1.5,1.0,0.5,0.0,0.3,0.011314,0.005092,0.006222,1,1,1,-0.00019246,6,1,,1,0.022748,1,0.0,0,1,no_sustained_vertical_lift_type=no_sustained_motion
trace_tomato_sauce_s41_w0_10_s20d_clean_seed0_job330392,tomato_sauce,41,64,0,1,1,0,3.3,1.5,1.0,0.5,0.0,0.3,0.02589,0.026284,-0.000394,1,1,1,-6.766e-05,,1,,1,0.052673,1,0.014261,3,1,
trace_tomato_sauce_s41_w0_10_s20d_clean_seed0_job330392,tomato_sauce,41,134,1,0,0,70,3.3,1.5,1.0,0.5,0.0,0.3,0.009131,0.003721,0.00541,1,1,1,0.00044189,70,1,,1,0.04233,1,0.0,3,0,no_sustained_vertical_lift_type=sustained_horizontal_transport
trace_tomato_sauce_s42_w0_10_s20d_clean_seed0_job330393,tomato_sauce,42,59,0,1,1,0,3.3,1.5,1.0,0.5,0.0,0.3,0.027112,0.0284,-0.001288,1,1,1,-0.00069657,,1,,1,0.034184,1,0.082643,9,1,
trace_tomato_sauce_s42_w0_10_s20d_clean_seed0_job330393,tomato_sauce,42,116,1,0,0,57,3.3,1.5,1.0,0.5,0.0,0.3,0.015515,0.020155,-0.00464,1,1,1,-0.00372719,57,1,,1,0.032809,1,0.0,0,1,no_sustained_vertical_lift_type=no_sustained_motion
trace_tomato_sauce_s45_w0_10_s20d_clean_seed0_job330396,tomato_sauce,45,106,0,0,0,,3.3,1.5,1.0,0.5,0.0,0.3,0.021327,0.020179,0.001148,1,1,1,5.46e-06,,1,,1,0.072588,1,0.002895,8,1,no_sustained_vertical_lift_type=sustained_horizontal_transport
trace_tomato_sauce_s45_w0_10_s20d_clean_seed0_job330396,tomato_sauce,45,131,1,0,0,,3.8,1.5,1.0,0.5,0.5,0.3,0.000661,0.000859,-0.000198,1,1,1,2.816e-05,25,1,,1,0.080999,1,0.0,0,1,eef_not_near_object_dist=0.0810
trace_tomato_sauce_s45_w0_10_s20d_clean_seed0_job330396,tomato_sauce,45,134,2,0,0,,3.3,1.5,1.0,0.5,0.0,0.3,0.001689,0.001436,0.000253,1,1,1,3.293e-05,3,1,,1,0.081453,1,0.0,0,1,eef_not_near_object_dist=0.0815
trace_tomato_sauce_s45_w0_10_s20d_clean_seed0_job330396,tomato_sauce,45,144,3,0,0,,3.3,1.5,1.0,0.5,0.0,0.3,0.010323,0.010059,0.000264,1,1,1,3.481e-05,10,1,,1,0.067471,1,8.8e-05,0,1,no_sustained_vertical_lift_type=no_sustained_motion
trace_tomato_sauce_s45_w0_10_s20d_clean_seed0_job330396,tomato_sauce,45,162,4,0,0,,3.8,1.5,1.0,0.5,0.5,0.3,0.001398,0.001461,-6.3e-05,1,1,1,6.125e-05,18,1,,1,0.059541,1,0.002274,0,1,no_sustained_vertical_lift_type=no_sustained_motion
trace_tomato_sauce_s45_w0_10_s20d_clean_seed0_job330396,tomato_sauce,45,170,5,0,0,,3.3,1.5,1.0,0.5,0.0,0.3,0.002896,0.002788,0.000108,1,1,1,8.297e-05,8,1,,1,0.054569,1,0.00279,0,1,no_sustained_vertical_lift_type=no_sustained_motion
trace_tomato_sauce_s45_w0_10_s20d_clean_seed0_job330396,tomato_sauce,45,174,6,0,0,,3.3,1.5,1.0,0.5,0.0,0.3,0.003291,0.002854,0.000437,1,1,1,0.00122685,4,1,,1,0.05448,1,0.001491,0,1,no_sustained_vertical_lift_type=no_sustained_motion
trace_tomato_sauce_s45_w0_10_s20d_clean_seed0_job330396,tomato_sauce,45,185,7,0,0,,3.3,1.5,1.0,0.5,0.0,0.3,0.001484,0.000429,0.001055,1,1,1,0.00048934,11,1,,1,0.059383,1,0.000507,0,1,no_sustained_vertical_lift_type=no_sustained_motion
trace_tomato_sauce_s46_w0_10_s20d_clean_seed0_job330397,tomato_sauce,46,57,0,0,1,,3.3,1.5,1.0,0.5,0.0,0.3,0.021699,0.022281,-0.000582,1,1,1,2.927e-05,,1,,1,0.030587,1,0.068102,8,1,
trace_tomato_sauce_s46_w0_10_s20d_clean_seed0_job330397,tomato_sauce,46,112,1,0,0,,3.3,1.5,1.0,0.5,0.0,0.3,0.01922,0.02373,-0.00451,1,1,1,-0.00499765,55,1,,1,0.030005,1,0.0,3,1,no_sustained_vertical_lift_type=sustained_horizontal_transport
trace_tomato_sauce_s46_w0_10_s20d_clean_seed0_job330397,tomato_sauce,46,120,2,0,1,,3.8,1.5,1.0,0.5,0.5,0.3,0.003129,0.010207,-0.007078,1,1,1,-0.00445682,8,1,,1,0.030069,1,0.01926,5,1,
trace_tomato_sauce_s47_w0_10_s20d_clean_seed0_job330398,tomato_sauce,47,74,0,0,1,,3.3,1.5,1.0,0.5,0.0,0.3,0.025263,0.026125,-0.000862,1,1,1,-0.00011021,,1,,1,0.026011,1,0.060574,7,1,
trace_tomato_sauce_s47_w0_10_s20d_clean_seed0_job330398,tomato_sauce,47,77,1,0,1,,3.3,1.5,1.0,0.5,0.0,0.3,0.012694,0.017858,-0.005164,1,1,1,-0.00466501,3,1,,1,0.017298,1,0.094479,10,1,
trace_tomato_sauce_s47_w0_10_s20d_clean_seed0_job330398,tomato_sauce,47,131,2,0,0,,3.3,1.5,1.0,0.5,0.0,0.3,0.017835,0.023641,-0.005806,1,1,1,-0.003888,54,1,,1,0.014406,1,0.00712,5,1,no_sustained_vertical_lift_type=sustained_horizontal_transport
trace_tomato_sauce_s47_w0_10_s20d_clean_seed0_job330398,tomato_sauce,47,136,3,0,0,,3.3,1.5,1.0,0.5,0.0,0.3,0.00778,0.002835,0.004945,1,1,1,-0.00370456,5,1,,1,0.014378,1,0.006145,0,1,no_sustained_vertical_lift_type=no_sustained_motion
trace_tomato_sauce_s47_w0_10_s20d_clean_seed0_job330398,tomato_sauce,47,138,4,0,1,,3.8,1.5,1.0,0.5,0.5,0.3,0.001314,0.00497,-0.003656,1,1,1,-0.00307994,2,1,,1,0.014296,1,0.009702,2,1,
trace_tomato_sauce_s47_w0_10_s20d_clean_seed0_job330398,tomato_sauce,47,146,5,0,0,,3.3,1.5,1.0,0.5,0.0,0.3,0.01493,0.015619,-0.000689,1,1,1,-0.00180344,8,1,,1,0.014905,1,0.0,0,1,no_sustained_vertical_lift_type=no_sustained_motion
trace_tomato_sauce_s49_w0_10_s20d_clean_seed0_job330400,tomato_sauce,49,78,0,0,1,,3.3,1.5,1.0,0.5,0.0,0.3,0.011202,0.012477,-0.001275,1,1,1,7.88e-06,,1,,1,0.009389,1,0.030677,5,1,
trace_tomato_sauce_s49_w0_10_s20d_clean_seed0_job330400,tomato_sauce,49,132,1,0,0,,3.3,1.5,1.0,0.5,0.0,0.3,0.018155,0.026325,-0.00817,1,1,1,0.0047956,54,1,,1,0.008117,1,0.0,11,1,no_sustained_vertical_lift_type=sustained_horizontal_transport
trace_tomato_sauce_s49_w0_10_s20d_clean_seed0_job330400,tomato_sauce,49,139,2,0,1,,3.3,1.5,1.0,0.5,0.0,0.3,0.011483,0.014652,-0.003169,1,1,1,0.00477162,7,1,,1,0.008139,1,0.026425,6,1,
trace_tomato_sauce_s49_w0_10_s20d_clean_seed0_job330400,tomato_sauce,49,142,3,0,1,,3.8,1.5,1.0,0.5,0.5,0.3,0.008169,0.009288,-0.001119,1,1,1,0.00476366,3,1,,1,0.008146,1,0.033861,10,1,
trace_tomato_sauce_s49_w0_10_s20d_clean_seed0_job330400,tomato_sauce,49,150,4,0,1,,3.3,1.5,1.0,0.5,0.0,0.3,0.017032,0.016689,0.000343,1,1,1,0.00294011,8,1,,1,0.008191,1,0.008455,2,1,
trace_tomato_sauce_s49_w0_10_s20d_clean_seed0_job330400,tomato_sauce,49,153,5,0,0,,3.8,1.5,1.0,0.5,0.5,0.3,0.009956,0.013076,-0.00312,1,1,1,0.0020269,3,1,,1,0.00905,1,0.0,10,1,no_sustained_vertical_lift_type=sustained_horizontal_transport
trace_tomato_sauce_s49_w0_10_s20d_clean_seed0_job330400,tomato_sauce,49,156,6,0,0,,3.3,1.5,1.0,0.5,0.0,0.3,0.007343,0.006877,0.000466,1,1,1,0.00087366,3,1,,1,0.024751,1,0.0,12,1,no_sustained_vertical_lift_type=sustained_horizontal_transport
trace_tomato_sauce_s49_w0_10_s20d_clean_seed0_job330400,tomato_sauce,49,162,7,0,0,,3.3,1.5,1.0,0.5,0.0,0.3,0.005113,0.005051,6.2e-05,1,1,1,0.00014379,6,1,,1,0.025078,1,0.0,0,1,no_sustained_vertical_lift_type=no_sustained_motion
trace_tomato_sauce_s49_w0_10_s20d_clean_seed0_job330400,tomato_sauce,49,167,8,0,0,,3.3,1.5,1.0,0.5,0.0,0.3,0.004792,0.003025,0.001767,1,1,1,-0.0001541,5,1,,1,0.025342,1,0.0,0,1,no_sustained_vertical_lift_type=no_sustained_motion
