trace_id,task_key,state_id,seed,source_path,source_sha256,row_count,file_size,source_dir
trace_alphabet_soup_s2_w0_10_s20d_clean_seed0_job250016,alphabet_soup,2,0,/data/liuyu/outputs/stageb_s20k_clean_expansion_20260613/trace_alphabet_soup_s2_w0_10_s20d_clean_seed0_job250016.csv,08557864c4af677f19c496e94be5e265e03e921dc6d7a4d3ccea4e88fef15657,144,30513,stageb_s20k_clean_expansion_20260613
trace_bbq_sauce_s0_w0_10_s20d_clean_seed0_job250001,bbq_sauce,0,0,/data/liuyu/outputs/stageb_s20k_clean_expansion_20260613/trace_bbq_sauce_s0_w0_10_s20d_clean_seed0_job250001.csv,87e05dff1c1de1cedc2aefbaa723eeeffb787debf8d2927a7f758a3f43a39271,163,32622,stageb_s20k_clean_expansion_20260613
trace_bbq_sauce_s2_w0_10_s20d_clean_seed0_job250002,bbq_sauce,2,0,/data/liuyu/outputs/stageb_s20k_clean_expansion_20260613/trace_bbq_sauce_s2_w0_10_s20d_clean_seed0_job250002.csv,b937990a5c8b16939f9719c903ec5dfff0c449dc1a63756a98dfac583d8fc4a1,280,56058,stageb_s20k_clean_expansion_20260613
trace_bbq_sauce_s3_w0_10_s20d_clean_seed0_job250003,bbq_sauce,3,0,/data/liuyu/outputs/stageb_s20k_clean_expansion_20260613/trace_bbq_sauce_s3_w0_10_s20d_clean_seed0_job250003.csv,a14488ec271c1c9fd3e1f0f39a2fb88783825210a0daac5192638f1929164d67,280,55923,stageb_s20k_clean_expansion_20260613
trace_butter_s1_w0_10_s20d_clean_seed0_job250004,butter,1,0,/data/liuyu/outputs/stageb_s20k_clean_expansion_20260613/trace_butter_s1_w0_10_s20d_clean_seed0_job250004.csv,d87263357b162245fe177a541a28292610c2b94ee3d9acb36a93de532659c490,160,31528,stageb_s20k_clean_expansion_20260613
trace_butter_s2_w0_10_s20d_clean_seed0_job250005,butter,2,0,/data/liuyu/outputs/stageb_s20k_clean_expansion_20260613/trace_butter_s2_w0_10_s20d_clean_seed0_job250005.csv,d689d14ef54426b0c6a3e0440d11f50e2d57bfc387a27b9b5611f9fa41c3de71,158,31078,stageb_s20k_clean_expansion_20260613
trace_chocolate_pudding_s1_w0_10_s20d_clean_seed0_job250006,chocolate_pudding,1,0,/data/liuyu/outputs/stageb_s20k_clean_expansion_20260613/trace_chocolate_pudding_s1_w0_10_s20d_clean_seed0_job250006.csv,87be5804ad90e61898bea8edd95b45313f37828f9829342e101ef4ad98e89a3d,280,57299,stageb_s20k_clean_expansion_20260613
trace_chocolate_pudding_s2_w0_10_s20d_clean_seed0_job250007,chocolate_pudding,2,0,/data/liuyu/outputs/stageb_s20k_clean_expansion_20260613/trace_chocolate_pudding_s2_w0_10_s20d_clean_seed0_job250007.csv,189005f961996c5f78e2dba5cc4773b2454cc9271df27f896f8ca72d70de025b,159,34288,stageb_s20k_clean_expansion_20260613
trace_cream_cheese_s2_w0_10_s20d_clean_seed0_job250013,cream_cheese,2,0,/data/liuyu/outputs/stageb_s20k_clean_expansion_20260613/trace_cream_cheese_s2_w0_10_s20d_clean_seed0_job250013.csv,ec070d9d01c8fd2f2677665a0dc04f600d35b6702d662335bc39689b23b72c92,135,28022,stageb_s20k_clean_expansion_20260613
trace_ketchup_s2_w0_10_s20d_clean_seed0_job250008,ketchup,2,0,/data/liuyu/outputs/stageb_s20k_clean_expansion_20260613/trace_ketchup_s2_w0_10_s20d_clean_seed0_job250008.csv,956bcb6a543f02893d9673113107f2633bb8bf109d4a577ec3b7c90770ef908d,140,27773,stageb_s20k_clean_expansion_20260613
trace_ketchup_s3_w0_10_s20d_clean_seed0_job250009,ketchup,3,0,/data/liuyu/outputs/stageb_s20k_clean_expansion_20260613/trace_ketchup_s3_w0_10_s20d_clean_seed0_job250009.csv,3c2c0d9212bb8d713c59656c794e3a6bd066fde4ef1d9134d698414ed9bd8863,146,29135,stageb_s20k_clean_expansion_20260613
trace_milk_s2_w0_10_s20d_clean_seed0_job250012,milk,2,0,/data/liuyu/outputs/stageb_s20k_clean_expansion_20260613/trace_milk_s2_w0_10_s20d_clean_seed0_job250012.csv,ca3d9ff30878c27e59e8ce0b04fce393aa5cbd9a6b271066dbb1ad58a7cc66a5,214,40971,stageb_s20k_clean_expansion_20260613
trace_orange_juice_s2_w0_10_s20d_clean_seed0_job250015,orange_juice,2,0,/data/liuyu/outputs/stageb_s20k_clean_expansion_20260613/trace_orange_juice_s2_w0_10_s20d_clean_seed0_job250015.csv,086c16fb3542f3ce433dcec3c0bd2b6fe6e25f977d6fe99535e53f3e6412be97,140,28664,stageb_s20k_clean_expansion_20260613
trace_salad_dressing_s2_w0_10_s20d_clean_seed0_job250014,salad_dressing,2,0,/data/liuyu/outputs/stageb_s20k_clean_expansion_20260613/trace_salad_dressing_s2_w0_10_s20d_clean_seed0_job250014.csv,edaa9fadbd3a027dd4203fc3757e17291ffd0f4296691bae62d543fd4dd3d3e0,111,23292,stageb_s20k_clean_expansion_20260613
trace_tomato_sauce_s1_w0_10_s20d_clean_seed0_job250010,tomato_sauce,1,0,/data/liuyu/outputs/stageb_s20k_clean_expansion_20260613/trace_tomato_sauce_s1_w0_10_s20d_clean_seed0_job250010.csv,a2eb7aa50a53c15c0ab6aba10279b0ff8fd533b072ec3f0a15cd5a22d039c2fc,185,38389,stageb_s20k_clean_expansion_20260613
trace_tomato_sauce_s2_w0_10_s20d_clean_seed0_job250011,tomato_sauce,2,0,/data/liuyu/outputs/stageb_s20k_clean_expansion_20260613/trace_tomato_sauce_s2_w0_10_s20d_clean_seed0_job250011.csv,7a985038e0e72a08429c8e56359e1859be5a7206f937fc04db448918be8f9ef4,168,34454,stageb_s20k_clean_expansion_20260613
trace_alphabet_soup_s1_w0_10_s20d_clean_seed0_job230571,alphabet_soup,1,0,/data/liuyu/outputs/stageb_s20i_clean_expansion_20260612/trace_alphabet_soup_s1_w0_10_s20d_clean_seed0_job230571.csv,adfc7c87e28d478311ed68d730a43e30c1ae1b060b7a580389eb5c44c0dc4ffb,205,43128,stageb_s20i_clean_expansion_20260612
trace_cream_cheese_s1_w0_10_s20d_clean_seed0_job230765,cream_cheese,1,0,/data/liuyu/outputs/stageb_s20i_clean_expansion_20260612/trace_cream_cheese_s1_w0_10_s20d_clean_seed0_job230765.csv,7c824fd3401c29576ac7c9f19740c6c70026f6e63146356599c5f8b68fda109a,126,26148,stageb_s20i_clean_expansion_20260612
trace_milk_s1_w0_10_s20d_clean_seed0_job230490,milk,1,0,/data/liuyu/outputs/stageb_s20i_clean_expansion_20260612/trace_milk_s1_w0_10_s20d_clean_seed0_job230490.csv,46544ad60c79e3eacc1d6cfba2cb7558e52d7f4811aee06b40d2cb053c0d6655,153,29269,stageb_s20i_clean_expansion_20260612
trace_orange_juice_s1_w0_10_s20d_clean_seed0_job230117,orange_juice,1,0,/data/liuyu/outputs/stageb_s20i_clean_expansion_20260612/trace_orange_juice_s1_w0_10_s20d_clean_seed0_job230117.csv,48bb1c069b066b542d65528d84a23131f4fb89f2fb8eaffb4ebdd162d31b5edb,131,27138,stageb_s20i_clean_expansion_20260612
trace_salad_dressing_s1_w0_10_s20d_clean_seed0_job230476,salad_dressing,1,0,/data/liuyu/outputs/stageb_s20i_clean_expansion_20260612/trace_salad_dressing_s1_w0_10_s20d_clean_seed0_job230476.csv,e93a744e0d58b7d1def8844b90a74425c417d0b90c475d00b3b57e94ef8088f0,126,26402,stageb_s20i_clean_expansion_20260612
trace_alphabet_soup_s10_w0_10_s20d_clean_seed0_job330001,alphabet_soup,10,0,/data/liuyu/outputs/stageb_s20m4_clean_scan_20260613/trace_alphabet_soup_s10_w0_10_s20d_clean_seed0_job330001.csv,ea92502097a2e3cb4d5f30e725f3f74e6763c3f12e89245fd714138c77c6fd9d,280,59211,stageb_s20m4_clean_scan_20260613
trace_alphabet_soup_s12_w0_10_s20d_clean_seed0_job330003,alphabet_soup,12,0,/data/liuyu/outputs/stageb_s20m4_clean_scan_20260613/trace_alphabet_soup_s12_w0_10_s20d_clean_seed0_job330003.csv,9e886419bac1c62e3619e7bd8d653daca1f2ce98537ba09457dc9ac167a12cdd,209,43927,stageb_s20m4_clean_scan_20260613
trace_alphabet_soup_s13_w0_10_s20d_clean_seed0_job330004,alphabet_soup,13,0,/data/liuyu/outputs/stageb_s20m4_clean_scan_20260613/trace_alphabet_soup_s13_w0_10_s20d_clean_seed0_job330004.csv,28a4e37fd8a6e6fd76beeede5fa763617bfa40466f12d1cc544917a09441cfb5,280,59166,stageb_s20m4_clean_scan_20260613
trace_alphabet_soup_s14_w0_10_s20d_clean_seed0_job330005,alphabet_soup,14,0,/data/liuyu/outputs/stageb_s20m4_clean_scan_20260613/trace_alphabet_soup_s14_w0_10_s20d_clean_seed0_job330005.csv,55a934f6f43972b5b88e440ad8f4f58db59b01062f98bb230a955dcf73a0f638,166,35323,stageb_s20m4_clean_scan_20260613
trace_alphabet_soup_s15_w0_10_s20d_clean_seed0_job330006,alphabet_soup,15,0,/data/liuyu/outputs/stageb_s20m4_clean_scan_20260613/trace_alphabet_soup_s15_w0_10_s20d_clean_seed0_job330006.csv,55f4ae665d361752e86ae96760f142a79a6aab58ad136703dfb7b3518b4013bc,209,44013,stageb_s20m4_clean_scan_20260613
trace_alphabet_soup_s16_w0_10_s20d_clean_seed0_job330007,alphabet_soup,16,0,/data/liuyu/outputs/stageb_s20m4_clean_scan_20260613/trace_alphabet_soup_s16_w0_10_s20d_clean_seed0_job330007.csv,60a2d09501eec1a8ed5c5f2b39d95f739f0f6b8ca8cd69d287f0d39e9acf1f51,158,33331,stageb_s20m4_clean_scan_20260613
trace_alphabet_soup_s17_w0_10_s20d_clean_seed0_job330008,alphabet_soup,17,0,/data/liuyu/outputs/stageb_s20m4_clean_scan_20260613/trace_alphabet_soup_s17_w0_10_s20d_clean_seed0_job330008.csv,e98c390855ca1ee56f0b2d8bf9c04665532237a4f771cc73eb9684d698b6cba9,280,58634,stageb_s20m4_clean_scan_20260613
trace_alphabet_soup_s18_w0_10_s20d_clean_seed0_job330009,alphabet_soup,18,0,/data/liuyu/outputs/stageb_s20m4_clean_scan_20260613/trace_alphabet_soup_s18_w0_10_s20d_clean_seed0_job330009.csv,318312a38a98e5b7aa967cd3ea854ea17688548631240786d6ceb16102f0202e,166,35076,stageb_s20m4_clean_scan_20260613
trace_alphabet_soup_s19_w0_10_s20d_clean_seed0_job330010,alphabet_soup,19,0,/data/liuyu/outputs/stageb_s20m4_clean_scan_20260613/trace_alphabet_soup_s19_w0_10_s20d_clean_seed0_job330010.csv,adfa7f8d96d9d988605d38e5c63856a26a7ddf7be67dc1de0c04991f3791c12c,147,31201,stageb_s20m4_clean_scan_20260613
trace_alphabet_soup_s20_w0_10_s20d_clean_seed0_job330011,alphabet_soup,20,0,/data/liuyu/outputs/stageb_s20m4_clean_scan_20260613/trace_alphabet_soup_s20_w0_10_s20d_clean_seed0_job330011.csv,d2d1d6c2874887be231bb5d91475bec99eb84f01f2395de24f266976cc2f3d1c,137,28965,stageb_s20m4_clean_scan_20260613
trace_alphabet_soup_s21_w0_10_s20d_clean_seed0_job330012,alphabet_soup,21,0,/data/liuyu/outputs/stageb_s20m4_clean_scan_20260613/trace_alphabet_soup_s21_w0_10_s20d_clean_seed0_job330012.csv,4aaf274e6d940079c5e68fa9376d5d56b2bdb66d77a27fd43c59f8366c2157cb,280,58898,stageb_s20m4_clean_scan_20260613
trace_alphabet_soup_s22_w0_10_s20d_clean_seed0_job330013,alphabet_soup,22,0,/data/liuyu/outputs/stageb_s20m4_clean_scan_20260613/trace_alphabet_soup_s22_w0_10_s20d_clean_seed0_job330013.csv,dfe9a63887f35d3a9f0c78aa1caa7e3277f4ae369c91272905b9a77c3158eb90,166,34962,stageb_s20m4_clean_scan_20260613
trace_alphabet_soup_s24_w0_10_s20d_clean_seed0_job330015,alphabet_soup,24,0,/data/liuyu/outputs/stageb_s20m4_clean_scan_20260613/trace_alphabet_soup_s24_w0_10_s20d_clean_seed0_job330015.csv,783c32d78e16a848107c763e59d57f89fe4a22db2ae276c4d4edd99f98b0d0c4,159,33654,stageb_s20m4_clean_scan_20260613
trace_alphabet_soup_s25_w0_10_s20d_clean_seed0_job330016,alphabet_soup,25,0,/data/liuyu/outputs/stageb_s20m4_clean_scan_20260613/trace_alphabet_soup_s25_w0_10_s20d_clean_seed0_job330016.csv,5d28001fcf1ba3e32e67fdbb87061b59b5ebb484736c654f9583c204b6f47dba,153,32102,stageb_s20m4_clean_scan_20260613
trace_alphabet_soup_s27_w0_10_s20d_clean_seed0_job330018,alphabet_soup,27,0,/data/liuyu/outputs/stageb_s20m4_clean_scan_20260613/trace_alphabet_soup_s27_w0_10_s20d_clean_seed0_job330018.csv,569b4aca34df1bd74f3628cb35b54277e1e45c525744cafdc6614c790b7468b0,280,59416,stageb_s20m4_clean_scan_20260613
trace_alphabet_soup_s29_w0_10_s20d_clean_seed0_job330020,alphabet_soup,29,0,/data/liuyu/outputs/stageb_s20m4_clean_scan_20260613/trace_alphabet_soup_s29_w0_10_s20d_clean_seed0_job330020.csv,1060fe11f3529f315c7342e93944dc8b2d6e2553405d1ba299ff13b1b94cb853,160,33724,stageb_s20m4_clean_scan_20260613
trace_alphabet_soup_s30_w0_10_s20d_clean_seed0_job330021,alphabet_soup,30,0,/data/liuyu/outputs/stageb_s20m4_clean_scan_20260613/trace_alphabet_soup_s30_w0_10_s20d_clean_seed0_job330021.csv,1ac16aea78329ecd8b09adcd85aa4c58133e6dafd274a719afb75b98f275372e,138,29339,stageb_s20m4_clean_scan_20260613
trace_alphabet_soup_s31_w0_10_s20d_clean_seed0_job330022,alphabet_soup,31,0,/data/liuyu/outputs/stageb_s20m4_clean_scan_20260613/trace_alphabet_soup_s31_w0_10_s20d_clean_seed0_job330022.csv,c2a060f181cf941f495d4c650984173feaead44e39756d9c6a8d39a86c4023e4,280,59139,stageb_s20m4_clean_scan_20260613
trace_alphabet_soup_s32_w0_10_s20d_clean_seed0_job330023,alphabet_soup,32,0,/data/liuyu/outputs/stageb_s20m4_clean_scan_20260613/trace_alphabet_soup_s32_w0_10_s20d_clean_seed0_job330023.csv,ab31e1a5fd99d1e081e52e59be468894a224c7482da22b09d304ea2ab3491158,280,58673,stageb_s20m4_clean_scan_20260613
trace_alphabet_soup_s33_w0_10_s20d_clean_seed0_job330024,alphabet_soup,33,0,/data/liuyu/outputs/stageb_s20m4_clean_scan_20260613/trace_alphabet_soup_s33_w0_10_s20d_clean_seed0_job330024.csv,6f718b9d07da74b2357bd86d30c17863bcb61155232640c89ea96fabfa83ae1c,139,29370,stageb_s20m4_clean_scan_20260613
trace_alphabet_soup_s34_w0_10_s20d_clean_seed0_job330025,alphabet_soup,34,0,/data/liuyu/outputs/stageb_s20m4_clean_scan_20260613/trace_alphabet_soup_s34_w0_10_s20d_clean_seed0_job330025.csv,125a43d42201216b7215823ebbf93e7275531001a3f514cf63fb01738d264ea3,280,58465,stageb_s20m4_clean_scan_20260613
trace_alphabet_soup_s35_w0_10_s20d_clean_seed0_job330026,alphabet_soup,35,0,/data/liuyu/outputs/stageb_s20m4_clean_scan_20260613/trace_alphabet_soup_s35_w0_10_s20d_clean_seed0_job330026.csv,570ac86741983a9b73a8fabf935652afb9cd3e29b2c35c065ecab8cb6417f5a9,280,58652,stageb_s20m4_clean_scan_20260613
trace_alphabet_soup_s36_w0_10_s20d_clean_seed0_job330027,alphabet_soup,36,0,/data/liuyu/outputs/stageb_s20m4_clean_scan_20260613/trace_alphabet_soup_s36_w0_10_s20d_clean_seed0_job330027.csv,2d75a58c288523f6f21772da30ab0203cd032f40d6f2446a94b23f0f8764c7c0,131,27743,stageb_s20m4_clean_scan_20260613
trace_alphabet_soup_s37_w0_10_s20d_clean_seed0_job330028,alphabet_soup,37,0,/data/liuyu/outputs/stageb_s20m4_clean_scan_20260613/trace_alphabet_soup_s37_w0_10_s20d_clean_seed0_job330028.csv,27f5b4407fcad4603836d90944ddf8dbb28e561e883b79569b5457b5d57b7ff2,280,58621,stageb_s20m4_clean_scan_20260613
trace_alphabet_soup_s38_w0_10_s20d_clean_seed0_job330029,alphabet_soup,38,0,/data/liuyu/outputs/stageb_s20m4_clean_scan_20260613/trace_alphabet_soup_s38_w0_10_s20d_clean_seed0_job330029.csv,eaf1820788e4d2e9c9da369f5f544a905c4225eeaf02a693634825455898fd9f,245,51640,stageb_s20m4_clean_scan_20260613
trace_alphabet_soup_s39_w0_10_s20d_clean_seed0_job330030,alphabet_soup,39,0,/data/liuyu/outputs/stageb_s20m4_clean_scan_20260613/trace_alphabet_soup_s39_w0_10_s20d_clean_seed0_job330030.csv,f3e28310e7155039ca7a719e6b6ec03818f86f5c295860a63dc63f7d8c6be29f,160,33979,stageb_s20m4_clean_scan_20260613
trace_alphabet_soup_s40_w0_10_s20d_clean_seed0_job330031,alphabet_soup,40,0,/data/liuyu/outputs/stageb_s20m4_clean_scan_20260613/trace_alphabet_soup_s40_w0_10_s20d_clean_seed0_job330031.csv,7529107680d60e5ab10b01e9abca865696c44e20cfab9d56a288ad16aa6b6602,167,35262,stageb_s20m4_clean_scan_20260613
trace_alphabet_soup_s41_w0_10_s20d_clean_seed0_job330032,alphabet_soup,41,0,/data/liuyu/outputs/stageb_s20m4_clean_scan_20260613/trace_alphabet_soup_s41_w0_10_s20d_clean_seed0_job330032.csv,f6fa8bee76a07e83c13e4218f201c8bcc0b44187aaee111eec3735865839d492,154,32611,stageb_s20m4_clean_scan_20260613
trace_alphabet_soup_s42_w0_10_s20d_clean_seed0_job330033,alphabet_soup,42,0,/data/liuyu/outputs/stageb_s20m4_clean_scan_20260613/trace_alphabet_soup_s42_w0_10_s20d_clean_seed0_job330033.csv,f849aeacf61c8cda6d62d28ce079de0c75fec64cd09dfbda937d062e82ed7d63,280,58647,stageb_s20m4_clean_scan_20260613
trace_alphabet_soup_s43_w0_10_s20d_clean_seed0_job330034,alphabet_soup,43,0,/data/liuyu/outputs/stageb_s20m4_clean_scan_20260613/trace_alphabet_soup_s43_w0_10_s20d_clean_seed0_job330034.csv,1077bbd71efd1116ce54d53bac28dceab5fb51f46e4157adfc6bb91171b9f9f5,159,33517,stageb_s20m4_clean_scan_20260613
trace_alphabet_soup_s44_w0_10_s20d_clean_seed0_job330035,alphabet_soup,44,0,/data/liuyu/outputs/stageb_s20m4_clean_scan_20260613/trace_alphabet_soup_s44_w0_10_s20d_clean_seed0_job330035.csv,0c1601ec40a340b01a64fc1a4aefc86d0d8bed3535cf9aa4b64a969debce2eab,197,41470,stageb_s20m4_clean_scan_20260613
trace_alphabet_soup_s45_w0_10_s20d_clean_seed0_job330036,alphabet_soup,45,0,/data/liuyu/outputs/stageb_s20m4_clean_scan_20260613/trace_alphabet_soup_s45_w0_10_s20d_clean_seed0_job330036.csv,ccfbe4e1e38e44e421e4d0ce6471193b94cef16ae0b22530442e782872a11b3b,211,44374,stageb_s20m4_clean_scan_20260613
trace_alphabet_soup_s46_w0_10_s20d_clean_seed0_job330037,alphabet_soup,46,0,/data/liuyu/outputs/stageb_s20m4_clean_scan_20260613/trace_alphabet_soup_s46_w0_10_s20d_clean_seed0_job330037.csv,73b3fb90cc3980759d95a4874a539bdb5a46db39a91c7e1afedf2a834d6f911b,280,59642,stageb_s20m4_clean_scan_20260613
trace_alphabet_soup_s47_w0_10_s20d_clean_seed0_job330038,alphabet_soup,47,0,/data/liuyu/outputs/stageb_s20m4_clean_scan_20260613/trace_alphabet_soup_s47_w0_10_s20d_clean_seed0_job330038.csv,17bbd039111dbad9005d541b22819dabc979226bf34a9605e4b124f0961372a2,280,58586,stageb_s20m4_clean_scan_20260613
trace_alphabet_soup_s48_w0_10_s20d_clean_seed0_job330039,alphabet_soup,48,0,/data/liuyu/outputs/stageb_s20m4_clean_scan_20260613/trace_alphabet_soup_s48_w0_10_s20d_clean_seed0_job330039.csv,30e22712e1a3b8faf5a287a0a1a0f4a73d28a1f1732895ca75c2480c55d31715,182,38371,stageb_s20m4_clean_scan_20260613
trace_alphabet_soup_s49_w0_10_s20d_clean_seed0_job330040,alphabet_soup,49,0,/data/liuyu/outputs/stageb_s20m4_clean_scan_20260613/trace_alphabet_soup_s49_w0_10_s20d_clean_seed0_job330040.csv,93daf3293d726f494e1979fdd4e8d4435e09a407379c9341884db2f161da5b26,191,40619,stageb_s20m4_clean_scan_20260613
trace_bbq_sauce_s10_w0_10_s20d_clean_seed0_job330041,bbq_sauce,10,0,/data/liuyu/outputs/stageb_s20m4_clean_scan_20260613/trace_bbq_sauce_s10_w0_10_s20d_clean_seed0_job330041.csv,62b9e8f3dd04306ff6fbb8fd484ac5a0335a99d1c74a6c67336be282a289bc00,280,56755,stageb_s20m4_clean_scan_20260613
trace_bbq_sauce_s11_w0_10_s20d_clean_seed0_job330042,bbq_sauce,11,0,/data/liuyu/outputs/stageb_s20m4_clean_scan_20260613/trace_bbq_sauce_s11_w0_10_s20d_clean_seed0_job330042.csv,b9b99725bc28e5c5dd7b9ffe0e088617eab14adc095c27f99868d5fd7319a4cd,280,55388,stageb_s20m4_clean_scan_20260613
trace_bbq_sauce_s12_w0_10_s20d_clean_seed0_job330043,bbq_sauce,12,0,/data/liuyu/outputs/stageb_s20m4_clean_scan_20260613/trace_bbq_sauce_s12_w0_10_s20d_clean_seed0_job330043.csv,9955811e93d4b4d65dcb0e2eeab117b14e14d9b3aed01060d55379ebb586d0fc,280,56315,stageb_s20m4_clean_scan_20260613
trace_bbq_sauce_s13_w0_10_s20d_clean_seed0_job330044,bbq_sauce,13,0,/data/liuyu/outputs/stageb_s20m4_clean_scan_20260613/trace_bbq_sauce_s13_w0_10_s20d_clean_seed0_job330044.csv,f8ad222217954ed77f48c03b7d67709310b3def976fa0a04b4ba77dae5d8a575,134,27108,stageb_s20m4_clean_scan_20260613
trace_bbq_sauce_s14_w0_10_s20d_clean_seed0_job330045,bbq_sauce,14,0,/data/liuyu/outputs/stageb_s20m4_clean_scan_20260613/trace_bbq_sauce_s14_w0_10_s20d_clean_seed0_job330045.csv,7a87210ba002f8f2d8ee78bad820964c6cf85677e077a8c80ca61227dde9247b,280,56304,stageb_s20m4_clean_scan_20260613
trace_bbq_sauce_s15_w0_10_s20d_clean_seed0_job330046,bbq_sauce,15,0,/data/liuyu/outputs/stageb_s20m4_clean_scan_20260613/trace_bbq_sauce_s15_w0_10_s20d_clean_seed0_job330046.csv,6d9639962c3911d86bf5ac01aa15c62d3034aa5a2e939fc065543ba7e7d500fc,280,56407,stageb_s20m4_clean_scan_20260613
trace_bbq_sauce_s16_w0_10_s20d_clean_seed0_job330047,bbq_sauce,16,0,/data/liuyu/outputs/stageb_s20m4_clean_scan_20260613/trace_bbq_sauce_s16_w0_10_s20d_clean_seed0_job330047.csv,23e9ee56d89ff1ef480bf28e158a7bc4c55f02b19b2821d5ba17fc2432683bb2,280,56073,stageb_s20m4_clean_scan_20260613
trace_bbq_sauce_s17_w0_10_s20d_clean_seed0_job330048,bbq_sauce,17,0,/data/liuyu/outputs/stageb_s20m4_clean_scan_20260613/trace_bbq_sauce_s17_w0_10_s20d_clean_seed0_job330048.csv,e3f5dda7a86739e460850d4ea982e66952fb1a9d5d7ba0580430935ec933ecda,280,53912,stageb_s20m4_clean_scan_20260613
trace_bbq_sauce_s18_w0_10_s20d_clean_seed0_job330049,bbq_sauce,18,0,/data/liuyu/outputs/stageb_s20m4_clean_scan_20260613/trace_bbq_sauce_s18_w0_10_s20d_clean_seed0_job330049.csv,28301fcf86e2f4e4f47f181792399f6c1e48dbaece8a274836f57d17b9d59c19,280,56697,stageb_s20m4_clean_scan_20260613
trace_bbq_sauce_s19_w0_10_s20d_clean_seed0_job330050,bbq_sauce,19,0,/data/liuyu/outputs/stageb_s20m4_clean_scan_20260613/trace_bbq_sauce_s19_w0_10_s20d_clean_seed0_job330050.csv,7caab0d7db25828d4462172835243f050c763729e88e257d40760060c1edfed9,254,51263,stageb_s20m4_clean_scan_20260613
trace_bbq_sauce_s20_w0_10_s20d_clean_seed0_job330051,bbq_sauce,20,0,/data/liuyu/outputs/stageb_s20m4_clean_scan_20260613/trace_bbq_sauce_s20_w0_10_s20d_clean_seed0_job330051.csv,fef68dca7c587b40cc69559b1fb381ba2e938751c8485591abd03d7ee21bc3ed,280,56595,stageb_s20m4_clean_scan_20260613
trace_bbq_sauce_s21_w0_10_s20d_clean_seed0_job330052,bbq_sauce,21,0,/data/liuyu/outputs/stageb_s20m4_clean_scan_20260613/trace_bbq_sauce_s21_w0_10_s20d_clean_seed0_job330052.csv,9273b48969943e31c283e828e84a894cba8edbf3176332a870633d3cdfbc365c,280,54980,stageb_s20m4_clean_scan_20260613
trace_bbq_sauce_s22_w0_10_s20d_clean_seed0_job330053,bbq_sauce,22,0,/data/liuyu/outputs/stageb_s20m4_clean_scan_20260613/trace_bbq_sauce_s22_w0_10_s20d_clean_seed0_job330053.csv,7143342e8d8159c81c32a691ae0e93ab938de0f7a19aa20183bed87f9efffa62,280,56262,stageb_s20m4_clean_scan_20260613
trace_bbq_sauce_s23_w0_10_s20d_clean_seed0_job330054,bbq_sauce,23,0,/data/liuyu/outputs/stageb_s20m4_clean_scan_20260613/trace_bbq_sauce_s23_w0_10_s20d_clean_seed0_job330054.csv,ec06f30bfcd82d03120c35fc108a86acddca0121c8b05cf489e61450e2489516,280,54535,stageb_s20m4_clean_scan_20260613
trace_bbq_sauce_s24_w0_10_s20d_clean_seed0_job330055,bbq_sauce,24,0,/data/liuyu/outputs/stageb_s20m4_clean_scan_20260613/trace_bbq_sauce_s24_w0_10_s20d_clean_seed0_job330055.csv,41c40a6638469e5521bea18d665074533389b17fa14ef4109eebc57235437919,144,29154,stageb_s20m4_clean_scan_20260613
trace_bbq_sauce_s25_w0_10_s20d_clean_seed0_job330056,bbq_sauce,25,0,/data/liuyu/outputs/stageb_s20m4_clean_scan_20260613/trace_bbq_sauce_s25_w0_10_s20d_clean_seed0_job330056.csv,86e243da9cd03dc73ee4cb1f19ca66c88de3c6b3cabb60199cbc91a1edfb951a,280,56873,stageb_s20m4_clean_scan_20260613
trace_bbq_sauce_s26_w0_10_s20d_clean_seed0_job330057,bbq_sauce,26,0,/data/liuyu/outputs/stageb_s20m4_clean_scan_20260613/trace_bbq_sauce_s26_w0_10_s20d_clean_seed0_job330057.csv,1b55fe8cdd94e9bc3dff1c77782b010391d05aa1c2683dc8501e0988e10d5ff5,280,55870,stageb_s20m4_clean_scan_20260613
trace_bbq_sauce_s27_w0_10_s20d_clean_seed0_job330058,bbq_sauce,27,0,/data/liuyu/outputs/stageb_s20m4_clean_scan_20260613/trace_bbq_sauce_s27_w0_10_s20d_clean_seed0_job330058.csv,c5fa33d2cf4655d992bd0c31dc6ac985456ec0fd430c79c12b2b2d2be8268315,131,26369,stageb_s20m4_clean_scan_20260613
trace_bbq_sauce_s28_w0_10_s20d_clean_seed0_job330059,bbq_sauce,28,0,/data/liuyu/outputs/stageb_s20m4_clean_scan_20260613/trace_bbq_sauce_s28_w0_10_s20d_clean_seed0_job330059.csv,07f46c91882faf31d2a57d28410d26f3d0f50312fdb5bf5bac8bcb2dc7f3e272,162,32720,stageb_s20m4_clean_scan_20260613
trace_bbq_sauce_s29_w0_10_s20d_clean_seed0_job330060,bbq_sauce,29,0,/data/liuyu/outputs/stageb_s20m4_clean_scan_20260613/trace_bbq_sauce_s29_w0_10_s20d_clean_seed0_job330060.csv,af59ab2727c318279d93bd1a6145bd393b00e9680dd617edf5f7fd9f94ff0cf5,185,37018,stageb_s20m4_clean_scan_20260613
trace_bbq_sauce_s30_w0_10_s20d_clean_seed0_job330061,bbq_sauce,30,0,/data/liuyu/outputs/stageb_s20m4_clean_scan_20260613/trace_bbq_sauce_s30_w0_10_s20d_clean_seed0_job330061.csv,6f0589b664edecc92422165acaf8d9fd1ba580aa04ae697d2702461f66e0b1c7,280,55979,stageb_s20m4_clean_scan_20260613
trace_bbq_sauce_s31_w0_10_s20d_clean_seed0_job330062,bbq_sauce,31,0,/data/liuyu/outputs/stageb_s20m4_clean_scan_20260613/trace_bbq_sauce_s31_w0_10_s20d_clean_seed0_job330062.csv,054ce0eacf0d74d4ca1d665b86a6f6466cfdb385e6ab225a210dc8195a7c7733,280,55566,stageb_s20m4_clean_scan_20260613
trace_bbq_sauce_s32_w0_10_s20d_clean_seed0_job330063,bbq_sauce,32,0,/data/liuyu/outputs/stageb_s20m4_clean_scan_20260613/trace_bbq_sauce_s32_w0_10_s20d_clean_seed0_job330063.csv,a5650205e41a3e50939c9b33e215d991bf3fe09fec256998032dc9267e097fc4,208,41174,stageb_s20m4_clean_scan_20260613
trace_bbq_sauce_s33_w0_10_s20d_clean_seed0_job330064,bbq_sauce,33,0,/data/liuyu/outputs/stageb_s20m4_clean_scan_20260613/trace_bbq_sauce_s33_w0_10_s20d_clean_seed0_job330064.csv,9308c7f9873a30c673f86fb96ac2801a595b867151a886f67c894ec9172b67b9,115,23131,stageb_s20m4_clean_scan_20260613
trace_bbq_sauce_s34_w0_10_s20d_clean_seed0_job330065,bbq_sauce,34,0,/data/liuyu/outputs/stageb_s20m4_clean_scan_20260613/trace_bbq_sauce_s34_w0_10_s20d_clean_seed0_job330065.csv,b89987deec027e6df45368730b5e3d15a90f8b3bf39a58632a35d1c312b3dc2e,280,56818,stageb_s20m4_clean_scan_20260613
trace_bbq_sauce_s35_w0_10_s20d_clean_seed0_job330066,bbq_sauce,35,0,/data/liuyu/outputs/stageb_s20m4_clean_scan_20260613/trace_bbq_sauce_s35_w0_10_s20d_clean_seed0_job330066.csv,259f31421df67f2dd7f5df3dd54f416df7dcb4545670c9896f0f6c71630435fe,280,54228,stageb_s20m4_clean_scan_20260613
trace_bbq_sauce_s36_w0_10_s20d_clean_seed0_job330067,bbq_sauce,36,0,/data/liuyu/outputs/stageb_s20m4_clean_scan_20260613/trace_bbq_sauce_s36_w0_10_s20d_clean_seed0_job330067.csv,d758fe3abca8470671e02a2ea0b586421c55db23da7bb2be87eaa533a590ac4f,280,56567,stageb_s20m4_clean_scan_20260613
trace_bbq_sauce_s37_w0_10_s20d_clean_seed0_job330068,bbq_sauce,37,0,/data/liuyu/outputs/stageb_s20m4_clean_scan_20260613/trace_bbq_sauce_s37_w0_10_s20d_clean_seed0_job330068.csv,54b27a6f480842f2f78345f116acf06f9ee7b42f7705d8db3ac4e485ef8b45ad,128,25858,stageb_s20m4_clean_scan_20260613
trace_bbq_sauce_s38_w0_10_s20d_clean_seed0_job330069,bbq_sauce,38,0,/data/liuyu/outputs/stageb_s20m4_clean_scan_20260613/trace_bbq_sauce_s38_w0_10_s20d_clean_seed0_job330069.csv,ede5fad8b0e5d589ad3085849335edc97936cb924faf87a6b6b4a515a983b825,280,56572,stageb_s20m4_clean_scan_20260613
trace_bbq_sauce_s39_w0_10_s20d_clean_seed0_job330070,bbq_sauce,39,0,/data/liuyu/outputs/stageb_s20m4_clean_scan_20260613/trace_bbq_sauce_s39_w0_10_s20d_clean_seed0_job330070.csv,8bc1686db607cd3b98caabbac45c0749cc7d2eaed55c2d0cf1e2a31685737db5,160,32113,stageb_s20m4_clean_scan_20260613
trace_bbq_sauce_s40_w0_10_s20d_clean_seed0_job330071,bbq_sauce,40,0,/data/liuyu/outputs/stageb_s20m4_clean_scan_20260613/trace_bbq_sauce_s40_w0_10_s20d_clean_seed0_job330071.csv,b5e467408f0934e445202674323e957fe7e3327e2fdd3c8c8b3f9c003e100073,280,56605,stageb_s20m4_clean_scan_20260613
trace_bbq_sauce_s41_w0_10_s20d_clean_seed0_job330072,bbq_sauce,41,0,/data/liuyu/outputs/stageb_s20m4_clean_scan_20260613/trace_bbq_sauce_s41_w0_10_s20d_clean_seed0_job330072.csv,1b8734e1775637ab5f713c423eee415a3ea390d2bac1e1bea8e6d2fb3cc21572,280,56344,stageb_s20m4_clean_scan_20260613
trace_bbq_sauce_s42_w0_10_s20d_clean_seed0_job330073,bbq_sauce,42,0,/data/liuyu/outputs/stageb_s20m4_clean_scan_20260613/trace_bbq_sauce_s42_w0_10_s20d_clean_seed0_job330073.csv,2a588129e8715d2b1dac6c4469abed0b02a4193d8b05bcb431d8d8627db18a6e,115,23186,stageb_s20m4_clean_scan_20260613
trace_bbq_sauce_s43_w0_10_s20d_clean_seed0_job330074,bbq_sauce,43,0,/data/liuyu/outputs/stageb_s20m4_clean_scan_20260613/trace_bbq_sauce_s43_w0_10_s20d_clean_seed0_job330074.csv,008c5be427ab01399a3fa853d7f1175560023200fc48e5771327c51a3c62c07b,108,21804,stageb_s20m4_clean_scan_20260613
trace_bbq_sauce_s44_w0_10_s20d_clean_seed0_job330075,bbq_sauce,44,0,/data/liuyu/outputs/stageb_s20m4_clean_scan_20260613/trace_bbq_sauce_s44_w0_10_s20d_clean_seed0_job330075.csv,6dc48690371844759acb6a29007dcf9d36a8e9a3c768e1a59b7d6be01a079914,250,50434,stageb_s20m4_clean_scan_20260613
trace_bbq_sauce_s45_w0_10_s20d_clean_seed0_job330076,bbq_sauce,45,0,/data/liuyu/outputs/stageb_s20m4_clean_scan_20260613/trace_bbq_sauce_s45_w0_10_s20d_clean_seed0_job330076.csv,b63942bb2e2443b0b3692d804039c054fecd8c7e6fbac5963f4f095be2eaaa87,190,38302,stageb_s20m4_clean_scan_20260613
trace_bbq_sauce_s46_w0_10_s20d_clean_seed0_job330077,bbq_sauce,46,0,/data/liuyu/outputs/stageb_s20m4_clean_scan_20260613/trace_bbq_sauce_s46_w0_10_s20d_clean_seed0_job330077.csv,ebf08593e5ac44ccf77bb2ebd0c56fb9f3f686001cddde7c3aa39068dfda126e,120,24302,stageb_s20m4_clean_scan_20260613
trace_bbq_sauce_s47_w0_10_s20d_clean_seed0_job330078,bbq_sauce,47,0,/data/liuyu/outputs/stageb_s20m4_clean_scan_20260613/trace_bbq_sauce_s47_w0_10_s20d_clean_seed0_job330078.csv,cce50d2bdcf99ad3539a5609bbab354c46a87e293f3ef01936565a7df283fb6f,280,56503,stageb_s20m4_clean_scan_20260613
trace_bbq_sauce_s48_w0_10_s20d_clean_seed0_job330079,bbq_sauce,48,0,/data/liuyu/outputs/stageb_s20m4_clean_scan_20260613/trace_bbq_sauce_s48_w0_10_s20d_clean_seed0_job330079.csv,0873791283c1d928e14a982076acf7c703a4cc581b8d1ea9b303bab96fd9139a,166,33364,stageb_s20m4_clean_scan_20260613
trace_bbq_sauce_s49_w0_10_s20d_clean_seed0_job330080,bbq_sauce,49,0,/data/liuyu/outputs/stageb_s20m4_clean_scan_20260613/trace_bbq_sauce_s49_w0_10_s20d_clean_seed0_job330080.csv,c82a7a9d7101c378baacbdc449e1ca219c4c04641ea70260093dc2e75eb43756,280,56169,stageb_s20m4_clean_scan_20260613
trace_butter_s10_w0_10_s20d_clean_seed0_job330081,butter,10,0,/data/liuyu/outputs/stageb_s20m4_clean_scan_20260613/trace_butter_s10_w0_10_s20d_clean_seed0_job330081.csv,e23f4fa139d58a3381ab91aecc498a3c9290dcd2a1fd20822f3923b8addfbae3,157,30930,stageb_s20m4_clean_scan_20260613
trace_butter_s11_w0_10_s20d_clean_seed0_job330082,butter,11,0,/data/liuyu/outputs/stageb_s20m4_clean_scan_20260613/trace_butter_s11_w0_10_s20d_clean_seed0_job330082.csv,2458d7742236942e3cd33ca1cadd210e09ec9a081511b7ddc66218f0ea3ab004,154,30412,stageb_s20m4_clean_scan_20260613
trace_butter_s12_w0_10_s20d_clean_seed0_job330083,butter,12,0,/data/liuyu/outputs/stageb_s20m4_clean_scan_20260613/trace_butter_s12_w0_10_s20d_clean_seed0_job330083.csv,a92ad9f01bba9d596966c9025fd54ab6c63686ae8e74484faf0e78fd099b8263,280,55444,stageb_s20m4_clean_scan_20260613
trace_butter_s13_w0_10_s20d_clean_seed0_job330084,butter,13,0,/data/liuyu/outputs/stageb_s20m4_clean_scan_20260613/trace_butter_s13_w0_10_s20d_clean_seed0_job330084.csv,5a5654c03ae249dc7a67cf9abe2a515841730e5eb2f98bb51cd7458088f6ffb5,280,54430,stageb_s20m4_clean_scan_20260613
trace_butter_s14_w0_10_s20d_clean_seed0_job330085,butter,14,0,/data/liuyu/outputs/stageb_s20m4_clean_scan_20260613/trace_butter_s14_w0_10_s20d_clean_seed0_job330085.csv,bb39da500a425b5e1cba6cf11dbfa6ec40ef0039fca49791da7787f2b164aecc,147,29080,stageb_s20m4_clean_scan_20260613
trace_butter_s15_w0_10_s20d_clean_seed0_job330086,butter,15,0,/data/liuyu/outputs/stageb_s20m4_clean_scan_20260613/trace_butter_s15_w0_10_s20d_clean_seed0_job330086.csv,3f9d3e445404a9f3788eacefe4618a3ce479fe4782379c9e3c202ca5a54df5a4,152,29959,stageb_s20m4_clean_scan_20260613
trace_butter_s16_w0_10_s20d_clean_seed0_job330087,butter,16,0,/data/liuyu/outputs/stageb_s20m4_clean_scan_20260613/trace_butter_s16_w0_10_s20d_clean_seed0_job330087.csv,a650475a96ad1ed47fc5fa1833a7d178e5867452c48fc720e6869c4f50349a45,280,55588,stageb_s20m4_clean_scan_20260613
trace_butter_s17_w0_10_s20d_clean_seed0_job330088,butter,17,0,/data/liuyu/outputs/stageb_s20m4_clean_scan_20260613/trace_butter_s17_w0_10_s20d_clean_seed0_job330088.csv,cd863a316748b72ccd5747dbb012d5229ae7a4d6dddad638e4fc7f7a55e38f5d,148,29451,stageb_s20m4_clean_scan_20260613
trace_butter_s18_w0_10_s20d_clean_seed0_job330089,butter,18,0,/data/liuyu/outputs/stageb_s20m4_clean_scan_20260613/trace_butter_s18_w0_10_s20d_clean_seed0_job330089.csv,6dd21ad43c08599a542bf1e26327097a1fbff043e2830074d21e2137ad8622d9,280,55735,stageb_s20m4_clean_scan_20260613
trace_butter_s19_w0_10_s20d_clean_seed0_job330090,butter,19,0,/data/liuyu/outputs/stageb_s20m4_clean_scan_20260613/trace_butter_s19_w0_10_s20d_clean_seed0_job330090.csv,e14707fe1682e78d2194d0450528f480f408f3dde6de5fab52101762fbc22bf8,226,44304,stageb_s20m4_clean_scan_20260613
trace_butter_s20_w0_10_s20d_clean_seed0_job330091,butter,20,0,/data/liuyu/outputs/stageb_s20m4_clean_scan_20260613/trace_butter_s20_w0_10_s20d_clean_seed0_job330091.csv,2da372643a8493c79a91b62698965eb76863b2a04a66b5ddf6c596bee32171d5,151,29810,stageb_s20m4_clean_scan_20260613
trace_butter_s21_w0_10_s20d_clean_seed0_job330092,butter,21,0,/data/liuyu/outputs/stageb_s20m4_clean_scan_20260613/trace_butter_s21_w0_10_s20d_clean_seed0_job330092.csv,e69acb9921fcfd44abe770e9071733e7af5dd9acd3f5c23c31d2b86928315489,174,34259,stageb_s20m4_clean_scan_20260613
trace_butter_s22_w0_10_s20d_clean_seed0_job330093,butter,22,0,/data/liuyu/outputs/stageb_s20m4_clean_scan_20260613/trace_butter_s22_w0_10_s20d_clean_seed0_job330093.csv,d098ac047bce530e4855080d7122694d5e2ba6dbcf2b1a4312f1e56b686e688f,197,38575,stageb_s20m4_clean_scan_20260613
trace_butter_s23_w0_10_s20d_clean_seed0_job330094,butter,23,0,/data/liuyu/outputs/stageb_s20m4_clean_scan_20260613/trace_butter_s23_w0_10_s20d_clean_seed0_job330094.csv,0bd960db534b19c057cc49310f03e4463ca837bec3f184bdc64451b4680d4723,153,30166,stageb_s20m4_clean_scan_20260613
trace_butter_s24_w0_10_s20d_clean_seed0_job330095,butter,24,0,/data/liuyu/outputs/stageb_s20m4_clean_scan_20260613/trace_butter_s24_w0_10_s20d_clean_seed0_job330095.csv,792cf36a7afda48da4d45166f171bda3f6203f6f72ea753c5fbc3f5167d7bf26,280,54760,stageb_s20m4_clean_scan_20260613
trace_butter_s25_w0_10_s20d_clean_seed0_job330096,butter,25,0,/data/liuyu/outputs/stageb_s20m4_clean_scan_20260613/trace_butter_s25_w0_10_s20d_clean_seed0_job330096.csv,c5a030fade94c2ecb4acdd80b17ed8b34bc0d269305ca21cc8d25527625bf265,147,29197,stageb_s20m4_clean_scan_20260613
trace_butter_s26_w0_10_s20d_clean_seed0_job330097,butter,26,0,/data/liuyu/outputs/stageb_s20m4_clean_scan_20260613/trace_butter_s26_w0_10_s20d_clean_seed0_job330097.csv,3637c5d68f0ed9fea713d696877c32bb2d0893b0cd29cdb34e6cd6db59bc45da,165,32547,stageb_s20m4_clean_scan_20260613
trace_butter_s27_w0_10_s20d_clean_seed0_job330098,butter,27,0,/data/liuyu/outputs/stageb_s20m4_clean_scan_20260613/trace_butter_s27_w0_10_s20d_clean_seed0_job330098.csv,1d0f0ee02123f050a5e9568c6778b703e138ea4a15511920049102e2390a7c82,280,55496,stageb_s20m4_clean_scan_20260613
trace_butter_s28_w0_10_s20d_clean_seed0_job330099,butter,28,0,/data/liuyu/outputs/stageb_s20m4_clean_scan_20260613/trace_butter_s28_w0_10_s20d_clean_seed0_job330099.csv,c92e3293248a8b4267879c11504e59a24e8b10649273635336e8e4abc4830965,166,32878,stageb_s20m4_clean_scan_20260613
trace_butter_s29_w0_10_s20d_clean_seed0_job330100,butter,29,0,/data/liuyu/outputs/stageb_s20m4_clean_scan_20260613/trace_butter_s29_w0_10_s20d_clean_seed0_job330100.csv,5ddb1397d940f6080dc6d147a5a081b251b7256a3b20ee17dd2a12f008ca70b8,280,55647,stageb_s20m4_clean_scan_20260613
trace_butter_s30_w0_10_s20d_clean_seed0_job330101,butter,30,0,/data/liuyu/outputs/stageb_s20m4_clean_scan_20260613/trace_butter_s30_w0_10_s20d_clean_seed0_job330101.csv,bd261c9e0d2ce4e53a2c6572993535cc5f44610b8b58ca523e885baf2c27b9fc,218,43109,stageb_s20m4_clean_scan_20260613
trace_butter_s31_w0_10_s20d_clean_seed0_job330102,butter,31,0,/data/liuyu/outputs/stageb_s20m4_clean_scan_20260613/trace_butter_s31_w0_10_s20d_clean_seed0_job330102.csv,600bcc9547a0d1adab2aaf13fa549014cf3883a988386f24bf6208ab8eb0b26a,157,30917,stageb_s20m4_clean_scan_20260613
trace_butter_s32_w0_10_s20d_clean_seed0_job330103,butter,32,0,/data/liuyu/outputs/stageb_s20m4_clean_scan_20260613/trace_butter_s32_w0_10_s20d_clean_seed0_job330103.csv,32ee5435331a4a5c58b4a10bd27dde9b9d829d3e881217cbc87bc24efe30ae8b,280,53496,stageb_s20m4_clean_scan_20260613
trace_butter_s33_w0_10_s20d_clean_seed0_job330104,butter,33,0,/data/liuyu/outputs/stageb_s20m4_clean_scan_20260613/trace_butter_s33_w0_10_s20d_clean_seed0_job330104.csv,51f0a7980d22c0090cb0e6df6c208b22a08662b81a070b64194468a5a65163bf,142,28022,stageb_s20m4_clean_scan_20260613
trace_butter_s34_w0_10_s20d_clean_seed0_job330105,butter,34,0,/data/liuyu/outputs/stageb_s20m4_clean_scan_20260613/trace_butter_s34_w0_10_s20d_clean_seed0_job330105.csv,f768d6cbff8c282d2cefab1a30ef4b97eb6c1161d09403d2823b0eb31a8b0eb9,162,31891,stageb_s20m4_clean_scan_20260613
trace_butter_s35_w0_10_s20d_clean_seed0_job330106,butter,35,0,/data/liuyu/outputs/stageb_s20m4_clean_scan_20260613/trace_butter_s35_w0_10_s20d_clean_seed0_job330106.csv,66c1dcf38d4a16ae4aed2b6756d9f4c7a052b876680771e02a2646743951ba2d,167,33011,stageb_s20m4_clean_scan_20260613
trace_butter_s36_w0_10_s20d_clean_seed0_job330107,butter,36,0,/data/liuyu/outputs/stageb_s20m4_clean_scan_20260613/trace_butter_s36_w0_10_s20d_clean_seed0_job330107.csv,9f84ffc327d2920eb2726fd9ea57b31916aceb563557cb91b97ed6ddac325328,280,55481,stageb_s20m4_clean_scan_20260613
trace_butter_s37_w0_10_s20d_clean_seed0_job330108,butter,37,0,/data/liuyu/outputs/stageb_s20m4_clean_scan_20260613/trace_butter_s37_w0_10_s20d_clean_seed0_job330108.csv,79ae6278575c8dbf6989aad35609114829ac54daa9f6ab0021665d56460c1643,172,33958,stageb_s20m4_clean_scan_20260613
trace_butter_s38_w0_10_s20d_clean_seed0_job330109,butter,38,0,/data/liuyu/outputs/stageb_s20m4_clean_scan_20260613/trace_butter_s38_w0_10_s20d_clean_seed0_job330109.csv,f54ffa4e29bebe707724463345a9578fad13511a87211656f0051c8156a074c1,280,54660,stageb_s20m4_clean_scan_20260613
trace_butter_s39_w0_10_s20d_clean_seed0_job330110,butter,39,0,/data/liuyu/outputs/stageb_s20m4_clean_scan_20260613/trace_butter_s39_w0_10_s20d_clean_seed0_job330110.csv,752699ccf65a524b2aaa37c79421b3ea1b57ac2755bfc667e2fdc4658726b3ca,163,32015,stageb_s20m4_clean_scan_20260613
trace_butter_s40_w0_10_s20d_clean_seed0_job330111,butter,40,0,/data/liuyu/outputs/stageb_s20m4_clean_scan_20260613/trace_butter_s40_w0_10_s20d_clean_seed0_job330111.csv,47c2d28a9a421991a8b9a01cee9cea06d30ad6e23b1b5ff2c7eba4e0d8437f09,143,28149,stageb_s20m4_clean_scan_20260613
trace_butter_s41_w0_10_s20d_clean_seed0_job330112,butter,41,0,/data/liuyu/outputs/stageb_s20m4_clean_scan_20260613/trace_butter_s41_w0_10_s20d_clean_seed0_job330112.csv,b9539169eab88d9e2a49670ffd8bf2b11af5ef380744b4768c8dff3f2856837c,145,28624,stageb_s20m4_clean_scan_20260613
trace_butter_s42_w0_10_s20d_clean_seed0_job330113,butter,42,0,/data/liuyu/outputs/stageb_s20m4_clean_scan_20260613/trace_butter_s42_w0_10_s20d_clean_seed0_job330113.csv,ffb2282277c2ee8ace5695eb38789d6c3343ced3f2f19b0869cc66c9dbb74724,219,43338,stageb_s20m4_clean_scan_20260613
trace_butter_s43_w0_10_s20d_clean_seed0_job330114,butter,43,0,/data/liuyu/outputs/stageb_s20m4_clean_scan_20260613/trace_butter_s43_w0_10_s20d_clean_seed0_job330114.csv,7fa4923a189501da122ebc6de77d6a05969577f67f7cde3065bd4bea9939f5b2,280,55243,stageb_s20m4_clean_scan_20260613
trace_butter_s44_w0_10_s20d_clean_seed0_job330115,butter,44,0,/data/liuyu/outputs/stageb_s20m4_clean_scan_20260613/trace_butter_s44_w0_10_s20d_clean_seed0_job330115.csv,64d850a3a2e1b700743062c879da779829dd0eccacde0ca0a642bc2a31841b5a,280,54911,stageb_s20m4_clean_scan_20260613
trace_butter_s45_w0_10_s20d_clean_seed0_job330116,butter,45,0,/data/liuyu/outputs/stageb_s20m4_clean_scan_20260613/trace_butter_s45_w0_10_s20d_clean_seed0_job330116.csv,69a9360dc7e7e241bf830965060d618f9265a480d022d936c88a73e57e9d3270,143,28393,stageb_s20m4_clean_scan_20260613
trace_butter_s46_w0_10_s20d_clean_seed0_job330117,butter,46,0,/data/liuyu/outputs/stageb_s20m4_clean_scan_20260613/trace_butter_s46_w0_10_s20d_clean_seed0_job330117.csv,589be8038b51f7ee351ef40e35181a0628c19eca4637f4d81cf84a4a3acb4f4d,148,29122,stageb_s20m4_clean_scan_20260613
trace_butter_s47_w0_10_s20d_clean_seed0_job330118,butter,47,0,/data/liuyu/outputs/stageb_s20m4_clean_scan_20260613/trace_butter_s47_w0_10_s20d_clean_seed0_job330118.csv,42b7c8b8a7da237a8320a0d5cb116b59df97809719614b343c4311ae78ff7be1,280,55286,stageb_s20m4_clean_scan_20260613
trace_butter_s48_w0_10_s20d_clean_seed0_job330119,butter,48,0,/data/liuyu/outputs/stageb_s20m4_clean_scan_20260613/trace_butter_s48_w0_10_s20d_clean_seed0_job330119.csv,450c0d60f918037d0929252f2ae73c292741553196d03c76eba2f846d0c395be,152,30162,stageb_s20m4_clean_scan_20260613
trace_butter_s49_w0_10_s20d_clean_seed0_job330120,butter,49,0,/data/liuyu/outputs/stageb_s20m4_clean_scan_20260613/trace_butter_s49_w0_10_s20d_clean_seed0_job330120.csv,458a86bbb5945492bcd7da859be966877187171dc58a9b638b5c089a624533ca,280,55057,stageb_s20m4_clean_scan_20260613
trace_chocolate_pudding_s10_w0_10_s20d_clean_seed0_job330121,chocolate_pudding,10,0,/data/liuyu/outputs/stageb_s20m4_clean_scan_20260613/trace_chocolate_pudding_s10_w0_10_s20d_clean_seed0_job330121.csv,93c2d22f87e57e31477f9ee88c12d0516bd1d97057c698c10558467eee79678e,189,40964,stageb_s20m4_clean_scan_20260613
trace_chocolate_pudding_s11_w0_10_s20d_clean_seed0_job330122,chocolate_pudding,11,0,/data/liuyu/outputs/stageb_s20m4_clean_scan_20260613/trace_chocolate_pudding_s11_w0_10_s20d_clean_seed0_job330122.csv,6e5b9521c878d75de6ee76b96fbc2f9be5e1eacdaec851d40e7a3b51411a475d,280,60620,stageb_s20m4_clean_scan_20260613
trace_chocolate_pudding_s12_w0_10_s20d_clean_seed0_job330123,chocolate_pudding,12,0,/data/liuyu/outputs/stageb_s20m4_clean_scan_20260613/trace_chocolate_pudding_s12_w0_10_s20d_clean_seed0_job330123.csv,880d052af6df64ce196e9e96904e8a5597f91dbe99119bad9497556ab5988e2e,257,55922,stageb_s20m4_clean_scan_20260613
trace_chocolate_pudding_s13_w0_10_s20d_clean_seed0_job330124,chocolate_pudding,13,0,/data/liuyu/outputs/stageb_s20m4_clean_scan_20260613/trace_chocolate_pudding_s13_w0_10_s20d_clean_seed0_job330124.csv,f983611dea9d0f4a1804d9fd2cd48f0518540abbb727f3553e82b22fcba92e1d,280,59196,stageb_s20m4_clean_scan_20260613
trace_chocolate_pudding_s14_w0_10_s20d_clean_seed0_job330125,chocolate_pudding,14,0,/data/liuyu/outputs/stageb_s20m4_clean_scan_20260613/trace_chocolate_pudding_s14_w0_10_s20d_clean_seed0_job330125.csv,2898af26dc7ace76b30cac8a77c2b945064d93b3e36054a11445db1fde754977,150,32591,stageb_s20m4_clean_scan_20260613
trace_chocolate_pudding_s15_w0_10_s20d_clean_seed0_job330126,chocolate_pudding,15,0,/data/liuyu/outputs/stageb_s20m4_clean_scan_20260613/trace_chocolate_pudding_s15_w0_10_s20d_clean_seed0_job330126.csv,de95c0cc425235c2cc14ec66bc0b787535ee364ae61981a4010f2be764d291ea,138,29885,stageb_s20m4_clean_scan_20260613
trace_chocolate_pudding_s17_w0_10_s20d_clean_seed0_job330128,chocolate_pudding,17,0,/data/liuyu/outputs/stageb_s20m4_clean_scan_20260613/trace_chocolate_pudding_s17_w0_10_s20d_clean_seed0_job330128.csv,36092f5de7c4b8ca16f40a49f694c85bfdac2d2b1f8787d822334847cf10646d,180,38903,stageb_s20m4_clean_scan_20260613
trace_chocolate_pudding_s18_w0_10_s20d_clean_seed0_job330129,chocolate_pudding,18,0,/data/liuyu/outputs/stageb_s20m4_clean_scan_20260613/trace_chocolate_pudding_s18_w0_10_s20d_clean_seed0_job330129.csv,59cd1362e8215fb3512123ee888f62af60e5c6cda5e4ed46282e9bd6ce3c6c6e,177,38310,stageb_s20m4_clean_scan_20260613
trace_chocolate_pudding_s19_w0_10_s20d_clean_seed0_job330130,chocolate_pudding,19,0,/data/liuyu/outputs/stageb_s20m4_clean_scan_20260613/trace_chocolate_pudding_s19_w0_10_s20d_clean_seed0_job330130.csv,e355f27b0089b732636fa4859f0c25d5f852859d8942b3fe3c50a7b087039eab,190,41173,stageb_s20m4_clean_scan_20260613
trace_chocolate_pudding_s20_w0_10_s20d_clean_seed0_job330131,chocolate_pudding,20,0,/data/liuyu/outputs/stageb_s20m4_clean_scan_20260613/trace_chocolate_pudding_s20_w0_10_s20d_clean_seed0_job330131.csv,d2c785e9a0b1924d4664704c064ba77c6cbbfebc4b19d403a0adc630a77bab0b,190,40869,stageb_s20m4_clean_scan_20260613
trace_chocolate_pudding_s21_w0_10_s20d_clean_seed0_job330132,chocolate_pudding,21,0,/data/liuyu/outputs/stageb_s20m4_clean_scan_20260613/trace_chocolate_pudding_s21_w0_10_s20d_clean_seed0_job330132.csv,80ed6af302f079f2051ae67ee851ef820ea6a2786c7b40d7330620ef4b0853a1,280,58085,stageb_s20m4_clean_scan_20260613
trace_chocolate_pudding_s22_w0_10_s20d_clean_seed0_job330133,chocolate_pudding,22,0,/data/liuyu/outputs/stageb_s20m4_clean_scan_20260613/trace_chocolate_pudding_s22_w0_10_s20d_clean_seed0_job330133.csv,0bc9a30a81e61dda65f9b9d7a03fe6df66e732b8ea4e1b8eb7d0197e7bd04f0d,225,49045,stageb_s20m4_clean_scan_20260613
trace_chocolate_pudding_s23_w0_10_s20d_clean_seed0_job330134,chocolate_pudding,23,0,/data/liuyu/outputs/stageb_s20m4_clean_scan_20260613/trace_chocolate_pudding_s23_w0_10_s20d_clean_seed0_job330134.csv,53848ca6cbce76e5b22683dc55c0cf947c9991302a75f412d946dfa041fbb8d6,145,31515,stageb_s20m4_clean_scan_20260613
trace_chocolate_pudding_s24_w0_10_s20d_clean_seed0_job330135,chocolate_pudding,24,0,/data/liuyu/outputs/stageb_s20m4_clean_scan_20260613/trace_chocolate_pudding_s24_w0_10_s20d_clean_seed0_job330135.csv,98a10b1930b8c44e77bd5270a0df43da2c3108499d95b361cdaa32a6f860b6d8,182,39428,stageb_s20m4_clean_scan_20260613
trace_chocolate_pudding_s25_w0_10_s20d_clean_seed0_job330136,chocolate_pudding,25,0,/data/liuyu/outputs/stageb_s20m4_clean_scan_20260613/trace_chocolate_pudding_s25_w0_10_s20d_clean_seed0_job330136.csv,df2f8d5e2d42ff5927fbb24f1a22697e52e7edc0e6db3c32a4bb09d49daa3360,171,37072,stageb_s20m4_clean_scan_20260613
trace_chocolate_pudding_s26_w0_10_s20d_clean_seed0_job330137,chocolate_pudding,26,0,/data/liuyu/outputs/stageb_s20m4_clean_scan_20260613/trace_chocolate_pudding_s26_w0_10_s20d_clean_seed0_job330137.csv,52e9505505bebb8cf97ed479d51998457758bb4da9eab7f3d1c886426179490d,207,44466,stageb_s20m4_clean_scan_20260613
trace_chocolate_pudding_s27_w0_10_s20d_clean_seed0_job330138,chocolate_pudding,27,0,/data/liuyu/outputs/stageb_s20m4_clean_scan_20260613/trace_chocolate_pudding_s27_w0_10_s20d_clean_seed0_job330138.csv,6d4547560525aebce4f4b3c65a2582b601b834e45b5417a1c831612f4e5bd2be,274,59230,stageb_s20m4_clean_scan_20260613
trace_chocolate_pudding_s28_w0_10_s20d_clean_seed0_job330139,chocolate_pudding,28,0,/data/liuyu/outputs/stageb_s20m4_clean_scan_20260613/trace_chocolate_pudding_s28_w0_10_s20d_clean_seed0_job330139.csv,4dd2c76ae4a5066732e7bd106945c70836e6c74f19063561ec2984d402de414a,155,33751,stageb_s20m4_clean_scan_20260613
trace_chocolate_pudding_s29_w0_10_s20d_clean_seed0_job330140,chocolate_pudding,29,0,/data/liuyu/outputs/stageb_s20m4_clean_scan_20260613/trace_chocolate_pudding_s29_w0_10_s20d_clean_seed0_job330140.csv,28f3865dc1059be5243bdf210762cac0b1cb514313db93bb378f1959f83fd747,280,61217,stageb_s20m4_clean_scan_20260613
trace_chocolate_pudding_s30_w0_10_s20d_clean_seed0_job330141,chocolate_pudding,30,0,/data/liuyu/outputs/stageb_s20m4_clean_scan_20260613/trace_chocolate_pudding_s30_w0_10_s20d_clean_seed0_job330141.csv,1578358d2f61849e2a0413a3f8d734b2dc9f5ae622b40c8474729063e2f76228,166,36002,stageb_s20m4_clean_scan_20260613
trace_chocolate_pudding_s31_w0_10_s20d_clean_seed0_job330142,chocolate_pudding,31,0,/data/liuyu/outputs/stageb_s20m4_clean_scan_20260613/trace_chocolate_pudding_s31_w0_10_s20d_clean_seed0_job330142.csv,1e5a66443c0a4d9cfcac2d8068324a9c3e97e60dee982cab5c983fb41880f59c,280,61135,stageb_s20m4_clean_scan_20260613
trace_chocolate_pudding_s32_w0_10_s20d_clean_seed0_job330143,chocolate_pudding,32,0,/data/liuyu/outputs/stageb_s20m4_clean_scan_20260613/trace_chocolate_pudding_s32_w0_10_s20d_clean_seed0_job330143.csv,9e6e8d7c845590ec9e362bfbfeca7b75a94d636e5205bffb7cdfdc3e802b5e63,154,33420,stageb_s20m4_clean_scan_20260613
trace_chocolate_pudding_s33_w0_10_s20d_clean_seed0_job330144,chocolate_pudding,33,0,/data/liuyu/outputs/stageb_s20m4_clean_scan_20260613/trace_chocolate_pudding_s33_w0_10_s20d_clean_seed0_job330144.csv,3c1f8005dfa2d1d7f0c3ca113579a9c560e90bdb6fbb1509ecb01f172a92b3f6,152,33009,stageb_s20m4_clean_scan_20260613
trace_chocolate_pudding_s34_w0_10_s20d_clean_seed0_job330145,chocolate_pudding,34,0,/data/liuyu/outputs/stageb_s20m4_clean_scan_20260613/trace_chocolate_pudding_s34_w0_10_s20d_clean_seed0_job330145.csv,22032177d6b6c6cea8484a3c7afa35a22483d2cb6d52af11443090128da8ac0e,139,30336,stageb_s20m4_clean_scan_20260613
trace_chocolate_pudding_s35_w0_10_s20d_clean_seed0_job330146,chocolate_pudding,35,0,/data/liuyu/outputs/stageb_s20m4_clean_scan_20260613/trace_chocolate_pudding_s35_w0_10_s20d_clean_seed0_job330146.csv,4f0709da1b4421e90f05983e753be9db284220f56267a4309105e6c50dc7a065,280,61259,stageb_s20m4_clean_scan_20260613
trace_chocolate_pudding_s36_w0_10_s20d_clean_seed0_job330147,chocolate_pudding,36,0,/data/liuyu/outputs/stageb_s20m4_clean_scan_20260613/trace_chocolate_pudding_s36_w0_10_s20d_clean_seed0_job330147.csv,7b15e7b304c98587646a341cbd7194fad9297cbd621c44968947c6412eba0122,191,41313,stageb_s20m4_clean_scan_20260613
trace_chocolate_pudding_s37_w0_10_s20d_clean_seed0_job330148,chocolate_pudding,37,0,/data/liuyu/outputs/stageb_s20m4_clean_scan_20260613/trace_chocolate_pudding_s37_w0_10_s20d_clean_seed0_job330148.csv,43ab2dcf2a877cb05538874c21b1eb7168ebf961e0db3b0d744b2c3b2da2c0af,280,59812,stageb_s20m4_clean_scan_20260613
trace_chocolate_pudding_s38_w0_10_s20d_clean_seed0_job330149,chocolate_pudding,38,0,/data/liuyu/outputs/stageb_s20m4_clean_scan_20260613/trace_chocolate_pudding_s38_w0_10_s20d_clean_seed0_job330149.csv,6de2a2b7bc2234906cd4f4d2df4442587e00902f1813540b492e36f072de8972,280,57933,stageb_s20m4_clean_scan_20260613
trace_chocolate_pudding_s39_w0_10_s20d_clean_seed0_job330150,chocolate_pudding,39,0,/data/liuyu/outputs/stageb_s20m4_clean_scan_20260613/trace_chocolate_pudding_s39_w0_10_s20d_clean_seed0_job330150.csv,af6199c869cb2f3b86bfe4c31625ef183c9e31feba56f1e2dd3e5a35211cb18a,227,48969,stageb_s20m4_clean_scan_20260613
trace_chocolate_pudding_s40_w0_10_s20d_clean_seed0_job330151,chocolate_pudding,40,0,/data/liuyu/outputs/stageb_s20m4_clean_scan_20260613/trace_chocolate_pudding_s40_w0_10_s20d_clean_seed0_job330151.csv,c591bec9fd88d3d558e931b09e66afc9774869cb9580e064345b68e529b72cb4,159,34513,stageb_s20m4_clean_scan_20260613
trace_chocolate_pudding_s41_w0_10_s20d_clean_seed0_job330152,chocolate_pudding,41,0,/data/liuyu/outputs/stageb_s20m4_clean_scan_20260613/trace_chocolate_pudding_s41_w0_10_s20d_clean_seed0_job330152.csv,a0ff31b9e07171bce37aed18c88a955dcddee5817e86c6df549101be8cd2ec52,280,58474,stageb_s20m4_clean_scan_20260613
trace_chocolate_pudding_s42_w0_10_s20d_clean_seed0_job330153,chocolate_pudding,42,0,/data/liuyu/outputs/stageb_s20m4_clean_scan_20260613/trace_chocolate_pudding_s42_w0_10_s20d_clean_seed0_job330153.csv,5b009f07300ce9da9196422dfafe6b8506ecd3043197863fafdbebca1b1935bb,243,52642,stageb_s20m4_clean_scan_20260613
trace_chocolate_pudding_s43_w0_10_s20d_clean_seed0_job330154,chocolate_pudding,43,0,/data/liuyu/outputs/stageb_s20m4_clean_scan_20260613/trace_chocolate_pudding_s43_w0_10_s20d_clean_seed0_job330154.csv,0dd734e3367faa69e5156e4986af0c5a3c5cc712ee2b75327b96152218a66d89,280,59253,stageb_s20m4_clean_scan_20260613
trace_chocolate_pudding_s44_w0_10_s20d_clean_seed0_job330155,chocolate_pudding,44,0,/data/liuyu/outputs/stageb_s20m4_clean_scan_20260613/trace_chocolate_pudding_s44_w0_10_s20d_clean_seed0_job330155.csv,644f0c8565d05e1d0f4aaad7f4851813c35686cf1629c3a4dfe02f615b60732f,226,49059,stageb_s20m4_clean_scan_20260613
trace_chocolate_pudding_s45_w0_10_s20d_clean_seed0_job330156,chocolate_pudding,45,0,/data/liuyu/outputs/stageb_s20m4_clean_scan_20260613/trace_chocolate_pudding_s45_w0_10_s20d_clean_seed0_job330156.csv,df0e666878afdd78692e3097f9c98108f79600a7a475b460440b15e285ce5fd6,280,60444,stageb_s20m4_clean_scan_20260613
trace_chocolate_pudding_s46_w0_10_s20d_clean_seed0_job330157,chocolate_pudding,46,0,/data/liuyu/outputs/stageb_s20m4_clean_scan_20260613/trace_chocolate_pudding_s46_w0_10_s20d_clean_seed0_job330157.csv,1e7f302cceea5124cf04fbce27761e5e46ae1fd6cc5bb3bc7359b174a272df6b,133,28761,stageb_s20m4_clean_scan_20260613
trace_chocolate_pudding_s47_w0_10_s20d_clean_seed0_job330158,chocolate_pudding,47,0,/data/liuyu/outputs/stageb_s20m4_clean_scan_20260613/trace_chocolate_pudding_s47_w0_10_s20d_clean_seed0_job330158.csv,b7cb9dfc0c58bcdb9ac80fecaad07b2a960c322a8df1e5ec71e6fa210058b9c7,222,48170,stageb_s20m4_clean_scan_20260613
trace_chocolate_pudding_s48_w0_10_s20d_clean_seed0_job330159,chocolate_pudding,48,0,/data/liuyu/outputs/stageb_s20m4_clean_scan_20260613/trace_chocolate_pudding_s48_w0_10_s20d_clean_seed0_job330159.csv,c259e53af62371060ee20fb78823e60d5a2e252029e79218a67128e929c97e75,280,61397,stageb_s20m4_clean_scan_20260613
trace_chocolate_pudding_s49_w0_10_s20d_clean_seed0_job330160,chocolate_pudding,49,0,/data/liuyu/outputs/stageb_s20m4_clean_scan_20260613/trace_chocolate_pudding_s49_w0_10_s20d_clean_seed0_job330160.csv,201c64ef506db41c5e3dde9245194b938b0f931e4c4d736c0de5d004cdc32c0f,280,61024,stageb_s20m4_clean_scan_20260613
trace_cream_cheese_s10_w0_10_s20d_clean_seed0_job330161,cream_cheese,10,0,/data/liuyu/outputs/stageb_s20m4_clean_scan_20260613/trace_cream_cheese_s10_w0_10_s20d_clean_seed0_job330161.csv,b64ee584da650067258bc50c7e922e61b011e8633c7327dbdcd523f5f977dce3,167,34616,stageb_s20m4_clean_scan_20260613
trace_cream_cheese_s11_w0_10_s20d_clean_seed0_job330162,cream_cheese,11,0,/data/liuyu/outputs/stageb_s20m4_clean_scan_20260613/trace_cream_cheese_s11_w0_10_s20d_clean_seed0_job330162.csv,b80a8552f828a5c09e7317cfc4df7349c7eace8745db742ddb39bf664912c768,163,33708,stageb_s20m4_clean_scan_20260613
trace_cream_cheese_s12_w0_10_s20d_clean_seed0_job330163,cream_cheese,12,0,/data/liuyu/outputs/stageb_s20m4_clean_scan_20260613/trace_cream_cheese_s12_w0_10_s20d_clean_seed0_job330163.csv,36cfd27f216a5a046d52693f6e85b8110ac29b2d32f05adee42767fe316b36d6,172,35794,stageb_s20m4_clean_scan_20260613
trace_cream_cheese_s13_w0_10_s20d_clean_seed0_job330164,cream_cheese,13,0,/data/liuyu/outputs/stageb_s20m4_clean_scan_20260613/trace_cream_cheese_s13_w0_10_s20d_clean_seed0_job330164.csv,3b5a05f484d68ff12002b7392e8fc0847e157a841be9215173ffe3441c8033c2,133,27590,stageb_s20m4_clean_scan_20260613
trace_cream_cheese_s14_w0_10_s20d_clean_seed0_job330165,cream_cheese,14,0,/data/liuyu/outputs/stageb_s20m4_clean_scan_20260613/trace_cream_cheese_s14_w0_10_s20d_clean_seed0_job330165.csv,c32dde15ab6bb3a35fbe43c4d7c65879de1b8c8afc298e6907b23955072f3157,280,58621,stageb_s20m4_clean_scan_20260613
trace_cream_cheese_s15_w0_10_s20d_clean_seed0_job330166,cream_cheese,15,0,/data/liuyu/outputs/stageb_s20m4_clean_scan_20260613/trace_cream_cheese_s15_w0_10_s20d_clean_seed0_job330166.csv,e115ef579cc9611dea70c3791ee4aaf6e205841e668cfccad0a31d28db03c0db,120,24962,stageb_s20m4_clean_scan_20260613
trace_cream_cheese_s16_w0_10_s20d_clean_seed0_job330167,cream_cheese,16,0,/data/liuyu/outputs/stageb_s20m4_clean_scan_20260613/trace_cream_cheese_s16_w0_10_s20d_clean_seed0_job330167.csv,9940b5a9111750fab43624d064344adb1fc3192eb1d273cbeb34cc4517c0583e,280,57839,stageb_s20m4_clean_scan_20260613
trace_cream_cheese_s17_w0_10_s20d_clean_seed0_job330168,cream_cheese,17,0,/data/liuyu/outputs/stageb_s20m4_clean_scan_20260613/trace_cream_cheese_s17_w0_10_s20d_clean_seed0_job330168.csv,dd54c4d78347558e9321e17571f2a6d6339bd01b0cf5222b53d00d91bad88576,124,25938,stageb_s20m4_clean_scan_20260613
trace_cream_cheese_s18_w0_10_s20d_clean_seed0_job330169,cream_cheese,18,0,/data/liuyu/outputs/stageb_s20m4_clean_scan_20260613/trace_cream_cheese_s18_w0_10_s20d_clean_seed0_job330169.csv,512d075e4816d92666781bba6325a3469a2ad9eb8256f7b4d097389b2bc999a9,150,31313,stageb_s20m4_clean_scan_20260613
trace_cream_cheese_s19_w0_10_s20d_clean_seed0_job330170,cream_cheese,19,0,/data/liuyu/outputs/stageb_s20m4_clean_scan_20260613/trace_cream_cheese_s19_w0_10_s20d_clean_seed0_job330170.csv,6757de2a70153eecb02d165f325ccadcc1ab1cb9483c391d9c7a53b847c9f7c7,120,25101,stageb_s20m4_clean_scan_20260613
trace_cream_cheese_s20_w0_10_s20d_clean_seed0_job330171,cream_cheese,20,0,/data/liuyu/outputs/stageb_s20m4_clean_scan_20260613/trace_cream_cheese_s20_w0_10_s20d_clean_seed0_job330171.csv,763f11e698ffa72b706218a419ce057a94b56b59d38f9771546ec5bb229c2e17,154,32102,stageb_s20m4_clean_scan_20260613
trace_cream_cheese_s21_w0_10_s20d_clean_seed0_job330172,cream_cheese,21,0,/data/liuyu/outputs/stageb_s20m4_clean_scan_20260613/trace_cream_cheese_s21_w0_10_s20d_clean_seed0_job330172.csv,c2748b1060c2ed832fc030a1d108155d2c6e74fb69abaa7eb2cdb2af366d7dc9,280,58222,stageb_s20m4_clean_scan_20260613
trace_cream_cheese_s22_w0_10_s20d_clean_seed0_job330173,cream_cheese,22,0,/data/liuyu/outputs/stageb_s20m4_clean_scan_20260613/trace_cream_cheese_s22_w0_10_s20d_clean_seed0_job330173.csv,15be68598d5f51bc871601ad9a2cf5fef7dd036cb555ddba7aeea63f6ea3a39c,117,24480,stageb_s20m4_clean_scan_20260613
trace_cream_cheese_s23_w0_10_s20d_clean_seed0_job330174,cream_cheese,23,0,/data/liuyu/outputs/stageb_s20m4_clean_scan_20260613/trace_cream_cheese_s23_w0_10_s20d_clean_seed0_job330174.csv,3802da06f578285240fae961bd8b77334f5ed2f55f3f566db3f0fc8353cc18ef,280,57980,stageb_s20m4_clean_scan_20260613
trace_cream_cheese_s24_w0_10_s20d_clean_seed0_job330175,cream_cheese,24,0,/data/liuyu/outputs/stageb_s20m4_clean_scan_20260613/trace_cream_cheese_s24_w0_10_s20d_clean_seed0_job330175.csv,5765bbb4600d0927d6764cd8e5ee17d17d6e79c865b1bcc8fda375e5a265ec33,141,29291,stageb_s20m4_clean_scan_20260613
trace_cream_cheese_s25_w0_10_s20d_clean_seed0_job330176,cream_cheese,25,0,/data/liuyu/outputs/stageb_s20m4_clean_scan_20260613/trace_cream_cheese_s25_w0_10_s20d_clean_seed0_job330176.csv,bbfa9f65ca1231c570b62fad604d4e90c97dbb8eccd75c177b0d7cb4deadedba,136,28338,stageb_s20m4_clean_scan_20260613
trace_cream_cheese_s26_w0_10_s20d_clean_seed0_job330177,cream_cheese,26,0,/data/liuyu/outputs/stageb_s20m4_clean_scan_20260613/trace_cream_cheese_s26_w0_10_s20d_clean_seed0_job330177.csv,41cfbadade6a4aa1f99d7ab96f88abaa71c55abab46654b88fe681859895e1b6,201,41684,stageb_s20m4_clean_scan_20260613
trace_cream_cheese_s27_w0_10_s20d_clean_seed0_job330178,cream_cheese,27,0,/data/liuyu/outputs/stageb_s20m4_clean_scan_20260613/trace_cream_cheese_s27_w0_10_s20d_clean_seed0_job330178.csv,c7452e99c00d32aa248f5d3a2390f203795ef3afab9ef719f54e6c0bd570b9a9,188,39180,stageb_s20m4_clean_scan_20260613
trace_cream_cheese_s28_w0_10_s20d_clean_seed0_job330179,cream_cheese,28,0,/data/liuyu/outputs/stageb_s20m4_clean_scan_20260613/trace_cream_cheese_s28_w0_10_s20d_clean_seed0_job330179.csv,967f7f6119a525dfab05f6c2c575c87921e71a0360badb277065670202c4b036,122,25343,stageb_s20m4_clean_scan_20260613
trace_cream_cheese_s29_w0_10_s20d_clean_seed0_job330180,cream_cheese,29,0,/data/liuyu/outputs/stageb_s20m4_clean_scan_20260613/trace_cream_cheese_s29_w0_10_s20d_clean_seed0_job330180.csv,a936a81280af4221987e5042049e4e876d358a03b68f9052ce1313b8d67b329c,213,43638,stageb_s20m4_clean_scan_20260613
trace_cream_cheese_s30_w0_10_s20d_clean_seed0_job330181,cream_cheese,30,0,/data/liuyu/outputs/stageb_s20m4_clean_scan_20260613/trace_cream_cheese_s30_w0_10_s20d_clean_seed0_job330181.csv,224ee9bdcf79bc615bdef5e8634069c19dafa9cf87df81368a09d14a9a28a7ce,126,26240,stageb_s20m4_clean_scan_20260613
trace_cream_cheese_s31_w0_10_s20d_clean_seed0_job330182,cream_cheese,31,0,/data/liuyu/outputs/stageb_s20m4_clean_scan_20260613/trace_cream_cheese_s31_w0_10_s20d_clean_seed0_job330182.csv,2bd6b7d55406409a0a6d71421c580f50fbcf2565abd48da3041eb231c82a733d,120,25092,stageb_s20m4_clean_scan_20260613
trace_cream_cheese_s32_w0_10_s20d_clean_seed0_job330183,cream_cheese,32,0,/data/liuyu/outputs/stageb_s20m4_clean_scan_20260613/trace_cream_cheese_s32_w0_10_s20d_clean_seed0_job330183.csv,ceca2e6b9758a1d88207be55ec9fa7ea2788ac5170beeeae6df361f702cfc76a,137,28503,stageb_s20m4_clean_scan_20260613
trace_cream_cheese_s33_w0_10_s20d_clean_seed0_job330184,cream_cheese,33,0,/data/liuyu/outputs/stageb_s20m4_clean_scan_20260613/trace_cream_cheese_s33_w0_10_s20d_clean_seed0_job330184.csv,6c81e2ea43e8115973ce6f41a14d551c25f3edff25d52be500a288fff10c1d2e,123,25685,stageb_s20m4_clean_scan_20260613
trace_cream_cheese_s34_w0_10_s20d_clean_seed0_job330185,cream_cheese,34,0,/data/liuyu/outputs/stageb_s20m4_clean_scan_20260613/trace_cream_cheese_s34_w0_10_s20d_clean_seed0_job330185.csv,b32d8d18b8d8c6ee03463d19e24aa1b5070665c837f188a22bf8720d42f0ebbf,191,39891,stageb_s20m4_clean_scan_20260613
trace_cream_cheese_s35_w0_10_s20d_clean_seed0_job330186,cream_cheese,35,0,/data/liuyu/outputs/stageb_s20m4_clean_scan_20260613/trace_cream_cheese_s35_w0_10_s20d_clean_seed0_job330186.csv,085b4a8744314a8c902d134ff00f80d49b70ba14bfded2c7a45991a28f467987,280,57679,stageb_s20m4_clean_scan_20260613
trace_cream_cheese_s36_w0_10_s20d_clean_seed0_job330187,cream_cheese,36,0,/data/liuyu/outputs/stageb_s20m4_clean_scan_20260613/trace_cream_cheese_s36_w0_10_s20d_clean_seed0_job330187.csv,9f3e7911f030f9f09fd16e23864fe2cfe316c90e4fbe29993f13e1e1ecf3265c,189,39061,stageb_s20m4_clean_scan_20260613
trace_cream_cheese_s37_w0_10_s20d_clean_seed0_job330188,cream_cheese,37,0,/data/liuyu/outputs/stageb_s20m4_clean_scan_20260613/trace_cream_cheese_s37_w0_10_s20d_clean_seed0_job330188.csv,a1d8c470ad9ab0b7c0aa24775d4a94ffc241167df69204aa5f66820a86f84b84,134,27929,stageb_s20m4_clean_scan_20260613
trace_cream_cheese_s38_w0_10_s20d_clean_seed0_job330189,cream_cheese,38,0,/data/liuyu/outputs/stageb_s20m4_clean_scan_20260613/trace_cream_cheese_s38_w0_10_s20d_clean_seed0_job330189.csv,ec3ea97b14b8e198b99a727ddc49d0af3d52de9842a1279e0c9ece571ac5a233,128,26445,stageb_s20m4_clean_scan_20260613
trace_cream_cheese_s39_w0_10_s20d_clean_seed0_job330190,cream_cheese,39,0,/data/liuyu/outputs/stageb_s20m4_clean_scan_20260613/trace_cream_cheese_s39_w0_10_s20d_clean_seed0_job330190.csv,fa5e51bb001c16661450034288940febd80f481577f8ea1a034101afdcdd2bf4,130,27038,stageb_s20m4_clean_scan_20260613
trace_cream_cheese_s40_w0_10_s20d_clean_seed0_job330191,cream_cheese,40,0,/data/liuyu/outputs/stageb_s20m4_clean_scan_20260613/trace_cream_cheese_s40_w0_10_s20d_clean_seed0_job330191.csv,e3cbfaced02116235e77346a8ba23285c4e9046b919fa97302d5718bcfdf847e,152,31751,stageb_s20m4_clean_scan_20260613
trace_cream_cheese_s41_w0_10_s20d_clean_seed0_job330192,cream_cheese,41,0,/data/liuyu/outputs/stageb_s20m4_clean_scan_20260613/trace_cream_cheese_s41_w0_10_s20d_clean_seed0_job330192.csv,b2f3ef0b83f4e849c817b872139564ae5c8b8abc57173b95986c00ed99a291f5,162,33313,stageb_s20m4_clean_scan_20260613
trace_cream_cheese_s42_w0_10_s20d_clean_seed0_job330193,cream_cheese,42,0,/data/liuyu/outputs/stageb_s20m4_clean_scan_20260613/trace_cream_cheese_s42_w0_10_s20d_clean_seed0_job330193.csv,d5fcc9bf8f38d294acc8d5133f1d05de820ae5febd8dc72f03df4bab729df38f,280,57072,stageb_s20m4_clean_scan_20260613
trace_cream_cheese_s43_w0_10_s20d_clean_seed0_job330194,cream_cheese,43,0,/data/liuyu/outputs/stageb_s20m4_clean_scan_20260613/trace_cream_cheese_s43_w0_10_s20d_clean_seed0_job330194.csv,cc4c1a49d6e01a1c81316af4121e010571e462fbd1d56c60f16d28d80176d5e1,280,58815,stageb_s20m4_clean_scan_20260613
trace_cream_cheese_s44_w0_10_s20d_clean_seed0_job330195,cream_cheese,44,0,/data/liuyu/outputs/stageb_s20m4_clean_scan_20260613/trace_cream_cheese_s44_w0_10_s20d_clean_seed0_job330195.csv,fc42bb35d715f75effb89bc6a2e8bfbd0ffd4f61bd170bb810f43af4948bd728,141,29233,stageb_s20m4_clean_scan_20260613
trace_cream_cheese_s45_w0_10_s20d_clean_seed0_job330196,cream_cheese,45,0,/data/liuyu/outputs/stageb_s20m4_clean_scan_20260613/trace_cream_cheese_s45_w0_10_s20d_clean_seed0_job330196.csv,aeb2548dc58c25ad55e3dcfb0e84eb38e2dd2e36e5d5a3b20f47844eb4e20999,141,29084,stageb_s20m4_clean_scan_20260613
trace_cream_cheese_s46_w0_10_s20d_clean_seed0_job330197,cream_cheese,46,0,/data/liuyu/outputs/stageb_s20m4_clean_scan_20260613/trace_cream_cheese_s46_w0_10_s20d_clean_seed0_job330197.csv,660a309018e3e19aa690180bb86d392fcd2f355f9e5c7af3638891af096cc51d,191,39813,stageb_s20m4_clean_scan_20260613
trace_cream_cheese_s47_w0_10_s20d_clean_seed0_job330198,cream_cheese,47,0,/data/liuyu/outputs/stageb_s20m4_clean_scan_20260613/trace_cream_cheese_s47_w0_10_s20d_clean_seed0_job330198.csv,a1cb9d95478ebdaf67013f0fefae08a7378f91e38d72558497b4fd2304c1655f,118,24503,stageb_s20m4_clean_scan_20260613
trace_cream_cheese_s48_w0_10_s20d_clean_seed0_job330199,cream_cheese,48,0,/data/liuyu/outputs/stageb_s20m4_clean_scan_20260613/trace_cream_cheese_s48_w0_10_s20d_clean_seed0_job330199.csv,1e5b4196facdb537e7c151c4d93d7b280d38cc63453b1b4364a1a7cbf331dd7d,280,57824,stageb_s20m4_clean_scan_20260613
trace_cream_cheese_s49_w0_10_s20d_clean_seed0_job330200,cream_cheese,49,0,/data/liuyu/outputs/stageb_s20m4_clean_scan_20260613/trace_cream_cheese_s49_w0_10_s20d_clean_seed0_job330200.csv,df1d288d3da3097c5d4e5d6cf9b11f4161116d8f05db52c7d1e400841d892011,125,26135,stageb_s20m4_clean_scan_20260613
trace_ketchup_s10_w0_10_s20d_clean_seed0_job330201,ketchup,10,0,/data/liuyu/outputs/stageb_s20m4_clean_scan_20260613/trace_ketchup_s10_w0_10_s20d_clean_seed0_job330201.csv,dc454193df26d0dfbd6c4ef78b584aed36a1d563dc073e8a31368585860bc286,164,32762,stageb_s20m4_clean_scan_20260613
trace_ketchup_s11_w0_10_s20d_clean_seed0_job330202,ketchup,11,0,/data/liuyu/outputs/stageb_s20m4_clean_scan_20260613/trace_ketchup_s11_w0_10_s20d_clean_seed0_job330202.csv,5ba4aa6b4f0669b016cce39a82a26ad1ac87199880429a49d10b5c580c58bad1,280,55539,stageb_s20m4_clean_scan_20260613
trace_ketchup_s12_w0_10_s20d_clean_seed0_job330203,ketchup,12,0,/data/liuyu/outputs/stageb_s20m4_clean_scan_20260613/trace_ketchup_s12_w0_10_s20d_clean_seed0_job330203.csv,5bc2f35f2b4d6ef779e27ad6f35b8757caabd11e2c1a7d3bd362f2555896642f,280,55412,stageb_s20m4_clean_scan_20260613
trace_ketchup_s13_w0_10_s20d_clean_seed0_job330204,ketchup,13,0,/data/liuyu/outputs/stageb_s20m4_clean_scan_20260613/trace_ketchup_s13_w0_10_s20d_clean_seed0_job330204.csv,68b4b5d81eb3dfbe6afd7d42594b5dbe49f798465088ce107c6a7aabbfee79ed,152,30330,stageb_s20m4_clean_scan_20260613
trace_ketchup_s14_w0_10_s20d_clean_seed0_job330205,ketchup,14,0,/data/liuyu/outputs/stageb_s20m4_clean_scan_20260613/trace_ketchup_s14_w0_10_s20d_clean_seed0_job330205.csv,54a7466eeae07278513fdbf27ee56c400c9663eb70c73fe97685be90a4ccc95f,280,55736,stageb_s20m4_clean_scan_20260613
trace_ketchup_s15_w0_10_s20d_clean_seed0_job330206,ketchup,15,0,/data/liuyu/outputs/stageb_s20m4_clean_scan_20260613/trace_ketchup_s15_w0_10_s20d_clean_seed0_job330206.csv,27c7892b2dbaf6ae556e0ee2ec3dfc1c9854e81c8e07d238fce00f1c49f71a10,138,27624,stageb_s20m4_clean_scan_20260613
trace_ketchup_s16_w0_10_s20d_clean_seed0_job330207,ketchup,16,0,/data/liuyu/outputs/stageb_s20m4_clean_scan_20260613/trace_ketchup_s16_w0_10_s20d_clean_seed0_job330207.csv,0842869efbb84be4ec60bf579f179f0614add259fb2bb6b3662a58ac8d05634a,141,28091,stageb_s20m4_clean_scan_20260613
trace_ketchup_s17_w0_10_s20d_clean_seed0_job330208,ketchup,17,0,/data/liuyu/outputs/stageb_s20m4_clean_scan_20260613/trace_ketchup_s17_w0_10_s20d_clean_seed0_job330208.csv,f8b837889b689fd9e51b2e6942751097f53255dc4f1ae6729e46037beb56997d,149,29664,stageb_s20m4_clean_scan_20260613
trace_ketchup_s18_w0_10_s20d_clean_seed0_job330209,ketchup,18,0,/data/liuyu/outputs/stageb_s20m4_clean_scan_20260613/trace_ketchup_s18_w0_10_s20d_clean_seed0_job330209.csv,eb763ad10b52513117bc6e2cc496f3ad5189bec207063449cbe6698cda00c70f,149,29756,stageb_s20m4_clean_scan_20260613
trace_ketchup_s19_w0_10_s20d_clean_seed0_job330210,ketchup,19,0,/data/liuyu/outputs/stageb_s20m4_clean_scan_20260613/trace_ketchup_s19_w0_10_s20d_clean_seed0_job330210.csv,567867bd7a5e65e8fb1d64af2fa7f8e2314cfdc2dfb8659f38ed66c14279e1b3,135,26922,stageb_s20m4_clean_scan_20260613
trace_ketchup_s20_w0_10_s20d_clean_seed0_job330211,ketchup,20,0,/data/liuyu/outputs/stageb_s20m4_clean_scan_20260613/trace_ketchup_s20_w0_10_s20d_clean_seed0_job330211.csv,26c6ede753572826c8901fc4d4b62d55827fb84dfde704e1e58ce9d4f13dc9a2,144,28562,stageb_s20m4_clean_scan_20260613
trace_ketchup_s21_w0_10_s20d_clean_seed0_job330212,ketchup,21,0,/data/liuyu/outputs/stageb_s20m4_clean_scan_20260613/trace_ketchup_s21_w0_10_s20d_clean_seed0_job330212.csv,c3ae4346a685aacbd9c8d2b2c1cab83f1faf4dcb1ae1a8967c1903087dfc7639,142,28315,stageb_s20m4_clean_scan_20260613
trace_ketchup_s22_w0_10_s20d_clean_seed0_job330213,ketchup,22,0,/data/liuyu/outputs/stageb_s20m4_clean_scan_20260613/trace_ketchup_s22_w0_10_s20d_clean_seed0_job330213.csv,0c343472bdc56dbf71f25a4f007619538d52105248cbcc599a12af279c6b3587,133,26578,stageb_s20m4_clean_scan_20260613
trace_ketchup_s23_w0_10_s20d_clean_seed0_job330214,ketchup,23,0,/data/liuyu/outputs/stageb_s20m4_clean_scan_20260613/trace_ketchup_s23_w0_10_s20d_clean_seed0_job330214.csv,beeefba2b4addd256e000a702108dabad551858e5b53c4bd599d71cff97865c5,146,28944,stageb_s20m4_clean_scan_20260613
trace_ketchup_s24_w0_10_s20d_clean_seed0_job330215,ketchup,24,0,/data/liuyu/outputs/stageb_s20m4_clean_scan_20260613/trace_ketchup_s24_w0_10_s20d_clean_seed0_job330215.csv,ea69ff83561cf4604be7ae6b921fcffe5111b457fe06848ce2d9479df10f0ed3,245,48562,stageb_s20m4_clean_scan_20260613
trace_ketchup_s25_w0_10_s20d_clean_seed0_job330216,ketchup,25,0,/data/liuyu/outputs/stageb_s20m4_clean_scan_20260613/trace_ketchup_s25_w0_10_s20d_clean_seed0_job330216.csv,3e5d7ffe1d1af5fb652efd19a62f7bfd633729a21af504b5a9c07fda7b8a2ea9,280,55805,stageb_s20m4_clean_scan_20260613
trace_ketchup_s26_w0_10_s20d_clean_seed0_job330217,ketchup,26,0,/data/liuyu/outputs/stageb_s20m4_clean_scan_20260613/trace_ketchup_s26_w0_10_s20d_clean_seed0_job330217.csv,4aa06aeeea7dd795ea9c86c915176f628315935d919bf4fa39be4df3bf39b2b6,142,28244,stageb_s20m4_clean_scan_20260613
trace_ketchup_s27_w0_10_s20d_clean_seed0_job330218,ketchup,27,0,/data/liuyu/outputs/stageb_s20m4_clean_scan_20260613/trace_ketchup_s27_w0_10_s20d_clean_seed0_job330218.csv,b9a3e07567dfbd61ba9476c22baf2847815a905e2b0e4a66dfcbb1f41fa38ada,139,27717,stageb_s20m4_clean_scan_20260613
trace_ketchup_s28_w0_10_s20d_clean_seed0_job330219,ketchup,28,0,/data/liuyu/outputs/stageb_s20m4_clean_scan_20260613/trace_ketchup_s28_w0_10_s20d_clean_seed0_job330219.csv,ec8ceb6dd880ed782c37b20e0b599b4fb3194a444493b3a80aaa545bd772d859,145,28847,stageb_s20m4_clean_scan_20260613
trace_ketchup_s29_w0_10_s20d_clean_seed0_job330220,ketchup,29,0,/data/liuyu/outputs/stageb_s20m4_clean_scan_20260613/trace_ketchup_s29_w0_10_s20d_clean_seed0_job330220.csv,0a7f52a8ceae472e76bcf8c6ba0460d2171d690d7a802f5a1be32cce2d585ece,280,55435,stageb_s20m4_clean_scan_20260613
trace_ketchup_s30_w0_10_s20d_clean_seed0_job330221,ketchup,30,0,/data/liuyu/outputs/stageb_s20m4_clean_scan_20260613/trace_ketchup_s30_w0_10_s20d_clean_seed0_job330221.csv,9d93e63faa1926529b71bbd47485c036b3749f7c71a581f45fbe4d2c6787dd03,138,27550,stageb_s20m4_clean_scan_20260613
trace_ketchup_s31_w0_10_s20d_clean_seed0_job330222,ketchup,31,0,/data/liuyu/outputs/stageb_s20m4_clean_scan_20260613/trace_ketchup_s31_w0_10_s20d_clean_seed0_job330222.csv,708aaf016fc52cbb009a937f0339702278e5cfaf1f22c5695b0a525c47518d33,134,26723,stageb_s20m4_clean_scan_20260613
trace_ketchup_s32_w0_10_s20d_clean_seed0_job330223,ketchup,32,0,/data/liuyu/outputs/stageb_s20m4_clean_scan_20260613/trace_ketchup_s32_w0_10_s20d_clean_seed0_job330223.csv,a507012a12c13fff07ff6d935090bbfcc4578f33211bba9dd06b5c02501f5e77,148,29370,stageb_s20m4_clean_scan_20260613
trace_ketchup_s33_w0_10_s20d_clean_seed0_job330224,ketchup,33,0,/data/liuyu/outputs/stageb_s20m4_clean_scan_20260613/trace_ketchup_s33_w0_10_s20d_clean_seed0_job330224.csv,6d17748b3e791bc769e676b7e8e3af77ec1e983038c9b49704bf9fa1a5e624f3,190,37907,stageb_s20m4_clean_scan_20260613
trace_ketchup_s34_w0_10_s20d_clean_seed0_job330225,ketchup,34,0,/data/liuyu/outputs/stageb_s20m4_clean_scan_20260613/trace_ketchup_s34_w0_10_s20d_clean_seed0_job330225.csv,6dc7f10ac881db9a345ff5c0f8bece7c7c7a79ee5014d8bf6fc6eccb1f940396,165,32894,stageb_s20m4_clean_scan_20260613
trace_ketchup_s35_w0_10_s20d_clean_seed0_job330226,ketchup,35,0,/data/liuyu/outputs/stageb_s20m4_clean_scan_20260613/trace_ketchup_s35_w0_10_s20d_clean_seed0_job330226.csv,45830559e22c9ad413fc1894a7378427fd0d8d3f13fbffa29d206b5295cd1f4e,143,28423,stageb_s20m4_clean_scan_20260613
trace_ketchup_s36_w0_10_s20d_clean_seed0_job330227,ketchup,36,0,/data/liuyu/outputs/stageb_s20m4_clean_scan_20260613/trace_ketchup_s36_w0_10_s20d_clean_seed0_job330227.csv,c796df159321c9c3f1c9c3cb2aa0a3d022ab2cdfadc9913f0089066e810b872a,134,26715,stageb_s20m4_clean_scan_20260613
trace_ketchup_s37_w0_10_s20d_clean_seed0_job330228,ketchup,37,0,/data/liuyu/outputs/stageb_s20m4_clean_scan_20260613/trace_ketchup_s37_w0_10_s20d_clean_seed0_job330228.csv,8ce9e3b83631aab0c629b1c9f73b75a1c627eedd9915f7b7e7be1bddc462da54,280,55664,stageb_s20m4_clean_scan_20260613
trace_ketchup_s38_w0_10_s20d_clean_seed0_job330229,ketchup,38,0,/data/liuyu/outputs/stageb_s20m4_clean_scan_20260613/trace_ketchup_s38_w0_10_s20d_clean_seed0_job330229.csv,1b2d407d41a41ccd267e0fd346ab95e4a5d8ee9bf1f82687e238e60dcdb5d615,143,28450,stageb_s20m4_clean_scan_20260613
trace_ketchup_s39_w0_10_s20d_clean_seed0_job330230,ketchup,39,0,/data/liuyu/outputs/stageb_s20m4_clean_scan_20260613/trace_ketchup_s39_w0_10_s20d_clean_seed0_job330230.csv,210a073979a406ee964c96b358a9debddad5a38eb7f6a422b2402305b256c39a,280,55446,stageb_s20m4_clean_scan_20260613
trace_ketchup_s40_w0_10_s20d_clean_seed0_job330231,ketchup,40,0,/data/liuyu/outputs/stageb_s20m4_clean_scan_20260613/trace_ketchup_s40_w0_10_s20d_clean_seed0_job330231.csv,4e0edd55b3ca0acc20f24f0acb8ae1945b7f0a947eb90489725860a1d6337898,125,24967,stageb_s20m4_clean_scan_20260613
trace_ketchup_s41_w0_10_s20d_clean_seed0_job330232,ketchup,41,0,/data/liuyu/outputs/stageb_s20m4_clean_scan_20260613/trace_ketchup_s41_w0_10_s20d_clean_seed0_job330232.csv,cacaf2730b098f11cb1fdcd8e930cb6073d786bf5dc87dd8036b3098c0acad84,139,27727,stageb_s20m4_clean_scan_20260613
trace_ketchup_s42_w0_10_s20d_clean_seed0_job330233,ketchup,42,0,/data/liuyu/outputs/stageb_s20m4_clean_scan_20260613/trace_ketchup_s42_w0_10_s20d_clean_seed0_job330233.csv,7a6a37bcfefe1819400fa5e7a3b628f55939d3ff650189d3c53a183ed41d17e7,146,29036,stageb_s20m4_clean_scan_20260613
trace_ketchup_s43_w0_10_s20d_clean_seed0_job330234,ketchup,43,0,/data/liuyu/outputs/stageb_s20m4_clean_scan_20260613/trace_ketchup_s43_w0_10_s20d_clean_seed0_job330234.csv,9100560860dccdf245a0f8146440e8762d8010c21a6fd4400ffddc4079c8a50d,144,28787,stageb_s20m4_clean_scan_20260613
trace_ketchup_s44_w0_10_s20d_clean_seed0_job330235,ketchup,44,0,/data/liuyu/outputs/stageb_s20m4_clean_scan_20260613/trace_ketchup_s44_w0_10_s20d_clean_seed0_job330235.csv,e145417a74a07a324fe01f000b33f282b5393498867941c67d807f29b6bc9dbf,151,30017,stageb_s20m4_clean_scan_20260613
trace_ketchup_s45_w0_10_s20d_clean_seed0_job330236,ketchup,45,0,/data/liuyu/outputs/stageb_s20m4_clean_scan_20260613/trace_ketchup_s45_w0_10_s20d_clean_seed0_job330236.csv,8428471496a77b0e59b3732939df9bbb7dfa41ca0903be2e7b28bb9ff57f9b8c,137,27262,stageb_s20m4_clean_scan_20260613
trace_ketchup_s46_w0_10_s20d_clean_seed0_job330237,ketchup,46,0,/data/liuyu/outputs/stageb_s20m4_clean_scan_20260613/trace_ketchup_s46_w0_10_s20d_clean_seed0_job330237.csv,9f8de80c0393a030d942b11d50601ecbd1979a5475cf9933a33b5dc4b4294db7,134,26767,stageb_s20m4_clean_scan_20260613
trace_ketchup_s47_w0_10_s20d_clean_seed0_job330238,ketchup,47,0,/data/liuyu/outputs/stageb_s20m4_clean_scan_20260613/trace_ketchup_s47_w0_10_s20d_clean_seed0_job330238.csv,c942ff09eab57c3f0cbc484e69b9d6fe163f146e23d650606d4bfdf628c8ddf0,156,30951,stageb_s20m4_clean_scan_20260613
trace_ketchup_s48_w0_10_s20d_clean_seed0_job330239,ketchup,48,0,/data/liuyu/outputs/stageb_s20m4_clean_scan_20260613/trace_ketchup_s48_w0_10_s20d_clean_seed0_job330239.csv,14ded54bf0c3f909b50f4964dc74b2cda3273a5dcd783380b0ab482e1e75ea39,147,29296,stageb_s20m4_clean_scan_20260613
trace_ketchup_s49_w0_10_s20d_clean_seed0_job330240,ketchup,49,0,/data/liuyu/outputs/stageb_s20m4_clean_scan_20260613/trace_ketchup_s49_w0_10_s20d_clean_seed0_job330240.csv,19290e3ec2194e8fbaca28d8961f426eaa26c90dc51ffa6e32dde1f482c0c529,146,29094,stageb_s20m4_clean_scan_20260613
trace_milk_s10_w0_10_s20d_clean_seed0_job330241,milk,10,0,/data/liuyu/outputs/stageb_s20m4_clean_scan_20260613/trace_milk_s10_w0_10_s20d_clean_seed0_job330241.csv,3e1a88c70eea017bc526625832bc1470d4694c847d7c7f4b90d00590fbf408b1,280,54122,stageb_s20m4_clean_scan_20260613
trace_milk_s11_w0_10_s20d_clean_seed0_job330242,milk,11,0,/data/liuyu/outputs/stageb_s20m4_clean_scan_20260613/trace_milk_s11_w0_10_s20d_clean_seed0_job330242.csv,0ef0dc0444db3570b408ef5074d3d13ffed613dbbb148137a7b044c9f4444c02,137,26447,stageb_s20m4_clean_scan_20260613
trace_milk_s12_w0_10_s20d_clean_seed0_job330243,milk,12,0,/data/liuyu/outputs/stageb_s20m4_clean_scan_20260613/trace_milk_s12_w0_10_s20d_clean_seed0_job330243.csv,c223658f1b867dacb7fb3581bdfe39917217f2be4c8eed752b16165d103b49e6,128,24716,stageb_s20m4_clean_scan_20260613
trace_milk_s13_w0_10_s20d_clean_seed0_job330244,milk,13,0,/data/liuyu/outputs/stageb_s20m4_clean_scan_20260613/trace_milk_s13_w0_10_s20d_clean_seed0_job330244.csv,414cd96bf02afc2d93e411c50d01516b4b8f9c854fa4117f9641af54687ab915,280,53588,stageb_s20m4_clean_scan_20260613
trace_milk_s14_w0_10_s20d_clean_seed0_job330245,milk,14,0,/data/liuyu/outputs/stageb_s20m4_clean_scan_20260613/trace_milk_s14_w0_10_s20d_clean_seed0_job330245.csv,15bde31c14b8ffa4f7bd05512d26f3c60661feb6d1bbed38c04a24da2ae696ef,280,54619,stageb_s20m4_clean_scan_20260613
trace_milk_s15_w0_10_s20d_clean_seed0_job330246,milk,15,0,/data/liuyu/outputs/stageb_s20m4_clean_scan_20260613/trace_milk_s15_w0_10_s20d_clean_seed0_job330246.csv,7ad5ef937bde76a890d2db97c60df0d103c5e4f799ebc80709732835a964b5ee,114,22084,stageb_s20m4_clean_scan_20260613
trace_milk_s16_w0_10_s20d_clean_seed0_job330247,milk,16,0,/data/liuyu/outputs/stageb_s20m4_clean_scan_20260613/trace_milk_s16_w0_10_s20d_clean_seed0_job330247.csv,33a0cd8ecff7f220762bd360ba7b04a39467c743e88fb98a4044214281bbddb4,280,54597,stageb_s20m4_clean_scan_20260613
trace_milk_s17_w0_10_s20d_clean_seed0_job330248,milk,17,0,/data/liuyu/outputs/stageb_s20m4_clean_scan_20260613/trace_milk_s17_w0_10_s20d_clean_seed0_job330248.csv,e18a628c53200f94afcff861b21718c4167a35850b0e7959e74e243ddecb897c,144,27702,stageb_s20m4_clean_scan_20260613
trace_milk_s18_w0_10_s20d_clean_seed0_job330249,milk,18,0,/data/liuyu/outputs/stageb_s20m4_clean_scan_20260613/trace_milk_s18_w0_10_s20d_clean_seed0_job330249.csv,572a49ae57659c9079b521ab1d1cdf23290f56fa70d3d97d3936f9b2d8ae8344,142,27584,stageb_s20m4_clean_scan_20260613
trace_milk_s19_w0_10_s20d_clean_seed0_job330250,milk,19,0,/data/liuyu/outputs/stageb_s20m4_clean_scan_20260613/trace_milk_s19_w0_10_s20d_clean_seed0_job330250.csv,0ed12ac3da0c06620bdd4a1a547e18bbb1721954dfbd2dafabf96377938bb89f,136,26418,stageb_s20m4_clean_scan_20260613
trace_milk_s20_w0_10_s20d_clean_seed0_job330251,milk,20,0,/data/liuyu/outputs/stageb_s20m4_clean_scan_20260613/trace_milk_s20_w0_10_s20d_clean_seed0_job330251.csv,81ca59d044d2fe1e5277504bfdaf723f082dcf33a668da3824c135d3c563cad9,120,23410,stageb_s20m4_clean_scan_20260613
trace_milk_s21_w0_10_s20d_clean_seed0_job330252,milk,21,0,/data/liuyu/outputs/stageb_s20m4_clean_scan_20260613/trace_milk_s21_w0_10_s20d_clean_seed0_job330252.csv,41909aa3a2391a68f718c8c6518ed129d72dfa91b0dc91afb8fc62efeab356d9,144,27847,stageb_s20m4_clean_scan_20260613
trace_milk_s22_w0_10_s20d_clean_seed0_job330253,milk,22,0,/data/liuyu/outputs/stageb_s20m4_clean_scan_20260613/trace_milk_s22_w0_10_s20d_clean_seed0_job330253.csv,dc31c73c49110a4050260b0f9ece31424baa1328cc91a6556be8d31f00ceb414,125,24183,stageb_s20m4_clean_scan_20260613
trace_milk_s23_w0_10_s20d_clean_seed0_job330254,milk,23,0,/data/liuyu/outputs/stageb_s20m4_clean_scan_20260613/trace_milk_s23_w0_10_s20d_clean_seed0_job330254.csv,b61176cfb16165be71a03cfd0b513fdbc42b2a319c087d60caf52904a644d6dc,217,41640,stageb_s20m4_clean_scan_20260613
trace_milk_s24_w0_10_s20d_clean_seed0_job330255,milk,24,0,/data/liuyu/outputs/stageb_s20m4_clean_scan_20260613/trace_milk_s24_w0_10_s20d_clean_seed0_job330255.csv,62a6e37afb81b90430d889e08e6105efffc6de3a0b3f3133c17b94bb1a41ebf0,280,54548,stageb_s20m4_clean_scan_20260613
trace_milk_s25_w0_10_s20d_clean_seed0_job330256,milk,25,0,/data/liuyu/outputs/stageb_s20m4_clean_scan_20260613/trace_milk_s25_w0_10_s20d_clean_seed0_job330256.csv,1e01ac8a7f45860c8005f9ec746b0e2bc57ce61b8021cdc501b3a95b78a47d74,133,25615,stageb_s20m4_clean_scan_20260613
trace_milk_s26_w0_10_s20d_clean_seed0_job330257,milk,26,0,/data/liuyu/outputs/stageb_s20m4_clean_scan_20260613/trace_milk_s26_w0_10_s20d_clean_seed0_job330257.csv,ce215ff8edfdb20172fd684d781741746941ccc3fa57dd218e6b8337b908a165,145,27978,stageb_s20m4_clean_scan_20260613
trace_milk_s27_w0_10_s20d_clean_seed0_job330258,milk,27,0,/data/liuyu/outputs/stageb_s20m4_clean_scan_20260613/trace_milk_s27_w0_10_s20d_clean_seed0_job330258.csv,803c769c59d46e252bb5275c77b598ac0964791afbc252c7299a2d6ad4fa715d,142,27363,stageb_s20m4_clean_scan_20260613
trace_milk_s28_w0_10_s20d_clean_seed0_job330259,milk,28,0,/data/liuyu/outputs/stageb_s20m4_clean_scan_20260613/trace_milk_s28_w0_10_s20d_clean_seed0_job330259.csv,ca922dd177ef7cac8e40351f699dbdef6e307c4e740166b13d97eb2271477aa2,124,24036,stageb_s20m4_clean_scan_20260613
trace_milk_s29_w0_10_s20d_clean_seed0_job330260,milk,29,0,/data/liuyu/outputs/stageb_s20m4_clean_scan_20260613/trace_milk_s29_w0_10_s20d_clean_seed0_job330260.csv,44f3e29fd159bcff09a4b2bf668f04740b8c29c9f4507d01822b91cbbdec4120,280,54524,stageb_s20m4_clean_scan_20260613
trace_milk_s30_w0_10_s20d_clean_seed0_job330261,milk,30,0,/data/liuyu/outputs/stageb_s20m4_clean_scan_20260613/trace_milk_s30_w0_10_s20d_clean_seed0_job330261.csv,6ed1e3118e38e4f1aceeac9f11bb7956753f4c44600fcc73d99aa715ec1ffd45,117,22636,stageb_s20m4_clean_scan_20260613
trace_milk_s31_w0_10_s20d_clean_seed0_job330262,milk,31,0,/data/liuyu/outputs/stageb_s20m4_clean_scan_20260613/trace_milk_s31_w0_10_s20d_clean_seed0_job330262.csv,1f70b5c6f55dcc89baef9cbdb0965d8a3b684680c7829ccaa73cd99b28660ce3,123,23837,stageb_s20m4_clean_scan_20260613
trace_milk_s32_w0_10_s20d_clean_seed0_job330263,milk,32,0,/data/liuyu/outputs/stageb_s20m4_clean_scan_20260613/trace_milk_s32_w0_10_s20d_clean_seed0_job330263.csv,674cdca496d9aca39d39bc88991494bfd5c26dd292e949546210641cf73b0f31,124,24040,stageb_s20m4_clean_scan_20260613
trace_milk_s33_w0_10_s20d_clean_seed0_job330264,milk,33,0,/data/liuyu/outputs/stageb_s20m4_clean_scan_20260613/trace_milk_s33_w0_10_s20d_clean_seed0_job330264.csv,affae1ca3570839f90aea35b8e8af3e99b0a2e45369857fc17c20746565b3040,158,30533,stageb_s20m4_clean_scan_20260613
trace_milk_s34_w0_10_s20d_clean_seed0_job330265,milk,34,0,/data/liuyu/outputs/stageb_s20m4_clean_scan_20260613/trace_milk_s34_w0_10_s20d_clean_seed0_job330265.csv,39072039dd7516c02e4592b047e3569d55bf5513fa6daf00884117cf43b0b7bf,122,23596,stageb_s20m4_clean_scan_20260613
trace_milk_s35_w0_10_s20d_clean_seed0_job330266,milk,35,0,/data/liuyu/outputs/stageb_s20m4_clean_scan_20260613/trace_milk_s35_w0_10_s20d_clean_seed0_job330266.csv,e4799a2e168bc89c3bdd7bdbd0f43db9269dce390249be4418e1b6ba00d10061,133,25636,stageb_s20m4_clean_scan_20260613
trace_milk_s36_w0_10_s20d_clean_seed0_job330267,milk,36,0,/data/liuyu/outputs/stageb_s20m4_clean_scan_20260613/trace_milk_s36_w0_10_s20d_clean_seed0_job330267.csv,51a87984fb70f7c377262d79746953c5ecabd3bd2e25e42cc6ec3cddc8a656c5,127,24755,stageb_s20m4_clean_scan_20260613
trace_milk_s37_w0_10_s20d_clean_seed0_job330268,milk,37,0,/data/liuyu/outputs/stageb_s20m4_clean_scan_20260613/trace_milk_s37_w0_10_s20d_clean_seed0_job330268.csv,3b6a90b4139b5f5a869a7388c535106cf15196af6ca1d7d693a0d45922c4c1ca,138,26667,stageb_s20m4_clean_scan_20260613
trace_milk_s38_w0_10_s20d_clean_seed0_job330269,milk,38,0,/data/liuyu/outputs/stageb_s20m4_clean_scan_20260613/trace_milk_s38_w0_10_s20d_clean_seed0_job330269.csv,39352e608d6e1c834d06ae1f23a258ba842dffabe4158d039db07207bd4d41e9,134,26002,stageb_s20m4_clean_scan_20260613
trace_milk_s39_w0_10_s20d_clean_seed0_job330270,milk,39,0,/data/liuyu/outputs/stageb_s20m4_clean_scan_20260613/trace_milk_s39_w0_10_s20d_clean_seed0_job330270.csv,e56f812bb9c95864403d7520e10eafa037df9fc81254d198133d074aa1b9dfab,137,26504,stageb_s20m4_clean_scan_20260613
trace_milk_s40_w0_10_s20d_clean_seed0_job330271,milk,40,0,/data/liuyu/outputs/stageb_s20m4_clean_scan_20260613/trace_milk_s40_w0_10_s20d_clean_seed0_job330271.csv,2f629edfb4a99ed775836426e9fa7a44ab5f47b3ec4505e8a0ce9a64561a9f94,122,23694,stageb_s20m4_clean_scan_20260613
trace_milk_s41_w0_10_s20d_clean_seed0_job330272,milk,41,0,/data/liuyu/outputs/stageb_s20m4_clean_scan_20260613/trace_milk_s41_w0_10_s20d_clean_seed0_job330272.csv,1136468ca9fa99f3aac3a4466dbf9a6ec4d1f231d46f402bad69a93230e25db0,130,25197,stageb_s20m4_clean_scan_20260613
trace_milk_s42_w0_10_s20d_clean_seed0_job330273,milk,42,0,/data/liuyu/outputs/stageb_s20m4_clean_scan_20260613/trace_milk_s42_w0_10_s20d_clean_seed0_job330273.csv,a259ddc8ff91879c6b71c74fb160c390b5af180e23e95e48a522edd279c0b269,150,28931,stageb_s20m4_clean_scan_20260613
trace_milk_s43_w0_10_s20d_clean_seed0_job330274,milk,43,0,/data/liuyu/outputs/stageb_s20m4_clean_scan_20260613/trace_milk_s43_w0_10_s20d_clean_seed0_job330274.csv,7339eeada532c275dbe5f59561a82a1acd07d81f8670e4bef7d95f1b76a32b22,120,23266,stageb_s20m4_clean_scan_20260613
trace_milk_s44_w0_10_s20d_clean_seed0_job330275,milk,44,0,/data/liuyu/outputs/stageb_s20m4_clean_scan_20260613/trace_milk_s44_w0_10_s20d_clean_seed0_job330275.csv,b3a4cdae8a05c5289b90640b48c93180f9791adb063e64a3bfa58330f2def497,280,54285,stageb_s20m4_clean_scan_20260613
trace_milk_s45_w0_10_s20d_clean_seed0_job330276,milk,45,0,/data/liuyu/outputs/stageb_s20m4_clean_scan_20260613/trace_milk_s45_w0_10_s20d_clean_seed0_job330276.csv,bd8b43e55b31476fb79db49e588a34b4a81a6f521fc79abe58cfe4045bf24e90,141,27238,stageb_s20m4_clean_scan_20260613
trace_milk_s46_w0_10_s20d_clean_seed0_job330277,milk,46,0,/data/liuyu/outputs/stageb_s20m4_clean_scan_20260613/trace_milk_s46_w0_10_s20d_clean_seed0_job330277.csv,2858c09d4ccd3698a4597af82277f5dfcd00926d42a5d8a44a3f8f64c149b979,129,24981,stageb_s20m4_clean_scan_20260613
trace_milk_s48_w0_10_s20d_clean_seed0_job330279,milk,48,0,/data/liuyu/outputs/stageb_s20m4_clean_scan_20260613/trace_milk_s48_w0_10_s20d_clean_seed0_job330279.csv,973b19e8148953c816620c5c9a9c2d132619fe1824ef5ca61c7e5042abbbb3a8,203,39483,stageb_s20m4_clean_scan_20260613
trace_milk_s49_w0_10_s20d_clean_seed0_job330280,milk,49,0,/data/liuyu/outputs/stageb_s20m4_clean_scan_20260613/trace_milk_s49_w0_10_s20d_clean_seed0_job330280.csv,f97b6f5f42841896bc72ab4f596d2f3c9098b0f1f094e54854e37e9d58286a80,142,27305,stageb_s20m4_clean_scan_20260613
trace_orange_juice_s10_w0_10_s20d_clean_seed0_job330281,orange_juice,10,0,/data/liuyu/outputs/stageb_s20m4_clean_scan_20260613/trace_orange_juice_s10_w0_10_s20d_clean_seed0_job330281.csv,352ba6b0be284c2350c4c98a246058569c2acbe6de6c4a1e9a286c4443da2a12,280,55162,stageb_s20m4_clean_scan_20260613
trace_orange_juice_s11_w0_10_s20d_clean_seed0_job330282,orange_juice,11,0,/data/liuyu/outputs/stageb_s20m4_clean_scan_20260613/trace_orange_juice_s11_w0_10_s20d_clean_seed0_job330282.csv,58d183adce2be30d573940d062c5d3e6809898dde2252db0df3b59c7831963d6,169,34681,stageb_s20m4_clean_scan_20260613
trace_orange_juice_s12_w0_10_s20d_clean_seed0_job330283,orange_juice,12,0,/data/liuyu/outputs/stageb_s20m4_clean_scan_20260613/trace_orange_juice_s12_w0_10_s20d_clean_seed0_job330283.csv,8ec0ca54667bfd0b7214432a4c13b3da9e2210dac2b18ddd71fae62685973872,137,28309,stageb_s20m4_clean_scan_20260613
trace_orange_juice_s13_w0_10_s20d_clean_seed0_job330284,orange_juice,13,0,/data/liuyu/outputs/stageb_s20m4_clean_scan_20260613/trace_orange_juice_s13_w0_10_s20d_clean_seed0_job330284.csv,47e977327b78423626c83f4820368c35d9ea179727ec00e406df8ee9aacc4670,139,28642,stageb_s20m4_clean_scan_20260613
trace_orange_juice_s14_w0_10_s20d_clean_seed0_job330285,orange_juice,14,0,/data/liuyu/outputs/stageb_s20m4_clean_scan_20260613/trace_orange_juice_s14_w0_10_s20d_clean_seed0_job330285.csv,5da515919a38590cf551377b64f09ba4539dcec876596c8d3587ab2dd50e29f6,135,27808,stageb_s20m4_clean_scan_20260613
trace_orange_juice_s15_w0_10_s20d_clean_seed0_job330286,orange_juice,15,0,/data/liuyu/outputs/stageb_s20m4_clean_scan_20260613/trace_orange_juice_s15_w0_10_s20d_clean_seed0_job330286.csv,a31719a69738c8c9ef11a284c9a24dfeedff175d5a9b9ae6ff599e61617100be,121,25181,stageb_s20m4_clean_scan_20260613
trace_orange_juice_s16_w0_10_s20d_clean_seed0_job330287,orange_juice,16,0,/data/liuyu/outputs/stageb_s20m4_clean_scan_20260613/trace_orange_juice_s16_w0_10_s20d_clean_seed0_job330287.csv,fd4858d9cb899c22ce77bc90818a44b33ce56ab297ec748f48e860356102e219,123,25263,stageb_s20m4_clean_scan_20260613
trace_orange_juice_s17_w0_10_s20d_clean_seed0_job330288,orange_juice,17,0,/data/liuyu/outputs/stageb_s20m4_clean_scan_20260613/trace_orange_juice_s17_w0_10_s20d_clean_seed0_job330288.csv,a07df426b90ea129500e13cdd3c3a4ea142660db678d9c4b866b9fe7b485cd78,280,55429,stageb_s20m4_clean_scan_20260613
trace_orange_juice_s18_w0_10_s20d_clean_seed0_job330289,orange_juice,18,0,/data/liuyu/outputs/stageb_s20m4_clean_scan_20260613/trace_orange_juice_s18_w0_10_s20d_clean_seed0_job330289.csv,0fce54c1389d2ddc8aeae892448f9d9520354e04b3cde58fb7f2448dc6b83790,280,54903,stageb_s20m4_clean_scan_20260613
trace_orange_juice_s19_w0_10_s20d_clean_seed0_job330290,orange_juice,19,0,/data/liuyu/outputs/stageb_s20m4_clean_scan_20260613/trace_orange_juice_s19_w0_10_s20d_clean_seed0_job330290.csv,89f44df5621c64679c3a92f9174d8e74d009ea8df4e6753e73b3a5c84a385116,170,34640,stageb_s20m4_clean_scan_20260613
trace_orange_juice_s20_w0_10_s20d_clean_seed0_job330291,orange_juice,20,0,/data/liuyu/outputs/stageb_s20m4_clean_scan_20260613/trace_orange_juice_s20_w0_10_s20d_clean_seed0_job330291.csv,97d2f30b0976da3541aa3e39a0c67731235a77c7078e0bd232e9378c997ca840,280,56177,stageb_s20m4_clean_scan_20260613
trace_orange_juice_s21_w0_10_s20d_clean_seed0_job330292,orange_juice,21,0,/data/liuyu/outputs/stageb_s20m4_clean_scan_20260613/trace_orange_juice_s21_w0_10_s20d_clean_seed0_job330292.csv,63b222994a222fd7c972cbc865399f3e702e305562854b0e3bb143199cad8ef5,111,22872,stageb_s20m4_clean_scan_20260613
trace_orange_juice_s22_w0_10_s20d_clean_seed0_job330293,orange_juice,22,0,/data/liuyu/outputs/stageb_s20m4_clean_scan_20260613/trace_orange_juice_s22_w0_10_s20d_clean_seed0_job330293.csv,4216b57ee9200d5d81f53ba6ac1421aefa61308f65d26af1a298b0163a8d4777,214,43724,stageb_s20m4_clean_scan_20260613
trace_orange_juice_s23_w0_10_s20d_clean_seed0_job330294,orange_juice,23,0,/data/liuyu/outputs/stageb_s20m4_clean_scan_20260613/trace_orange_juice_s23_w0_10_s20d_clean_seed0_job330294.csv,69559e604c54a159d1d966e14c6decba44ada5f9e169f1c1afb3901d76c5d382,163,33091,stageb_s20m4_clean_scan_20260613
trace_orange_juice_s24_w0_10_s20d_clean_seed0_job330295,orange_juice,24,0,/data/liuyu/outputs/stageb_s20m4_clean_scan_20260613/trace_orange_juice_s24_w0_10_s20d_clean_seed0_job330295.csv,3cc1cd4e91bc73bda490d0c4c1e751a0f3b26817879d6f6ea2e76cd357ae2def,119,24523,stageb_s20m4_clean_scan_20260613
trace_orange_juice_s25_w0_10_s20d_clean_seed0_job330296,orange_juice,25,0,/data/liuyu/outputs/stageb_s20m4_clean_scan_20260613/trace_orange_juice_s25_w0_10_s20d_clean_seed0_job330296.csv,c268966046f2edb2707a8fa06da7b8d88415b9953b4c668e09eab51de77d2b7b,280,56356,stageb_s20m4_clean_scan_20260613
trace_orange_juice_s26_w0_10_s20d_clean_seed0_job330297,orange_juice,26,0,/data/liuyu/outputs/stageb_s20m4_clean_scan_20260613/trace_orange_juice_s26_w0_10_s20d_clean_seed0_job330297.csv,f3246ef6ebc7d66c16a8d95f1fef58ec07579044eb49bc84627ffdc3f4bc482d,125,25647,stageb_s20m4_clean_scan_20260613
trace_orange_juice_s27_w0_10_s20d_clean_seed0_job330298,orange_juice,27,0,/data/liuyu/outputs/stageb_s20m4_clean_scan_20260613/trace_orange_juice_s27_w0_10_s20d_clean_seed0_job330298.csv,c28a9a8c2f7eaec9d46afcf04cd9736423bd3284135803f6afb9df7ec1e52319,280,58063,stageb_s20m4_clean_scan_20260613
trace_orange_juice_s28_w0_10_s20d_clean_seed0_job330299,orange_juice,28,0,/data/liuyu/outputs/stageb_s20m4_clean_scan_20260613/trace_orange_juice_s28_w0_10_s20d_clean_seed0_job330299.csv,dee6e75ed01fbbbc6bb7b873bd4f5fc32c265517f4cb5401a10ea9108ec6a660,119,24530,stageb_s20m4_clean_scan_20260613
trace_orange_juice_s29_w0_10_s20d_clean_seed0_job330300,orange_juice,29,0,/data/liuyu/outputs/stageb_s20m4_clean_scan_20260613/trace_orange_juice_s29_w0_10_s20d_clean_seed0_job330300.csv,7ec56ee4fa193b5133f27d94d2a651767d3ba2d8a7589dda100ca9b0c6202bdc,134,27328,stageb_s20m4_clean_scan_20260613
trace_orange_juice_s30_w0_10_s20d_clean_seed0_job330301,orange_juice,30,0,/data/liuyu/outputs/stageb_s20m4_clean_scan_20260613/trace_orange_juice_s30_w0_10_s20d_clean_seed0_job330301.csv,899a5f6396c58c573fbc94ac2e80fedafd5d048aea37310d9a56406fa9e3fee6,142,29229,stageb_s20m4_clean_scan_20260613
trace_orange_juice_s31_w0_10_s20d_clean_seed0_job330302,orange_juice,31,0,/data/liuyu/outputs/stageb_s20m4_clean_scan_20260613/trace_orange_juice_s31_w0_10_s20d_clean_seed0_job330302.csv,56477d73a6322c4d7d007cf42fc3d9f33566b40b7ebc3be8f70a6ef941afe405,165,33746,stageb_s20m4_clean_scan_20260613
trace_orange_juice_s32_w0_10_s20d_clean_seed0_job330303,orange_juice,32,0,/data/liuyu/outputs/stageb_s20m4_clean_scan_20260613/trace_orange_juice_s32_w0_10_s20d_clean_seed0_job330303.csv,c205c5dd822fac911045a16354dcc5d702783ef579ca0889dc1fa5638f4fa8e8,228,46255,stageb_s20m4_clean_scan_20260613
trace_orange_juice_s34_w0_10_s20d_clean_seed0_job330305,orange_juice,34,0,/data/liuyu/outputs/stageb_s20m4_clean_scan_20260613/trace_orange_juice_s34_w0_10_s20d_clean_seed0_job330305.csv,24916e03e8ea78cbe994494afaa4bb03dc1d0f1ec1353d24e1777af4ccd27f3f,125,25690,stageb_s20m4_clean_scan_20260613
trace_orange_juice_s35_w0_10_s20d_clean_seed0_job330306,orange_juice,35,0,/data/liuyu/outputs/stageb_s20m4_clean_scan_20260613/trace_orange_juice_s35_w0_10_s20d_clean_seed0_job330306.csv,1d6e7768c2ae0c7c7f9507b21cc2dd1cd28449fc611754c91f12c5e89fd01226,116,23726,stageb_s20m4_clean_scan_20260613
trace_orange_juice_s36_w0_10_s20d_clean_seed0_job330307,orange_juice,36,0,/data/liuyu/outputs/stageb_s20m4_clean_scan_20260613/trace_orange_juice_s36_w0_10_s20d_clean_seed0_job330307.csv,dbe43ea613e0453992eabd03ea15b6793a9b85af07f4301d1cbd2c669de604a5,120,24606,stageb_s20m4_clean_scan_20260613
trace_orange_juice_s37_w0_10_s20d_clean_seed0_job330308,orange_juice,37,0,/data/liuyu/outputs/stageb_s20m4_clean_scan_20260613/trace_orange_juice_s37_w0_10_s20d_clean_seed0_job330308.csv,dd41f31c70072f2635b20df3d79cfd7554d1afbd4990688a354ebd3ba507b6bf,213,43998,stageb_s20m4_clean_scan_20260613
trace_orange_juice_s38_w0_10_s20d_clean_seed0_job330309,orange_juice,38,0,/data/liuyu/outputs/stageb_s20m4_clean_scan_20260613/trace_orange_juice_s38_w0_10_s20d_clean_seed0_job330309.csv,f1eccd5be8fefe072a3990c1359f2dd084e7e970e8409097c19bc0aa58ac115d,280,57922,stageb_s20m4_clean_scan_20260613
trace_orange_juice_s39_w0_10_s20d_clean_seed0_job330310,orange_juice,39,0,/data/liuyu/outputs/stageb_s20m4_clean_scan_20260613/trace_orange_juice_s39_w0_10_s20d_clean_seed0_job330310.csv,e41bab5889875037bc8d6a2045d71129738c99caaf02f97ec2b5cc4199572ddb,112,23173,stageb_s20m4_clean_scan_20260613
trace_orange_juice_s40_w0_10_s20d_clean_seed0_job330311,orange_juice,40,0,/data/liuyu/outputs/stageb_s20m4_clean_scan_20260613/trace_orange_juice_s40_w0_10_s20d_clean_seed0_job330311.csv,4ba75e736a7057964be2e808550ced6aa899d419f4eb10c83c8e8034a4e3abb2,228,46699,stageb_s20m4_clean_scan_20260613
trace_orange_juice_s41_w0_10_s20d_clean_seed0_job330312,orange_juice,41,0,/data/liuyu/outputs/stageb_s20m4_clean_scan_20260613/trace_orange_juice_s41_w0_10_s20d_clean_seed0_job330312.csv,2965189b72314c358bb2df6f45e16daf2d3e5704db0068720b5c4f34da89e1d7,140,28822,stageb_s20m4_clean_scan_20260613
trace_orange_juice_s42_w0_10_s20d_clean_seed0_job330313,orange_juice,42,0,/data/liuyu/outputs/stageb_s20m4_clean_scan_20260613/trace_orange_juice_s42_w0_10_s20d_clean_seed0_job330313.csv,ab933baf56eff1251dea3c735da237bc8f2c97993d04bcdd75c75e3a7f75de93,280,55328,stageb_s20m4_clean_scan_20260613
trace_orange_juice_s43_w0_10_s20d_clean_seed0_job330314,orange_juice,43,0,/data/liuyu/outputs/stageb_s20m4_clean_scan_20260613/trace_orange_juice_s43_w0_10_s20d_clean_seed0_job330314.csv,57dd7d5745a00f957092e7a88491292143db024f97b2867cc02710f9a11889ac,147,30236,stageb_s20m4_clean_scan_20260613
trace_orange_juice_s44_w0_10_s20d_clean_seed0_job330315,orange_juice,44,0,/data/liuyu/outputs/stageb_s20m4_clean_scan_20260613/trace_orange_juice_s44_w0_10_s20d_clean_seed0_job330315.csv,35fb28aed0c83d7493b3786a6242a0e6432c2df8ac1510a475c66d2b7f51a977,124,25308,stageb_s20m4_clean_scan_20260613
trace_orange_juice_s45_w0_10_s20d_clean_seed0_job330316,orange_juice,45,0,/data/liuyu/outputs/stageb_s20m4_clean_scan_20260613/trace_orange_juice_s45_w0_10_s20d_clean_seed0_job330316.csv,17d59781b32bc0305027db29ef41a1cf5b6a60e92ccc724435ac2a82cd327237,109,22652,stageb_s20m4_clean_scan_20260613
trace_orange_juice_s46_w0_10_s20d_clean_seed0_job330317,orange_juice,46,0,/data/liuyu/outputs/stageb_s20m4_clean_scan_20260613/trace_orange_juice_s46_w0_10_s20d_clean_seed0_job330317.csv,aadbd1a2d269e56b4db3d04db1653f96189a2253ae4258fa45cff1d957c0a550,136,28164,stageb_s20m4_clean_scan_20260613
trace_orange_juice_s47_w0_10_s20d_clean_seed0_job330318,orange_juice,47,0,/data/liuyu/outputs/stageb_s20m4_clean_scan_20260613/trace_orange_juice_s47_w0_10_s20d_clean_seed0_job330318.csv,6f734302ab6a83e630eb8a2741dba31f33fde4632edc12601548474085ecbd17,132,27010,stageb_s20m4_clean_scan_20260613
trace_orange_juice_s48_w0_10_s20d_clean_seed0_job330319,orange_juice,48,0,/data/liuyu/outputs/stageb_s20m4_clean_scan_20260613/trace_orange_juice_s48_w0_10_s20d_clean_seed0_job330319.csv,9169c3d36856708fe2f94b932ee5821615428ecb551d88004e24588005e806e6,144,29665,stageb_s20m4_clean_scan_20260613
trace_orange_juice_s49_w0_10_s20d_clean_seed0_job330320,orange_juice,49,0,/data/liuyu/outputs/stageb_s20m4_clean_scan_20260613/trace_orange_juice_s49_w0_10_s20d_clean_seed0_job330320.csv,fd32c1ccf5f9cfdf61e4e11ce2f158ffdc0a2623ebcd1f1235b7de3f1345b757,143,29262,stageb_s20m4_clean_scan_20260613
trace_salad_dressing_s10_w0_10_s20d_clean_seed0_job330321,salad_dressing,10,0,/data/liuyu/outputs/stageb_s20m4_clean_scan_20260613/trace_salad_dressing_s10_w0_10_s20d_clean_seed0_job330321.csv,8c28a5453bb8ea888d84b34c2411dcf0be4f0c80a987362eea1c1b8829ebeb36,120,25323,stageb_s20m4_clean_scan_20260613
trace_salad_dressing_s11_w0_10_s20d_clean_seed0_job330322,salad_dressing,11,0,/data/liuyu/outputs/stageb_s20m4_clean_scan_20260613/trace_salad_dressing_s11_w0_10_s20d_clean_seed0_job330322.csv,89dd120f7375adb746f004bc2a88083a1f410e9032262a2fdb0ecaa82887d564,136,28827,stageb_s20m4_clean_scan_20260613
trace_salad_dressing_s12_w0_10_s20d_clean_seed0_job330323,salad_dressing,12,0,/data/liuyu/outputs/stageb_s20m4_clean_scan_20260613/trace_salad_dressing_s12_w0_10_s20d_clean_seed0_job330323.csv,53173a3104b36c03fa7ab7dcf7b43099710fb8d82bf1cd4375fa0a764ad71e5e,132,27855,stageb_s20m4_clean_scan_20260613
trace_salad_dressing_s13_w0_10_s20d_clean_seed0_job330324,salad_dressing,13,0,/data/liuyu/outputs/stageb_s20m4_clean_scan_20260613/trace_salad_dressing_s13_w0_10_s20d_clean_seed0_job330324.csv,3f358dfde4b23c79cba8f3193e12b9d8d131f096c5739d92df22169833f5f3ca,116,24554,stageb_s20m4_clean_scan_20260613
trace_salad_dressing_s14_w0_10_s20d_clean_seed0_job330325,salad_dressing,14,0,/data/liuyu/outputs/stageb_s20m4_clean_scan_20260613/trace_salad_dressing_s14_w0_10_s20d_clean_seed0_job330325.csv,48285b2ef1a492497141124a6296ead7f7ea0d10dca8678808c0d12f29a5559f,134,28206,stageb_s20m4_clean_scan_20260613
trace_salad_dressing_s15_w0_10_s20d_clean_seed0_job330326,salad_dressing,15,0,/data/liuyu/outputs/stageb_s20m4_clean_scan_20260613/trace_salad_dressing_s15_w0_10_s20d_clean_seed0_job330326.csv,b80e05c4095e6b394c1d435e5103f4e4a05b33063fd520666266a103d2d2cf9a,127,26853,stageb_s20m4_clean_scan_20260613
trace_salad_dressing_s16_w0_10_s20d_clean_seed0_job330327,salad_dressing,16,0,/data/liuyu/outputs/stageb_s20m4_clean_scan_20260613/trace_salad_dressing_s16_w0_10_s20d_clean_seed0_job330327.csv,8882b1c101fc027196887efa931cdddc5bc8d04c7d88d348df1d62a790b9041f,116,24695,stageb_s20m4_clean_scan_20260613
trace_salad_dressing_s17_w0_10_s20d_clean_seed0_job330328,salad_dressing,17,0,/data/liuyu/outputs/stageb_s20m4_clean_scan_20260613/trace_salad_dressing_s17_w0_10_s20d_clean_seed0_job330328.csv,cb77168dfd554dba4459713d96515946d5cbdc229a15936614e62f174f9606be,116,24500,stageb_s20m4_clean_scan_20260613
trace_salad_dressing_s18_w0_10_s20d_clean_seed0_job330329,salad_dressing,18,0,/data/liuyu/outputs/stageb_s20m4_clean_scan_20260613/trace_salad_dressing_s18_w0_10_s20d_clean_seed0_job330329.csv,97c0b6fed0f73bc3ba5f6a184af509e811595c0925a6fa453323e1bf3052e02e,280,59066,stageb_s20m4_clean_scan_20260613
trace_salad_dressing_s19_w0_10_s20d_clean_seed0_job330330,salad_dressing,19,0,/data/liuyu/outputs/stageb_s20m4_clean_scan_20260613/trace_salad_dressing_s19_w0_10_s20d_clean_seed0_job330330.csv,3267bc20192cbcec0cc1875aa0f3ae221d913404c1816e76c655b7f7bb06e074,124,26357,stageb_s20m4_clean_scan_20260613
trace_salad_dressing_s21_w0_10_s20d_clean_seed0_job330332,salad_dressing,21,0,/data/liuyu/outputs/stageb_s20m4_clean_scan_20260613/trace_salad_dressing_s21_w0_10_s20d_clean_seed0_job330332.csv,0342ee6864ab21544aa5f9be5308895f68d054eb650144153e29938418ef737f,280,59397,stageb_s20m4_clean_scan_20260613
trace_salad_dressing_s23_w0_10_s20d_clean_seed0_job330334,salad_dressing,23,0,/data/liuyu/outputs/stageb_s20m4_clean_scan_20260613/trace_salad_dressing_s23_w0_10_s20d_clean_seed0_job330334.csv,a5b7b4a8a268e7e0cb9b02d2c5e1b11a4d9e2ab8c250003e2b8825f92d6be3bf,151,31777,stageb_s20m4_clean_scan_20260613
trace_salad_dressing_s24_w0_10_s20d_clean_seed0_job330335,salad_dressing,24,0,/data/liuyu/outputs/stageb_s20m4_clean_scan_20260613/trace_salad_dressing_s24_w0_10_s20d_clean_seed0_job330335.csv,66cf13d27b82415b3e50a738188c0afc486536b3d8216333ad8af5e97836029f,233,49366,stageb_s20m4_clean_scan_20260613
trace_salad_dressing_s25_w0_10_s20d_clean_seed0_job330336,salad_dressing,25,0,/data/liuyu/outputs/stageb_s20m4_clean_scan_20260613/trace_salad_dressing_s25_w0_10_s20d_clean_seed0_job330336.csv,b51649d970eb41dfa28318c6843514549d46bab23691a889f5cdd15f0db0131b,121,25700,stageb_s20m4_clean_scan_20260613
trace_salad_dressing_s26_w0_10_s20d_clean_seed0_job330337,salad_dressing,26,0,/data/liuyu/outputs/stageb_s20m4_clean_scan_20260613/trace_salad_dressing_s26_w0_10_s20d_clean_seed0_job330337.csv,a630a0e7dae0cc3554a08e144344c4c2473d7342ee87cdeebaa24ba276d541dd,118,25066,stageb_s20m4_clean_scan_20260613
trace_salad_dressing_s27_w0_10_s20d_clean_seed0_job330338,salad_dressing,27,0,/data/liuyu/outputs/stageb_s20m4_clean_scan_20260613/trace_salad_dressing_s27_w0_10_s20d_clean_seed0_job330338.csv,623c93ca861bac73316fb804c649d6f552fef6bb71efd6e2852e0a3b4004f305,280,58491,stageb_s20m4_clean_scan_20260613
trace_salad_dressing_s28_w0_10_s20d_clean_seed0_job330339,salad_dressing,28,0,/data/liuyu/outputs/stageb_s20m4_clean_scan_20260613/trace_salad_dressing_s28_w0_10_s20d_clean_seed0_job330339.csv,fb30dc0f78a9bc46b95c46abfab33acff1dbec5b2b1822b41814cc8a21486cca,280,59263,stageb_s20m4_clean_scan_20260613
trace_salad_dressing_s29_w0_10_s20d_clean_seed0_job330340,salad_dressing,29,0,/data/liuyu/outputs/stageb_s20m4_clean_scan_20260613/trace_salad_dressing_s29_w0_10_s20d_clean_seed0_job330340.csv,a2ab7485211902902a6345cd45b36532ca0547daaee8540442af202a71d78625,130,27432,stageb_s20m4_clean_scan_20260613
trace_salad_dressing_s30_w0_10_s20d_clean_seed0_job330341,salad_dressing,30,0,/data/liuyu/outputs/stageb_s20m4_clean_scan_20260613/trace_salad_dressing_s30_w0_10_s20d_clean_seed0_job330341.csv,48a1ec2887d49bb67e3fad69b6851754461be180dd60046107674f05e724af07,97,20553,stageb_s20m4_clean_scan_20260613
trace_salad_dressing_s31_w0_10_s20d_clean_seed0_job330342,salad_dressing,31,0,/data/liuyu/outputs/stageb_s20m4_clean_scan_20260613/trace_salad_dressing_s31_w0_10_s20d_clean_seed0_job330342.csv,4fd23f967ad4f4e4a30bfb968d23c8f0cd11fbf29487e1b11c97a97db3631457,177,37509,stageb_s20m4_clean_scan_20260613
trace_salad_dressing_s32_w0_10_s20d_clean_seed0_job330343,salad_dressing,32,0,/data/liuyu/outputs/stageb_s20m4_clean_scan_20260613/trace_salad_dressing_s32_w0_10_s20d_clean_seed0_job330343.csv,405b6e9edd6636857ca7e4790d3c51c9bbe93ab2d239c0fbbd9df07e0c8cef9b,280,59265,stageb_s20m4_clean_scan_20260613
trace_salad_dressing_s33_w0_10_s20d_clean_seed0_job330344,salad_dressing,33,0,/data/liuyu/outputs/stageb_s20m4_clean_scan_20260613/trace_salad_dressing_s33_w0_10_s20d_clean_seed0_job330344.csv,23cfa14c054407b357f0983f2d9d84a9125e1e4e9582bc86286b52b632398032,133,28178,stageb_s20m4_clean_scan_20260613
trace_salad_dressing_s34_w0_10_s20d_clean_seed0_job330345,salad_dressing,34,0,/data/liuyu/outputs/stageb_s20m4_clean_scan_20260613/trace_salad_dressing_s34_w0_10_s20d_clean_seed0_job330345.csv,1ac2d6cfc8dc615c0cdb2ba9f9ba005a3e1396ade589bfb2de84cddd2fdc9837,189,39839,stageb_s20m4_clean_scan_20260613
trace_salad_dressing_s37_w0_10_s20d_clean_seed0_job330348,salad_dressing,37,0,/data/liuyu/outputs/stageb_s20m4_clean_scan_20260613/trace_salad_dressing_s37_w0_10_s20d_clean_seed0_job330348.csv,0befb73346725f52e8240fdf5df4611262fd6b6da1758225d504d7c45a2ca5bb,131,27784,stageb_s20m4_clean_scan_20260613
trace_salad_dressing_s38_w0_10_s20d_clean_seed0_job330349,salad_dressing,38,0,/data/liuyu/outputs/stageb_s20m4_clean_scan_20260613/trace_salad_dressing_s38_w0_10_s20d_clean_seed0_job330349.csv,d3f97c7aa80ff5964b973ad45c301eebce4bb7b20952df06cf98251a3b57f448,137,28837,stageb_s20m4_clean_scan_20260613
trace_salad_dressing_s39_w0_10_s20d_clean_seed0_job330350,salad_dressing,39,0,/data/liuyu/outputs/stageb_s20m4_clean_scan_20260613/trace_salad_dressing_s39_w0_10_s20d_clean_seed0_job330350.csv,99eb40c5c8420f4a8d1361e7e2f134c5a7f985a0e57c94476da29b3be0943f90,280,58556,stageb_s20m4_clean_scan_20260613
trace_salad_dressing_s40_w0_10_s20d_clean_seed0_job330351,salad_dressing,40,0,/data/liuyu/outputs/stageb_s20m4_clean_scan_20260613/trace_salad_dressing_s40_w0_10_s20d_clean_seed0_job330351.csv,62e2a45469028e5421e2998dfb40a55dd8bbc8c26895ee9297fc5559f5be530c,127,26934,stageb_s20m4_clean_scan_20260613
trace_salad_dressing_s41_w0_10_s20d_clean_seed0_job330352,salad_dressing,41,0,/data/liuyu/outputs/stageb_s20m4_clean_scan_20260613/trace_salad_dressing_s41_w0_10_s20d_clean_seed0_job330352.csv,76b128334bb46fea2447da1d175883b1bb883540530fb501aab2e6255cdd6fe5,115,24312,stageb_s20m4_clean_scan_20260613
trace_salad_dressing_s42_w0_10_s20d_clean_seed0_job330353,salad_dressing,42,0,/data/liuyu/outputs/stageb_s20m4_clean_scan_20260613/trace_salad_dressing_s42_w0_10_s20d_clean_seed0_job330353.csv,be4bd6d898431a282a2a642a2e70863af8fa06ddbd3229bb0610fdbb8ec3c0c2,280,59011,stageb_s20m4_clean_scan_20260613
trace_salad_dressing_s43_w0_10_s20d_clean_seed0_job330354,salad_dressing,43,0,/data/liuyu/outputs/stageb_s20m4_clean_scan_20260613/trace_salad_dressing_s43_w0_10_s20d_clean_seed0_job330354.csv,a7ba16887bad794ca526c2b6f339ca3df65a0aef0ee55c1b1dd81569ac5f8462,128,27191,stageb_s20m4_clean_scan_20260613
trace_salad_dressing_s44_w0_10_s20d_clean_seed0_job330355,salad_dressing,44,0,/data/liuyu/outputs/stageb_s20m4_clean_scan_20260613/trace_salad_dressing_s44_w0_10_s20d_clean_seed0_job330355.csv,a471c7e1923942c5ee8fce97a68fec6b2ca924965a63c873497f2e63ffb3fc22,139,29176,stageb_s20m4_clean_scan_20260613
trace_salad_dressing_s45_w0_10_s20d_clean_seed0_job330356,salad_dressing,45,0,/data/liuyu/outputs/stageb_s20m4_clean_scan_20260613/trace_salad_dressing_s45_w0_10_s20d_clean_seed0_job330356.csv,49d2539172953c93f4f3eee997a46e66c171f86557fc48a9bf0301ed3455f038,280,58579,stageb_s20m4_clean_scan_20260613
trace_salad_dressing_s46_w0_10_s20d_clean_seed0_job330357,salad_dressing,46,0,/data/liuyu/outputs/stageb_s20m4_clean_scan_20260613/trace_salad_dressing_s46_w0_10_s20d_clean_seed0_job330357.csv,c56dc3ecc158f2aa46e15fd6cf560c2773623737a42cba53f9076ba8bbf6bfa9,143,30295,stageb_s20m4_clean_scan_20260613
trace_salad_dressing_s48_w0_10_s20d_clean_seed0_job330359,salad_dressing,48,0,/data/liuyu/outputs/stageb_s20m4_clean_scan_20260613/trace_salad_dressing_s48_w0_10_s20d_clean_seed0_job330359.csv,d82098b565246a63656e0b42ff6ac2eab142ab2d2ab7d9b3b00aa4c706a23a38,140,29755,stageb_s20m4_clean_scan_20260613
trace_salad_dressing_s49_w0_10_s20d_clean_seed0_job330360,salad_dressing,49,0,/data/liuyu/outputs/stageb_s20m4_clean_scan_20260613/trace_salad_dressing_s49_w0_10_s20d_clean_seed0_job330360.csv,8ea280c8ad178857a0d84a57abe8b8c7d5f352a312159b9ddf4ce9973bb5cbe8,137,28816,stageb_s20m4_clean_scan_20260613
trace_tomato_sauce_s10_w0_10_s20d_clean_seed0_job330361,tomato_sauce,10,0,/data/liuyu/outputs/stageb_s20m4_clean_scan_20260613/trace_tomato_sauce_s10_w0_10_s20d_clean_seed0_job330361.csv,07c6d27f201387a592b4e8c23d440b1aa9f1f8f3bf96add4549165471d27c616,123,25595,stageb_s20m4_clean_scan_20260613
trace_tomato_sauce_s11_w0_10_s20d_clean_seed0_job330362,tomato_sauce,11,0,/data/liuyu/outputs/stageb_s20m4_clean_scan_20260613/trace_tomato_sauce_s11_w0_10_s20d_clean_seed0_job330362.csv,cdbcfe6b7896a729d50d9a9950b526ec787bab63e8ea8178f8a4a7e6cc432eea,121,25179,stageb_s20m4_clean_scan_20260613
trace_tomato_sauce_s12_w0_10_s20d_clean_seed0_job330363,tomato_sauce,12,0,/data/liuyu/outputs/stageb_s20m4_clean_scan_20260613/trace_tomato_sauce_s12_w0_10_s20d_clean_seed0_job330363.csv,58991fc95d5a47c1bed4ad9a932b608afe8312a12d9567447748fb6fdcb5410d,164,34025,stageb_s20m4_clean_scan_20260613
trace_tomato_sauce_s13_w0_10_s20d_clean_seed0_job330364,tomato_sauce,13,0,/data/liuyu/outputs/stageb_s20m4_clean_scan_20260613/trace_tomato_sauce_s13_w0_10_s20d_clean_seed0_job330364.csv,2542b7d2f44dcb72cf311caa8e487052df7a92b29a134b683691569f5043386c,141,29198,stageb_s20m4_clean_scan_20260613
trace_tomato_sauce_s14_w0_10_s20d_clean_seed0_job330365,tomato_sauce,14,0,/data/liuyu/outputs/stageb_s20m4_clean_scan_20260613/trace_tomato_sauce_s14_w0_10_s20d_clean_seed0_job330365.csv,016469324364b8b8b886e009d728bfcdd989ff57a8f968c956663dfc7e333944,280,58617,stageb_s20m4_clean_scan_20260613
trace_tomato_sauce_s15_w0_10_s20d_clean_seed0_job330366,tomato_sauce,15,0,/data/liuyu/outputs/stageb_s20m4_clean_scan_20260613/trace_tomato_sauce_s15_w0_10_s20d_clean_seed0_job330366.csv,0ee820deaf2203d32a2a4103732e07a0b6efbe669096d491d5c6a4eefdace25f,280,58344,stageb_s20m4_clean_scan_20260613
trace_tomato_sauce_s16_w0_10_s20d_clean_seed0_job330367,tomato_sauce,16,0,/data/liuyu/outputs/stageb_s20m4_clean_scan_20260613/trace_tomato_sauce_s16_w0_10_s20d_clean_seed0_job330367.csv,fd2d2ea2f0c7dc3eab7ae2c57b3ed07041c569a9420b33d63c95cc48c0bb74c8,280,58563,stageb_s20m4_clean_scan_20260613
trace_tomato_sauce_s17_w0_10_s20d_clean_seed0_job330368,tomato_sauce,17,0,/data/liuyu/outputs/stageb_s20m4_clean_scan_20260613/trace_tomato_sauce_s17_w0_10_s20d_clean_seed0_job330368.csv,34b0b05567ff984fbba0862169bec292b44bab2eab1f3134b1bea4c31b7d8442,142,29720,stageb_s20m4_clean_scan_20260613
trace_tomato_sauce_s18_w0_10_s20d_clean_seed0_job330369,tomato_sauce,18,0,/data/liuyu/outputs/stageb_s20m4_clean_scan_20260613/trace_tomato_sauce_s18_w0_10_s20d_clean_seed0_job330369.csv,aea85fc4e5bca316a46306083108ef474c0d56e1224acb94cdafa0ac505829f4,162,33698,stageb_s20m4_clean_scan_20260613
trace_tomato_sauce_s19_w0_10_s20d_clean_seed0_job330370,tomato_sauce,19,0,/data/liuyu/outputs/stageb_s20m4_clean_scan_20260613/trace_tomato_sauce_s19_w0_10_s20d_clean_seed0_job330370.csv,9414f133cf13b773a1605a91dbebcf44142ac9529f61b05a149e7a4c89686767,132,27379,stageb_s20m4_clean_scan_20260613
trace_tomato_sauce_s20_w0_10_s20d_clean_seed0_job330371,tomato_sauce,20,0,/data/liuyu/outputs/stageb_s20m4_clean_scan_20260613/trace_tomato_sauce_s20_w0_10_s20d_clean_seed0_job330371.csv,249d2bf9823ce929aec960e40ca309545168d296f0fc8d9297bd51c3702e1d58,149,30816,stageb_s20m4_clean_scan_20260613
trace_tomato_sauce_s22_w0_10_s20d_clean_seed0_job330373,tomato_sauce,22,0,/data/liuyu/outputs/stageb_s20m4_clean_scan_20260613/trace_tomato_sauce_s22_w0_10_s20d_clean_seed0_job330373.csv,078edcf2c9ebca46e84cd1fcbf0753ddc78e76dfdc03c9db0b0de6280d967a2d,156,32441,stageb_s20m4_clean_scan_20260613
trace_tomato_sauce_s23_w0_10_s20d_clean_seed0_job330374,tomato_sauce,23,0,/data/liuyu/outputs/stageb_s20m4_clean_scan_20260613/trace_tomato_sauce_s23_w0_10_s20d_clean_seed0_job330374.csv,52340b9b151b211de1445043458f8a99470c27759cad21a94df0e214477be032,148,30867,stageb_s20m4_clean_scan_20260613
trace_tomato_sauce_s24_w0_10_s20d_clean_seed0_job330375,tomato_sauce,24,0,/data/liuyu/outputs/stageb_s20m4_clean_scan_20260613/trace_tomato_sauce_s24_w0_10_s20d_clean_seed0_job330375.csv,1837db00678688efe2d93ecc80d12d79511e6439371b032b4c7711c32d1824d9,280,58158,stageb_s20m4_clean_scan_20260613
trace_tomato_sauce_s25_w0_10_s20d_clean_seed0_job330376,tomato_sauce,25,0,/data/liuyu/outputs/stageb_s20m4_clean_scan_20260613/trace_tomato_sauce_s25_w0_10_s20d_clean_seed0_job330376.csv,1696e0730dcade1f1da5b13c2b80a5100c894fe1a43d21836c43c2d380d2ea9c,280,58379,stageb_s20m4_clean_scan_20260613
trace_tomato_sauce_s26_w0_10_s20d_clean_seed0_job330377,tomato_sauce,26,0,/data/liuyu/outputs/stageb_s20m4_clean_scan_20260613/trace_tomato_sauce_s26_w0_10_s20d_clean_seed0_job330377.csv,301c77570aab30c650ca75291e4e3dd713c6c5bf69ab8bf7cbdf47f793fcca02,115,24121,stageb_s20m4_clean_scan_20260613
trace_tomato_sauce_s28_w0_10_s20d_clean_seed0_job330379,tomato_sauce,28,0,/data/liuyu/outputs/stageb_s20m4_clean_scan_20260613/trace_tomato_sauce_s28_w0_10_s20d_clean_seed0_job330379.csv,91d542a303bec818f7dfe0ea84db07920896b1a12f666d2b4dd3fd4d9996d30b,280,57352,stageb_s20m4_clean_scan_20260613
trace_tomato_sauce_s29_w0_10_s20d_clean_seed0_job330380,tomato_sauce,29,0,/data/liuyu/outputs/stageb_s20m4_clean_scan_20260613/trace_tomato_sauce_s29_w0_10_s20d_clean_seed0_job330380.csv,7760d53e7a858861f277014a77b6e0f842861da6de7a91ec8e5e38f744197727,124,25901,stageb_s20m4_clean_scan_20260613
trace_tomato_sauce_s31_w0_10_s20d_clean_seed0_job330382,tomato_sauce,31,0,/data/liuyu/outputs/stageb_s20m4_clean_scan_20260613/trace_tomato_sauce_s31_w0_10_s20d_clean_seed0_job330382.csv,6b498a5c51c5a85e3545f2ab5e70198a094610a247cf0504f714a37e216ab62d,193,40192,stageb_s20m4_clean_scan_20260613
trace_tomato_sauce_s32_w0_10_s20d_clean_seed0_job330383,tomato_sauce,32,0,/data/liuyu/outputs/stageb_s20m4_clean_scan_20260613/trace_tomato_sauce_s32_w0_10_s20d_clean_seed0_job330383.csv,7004ebb894f8c4a520c98c78a1dfb4df2f9f278b97904eaf4c5e711b7de0832c,142,29661,stageb_s20m4_clean_scan_20260613
trace_tomato_sauce_s33_w0_10_s20d_clean_seed0_job330384,tomato_sauce,33,0,/data/liuyu/outputs/stageb_s20m4_clean_scan_20260613/trace_tomato_sauce_s33_w0_10_s20d_clean_seed0_job330384.csv,c31cdd436124688456423e7f70a5fa71d4d19a4159f87d4e91330471c39ec646,280,58365,stageb_s20m4_clean_scan_20260613
trace_tomato_sauce_s34_w0_10_s20d_clean_seed0_job330385,tomato_sauce,34,0,/data/liuyu/outputs/stageb_s20m4_clean_scan_20260613/trace_tomato_sauce_s34_w0_10_s20d_clean_seed0_job330385.csv,e5b9ee1f794347bd8d4bf9b8982b4ccb98f55b8e91c2cb34dfccef4aa6023d19,265,54372,stageb_s20m4_clean_scan_20260613
trace_tomato_sauce_s35_w0_10_s20d_clean_seed0_job330386,tomato_sauce,35,0,/data/liuyu/outputs/stageb_s20m4_clean_scan_20260613/trace_tomato_sauce_s35_w0_10_s20d_clean_seed0_job330386.csv,4e7d7b6c0b0b5fe7dc5e7b8589445f5a9b47cd9b944b6e0db924acadd75dcdd4,126,26296,stageb_s20m4_clean_scan_20260613
trace_tomato_sauce_s36_w0_10_s20d_clean_seed0_job330387,tomato_sauce,36,0,/data/liuyu/outputs/stageb_s20m4_clean_scan_20260613/trace_tomato_sauce_s36_w0_10_s20d_clean_seed0_job330387.csv,b96afe4b56e7b491d8e923b4a9847719786a0563ea2dc875f696630102ce0987,150,31202,stageb_s20m4_clean_scan_20260613
trace_tomato_sauce_s38_w0_10_s20d_clean_seed0_job330389,tomato_sauce,38,0,/data/liuyu/outputs/stageb_s20m4_clean_scan_20260613/trace_tomato_sauce_s38_w0_10_s20d_clean_seed0_job330389.csv,8e21363f429130d36c21d2931e147427c55a77be5b9a9df9d638610f1c1ed029,201,41308,stageb_s20m4_clean_scan_20260613
trace_tomato_sauce_s39_w0_10_s20d_clean_seed0_job330390,tomato_sauce,39,0,/data/liuyu/outputs/stageb_s20m4_clean_scan_20260613/trace_tomato_sauce_s39_w0_10_s20d_clean_seed0_job330390.csv,a22d22fbfd654ae85cfa0de3fb45ac9229365f65afd1f2bb29f39fd3d357fe9a,176,36415,stageb_s20m4_clean_scan_20260613
trace_tomato_sauce_s40_w0_10_s20d_clean_seed0_job330391,tomato_sauce,40,0,/data/liuyu/outputs/stageb_s20m4_clean_scan_20260613/trace_tomato_sauce_s40_w0_10_s20d_clean_seed0_job330391.csv,5e5beb20a54bcdcb5425947be9ca5114a84c6038905d925f203d015c7e59dd58,154,31742,stageb_s20m4_clean_scan_20260613
trace_tomato_sauce_s41_w0_10_s20d_clean_seed0_job330392,tomato_sauce,41,0,/data/liuyu/outputs/stageb_s20m4_clean_scan_20260613/trace_tomato_sauce_s41_w0_10_s20d_clean_seed0_job330392.csv,f23f5ed0a9da903a4127767b99e0284d223819bff937b5c4fd74caebad6e1500,144,29869,stageb_s20m4_clean_scan_20260613
trace_tomato_sauce_s42_w0_10_s20d_clean_seed0_job330393,tomato_sauce,42,0,/data/liuyu/outputs/stageb_s20m4_clean_scan_20260613/trace_tomato_sauce_s42_w0_10_s20d_clean_seed0_job330393.csv,377ba94422054afe66250eeae48a9c61e29738ea236532afc411f6a016ea7735,118,24685,stageb_s20m4_clean_scan_20260613
trace_tomato_sauce_s45_w0_10_s20d_clean_seed0_job330396,tomato_sauce,45,0,/data/liuyu/outputs/stageb_s20m4_clean_scan_20260613/trace_tomato_sauce_s45_w0_10_s20d_clean_seed0_job330396.csv,2e537af7fa8fa392b2efa87b4b08e577d0510f05e1f1ffba3eb6a615290a6842,280,57133,stageb_s20m4_clean_scan_20260613
trace_tomato_sauce_s46_w0_10_s20d_clean_seed0_job330397,tomato_sauce,46,0,/data/liuyu/outputs/stageb_s20m4_clean_scan_20260613/trace_tomato_sauce_s46_w0_10_s20d_clean_seed0_job330397.csv,6421ad9f6e3dae0a1c9cde2e468298184a1dd1cfdd3e58182bc8fdfd9e9b474c,130,27083,stageb_s20m4_clean_scan_20260613
trace_tomato_sauce_s47_w0_10_s20d_clean_seed0_job330398,tomato_sauce,47,0,/data/liuyu/outputs/stageb_s20m4_clean_scan_20260613/trace_tomato_sauce_s47_w0_10_s20d_clean_seed0_job330398.csv,669059c6ce7ed70b6b2bd1f5378d9e20266763078c226cef57129da74263c478,150,31176,stageb_s20m4_clean_scan_20260613
trace_tomato_sauce_s49_w0_10_s20d_clean_seed0_job330400,tomato_sauce,49,0,/data/liuyu/outputs/stageb_s20m4_clean_scan_20260613/trace_tomato_sauce_s49_w0_10_s20d_clean_seed0_job330400.csv,aa42671352e38713946ba10f02d9bb91cd557b5493565fe8637f549d82cd393c,170,35199,stageb_s20m4_clean_scan_20260613
